idx,t_s,drive_g,phase,x,y,yaw_body_deg,turn_phase,probe_id,probe_offset_deg,pose_id
0,0.0,0,drive,1.2,0.45,3.795770213250541,False,-1,0.0,0
1,0.2,1,drive,1.2399122543263186,0.4526480095527118,3.906870156471125,False,-1,0.0,1
2,0.4,2,drive,1.2798192989728847,0.4553734063269409,3.975165612692271,False,-1,0.0,2
3,0.6000000000000001,3,drive,1.3197230666498914,0.4581463695757927,3.9999083226038765,False,-1,0.0,3
4,0.8,4,drive,1.3596256331248495,0.4609365646785655,3.980827199898406,False,-1,0.0,4
5,1.0,5,drive,1.399529126601291,0.4637134709383416,3.918131301349201,False,-1,0.0,5
6,1.2000000000000002,6,drive,1.4394356348165294,0.46644671115228425,3.8125075363407275,False,-1,0.0,6
7,1.4000000000000001,7,drive,1.479347113899658,0.46910637981529346,3.6651131409456124,False,-1,0.0,7
8,1.6,8,drive,1.5192653029554721,0.47166336681257637,3.477562999004064,False,-1,0.0,8
9,1.8,9,drive,1.559191648094243,0.47408967344195135,3.251911949118585,False,-1,0.0,9
10,2.0,10,drive,1.5991272392212061,0.4763587175887279,2.990632271412239,False,-1,0.0,10
11,2.2,11,drive,1.6390727623498444,0.4784456248649198,2.696586600710263,False,-1,0.0,11
12,2.4000000000000004,12,drive,1.6790284695321964,0.48032750253314194,2.3729965629138805,False,-1,0.0,12
13,2.6,13,drive,1.7189941677355245,0.4819836930778842,2.02340747819276,False,-1,0.0,13
14,2.8000000000000003,14,drive,1.758969227170064,0.48339600437679364,1.6516495177153216,False,-1,0.0,14
15,3.0,15,drive,1.7989526087226866,0.48454891357417285,1.2617957394919124,False,-1,0.0,15
16,3.2,16,drive,1.838942909313265,0.48542974197697647,0.8581174630988975,False,-1,0.0,16
17,3.4000000000000004,17,drive,1.8789384232014597,0.48602879858467823,0.44503747220754397,False,-1,0.0,17
18,3.6,18,drive,1.918937216567045,0.48633949022793793,0.02708155764060984,False,-1,0.0,18
19,3.8000000000000003,19,drive,1.9589372120988513,0.48635839672112985,-0.3911710681390151,False,-1,0.0,19
20,4.0,20,drive,1.9989362798829733,0.4860853099195123,-0.8051379418383005,False,-1,0.0,20
21,4.2,21,drive,2.0389323306007494,0.48552323609776515,-1.2102835557608627,False,-1,0.0,21
22,4.4,22,drive,2.078923406944192,0.48467836161422245,-1.6021690497783891,False,-1,0.0,22
23,4.6000000000000005,23,drive,2.118907769235908,0.4835599823740654,-1.9765008444111185,False,-1,0.0,23
24,4.800000000000001,24,drive,2.1588839714983314,0.4821803981345845,-2.3291776821830843,False,-1,0.0,24
25,5.0,25,drive,2.198850924641289,0.48055477318748596,-2.6563355618572877,False,-1,0.0,25
26,5.2,26,drive,2.2388079440077866,0.4787009653912578,-2.954390073241829,False,-1,0.0,26
27,5.4,27,drive,2.27875477920915,0.4766393258992207,-3.2200756687380667,False,-1,0.0,27
28,5.6000000000000005,28,drive,2.3186916249607465,0.47439247222949305,-3.4504814413634532,False,-1,0.0,28
29,5.800000000000001,29,drive,2.3586191124632956,0.47198503755046184,-3.6430830172576014,False,-1,0.0,29
30,6.0,30,drive,2.398538281725236,0.46944339921337064,-3.795770213250541,False,-1,0.0,30
31,6.2,31,drive,2.4384505360515547,0.46679538966065887,-3.906870156471125,False,-1,0.0,31
32,6.4,32,drive,2.4783575806981206,0.46406999288642975,-3.9751656126922708,False,-1,0.0,32
33,6.6000000000000005,33,drive,2.5182613483751273,0.46129702963757796,-3.9999083226038765,False,-1,0.0,33
34,6.800000000000001,34,drive,2.5581639148500854,0.4585068345348052,-3.9808271998984055,False,-1,0.0,34
35,7.0,35,drive,2.598067408326527,0.45572992827502906,-3.9181313013492014,False,-1,0.0,35
36,7.2,36,drive,2.6379739165417657,0.4529966880610864,-3.8125075363407275,False,-1,0.0,36
37,7.4,37,drive,2.6778853956248945,0.4503370193980772,-3.665113140945613,False,-1,0.0,37
38,7.6000000000000005,38,drive,2.7178035846807087,0.4477800324007943,-3.477562999004065,False,-1,0.0,38
39,7.800000000000001,39,drive,2.7577299298194795,0.4453537257714193,-3.251911949118583,False,-1,0.0,39
40,8.0,40,drive,2.7976655209464427,0.44308468162464276,-2.990632271412239,False,-1,0.0,40
41,8.200000000000001,41,drive,2.837611044075081,0.44099777434845083,-2.696586600710262,False,-1,0.0,41
42,8.4,42,drive,2.8775667512574326,0.4391158966802287,-2.372996562913881,False,-1,0.0,42
43,8.6,43,drive,2.9175324494607606,0.43745970613548646,-2.0234074781927602,False,-1,0.0,43
44,8.8,44,drive,2.9575075088953002,0.436047394836577,-1.6516495177153203,False,-1,0.0,44
45,9.0,45,drive,2.997490890447923,0.4348944856391978,-1.2617957394919128,False,-1,0.0,45
46,9.200000000000001,46,drive,3.037481191038501,0.4340136572363942,-0.8581174630988945,False,-1,0.0,46
47,9.4,47,drive,3.0774767049266956,0.4334146006286924,-0.44503747220754447,False,-1,0.0,47
48,9.600000000000001,48,drive,3.117475498292281,0.4331039089854327,-0.027081557640606775,False,-1,0.0,48
49,9.8,49,drive,3.157475493824087,0.4330850024922408,0.39117106813901814,False,-1,0.0,49
50,10.0,50,drive,3.197474561608209,0.43335808929385833,0.8051379418383035,False,-1,0.0,50
51,10.200000000000001,51,drive,3.237470612325985,0.4339201631156055,1.2102835557608655,False,-1,0.0,51
52,10.4,52,drive,3.277461688669428,0.4347650375991482,1.6021690497783887,False,-1,0.0,52
53,10.600000000000001,53,drive,3.3174460509611436,0.43588341683930526,1.9765008444111183,False,-1,0.0,53
54,10.8,54,drive,3.357422253223567,0.43726300107878613,2.3291776821830843,False,-1,0.0,54
55,11.0,55,drive,3.3973892063665247,0.4388886260258847,2.6563355618572873,False,-1,0.0,55
56,11.200000000000001,56,drive,3.4373462257330223,0.44074243382211287,2.9543900732418313,False,-1,0.0,56
57,11.4,57,drive,3.4772930609343855,0.44280407331414995,3.2200756687380685,False,-1,0.0,57
58,11.600000000000001,58,drive,3.5172299066859822,0.4450509269838776,3.450481441363457,False,-1,0.0,58
59,11.8,59,drive,3.5571573941885313,0.4474583616629088,3.6430830172576014,False,-1,0.0,59
60,12.0,60,drive,3.5970765634504716,0.45,3.795770213250541,False,-1,0.0,60
61,12.200000000000001,61,drive,3.6369888177767904,0.4526480095527118,3.9068701564711255,False,-1,0.0,61
62,12.4,62,drive,3.6768958624233563,0.4553734063269409,3.975165612692271,False,-1,0.0,62
63,12.600000000000001,63,drive,3.716799630100363,0.4581463695757927,3.9999083226038765,False,-1,0.0,63
64,12.8,64,drive,3.756702196575321,0.4609365646785655,3.980827199898406,False,-1,0.0,64
65,13.0,65,drive,3.796605690051763,0.4637134709383416,3.9181313013492014,False,-1,0.0,65
66,13.200000000000001,66,drive,3.8365121982670014,0.46644671115228425,3.8125075363407275,False,-1,0.0,66
67,13.4,67,drive,3.87642367735013,0.46910637981529346,3.6651131409456115,False,-1,0.0,67
68,13.600000000000001,68,drive,3.9163418664059444,0.47166336681257637,3.477562999004062,False,-1,0.0,68
69,13.8,69,drive,3.956268211544715,0.47408967344195135,3.2519119491185853,False,-1,0.0,69
70,14.0,70,drive,3.9962038026716784,0.4763587175887279,2.990632271412242,False,-1,0.0,70
71,14.200000000000001,71,drive,4.0361493258003165,0.4784456248649198,2.696586600710265,False,-1,0.0,71
72,14.4,72,drive,4.076105032982668,0.48032750253314194,2.3729965629138814,False,-1,0.0,72
73,14.600000000000001,73,drive,4.116070731185997,0.4819836930778842,2.0234074781927576,False,-1,0.0,73
74,14.8,74,drive,4.156045790620536,0.48339600437679364,1.651649517715324,False,-1,0.0,74
75,15.0,75,drive,4.196029172173159,0.48454891357417285,1.26179573949192,False,-1,0.0,75
76,15.200000000000001,76,drive,4.236019472763737,0.48542974197697647,0.8581174630989019,False,-1,0.0,76
77,15.4,77,drive,4.276014986651932,0.48602879858467823,0.4450374722075414,False,-1,0.0,77
78,15.600000000000001,78,drive,4.316013780017517,0.48633949022793793,0.02708155764060371,False,-1,0.0,78
79,15.8,79,drive,4.356013775549323,0.48635839672112985,-0.39117106813901764,False,-1,0.0,79
80,16.0,80,drive,4.3960128433334456,0.4860853099195123,-0.8051379418382995,False,-1,0.0,80
81,16.2,81,drive,4.436008894051222,0.48552323609776515,-1.2102835557608618,False,-1,0.0,81
82,16.400000000000002,82,drive,4.475999970394664,0.48467836161422245,-1.6021690497783916,False,-1,0.0,82
83,16.6,83,drive,4.51598433268638,0.4835599823740654,-1.976500844411121,False,-1,0.0,83
84,16.8,84,drive,4.555960534948803,0.4821803981345845,-2.329177682183084,False,-1,0.0,84
85,17.0,85,drive,4.595927488091761,0.48055477318748596,-2.6563355618572895,False,-1,0.0,85
86,17.2,86,drive,4.635884507458258,0.4787009653912578,-2.9543900732418287,False,-1,0.0,86
87,17.400000000000002,87,drive,4.675831342659622,0.4766393258992207,-3.2200756687380663,False,-1,0.0,87
88,17.6,88,drive,4.715768188411219,0.47439247222949305,-3.4504814413634546,False,-1,0.0,88
89,17.8,89,drive,4.755695675913768,0.47198503755046184,-3.6430830172576028,False,-1,0.0,89
90,18.0,90,drive,4.795614845175708,0.46944339921337064,-3.795770213250541,False,-1,0.0,90
91,18.2,91,drive,4.835527099502026,0.46679538966065887,-3.906870156471124,False,-1,0.0,91
92,18.400000000000002,92,drive,4.875434144148592,0.46406999288642975,-3.975165612692271,False,-1,0.0,92
93,18.6,93,drive,4.915337911825598,0.46129702963757796,-3.9999083226038765,False,-1,0.0,93
94,18.8,94,drive,4.955240478300556,0.4585068345348052,-3.9808271998984055,False,-1,0.0,94
95,19.0,95,drive,4.995143971776998,0.45572992827502906,-3.9181313013492014,False,-1,0.0,95
96,19.200000000000003,96,drive,5.035050479992236,0.4529966880610864,-3.8125075363407257,False,-1,0.0,96
97,19.400000000000002,97,drive,5.074961959075365,0.4503370193980772,-3.6651131409456115,False,-1,0.0,97
98,19.6,98,drive,5.114880148131179,0.4477800324007943,-3.4775629990040624,False,-1,0.0,98
99,19.8,99,drive,5.15480649326995,0.4453537257714193,-3.2519119491185857,False,-1,0.0,99
100,20.0,100,drive,5.194742084396913,0.44308468162464276,-2.9906322714122378,False,-1,0.0,100
101,20.200000000000003,100,probe,5.194742084396913,0.44308468162464276,-7.990632271412238,False,0,-5.0,1433
102,20.400000000000002,100,probe,5.194742084396913,0.44308468162464276,-12.990632271412238,False,0,-10.0,1434
103,20.6,100,probe,5.194742084396913,0.44308468162464276,-17.990632271412238,False,0,-15.0,1435
104,20.8,100,probe,5.194742084396913,0.44308468162464276,-22.990632271412238,False,0,-20.0,1436
105,21.0,100,probe,5.194742084396913,0.44308468162464276,-27.990632271412238,False,0,-25.0,1437
106,21.200000000000003,100,probe,5.194742084396913,0.44308468162464276,-32.99063227141224,False,0,-30.0,1438
107,21.400000000000002,100,probe,5.194742084396913,0.44308468162464276,-37.99063227141224,False,0,-35.0,1439
108,21.6,100,probe,5.194742084396913,0.44308468162464276,-42.99063227141224,False,0,-40.0,1440
109,21.8,100,probe,5.194742084396913,0.44308468162464276,-47.99063227141224,False,0,-45.0,1441
110,22.0,100,probe,5.194742084396913,0.44308468162464276,-42.99063227141224,False,0,-40.0,1440
111,22.200000000000003,100,probe,5.194742084396913,0.44308468162464276,-37.99063227141224,False,0,-35.0,1439
112,22.400000000000002,100,probe,5.194742084396913,0.44308468162464276,-32.99063227141224,False,0,-30.0,1438
113,22.6,100,probe,5.194742084396913,0.44308468162464276,-27.990632271412238,False,0,-25.0,1437
114,22.8,100,probe,5.194742084396913,0.44308468162464276,-22.990632271412238,False,0,-20.0,1436
115,23.0,100,probe,5.194742084396913,0.44308468162464276,-17.990632271412238,False,0,-15.0,1435
116,23.200000000000003,100,probe,5.194742084396913,0.44308468162464276,-12.990632271412238,False,0,-10.0,1434
117,23.400000000000002,100,probe,5.194742084396913,0.44308468162464276,-7.990632271412238,False,0,-5.0,1433
118,23.6,100,probe,5.194742084396913,0.44308468162464276,-2.9906322714122378,False,0,0.0,100
119,23.8,100,probe,5.194742084396913,0.44308468162464276,2.0093677285877622,False,0,5.0,1442
120,24.0,100,probe,5.194742084396913,0.44308468162464276,7.009367728587762,False,0,10.0,1443
121,24.200000000000003,100,probe,5.194742084396913,0.44308468162464276,12.009367728587762,False,0,15.0,1444
122,24.400000000000002,100,probe,5.194742084396913,0.44308468162464276,17.009367728587762,False,0,20.0,1445
123,24.6,100,probe,5.194742084396913,0.44308468162464276,22.009367728587762,False,0,25.0,1446
124,24.8,100,probe,5.194742084396913,0.44308468162464276,27.009367728587762,False,0,30.0,1447
125,25.0,100,probe,5.194742084396913,0.44308468162464276,32.00936772858776,False,0,35.0,1448
126,25.200000000000003,100,probe,5.194742084396913,0.44308468162464276,37.00936772858776,False,0,40.0,1449
127,25.400000000000002,100,probe,5.194742084396913,0.44308468162464276,42.00936772858776,False,0,45.0,1450
128,25.6,100,probe,5.194742084396913,0.44308468162464276,37.00936772858776,False,0,40.0,1449
129,25.8,100,probe,5.194742084396913,0.44308468162464276,32.00936772858776,False,0,35.0,1448
130,26.0,100,probe,5.194742084396913,0.44308468162464276,27.009367728587762,False,0,30.0,1447
131,26.200000000000003,100,probe,5.194742084396913,0.44308468162464276,22.009367728587762,False,0,25.0,1446
132,26.400000000000002,100,probe,5.194742084396913,0.44308468162464276,17.009367728587762,False,0,20.0,1445
133,26.6,100,probe,5.194742084396913,0.44308468162464276,12.009367728587762,False,0,15.0,1444
134,26.8,100,probe,5.194742084396913,0.44308468162464276,7.009367728587762,False,0,10.0,1443
135,27.0,100,probe,5.194742084396913,0.44308468162464276,2.0093677285877622,False,0,5.0,1442
136,27.200000000000003,100,probe,5.194742084396913,0.44308468162464276,-2.9906322714122378,False,0,0.0,100
137,27.400000000000002,101,drive,5.234687607525552,0.44099777434845083,-2.69658660071026,False,-1,0.0,101
138,27.6,102,drive,5.2746433147079035,0.4391158966802287,-2.372996562913876,False,-1,0.0,102
139,27.8,103,drive,5.314609012911232,0.43745970613548646,-2.0234074781927522,False,-1,0.0,103
140,28.0,104,drive,5.354584072345771,0.436047394836577,-1.6516495177153245,False,-1,0.0,104
141,28.200000000000003,105,drive,5.394567453898394,0.4348944856391978,-1.2617957394919137,False,-1,0.0,105
142,28.400000000000002,106,drive,5.4345577544889725,0.4340136572363942,-0.8581174630988955,False,-1,0.0,106
143,28.6,107,drive,5.474553268377167,0.4334146006286924,-0.4450374722075419,False,-1,0.0,107
144,28.8,108,drive,5.514552061742752,0.4331039089854327,-0.02708155764061131,False,-1,0.0,108
145,29.0,109,drive,5.554552057274559,0.4330850024922408,0.3911710681390172,False,-1,0.0,109
146,29.200000000000003,110,drive,5.594551125058681,0.43335808929385833,0.805137941838299,False,-1,0.0,110
147,29.400000000000002,111,drive,5.634547175776457,0.4339201631156055,1.210283555760868,False,-1,0.0,111
148,29.6,112,drive,5.674538252119899,0.4347650375991482,1.6021690497783911,False,-1,0.0,112
149,29.8,113,drive,5.7145226144116155,0.43588341683930526,1.9765008444111205,False,-1,0.0,113
150,30.0,114,drive,5.7544988166740385,0.43726300107878613,2.329177682183089,False,-1,0.0,114
151,30.200000000000003,115,drive,5.794465769816997,0.4388886260258847,2.6563355618572837,False,-1,0.0,115
152,30.400000000000002,116,drive,5.834422789183494,0.44074243382211287,2.954390073241838,False,-1,0.0,116
153,30.6,117,drive,5.874369624384857,0.44280407331414995,3.220075668738066,False,-1,0.0,117
154,30.8,118,drive,5.914306470136454,0.4450509269838776,3.4504814413634546,False,-1,0.0,118
155,31.0,119,drive,5.954233957639003,0.4474583616629088,3.6430830172575996,False,-1,0.0,119
156,31.200000000000003,120,drive,5.994153126900943,0.45,3.7957702132505404,False,-1,0.0,120
157,31.400000000000002,121,drive,6.034065381227261,0.4526480095527118,3.9068701564711255,False,-1,0.0,121
158,31.6,122,drive,6.073972425873827,0.4553734063269409,3.975165612692271,False,-1,0.0,122
159,31.8,123,drive,6.1138761935508334,0.4581463695757927,3.9999083226038765,False,-1,0.0,123
160,32.0,124,drive,6.153778760025792,0.4609365646785655,3.9808271998984055,False,-1,0.0,124
161,32.2,125,drive,6.193682253502233,0.4637134709383416,3.9181313013492,False,-1,0.0,125
162,32.4,126,drive,6.2335887617174714,0.46644671115228425,3.8125075363407257,False,-1,0.0,126
163,32.6,127,drive,6.2735002408006,0.46910637981529346,3.665113140945609,False,-1,0.0,127
164,32.800000000000004,128,drive,6.313418429856414,0.47166336681257637,3.477562999004066,False,-1,0.0,128
165,33.0,129,drive,6.353344774995185,0.47408967344195135,3.251911949118586,False,-1,0.0,129
166,33.2,130,drive,6.3932803661221485,0.4763587175887279,2.9906322714122378,False,-1,0.0,130
167,33.4,131,drive,6.433225889250787,0.4784456248649198,2.69658660071026,False,-1,0.0,131
168,33.6,132,drive,6.473181596433139,0.48032750253314194,2.3729965629138823,False,-1,0.0,132
169,33.800000000000004,133,drive,6.513147294636467,0.4819836930778842,2.0234074781927585,False,-1,0.0,133
170,34.0,134,drive,6.553122354071006,0.48339600437679364,1.6516495177153185,False,-1,0.0,134
171,34.2,135,drive,6.593105735623629,0.48454891357417285,1.2617957394919141,False,-1,0.0,135
172,34.4,136,drive,6.633096036214208,0.48542974197697647,0.858117463098889,False,-1,0.0,136
173,34.6,137,drive,6.673091550102402,0.48602879858467823,0.4450374722075424,False,-1,0.0,137
174,34.800000000000004,138,drive,6.713090343467988,0.48633949022793793,0.027081557640604693,False,-1,0.0,138
175,35.0,139,drive,6.753090338999794,0.48635839672112985,-0.3911710681390096,False,-1,0.0,139
176,35.2,140,drive,6.793089406783916,0.4860853099195123,-0.8051379418382986,False,-1,0.0,140
177,35.4,141,drive,6.833085457501692,0.48552323609776515,-1.210283555760854,False,-1,0.0,141
178,35.6,142,drive,6.8730765338451345,0.48467836161422245,-1.602169049778384,False,-1,0.0,142
179,35.800000000000004,143,drive,6.913060896136851,0.48355998237406544,-1.9765008444111138,False,-1,0.0,143
180,36.0,144,drive,6.953037098399274,0.4821803981345846,-2.329177682183083,False,-1,0.0,144
181,36.2,145,drive,6.993004051542232,0.480554773187486,-2.6563355618572886,False,-1,0.0,145
182,36.4,146,drive,7.032961070908729,0.47870096539125784,-2.9543900732418327,False,-1,0.0,146
183,36.6,147,drive,7.072907906110093,0.47663932589922076,-3.22007566873807,False,-1,0.0,147
184,36.800000000000004,148,drive,7.112844751861689,0.4743924722294931,-3.4504814413634506,False,-1,0.0,148
185,37.0,149,drive,7.152772239364238,0.4719850375504619,-3.643083017257599,False,-1,0.0,149
186,37.2,150,drive,7.192691408626178,0.4694433992133707,-3.795770213250536,False,-1,0.0,150
187,37.4,151,drive,7.232603662952497,0.4667953896606589,-3.9068701564711255,False,-1,0.0,151
188,37.6,152,drive,7.2725107075990625,0.4640699928864298,-3.97516561269227,False,-1,0.0,152
189,37.800000000000004,153,drive,7.312414475276069,0.461297029637578,-3.9999083226038765,False,-1,0.0,153
190,38.0,154,drive,7.352317041751027,0.45850683453480523,-3.980827199898405,False,-1,0.0,154
191,38.2,155,drive,7.392220535227469,0.4557299282750291,-3.918131301349202,False,-1,0.0,155
192,38.400000000000006,156,drive,7.432127043442707,0.45299668806108645,-3.812507536340724,False,-1,0.0,156
193,38.6,157,drive,7.4720385225258354,0.45033701939807724,-3.665113140945612,False,-1,0.0,157
194,38.800000000000004,158,drive,7.511956711581649,0.44778003240079434,-3.477562999004063,False,-1,0.0,158
195,39.0,159,drive,7.5518830567204205,0.44535372577141935,-3.25191194911859,False,-1,0.0,159
196,39.2,160,drive,7.591818647847384,0.4430846816246428,-2.990632271412243,False,-1,0.0,160
197,39.400000000000006,161,drive,7.631764170976022,0.4409977743484509,-2.696586600710266,False,-1,0.0,161
198,39.6,162,drive,7.671719878158374,0.43911589668022877,-2.3729965629138827,False,-1,0.0,162
199,39.800000000000004,163,drive,7.7116855763617025,0.4374597061354865,-2.023407478192759,False,-1,0.0,163
200,40.0,164,drive,7.751660635796242,0.43604739483657706,-1.651649517715319,False,-1,0.0,164
201,40.2,165,drive,7.791644017348864,0.43489448563919786,-1.261795739491908,False,-1,0.0,165
202,40.400000000000006,166,drive,7.831634317939443,0.43401365723639423,-0.8581174630988895,False,-1,0.0,166
203,40.6,167,drive,7.871629831827637,0.43341460062869247,-0.44503747220754997,False,-1,0.0,167
204,40.800000000000004,168,drive,7.911628625193223,0.4331039089854328,-0.027081557640612288,False,-1,0.0,168
205,41.0,169,drive,7.951628620725029,0.43308500249224086,0.39117106813903035,False,-1,0.0,169
206,41.2,170,drive,7.991627688509151,0.4333580892938584,0.805137941838305,False,-1,0.0,170
207,41.400000000000006,171,drive,8.031623739226927,0.43392016311560555,1.210283555760867,False,-1,0.0,171
208,41.6,172,drive,8.071614815570369,0.43476503759914825,1.6021690497783836,False,-1,0.0,172
209,41.800000000000004,173,drive,8.111599177862084,0.43588341683930526,1.9765008444111134,False,-1,0.0,173
210,42.0,174,drive,8.151575380124507,0.43726300107878613,2.3291776821830825,False,-1,0.0,174
211,42.2,175,drive,8.191542333267465,0.4388886260258847,2.656335561857288,False,-1,0.0,175
212,42.400000000000006,176,drive,8.231499352633962,0.44074243382211287,2.9543900732418327,False,-1,0.0,176
213,42.6,177,drive,8.271446187835325,0.44280407331414995,3.220075668738061,False,-1,0.0,177
214,42.800000000000004,178,drive,8.311383033586923,0.4450509269838776,3.4504814413634577,False,-1,0.0,178
215,43.0,179,drive,8.351310521089472,0.4474583616629088,3.643083017257605,False,-1,0.0,179
216,43.2,180,drive,8.391229690351413,0.45,3.7957702132505404,False,-1,0.0,180
217,43.400000000000006,181,drive,8.431141944677732,0.4526480095527118,3.906870156471125,False,-1,0.0,181
218,43.6,182,drive,8.471048989324299,0.4553734063269409,3.97516561269227,False,-1,0.0,182
219,43.800000000000004,183,drive,8.510952757001306,0.4581463695757927,3.9999083226038765,False,-1,0.0,183
220,44.0,184,drive,8.550855323476265,0.4609365646785655,3.980827199898405,False,-1,0.0,184
221,44.2,185,drive,8.590758816952706,0.4637134709383416,3.918131301349202,False,-1,0.0,185
222,44.400000000000006,186,drive,8.630665325167945,0.46644671115228425,3.8125075363407284,False,-1,0.0,186
223,44.6,187,drive,8.670576804251073,0.46910637981529346,3.6651131409456124,False,-1,0.0,187
224,44.800000000000004,188,drive,8.710494993306888,0.47166336681257637,3.477562999004063,False,-1,0.0,188
225,45.0,189,drive,8.750421338445658,0.47408967344195135,3.251911949118582,False,-1,0.0,189
226,45.2,190,drive,8.79035692957262,0.4763587175887279,2.990632271412243,False,-1,0.0,190
227,45.400000000000006,191,drive,8.83030245270126,0.4784456248649198,2.6965866007102557,False,-1,0.0,191
228,45.6,192,drive,8.870258159883612,0.48032750253314194,2.3729965629138716,False,-1,0.0,192
229,45.800000000000004,193,drive,8.91022385808694,0.4819836930778842,2.0234074781927593,False,-1,0.0,193
230,46.0,194,drive,8.95019891752148,0.48339600437679364,1.6516495177153194,False,-1,0.0,194
231,46.2,195,drive,8.990182299074101,0.48454891357417285,1.261795739491922,False,-1,0.0,195
232,46.400000000000006,196,drive,9.030172599664679,0.48542974197697647,0.8581174630988899,False,-1,0.0,196
233,46.6,197,drive,9.070168113552874,0.48602879858467823,0.4450374722075363,False,-1,0.0,197
234,46.800000000000004,198,drive,9.11016690691846,0.48633949022793793,0.027081557640612777,False,-1,0.0,198
235,47.0,199,drive,9.150166902450266,0.48635839672112985,-0.3911710681390157,False,-1,0.0,199
236,47.2,200,drive,9.190165970234387,0.4860853099195123,-0.8051379418383046,False,-1,0.0,200
237,47.400000000000006,200,probe,9.190165970234387,0.4860853099195123,-5.8051379418383044,False,1,-5.0,1469
238,47.6,200,probe,9.190165970234387,0.4860853099195123,-10.805137941838305,False,1,-10.0,1470
239,47.800000000000004,200,probe,9.190165970234387,0.4860853099195123,-15.805137941838305,False,1,-15.0,1471
240,48.0,200,probe,9.190165970234387,0.4860853099195123,-20.805137941838304,False,1,-20.0,1472
241,48.2,200,probe,9.190165970234387,0.4860853099195123,-25.805137941838304,False,1,-25.0,1473
242,48.400000000000006,200,probe,9.190165970234387,0.4860853099195123,-30.805137941838304,False,1,-30.0,1474
243,48.6,200,probe,9.190165970234387,0.4860853099195123,-35.805137941838304,False,1,-35.0,1475
244,48.800000000000004,200,probe,9.190165970234387,0.4860853099195123,-40.805137941838304,False,1,-40.0,1476
245,49.0,200,probe,9.190165970234387,0.4860853099195123,-45.805137941838304,False,1,-45.0,1477
246,49.2,200,probe,9.190165970234387,0.4860853099195123,-40.805137941838304,False,1,-40.0,1476
247,49.400000000000006,200,probe,9.190165970234387,0.4860853099195123,-35.805137941838304,False,1,-35.0,1475
248,49.6,200,probe,9.190165970234387,0.4860853099195123,-30.805137941838304,False,1,-30.0,1474
249,49.800000000000004,200,probe,9.190165970234387,0.4860853099195123,-25.805137941838304,False,1,-25.0,1473
250,50.0,200,probe,9.190165970234387,0.4860853099195123,-20.805137941838304,False,1,-20.0,1472
251,50.2,200,probe,9.190165970234387,0.4860853099195123,-15.805137941838305,False,1,-15.0,1471
252,50.400000000000006,200,probe,9.190165970234387,0.4860853099195123,-10.805137941838305,False,1,-10.0,1470
253,50.6,200,probe,9.190165970234387,0.4860853099195123,-5.8051379418383044,False,1,-5.0,1469
254,50.800000000000004,200,probe,9.190165970234387,0.4860853099195123,-0.8051379418383046,False,1,0.0,200
255,51.0,200,probe,9.190165970234387,0.4860853099195123,4.1948620581616956,False,1,5.0,1478
256,51.2,200,probe,9.190165970234387,0.4860853099195123,9.194862058161695,False,1,10.0,1479
257,51.400000000000006,200,probe,9.190165970234387,0.4860853099195123,14.194862058161695,False,1,15.0,1480
258,51.6,200,probe,9.190165970234387,0.4860853099195123,19.194862058161696,False,1,20.0,1481
259,51.800000000000004,200,probe,9.190165970234387,0.4860853099195123,24.194862058161696,False,1,25.0,1482
260,52.0,200,probe,9.190165970234387,0.4860853099195123,29.194862058161696,False,1,30.0,1483
261,52.2,200,probe,9.190165970234387,0.4860853099195123,34.194862058161696,False,1,35.0,1484
262,52.400000000000006,200,probe,9.190165970234387,0.4860853099195123,39.194862058161696,False,1,40.0,1485
263,52.6,200,probe,9.190165970234387,0.4860853099195123,44.194862058161696,False,1,45.0,1486
264,52.800000000000004,200,probe,9.190165970234387,0.4860853099195123,39.194862058161696,False,1,40.0,1485
265,53.0,200,probe,9.190165970234387,0.4860853099195123,34.194862058161696,False,1,35.0,1484
266,53.2,200,probe,9.190165970234387,0.4860853099195123,29.194862058161696,False,1,30.0,1483
267,53.400000000000006,200,probe,9.190165970234387,0.4860853099195123,24.194862058161696,False,1,25.0,1482
268,53.6,200,probe,9.190165970234387,0.4860853099195123,19.194862058161696,False,1,20.0,1481
269,53.800000000000004,200,probe,9.190165970234387,0.4860853099195123,14.194862058161695,False,1,15.0,1480
270,54.0,200,probe,9.190165970234387,0.4860853099195123,9.194862058161695,False,1,10.0,1479
271,54.2,200,probe,9.190165970234387,0.4860853099195123,4.1948620581616956,False,1,5.0,1478
272,54.400000000000006,200,probe,9.190165970234387,0.4860853099195123,-0.8051379418383046,False,1,0.0,200
273,54.6,201,drive,9.230162020952163,0.48552323609776515,-1.2102835557608667,False,-1,0.0,201
274,54.800000000000004,202,drive,9.270153097295605,0.48467836161422245,-1.6021690497783962,False,-1,0.0,202
275,55.0,203,drive,9.31013745958732,0.4835599823740654,-1.9765008444111254,False,-1,0.0,203
276,55.2,204,drive,9.350113661849743,0.4821803981345845,-2.3291776821830936,False,-1,0.0,204
277,55.400000000000006,205,drive,9.390080614992701,0.48055477318748596,-2.6563355618572775,False,-1,0.0,205
278,55.6,206,drive,9.430037634359199,0.4787009653912578,-2.9543900732418416,False,-1,0.0,206
279,55.800000000000004,207,drive,9.469984469560561,0.4766393258992207,-3.220075668738078,False,-1,0.0,207
280,56.0,208,drive,9.509921315312159,0.47439247222949305,-3.45048144136345,False,-1,0.0,208
281,56.2,209,drive,9.549848802814708,0.47198503755046184,-3.6430830172575988,False,-1,0.0,209
282,56.400000000000006,210,drive,9.589767972076649,0.46944339921337064,-3.79577021325054,False,-1,0.0,210
283,56.6,211,drive,9.629680226402968,0.46679538966065887,-3.906870156471125,False,-1,0.0,211
284,56.800000000000004,212,drive,9.669587271049535,0.46406999288642975,-3.975165612692271,False,-1,0.0,212
285,57.0,213,drive,9.709491038726542,0.46129702963757796,-3.9999083226038765,False,-1,0.0,213
286,57.2,214,drive,9.749393605201501,0.4585068345348052,-3.980827199898405,False,-1,0.0,214
287,57.400000000000006,215,drive,9.789297098677942,0.45572992827502906,-3.918131301349202,False,-1,0.0,215
288,57.6,216,drive,9.82920360689318,0.4529966880610864,-3.8125075363407284,False,-1,0.0,216
289,57.800000000000004,217,drive,9.86911508597631,0.4503370193980772,-3.6651131409456066,False,-1,0.0,217
290,58.0,218,drive,9.909033275032124,0.4477800324007943,-3.4775629990040633,False,-1,0.0,218
291,58.2,219,drive,9.948959620170895,0.4453537257714193,-3.2519119491185826,False,-1,0.0,219
292,58.400000000000006,220,drive,9.988895211297857,0.44308468162464276,-2.9906322714122435,False,-1,0.0,220
293,58.6,221,drive,10.028840734426495,0.44099777434845083,-2.696586600710256,False,-1,0.0,221
294,58.800000000000004,222,drive,10.068796441608848,0.4391158966802287,-2.372996562913872,False,-1,0.0,222
295,59.0,223,drive,10.108762139812177,0.43745970613548646,-2.02340747819276,False,-1,0.0,223
296,59.2,224,drive,10.148737199246716,0.436047394836577,-1.6516495177153199,False,-1,0.0,224
297,59.400000000000006,225,drive,10.188720580799338,0.4348944856391978,-1.2617957394919088,False,-1,0.0,225
298,59.6,226,drive,10.228710881389915,0.4340136572363942,-0.8581174630988904,False,-1,0.0,226
299,59.800000000000004,227,drive,10.26870639527811,0.4334146006286924,-0.4450374722075368,False,-1,0.0,227
300,60.0,228,drive,10.308705188643696,0.4331039089854327,-0.027081557640599056,False,-1,0.0,228
301,60.2,229,drive,10.348705184175502,0.4330850024922408,0.39117106813902935,False,-1,0.0,229
302,60.400000000000006,230,drive,10.388704251959624,0.43335808929385833,0.8051379418382901,False,-1,0.0,230
303,60.6,231,drive,10.428700302677399,0.4339201631156055,1.2102835557608527,False,-1,0.0,231
304,60.800000000000004,232,drive,10.468691379020841,0.4347650375991482,1.602169049778409,False,-1,0.0,232
305,61.0,233,drive,10.508675741312556,0.43588341683930526,1.9765008444111125,False,-1,0.0,233
306,61.2,234,drive,10.54865194357498,0.43726300107878613,2.3291776821830816,False,-1,0.0,234
307,61.400000000000006,235,drive,10.588618896717938,0.4388886260258847,2.6563355618572877,False,-1,0.0,235
308,61.6,236,drive,10.628575916084435,0.44074243382211287,2.954390073241832,False,-1,0.0,236
309,61.800000000000004,237,drive,10.668522751285797,0.44280407331414995,3.220075668738069,False,-1,0.0,237
310,62.0,238,drive,10.708459597037395,0.4450509269838776,3.4504814413634497,False,-1,0.0,238
311,62.2,239,drive,10.748387084539944,0.4474583616629088,3.6430830172576045,False,-1,0.0,239
312,62.400000000000006,240,drive,10.788306253801885,0.45,3.79577021325054,False,-1,0.0,240
313,62.6,241,drive,10.828218508128204,0.4526480095527118,3.906870156471125,False,-1,0.0,241
314,62.800000000000004,242,drive,10.86812555277477,0.4553734063269409,3.975165612692271,False,-1,0.0,242
315,63.0,243,drive,10.908029320451778,0.4581463695757927,3.9999083226038765,False,-1,0.0,243
316,63.2,244,drive,10.947931886926737,0.4609365646785655,3.980827199898405,False,-1,0.0,244
317,63.400000000000006,245,drive,10.987835380403178,0.4637134709383416,3.918131301349202,False,-1,0.0,245
318,63.6,246,drive,11.027741888618417,0.46644671115228425,3.8125075363407244,False,-1,0.0,246
319,63.800000000000004,247,drive,11.067653367701546,0.46910637981529346,3.665113140945607,False,-1,0.0,247
320,64.0,248,drive,11.10757155675736,0.47166336681257637,3.4775629990040633,False,-1,0.0,248
321,64.2,249,drive,11.14749790189613,0.47408967344195135,3.251911949118583,False,-1,0.0,249
322,64.4,250,drive,11.187433493023093,0.4763587175887279,2.9906322714122346,False,-1,0.0,250
323,64.60000000000001,251,drive,11.227379016151732,0.4784456248649198,2.6965866007102566,False,-1,0.0,251
324,64.8,252,drive,11.267334723334084,0.48032750253314194,2.3729965629138725,False,-1,0.0,252
325,65.0,253,drive,11.307300421537413,0.4819836930778842,2.0234074781927482,False,-1,0.0,253
326,65.2,254,drive,11.347275480971952,0.48339600437679364,1.6516495177153074,False,-1,0.0,254
327,65.4,255,drive,11.387258862524574,0.48454891357417285,1.2617957394919228,False,-1,0.0,255
328,65.60000000000001,256,drive,11.427249163115151,0.48542974197697647,0.8581174630989048,False,-1,0.0,256
329,65.8,257,drive,11.467244677003347,0.48602879858467823,0.44503747220752315,False,-1,0.0,257
330,66.0,258,drive,11.507243470368932,0.48633949022793793,0.02708155764061376,False,-1,0.0,258
331,66.2,259,drive,11.547243465900738,0.48635839672112985,-0.39117106813901475,False,-1,0.0,259
332,66.4,260,drive,11.58724253368486,0.4860853099195123,-0.8051379418383036,False,-1,0.0,260
333,66.60000000000001,261,drive,11.627238584402635,0.48552323609776515,-1.2102835557608658,False,-1,0.0,261
334,66.8,262,drive,11.667229660746077,0.48467836161422245,-1.6021690497783954,False,-1,0.0,262
335,67.0,263,drive,11.707214023037793,0.4835599823740654,-1.976500844411112,False,-1,0.0,263
336,67.2,264,drive,11.747190225300216,0.4821803981345845,-2.329177682183081,False,-1,0.0,264
337,67.4,265,drive,11.787157178443174,0.48055477318748596,-2.6563355618572873,False,-1,0.0,265
338,67.60000000000001,266,drive,11.82711419780967,0.4787009653912578,-2.9543900732418313,False,-1,0.0,266
339,67.8,267,drive,11.867061033011034,0.4766393258992207,-3.2200756687380685,False,-1,0.0,267
340,68.0,268,drive,11.906997878762631,0.47439247222949305,-3.450481441363457,False,-1,0.0,268
341,68.2,269,drive,11.94692536626518,0.47198503755046184,-3.6430830172576045,False,-1,0.0,269
342,68.4,270,drive,11.986844535527121,0.46944339921337064,-3.79577021325054,False,-1,0.0,270
343,68.60000000000001,271,drive,12.02675678985344,0.46679538966065887,-3.906870156471125,False,-1,0.0,271
344,68.8,272,drive,12.066663834500007,0.46406999288642975,-3.9751656126922725,False,-1,0.0,272
345,69.0,273,drive,12.106567602177014,0.46129702963757796,-3.9999083226038765,False,-1,0.0,273
346,69.2,274,drive,12.146470168651973,0.4585068345348052,-3.980827199898405,False,-1,0.0,274
347,69.4,275,drive,12.186373662128414,0.45572992827502906,-3.918131301349199,False,-1,0.0,275
348,69.60000000000001,276,drive,12.226280170343653,0.4529966880610864,-3.8125075363407244,False,-1,0.0,276
349,69.8,277,drive,12.266191649426782,0.4503370193980772,-3.665113140945607,False,-1,0.0,277
350,70.0,278,drive,12.306109838482596,0.4477800324007943,-3.477562999004071,False,-1,0.0,278
351,70.2,279,drive,12.346036183621367,0.4453537257714193,-3.251911949118575,False,-1,0.0,279
352,70.4,280,drive,12.385971774748329,0.4430846816246428,-2.9906322714122444,False,-1,0.0,280
353,70.60000000000001,281,drive,12.425917297876968,0.4409977743484509,-2.6965866007102672,False,-1,0.0,281
354,70.8,282,drive,12.46587300505932,0.43911589668022877,-2.372996562913884,False,-1,0.0,282
355,71.0,283,drive,12.505838703262649,0.4374597061354865,-2.0234074781927607,False,-1,0.0,283
356,71.2,284,drive,12.545813762697188,0.43604739483657706,-1.6516495177153208,False,-1,0.0,284
357,71.4,285,drive,12.58579714424981,0.43489448563919786,-1.2617957394919233,False,-1,0.0,285
358,71.60000000000001,286,drive,12.625787444840388,0.43401365723639423,-0.8581174630988914,False,-1,0.0,286
359,71.8,287,drive,12.665782958728583,0.43341460062869247,-0.44503747220753775,False,-1,0.0,287
360,72.0,288,drive,12.705781752094168,0.4331039089854328,-0.02708155764061425,False,-1,0.0,288
361,72.2,289,drive,12.745781747625974,0.43308500249224086,0.39117106813901426,False,-1,0.0,289
362,72.4,290,drive,12.785780815410096,0.4333580892938584,0.8051379418383031,False,-1,0.0,290
363,72.60000000000001,291,drive,12.825776866127871,0.43392016311560555,1.2102835557608653,False,-1,0.0,291
364,72.8,292,drive,12.865767942471313,0.43476503759914825,1.602169049778395,False,-1,0.0,292
365,73.0,293,drive,12.905752304763029,0.4358834168393053,1.976500844411124,False,-1,0.0,293
366,73.2,294,drive,12.945728507025452,0.4372630010787862,2.3291776821830923,False,-1,0.0,294
367,73.4,295,drive,12.98569546016841,0.43888862602588474,2.656335561857276,False,-1,0.0,295
368,73.60000000000001,296,drive,13.025652479534907,0.4407424338221129,2.9543900732418216,False,-1,0.0,296
369,73.8,297,drive,13.06559931473627,0.44280407331415,3.220075668738077,False,-1,0.0,297
370,74.0,298,drive,13.105536160487867,0.44505092698387766,3.4504814413634493,False,-1,0.0,298
371,74.2,299,drive,13.145463647990416,0.44745836166290887,3.6430830172575983,False,-1,0.0,299
372,74.4,300,drive,13.185382817252357,0.45000000000000007,3.7957702132505307,False,-1,0.0,300
373,74.60000000000001,300,probe,13.185382817252357,0.45000000000000007,-1.2042297867494693,False,2,-5.0,1505
374,74.8,300,probe,13.185382817252357,0.45000000000000007,-6.204229786749469,False,2,-10.0,1506
375,75.0,300,probe,13.185382817252357,0.45000000000000007,-11.204229786749469,False,2,-15.0,1507
376,75.2,300,probe,13.185382817252357,0.45000000000000007,-16.20422978674947,False,2,-20.0,1508
377,75.4,300,probe,13.185382817252357,0.45000000000000007,-21.20422978674947,False,2,-25.0,1509
378,75.60000000000001,300,probe,13.185382817252357,0.45000000000000007,-26.20422978674947,False,2,-30.0,1510
379,75.8,300,probe,13.185382817252357,0.45000000000000007,-31.20422978674947,False,2,-35.0,1511
380,76.0,300,probe,13.185382817252357,0.45000000000000007,-36.20422978674947,False,2,-40.0,1512
381,76.2,300,probe,13.185382817252357,0.45000000000000007,-41.20422978674947,False,2,-45.0,1513
382,76.4,300,probe,13.185382817252357,0.45000000000000007,-36.20422978674947,False,2,-40.0,1512
383,76.60000000000001,300,probe,13.185382817252357,0.45000000000000007,-31.20422978674947,False,2,-35.0,1511
384,76.80000000000001,300,probe,13.185382817252357,0.45000000000000007,-26.20422978674947,False,2,-30.0,1510
385,77.0,300,probe,13.185382817252357,0.45000000000000007,-21.20422978674947,False,2,-25.0,1509
386,77.2,300,probe,13.185382817252357,0.45000000000000007,-16.20422978674947,False,2,-20.0,1508
387,77.4,300,probe,13.185382817252357,0.45000000000000007,-11.204229786749469,False,2,-15.0,1507
388,77.60000000000001,300,probe,13.185382817252357,0.45000000000000007,-6.204229786749469,False,2,-10.0,1506
389,77.80000000000001,300,probe,13.185382817252357,0.45000000000000007,-1.2042297867494693,False,2,-5.0,1505
390,78.0,300,probe,13.185382817252357,0.45000000000000007,3.7957702132505307,False,2,0.0,300
391,78.2,300,probe,13.185382817252357,0.45000000000000007,8.795770213250531,False,2,5.0,1514
392,78.4,300,probe,13.185382817252357,0.45000000000000007,13.795770213250531,False,2,10.0,1515
393,78.60000000000001,300,probe,13.185382817252357,0.45000000000000007,18.79577021325053,False,2,15.0,1516
394,78.80000000000001,300,probe,13.185382817252357,0.45000000000000007,23.79577021325053,False,2,20.0,1517
395,79.0,300,probe,13.185382817252357,0.45000000000000007,28.79577021325053,False,2,25.0,1518
396,79.2,300,probe,13.185382817252357,0.45000000000000007,33.79577021325053,False,2,30.0,1519
397,79.4,300,probe,13.185382817252357,0.45000000000000007,38.79577021325053,False,2,35.0,1520
398,79.60000000000001,300,probe,13.185382817252357,0.45000000000000007,43.79577021325053,False,2,40.0,1521
399,79.80000000000001,300,probe,13.185382817252357,0.45000000000000007,48.79577021325053,False,2,45.0,1522
400,80.0,300,probe,13.185382817252357,0.45000000000000007,43.79577021325053,False,2,40.0,1521
401,80.2,300,probe,13.185382817252357,0.45000000000000007,38.79577021325053,False,2,35.0,1520
402,80.4,300,probe,13.185382817252357,0.45000000000000007,33.79577021325053,False,2,30.0,1519
403,80.60000000000001,300,probe,13.185382817252357,0.45000000000000007,28.79577021325053,False,2,25.0,1518
404,80.80000000000001,300,probe,13.185382817252357,0.45000000000000007,23.79577021325053,False,2,20.0,1517
405,81.0,300,probe,13.185382817252357,0.45000000000000007,18.79577021325053,False,2,15.0,1516
406,81.2,300,probe,13.185382817252357,0.45000000000000007,13.795770213250531,False,2,10.0,1515
407,81.4,300,probe,13.185382817252357,0.45000000000000007,8.795770213250531,False,2,5.0,1514
408,81.60000000000001,300,probe,13.185382817252357,0.45000000000000007,3.7957702132505307,False,2,0.0,300
409,81.80000000000001,301,drive,13.225295071578676,0.45264800955271184,3.9068701564711246,False,-1,0.0,301
410,82.0,302,drive,13.265202116225243,0.45537340632694095,3.975165612692271,False,-1,0.0,302
411,82.2,303,drive,13.30510588390225,0.45814636957579274,3.9999083226038765,False,-1,0.0,303
412,82.4,304,drive,13.34500845037721,0.46093656467856553,3.980827199898408,False,-1,0.0,304
413,82.60000000000001,305,drive,13.38491194385365,0.46371347093834164,3.918131301349205,False,-1,0.0,305
414,82.80000000000001,306,drive,13.42481845206889,0.4664467111522843,3.8125075363407244,False,-1,0.0,306
415,83.0,307,drive,13.464729931152018,0.4691063798152935,3.6651131409456075,False,-1,0.0,307
416,83.2,308,drive,13.504648120207833,0.4716633668125764,3.477562999004057,False,-1,0.0,308
417,83.4,309,drive,13.544574465346603,0.4740896734419514,3.251911949118575,False,-1,0.0,309
418,83.60000000000001,310,drive,13.584510056473565,0.4763587175887279,2.9906322714122444,False,-1,0.0,310
419,83.80000000000001,311,drive,13.624455579602204,0.4784456248649198,2.6965866007102677,False,-1,0.0,311
420,84.0,312,drive,13.664411286784556,0.48032750253314194,2.372996562913862,False,-1,0.0,312
421,84.2,313,drive,13.704376984987885,0.4819836930778842,2.023407478192761,False,-1,0.0,313
422,84.4,314,drive,13.744352044422424,0.48339600437679364,1.6516495177153212,False,-1,0.0,314
423,84.60000000000001,315,drive,13.784335425975046,0.48454891357417285,1.2617957394919102,False,-1,0.0,315
424,84.80000000000001,316,drive,13.824325726565624,0.48542974197697647,0.8581174630988918,False,-1,0.0,316
425,85.0,317,drive,13.864321240453819,0.48602879858467823,0.44503747220753825,False,-1,0.0,317
426,85.2,318,drive,13.904320033819404,0.48633949022793793,0.02708155764062895,False,-1,0.0,318
427,85.4,319,drive,13.94432002935121,0.48635839672112985,-0.3911710681390279,False,-1,0.0,319
428,85.60000000000001,320,drive,13.984319097135332,0.4860853099195123,-0.8051379418382887,False,-1,0.0,320
429,85.80000000000001,321,drive,14.024315147853107,0.48552323609776515,-1.2102835557608513,False,-1,0.0,321
430,86.0,322,drive,14.06430622419655,0.48467836161422245,-1.6021690497783814,False,-1,0.0,322
431,86.2,323,drive,14.104290586488265,0.48355998237406544,-1.976500844411136,False,-1,0.0,323
432,86.4,324,drive,14.144266788750688,0.4821803981345845,-2.3291776821830803,False,-1,0.0,324
433,86.60000000000001,325,drive,14.184233741893646,0.48055477318748596,-2.6563355618572864,False,-1,0.0,325
434,86.80000000000001,326,drive,14.224190761260143,0.4787009653912578,-2.954390073241831,False,-1,0.0,326
435,87.0,327,drive,14.264137596461506,0.4766393258992207,-3.220075668738068,False,-1,0.0,327
436,87.2,328,drive,14.304074442213103,0.47439247222949305,-3.4504814413634564,False,-1,0.0,328
437,87.4,329,drive,14.344001929715652,0.47198503755046184,-3.643083017257604,False,-1,0.0,329
438,87.60000000000001,330,drive,14.383921098977593,0.46944339921337064,-3.795770213250544,False,-1,0.0,330
439,87.80000000000001,331,drive,14.423833353303912,0.46679538966065887,-3.9068701564711277,False,-1,0.0,331
440,88.0,332,drive,14.46374039795048,0.46406999288642975,-3.9751656126922725,False,-1,0.0,332
441,88.2,333,drive,14.503644165627486,0.46129702963757796,-3.999908322603877,False,-1,0.0,333
442,88.4,334,drive,14.543546732102445,0.4585068345348052,-3.980827199898407,False,-1,0.0,334
443,88.60000000000001,335,drive,14.583450225578886,0.45572992827502906,-3.9181313013492023,False,-1,0.0,335
444,88.80000000000001,336,drive,14.623356733794125,0.4529966880610864,-3.812507536340729,False,-1,0.0,336
445,89.0,337,drive,14.663268212877254,0.4503370193980772,-3.6651131409456017,False,-1,0.0,337
446,89.2,338,drive,14.703186401933069,0.4477800324007943,-3.47756299900405,False,-1,0.0,338
447,89.4,339,drive,14.743112747071839,0.4453537257714193,-3.2519119491186004,False,-1,0.0,339
448,89.60000000000001,340,drive,14.783048338198801,0.44308468162464276,-2.9906322714122355,False,-1,0.0,340
449,89.80000000000001,341,drive,14.82299386132744,0.44099777434845083,-2.6965866007102575,False,-1,0.0,341
450,90.0,342,drive,14.862949568509793,0.4391158966802287,-2.3729965629138734,False,-1,0.0,342
451,90.2,343,drive,14.902915266713121,0.43745970613548646,-2.023407478192749,False,-1,0.0,343
452,90.4,344,drive,14.94289032614766,0.436047394836577,-1.6516495177153345,False,-1,0.0,344
453,90.60000000000001,345,drive,14.982873707700282,0.4348944856391978,-1.2617957394919241,False,-1,0.0,345
454,90.80000000000001,346,drive,15.02286400829086,0.4340136572363942,-0.8581174630989062,False,-1,0.0,346
455,91.0,347,drive,15.062859522179055,0.4334146006286924,-0.44503747220755285,False,-1,0.0,347
456,91.2,348,drive,15.10285831554464,0.4331039089854327,-0.027081557640615227,False,-1,0.0,348
457,91.4,349,drive,15.142858311076447,0.4330850024922408,0.39117106813901326,False,-1,0.0,349
458,91.60000000000001,350,drive,15.182857378860568,0.43335808929385833,0.8051379418383021,False,-1,0.0,350
459,91.80000000000001,351,drive,15.222853429578343,0.4339201631156055,1.2102835557608644,False,-1,0.0,351
460,92.0,352,drive,15.262844505921786,0.4347650375991482,1.602169049778394,False,-1,0.0,352
461,92.2,353,drive,15.302828868213501,0.43588341683930526,1.9765008444111232,False,-1,0.0,353
462,92.4,354,drive,15.342805070475924,0.43726300107878613,2.3291776821830688,False,-1,0.0,354
463,92.60000000000001,355,drive,15.382772023618882,0.4388886260258847,2.6563355618572966,False,-1,0.0,355
464,92.80000000000001,356,drive,15.42272904298538,0.44074243382211287,2.95439007324184,False,-1,0.0,356
465,93.0,357,drive,15.462675878186742,0.44280407331414995,3.220075668738076,False,-1,0.0,357
466,93.2,358,drive,15.50261272393834,0.4450509269838776,3.450481441363463,False,-1,0.0,358
467,93.4,359,drive,15.542540211440889,0.4474583616629088,3.643083017257598,False,-1,0.0,359
468,93.60000000000001,360,drive,15.58245938070283,0.45,3.7957702132505395,False,-1,0.0,360
469,93.80000000000001,361,drive,15.622371635029149,0.4526480095527118,3.9068701564711246,False,-1,0.0,361
470,94.0,362,drive,15.662278679675715,0.4553734063269409,3.9751656126922708,False,-1,0.0,362
471,94.2,363,drive,15.702182447352723,0.4581463695757927,3.999908322603877,False,-1,0.0,363
472,94.4,364,drive,15.742085013827682,0.4609365646785655,3.980827199898408,False,-1,0.0,364
473,94.60000000000001,365,drive,15.781988507304122,0.4637134709383416,3.9181313013492054,False,-1,0.0,365
474,94.80000000000001,366,drive,15.821895015519361,0.46644671115228425,3.812507536340725,False,-1,0.0,366
475,95.0,367,drive,15.86180649460249,0.46910637981529346,3.6651131409456075,False,-1,0.0,367
476,95.2,368,drive,15.901724683658305,0.47166336681257637,3.4775629990040575,False,-1,0.0,368
477,95.4,369,drive,15.941651028797075,0.47408967344195135,3.2519119491185924,False,-1,0.0,369
478,95.60000000000001,370,drive,15.981586619924038,0.4763587175887279,2.9906322714122453,False,-1,0.0,370
479,95.80000000000001,371,drive,16.021532143052674,0.4784456248649198,2.6965866007102686,False,-1,0.0,371
480,96.0,372,drive,16.061487850235025,0.48032750253314194,2.3729965629138854,False,-1,0.0,372
481,96.2,373,drive,16.101453548438354,0.4819836930778842,2.023407478192762,False,-1,0.0,373
482,96.4,374,drive,16.141428607872893,0.48339600437679364,1.651649517715322,False,-1,0.0,374
483,96.60000000000001,375,drive,16.181411989425516,0.48454891357417285,1.261795739491911,False,-1,0.0,375
484,96.80000000000001,376,drive,16.221402290016094,0.48542974197697647,0.8581174630988928,False,-1,0.0,376
485,97.0,377,drive,16.261397803904288,0.48602879858467823,0.44503747220753925,False,-1,0.0,377
486,97.2,378,drive,16.301396597269875,0.48633949022793793,0.027081557640601505,False,-1,0.0,378
487,97.4,379,drive,16.34139659280168,0.48635839672112985,-0.39117106813899866,False,-1,0.0,379
488,97.60000000000001,380,drive,16.381395660585802,0.4860853099195123,-0.8051379418382877,False,-1,0.0,380
489,97.80000000000001,381,drive,16.421391711303578,0.48552323609776515,-1.2102835557608773,False,-1,0.0,381
490,98.0,382,drive,16.461382787647022,0.48467836161422245,-1.6021690497784065,False,-1,0.0,382
491,98.2,383,drive,16.501367149938737,0.4835599823740654,-1.9765008444111352,False,-1,0.0,383
492,98.4,384,drive,16.54134335220116,0.48218039813458446,-2.329177682183103,False,-1,0.0,384
493,98.60000000000001,385,drive,16.581310305344118,0.4805547731874859,-2.656335561857286,False,-1,0.0,385
494,98.80000000000001,386,drive,16.621267324710615,0.4787009653912577,-2.95439007324183,False,-1,0.0,386
495,99.0,387,drive,16.661214159911978,0.47663932589922064,-3.2200756687380676,False,-1,0.0,387
496,99.2,388,drive,16.701151005663576,0.474392472229493,-3.450481441363456,False,-1,0.0,388
497,99.4,389,drive,16.741078493166125,0.4719850375504618,-3.643083017257615,False,-1,0.0,389
498,99.60000000000001,390,drive,16.780997662428064,0.4694433992133706,-3.7957702132505347,False,-1,0.0,390
499,99.80000000000001,391,drive,16.82090991675438,0.4667953896606588,-3.9068701564711215,False,-1,0.0,391
500,100.0,392,drive,16.860816961400946,0.4640699928864297,-3.9751656126922725,False,-1,0.0,392
501,100.2,393,drive,16.900720729077953,0.4612970296375779,-3.999908322603877,False,-1,0.0,393
502,100.4,394,drive,16.94062329555291,0.4585068345348051,-3.980827199898404,False,-1,0.0,394
503,100.60000000000001,395,drive,16.98052678902935,0.455729928275029,-3.9181313013492027,False,-1,0.0,395
504,100.80000000000001,396,drive,17.02043329724459,0.45299668806108634,-3.8125075363407293,False,-1,0.0,396
505,101.0,397,drive,17.060344776327717,0.45033701939807713,-3.6651131409456137,False,-1,0.0,397
506,101.2,398,drive,17.100262965383532,0.4477800324007942,-3.4775629990040646,False,-1,0.0,398
507,101.4,399,drive,17.140189310522302,0.44535372577141924,-3.2519119491185844,False,-1,0.0,399
508,101.60000000000001,400,drive,17.180124901649265,0.4430846816246427,-2.990632271412236,False,-1,0.0,400
509,101.80000000000001,400,probe,17.180124901649265,0.4430846816246427,-7.990632271412236,False,3,-5.0,1541
510,102.0,400,probe,17.180124901649265,0.4430846816246427,-12.990632271412236,False,3,-10.0,1542
511,102.2,400,probe,17.180124901649265,0.4430846816246427,-17.990632271412235,False,3,-15.0,1543
512,102.4,400,probe,17.180124901649265,0.4430846816246427,-22.990632271412235,False,3,-20.0,1544
513,102.60000000000001,400,probe,17.180124901649265,0.4430846816246427,-27.990632271412235,False,3,-25.0,1545
514,102.80000000000001,400,probe,17.180124901649265,0.4430846816246427,-32.99063227141224,False,3,-30.0,1546
515,103.0,400,probe,17.180124901649265,0.4430846816246427,-37.99063227141224,False,3,-35.0,1547
516,103.2,400,probe,17.180124901649265,0.4430846816246427,-42.99063227141224,False,3,-40.0,1548
517,103.4,400,probe,17.180124901649265,0.4430846816246427,-47.99063227141224,False,3,-45.0,1549
518,103.60000000000001,400,probe,17.180124901649265,0.4430846816246427,-42.99063227141224,False,3,-40.0,1548
519,103.80000000000001,400,probe,17.180124901649265,0.4430846816246427,-37.99063227141224,False,3,-35.0,1547
520,104.0,400,probe,17.180124901649265,0.4430846816246427,-32.99063227141224,False,3,-30.0,1546
521,104.2,400,probe,17.180124901649265,0.4430846816246427,-27.990632271412235,False,3,-25.0,1545
522,104.4,400,probe,17.180124901649265,0.4430846816246427,-22.990632271412235,False,3,-20.0,1544
523,104.60000000000001,400,probe,17.180124901649265,0.4430846816246427,-17.990632271412235,False,3,-15.0,1543
524,104.80000000000001,400,probe,17.180124901649265,0.4430846816246427,-12.990632271412236,False,3,-10.0,1542
525,105.0,400,probe,17.180124901649265,0.4430846816246427,-7.990632271412236,False,3,-5.0,1541
526,105.2,400,probe,17.180124901649265,0.4430846816246427,-2.990632271412236,False,3,0.0,400
527,105.4,400,probe,17.180124901649265,0.4430846816246427,2.009367728587764,False,3,5.0,1550
528,105.60000000000001,400,probe,17.180124901649265,0.4430846816246427,7.009367728587764,False,3,10.0,1551
529,105.80000000000001,400,probe,17.180124901649265,0.4430846816246427,12.009367728587764,False,3,15.0,1552
530,106.0,400,probe,17.180124901649265,0.4430846816246427,17.009367728587765,False,3,20.0,1553
531,106.2,400,probe,17.180124901649265,0.4430846816246427,22.009367728587765,False,3,25.0,1554
532,106.4,400,probe,17.180124901649265,0.4430846816246427,27.009367728587765,False,3,30.0,1555
533,106.60000000000001,400,probe,17.180124901649265,0.4430846816246427,32.00936772858776,False,3,35.0,1556
534,106.80000000000001,400,probe,17.180124901649265,0.4430846816246427,37.00936772858776,False,3,40.0,1557
535,107.0,400,probe,17.180124901649265,0.4430846816246427,42.00936772858776,False,3,45.0,1558
536,107.2,400,probe,17.180124901649265,0.4430846816246427,37.00936772858776,False,3,40.0,1557
537,107.4,400,probe,17.180124901649265,0.4430846816246427,32.00936772858776,False,3,35.0,1556
538,107.60000000000001,400,probe,17.180124901649265,0.4430846816246427,27.009367728587765,False,3,30.0,1555
539,107.80000000000001,400,probe,17.180124901649265,0.4430846816246427,22.009367728587765,False,3,25.0,1554
540,108.0,400,probe,17.180124901649265,0.4430846816246427,17.009367728587765,False,3,20.0,1553
541,108.2,400,probe,17.180124901649265,0.4430846816246427,12.009367728587764,False,3,15.0,1552
542,108.4,400,probe,17.180124901649265,0.4430846816246427,7.009367728587764,False,3,10.0,1551
543,108.60000000000001,400,probe,17.180124901649265,0.4430846816246427,2.009367728587764,False,3,5.0,1550
544,108.80000000000001,400,probe,17.180124901649265,0.4430846816246427,-2.990632271412236,False,3,0.0,400
545,109.0,401,drive,17.2200704247779,0.4409977743484508,-2.6965866007102584,False,-1,0.0,401
546,109.2,402,drive,17.260026131960252,0.43911589668022866,-2.3729965629138743,False,-1,0.0,402
547,109.4,403,drive,17.29999183016358,0.4374597061354864,-2.02340747819275,False,-1,0.0,403
548,109.60000000000001,404,drive,17.33996688959812,0.43604739483657695,-1.6516495177153097,False,-1,0.0,404
549,109.80000000000001,405,drive,17.379950271150744,0.43489448563919775,-1.261795739491925,False,-1,0.0,405
550,110.0,406,drive,17.41994057174132,0.4340136572363941,-0.8581174630988794,False,-1,0.0,406
551,110.2,407,drive,17.459936085629515,0.4334146006286924,-0.4450374722075256,False,-1,0.0,407
552,110.4,408,drive,17.499934878995102,0.4331039089854327,-0.027081557640587787,False,-1,0.0,408
553,110.60000000000001,409,drive,17.539934874526907,0.4330850024922408,0.39117106813904057,False,-1,0.0,409
554,110.80000000000001,410,drive,17.57993394231103,0.4333580892938584,0.8051379418382734,False,-1,0.0,410
555,111.0,411,drive,17.619929993028805,0.43392016311560555,1.2102835557608633,False,-1,0.0,411
556,111.2,412,drive,17.65992106937225,0.43476503759914825,1.6021690497784191,False,-1,0.0,412
557,111.4,413,drive,17.699905431663964,0.4358834168393053,1.9765008444111223,False,-1,0.0,413
558,111.60000000000001,414,drive,17.739881633926387,0.4372630010787862,2.329177682183114,False,-1,0.0,414
559,111.80000000000001,415,drive,17.779848587069345,0.43888862602588474,2.656335561857296,False,-1,0.0,415
560,112.0,416,drive,17.819805606435843,0.4407424338221129,2.9543900732418202,False,-1,0.0,416
561,112.2,417,drive,17.859752441637205,0.44280407331415,3.2200756687380756,False,-1,0.0,417
562,112.4,418,drive,17.899689287388803,0.44505092698387766,3.4504814413634484,False,-1,0.0,418
563,112.60000000000001,419,drive,17.939616774891352,0.44745836166290887,3.6430830172576094,False,-1,0.0,419
564,112.80000000000001,420,drive,17.97953594415329,0.45000000000000007,3.795770213250539,False,-1,0.0,420
565,113.0,421,drive,18.01944819847961,0.45264800955271184,3.906870156471124,False,-1,0.0,421
566,113.2,422,drive,18.059355243126173,0.45537340632694095,3.9751656126922708,False,-1,0.0,422
567,113.4,423,drive,18.09925901080318,0.45814636957579274,3.999908322603877,False,-1,0.0,423
568,113.60000000000001,424,drive,18.139161577278138,0.46093656467856553,3.9808271998984055,False,-1,0.0,424
569,113.80000000000001,425,drive,18.17906507075458,0.46371347093834164,3.9181313013491996,False,-1,0.0,425
570,114.0,426,drive,18.218971578969818,0.4664467111522843,3.8125075363407253,False,-1,0.0,426
571,114.2,427,drive,18.258883058052945,0.4691063798152935,3.665113140945608,False,-1,0.0,427
572,114.4,428,drive,18.29880124710876,0.4716633668125764,3.477562999004058,False,-1,0.0,428
573,114.60000000000001,429,drive,18.33872759224753,0.4740896734419514,3.2519119491185764,False,-1,0.0,429
574,114.80000000000001,430,drive,18.378663183374492,0.4763587175887279,2.9906322714122457,False,-1,0.0,430
575,115.0,431,drive,18.41860870650313,0.4784456248649198,2.696586600710248,False,-1,0.0,431
576,115.2,432,drive,18.45856441368548,0.48032750253314194,2.3729965629138863,False,-1,0.0,432
577,115.4,433,drive,18.498530111888808,0.4819836930778842,2.0234074781927385,False,-1,0.0,433
578,115.60000000000001,434,drive,18.538505171323347,0.48339600437679364,1.651649517715297,False,-1,0.0,434
579,115.80000000000001,435,drive,18.57848855287597,0.48454891357417285,1.261795739491939,False,-1,0.0,435
580,116.0,436,drive,18.61847885346655,0.48542974197697647,0.8581174630988938,False,-1,0.0,436
581,116.2,437,drive,18.658474367354742,0.48602879858467823,0.44503747220751194,False,-1,0.0,437
582,116.4,438,drive,18.69847316072033,0.48633949022793793,0.027081557640602487,False,-1,0.0,438
583,116.60000000000001,439,drive,18.738473156252134,0.48635839672112985,-0.3911710681390542,False,-1,0.0,439
584,116.80000000000001,440,drive,18.778472224036257,0.48608530991951227,-0.8051379418382868,False,-1,0.0,440
585,117.0,440,turn,18.778472224036257,0.48608530991951227,-5.805137941838287,True,-1,0.0,441
586,117.2,440,turn,18.778472224036257,0.48608530991951227,-10.805137941838288,True,-1,0.0,442
587,117.4,440,turn,18.778472224036257,0.48608530991951227,-15.805137941838288,True,-1,0.0,443
588,117.60000000000001,440,turn,18.778472224036257,0.48608530991951227,-20.805137941838286,True,-1,0.0,444
589,117.80000000000001,440,turn,18.778472224036257,0.48608530991951227,-25.805137941838286,True,-1,0.0,445
590,118.0,440,turn,18.778472224036257,0.48608530991951227,-30.805137941838286,True,-1,0.0,446
591,118.2,440,turn,18.778472224036257,0.48608530991951227,-35.80513794183829,True,-1,0.0,447
592,118.4,440,turn,18.778472224036257,0.48608530991951227,-40.80513794183829,True,-1,0.0,448
593,118.60000000000001,440,turn,18.778472224036257,0.48608530991951227,-45.80513794183829,True,-1,0.0,449
594,118.80000000000001,440,turn,18.778472224036257,0.48608530991951227,-50.80513794183829,True,-1,0.0,450
595,119.0,440,turn,18.778472224036257,0.48608530991951227,-55.80513794183829,True,-1,0.0,451
596,119.2,440,turn,18.778472224036257,0.48608530991951227,-60.80513794183829,True,-1,0.0,452
597,119.4,440,turn,18.778472224036257,0.48608530991951227,-65.80513794183828,True,-1,0.0,453
598,119.60000000000001,440,turn,18.778472224036257,0.48608530991951227,-70.80513794183828,True,-1,0.0,454
599,119.80000000000001,440,turn,18.778472224036257,0.48608530991951227,-75.80513794183828,True,-1,0.0,455
600,120.0,440,turn,18.778472224036257,0.48608530991951227,-80.80513794183828,True,-1,0.0,456
601,120.2,440,turn,18.778472224036257,0.48608530991951227,-85.80513794183828,True,-1,0.0,457
602,120.4,440,turn,18.778472224036257,0.48608530991951227,-90.80513794183828,True,-1,0.0,458
603,120.60000000000001,441,drive,18.77791015021451,0.4460892592017363,-91.21028355576085,False,-1,0.0,459
604,120.80000000000001,442,drive,18.777065275730966,0.4060981828582937,-91.60216904977841,False,-1,0.0,460
605,121.0,443,drive,18.775946896490808,0.3661138205665779,-91.9765008444111,False,-1,0.0,461
606,121.2,444,drive,18.774567312251328,0.3261376183041546,-92.3291776821831,False,-1,0.0,462
607,121.4,445,drive,18.77294168730423,0.286170665161197,-92.65633556185729,False,-1,0.0,463
608,121.60000000000001,446,drive,18.771087879508002,0.24621364579469965,-92.95439007324183,False,-1,0.0,464
609,121.80000000000001,447,drive,18.769026240015965,0.2062668105933364,-93.22007566873806,False,-1,0.0,465
610,122.0,448,drive,18.766779386346236,0.16632996484173965,-93.45048144136345,False,-1,0.0,466
611,122.2,449,drive,18.764371951667204,0.12640247733919074,-93.64308301725761,False,-1,0.0,467
612,122.4,450,drive,18.761830313330112,0.08648330807725058,-93.79577021325055,False,-1,0.0,468
613,122.60000000000001,451,drive,18.7591823037774,0.04657105375093186,-93.90687015647111,False,-1,0.0,469
614,122.80000000000001,451,turn,18.7591823037774,0.04657105375093186,-98.90687015647111,True,-1,0.0,470
615,123.0,451,turn,18.7591823037774,0.04657105375093186,-103.90687015647111,True,-1,0.0,471
616,123.2,451,turn,18.7591823037774,0.04657105375093186,-108.90687015647111,True,-1,0.0,472
617,123.4,451,turn,18.7591823037774,0.04657105375093186,-113.90687015647111,True,-1,0.0,473
618,123.60000000000001,451,turn,18.7591823037774,0.04657105375093186,-118.90687015647111,True,-1,0.0,474
619,123.80000000000001,451,turn,18.7591823037774,0.04657105375093186,-123.90687015647111,True,-1,0.0,475
620,124.0,451,turn,18.7591823037774,0.04657105375093186,-128.90687015647111,True,-1,0.0,476
621,124.2,451,turn,18.7591823037774,0.04657105375093186,-133.90687015647111,True,-1,0.0,477
622,124.4,451,turn,18.7591823037774,0.04657105375093186,-138.90687015647111,True,-1,0.0,478
623,124.60000000000001,451,turn,18.7591823037774,0.04657105375093186,-143.90687015647111,True,-1,0.0,479
624,124.80000000000001,451,turn,18.7591823037774,0.04657105375093186,-148.90687015647111,True,-1,0.0,480
625,125.0,451,turn,18.7591823037774,0.04657105375093186,-153.90687015647111,True,-1,0.0,481
626,125.2,451,turn,18.7591823037774,0.04657105375093186,-158.90687015647111,True,-1,0.0,482
627,125.4,451,turn,18.7591823037774,0.04657105375093186,-163.90687015647111,True,-1,0.0,483
628,125.60000000000001,451,turn,18.7591823037774,0.04657105375093186,-168.90687015647111,True,-1,0.0,484
629,125.80000000000001,451,turn,18.7591823037774,0.04657105375093186,-173.90687015647111,True,-1,0.0,485
630,126.0,451,turn,18.7591823037774,0.04657105375093186,-178.90687015647111,True,-1,0.0,486
631,126.2,451,turn,18.7591823037774,0.04657105375093186,-183.90687015647111,True,-1,0.0,487
632,126.4,452,drive,18.719275259130836,0.04929645052516098,-183.97516561269228,False,-1,0.0,488
633,126.60000000000001,453,drive,18.67937149145383,0.05206941377401279,-183.9999083226039,False,-1,0.0,489
634,126.80000000000001,454,drive,18.63946892497887,0.05485960887678559,-183.9808271998984,False,-1,0.0,490
635,127.0,455,drive,18.59956543150243,0.057636515136561685,-183.9181313013492,False,-1,0.0,491
636,127.2,456,drive,18.55965892328719,0.060369755350504366,-183.81250753634072,False,-1,0.0,492
637,127.4,457,drive,18.519747444204064,0.06302942401351357,-183.6651131409456,False,-1,0.0,493
638,127.60000000000001,458,drive,18.47982925514825,0.06558641101079646,-183.47756299900405,False,-1,0.0,494
639,127.80000000000001,459,drive,18.43990291000948,0.06801271764017143,-183.25191194911858,False,-1,0.0,495
640,128.0,460,drive,18.399967318882517,0.07028176178694794,-182.99063227141227,False,-1,0.0,496
641,128.20000000000002,461,drive,18.36002179575388,0.07236866906313986,-182.69658660071025,False,-1,0.0,497
642,128.4,462,drive,18.32006608857153,0.07425054673136199,-182.3729965629139,False,-1,0.0,498
643,128.6,463,drive,18.2801003903682,0.07590673727610425,-182.02340747819275,False,-1,0.0,499
644,128.8,464,drive,18.24012533093366,0.07731904857501368,-181.65164951771527,False,-1,0.0,500
645,129.0,465,drive,18.200141949381038,0.07847195777239285,-181.26179573949193,False,-1,0.0,501
646,129.20000000000002,466,drive,18.16015164879046,0.07935278617519648,-180.85811746309892,False,-1,0.0,502
647,129.4,467,drive,18.120156134902267,0.07995184278289823,-180.44503747220753,False,-1,0.0,503
648,129.6,468,drive,18.08015734153668,0.08026253442615791,-180.02708155764063,False,-1,0.0,504
649,129.8,469,drive,18.040157346004875,0.08028144091934983,-179.60882893186096,False,-1,0.0,505
650,130.0,470,drive,18.000158278220752,0.08000835411773227,-179.1948620581617,False,-1,0.0,506
651,130.20000000000002,471,drive,17.960162227502977,0.07944628029598509,-178.78971644423913,False,-1,0.0,507
652,130.4,472,drive,17.920171151159533,0.07860140581244238,-178.39783095022162,False,-1,0.0,508
653,130.6,473,drive,17.880186788867817,0.07748302657228534,-178.02349915558887,False,-1,0.0,509
654,130.8,474,drive,17.840210586605394,0.07610344233280444,-177.6708223178169,False,-1,0.0,510
655,131.0,475,drive,17.800243633462436,0.07447781738570587,-177.3436644381427,False,-1,0.0,511
656,131.20000000000002,476,drive,17.76028661409594,0.07262400958947768,-177.04560992675817,False,-1,0.0,512
657,131.4,477,drive,17.720339778894576,0.07056237009744062,-176.77992433126192,False,-1,0.0,513
658,131.6,478,drive,17.68040293314298,0.06831551642771298,-176.54951855863655,False,-1,0.0,514
659,131.8,479,drive,17.64047544564043,0.0659080817486818,-176.3569169827424,False,-1,0.0,515
660,132.0,480,drive,17.60055627637849,0.06336644341159063,-176.20422978674947,False,-1,0.0,516
661,132.20000000000002,481,drive,17.560644022052173,0.06071843385887885,-176.09312984352886,False,-1,0.0,517
662,132.4,482,drive,17.52073697740561,0.057993037084649715,-176.02483438730772,False,-1,0.0,518
663,132.6,483,drive,17.4808332097286,0.0552200738357979,-176.0000916773961,False,-1,0.0,519
664,132.8,484,drive,17.440930643253644,0.052429878733025084,-176.0191728001016,False,-1,0.0,520
665,133.0,485,drive,17.401027149777203,0.049652972473248985,-176.0818686986508,False,-1,0.0,521
666,133.20000000000002,486,drive,17.361120641561964,0.04691973225930629,-176.18749246365928,False,-1,0.0,522
667,133.4,487,drive,17.321209162478837,0.04426006359629709,-176.3348868590544,False,-1,0.0,523
668,133.6,488,drive,17.281290973423022,0.041703076599014184,-176.52243700099595,False,-1,0.0,524
669,133.8,489,drive,17.241364628284252,0.0392767699696392,-176.74808805088145,False,-1,0.0,525
670,134.0,490,drive,17.20142903715729,0.0370077258228627,-177.00936772858776,False,-1,0.0,526
671,134.20000000000002,491,drive,17.161483514028653,0.03492081854667079,-177.30341339928972,False,-1,0.0,527
672,134.4,492,drive,17.121527806846302,0.03303894087844864,-177.62700343708613,False,-1,0.0,528
673,134.6,493,drive,17.081562108642974,0.03138275033370638,-177.97659252180725,False,-1,0.0,529
674,134.8,494,drive,17.041587049208434,0.029970439034796948,-178.3483504822847,False,-1,0.0,530
675,135.0,495,drive,17.00160366765581,0.02881752983741774,-178.7382042605081,False,-1,0.0,531
676,135.20000000000002,496,drive,16.961613367065233,0.027936701434614148,-179.1418825369011,False,-1,0.0,532
677,135.4,497,drive,16.92161785317704,0.0273376448269124,-179.55496252779247,False,-1,0.0,533
678,135.6,498,drive,16.881619059811452,0.0270269531836527,-179.9729184423594,False,-1,0.0,534
679,135.8,499,drive,16.841619064279648,0.02700804669046079,-180.39117106813902,False,-1,0.0,535
680,136.0,500,drive,16.801619996495525,0.02728113349207832,-180.80513794183832,False,-1,0.0,536
681,136.20000000000002,500,probe,16.801619996495525,0.02728113349207832,-185.80513794183832,False,4,-5.0,1577
682,136.4,500,probe,16.801619996495525,0.02728113349207832,-190.80513794183832,False,4,-10.0,1578
683,136.6,500,probe,16.801619996495525,0.02728113349207832,-195.80513794183832,False,4,-15.0,1579
684,136.8,500,probe,16.801619996495525,0.02728113349207832,-200.80513794183832,False,4,-20.0,1580
685,137.0,500,probe,16.801619996495525,0.02728113349207832,-205.80513794183832,False,4,-25.0,1581
686,137.20000000000002,500,probe,16.801619996495525,0.02728113349207832,-210.80513794183832,False,4,-30.0,1582
687,137.4,500,probe,16.801619996495525,0.02728113349207832,-215.80513794183832,False,4,-35.0,1583
688,137.6,500,probe,16.801619996495525,0.02728113349207832,-220.80513794183832,False,4,-40.0,1584
689,137.8,500,probe,16.801619996495525,0.02728113349207832,-225.80513794183832,False,4,-45.0,1585
690,138.0,500,probe,16.801619996495525,0.02728113349207832,-220.80513794183832,False,4,-40.0,1584
691,138.20000000000002,500,probe,16.801619996495525,0.02728113349207832,-215.80513794183832,False,4,-35.0,1583
692,138.4,500,probe,16.801619996495525,0.02728113349207832,-210.80513794183832,False,4,-30.0,1582
693,138.6,500,probe,16.801619996495525,0.02728113349207832,-205.80513794183832,False,4,-25.0,1581
694,138.8,500,probe,16.801619996495525,0.02728113349207832,-200.80513794183832,False,4,-20.0,1580
695,139.0,500,probe,16.801619996495525,0.02728113349207832,-195.80513794183832,False,4,-15.0,1579
696,139.20000000000002,500,probe,16.801619996495525,0.02728113349207832,-190.80513794183832,False,4,-10.0,1578
697,139.4,500,probe,16.801619996495525,0.02728113349207832,-185.80513794183832,False,4,-5.0,1577
698,139.6,500,probe,16.801619996495525,0.02728113349207832,-180.80513794183832,False,4,0.0,536
699,139.8,500,probe,16.801619996495525,0.02728113349207832,-175.80513794183832,False,4,5.0,1586
700,140.0,500,probe,16.801619996495525,0.02728113349207832,-170.80513794183832,False,4,10.0,1587
701,140.20000000000002,500,probe,16.801619996495525,0.02728113349207832,-165.80513794183832,False,4,15.0,1588
702,140.4,500,probe,16.801619996495525,0.02728113349207832,-160.80513794183832,False,4,20.0,1589
703,140.6,500,probe,16.801619996495525,0.02728113349207832,-155.80513794183832,False,4,25.0,1590
704,140.8,500,probe,16.801619996495525,0.02728113349207832,-150.80513794183832,False,4,30.0,1591
705,141.0,500,probe,16.801619996495525,0.02728113349207832,-145.80513794183832,False,4,35.0,1592
706,141.20000000000002,500,probe,16.801619996495525,0.02728113349207832,-140.80513794183832,False,4,40.0,1593
707,141.4,500,probe,16.801619996495525,0.02728113349207832,-135.80513794183832,False,4,45.0,1594
708,141.6,500,probe,16.801619996495525,0.02728113349207832,-140.80513794183832,False,4,40.0,1593
709,141.8,500,probe,16.801619996495525,0.02728113349207832,-145.80513794183832,False,4,35.0,1592
710,142.0,500,probe,16.801619996495525,0.02728113349207832,-150.80513794183832,False,4,30.0,1591
711,142.20000000000002,500,probe,16.801619996495525,0.02728113349207832,-155.80513794183832,False,4,25.0,1590
712,142.4,500,probe,16.801619996495525,0.02728113349207832,-160.80513794183832,False,4,20.0,1589
713,142.6,500,probe,16.801619996495525,0.02728113349207832,-165.80513794183832,False,4,15.0,1588
714,142.8,500,probe,16.801619996495525,0.02728113349207832,-170.80513794183832,False,4,10.0,1587
715,143.0,500,probe,16.801619996495525,0.02728113349207832,-175.80513794183832,False,4,5.0,1586
716,143.20000000000002,500,probe,16.801619996495525,0.02728113349207832,-180.80513794183832,False,4,0.0,536
717,143.4,501,drive,16.76162394577775,0.02784320731382551,-181.21028355576084,False,-1,0.0,537
718,143.6,502,drive,16.721632869434305,0.028688081797368203,-181.6021690497784,False,-1,0.0,538
719,143.8,503,drive,16.68164850714259,0.029806461037525246,-181.97650084441113,False,-1,0.0,539
720,144.0,504,drive,16.641672304880167,0.031186045277006143,-182.32917768218311,False,-1,0.0,540
721,144.20000000000002,505,drive,16.60170535173721,0.032811670224104715,-182.65633556185728,False,-1,0.0,541
722,144.4,506,drive,16.561748332370712,0.03466547802033288,-182.95439007324185,False,-1,0.0,542
723,144.6,507,drive,16.52180149716935,0.03672711751236997,-183.22007566873808,False,-1,0.0,543
724,144.8,508,drive,16.48186465141775,0.038973971182097604,-183.45048144136348,False,-1,0.0,544
725,145.0,509,drive,16.441937163915203,0.04138140586112881,-183.6430830172576,False,-1,0.0,545
726,145.20000000000002,510,drive,16.402017994653264,0.043923044198219977,-183.79577021325053,False,-1,0.0,546
727,145.4,511,drive,16.362105740326946,0.04657105375093175,-183.90687015647111,False,-1,0.0,547
728,145.6,512,drive,16.32219869568038,0.04929645052516087,-183.97516561269228,False,-1,0.0,548
729,145.8,513,drive,16.282294928003374,0.05206941377401268,-183.9999083226039,False,-1,0.0,549
730,146.0,514,drive,16.242392361528417,0.05485960887678548,-183.9808271998984,False,-1,0.0,550
731,146.20000000000002,515,drive,16.202488868051976,0.057636515136561574,-183.9181313013492,False,-1,0.0,551
732,146.4,516,drive,16.162582359836737,0.060369755350504255,-183.81250753634072,False,-1,0.0,552
733,146.6,517,drive,16.12267088075361,0.06302942401351345,-183.6651131409456,False,-1,0.0,553
734,146.8,518,drive,16.082752691697795,0.06558641101079635,-183.47756299900408,False,-1,0.0,554
735,147.0,519,drive,16.042826346559025,0.06801271764017133,-183.25191194911858,False,-1,0.0,555
736,147.20000000000002,520,drive,16.002890755432063,0.07028176178694784,-182.99063227141224,False,-1,0.0,556
737,147.4,521,drive,15.962945232303424,0.07236866906313975,-182.69658660071025,False,-1,0.0,557
738,147.6,522,drive,15.922989525121071,0.07425054673136187,-182.37299656291387,False,-1,0.0,558
739,147.8,523,drive,15.883023826917743,0.07590673727610413,-182.02340747819275,False,-1,0.0,559
740,148.0,524,drive,15.843048767483204,0.07731904857501355,-181.6516495177153,False,-1,0.0,560
741,148.20000000000002,525,drive,15.803065385930582,0.07847195777239276,-181.2617957394919,False,-1,0.0,561
742,148.4,526,drive,15.763075085340004,0.07935278617519635,-180.85811746309892,False,-1,0.0,562
743,148.6,527,drive,15.723079571451809,0.0799518427828981,-180.44503747220753,False,-1,0.0,563
744,148.8,528,drive,15.683080778086223,0.08026253442615779,-180.02708155764063,False,-1,0.0,564
745,149.0,529,drive,15.643080782554417,0.0802814409193497,-179.60882893186096,False,-1,0.0,565
746,149.20000000000002,530,drive,15.603081714770296,0.08000835411773215,-179.1948620581617,False,-1,0.0,566
747,149.4,531,drive,15.56308566405252,0.07944628029598497,-178.78971644423916,False,-1,0.0,567
748,149.6,532,drive,15.523094587709078,0.07860140581244227,-178.39783095022162,False,-1,0.0,568
749,149.8,533,drive,15.483110225417363,0.07748302657228523,-178.02349915558887,False,-1,0.0,569
750,150.0,534,drive,15.44313402315494,0.07610344233280433,-177.6708223178169,False,-1,0.0,570
751,150.20000000000002,535,drive,15.403167070011982,0.07447781738570576,-177.34366443814272,False,-1,0.0,571
752,150.4,536,drive,15.363210050645485,0.07262400958947758,-177.04560992675817,False,-1,0.0,572
753,150.6,537,drive,15.323263215444122,0.07056237009744053,-176.77992433126195,False,-1,0.0,573
754,150.8,538,drive,15.283326369692524,0.0683155164277129,-176.54951855863655,False,-1,0.0,574
755,151.0,539,drive,15.243398882189975,0.06590808174868172,-176.3569169827424,False,-1,0.0,575
756,151.20000000000002,540,drive,15.203479712928035,0.06336644341159055,-176.20422978674947,False,-1,0.0,576
757,151.4,541,drive,15.163567458601715,0.06071843385887877,-176.09312984352889,False,-1,0.0,577
758,151.6,542,drive,15.123660413955148,0.05799303708464965,-176.02483438730772,False,-1,0.0,578
759,151.8,543,drive,15.083756646278141,0.055220073835797835,-176.0000916773961,False,-1,0.0,579
760,152.0,544,drive,15.043854079803182,0.05242987873302502,-176.0191728001016,False,-1,0.0,580
761,152.20000000000002,545,drive,15.003950586326742,0.04965297247324892,-176.0818686986508,False,-1,0.0,581
762,152.4,546,drive,14.964044078111503,0.04691973225930623,-176.18749246365928,False,-1,0.0,582
763,152.6,547,drive,14.924132599028374,0.04426006359629703,-176.3348868590544,False,-1,0.0,583
764,152.8,548,drive,14.884214409972559,0.04170307659901412,-176.52243700099595,False,-1,0.0,584
765,153.0,549,drive,14.844288064833789,0.039276769969639136,-176.74808805088142,False,-1,0.0,585
766,153.20000000000002,550,drive,14.804352473706826,0.03700772582286262,-177.00936772858776,False,-1,0.0,586
767,153.4,551,drive,14.764406950578188,0.03492081854667071,-177.30341339928972,False,-1,0.0,587
768,153.60000000000002,552,drive,14.724451243395835,0.03303894087844856,-177.62700343708613,False,-1,0.0,588
769,153.8,553,drive,14.684485545192507,0.0313827503337063,-177.97659252180725,False,-1,0.0,589
770,154.0,554,drive,14.644510485757968,0.029970439034796865,-178.3483504822847,False,-1,0.0,590
771,154.20000000000002,555,drive,14.604527104205346,0.028817529837417658,-178.7382042605081,False,-1,0.0,591
772,154.4,556,drive,14.564536803614768,0.027936701434614065,-179.14188253690108,False,-1,0.0,592
773,154.60000000000002,557,drive,14.524541289726573,0.0273376448269123,-179.55496252779247,False,-1,0.0,593
774,154.8,558,drive,14.484542496360987,0.0270269531836526,-179.97291844235943,False,-1,0.0,594
775,155.0,559,drive,14.444542500829181,0.027008046690460707,-180.39117106813902,False,-1,0.0,595
776,155.20000000000002,560,drive,14.40454343304506,0.02728113349207824,-180.8051379418383,False,-1,0.0,596
777,155.4,561,drive,14.364547382327284,0.02784320731382541,-181.21028355576087,False,-1,0.0,597
778,155.60000000000002,562,drive,14.324556305983842,0.02868808179736812,-181.60216904977838,False,-1,0.0,598
779,155.8,563,drive,14.284571943692127,0.029806461037525146,-181.97650084441113,False,-1,0.0,599
780,156.0,564,drive,14.244595741429704,0.031186045277006046,-182.3291776821831,False,-1,0.0,600
781,156.20000000000002,565,drive,14.204628788286746,0.032811670224104604,-182.65633556185728,False,-1,0.0,601
782,156.4,566,drive,14.164671768920249,0.03466547802033277,-182.95439007324183,False,-1,0.0,602
783,156.60000000000002,567,drive,14.124724933718886,0.03672711751236984,-183.22007566873808,False,-1,0.0,603
784,156.8,568,drive,14.084788087967288,0.03897397118209747,-183.45048144136345,False,-1,0.0,604
785,157.0,569,drive,14.04486060046474,0.041381405861128644,-183.64308301725762,False,-1,0.0,605
786,157.20000000000002,570,drive,14.004941431202798,0.04392304419821983,-183.79577021325053,False,-1,0.0,606
787,157.4,571,drive,13.96502917687648,0.046571053750931596,-183.90687015647111,False,-1,0.0,607
788,157.60000000000002,572,drive,13.925122132229912,0.04929645052516072,-183.97516561269228,False,-1,0.0,608
789,157.8,573,drive,13.885218364552905,0.05206941377401253,-183.9999083226039,False,-1,0.0,609
790,158.0,574,drive,13.845315798077946,0.05485960887678533,-183.9808271998984,False,-1,0.0,610
791,158.20000000000002,575,drive,13.805412304601505,0.05763651513656142,-183.9181313013492,False,-1,0.0,611
792,158.4,576,drive,13.765505796386266,0.0603697553505041,-183.81250753634072,False,-1,0.0,612
793,158.60000000000002,577,drive,13.725594317303138,0.0630294240135133,-183.6651131409456,False,-1,0.0,613
794,158.8,578,drive,13.685676128247323,0.0655864110107962,-183.47756299900408,False,-1,0.0,614
795,159.0,579,drive,13.645749783108553,0.06801271764017118,-183.25191194911858,False,-1,0.0,615
796,159.20000000000002,580,drive,13.60581419198159,0.07028176178694769,-182.99063227141224,False,-1,0.0,616
797,159.4,581,drive,13.565868668852952,0.0723686690631396,-182.69658660071028,False,-1,0.0,617
798,159.60000000000002,582,drive,13.525912961670599,0.07425054673136176,-182.37299656291387,False,-1,0.0,618
799,159.8,583,drive,13.48594726346727,0.07590673727610402,-182.02340747819272,False,-1,0.0,619
800,160.0,584,drive,13.445972204032731,0.07731904857501343,-181.6516495177153,False,-1,0.0,620
801,160.20000000000002,585,drive,13.40598882248011,0.07847195777239263,-181.26179573949193,False,-1,0.0,621
802,160.4,586,drive,13.365998521889532,0.07935278617519625,-180.8581174630989,False,-1,0.0,622
803,160.60000000000002,587,drive,13.326003008001337,0.07995184278289799,-180.44503747220756,False,-1,0.0,623
804,160.8,588,drive,13.286004214635751,0.0802625344261577,-180.0270815576406,False,-1,0.0,624
805,161.0,589,drive,13.246004219103945,0.0802814409193496,-179.60882893186098,False,-1,0.0,625
806,161.20000000000002,590,drive,13.206005151319824,0.08000835411773206,-179.1948620581617,False,-1,0.0,626
807,161.4,591,drive,13.166009100602048,0.07944628029598488,-178.78971644423913,False,-1,0.0,627
808,161.60000000000002,592,drive,13.126018024258606,0.07860140581244217,-178.39783095022162,False,-1,0.0,628
809,161.8,593,drive,13.08603366196689,0.07748302657228513,-178.0234991555889,False,-1,0.0,629
810,162.0,594,drive,13.046057459704468,0.07610344233280426,-177.67082231781689,False,-1,0.0,630
811,162.20000000000002,595,drive,13.00609050656151,0.07447781738570568,-177.34366443814272,False,-1,0.0,631
812,162.4,596,drive,12.966133487195012,0.0726240095894775,-177.04560992675817,False,-1,0.0,632
813,162.60000000000002,597,drive,12.92618665199365,0.07056237009744044,-176.77992433126192,False,-1,0.0,633
814,162.8,598,drive,12.886249806242052,0.0683155164277128,-176.54951855863655,False,-1,0.0,634
815,163.0,599,drive,12.846322318739503,0.06590808174868162,-176.3569169827424,False,-1,0.0,635
816,163.20000000000002,600,drive,12.806403149477562,0.06336644341159045,-176.20422978674947,False,-1,0.0,636
817,163.4,600,probe,12.806403149477562,0.06336644341159045,-181.20422978674947,False,5,-5.0,1613
818,163.60000000000002,600,probe,12.806403149477562,0.06336644341159045,-186.20422978674947,False,5,-10.0,1614
819,163.8,600,probe,12.806403149477562,0.06336644341159045,-191.20422978674947,False,5,-15.0,1615
820,164.0,600,probe,12.806403149477562,0.06336644341159045,-196.20422978674947,False,5,-20.0,1616
821,164.20000000000002,600,probe,12.806403149477562,0.06336644341159045,-201.20422978674947,False,5,-25.0,1617
822,164.4,600,probe,12.806403149477562,0.06336644341159045,-206.20422978674947,False,5,-30.0,1618
823,164.60000000000002,600,probe,12.806403149477562,0.06336644341159045,-211.20422978674947,False,5,-35.0,1619
824,164.8,600,probe,12.806403149477562,0.06336644341159045,-216.20422978674947,False,5,-40.0,1620
825,165.0,600,probe,12.806403149477562,0.06336644341159045,-221.20422978674947,False,5,-45.0,1621
826,165.20000000000002,600,probe,12.806403149477562,0.06336644341159045,-216.20422978674947,False,5,-40.0,1620
827,165.4,600,probe,12.806403149477562,0.06336644341159045,-211.20422978674947,False,5,-35.0,1619
828,165.60000000000002,600,probe,12.806403149477562,0.06336644341159045,-206.20422978674947,False,5,-30.0,1618
829,165.8,600,probe,12.806403149477562,0.06336644341159045,-201.20422978674947,False,5,-25.0,1617
830,166.0,600,probe,12.806403149477562,0.06336644341159045,-196.20422978674947,False,5,-20.0,1616
831,166.20000000000002,600,probe,12.806403149477562,0.06336644341159045,-191.20422978674947,False,5,-15.0,1615
832,166.4,600,probe,12.806403149477562,0.06336644341159045,-186.20422978674947,False,5,-10.0,1614
833,166.60000000000002,600,probe,12.806403149477562,0.06336644341159045,-181.20422978674947,False,5,-5.0,1613
834,166.8,600,probe,12.806403149477562,0.06336644341159045,-176.20422978674947,False,5,0.0,636
835,167.0,600,probe,12.806403149477562,0.06336644341159045,-171.20422978674947,False,5,5.0,1622
836,167.20000000000002,600,probe,12.806403149477562,0.06336644341159045,-166.20422978674947,False,5,10.0,1623
837,167.4,600,probe,12.806403149477562,0.06336644341159045,-161.20422978674947,False,5,15.0,1624
838,167.60000000000002,600,probe,12.806403149477562,0.06336644341159045,-156.20422978674947,False,5,20.0,1625
839,167.8,600,probe,12.806403149477562,0.06336644341159045,-151.20422978674947,False,5,25.0,1626
840,168.0,600,probe,12.806403149477562,0.06336644341159045,-146.20422978674947,False,5,30.0,1627
841,168.20000000000002,600,probe,12.806403149477562,0.06336644341159045,-141.20422978674947,False,5,35.0,1628
842,168.4,600,probe,12.806403149477562,0.06336644341159045,-136.20422978674947,False,5,40.0,1629
843,168.60000000000002,600,probe,12.806403149477562,0.06336644341159045,-131.20422978674947,False,5,45.0,1630
844,168.8,600,probe,12.806403149477562,0.06336644341159045,-136.20422978674947,False,5,40.0,1629
845,169.0,600,probe,12.806403149477562,0.06336644341159045,-141.20422978674947,False,5,35.0,1628
846,169.20000000000002,600,probe,12.806403149477562,0.06336644341159045,-146.20422978674947,False,5,30.0,1627
847,169.4,600,probe,12.806403149477562,0.06336644341159045,-151.20422978674947,False,5,25.0,1626
848,169.60000000000002,600,probe,12.806403149477562,0.06336644341159045,-156.20422978674947,False,5,20.0,1625
849,169.8,600,probe,12.806403149477562,0.06336644341159045,-161.20422978674947,False,5,15.0,1624
850,170.0,600,probe,12.806403149477562,0.06336644341159045,-166.20422978674947,False,5,10.0,1623
851,170.20000000000002,600,probe,12.806403149477562,0.06336644341159045,-171.20422978674947,False,5,5.0,1622
852,170.4,600,probe,12.806403149477562,0.06336644341159045,-176.20422978674947,False,5,0.0,636
853,170.60000000000002,601,drive,12.766490895151243,0.06071843385887867,-176.09312984352889,False,-1,0.0,637
854,170.8,602,drive,12.726583850504676,0.057993037084649555,-176.02483438730772,False,-1,0.0,638
855,171.0,603,drive,12.68668008282767,0.05522007383579774,-176.0000916773961,False,-1,0.0,639
856,171.20000000000002,604,drive,12.64677751635271,0.052429878733024925,-176.0191728001016,False,-1,0.0,640
857,171.4,605,drive,12.60687402287627,0.049652972473248826,-176.0818686986508,False,-1,0.0,641
858,171.60000000000002,606,drive,12.56696751466103,0.04691973225930613,-176.18749246365925,False,-1,0.0,642
859,171.8,607,drive,12.527056035577901,0.04426006359629692,-176.3348868590544,False,-1,0.0,643
860,172.0,608,drive,12.487137846522087,0.04170307659901401,-176.52243700099592,False,-1,0.0,644
861,172.20000000000002,609,drive,12.447211501383316,0.03927676996963901,-176.7480880508814,False,-1,0.0,645
862,172.4,610,drive,12.407275910256354,0.03700772582286248,-177.00936772858776,False,-1,0.0,646
863,172.60000000000002,611,drive,12.367330387127716,0.03492081854667057,-177.30341339928972,False,-1,0.0,647
864,172.8,612,drive,12.327374679945363,0.03303894087844842,-177.6270034370861,False,-1,0.0,648
865,173.0,613,drive,12.287408981742034,0.03138275033370615,-177.97659252180725,False,-1,0.0,649
866,173.20000000000002,614,drive,12.247433922307495,0.029970439034796712,-178.34835048228467,False,-1,0.0,650
867,173.4,615,drive,12.207450540754873,0.028817529837417487,-178.73820426050804,False,-1,0.0,651
868,173.60000000000002,616,drive,12.167460240164296,0.02793670143461384,-179.1418825369011,False,-1,0.0,652
869,173.8,617,drive,12.1274647262761,0.027337644826912092,-179.5549625277924,False,-1,0.0,653
870,174.0,618,drive,12.087465932910515,0.027026953183652357,-179.9729184423594,False,-1,0.0,654
871,174.20000000000002,619,drive,12.047465937378709,0.027008046690460447,-180.39117106813896,False,-1,0.0,655
872,174.4,620,drive,12.007466869594587,0.027281133492077943,-180.80513794183827,False,-1,0.0,656
873,174.60000000000002,621,drive,11.967470818876812,0.027843207313825096,-181.2102835557608,False,-1,0.0,657
874,174.8,622,drive,11.92747974253337,0.028688081797367773,-181.60216904977835,False,-1,0.0,658
875,175.0,623,drive,11.887495380241655,0.02980646103752478,-181.97650084441108,False,-1,0.0,659
876,175.20000000000002,624,drive,11.847519177979231,0.031186045277005643,-182.3291776821831,False,-1,0.0,660
877,175.4,625,drive,11.807552224836273,0.0328116702241042,-182.65633556185725,False,-1,0.0,661
878,175.60000000000002,626,drive,11.767595205469776,0.034665478020332346,-182.9543900732418,False,-1,0.0,662
879,175.8,627,drive,11.727648370268414,0.036727117512369394,-183.22007566873805,False,-1,0.0,663
880,176.0,628,drive,11.687711524516816,0.038973971182097014,-183.45048144136345,False,-1,0.0,664
881,176.20000000000002,629,drive,11.647784037014267,0.041381405861128186,-183.6430830172576,False,-1,0.0,665
882,176.4,630,drive,11.607864867752326,0.04392304419821935,-183.79577021325053,False,-1,0.0,666
883,176.60000000000002,631,drive,11.567952613426007,0.046571053750931124,-183.90687015647111,False,-1,0.0,667
884,176.8,632,drive,11.52804556877944,0.04929645052516025,-183.97516561269228,False,-1,0.0,668
885,177.0,633,drive,11.488141801102433,0.05206941377401206,-183.9999083226039,False,-1,0.0,669
886,177.20000000000002,634,drive,11.448239234627474,0.05485960887678486,-183.9808271998984,False,-1,0.0,670
887,177.4,635,drive,11.408335741151033,0.05763651513656095,-183.9181313013492,False,-1,0.0,671
888,177.60000000000002,636,drive,11.368429232935794,0.06036975535050363,-183.81250753634075,False,-1,0.0,672
889,177.8,637,drive,11.328517753852665,0.06302942401351286,-183.6651131409456,False,-1,0.0,673
890,178.0,638,drive,11.28859956479685,0.06558641101079575,-183.47756299900408,False,-1,0.0,674
891,178.20000000000002,639,drive,11.24867321965808,0.06801271764017074,-183.25191194911858,False,-1,0.0,675
892,178.4,640,drive,11.208737628531118,0.07028176178694724,-182.99063227141227,False,-1,0.0,676
893,178.60000000000002,641,drive,11.16879210540248,0.07236866906313917,-182.69658660071025,False,-1,0.0,677
894,178.8,642,drive,11.128836398220127,0.07425054673136129,-182.37299656291393,False,-1,0.0,678
895,179.0,643,drive,11.088870700016798,0.07590673727610357,-182.0234074781928,False,-1,0.0,679
896,179.20000000000002,644,drive,11.04889564058226,0.07731904857501305,-181.65164951771536,False,-1,0.0,680
897,179.4,645,drive,11.008912259029637,0.07847195777239228,-181.26179573949196,False,-1,0.0,681
898,179.60000000000002,646,drive,10.96892195843906,0.07935278617519592,-180.8581174630989,False,-1,0.0,682
899,179.8,647,drive,10.928926444550864,0.07995184278289766,-180.4450374722076,False,-1,0.0,683
900,180.0,648,drive,10.888927651185279,0.08026253442615738,-180.02708155764066,False,-1,0.0,684
901,180.20000000000002,649,drive,10.848927655653473,0.08028144091934931,-179.60882893186096,False,-1,0.0,685
902,180.4,650,drive,10.808928587869351,0.08000835411773176,-179.19486205816173,False,-1,0.0,686
903,180.60000000000002,651,drive,10.768932537151576,0.07944628029598462,-178.7897164442391,False,-1,0.0,687
904,180.8,652,drive,10.728941460808134,0.07860140581244188,-178.39783095022165,False,-1,0.0,688
905,181.0,653,drive,10.688957098516418,0.07748302657228485,-178.02349915558895,False,-1,0.0,689
906,181.20000000000002,654,drive,10.648980896253995,0.07610344233280401,-177.67082231781694,False,-1,0.0,690
907,181.4,655,drive,10.609013943111037,0.07447781738570547,-177.34366443814272,False,-1,0.0,691
908,181.60000000000002,656,drive,10.56905692374454,0.07262400958947729,-177.04560992675817,False,-1,0.0,692
909,181.8,657,drive,10.529110088543177,0.07056237009744024,-176.77992433126195,False,-1,0.0,693
910,182.0,658,drive,10.48917324279158,0.06831551642771261,-176.54951855863655,False,-1,0.0,694
911,182.20000000000002,659,drive,10.44924575528903,0.06590808174868143,-176.3569169827424,False,-1,0.0,695
912,182.4,660,drive,10.40932658602709,0.06336644341159026,-176.20422978674947,False,-1,0.0,696
913,182.60000000000002,661,drive,10.36941433170077,0.06071843385887848,-176.09312984352889,False,-1,0.0,697
914,182.8,662,drive,10.329507287054204,0.05799303708464936,-176.02483438730772,False,-1,0.0,698
915,183.0,663,drive,10.289603519377197,0.055220073835797544,-176.0000916773961,False,-1,0.0,699
916,183.20000000000002,664,drive,10.249700952902238,0.05242987873302473,-176.0191728001016,False,-1,0.0,700
917,183.4,665,drive,10.209797459425797,0.04965297247324863,-176.0818686986508,False,-1,0.0,701
918,183.60000000000002,666,drive,10.169890951210558,0.04691973225930594,-176.18749246365928,False,-1,0.0,702
919,183.8,667,drive,10.12997947212743,0.044260063596296736,-176.33488685905436,False,-1,0.0,703
920,184.0,668,drive,10.090061283071615,0.04170307659901381,-176.52243700099592,False,-1,0.0,704
921,184.20000000000002,669,drive,10.050134937932844,0.03927676996963881,-176.7480880508814,False,-1,0.0,705
922,184.4,670,drive,10.010199346805882,0.03700772582286228,-177.00936772858773,False,-1,0.0,706
923,184.60000000000002,671,drive,9.970253823677243,0.03492081854667033,-177.30341339928975,False,-1,0.0,707
924,184.8,672,drive,9.93029811649489,0.033038940878448206,-177.62700343708607,False,-1,0.0,708
925,185.0,673,drive,9.890332418291562,0.03138275033370591,-177.97659252180722,False,-1,0.0,709
926,185.20000000000002,674,drive,9.850357358857023,0.02997043903479646,-178.3483504822847,False,-1,0.0,710
927,185.4,675,drive,9.810373977304401,0.02881752983741725,-178.73820426050807,False,-1,0.0,711
928,185.60000000000002,676,drive,9.770383676713823,0.027936701434613624,-179.14188253690114,False,-1,0.0,712
929,185.8,677,drive,9.730388162825628,0.027337644826911894,-179.55496252779244,False,-1,0.0,713
930,186.0,678,drive,9.690389369460043,0.027026953183652176,-179.97291844235932,False,-1,0.0,714
931,186.20000000000002,679,drive,9.650389373928236,0.027008046690460214,-180.391171068139,False,-1,0.0,715
932,186.4,680,drive,9.610390306144115,0.02728113349207773,-180.8051379418383,False,-1,0.0,716
933,186.60000000000002,681,drive,9.57039425542634,0.0278432073138249,-181.21028355576084,False,-1,0.0,717
934,186.8,682,drive,9.530403179082898,0.028688081797367593,-181.60216904977838,False,-1,0.0,718
935,187.0,683,drive,9.490418816791182,0.029806461037524618,-181.97650084441105,False,-1,0.0,719
936,187.20000000000002,684,drive,9.45044261452876,0.031186045277005445,-182.3291776821831,False,-1,0.0,720
937,187.4,685,drive,9.410475661385801,0.032811670224104,-182.65633556185728,False,-1,0.0,721
938,187.60000000000002,686,drive,9.370518642019304,0.034665478020332166,-182.95439007324183,False,-1,0.0,722
939,187.8,687,drive,9.330571806817941,0.036727117512369234,-183.22007566873808,False,-1,0.0,723
940,188.0,688,drive,9.290634961066344,0.03897397118209687,-183.45048144136342,False,-1,0.0,724
941,188.20000000000002,689,drive,9.250707473563795,0.041381405861128026,-183.6430830172576,False,-1,0.0,725
942,188.4,690,drive,9.210788304301854,0.04392304419821919,-183.79577021325053,False,-1,0.0,726
943,188.60000000000002,691,drive,9.170876049975535,0.04657105375093096,-183.90687015647111,False,-1,0.0,727
944,188.8,692,drive,9.130969005328968,0.04929645052516008,-183.97516561269225,False,-1,0.0,728
945,189.0,693,drive,9.09106523765196,0.05206941377401187,-183.9999083226039,False,-1,0.0,729
946,189.20000000000002,694,drive,9.051162671177002,0.05485960887678467,-183.9808271998984,False,-1,0.0,730
947,189.4,695,drive,9.01125917770056,0.05763651513656076,-183.9181313013492,False,-1,0.0,731
948,189.60000000000002,696,drive,8.971352669485322,0.06036975535050344,-183.81250753634075,False,-1,0.0,732
949,189.8,697,drive,8.931441190402193,0.06302942401351266,-183.66511314094564,False,-1,0.0,733
950,190.0,698,drive,8.891523001346378,0.06558641101079558,-183.47756299900408,False,-1,0.0,734
951,190.20000000000002,699,drive,8.851596656207608,0.06801271764017057,-183.2519119491186,False,-1,0.0,735
952,190.4,700,drive,8.811661065080646,0.07028176178694709,-182.99063227141227,False,-1,0.0,736
953,190.60000000000002,700,probe,8.811661065080646,0.07028176178694709,-187.99063227141227,False,6,-5.0,1649
954,190.8,700,probe,8.811661065080646,0.07028176178694709,-192.99063227141227,False,6,-10.0,1650
955,191.0,700,probe,8.811661065080646,0.07028176178694709,-197.99063227141227,False,6,-15.0,1651
956,191.20000000000002,700,probe,8.811661065080646,0.07028176178694709,-202.99063227141227,False,6,-20.0,1652
957,191.4,700,probe,8.811661065080646,0.07028176178694709,-207.99063227141227,False,6,-25.0,1653
958,191.60000000000002,700,probe,8.811661065080646,0.07028176178694709,-212.99063227141227,False,6,-30.0,1654
959,191.8,700,probe,8.811661065080646,0.07028176178694709,-217.99063227141227,False,6,-35.0,1655
960,192.0,700,probe,8.811661065080646,0.07028176178694709,-222.99063227141227,False,6,-40.0,1656
961,192.20000000000002,700,probe,8.811661065080646,0.07028176178694709,-227.99063227141227,False,6,-45.0,1657
962,192.4,700,probe,8.811661065080646,0.07028176178694709,-222.99063227141227,False,6,-40.0,1656
963,192.60000000000002,700,probe,8.811661065080646,0.07028176178694709,-217.99063227141227,False,6,-35.0,1655
964,192.8,700,probe,8.811661065080646,0.07028176178694709,-212.99063227141227,False,6,-30.0,1654
965,193.0,700,probe,8.811661065080646,0.07028176178694709,-207.99063227141227,False,6,-25.0,1653
966,193.20000000000002,700,probe,8.811661065080646,0.07028176178694709,-202.99063227141227,False,6,-20.0,1652
967,193.4,700,probe,8.811661065080646,0.07028176178694709,-197.99063227141227,False,6,-15.0,1651
968,193.60000000000002,700,probe,8.811661065080646,0.07028176178694709,-192.99063227141227,False,6,-10.0,1650
969,193.8,700,probe,8.811661065080646,0.07028176178694709,-187.99063227141227,False,6,-5.0,1649
970,194.0,700,probe,8.811661065080646,0.07028176178694709,-182.99063227141227,False,6,0.0,736
971,194.20000000000002,700,probe,8.811661065080646,0.07028176178694709,-177.99063227141227,False,6,5.0,1658
972,194.4,700,probe,8.811661065080646,0.07028176178694709,-172.99063227141227,False,6,10.0,1659
973,194.60000000000002,700,probe,8.811661065080646,0.07028176178694709,-167.99063227141227,False,6,15.0,1660
974,194.8,700,probe,8.811661065080646,0.07028176178694709,-162.99063227141227,False,6,20.0,1661
975,195.0,700,probe,8.811661065080646,0.07028176178694709,-157.99063227141227,False,6,25.0,1662
976,195.20000000000002,700,probe,8.811661065080646,0.07028176178694709,-152.99063227141227,False,6,30.0,1663
977,195.4,700,probe,8.811661065080646,0.07028176178694709,-147.99063227141227,False,6,35.0,1664
978,195.60000000000002,700,probe,8.811661065080646,0.07028176178694709,-142.99063227141227,False,6,40.0,1665
979,195.8,700,probe,8.811661065080646,0.07028176178694709,-137.99063227141227,False,6,45.0,1666
980,196.0,700,probe,8.811661065080646,0.07028176178694709,-142.99063227141227,False,6,40.0,1665
981,196.20000000000002,700,probe,8.811661065080646,0.07028176178694709,-147.99063227141227,False,6,35.0,1664
982,196.4,700,probe,8.811661065080646,0.07028176178694709,-152.99063227141227,False,6,30.0,1663
983,196.60000000000002,700,probe,8.811661065080646,0.07028176178694709,-157.99063227141227,False,6,25.0,1662
984,196.8,700,probe,8.811661065080646,0.07028176178694709,-162.99063227141227,False,6,20.0,1661
985,197.0,700,probe,8.811661065080646,0.07028176178694709,-167.99063227141227,False,6,15.0,1660
986,197.20000000000002,700,probe,8.811661065080646,0.07028176178694709,-172.99063227141227,False,6,10.0,1659
987,197.4,700,probe,8.811661065080646,0.07028176178694709,-177.99063227141227,False,6,5.0,1658
988,197.60000000000002,700,probe,8.811661065080646,0.07028176178694709,-182.99063227141227,False,6,0.0,736
989,197.8,701,drive,8.771715541952007,0.07236866906313902,-182.69658660071025,False,-1,0.0,737
990,198.0,702,drive,8.731759834769655,0.07425054673136114,-182.3729965629139,False,-1,0.0,738
991,198.20000000000002,703,drive,8.691794136566326,0.0759067372761034,-182.02340747819284,False,-1,0.0,739
992,198.4,704,drive,8.651819077131787,0.0773190485750129,-181.65164951771533,False,-1,0.0,740
993,198.60000000000002,705,drive,8.611835695579165,0.07847195777239212,-181.261795739492,False,-1,0.0,741
994,198.8,706,drive,8.571845394988587,0.07935278617519577,-180.85811746309892,False,-1,0.0,742
995,199.0,707,drive,8.531849881100392,0.07995184278289752,-180.44503747220756,False,-1,0.0,743
996,199.20000000000002,708,drive,8.491851087734807,0.08026253442615723,-180.02708155764068,False,-1,0.0,744
997,199.4,709,drive,8.451851092203,0.08028144091934919,-179.60882893186098,False,-1,0.0,745
998,199.60000000000002,710,drive,8.411852024418879,0.08000835411773165,-179.1948620581617,False,-1,0.0,746
999,199.8,711,drive,8.371855973701104,0.07944628029598447,-178.78971644423913,False,-1,0.0,747
1000,200.0,712,drive,8.331864897357661,0.07860140581244175,-178.39783095022162,False,-1,0.0,748
1001,200.20000000000002,713,drive,8.291880535065946,0.07748302657228472,-178.02349915558892,False,-1,0.0,749
1002,200.4,714,drive,8.251904332803523,0.07610344233280386,-177.6708223178169,False,-1,0.0,750
1003,200.60000000000002,715,drive,8.211937379660565,0.07447781738570529,-177.34366443814275,False,-1,0.0,751
1004,200.8,716,drive,8.171980360294068,0.07262400958947714,-177.04560992675817,False,-1,0.0,752
1005,201.0,717,drive,8.132033525092705,0.07056237009744008,-176.77992433126195,False,-1,0.0,753
1006,201.20000000000002,718,drive,8.092096679341108,0.06831551642771246,-176.54951855863658,False,-1,0.0,754
1007,201.4,719,drive,8.052169191838559,0.06590808174868129,-176.3569169827424,False,-1,0.0,755
1008,201.60000000000002,720,drive,8.012250022576618,0.06336644341159012,-176.20422978674947,False,-1,0.0,756
1009,201.8,721,drive,7.972337768250299,0.06071843385887834,-176.09312984352889,False,-1,0.0,757
1010,202.0,722,drive,7.9324307236037335,0.05799303708464922,-176.02483438730772,False,-1,0.0,758
1011,202.20000000000002,723,drive,7.892526955926727,0.055220073835797405,-176.0000916773961,False,-1,0.0,759
1012,202.4,724,drive,7.852624389451769,0.05242987873302459,-176.0191728001016,False,-1,0.0,760
1013,202.60000000000002,725,drive,7.812720895975327,0.04965297247324849,-176.0818686986508,False,-1,0.0,761
1014,202.8,726,drive,7.772814387760089,0.0469197322593058,-176.18749246365928,False,-1,0.0,762
1015,203.0,727,drive,7.7329029086769605,0.0442600635962966,-176.3348868590544,False,-1,0.0,763
1016,203.20000000000002,728,drive,7.692984719621147,0.04170307659901369,-176.5224370009959,False,-1,0.0,764
1017,203.4,729,drive,7.6530583744823755,0.03927676996963867,-176.7480880508814,False,-1,0.0,765
1018,203.60000000000002,730,drive,7.613122783355412,0.03700772582286214,-177.0093677285877,False,-1,0.0,766
1019,203.8,731,drive,7.573177260226774,0.034920818546670174,-177.30341339928972,False,-1,0.0,767
1020,204.0,732,drive,7.533221553044422,0.033038940878448025,-177.6270034370861,False,-1,0.0,768
1021,204.20000000000002,733,drive,7.4932558548410935,0.03138275033370575,-177.9765925218072,False,-1,0.0,769
1022,204.4,734,drive,7.453280795406554,0.029970439034796282,-178.34835048228467,False,-1,0.0,770
1023,204.60000000000002,735,drive,7.413297413853932,0.028817529837417057,-178.73820426050807,False,-1,0.0,771
1024,204.8,736,drive,7.373307113263353,0.02793670143461343,-179.1418825369011,False,-1,0.0,772
1025,205.0,737,drive,7.3333115993751585,0.027337644826911683,-179.55496252779247,False,-1,0.0,773
1026,205.20000000000002,738,drive,7.293312806009573,0.027026953183651982,-179.97291844235934,False,-1,0.0,774
1027,205.4,739,drive,7.253312810477767,0.027008046690460037,-180.39117106813902,False,-1,0.0,775
1028,205.60000000000002,740,drive,7.213313742693645,0.02728113349207757,-180.80513794183827,False,-1,0.0,776
1029,205.8,741,drive,7.1733176919758685,0.02784320731382472,-181.21028355576087,False,-1,0.0,777
1030,206.0,742,drive,7.133326615632426,0.028688081797367433,-181.60216904977835,False,-1,0.0,778
1031,206.20000000000002,743,drive,7.09334225334071,0.02980646103752444,-181.97650084441108,False,-1,0.0,779
1032,206.4,744,drive,7.053366051078287,0.031186045277005303,-182.32917768218306,False,-1,0.0,780
1033,206.60000000000002,745,drive,7.013399097935329,0.03281167022410384,-182.65633556185725,False,-1,0.0,781
1034,206.8,746,drive,6.973442078568832,0.034665478020331986,-182.9543900732418,False,-1,0.0,782
1035,207.0,747,drive,6.933495243367468,0.03672711751236903,-183.22007566873805,False,-1,0.0,783
1036,207.20000000000002,748,drive,6.893558397615871,0.03897397118209665,-183.45048144136345,False,-1,0.0,784
1037,207.4,749,drive,6.853630910113322,0.041381405861127825,-183.6430830172576,False,-1,0.0,785
1038,207.60000000000002,750,drive,6.8137117408513825,0.04392304419821899,-183.79577021325053,False,-1,0.0,786
1039,207.8,751,drive,6.773799486525064,0.04657105375093076,-183.90687015647114,False,-1,0.0,787
1040,208.0,752,drive,6.733892441878498,0.04929645052515991,-183.97516561269228,False,-1,0.0,788
1041,208.20000000000002,753,drive,6.693988674201492,0.05206941377401172,-183.9999083226039,False,-1,0.0,789
1042,208.4,754,drive,6.654086107726534,0.05485960887678452,-183.9808271998984,False,-1,0.0,790
1043,208.60000000000002,755,drive,6.614182614250092,0.05763651513656061,-183.9181313013492,False,-1,0.0,791
1044,208.8,756,drive,6.574276106034854,0.06036975535050329,-183.81250753634072,False,-1,0.0,792
1045,209.0,757,drive,6.534364626951725,0.0630294240135125,-183.6651131409456,False,-1,0.0,793
1046,209.20000000000002,758,drive,6.4944464378959115,0.06558641101079539,-183.4775629990041,False,-1,0.0,794
1047,209.4,759,drive,6.45452009275714,0.0680127176401704,-183.25191194911858,False,-1,0.0,795
1048,209.60000000000002,760,drive,6.414584501630177,0.07028176178694691,-182.99063227141227,False,-1,0.0,796
1049,209.8,761,drive,6.3746389785015385,0.07236866906313884,-182.69658660071028,False,-1,0.0,797
1050,210.0,762,drive,6.334683271319187,0.074250546731361,-182.37299656291387,False,-1,0.0,798
1051,210.20000000000002,763,drive,6.294717573115858,0.07590673727610325,-182.0234074781928,False,-1,0.0,799
1052,210.4,764,drive,6.254742513681319,0.07731904857501273,-181.65164951771533,False,-1,0.0,800
1053,210.60000000000002,765,drive,6.214759132128696,0.07847195777239195,-181.26179573949196,False,-1,0.0,801
1054,210.8,766,drive,6.174768831538118,0.07935278617519559,-180.8581174630989,False,-1,0.0,802
1055,211.0,767,drive,6.134773317649923,0.07995184278289733,-180.4450374722076,False,-1,0.0,803
1056,211.20000000000002,768,drive,6.094774524284338,0.08026253442615705,-180.0270815576406,False,-1,0.0,804
1057,211.4,769,drive,6.054774528752532,0.08028144091934895,-179.608828931861,False,-1,0.0,805
1058,211.60000000000002,770,drive,6.014775460968409,0.08000835411773143,-179.19486205816173,False,-1,0.0,806
1059,211.8,771,drive,5.974779410250633,0.07944628029598429,-178.78971644423916,False,-1,0.0,807
1060,212.0,772,drive,5.934788333907191,0.07860140581244159,-178.39783095022165,False,-1,0.0,808
1061,212.20000000000002,773,drive,5.894803971615475,0.07748302657228456,-178.0234991555889,False,-1,0.0,809
1062,212.4,774,drive,5.854827769353052,0.0761034423328037,-177.67082231781694,False,-1,0.0,810
1063,212.60000000000002,775,drive,5.814860816210094,0.07447781738570515,-177.34366443814272,False,-1,0.0,811
1064,212.8,776,drive,5.774903796843597,0.07262400958947697,-177.04560992675817,False,-1,0.0,812
1065,213.0,777,drive,5.734956961642233,0.07056237009743992,-176.77992433126195,False,-1,0.0,813
1066,213.20000000000002,778,drive,5.695020115890636,0.06831551642771229,-176.54951855863652,False,-1,0.0,814
1067,213.4,779,drive,5.655092628388087,0.06590808174868108,-176.3569169827424,False,-1,0.0,815
1068,213.60000000000002,780,drive,5.615173459126147,0.06336644341158991,-176.2042297867495,False,-1,0.0,816
1069,213.8,781,drive,5.575261204799829,0.06071843385887815,-176.09312984352889,False,-1,0.0,817
1070,214.0,782,drive,5.535354160153263,0.057993037084649035,-176.02483438730775,False,-1,0.0,818
1071,214.20000000000002,783,drive,5.495450392476257,0.05522007383579723,-176.0000916773961,False,-1,0.0,819
1072,214.4,784,drive,5.455547826001299,0.05242987873302442,-176.0191728001016,False,-1,0.0,820
1073,214.60000000000002,785,drive,5.415644332524857,0.04965297247324832,-176.0818686986508,False,-1,0.0,821
1074,214.8,786,drive,5.375737824309619,0.046919732259305624,-176.18749246365928,False,-1,0.0,822
1075,215.0,787,drive,5.33582634522649,0.044260063596296424,-176.3348868590544,False,-1,0.0,823
1076,215.20000000000002,788,drive,5.295908156170676,0.04170307659901352,-176.52243700099595,False,-1,0.0,824
1077,215.4,789,drive,5.255981811031905,0.03927676996963853,-176.74808805088142,False,-1,0.0,825
1078,215.60000000000002,790,drive,5.216046219904942,0.03700772582286202,-177.00936772858773,False,-1,0.0,826
1079,215.8,791,drive,5.176100696776303,0.03492081854667008,-177.30341339928975,False,-1,0.0,827
1080,216.0,792,drive,5.1361449895939515,0.03303894087844795,-177.62700343708607,False,-1,0.0,828
1081,216.20000000000002,793,drive,5.096179291390623,0.031382750333705654,-177.97659252180725,False,-1,0.0,829
1082,216.4,794,drive,5.056204231956084,0.02997043903479622,-178.34835048228464,False,-1,0.0,830
1083,216.60000000000002,795,drive,5.016220850403461,0.028817529837416977,-178.73820426050804,False,-1,0.0,831
1084,216.8,796,drive,4.9762305498128825,0.027936701434613333,-179.14188253690108,False,-1,0.0,832
1085,217.0,797,drive,4.936235035924688,0.027337644826911568,-179.5549625277924,False,-1,0.0,833
1086,217.20000000000002,798,drive,4.896236242559103,0.027026953183651833,-179.97291844235937,False,-1,0.0,834
1087,217.4,799,drive,4.856236247027296,0.027008046690459905,-180.391171068139,False,-1,0.0,835
1088,217.60000000000002,800,drive,4.816237179243174,0.02728113349207742,-180.80513794183827,False,-1,0.0,836
1089,217.8,800,probe,4.816237179243174,0.02728113349207742,-185.80513794183827,False,7,-5.0,1685
1090,218.0,800,probe,4.816237179243174,0.02728113349207742,-190.80513794183827,False,7,-10.0,1686
1091,218.20000000000002,800,probe,4.816237179243174,0.02728113349207742,-195.80513794183827,False,7,-15.0,1687
1092,218.4,800,probe,4.816237179243174,0.02728113349207742,-200.80513794183827,False,7,-20.0,1688
1093,218.60000000000002,800,probe,4.816237179243174,0.02728113349207742,-205.80513794183827,False,7,-25.0,1689
1094,218.8,800,probe,4.816237179243174,0.02728113349207742,-210.80513794183827,False,7,-30.0,1690
1095,219.0,800,probe,4.816237179243174,0.02728113349207742,-215.80513794183827,False,7,-35.0,1691
1096,219.20000000000002,800,probe,4.816237179243174,0.02728113349207742,-220.80513794183827,False,7,-40.0,1692
1097,219.4,800,probe,4.816237179243174,0.02728113349207742,-225.80513794183827,False,7,-45.0,1693
1098,219.60000000000002,800,probe,4.816237179243174,0.02728113349207742,-220.80513794183827,False,7,-40.0,1692
1099,219.8,800,probe,4.816237179243174,0.02728113349207742,-215.80513794183827,False,7,-35.0,1691
1100,220.0,800,probe,4.816237179243174,0.02728113349207742,-210.80513794183827,False,7,-30.0,1690
1101,220.20000000000002,800,probe,4.816237179243174,0.02728113349207742,-205.80513794183827,False,7,-25.0,1689
1102,220.4,800,probe,4.816237179243174,0.02728113349207742,-200.80513794183827,False,7,-20.0,1688
1103,220.60000000000002,800,probe,4.816237179243174,0.02728113349207742,-195.80513794183827,False,7,-15.0,1687
1104,220.8,800,probe,4.816237179243174,0.02728113349207742,-190.80513794183827,False,7,-10.0,1686
1105,221.0,800,probe,4.816237179243174,0.02728113349207742,-185.80513794183827,False,7,-5.0,1685
1106,221.20000000000002,800,probe,4.816237179243174,0.02728113349207742,-180.80513794183827,False,7,0.0,836
1107,221.4,800,probe,4.816237179243174,0.02728113349207742,-175.80513794183827,False,7,5.0,1694
1108,221.60000000000002,800,probe,4.816237179243174,0.02728113349207742,-170.80513794183827,False,7,10.0,1695
1109,221.8,800,probe,4.816237179243174,0.02728113349207742,-165.80513794183827,False,7,15.0,1696
1110,222.0,800,probe,4.816237179243174,0.02728113349207742,-160.80513794183827,False,7,20.0,1697
1111,222.20000000000002,800,probe,4.816237179243174,0.02728113349207742,-155.80513794183827,False,7,25.0,1698
1112,222.4,800,probe,4.816237179243174,0.02728113349207742,-150.80513794183827,False,7,30.0,1699
1113,222.60000000000002,800,probe,4.816237179243174,0.02728113349207742,-145.80513794183827,False,7,35.0,1700
1114,222.8,800,probe,4.816237179243174,0.02728113349207742,-140.80513794183827,False,7,40.0,1701
1115,223.0,800,probe,4.816237179243174,0.02728113349207742,-135.80513794183827,False,7,45.0,1702
1116,223.20000000000002,800,probe,4.816237179243174,0.02728113349207742,-140.80513794183827,False,7,40.0,1701
1117,223.4,800,probe,4.816237179243174,0.02728113349207742,-145.80513794183827,False,7,35.0,1700
1118,223.60000000000002,800,probe,4.816237179243174,0.02728113349207742,-150.80513794183827,False,7,30.0,1699
1119,223.8,800,probe,4.816237179243174,0.02728113349207742,-155.80513794183827,False,7,25.0,1698
1120,224.0,800,probe,4.816237179243174,0.02728113349207742,-160.80513794183827,False,7,20.0,1697
1121,224.20000000000002,800,probe,4.816237179243174,0.02728113349207742,-165.80513794183827,False,7,15.0,1696
1122,224.4,800,probe,4.816237179243174,0.02728113349207742,-170.80513794183827,False,7,10.0,1695
1123,224.60000000000002,800,probe,4.816237179243174,0.02728113349207742,-175.80513794183827,False,7,5.0,1694
1124,224.8,800,probe,4.816237179243174,0.02728113349207742,-180.80513794183827,False,7,0.0,836
1125,225.0,801,drive,4.776241128525398,0.027843207313824572,-181.21028355576084,False,-1,0.0,837
1126,225.20000000000002,802,drive,4.736250052181956,0.028688081797367267,-181.60216904977838,False,-1,0.0,838
1127,225.4,803,drive,4.6962656898902395,0.029806461037524292,-181.97650084441116,False,-1,0.0,839
1128,225.60000000000002,804,drive,4.6562894876278165,0.03118604527700521,-182.3291776821831,False,-1,0.0,840
1129,225.8,805,drive,4.616322534484858,0.032811670224103764,-182.65633556185725,False,-1,0.0,841
1130,226.0,806,drive,4.576365515118361,0.03466547802033191,-182.95439007324183,False,-1,0.0,842
1131,226.20000000000002,807,drive,4.536418679916998,0.03672711751236898,-183.22007566873802,False,-1,0.0,843
1132,226.4,808,drive,4.496481834165401,0.03897397118209658,-183.45048144136345,False,-1,0.0,844
1133,226.60000000000002,809,drive,4.456554346662852,0.04138140586112775,-183.6430830172576,False,-1,0.0,845
1134,226.8,810,drive,4.416635177400912,0.043923044198218915,-183.79577021325053,False,-1,0.0,846
1135,227.0,811,drive,4.376722923074594,0.04657105375093068,-183.90687015647111,False,-1,0.0,847
1136,227.20000000000002,812,drive,4.336815878428028,0.0492964505251598,-183.97516561269228,False,-1,0.0,848
1137,227.4,813,drive,4.2969121107510215,0.052069413774011614,-183.9999083226039,False,-1,0.0,849
1138,227.60000000000002,814,drive,4.257009544276063,0.05485960887678441,-183.9808271998984,False,-1,0.0,850
1139,227.8,815,drive,4.217106050799622,0.057636515136560505,-183.9181313013492,False,-1,0.0,851
1140,228.0,816,drive,4.1771995425843835,0.060369755350503186,-183.81250753634072,False,-1,0.0,852
1141,228.20000000000002,817,drive,4.137288063501255,0.06302942401351239,-183.66511314094564,False,-1,0.0,853
1142,228.4,818,drive,4.097369874445441,0.0655864110107953,-183.47756299900405,False,-1,0.0,854
1143,228.60000000000002,819,drive,4.05744352930667,0.06801271764017028,-183.2519119491186,False,-1,0.0,855
1144,228.8,820,drive,4.0175079381797065,0.0702817617869468,-182.9906322714123,False,-1,0.0,856
1145,229.0,821,drive,3.9775624150510684,0.07236866906313875,-182.69658660071028,False,-1,0.0,857
1146,229.20000000000002,822,drive,3.9376067078687167,0.07425054673136092,-182.3729965629139,False,-1,0.0,858
1147,229.4,823,drive,3.8976410096653886,0.07590673727610318,-182.02340747819272,False,-1,0.0,859
1148,229.60000000000002,824,drive,3.857665950230849,0.0773190485750126,-181.6516495177153,False,-1,0.0,860
1149,229.8,825,drive,3.8176825686782263,0.0784719577723918,-181.261795739492,False,-1,0.0,861
1150,230.0,826,drive,3.777692268087648,0.07935278617519545,-180.85811746309892,False,-1,0.0,862
1151,230.20000000000002,827,drive,3.7376967541994537,0.0799518427828972,-180.44503747220756,False,-1,0.0,863
1152,230.4,828,drive,3.6976979608338683,0.08026253442615691,-180.02708155764057,False,-1,0.0,864
1153,230.60000000000002,829,drive,3.657697965302062,0.08028144091934879,-179.60882893186098,False,-1,0.0,865
1154,230.8,830,drive,3.6176988975179403,0.08000835411773125,-179.1948620581617,False,-1,0.0,866
1155,231.0,831,drive,3.577702846800164,0.07944628029598406,-178.78971644423913,False,-1,0.0,867
1156,231.20000000000002,832,drive,3.5377117704567214,0.07860140581244135,-178.39783095022167,False,-1,0.0,868
1157,231.4,833,drive,3.4977274081650056,0.07748302657228436,-178.0234991555889,False,-1,0.0,869
1158,231.60000000000002,834,drive,3.457751205902582,0.07610344233280349,-177.6708223178169,False,-1,0.0,870
1159,231.8,835,drive,3.4177842527596245,0.07447781738570491,-177.3436644381427,False,-1,0.0,871
1160,232.0,836,drive,3.377827233393127,0.07262400958947672,-177.0456099267582,False,-1,0.0,872
1161,232.20000000000002,837,drive,3.3378803981917637,0.07056237009743968,-176.77992433126195,False,-1,0.0,873
1162,232.4,838,drive,3.297943552440167,0.06831551642771205,-176.54951855863655,False,-1,0.0,874
1163,232.60000000000002,839,drive,3.258016064937618,0.06590808174868087,-176.3569169827424,False,-1,0.0,875
1164,232.8,840,drive,3.2180968956756777,0.0633664434115897,-176.20422978674947,False,-1,0.0,876
1165,233.0,841,drive,3.178184641349359,0.06071843385887792,-176.09312984352889,False,-1,0.0,877
1166,233.20000000000002,842,drive,3.138277596702793,0.057993037084648806,-176.02483438730772,False,-1,0.0,878
1167,233.4,843,drive,3.0983738290257863,0.05522007383579699,-176.0000916773961,False,-1,0.0,879
1168,233.60000000000002,844,drive,3.058471262550828,0.052429878733024175,-176.0191728001016,False,-1,0.0,880
1169,233.8,845,drive,3.0185677690743864,0.049652972473248076,-176.0818686986508,False,-1,0.0,881
1170,234.0,846,drive,2.978661260859148,0.04691973225930538,-176.18749246365928,False,-1,0.0,882
1171,234.20000000000002,847,drive,2.938749781776019,0.04426006359629618,-176.33488685905436,False,-1,0.0,883
1172,234.4,848,drive,2.898831592720205,0.041703076599013254,-176.52243700099592,False,-1,0.0,884
1173,234.60000000000002,849,drive,2.858905247581434,0.039276769969638255,-176.7480880508814,False,-1,0.0,885
1174,234.8,850,drive,2.818969656454471,0.03700772582286172,-177.00936772858776,False,-1,0.0,886
1175,235.0,851,drive,2.7790241333258328,0.03492081854666981,-177.30341339928978,False,-1,0.0,887
1176,235.20000000000002,852,drive,2.739068426143481,0.0330389408784477,-177.6270034370861,False,-1,0.0,888
1177,235.4,853,drive,2.699102727940153,0.031382750333705425,-177.97659252180722,False,-1,0.0,889
1178,235.60000000000002,854,drive,2.6591276685056133,0.029970439034795973,-178.34835048228467,False,-1,0.0,890
1179,235.8,855,drive,2.6191442869529906,0.02881752983741675,-178.73820426050804,False,-1,0.0,891
1180,236.0,856,drive,2.5791539863624124,0.027936701434613104,-179.1418825369011,False,-1,0.0,892
1181,236.20000000000002,857,drive,2.539158472474218,0.027337644826911357,-179.55496252779244,False,-1,0.0,893
1182,236.4,858,drive,2.4991596791086326,0.02702695318365164,-179.9729184423594,False,-1,0.0,894
1183,236.60000000000002,859,drive,2.4591596835768263,0.02700804669045973,-180.39117106813896,False,-1,0.0,895
1184,236.8,860,drive,2.4191606157927046,0.027281133492077225,-180.80513794183824,False,-1,0.0,896
1185,237.0,861,drive,2.3791645650749285,0.02784320731382436,-181.21028355576087,False,-1,0.0,897
1186,237.20000000000002,862,drive,2.3391734887314857,0.028688081797367072,-181.6021690497784,False,-1,0.0,898
1187,237.4,863,drive,2.29918912643977,0.029806461037524115,-181.97650084441108,False,-1,0.0,899
1188,237.60000000000002,864,drive,2.2592129241773464,0.031186045277004977,-182.32917768218306,False,-1,0.0,900
1189,237.8,865,drive,2.219245971034389,0.032811670224103515,-182.65633556185725,False,-1,0.0,901
1190,238.0,866,drive,2.1792889516678913,0.03466547802033166,-182.95439007324185,False,-1,0.0,902
1191,238.20000000000002,867,drive,2.139342116466528,0.03672711751236875,-183.22007566873805,False,-1,0.0,903
1192,238.4,868,drive,2.0994052707149313,0.03897397118209637,-183.45048144136348,False,-1,0.0,904
1193,238.60000000000002,869,drive,2.0594777832123823,0.041381405861127575,-183.6430830172576,False,-1,0.0,905
1194,238.8,870,drive,2.019558613950442,0.04392304419821874,-183.7957702132505,False,-1,0.0,906
1195,239.0,871,drive,1.9796463596241234,0.04657105375093049,-183.90687015647111,False,-1,0.0,907
1196,239.20000000000002,872,drive,1.9397393149775572,0.049296450525159616,-183.97516561269228,False,-1,0.0,908
1197,239.4,873,drive,1.8998355473005506,0.052069413774011426,-183.9999083226039,False,-1,0.0,909
1198,239.60000000000002,874,drive,1.8599329808255924,0.054859608876784226,-183.9808271998984,False,-1,0.0,910
1199,239.8,875,drive,1.820029487349151,0.05763651513656032,-183.9181313013492,False,-1,0.0,911
1200,240.0,876,drive,1.7801229791339126,0.060369755350503,-183.81250753634072,False,-1,0.0,912
1201,240.20000000000002,877,drive,1.740211500050784,0.0630294240135122,-183.6651131409456,False,-1,0.0,913
1202,240.4,878,drive,1.7002933109949698,0.0655864110107951,-183.47756299900405,False,-1,0.0,914
1203,240.60000000000002,879,drive,1.660366965856199,0.06801271764017007,-183.25191194911858,False,-1,0.0,915
1204,240.8,880,drive,1.6204313747292358,0.07028176178694658,-182.99063227141227,False,-1,0.0,916
1205,241.0,881,drive,1.5804858516005975,0.0723686690631385,-182.69658660071028,False,-1,0.0,917
1206,241.20000000000002,882,drive,1.5405301444182455,0.07425054673136067,-182.37299656291393,False,-1,0.0,918
1207,241.4,883,drive,1.5005644462149175,0.07590673727610295,-182.02340747819275,False,-1,0.0,919
1208,241.60000000000002,884,drive,1.4605893867803779,0.07731904857501237,-181.65164951771533,False,-1,0.0,920
1209,241.8,885,drive,1.4206060052277554,0.07847195777239159,-181.2617957394919,False,-1,0.0,921
1210,242.0,886,drive,1.380615704637177,0.07935278617519519,-180.85811746309895,False,-1,0.0,922
1211,242.20000000000002,887,drive,1.3406201907489823,0.07995184278289696,-180.4450374722076,False,-1,0.0,923
1212,242.4,888,drive,1.3006213973833969,0.08026253442615669,-180.0270815576406,False,-1,0.0,924
1213,242.60000000000002,889,drive,1.2606214018515907,0.08028144091934859,-179.60882893186096,False,-1,0.0,925
1214,242.8,890,drive,1.2206223340674687,0.08000835411773104,-179.19486205816173,False,-1,0.0,926
1215,243.0,891,drive,1.1806262833496928,0.0794462802959839,-178.78971644423916,False,-1,0.0,927
1216,243.20000000000002,891,turn,1.1806262833496928,0.0794462802959839,-173.78971644423916,True,-1,0.0,928
1217,243.4,891,turn,1.1806262833496928,0.0794462802959839,-168.78971644423916,True,-1,0.0,929
1218,243.60000000000002,891,turn,1.1806262833496928,0.0794462802959839,-163.78971644423916,True,-1,0.0,930
1219,243.8,891,turn,1.1806262833496928,0.0794462802959839,-158.78971644423916,True,-1,0.0,931
1220,244.0,891,turn,1.1806262833496928,0.0794462802959839,-153.78971644423916,True,-1,0.0,932
1221,244.20000000000002,891,turn,1.1806262833496928,0.0794462802959839,-148.78971644423916,True,-1,0.0,933
1222,244.4,891,turn,1.1806262833496928,0.0794462802959839,-143.78971644423916,True,-1,0.0,934
1223,244.60000000000002,891,turn,1.1806262833496928,0.0794462802959839,-138.78971644423916,True,-1,0.0,935
1224,244.8,891,turn,1.1806262833496928,0.0794462802959839,-133.78971644423916,True,-1,0.0,936
1225,245.0,891,turn,1.1806262833496928,0.0794462802959839,-128.78971644423916,True,-1,0.0,937
1226,245.20000000000002,891,turn,1.1806262833496928,0.0794462802959839,-123.78971644423916,True,-1,0.0,938
1227,245.4,891,turn,1.1806262833496928,0.0794462802959839,-118.78971644423916,True,-1,0.0,939
1228,245.60000000000002,891,turn,1.1806262833496928,0.0794462802959839,-113.78971644423916,True,-1,0.0,940
1229,245.8,891,turn,1.1806262833496928,0.0794462802959839,-108.78971644423916,True,-1,0.0,941
1230,246.0,891,turn,1.1806262833496928,0.0794462802959839,-103.78971644423916,True,-1,0.0,942
1231,246.20000000000002,891,turn,1.1806262833496928,0.0794462802959839,-98.78971644423916,True,-1,0.0,943
1232,246.4,891,turn,1.1806262833496928,0.0794462802959839,-93.78971644423916,True,-1,0.0,944
1233,246.60000000000002,891,turn,1.1806262833496928,0.0794462802959839,-88.78971644423916,True,-1,0.0,945
1234,246.8,892,drive,1.1814711578332355,0.03945520395254125,-88.39783095022165,False,-1,0.0,946
1235,247.0,893,drive,1.1825895370733925,-0.0005291583391745652,-88.02349915558887,False,-1,0.0,947
1236,247.20000000000002,894,drive,1.1839691213128734,-0.04050536060159784,-87.67082231781694,False,-1,0.0,948
1237,247.4,895,drive,1.1855947462599719,-0.08047231374455546,-87.34366443814272,False,-1,0.0,949
1238,247.60000000000002,896,drive,1.1874485540562,-0.1204293331110528,-87.04560992675819,False,-1,0.0,950
1239,247.8,897,drive,1.189510193548237,-0.16037616831241605,-86.77992433126198,False,-1,0.0,951
1240,248.0,898,drive,1.1917570472179646,-0.2003130140640128,-86.54951855863655,False,-1,0.0,952
1241,248.20000000000002,899,drive,1.1941644818969959,-0.2402405015665617,-86.3569169827424,False,-1,0.0,953
1242,248.4,900,drive,1.196706120234087,-0.28015967082850185,-86.20422978674947,False,-1,0.0,954
1243,248.60000000000002,900,probe,1.196706120234087,-0.28015967082850185,-91.20422978674947,False,8,-5.0,1721
1244,248.8,900,probe,1.196706120234087,-0.28015967082850185,-96.20422978674947,False,8,-10.0,1722
1245,249.0,900,probe,1.196706120234087,-0.28015967082850185,-101.20422978674947,False,8,-15.0,1723
1246,249.20000000000002,900,probe,1.196706120234087,-0.28015967082850185,-106.20422978674947,False,8,-20.0,1724
1247,249.4,900,probe,1.196706120234087,-0.28015967082850185,-111.20422978674947,False,8,-25.0,1725
1248,249.60000000000002,900,probe,1.196706120234087,-0.28015967082850185,-116.20422978674947,False,8,-30.0,1726
1249,249.8,900,probe,1.196706120234087,-0.28015967082850185,-121.20422978674947,False,8,-35.0,1727
1250,250.0,900,probe,1.196706120234087,-0.28015967082850185,-126.20422978674947,False,8,-40.0,1728
1251,250.20000000000002,900,probe,1.196706120234087,-0.28015967082850185,-131.20422978674947,False,8,-45.0,1729
1252,250.4,900,probe,1.196706120234087,-0.28015967082850185,-126.20422978674947,False,8,-40.0,1728
1253,250.60000000000002,900,probe,1.196706120234087,-0.28015967082850185,-121.20422978674947,False,8,-35.0,1727
1254,250.8,900,probe,1.196706120234087,-0.28015967082850185,-116.20422978674947,False,8,-30.0,1726
1255,251.0,900,probe,1.196706120234087,-0.28015967082850185,-111.20422978674947,False,8,-25.0,1725
1256,251.20000000000002,900,probe,1.196706120234087,-0.28015967082850185,-106.20422978674947,False,8,-20.0,1724
1257,251.4,900,probe,1.196706120234087,-0.28015967082850185,-101.20422978674947,False,8,-15.0,1723
1258,251.60000000000002,900,probe,1.196706120234087,-0.28015967082850185,-96.20422978674947,False,8,-10.0,1722
1259,251.8,900,probe,1.196706120234087,-0.28015967082850185,-91.20422978674947,False,8,-5.0,1721
1260,252.0,900,probe,1.196706120234087,-0.28015967082850185,-86.20422978674947,False,8,0.0,954
1261,252.20000000000002,900,probe,1.196706120234087,-0.28015967082850185,-81.20422978674947,False,8,5.0,1730
1262,252.4,900,probe,1.196706120234087,-0.28015967082850185,-76.20422978674947,False,8,10.0,1731
1263,252.60000000000002,900,probe,1.196706120234087,-0.28015967082850185,-71.20422978674947,False,8,15.0,1732
1264,252.8,900,probe,1.196706120234087,-0.28015967082850185,-66.20422978674947,False,8,20.0,1733
1265,253.0,900,probe,1.196706120234087,-0.28015967082850185,-61.204229786749465,False,8,25.0,1734
1266,253.20000000000002,900,probe,1.196706120234087,-0.28015967082850185,-56.204229786749465,False,8,30.0,1735
1267,253.4,900,probe,1.196706120234087,-0.28015967082850185,-51.204229786749465,False,8,35.0,1736
1268,253.60000000000002,900,probe,1.196706120234087,-0.28015967082850185,-46.204229786749465,False,8,40.0,1737
1269,253.8,900,probe,1.196706120234087,-0.28015967082850185,-41.204229786749465,False,8,45.0,1738
1270,254.0,900,probe,1.196706120234087,-0.28015967082850185,-46.204229786749465,False,8,40.0,1737
1271,254.20000000000002,900,probe,1.196706120234087,-0.28015967082850185,-51.204229786749465,False,8,35.0,1736
1272,254.4,900,probe,1.196706120234087,-0.28015967082850185,-56.204229786749465,False,8,30.0,1735
1273,254.60000000000002,900,probe,1.196706120234087,-0.28015967082850185,-61.204229786749465,False,8,25.0,1734
1274,254.8,900,probe,1.196706120234087,-0.28015967082850185,-66.20422978674947,False,8,20.0,1733
1275,255.0,900,probe,1.196706120234087,-0.28015967082850185,-71.20422978674947,False,8,15.0,1732
1276,255.20000000000002,900,probe,1.196706120234087,-0.28015967082850185,-76.20422978674947,False,8,10.0,1731
1277,255.4,900,probe,1.196706120234087,-0.28015967082850185,-81.20422978674947,False,8,5.0,1730
1278,255.60000000000002,900,probe,1.196706120234087,-0.28015967082850185,-86.20422978674947,False,8,0.0,954
1279,255.8,901,drive,1.1993541297867987,-0.3200719251548206,-86.09312984352887,False,-1,0.0,955
1280,256.0,902,drive,1.2020795265610278,-0.3599789698013867,-86.02483438730773,False,-1,0.0,956
1281,256.2,902,turn,1.2020795265610278,-0.3599789698013867,-81.02483438730773,True,-1,0.0,957
1282,256.40000000000003,902,turn,1.2020795265610278,-0.3599789698013867,-76.02483438730773,True,-1,0.0,958
1283,256.6,902,turn,1.2020795265610278,-0.3599789698013867,-71.02483438730773,True,-1,0.0,959
1284,256.8,902,turn,1.2020795265610278,-0.3599789698013867,-66.02483438730773,True,-1,0.0,960
1285,257.0,902,turn,1.2020795265610278,-0.3599789698013867,-61.024834387307735,True,-1,0.0,961
1286,257.2,902,turn,1.2020795265610278,-0.3599789698013867,-56.024834387307735,True,-1,0.0,962
1287,257.40000000000003,902,turn,1.2020795265610278,-0.3599789698013867,-51.024834387307735,True,-1,0.0,963
1288,257.6,902,turn,1.2020795265610278,-0.3599789698013867,-46.024834387307735,True,-1,0.0,964
1289,257.8,902,turn,1.2020795265610278,-0.3599789698013867,-41.024834387307735,True,-1,0.0,965
1290,258.0,902,turn,1.2020795265610278,-0.3599789698013867,-36.024834387307735,True,-1,0.0,966
1291,258.2,902,turn,1.2020795265610278,-0.3599789698013867,-31.024834387307735,True,-1,0.0,967
1292,258.40000000000003,902,turn,1.2020795265610278,-0.3599789698013867,-26.024834387307735,True,-1,0.0,968
1293,258.6,902,turn,1.2020795265610278,-0.3599789698013867,-21.024834387307735,True,-1,0.0,969
1294,258.8,902,turn,1.2020795265610278,-0.3599789698013867,-16.024834387307735,True,-1,0.0,970
1295,259.0,902,turn,1.2020795265610278,-0.3599789698013867,-11.024834387307735,True,-1,0.0,971
1296,259.2,902,turn,1.2020795265610278,-0.3599789698013867,-6.024834387307735,True,-1,0.0,972
1297,259.40000000000003,902,turn,1.2020795265610278,-0.3599789698013867,-1.0248343873077346,True,-1,0.0,973
1298,259.6,902,turn,1.2020795265610278,-0.3599789698013867,3.9751656126922654,True,-1,0.0,974
1299,259.8,903,drive,1.2419832942380344,-0.3572060065525349,3.9999083226038765,False,-1,0.0,975
1300,260.0,904,drive,1.2818858607129926,-0.35441581144976214,3.980827199898406,False,-1,0.0,976
1301,260.2,905,drive,1.321789354189434,-0.35163890518998603,3.918131301349213,False,-1,0.0,977
1302,260.40000000000003,906,drive,1.3616958624046724,-0.34890566497604336,3.8125075363407275,False,-1,0.0,978
1303,260.6,907,drive,1.401607341487801,-0.34624599631303415,3.665113140945611,False,-1,0.0,979
1304,260.8,908,drive,1.4415255305436152,-0.34368900931575125,3.4775629990040615,False,-1,0.0,980
1305,261.0,909,drive,1.481451875682386,-0.34126270268637626,3.251911949118614,False,-1,0.0,981
1306,261.2,910,drive,1.5213874668093492,-0.33899365853959973,2.99063227141227,False,-1,0.0,982
1307,261.40000000000003,911,drive,1.5613329899379875,-0.3369067512634078,2.696586600710254,False,-1,0.0,983
1308,261.6,912,drive,1.6012886971203395,-0.3350248735951857,2.3729965629138694,False,-1,0.0,984
1309,261.8,913,drive,1.6412543953236676,-0.3333686830504434,2.023407478192794,False,-1,0.0,985
1310,262.0,914,drive,1.6812294547582072,-0.331956371751534,1.651649517715356,False,-1,0.0,986
1311,262.2,915,drive,1.7212128363108297,-0.3308034625541547,1.2617957394919466,False,-1,0.0,987
1312,262.40000000000003,916,drive,1.761203136901408,-0.3299226341513511,0.8581174630988737,False,-1,0.0,988
1313,262.6,917,drive,1.8011986507896027,-0.3293235775436494,0.4450374722075762,False,-1,0.0,989
1314,262.8,918,drive,1.8411974441551882,-0.32901288590038963,0.027081557640638746,False,-1,0.0,990
1315,263.0,919,drive,1.8811974396869944,-0.3289939794071977,-0.3911710681389899,False,-1,0.0,991
1316,263.2,920,drive,1.9211965074711164,-0.32926706620881524,-0.8051379418382234,False,-1,0.0,992
1317,263.40000000000003,921,drive,1.9611925581888923,-0.32982914003056235,-1.210283555760842,False,-1,0.0,993
1318,263.6,922,drive,2.001183634532335,-0.33067401451410505,-1.6021690497783725,False,-1,0.0,994
1319,263.8,923,drive,2.0411679968240506,-0.33179239375426206,-1.9765008444111523,False,-1,0.0,995
1320,264.0,924,drive,2.081144199086474,-0.333171977993743,-2.3291776821830266,False,-1,0.0,996
1321,264.2,925,drive,2.1211111522294317,-0.3347976029408415,-2.6563355618572366,False,-1,0.0,997
1322,264.40000000000003,926,drive,2.1610681715959292,-0.3366514107370696,-2.9543900732418242,False,-1,0.0,998
1323,264.6,927,drive,2.2010150067972925,-0.3387130502291067,-3.2200756687380623,False,-1,0.0,999
1324,264.8,928,drive,2.240951852548889,-0.34095990389883435,-3.45048144136348,False,-1,0.0,1000
1325,265.0,929,drive,2.280879340051438,-0.34336733857786556,-3.6430830172576,False,-1,0.0,1001
1326,265.2,930,drive,2.3207985093133785,-0.34590897691495676,-3.795770213250523,False,-1,0.0,1002
1327,265.40000000000003,931,drive,2.3607107636396973,-0.34855698646766853,-3.9068701564711255,False,-1,0.0,1003
1328,265.6,932,drive,2.4006178082862633,-0.35128238324189764,-3.975165612692265,False,-1,0.0,1004
1329,265.8,933,drive,2.44052157596327,-0.35405534649074943,-3.9999083226038765,False,-1,0.0,1005
1330,266.0,934,drive,2.480424142438228,-0.3568455415935222,-3.9808271998984046,False,-1,0.0,1006
1331,266.2,935,drive,2.52032763591467,-0.35962244785329833,-3.9181313013491987,False,-1,0.0,1007
1332,266.40000000000003,936,drive,2.5602341441299084,-0.362355688067241,-3.8125075363407404,False,-1,0.0,1008
1333,266.6,937,drive,2.600145623213037,-0.3650153567302502,-3.6651131409456283,False,-1,0.0,1009
1334,266.8,938,drive,2.6400638122688513,-0.3675723437275331,-3.477562999004055,False,-1,0.0,1010
1335,267.0,939,drive,2.679990157407622,-0.3699986503569081,-3.251911949118573,False,-1,0.0,1011
1336,267.2,940,drive,2.7199257485345854,-0.3722676945036846,-2.990632271412261,False,-1,0.0,1012
1337,267.40000000000003,941,drive,2.7598712716632234,-0.3743546017798765,-2.696586600710286,False,-1,0.0,1013
1338,267.6,942,drive,2.799826978845575,-0.3762364794480987,-2.3729965629139045,False,-1,0.0,1014
1339,267.8,943,drive,2.8397926770489033,-0.37789266999284093,-2.023407478192733,False,-1,0.0,1015
1340,268.0,944,drive,2.879767736483443,-0.37930498129175033,-1.6516495177153434,False,-1,0.0,1016
1341,268.2,945,drive,2.9197511180360656,-0.38045789048912954,-1.2617957394919335,False,-1,0.0,1017
1342,268.40000000000003,946,drive,2.9597414186266437,-0.38133871889193316,-0.8581174630989158,False,-1,0.0,1018
1343,268.6,947,drive,2.999736932514838,-0.3819377754996349,-0.4450374722076191,False,-1,0.0,1019
1344,268.8,948,drive,3.0397357258804236,-0.3822484671428947,-0.027081557640625024,False,-1,0.0,1020
1345,269.0,949,drive,3.07973572141223,-0.3822673736360866,0.39117106813900354,False,-1,0.0,1021
1346,269.2,950,drive,3.1197347891963516,-0.38199428683446907,0.8051379418382926,False,-1,0.0,1022
1347,269.40000000000003,951,drive,3.1597308399141277,-0.3814322130127219,1.2102835557609093,False,-1,0.0,1023
1348,269.6,952,drive,3.1997219162575705,-0.38058733852917914,1.602169049778333,False,-1,0.0,1024
1349,269.8,953,drive,3.2397062785492863,-0.37946895928902213,1.9765008444111147,False,-1,0.0,1025
1350,270.0,954,drive,3.2796824808117098,-0.37808937504954127,2.329177682183084,False,-1,0.0,1026
1351,270.2,955,drive,3.3196494339546674,-0.3764637501024427,2.656335561857247,False,-1,0.0,1027
1352,270.40000000000003,956,drive,3.359606453321165,-0.3746099423062146,2.9543900732418336,False,-1,0.0,1028
1353,270.6,957,drive,3.399553288522528,-0.3725483028141775,3.2200756687380703,False,-1,0.0,1029
1354,270.8,958,drive,3.439490134274125,-0.37030144914444985,3.450481441363458,False,-1,0.0,1030
1355,271.0,959,drive,3.479417621776674,-0.36789401446541864,3.6430830172575823,False,-1,0.0,1031
1356,271.2,960,drive,3.519336791038614,-0.3653523761283275,3.795770213250527,False,-1,0.0,1032
1357,271.40000000000003,961,drive,3.559249045364933,-0.3627043665756157,3.9068701564711286,False,-1,0.0,1033
1358,271.6,962,drive,3.599156090011499,-0.3599789698013866,3.975165612692273,False,-1,0.0,1034
1359,271.8,963,drive,3.6390598576885056,-0.3572060065525348,3.9999083226038765,False,-1,0.0,1035
1360,272.0,964,drive,3.6789624241634638,-0.35441581144976203,3.980827199898409,False,-1,0.0,1036
1361,272.2,965,drive,3.7188659176399055,-0.3516389051899859,3.918131301349207,False,-1,0.0,1037
1362,272.40000000000003,966,drive,3.758772425855144,-0.34890566497604325,3.812507536340719,False,-1,0.0,1038
1363,272.6,967,drive,3.798683904938273,-0.34624599631303404,3.665113140945623,False,-1,0.0,1039
1364,272.8,968,drive,3.838602093994087,-0.34368900931575114,3.477562999004076,False,-1,0.0,1040
1365,273.0,969,drive,3.878528439132858,-0.34126270268637615,3.251911949118598,False,-1,0.0,1041
1366,273.2,970,drive,3.918464030259821,-0.3389936585395996,2.9906322714122897,False,-1,0.0,1042
1367,273.40000000000003,971,drive,3.958409553388459,-0.3369067512634077,2.6965866007102757,False,-1,0.0,1043
1368,273.6,972,drive,3.998365260570811,-0.3350248735951855,2.3729965629138934,False,-1,0.0,1044
1369,273.8,973,drive,4.038330958774139,-0.33336868305044326,2.0234074781927704,False,-1,0.0,1045
1370,274.0,974,drive,4.0783060182086786,-0.3319563717515338,1.6516495177153827,False,-1,0.0,1046
1371,274.2,975,drive,4.118289399761301,-0.33080346255415455,1.2617957394919743,False,-1,0.0,1047
1372,274.40000000000003,976,drive,4.15827970035188,-0.3299226341513509,0.8581174630989024,False,-1,0.0,1048
1373,274.6,977,drive,4.198275214240074,-0.32932357754364916,0.44503747220754897,False,-1,0.0,1049
1374,274.8,978,drive,4.23827400760566,-0.32901288590038946,0.027081557640554463,False,-1,0.0,1050
1375,275.0,979,drive,4.278274003137466,-0.3289939794071976,-0.39117106813896063,False,-1,0.0,1051
1376,275.2,980,drive,4.318273070921588,-0.32926706620881513,-0.8051379418382503,False,-1,0.0,1052
1377,275.40000000000003,981,drive,4.358269121639364,-0.32982914003056224,-1.210283555760868,False,-1,0.0,1053
1378,275.6,982,drive,4.398260197982807,-0.33067401451410494,-1.6021690497783454,False,-1,0.0,1054
1379,275.8,983,drive,4.438244560274523,-0.33179239375426195,-1.9765008444111265,False,-1,0.0,1055
1380,276.0,984,drive,4.478220762536946,-0.3331719779937428,-2.329177682183095,False,-1,0.0,1056
1381,276.2,985,drive,4.518187715679904,-0.3347976029408414,-2.656335561857215,False,-1,0.0,1057
1382,276.40000000000003,986,drive,4.558144735046401,-0.3366514107370695,-2.9543900732418042,False,-1,0.0,1058
1383,276.6,987,drive,4.598091570247765,-0.3387130502291065,-3.220075668738045,False,-1,0.0,1059
1384,276.8,988,drive,4.638028415999361,-0.3409599038988341,-3.4504814413634652,False,-1,0.0,1060
1385,277.0,989,drive,4.6779559035019105,-0.34336733857786533,-3.643083017257611,False,-1,0.0,1061
1386,277.2,990,drive,4.71787507276385,-0.34590897691495653,-3.7957702132505315,False,-1,0.0,1062
1387,277.40000000000003,991,drive,4.757787327090169,-0.3485569864676683,-3.9068701564711192,False,-1,0.0,1063
1388,277.6,992,drive,4.797694371736735,-0.3512823832418974,-3.975165612692268,False,-1,0.0,1064
1389,277.8,993,drive,4.837598139413741,-0.3540553464907492,-3.999908322603877,False,-1,0.0,1065
1390,278.0,994,drive,4.877500705888699,-0.356845541593522,-3.9808271998984077,False,-1,0.0,1066
1391,278.2,995,drive,4.917404199365141,-0.3596224478532981,-3.9181313013492045,False,-1,0.0,1067
1392,278.40000000000003,996,drive,4.957310707580379,-0.3623556880672408,-3.8125075363407324,False,-1,0.0,1068
1393,278.6,997,drive,4.997222186663508,-0.36501535673025,-3.6651131409456403,False,-1,0.0,1069
1394,278.8,998,drive,5.037140375719321,-0.3675723437275329,-3.4775629990040695,False,-1,0.0,1070
1395,279.0,999,drive,5.077066720858093,-0.3699986503569079,-3.25191194911859,False,-1,0.0,1071
1396,279.2,1000,drive,5.117002311985056,-0.3722676945036844,-2.9906322714122426,False,-1,0.0,1072
1397,279.40000000000003,1000,probe,5.117002311985056,-0.3722676945036844,-7.990632271412243,False,9,-5.0,1757
1398,279.6,1000,probe,5.117002311985056,-0.3722676945036844,-12.990632271412242,False,9,-10.0,1758
1399,279.8,1000,probe,5.117002311985056,-0.3722676945036844,-17.99063227141224,False,9,-15.0,1759
1400,280.0,1000,probe,5.117002311985056,-0.3722676945036844,-22.99063227141224,False,9,-20.0,1760
1401,280.2,1000,probe,5.117002311985056,-0.3722676945036844,-27.99063227141224,False,9,-25.0,1761
1402,280.40000000000003,1000,probe,5.117002311985056,-0.3722676945036844,-32.990632271412245,False,9,-30.0,1762
1403,280.6,1000,probe,5.117002311985056,-0.3722676945036844,-37.990632271412245,False,9,-35.0,1763
1404,280.8,1000,probe,5.117002311985056,-0.3722676945036844,-42.990632271412245,False,9,-40.0,1764
1405,281.0,1000,probe,5.117002311985056,-0.3722676945036844,-47.990632271412245,False,9,-45.0,1765
1406,281.2,1000,probe,5.117002311985056,-0.3722676945036844,-42.990632271412245,False,9,-40.0,1764
1407,281.40000000000003,1000,probe,5.117002311985056,-0.3722676945036844,-37.990632271412245,False,9,-35.0,1763
1408,281.6,1000,probe,5.117002311985056,-0.3722676945036844,-32.990632271412245,False,9,-30.0,1762
1409,281.8,1000,probe,5.117002311985056,-0.3722676945036844,-27.99063227141224,False,9,-25.0,1761
1410,282.0,1000,probe,5.117002311985056,-0.3722676945036844,-22.99063227141224,False,9,-20.0,1760
1411,282.2,1000,probe,5.117002311985056,-0.3722676945036844,-17.99063227141224,False,9,-15.0,1759
1412,282.40000000000003,1000,probe,5.117002311985056,-0.3722676945036844,-12.990632271412242,False,9,-10.0,1758
1413,282.6,1000,probe,5.117002311985056,-0.3722676945036844,-7.990632271412243,False,9,-5.0,1757
1414,282.8,1000,probe,5.117002311985056,-0.3722676945036844,-2.9906322714122426,False,9,0.0,1072
1415,283.0,1000,probe,5.117002311985056,-0.3722676945036844,2.0093677285877574,False,9,5.0,1766
1416,283.2,1000,probe,5.117002311985056,-0.3722676945036844,7.009367728587757,False,9,10.0,1767
1417,283.40000000000003,1000,probe,5.117002311985056,-0.3722676945036844,12.009367728587758,False,9,15.0,1768
1418,283.6,1000,probe,5.117002311985056,-0.3722676945036844,17.00936772858776,False,9,20.0,1769
1419,283.8,1000,probe,5.117002311985056,-0.3722676945036844,22.00936772858776,False,9,25.0,1770
1420,284.0,1000,probe,5.117002311985056,-0.3722676945036844,27.00936772858776,False,9,30.0,1771
1421,284.2,1000,probe,5.117002311985056,-0.3722676945036844,32.009367728587755,False,9,35.0,1772
1422,284.40000000000003,1000,probe,5.117002311985056,-0.3722676945036844,37.009367728587755,False,9,40.0,1773
1423,284.6,1000,probe,5.117002311985056,-0.3722676945036844,42.009367728587755,False,9,45.0,1774
1424,284.8,1000,probe,5.117002311985056,-0.3722676945036844,37.009367728587755,False,9,40.0,1773
1425,285.0,1000,probe,5.117002311985056,-0.3722676945036844,32.009367728587755,False,9,35.0,1772
1426,285.2,1000,probe,5.117002311985056,-0.3722676945036844,27.00936772858776,False,9,30.0,1771
1427,285.40000000000003,1000,probe,5.117002311985056,-0.3722676945036844,22.00936772858776,False,9,25.0,1770
1428,285.6,1000,probe,5.117002311985056,-0.3722676945036844,17.00936772858776,False,9,20.0,1769
1429,285.8,1000,probe,5.117002311985056,-0.3722676945036844,12.009367728587758,False,9,15.0,1768
1430,286.0,1000,probe,5.117002311985056,-0.3722676945036844,7.009367728587757,False,9,10.0,1767
1431,286.2,1000,probe,5.117002311985056,-0.3722676945036844,2.0093677285877574,False,9,5.0,1766
1432,286.40000000000003,1000,probe,5.117002311985056,-0.3722676945036844,-2.9906322714122426,False,9,0.0,1072
1433,286.6,1001,drive,5.156947835113694,-0.37435460177987634,-2.6965866007103076,False,-1,0.0,1073
1434,286.8,1002,drive,5.196903542296046,-0.3762364794480985,-2.372996562913928,False,-1,0.0,1074
1435,287.0,1003,drive,5.236869240499375,-0.3778926699928408,-2.0234074781927585,False,-1,0.0,1075
1436,287.2,1004,drive,5.276844299933914,-0.3793049812917503,-1.6516495177153185,False,-1,0.0,1076
1437,287.40000000000003,1005,drive,5.3168276814865365,-0.3804578904891295,-1.2617957394919614,False,-1,0.0,1077
1438,287.6,1006,drive,5.356817982077115,-0.3813387188919331,-0.858117463098889,False,-1,0.0,1078
1439,287.8,1007,drive,5.39681349596531,-0.38193777549963487,-0.4450374722075918,False,-1,0.0,1079
1440,288.0,1008,drive,5.436812289330895,-0.3822484671428946,-0.02708155764059758,False,-1,0.0,1080
1441,288.2,1009,drive,5.476812284862701,-0.38226737363608654,0.3911710681389743,False,-1,0.0,1081
1442,288.40000000000003,1010,drive,5.516811352646823,-0.381994286834469,0.8051379418382637,False,-1,0.0,1082
1443,288.6,1011,drive,5.5568074033645996,-0.38143221301272184,1.210283555760881,False,-1,0.0,1083
1444,288.8,1012,drive,5.596798479708042,-0.38058733852917914,1.6021690497784102,False,-1,0.0,1084
1445,289.0,1013,drive,5.636782841999758,-0.3794689592890221,1.9765008444110892,False,-1,0.0,1085
1446,289.2,1014,drive,5.676759044262181,-0.3780893750495412,2.32917768218306,False,-1,0.0,1086
1447,289.40000000000003,1015,drive,5.716725997405139,-0.37646375010244265,2.6563355618572673,False,-1,0.0,1087
1448,289.6,1016,drive,5.756683016771636,-0.37460994230621447,2.9543900732418518,False,-1,0.0,1088
1449,289.8,1017,drive,5.796629851973,-0.3725483028141774,3.220075668738053,False,-1,0.0,1089
1450,290.0,1018,drive,5.836566697724597,-0.3703014491444498,3.4504814413634435,False,-1,0.0,1090
1451,290.2,1019,drive,5.876494185227146,-0.36789401446541864,3.6430830172575934,False,-1,0.0,1091
1452,290.40000000000003,1020,drive,5.916413354489086,-0.3653523761283275,3.7957702132505178,False,-1,0.0,1092
1453,290.6,1021,drive,5.956325608815404,-0.3627043665756157,3.9068701564711223,False,-1,0.0,1093
1454,290.8,1022,drive,5.99623265346197,-0.3599789698013866,3.97516561269227,False,-1,0.0,1094
1455,291.0,1023,drive,6.036136421138976,-0.3572060065525348,3.9999083226038765,False,-1,0.0,1095
1456,291.2,1024,drive,6.076038987613934,-0.35441581144976203,3.9808271998984117,False,-1,0.0,1096
1457,291.40000000000003,1025,drive,6.115942481090376,-0.3516389051899859,3.918131301349213,False,-1,0.0,1097
1458,291.6,1026,drive,6.155848989305614,-0.34890566497604325,3.812507536340728,False,-1,0.0,1098
1459,291.8,1027,drive,6.195760468388743,-0.34624599631303404,3.665113140945612,False,-1,0.0,1099
1460,292.0,1028,drive,6.235678657444557,-0.34368900931575114,3.4775629990040344,False,-1,0.0,1100
1461,292.2,1029,drive,6.275605002583328,-0.34126270268637615,3.251911949118615,False,-1,0.0,1101
1462,292.40000000000003,1030,drive,6.315540593710291,-0.3389936585395996,2.990632271412271,False,-1,0.0,1102
1463,292.6,1031,drive,6.35548611683893,-0.3369067512634077,2.6965866007102552,False,-1,0.0,1103
1464,292.8,1032,drive,6.395441824021281,-0.33502487359518557,2.372996562913917,False,-1,0.0,1104
1465,293.0,1033,drive,6.43540752222461,-0.33336868305044326,2.023407478192747,False,-1,0.0,1105
1466,293.2,1034,drive,6.475382581659149,-0.3319563717515338,1.651649517715306,False,-1,0.0,1106
1467,293.40000000000003,1035,drive,6.515365963211772,-0.3308034625541546,1.2617957394920023,False,-1,0.0,1107
1468,293.6,1036,drive,6.55535626380235,-0.3299226341513509,0.8581174630989311,False,-1,0.0,1108
1469,293.8,1037,drive,6.595351777690545,-0.32932357754364916,0.44503747220757817,False,-1,0.0,1109
1470,294.0,1038,drive,6.63535057105613,-0.3290128859003894,0.027081557640583863,False,-1,0.0,1110
1471,294.2,1039,drive,6.6753505665879365,-0.3289939794071975,-0.3911710681390445,False,-1,0.0,1111
1472,294.40000000000003,1040,drive,6.715349634372059,-0.3292670662088151,-0.8051379418382771,False,-1,0.0,1112
1473,294.6,1041,drive,6.755345685089835,-0.32982914003056224,-1.21028355576084,False,-1,0.0,1113
1474,294.8,1042,drive,6.795336761433277,-0.33067401451410494,-1.6021690497783707,False,-1,0.0,1114
1475,295.0,1043,drive,6.835321123724993,-0.33179239375426195,-1.9765008444111505,False,-1,0.0,1115
1476,295.2,1044,drive,6.875297325987416,-0.3331719779937429,-2.329177682183071,False,-1,0.0,1116
1477,295.40000000000003,1045,drive,6.9152642791303744,-0.33479760294084143,-2.6563355618572775,False,-1,0.0,1117
1478,295.6,1046,drive,6.9552212984968715,-0.3366514107370696,-2.954390073241823,False,-1,0.0,1118
1479,295.8,1047,drive,6.995168133698235,-0.3387130502291067,-3.220075668738027,False,-1,0.0,1119
1480,296.0,1048,drive,7.035104979449832,-0.3409599038988343,-3.45048144136345,False,-1,0.0,1120
1481,296.2,1049,drive,7.075032466952381,-0.3433673385778655,-3.643083017257599,False,-1,0.0,1121
1482,296.40000000000003,1050,drive,7.114951636214321,-0.3459089769149567,-3.7957702132505404,False,-1,0.0,1122
1483,296.6,1051,drive,7.154863890540639,-0.3485569864676685,-3.906870156471113,False,-1,0.0,1123
1484,296.8,1052,drive,7.194770935187205,-0.3512823832418976,-3.975165612692265,False,-1,0.0,1124
1485,297.0,1053,drive,7.234674702864211,-0.3540553464907494,-3.9999083226038765,False,-1,0.0,1125
1486,297.2,1054,drive,7.2745772693391695,-0.35684554159352216,-3.980827199898405,False,-1,0.0,1126
1487,297.40000000000003,1055,drive,7.314480762815611,-0.3596224478532983,-3.9181313013492103,False,-1,0.0,1127
1488,297.6,1056,drive,7.354387271030849,-0.36235568806724094,-3.8125075363407412,False,-1,0.0,1128
1489,297.8,1057,drive,7.394298750113978,-0.36501535673025015,-3.6651131409456292,False,-1,0.0,1129
1490,298.0,1058,drive,7.434216939169792,-0.36757234372753306,-3.4775629990040557,False,-1,0.0,1130
1491,298.2,1059,drive,7.474143284308563,-0.36999865035690804,-3.251911949118607,False,-1,0.0,1131
1492,298.40000000000003,1060,drive,7.514078875435526,-0.3722676945036846,-2.990632271412262,False,-1,0.0,1132
1493,298.6,1061,drive,7.554024398564165,-0.3743546017798765,-2.6965866007102455,False,-1,0.0,1133
1494,298.8,1062,drive,7.593980105746517,-0.3762364794480986,-2.3729965629139516,False,-1,0.0,1134
1495,299.0,1063,drive,7.633945803949845,-0.37789266999284093,-2.0234074781927838,False,-1,0.0,1135
1496,299.2,1064,drive,7.673920863384384,-0.3793049812917504,-1.6516495177153452,False,-1,0.0,1136
1497,299.40000000000003,1065,drive,7.713904244937007,-0.38045789048912965,-1.2617957394919352,False,-1,0.0,1137
1498,299.6,1066,drive,7.753894545527586,-0.38133871889193327,-0.8581174630988622,False,-1,0.0,1138
1499,299.8,1067,drive,7.79389005941578,-0.381937775499635,-0.44503747220756457,False,-1,0.0,1139
1500,300.0,1068,drive,7.8338888527813655,-0.3822484671428947,-0.027081557640626985,False,-1,0.0,1140
1501,300.2,1069,drive,7.873888848313172,-0.3822673736360866,0.39117106813900154,False,-1,0.0,1141
1502,300.40000000000003,1070,drive,7.913887916097294,-0.38199428683446907,0.805137941838235,False,-1,0.0,1142
1503,300.6,1071,drive,7.95388396681507,-0.38143221301272195,1.2102835557608531,False,-1,0.0,1143
1504,300.8,1072,drive,7.993875043158512,-0.38058733852917925,1.6021690497783831,False,-1,0.0,1144
1505,301.0,1073,drive,8.033859405450228,-0.37946895928902225,1.976500844411113,False,-1,0.0,1145
1506,301.2,1074,drive,8.07383560771265,-0.3780893750495414,2.329177682183036,False,-1,0.0,1146
1507,301.40000000000003,1075,drive,8.113802560855609,-0.3764637501024429,2.6563355618572455,False,-1,0.0,1147
1508,301.6,1076,drive,8.153759580222106,-0.37460994230621475,2.9543900732418322,False,-1,0.0,1148
1509,301.8,1077,drive,8.193706415423469,-0.37254830281417767,3.2200756687380694,False,-1,0.0,1149
1510,302.0,1078,drive,8.233643261175066,-0.37030144914445,3.4504814413634284,False,-1,0.0,1150
1511,302.2,1079,drive,8.273570748677615,-0.36789401446541886,3.6430830172575814,False,-1,0.0,1151
1512,302.40000000000003,1080,drive,8.313489917939556,-0.3653523761283277,3.7957702132505267,False,-1,0.0,1152
1513,302.6,1081,drive,8.353402172265875,-0.36270436657561594,3.906870156471128,False,-1,0.0,1153
1514,302.8,1082,drive,8.393309216912442,-0.35997896980138683,3.9751656126922663,False,-1,0.0,1154
1515,303.0,1083,drive,8.43321298458945,-0.35720600655253504,3.999908322603877,False,-1,0.0,1155
1516,303.2,1084,drive,8.473115551064408,-0.35441581144976225,3.980827199898409,False,-1,0.0,1156
1517,303.40000000000003,1085,drive,8.51301904454085,-0.35163890518998614,3.918131301349219,False,-1,0.0,1157
1518,303.6,1086,drive,8.552925552756088,-0.3489056649760435,3.812507536340737,False,-1,0.0,1158
1519,303.8,1087,drive,8.592837031839217,-0.34624599631303427,3.665113140945624,False,-1,0.0,1159
1520,304.0,1088,drive,8.632755220895032,-0.34368900931575136,3.477562999004049,False,-1,0.0,1160
1521,304.2,1089,drive,8.672681566033802,-0.3412627026863764,3.251911949118566,False,-1,0.0,1161
1522,304.40000000000003,1090,drive,8.712617157160764,-0.3389936585395999,2.9906322714122906,False,-1,0.0,1162
1523,304.6,1091,drive,8.752562680289403,-0.33690675126340797,2.696586600710277,False,-1,0.0,1163
1524,304.8,1092,drive,8.792518387471755,-0.3350248735951858,2.3729965629138947,False,-1,0.0,1164
1525,305.0,1093,drive,8.832484085675084,-0.33336868305044354,2.023407478192723,False,-1,0.0,1165
1526,305.2,1094,drive,8.872459145109623,-0.33195637175153414,1.6516495177153327,False,-1,0.0,1166
1527,305.40000000000003,1095,drive,8.912442526662245,-0.33080346255415494,1.2617957394919224,False,-1,0.0,1167
1528,305.6,1096,drive,8.952432827252823,-0.3299226341513513,0.8581174630989042,False,-1,0.0,1168
1529,305.8,1097,drive,8.992428341141018,-0.32932357754364955,0.4450374722076074,False,-1,0.0,1169
1530,306.0,1098,drive,9.032427134506603,-0.3290128859003898,0.027081557640613263,False,-1,0.0,1170
1531,306.2,1099,drive,9.07242713003841,-0.3289939794071979,-0.3911710681390152,False,-1,0.0,1171
1532,306.40000000000003,1100,drive,9.112426197822531,-0.3292670662088154,-0.805137941838304,False,-1,0.0,1172
1533,306.6,1100,probe,9.112426197822531,-0.3292670662088154,-5.805137941838304,False,10,-5.0,1793
1534,306.8,1100,probe,9.112426197822531,-0.3292670662088154,-10.805137941838304,False,10,-10.0,1794
1535,307.0,1100,probe,9.112426197822531,-0.3292670662088154,-15.805137941838304,False,10,-15.0,1795
1536,307.20000000000005,1100,probe,9.112426197822531,-0.3292670662088154,-20.805137941838304,False,10,-20.0,1796
1537,307.40000000000003,1100,probe,9.112426197822531,-0.3292670662088154,-25.805137941838304,False,10,-25.0,1797
1538,307.6,1100,probe,9.112426197822531,-0.3292670662088154,-30.805137941838304,False,10,-30.0,1798
1539,307.8,1100,probe,9.112426197822531,-0.3292670662088154,-35.805137941838304,False,10,-35.0,1799
1540,308.0,1100,probe,9.112426197822531,-0.3292670662088154,-40.805137941838304,False,10,-40.0,1800
1541,308.20000000000005,1100,probe,9.112426197822531,-0.3292670662088154,-45.805137941838304,False,10,-45.0,1801
1542,308.40000000000003,1100,probe,9.112426197822531,-0.3292670662088154,-40.805137941838304,False,10,-40.0,1800
1543,308.6,1100,probe,9.112426197822531,-0.3292670662088154,-35.805137941838304,False,10,-35.0,1799
1544,308.8,1100,probe,9.112426197822531,-0.3292670662088154,-30.805137941838304,False,10,-30.0,1798
1545,309.0,1100,probe,9.112426197822531,-0.3292670662088154,-25.805137941838304,False,10,-25.0,1797
1546,309.20000000000005,1100,probe,9.112426197822531,-0.3292670662088154,-20.805137941838304,False,10,-20.0,1796
1547,309.40000000000003,1100,probe,9.112426197822531,-0.3292670662088154,-15.805137941838304,False,10,-15.0,1795
1548,309.6,1100,probe,9.112426197822531,-0.3292670662088154,-10.805137941838304,False,10,-10.0,1794
1549,309.8,1100,probe,9.112426197822531,-0.3292670662088154,-5.805137941838304,False,10,-5.0,1793
1550,310.0,1100,probe,9.112426197822531,-0.3292670662088154,-0.805137941838304,False,10,0.0,1172
1551,310.20000000000005,1100,probe,9.112426197822531,-0.3292670662088154,4.194862058161696,False,10,5.0,1802
1552,310.40000000000003,1100,probe,9.112426197822531,-0.3292670662088154,9.194862058161696,False,10,10.0,1803
1553,310.6,1100,probe,9.112426197822531,-0.3292670662088154,14.194862058161696,False,10,15.0,1804
1554,310.8,1100,probe,9.112426197822531,-0.3292670662088154,19.194862058161696,False,10,20.0,1805
1555,311.0,1100,probe,9.112426197822531,-0.3292670662088154,24.194862058161696,False,10,25.0,1806
1556,311.20000000000005,1100,probe,9.112426197822531,-0.3292670662088154,29.194862058161696,False,10,30.0,1807
1557,311.40000000000003,1100,probe,9.112426197822531,-0.3292670662088154,34.194862058161696,False,10,35.0,1808
1558,311.6,1100,probe,9.112426197822531,-0.3292670662088154,39.194862058161696,False,10,40.0,1809
1559,311.8,1100,probe,9.112426197822531,-0.3292670662088154,44.194862058161696,False,10,45.0,1810
1560,312.0,1100,probe,9.112426197822531,-0.3292670662088154,39.194862058161696,False,10,40.0,1809
1561,312.20000000000005,1100,probe,9.112426197822531,-0.3292670662088154,34.194862058161696,False,10,35.0,1808
1562,312.40000000000003,1100,probe,9.112426197822531,-0.3292670662088154,29.194862058161696,False,10,30.0,1807
1563,312.6,1100,probe,9.112426197822531,-0.3292670662088154,24.194862058161696,False,10,25.0,1806
1564,312.8,1100,probe,9.112426197822531,-0.3292670662088154,19.194862058161696,False,10,20.0,1805
1565,313.0,1100,probe,9.112426197822531,-0.3292670662088154,14.194862058161696,False,10,15.0,1804
1566,313.20000000000005,1100,probe,9.112426197822531,-0.3292670662088154,9.194862058161696,False,10,10.0,1803
1567,313.40000000000003,1100,probe,9.112426197822531,-0.3292670662088154,4.194862058161696,False,10,5.0,1802
1568,313.6,1100,probe,9.112426197822531,-0.3292670662088154,-0.805137941838304,False,10,0.0,1172
1569,313.8,1101,drive,9.152422248540306,-0.3298291400305626,-1.210283555760812,False,-1,0.0,1173
1570,314.0,1102,drive,9.192413324883749,-0.3306740145141053,-1.6021690497783436,False,-1,0.0,1174
1571,314.20000000000005,1103,drive,9.232397687175464,-0.3317923937542623,-1.976500844411125,False,-1,0.0,1175
1572,314.40000000000003,1104,drive,9.272373889437887,-0.33317197799374315,-2.329177682183093,False,-1,0.0,1176
1573,314.6,1105,drive,9.312340842580845,-0.3347976029408417,-2.6563355618572557,False,-1,0.0,1177
1574,314.8,1106,drive,9.352297861947342,-0.3366514107370699,-2.954390073241803,False,-1,0.0,1178
1575,315.0,1107,drive,9.392244697148705,-0.3387130502291069,-3.2200756687380436,False,-1,0.0,1179
1576,315.20000000000005,1108,drive,9.432181542900302,-0.3409599038988345,-3.4504814413634644,False,-1,0.0,1180
1577,315.40000000000003,1109,drive,9.472109030402851,-0.3433673385778657,-3.6430830172575868,False,-1,0.0,1181
1578,315.6,1110,drive,9.512028199664792,-0.34590897691495687,-3.795770213250531,False,-1,0.0,1182
1579,315.8,1111,drive,9.551940453991111,-0.34855698646766864,-3.9068701564711312,False,-1,0.0,1183
1580,316.0,1112,drive,9.591847498637678,-0.35128238324189776,-3.975165612692262,False,-1,0.0,1184
1581,316.20000000000005,1113,drive,9.631751266314685,-0.35405534649074955,-3.9999083226038765,False,-1,0.0,1185
1582,316.40000000000003,1114,drive,9.671653832789644,-0.35684554159352233,-3.9808271998984077,False,-1,0.0,1186
1583,316.6,1115,drive,9.711557326266085,-0.35962244785329844,-3.918131301349205,False,-1,0.0,1187
1584,316.8,1116,drive,9.751463834481324,-0.3623556880672411,-3.8125075363407155,False,-1,0.0,1188
1585,317.0,1117,drive,9.791375313564453,-0.3650153567302503,-3.665113140945618,False,-1,0.0,1189
1586,317.20000000000005,1118,drive,9.831293502620268,-0.3675723437275332,-3.4775629990040704,False,-1,0.0,1190
1587,317.40000000000003,1119,drive,9.871219847759038,-0.3699986503569082,-3.251911949118591,False,-1,0.0,1191
1588,317.6,1120,drive,9.911155438886,-0.37226769450368474,-2.9906322714122817,False,-1,0.0,1192
1589,317.8,1121,drive,9.951100962014639,-0.3743546017798767,-2.696586600710267,False,-1,0.0,1193
1590,318.0,1122,drive,9.991056669196992,-0.3762364794480988,-2.3729965629138836,False,-1,0.0,1194
1591,318.20000000000005,1123,drive,10.03102236740032,-0.37789266999284105,-2.0234074781927602,False,-1,0.0,1195
1592,318.40000000000003,1124,drive,10.07099742683486,-0.3793049812917505,-1.651649517715372,False,-1,0.0,1196
1593,318.6,1125,drive,10.110980808387481,-0.38045789048912976,-1.2617957394919632,False,-1,0.0,1197
1594,318.8,1126,drive,10.150971108978059,-0.3813387188919334,-0.8581174630988909,False,-1,0.0,1198
1595,319.0,1127,drive,10.190966622866254,-0.38193777549963515,-0.44503747220753725,False,-1,0.0,1199
1596,319.20000000000005,1128,drive,10.23096541623184,-0.38224846714289484,-0.027081557640656385,False,-1,0.0,1200
1597,319.40000000000003,1129,drive,10.270965411763646,-0.38226737363608676,0.3911710681389723,False,-1,0.0,1201
1598,319.6,1130,drive,10.310964479547767,-0.38199428683446923,0.8051379418382618,False,-1,0.0,1202
1599,319.8,1131,drive,10.350960530265542,-0.38143221301272207,1.2102835557608793,False,-1,0.0,1203
1600,320.0,1132,drive,10.390951606608985,-0.38058733852917936,1.6021690497783563,False,-1,0.0,1204
1601,320.20000000000005,1133,drive,10.4309359689007,-0.37946895928902236,1.9765008444110874,False,-1,0.0,1205
1602,320.40000000000003,1134,drive,10.470912171163123,-0.3780893750495415,2.329177682183058,False,-1,0.0,1206
1603,320.6,1135,drive,10.510879124306081,-0.37646375010244293,2.6563355618572233,False,-1,0.0,1207
1604,320.8,1136,drive,10.550836143672578,-0.3746099423062148,2.9543900732418122,False,-1,0.0,1208
1605,321.0,1137,drive,10.590782978873941,-0.3725483028141777,3.2200756687380516,False,-1,0.0,1209
1606,321.20000000000005,1138,drive,10.630719824625539,-0.3703014491444501,3.450481441363471,False,-1,0.0,1210
1607,321.40000000000003,1139,drive,10.670647312128088,-0.3678940144654189,3.643083017257569,False,-1,0.0,1211
1608,321.6,1140,drive,10.710566481390028,-0.36535237612832777,3.7957702132505173,False,-1,0.0,1212
1609,321.8,1141,drive,10.750478735716348,-0.362704366575616,3.906870156471122,False,-1,0.0,1213
1610,322.0,1142,drive,10.790385780362914,-0.3599789698013869,3.9751656126922694,False,-1,0.0,1214
1611,322.20000000000005,1143,drive,10.830289548039921,-0.3572060065525351,3.999908322603877,False,-1,0.0,1215
1612,322.40000000000003,1144,drive,10.87019211451488,-0.3544158114497623,3.9808271998984064,False,-1,0.0,1216
1613,322.6,1145,drive,10.910095607991321,-0.3516389051899862,3.9181313013492134,False,-1,0.0,1217
1614,322.8,1146,drive,10.95000211620656,-0.34890566497604353,3.812507536340729,False,-1,0.0,1218
1615,323.0,1147,drive,10.98991359528969,-0.3462459963130343,3.6651131409456355,False,-1,0.0,1219
1616,323.20000000000005,1148,drive,11.029831784345504,-0.3436890093157514,3.4775629990040637,False,-1,0.0,1220
1617,323.40000000000003,1149,drive,11.069758129484274,-0.34126270268637643,3.251911949118583,False,-1,0.0,1221
1618,323.6,1150,drive,11.109693720611237,-0.3389936585395999,2.9906322714122346,False,-1,0.0,1222
1619,323.8,1151,drive,11.149639243739875,-0.33690675126340797,2.6965866007102988,False,-1,0.0,1223
1620,324.0,1152,drive,11.189594950922228,-0.3350248735951858,2.3729965629139187,False,-1,0.0,1224
1621,324.20000000000005,1153,drive,11.229560649125556,-0.3333686830504435,2.0234074781927482,False,-1,0.0,1225
1622,324.40000000000003,1154,drive,11.269535708560095,-0.33195637175153403,1.6516495177153079,False,-1,0.0,1226
1623,324.6,1155,drive,11.309519090112717,-0.3308034625541548,1.2617957394919501,False,-1,0.0,1227
1624,324.8,1156,drive,11.349509390703295,-0.3299226341513512,0.858117463098933,False,-1,0.0,1228
1625,325.0,1157,drive,11.38950490459149,-0.32932357754364944,0.4450374722075801,False,-1,0.0,1229
1626,325.20000000000005,1158,drive,11.429503697957076,-0.3290128859003897,0.027081557640585823,False,-1,0.0,1230
1627,325.40000000000003,1159,drive,11.469503693488882,-0.32899397940719777,-0.39117106813898594,False,-1,0.0,1231
1628,325.6,1160,drive,11.509502761273003,-0.3292670662088153,-0.8051379418382753,False,-1,0.0,1232
1629,325.8,1161,drive,11.549498811990778,-0.32982914003056246,-1.2102835557608382,False,-1,0.0,1233
1630,326.0,1162,drive,11.58948988833422,-0.33067401451410516,-1.6021690497783168,False,-1,0.0,1234
1631,326.20000000000005,1163,drive,11.629474250625936,-0.33179239375426217,-1.9765008444110994,False,-1,0.0,1235
1632,326.40000000000003,1164,drive,11.66945045288836,-0.33317197799374304,-2.329177682183069,False,-1,0.0,1236
1633,326.6,1165,drive,11.709417406031317,-0.3347976029408416,-2.656335561857276,False,-1,0.0,1237
1634,326.8,1166,drive,11.749374425397814,-0.3366514107370698,-2.9543900732418598,False,-1,0.0,1238
1635,327.0,1167,drive,11.789321260599177,-0.33871305022910686,-3.2200756687380263,False,-1,0.0,1239
1636,327.20000000000005,1168,drive,11.829258106350775,-0.34095990389883446,-3.4504814413634493,False,-1,0.0,1240
1637,327.40000000000003,1169,drive,11.869185593853324,-0.34336733857786567,-3.6430830172575983,False,-1,0.0,1241
1638,327.6,1170,drive,11.909104763115264,-0.34590897691495687,-3.7957702132505218,False,-1,0.0,1242
1639,327.8,1171,drive,11.949017017441584,-0.34855698646766864,-3.9068701564711246,False,-1,0.0,1243
1640,328.0,1172,drive,11.98892406208815,-0.35128238324189776,-3.975165612692271,False,-1,0.0,1244
1641,328.20000000000005,1173,drive,12.028827829765158,-0.35405534649074955,-3.9999083226038765,False,-1,0.0,1245
1642,328.40000000000003,1174,drive,12.068730396240117,-0.35684554159352233,-3.980827199898411,False,-1,0.0,1246
1643,328.6,1175,drive,12.108633889716558,-0.35962244785329844,-3.9181313013492107,False,-1,0.0,1247
1644,328.8,1176,drive,12.148540397931797,-0.3623556880672411,-3.8125075363407244,False,-1,0.0,1248
1645,329.0,1177,drive,12.188451877014925,-0.3650153567302503,-3.6651131409456075,False,-1,0.0,1249
1646,329.20000000000005,1178,drive,12.22837006607074,-0.3675723437275332,-3.477562999004085,False,-1,0.0,1250
1647,329.40000000000003,1179,drive,12.26829641120951,-0.3699986503569082,-3.2519119491186084,False,-1,0.0,1251
1648,329.6,1180,drive,12.308232002336473,-0.37226769450368474,-2.9906322714122635,False,-1,0.0,1252
1649,329.8,1181,drive,12.348177525465111,-0.3743546017798767,-2.696586600710247,False,-1,0.0,1253
1650,330.0,1182,drive,12.388133232647464,-0.3762364794480988,-2.3729965629139076,False,-1,0.0,1254
1651,330.20000000000005,1183,drive,12.428098930850792,-0.37789266999284105,-2.0234074781927855,False,-1,0.0,1255
1652,330.40000000000003,1184,drive,12.468073990285331,-0.3793049812917505,-1.651649517715347,False,-1,0.0,1256
1653,330.6,1185,drive,12.508057371837953,-0.38045789048912976,-1.2617957394919912,False,-1,0.0,1257
1654,330.8,1186,drive,12.548047672428531,-0.38133871889193344,-0.8581174630989196,False,-1,0.0,1258
1655,331.0,1187,drive,12.588043186316726,-0.3819377754996352,-0.4450374722075665,False,-1,0.0,1259
1656,331.20000000000005,1188,drive,12.628041979682312,-0.3822484671428949,-0.0270815576405721,False,-1,0.0,1260
1657,331.40000000000003,1189,drive,12.668041975214118,-0.38226737363608676,0.39117106813894303,False,-1,0.0,1261
1658,331.6,1190,drive,12.70804104299824,-0.3819942868344693,0.8051379418382331,False,-1,0.0,1262
1659,331.8,1191,drive,12.748037093716015,-0.3814322130127222,1.2102835557608513,False,-1,0.0,1263
1660,332.0,1192,drive,12.788028170059457,-0.3805873385291795,1.6021690497783814,False,-1,0.0,1264
1661,332.20000000000005,1193,drive,12.828012532351172,-0.37946895928902247,1.9765008444111607,False,-1,0.0,1265
1662,332.40000000000003,1194,drive,12.867988734613595,-0.37808937504954154,2.3291776821830807,False,-1,0.0,1266
1663,332.6,1195,drive,12.907955687756553,-0.376463750102443,2.656335561857244,False,-1,0.0,1267
1664,332.8,1196,drive,12.94791270712305,-0.37460994230621486,2.954390073241831,False,-1,0.0,1268
1665,333.0,1197,drive,12.987859542324413,-0.3725483028141778,3.2200756687380343,False,-1,0.0,1269
1666,333.20000000000005,1198,drive,13.02779638807601,-0.3703014491444502,3.4504814413634564,False,-1,0.0,1270
1667,333.40000000000003,1199,drive,13.06772387557856,-0.367894014465419,3.643083017257604,False,-1,0.0,1271
1668,333.6,1200,drive,13.1076430448405,-0.36535237612832777,3.795770213250508,False,-1,0.0,1272
1669,333.8,1200,probe,13.1076430448405,-0.36535237612832777,-1.204229786749492,False,11,-5.0,1829
1670,334.0,1200,probe,13.1076430448405,-0.36535237612832777,-6.204229786749492,False,11,-10.0,1830
1671,334.20000000000005,1200,probe,13.1076430448405,-0.36535237612832777,-11.204229786749492,False,11,-15.0,1831
1672,334.40000000000003,1200,probe,13.1076430448405,-0.36535237612832777,-16.204229786749494,False,11,-20.0,1832
1673,334.6,1200,probe,13.1076430448405,-0.36535237612832777,-21.204229786749494,False,11,-25.0,1833
1674,334.8,1200,probe,13.1076430448405,-0.36535237612832777,-26.204229786749494,False,11,-30.0,1834
1675,335.0,1200,probe,13.1076430448405,-0.36535237612832777,-31.204229786749494,False,11,-35.0,1835
1676,335.20000000000005,1200,probe,13.1076430448405,-0.36535237612832777,-36.204229786749494,False,11,-40.0,1836
1677,335.40000000000003,1200,probe,13.1076430448405,-0.36535237612832777,-41.204229786749494,False,11,-45.0,1837
1678,335.6,1200,probe,13.1076430448405,-0.36535237612832777,-36.204229786749494,False,11,-40.0,1836
1679,335.8,1200,probe,13.1076430448405,-0.36535237612832777,-31.204229786749494,False,11,-35.0,1835
1680,336.0,1200,probe,13.1076430448405,-0.36535237612832777,-26.204229786749494,False,11,-30.0,1834
1681,336.20000000000005,1200,probe,13.1076430448405,-0.36535237612832777,-21.204229786749494,False,11,-25.0,1833
1682,336.40000000000003,1200,probe,13.1076430448405,-0.36535237612832777,-16.204229786749494,False,11,-20.0,1832
1683,336.6,1200,probe,13.1076430448405,-0.36535237612832777,-11.204229786749492,False,11,-15.0,1831
1684,336.8,1200,probe,13.1076430448405,-0.36535237612832777,-6.204229786749492,False,11,-10.0,1830
1685,337.0,1200,probe,13.1076430448405,-0.36535237612832777,-1.204229786749492,False,11,-5.0,1829
1686,337.20000000000005,1200,probe,13.1076430448405,-0.36535237612832777,3.795770213250508,False,11,0.0,1272
1687,337.40000000000003,1200,probe,13.1076430448405,-0.36535237612832777,8.795770213250508,False,11,5.0,1838
1688,337.6,1200,probe,13.1076430448405,-0.36535237612832777,13.795770213250508,False,11,10.0,1839
1689,337.8,1200,probe,13.1076430448405,-0.36535237612832777,18.795770213250506,False,11,15.0,1840
1690,338.0,1200,probe,13.1076430448405,-0.36535237612832777,23.795770213250506,False,11,20.0,1841
1691,338.20000000000005,1200,probe,13.1076430448405,-0.36535237612832777,28.795770213250506,False,11,25.0,1842
1692,338.40000000000003,1200,probe,13.1076430448405,-0.36535237612832777,33.795770213250506,False,11,30.0,1843
1693,338.6,1200,probe,13.1076430448405,-0.36535237612832777,38.795770213250506,False,11,35.0,1844
1694,338.8,1200,probe,13.1076430448405,-0.36535237612832777,43.795770213250506,False,11,40.0,1845
1695,339.0,1200,probe,13.1076430448405,-0.36535237612832777,48.795770213250506,False,11,45.0,1846
1696,339.20000000000005,1200,probe,13.1076430448405,-0.36535237612832777,43.795770213250506,False,11,40.0,1845
1697,339.40000000000003,1200,probe,13.1076430448405,-0.36535237612832777,38.795770213250506,False,11,35.0,1844
1698,339.6,1200,probe,13.1076430448405,-0.36535237612832777,33.795770213250506,False,11,30.0,1843
1699,339.8,1200,probe,13.1076430448405,-0.36535237612832777,28.795770213250506,False,11,25.0,1842
1700,340.0,1200,probe,13.1076430448405,-0.36535237612832777,23.795770213250506,False,11,20.0,1841
1701,340.20000000000005,1200,probe,13.1076430448405,-0.36535237612832777,18.795770213250506,False,11,15.0,1840
1702,340.40000000000003,1200,probe,13.1076430448405,-0.36535237612832777,13.795770213250508,False,11,10.0,1839
1703,340.6,1200,probe,13.1076430448405,-0.36535237612832777,8.795770213250508,False,11,5.0,1838
1704,340.8,1200,probe,13.1076430448405,-0.36535237612832777,3.795770213250508,False,11,0.0,1272
1705,341.0,1201,drive,13.14755529916682,-0.362704366575616,3.9068701564711152,False,-1,0.0,1273
1706,341.20000000000005,1202,drive,13.187462343813387,-0.3599789698013869,3.9751656126922663,False,-1,0.0,1274
1707,341.40000000000003,1203,drive,13.227366111490394,-0.3572060065525351,3.999908322603877,False,-1,0.0,1275
1708,341.6,1204,drive,13.267268677965353,-0.3544158114497623,3.9808271998984037,False,-1,0.0,1276
1709,341.8,1205,drive,13.307172171441794,-0.3516389051899862,3.918131301349208,False,-1,0.0,1277
1710,342.0,1206,drive,13.347078679657033,-0.34890566497604353,3.8125075363407377,False,-1,0.0,1278
1711,342.20000000000005,1207,drive,13.386990158740161,-0.3462459963130343,3.6651131409456243,False,-1,0.0,1279
1712,342.40000000000003,1208,drive,13.426908347795976,-0.3436890093157514,3.47756299900405,False,-1,0.0,1280
1713,342.6,1209,drive,13.466834692934746,-0.34126270268637643,3.2519119491186004,False,-1,0.0,1281
1714,342.8,1210,drive,13.506770284061709,-0.3389936585395999,2.990632271412254,False,-1,0.0,1282
1715,343.0,1211,drive,13.546715807190347,-0.33690675126340797,2.696586600710279,False,-1,0.0,1283
1716,343.20000000000005,1212,drive,13.5866715143727,-0.3350248735951858,2.3729965629139422,False,-1,0.0,1284
1717,343.40000000000003,1213,drive,13.626637212576028,-0.3333686830504435,2.023407478192774,False,-1,0.0,1285
1718,343.6,1214,drive,13.666612272010568,-0.33195637175153403,1.6516495177152828,False,-1,0.0,1286
1719,343.8,1215,drive,13.70659565356319,-0.3308034625541548,1.2617957394919241,False,-1,0.0,1287
1720,344.0,1216,drive,13.746585954153767,-0.3299226341513512,0.8581174630989618,False,-1,0.0,1288
1721,344.20000000000005,1217,drive,13.786581468041962,-0.32932357754364944,0.44503747220755285,False,-1,0.0,1289
1722,344.40000000000003,1218,drive,13.826580261407548,-0.32901288590038974,0.02708155764055838,False,-1,0.0,1290
1723,344.6,1219,drive,13.866580256939354,-0.3289939794071979,-0.39117106813901326,False,-1,0.0,1291
1724,344.8,1220,drive,13.906579324723475,-0.3292670662088154,-0.8051379418382465,False,-1,0.0,1292
1725,345.0,1221,drive,13.94657537544125,-0.3298291400305625,-1.2102835557608644,False,-1,0.0,1293
1726,345.20000000000005,1222,drive,13.986566451784693,-0.3306740145141052,-1.6021690497783418,False,-1,0.0,1294
1727,345.40000000000003,1223,drive,14.026550814076408,-0.3317923937542622,-1.9765008444111232,False,-1,0.0,1295
1728,345.6,1224,drive,14.066527016338831,-0.3331719779937431,-2.329177682183138,False,-1,0.0,1296
1729,345.8,1225,drive,14.10649396948179,-0.3347976029408417,-2.6563355618572966,False,-1,0.0,1297
1730,346.0,1226,drive,14.146450988848287,-0.3366514107370699,-2.9543900732418784,False,-1,0.0,1298
1731,346.20000000000005,1227,drive,14.18639782404965,-0.33871305022910697,-3.220075668738076,False,-1,0.0,1299
1732,346.40000000000003,1228,drive,14.226334669801247,-0.3409599038988346,-3.450481441363492,False,-1,0.0,1300
1733,346.6,1229,drive,14.266262157303796,-0.34336733857786583,-3.64308301725761,False,-1,0.0,1301
1734,346.8,1230,drive,14.306181326565737,-0.34590897691495703,-3.79577021325053,False,-1,0.0,1302
1735,347.0,1231,drive,14.346093580892056,-0.3485569864676688,-3.906870156471131,False,-1,0.0,1303
1736,347.20000000000005,1232,drive,14.386000625538623,-0.3512823832418979,-3.9751656126922805,False,-1,0.0,1304
1737,347.40000000000003,1233,drive,14.42590439321563,-0.3540553464907497,-3.999908322603877,False,-1,0.0,1305
1738,347.6,1234,drive,14.465806959690589,-0.3568455415935225,-3.980827199898408,False,-1,0.0,1306
1739,347.8,1235,drive,14.50571045316703,-0.3596224478532986,-3.918131301349194,False,-1,0.0,1307
1740,348.0,1236,drive,14.545616961382269,-0.3623556880672413,-3.812507536340699,False,-1,0.0,1308
1741,348.20000000000005,1237,drive,14.585528440465398,-0.3650153567302505,-3.6651131409455964,False,-1,0.0,1309
1742,348.40000000000003,1238,drive,14.625446629521212,-0.3675723437275334,-3.4775629990040713,False,-1,0.0,1310
1743,348.6,1239,drive,14.665372974659983,-0.3699986503569084,-3.251911949118559,False,-1,0.0,1311
1744,348.8,1240,drive,14.705308565786945,-0.37226769450368485,-2.9906322714122453,False,-1,0.0,1312
1745,349.0,1241,drive,14.745254088915583,-0.3743546017798768,-2.6965866007102264,False,-1,0.0,1313
1746,349.20000000000005,1242,drive,14.785209796097936,-0.3762364794480989,-2.3729965629138854,False,-1,0.0,1314
1747,349.40000000000003,1243,drive,14.825175494301265,-0.37789266999284116,-2.023407478192713,False,-1,0.0,1315
1748,349.6,1244,drive,14.865150553735804,-0.37930498129175055,-1.651649517715322,False,-1,0.0,1316
1749,349.8,1245,drive,14.905133935288426,-0.38045789048912976,-1.261795739491965,False,-1,0.0,1317
1750,350.0,1246,drive,14.945124235879003,-0.3813387188919334,-0.8581174630988928,False,-1,0.0,1318
1751,350.20000000000005,1247,drive,14.985119749767199,-0.38193777549963515,-0.44503747220748274,False,-1,0.0,1319
1752,350.40000000000003,1248,drive,15.025118543132784,-0.3822484671428948,-0.027081557640487818,False,-1,0.0,1320
1753,350.6,1249,drive,15.06511853866459,-0.3822673736360866,0.3911710681390835,False,-1,0.0,1321
1754,350.8,1250,drive,15.105117606448712,-0.381994286834469,0.8051379418383156,False,-1,0.0,1322
1755,351.0,1251,drive,15.145113657166487,-0.38143221301272184,1.2102835557609315,False,-1,0.0,1323
1756,351.20000000000005,1252,drive,15.18510473350993,-0.3805873385291791,1.6021690497784065,False,-1,0.0,1324
1757,351.40000000000003,1253,drive,15.225089095801644,-0.379468959289022,1.9765008444111845,False,-1,0.0,1325
1758,351.6,1254,drive,15.265065298064068,-0.3780893750495411,2.329177682183103,False,-1,0.0,1326
1759,351.8,1255,drive,15.305032251207026,-0.37646375010244254,2.6563355618573494,False,-1,0.0,1327
1760,352.0,1256,drive,15.344989270573523,-0.3746099423062143,2.954390073241849,False,-1,0.0,1328
1761,352.20000000000005,1257,drive,15.384936105774885,-0.3725483028141772,3.2200756687380507,False,-1,0.0,1329
1762,352.40000000000003,1258,drive,15.424872951526483,-0.3703014491444496,3.45048144136347,False,-1,0.0,1330
1763,352.6,1259,drive,15.464800439029032,-0.3678940144654184,3.6430830172576387,False,-1,0.0,1331
1764,352.8,1260,drive,15.504719608290973,-0.3653523761283272,3.7957702132505524,False,-1,0.0,1332
1765,353.0,1261,drive,15.544631862617292,-0.36270436657561544,3.9068701564711215,False,-1,0.0,1333
1766,353.20000000000005,1262,drive,15.584538907263859,-0.35997896980138633,3.9751656126922756,False,-1,0.0,1334
1767,353.40000000000003,1263,drive,15.624442674940866,-0.35720600655253454,3.9999083226038774,False,-1,0.0,1335
1768,353.6,1264,drive,15.664345241415825,-0.35441581144976175,3.980827199898401,False,-1,0.0,1336
1769,353.8,1265,drive,15.704248734892266,-0.35163890518998564,3.9181313013492023,False,-1,0.0,1337
1770,354.0,1266,drive,15.744155243107505,-0.348905664976043,3.812507536340712,False,-1,0.0,1338
1771,354.20000000000005,1267,drive,15.784066722190634,-0.34624599631303377,3.6651131409456137,False,-1,0.0,1339
1772,354.40000000000003,1268,drive,15.823984911246448,-0.34368900931575086,3.4775629990040366,False,-1,0.0,1340
1773,354.6,1269,drive,15.863911256385219,-0.3412627026863759,3.2519119491185844,False,-1,0.0,1341
1774,354.8,1270,drive,15.903846847512181,-0.33899365853959934,2.9906322714121982,False,-1,0.0,1342
1775,355.0,1271,drive,15.94379237064082,-0.33690675126340747,2.6965866007101744,False,-1,0.0,1343
1776,355.20000000000005,1272,drive,15.983748077823172,-0.3350248735951854,2.37299656291392,False,-1,0.0,1344
1777,355.40000000000003,1273,drive,16.0237137760265,-0.3333686830504431,2.02340747819275,False,-1,0.0,1345
1778,355.6,1274,drive,16.06368883546104,-0.33195637175153364,1.6516495177152577,False,-1,0.0,1346
1779,355.8,1275,drive,16.103672217013663,-0.3308034625541545,1.2617957394918982,False,-1,0.0,1347
1780,356.0,1276,drive,16.14366251760424,-0.32992263415135087,0.8581174630988239,False,-1,0.0,1348
1781,356.20000000000005,1277,drive,16.183658031492435,-0.32932357754364916,0.4450374722075256,False,-1,0.0,1349
1782,356.40000000000003,1278,drive,16.223656824858022,-0.32901288590038946,0.02708155764053094,False,-1,0.0,1350
1783,356.6,1279,drive,16.263656820389826,-0.3289939794071976,-0.39117106813904057,False,-1,0.0,1351
1784,356.8,1280,drive,16.30365588817395,-0.3292670662088152,-0.8051379418382734,False,-1,0.0,1352
1785,357.0,1281,drive,16.343651938891725,-0.32982914003056235,-1.2102835557608904,False,-1,0.0,1353
1786,357.20000000000005,1282,drive,16.38364301523517,-0.3306740145141051,-1.6021690497784713,False,-1,0.0,1354
1787,357.40000000000003,1283,drive,16.423627377526884,-0.3317923937542622,-1.9765008444111472,False,-1,0.0,1355
1788,357.6,1284,drive,16.463603579789307,-0.33317197799374315,-2.329177682183068,False,-1,0.0,1356
1789,357.8,1285,drive,16.503570532932265,-0.3347976029408417,-2.6563355618573175,False,-1,0.0,1357
1790,358.0,1286,drive,16.543527552298762,-0.3366514107370699,-2.9543900732418202,False,-1,0.0,1358
1791,358.20000000000005,1287,drive,16.583474387500125,-0.33871305022910697,-3.2200756687380925,False,-1,0.0,1359
1792,358.40000000000003,1288,drive,16.623411233251723,-0.3409599038988346,-3.4504814413634484,False,-1,0.0,1360
1793,358.6,1289,drive,16.663338720754272,-0.34336733857786583,-3.643083017257621,False,-1,0.0,1361
1794,358.8,1290,drive,16.70325789001621,-0.34590897691495703,-3.795770213250539,False,-1,0.0,1362
1795,359.0,1291,drive,16.74317014434253,-0.3485569864676688,-3.906870156471112,False,-1,0.0,1363
1796,359.20000000000005,1292,drive,16.783077188989093,-0.3512823832418979,-3.9751656126922836,False,-1,0.0,1364
1797,359.40000000000003,1293,drive,16.8229809566661,-0.3540553464907497,-3.999908322603877,False,-1,0.0,1365
1798,359.6,1294,drive,16.862883523141058,-0.3568455415935225,-3.9808271998984055,False,-1,0.0,1366
1799,359.8,1295,drive,16.9027870166175,-0.3596224478532986,-3.918131301349211,False,-1,0.0,1367
1800,360.0,1296,drive,16.942693524832737,-0.3623556880672413,-3.8125075363407253,False,-1,0.0,1368
1801,360.20000000000005,1297,drive,16.982605003915864,-0.3650153567302505,-3.6651131409455853,False,-1,0.0,1369
1802,360.40000000000003,1298,drive,17.02252319297168,-0.3675723437275334,-3.4775629990040016,False,-1,0.0,1370
1803,360.6,1299,drive,17.06244953811045,-0.3699986503569083,-3.2519119491186093,False,-1,0.0,1371
1804,360.8,1300,drive,17.102385129237412,-0.37226769450368485,-2.990632271412227,False,-1,0.0,1372
1805,361.0,1300,probe,17.102385129237412,-0.37226769450368485,-7.9906322714122275,False,12,-5.0,1865
1806,361.20000000000005,1300,probe,17.102385129237412,-0.37226769450368485,-12.990632271412228,False,12,-10.0,1866
1807,361.40000000000003,1300,probe,17.102385129237412,-0.37226769450368485,-17.990632271412228,False,12,-15.0,1867
1808,361.6,1300,probe,17.102385129237412,-0.37226769450368485,-22.990632271412228,False,12,-20.0,1868
1809,361.8,1300,probe,17.102385129237412,-0.37226769450368485,-27.990632271412228,False,12,-25.0,1869
1810,362.0,1300,probe,17.102385129237412,-0.37226769450368485,-32.990632271412224,False,12,-30.0,1870
1811,362.20000000000005,1300,probe,17.102385129237412,-0.37226769450368485,-37.990632271412224,False,12,-35.0,1871
1812,362.40000000000003,1300,probe,17.102385129237412,-0.37226769450368485,-42.990632271412224,False,12,-40.0,1872
1813,362.6,1300,probe,17.102385129237412,-0.37226769450368485,-47.990632271412224,False,12,-45.0,1873
1814,362.8,1300,probe,17.102385129237412,-0.37226769450368485,-42.990632271412224,False,12,-40.0,1872
1815,363.0,1300,probe,17.102385129237412,-0.37226769450368485,-37.990632271412224,False,12,-35.0,1871
1816,363.20000000000005,1300,probe,17.102385129237412,-0.37226769450368485,-32.990632271412224,False,12,-30.0,1870
1817,363.40000000000003,1300,probe,17.102385129237412,-0.37226769450368485,-27.990632271412228,False,12,-25.0,1869
1818,363.6,1300,probe,17.102385129237412,-0.37226769450368485,-22.990632271412228,False,12,-20.0,1868
1819,363.8,1300,probe,17.102385129237412,-0.37226769450368485,-17.990632271412228,False,12,-15.0,1867
1820,364.0,1300,probe,17.102385129237412,-0.37226769450368485,-12.990632271412228,False,12,-10.0,1866
1821,364.20000000000005,1300,probe,17.102385129237412,-0.37226769450368485,-7.9906322714122275,False,12,-5.0,1865
1822,364.40000000000003,1300,probe,17.102385129237412,-0.37226769450368485,-2.990632271412227,False,12,0.0,1372
1823,364.6,1300,probe,17.102385129237412,-0.37226769450368485,2.009367728587773,False,12,5.0,1874
1824,364.8,1300,probe,17.102385129237412,-0.37226769450368485,7.0093677285877725,False,12,10.0,1875
1825,365.0,1300,probe,17.102385129237412,-0.37226769450368485,12.009367728587772,False,12,15.0,1876
1826,365.20000000000005,1300,probe,17.102385129237412,-0.37226769450368485,17.009367728587772,False,12,20.0,1877
1827,365.40000000000003,1300,probe,17.102385129237412,-0.37226769450368485,22.009367728587772,False,12,25.0,1878
1828,365.6,1300,probe,17.102385129237412,-0.37226769450368485,27.009367728587772,False,12,30.0,1879
1829,365.8,1300,probe,17.102385129237412,-0.37226769450368485,32.009367728587776,False,12,35.0,1880
1830,366.0,1300,probe,17.102385129237412,-0.37226769450368485,37.009367728587776,False,12,40.0,1881
1831,366.20000000000005,1300,probe,17.102385129237412,-0.37226769450368485,42.009367728587776,False,12,45.0,1882
1832,366.40000000000003,1300,probe,17.102385129237412,-0.37226769450368485,37.009367728587776,False,12,40.0,1881
1833,366.6,1300,probe,17.102385129237412,-0.37226769450368485,32.009367728587776,False,12,35.0,1880
1834,366.8,1300,probe,17.102385129237412,-0.37226769450368485,27.009367728587772,False,12,30.0,1879
1835,367.0,1300,probe,17.102385129237412,-0.37226769450368485,22.009367728587772,False,12,25.0,1878
1836,367.20000000000005,1300,probe,17.102385129237412,-0.37226769450368485,17.009367728587772,False,12,20.0,1877
1837,367.40000000000003,1300,probe,17.102385129237412,-0.37226769450368485,12.009367728587772,False,12,15.0,1876
1838,367.6,1300,probe,17.102385129237412,-0.37226769450368485,7.0093677285877725,False,12,10.0,1875
1839,367.8,1300,probe,17.102385129237412,-0.37226769450368485,2.009367728587773,False,12,5.0,1874
1840,368.0,1300,probe,17.102385129237412,-0.37226769450368485,-2.990632271412227,False,12,0.0,1372
1841,368.20000000000005,1301,drive,17.14233065236605,-0.3743546017798768,-2.6965866007102903,False,-1,0.0,1373
1842,368.40000000000003,1302,drive,17.1822863595484,-0.37623647944809896,-2.3729965629137717,False,-1,0.0,1374
1843,368.6,1303,drive,17.222252057751728,-0.37789266999284116,-2.023407478192689,False,-1,0.0,1375
1844,368.8,1304,drive,17.262227117186267,-0.37930498129175055,-1.651649517715297,False,-1,0.0,1376
1845,369.0,1305,drive,17.30221049873889,-0.38045789048912976,-1.261795739491939,False,-1,0.0,1377
1846,369.20000000000005,1306,drive,17.34220079932947,-0.3813387188919334,-0.8581174630989771,False,-1,0.0,1378
1847,369.40000000000003,1307,drive,17.382196313217662,-0.3819377754996352,-0.4450374722074555,False,-1,0.0,1379
1848,369.6,1308,drive,17.42219510658325,-0.38224846714289484,-0.02708155764057406,False,-1,0.0,1380
1849,369.8,1309,drive,17.462195102115054,-0.3822673736360867,0.3911710681391108,False,-1,0.0,1381
1850,370.0,1310,drive,17.502194169899177,-0.3819942868344691,0.8051379418383424,False,-1,0.0,1382
1851,370.20000000000005,1311,drive,17.542190220616952,-0.3814322130127219,1.2102835557608493,False,-1,0.0,1383
1852,370.40000000000003,1312,drive,17.582181296960396,-0.3805873385291792,1.6021690497784318,False,-1,0.0,1384
1853,370.6,1313,drive,17.62216565925211,-0.37946895928902213,1.9765008444112084,False,-1,0.0,1385
1854,370.8,1314,drive,17.662141861514534,-0.3780893750495412,2.329177682183125,False,-1,0.0,1386
1855,371.0,1315,drive,17.702108814657493,-0.3764637501024426,2.656335561857285,False,-1,0.0,1387
1856,371.20000000000005,1316,drive,17.74206583402399,-0.3746099423062144,2.9543900732418678,False,-1,0.0,1388
1857,371.40000000000003,1317,drive,17.782012669225352,-0.37254830281417733,3.2200756687381342,False,-1,0.0,1389
1858,371.6,1318,drive,17.82194951497695,-0.3703014491444497,3.450481441363484,False,-1,0.0,1390
1859,371.8,1319,drive,17.8618770024795,-0.3678940144654185,3.643083017257603,False,-1,0.0,1391
1860,372.0,1320,drive,17.901796171741438,-0.36535237612832727,3.7957702132505613,False,-1,0.0,1392
1861,372.20000000000005,1321,drive,17.941708426067756,-0.3627043665756155,3.9068701564711272,False,-1,0.0,1393
1862,372.40000000000003,1322,drive,17.98161547071432,-0.3599789698013864,3.9751656126922787,False,-1,0.0,1394
1863,372.6,1323,drive,18.021519238391328,-0.3572060065525346,3.999908322603877,False,-1,0.0,1395
1864,372.8,1324,drive,18.061421804866285,-0.3544158114497618,3.9808271998983984,False,-1,0.0,1396
1865,373.0,1325,drive,18.101325298342726,-0.35163890518998575,3.918131301349197,False,-1,0.0,1397
1866,373.20000000000005,1326,drive,18.141231806557965,-0.3489056649760431,3.812507536340738,False,-1,0.0,1398
1867,373.40000000000003,1327,drive,18.18114328564109,-0.3462459963130339,3.6651131409456026,False,-1,0.0,1399
1868,373.6,1328,drive,18.221061474696906,-0.34368900931575097,3.477562999004023,False,-1,0.0,1400
1869,373.8,1329,drive,18.260987819835677,-0.341262702686376,3.2519119491185684,False,-1,0.0,1401
1870,374.0,1330,drive,18.30092341096264,-0.3389936585395995,2.9906322714122555,False,-1,0.0,1402
1871,374.20000000000005,1331,drive,18.340868934091276,-0.3369067512634076,2.696586600710238,False,-1,0.0,1403
1872,374.40000000000003,1332,drive,18.380824641273627,-0.33502487359518546,2.3729965629138063,False,-1,0.0,1404
1873,374.6,1333,drive,18.420790339476955,-0.33336868305044326,2.0234074781927265,False,-1,0.0,1405
1874,374.8,1334,drive,18.460765398911494,-0.33195637175153386,1.6516495177153363,False,-1,0.0,1406
1875,375.0,1335,drive,18.500748780464118,-0.33080346255415466,1.261795739491872,False,-1,0.0,1407
1876,375.20000000000005,1336,drive,18.540739081054696,-0.3299226341513511,0.8581174630989081,False,-1,0.0,1408
1877,375.40000000000003,1337,drive,18.58073459494289,-0.3293235775436493,0.44503747220749834,False,-1,0.0,1409
1878,375.6,1338,drive,18.620733388308476,-0.32901288590038963,0.02708155764061718,False,-1,0.0,1410
1879,375.8,1339,drive,18.66073338384028,-0.3289939794071977,-0.3911710681390679,False,-1,0.0,1411
1880,376.0,1340,drive,18.700732451624404,-0.3292670662088153,-0.8051379418383002,False,-1,0.0,1412
1881,376.20000000000005,1341,drive,18.74072850234218,-0.32982914003056246,-1.2102835557608083,False,-1,0.0,1413
1882,376.40000000000003,1342,drive,18.780719578685623,-0.33067401451410516,-1.6021690497784964,False,-1,0.0,1414
