case,mount_deg,arm,seed,drift,fed_s_mean,fed_s_var,fed_s_rms,fed_s_phi,fed_r_mean,fed_r_var,fed_r_rms,fed_r_phi,fed_corr_s_r,fed_n,noise_corr_pre,j2_target_corr,j2_innovation_corr,j2_clipped
R2A,0.0,S1_bias,0,0,0.04997442576348311,0.030068803097738135,0.18046120449594708,-0.006893874739531627,0.005188360341705809,0.016784459999294368,0.12965870230080875,0.017782911812289793,0.03514625304933626,829,0.03565516334589679,,,
R2A,0.0,S1_bias,1,0,0.056915221011433106,0.03220804004277423,0.1882747524910191,-0.04804043125337969,-0.0009196600992962203,0.01941729934334759,0.13934900472570955,0.039220712832181565,-0.015093051849219058,829,-0.015831374227110763,,,
R2A,0.0,S1_bias,2,0,0.05106140120018132,0.02994897553969498,0.18043348423233657,0.0075637522569823555,0.0012650898735337417,0.01774393965629708,0.13321238721937684,0.003112323260370534,-0.038569900640574556,829,-0.03989372843454474,,,
R2A,0.0,S1_bias,3,0,0.04809504344948127,0.03216204204833858,0.18567491821122764,0.021821755325430806,0.005456157122156683,0.016482570933847588,0.12850035246795727,0.06374816236793895,-0.011592390860130475,829,-0.012583589682974837,,,
R2A,0.0,S1_bias,4,0,0.05227659475073744,0.030150959686169262,0.18133891486634107,0.0026059174268657534,-0.00051806184763712,0.017806616391277414,0.13344243994829902,-0.024497582697792532,0.01637618648129589,829,0.016435409734155623,,,
R2A,0.0,S1_bias,5,0,0.03929847210996574,0.02964721287905014,0.1766113891832231,0.02937281571985871,-0.00469733019395998,0.017376133651822095,0.13190223107579788,0.04668554849906685,0.019655795555552177,829,0.0202946680177167,,,
R2A,0.0,S1_bias,6,0,0.053915348069512245,0.028938257953236568,0.17845201795074558,0.02244804637475277,0.005134406431351899,0.0167528865753518,0.12953473937424703,-0.01083982044429468,0.0037931422404280366,829,0.0048455921400364105,,,
R2A,0.0,S1_bias,7,0,0.03489186729250311,0.030131456506501248,0.1770562026862061,0.015708408957962366,-0.001906406635538266,0.017330610300235187,0.13165957878747453,0.06016710144860829,0.019028230067816863,829,0.018563003669245688,,,
R2A,0.0,S1_bias,8,0,0.04443621990700389,0.031372912611460926,0.18261295203540337,0.018137930513110287,0.004646545625959016,0.016795291786057768,0.1296799220091988,-0.017053378348968636,-0.01801630911325407,829,-0.020390040485928032,,,
R2A,0.0,S1_bias,9,0,0.039850250033871694,0.02878942229313432,0.1742913214158881,0.007129930697586224,-0.0010792008611243578,0.016850276876549122,0.12981310238588312,-0.05529810487130267,0.04844242419101303,829,0.04957370812408443,,,
R2A,0.0,S1_bias,10,0,0.046041397594134746,0.02785407259221321,0.17312967072294227,0.04740583548824185,-0.0013149934790878486,0.017967919773182257,0.13405091935914615,0.006165691781154581,-0.0222170101696495,829,-0.023410381951208026,,,
R2A,0.0,S1_bias,11,0,0.049065438439448106,0.028778727267158213,0.1765959923566033,-0.04224391165186251,-0.005024257337488639,0.018758663301848055,0.1370543923544275,0.021735968235021254,-0.0267245236108801,829,-0.02637403552069678,,,
R2A,0.0,S1_bias,12,0,0.030964217527077485,0.027001604844352843,0.16721359876342898,0.049634235177124425,-0.009556142004968215,0.018726853881646237,0.1371793487798559,-0.048531580708202196,-0.020240396701908255,829,-0.02170186035536069,,,
R2A,0.0,S1_bias,13,0,0.050733937176060284,0.031865027163047524,0.1855773680825115,-0.046680977719537886,-0.002599642457108926,0.016567218915419398,0.12873995905049918,-0.0009227186077450138,0.013875604639025806,829,0.01236533449936049,,,
R2A,0.0,S1_bias,14,0,0.052316873800325396,0.028923859080949802,0.17793514089462198,-0.04856896348222929,-0.0006315819016452223,0.019029229211063578,0.13794791809506246,-0.05403693320629167,0.06280249413715135,829,0.06141429015821803,,,
R2A,0.0,S1_bias,15,0,0.05074035016399559,0.030180893485567486,0.18098474140195459,-0.03272218810723484,-0.00019324172074434775,0.017140093933495325,0.13092032415121024,0.014456413399476387,-0.019820261223758635,829,-0.02134758616086247,,,
R2A,0.0,S1_bias,16,0,0.05246087752042447,0.028658808544814587,0.17723135223494618,-0.0018715784061505564,0.002507439235941496,0.01695586353500267,0.1302388221173879,0.03983577806635263,0.08185880375092655,829,0.0832269106776033,,,
R2A,0.0,S1_bias,17,0,0.04374317505860759,0.02891533683422818,0.17558132645140875,0.0034327305030970767,-0.0044601123296578475,0.017495399607597568,0.13234535205133097,-0.011524922234403386,0.004314450915090334,829,0.004787739618519201,,,
R2A,0.0,S1_bias,18,0,0.05926353646998876,0.032146599563447405,0.18883528885877526,-0.0228412664959475,-0.0005428941145293876,0.0187568434349798,0.13695670180388908,0.020287681923536926,0.05710539330118868,829,0.0556638116688226,,,
R2A,0.0,S1_bias,19,0,0.048397453866602165,0.03038771916477315,0.18091443476279895,0.01285308972799008,-0.008573430069172109,0.02008548067279589,0.14198233825355489,0.028934819611757007,0.003850755472088604,829,0.004311382252467692,,,
R2A,0.0,S1_bias,20,0,0.052548675604041584,0.029872319815826866,0.18064795355487884,-0.051905944820478604,0.0015633473133307668,0.01836987835186988,0.13554454030573115,0.04059734625173027,0.03240084199603013,829,0.030227091523215267,,,
R2A,0.0,S1_bias,21,0,0.04052595492979269,0.030613633349184412,0.17959951662561902,-0.0037272638217072914,-0.002806326355714353,0.01826640456516158,0.13518239542476068,0.0027365836301944677,0.025043176038958823,829,0.025559123785262306,,,
R2A,0.0,S1_bias,22,0,0.03545372523445361,0.03078853393393638,0.17901257097460085,0.007746740778697858,0.00014726223219644398,0.017485761626153173,0.1322338206069771,-0.02196826794784795,-0.029269155717436116,829,-0.026926687665881945,,,
R2A,0.0,S1_bias,23,0,0.04720904968970438,0.030817848680305154,0.18178708164473661,-0.05204524277256769,0.0018164776201269406,0.01758912391761757,0.13263643356394197,-0.011049300850820247,0.05248929475621845,829,0.05129940494371285,,,
R2A,0.0,S1_bias,24,0,0.05914463219746018,0.029047809379836382,0.18040481395353403,-0.033251439970315676,-0.013215476891764121,0.01787670351914187,0.1343553212515925,0.021339254707969067,-0.04174771105217455,829,-0.04149190678824879,,,
R2A,0.0,S1_bias,25,0,0.04605975166961758,0.03146071904723086,0.18325452182987928,-0.02212793684401571,0.00022664430495888886,0.01856513235661614,0.13625411452230393,0.01983599490275268,0.06654594505991471,829,0.06587609762021919,,,
R2A,0.0,S1_bias,26,0,0.04291817132933811,0.03174414247014779,0.18326514098541002,-0.006568645481511908,0.0015065506801471853,0.017320105190887582,0.13161449344900977,-0.0005247601090530216,-0.029661705667036704,829,-0.02905191951289384,,,
R2A,0.0,S1_bias,27,0,0.04420567783375967,0.03193416166013282,0.18408776062757398,0.012501470902380268,0.001806789660069579,0.017922784877140177,0.13388819726180465,-0.02494530971178609,-0.023631753362830243,829,-0.021816225277655213,,,
R2A,0.0,S1_bias,28,0,0.03742903586925416,0.03013843554338772,0.17759326639681366,-0.022729109083508958,-0.004881541148502454,0.01692846818772597,0.13020098936532892,0.0051107700168233836,-0.040920826400608706,829,-0.04147354728614894,,,
R2A,0.0,S1_bias,29,0,0.04531424762344752,0.030337875533804546,0.17997571105980847,-0.030264766116025455,0.0019675322334010256,0.017766128372103476,0.133304161807473,-0.03801762287191079,-0.09923534257222351,829,-0.10053247003054712,,,
R2A,0.0,S1_bias,30,0,0.05341984441443716,0.03253717231289023,0.188124565355386,-0.005781060816604013,-0.008541461816081468,0.01805579266496272,0.1346430437672823,-0.020522975735049572,0.006117838518872949,829,0.005920218910684882,,,
R2A,0.0,S1_bias,31,0,0.04413781241835022,0.02966266011319923,0.17779428168047673,-0.025780849105911968,0.0022294863099231927,0.017597500911126725,0.13267430617995654,0.0019139649071869237,-0.020759075836292672,829,-0.02300276300075641,,,
R2A,0.0,S1_bias,32,0,0.037652024274520086,0.027798783094812665,0.17092822478099312,0.044779930961746546,0.003782495685693497,0.01717834985585472,0.1311207730661584,-0.040983879093628224,-0.07403068205142982,829,-0.07396573791700055,,,
R2A,0.0,S1_bias,33,0,0.044518171207064805,0.029036647484789277,0.1761207399837135,0.024606731606751954,0.009464939921902251,0.017419063671651778,0.1323202507531519,0.02538887551180297,0.02012668960412343,829,0.018933215664500673,,,
R2A,0.0,S1_bias,34,0,0.05923602134908198,0.030369948623626387,0.1840620950899323,0.040107595963886564,0.001816815985315271,0.01762732162253867,0.13278035412990571,-0.023336834747377137,-0.036023406965314045,829,-0.034240519916092504,,,
R2A,0.0,S1_bias,35,0,0.049754201551372695,0.029890718500821575,0.17990608403507702,-0.035626092796447746,0.001473817230173714,0.018025870513655548,0.1342685467668564,0.0061852712938303125,-0.00952681791716118,829,-0.009782108833183605,,,
R2A,0.0,S1_bias,36,0,0.04838469940117982,0.031255279820870105,0.1832930957701698,0.042132268756401574,-0.0010279397396703695,0.016867282248102463,0.12987816948283054,-0.04106045734357453,0.012451177112905045,829,0.01067723599146761,,,
R2A,0.0,S1_bias,37,0,0.04142896530906382,0.028555329821832193,0.17398761159465292,-0.04064255918299052,-0.0008819618841808336,0.018475411941529924,0.1359271488639965,-0.009577946803550718,0.010047983878708432,829,0.008292722605710907,,,
R2A,0.0,S1_bias,38,0,0.047020617484043195,0.029856399510823778,0.17907355466233557,0.03053217827288155,-0.0073994235588371576,0.01787925247945926,0.13391790003006443,0.008664084809166896,0.027273153800128413,829,0.026439373553796885,,,
R2A,0.0,S1_bias,39,0,0.042131275381649,0.028706579176982,0.17458987239317847,-0.0019276500269380487,0.002589228903735444,0.018087411380745592,0.13451436907283001,0.02743150417826802,-0.03507012383679585,829,-0.034482873183267836,,,
R2A,0.0,S1_bias,40,0,0.03966407414422995,0.028756733940183084,0.17415502495736968,-0.02831010723759592,-0.0050075543233931335,0.019212364974198107,0.1386991008424346,-0.04593488614007611,-0.04420364379562073,829,-0.043580625974511844,,,
R2A,0.0,S1_bias,41,0,0.04895500509108174,0.029467708806679746,0.17850574593034138,-0.0011517732162914178,0.0005204949820579728,0.01620744150394572,0.12730951425157536,-0.029048291600121994,0.04922050100663245,829,0.04945581771198058,,,
R2A,0.0,S1_bias,42,0,0.045240951181329946,0.03079716709087799,0.18122889050774846,0.01064006827040564,-0.0035190703295070788,0.017096166575119958,0.13079965761080561,-0.0026861570367596,0.027357088535116546,829,0.027163803625480196,,,
R2A,0.0,S1_bias,43,0,0.05459279167277425,0.03290356826960006,0.1894305708491293,-0.03055442438793955,-0.007853555093159787,0.018565202647232177,0.1364803318241624,0.04612057239440325,0.04603680296277363,829,0.04502939348615832,,,
R2A,0.0,S1_bias,44,0,0.040790043813787154,0.029693877592648153,0.17708106975896332,-0.031089606737309733,-0.006379070900948346,0.016091852186987193,0.12701395487325998,0.002399336569925487,-8.151924286664786e-05,829,-0.0004749178977562369,,,
R2A,0.0,S1_bias,45,0,0.04190392031343559,0.028452074856786348,0.17380452639221197,0.0692500029382742,-0.001735947823855553,0.018481812682239446,0.13595891363601945,0.022438872281452478,-0.026716172475941814,829,-0.025266525545441062,,,
R2A,0.0,S1_bias,46,0,0.05379223081716126,0.03148819610001586,0.18542330003616755,0.0022929148858953155,0.007125287897203082,0.017379907526603535,0.13202529020692044,0.009319714683689263,0.001407365320540501,829,0.001267639446780247,,,
R2A,0.0,S1_bias,47,0,0.045368336160355224,0.029318648591698217,0.17713535648666306,0.0004362858670758657,0.007859038216660688,0.01796074768655486,0.13424795033163742,-0.02064744162721448,-0.012596260867155644,829,-0.010766890699420406,,,
R2A,0.0,S1_bias,48,0,0.03887129821306471,0.029069319912042695,0.17487223260658538,-0.009049849200938992,0.0097779382458378,0.01830986147821407,0.13566675921003452,-0.00623670743277781,0.02984202269020916,829,0.03036614692949631,,,
R2A,0.0,S1_bias,49,0,0.04651206209771196,0.030332133734934746,0.18026509827339335,-0.002862373036713154,-0.0011939391202173643,0.016951419761663606,0.13020309232996885,0.002259918314128553,0.050148420130295225,829,0.04976463554237209,,,
R2A,0.0,S1_bias,0,1,0.05277204421647636,0.03093583526691631,0.18363203401831077,-0.01878878322285285,0.0059162706314236915,0.017612316226286555,0.13284321015569747,0.028237536612697355,-0.01698544574285664,829,-0.01572814856768904,,,
R2A,0.0,S1_bias,1,1,0.036368031753684894,0.030525476800385448,0.17846038925773552,0.043154712075824136,-0.003720228677898706,0.019444820994791116,0.1394943048880741,-0.0006192212354166596,0.0960397370097731,829,0.09637888385752534,,,
R2A,0.0,S1_bias,2,1,0.047289217929582614,0.031400294472684234,0.18340273881563435,-0.03797608334786011,-0.006416021049370032,0.01766985890638357,0.13308277211002756,-0.015999304905322347,0.015512350407294867,829,0.01665403797935009,,,
R2A,0.0,S1_bias,3,1,0.03649539314975699,0.02801376594344131,0.17130580744562235,0.01063382030809037,-0.00037228735185046473,0.01812934841291728,0.13464578348685718,-0.012121365447938737,0.009896246388069536,829,0.010019294450567514,,,
R2A,0.0,S1_bias,4,1,0.04066484731000476,0.03226186597303403,0.18416160234907827,-0.00526747782225046,0.0060051484194912266,0.017940704000537707,0.13407746196910883,0.017720304672889972,0.0375481443945687,829,0.03785223233993076,,,
R2A,0.0,S1_bias,5,1,0.04887529028874472,0.03002521129661687,0.1800388994007293,-0.01678885050567954,-0.003668479980904929,0.016933865481109065,0.13018188517024698,-0.017342571337103752,-0.012583649785128112,829,-0.012730127558668437,,,
R2A,0.0,S1_bias,6,1,0.04071501809971421,0.029313968312522025,0.17598772971824506,0.030617893546827268,0.001444832488964216,0.018071853789564076,0.13443935930554432,-0.009431862785543147,-0.041588896952513686,829,-0.041186729501633476,,,
R2A,0.0,S1_bias,7,1,0.05791818682295268,0.028986850548125578,0.1798370565622781,-0.004873532506368331,0.0038284595616650554,0.017344203709312625,0.13175302961195212,0.0032797683515696126,0.028211229730074863,829,0.02954362131135048,,,
R2A,0.0,S1_bias,8,1,0.03685848592769356,0.029995912979571805,0.17707190902131764,-0.0006999007670203399,-0.005891620065924118,0.019407855209496158,0.13943660350315967,0.0302433306236378,0.03388646447648155,829,0.03203773980379644,,,
R2A,0.0,S1_bias,9,1,0.042908847500517856,0.02988232035534078,0.17811089115818685,0.012919145022274175,0.002603498181801651,0.017684820646548357,0.13300976975143972,-0.0018166173674927083,0.01965131818019146,829,0.01755211454295539,,,
R2A,0.0,S1_bias,10,1,0.05866760731392524,0.02947234646550353,0.18142280621091844,0.018258218154993792,-0.0011577649466684508,0.016563269182853817,0.12870357260979803,-0.0017133808639744287,-0.019380459974005844,829,-0.01891677714289612,,,
R2A,0.0,S1_bias,11,1,0.05049211480174137,0.02955510649020074,0.1791774543500185,-0.07347352794722262,0.0014137453106477045,0.016358051297224153,0.12790641099267672,-0.025790796651379035,0.03157878237690298,829,0.03301090688177475,,,
R2A,0.0,S1_bias,12,1,0.0469055406548603,0.03162400636166115,0.18391339294838183,-0.058142861844294666,0.0003648457380192534,0.017936990359170967,0.1339295466713134,0.026335760089544854,-0.05261942597671584,829,-0.05165224651122472,,,
R2A,0.0,S1_bias,13,1,0.04123163473668811,0.03159897590110766,0.18248020058123385,0.042814255505053175,-0.007944512246645411,0.016869811470870126,0.1301265797049443,-0.03325000754051804,0.052685743753288265,829,0.05231887863604005,,,
R2A,0.0,S1_bias,14,1,0.0400998801608066,0.031935005883217175,0.1831474986783282,0.03904855532941569,-0.003065062121350453,0.01698540700478587,0.13036411166649203,-0.00012623519623886057,-0.022621064486149815,829,-0.02237340561038247,,,
R2A,0.0,S1_bias,15,1,0.0385168196546627,0.02865868779102591,0.17361518708723533,-0.002735288753765092,-0.003140776732755692,0.016722053762964737,0.12935191626508574,0.03102908823185959,0.04520517796660937,829,0.0424617963477294,,,
R2A,0.0,S1_bias,16,1,0.04413439410638755,0.02938080641327021,0.17699901456338152,-0.006800252444663027,-0.0023273782762293312,0.01676807130838516,0.1295125013194704,0.016444403153778174,0.029361140885836752,829,0.02956192102505694,,,
R2A,0.0,S1_bias,17,1,0.049587494231447926,0.030985824715485406,0.1828790428114695,0.023579217946786687,-0.00131982844281928,0.01808565502889449,0.1344893935446694,-0.01698031550771405,-0.025289790465460506,829,-0.025696233665368367,,,
R2A,0.0,S1_bias,18,1,0.045606447962179004,0.02972528305481669,0.17834021181590998,0.0010776316048253473,-0.00498173607808722,0.015674607327060157,0.12529734642605914,-0.01587068406825397,0.04701892416398232,829,0.04525033713710456,,,
R2A,0.0,S1_bias,19,1,0.04994137882821066,0.03010597209625196,0.1805550149276248,-0.04016810982388595,-0.010462997821038983,0.015914129117746388,0.12658437281572105,0.04224359134532213,0.047002127044681215,829,0.047715833835913754,,,
R2A,0.0,S1_bias,20,1,0.048389961931314604,0.02780750303143514,0.17363493728840754,-0.008301592095691212,0.01206743977473687,0.01746364436022313,0.13269991508264062,0.026020908813829548,0.0414762477984031,829,0.04226577931141203,,,
R2A,0.0,S1_bias,21,1,0.04855577781135546,0.029365271278705068,0.17810933394286438,0.04948848339765273,0.006256592088828843,0.018021386768756916,0.13438947768825843,-0.023104502067440556,-0.015557669724966599,829,-0.014050822073357847,,,
R2A,0.0,S1_bias,22,1,0.043837436777834964,0.03148076927555488,0.18276348141465668,0.024818228962729033,0.001788360084538681,0.016788808314880006,0.12958397488374856,-0.033331416530505434,0.007308756946358457,829,0.007081654448253001,,,
R2A,0.0,S1_bias,23,1,0.04695168922662338,0.02885305217009239,0.17623141970524384,0.028165670117396267,-0.007451961017242953,0.01728868750442062,0.13169745338245203,0.012564747071835134,-0.08579338529803263,829,-0.08450557139452079,,,
R2A,0.0,S1_bias,24,1,0.05423786877491279,0.03113503001641862,0.18459896106333668,-0.043734946525170064,0.010206218382771966,0.01750954185220874,0.1327166483372963,0.009283278961662682,0.011099087704093001,829,0.012096389854616049,,,
R2A,0.0,S1_bias,25,1,0.04642883504698989,0.030689487287364668,0.18123223778121064,-0.05843171885745934,0.010125373985211478,0.018353296550109754,0.13585219817305183,-0.00863176554786482,0.045394381148335536,829,0.04539760117364404,,,
R2A,0.0,S1_bias,26,1,0.050391663072535946,0.029829432881952573,0.1799131806988264,0.003889214609905468,-0.0015612495880586081,0.018187951735214328,0.13487175106556057,0.026991181880741733,0.026352773787390375,829,0.025539392496238923,,,
R2A,0.0,S1_bias,27,1,0.05931901303217957,0.03194798601552832,0.18832613021734454,-2.8918014157707226e-05,0.0036289122919816717,0.01646703957436373,0.12837526466880847,0.07341493905562249,-0.07145027710592103,829,-0.07383109249717285,,,
R2A,0.0,S1_bias,28,1,0.04510772121907151,0.02902250575577911,0.17623056565010672,-0.014097451334540777,0.003808547045055632,0.01755472414064971,0.13254896895579427,0.016448302642896418,-0.053140854897511025,829,-0.049280460881077966,,,
R2A,0.0,S1_bias,29,1,0.04603639866419633,0.02989167738907292,0.1789162580400164,0.019896442555947393,0.002735146679565346,0.016798336951011537,0.12963725536422882,0.007727317700212835,-0.01877747128029486,829,-0.01939474519817511,,,
R2A,0.0,S1_bias,30,1,0.04921287657672023,0.03222718666033114,0.1861426707697261,0.01604299179395489,0.0022849107108401288,0.018413851581335683,0.13571688324704556,-0.02753905344982465,-0.009546254037387451,829,-0.009131727082245928,,,
R2A,0.0,S1_bias,31,1,0.03911113052684589,0.02958234900484603,0.17638602420808178,-0.027117779566111368,0.0023350861757111337,0.0187374126781179,0.1369045846769417,-0.02876963791016664,0.055952572474208165,829,0.05451139575308733,,,
R2A,0.0,S1_bias,32,1,0.04829406789774948,0.029452902798065176,0.17828409853987992,-0.01878754222358046,-0.006129033046426853,0.01742594289712486,0.13214956656459018,-0.048650170704724646,-0.04940227600661582,829,-0.04712304016726551,,,
R2A,0.0,S1_bias,33,1,0.05751048059082964,0.0322322958079534,0.18851989599440586,0.06516880588756209,-0.009328186268539866,0.018858434556880268,0.13764247024788842,-0.001373101785591522,-0.029346936834503384,829,-0.03073213055641263,,,
R2A,0.0,S1_bias,34,1,0.048466873363288795,0.030198160709401383,0.18040842143041566,0.020524682644578962,-0.0008336218709365601,0.016343809187592536,0.1278456261004507,-0.04477474987448622,-0.0174047201258504,829,-0.018873524558992577,,,
R2A,0.0,S1_bias,35,1,0.0461402404651724,0.028951667754889488,0.17629687899980934,-0.03665346679197244,-0.006799002940484338,0.017783749936371294,0.13352893460728282,-0.041099788527738754,0.028770333587851533,829,0.02907324862106312,,,
R2A,0.0,S1_bias,36,1,0.043251868045477544,0.030696572824343953,0.18046411530763493,-0.04298630875576342,0.006868494033586638,0.01845345947665943,0.13601704189897987,-0.016282670830811925,0.017350886817253695,829,0.018126447890308896,,,
R2A,0.0,S1_bias,37,1,0.040576077134016585,0.03335120541283151,0.18707651762959768,-0.1252258297999219,0.002250975212253173,0.01687127215663074,0.1299089644560256,-0.0018289477978418605,0.03003658194027142,829,0.030825641365094112,,,
R2A,0.0,S1_bias,38,1,0.03566385500315311,0.028216517733073886,0.17172195050942035,-0.034798768455513614,-0.0027777097976770617,0.016927739815225475,0.13013629580922298,0.03538497104291196,-0.013686424622546172,829,-0.014918701096348158,,,
R2A,0.0,S1_bias,39,1,0.049096791372747375,0.029393253513538182,0.1783360547860058,0.061706956698429356,-0.0020694490172500856,0.016670615867119324,0.12913132263844557,-0.03157071863559968,0.012276157517517238,829,0.01297623197921395,,,
R2A,0.0,S1_bias,40,1,0.05083627153738723,0.02777534717519353,0.17424027570862166,0.06097771188329312,0.0028477520551412555,0.0178898353456991,0.13378320162661178,0.037268048200002964,0.04048729316723238,829,0.04110898384446446,,,
R2A,0.0,S1_bias,41,1,0.04223384873616763,0.027762503663466696,0.17189008593440225,0.00929233649572029,0.001138130264492359,0.016974500611757263,0.13029119675655843,0.032275557291008755,0.02831959051645253,829,0.031328588475886085,,,
R2A,0.0,S1_bias,42,1,0.05523072068343603,0.03042692346547757,0.18296818295181624,-0.0002965161839849809,-0.00037988896607083476,0.016319508333417936,0.12774839587659986,-0.017317534540629953,-0.0836329278113663,829,-0.08414868157460097,,,
R2A,0.0,S1_bias,43,1,0.04801922840110123,0.029555305130816265,0.17849692273833012,-0.0337359451150869,-0.0029463691278780483,0.017080536705939703,0.13072573502175236,0.01610738280262531,-0.03287922069611044,829,-0.033007228337179284,,,
R2A,0.0,S1_bias,44,1,0.038371257339302946,0.032501373224036456,0.1843196316560867,0.02643324150454231,-0.005676482999818032,0.01728201807998759,0.13158358765148037,-0.012775939380624157,0.002301808948013984,829,0.0014327247685602658,,,
R2A,0.0,S1_bias,45,1,0.04270569124487341,0.027967632691625232,0.1726018793534059,0.00376729148683577,0.0023459471656126015,0.017759196821195564,0.13328428372955084,0.014833044760000752,0.05878148069028074,829,0.05688224158917467,,,
R2A,0.0,S1_bias,46,1,0.05160974451186513,0.030007824435594327,0.18075228951295283,0.039403489169392826,0.012040125027166533,0.018122979103445583,0.13515895721007684,-0.04309079290227079,-0.028369708365669617,829,-0.028182403943922116,,,
R2A,0.0,S1_bias,47,1,0.04961753085594759,0.028168184995457056,0.17501452615053978,-0.07417519787697421,0.006357288392813639,0.016727532567834852,0.12949111044216222,-0.03432952821191966,0.0367299465091142,829,0.03729216360854464,,,
R2A,0.0,S1_bias,48,1,0.04465946031520071,0.031849968701483676,0.18396857366715832,-0.02941439560447737,-0.001831365300686021,0.018190171218811856,0.1348833759870964,0.03783889954936068,0.0284896444292483,829,0.026998952901160854,,,
R2A,0.0,S1_bias,49,1,0.052054352963403654,0.029348362387080093,0.1790475301407945,-0.04074031389685549,-0.008531578419979294,0.017712696438334778,0.13336222954296706,-0.036374114468194954,-0.020246079798134902,829,-0.0213804842931412,,,
R2A,0.0,S1_bias,0,2,0.045669091849549474,0.030992270310938794,0.18187340724058967,0.03174709113189055,0.0033501590535407475,0.017676520849701446,0.13299527967332325,0.021717349649250265,-0.038071335048015714,829,-0.03778297015951303,,,
R2A,0.0,S1_bias,1,2,0.0514190635863775,0.030039364679373095,0.18078518960211598,0.036850937768901165,0.0010653311072730493,0.01789275034778429,0.13376802786223776,-0.011747779408326884,0.024558805968080796,829,0.026371674639707077,,,
R2A,0.0,S1_bias,2,2,0.03821661543691103,0.03172456649863546,0.1821677144668841,0.025937389826047517,0.004547578545181301,0.01830385191717181,0.135368136530708,-0.007880526308394512,0.02507495752399669,829,0.0252734982763161,,,
R2A,0.0,S1_bias,3,2,0.04380445017460615,0.029921159426173904,0.17843763415062824,-0.03147428574702346,0.0025890993584646933,0.017550733717128213,0.13250447974546453,0.02667915190744068,-0.013823521179845814,829,-0.014446828911252527,,,
R2A,0.0,S1_bias,4,2,0.04898446751907565,0.029661410003829717,0.17905554462779724,-0.026542462332961193,0.00020031734276442726,0.017345721289960835,0.13170330829936902,-0.04041789362047148,0.008670871146691036,829,0.0074074661562860515,,,
R2A,0.0,S1_bias,5,2,0.06263813106794136,0.029865230746420973,0.18381720868870133,-0.017431293738976845,0.0019133555292148478,0.018180700879961532,0.13484940418608718,0.018307181731717297,-0.02963534588825505,829,-0.029558945317278113,,,
R2A,0.0,S1_bias,6,2,0.033561983459555286,0.029401979336790042,0.17472374214894068,-0.031418383973431455,-0.001297447752462999,0.01808492170627027,0.13448644941755522,0.010604054120864013,-0.042101135159714184,829,-0.041844868381741424,,,
R2A,0.0,S1_bias,7,2,0.04623464406808739,0.02965446447911285,0.17830341216930085,-0.04484294126745486,-0.0065606905830380355,0.018168593297105396,0.13495049447123844,0.05663982248110346,0.03123847638792812,829,0.030421274353350607,,,
R2A,0.0,S1_bias,8,2,0.05733294209792288,0.032314955976629596,0.18868498145383317,-0.0706910122474649,-0.004155494245266391,0.01811020680663715,0.13463831155751915,-0.0297425685848835,0.04779398558157411,829,0.04752605665849104,,,
R2A,0.0,S1_bias,9,2,0.050561499956553124,0.029311496147816557,0.17851599767436271,0.031196675305802554,-0.00790441657162416,0.017751071876888274,0.13346741803985737,0.003085550906915499,-0.018873936452134237,829,-0.02067957125576552,,,
R2A,0.0,S1_bias,10,2,0.04600651399620013,0.028600084673916226,0.17526175853276946,0.03621828712261669,-0.0019905173077363475,0.017826125841519335,0.13352935258089035,0.01466327648196867,0.053327594915272294,829,0.05432294348257456,,,
R2A,0.0,S1_bias,11,2,0.04995256136836751,0.030025422497281212,0.18033491310487199,-0.03913331494126927,0.006023371149266058,0.01691193014665979,0.13018529543178678,-0.03247955664373042,0.011262112835738435,829,0.010081521530080996,,,
R2A,0.0,S1_bias,12,2,0.05489287198396008,0.03321312335664819,0.19033221154417246,0.06921025231561895,0.0009399110262036982,0.01733246417949684,0.13165617194888365,-0.016617752435159613,0.017776518627688892,829,0.018978287971627816,,,
R2A,0.0,S1_bias,13,2,0.052805390979091295,0.028580303300285406,0.1771121470050547,0.035607404803387185,0.005393230380537586,0.019167045062936802,0.1385501064484411,0.031120863090918088,-0.0385428774254588,829,-0.03850551324112544,,,
R2A,0.0,S1_bias,14,2,0.04453582864669727,0.031363040356314674,0.18261018698189502,-0.06702995945387592,-0.004001904005946395,0.01638172195116262,0.12805364964277835,-0.008235363234526822,-0.02760766603247482,829,-0.027157704516009934,,,
R2A,0.0,S1_bias,15,2,0.03657798583592278,0.032073226069586375,0.18278724002894553,-0.0550417752392445,0.009141854696303376,0.01771556356863501,0.1334134066573646,-0.07622145501566484,0.004704826723136226,829,0.0047150971846320975,,,
R2A,0.0,S1_bias,16,2,0.055784764733700094,0.027858977636576958,0.1759855608081846,0.0024799203268583456,-0.008189115954569745,0.01861562620978271,0.13668462909157011,0.027401328906761866,0.007570211607447585,829,0.0081240181599557,,,
R2A,0.0,S1_bias,17,2,0.048246111958348346,0.028359938033329805,0.17517883819807484,0.026873449395088542,0.002214269566163436,0.017308843636236297,0.13158171083379305,0.018071305939875538,0.0055632671218351195,829,0.005555253552402288,,,
R2A,0.0,S1_bias,18,2,0.030305566835213293,0.030280437564435676,0.17663200430737136,0.020242246596801468,0.0016042490957486322,0.018038782179643848,0.1343181141723076,0.01683719647868789,0.03386524508077797,829,0.03342333288968366,,,
R2A,0.0,S1_bias,19,2,0.04472360607139424,0.03374992124227197,0.1890770271140871,0.004996887383198558,-0.001490432623502182,0.01763265187758806,0.13279636014211105,-0.04237072373145941,0.0079799613573102,829,0.00813433182100757,,,
R2A,0.0,S1_bias,20,2,0.04810960823233658,0.028825594722235184,0.17646565990725813,-0.023188386708647403,0.0025095862258709013,0.01701094094033543,0.1304501397598351,-0.0046838032991351666,-0.10059833733367221,829,-0.09762536354871923,,,
R2A,0.0,S1_bias,21,2,0.049531932960567376,0.027566885070289204,0.1732636645494356,-0.045080365798933125,0.0015834071810967875,0.017029226457465345,0.13050568430442597,-0.03709312400983618,0.027373238563181853,829,0.029006827578300247,,,
R2A,0.0,S1_bias,22,2,0.04372072475015195,0.029833126561682487,0.1781702229171896,-0.02174207863782862,0.0017970552915453457,0.01862541144730146,0.13648677904845705,-0.07478154506202686,0.0081160340425696,829,0.006820828779634928,,,
R2A,0.0,S1_bias,23,2,0.059034111799294325,0.03140126931338511,0.1867787345211352,-0.0019764115680604576,0.0008490730744900649,0.016469778680424294,0.12833744428462848,-0.010487611238720032,-0.043014175106031886,829,-0.042696024603876385,,,
R2A,0.0,S1_bias,24,2,0.046905761081001834,0.03227991698222303,0.1856880917151422,-0.014791359617430014,0.0034101085425699788,0.017470599823155363,0.1322203791532435,-0.04101554482115422,0.051852446409826586,829,0.051445154429289874,,,
R2A,0.0,S1_bias,25,2,0.04571885151023008,0.029091878848037142,0.17658451866302327,0.011013312692024239,0.000490924890666199,0.017272166436409078,0.13142453136175664,0.01590461802318377,-0.0026591480358863877,829,-0.002692991635093157,,,
R2A,0.0,S1_bias,26,2,0.04472121095979651,0.028881381922373307,0.17573095524717303,-0.021469598590389914,0.0003137475980012404,0.016920321969403643,0.13007851631595008,0.007421899363640379,0.02345513495041286,829,0.024010782858832704,,,
R2A,0.0,S1_bias,27,2,0.043388212327908036,0.03040333194177044,0.17968268951343663,-0.03951994907933336,-0.009880244248258617,0.01768972574976134,0.1333692055017446,0.012232882411073502,0.021502105329013838,829,0.01920585507226598,,,
R2A,0.0,S1_bias,28,2,0.051886639261080135,0.032400206600615586,0.18732973585211998,0.010260277613846095,-0.001212736213313695,0.017868137712430468,0.13367725476517517,0.06432399132378934,-0.02037846248826722,829,-0.02056120202221856,,,
R2A,0.0,S1_bias,29,2,0.047353562118440766,0.030343289104298916,0.18051495491954106,0.0019181437333151907,0.00796817127740683,0.01804359701301641,0.13456258308505564,0.02570817463469399,-0.014284676066225369,829,-0.013194859136618147,,,
R2A,0.0,S1_bias,30,2,0.05139254077890557,0.02812026403031955,0.17538944460266423,-0.041454747164998154,0.0017130897090543527,0.017848381285533482,0.1336088169316859,-0.004919343861444958,0.004117366580900237,829,0.0033828083312428085,,,
R2A,0.0,S1_bias,31,2,0.04468606176232253,0.029075008712544866,0.17627209883691455,0.01404225681109561,-0.0039719178890625624,0.016704896232229895,0.12930843887367657,-0.021249021136604134,0.014664857971412537,829,0.01569713576682207,,,
R2A,0.0,S1_bias,32,2,0.04934534319305887,0.03199209039935875,0.18554528637019996,-0.007821984300750703,-0.004232508477354129,0.019707472246922687,0.1404470945763335,-0.034811737939539074,0.017930599504010027,829,0.018108918803175507,,,
R2A,0.0,S1_bias,33,2,0.04356494285683457,0.03254357887514228,0.18558416721601426,-0.03395833159455471,-0.004096428370483519,0.017766053753860093,0.13335229461563303,0.007946641422664562,-0.005309322661507248,829,-0.006812396355839078,,,
R2A,0.0,S1_bias,34,2,0.051615444727066445,0.030979397962442295,0.1834217874103705,0.0049919943662379155,0.0016813814212954495,0.016599709128891492,0.12885082914896345,0.011908076451335715,0.018982734330410537,829,0.020481854203957636,,,
R2A,0.0,S1_bias,35,2,0.043508447278728324,0.031036964186555226,0.181466110255224,-0.039860128996589535,0.002325460033348641,0.01704408333850844,0.13057369988966058,0.007324759429896709,-0.0041368129687560425,829,-0.0025151950158535255,,,
R2A,0.0,S1_bias,36,2,0.036851765050742336,0.02954704540498069,0.17579845844698355,0.06940014656992627,0.0007375706691443497,0.016343333173259655,0.12784317417739452,0.0005496979954495836,0.03455864161900223,829,0.033077187499914666,,,
R2A,0.0,S1_bias,37,2,0.04565672926934362,0.02746423135537837,0.17189755170726695,0.0045326080038213595,-0.00557749087542974,0.017328667317187914,0.13175650162953406,-0.01596306763205352,0.006047264048675804,829,0.006216640796875668,,,
R2A,0.0,S1_bias,38,2,0.04438941162289427,0.028631509213640924,0.17493407066054245,0.03987809097125067,-0.008663807915201398,0.017234694747133846,0.1315665470958532,-0.0281983079126057,-0.04703301067863557,829,-0.04792301221363777,,,
R2A,0.0,S1_bias,39,2,0.04659160916636956,0.03016818528794002,0.17983037377665584,0.03031377803346485,-0.0015543541204310076,0.017110059751743855,0.13081466190177443,0.0015610756170179978,-0.0017014256444565076,829,0.0014253859959520079,,,
R2A,0.0,S1_bias,40,2,0.048491053432177925,0.028824770890010055,0.17656770133003485,-0.028035228947856924,0.003942133585447484,0.017213700249091215,0.13126020214176393,-0.049216836052745516,-0.08261911381079295,829,-0.08274734743293073,,,
R2A,0.0,S1_bias,41,2,0.0350732146071161,0.03188788838821478,0.1819835673105998,-0.0042644113844982,-0.0036222006157189705,0.015412408550034205,0.12419955268572717,0.0015807083031852808,-0.016447887043627735,829,-0.01784251810509025,,,
R2A,0.0,S1_bias,42,2,0.04225146737145496,0.028887456719815158,0.1751360705704461,0.038223697419984375,0.0038514457521225927,0.017214044866499204,0.13125882256397375,0.03205157256725698,0.010364020660687876,829,0.01102151573939457,,,
R2A,0.0,S1_bias,43,2,0.05615368996638213,0.02568649366554373,0.1698226444334921,0.001738922199029509,0.006739163391539285,0.017845409399078648,0.13375659132280737,0.003185315242474881,-0.016386853348109062,829,-0.01636038311595087,,,
R2A,0.0,S1_bias,44,2,0.04856204767083979,0.0309935681060188,0.18262486298421615,-0.04633466219898024,-0.0007020336883503623,0.019065196011875733,0.13807856047618441,0.0009512049421604502,0.05432082553256299,829,0.052390867498323404,,,
R2A,0.0,S1_bias,45,2,0.050754424140266735,0.02855834034139703,0.17644928991414818,0.07424549464009621,-0.006047961735139022,0.017412625771536853,0.1320954337313995,-0.0027998881032220606,0.0207709524226861,829,0.021223158464707726,,,
R2A,0.0,S1_bias,46,2,0.051252520790323886,0.029626199987007298,0.17959126057347521,0.0774066886078932,0.0011465351731385187,0.01840508818435886,0.13567019837555375,-0.044462801400421796,0.04639331593548482,829,0.04570293365474954,,,
R2A,0.0,S1_bias,47,2,0.06061326059623208,0.033886685744992755,0.19380570968137004,-0.0015219066410633727,-0.0012150718864035813,0.01685372533248032,0.12982758463504376,-0.03953559272992212,0.01779810150037115,829,0.017456747025351764,,,
R2A,0.0,S1_bias,48,2,0.048867966311437264,0.031436516746606906,0.18391464019490855,0.002243490659354356,0.0032475981700458597,0.019142315233454943,0.13839386593100514,-0.048983298330955806,-0.07447352048310678,829,-0.07549056282591739,,,
R2A,0.0,S1_bias,49,2,0.0441677244219614,0.0314835194259008,0.18285050534935673,-0.028289825196246867,-0.001721120235851469,0.017286943934900982,0.13149108787201982,0.011895124522055928,0.04402760462587605,829,0.044676621939264624,,,
R2A,0.0,S2_ar0,0,0,0.013049897412723877,0.027807089101961866,0.16726442815029285,0.9192091848260633,0.005188360341705809,0.016784459999294368,0.12965870230080875,0.017782911812289793,0.03006411188190007,829,0.03056489610965862,,,
R2A,0.0,S2_ar0,1,0,0.05342557730796246,0.03336979110714937,0.19032625519837887,0.9289463584041974,-0.0009196600992962203,0.01941729934334759,0.13934900472570955,0.039220712832181565,0.03210390957576181,829,0.031407326244875265,,,
R2A,0.0,S2_ar0,2,0,0.021966392935790856,0.02696319739939094,0.16566749777189402,0.9165239907438707,0.0012650898735337417,0.01774393965629708,0.13321238721937684,0.003112323260370534,-0.047489620073647765,829,-0.048890832489275865,,,
R2A,0.0,S2_ar0,3,0,0.0036846273761873007,0.03840710623853852,0.1960119453437465,0.9371361348621394,0.005456157122156683,0.016482570933847588,0.12850035246795727,0.06374816236793895,0.016055378978408252,829,0.015161768934987833,,,
R2A,0.0,S2_ar0,4,0,0.028768516046705495,0.03148055867058074,0.1797447806922646,0.9290710826692185,-0.00051806184763712,0.017806616391277414,0.13344243994829902,-0.024497582697792532,-0.013739113862658421,829,-0.01371675460839509,,,
R2A,0.0,S2_ar0,5,0,-0.031128512216080817,0.03993536050427284,0.20224822564625763,0.9445896528494574,-0.00469733019395998,0.017376133651822095,0.13190223107579788,0.04668554849906685,0.08849576919807016,829,0.08900071923987163,,,
R2A,0.0,S2_ar0,6,0,0.03893900048508289,0.035500070496278166,0.19239624802748997,0.9400035219897155,0.005134406431351899,0.0167528865753518,0.12953473937424703,-0.01083982044429468,0.008177073674398887,829,0.009117781207219263,,,
R2A,0.0,S2_ar0,7,0,-0.057668018322153874,0.033248721371391086,0.19124414163209122,0.933859847408688,-0.001906406635538266,0.017330610300235187,0.13165957878747453,0.06016710144860829,-0.020369010349207916,829,-0.02081097816727017,,,
R2A,0.0,S2_ar0,8,0,-0.008899874850761715,0.03772992785721847,0.1944457138369928,0.9380920428479366,0.004646545625959016,0.016795291786057768,0.1296799220091988,-0.017053378348968636,-0.04908994966706869,829,-0.05123264119966439,,,
R2A,0.0,S2_ar0,9,0,-0.031471791176546596,0.029524917370831346,0.17468655074358616,0.9280761187853273,-0.0010792008611243578,0.016850276876549122,0.12981310238588312,-0.05529810487130267,0.053176888631392874,829,0.0543245522175768,,,
R2A,0.0,S2_ar0,10,0,0.0034623017719324243,0.028848067249232893,0.16988247344206175,0.9254987151159825,-0.0013149934790878486,0.017967919773182257,0.13405091935914615,0.006165691781154581,0.019495654915357215,829,0.018376749300546003,,,
R2A,0.0,S2_ar0,11,0,0.006601719005737669,0.026238725700839512,0.16211819267025596,0.9166025404629758,-0.005024257337488639,0.018758663301848055,0.1370543923544275,0.021735968235021254,-0.05326798363971338,829,-0.052961060713227065,,,
R2A,0.0,S2_ar0,12,0,-0.08019358694655493,0.023167028718580087,0.17204080942013367,0.9115435391495343,-0.009556142004968215,0.018726853881646237,0.1371793487798559,-0.048531580708202196,-0.0027868016834650838,829,-0.004385508291962665,,,
R2A,0.0,S2_ar0,13,0,0.013393156676985828,0.029249480721254464,0.1715484111469085,0.9168946019295139,-0.002599642457108926,0.016567218915419398,0.12873995905049918,-0.0009227186077450138,-0.05948657141426343,829,-0.06103078679256993,,,
R2A,0.0,S2_ar0,14,0,0.03617847323657638,0.024447537134449023,0.16048806516429406,0.9110091592892505,-0.0006315819016452223,0.019029229211063578,0.13794791809506246,-0.05403693320629167,0.03979536976286546,829,0.03820467083820846,,,
R2A,0.0,S2_ar0,15,0,0.02376927613183309,0.02963591564264471,0.17378404452214835,0.9223414241597302,-0.00019324172074434775,0.017140093933495325,0.13092032415121024,0.014456413399476387,-0.04538236847126205,829,-0.04691923129381709,,,
R2A,0.0,S2_ar0,16,0,0.028989926761683667,0.03273420878443977,0.1832337977505448,0.9355104252547078,0.002507439235941496,0.01695586353500267,0.1302388221173879,0.03983577806635263,0.06052971770116187,829,0.061841544187550876,,,
R2A,0.0,S2_ar0,17,0,-0.014584166578722127,0.023281814636773233,0.15327919803929413,0.906971887492778,-0.0044601123296578475,0.017495399607597568,0.13234535205133097,-0.011524922234403386,0.028399188132956107,829,0.028948085624706705,,,
R2A,0.0,S2_ar0,18,0,0.0653866571584101,0.0369867945718831,0.20313101561857697,0.9364269424505917,-0.0005428941145293876,0.0187568434349798,0.13695670180388908,0.020287681923536926,-0.0060048772162455966,829,-0.0073222282562351105,,,
R2A,0.0,S2_ar0,19,0,0.015403007431300648,0.029356408640487726,0.17202808281910378,0.922519035405894,-0.008573430069172109,0.02008548067279589,0.14198233825355489,0.028934819611757007,0.038675661453983164,829,0.039144061183969986,,,
R2A,0.0,S2_ar0,20,0,0.030885816759785824,0.0206356304787779,0.14693387681435813,0.8895829412513571,0.0015633473133307668,0.01836987835186988,0.13554454030573115,0.04059734625173027,0.044261660863804064,829,0.04162662862908293,,,
R2A,0.0,S2_ar0,21,0,-0.033057034262828675,0.02968467646753031,0.1754350135571122,0.9235774969286437,-0.002806326355714353,0.01826640456516158,0.13518239542476068,0.0027365836301944677,0.0843202932069979,829,0.08483578255510678,,,
R2A,0.0,S2_ar0,22,0,-0.0600357931418384,0.02749334042745845,0.17634522076208378,0.915610724166359,0.00014726223219644398,0.017485761626153173,0.1322338206069771,-0.02196826794784795,-0.001076515210307862,829,0.0014483471476519475,,,
R2A,0.0,S2_ar0,23,0,0.0007627488376898315,0.03067208736962921,0.17513614462873905,0.9259111405152075,0.0018164776201269406,0.01758912391761757,0.13263643356394197,-0.011049300850820247,0.05652167807098305,829,0.055196719689572175,,,
R2A,0.0,S2_ar0,24,0,0.06425889669625283,0.028545490795618637,0.18076143560018088,0.9237535919902399,-0.013215476891764121,0.01787670351914187,0.1343553212515925,0.021339254707969067,-0.05071533777871709,829,-0.05050741645842437,,,
R2A,0.0,S2_ar0,25,0,-0.0023835367235561142,0.024282838885828082,0.15584774664120307,0.902553139762484,0.00022664430495888886,0.01856513235661614,0.13625411452230393,0.01983599490275268,0.06166999049193648,829,0.06089637251386665,,,
R2A,0.0,S2_ar0,26,0,-0.021021727788166505,0.030621883489993913,0.17624924547127482,0.9230460473351081,0.0015065506801471853,0.017320105190887582,0.13161449344900977,-0.0005247601090530216,-0.03617937311387929,829,-0.035562646454267786,,,
R2A,0.0,S2_ar0,27,0,-0.014123312206226967,0.02545932012014811,0.1601836073629966,0.9058589520197806,0.001806789660069579,0.017922784877140177,0.13388819726180465,-0.02494530971178609,0.0024181571502263728,829,0.004451411982639981,,,
R2A,0.0,S2_ar0,28,0,-0.04378059000303731,0.02647995726868624,0.16851319630729308,0.9145111279663947,-0.004881541148502454,0.01692846818772597,0.13020098936532892,0.0051107700168233836,-0.03525498004935555,829,-0.03587949839503196,,,
R2A,0.0,S2_ar0,29,0,-0.006333886704200762,0.03103338819286154,0.17627678892481333,0.926289001280529,0.0019675322334010256,0.017766128372103476,0.133304161807473,-0.03801762287191079,-0.03616188118657282,829,-0.03734867076065018,,,
R2A,0.0,S2_ar0,30,0,0.03762687233196268,0.02966331568320172,0.1762926464850067,0.9188825210350005,-0.008541461816081468,0.01805579266496272,0.1346430437672823,-0.020522975735049572,-0.036503843242709555,829,-0.03672709620419071,,,
R2A,0.0,S2_ar0,31,0,-0.009001775790256924,0.028017722213929844,0.16762683013559584,0.9215745549130173,0.0022294863099231927,0.017597500911126725,0.13267430617995654,0.0019139649071869237,0.010823722957737085,829,0.008516123105012902,,,
R2A,0.0,S2_ar0,32,0,-0.05338021145894097,0.02666210969335577,0.171789279842361,0.9198206778847616,0.003782495685693497,0.01717834985585472,0.1311207730661584,-0.040983879093628224,-0.027120702037738573,829,-0.026966042081416813,,,
R2A,0.0,S2_ar0,33,0,-0.003750249521953481,0.03319556369555065,0.18223509010897862,0.9338313768200935,0.009464939921902251,0.017419063671651778,0.1323202507531519,0.02538887551180297,0.02805806208150245,829,0.026964192515490062,,,
R2A,0.0,S2_ar0,34,0,0.06626069911740208,0.03469992384352982,0.19771293354522032,0.9350781280978232,0.001816815985315271,0.01762732162253867,0.13278035412990571,-0.023336834747377137,-0.05618078542660014,829,-0.054528250560792746,,,
R2A,0.0,S2_ar0,35,0,0.015973087152369825,0.03282837871903603,0.1818887523521266,0.9323594428061214,0.001473817230173714,0.018025870513655548,0.1342685467668564,0.0061852712938303125,0.05577200507052851,829,0.055591933314201945,,,
R2A,0.0,S2_ar0,36,0,0.009790763676962867,0.027995078230106996,0.16760351214543545,0.9159476552234677,-0.0010279397396703695,0.016867282248102463,0.12987816948283054,-0.04106045734357453,-0.003501772231268832,829,-0.005361595916088259,,,
R2A,0.0,S2_ar0,37,0,-0.026818790141913768,0.02676108796173235,0.16577193811501498,0.9205115268080492,-0.0008819618841808336,0.018475411941529924,0.1359271488639965,-0.009577946803550718,-0.03212690319590129,829,-0.03402531610856822,,,
R2A,0.0,S2_ar0,38,0,-0.00011911479470086508,0.028030090337403873,0.16742193561698596,0.9204039811724873,-0.0073994235588371576,0.01787925247945926,0.13391790003006443,0.008664084809166896,0.010416020632761567,829,0.009549287929649177,,,
R2A,0.0,S2_ar0,39,0,-0.02200790731146965,0.02267764384434166,0.15219064303882776,0.9063059149878786,0.002589228903735444,0.018087411380745592,0.13451436907283001,0.02743150417826802,-0.029532363313224633,829,-0.02890990012717448,,,
R2A,0.0,S2_ar0,40,0,-0.03437637890063637,0.02224972003128814,0.1530733662581713,0.9006489713134653,-0.0050075543233931335,0.019212364974198107,0.1386991008424346,-0.04593488614007611,0.009982581350890399,829,0.010689224545749764,,,
R2A,0.0,S2_ar0,41,0,0.008499992865403108,0.025737830041620797,0.1606551583993888,0.9138211237615051,0.0005204949820579728,0.01620744150394572,0.12730951425157536,-0.029048291600121994,0.07347377600840602,829,0.0738297242545175,,,
R2A,0.0,S2_ar0,42,0,-0.0005362998772381016,0.028450836070108277,0.1686746089002924,0.9158069173234273,-0.0035190703295070788,0.017096166575119958,0.13079965761080561,-0.0026861570367596,-0.00549035523893203,829,-0.00575106763386459,,,
R2A,0.0,S2_ar0,43,0,0.042132730024561,0.035627073193079666,0.19339658769585932,0.9316284399359861,-0.007853555093159787,0.018565202647232177,0.1364803318241624,0.04612057239440325,0.02373740497643556,829,0.022716006213309575,,,
R2A,0.0,S2_ar0,44,0,-0.02804116509312304,0.02498802083725783,0.1605438500131276,0.9109433008635061,-0.006379070900948346,0.016091852186987193,0.12701395487325998,0.002399336569925487,-0.03773171612731015,829,-0.03815733712429756,,,
R2A,0.0,S2_ar0,45,0,-0.021478652534280218,0.0275495131520651,0.1673644097971652,0.9218276732130043,-0.001735947823855553,0.018481812682239446,0.13595891363601945,0.022438872281452478,-0.03657323768598664,829,-0.03505921848266195,,,
R2A,0.0,S2_ar0,46,0,0.02905555457890198,0.020544257697375213,0.14624801861653636,0.8780776472106163,0.007125287897203082,0.017379907526603535,0.13202529020692044,0.009319714683689263,-0.052477701355076414,829,-0.05259441454208126,,,
R2A,0.0,S2_ar0,47,0,-0.0035560340655415227,0.040575497748055155,0.20146499230965775,0.9462042096389132,0.007859038216660688,0.01796074768655486,0.13424795033163742,-0.02064744162721448,-0.01148025599548084,829,-0.009914926579311057,,,
R2A,0.0,S2_ar0,48,0,-0.03886638488224404,0.023791029891357965,0.1590648476728051,0.9096647999641783,0.0097779382458378,0.01830986147821407,0.13566675921003452,-0.00623670743277781,0.05470607104635881,829,0.055420926420201536,,,
R2A,0.0,S2_ar0,49,0,0.005762029512285567,0.022242320573058447,0.14924986283799024,0.8966852496497741,-0.0011939391202173643,0.016951419761663606,0.13020309232996885,0.002259918314128553,-0.0016275890191498402,829,-0.00210400994348044,,,
R2A,0.0,S2_ar0,0,1,0.030713732109976775,0.02381183217606988,0.157337743457167,0.9023110873871669,0.0059162706314236915,0.017612316226286555,0.13284321015569747,0.028237536612697355,-0.034356825393072415,829,-0.03303339388522479,,,
R2A,0.0,S2_ar0,1,1,-0.052615505109283714,0.03198670324160467,0.18642718315607767,0.9287894205759091,-0.003720228677898706,0.019444820994791116,0.1394943048880741,-0.0006192212354166596,0.025386417705723564,829,0.025725151538392926,,,
R2A,0.0,S2_ar0,2,1,0.0052553849423813545,0.024441800189213915,0.1564270413327137,0.8987084765552449,-0.006416021049370032,0.01766985890638357,0.13308277211002756,-0.015999304905322347,-0.0282733807484199,829,-0.027027595641285325,,,
R2A,0.0,S2_ar0,3,1,-0.05674663254198183,0.02651168969724056,0.1724293188587581,0.9205945436397658,-0.00037228735185046473,0.01812934841291728,0.13464578348685718,-0.012121365447938737,0.015490928816942544,829,0.015605131574877798,,,
R2A,0.0,S2_ar0,4,1,-0.02576212382113057,0.032007702550173225,0.1807522878802603,0.9262608066533607,0.0060051484194912266,0.017940704000537707,0.13407746196910883,0.017720304672889972,0.03258937363744814,829,0.03284897543308603,,,
R2A,0.0,S2_ar0,5,1,0.007951351565823293,0.028531732426341067,0.16910043293281182,0.920256248272036,-0.003668479980904929,0.016933865481109065,0.13018188517024698,-0.017342571337103752,-0.022581912090831473,829,-0.022741826958419822,,,
R2A,0.0,S2_ar0,6,1,-0.0262894434950404,0.02599389574894725,0.16335553430547178,0.9158743571390746,0.001444832488964216,0.018071853789564076,0.13443935930554432,-0.009431862785543147,0.04588924052567172,829,0.04632544600299543,,,
R2A,0.0,S2_ar0,7,1,0.0515527238216466,0.030673873614336655,0.18256932093801417,0.9280623755351671,0.0038284595616650554,0.017344203709312625,0.13175302961195212,0.0032797683515696126,-0.06060305652986677,829,-0.0593129505804049,,,
R2A,0.0,S2_ar0,8,1,-0.049610617404187665,0.02696065886708412,0.17152805084390368,0.9172306564931751,-0.005891620065924118,0.019407855209496158,0.13943660350315967,0.0302433306236378,-0.062180058612547676,829,-0.06412649905309029,,,
R2A,0.0,S2_ar0,9,1,-0.01880978828328491,0.02711559432170348,0.1657389587784522,0.9169763163878364,0.002603498181801651,0.017684820646548357,0.13300976975143972,-0.0018166173674927083,0.049728801025753035,829,0.047638170248779754,,,
R2A,0.0,S2_ar0,10,1,0.051405435412134576,0.04060517801015795,0.20796080592282065,0.9430108571014417,-0.0011577649466684508,0.016563269182853817,0.12870357260979803,-0.0017133808639744287,-0.060199037233541544,829,-0.05980620739541343,,,
R2A,0.0,S2_ar0,11,1,0.02701171662524097,0.02664187065284437,0.16544335431768387,0.9149030898617047,0.0014137453106477045,0.016358051297224153,0.12790641099267672,-0.025790796651379035,-0.0036400714730094536,829,-0.0021717914949888144,,,
R2A,0.0,S2_ar0,12,1,0.0012121121643833555,0.030617873549585343,0.17498383572628756,0.9234670743069758,0.0003648457380192534,0.017936990359170967,0.1339295466713134,0.026335760089544854,0.0010268509602260414,829,0.002055782593251935,,,
R2A,0.0,S2_ar0,13,1,-0.02667418602043873,0.04778007953615424,0.22020806464797607,0.9521707804057751,-0.007944512246645411,0.016869811470870126,0.1301265797049443,-0.03325000754051804,0.009000436164850785,829,0.00871476721065297,,,
R2A,0.0,S2_ar0,14,1,-0.025340989668134303,0.03333377122853075,0.18432562758849144,0.9262440359542652,-0.003065062121350453,0.01698540700478587,0.13036411166649203,-0.00012623519623886057,0.06407798646070062,829,0.06444367465655138,,,
R2A,0.0,S2_ar0,15,1,-0.04496451365505523,0.02883085016098533,0.1756492460821309,0.9259548952355208,-0.003140776732755692,0.016722053762964737,0.12935191626508574,0.03102908823185959,0.01826418344774104,829,0.015537312674564967,,,
R2A,0.0,S2_ar0,16,1,-0.011002974870330506,0.025137247747630074,0.15892864186051298,0.9142918739945904,-0.0023273782762293312,0.01676807130838516,0.1295125013194704,0.016444403153778174,0.05629318980297174,829,0.05644916235764462,,,
R2A,0.0,S2_ar0,17,1,0.015626897394142688,0.03254608160707683,0.18108087013609114,0.929765771997796,-0.00131982844281928,0.01808565502889449,0.1344893935446694,-0.01698031550771405,-0.05421369620789861,829,-0.05460883817522506,,,
R2A,0.0,S2_ar0,18,1,-0.001508043821542124,0.031937795014118725,0.17871784804626095,0.930446112744999,-0.00498173607808722,0.015674607327060157,0.12529734642605914,-0.01587068406825397,-0.0240359303069774,829,-0.025831337469383226,,,
R2A,0.0,S2_ar0,19,1,0.022649256976254865,0.03253731375952515,0.18179742187693854,0.9312353544966882,-0.010462997821038983,0.015914129117746388,0.12658437281572105,0.04224359134532213,0.022783788759043605,829,0.0234564741414892,,,
R2A,0.0,S2_ar0,20,1,0.01258129752667394,0.027808496714251424,0.16723272933760938,0.925057568243329,0.01206743977473687,0.01746364436022313,0.13269991508264062,0.026020908813829548,0.0649667228480276,829,0.06574204988187694,,,
R2A,0.0,S2_ar0,21,1,0.005567298755182013,0.033592242561123045,0.1833664019839853,0.9328486355920897,0.006256592088828843,0.018021386768756916,0.13438947768825843,-0.023104502067440556,-0.04560949489152579,829,-0.044189482584811264,,,
R2A,0.0,S2_ar0,22,1,-0.014307339161387995,0.03906572336719322,0.19816766467078378,0.9380551932372099,0.001788360084538681,0.016788808314880006,0.12958397488374856,-0.033331416530505434,0.015708150932469214,829,0.015533035575439806,,,
R2A,0.0,S2_ar0,23,1,0.009679968160300737,0.0289086760707904,0.17030084513699523,0.9245180635386959,-0.007451961017242953,0.01728868750442062,0.13169745338245203,0.012564747071835134,-0.07979413008088262,829,-0.07874196591878826,,,
R2A,0.0,S2_ar0,24,1,0.03871312420585021,0.029888784187176443,0.17716514943112832,0.9232838917218826,0.010206218382771966,0.01750954185220874,0.1327166483372963,0.009283278961662682,0.020532522267163636,829,0.021558950396434455,,,
R2A,0.0,S2_ar0,25,1,-0.0003858501022579263,0.030894905007778393,0.17576988902562293,0.926631938077752,0.010125373985211478,0.018353296550109754,0.13585219817305183,-0.00863176554786482,0.002273468929087256,829,0.002281823795559695,,,
R2A,0.0,S2_ar0,26,1,0.021553511444497565,0.02632621202078268,0.16367884981380695,0.9141906433048194,-0.0015612495880586081,0.018187951735214328,0.13487175106556057,0.026991181880741733,-0.006576291082742329,829,-0.007519928222370861,,,
R2A,0.0,S2_ar0,27,1,0.07334044790932925,0.031253298822273484,0.191395193570305,0.9233999720472748,0.0036289122919816717,0.01646703957436373,0.12837526466880847,0.07341493905562249,0.005392384517125126,829,0.003074237789521399,,,
R2A,0.0,S2_ar0,28,1,-0.007329095182253263,0.022767980984693157,0.15106851631257814,0.9050037514009946,0.003808547045055632,0.01755472414064971,0.13254896895579427,0.016448302642896418,0.0033200501946870496,829,0.007799109751432566,,,
R2A,0.0,S2_ar0,29,1,-0.000655854273509412,0.034199068773614054,0.18493106531473325,0.9353967700449944,0.002735146679565346,0.016798336951011537,0.12963725536422882,0.007727317700212835,-0.06695830127072536,829,-0.0675656487491829,,,
R2A,0.0,S2_ar0,30,1,0.014344576365165162,0.029770435529282643,0.17313636937506427,0.9196668592779892,0.0022849107108401288,0.018413851581335683,0.13571688324704556,-0.02753905344982465,0.010065350719668546,829,0.010505099305327741,,,
R2A,0.0,S2_ar0,31,1,-0.03688481869486895,0.02589882312497681,0.165103945970804,0.9133058239090881,0.0023350861757111337,0.0187374126781179,0.1369045846769417,-0.02876963791016664,0.03485535777146596,829,0.03334665999395073,,,
R2A,0.0,S2_ar0,32,1,0.0065793816644083725,0.020696510788398167,0.14401319054685277,0.8927799183478482,-0.006129033046426853,0.01742594289712486,0.13214956656459018,-0.048650170704724646,0.039795159243272774,829,0.04261183588260449,,,
R2A,0.0,S2_ar0,33,1,0.05099606906144506,0.042217681321910956,0.21170328382344622,0.9438637641676089,-0.009328186268539866,0.018858434556880268,0.13764247024788842,-0.001373101785591522,-0.05594769482664191,829,-0.0571619765980782,,,
R2A,0.0,S2_ar0,34,1,0.008858928213697388,0.029722421516484684,0.17262937793313202,0.9251105222243038,-0.0008336218709365601,0.016343809187592536,0.1278456261004507,-0.04477474987448622,0.00302952258962397,829,0.0015300725388591775,,,
R2A,0.0,S2_ar0,35,1,0.0010794675414208148,0.02393817277244547,0.15472342428545993,0.9105141047035386,-0.006799002940484338,0.017783749936371294,0.13352893460728282,-0.041099788527738754,0.033641928977234725,829,0.0340135110312889,,,
R2A,0.0,S2_ar0,36,1,-0.015364130688437411,0.025809116364168147,0.16138516931855768,0.9101930838973176,0.006868494033586638,0.01845345947665943,0.13601704189897987,-0.016282670830811925,0.009051939733855001,829,0.009888823953724766,,,
R2A,0.0,S2_ar0,37,1,-0.027513088596080326,0.02127474511331416,0.14843084301252865,0.8818907533783579,0.002250975212253173,0.01687127215663074,0.1299089644560256,-0.0018289477978418605,-0.009927702931367053,829,-0.00896285155999519,,,
R2A,0.0,S2_ar0,38,1,-0.05823518275521366,0.023520960231591965,0.16404967766541054,0.9102393756209598,-0.0027777097976770617,0.016927739815225475,0.13013629580922298,0.03538497104291196,-0.0151973444020154,829,-0.016537337235127056,,,
R2A,0.0,S2_ar0,39,1,0.012236621291796224,0.03977295440857892,0.19980662979295197,0.9463114851138154,-0.0020694490172500856,0.016670615867119324,0.12913132263844557,-0.03157071863559968,-0.016190998345205997,829,-0.015576590913735838,,,
R2A,0.0,S2_ar0,40,1,0.02438814464113001,0.02869573441204346,0.17114472241667322,0.9286746438618801,0.0028477520551412555,0.0178898353456991,0.13378320162661178,0.037268048200002964,0.07658417786412516,829,0.07720461540749969,,,
R2A,0.0,S2_ar0,41,1,-0.01624421459389069,0.03334206140763435,0.18331921861988917,0.9380884828642714,0.001138130264492359,0.016974500611757263,0.13029119675655843,0.032275557291008755,-0.0210749656711291,829,-0.018327584202955337,,,
R2A,0.0,S2_ar0,42,1,0.04567386158595142,0.02876003981557076,0.175630696200133,0.9189958153847253,-0.00037988896607083476,0.016319508333417936,0.12774839587659986,-0.017317534540629953,-0.05824484937468547,829,-0.05868017334739793,,,
R2A,0.0,S2_ar0,43,1,0.006817956587917302,0.02998884050482366,0.17330702535344142,0.926742730888476,-0.0029463691278780483,0.017080536705939703,0.13072573502175236,0.01610738280262531,-0.03618714557641902,829,-0.03634000274052472,,,
R2A,0.0,S2_ar0,44,1,-0.03781359363722714,0.034199088903614804,0.18875634232357902,0.9262828995137162,-0.005676482999818032,0.01728201807998759,0.13158358765148037,-0.012775939380624157,-0.00295192723166103,829,-0.0038053850422962465,,,
R2A,0.0,S2_ar0,45,1,-0.008149855973587484,0.031508444235279355,0.17769317484830296,0.9303027182620638,0.0023459471656126015,0.017759196821195564,0.13328428372955084,0.014833044760000752,-0.009623869905413166,829,-0.011555914117026415,,,
R2A,0.0,S2_ar0,46,1,0.02616848671335883,0.02721403566433089,0.16702941465861074,0.912983801757784,0.012040125027166533,0.018122979103445583,0.13515895721007684,-0.04309079290227079,-0.0007560537082935008,829,-0.0005564349034705543,,,
R2A,0.0,S2_ar0,47,1,0.021237483479396538,0.028293392305030536,0.1695418031329388,0.9244156445596219,0.006357288392813639,0.016727532567834852,0.12949111044216222,-0.03432952821191966,0.043869702649332,829,0.04439465561417644,,,
R2A,0.0,S2_ar0,48,1,-0.01388818706626808,0.029470622338091376,0.1722309614386421,0.9181395446801576,-0.001831365300686021,0.018190171218811856,0.1348833759870964,0.03783889954936068,-0.00015471987614762103,829,-0.0017696471317113227,,,
R2A,0.0,S2_ar0,49,1,0.028271599943273315,0.026920027110181998,0.16649117235918093,0.9188063354112704,-0.008531578419979294,0.017712696438334778,0.13336222954296706,-0.036374114468194954,-0.026976262842192643,829,-0.028139629999747368,,,
R2A,0.0,S2_ar0,0,2,0.004953388839138868,0.035107601444125246,0.18743568898456067,0.9331586386762123,0.0033501590535407475,0.017676520849701446,0.13299527967332325,0.021717349649250265,-0.03429417601074758,829,-0.0340480880299894,,,
R2A,0.0,S2_ar0,1,2,0.017191153996209286,0.034087393840531874,0.18542634552903547,0.933225412950984,0.0010653311072730493,0.01789275034778429,0.13376802786223776,-0.011747779408326884,-0.041717649727824,829,-0.03997468747929546,,,
R2A,0.0,S2_ar0,2,2,-0.04395624699642914,0.03386942212118415,0.18921303805815085,0.9308945662166328,0.004547578545181301,0.01830385191717181,0.135368136530708,-0.007880526308394512,0.04683182506064256,829,0.04703351153955694,,,
R2A,0.0,S2_ar0,3,2,-0.012814509087892438,0.03201885703538937,0.17939640096321063,0.9309192732450927,0.0025890993584646933,0.017550733717128213,0.13250447974546453,0.02667915190744068,0.039007821535912056,829,0.03843069252959063,,,
R2A,0.0,S2_ar0,4,2,0.009754443683309248,0.03009426332820903,0.17375100719069195,0.9274331712406292,0.00020031734276442726,0.017345721289960835,0.13170330829936902,-0.04041789362047148,0.03182960577915974,829,0.030550990699968875,,,
R2A,0.0,S2_ar0,5,2,0.08451282549919147,0.03255343713872413,0.199238186130523,0.9322489109764327,0.0019133555292148478,0.018180700879961532,0.13484940418608718,0.018307181731717297,-0.040848997374547745,829,-0.04075324716611676,,,
R2A,0.0,S2_ar0,6,2,-0.06039385028040495,0.027323735464099465,0.17598622848334308,0.9181031129989512,-0.001297447752462999,0.01808492170627027,0.13448644941755522,0.010604054120864013,-0.07058318826181657,829,-0.07029221654674403,,,
R2A,0.0,S2_ar0,7,2,0.0004468459140912602,0.03624601570912813,0.19038438848918016,0.9395298677741153,-0.0065606905830380355,0.018168593297105396,0.13495049447123844,0.05663982248110346,0.01621878449833843,829,0.015495283226050607,,,
R2A,0.0,S2_ar0,8,2,0.05662208182632933,0.028930340587616094,0.1792662844429025,0.9170576887308742,-0.004155494245266391,0.01811020680663715,0.13463831155751915,-0.0297425685848835,0.012692388316253387,829,0.012383112522914632,,,
R2A,0.0,S2_ar0,9,2,0.022669697812635288,0.03579822291895646,0.19055744046841272,0.9403473052587408,-0.00790441657162416,0.017751071876888274,0.13346741803985737,0.003085550906915499,-0.023921916806087035,829,-0.025556800742026313,,,
R2A,0.0,S2_ar0,10,2,-0.006820003483464956,0.027701400790714356,0.16657704895401657,0.9228203925369713,-0.0019905173077363475,0.017826125841519335,0.13352935258089035,0.01466327648196867,0.0023363800756859674,829,0.0033644932075825905,,,
R2A,0.0,S2_ar0,11,2,0.02202078282830978,0.02586113378541435,0.16231465941739806,0.9121369734247667,0.006023371149266058,0.01691193014665979,0.13018529543178678,-0.03247955664373042,0.007517438759232135,829,0.006256656823519224,,,
R2A,0.0,S2_ar0,12,2,0.05078436846883344,0.04836855706363966,0.2257157707038166,0.9500288433913763,0.0009399110262036982,0.01733246417949684,0.13165617194888365,-0.016617752435159613,-0.008170996877269295,829,-0.0071582825117015095,,,
R2A,0.0,S2_ar0,13,2,0.026675033096027954,0.02921919201783565,0.1730050560200766,0.9262883537609036,0.005393230380537586,0.019167045062936802,0.1385501064484411,0.031120863090918088,-0.02259891967857612,829,-0.022569897778422957,,,
R2A,0.0,S2_ar0,14,2,-0.007427162849774859,0.02539749009757876,0.15953887565598499,0.9065574952179111,-0.004001904005946395,0.01638172195116262,0.12805364964277835,-0.008235363234526822,0.026122397689884967,829,0.02669247870752839,,,
R2A,0.0,S2_ar0,15,2,-0.04262834675652952,0.031090794643198857,0.1814055417852326,0.9198706444612225,0.009141854696303376,0.01771556356863501,0.1334134066573646,-0.07622145501566484,-0.021792881186556937,829,-0.021781156070637762,,,
R2A,0.0,S2_ar0,16,2,0.03734173201446135,0.02281004484848737,0.155577793397153,0.9029486935271684,-0.008189115954569745,0.01861562620978271,0.13668462909157011,0.027401328906761866,0.05316660297908553,829,0.05385633747980185,,,
R2A,0.0,S2_ar0,17,2,0.00903311691578295,0.022091407168607982,0.1489060252972397,0.9047752315909156,0.002214269566163436,0.017308843636236297,0.13158171083379305,0.018071305939875538,-0.027333534003635442,829,-0.027360749867329406,,,
R2A,0.0,S2_ar0,18,2,-0.07830802212398967,0.03202014284797706,0.19532610981880613,0.9293149947961307,0.0016042490957486322,0.018038782179643848,0.1343181141723076,0.01683719647868789,0.027252628117192784,829,0.026820943331390824,,,
R2A,0.0,S2_ar0,19,2,-0.00872898212040971,0.030354564710954962,0.1744441453297112,0.9185560464819872,-0.001490432623502182,0.01763265187758806,0.13279636014211105,-0.04237072373145941,-0.006947312932445828,829,-0.006781200293812133,,,
R2A,0.0,S2_ar0,20,2,0.007052569233082009,0.03250351776263686,0.18042521025462122,0.933105449074189,0.0025095862258709013,0.01701094094033543,0.1304501397598351,-0.0046838032991351666,-0.03431119998041606,829,-0.03140810713871215,,,
R2A,0.0,S2_ar0,21,2,0.010674392476755298,0.029349072599726137,0.17164793984919813,0.9299478985786042,0.0015834071810967875,0.017029226457465345,0.13050568430442597,-0.03709312400983618,0.02222332238631098,829,0.0238296821216875,,,
R2A,0.0,S2_ar0,22,2,-0.017208726108763457,0.022879722590998783,0.1522362074057457,0.9025831074611036,0.0017970552915453457,0.01862541144730146,0.13648677904845705,-0.07478154506202686,0.030996989941972763,829,0.029512767746019634,,,
R2A,0.0,S2_ar0,23,2,0.06839214166407316,0.029697040098091976,0.1854036815694085,0.9212313974382166,0.0008490730744900649,0.016469778680424294,0.12833744428462848,-0.010487611238720032,-0.04176142685527496,829,-0.041402044981608925,,,
R2A,0.0,S2_ar0,24,2,0.007807640213651722,0.026042197809757372,0.16156471475994752,0.905658167852724,0.0034101085425699788,0.017470599823155363,0.1322203791532435,-0.04101554482115422,0.0006327078218368856,829,3.87735906155136e-05,,,
R2A,0.0,S2_ar0,25,2,-0.004335272312077553,0.036117963596785665,0.19009670744861817,0.9408998740103686,0.000490924890666199,0.017272166436409078,0.13142453136175664,0.01590461802318377,0.019863161127916612,829,0.019818167206294025,,,
R2A,0.0,S2_ar0,26,2,-0.011996419444831426,0.020284976217712768,0.1429296690586286,0.8920776465215432,0.0003137475980012404,0.016920321969403643,0.13007851631595008,0.007421899363640379,0.005008005241822036,829,0.005663411183626265,,,
R2A,0.0,S2_ar0,27,2,-0.01634138862633904,0.021172056243177268,0.14642095896904347,0.8914039534486923,-0.009880244248258617,0.01768972574976134,0.1333692055017446,0.012232882411073502,0.009283925073576916,829,0.006520374406127772,,,
R2A,0.0,S2_ar0,28,2,0.02602725145885155,0.02986745952580762,0.1747709282012026,0.9194991149178587,-0.001212736213313695,0.017868137712430468,0.13367725476517517,0.06432399132378934,0.0023837767177397008,829,0.0022073148100692904,,,
R2A,0.0,S2_ar0,29,2,0.004158906318693106,0.023284044399156763,0.15264776742856226,0.9022045055962274,0.00796817127740683,0.01804359701301641,0.13456258308505564,0.02570817463469399,-0.03106859846483347,829,-0.029892100664965594,,,
R2A,0.0,S2_ar0,30,2,0.02536941585178969,0.022925487469172372,0.153522293917963,0.9067378271087784,0.0017130897090543527,0.017848381285533482,0.1336088169316859,-0.004919343861444958,0.013661684015011059,829,0.012862651911607638,,,
R2A,0.0,S2_ar0,31,2,-0.012429178794769223,0.03131791134947359,0.17740461052347523,0.9317263892794014,-0.0039719178890625624,0.016704896232229895,0.12930843887367657,-0.021249021136604134,-0.004522906185792596,829,-0.0035390349531021635,,,
R2A,0.0,S2_ar0,32,2,0.015982594033557916,0.02716678515464281,0.16559658349943193,0.9121826082785748,-0.004232508477354129,0.019707472246922687,0.1404470945763335,-0.034811737939539074,0.02123620370323199,829,0.021431600687268283,,,
R2A,0.0,S2_ar0,33,2,-0.016918781586085927,0.026087459563055897,0.16239982984416448,0.90698367546311,-0.004096428370483519,0.017766053753860093,0.13335229461563303,0.007946641422664562,-0.015939563396078178,829,-0.017596911382075944,,,
R2A,0.0,S2_ar0,34,2,0.019616244456567167,0.027420909484841157,0.16675043187776445,0.9129055102064518,0.0016813814212954495,0.016599709128891492,0.12885082914896345,0.011908076451335715,0.011670761503978944,829,0.01328023554287785,,,
R2A,0.0,S2_ar0,35,2,-0.014939357845156546,0.019313930491733976,0.1397752299392121,0.8790188921999841,0.002325460033348641,0.01704408333850844,0.13057369988966058,0.007324759429896709,0.02503129493375817,829,0.027123249902792152,,,
R2A,0.0,S2_ar0,36,2,-0.04965267726873687,0.03034271560575337,0.1811300747134686,0.9280571359808429,0.0007375706691443497,0.016343333173259655,0.12784317417739452,0.0005496979954495836,0.04004510163005464,829,0.03857237621517337,,,
R2A,0.0,S2_ar0,37,2,-0.003215418610565907,0.021941077581217935,0.14816010427257098,0.905030594383914,-0.00557749087542974,0.017328667317187914,0.13175650162953406,-0.01596306763205352,0.02406381989772099,829,0.024259564412032603,,,
R2A,0.0,S2_ar0,38,2,-0.009674538813434308,0.03404071559181928,0.18475473550919316,0.9372987312944694,-0.008663807915201398,0.017234694747133846,0.1315665470958532,-0.0281983079126057,-0.027510872052485022,829,-0.028257549239597644,,,
R2A,0.0,S2_ar0,39,2,-0.008463033252813494,0.026236039705589673,0.16219637060497966,0.9097189817514733,-0.0015543541204310076,0.017110059751743855,0.13081466190177443,0.0015610756170179978,-0.04985137799677785,829,-0.04664945659267491,,,
R2A,0.0,S2_ar0,40,2,0.013094948369886736,0.02346736301394846,0.1537492786544329,0.9087936366817925,0.003942133585447484,0.017213700249091215,0.13126020214176393,-0.049216836052745516,-0.019433273853145788,829,-0.019648779715670125,,,
R2A,0.0,S2_ar0,41,2,-0.062226176383963015,0.03230516831983746,0.19020322117988836,0.9276189983206966,-0.0036222006157189705,0.015412408550034205,0.12419955268572717,0.0015807083031852808,0.006995954491921476,829,0.005607434134925053,,,
R2A,0.0,S2_ar0,42,2,-0.028529563688477838,0.03482637971905212,0.18878642886422486,0.938776140156357,0.0038514457521225927,0.017214044866499204,0.13125882256397375,0.03205157256725698,0.014908294365572216,829,0.01553442159855697,,,
R2A,0.0,S2_ar0,43,2,0.05192497409962849,0.022054052412025255,0.15732213877033438,0.9117928545336967,0.006739163391539285,0.017845409399078648,0.13375659132280737,0.003185315242474881,-0.0048276620680947555,829,-0.004793948003935313,,,
R2A,0.0,S2_ar0,44,2,0.010226601965458123,0.027711992274996253,0.1667830197075115,0.9170485165211368,-0.0007020336883503623,0.019065196011875733,0.13807856047618441,0.0009512049421604502,-0.005356664426612867,829,-0.007385528992296861,,,
R2A,0.0,S2_ar0,45,2,0.02723206868374081,0.028476816594952447,0.1709339116727527,0.9243720456267225,-0.006047961735139022,0.017412625771536853,0.1320954337313995,-0.0027998881032220606,0.018036616840045407,829,0.018494688084598743,,,
R2A,0.0,S2_ar0,46,2,0.02581441903205502,0.03644146901093149,0.19263398776149035,0.939956301503953,0.0011465351731385187,0.01840508818435886,0.13567019837555375,-0.044462801400421796,0.01705488834159649,829,0.016392998109153612,,,
R2A,0.0,S2_ar0,47,2,0.0735238202825836,0.032336946024809604,0.1942748006658487,0.9201909765717462,-0.0012150718864035813,0.01685372533248032,0.12982758463504376,-0.03953559272992212,0.029832970133198,829,0.029478203794718466,,,
R2A,0.0,S2_ar0,48,2,0.0146943345667889,0.03514215120182198,0.18803742890760528,0.9337752210727277,0.0032475981700458597,0.019142315233454943,0.13839386593100514,-0.048983298330955806,-0.0356583021425005,829,-0.03666974344367201,,,
R2A,0.0,S2_ar0,49,2,-0.009985877557389488,0.02864845905092515,0.16955287317387555,0.917882446990494,-0.001721120235851469,0.017286943934900982,0.13149108787201982,0.011895124522055928,-0.013940213794028265,829,-0.013402807297916586,,,
R2A,0.0,S3_ar1,0,0,0.059561125610165445,0.027807089101961863,0.1770723490156263,0.9192091848260634,0.005188360341705809,0.016784459999294368,0.12965870230080875,0.017782911812289793,0.030064111881900082,829,0.03056489610965862,,,
R2A,0.0,S3_ar1,1,0,0.09993680550540404,0.03336979110714937,0.2082238127635125,0.9289463584041974,-0.0009196600992962203,0.01941729934334759,0.13934900472570955,0.039220712832181565,0.03210390957576179,829,0.031407326244875265,,,
R2A,0.0,S3_ar1,2,0,0.06847762113323244,0.02696319739939094,0.17791116321202968,0.9165239907438706,0.0012650898735337417,0.01774393965629708,0.13321238721937684,0.003112323260370534,-0.047489620073647744,829,-0.04889083248927586,,,
R2A,0.0,S3_ar1,3,0,0.050195855573628885,0.03840710623853852,0.20230355942322698,0.9371361348621393,0.005456157122156683,0.016482570933847588,0.12850035246795727,0.06374816236793895,0.016055378978408252,829,0.015161768934987826,,,
R2A,0.0,S3_ar1,4,0,0.07527974424414706,0.03148055867058074,0.19273712295259815,0.9290710826692185,-0.00051806184763712,0.017806616391277414,0.13344243994829902,-0.024497582697792532,-0.013739113862658421,829,-0.013716754608395092,,,
R2A,0.0,S3_ar1,5,0,0.015382715981360763,0.03993536050427284,0.20042950994111636,0.9445896528494574,-0.00469733019395998,0.017376133651822095,0.13190223107579788,0.04668554849906685,0.08849576919807019,829,0.0890007192398716,,,
R2A,0.0,S3_ar1,6,0,0.08545022868252447,0.035500070496278166,0.20688598811464706,0.9400035219897156,0.005134406431351899,0.0167528865753518,0.12953473937424703,-0.01083982044429468,0.008177073674398875,829,0.00911778120721926,,,
R2A,0.0,S3_ar1,7,0,-0.01115679012471229,0.033248721371391086,0.18268331981130068,0.9338598474086878,-0.001906406635538266,0.017330610300235187,0.13165957878747453,0.06016710144860829,-0.020369010349207923,829,-0.02081097816727019,,,
R2A,0.0,S3_ar1,8,0,0.03761135334667986,0.03772992785721847,0.19784979595083557,0.9380920428479367,0.004646545625959016,0.016795291786057768,0.1296799220091988,-0.017053378348968636,-0.04908994966706869,829,-0.0512326411996644,,,
R2A,0.0,S3_ar1,9,0,0.015039437020894983,0.029524917370831346,0.1724850777219201,0.928076118785327,-0.0010792008611243578,0.016850276876549122,0.12981310238588312,-0.05529810487130267,0.053176888631392874,829,0.0543245522175768,,,
R2A,0.0,S3_ar1,10,0,0.04997352996937401,0.028848067249232893,0.17704638077868978,0.9254987151159825,-0.0013149934790878486,0.017967919773182257,0.13405091935914615,0.006165691781154581,0.019495654915357204,829,0.018376749300546,,,
R2A,0.0,S3_ar1,11,0,0.053112947203179245,0.026238725700839512,0.17046909063360202,0.9166025404629758,-0.005024257337488639,0.018758663301848055,0.1370543923544275,0.021735968235021254,-0.05326798363971337,829,-0.052961060713227065,,,
R2A,0.0,S3_ar1,12,0,-0.03368235874911336,0.023167028718580087,0.15588948011166134,0.9115435391495343,-0.009556142004968215,0.018726853881646237,0.1371793487798559,-0.048531580708202196,-0.002786801683465099,829,-0.00438550829196266,,,
R2A,0.0,S3_ar1,13,0,0.059904384874427404,0.029249480721254467,0.1812126266252934,0.9168946019295137,-0.002599642457108926,0.016567218915419398,0.12873995905049918,-0.0009227186077450138,-0.05948657141426342,829,-0.06103078679256993,,,
R2A,0.0,S3_ar1,14,0,0.08268970143401796,0.024447537134449027,0.17687601266903336,0.9110091592892502,-0.0006315819016452223,0.019029229211063578,0.13794791809506246,-0.05403693320629167,0.03979536976286547,829,0.03820467083820847,,,
R2A,0.0,S3_ar1,15,0,0.07028050432927467,0.02963591564264471,0.1859442522139953,0.9223414241597302,-0.00019324172074434775,0.017140093933495325,0.13092032415121024,0.014456413399476387,-0.045382368471262056,829,-0.04691923129381711,,,
R2A,0.0,S3_ar1,16,0,0.07550115495912525,0.03273420878443977,0.19604752787169138,0.9355104252547078,0.002507439235941496,0.01695586353500267,0.1302388221173879,0.03983577806635263,0.06052971770116187,829,0.06184154418755086,,,
R2A,0.0,S3_ar1,17,0,0.03192706161871945,0.023281814636773233,0.15588826735960196,0.906971887492778,-0.0044601123296578475,0.017495399607597568,0.13234535205133097,-0.011524922234403386,0.02839918813295611,829,0.028948085624706712,,,
R2A,0.0,S3_ar1,18,0,0.11189788535585167,0.03698679457188309,0.22250377821285286,0.9364269424505918,-0.0005428941145293876,0.0187568434349798,0.13695670180388908,0.020287681923536926,-0.006004877216245605,829,-0.007322228256235112,,,
R2A,0.0,S3_ar1,19,0,0.06191423562874222,0.029356408640487726,0.18218062798766269,0.9225190354058941,-0.008573430069172109,0.02008548067279589,0.14198233825355489,0.028934819611757007,0.03867566145398317,829,0.039144061183969965,,,
R2A,0.0,S3_ar1,20,0,0.07739704495722739,0.0206356304787779,0.1631745477912808,0.8895829412513571,0.0015633473133307668,0.01836987835186988,0.13554454030573115,0.04059734625173027,0.04426166086380407,829,0.04162662862908293,,,
R2A,0.0,S3_ar1,21,0,0.013454193934612897,0.02968467646753031,0.17281693146784108,0.9235774969286437,-0.002806326355714353,0.01826640456516158,0.13518239542476068,0.0027365836301944677,0.0843202932069979,829,0.08483578255510676,,,
R2A,0.0,S3_ar1,22,0,-0.013524564944396815,0.02749334042745845,0.16636181738726485,0.915610724166359,0.00014726223219644398,0.017485761626153173,0.1322338206069771,-0.02196826794784795,-0.0010765152103078617,829,0.0014483471476519425,,,
R2A,0.0,S3_ar1,23,0,0.04727397703513141,0.03067208736962921,0.18140263579768443,0.9259111405152073,0.0018164776201269406,0.01758912391761757,0.13263643356394197,-0.011049300850820247,0.056521678070983024,829,0.05519671968957218,,,
R2A,0.0,S3_ar1,24,0,0.11077012489369441,0.028545490795618637,0.20202849146737523,0.9237535919902399,-0.013215476891764121,0.01787670351914187,0.1343553212515925,0.021339254707969067,-0.05071533777871711,829,-0.05050741645842437,,,
R2A,0.0,S3_ar1,25,0,0.04412769147388546,0.024282838885828082,0.16195706851089428,0.902553139762484,0.00022664430495888886,0.01856513235661614,0.13625411452230393,0.01983599490275268,0.0616699904919365,829,0.06089637251386665,,,
R2A,0.0,S3_ar1,26,0,0.025489500409275074,0.030621883489993913,0.17683777345665816,0.9230460473351081,0.0015065506801471853,0.017320105190887582,0.13161449344900977,-0.0005247601090530216,-0.03617937311387929,829,-0.03556264645426779,,,
R2A,0.0,S3_ar1,27,0,0.0323879159912146,0.02545932012014811,0.16281368868250018,0.9058589520197806,0.001806789660069579,0.017922784877140177,0.13388819726180465,-0.02494530971178609,0.0024181571502263845,829,0.0044514119826399795,,,
R2A,0.0,S3_ar1,28,0,0.0027306381944042684,0.02647995726868624,0.16274954271405798,0.9145111279663947,-0.004881541148502454,0.01692846818772597,0.13020098936532892,0.0051107700168233836,-0.03525498004935553,829,-0.03587949839503198,,,
R2A,0.0,S3_ar1,29,0,0.040177341493240815,0.03103338819286154,0.18068648804580276,0.926289001280529,0.0019675322334010256,0.017766128372103476,0.133304161807473,-0.03801762287191079,-0.03616188118657282,829,-0.03734867076065018,,,
R2A,0.0,S3_ar1,30,0,0.08413810052940425,0.029663315683201727,0.19168342558473295,0.9188825210350001,-0.008541461816081468,0.01805579266496272,0.1346430437672823,-0.020522975735049572,-0.036503843242709555,829,-0.03672709620419071,,,
R2A,0.0,S3_ar1,31,0,0.037509452407184646,0.028017722213929848,0.1715362388354621,0.9215745549130172,0.0022294863099231927,0.017597500911126725,0.13267430617995654,0.0019139649071869237,0.010823722957737095,829,0.00851612310501291,,,
R2A,0.0,S3_ar1,32,0,-0.006868983261499397,0.02666210969335577,0.1634297788788889,0.9198206778847616,0.003782495685693497,0.01717834985585472,0.1311207730661584,-0.040983879093628224,-0.02712070203773858,829,-0.02696604208141682,,,
R2A,0.0,S3_ar1,33,0,0.042760978675488094,0.03319556369555065,0.1871471746856901,0.9338313768200935,0.009464939921902251,0.017419063671651778,0.1323202507531519,0.02538887551180297,0.028058062081502435,829,0.02696419251549006,,,
R2A,0.0,S3_ar1,34,0,0.11277192731484366,0.03469992384352982,0.2177554395045832,0.9350781280978232,0.001816815985315271,0.01762732162253867,0.13278035412990571,-0.023336834747377137,-0.05618078542660013,829,-0.05452825056079273,,,
R2A,0.0,S3_ar1,35,0,0.062484315349811394,0.03282837871903603,0.19165768542839784,0.9323594428061214,0.001473817230173714,0.018025870513655548,0.1342685467668564,0.0061852712938303125,0.0557720050705285,829,0.055591933314201966,,,
R2A,0.0,S3_ar1,36,0,0.05630199187440445,0.027995078230106996,0.17653609409730492,0.9159476552234677,-0.0010279397396703695,0.016867282248102463,0.12987816948283054,-0.04106045734357453,-0.003501772231268835,829,-0.005361595916088265,,,
R2A,0.0,S3_ar1,37,0,0.019692438055527804,0.02676108796173235,0.1647691721114819,0.9205115268080493,-0.0008819618841808336,0.018475411941529924,0.1359271488639965,-0.009577946803550718,-0.03212690319590129,829,-0.03402531610856822,,,
R2A,0.0,S3_ar1,38,0,0.04639211340274071,0.028030090337403873,0.17373059178905892,0.9204039811724873,-0.0073994235588371576,0.01787925247945926,0.13391790003006443,0.008664084809166896,0.010416020632761558,829,0.009549287929649182,,,
R2A,0.0,S3_ar1,39,0,0.024503320885971923,0.02267764384434166,0.15257148022740868,0.9063059149878786,0.002589228903735444,0.018087411380745592,0.13451436907283001,0.02743150417826802,-0.029532363313224626,829,-0.02890990012717448,,,
R2A,0.0,S3_ar1,40,0,0.012134849296805198,0.02224972003128814,0.14965618797344904,0.9006489713134653,-0.0050075543233931335,0.019212364974198107,0.1386991008424346,-0.04593488614007611,0.00998258135089041,829,0.010689224545749764,,,
R2A,0.0,S3_ar1,41,0,0.05501122106284468,0.025737830041620797,0.16959971840909985,0.9138211237615051,0.0005204949820579728,0.01620744150394572,0.12730951425157536,-0.029048291600121994,0.07347377600840596,829,0.0738297242545175,,,
R2A,0.0,S3_ar1,42,0,0.04597492832020348,0.028450836070108277,0.17482714349938946,0.9158069173234273,-0.0035190703295070788,0.017096166575119958,0.13079965761080561,-0.0026861570367596,-0.005490355238932036,829,-0.005751067633864588,,,
R2A,0.0,S3_ar1,43,0,0.08864395822200258,0.035627073193079666,0.20853015254956248,0.9316284399359861,-0.007853555093159787,0.018565202647232177,0.1364803318241624,0.04612057239440325,0.02373740497643555,829,0.02271600621330958,,,
R2A,0.0,S3_ar1,44,0,0.018470063104318535,0.024988020837257832,0.1591513872648785,0.9109433008635058,-0.006379070900948346,0.016091852186987193,0.12701395487325998,0.002399336569925487,-0.03773171612731013,829,-0.03815733712429755,,,
R2A,0.0,S3_ar1,45,0,0.025032575663161354,0.0275495131520651,0.16785750801318658,0.9218276732130043,-0.001735947823855553,0.018481812682239446,0.13595891363601945,0.022438872281452478,-0.03657323768598664,829,-0.035059218482661955,,,
R2A,0.0,S3_ar1,46,0,0.07556678277634354,0.020544257697375213,0.16203270150356164,0.8780776472106163,0.007125287897203082,0.017379907526603535,0.13202529020692044,0.009319714683689263,-0.052477701355076414,829,-0.052594414542081254,,,
R2A,0.0,S3_ar1,47,0,0.042955194131900055,0.040575497748055155,0.20596273073292745,0.946204209638913,0.007859038216660688,0.01796074768655486,0.13424795033163742,-0.02064744162721448,-0.01148025599548084,829,-0.009914926579311053,,,
R2A,0.0,S3_ar1,48,0,0.007644843315197541,0.023791029891357965,0.1544327475656374,0.9096647999641783,0.0097779382458378,0.01830986147821407,0.13566675921003452,-0.00623670743277781,0.05470607104635881,829,0.05542092642020155,,,
R2A,0.0,S3_ar1,49,0,0.05227325770972714,0.022242320573058454,0.15803421795499226,0.8966852496497739,-0.0011939391202173643,0.016951419761663606,0.13020309232996885,0.002259918314128553,-0.00162758901914983,829,-0.0021040099434804383,,,
R2A,0.0,S3_ar1,0,1,0.07722496030741835,0.02381183217606988,0.17255586536119896,0.9023110873871669,0.0059162706314236915,0.017612316226286555,0.13284321015569747,0.028237536612697355,-0.03435682539307244,829,-0.03303339388522479,,,
R2A,0.0,S3_ar1,1,1,-0.006104276911842132,0.03198670324160467,0.17895241109921128,0.9287894205759091,-0.003720228677898706,0.019444820994791116,0.1394943048880741,-0.0006192212354166596,0.025386417705723554,829,0.025725151538392915,,,
R2A,0.0,S3_ar1,2,1,0.05176661313982293,0.024441800189213915,0.1646863152334826,0.8987084765552449,-0.006416021049370032,0.01766985890638357,0.13308277211002756,-0.015999304905322347,-0.028273380748419886,829,-0.027027595641285304,,,
R2A,0.0,S3_ar1,3,1,-0.010235404344540263,0.026511689697240555,0.16314549702439474,0.9205945436397659,-0.00037228735185046473,0.01812934841291728,0.13464578348685718,-0.012121365447938737,0.015490928816942544,829,0.015605131574877784,,,
R2A,0.0,S3_ar1,4,1,0.02074910437631101,0.032007702550173225,0.18010615725896845,0.9262608066533607,0.0060051484194912266,0.017940704000537707,0.13407746196910883,0.017720304672889972,0.032589373637448134,829,0.03284897543308603,,,
R2A,0.0,S3_ar1,5,1,0.054462579763264865,0.028531732426341067,0.17747649145960442,0.9202562482720361,-0.003668479980904929,0.016933865481109065,0.13018188517024698,-0.017342571337103752,-0.022581912090831473,829,-0.022741826958419822,,,
R2A,0.0,S3_ar1,6,1,0.020221784702401175,0.025993895748947244,0.16248943450420864,0.915874357139075,0.001444832488964216,0.018071853789564076,0.13443935930554432,-0.009431862785543147,0.04588924052567172,829,0.04632544600299542,,,
R2A,0.0,S3_ar1,7,1,0.09806395201908817,0.030673873614336655,0.20072471771044711,0.928062375535167,0.0038284595616650554,0.017344203709312625,0.13175302961195212,0.0032797683515696126,-0.0606030565298668,829,-0.059312950580404915,,,
R2A,0.0,S3_ar1,8,1,-0.0030993892067461126,0.02696065886708412,0.16422626184791217,0.917230656493175,-0.005891620065924118,0.019407855209496158,0.13943660350315967,0.0302433306236378,-0.062180058612547655,829,-0.06412649905309026,,,
R2A,0.0,S3_ar1,9,1,0.02770143991415666,0.02711559432170348,0.16698192745031157,0.9169763163878364,0.002603498181801651,0.017684820646548357,0.13300976975143972,-0.0018166173674927083,0.04972880102575304,829,0.047638170248779754,,,
R2A,0.0,S3_ar1,10,1,0.09791666360957615,0.04060517801015795,0.2240376107321912,0.9430108571014417,-0.0011577649466684508,0.016563269182853817,0.12870357260979803,-0.0017133808639744287,-0.06019903723354156,829,-0.059806207395413445,,,
R2A,0.0,S3_ar1,11,1,0.07352294482268255,0.02664187065284437,0.17901813893637591,0.9149030898617047,0.0014137453106477045,0.016358051297224153,0.12790641099267672,-0.025790796651379035,-0.0036400714730094545,829,-0.0021717914949888144,,,
R2A,0.0,S3_ar1,12,1,0.047723340361824934,0.03061787354958534,0.18137086525921395,0.9234670743069759,0.0003648457380192534,0.017936990359170967,0.1339295466713134,0.026335760089544854,0.0010268509602260347,829,0.002055782593251938,,,
R2A,0.0,S3_ar1,13,1,0.01983704217700284,0.04778007953615424,0.21948482357212407,0.9521707804057753,-0.007944512246645411,0.016869811470870126,0.1301265797049443,-0.03325000754051804,0.009000436164850767,829,0.008714767210652976,,,
R2A,0.0,S3_ar1,14,1,0.021170238529307273,0.03333377122853075,0.1837986676445684,0.9262440359542652,-0.003065062121350453,0.01698540700478587,0.13036411166649203,-0.00012623519623886057,0.06407798646070065,829,0.06444367465655138,,,
R2A,0.0,S3_ar1,15,1,0.0015467145423863464,0.02883085016098533,0.16980354085489785,0.9259548952355208,-0.003140776732755692,0.016722053762964737,0.12935191626508574,0.03102908823185959,0.018264183447741063,829,0.015537312674564974,,,
R2A,0.0,S3_ar1,16,1,0.035508253327111064,0.02513724774763007,0.16247487129390922,0.9142918739945907,-0.0023273782762293312,0.01676807130838516,0.1295125013194704,0.016444403153778174,0.05629318980297173,829,0.05644916235764464,,,
R2A,0.0,S3_ar1,17,1,0.062138125591584256,0.03254608160707684,0.1908067825291133,0.9297657719977959,-0.00131982844281928,0.01808565502889449,0.1344893935446694,-0.01698031550771405,-0.05421369620789861,829,-0.05460883817522506,,,
R2A,0.0,S3_ar1,18,1,0.04500318437589946,0.031937795014118725,0.18429075293700964,0.930446112744999,-0.00498173607808722,0.015674607327060157,0.12529734642605914,-0.01587068406825397,-0.024035930306977385,829,-0.025831337469383233,,,
R2A,0.0,S3_ar1,19,1,0.06916048517369644,0.03253731375952515,0.19318510933554436,0.9312353544966882,-0.010462997821038983,0.015914129117746388,0.12658437281572105,0.04224359134532213,0.022783788759043605,829,0.02345647414148919,,,
R2A,0.0,S3_ar1,20,1,0.05909252572411551,0.027808496714251424,0.17691925647228648,0.9250575682433289,0.01206743977473687,0.01746364436022313,0.13269991508264062,0.026020908813829548,0.06496672284802761,829,0.06574204988187694,,,
R2A,0.0,S3_ar1,21,1,0.05207852695262358,0.033592242561123045,0.1905371762430581,0.9328486355920897,0.006256592088828843,0.018021386768756916,0.13438947768825843,-0.023104502067440556,-0.045609494891525805,829,-0.04418948258481127,,,
R2A,0.0,S3_ar1,22,1,0.03220388903605358,0.03906572336719322,0.20025686963557496,0.9380551932372098,0.001788360084538681,0.016788808314880006,0.12958397488374856,-0.033331416530505434,0.01570815093246921,829,0.015533035575439813,,,
R2A,0.0,S3_ar1,23,1,0.0561911963577423,0.028908676070790403,0.17907017233170006,0.9245180635386957,-0.007451961017242953,0.01728868750442062,0.13169745338245203,0.012564747071835134,-0.07979413008088262,829,-0.07874196591878826,,,
R2A,0.0,S3_ar1,24,1,0.08522435240329178,0.029888784187176443,0.19274847451986984,0.9232838917218826,0.010206218382771966,0.01750954185220874,0.1327166483372963,0.009283278961662682,0.020532522267163636,829,0.021558950396434455,,,
R2A,0.0,S3_ar1,25,1,0.04612537809518365,0.030894905007778393,0.18172081749816676,0.926631938077752,0.010125373985211478,0.018353296550109754,0.13585219817305183,-0.00863176554786482,0.002273468929087274,829,0.002281823795559694,,,
R2A,0.0,S3_ar1,26,1,0.06806473964193913,0.02632621202078269,0.1759517570338746,0.914190643304819,-0.0015612495880586081,0.018187951735214328,0.13487175106556057,0.026991181880741733,-0.006576291082742322,829,-0.00751992822237085,,,
R2A,0.0,S3_ar1,27,1,0.11985167610677083,0.031253298822273484,0.21358305899081928,0.9233999720472746,0.0036289122919816717,0.01646703957436373,0.12837526466880847,0.07341493905562249,0.005392384517125116,829,0.0030742377895213845,,,
R2A,0.0,S3_ar1,28,1,0.03918213301518831,0.022767980984693157,0.15589490220117228,0.9050037514009946,0.003808547045055632,0.01755472414064971,0.13254896895579427,0.016448302642896418,0.0033200501946870596,829,0.007799109751432566,,,
R2A,0.0,S3_ar1,29,1,0.045855373923932165,0.03419906877361405,0.1905302708005153,0.9353967700449947,0.002735146679565346,0.016798336951011537,0.12963725536422882,0.007727317700212835,-0.06695830127072536,829,-0.0675656487491829,,,
R2A,0.0,S3_ar1,30,1,0.060855804562606745,0.029770435529282643,0.1829586414418429,0.9196668592779892,0.0022849107108401288,0.018413851581335683,0.13571688324704556,-0.02753905344982465,0.010065350719668546,829,0.010505099305327748,,,
R2A,0.0,S3_ar1,31,1,0.009626409502572623,0.02589882312497681,0.1612187671609234,0.9133058239090881,0.0023350861757111337,0.0187374126781179,0.1369045846769417,-0.02876963791016664,0.03485535777146594,829,0.03334665999395073,,,
R2A,0.0,S3_ar1,32,1,0.05309060986184995,0.020696510788398167,0.15334641712117478,0.8927799183478483,-0.006129033046426853,0.01742594289712486,0.13214956656459018,-0.048650170704724646,0.03979515924327276,829,0.04261183588260449,,,
R2A,0.0,S3_ar1,33,1,0.09750729725888663,0.042217681321910956,0.22743208731540906,0.9438637641676091,-0.009328186268539866,0.018858434556880268,0.13764247024788842,-0.001373101785591522,-0.055947694826641914,829,-0.057161976598078215,,,
R2A,0.0,S3_ar1,34,1,0.05537015641113895,0.029722421516484684,0.18107533166469328,0.9251105222243038,-0.0008336218709365601,0.016343809187592536,0.1278456261004507,-0.04477474987448622,0.0030295225896239584,829,0.0015300725388591684,,,
R2A,0.0,S3_ar1,35,1,0.04759069573886239,0.02393817277244547,0.16187355279153676,0.9105141047035386,-0.006799002940484338,0.017783749936371294,0.13352893460728282,-0.041099788527738754,0.033641928977234725,829,0.0340135110312889,,,
R2A,0.0,S3_ar1,36,1,0.031147097509004164,0.025809116364168147,0.16364369235446738,0.9101930838973176,0.006868494033586638,0.01845345947665943,0.13601704189897987,-0.016282670830811925,0.009051939733855,829,0.009888823953724762,,,
R2A,0.0,S3_ar1,37,1,0.01899813960136125,0.02127474511331416,0.14709070134317456,0.8818907533783578,0.002250975212253173,0.01687127215663074,0.1299089644560256,-0.0018289477978418605,-0.009927702931367044,829,-0.008962851559995207,,,
R2A,0.0,S3_ar1,38,1,-0.011723954557772087,0.023520960231591965,0.15381291019308058,0.9102393756209596,-0.0027777097976770617,0.016927739815225475,0.13013629580922298,0.03538497104291196,-0.01519734440201541,829,-0.01653733723512706,,,
R2A,0.0,S3_ar1,39,1,0.058747849489237794,0.03977295440857892,0.20790445937542815,0.9463114851138154,-0.0020694490172500856,0.016670615867119324,0.12913132263844557,-0.03157071863559968,-0.016190998345206008,829,-0.015576590913735842,,,
R2A,0.0,S3_ar1,40,1,0.0708993728385716,0.02869573441204346,0.18363674872134456,0.9286746438618798,0.0028477520551412555,0.0178898353456991,0.13378320162661178,0.037268048200002964,0.07658417786412516,829,0.07720461540749969,,,
R2A,0.0,S3_ar1,41,1,0.030267013603550885,0.03334206140763435,0.18508958241919474,0.9380884828642714,0.001138130264492359,0.016974500611757263,0.13029119675655843,0.032275557291008755,-0.021074965671129122,829,-0.018327584202955334,,,
R2A,0.0,S3_ar1,42,1,0.092185089783393,0.02876003981557076,0.19302365293907114,0.9189958153847253,-0.00037988896607083476,0.016319508333417936,0.12774839587659986,-0.017317534540629953,-0.05824484937468545,829,-0.05868017334739793,,,
R2A,0.0,S3_ar1,43,1,0.05332918478535887,0.029988840504823658,0.18119835113679872,0.9267427308884761,-0.0029463691278780483,0.017080536705939703,0.13072573502175236,0.01610738280262531,-0.03618714557641902,829,-0.036340002740524714,,,
R2A,0.0,S3_ar1,44,1,0.00869763456021443,0.034199088903614804,0.18513437754927592,0.9262828995137162,-0.005676482999818032,0.01728201807998759,0.13158358765148037,-0.012775939380624157,-0.002951927231661029,829,-0.003805385042296238,,,
R2A,0.0,S3_ar1,45,1,0.03836137222385409,0.031508444235279355,0.18160407240526422,0.9303027182620638,0.0023459471656126015,0.017759196821195564,0.13328428372955084,0.014833044760000752,-0.009623869905413168,829,-0.011555914117026413,,,
R2A,0.0,S3_ar1,46,1,0.0726797149108004,0.027214035664330886,0.18026751405576688,0.9129838017577843,0.012040125027166533,0.018122979103445583,0.13515895721007684,-0.04309079290227079,-0.0007560537082935106,829,-0.000556434903470552,,,
R2A,0.0,S3_ar1,47,1,0.06774871167683812,0.02829339230503054,0.18133747610160972,0.924415644559622,0.006357288392813639,0.016727532567834852,0.12949111044216222,-0.03432952821191966,0.043869702649332015,829,0.04439465561417644,,,
R2A,0.0,S3_ar1,48,1,0.032623041131173494,0.029470622338091376,0.17474233931917477,0.9181395446801576,-0.001831365300686021,0.018190171218811856,0.1348833759870964,0.03783889954936068,-0.00015471987614762393,829,-0.001769647131711328,,,
R2A,0.0,S3_ar1,49,1,0.07478282814071488,0.02692002711018199,0.18031222502899158,0.9188063354112705,-0.008531578419979294,0.017712696438334778,0.13336222954296706,-0.036374114468194954,-0.026976262842192643,829,-0.028139629999747378,,,
R2A,0.0,S3_ar1,0,2,0.051464617036580444,0.035107601444125246,0.19430956808877717,0.9331586386762123,0.0033501590535407475,0.017676520849701446,0.13299527967332325,0.021717349649250265,-0.03429417601074758,829,-0.034048088029989404,,,
R2A,0.0,S3_ar1,1,2,0.06370238219365086,0.034087393840531874,0.1953084415422893,0.933225412950984,0.0010653311072730493,0.01789275034778429,0.13376802786223776,-0.011747779408326884,-0.04171764972782401,829,-0.03997468747929546,,,
R2A,0.0,S3_ar1,2,2,0.00255498120101244,0.03386942212118415,0.18405420410879422,0.9308945662166328,0.004547578545181301,0.01830385191717181,0.135368136530708,-0.007880526308394512,0.046831825060642554,829,0.04703351153955694,,,
R2A,0.0,S3_ar1,3,2,0.033696719109549134,0.03201885703538936,0.18208329389083783,0.9309192732450926,0.0025890993584646933,0.017550733717128213,0.13250447974546453,0.02667915190744068,0.03900782153591208,829,0.03843069252959064,,,
R2A,0.0,S3_ar1,4,2,0.05626567188075082,0.03009426332820903,0.18237348809627277,0.9274331712406292,0.00020031734276442726,0.017345721289960835,0.13170330829936902,-0.04041789362047148,0.03182960577915977,829,0.030550990699968875,,,
R2A,0.0,S3_ar1,5,2,0.13102405369663303,0.03255343713872414,0.22298147857125333,0.9322489109764325,0.0019133555292148478,0.018180700879961532,0.13484940418608718,0.018307181731717297,-0.0408489973745477,829,-0.04075324716611677,,,
R2A,0.0,S3_ar1,6,2,-0.013882622082963383,0.027323735464099465,0.1658808688788368,0.918103112998951,-0.001297447752462999,0.01808492170627027,0.13448644941755522,0.010604054120864013,-0.07058318826181659,829,-0.07029221654674404,,,
R2A,0.0,S3_ar1,7,2,0.04695807411153284,0.03624601570912813,0.1960894602812511,0.9395298677741153,-0.0065606905830380355,0.018168593297105396,0.13495049447123844,0.05663982248110346,0.016218784498338423,829,0.015495283226050614,,,
R2A,0.0,S3_ar1,8,2,0.10313331002377091,0.02893034058761609,0.19891410262742895,0.9170576887308743,-0.004155494245266391,0.01811020680663715,0.13463831155751915,-0.0297425685848835,0.012692388316253392,829,0.012383112522914635,,,
R2A,0.0,S3_ar1,9,2,0.06918092601007687,0.03579822291895646,0.20145526412225664,0.9403473052587408,-0.00790441657162416,0.017751071876888274,0.13346741803985737,0.003085550906915499,-0.023921916806087032,829,-0.025556800742026313,,,
R2A,0.0,S3_ar1,10,2,0.03969122471397661,0.027701400790714356,0.17110462913086175,0.9228203925369713,-0.0019905173077363475,0.017826125841519335,0.13352935258089035,0.01466327648196867,0.0023363800756859435,829,0.003364493207582598,,,
R2A,0.0,S3_ar1,11,2,0.06853201102575135,0.02586113378541435,0.17480780966721154,0.9121369734247667,0.006023371149266058,0.01691193014665979,0.13018529543178678,-0.03247955664373042,0.007517438759232146,829,0.006256656823519226,,,
R2A,0.0,S3_ar1,12,2,0.09729559666627503,0.04836855706363966,0.2404890646043727,0.9500288433913763,0.0009399110262036982,0.01733246417949684,0.13165617194888365,-0.016617752435159613,-0.008170996877269267,829,-0.0071582825117015155,,,
R2A,0.0,S3_ar1,13,2,0.07318626129346953,0.02921919201783565,0.18594467150190577,0.9262883537609035,0.005393230380537586,0.019167045062936802,0.1385501064484411,0.031120863090918088,-0.022598919678576124,829,-0.022569897778422943,,,
R2A,0.0,S3_ar1,14,2,0.039084065347666716,0.02539749009757876,0.16408855615697104,0.9065574952179111,-0.004001904005946395,0.01638172195116262,0.12805364964277835,-0.008235363234526822,0.02612239768988497,829,0.02669247870752837,,,
R2A,0.0,S3_ar1,15,2,0.0038828814409120655,0.031090794643198857,0.17636856695988384,0.9198706444612225,0.009141854696303376,0.01771556356863501,0.1334134066573646,-0.07622145501566484,-0.02179288118655693,829,-0.021781156070637766,,,
R2A,0.0,S3_ar1,16,2,0.08385296021190292,0.022810044848487372,0.17274653045658064,0.9029486935271683,-0.008189115954569745,0.01861562620978271,0.13668462909157011,0.027401328906761866,0.05316660297908551,829,0.05385633747980185,,,
R2A,0.0,S3_ar1,17,2,0.055544345113224536,0.022091407168607982,0.15867129999676996,0.9047752315909156,0.002214269566163436,0.017308843636236297,0.13158171083379305,0.018071305939875538,-0.02733353400363545,829,-0.0273607498673294,,,
R2A,0.0,S3_ar1,18,2,-0.03179679392654809,0.03202014284797705,0.18174481822595223,0.9293149947961308,0.0016042490957486322,0.018038782179643848,0.1343181141723076,0.01683719647868789,0.027252628117192784,829,0.026820943331390807,,,
R2A,0.0,S3_ar1,19,2,0.03778224607703187,0.030354564710954962,0.17827524457865807,0.9185560464819872,-0.001490432623502182,0.01763265187758806,0.13279636014211105,-0.04237072373145941,-0.00694731293244586,829,-0.006781200293812139,,,
R2A,0.0,S3_ar1,20,2,0.05356379743052358,0.032503517762636866,0.18807604355104618,0.9331054490741889,0.0025095862258709013,0.01701094094033543,0.1304501397598351,-0.0046838032991351666,-0.034311199980416054,829,-0.031408107138712164,,,
R2A,0.0,S3_ar1,21,2,0.05718562067419687,0.029349072599726137,0.1806080502403458,0.9299478985786043,0.0015834071810967875,0.017029226457465345,0.13050568430442597,-0.03709312400983618,0.022223322386310973,829,0.02382968212168751,,,
R2A,0.0,S3_ar1,22,2,0.02930250208867811,0.022879722590998783,0.15407257776663494,0.9025831074611036,0.0017970552915453457,0.01862541144730146,0.13648677904845705,-0.07478154506202686,0.030996989941972745,829,0.029512767746019627,,,
R2A,0.0,S3_ar1,23,2,0.11490336986151471,0.02969704009809198,0.20712272811940277,0.9212313974382165,0.0008490730744900649,0.016469778680424294,0.12833744428462848,-0.010487611238720032,-0.041761426855274994,829,-0.04140204498160893,,,
R2A,0.0,S3_ar1,24,2,0.0543188684110933,0.026042197809757372,0.17027253822980098,0.905658167852724,0.0034101085425699788,0.017470599823155363,0.1322203791532435,-0.04101554482115422,0.0006327078218369013,829,3.8773590615532456e-05,,,
R2A,0.0,S3_ar1,25,2,0.042175955885364026,0.036117963596785665,0.1946709399258909,0.9408998740103686,0.000490924890666199,0.017272166436409078,0.13142453136175664,0.01590461802318377,0.0198631611279166,829,0.019818167206294025,,,
R2A,0.0,S3_ar1,26,2,0.03451480875261015,0.020284976217712768,0.14654776777877587,0.8920776465215432,0.0003137475980012404,0.016920321969403643,0.13007851631595008,0.007421899363640379,0.005008005241822036,829,0.005663411183626251,,,
R2A,0.0,S3_ar1,27,2,0.030169839571102527,0.021172056243177268,0.14860106144615298,0.891403953448692,-0.009880244248258617,0.01768972574976134,0.1333692055017446,0.012232882411073502,0.009283925073576896,829,0.006520374406127776,,,
R2A,0.0,S3_ar1,28,2,0.07253847965629312,0.02986745952580762,0.18742809436328928,0.9194991149178587,-0.001212736213313695,0.017868137712430468,0.13367725476517517,0.06432399132378934,0.0023837767177396986,829,0.0022073148100693013,,,
R2A,0.0,S3_ar1,29,2,0.05067013451613469,0.02328404439915676,0.16078403817245027,0.9022045055962277,0.00796817127740683,0.01804359701301641,0.13456258308505564,0.02570817463469399,-0.031068598464833477,829,-0.029892100664965587,,,
R2A,0.0,S3_ar1,30,2,0.07188064404923127,0.022925487469172372,0.16760762052515588,0.9067378271087786,0.0017130897090543527,0.017848381285533482,0.1336088169316859,-0.004919343861444958,0.013661684015011047,829,0.012862651911607625,,,
R2A,0.0,S3_ar1,31,2,0.03408204940267236,0.03131791134947359,0.1802206909346421,0.9317263892794014,-0.0039719178890625624,0.016704896232229895,0.12930843887367657,-0.021249021136604134,-0.004522906185792599,829,-0.003539034953102172,,,
R2A,0.0,S3_ar1,32,2,0.06249382223099948,0.02716678515464281,0.17627326221433182,0.9121826082785748,-0.004232508477354129,0.019707472246922687,0.1404470945763335,-0.034811737939539074,0.02123620370323202,829,0.02143160068726828,,,
R2A,0.0,S3_ar1,33,2,0.029592446611355648,0.026087459563055897,0.16420466637553827,0.90698367546311,-0.004096428370483519,0.017766053753860093,0.13335229461563303,0.007946641422664562,-0.015939563396078178,829,-0.017596911382075944,,,
R2A,0.0,S3_ar1,34,2,0.06612747265400873,0.027420909484841157,0.17830802596755937,0.9129055102064518,0.0016813814212954495,0.016599709128891492,0.12885082914896345,0.011908076451335715,0.011670761503978937,829,0.013280235542877852,,,
R2A,0.0,S3_ar1,35,2,0.03157187035228503,0.019313930491733976,0.1425156605053475,0.8790188921999841,0.002325460033348641,0.01704408333850844,0.13057369988966058,0.007324759429896709,0.025031294933758174,829,0.027123249902792152,,,
R2A,0.0,S3_ar1,36,2,-0.003141449071295291,0.03034271560575337,0.17421993085758275,0.9280571359808429,0.0007375706691443497,0.016343333173259655,0.12784317417739452,0.0005496979954495836,0.04004510163005463,829,0.03857237621517337,,,
R2A,0.0,S3_ar1,37,2,0.04329580958687566,0.021941077581217935,0.15432305307050184,0.905030594383914,-0.00557749087542974,0.017328667317187914,0.13175650162953406,-0.01596306763205352,0.02406381989772098,829,0.024259564412032596,,,
R2A,0.0,S3_ar1,38,2,0.03683668938400727,0.03404071559181928,0.18814265140204947,0.9372987312944694,-0.008663807915201398,0.017234694747133846,0.1315665470958532,-0.0281983079126057,-0.027510872052485022,829,-0.02825754923959765,,,
R2A,0.0,S3_ar1,39,2,0.03804819494462808,0.026236039705589673,0.16638420851791824,0.9097189817514734,-0.0015543541204310076,0.017110059751743855,0.13081466190177443,0.0015610756170179978,-0.04985137799677785,829,-0.04664945659267491,,,
R2A,0.0,S3_ar1,40,2,0.05960617656732831,0.02346736301394846,0.16437840277519422,0.9087936366817925,0.003942133585447484,0.017213700249091215,0.13126020214176393,-0.049216836052745516,-0.019433273853145805,829,-0.019648779715670125,,,
R2A,0.0,S3_ar1,41,2,-0.01571494818652144,0.03230516831983746,0.18042208267377502,0.9276189983206966,-0.0036222006157189705,0.015412408550034205,0.12419955268572717,0.0015807083031852808,0.006995954491921475,829,0.005607434134925059,,,
R2A,0.0,S3_ar1,42,2,0.017981664508963737,0.03482637971905212,0.18748258579816168,0.938776140156357,0.0038514457521225927,0.017214044866499204,0.13125882256397375,0.03205157256725698,0.014908294365572209,829,0.015534421598556959,,,
R2A,0.0,S3_ar1,43,2,0.09843620229707008,0.022054052412025255,0.17816772528910774,0.9117928545336967,0.006739163391539285,0.017845409399078648,0.13375659132280737,0.003185315242474881,-0.004827662068094754,829,-0.0047939480039353175,,,
R2A,0.0,S3_ar1,44,2,0.0567378301628997,0.027711992274996253,0.17587260629953236,0.9170485165211368,-0.0007020336883503623,0.019065196011875733,0.13807856047618441,0.0009512049421604502,-0.005356664426612858,829,-0.007385528992296861,,,
R2A,0.0,S3_ar1,45,2,0.07374329688118239,0.028476816594952447,0.18415995881260033,0.9243720456267225,-0.006047961735139022,0.017412625771536853,0.1320954337313995,-0.0027998881032220606,0.018036616840045403,829,0.018494688084598736,,,
R2A,0.0,S3_ar1,46,2,0.0723256472294966,0.03644146901093149,0.2041383556759902,0.9399563015039529,0.0011465351731385187,0.01840508818435886,0.13567019837555375,-0.044462801400421796,0.017054888341596488,829,0.0163929981091536,,,
R2A,0.0,S3_ar1,47,2,0.12003504848002519,0.032336946024809604,0.216206750330353,0.9201909765717462,-0.0012150718864035813,0.01685372533248032,0.12982758463504376,-0.03953559272992212,0.02983297013319799,829,0.029478203794718463,,,
R2A,0.0,S3_ar1,48,2,0.06120556276423049,0.03514215120182198,0.19720109562349836,0.9337752210727276,0.0032475981700458597,0.019142315233454943,0.13839386593100514,-0.048983298330955806,-0.0356583021425005,829,-0.03666974344367199,,,
R2A,0.0,S3_ar1,49,2,0.03652535064005209,0.02864845905092515,0.17315472933276732,0.917882446990494,-0.001721120235851469,0.017286943934900982,0.13149108787201982,0.011895124522055928,-0.013940213794028268,829,-0.013402807297916592,,,
R2A,0.0,S4_iid,0,0,0.05265239151827123,0.04079353819460432,0.20872424997397318,0.00888525987483606,0.005188360341705809,0.016784459999294368,0.12965870230080875,0.017782911812289793,-0.08913689516477027,829,-0.08870181272834887,,,
R2A,0.0,S4_iid,1,0,0.03922744632881327,0.029048997618147013,0.1748936538689353,-0.011522031285381977,-0.0009196600992962203,0.01941729934334759,0.13934900472570955,0.039220712832181565,0.00954857064004729,829,0.008784923528018256,,,
R2A,0.0,S4_iid,2,0,0.04293534906841469,0.024277313623228696,0.16161917529444123,-0.03332961926716426,0.0012650898735337417,0.01774393965629708,0.13321238721937684,0.003112323260370534,0.017320398630886646,829,0.01595753469137843,,,
R2A,0.0,S4_iid,3,0,0.03952075583614805,0.021945445255687663,0.15332102072954018,-0.06056064003019142,0.005456157122156683,0.016482570933847588,0.12850035246795727,0.06374816236793895,0.09343571477945287,829,0.09236221654645617,,,
R2A,0.0,S4_iid,4,0,0.05072954721608157,0.03937086553123844,0.2048032043010731,-0.03585135211996066,-0.00051806184763712,0.017806616391277414,0.13344243994829902,-0.024497582697792532,0.06904673870236615,829,0.06911927888147201,,,
R2A,0.0,S4_iid,5,0,0.050551069261415144,0.03417176131083197,0.19164334560402654,0.019149415480088583,-0.00469733019395998,0.017376133651822095,0.13190223107579788,0.04668554849906685,0.02889522418902974,829,0.029481551602790364,,,
R2A,0.0,S4_iid,6,0,0.04426155235268149,0.024031693162504145,0.1612165567774393,0.052256241643123334,0.005134406431351899,0.0167528865753518,0.12953473937424703,-0.01083982044429468,-0.0031083724961126218,829,-0.0019655123396945537,,,
R2A,0.0,S4_iid,7,0,0.05235486280704332,0.03169492355716077,0.18556927336362855,0.010185738388160111,-0.001906406635538266,0.017330610300235187,0.13165957878747453,0.06016710144860829,-0.0020741640957372353,829,-0.0025153189158009875,,,
R2A,0.0,S4_iid,8,0,0.033079782559699025,0.022351890778070194,0.15312139887118054,-0.005129870737983622,0.004646545625959016,0.016795291786057768,0.1296799220091988,-0.017053378348968636,-0.0015766844175131196,829,-0.0043809583960084456,,,
R2A,0.0,S4_iid,9,0,0.04662854388081776,0.027680642248570884,0.17278559937974064,0.015501652521762875,-0.0010792008611243578,0.016850276876549122,0.12981310238588312,-0.05529810487130267,-0.03001840664066768,829,-0.02884538693022411,,,
R2A,0.0,S4_iid,10,0,0.04644647186889669,0.027233655633423465,0.17143783241306942,0.0008814846624723668,-0.0013149934790878486,0.017967919773182257,0.13405091935914615,0.006165691781154581,0.07070148002239177,829,0.06955556562889871,,,
R2A,0.0,S4_iid,11,0,0.04087754254203724,0.02439325655716094,0.16144420101520215,0.016078669486544062,-0.005024257337488639,0.018758663301848055,0.1370543923544275,0.021735968235021254,0.020658193716138046,829,0.021058503873310194,,,
R2A,0.0,S4_iid,12,0,0.04040422835328683,0.03379099433719719,0.1882113067964349,-0.018017869480615404,-0.009556142004968215,0.018726853881646237,0.1371793487798559,-0.048531580708202196,0.024065298330686442,829,0.02272291023685816,,,
R2A,0.0,S4_iid,13,0,0.04907587097365594,0.034064697871225395,0.19097942031289214,-0.021995830448715652,-0.002599642457108926,0.016567218915419398,0.12873995905049918,-0.0009227186077450138,0.03375009591747295,829,0.032332009098868984,,,
R2A,0.0,S4_iid,14,0,0.04561786474259452,0.02874592028543988,0.175575937614223,0.001928243312914856,-0.0006315819016452223,0.019029229211063578,0.13794791809506246,-0.05403693320629167,0.01644100091255723,829,0.01509725078326641,,,
R2A,0.0,S4_iid,15,0,0.039359409633140226,0.025527811489477668,0.16455082684735134,-0.025211839770021647,-0.00019324172074434775,0.017140093933495325,0.13092032415121024,0.014456413399476387,0.008209748591582576,829,0.00655024221262272,,,
R2A,0.0,S4_iid,16,0,0.04463280034665695,0.02689474780935842,0.16996127404836364,0.08580325486986012,0.002507439235941496,0.01695586353500267,0.1302388221173879,0.03983577806635263,0.015897279457428026,829,0.017405720303245595,,,
R2A,0.0,S4_iid,17,0,0.03852272709182332,0.02341319439496283,0.15778844982302706,0.009812572289037303,-0.0044601123296578475,0.017495399607597568,0.13234535205133097,-0.011524922234403386,-0.051913390985815606,829,-0.05135833557370976,,,
R2A,0.0,S4_iid,18,0,0.04805167654176554,0.025325157281898967,0.16623513738188275,0.00419334911087923,-0.0005428941145293876,0.0187568434349798,0.13695670180388908,0.020287681923536926,-0.00333236593128272,829,-0.004919648248966623,,,
R2A,0.0,S4_iid,19,0,0.04266794559008027,0.021883075329285576,0.15395982888456206,-0.01367893114714224,-0.008573430069172109,0.02008548067279589,0.14198233825355489,0.028934819611757007,-0.09008734818975368,829,-0.08962209650006346,,,
R2A,0.0,S4_iid,20,0,0.03752774277664152,0.020814551716554698,0.14907341545179834,0.05513784996919459,0.0015633473133307668,0.01836987835186988,0.13554454030573115,0.04059734625173027,-0.05731092499354972,829,-0.06003417089282416,,,
R2A,0.0,S4_iid,21,0,0.04657979338348416,0.02951527963780472,0.17800268759053273,0.005862520519537135,-0.002806326355714353,0.01826640456516158,0.13518239542476068,0.0027365836301944677,0.03981472628116303,829,0.040320423030293484,,,
R2A,0.0,S4_iid,22,0,0.044452113758046086,0.03075402361846106,0.1809143831651296,-0.026017663437352147,0.00014726223219644398,0.017485761626153173,0.1322338206069771,-0.02196826794784795,0.023486855151710277,829,0.025903916917174415,,,
R2A,0.0,S4_iid,23,0,0.04801585030434957,0.029012874264978256,0.17697004307347605,0.01780054790851043,0.0018164776201269406,0.01758912391761757,0.13263643356394197,-0.011049300850820247,-0.015149520725996004,829,-0.016414152073751513,,,
R2A,0.0,S4_iid,24,0,0.05138685869424424,0.03446713255190805,0.192633698501509,-0.0003235534594292727,-0.013215476891764121,0.01787670351914187,0.1343553212515925,0.021339254707969067,-0.03248377815907604,829,-0.03221863784402062,,,
R2A,0.0,S4_iid,25,0,0.045753122320999255,0.039322491264550986,0.203508819137332,0.010450158738687725,0.00022664430495888886,0.01856513235661614,0.13625411452230393,0.01983599490275268,-0.009682916970978119,829,-0.010350811400319196,,,
R2A,0.0,S4_iid,26,0,0.04608618986840241,0.03192430261010017,0.18452165050932803,-0.018247648461719165,0.0015065506801471853,0.017320105190887582,0.13161449344900977,-0.0005247601090530216,-0.061384429281046565,829,-0.060808246104714345,,,
R2A,0.0,S4_iid,27,0,0.0496569772827989,0.033711582962915466,0.1902035708281521,0.0009366758276813932,0.001806789660069579,0.017922784877140177,0.13388819726180465,-0.02494530971178609,0.003475710221322192,829,0.005240407410406377,,,
R2A,0.0,S4_iid,28,0,0.044662025361274886,0.02553286446220481,0.16591431816324945,-0.01620561159304984,-0.004881541148502454,0.01692846818772597,0.13020098936532892,0.0051107700168233836,0.030685847133549646,829,0.03006181658771286,,,
R2A,0.0,S4_iid,29,0,0.04956756129780816,0.03904571373705709,0.2037220088013788,-0.041925799989082496,0.0019675322334010256,0.017766128372103476,0.133304161807473,-0.03801762287191079,0.016289250687496912,829,0.01525322290186716,,,
R2A,0.0,S4_iid,30,0,0.053210768059050756,0.035934598248892946,0.1968907922842687,-0.001395015063501156,-0.008541461816081468,0.01805579266496272,0.1346430437672823,-0.020522975735049572,-0.0256433390103269,829,-0.025788120269835,,,
R2A,0.0,S4_iid,31,0,0.04256508995192661,0.024239601724530938,0.16140442561202137,-0.010099907835131388,0.0022294863099231927,0.017597500911126725,0.13267430617995654,0.0019139649071869237,-0.02290901193318911,829,-0.025386524359892932,,,
R2A,0.0,S4_iid,32,0,0.048747760167419975,0.04102443512797272,0.20832853680980196,-0.04169341652168514,0.003782495685693497,0.01717834985585472,0.1311207730661584,-0.040983879093628224,0.020865477952476976,829,0.021047668151867278,,,
R2A,0.0,S4_iid,33,0,0.04175387871134249,0.027608065683673272,0.17132265486827702,-0.029211590765348208,0.009464939921902251,0.017419063671651778,0.1323202507531519,0.02538887551180297,0.0596296102981562,829,0.05836902349917309,,,
R2A,0.0,S4_iid,34,0,0.048104712443476284,0.03592217470403664,0.1955408859121442,0.006584619614935003,0.001816815985315271,0.01762732162253867,0.13278035412990571,-0.023336834747377137,-0.042992836142868154,829,-0.04124157459143195,,,
R2A,0.0,S4_iid,35,0,0.045687812850091075,0.03226152388564174,0.18533456269316492,-0.010822477504427688,0.001473817230173714,0.018025870513655548,0.1342685467668564,0.0061852712938303125,0.04960749323108673,829,0.049408909304564604,,,
R2A,0.0,S4_iid,36,0,0.039757804575102376,0.024325173494377246,0.16095296368507564,0.046763952474753644,-0.0010279397396703695,0.016867282248102463,0.12987816948283054,-0.04106045734357453,0.015351983769019317,829,0.01335709151423764,,,
R2A,0.0,S4_iid,37,0,0.04095941161356495,0.02634910958813676,0.16741201566155936,-0.014830263218777178,-0.0008819618841808336,0.018475411941529924,0.1359271488639965,-0.009577946803550718,-0.015303066821429297,829,-0.017154519937954697,,,
R2A,0.0,S4_iid,38,0,0.05095148430619352,0.038548485385382275,0.20284116726736356,-0.06134933114836695,-0.0073994235588371576,0.01787925247945926,0.13391790003006443,0.008664084809166896,0.05044404607986276,829,0.04970491960637853,,,
R2A,0.0,S4_iid,39,0,0.044194494102276535,0.030251277519826,0.17945593004629898,-0.050123889792266896,0.002589228903735444,0.018087411380745592,0.13451436907283001,0.02743150417826802,0.00048574850739669414,829,0.001006320826310618,,,
R2A,0.0,S4_iid,40,0,0.04476123945067688,0.022357750802469503,0.15608113069692423,-0.005732819254768393,-0.0050075543233931335,0.019212364974198107,0.1386991008424346,-0.04593488614007611,-0.026670305375347876,829,-0.025991468001931382,,,
R2A,0.0,S4_iid,41,0,0.04811926066335949,0.031114547983238778,0.18283875746139583,0.02914422432037591,0.0005204949820579728,0.01620744150394572,0.12730951425157536,-0.029048291600121994,0.009816923106478609,829,0.010002257449969873,,,
R2A,0.0,S4_iid,42,0,0.04252974705215724,0.028050842499821708,0.1727993688765737,-0.04352364045027871,-0.0035190703295070788,0.017096166575119958,0.13079965761080561,-0.0026861570367596,0.007347269508299723,829,0.007079817943456349,,,
R2A,0.0,S4_iid,43,0,0.04756078738050235,0.03298902549046759,0.18775264042543038,0.04270190596130107,-0.007853555093159787,0.018565202647232177,0.1364803318241624,0.04612057239440325,-0.029370269378783044,829,-0.03047815206036132,,,
R2A,0.0,S4_iid,44,0,0.04061733340581919,0.022368811809964213,0.15497928759341903,-0.021777020146579392,-0.006379070900948346,0.016091852186987193,0.12701395487325998,0.002399336569925487,0.021324973964789093,829,0.02088068005344009,,,
R2A,0.0,S4_iid,45,0,0.03990758378752199,0.020605266611288746,0.14898953605890192,-0.038494789308418376,-0.001735947823855553,0.018481812682239446,0.13595891363601945,0.022438872281452478,-0.04475801720803221,829,-0.04299545730824023,,,
R2A,0.0,S4_iid,46,0,0.04833434414220994,0.028667464718013038,0.1760786004648794,-0.032145958188953376,0.007125287897203082,0.017379907526603535,0.13202529020692044,0.009319714683689263,0.03187050189228537,829,0.03174751025418543,,,
R2A,0.0,S4_iid,47,0,0.03983892047534574,0.023125481817747973,0.15720248535690806,0.033398967337535515,0.007859038216660688,0.01796074768655486,0.13424795033163742,-0.02064744162721448,0.0011808480873361355,829,0.0032685566681626872,,,
R2A,0.0,S4_iid,48,0,0.05324149695189932,0.03167884205888774,0.1857780908949353,-0.022067143117599098,0.0097779382458378,0.01830986147821407,0.13566675921003452,-0.00623670743277781,-0.039302958169426104,829,-0.03873417994522547,,,
R2A,0.0,S4_iid,49,0,0.039993235611309005,0.028937014114451792,0.17474688268782784,0.018523469476852655,-0.0011939391202173643,0.016951419761663606,0.13020309232996885,0.002259918314128553,0.02061348778228964,829,0.020209873035518418,,,
R2A,0.0,S4_iid,0,1,0.030617018494943856,0.015896076239279158,0.12974389411759957,0.008522405454884276,0.0059162706314236915,0.017612316226286555,0.13284321015569747,0.028237536612697355,-0.05306448839602219,829,-0.05140524449908456,,,
R2A,0.0,S4_iid,1,1,0.048117792079478416,0.039279668666668176,0.20394849982599061,-0.007894239917758221,-0.003720228677898706,0.019444820994791116,0.1394943048880741,-0.0006192212354166596,-0.05646357083208752,829,-0.05611116135899171,,,
R2A,0.0,S4_iid,2,1,0.04933772747171417,0.027887865924962486,0.17413235562937643,0.029069264304307414,-0.006416021049370032,0.01766985890638357,0.13308277211002756,-0.015999304905322347,-0.005185583553329557,829,-0.004011158355543169,,,
R2A,0.0,S4_iid,3,1,0.04916320394542564,0.03180550795605381,0.18499332036112368,-0.019389213741176275,-0.00037228735185046473,0.01812934841291728,0.13464578348685718,-0.012121365447938737,-0.042814568834885776,829,-0.04269601529282114,,,
R2A,0.0,S4_iid,4,1,0.0454197271236658,0.0256904475099658,0.16659351464554092,0.018736520297435947,0.0060051484194912266,0.017940704000537707,0.13407746196910883,0.017720304672889972,-0.029139188614894368,829,-0.028809517515350273,,,
R2A,0.0,S4_iid,5,1,0.05053177254760169,0.027212046101415244,0.1725268273000399,0.028121715416215637,-0.003668479980904929,0.016933865481109065,0.13018188517024698,-0.017342571337103752,-0.014236705893999306,829,-0.014415891596388019,,,
R2A,0.0,S4_iid,6,1,0.04343831454100448,0.03052598726864259,0.18003575877809894,0.010196729054466993,0.001444832488964216,0.018071853789564076,0.13443935930554432,-0.009431862785543147,-0.015197915926989752,829,-0.014807725591332511,,,
R2A,0.0,S4_iid,7,1,0.038801800570690444,0.026856286136476285,0.1684098152246594,-0.0031405068511619256,0.0038284595616650554,0.017344203709312625,0.13175302961195212,0.0032797683515696126,-0.021895151669194562,829,-0.02047402631606322,,,
R2A,0.0,S4_iid,8,1,0.05087886229396599,0.03647711703890399,0.19765064044225192,-0.03346078346091027,-0.005891620065924118,0.019407855209496158,0.13943660350315967,0.0302433306236378,0.04520236511437696,829,0.043564765982291455,,,
R2A,0.0,S4_iid,9,1,0.03918175326169899,0.016995778914832296,0.13612857416241808,-0.02589697807336103,0.002603498181801651,0.017684820646548357,0.13300976975143972,-0.0018166173674927083,-0.02913595967140817,829,-0.03192275955968357,,,
R2A,0.0,S4_iid,10,1,0.05378899862137,0.035589192989867284,0.1961694404400365,0.0508382743710469,-0.0011577649466684508,0.016563269182853817,0.12870357260979803,-0.0017133808639744287,-0.05287346169845376,829,-0.05246263502123311,,,
R2A,0.0,S4_iid,11,1,0.040561283508972826,0.022201761356545707,0.15442467120392703,-0.013517956951888932,0.0014137453106477045,0.016358051297224153,0.12790641099267672,-0.025790796651379035,-0.022068331272427515,829,-0.020432203684549993,,,
R2A,0.0,S4_iid,12,1,0.042936595230968384,0.025853354381721472,0.16642387326267072,0.05180653655951619,0.0003648457380192534,0.017936990359170967,0.1339295466713134,0.026335760089544854,0.009551500127070353,829,0.010676880961358633,,,
R2A,0.0,S4_iid,13,1,0.04280272213739278,0.025665863165404815,0.16582501677302997,0.08728543362468204,-0.007944512246645411,0.016869811470870126,0.1301265797049443,-0.03325000754051804,-0.02817126185953729,829,-0.02850659652871831,,,
R2A,0.0,S4_iid,14,1,0.05161275553006864,0.02901624510359997,0.1779891053885226,0.05666297208969014,-0.003065062121350453,0.01698540700478587,0.13036411166649203,-0.00012623519623886057,-0.021633252903862865,829,-0.021378116731862653,,,
R2A,0.0,S4_iid,15,1,0.04593603310476485,0.025097983696750575,0.16494878851980885,-0.06962571745257239,-0.003140776732755692,0.016722053762964737,0.12935191626508574,0.03102908823185959,0.046802518160559976,829,0.043876768505842094,,,
R2A,0.0,S4_iid,16,1,0.04349929971182127,0.026472487980640856,0.16841816130114862,0.01451359557078858,-0.0023273782762293312,0.01676807130838516,0.1295125013194704,0.016444403153778174,0.029892715104615105,829,0.03016565040500028,,,
R2A,0.0,S4_iid,17,1,0.04571751966317372,0.0334531690370898,0.1885292036827252,-0.019549942340358874,-0.00131982844281928,0.01808565502889449,0.1344893935446694,-0.01698031550771405,-0.02210405460642512,829,-0.02245637786006986,,,
R2A,0.0,S4_iid,18,1,0.045174507960952,0.034452157267353255,0.19103113211429015,0.03690335228051096,-0.00498173607808722,0.015674607327060157,0.12529734642605914,-0.01587068406825397,0.010053812371044909,829,0.008347817458914112,,,
R2A,0.0,S4_iid,19,1,0.0314459716598063,0.012916286457791455,0.1179200389731143,0.02473034361329029,-0.010462997821038983,0.015914129117746388,0.12658437281572105,0.04224359134532213,-0.0010848943270933523,829,-0.0001525243545167423,,,
R2A,0.0,S4_iid,20,1,0.03844232528131453,0.018561292094171917,0.1415595438930428,-0.002527405301868362,0.01206743977473687,0.01746364436022313,0.13269991508264062,0.026020908813829548,0.010473762201929032,829,0.011483978099454758,,,
R2A,0.0,S4_iid,21,1,0.03991040866097917,0.03256522058424773,0.18481899605758628,0.016116104700352425,0.006256592088828843,0.018021386768756916,0.13438947768825843,-0.023104502067440556,-0.012708693381214628,829,-0.011269100012539744,,,
R2A,0.0,S4_iid,22,1,0.055437554645498675,0.035585797997614854,0.19661922709309865,0.05034563158744317,0.001788360084538681,0.016788808314880006,0.12958397488374856,-0.033331416530505434,0.020994668010865202,829,0.020793359120076862,,,
R2A,0.0,S4_iid,23,1,0.03339082974698323,0.023803526825934875,0.15785586570389742,-0.001967596319909451,-0.007451961017242953,0.01728868750442062,0.13169745338245203,0.012564747071835134,-0.030729475675548963,829,-0.02946325905804574,,,
R2A,0.0,S4_iid,24,1,0.05101244343836486,0.03595380899889004,0.19635701766028735,-0.015263496174994165,0.010206218382771966,0.01750954185220874,0.1327166483372963,0.009283278961662682,0.05981754660788103,829,0.06070398587512579,,,
R2A,0.0,S4_iid,25,1,0.05213891828519391,0.03453235673767349,0.19300472413291758,0.005923828490339313,0.010125373985211478,0.018353296550109754,0.13585219817305183,-0.00863176554786482,0.026449673010970287,829,0.02650654631039361,,,
R2A,0.0,S4_iid,26,1,0.04611673073939055,0.029828819614659004,0.17876121634389397,0.059705995086419356,-0.0015612495880586081,0.018187951735214328,0.13487175106556057,0.026991181880741733,-0.024294062769633747,829,-0.025178479887830583,,,
R2A,0.0,S4_iid,27,1,0.04925034869041486,0.028894090927166896,0.17697369231977486,-0.015370700373200359,0.0036289122919816717,0.01646703957436373,0.12837526466880847,0.07341493905562249,0.04650679789088283,829,0.04417004769749115,,,
R2A,0.0,S4_iid,28,1,0.05476250092123456,0.03464486106074349,0.19402008289837347,0.049415572831665096,0.003808547045055632,0.01755472414064971,0.13254896895579427,0.016448302642896418,-0.02042050967861362,829,-0.016794644526323024,,,
R2A,0.0,S4_iid,29,1,0.06113004362322577,0.043118516931443564,0.2164610800232251,-0.010698135172017679,0.002735146679565346,0.016798336951011537,0.12963725536422882,0.007727317700212835,0.05063012663044629,829,0.05013167848613367,,,
R2A,0.0,S4_iid,30,1,0.057974924821899525,0.03518869000125963,0.19634098377405704,0.012231134678848498,0.0022849107108401288,0.018413851581335683,0.13571688324704556,-0.02753905344982465,-0.005850579037672811,829,-0.005465338690975546,,,
R2A,0.0,S4_iid,31,1,0.03649911528399044,0.02727669836488124,0.16914160866385083,0.015212343411482305,0.0023350861757111337,0.0187374126781179,0.1369045846769417,-0.02876963791016664,0.016767193392454294,829,0.015218750995881474,,,
R2A,0.0,S4_iid,32,1,0.05901106978650531,0.04181296485542401,0.21282685735774,0.04514459999314671,-0.006129033046426853,0.01742594289712486,0.13214956656459018,-0.048650170704724646,-0.04204049482714096,829,-0.04012718777096938,,,
R2A,0.0,S4_iid,33,1,0.04814751728233068,0.03106046837215433,0.1826982533923263,-0.002693549388802507,-0.009328186268539866,0.018858434556880268,0.13764247024788842,-0.001373101785591522,0.024417429546422148,829,0.02301378818706554,,,
R2A,0.0,S4_iid,34,1,0.04519684731383265,0.025947370744699237,0.16730249774527917,-0.0036595593252066044,-0.0008336218709365601,0.016343809187592536,0.1278456261004507,-0.04477474987448622,-0.03642178123557951,829,-0.03808272290204719,,,
R2A,0.0,S4_iid,35,1,0.0467766171480108,0.03830829987421829,0.20123705371036885,0.013610677625514928,-0.006799002940484338,0.017783749936371294,0.13352893460728282,-0.041099788527738754,0.014112965495243632,829,0.014382687696714672,,,
R2A,0.0,S4_iid,36,1,0.05086538900361069,0.031136709279779566,0.1836409460830242,0.0019687205609438406,0.006868494033586638,0.01845345947665943,0.13601704189897987,-0.016282670830811925,0.010927413171118625,829,0.011676987067144635,,,
R2A,0.0,S4_iid,37,1,0.048762008714021546,0.031979062371556684,0.18535586277585878,0.010216244445621915,0.002250975212253173,0.01687127215663074,0.1299089644560256,-0.0018289477978418605,-0.03282989134705593,829,-0.03208882483752107,,,
R2A,0.0,S4_iid,38,1,0.053814267226623184,0.03612078389654159,0.19752660391370067,0.018610626326419463,-0.0027777097976770617,0.016927739815225475,0.13013629580922298,0.03538497104291196,-0.008756464843255306,829,-0.009834514235861224,,,
R2A,0.0,S4_iid,39,1,0.05323669715033521,0.03493239010733024,0.1943361418542798,0.0019249140935155963,-0.0020694490172500856,0.016670615867119324,0.12913132263844557,-0.03157071863559968,-0.025608857755740108,829,-0.02498040117723966,,,
R2A,0.0,S4_iid,40,1,0.033677142733377664,0.019919815707576255,0.14509984717517985,-0.012785570856693068,0.0028477520551412555,0.0178898353456991,0.13378320162661178,0.037268048200002964,-0.06413767023319718,829,-0.06350809815121339,,,
R2A,0.0,S4_iid,41,1,0.039209211506860735,0.02359301803891065,0.1585256455779329,0.005735324827498577,0.001138130264492359,0.016974500611757263,0.13029119675655843,0.032275557291008755,-0.02477509762034091,829,-0.021502372541891517,,,
R2A,0.0,S4_iid,42,1,0.05743884762327811,0.035548917232708935,0.19709931113273607,-0.032113407211384185,-0.00037988896607083476,0.016319508333417936,0.12774839587659986,-0.017317534540629953,-0.03061667342801652,829,-0.031119342011708233,,,
R2A,0.0,S4_iid,43,1,0.03675115381182566,0.0268550814269671,0.1679456124269627,0.03719030304270534,-0.0029463691278780483,0.017080536705939703,0.13072573502175236,0.01610738280262531,-0.04574386270221457,829,-0.045742350581077965,,,
R2A,0.0,S4_iid,44,1,0.05118670961286002,0.03543131492176893,0.19506766560032493,0.022648506552853165,-0.005676482999818032,0.01728201807998759,0.13158358765148037,-0.012775939380624157,-0.03782610880845733,829,-0.03864123561448341,,,
R2A,0.0,S4_iid,45,1,0.05156782513177056,0.04088409186985026,0.2086703919071202,0.025701601803691115,0.0023459471656126015,0.017759196821195564,0.13328428372955084,0.014833044760000752,0.014900617481689001,829,0.013230165180040075,,,
R2A,0.0,S4_iid,46,1,0.05801126609032672,0.036182044396417624,0.19886515881325292,-0.02785722467601537,0.012040125027166533,0.018122979103445583,0.13515895721007684,-0.04309079290227079,-0.01700043618094006,829,-0.01683289684665827,,,
R2A,0.0,S4_iid,47,1,0.05369077318137279,0.034249186555575656,0.19269635616790803,0.018061133939893715,0.006357288392813639,0.016727532567834852,0.12949111044216222,-0.03432952821191966,0.030518334190947495,829,0.031021499947649828,,,
R2A,0.0,S4_iid,48,1,0.04359866402353935,0.03378913228347805,0.18891790753688628,-0.014939177173158387,-0.001831365300686021,0.018190171218811856,0.1348833759870964,0.03783889954936068,-0.030853443054252618,829,-0.032370583352072574,,,
R2A,0.0,S4_iid,49,1,0.03964547515977585,0.023568626255341448,0.15855721350977967,-0.00939215597620823,-0.008531578419979294,0.017712696438334778,0.13336222954296706,-0.036374114468194954,-0.010591197678756846,829,-0.011836682309644329,,,
R2A,0.0,S4_iid,0,2,0.04344394735837325,0.03534196082765486,0.19294905387104638,0.025140573790813435,0.0033501590535407475,0.017676520849701446,0.13299527967332325,0.021717349649250265,0.033292467208985155,829,0.03359207180353287,,,
R2A,0.0,S4_iid,1,2,0.0443730292411342,0.030456983574854192,0.180072066959006,0.07603454409917582,0.0010653311072730493,0.01789275034778429,0.13376802786223776,-0.011747779408326884,-0.00549692277206078,829,-0.003687382912433665,,,
R2A,0.0,S4_iid,2,2,0.04889238318072028,0.034873193170998615,0.1930379711458059,-0.0024201860982134235,0.004547578545181301,0.01830385191717181,0.135368136530708,-0.007880526308394512,-0.002800723338653946,829,-0.002578306209045993,,,
R2A,0.0,S4_iid,3,2,0.0473684858793781,0.03200298597569997,0.18505879992641477,-0.03007377439727868,0.0025890993584646933,0.017550733717128213,0.13250447974546453,0.02667915190744068,-0.05936515450211984,829,-0.05996108804673402,,,
R2A,0.0,S4_iid,4,2,0.03987075040499047,0.02347823714595183,0.1583284999101832,-0.0022893647656336935,0.00020031734276442726,0.017345721289960835,0.13170330829936902,-0.04041789362047148,0.023537395360221897,829,0.02210736764052398,,,
R2A,0.0,S4_iid,5,2,0.04404638166955102,0.025154924080838786,0.1646056129632843,0.06066784973809131,0.0019133555292148478,0.018180700879961532,0.13484940418608718,0.018307181731717297,0.02916324937486388,829,0.029268887813810977,,,
R2A,0.0,S4_iid,6,2,0.032373406685117866,0.020810537689351007,0.1478464580223383,-0.027601593575370436,-0.001297447752462999,0.01808492170627027,0.13448644941755522,0.010604054120864013,-0.013296171997944157,829,-0.012998025516949221,,,
R2A,0.0,S4_iid,7,2,0.05695264850536715,0.043344496618935774,0.21584276867829433,0.01009561139825867,-0.0065606905830380355,0.018168593297105396,0.13495049447123844,0.05663982248110346,-0.0022526652492860697,829,-0.0029187506624570735,,,
R2A,0.0,S4_iid,8,2,0.057715063095536055,0.040354761735456074,0.20901145959869707,0.02105157161710381,-0.004155494245266391,0.01811020680663715,0.13463831155751915,-0.0297425685848835,-0.026349859314093147,829,-0.026601733806127698,,,
R2A,0.0,S4_iid,9,2,0.041801170693769714,0.02684527897264164,0.16909351508562154,-0.029881602351812142,-0.00790441657162416,0.017751071876888274,0.13346741803985737,0.003085550906915499,-0.05684645515332506,829,-0.058750207741371394,,,
R2A,0.0,S4_iid,10,2,0.04715003529335976,0.03309898331001489,0.1879417706050998,0.07294826798107211,-0.0019905173077363475,0.017826125841519335,0.13352935258089035,0.01466327648196867,0.02150786224637683,829,0.022451957046556982,,,
R2A,0.0,S4_iid,11,2,0.03793197338162126,0.026354998353019545,0.16671482524851702,-0.021664991774565,0.006023371149266058,0.01691193014665979,0.13018529543178678,-0.03247955664373042,0.0033071423369458227,829,0.002037291345644055,,,
R2A,0.0,S4_iid,12,2,0.0441381302843027,0.030974044725688904,0.18144481053665595,0.003977231916700642,0.0009399110262036982,0.01733246417949684,0.13165617194888365,-0.016617752435159613,-0.044012894416079786,829,-0.04274910637575137,,,
R2A,0.0,S4_iid,13,2,0.0522215282029007,0.03030944620735703,0.18175955054742896,-0.0434086746975989,0.005393230380537586,0.019167045062936802,0.1385501064484411,0.031120863090918088,0.05251401737989882,829,0.05261271357314904,,,
R2A,0.0,S4_iid,14,2,0.057455791801339154,0.040953947241390946,0.2103689978416729,0.033134487650965196,-0.004001904005946395,0.01638172195116262,0.12805364964277835,-0.008235363234526822,0.024200298056452,829,0.02464265833703787,,,
R2A,0.0,S4_iid,15,2,0.04302980957356984,0.025925745921127594,0.16666526462663203,-0.0007573694545896437,0.009141854696303376,0.01771556356863501,0.1334134066573646,-0.07622145501566484,0.009831172375551492,829,0.009859049350588133,,,
R2A,0.0,S4_iid,16,2,0.041176166298360774,0.02503693301964883,0.16350048834997127,-0.039989837668419806,-0.008189115954569745,0.01861562620978271,0.13668462909157011,0.027401328906761866,-0.05022134335188037,829,-0.049678041574588064,,,
R2A,0.0,S4_iid,17,2,0.037378976190464694,0.028147055931276633,0.1718843907756721,0.03832212431806864,0.002214269566163436,0.017308843636236297,0.13158171083379305,0.018071305939875538,-0.010620510053605887,829,-0.01062996723848385,,,
R2A,0.0,S4_iid,18,2,0.04431594859911066,0.030218907575361584,0.1793956824329967,0.011954808527759708,0.0016042490957486322,0.018038782179643848,0.1343181141723076,0.01683719647868789,0.13205169344816436,829,0.13165178715869477,,,
R2A,0.0,S4_iid,19,2,0.04288661962735012,0.02822635469050944,0.17339439677674262,-0.017756446732366708,-0.001490432623502182,0.01763265187758806,0.13279636014211105,-0.04237072373145941,-0.02790749250889875,829,-0.02774592134809607,,,
R2A,0.0,S4_iid,20,2,0.046960021350950856,0.027417729591282233,0.17211325688791085,0.019652177698340725,0.0025095862258709013,0.01701094094033543,0.1304501397598351,-0.0046838032991351666,-0.011747630872616977,829,-0.008562993603663175,,,
R2A,0.0,S4_iid,21,2,0.054303088110879666,0.03162104500860404,0.18592974583692087,0.0051978078407122034,0.0015834071810967875,0.017029226457465345,0.13050568430442597,-0.03709312400983618,0.05462789395427444,829,0.056225803038415026,,,
R2A,0.0,S4_iid,22,2,0.04738857828749068,0.03237701955208025,0.1860717520318167,0.03338216883746915,0.0017970552915453457,0.01862541144730146,0.13648677904845705,-0.07478154506202686,0.009883720697086457,829,0.008653172024138305,,,
R2A,0.0,S4_iid,23,2,0.04033883487908078,0.024527576091576846,0.1617244498861523,0.009167577021110821,0.0008490730744900649,0.016469778680424294,0.12833744428462848,-0.010487611238720032,0.0618355398006374,829,0.062245404258138216,,,
R2A,0.0,S4_iid,24,2,0.04504617465567808,0.03209488406488886,0.18472693879344915,0.0130680016381054,0.0034101085425699788,0.017470599823155363,0.1322203791532435,-0.04101554482115422,-0.042536917889435595,829,-0.043047050768833105,,,
R2A,0.0,S4_iid,25,2,0.045044287786356524,0.027351861482380946,0.1714084284525153,0.05379084448475959,0.000490924890666199,0.017272166436409078,0.13142453136175664,0.01590461802318377,-0.03729008593161921,829,-0.037279180275801335,,,
R2A,0.0,S4_iid,26,2,0.042958543079580386,0.03098848171964491,0.18120131937479117,-0.02965306536321736,0.0003137475980012404,0.016920321969403643,0.13007851631595008,0.007421899363640379,0.03437479033741761,829,0.03485761568397355,,,
R2A,0.0,S4_iid,27,2,0.04853491004563216,0.02639362430757144,0.16955607273320836,0.0041507101377605115,-0.009880244248258617,0.01768972574976134,0.1333692055017446,0.012232882411073502,-0.0060688106554773556,829,-0.008559505526461028,,,
R2A,0.0,S4_iid,28,2,0.05285981012165601,0.03572631594864834,0.1962663381090753,-0.009166300359757051,-0.001212736213313695,0.017868137712430468,0.13367725476517517,0.06432399132378934,-0.024111592393394835,829,-0.024264204396797044,,,
R2A,0.0,S4_iid,29,2,0.047199147496519094,0.02942354747798902,0.1779081420351165,-0.014607056112588656,0.00796817127740683,0.01804359701301641,0.13456258308505564,0.02570817463469399,0.01829907460478983,829,0.019424291877920153,,,
R2A,0.0,S4_iid,30,2,0.05242416777327945,0.034700997373182045,0.1935181922711738,0.03766398265834382,0.0017130897090543527,0.017848381285533482,0.1336088169316859,-0.004919343861444958,-0.03674549576597491,829,-0.037432923660658785,,,
R2A,0.0,S4_iid,31,2,0.054993502026137765,0.03238095578954206,0.1881628046523565,-0.01324271271109489,-0.0039719178890625624,0.016704896232229895,0.12930843887367657,-0.021249021136604134,-0.07303278587066098,829,-0.0722736751887966,,,
R2A,0.0,S4_iid,32,2,0.03920669684217681,0.028438685148374054,0.1731353523277335,-0.01182862286192428,-0.004232508477354129,0.019707472246922687,0.1404470945763335,-0.034811737939539074,0.02741917961698294,829,0.02763978588057147,,,
R2A,0.0,S4_iid,33,2,0.04885782804213262,0.02298475622548192,0.1592854154857767,0.015071138530115415,-0.004096428370483519,0.017766053753860093,0.13335229461563303,0.007946641422664562,-0.08639849870550706,829,-0.08818310466225396,,,
R2A,0.0,S4_iid,34,2,0.037839700345608074,0.02793325325520202,0.17136247015448694,0.02576939732248203,0.0016813814212954495,0.016599709128891492,0.12885082914896345,0.011908076451335715,0.005023803884165907,829,0.006615394694412838,,,
R2A,0.0,S4_iid,35,2,0.04030763179670089,0.02055751020614777,0.14893695104709972,0.026240489197944028,0.002325460033348641,0.01704408333850844,0.13057369988966058,0.007324759429896709,-0.017774974064998915,829,-0.015805355030992584,,,
R2A,0.0,S4_iid,36,2,0.04219141312828212,0.020321624582648617,0.14866653935707924,-0.018219001748655428,0.0007375706691443497,0.016343333173259655,0.12784317417739452,0.0005496979954495836,-0.03395315409643038,829,-0.03575645216172437,,,
R2A,0.0,S4_iid,37,2,0.03633101002293534,0.02014561056143643,0.14651127209441278,0.04261698342347449,-0.00557749087542974,0.017328667317187914,0.13175650162953406,-0.01596306763205352,0.05353227380301433,829,0.053793183681591354,,,
R2A,0.0,S4_iid,38,2,0.038523986021000586,0.030706724951853642,0.17941801038580235,-0.011194001967161518,-0.008663807915201398,0.017234694747133846,0.1315665470958532,-0.0281983079126057,0.00019064496630139422,829,-0.0006178981048174084,,,
R2A,0.0,S4_iid,39,2,0.058418143229637794,0.03392820558348803,0.19323789753018558,-0.028039736795062355,-0.0015543541204310076,0.017110059751743855,0.13081466190177443,0.0015610756170179978,-0.02274062553653402,829,-0.019804915498587598,,,
R2A,0.0,S4_iid,40,2,0.05248870843002704,0.03323979667268416,0.1897231171611318,0.07792525292508612,0.003942133585447484,0.017213700249091215,0.13126020214176393,-0.049216836052745516,-0.012795440967087042,829,-0.012947325928793147,,,
R2A,0.0,S4_iid,41,2,0.05033561153657954,0.030504185176487727,0.18176319474868713,0.02755656530971487,-0.0036222006157189705,0.015412408550034205,0.12419955268572717,0.0015807083031852808,-0.0027401432949913447,829,-0.004162456375772647,,,
R2A,0.0,S4_iid,42,2,0.043610215735688365,0.02864929994140266,0.1747888750976902,0.0116134449789773,0.0038514457521225927,0.017214044866499204,0.13125882256397375,0.03205157256725698,0.001394519233597121,829,0.0020528755904206004,,,
R2A,0.0,S4_iid,43,2,0.048065292418750065,0.03437030099468172,0.19152173069910808,-0.062023262757568184,0.006739163391539285,0.017845409399078648,0.13375659132280737,0.003185315242474881,0.008508474140580523,829,0.008544186607438303,,,
R2A,0.0,S4_iid,44,2,0.05206422234725662,0.03675776104807684,0.19866666629483018,0.03762877791174437,-0.0007020336883503623,0.019065196011875733,0.13807856047618441,0.0009512049421604502,0.0418964187824194,829,0.04014238008953098,,,
R2A,0.0,S4_iid,45,2,0.03912630888024405,0.02814378865378145,0.1722633353339407,0.00895990505403548,-0.006047961735139022,0.017412625771536853,0.1320954337313995,-0.0027998881032220606,-0.026007435089801842,829,-0.025544803763679857,,,
R2A,0.0,S4_iid,46,2,0.04084401805339898,0.028544247075836346,0.17381737797637706,0.0006355001837611632,0.0011465351731385187,0.01840508818435886,0.13567019837555375,-0.044462801400421796,-0.015827406692863418,829,-0.016588735562854874,,,
R2A,0.0,S4_iid,47,2,0.05135713387351745,0.03321683368010066,0.18935255181751065,-0.057205334946107245,-0.0012150718864035813,0.01685372533248032,0.12982758463504376,-0.03953559272992212,0.030938064502521748,829,0.030585151401581058,,,
R2A,0.0,S4_iid,48,2,0.034316308867404575,0.01798435491735522,0.13842674586812453,-0.00324004810982944,0.0032475981700458597,0.019142315233454943,0.13839386593100514,-0.048983298330955806,-0.00540344215230299,829,-0.006792396921569234,,,
R2A,0.0,S4_iid,49,2,0.035692121341655815,0.026319129018187247,0.16611157859720294,0.06794237696504993,-0.001721120235851469,0.017286943934900982,0.13149108787201982,0.011895124522055928,-0.026766217293891236,829,-0.0262157123015408,,,
R2A,0.0,S5_iid0,0,0,0.006141163320829657,0.04079353819460433,0.20206744438809887,0.008885259874836045,0.005188360341705809,0.016784459999294368,0.12965870230080875,0.017782911812289793,-0.08913689516477025,829,-0.08870181272834887,,,
R2A,0.0,S5_iid0,1,0,-0.007283781868628302,0.029048997618147013,0.17059323285657252,-0.011522031285381963,-0.0009196600992962203,0.01941729934334759,0.13934900472570955,0.039220712832181565,0.009548570640047264,829,0.008784923528018258,,,
R2A,0.0,S5_iid0,2,0,-0.0035758791290268826,0.024277313623228696,0.15585281689714212,-0.033329619267164254,0.0012650898735337417,0.01774393965629708,0.13321238721937684,0.003112323260370534,0.01732039863088663,829,0.015957534691378422,,,
R2A,0.0,S5_iid0,3,0,-0.006990472361293521,0.02194544525568766,0.14830479412184108,-0.06056064003019141,0.005456157122156683,0.016482570933847588,0.12850035246795727,0.06374816236793895,0.09343571477945288,829,0.09236221654645616,,,
R2A,0.0,S5_iid0,4,0,0.004218319018639993,0.03937086553123844,0.1984657646713444,-0.035851352119960656,-0.00051806184763712,0.017806616391277414,0.13344243994829902,-0.024497582697792532,0.06904673870236613,829,0.06911927888147201,,,
R2A,0.0,S5_iid0,5,0,0.004039841063973576,0.03417176131083197,0.1849001936901477,0.019149415480088583,-0.00469733019395998,0.017376133651822095,0.13190223107579788,0.04668554849906685,0.02889522418902971,829,0.029481551602790357,,,
R2A,0.0,S5_iid0,6,0,-0.0022496758447600788,0.02403169316250415,0.15503791215025647,0.05225624164312332,0.005134406431351899,0.0167528865753518,0.12953473937424703,-0.01083982044429468,-0.0031083724961126625,829,-0.001965512339694557,,,
R2A,0.0,S5_iid0,7,0,0.0058436346096017505,0.03169492355716077,0.1781265606882121,0.01018573838816009,-0.001906406635538266,0.017330610300235187,0.13165957878747453,0.06016710144860829,-0.0020741640957372266,829,-0.0025153189158009844,,,
R2A,0.0,S5_iid0,8,0,-0.01343144563774255,0.022351890778070187,0.15010760976709284,-0.0051298707379836325,0.004646545625959016,0.016795291786057768,0.1296799220091988,-0.017053378348968636,-0.0015766844175131329,829,-0.004380958396008444,,,
R2A,0.0,S5_iid0,9,0,0.00011731568337618946,0.027680642248570884,0.1663750462405359,0.015501652521762858,-0.0010792008611243578,0.016850276876549122,0.12981310238588312,-0.05529810487130267,-0.03001840664066768,829,-0.02884538693022411,,,
R2A,0.0,S5_iid0,10,0,-6.475632854488325e-05,0.027233655633423465,0.1650262398129629,0.0008814846624723656,-0.0013149934790878486,0.017967919773182257,0.13405091935914615,0.006165691781154581,0.07070148002239177,829,0.06955556562889868,,,
R2A,0.0,S5_iid0,11,0,-0.005633685655404332,0.02439325655716094,0.15628497999239993,0.01607866948654407,-0.005024257337488639,0.018758663301848055,0.1370543923544275,0.021735968235021254,0.020658193716138043,829,0.0210585038733102,,,
R2A,0.0,S5_iid0,12,0,-0.006106999844154745,0.03379099433719719,0.18392468508684115,-0.01801786948061539,-0.009556142004968215,0.018726853881646237,0.1371793487798559,-0.048531580708202196,0.024065298330686435,829,0.022722910236858157,,,
R2A,0.0,S5_iid0,13,0,0.00256464277621436,0.034064697871225395,0.18458406015632817,-0.021995830448715628,-0.002599642457108926,0.016567218915419398,0.12873995905049918,-0.0009227186077450138,0.03375009591747293,829,0.032332009098868984,,,
R2A,0.0,S5_iid0,14,0,-0.0008933634548470496,0.02874592028543988,0.1695485723434507,0.0019282433129148653,-0.0006315819016452223,0.019029229211063578,0.13794791809506246,-0.05403693320629167,0.016441000912557208,829,0.015097250783266415,,,
R2A,0.0,S5_iid0,15,0,-0.00715181856430134,0.025527811489477668,0.15993423647941785,-0.025211839770021637,-0.00019324172074434775,0.017140093933495325,0.13092032415121024,0.014456413399476387,0.00820974859158257,829,0.006550242212622724,,,
R2A,0.0,S5_iid0,16,0,-0.0018784278507846097,0.02689474780935842,0.1640069397938667,0.08580325486986012,0.002507439235941496,0.01695586353500267,0.1302388221173879,0.03983577806635263,0.015897279457428005,829,0.017405720303245584,,,
R2A,0.0,S5_iid0,17,0,-0.007988501105618247,0.02341319439496283,0.15322209548520505,0.009812572289037334,-0.0044601123296578475,0.017495399607597568,0.13234535205133097,-0.011524922234403386,-0.051913390985815586,829,-0.05135833557370976,,,
R2A,0.0,S5_iid0,18,0,0.0015404483443239667,0.025325157281898967,0.15914625431658924,0.00419334911087923,-0.0005428941145293876,0.0187568434349798,0.13695670180388908,0.020287681923536926,-0.003332365931282714,829,-0.004919648248966636,,,
R2A,0.0,S5_iid0,19,0,-0.0038432826073613057,0.021883075329285576,0.14797920850743063,-0.013678931147142224,-0.008573430069172109,0.02008548067279589,0.14198233825355489,0.028934819611757007,-0.0900873481897537,829,-0.08962209650006346,,,
R2A,0.0,S5_iid0,20,0,-0.008983485420800059,0.020814551716554698,0.14455191014601096,0.055137849969194616,0.0015633473133307668,0.01836987835186988,0.13554454030573115,0.04059734625173027,-0.057310924993549714,829,-0.06003417089282416,,,
R2A,0.0,S5_iid0,21,0,6.856518604259011e-05,0.02951527963780472,0.17180012904241213,0.005862520519537162,-0.002806326355714353,0.01826640456516158,0.13518239542476068,0.0027365836301944677,0.03981472628116303,829,0.040320423030293484,,,
R2A,0.0,S5_iid0,22,0,-0.0020591144393954843,0.03075402361846105,0.17538033974974385,-0.026017663437352147,0.00014726223219644398,0.017485761626153173,0.1322338206069771,-0.02196826794784795,0.02348685515171027,829,0.025903916917174412,,,
R2A,0.0,S5_iid0,23,0,0.001504622106907993,0.029012874264978263,0.17033830500701494,0.01780054790851041,0.0018164776201269406,0.01758912391761757,0.13263643356394197,-0.011049300850820247,-0.015149520725996006,829,-0.01641415207375152,,,
R2A,0.0,S5_iid0,24,0,0.004875630496802664,0.03446713255190805,0.18571726986106973,-0.0003235534594292727,-0.013215476891764121,0.01787670351914187,0.1343553212515925,0.021339254707969067,-0.03248377815907603,829,-0.03221863784402062,,,
R2A,0.0,S5_iid0,25,0,-0.0007581058764423082,0.039322491264550986,0.198300443744009,0.010450158738687744,0.00022664430495888886,0.01856513235661614,0.13625411452230393,0.01983599490275268,-0.009682916970978143,829,-0.010350811400319194,,,
R2A,0.0,S5_iid0,26,0,-0.000425038329039155,0.03192430261010017,0.17867423783993405,-0.018247648461719168,0.0015065506801471853,0.017320105190887582,0.13161449344900977,-0.0005247601090530216,-0.06138442928104658,829,-0.060808246104714345,,,
R2A,0.0,S5_iid0,27,0,0.0031457490853573303,0.033711582962915466,0.18363408915618987,0.0009366758276813912,0.001806789660069579,0.017922784877140177,0.13388819726180465,-0.02494530971178609,0.0034757102213221814,829,0.005240407410406382,,,
R2A,0.0,S5_iid0,28,0,-0.00184920283616669,0.02553286446220481,0.15980076349421518,-0.01620561159304985,-0.004881541148502454,0.01692846818772597,0.13020098936532892,0.0051107700168233836,0.03068584713354966,829,0.03006181658771286,,,
R2A,0.0,S5_iid0,29,0,0.0030563331003665966,0.03904571373705709,0.19762351810722703,-0.04192579998908248,0.0019675322334010256,0.017766128372103476,0.133304161807473,-0.03801762287191079,0.01628925068749693,829,0.01525322290186716,,,
R2A,0.0,S5_iid0,30,0,0.006699539861609194,0.035934598248892946,0.1896825824456485,-0.0013950150635011734,-0.008541461816081468,0.01805579266496272,0.1346430437672823,-0.020522975735049572,-0.025643339010326897,829,-0.025788120269835,,,
R2A,0.0,S5_iid0,31,0,-0.003946138245514966,0.024239601724530938,0.15574072598900923,-0.010099907835131388,0.0022294863099231927,0.017597500911126725,0.13267430617995654,0.0019139649071869237,-0.022909011933189134,829,-0.025386524359892935,,,
R2A,0.0,S5_iid0,32,0,0.002236531969978404,0.04102443512797272,0.20255724426251817,-0.04169341652168514,0.003782495685693497,0.01717834985585472,0.1311207730661584,-0.040983879093628224,0.020865477952476962,829,0.02104766815186728,,,
R2A,0.0,S5_iid0,33,0,-0.004757349486099074,0.027608065683673272,0.16622484187932365,-0.029211590765348187,0.009464939921902251,0.017419063671651778,0.1323202507531519,0.02538887551180297,0.059629610298156215,829,0.0583690234991731,,,
R2A,0.0,S5_iid0,34,0,0.0015934842460347148,0.03592217470403664,0.18953815947212055,0.0065846196149350064,0.001816815985315271,0.01762732162253867,0.13278035412990571,-0.023336834747377137,-0.04299283614286815,829,-0.041241574591431955,,,
R2A,0.0,S5_iid0,35,0,-0.0008234153473504946,0.03226152388564174,0.1796168196424711,-0.010822477504427656,0.001473817230173714,0.018025870513655548,0.1342685467668564,0.0061852712938303125,0.04960749323108671,829,0.049408909304564604,,,
R2A,0.0,S5_iid0,36,0,-0.006753423622339201,0.024325173494377243,0.15611144168509883,0.046763952474753664,-0.0010279397396703695,0.016867282248102463,0.12987816948283054,-0.04106045734357453,0.015351983769019324,829,0.01335709151423764,,,
R2A,0.0,S5_iid0,37,0,-0.005551816583876623,0.026349109588136764,0.16241900213804347,-0.01483026321877718,-0.0008819618841808336,0.018475411941529924,0.1359271488639965,-0.009577946803550718,-0.015303066821429304,829,-0.0171545199379547,,,
R2A,0.0,S5_iid0,38,0,0.004440256108751951,0.038548485385382275,0.19638788470700932,-0.06134933114836696,-0.0073994235588371576,0.01787925247945926,0.13391790003006443,0.008664084809166896,0.05044404607986278,829,0.049704919606378545,,,
R2A,0.0,S5_iid0,39,0,-0.0023167340951650325,0.030251277519826,0.17394437265026338,-0.05012388979226687,0.002589228903735444,0.018087411380745592,0.13451436907283001,0.02743150417826802,0.00048574850739667967,829,0.0010063208263106297,,,
R2A,0.0,S5_iid0,40,0,-0.0017499887467646953,0.022357750802469503,0.14953532446577064,-0.005732819254768365,-0.0050075543233931335,0.019212364974198107,0.1386991008424346,-0.04593488614007611,-0.0266703053753479,829,-0.025991468001931375,,,
R2A,0.0,S5_iid0,41,0,0.0016080324659179172,0.031114547983238778,0.17640049249265216,0.029144224320375924,0.0005204949820579728,0.01620744150394572,0.12730951425157536,-0.029048291600121994,0.009816923106478605,829,0.010002257449969873,,,
R2A,0.0,S5_iid0,42,0,-0.00398148114528434,0.028050842499821708,0.16753117528368255,-0.043523640450278706,-0.0035190703295070788,0.017096166575119958,0.13079965761080561,-0.0026861570367596,0.007347269508299714,829,0.00707981794345635,,,
R2A,0.0,S5_iid0,43,0,0.0010495591830607764,0.03298902549046759,0.1816318448536664,0.042701905961301086,-0.007853555093159787,0.018565202647232177,0.1364803318241624,0.04612057239440325,-0.029370269378783037,829,-0.03047815206036132,,,
R2A,0.0,S5_iid0,44,0,-0.005893894791622387,0.022368811809964213,0.14967815406992074,-0.021777020146579364,-0.006379070900948346,0.016091852186987193,0.12701395487325998,0.002399336569925487,0.021324973964789107,829,0.0208806800534401,,,
R2A,0.0,S5_iid0,45,0,-0.006603644409919582,0.020605266611288746,0.14369716326629906,-0.03849478930841841,-0.001735947823855553,0.018481812682239446,0.13595891363601945,0.022438872281452478,-0.04475801720803223,829,-0.04299545730824023,,,
R2A,0.0,S5_iid0,46,0,0.0018231159447683705,0.028667464718013038,0.1693245064063708,-0.03214595818895338,0.007125287897203082,0.017379907526603535,0.13202529020692044,0.009319714683689263,0.03187050189228535,829,0.03174751025418543,,,
R2A,0.0,S5_iid0,47,0,-0.006672307722095825,0.02312548181774798,0.15221695538962246,0.033398967337535515,0.007859038216660688,0.01796074768655486,0.13424795033163742,-0.02064744162721448,0.0011808480873361554,829,0.0032685566681626903,,,
R2A,0.0,S5_iid0,48,0,0.0067302687544577465,0.03167884205888774,0.17811271312400745,-0.022067143117599084,0.0097779382458378,0.01830986147821407,0.13566675921003452,-0.00623670743277781,-0.03930295816942609,829,-0.03873417994522547,,,
R2A,0.0,S5_iid0,49,0,-0.0065179925861325715,0.028937014114451792,0.1702336580756129,0.018523469476852652,-0.0011939391202173643,0.016951419761663606,0.13020309232996885,0.002259918314128553,0.02061348778228963,829,0.020209873035518414,,,
R2A,0.0,S5_iid0,0,1,-0.015894209702497716,0.015896076239279154,0.12707754381221778,0.008522405454884252,0.0059162706314236915,0.017612316226286555,0.13284321015569747,0.028237536612697355,-0.053064488396022166,829,-0.05140524449908456,,,
R2A,0.0,S5_iid0,1,1,0.0016065638820368484,0.039279668666668176,0.1981975017859086,-0.007894239917758214,-0.003720228677898706,0.019444820994791116,0.1394943048880741,-0.0006192212354166596,-0.056463570832087535,829,-0.05611116135899171,,,
R2A,0.0,S5_iid0,2,1,0.002826499274272606,0.027887865924962486,0.16702052276025825,0.029069264304307424,-0.006416021049370032,0.01766985890638357,0.13308277211002756,-0.015999304905322347,-0.0051855835533295425,829,-0.004011158355543169,,,
R2A,0.0,S5_iid0,3,1,0.002651975747984066,0.03180550795605381,0.1783607045607908,-0.019389213741176258,-0.00037228735185046473,0.01812934841291728,0.13464578348685718,-0.012121365447938737,-0.042814568834885776,829,-0.04269601529282114,,,
R2A,0.0,S5_iid0,4,1,-0.0010915010737757747,0.0256904475099658,0.16028611569490306,0.018736520297435937,0.0060051484194912266,0.017940704000537707,0.13407746196910883,0.017720304672889972,-0.029139188614894347,829,-0.028809517515350287,,,
R2A,0.0,S5_iid0,5,1,0.00402054435016011,0.027212046101415244,0.1650097296473358,0.028121715416215647,-0.003668479980904929,0.016933865481109065,0.13018188517024698,-0.017342571337103752,-0.014236705893999297,829,-0.014415891596388005,,,
R2A,0.0,S5_iid0,6,1,-0.0030729136564370887,0.03052598726864259,0.17474389851145736,0.010196729054466993,0.001444832488964216,0.018071853789564076,0.13443935930554432,-0.009431862785543147,-0.01519791592698977,829,-0.014807725591332487,,,
R2A,0.0,S5_iid0,7,1,-0.007709427626751128,0.026856286136476292,0.16406011523465538,-0.0031405068511619052,0.0038284595616650554,0.017344203709312625,0.13175302961195212,0.0032797683515696126,-0.021895151669194552,829,-0.020474026316063224,,,
R2A,0.0,S5_iid0,8,1,0.004367634096524424,0.03647711703890399,0.1910397688087617,-0.03346078346091027,-0.005891620065924118,0.019407855209496158,0.13943660350315967,0.0302433306236378,0.045202365114376974,829,0.043564765982291455,,,
R2A,0.0,S5_iid0,9,1,-0.00732947493574258,0.016995778914832293,0.13057373440958933,-0.025896978073361016,0.002603498181801651,0.017684820646548357,0.13300976975143972,-0.0018166173674927083,-0.02913595967140818,829,-0.031922759559683565,,,
R2A,0.0,S5_iid0,10,1,0.007277770423928431,0.035589192989867284,0.18879131053152498,0.05083827437104693,-0.0011577649466684508,0.016563269182853817,0.12870357260979803,-0.0017133808639744287,-0.05287346169845376,829,-0.05246263502123311,,,
R2A,0.0,S5_iid0,11,1,-0.005949944688468742,0.022201761356545707,0.1491213036368095,-0.01351795695188891,0.0014137453106477045,0.016358051297224153,0.12790641099267672,-0.025790796651379035,-0.022068331272427532,829,-0.020432203684549993,,,
R2A,0.0,S5_iid0,12,1,-0.003574632966473194,0.025853354381721472,0.16082951340648416,0.05180653655951621,0.0003648457380192534,0.017936990359170967,0.1339295466713134,0.026335760089544854,0.009551500127070376,829,0.01067688096135863,,,
R2A,0.0,S5_iid0,13,1,-0.003708506060048788,0.025665863165404815,0.1602486074279656,0.08728543362468205,-0.007944512246645411,0.016869811470870126,0.1301265797049443,-0.03325000754051804,-0.02817126185953734,829,-0.02850659652871831,,,
R2A,0.0,S5_iid0,14,1,0.005101527332627061,0.02901624510359997,0.17041792946965856,0.05666297208969013,-0.003065062121350453,0.01698540700478587,0.13036411166649203,-0.00012623519623886057,-0.02163325290386288,829,-0.021378116731862653,,,
R2A,0.0,S5_iid0,15,1,-0.0005751950926767249,0.02509798369675057,0.15842447584305025,-0.06962571745257237,-0.003140776732755692,0.016722053762964737,0.12935191626508574,0.03102908823185959,0.04680251816055998,829,0.043876768505842094,,,
R2A,0.0,S5_iid0,16,1,-0.003011928485620308,0.026472487980640853,0.16273155715423898,0.014513595570788565,-0.0023273782762293312,0.01676807130838516,0.1295125013194704,0.016444403153778174,0.029892715104615133,829,0.03016565040500028,,,
R2A,0.0,S5_iid0,17,1,-0.0007937085342678449,0.0334531690370898,0.18290379714573224,-0.01954994234035889,-0.00131982844281928,0.01808565502889449,0.1344893935446694,-0.01698031550771405,-0.02210405460642513,829,-0.02245637786006986,,,
R2A,0.0,S5_iid0,18,1,-0.0013367202364895682,0.034452157267353255,0.18561773645948787,0.036903352280510976,-0.00498173607808722,0.015674607327060157,0.12529734642605914,-0.01587068406825397,0.010053812371044924,829,0.008347817458914112,,,
R2A,0.0,S5_iid0,19,1,-0.01506525653763527,0.012916286457791455,0.11464400731105058,0.02473034361329027,-0.010462997821038983,0.015914129117746388,0.12658437281572105,0.04224359134532213,-0.001084894327093361,829,-0.00015252435451673936,,,
R2A,0.0,S5_iid0,20,1,-0.008068902916127054,0.018561292094171917,0.13647856713946624,-0.002527405301868366,0.01206743977473687,0.01746364436022313,0.13269991508264062,0.026020908813829548,0.010473762201929032,829,0.011483978099454733,,,
R2A,0.0,S5_iid0,21,1,-0.006600819536462395,0.03256522058424774,0.18057904474993958,0.016116104700352425,0.006256592088828843,0.018021386768756916,0.13438947768825843,-0.023104502067440556,-0.01270869338121463,829,-0.011269100012539742,,,
R2A,0.0,S5_iid0,22,1,0.0089263264480571,0.035585797997614854,0.18885305743215314,0.050345631587443186,0.001788360084538681,0.016788808314880006,0.12958397488374856,-0.033331416530505434,0.020994668010865185,829,0.02079335912007685,,,
R2A,0.0,S5_iid0,23,1,-0.013120398450458344,0.023803526825934875,0.15484079462930195,-0.0019675963199094525,-0.007451961017242953,0.01728868750442062,0.13169745338245203,0.012564747071835134,-0.030729475675548956,829,-0.02946325905804574,,,
R2A,0.0,S5_iid0,24,1,0.004501215240923293,0.03595380899889003,0.18966831558680314,-0.015263496174994166,0.010206218382771966,0.01750954185220874,0.1327166483372963,0.009283278961662682,0.059817546607881016,829,0.06070398587512579,,,
R2A,0.0,S5_iid0,25,1,0.005627690087752334,0.03453235673767349,0.18591403291144346,0.005923828490339313,0.010125373985211478,0.018353296550109754,0.13585219817305183,-0.00863176554786482,0.026449673010970287,829,0.02650654631039361,,,
R2A,0.0,S5_iid0,26,1,-0.0003944974580510195,0.02982881961465901,0.17271066916349845,0.059705995086419335,-0.0015612495880586081,0.018187951735214328,0.13487175106556057,0.026991181880741733,-0.024294062769633754,829,-0.025178479887830583,,,
R2A,0.0,S5_iid0,27,1,0.00273912049297329,0.028894090927166896,0.17000468731256183,-0.01537070037320039,0.0036289122919816717,0.01646703957436373,0.12837526466880847,0.07341493905562249,0.04650679789088283,829,0.04417004769749115,,,
R2A,0.0,S5_iid0,28,1,0.008251272723792991,0.0346448610607435,0.18631410188792982,0.049415572831665096,0.003808547045055632,0.01755472414064971,0.13254896895579427,0.016448302642896418,-0.02042050967861362,829,-0.01679464452632302,,,
R2A,0.0,S5_iid0,29,1,0.014618815425784196,0.043118516931443564,0.20816394187249795,-0.01069813517201768,0.002735146679565346,0.016798336951011537,0.12963725536422882,0.007727317700212835,0.050630126630446276,829,0.05013167848613367,,,
R2A,0.0,S5_iid0,30,1,0.011463696624457944,0.03518869000125963,0.18793644229248682,0.012231134678848506,0.0022849107108401288,0.018413851581335683,0.13571688324704556,-0.02753905344982465,-0.005850579037672805,829,-0.0054653386909755495,,,
R2A,0.0,S5_iid0,31,1,-0.010012112913451129,0.02727669836488124,0.16545978595983055,0.015212343411482318,0.0023350861757111337,0.0187374126781179,0.1369045846769417,-0.02876963791016664,0.01676719339245429,829,0.015218750995881474,,,
R2A,0.0,S5_iid0,32,1,0.012499841589063745,0.04181296485542401,0.20486388382332232,0.04514459999314672,-0.006129033046426853,0.01742594289712486,0.13214956656459018,-0.048650170704724646,-0.04204049482714097,829,-0.04012718777096938,,,
R2A,0.0,S5_iid0,33,1,0.0016362890848891074,0.03106046837215433,0.17624739945350587,-0.002693549388802494,-0.009328186268539866,0.018858434556880268,0.13764247024788842,-0.001373101785591522,0.024417429546422127,829,0.02301378818706554,,,
R2A,0.0,S5_iid0,34,1,-0.0013143808836089134,0.025947370744699237,0.16108723829591973,-0.0036595593252066135,-0.0008336218709365601,0.016343809187592536,0.1278456261004507,-0.04477474987448622,-0.03642178123557948,829,-0.038082722902047186,,,
R2A,0.0,S5_iid0,35,1,0.00026538895056923105,0.03830829987421829,0.19572524187113263,0.013610677625514928,-0.006799002940484338,0.017783749936371294,0.13352893460728282,-0.041099788527738754,0.014112965495243601,829,0.014382687696714658,,,
R2A,0.0,S5_iid0,36,1,0.004354160806169126,0.031136709279779566,0.17650968244293436,0.001968720560943826,0.006868494033586638,0.01845345947665943,0.13601704189897987,-0.016282670830811925,0.010927413171118614,829,0.011676987067144642,,,
R2A,0.0,S5_iid0,37,1,0.002250780516579972,0.03197906237155668,0.17884107018381012,0.010216244445621914,0.002250975212253173,0.01687127215663074,0.1299089644560256,-0.0018289477978418605,-0.03282989134705594,829,-0.03208882483752107,,,
R2A,0.0,S5_iid0,38,1,0.007303039029181612,0.03612078389654159,0.1901949480811815,0.018610626326419445,-0.0027777097976770617,0.016927739815225475,0.13013629580922298,0.03538497104291196,-0.0087564648432553,829,-0.009834514235861224,,,
R2A,0.0,S5_iid0,39,1,0.006725468952893637,0.03493239010733025,0.18702305216193696,0.0019249140935156015,-0.0020694490172500856,0.016670615867119324,0.12913132263844557,-0.03157071863559968,-0.025608857755740108,829,-0.024980401177239653,,,
R2A,0.0,S5_iid0,40,1,-0.012834085464063902,0.019919815707576255,0.1417198978876119,-0.012785570856693067,0.0028477520551412555,0.0178898353456991,0.13378320162661178,0.037268048200002964,-0.0641376702331972,829,-0.06350809815121339,,,
R2A,0.0,S5_iid0,41,1,-0.007302016690580835,0.02359301803891065,0.15377365667324222,0.00573532482749857,0.001138130264492359,0.016974500611757263,0.13029119675655843,0.032275557291008755,-0.02477509762034091,829,-0.021502372541891517,,,
R2A,0.0,S5_iid0,42,1,0.01092761942583654,0.035548917232708935,0.18886061023682216,-0.032113407211384185,-0.00037988896607083476,0.016319508333417936,0.12774839587659986,-0.017317534540629953,-0.030616673428016508,829,-0.031119342011708233,,,
R2A,0.0,S5_iid0,43,1,-0.009760074385615913,0.026855081426967107,0.16416558859572203,0.037190303042705375,-0.0029463691278780483,0.017080536705939703,0.13072573502175236,0.01610738280262531,-0.04574386270221457,829,-0.04574235058107795,,,
R2A,0.0,S5_iid0,44,1,0.004675481415418443,0.03543131492176893,0.188290135291881,0.02264850655285315,-0.005676482999818032,0.01728201807998759,0.13158358765148037,-0.012775939380624157,-0.03782610880845733,829,-0.03864123561448341,,,
R2A,0.0,S5_iid0,45,1,0.005056596934328982,0.04088409186985026,0.20226136814133963,0.02570160180369111,0.0023459471656126015,0.017759196821195564,0.13328428372955084,0.014833044760000752,0.014900617481689016,829,0.013230165180040084,,,
R2A,0.0,S5_iid0,46,1,0.011500037892885145,0.036182044396417624,0.19056310048893363,-0.027857224676015382,0.012040125027166533,0.018122979103445583,0.13515895721007684,-0.04309079290227079,-0.01700043618094006,829,-0.016832896846658275,,,
R2A,0.0,S5_iid0,47,1,0.007179544983931212,0.034249186555575656,0.18520456911683345,0.018061133939893694,0.006357288392813639,0.016727532567834852,0.12949111044216222,-0.03432952821191966,0.03051833419094748,829,0.03102149994764982,,,
R2A,0.0,S5_iid0,48,1,-0.0029125641739022197,0.03378913228347805,0.18384127750193957,-0.014939177173158385,-0.001831365300686021,0.018190171218811856,0.1348833759870964,0.03783889954936068,-0.030853443054252624,829,-0.03237058335207256,,,
R2A,0.0,S5_iid0,49,1,-0.006865753037665719,0.023568626255341448,0.1536742165104988,-0.009392155976208235,-0.008531578419979294,0.017712696438334778,0.13336222954296706,-0.036374114468194954,-0.01059119767875683,829,-0.011836682309644318,,,
R2A,0.0,S5_iid0,0,2,-0.0030672808390683217,0.03534196082765486,0.18801959748760388,0.02514057379081342,0.0033501590535407475,0.017676520849701446,0.13299527967332325,0.021717349649250265,0.03329246720898514,829,0.03359207180353287,,,
R2A,0.0,S5_iid0,1,2,-0.0021381989563073757,0.030456983574854185,0.1745323908895737,0.07603454409917582,0.0010653311072730493,0.01789275034778429,0.13376802786223776,-0.011747779408326884,-0.005496922772060776,829,-0.0036873829124336685,,,
R2A,0.0,S5_iid0,2,2,0.002381154983278707,0.034873193170998615,0.18675883665854476,-0.002420186098213435,0.004547578545181301,0.01830385191717181,0.135368136530708,-0.007880526308394512,-0.002800723338653935,829,-0.0025783062090459904,,,
R2A,0.0,S5_iid0,3,2,0.0008572576819365303,0.03200298597569997,0.17889583803552617,-0.030073774397278662,0.0025890993584646933,0.017550733717128213,0.13250447974546453,0.02667915190744068,-0.05936515450211984,829,-0.05996108804673402,,,
R2A,0.0,S5_iid0,4,2,-0.006640477792451102,0.02347823714595183,0.15336992238135827,-0.002289364765633679,0.00020031734276442726,0.017345721289960835,0.13170330829936902,-0.04041789362047148,0.023537395360221904,829,0.02210736764052397,,,
R2A,0.0,S5_iid0,5,2,-0.0024648465278905496,0.025154924080838786,0.15862219122570728,0.06066784973809131,0.0019133555292148478,0.018180700879961532,0.13484940418608718,0.018307181731717297,0.02916324937486389,829,0.029268887813810977,,,
R2A,0.0,S5_iid0,6,2,-0.014137821512323704,0.020810537689351007,0.1449497005394124,-0.02760159357537043,-0.001297447752462999,0.01808492170627027,0.13448644941755522,0.010604054120864013,-0.013296171997944138,829,-0.01299802551694922,,,
R2A,0.0,S5_iid0,7,2,0.010441420307925572,0.043344496618935774,0.20845507879872474,0.010095611398258682,-0.0065606905830380355,0.018168593297105396,0.13495049447123844,0.05663982248110346,-0.00225266524928606,829,-0.0029187506624570782,,,
R2A,0.0,S5_iid0,8,2,0.011203834898094484,0.040354761735456074,0.2011971362914488,0.021051571617103828,-0.004155494245266391,0.01811020680663715,0.13463831155751915,-0.0297425685848835,-0.026349859314093123,829,-0.026601733806127695,,,
R2A,0.0,S5_iid0,9,2,-0.004710057503671858,0.026845278972641645,0.16391297573508187,-0.02988160235181211,-0.00790441657162416,0.017751071876888274,0.13346741803985737,0.003085550906915499,-0.05684645515332505,829,-0.058750207741371394,,,
R2A,0.0,S5_iid0,10,2,0.000638807095918198,0.03309898331001489,0.18193238135230538,0.07294826798107211,-0.0019905173077363475,0.017826125841519335,0.13352935258089035,0.01466327648196867,0.021507862246376828,829,0.022451957046556982,,,
R2A,0.0,S5_iid0,11,2,-0.008579254815820314,0.026354998353019545,0.16256876073284904,-0.021664991774565007,0.006023371149266058,0.01691193014665979,0.13018529543178678,-0.03247955664373042,0.0033071423369458344,829,0.0020372913456440604,,,
R2A,0.0,S5_iid0,12,2,-0.0023730979131388746,0.030974044725688904,0.17601044377932307,0.0039772319167006185,0.0009399110262036982,0.01733246417949684,0.13165617194888365,-0.016617752435159613,-0.044012894416079786,829,-0.042749106375751356,,,
R2A,0.0,S5_iid0,13,2,0.0057103000054591355,0.03030944620735703,0.17418970616402502,-0.04340867469759891,0.005393230380537586,0.019167045062936802,0.1385501064484411,0.031120863090918088,0.0525140173798988,829,0.05261271357314904,,,
R2A,0.0,S5_iid0,14,2,0.010944563603897587,0.040953947241390946,0.20266655055502056,0.033134487650965196,-0.004001904005946395,0.01638172195116262,0.12805364964277835,-0.008235363234526822,0.024200298056451998,829,0.02464265833703788,,,
R2A,0.0,S5_iid0,15,2,-0.00348141862387173,0.025925745921127594,0.16105237097528938,-0.0007573694545896489,0.009141854696303376,0.01771556356863501,0.1334134066573646,-0.07622145501566484,0.009831172375551497,829,0.00985904935058814,,,
R2A,0.0,S5_iid0,16,2,-0.005335061899080801,0.02503693301964883,0.15832054795608766,-0.039989837668419806,-0.008189115954569745,0.01861562620978271,0.13668462909157011,0.027401328906761866,-0.05022134335188037,829,-0.049678041574588064,,,
R2A,0.0,S5_iid0,17,2,-0.009132252006976878,0.028147055931276633,0.1680192071103645,0.03832212431806865,0.002214269566163436,0.017308843636236297,0.13158171083379305,0.018071305939875538,-0.010620510053605876,829,-0.010629967238483865,,,
R2A,0.0,S5_iid0,18,2,-0.002195279598330913,0.030218907575361584,0.17384972484268255,0.011954808527759741,0.0016042490957486322,0.018038782179643848,0.1343181141723076,0.01683719647868789,0.13205169344816436,829,0.13165178715869474,,,
R2A,0.0,S5_iid0,19,2,-0.003624608570091457,0.02822635469050944,0.16804610223922428,-0.017756446732366704,-0.001490432623502182,0.01763265187758806,0.13279636014211105,-0.04237072373145941,-0.027907492508898738,829,-0.02774592134809607,,,
R2A,0.0,S5_iid0,20,2,0.0004487931535092891,0.027417729591282233,0.16558360730029067,0.019652177698340736,0.0025095862258709013,0.01701094094033543,0.1304501397598351,-0.0046838032991351666,-0.011747630872616944,829,-0.008562993603663173,,,
R2A,0.0,S5_iid0,21,2,0.007791859913438094,0.031621045008604035,0.17799370238723244,0.0051978078407121965,0.0015834071810967875,0.017029226457465345,0.13050568430442597,-0.03709312400983618,0.054627893954274406,829,0.056225803038415026,,,
R2A,0.0,S5_iid0,22,2,0.0008773500900491124,0.03237701955208025,0.17993829302085967,0.03338216883746913,0.0017970552915453457,0.01862541144730146,0.13648677904845705,-0.07478154506202686,0.009883720697086458,829,0.008653172024138305,,,
R2A,0.0,S5_iid0,23,2,-0.006172393318360789,0.024527576091576846,0.1567344076163667,0.009167577021110833,0.0008490730744900649,0.016469778680424294,0.12833744428462848,-0.010487611238720032,0.061835539800637426,829,0.062245404258138216,,,
R2A,0.0,S5_iid0,24,2,-0.0014650535417634872,0.03209488406488886,0.17915644126508287,0.013068001638105406,0.0034101085425699788,0.017470599823155363,0.1322203791532435,-0.04101554482115422,-0.042536917889435595,829,-0.043047050768833105,,,
R2A,0.0,S5_iid0,25,2,-0.0014669404110850474,0.027351861482380946,0.16539048762413944,0.053790844484759584,0.000490924890666199,0.017272166436409078,0.13142453136175664,0.01590461802318377,-0.03729008593161923,829,-0.037279180275801335,,,
R2A,0.0,S5_iid0,26,2,-0.00355268511786119,0.030988481719644908,0.17607130172515786,-0.029653065363217386,0.0003137475980012404,0.016920321969403643,0.13007851631595008,0.007421899363640379,0.034374790337417596,829,0.03485761568397356,,,
R2A,0.0,S5_iid0,27,2,0.002023681848190583,0.026393624307571435,0.1624737504823291,0.004150710137760509,-0.009880244248258617,0.01768972574976134,0.1333692055017446,0.012232882411073502,-0.006068810655477343,829,-0.008559505526461035,,,
R2A,0.0,S5_iid0,28,2,0.0063485819242144435,0.035726315948648335,0.18912065048824467,-0.009166300359757067,-0.001212736213313695,0.017868137712430468,0.13367725476517517,0.06432399132378934,-0.024111592393394818,829,-0.02426420439679703,,,
R2A,0.0,S5_iid0,29,2,0.0006879192990775254,0.02942354747798902,0.171534313508846,-0.01460705611258867,0.00796817127740683,0.01804359701301641,0.13456258308505564,0.02570817463469399,0.018299074604789835,829,0.019424291877920163,,,
R2A,0.0,S5_iid0,30,2,0.0059129395758378825,0.034700997373182045,0.18637585741616203,0.03766398265834382,0.0017130897090543527,0.017848381285533482,0.1336088169316859,-0.004919343861444958,-0.0367454957659749,829,-0.037432923660658785,,,
R2A,0.0,S5_iid0,31,2,0.008482273828696188,0.03238095578954205,0.18014689772196202,-0.01324271271109491,-0.0039719178890625624,0.016704896232229895,0.12930843887367657,-0.021249021136604134,-0.07303278587066096,829,-0.0722736751887966,,,
R2A,0.0,S5_iid0,32,2,-0.007304531355264766,0.028438685148374054,0.16879585695950627,-0.011828622861924295,-0.004232508477354129,0.019707472246922687,0.1404470945763335,-0.034811737939539074,0.02741917961698293,829,0.027639785880571466,,,
R2A,0.0,S5_iid0,33,2,0.0023465998446910528,0.02298475622548192,0.1516254027408106,0.015071138530115403,-0.004096428370483519,0.017766053753860093,0.13335229461563303,0.007946641422664562,-0.08639849870550702,829,-0.08818310466225396,,,
R2A,0.0,S5_iid0,34,2,-0.008671527851833507,0.027933253255202024,0.16735724857467973,0.025769397322482027,0.0016813814212954495,0.016599709128891492,0.12885082914896345,0.011908076451335715,0.005023803884165895,829,0.006615394694412844,,,
R2A,0.0,S5_iid0,35,2,-0.00620359640074068,0.02055751020614777,0.1435130475408109,0.026240489197944063,0.002325460033348641,0.01704408333850844,0.13057369988966058,0.007324759429896709,-0.0177749740649989,829,-0.015805355030992597,,,
R2A,0.0,S5_iid0,36,2,-0.004319815069159446,0.020321624582648617,0.1426193724038931,-0.018219001748655417,0.0007375706691443497,0.016343333173259655,0.12784317417739452,0.0005496979954495836,-0.03395315409643037,829,-0.035756452161724364,,,
R2A,0.0,S5_iid0,37,2,-0.010180218174506225,0.02014561056143643,0.1422998503285122,0.042616983423474475,-0.00557749087542974,0.017328667317187914,0.13175650162953406,-0.01596306763205352,0.05353227380301431,829,0.053793183681591354,,,
R2A,0.0,S5_iid0,38,2,-0.007987242176440985,0.03070672495185364,0.17541528151628852,-0.011194001967161521,-0.008663807915201398,0.017234694747133846,0.1315665470958532,-0.0281983079126057,0.00019064496630138256,829,-0.0006178981048174129,,,
R2A,0.0,S5_iid0,39,2,0.011906915032196227,0.03392820558348803,0.18458055208789462,-0.02803973679506236,-0.0015543541204310076,0.017110059751743855,0.13081466190177443,0.0015610756170179978,-0.022740625536534012,829,-0.019804915498587598,,,
R2A,0.0,S5_iid0,40,2,0.005977480232585463,0.033239796672684147,0.18241580781997785,0.07792525292508615,0.003942133585447484,0.017213700249091215,0.13126020214176393,-0.049216836052745516,-0.012795440967087032,829,-0.012947325928793147,,,
R2A,0.0,S5_iid0,41,2,0.0038243833391379714,0.030504185176487727,0.17469633964228443,0.027556565309714877,-0.0036222006157189705,0.015412408550034205,0.12419955268572717,0.0015807083031852808,-0.002740143294991363,829,-0.00416245637577266,,,
R2A,0.0,S5_iid0,42,2,-0.0029010124617532087,0.028649299941402664,0.16928589963344823,0.011613444978977322,0.0038514457521225927,0.017214044866499204,0.13125882256397375,0.03205157256725698,0.0013945192335971272,829,0.002052875590420598,,,
R2A,0.0,S5_iid0,43,2,0.0015540642213085012,0.03437030099468172,0.18539880288255822,-0.06202326275756819,0.006739163391539285,0.017845409399078648,0.13375659132280737,0.003185315242474881,0.008508474140580546,829,0.008544186607438296,,,
R2A,0.0,S5_iid0,44,2,0.005552994149815038,0.03675776104807684,0.19180353696453234,0.03762877791174438,-0.0007020336883503623,0.019065196011875733,0.13807856047618441,0.0009512049421604502,0.041896418782419405,829,0.04014238008953098,,,
R2A,0.0,S5_iid0,45,2,-0.007384919317197518,0.02814378865378144,0.1679235709693638,0.00895990505403548,-0.006047961735139022,0.017412625771536853,0.1320954337313995,-0.0027998881032220606,-0.02600743508980185,829,-0.02554480376367985,,,
R2A,0.0,S5_iid0,46,2,-0.005667210144042582,0.028544247075836346,0.1690454505352128,0.0006355001837611491,0.0011465351731385187,0.01840508818435886,0.13567019837555375,-0.044462801400421796,-0.015827406692863432,829,-0.01658873556285488,,,
R2A,0.0,S5_iid0,47,2,0.004845905676075877,0.03321683368010066,0.1823192707365902,-0.057205334946107245,-0.0012150718864035813,0.01685372533248032,0.12982758463504376,-0.03953559272992212,0.030938064502521748,829,0.030585151401581058,,,
R2A,0.0,S5_iid0,48,2,-0.012194919330036996,0.01798435491735522,0.13465909169016896,-0.003240048109829462,0.0032475981700458597,0.019142315233454943,0.13839386593100514,-0.048983298330955806,-0.005403442152302976,829,-0.006792396921569234,,,
R2A,0.0,S5_iid0,49,2,-0.01081910685578576,0.026319129018187244,0.16259207265836842,0.06794237696504991,-0.001721120235851469,0.017286943934900982,0.13149108787201982,0.011895124522055928,-0.02676621729389124,829,-0.026215712301540798,,,
R2A,0.0,S6_realdem,0,0,-7.5503938438054e-05,0.03012728402458417,0.17357214559205314,0.9268762604106019,0.005188360341705809,0.016784459999294368,0.12965870230080875,0.017782911812289793,-0.00647639949647656,829,-0.006005773554220105,,,
R2A,0.0,S6_realdem,1,0,0.00010516085296226128,0.030001855210148566,0.17321046812751698,0.926185120368653,-0.0009196600992962203,0.01941729934334759,0.13934900472570955,0.039220712832181565,0.01939830439411544,829,0.018666222076651456,,,
R2A,0.0,S6_realdem,2,0,-5.2915621807864324e-05,0.029744089518637353,0.1724647567438066,0.9256050554545434,0.0012650898735337417,0.01774393965629708,0.13321238721937684,0.003112323260370534,0.07490158762228186,829,0.07344875127478184,,,
R2A,0.0,S6_realdem,3,0,-9.8373572172457e-05,0.029769873710400296,0.17253951254063518,0.9260228310256897,0.005456157122156683,0.016482570933847588,0.12850035246795727,0.06374816236793895,-0.011554629770802807,829,-0.012554981674600658,,,
R2A,0.0,S6_realdem,4,0,7.965296022498679e-05,0.030049220047863145,0.1733471268653081,0.9267082725273896,-0.00051806184763712,0.017806616391277414,0.13344243994829902,-0.024497582697792532,0.029529545703001443,829,0.029634702915309456,,,
R2A,0.0,S6_realdem,5,0,-9.806740122428449e-05,0.02999505349120171,0.17319082859209634,0.9260092861798498,-0.00469733019395998,0.017376133651822095,0.13190223107579788,0.04668554849906685,-0.02737265307076222,829,-0.02677519738591957,,,
R2A,0.0,S6_realdem,6,0,0.00020802981934170506,0.030028464096688197,0.1732873549140096,0.9247775167495061,0.005134406431351899,0.0167528865753518,0.12953473937424703,-0.01083982044429468,0.006473923927987316,829,0.007511950080738585,,,
R2A,0.0,S6_realdem,7,0,-0.00017651698752278855,0.029755235720050982,0.17249715034834015,0.9250960527106796,-0.001906406635538266,0.017330610300235187,0.13165957878747453,0.06016710144860829,0.007722819982980106,829,0.007249071748692227,,,
R2A,0.0,S6_realdem,8,0,0.00034413342326061497,0.0299338458027501,0.17301434689228262,0.9272620373187175,0.004646545625959016,0.016795291786057768,0.1296799220091988,-0.017053378348968636,-0.057649310739993215,829,-0.060083941143073104,,,
R2A,0.0,S6_realdem,9,0,-0.00014668171285318969,0.029790356485268954,0.17259889339388546,0.9255865148434198,-0.0010792008611243578,0.016850276876549122,0.12981310238588312,-0.05529810487130267,-0.026183853931551513,829,-0.02498441856529437,,,
R2A,0.0,S6_realdem,10,0,8.073206436786253e-06,0.03001294294542964,0.17324243998110367,0.9279466108604785,-0.0013149934790878486,0.017967919773182257,0.13405091935914615,0.006165691781154581,-0.031066970133462747,829,-0.032228307631527287,,,
R2A,0.0,S6_realdem,11,0,-3.427142369301252e-05,0.029957853883391807,0.17308337602994198,0.9259838993027955,-0.005024257337488639,0.018758663301848055,0.1370543923544275,0.021735968235021254,0.052436585245206994,829,0.05286339719717736,,,
R2A,0.0,S6_realdem,12,0,-0.00010710342436180307,0.029937878775874362,0.17302569244773408,0.9242238200847401,-0.009556142004968215,0.018726853881646237,0.1371793487798559,-0.048531580708202196,-0.033389399375720004,829,-0.03481567778532248,,,
R2A,0.0,S6_realdem,13,0,6.29251040033447e-06,0.030077303983788196,0.17342809467725778,0.9233272421484258,-0.002599642457108926,0.016567218915419398,0.12873995905049918,-0.0009227186077450138,-0.04136269776665276,829,-0.04303135079450411,,,
R2A,0.0,S6_realdem,14,0,-0.00030105055586589853,0.02987738851115002,0.17285103165034107,0.9266033077183802,-0.0006315819016452223,0.019029229211063578,0.13794791809506246,-0.05403693320629167,-0.022737821147015284,829,-0.02408814369572457,,,
R2A,0.0,S6_realdem,15,0,0.00014380207958513932,0.030124516967046704,0.17356421764316746,0.9256995349338437,-0.00019324172074434775,0.017140093933495325,0.13092032415121024,0.014456413399476387,0.00013594928539249467,829,-0.0013835520621751462,,,
R2A,0.0,S6_realdem,16,0,0.0002801052731326812,0.0298709267755668,0.17283230379339054,0.9259643334180593,0.002507439235941496,0.01695586353500267,0.1302388221173879,0.03983577806635263,-0.006694466018164841,829,-0.005258464902854095,,,
R2A,0.0,S6_realdem,17,0,-8.028475163881207e-05,0.030076595340971908,0.17342607008928404,0.925927230728172,-0.0044601123296578475,0.017495399607597568,0.13234535205133097,-0.011524922234403386,0.023881967507233325,829,0.024412950784785708,,,
R2A,0.0,S6_realdem,18,0,-5.805061274543067e-05,0.030042631889408807,0.17332811445141394,0.9265855111735745,-0.0005428941145293876,0.0187568434349798,0.13695670180388908,0.020287681923536926,0.018340715711495145,829,0.01691787894135912,,,
R2A,0.0,S6_realdem,19,0,4.933255316630117e-05,0.030085044486512554,0.17345041631605662,0.9268971991007964,-0.008573430069172109,0.02008548067279589,0.14198233825355489,0.028934819611757007,0.02598136091612726,829,0.026516142012912122,,,
R2A,0.0,S6_realdem,20,0,0.00026924175326022094,0.030283232239223412,0.174020989338485,0.929213200477631,0.0015633473133307668,0.01836987835186988,0.13554454030573115,0.04059734625173027,0.0369682479503545,829,0.03496816209220649,,,
R2A,0.0,S6_realdem,21,0,-2.811691382626157e-05,0.02997789942229109,0.17314127241317112,0.926273917568215,-0.002806326355714353,0.01826640456516158,0.13518239542476068,0.0027365836301944677,0.023644425745070797,829,0.024200765694360745,,,
R2A,0.0,S6_realdem,22,0,0.0005891842848582108,0.030220302894695437,0.17384087560990066,0.9249152374106624,0.00014726223219644398,0.017485761626153173,0.1322338206069771,-0.02196826794784795,0.09265565209441626,829,0.09554771945107014,,,
R2A,0.0,S6_realdem,23,0,0.0003841055518969946,0.030098862927645596,0.17349066391227105,0.9263223153744393,0.0018164776201269406,0.01758912391761757,0.13263643356394197,-0.011049300850820247,-0.03930031868168417,829,-0.0406346887569735,,,
R2A,0.0,S6_realdem,24,0,0.00013811737160903572,0.029977017387162158,0.17313877804689073,0.9266026846117194,-0.013215476891764121,0.01787670351914187,0.1343553212515925,0.021339254707969067,0.0577647348018014,829,0.05811814347363462,,,
R2A,0.0,S6_realdem,25,0,0.00010514762371955421,0.029678046158742654,0.17227320515612818,0.9258352745359475,0.00022664430495888886,0.01856513235661614,0.13625411452230393,0.01983599490275268,-0.03373504015156871,829,-0.034366755993155806,,,
R2A,0.0,S6_realdem,26,0,0.0002572938914669652,0.03012344147346121,0.17356125049563279,0.9265650077634701,0.0015065506801471853,0.017320105190887582,0.13161449344900977,-0.0005247601090530216,-0.01174056202634036,829,-0.011121227689389527,,,
R2A,0.0,S6_realdem,27,0,3.5767158198348916e-05,0.030162394525568733,0.1736732443551923,0.9258191323349403,0.001806789660069579,0.017922784877140177,0.13388819726180465,-0.02494530971178609,0.01649458642317404,829,0.018433612587893763,,,
R2A,0.0,S6_realdem,28,0,0.00013343305159163198,0.029777961350981354,0.17256297156505104,0.9262297791052889,-0.004881541148502454,0.01692846818772597,0.13020098936532892,0.0051107700168233836,-0.0145494631956831,829,-0.015094465463245586,,,
R2A,0.0,S6_realdem,29,0,0.00035403124066481613,0.030084077933705676,0.1734479843406231,0.927195579877649,0.0019675322334010256,0.017766128372103476,0.133304161807473,-0.03801762287191079,0.025278346147598406,829,0.024159780795021426,,,
R2A,0.0,S6_realdem,30,0,3.136489010470213e-05,0.029935043184841855,0.1730174678135077,0.9246318425921886,-0.008541461816081468,0.01805579266496272,0.1346430437672823,-0.020522975735049572,-0.04670872540737813,829,-0.046927028764643934,,,
R2A,0.0,S6_realdem,31,0,-0.00013573877565570492,0.029735278383147514,0.17243925541524105,0.9261215781747149,0.0022294863099231927,0.017597500911126725,0.13267430617995654,0.0019139649071869237,-0.0001302911817132103,829,-0.0023732275389845717,,,
R2A,0.0,S6_realdem,32,0,-8.352290103373234e-05,0.030128996414417505,0.1735770819851875,0.9264098162592705,0.003782495685693497,0.01717834985585472,0.1311207730661584,-0.040983879093628224,-0.04755634720823928,829,-0.04754413424077845,,,
R2A,0.0,S6_realdem,33,0,-0.00042850960398074924,0.030129684555524137,0.1735795730378573,0.9258547175880051,0.009464939921902251,0.017419063671651778,0.1323202507531519,0.02538887551180297,0.0038007936189682714,829,0.00265412425526544,,,
R2A,0.0,S6_realdem,34,0,0.00012942015472831164,0.029943122581988637,0.17304086029480173,0.9261379394034917,0.001816815985315271,0.01762732162253867,0.13278035412990571,-0.023336834747377137,-0.021281935668357326,829,-0.01942096726780713,,,
R2A,0.0,S6_realdem,35,0,0.00010083524513078274,0.029997564128472546,0.17319807821167996,0.924550075300763,0.001473817230173714,0.018025870513655548,0.1342685467668564,0.0061852712938303125,-0.011949265587509935,829,-0.01221420647971198,,,
R2A,0.0,S6_realdem,36,0,5.067272216847068e-05,0.029890773570775395,0.1728894911164359,0.9271311803747991,-0.0010279397396703695,0.016867282248102463,0.12987816948283054,-0.04106045734357453,-0.004223744947598594,829,-0.006026983953427155,,,
R2A,0.0,S6_realdem,37,0,7.02039541897466e-05,0.02998597610699284,0.17316460676358789,0.9268883837969858,-0.0008819618841808336,0.018475411941529924,0.1359271488639965,-0.009577946803550718,0.02578119028359494,829,0.024083523483707726,,,
R2A,0.0,S6_realdem,38,0,-0.00011001475430474176,0.02986583022057872,0.1728173669624233,0.9230098737857668,-0.0073994235588371576,0.01787925247945926,0.13391790003006443,0.008664084809166896,0.05724089655570192,829,0.0563591459531429,,,
R2A,0.0,S6_realdem,39,0,2.2792520779399098e-05,0.029735024218032667,0.17243846652511052,0.9260164479192476,0.002589228903735444,0.018087411380745592,0.13451436907283001,0.02743150417826802,0.008171905268863616,829,0.008669111525155173,,,
R2A,0.0,S6_realdem,40,0,4.631623114542234e-05,0.029662070523751697,0.17222680589543823,0.9268637325765638,-0.0050075543233931335,0.019212364974198107,0.1386991008424346,-0.04593488614007611,-0.019463004421946623,829,-0.018772437447373204,,,
R2A,0.0,S6_realdem,41,0,2.703358531774367e-05,0.03006936056006728,0.1734051939558963,0.9267121841144907,0.0005204949820579728,0.01620744150394572,0.12730951425157536,-0.029048291600121994,-0.07100654832543317,829,-0.07098635783249554,,,
R2A,0.0,S6_realdem,42,0,0.0001350114218620491,0.030062945461619153,0.17338674600356044,0.9256622621785343,-0.0035190703295070788,0.017096166575119958,0.13079965761080561,-0.0026861570367596,-0.07257588140064092,829,-0.07300762027898691,,,
R2A,0.0,S6_realdem,43,0,-4.1162604940757884e-05,0.02990195907901821,0.17292183428757127,0.9258748023935763,-0.007853555093159787,0.018565202647232177,0.1364803318241624,0.04612057239440325,-0.025155831887716272,829,-0.02627480873440426,,,
R2A,0.0,S6_realdem,44,0,8.638213083425977e-05,0.029945098001524954,0.17304654132168457,0.9254747115320366,-0.006379070900948346,0.016091852186987193,0.12701395487325998,0.002399336569925487,0.010745112594838263,829,0.010358980862705033,,,
R2A,0.0,S6_realdem,45,0,0.00030578976268620927,0.029980745062316225,0.1731497576368364,0.9259277947384351,-0.001735947823855553,0.018481812682239446,0.13595891363601945,0.022438872281452478,-0.03734487775480272,829,-0.03592054851717266,,,
R2A,0.0,S6_realdem,46,0,8.012127747789719e-05,0.030014353835503525,0.17324653028249262,0.9253638385159723,0.007125287897203082,0.017379907526603535,0.13202529020692044,0.009319714683689263,-0.061218356795163936,829,-0.0614653819867214,,,
R2A,0.0,S6_realdem,47,0,0.00026969858412536436,0.029827724987388917,0.1727072601968869,0.9265477271806172,0.007859038216660688,0.01796074768655486,0.13424795033163742,-0.02064744162721448,-0.012933600548109658,829,-0.011079465761278199,,,
R2A,0.0,S6_realdem,48,0,9.66962907211123e-05,0.030017892881458844,0.17325675234065624,0.9255000852204763,0.0097779382458378,0.01830986147821407,0.13566675921003452,-0.00623670743277781,-0.0646796745150016,829,-0.064217558434699,,,
R2A,0.0,S6_realdem,49,0,-0.0001775602160331473,0.029996185027366364,0.17319415854755804,0.9249561859794119,-0.0011939391202173643,0.016951419761663606,0.13020309232996885,0.002259918314128553,-0.020687260087379214,829,-0.021128573782196187,,,
R2A,0.0,S6_realdem,0,1,-0.0001561580058433488,0.03002927777831843,0.17328964817218948,0.9266563067423659,0.0059162706314236915,0.017612316226286555,0.13284321015569747,0.028237536612697355,-0.007224309736389457,829,-0.005943668193921203,,,
R2A,0.0,S6_realdem,1,1,-0.00017774603279334926,0.029935650274506856,0.17301931067993256,0.9256930079959818,-0.003720228677898706,0.019444820994791116,0.1394943048880741,-0.0006192212354166596,-0.0012759730350150797,829,-0.0009087348708258355,,,
R2A,0.0,S6_realdem,2,1,-0.00015281799971648757,0.030035098984752682,0.17330644055572117,0.9278556686234255,-0.006416021049370032,0.01766985890638357,0.13308277211002756,-0.015999304905322347,-0.017934210952279362,829,-0.01683543195310021,,,
R2A,0.0,S6_realdem,3,1,0.00010217278923078127,0.02989576717714155,0.17290395488947155,0.9260279179248109,-0.00037228735185046473,0.01812934841291728,0.13464578348685718,-0.012121365447938737,-0.03435878679156742,829,-0.03423947839832372,,,
R2A,0.0,S6_realdem,4,1,-8.198655151225222e-05,0.029838586298000732,0.17273851052905187,0.9238431076386169,0.0060051484194912266,0.017940704000537707,0.13407746196910883,0.017720304672889972,-0.0017172729688215483,829,-0.001406317222832622,,,
R2A,0.0,S6_realdem,5,1,-1.237806885563296e-05,0.02998375348029254,0.17315817518531756,0.9258434311420703,-0.003668479980904929,0.016933865481109065,0.13018188517024698,-0.017342571337103752,0.018436247636012287,829,0.01831186439977161,,,
R2A,0.0,S6_realdem,6,1,4.0488408436398055e-05,0.030270512041484295,0.17398423400065743,0.9272733174637205,0.001444832488964216,0.018071853789564076,0.13443935930554432,-0.009431862785543147,0.0048824770885858276,829,0.005293740130314329,,,
R2A,0.0,S6_realdem,7,1,-0.0002598926664903217,0.02994390538242111,0.17304326894340388,0.9266381118826298,0.0038284595616650554,0.017344203709312625,0.13175302961195212,0.0032797683515696126,0.04471681845514062,829,0.04607551366113313,,,
R2A,0.0,S6_realdem,8,1,-1.7589203123526714e-05,0.030165452536694944,0.1736820452610891,0.9275646546860231,-0.005891620065924118,0.019407855209496158,0.13943660350315967,0.0302433306236378,0.0061132456193659845,829,0.004311196797851564,,,
R2A,0.0,S6_realdem,9,1,-0.00024952100873510427,0.02993801857246777,0.17302624319218624,0.9264148729150297,0.002603498181801651,0.017684820646548357,0.13300976975143972,-0.0018166173674927083,-0.007429472832774564,829,-0.009551328740093967,,,
R2A,0.0,S6_realdem,10,1,1.1200143233607368e-05,0.03020518535603405,0.17379639087586732,0.9260190173622076,-0.0011577649466684508,0.016563269182853817,0.12870357260979803,-0.0017133808639744287,-0.02424546110835527,829,-0.023866389076502292,,,
R2A,0.0,S6_realdem,11,1,-0.00012140825491017423,0.0299471677927548,0.17305254269359688,0.9256427343125314,0.0014137453106477045,0.016358051297224153,0.12790641099267672,-0.025790796651379035,0.01144945560466561,829,0.012841462726804063,,,
R2A,0.0,S6_realdem,12,1,-0.00024243627052879558,0.029821478465047943,0.17268913469119362,0.9245506110418604,0.0003648457380192534,0.017936990359170967,0.1339295466713134,0.026335760089544854,-0.017916462485913765,829,-0.016846620091281003,,,
R2A,0.0,S6_realdem,13,1,2.5401094231812094e-05,0.029940851591835266,0.17303425162970149,0.9252980940787434,-0.007944512246645411,0.016869811470870126,0.1301265797049443,-0.03325000754051804,0.010599291676260753,829,0.010238585952437618,,,
R2A,0.0,S6_realdem,14,1,-6.16439065368465e-05,0.030004400380508552,0.17321779406423513,0.9253962846284488,-0.003065062121350453,0.01698540700478587,0.13036411166649203,-0.00012623519623886057,0.012017547238492713,829,0.012288722996686865,,,
R2A,0.0,S6_realdem,15,1,0.00015026234450683646,0.029866892303549306,0.1728204700905581,0.9257490409968286,-0.003140776732755692,0.016722053762964737,0.12935191626508574,0.03102908823185959,0.0200719564952533,829,0.017370145975597155,,,
R2A,0.0,S6_realdem,16,1,-0.00024794208637609277,0.02987913289069313,0.17285599314449968,0.9269698815018679,-0.0023273782762293312,0.01676807130838516,0.1295125013194704,0.016444403153778174,0.03841419020234036,829,0.03863354027874255,,,
R2A,0.0,S6_realdem,17,1,-8.141552237784561e-06,0.029801057618894566,0.1726298284920061,0.9253635458683073,-0.00131982844281928,0.01808565502889449,0.1344893935446694,-0.01698031550771405,-0.001448076497725709,829,-0.0018264134303574422,,,
R2A,0.0,S6_realdem,18,1,1.4868337044275289e-05,0.030092251232567948,0.17347118335226572,0.9263395213171852,-0.00498173607808722,0.015674607327060157,0.12529734642605914,-0.01587068406825397,0.027300801215324404,829,0.025552502992254447,,,
R2A,0.0,S6_realdem,19,1,0.0002768346786365577,0.029976174003136683,0.17313650868772879,0.9275831240972173,-0.010462997821038983,0.015914129117746388,0.12658437281572105,0.04224359134532213,-0.04371451172012581,829,-0.04314702236332883,,,
R2A,0.0,S6_realdem,20,1,0.00016412044776443056,0.030014896141574522,0.17324815461382523,0.9256260031958203,0.01206743977473687,0.01746364436022313,0.13269991508264062,0.026020908813829548,0.015387746796344167,829,0.01619869216118077,,,
R2A,0.0,S6_realdem,21,1,8.65874631323278e-06,0.030058972728070996,0.1733752369949206,0.9249547917598112,0.006256592088828843,0.018021386768756916,0.13438947768825843,-0.023104502067440556,-0.0626683359165261,829,-0.06130662615551144,,,
R2A,0.0,S6_realdem,22,1,0.0002983549472849386,0.030132796737347416,0.17358826502106067,0.9240621930484215,0.001788360084538681,0.016788808314880006,0.12958397488374856,-0.033331416530505434,0.06174224304989644,829,0.06172949455190819,,,
R2A,0.0,S6_realdem,23,1,0.00015149728929761332,0.030029913717029177,0.17329147892628144,0.9225867700745438,-0.007451961017242953,0.01728868750442062,0.13169745338245203,0.012564747071835134,0.012730022288152936,829,0.01392044842092436,,,
R2A,0.0,S6_realdem,24,1,0.00030923942993826695,0.030104193717145344,0.17350587697876513,0.9266039345958589,0.010206218382771966,0.01750954185220874,0.1327166483372963,0.009283278961662682,0.01563294282906774,829,0.016712719203395166,,,
R2A,0.0,S6_realdem,25,1,-6.144580911752148e-05,0.0299806122340543,0.1731491149548324,0.925309613577884,0.010125373985211478,0.018353296550109754,0.13585219817305183,-0.00863176554786482,-0.03959766480649199,829,-0.03963664346384948,,,
R2A,0.0,S6_realdem,26,1,-0.00035464545886205567,0.029831700291399473,0.17271892213883505,0.9251085904855669,-0.0015612495880586081,0.018187951735214328,0.13487175106556057,0.026991181880741733,-0.019489065842166114,829,-0.02033830521549769,,,
R2A,0.0,S6_realdem,27,1,8.51914355589214e-05,0.029824403129846442,0.17269745333219924,0.9267533579316937,0.0036289122919816717,0.01646703957436373,0.12837526466880847,0.07341493905562249,0.013974381613708816,829,0.01158453644813864,,,
R2A,0.0,S6_realdem,28,1,0.00011026668222479494,0.0300969914455052,0.17348488004505294,0.927109818573739,0.003808547045055632,0.01755472414064971,0.13254896895579427,0.016448302642896418,-0.009339758479200017,829,-0.005470528215472728,,,
R2A,0.0,S6_realdem,29,1,0.00013706533311402312,0.02977979400484162,0.1725682844318363,0.9260711615075826,0.002735146679565346,0.016798336951011537,0.12963725536422882,0.007727317700212835,-0.001771293420712121,829,-0.0023884565543996574,,,
R2A,0.0,S6_realdem,30,1,-4.6710643800393643e-05,0.030092952360233453,0.1734732098686068,0.9272228465634931,0.0022849107108401288,0.018413851581335683,0.13571688324704556,-0.02753905344982465,-0.0425122871590719,829,-0.042206472852851264,,,
R2A,0.0,S6_realdem,31,1,0.00023732746712881573,0.030109257537084457,0.17352035575519983,0.9267774603772145,0.0023350861757111337,0.0187374126781179,0.1369045846769417,-0.02876963791016664,0.007041583387517786,829,0.005589711283980988,,,
R2A,0.0,S6_realdem,32,1,0.00032325606289014113,0.02961436084674158,0.1720885392500726,0.9274392869721788,-0.006129033046426853,0.01742594289712486,0.13214956656459018,-0.048650170704724646,0.05362144332237054,829,0.05564513073551088,,,
R2A,0.0,S6_realdem,33,1,-0.0002963382186022487,0.029828266821404124,0.17270887249282801,0.9260405641784355,-0.009328186268539866,0.018858434556880268,0.13764247024788842,-0.001373101785591522,0.013332277347925246,829,0.01183048625087851,,,
R2A,0.0,S6_realdem,34,1,1.3911833669997543e-05,0.02985866352141567,0.17279659636391795,0.9271399464154494,-0.0008336218709365601,0.016343809187592536,0.1278456261004507,-0.04477474987448622,-0.0024758910347626836,829,-0.003968782735196229,,,
R2A,0.0,S6_realdem,35,1,-0.00029963128567277533,0.029769797144515,0.17253952278658463,0.9276232834607724,-0.006799002940484338,0.017783749936371294,0.13352893460728282,-0.041099788527738754,0.005149123552907327,829,0.005439763620819586,,,
R2A,0.0,S6_realdem,36,1,-9.222550030162876e-05,0.02991910396737334,0.17297142097154736,0.9250483226121854,0.006868494033586638,0.01845345947665943,0.13601704189897987,-0.016282670830811925,-0.008529751981884598,829,-0.007775180289695854,,,
R2A,0.0,S6_realdem,37,1,0.00016495700316680165,0.0302053696114546,0.17379699888740166,0.9253823733911444,0.002250975212253173,0.01687127215663074,0.1299089644560256,-0.0018289477978418605,0.0266693745752859,829,0.02760847130147196,,,
R2A,0.0,S6_realdem,38,1,0.00010265656820136438,0.0300494918008923,0.1733479228005438,0.9254243671501728,-0.0027777097976770617,0.016927739815225475,0.13013629580922298,0.03538497104291196,-0.013175303417711816,829,-0.014392791209197356,,,
R2A,0.0,S6_realdem,39,1,-6.969381044468838e-05,0.029857888545733624,0.1727943673936186,0.9258455507284744,-0.0020694490172500856,0.016670615867119324,0.12913132263844557,-0.03157071863559968,-0.05663177248223412,829,-0.05586570704530268,,,
R2A,0.0,S6_realdem,40,1,0.00021760133368371734,0.02983782155195162,0.17273641452308788,0.9262632679698644,0.0028477520551412555,0.0178898353456991,0.13378320162661178,0.037268048200002964,-0.005041329090545915,829,-0.004441606044037414,,,
R2A,0.0,S6_realdem,41,1,-0.00020268508205367836,0.029879515493090023,0.17285704085842873,0.9274698922749154,0.001138130264492359,0.016974500611757263,0.13029119675655843,0.032275557291008755,-0.02168718938331847,829,-0.018766396452772605,,,
R2A,0.0,S6_realdem,42,1,-5.814877382147613e-05,0.030095833983794503,0.1734815187997684,0.9272497735189558,-0.00037988896607083476,0.016319508333417936,0.12774839587659986,-0.017317534540629953,0.011590903274451489,829,0.011143562038342896,,,
R2A,0.0,S6_realdem,43,1,-0.00039593741892267185,0.029850323083071936,0.1727729141084089,0.9261391470865371,-0.0029463691278780483,0.017080536705939703,0.13072573502175236,0.01610738280262531,0.005022522696731182,829,0.004916467818822472,,,
R2A,0.0,S6_realdem,44,1,0.00017370736230854715,0.02992901882858345,0.1730001416266217,0.9270290116062292,-0.005676482999818032,0.01728201807998759,0.13158358765148037,-0.012775939380624157,0.01003882998413538,829,0.009134536739383064,,,
R2A,0.0,S6_realdem,45,1,-0.0004303599575904176,0.029678339352274187,0.17227456156370646,0.9259924636880724,0.0023459471656126015,0.017759196821195564,0.13328428372955084,0.014833044760000752,0.05020312858662627,829,0.04805962842580108,,,
R2A,0.0,S6_realdem,46,1,0.0003136272502183048,0.030053620528590296,0.17336008447922024,0.9285740274828255,0.012040125027166533,0.018122979103445583,0.13515895721007684,-0.04309079290227079,0.018360444845222566,829,0.018594636436885716,,,
R2A,0.0,S6_realdem,47,1,-0.00018932313968126406,0.029982394711362752,0.17315435470877993,0.926935187153821,0.006357288392813639,0.016727532567834852,0.12949111044216222,-0.03432952821191966,-0.016518400919708305,829,-0.016007222164602677,,,
R2A,0.0,S6_realdem,48,1,-9.98835788156453e-06,0.029850736506104286,0.17277365715256357,0.9251908142278654,-0.001831365300686021,0.018190171218811856,0.1348833759870964,0.03783889954936068,0.0307240419794446,829,0.029090481077582858,,,
R2A,0.0,S6_realdem,49,1,-3.5211768082861764e-06,0.0301180854592403,0.17354562936484164,0.9258505518828034,-0.008531578419979294,0.017712696438334778,0.13336222954296706,-0.036374114468194954,-0.040709134638004935,829,-0.04194565176103378,,,
R2A,0.0,S6_realdem,0,2,-0.00022278773555028326,0.029742728580992472,0.1724609469281889,0.9245512514422908,0.0033501590535407475,0.017676520849701446,0.13299527967332325,0.021717349649250265,0.01128930658949203,829,0.011540721569432838,,,
R2A,0.0,S6_realdem,1,2,1.9282645900511443e-05,0.029921377629545016,0.17297796969951246,0.9259635231064468,0.0010653311072730493,0.01789275034778429,0.13376802786223776,-0.011747779408326884,0.015370533279092763,829,0.017204975834490505,,,
R2A,0.0,S6_realdem,2,2,5.8719525244053585e-05,0.030401747996310312,0.17436098028025923,0.9258229544883204,0.004547578545181301,0.01830385191717181,0.135368136530708,-0.007880526308394512,0.01719316631396704,829,0.017577565929476065,,,
R2A,0.0,S6_realdem,3,2,0.00020854926636493362,0.029838658108266847,0.17273882482251451,0.92718569534905,0.0025890993584646933,0.017550733717128213,0.13250447974546453,0.02667915190744068,0.008534186963051539,829,0.007899919455573376,,,
R2A,0.0,S6_realdem,4,2,0.00017059037954680566,0.03000983515421867,0.17323355406876653,0.926681873730793,0.00020031734276442726,0.017345721289960835,0.13170330829936902,-0.04041789362047148,0.013250070965303536,829,0.012024159176126469,,,
R2A,0.0,S6_realdem,5,2,-3.7528076632955756e-05,0.02996744421194386,0.17311107884910315,0.9264159997155098,0.0019133555292148478,0.018180700879961532,0.13484940418608718,0.018307181731717297,0.04488678113642444,829,0.04505012154933453,,,
R2A,0.0,S6_realdem,6,2,-5.159045735507369e-05,0.02995155417573193,0.17306518089236558,0.9275550403974058,-0.001297447752462999,0.01808492170627027,0.13448644941755522,0.010604054120864013,0.006116627082719403,829,0.006363345077766993,,,
R2A,0.0,S6_realdem,7,2,0.00023484406044261644,0.030353874291005393,0.17422379126496507,0.9260829548435869,-0.0065606905830380355,0.018168593297105396,0.13495049447123844,0.05663982248110346,-0.08347970349403189,829,-0.08489088627505166,,,
R2A,0.0,S6_realdem,8,2,-7.986777528169643e-05,0.029949367484106783,0.17305887397925684,0.9277638544683593,-0.004155494245266391,0.01811020680663715,0.13463831155751915,-0.0297425685848835,-0.02830112303235469,829,-0.02864343132857251,,,
R2A,0.0,S6_realdem,9,2,5.866725295041084e-06,0.02998148882509961,0.17315163545146803,0.927010308910309,-0.00790441657162416,0.017751071876888274,0.13346741803985737,0.003085550906915499,-0.004789935788431239,829,-0.006545989946403348,,,
R2A,0.0,S6_realdem,10,2,0.0003319246319810103,0.030009115489665714,0.17323171090659767,0.9246555382727316,-0.0019905173077363475,0.017826125841519335,0.13352935258089035,0.01466327648196867,0.07038657374791833,829,0.07148356653682986,,,
R2A,0.0,S6_realdem,11,2,-0.00021695705002015695,0.02989081754011653,0.1728897469790447,0.926991498132019,0.006023371149266058,0.01691193014665979,0.13018529543178678,-0.03247955664373042,0.014478875641520379,829,0.01328046822393103,,,
R2A,0.0,S6_realdem,12,2,7.565911793384524e-05,0.02966137121186787,0.17222478606800473,0.9253516601992436,0.0009399110262036982,0.01733246417949684,0.13165617194888365,-0.016617752435159613,0.0005725569773671293,829,0.0018586099907857724,,,
R2A,0.0,S6_realdem,13,2,0.00021248803188698577,0.029996752123626548,0.17319583503880873,0.9271119408361332,0.005393230380537586,0.019167045062936802,0.1385501064484411,0.031120863090918088,0.013301392642941024,829,0.013414189920816725,,,
R2A,0.0,S6_realdem,14,2,0.00013676833255120346,0.029936025164273832,0.17302035680766187,0.9262125734017705,-0.004001904005946395,0.01638172195116262,0.12805364964277835,-0.008235363234526822,0.05685368364745416,829,0.05738588653985297,,,
R2A,0.0,S6_realdem,15,2,0.00027576317369889185,0.029873673989108483,0.17284024425589214,0.9256674083704048,0.009141854696303376,0.01771556356863501,0.1334134066573646,-0.07622145501566484,-0.03037904983206524,829,-0.030342500624738117,,,
R2A,0.0,S6_realdem,16,2,7.973180442178691e-05,0.029949535994182045,0.1730593607735296,0.9259478898023499,-0.008189115954569745,0.01861562620978271,0.13668462909157011,0.027401328906761866,-0.032529151983790576,829,-0.032017806462659955,,,
R2A,0.0,S6_realdem,17,2,-0.0001874601463936722,0.029851904736223275,0.17277713933715233,0.925645558793838,0.002214269566163436,0.017308843636236297,0.13158171083379305,0.018071305939875538,0.0759792776859712,829,0.0758992522140297,,,
R2A,0.0,S6_realdem,18,2,0.0001363495803028971,0.030077643582312397,0.1734291272350768,0.9244106686351226,0.0016042490957486322,0.018038782179643848,0.1343181141723076,0.01683719647868789,-0.025952202142117173,829,-0.026498956573185448,,,
R2A,0.0,S6_realdem,19,2,-0.00015212991931075966,0.029862033488726555,0.17280641374740377,0.9256743306168477,-0.001490432623502182,0.01763265187758806,0.13279636014211105,-0.04237072373145941,0.009779485896031889,829,0.00993715744437281,,,
R2A,0.0,S6_realdem,20,2,0.00013009707876480593,0.03004325396641672,0.17332994805187768,0.9263943958370471,0.0025095862258709013,0.01701094094033543,0.1304501397598351,-0.0046838032991351666,0.03086690169765246,829,0.033986570358335216,,,
R2A,0.0,S6_realdem,21,2,6.280356221658233e-05,0.029618382344965805,0.1720999311134471,0.9255683039660821,0.0015834071810967875,0.017029226457465345,0.13050568430442597,-0.03709312400983618,0.019369277914024582,829,0.020851615388146137,,,
R2A,0.0,S6_realdem,22,2,-0.00029959985910325224,0.030077590249650597,0.17342917865724378,0.92588620949778,0.0017970552915453457,0.01862541144730146,0.13648677904845705,-0.07478154506202686,-0.0048382218078929515,829,-0.006135553532053482,,,
R2A,0.0,S6_realdem,23,2,0.00016139054465212773,0.02990891643549486,0.1729420205803169,0.92715570963679,0.0008490730744900649,0.016469778680424294,0.12833744428462848,-0.010487611238720032,-0.013947549268809551,829,-0.013595445107213092,,,
R2A,0.0,S6_realdem,24,2,-0.00015801798268281843,0.029802144103786843,0.1726330474546218,0.9272512581859218,0.0034101085425699788,0.017470599823155363,0.1322203791532435,-0.04101554482115422,0.011977002452572386,829,0.011400271227742703,,,
R2A,0.0,S6_realdem,25,2,-9.054941213919044e-05,0.02986358904543315,0.1728108713149413,0.9257099208972612,0.000490924890666199,0.017272166436409078,0.13142453136175664,0.01590461802318377,0.014549154452657205,829,0.014502842063009962,,,
R2A,0.0,S6_realdem,26,2,0.00015773831468288672,0.03016021709121837,0.17366704342676617,0.9275593010809539,0.0003137475980012404,0.016920321969403643,0.13007851631595008,0.007421899363640379,0.028752969494454814,829,0.029410585643365104,,,
R2A,0.0,S6_realdem,27,2,2.3273756913426226e-05,0.030156803237485482,0.17365714433663026,0.9261617658323376,-0.009880244248258617,0.01768972574976134,0.1333692055017446,0.012232882411073502,-0.027245422005695113,829,-0.02968486739840251,,,
R2A,0.0,S6_realdem,28,2,0.00034865625412647185,0.02981277695476914,0.17266412052291782,0.9247204413536697,-0.001212736213313695,0.017868137712430468,0.13367725476517517,0.06432399132378934,-0.007135461871607269,829,-0.007301764585418419,,,
R2A,0.0,S6_realdem,29,2,0.0002638796709154997,0.03014536944184789,0.17362441957952982,0.9271394930008058,0.00796817127740683,0.01804359701301641,0.13456258308505564,0.02570817463469399,-0.015182004695279512,829,-0.014132824490228154,,,
R2A,0.0,S6_realdem,30,2,3.0948524582205395e-05,0.03015619064367974,0.17365538172337452,0.9253483805436018,0.0017130897090543527,0.017848381285533482,0.1336088169316859,-0.004919343861444958,-0.01679020824812702,829,-0.017578180337924704,,,
R2A,0.0,S6_realdem,31,2,4.6931238469823595e-05,0.029898257693138194,0.17291113294313742,0.923926498526202,-0.0039719178890625624,0.016704896232229895,0.12930843887367657,-0.021249021136604134,-0.039381257183093724,829,-0.038360775467491656,,,
R2A,0.0,S6_realdem,32,2,-7.152182944568624e-05,0.029901610227608722,0.1729208354796518,0.9243223145274349,-0.004232508477354129,0.019707472246922687,0.1404470945763335,-0.034811737939539074,-0.02168119860817672,829,-0.021486099435218158,,,
R2A,0.0,S6_realdem,33,2,-0.00010303396208943868,0.03003169268167384,0.17329657612795235,0.9265062714227599,-0.004096428370483519,0.017766053753860093,0.13335229461563303,0.007946641422664562,-0.013357005412553113,829,-0.014948502996830822,,,
R2A,0.0,S6_realdem,34,2,-6.092445409650152e-05,0.029969354295350265,0.17311660234402526,0.9267024068453672,0.0016813814212954495,0.016599709128891492,0.12885082914896345,0.011908076451335715,-0.03976151400112606,829,-0.0382601956402559,,,
R2A,0.0,S6_realdem,35,2,-0.00014773472451464506,0.030170797682936984,0.1736974942493006,0.9274564446611794,0.002325460033348641,0.01704408333850844,0.13057369988966058,0.007324759429896709,-0.02886510513319651,829,-0.02733613634279914,,,
R2A,0.0,S6_realdem,36,2,0.00013944967730758218,0.029944812008634344,0.1730457496006384,0.9261028626611271,0.0007375706691443497,0.016343333173259655,0.12784317417739452,0.0005496979954495836,-0.03815108557912412,829,-0.03964111134444391,,,
R2A,0.0,S6_realdem,37,2,-0.00021414313324601679,0.029806179411362835,0.1726447950812429,0.9251321382877336,-0.00557749087542974,0.017328667317187914,0.13175650162953406,-0.01596306763205352,0.01420384815528503,829,0.014335828577095195,,,
R2A,0.0,S6_realdem,38,2,0.00025021248186708013,0.030120320566992473,0.17355224911616257,0.9250646446265003,-0.008663807915201398,0.017234694747133846,0.1315665470958532,-0.0281983079126057,0.008201606274507627,829,0.007411230165962961,,,
R2A,0.0,S6_realdem,39,2,3.787775749001461e-05,0.029864690403336405,0.17281403831304018,0.9256190405402358,-0.0015543541204310076,0.017110059751743855,0.13081466190177443,0.0015610756170179978,-0.03227778949982016,829,-0.02911293672322966,,,
R2A,0.0,S6_realdem,40,2,0.00032406781818462773,0.030149876147778993,0.17363749931316616,0.9257610618325652,0.003942133585447484,0.017213700249091215,0.13126020214176393,-0.049216836052745516,0.02697143725408286,829,0.026913666349358278,,,
R2A,0.0,S6_realdem,41,2,0.00010395541597014651,0.030054780137754047,0.1733631764374504,0.9249942428436261,-0.0036222006157189705,0.015412408550034205,0.12419955268572717,0.0015807083031852808,0.009750341848458688,829,0.008332147904902462,,,
R2A,0.0,S6_realdem,42,2,0.0004046187589954156,0.029984632774299014,0.17316118644384237,0.9263009578590626,0.0038514457521225927,0.017214044866499204,0.13125882256397375,0.03205157256725698,-0.02664559893091616,829,-0.02603312965536702,,,
R2A,0.0,S6_realdem,43,2,0.00013435958186390587,0.03015137771491168,0.17364157269331823,0.9250624124923126,0.006739163391539285,0.017845409399078648,0.13375659132280737,0.003185315242474881,-0.07743641685525635,829,-0.07771249165023997,,,
R2A,0.0,S6_realdem,44,2,0.0002075772089780309,0.030027258853948184,0.17328387675212564,0.9262399024978143,-0.0007020336883503623,0.019065196011875733,0.13807856047618441,0.0009512049421604502,-0.04195410566754618,829,-0.04398315258732531,,,
R2A,0.0,S6_realdem,45,2,0.0004928962143415336,0.02997521246748991,0.17313421214239552,0.9256274207865486,-0.006047961735139022,0.017412625771536853,0.1320954337313995,-0.0027998881032220606,-0.03765769814583246,829,-0.03725343992340899,,,
R2A,0.0,S6_realdem,46,2,-0.0003273110141750605,0.029565480479870312,0.1719464672866829,0.9268422050196501,0.0011465351731385187,0.01840508818435886,0.13567019837555375,-0.044462801400421796,-0.007717266789291476,829,-0.008402041193314882,,,
R2A,0.0,S6_realdem,47,2,9.774710585564859e-05,0.030166531126043224,0.17368517691656918,0.9247997384717637,-0.0012150718864035813,0.01685372533248032,0.12982758463504376,-0.03953559272992212,-0.017766658798885313,829,-0.01821552468783728,,,
R2A,0.0,S6_realdem,48,2,-9.491016524484896e-05,0.03000991323497532,0.17323372143700771,0.9274934317764101,0.0032475981700458597,0.019142315233454943,0.13839386593100514,-0.048983298330955806,0.006650243418166442,829,0.005577906314868679,,,
R2A,0.0,S6_realdem,49,2,-0.00041524385733478176,0.029911775263786466,0.1729507088486414,0.9255440660603487,-0.001721120235851469,0.017286943934900982,0.13149108787201982,0.011895124522055928,0.056920038144092945,829,0.05746872555237331,,,
R2A,0.0,S7_block,0,0,0.05938967874021517,0.014681972493564205,0.1349411221030497,0.9120324739511073,0.005188360341705809,0.016784459999294368,0.12965870230080875,0.017782911812289793,-0.038716744889938766,829,-0.038009347634480654,,,
R2A,0.0,S7_block,1,0,0.03532467792822812,0.010007927490943988,0.1060931683082235,0.7430735407707681,-0.0009196600992962203,0.01941729934334759,0.13934900472570955,0.039220712832181565,-0.02265181637688401,829,-0.023937508712968757,,,
R2A,0.0,S7_block,2,0,0.06642722378906007,0.05340380106956879,0.24045036313112664,0.9355796769174157,0.0012650898735337417,0.01774393965629708,0.13321238721937684,0.003112323260370534,-0.0471468447569822,829,-0.04803178449404113,,,
R2A,0.0,S7_block,3,0,0.04337865460899079,0.04762505052114726,0.22250114201242513,0.9286616008768646,0.005456157122156683,0.016482570933847588,0.12850035246795727,0.06374816236793895,-0.033514825281970445,829,-0.034357207748309464,,,
R2A,0.0,S7_block,4,0,0.03775023043805791,0.011935669414068581,0.11558870754617448,0.9214909184200627,-0.00051806184763712,0.017806616391277414,0.13344243994829902,-0.024497582697792532,-0.03842942487110979,829,-0.03844487848541361,,,
R2A,0.0,S7_block,5,0,0.03495526098741424,0.021237974101680962,0.14986608813330388,0.8644882168966694,-0.00469733019395998,0.017376133651822095,0.13190223107579788,0.04668554849906685,0.004368409371466073,829,0.005144848781120959,,,
R2A,0.0,S7_block,6,0,0.046790433803041424,0.021362972617903306,0.15346764256148623,0.8826960330494722,0.005134406431351899,0.0167528865753518,0.12953473937424703,-0.01083982044429468,0.017025348114459743,829,0.018267991080785338,,,
R2A,0.0,S7_block,7,0,0.041264395231736625,0.027555732072002733,0.1710511104490225,0.9193624040923166,-0.001906406635538266,0.017330610300235187,0.13165957878747453,0.06016710144860829,-0.018444064720704645,829,-0.018920369856529985,,,
R2A,0.0,S7_block,8,0,0.0541182174356374,0.05064276167816214,0.23145527243200373,0.9266383198654644,0.004646545625959016,0.016795291786057768,0.1296799220091988,-0.017053378348968636,0.03437357205850172,829,0.032531841193141856,,,
R2A,0.0,S7_block,9,0,0.03421166943247136,0.014792971772691175,0.12634638933522346,0.8166529818135173,-0.0010792008611243578,0.016850276876549122,0.12981310238588312,-0.05529810487130267,-0.03673009951272474,829,-0.035211544340323093,,,
R2A,0.0,S7_block,10,0,0.06592684655779231,0.033004292316476516,0.193263140338584,0.9134746696714099,-0.0013149934790878486,0.017967919773182257,0.13405091935914615,0.006165691781154581,-0.03401101448758372,829,-0.03511228039589611,,,
R2A,0.0,S7_block,11,0,0.031604342347248834,0.026638443810263236,0.16624463379449378,0.9056893514567697,-0.005024257337488639,0.018758663301848055,0.1370543923544275,0.021735968235021254,0.01898910348839173,829,0.01941854465944895,,,
R2A,0.0,S7_block,12,0,0.06366972327329981,0.03516231182792868,0.1980306680532772,0.9167128117669342,-0.009556142004968215,0.018726853881646237,0.1371793487798559,-0.048531580708202196,0.025655272907772458,829,0.024360414671360388,,,
R2A,0.0,S7_block,13,0,0.01755730761879421,0.005495931942954244,0.07618524131204948,0.8637469096987928,-0.002599642457108926,0.016567218915419398,0.12873995905049918,-0.0009227186077450138,-0.05291611078323876,829,-0.05684162326000278,,,
R2A,0.0,S7_block,14,0,0.06129564467579172,0.0554899259415148,0.24340723489193108,0.9063394042526256,-0.0006315819016452223,0.019029229211063578,0.13794791809506246,-0.05403693320629167,-0.013953107429837524,829,-0.014917687511636949,,,
R2A,0.0,S7_block,15,0,0.06327927423958524,0.0461298025648498,0.22390638470829374,0.909389545444764,-0.00019324172074434775,0.017140093933495325,0.13092032415121024,0.014456413399476387,-0.02403265784259796,829,-0.025285512464645356,,,
R2A,0.0,S7_block,16,0,0.04688537448670864,0.015176890188853518,0.13181475080434824,0.8772796227451403,0.002507439235941496,0.01695586353500267,0.1302388221173879,0.03983577806635263,0.01775024603364681,829,0.019828064093404367,,,
R2A,0.0,S7_block,17,0,0.03474533733315711,0.02940096129714379,0.17495199273954745,0.8945061859756717,-0.0044601123296578475,0.017495399607597568,0.13234535205133097,-0.011524922234403386,-0.019691116665650644,829,-0.01918604427791665,,,
R2A,0.0,S7_block,18,0,0.07704276938972497,0.057118243595770266,0.25110522079600134,0.900029905497821,-0.0005428941145293876,0.0187568434349798,0.13695670180388908,0.020287681923536926,0.09366335432080937,829,0.09271460485516825,,,
R2A,0.0,S7_block,19,0,0.03666363730888991,0.008366725030433031,0.09854413899949026,0.9176293048640788,-0.008573430069172109,0.02008548067279589,0.14198233825355489,0.028934819611757007,0.005258835686178826,829,0.006123500307258103,,,
R2A,0.0,S7_block,20,0,0.05657305519813321,0.013322646500111697,0.1285424329727842,0.8777560325793397,0.0015633473133307668,0.01836987835186988,0.13554454030573115,0.04059734625173027,-0.027220267729166643,829,-0.03063831468551799,,,
R2A,0.0,S7_block,21,0,0.0551215544304085,0.0648454383042924,0.2605452438006054,0.9388436833873891,-0.002806326355714353,0.01826640456516158,0.13518239542476068,0.0027365836301944677,0.02305920287768305,829,0.023429243544435242,,,
R2A,0.0,S7_block,22,0,0.04273786800620175,0.011606178474332028,0.11589954200102584,0.908312172209166,0.00014726223219644398,0.017485761626153173,0.1322338206069771,-0.02196826794784795,-0.055412938757654864,829,-0.05160826928524218,,,
R2A,0.0,S7_block,23,0,0.00966848505754689,0.005724391767968324,0.07627497211586727,0.8011541988169104,0.0018164776201269406,0.01758912391761757,0.13263643356394197,-0.011049300850820247,0.008786400268867293,829,0.006024535367823768,,,
R2A,0.0,S7_block,24,0,0.04180038392176526,0.045787445349488774,0.21802457991129295,0.8697785399271398,-0.013215476891764121,0.01787670351914187,0.1343553212515925,0.021339254707969067,-0.08253329692922198,829,-0.08223723744835912,,,
R2A,0.0,S7_block,25,0,0.03892159708211193,0.0436024258093134,0.21240837207778715,0.9364924644199251,0.00022664430495888886,0.01856513235661614,0.13625411452230393,0.01983599490275268,-0.06004020275598459,829,-0.06075099706661087,,,
R2A,0.0,S7_block,26,0,0.037220054773825076,0.05068068218131614,0.2281797858239916,0.9273054617887235,0.0015065506801471853,0.017320105190887582,0.13161449344900977,-0.0005247601090530216,-0.021827820828470734,829,-0.021323276726373953,,,
R2A,0.0,S7_block,27,0,0.04767926827519943,0.04562618586641596,0.21885954054981105,0.8797138304774091,0.001806789660069579,0.017922784877140177,0.13388819726180465,-0.02494530971178609,-0.007834272621282886,829,-0.006310585655698679,,,
R2A,0.0,S7_block,28,0,0.03520180821120267,0.029983324913807785,0.17669887440260076,0.8930651079260749,-0.004881541148502454,0.01692846818772597,0.13020098936532892,0.0051107700168233836,-0.013164015126657692,829,-0.013747058685583553,,,
R2A,0.0,S7_block,29,0,0.03752081096415824,0.027383593172429766,0.16968030064753498,0.9279868775420426,0.0019675322334010256,0.017766128372103476,0.133304161807473,-0.03801762287191079,-0.05337102393067461,829,-0.05467810887716343,,,
R2A,0.0,S7_block,30,0,0.07514116441336242,0.040955309410231476,0.21587381499298947,0.8940075865817809,-0.008541461816081468,0.01805579266496272,0.1346430437672823,-0.020522975735049572,0.002117562823129616,829,0.0019449838196424754,,,
R2A,0.0,S7_block,31,0,0.03730836505606455,0.051641756075661606,0.23029040400941195,0.9173981066552458,0.0022294863099231927,0.017597500911126725,0.13267430617995654,0.0019139649071869237,-0.03567542751688071,829,-0.037368046871463,,,
R2A,0.0,S7_block,32,0,0.05255149646824185,0.0630122609045687,0.2564642678534777,0.9438989642884433,0.003782495685693497,0.01717834985585472,0.1311207730661584,-0.040983879093628224,-0.038015668088965594,829,-0.03790297049738794,,,
R2A,0.0,S7_block,33,0,0.06715535279226889,0.01568309995807142,0.1421018696806116,0.9053230908712554,0.009464939921902251,0.017419063671651778,0.1323202507531519,0.02538887551180297,-0.021666673313360266,829,-0.02330683723416806,,,
R2A,0.0,S7_block,34,0,0.06510777611810509,0.03055692787134313,0.1865367266314825,0.9325437657555886,0.001816815985315271,0.01762732162253867,0.13278035412990571,-0.023336834747377137,0.02493261104231422,829,0.026816315519859267,,,
R2A,0.0,S7_block,35,0,0.0654316001531163,0.036576854514269556,0.20213398727791138,0.9022222658765567,0.001473817230173714,0.018025870513655548,0.1342685467668564,0.0061852712938303125,0.038085672400195156,829,0.03792757949968487,,,
R2A,0.0,S7_block,36,0,0.057879257513982645,0.03773940344452308,0.20270523400961554,0.8978970409595066,-0.0010279397396703695,0.016867282248102463,0.12987816948283054,-0.04106045734357453,0.07829986521665126,829,0.07682715139403462,,,
R2A,0.0,S7_block,37,0,0.06220690796950728,0.049596106659645076,0.2312267416601545,0.8866604872341003,-0.0008819618841808336,0.018475411941529924,0.1359271488639965,-0.009577946803550718,0.03266957173885326,829,0.03133304638631274,,,
R2A,0.0,S7_block,38,0,0.05638642445127869,0.011517378814701062,0.12123039089725325,0.9119055719113802,-0.0073994235588371576,0.01787925247945926,0.13391790003006443,0.008664084809166896,0.027070972496947086,829,0.025815947469841123,,,
R2A,0.0,S7_block,39,0,0.10304517059739518,0.05613322347142723,0.2583631758878836,0.9328195118906784,0.002589228903735444,0.018087411380745592,0.13451436907283001,0.02743150417826802,-0.035092754613365126,829,-0.034726604466357114,,,
R2A,0.0,S7_block,40,0,0.0539742373642865,0.044718398609800945,0.21824668819676804,0.9123198230596479,-0.0050075543233931335,0.019212364974198107,0.1386991008424346,-0.04593488614007611,-0.019697819957290086,829,-0.019229958324325835,,,
R2A,0.0,S7_block,41,0,0.05507827555818432,0.0170042386606911,0.141555130953118,0.8444171324021028,0.0005204949820579728,0.01620744150394572,0.12730951425157536,-0.029048291600121994,0.017192279214469166,829,0.01745050106601755,,,
R2A,0.0,S7_block,42,0,0.03895038274250111,0.013627292240569586,0.12306268547515495,0.8607873413936383,-0.0035190703295070788,0.017096166575119958,0.13079965761080561,-0.0026861570367596,0.026381802953816553,829,0.02601829794221544,,,
R2A,0.0,S7_block,43,0,0.07315970210207126,0.04774613545734949,0.2304310688015253,0.9185484139566892,-0.007853555093159787,0.018565202647232177,0.1364803318241624,0.04612057239440325,-0.008295876529187137,829,-0.009201676328813867,,,
R2A,0.0,S7_block,44,0,0.03708766602956648,0.017047291909006217,0.13573056722981333,0.8091693804226209,-0.006379070900948346,0.016091852186987193,0.12701395487325998,0.002399336569925487,0.00594212331706985,829,0.005428491602544815,,,
R2A,0.0,S7_block,45,0,0.05361583028881118,0.052047819519546026,0.23435544964242802,0.9271101736862674,-0.001735947823855553,0.018481812682239446,0.13595891363601945,0.022438872281452478,-0.027626398033464283,829,-0.02650316912497837,,,
R2A,0.0,S7_block,46,0,0.04161894966639214,0.02645938358706827,0.16790330716934063,0.9013827852621524,0.007125287897203082,0.017379907526603535,0.13202529020692044,0.009319714683689263,-0.08707968372867322,829,-0.08720500647392163,,,
R2A,0.0,S7_block,47,0,0.047499369657015816,0.048592678430833855,0.22549693689415756,0.9332617275612958,0.007859038216660688,0.01796074768655486,0.13424795033163742,-0.02064744162721448,-0.01722167960861357,829,-0.015788882935690206,,,
R2A,0.0,S7_block,48,0,0.05322854231621699,0.030691248436147227,0.18309704026350762,0.9237912179057418,0.0097779382458378,0.01830986147821407,0.13566675921003452,-0.00623670743277781,0.019510754819843774,829,0.02010542081944542,,,
R2A,0.0,S7_block,49,0,0.07319451038079958,0.07843688136081693,0.28947248178488727,0.9300555672526897,-0.0011939391202173643,0.016951419761663606,0.13020309232996885,0.002259918314128553,0.042668354267696405,829,0.042394652554742514,,,
R2A,0.0,S7_block,0,1,0.02385735202069902,0.007010750871495622,0.08706275964461024,0.8100875033835061,0.0059162706314236915,0.017612316226286555,0.13284321015569747,0.028237536612697355,-0.021781558428259833,829,-0.01916289005241292,,,
R2A,0.0,S7_block,1,1,0.0405944025444107,0.008730138985653696,0.10187268772144649,0.7287804936686165,-0.003720228677898706,0.019444820994791116,0.1394943048880741,-0.0006192212354166596,-0.03286867062829399,829,-0.03220413370352666,,,
R2A,0.0,S7_block,2,1,0.02915975664613234,0.009276805185713803,0.10063347650446873,0.8392034246021594,-0.006416021049370032,0.01766985890638357,0.13308277211002756,-0.015999304905322347,0.009483219151663391,829,0.01153305371439231,,,
R2A,0.0,S7_block,3,1,0.056965160992820146,0.04744647218703822,0.22514773317530012,0.9188115214029035,-0.00037228735185046473,0.01812934841291728,0.13464578348685718,-0.012121365447938737,0.02536487551798699,829,0.025432539194219714,,,
R2A,0.0,S7_block,4,1,0.05862716364220433,0.03267020942206114,0.19001935095876668,0.9097277819406158,0.0060051484194912266,0.017940704000537707,0.13407746196910883,0.017720304672889972,-0.02437111848435969,829,-0.02404430245915207,,,
R2A,0.0,S7_block,5,1,0.05957597593278734,0.03548594414270161,0.1975733814334453,0.8986058250073105,-0.003668479980904929,0.016933865481109065,0.13018188517024698,-0.017342571337103752,-0.038058619866194444,829,-0.03818516597086592,,,
R2A,0.0,S7_block,6,1,0.04333339988776189,0.026313874926316212,0.16790371786279448,0.9061688940392274,0.001444832488964216,0.018071853789564076,0.13443935930554432,-0.009431862785543147,0.009503561661373365,829,0.009922135979034253,,,
R2A,0.0,S7_block,7,1,0.010503069755427958,0.008239182363319648,0.09137558118888783,0.8341339177239071,0.0038284595616650554,0.017344203709312625,0.13175302961195212,0.0032797683515696126,-0.023526362476585717,829,-0.021077772398769772,,,
R2A,0.0,S7_block,8,1,0.03543171580715372,0.033056802340903774,0.18523554957389438,0.8864970188819553,-0.005891620065924118,0.019407855209496158,0.13943660350315967,0.0302433306236378,-0.008580760991058225,829,-0.010327633461558827,,,
R2A,0.0,S7_block,9,1,0.03501864228413078,0.00784076422816817,0.09522116117540304,0.9185706370651086,0.002603498181801651,0.017684820646548357,0.13300976975143972,-0.0018166173674927083,0.05201679515647893,829,0.04800656486051649,,,
R2A,0.0,S7_block,10,1,0.06275617704687916,0.034429792738298826,0.195877845852557,0.9406037985210117,-0.0011577649466684508,0.016563269182853817,0.12870357260979803,-0.0017133808639744287,-0.004671267092375419,829,-0.00421226602832223,,,
R2A,0.0,S7_block,11,1,0.031417890877048056,0.023428130866584962,0.15625368710448745,0.8087382810982604,0.0014137453106477045,0.016358051297224153,0.12790641099267672,-0.025790796651379035,0.0018563656916977594,829,0.00342958990341788,,,
R2A,0.0,S7_block,12,1,0.02703160247902141,0.007467761465387984,0.09054539744223239,0.7588064225968545,0.0003648457380192534,0.017936990359170967,0.1339295466713134,0.026335760089544854,0.02494587986501348,829,0.02702061249553517,,,
R2A,0.0,S7_block,13,1,0.07870165676097887,0.06690831872974999,0.27037431369616627,0.9356280660911845,-0.007944512246645411,0.016869811470870126,0.1301265797049443,-0.03325000754051804,-0.02157014022240132,829,-0.021808873575770313,,,
R2A,0.0,S7_block,14,1,0.040323204923179166,0.01900126149157325,0.14362180317364753,0.8641508857662947,-0.003065062121350453,0.01698540700478587,0.13036411166649203,-0.00012623519623886057,0.018276672223272925,829,0.018624018071649137,,,
R2A,0.0,S7_block,15,1,0.01912009789793773,0.009006797077265098,0.09681102840530008,0.7356901576816971,-0.003140776732755692,0.016722053762964737,0.12935191626508574,0.03102908823185959,-0.04645009461906151,829,-0.051361463207716944,,,
R2A,0.0,S7_block,16,1,0.06545707460423382,0.050338593398889526,0.23371611415269114,0.935899404547701,-0.0023273782762293312,0.01676807130838516,0.1295125013194704,0.016444403153778174,-0.07999620851227023,829,-0.0799450848388327,,,
R2A,0.0,S7_block,17,1,0.04970675605581982,0.024433380088748017,0.1640248203362552,0.9179642188069475,-0.00131982844281928,0.01808565502889449,0.1344893935446694,-0.01698031550771405,0.027449809894133596,829,0.027073860010126446,,,
R2A,0.0,S7_block,18,1,0.039448214073757606,0.013443814064696658,0.1224743877645676,0.840146940084108,-0.00498173607808722,0.015674607327060157,0.12529734642605914,-0.01587068406825397,-0.024954278997026392,829,-0.027772923664606246,,,
R2A,0.0,S7_block,19,1,0.06985214478164584,0.06805645884526464,0.2700662529377942,0.9236817061471637,-0.010462997821038983,0.015914129117746388,0.12658437281572105,0.04224359134532213,0.02957990945200372,829,0.029998583956134667,,,
R2A,0.0,S7_block,20,1,0.08355835757270046,0.06033792910799712,0.2594608414158953,0.93524652999109,0.01206743977473687,0.01746364436022313,0.13269991508264062,0.026020908813829548,-0.03267758811270793,829,-0.03208676007350798,,,
R2A,0.0,S7_block,21,1,0.03786691998237842,0.01281058401534639,0.11935027291254194,0.878388760398227,0.006256592088828843,0.018021386768756916,0.13438947768825843,-0.023104502067440556,-0.01172603407599121,829,-0.00944292381962018,,,
R2A,0.0,S7_block,22,1,0.06771431626795216,0.046867941904032116,0.22683291324600224,0.9310677967336887,0.001788360084538681,0.016788808314880006,0.12958397488374856,-0.033331416530505434,-0.03460498898215548,829,-0.03481045176779056,,,
R2A,0.0,S7_block,23,1,0.028073204826952223,0.0191911999672436,0.1413481687058577,0.8518605236957147,-0.007451961017242953,0.01728868750442062,0.13169745338245203,0.012564747071835134,0.009266909044415537,829,0.010705201412967479,,,
R2A,0.0,S7_block,24,1,0.05687953684376134,0.025020624023062904,0.16809493072256435,0.9237999119240703,0.010206218382771966,0.01750954185220874,0.1327166483372963,0.009283278961662682,0.0245200439568728,829,0.025663440519036473,,,
R2A,0.0,S7_block,25,1,0.05158814358458903,0.013345286517336677,0.1265172837040096,0.8886118107226945,0.010125373985211478,0.018353296550109754,0.13585219817305183,-0.00863176554786482,-0.004869131803568539,829,-0.004864146788951704,,,
R2A,0.0,S7_block,26,1,0.060998585209048835,0.05030169617361382,0.23242745872878148,0.9277907838655323,-0.0015612495880586081,0.018187951735214328,0.13487175106556057,0.026991181880741733,-0.0028106864876929934,829,-0.0034827563577808297,,,
R2A,0.0,S7_block,27,1,0.023061280716811936,0.026667142521903917,0.1649210877668575,0.923760295448015,0.0036289122919816717,0.01646703957436373,0.12837526466880847,0.07341493905562249,0.024297397376052497,829,0.02172727843980714,,,
R2A,0.0,S7_block,28,1,0.06472438715969522,0.040887725375099694,0.21231338080370207,0.8522982854742485,0.003808547045055632,0.01755472414064971,0.13254896895579427,0.016448302642896418,-0.021360197528833936,829,-0.01806369056248875,,,
R2A,0.0,S7_block,29,1,0.03316350106811604,0.01105623249390316,0.11025447971396941,0.8591611027560072,0.002735146679565346,0.016798336951011537,0.12963725536422882,0.007727317700212835,0.07368136943333624,829,0.07262370509988914,,,
R2A,0.0,S7_block,30,1,0.039363198591580224,0.010012538122072027,0.10752673865337967,0.8112230252724948,0.0022849107108401288,0.018413851581335683,0.13571688324704556,-0.02753905344982465,0.0081684041802994,829,0.008979654248741484,,,
R2A,0.0,S7_block,31,1,0.01869478757908253,0.01338312083297911,0.11718624456652806,0.8554360023344952,0.0023350861757111337,0.0187374126781179,0.1369045846769417,-0.02876963791016664,0.023419864929404673,829,0.02118837044876799,,,
R2A,0.0,S7_block,32,1,0.03985090853883988,0.02370335858422426,0.1590328692302168,0.8715768172869435,-0.006129033046426853,0.01742594289712486,0.13214956656459018,-0.048650170704724646,0.009310287864563603,829,0.011885564533510449,,,
R2A,0.0,S7_block,33,1,0.07013605662562963,0.06331950159052473,0.26122512901617684,0.9390333660778645,-0.009328186268539866,0.018858434556880268,0.13764247024788842,-0.001373101785591522,-0.04837077802030497,829,-0.04938422776806229,,,
R2A,0.0,S7_block,34,1,0.01776229927951723,0.01268860265233675,0.11403552923554962,0.769431458602704,-0.0008336218709365601,0.016343809187592536,0.1278456261004507,-0.04477474987448622,-0.018303958705382387,829,-0.020679671684072178,,,
R2A,0.0,S7_block,35,1,0.054715370943373795,0.046443860690951064,0.22234574992210232,0.9164024132092485,-0.006799002940484338,0.017783749936371294,0.13352893460728282,-0.041099788527738754,-0.027050076568307425,829,-0.026733778679585395,,,
R2A,0.0,S7_block,36,1,0.03731621376729904,0.011567682786687539,0.11384279773711772,0.8928741050901527,0.006868494033586638,0.01845345947665943,0.13601704189897987,-0.016282670830811925,0.008972457309008003,829,0.010196024885752372,,,
R2A,0.0,S7_block,37,1,0.04094553104631494,0.012729184823248729,0.12002383653222168,0.7308964915113221,0.002250975212253173,0.01687127215663074,0.1299089644560256,-0.0018289477978418605,0.02285526634945944,829,0.024113180562903444,,,
R2A,0.0,S7_block,38,1,0.01722883381595748,0.007385984917811697,0.08765168356893996,0.8714722825119731,-0.0027777097976770617,0.016927739815225475,0.13013629580922298,0.03538497104291196,-0.018656661026326987,829,-0.021053560230733317,,,
R2A,0.0,S7_block,39,1,0.038046291297111706,0.008398873722120009,0.09922899779593003,0.8692883428013239,-0.0020694490172500856,0.016670615867119324,0.12913132263844557,-0.03157071863559968,0.03909258414816021,829,0.04054702226929488,,,
R2A,0.0,S7_block,40,1,0.062277167684701394,0.029816772445321417,0.1835625726016876,0.9164683163948277,0.0028477520551412555,0.0178898353456991,0.13378320162661178,0.037268048200002964,0.017418380234607497,829,0.018027565306324395,,,
R2A,0.0,S7_block,41,1,0.05673101368268185,0.04176630115882712,0.21209599023152642,0.8602639455587116,0.001138130264492359,0.016974500611757263,0.13029119675655843,0.032275557291008755,0.09912953915766363,829,0.10168436039482379,,,
R2A,0.0,S7_block,42,1,0.03007741664129864,0.028549046263165394,0.17162079493750068,0.9111118850234048,-0.00037988896607083476,0.016319508333417936,0.12774839587659986,-0.017317534540629953,0.007117957621444904,829,0.006623120210613185,,,
R2A,0.0,S7_block,43,1,0.046767702337212926,0.029654494703861032,0.1784424632360896,0.9297542540843898,-0.0029463691278780483,0.017080536705939703,0.13072573502175236,0.01610738280262531,0.015345036993573374,829,0.015241320653870722,,,
R2A,0.0,S7_block,44,1,0.05220965501236821,0.04349408762839399,0.21498822224695124,0.9060948170076369,-0.005676482999818032,0.01728201807998759,0.13158358765148037,-0.012775939380624157,0.02003516840633464,829,0.019277543952649526,,,
R2A,0.0,S7_block,45,1,0.05879922707886621,0.04290743924332648,0.2153248437788788,0.9171805745104922,0.0023459471656126015,0.017759196821195564,0.13328428372955084,0.014833044760000752,0.017619116104601415,829,0.015932601308570896,,,
R2A,0.0,S7_block,46,1,0.0567548126676331,0.05136333247906446,0.23363313386590223,0.9319427882577662,0.012040125027166533,0.018122979103445583,0.13515895721007684,-0.04309079290227079,-0.011461720841432349,829,-0.011303109741351963,,,
R2A,0.0,S7_block,47,1,0.020520846393895446,0.04241992643274747,0.20698075168833777,0.9441069669862353,0.006357288392813639,0.016727532567834852,0.12949111044216222,-0.03432952821191966,-0.01318448237329024,829,-0.012771064492844954,,,
R2A,0.0,S7_block,48,1,0.026365819441241518,0.030283713051169805,0.1760081517600192,0.8769264901014919,-0.001831365300686021,0.018190171218811856,0.1348833759870964,0.03783889954936068,0.04846127468735646,829,0.046870456856165435,,,
R2A,0.0,S7_block,49,1,0.04976750603855208,0.017744415851756668,0.1422013379299013,0.8223694928836266,-0.008531578419979294,0.017712696438334778,0.13336222954296706,-0.036374114468194954,0.0036681961746274023,829,0.002240872663322633,,,
R2A,0.0,S7_block,0,2,0.025050114240932904,0.006189591704994796,0.0825657309570901,0.7759584308056302,0.0033501590535407475,0.017676520849701446,0.13299527967332325,0.021717349649250265,0.05290073318150842,829,0.05354276748245891,,,
R2A,0.0,S7_block,1,2,0.018490806107211485,0.021461211889406306,0.14765880197231995,0.8181021971990472,0.0010653311072730493,0.01789275034778429,0.13376802786223776,-0.011747779408326884,0.005956872012469779,829,0.008112958859539705,,,
R2A,0.0,S7_block,2,2,0.06625821844382809,0.03624675251023039,0.20158597178767285,0.9067843491566292,0.004547578545181301,0.01830385191717181,0.135368136530708,-0.007880526308394512,-0.01637663314034849,829,-0.016166882958763742,,,
R2A,0.0,S7_block,3,2,0.05561980975354475,0.02803143760648106,0.17642279003434214,0.9137743269536283,0.0025890993584646933,0.017550733717128213,0.13250447974546453,0.02667915190744068,-0.048572179298009006,829,-0.049231092301493445,,,
R2A,0.0,S7_block,4,2,0.027140500869832877,0.008332016606115343,0.09522932003107416,0.915988932096379,0.00020031734276442726,0.017345721289960835,0.13170330829936902,-0.04041789362047148,-0.053651359272817375,829,-0.05617729694332644,,,
R2A,0.0,S7_block,5,2,0.03292393225984814,0.008853423940223742,0.09968655503965823,0.8889154804538233,0.0019133555292148478,0.018180700879961532,0.13484940418608718,0.018307181731717297,-0.02625269396807304,829,-0.02589643639188395,,,
R2A,0.0,S7_block,6,2,0.028680783320236346,0.008002348722494829,0.09394113079134812,0.8510468303815582,-0.001297447752462999,0.01808492170627027,0.13448644941755522,0.010604054120864013,0.032745618983316654,829,0.033385511142754745,,,
R2A,0.0,S7_block,7,2,0.050480441246045074,0.015163658765512794,0.13308618904269595,0.9114371588520784,-0.0065606905830380355,0.018168593297105396,0.13495049447123844,0.05663982248110346,-0.060262773029858115,829,-0.06133592191222153,,,
R2A,0.0,S7_block,8,2,0.057574316911414944,0.04421796817826207,0.21802011408601296,0.8847378217138517,-0.004155494245266391,0.01811020680663715,0.13463831155751915,-0.0297425685848835,0.0020426472199150942,829,0.001774189532526904,,,
R2A,0.0,S7_block,9,2,0.03595440707219667,0.025543151926153126,0.16381657826382026,0.9163602114267714,-0.00790441657162416,0.017751071876888274,0.13346741803985737,0.003085550906915499,0.01014351970482582,829,0.008255229304380952,,,
R2A,0.0,S7_block,10,2,0.047652214977203435,0.04552750039805055,0.21862807228323664,0.9326377135368091,-0.0019905173077363475,0.017826125841519335,0.13352935258089035,0.01466327648196867,0.07413280007776062,829,0.07491732919572158,,,
R2A,0.0,S7_block,11,2,0.04652333684804166,0.048129400695358586,0.22426284036111496,0.9152918874210406,0.006023371149266058,0.01691193014665979,0.13018529543178678,-0.03247955664373042,0.009029201095538123,829,0.008087036923924372,,,
R2A,0.0,S7_block,12,2,0.015908911408830464,0.009427355183274767,0.09838927098768842,0.7906640415374829,0.0009399110262036982,0.01733246417949684,0.13165617194888365,-0.016617752435159613,0.014450195761580771,829,0.016795118891762117,,,
R2A,0.0,S7_block,13,2,0.05860190827108016,0.032437266317858274,0.18939759758473804,0.9011519868019,0.005393230380537586,0.019167045062936802,0.1385501064484411,0.031120863090918088,-0.029704723945178046,829,-0.029622111878910524,,,
R2A,0.0,S7_block,14,2,0.049662638570577886,0.022786901946746808,0.15891280507416217,0.8653013643370414,-0.004001904005946395,0.01638172195116262,0.12805364964277835,-0.008235363234526822,0.012456543730087257,829,0.013065301277276821,,,
R2A,0.0,S7_block,15,2,0.05244242030799092,0.007028282110642546,0.09888624554710591,0.7852212042946016,0.009141854696303376,0.01771556356863501,0.1334134066573646,-0.07622145501566484,0.0017245517816231845,829,0.0017642064242357931,,,
R2A,0.0,S7_block,16,2,0.020471728873969742,0.008378124858005641,0.09379347813731488,0.8583586254760873,-0.008189115954569745,0.01861562620978271,0.13668462909157011,0.027401328906761866,0.05182915157066561,829,0.052739471942928086,,,
R2A,0.0,S7_block,17,2,0.025374042524737656,0.028856891155191692,0.17175777475630874,0.8652536015481245,0.002214269566163436,0.017308843636236297,0.13158171083379305,0.018071305939875538,0.015131196729328653,829,0.015131316424937934,,,
R2A,0.0,S7_block,18,2,0.030756432981286365,0.021910454550433493,0.1511833744833269,0.8991673452604706,0.0016042490957486322,0.018038782179643848,0.1343181141723076,0.01683719647868789,-0.05667282115420266,829,-0.0573205635797977,,,
R2A,0.0,S7_block,19,2,0.049673891245979845,0.03897237216808983,0.20356784529882724,0.8559382070720104,-0.001490432623502182,0.01763265187758806,0.13279636014211105,-0.04237072373145941,-0.0027553145033955566,829,-0.002612181522086986,,,
R2A,0.0,S7_block,20,2,0.018051997638503858,0.007520715951322971,0.08858098311750395,0.8017757575255241,0.0025095862258709013,0.01701094094033543,0.1304501397598351,-0.0046838032991351666,-0.030977470365591554,829,-0.02494532268936846,,,
R2A,0.0,S7_block,21,2,0.046103412250096225,0.010240097240928708,0.11120081772195306,0.8984916672944245,0.0015834071810967875,0.017029226457465345,0.13050568430442597,-0.03709312400983618,0.036779358612142404,829,0.039520599628676545,,,
R2A,0.0,S7_block,22,2,0.04310900621579576,0.008191183813205856,0.10024754475855943,0.7833349357514857,0.0017970552915453457,0.01862541144730146,0.13648677904845705,-0.07478154506202686,0.01989007750219401,829,0.01748155160574142,,,
R2A,0.0,S7_block,23,2,0.028214369688759414,0.008700036114153481,0.09744786693964863,0.8618505781294934,0.0008490730744900649,0.016469778680424294,0.12833744428462848,-0.010487611238720032,-0.05908568938953916,829,-0.05871075902176224,,,
R2A,0.0,S7_block,24,2,0.0702846537072741,0.03316638808823573,0.19520840308497778,0.9320177635211699,0.0034101085425699788,0.017470599823155363,0.1322203791532435,-0.04101554482115422,-0.04040872840632572,829,-0.04095620698982049,,,
R2A,0.0,S7_block,25,2,0.04329488356253917,0.029925780835954947,0.17832618365974404,0.9012665061038957,0.000490924890666199,0.017272166436409078,0.13142453136175664,0.01590461802318377,0.0006412622075492607,829,0.0006079883656402494,,,
R2A,0.0,S7_block,26,2,0.049007251295284826,0.04167465465422296,0.2099437194434312,0.9316950408256343,0.0003137475980012404,0.016920321969403643,0.13007851631595008,0.007421899363640379,0.027409684915562393,829,0.027881626398844554,,,
R2A,0.0,S7_block,27,2,0.046214748669316734,0.012285151271551394,0.1200872777030086,0.8367229804708789,-0.009880244248258617,0.01768972574976134,0.1333692055017446,0.012232882411073502,-0.042213528876726775,829,-0.045937458533254434,,,
R2A,0.0,S7_block,28,2,0.011663244082940883,0.02906561019715821,0.17088487779700245,0.9105423569357904,-0.001212736213313695,0.017868137712430468,0.13367725476517517,0.06432399132378934,-0.019332479805242195,829,-0.01952680070795066,,,
R2A,0.0,S7_block,29,2,0.061730519592967235,0.02739761164260313,0.17665862190060477,0.8810987735963529,0.00796817127740683,0.01804359701301641,0.13456258308505564,0.02570817463469399,0.020155401327285598,829,0.021303320699603098,,,
R2A,0.0,S7_block,30,2,0.0373652449093288,0.02891728375028411,0.17410756812217623,0.8997551471900979,0.0017130897090543527,0.017848381285533482,0.1336088169316859,-0.004919343861444958,0.0442827030891348,829,0.04355389280588932,,,
R2A,0.0,S7_block,31,2,0.09276301183962539,0.08696957373744346,0.30915133851077203,0.924002531189274,-0.0039719178890625624,0.016704896232229895,0.12930843887367657,-0.021249021136604134,0.0005270153236166516,829,0.0011194052462444623,,,
R2A,0.0,S7_block,32,2,0.02563185423397867,0.013092557781882971,0.11725847403644181,0.9419815823466379,-0.004232508477354129,0.019707472246922687,0.1404470945763335,-0.034811737939539074,-0.0007369400644919842,829,-0.000449473960627845,,,
R2A,0.0,S7_block,33,2,0.04783796240227575,0.012316264001124705,0.12085005026033814,0.8879631434990571,-0.004096428370483519,0.017766053753860093,0.13335229461563303,0.007946641422664562,0.02183120336157213,829,0.019438802206299274,,,
R2A,0.0,S7_block,34,2,0.046515233421670375,0.03150521309665679,0.18349081730955716,0.890485029758309,0.0016813814212954495,0.016599709128891492,0.12885082914896345,0.011908076451335715,-0.04892992014838877,829,-0.0474784222672966,,,
R2A,0.0,S7_block,35,2,0.018727991445555994,0.011895343079438226,0.11066201129124233,0.8177425015047343,0.002325460033348641,0.01704408333850844,0.13057369988966058,0.007324759429896709,0.029564795346824647,829,0.03208151343339933,,,
R2A,0.0,S7_block,36,2,0.07544650331457245,0.048316075285339904,0.23239675158602302,0.9243828783241743,0.0007375706691443497,0.016343333173259655,0.12784317417739452,0.0005496979954495836,0.015526135210659993,829,0.014353375587012659,,,
R2A,0.0,S7_block,37,2,0.04127447411667365,0.011092869784710057,0.11312140380280833,0.8945671043025878,-0.00557749087542974,0.017328667317187914,0.13175650162953406,-0.01596306763205352,-0.008386365428506681,829,-0.008159207079020795,,,
R2A,0.0,S7_block,38,2,0.0584141114347989,0.0354576499523548,0.19715440235275472,0.9433180378532194,-0.008663807915201398,0.017234694747133846,0.1315665470958532,-0.0281983079126057,-0.003362374805440749,829,-0.004109436781548913,,,
R2A,0.0,S7_block,39,2,0.0657803085038691,0.0747118993613767,0.2811386639155862,0.9232277399239024,-0.0015543541204310076,0.017110059751743855,0.13081466190177443,0.0015610756170179978,0.01960846969542109,829,0.021614960438527314,,,
R2A,0.0,S7_block,40,2,0.07094238194993986,0.0537883959653337,0.2425308589067891,0.8976220395939581,0.003942133585447484,0.017213700249091215,0.13126020214176393,-0.049216836052745516,0.004367381607137279,829,0.00424413512001081,,,
R2A,0.0,S7_block,41,2,0.04596820663952357,0.019361975762566555,0.1465436855829022,0.8322784649679816,-0.0036222006157189705,0.015412408550034205,0.12419955268572717,0.0015807083031852808,-0.008514685568092015,829,-0.010307270780759851,,,
R2A,0.0,S7_block,42,2,0.027785026703648696,0.011636749776131513,0.11139460258492771,0.9486379227599839,0.0038514457521225927,0.017214044866499204,0.13125882256397375,0.03205157256725698,0.010404758922513366,829,0.011463739554947252,,,
R2A,0.0,S7_block,43,2,0.0704610523075523,0.03367679599196085,0.19657455553618444,0.9297512748582185,0.006739163391539285,0.017845409399078648,0.13375659132280737,0.003185315242474881,-0.0018313973331276,829,-0.001802473790280154,,,
R2A,0.0,S7_block,44,2,0.023839491525580972,0.031022385520538293,0.17773774747288923,0.9318815096045546,-0.0007020336883503623,0.019065196011875733,0.13807856047618441,0.0009512049421604502,0.022731041744196608,829,0.020831701645344827,,,
R2A,0.0,S7_block,45,2,0.029929762579963222,0.011322263587629377,0.11053530782389102,0.9253150346687605,-0.006047961735139022,0.017412625771536853,0.1320954337313995,-0.0027998881032220606,0.03934484114881706,829,0.04009153856795733,,,
R2A,0.0,S7_block,46,2,0.041322174168804966,0.012325450600197307,0.1184608487148153,0.9175185731238555,0.0011465351731385187,0.01840508818435886,0.13567019837555375,-0.044462801400421796,-0.04569782412024152,829,-0.04687330539020254,,,
R2A,0.0,S7_block,47,2,0.04953619067243147,0.039238858615433234,0.2041878860309022,0.9027995158068253,-0.0012150718864035813,0.01685372533248032,0.12982758463504376,-0.03953559272992212,-0.013543123046888443,829,-0.013882971510612309,,,
R2A,0.0,S7_block,48,2,0.08074165701078742,0.04645099902330358,0.23015258894948637,0.9085900149770659,0.0032475981700458597,0.019142315233454943,0.13839386593100514,-0.048983298330955806,-0.013562230786503152,829,-0.014411775266520911,,,
R2A,0.0,S7_block,49,2,0.03640127386862714,0.03759359997877177,0.19727811008327956,0.9099592566571534,-0.001721120235851469,0.017286943934900982,0.13149108787201982,0.011895124522055928,0.036198871329290165,829,0.03669111302795272,,,
R2A,0.0,S8_real,0,0,0.04571982384197941,0.029789288024153916,0.1785485657077523,0.9300852449606575,0.005188360341705809,0.016784459999294368,0.12965870230080875,0.017782911812289793,-0.007043383791724006,829,,,,
R2A,0.0,S8_real,1,0,0.047430146918128094,0.03069953830166016,0.18151902693198688,0.9250156667950805,-0.0009196600992962203,0.01941729934334759,0.13934900472570955,0.039220712832181565,0.014815324039675976,829,,,,
R2A,0.0,S8_real,2,0,0.0466268133490933,0.028974073002776397,0.17648833594849145,0.9230416122172046,0.0012650898735337417,0.01774393965629708,0.13321238721937684,0.003112323260370534,0.07234530184478527,829,,,,
R2A,0.0,S8_real,3,0,0.04613407934541402,0.029158470116231384,0.17688081691715563,0.9253759132667311,0.005456157122156683,0.016482570933847588,0.12850035246795727,0.06374816236793895,-0.015958336069488488,829,,,,
R2A,0.0,S8_real,4,0,0.04651569306885242,0.02989167570114498,0.17904017818026396,0.9324763266787428,-0.00051806184763712,0.017806616391277414,0.13344243994829902,-0.024497582697792532,0.022032949046220905,829,,,,
R2A,0.0,S8_real,5,0,0.045632304646979455,0.029871054618091548,0.1787550330633694,0.9316380928510059,-0.00469733019395998,0.017376133651822095,0.13190223107579788,0.04668554849906685,-0.026748147864677482,829,,,,
R2A,0.0,S8_real,6,0,0.04658025799052554,0.030138377127347953,0.1797445341639402,0.9214449665353738,0.005134406431351899,0.0167528865753518,0.12953473937424703,-0.01083982044429468,0.008886339979460799,829,,,,
R2A,0.0,S8_real,7,0,0.045928345433084446,0.029956560135243705,0.1790697435343683,0.9296204699154414,-0.001906406635538266,0.017330610300235187,0.13165957878747453,0.06016710144860829,0.01147518136067492,829,,,,
R2A,0.0,S8_real,8,0,0.04725184175111711,0.030238808938928944,0.18019862787435859,0.9264927782163151,0.004646545625959016,0.016795291786057768,0.1296799220091988,-0.017053378348968636,-0.05302297356923765,829,,,,
R2A,0.0,S8_real,9,0,0.046529539496034535,0.030243825049107182,0.1800245069284186,0.9200968901261278,-0.0010792008611243578,0.016850276876549122,0.12981310238588312,-0.05529810487130267,-0.022072353292319793,829,,,,
R2A,0.0,S8_real,10,0,0.04755073266127469,0.030381927991423457,0.1806737395640204,0.9235581345218412,-0.0013149934790878486,0.017967919773182257,0.13405091935914615,0.006165691781154581,-0.03852617060910163,829,,,,
R2A,0.0,S8_real,11,0,0.04602940530473199,0.02901523533397698,0.17644812690046974,0.9230812586524899,-0.005024257337488639,0.018758663301848055,0.1370543923544275,0.021735968235021254,0.05774779733403665,829,,,,
R2A,0.0,S8_real,12,0,0.046610638566377656,0.030069627917163028,0.1795610746925082,0.9258271761115674,-0.009556142004968215,0.018726853881646237,0.1371793487798559,-0.048531580708202196,-0.0343250078529272,829,,,,
R2A,0.0,S8_real,13,0,0.046888027735487975,0.030268224368730678,0.1801852144701517,0.9216379124537182,-0.002599642457108926,0.016567218915419398,0.12873995905049918,-0.0009227186077450138,-0.04244122383217012,829,,,,
R2A,0.0,S8_real,14,0,0.046391541898319635,0.030123071165471648,0.17965312779123885,0.9259573234822681,-0.0006315819016452223,0.019029229211063578,0.13794791809506246,-0.05403693320629167,-0.02422356078051181,829,,,,
R2A,0.0,S8_real,15,0,0.045891222717047264,0.029802509506441522,0.17862954355007224,0.9316234640331933,-0.00019324172074434775,0.017140093933495325,0.13092032415121024,0.014456413399476387,-0.00791198144219899,829,,,,
R2A,0.0,S8_real,16,0,0.046720765981817486,0.029892555574231386,0.1790960232617105,0.9251953233464493,0.002507439235941496,0.01695586353500267,0.1302388221173879,0.03983577806635263,-0.004777643051312791,829,,,,
R2A,0.0,S8_real,17,0,0.0463238315087503,0.029874602829509614,0.17894272881332926,0.930756169398638,-0.0044601123296578475,0.017495399607597568,0.13234535205133097,-0.011524922234403386,0.020902121506439976,829,,,,
R2A,0.0,S8_real,18,0,0.04708124321898079,0.029641490058565218,0.17848846887575132,0.9235920294007596,-0.0005428941145293876,0.0187568434349798,0.13695670180388908,0.020287681923536926,0.011784770117712628,829,,,,
R2A,0.0,S8_real,19,0,0.04673278506357391,0.03034816976393076,0.18036663484061835,0.9240492015293557,-0.008573430069172109,0.02008548067279589,0.14198233825355489,0.028934819611757007,0.02639511682525174,829,,,,
R2A,0.0,S8_real,20,0,0.04623885430996766,0.03000614375288591,0.17928796780817255,0.9242347840602658,0.0015633473133307668,0.01836987835186988,0.13554454030573115,0.04059734625173027,0.03525038933034174,829,,,,
R2A,0.0,S8_real,21,0,0.04644761653527361,0.030067375683982583,0.1795125532262031,0.9277798776993131,-0.002806326355714353,0.01826640456516158,0.13518239542476068,0.0027365836301944677,0.024404499297787693,829,,,,
R2A,0.0,S8_real,22,0,0.04679456860947141,0.030100926034427246,0.17969601466302407,0.9278741405999976,0.00014726223219644398,0.017485761626153173,0.1322338206069771,-0.02196826794784795,0.09607782168756275,829,,,,
R2A,0.0,S8_real,23,0,0.04652470616555361,0.030142021625016755,0.17974028460199973,0.9254888848912713,0.0018164776201269406,0.01758912391761757,0.13263643356394197,-0.011049300850820247,-0.04064461722155319,829,,,,
R2A,0.0,S8_real,24,0,0.04734688017674106,0.030311072186897627,0.1804239431155641,0.9247288520881356,-0.013215476891764121,0.01787670351914187,0.1343553212515925,0.021339254707969067,0.052332598890372777,829,,,,
R2A,0.0,S8_real,25,0,0.045731648887545856,0.028711595041411138,0.17550777404828802,0.9273648893410578,0.00022664430495888886,0.01856513235661614,0.13625411452230393,0.01983599490275268,-0.0391420267694769,829,,,,
R2A,0.0,S8_real,26,0,0.04668132574585496,0.03008127100758753,0.17961185144911276,0.9205615112987537,0.0015065506801471853,0.017320105190887582,0.13161449344900977,-0.0005247601090530216,-0.00804785997145676,829,,,,
R2A,0.0,S8_real,27,0,0.04690555004969912,0.030097635655317607,0.17971579307557373,0.9251904980618333,0.001806789660069579,0.017922784877140177,0.13388819726180465,-0.02494530971178609,0.019221147265200907,829,,,,
R2A,0.0,S8_real,28,0,0.04668920453174871,0.02988816001325459,0.17907551991565474,0.9246656932084684,-0.004881541148502454,0.01692846818772597,0.13020098936532892,0.0051107700168233836,-0.019203890547647654,829,,,,
R2A,0.0,S8_real,29,0,0.045816814747980335,0.029737876747915643,0.17842941815061322,0.9326300411648829,0.0019675322334010256,0.017766128372103476,0.133304161807473,-0.03801762287191079,0.028989990703497778,829,,,,
R2A,0.0,S8_real,30,0,0.046595666593828605,0.029853024897933254,0.17895301350705578,0.9246065383592352,-0.008541461816081468,0.01805579266496272,0.1346430437672823,-0.020522975735049572,-0.04580854483558795,829,,,,
R2A,0.0,S8_real,31,0,0.046005035055840866,0.029728716490349427,0.17845217774193334,0.92978193200077,0.0022294863099231927,0.017597500911126725,0.13267430617995654,0.0019139649071869237,-0.0037786814987652287,829,,,,
R2A,0.0,S8_real,32,0,0.04608828129500229,0.03004982491831181,0.17937099707321436,0.9317731050125024,0.003782495685693497,0.01717834985585472,0.1311207730661584,-0.040983879093628224,-0.04878128221431116,829,,,,
R2A,0.0,S8_real,33,0,0.04683138299606267,0.030076723688956468,0.17963825350487123,0.9256494309344805,0.009464939921902251,0.017419063671651778,0.1323202507531519,0.02538887551180297,0.0023113233094052468,829,,,,
R2A,0.0,S8_real,34,0,0.04744165776060102,0.030408740851696044,0.1807192622350203,0.9262240193278185,0.001816815985315271,0.01762732162253867,0.13278035412990571,-0.023336834747377137,-0.0178432570044424,829,,,,
R2A,0.0,S8_real,35,0,0.046322995977143816,0.02982510358094525,0.17880414854595442,0.9284667211702561,0.001473817230173714,0.018025870513655548,0.1342685467668564,0.0061852712938303125,-0.015250680624427762,829,,,,
R2A,0.0,S8_real,36,0,0.046403173954550195,0.02902277904664388,0.17656736278174434,0.9220191957302389,-0.0010279397396703695,0.016867282248102463,0.12987816948283054,-0.04106045734357453,-0.010196963091796813,829,,,,
R2A,0.0,S8_real,37,0,0.047313132561688544,0.030471770281849712,0.1808598982490304,0.9252465712944532,-0.0008819618841808336,0.018475411941529924,0.1359271488639965,-0.009577946803550718,0.02438247063013203,829,,,,
R2A,0.0,S8_real,38,0,0.04638099747037119,0.02978965469838731,0.17872003699846836,0.9267650269642269,-0.0073994235588371576,0.01787925247945926,0.13391790003006443,0.008664084809166896,0.05642110989776407,829,,,,
R2A,0.0,S8_real,39,0,0.04628694771392685,0.029898725956863145,0.1790005795675951,0.9328639356377302,0.002589228903735444,0.018087411380745592,0.13451436907283001,0.02743150417826802,0.012721154535093655,829,,,,
R2A,0.0,S8_real,40,0,0.04569554569088416,0.028760745065865873,0.17563834422429958,0.9272727974022864,-0.0050075543233931335,0.019212364974198107,0.1386991008424346,-0.04593488614007611,-0.01271131487497758,829,,,,
R2A,0.0,S8_real,41,0,0.046261220045558826,0.029785761678196347,0.17867809647044028,0.9304395863548216,0.0005204949820579728,0.01620744150394572,0.12730951425157536,-0.029048291600121994,-0.06820461057470731,829,,,,
R2A,0.0,S8_real,42,0,0.045773248146261165,0.029748743192942077,0.17844868573010358,0.9315876890866223,-0.0035190703295070788,0.017096166575119958,0.13079965761080561,-0.0026861570367596,-0.07152216759111285,829,,,,
R2A,0.0,S8_real,43,0,0.04635147461802164,0.03033667479240203,0.18023632816851085,0.9216510876758833,-0.007853555093159787,0.018565202647232177,0.1364803318241624,0.04612057239440325,-0.02064453693561754,829,,,,
R2A,0.0,S8_real,44,0,0.04615875822558188,0.030193924162983568,0.17979030875970844,0.926103418662859,-0.006379070900948346,0.016091852186987193,0.12701395487325998,0.002399336569925487,0.011555447917930967,829,,,,
R2A,0.0,S8_real,45,0,0.0460109482673975,0.029779360277685237,0.1785955420444485,0.9305732548843412,-0.001735947823855553,0.018481812682239446,0.13595891363601945,0.022438872281452478,-0.030879556459009107,829,,,,
R2A,0.0,S8_real,46,0,0.046305319013297076,0.02915980753465355,0.17692933646961084,0.9264803513780893,0.007125287897203082,0.017379907526603535,0.13202529020692044,0.009319714683689263,-0.06430110099413029,829,,,,
R2A,0.0,S8_real,47,0,0.04631490412793485,0.029961772832798467,0.17918382509919323,0.9320708254785304,0.007859038216660688,0.01796074768655486,0.13424795033163742,-0.02064744162721448,-0.006948237879155556,829,,,,
R2A,0.0,S8_real,48,0,0.04702121164531616,0.03023493771649161,0.18012754387123925,0.9243551649125638,0.0097779382458378,0.01830986147821407,0.13566675921003452,-0.00623670743277781,-0.06659695103710382,829,,,,
R2A,0.0,S8_real,49,0,0.04605286737830637,0.029566039529742776,0.17800816308109763,0.9237513315276824,-0.0011939391202173643,0.016951419761663606,0.13020309232996885,0.002259918314128553,-0.022326444611006895,829,,,,
R2A,0.0,S8_real,0,1,0.04571982384197941,0.029789288024153916,0.1785485657077523,0.9300852449606575,0.0059162706314236915,0.017612316226286555,0.13284321015569747,0.028237536612697355,-0.0022446246355982947,829,,,,
R2A,0.0,S8_real,1,1,0.047430146918128094,0.03069953830166016,0.18151902693198688,0.9250156667950805,-0.003720228677898706,0.019444820994791116,0.1394943048880741,-0.0006192212354166596,-0.004712174645386794,829,,,,
R2A,0.0,S8_real,2,1,0.0466268133490933,0.028974073002776397,0.17648833594849145,0.9230416122172046,-0.006416021049370032,0.01766985890638357,0.13308277211002756,-0.015999304905322347,-0.01990809402215081,829,,,,
R2A,0.0,S8_real,3,1,0.04613407934541402,0.029158470116231384,0.17688081691715563,0.9253759132667311,-0.00037228735185046473,0.01812934841291728,0.13464578348685718,-0.012121365447938737,-0.03979045728096815,829,,,,
R2A,0.0,S8_real,4,1,0.04651569306885242,0.02989167570114498,0.17904017818026396,0.9324763266787428,0.0060051484194912266,0.017940704000537707,0.13407746196910883,0.017720304672889972,0.0028033583178785713,829,,,,
R2A,0.0,S8_real,5,1,0.045632304646979455,0.029871054618091548,0.1787550330633694,0.9316380928510059,-0.003668479980904929,0.016933865481109065,0.13018188517024698,-0.017342571337103752,0.013811354410909837,829,,,,
R2A,0.0,S8_real,6,1,0.04658025799052554,0.030138377127347953,0.1797445341639402,0.9214449665353738,0.001444832488964216,0.018071853789564076,0.13443935930554432,-0.009431862785543147,-0.003106857436577645,829,,,,
R2A,0.0,S8_real,7,1,0.045928345433084446,0.029956560135243705,0.1790697435343683,0.9296204699154414,0.0038284595616650554,0.017344203709312625,0.13175302961195212,0.0032797683515696126,0.051785778994874056,829,,,,
R2A,0.0,S8_real,8,1,0.04725184175111711,0.030238808938928944,0.18019862787435859,0.9264927782163151,-0.005891620065924118,0.019407855209496158,0.13943660350315967,0.0302433306236378,0.0027869590263988483,829,,,,
R2A,0.0,S8_real,9,1,0.046529539496034535,0.030243825049107182,0.1800245069284186,0.9200968901261278,0.002603498181801651,0.017684820646548357,0.13300976975143972,-0.0018166173674927083,-0.0020107126408692648,829,,,,
R2A,0.0,S8_real,10,1,0.04755073266127469,0.030381927991423457,0.1806737395640204,0.9235581345218412,-0.0011577649466684508,0.016563269182853817,0.12870357260979803,-0.0017133808639744287,-0.02698159631924333,829,,,,
R2A,0.0,S8_real,11,1,0.04602940530473199,0.02901523533397698,0.17644812690046974,0.9230812586524899,0.0014137453106477045,0.016358051297224153,0.12790641099267672,-0.025790796651379035,0.013731938807893054,829,,,,
R2A,0.0,S8_real,12,1,0.046610638566377656,0.030069627917163028,0.1795610746925082,0.9258271761115674,0.0003648457380192534,0.017936990359170967,0.1339295466713134,0.026335760089544854,-0.017254224341652635,829,,,,
R2A,0.0,S8_real,13,1,0.046888027735487975,0.030268224368730678,0.1801852144701517,0.9216379124537182,-0.007944512246645411,0.016869811470870126,0.1301265797049443,-0.03325000754051804,0.009617264680852111,829,,,,
R2A,0.0,S8_real,14,1,0.046391541898319635,0.030123071165471648,0.17965312779123885,0.9259573234822681,-0.003065062121350453,0.01698540700478587,0.13036411166649203,-0.00012623519623886057,0.012577223481921935,829,,,,
R2A,0.0,S8_real,15,1,0.045891222717047264,0.029802509506441522,0.17862954355007224,0.9316234640331933,-0.003140776732755692,0.016722053762964737,0.12935191626508574,0.03102908823185959,0.024165038431352356,829,,,,
R2A,0.0,S8_real,16,1,0.046720765981817486,0.029892555574231386,0.1790960232617105,0.9251953233464493,-0.0023273782762293312,0.01676807130838516,0.1295125013194704,0.016444403153778174,0.04151856351118799,829,,,,
R2A,0.0,S8_real,17,1,0.0463238315087503,0.029874602829509614,0.17894272881332926,0.930756169398638,-0.00131982844281928,0.01808565502889449,0.1344893935446694,-0.01698031550771405,0.0006755001441551855,829,,,,
R2A,0.0,S8_real,18,1,0.04708124321898079,0.029641490058565218,0.17848846887575132,0.9235920294007596,-0.00498173607808722,0.015674607327060157,0.12529734642605914,-0.01587068406825397,0.024196645151325732,829,,,,
R2A,0.0,S8_real,19,1,0.04673278506357391,0.03034816976393076,0.18036663484061835,0.9240492015293557,-0.010462997821038983,0.015914129117746388,0.12658437281572105,0.04224359134532213,-0.04041052650717809,829,,,,
R2A,0.0,S8_real,20,1,0.04623885430996766,0.03000614375288591,0.17928796780817255,0.9242347840602658,0.01206743977473687,0.01746364436022313,0.13269991508264062,0.026020908813829548,0.014308194597638107,829,,,,
R2A,0.0,S8_real,21,1,0.04644761653527361,0.030067375683982583,0.1795125532262031,0.9277798776993131,0.006256592088828843,0.018021386768756916,0.13438947768825843,-0.023104502067440556,-0.06118151044075137,829,,,,
R2A,0.0,S8_real,22,1,0.04679456860947141,0.030100926034427246,0.17969601466302407,0.9278741405999976,0.001788360084538681,0.016788808314880006,0.12958397488374856,-0.033331416530505434,0.06187027728222185,829,,,,
R2A,0.0,S8_real,23,1,0.04652470616555361,0.030142021625016755,0.17974028460199973,0.9254888848912713,-0.007451961017242953,0.01728868750442062,0.13169745338245203,0.012564747071835134,0.013134693579207986,829,,,,
R2A,0.0,S8_real,24,1,0.04734688017674106,0.030311072186897627,0.1804239431155641,0.9247288520881356,0.010206218382771966,0.01750954185220874,0.1327166483372963,0.009283278961662682,0.021624711307832944,829,,,,
R2A,0.0,S8_real,25,1,0.045731648887545856,0.028711595041411138,0.17550777404828802,0.9273648893410578,0.010125373985211478,0.018353296550109754,0.13585219817305183,-0.00863176554786482,-0.02500389488038856,829,,,,
R2A,0.0,S8_real,26,1,0.04668132574585496,0.03008127100758753,0.17961185144911276,0.9205615112987537,-0.0015612495880586081,0.018187951735214328,0.13487175106556057,0.026991181880741733,-0.0164705605499652,829,,,,
R2A,0.0,S8_real,27,1,0.04690555004969912,0.030097635655317607,0.17971579307557373,0.9251904980618333,0.0036289122919816717,0.01646703957436373,0.12837526466880847,0.07341493905562249,0.009403169970393348,829,,,,
R2A,0.0,S8_real,28,1,0.04668920453174871,0.02988816001325459,0.17907551991565474,0.9246656932084684,0.003808547045055632,0.01755472414064971,0.13254896895579427,0.016448302642896418,-0.006703949989523922,829,,,,
R2A,0.0,S8_real,29,1,0.045816814747980335,0.029737876747915643,0.17842941815061322,0.9326300411648829,0.002735146679565346,0.016798336951011537,0.12963725536422882,0.007727317700212835,-0.007961703989029071,829,,,,
R2A,0.0,S8_real,30,1,0.046595666593828605,0.029853024897933254,0.17895301350705578,0.9246065383592352,0.0022849107108401288,0.018413851581335683,0.13571688324704556,-0.02753905344982465,-0.040076807236969596,829,,,,
R2A,0.0,S8_real,31,1,0.046005035055840866,0.029728716490349427,0.17845217774193334,0.92978193200077,0.0023350861757111337,0.0187374126781179,0.1369045846769417,-0.02876963791016664,0.009999092730045987,829,,,,
R2A,0.0,S8_real,32,1,0.04608828129500229,0.03004982491831181,0.17937099707321436,0.9317731050125024,-0.006129033046426853,0.01742594289712486,0.13214956656459018,-0.048650170704724646,0.05672085026009693,829,,,,
R2A,0.0,S8_real,33,1,0.04683138299606267,0.030076723688956468,0.17963825350487123,0.9256494309344805,-0.009328186268539866,0.018858434556880268,0.13764247024788842,-0.001373101785591522,0.015109692172314114,829,,,,
R2A,0.0,S8_real,34,1,0.04744165776060102,0.030408740851696044,0.1807192622350203,0.9262240193278185,-0.0008336218709365601,0.016343809187592536,0.1278456261004507,-0.04477474987448622,0.004486572142488005,829,,,,
R2A,0.0,S8_real,35,1,0.046322995977143816,0.02982510358094525,0.17880414854595442,0.9284667211702561,-0.006799002940484338,0.017783749936371294,0.13352893460728282,-0.041099788527738754,0.009596171577923772,829,,,,
R2A,0.0,S8_real,36,1,0.046403173954550195,0.02902277904664388,0.17656736278174434,0.9220191957302389,0.006868494033586638,0.01845345947665943,0.13601704189897987,-0.016282670830811925,-0.008647339910871342,829,,,,
R2A,0.0,S8_real,37,1,0.047313132561688544,0.030471770281849712,0.1808598982490304,0.9252465712944532,0.002250975212253173,0.01687127215663074,0.1299089644560256,-0.0018289477978418605,0.035057555185775864,829,,,,
R2A,0.0,S8_real,38,1,0.04638099747037119,0.02978965469838731,0.17872003699846836,0.9267650269642269,-0.0027777097976770617,0.016927739815225475,0.13013629580922298,0.03538497104291196,-0.01474109084174269,829,,,,
R2A,0.0,S8_real,39,1,0.04628694771392685,0.029898725956863145,0.1790005795675951,0.9328639356377302,-0.0020694490172500856,0.016670615867119324,0.12913132263844557,-0.03157071863559968,-0.04940224287890804,829,,,,
R2A,0.0,S8_real,40,1,0.04569554569088416,0.028760745065865873,0.17563834422429958,0.9272727974022864,0.0028477520551412555,0.0178898353456991,0.13378320162661178,0.037268048200002964,-0.009205463947543187,829,,,,
R2A,0.0,S8_real,41,1,0.046261220045558826,0.029785761678196347,0.17867809647044028,0.9304395863548216,0.001138130264492359,0.016974500611757263,0.13029119675655843,0.032275557291008755,-0.016506050421240044,829,,,,
R2A,0.0,S8_real,42,1,0.045773248146261165,0.029748743192942077,0.17844868573010358,0.9315876890866223,-0.00037988896607083476,0.016319508333417936,0.12774839587659986,-0.017317534540629953,0.013931859074400085,829,,,,
R2A,0.0,S8_real,43,1,0.04635147461802164,0.03033667479240203,0.18023632816851085,0.9216510876758833,-0.0029463691278780483,0.017080536705939703,0.13072573502175236,0.01610738280262531,0.004261306269046275,829,,,,
R2A,0.0,S8_real,44,1,0.04615875822558188,0.030193924162983568,0.17979030875970844,0.926103418662859,-0.005676482999818032,0.01728201807998759,0.13158358765148037,-0.012775939380624157,0.012967343415066092,829,,,,
R2A,0.0,S8_real,45,1,0.0460109482673975,0.029779360277685237,0.1785955420444485,0.9305732548843412,0.0023459471656126015,0.017759196821195564,0.13328428372955084,0.014833044760000752,0.04769060084157518,829,,,,
R2A,0.0,S8_real,46,1,0.046305319013297076,0.02915980753465355,0.17692933646961084,0.9264803513780893,0.012040125027166533,0.018122979103445583,0.13515895721007684,-0.04309079290227079,0.01530230802603502,829,,,,
R2A,0.0,S8_real,47,1,0.04631490412793485,0.029961772832798467,0.17918382509919323,0.9320708254785304,0.006357288392813639,0.016727532567834852,0.12949111044216222,-0.03432952821191966,-0.01931632191327815,829,,,,
R2A,0.0,S8_real,48,1,0.04702121164531616,0.03023493771649161,0.18012754387123925,0.9243551649125638,-0.001831365300686021,0.018190171218811856,0.1348833759870964,0.03783889954936068,0.03698797794074939,829,,,,
R2A,0.0,S8_real,49,1,0.04605286737830637,0.029566039529742776,0.17800816308109763,0.9237513315276824,-0.008531578419979294,0.017712696438334778,0.13336222954296706,-0.036374114468194954,-0.040419246094763155,829,,,,
R2A,0.0,S8_real,0,2,0.04571982384197941,0.029789288024153916,0.1785485657077523,0.9300852449606575,0.0033501590535407475,0.017676520849701446,0.13299527967332325,0.021717349649250265,0.01629279456186735,829,,,,
R2A,0.0,S8_real,1,2,0.047430146918128094,0.03069953830166016,0.18151902693198688,0.9250156667950805,0.0010653311072730493,0.01789275034778429,0.13376802786223776,-0.011747779408326884,0.015414061044221638,829,,,,
R2A,0.0,S8_real,2,2,0.0466268133490933,0.028974073002776397,0.17648833594849145,0.9230416122172046,0.004547578545181301,0.01830385191717181,0.135368136530708,-0.007880526308394512,0.019096057223675633,829,,,,
R2A,0.0,S8_real,3,2,0.04613407934541402,0.029158470116231384,0.17688081691715563,0.9253759132667311,0.0025890993584646933,0.017550733717128213,0.13250447974546453,0.02667915190744068,0.011232765181948311,829,,,,
R2A,0.0,S8_real,4,2,0.04651569306885242,0.02989167570114498,0.17904017818026396,0.9324763266787428,0.00020031734276442726,0.017345721289960835,0.13170330829936902,-0.04041789362047148,0.016565163485251246,829,,,,
R2A,0.0,S8_real,5,2,0.045632304646979455,0.029871054618091548,0.1787550330633694,0.9316380928510059,0.0019133555292148478,0.018180700879961532,0.13484940418608718,0.018307181731717297,0.05116402480290688,829,,,,
R2A,0.0,S8_real,6,2,0.04658025799052554,0.030138377127347953,0.1797445341639402,0.9214449665353738,-0.001297447752462999,0.01808492170627027,0.13448644941755522,0.010604054120864013,0.009996550181421236,829,,,,
R2A,0.0,S8_real,7,2,0.045928345433084446,0.029956560135243705,0.1790697435343683,0.9296204699154414,-0.0065606905830380355,0.018168593297105396,0.13495049447123844,0.05663982248110346,-0.08214415862350688,829,,,,
R2A,0.0,S8_real,8,2,0.04725184175111711,0.030238808938928944,0.18019862787435859,0.9264927782163151,-0.004155494245266391,0.01811020680663715,0.13463831155751915,-0.0297425685848835,-0.033038318252193076,829,,,,
R2A,0.0,S8_real,9,2,0.046529539496034535,0.030243825049107182,0.1800245069284186,0.9200968901261278,-0.00790441657162416,0.017751071876888274,0.13346741803985737,0.003085550906915499,-0.010936897093962167,829,,,,
R2A,0.0,S8_real,10,2,0.04755073266127469,0.030381927991423457,0.1806737395640204,0.9235581345218412,-0.0019905173077363475,0.017826125841519335,0.13352935258089035,0.01466327648196867,0.07344560057725447,829,,,,
R2A,0.0,S8_real,11,2,0.04602940530473199,0.02901523533397698,0.17644812690046974,0.9230812586524899,0.006023371149266058,0.01691193014665979,0.13018529543178678,-0.03247955664373042,0.009559639768247278,829,,,,
R2A,0.0,S8_real,12,2,0.046610638566377656,0.030069627917163028,0.1795610746925082,0.9258271761115674,0.0009399110262036982,0.01733246417949684,0.13165617194888365,-0.016617752435159613,0.0029319385167260723,829,,,,
R2A,0.0,S8_real,13,2,0.046888027735487975,0.030268224368730678,0.1801852144701517,0.9216379124537182,0.005393230380537586,0.019167045062936802,0.1385501064484411,0.031120863090918088,0.011809102223290869,829,,,,
R2A,0.0,S8_real,14,2,0.046391541898319635,0.030123071165471648,0.17965312779123885,0.9259573234822681,-0.004001904005946395,0.01638172195116262,0.12805364964277835,-0.008235363234526822,0.05514099377341323,829,,,,
R2A,0.0,S8_real,15,2,0.045891222717047264,0.029802509506441522,0.17862954355007224,0.9316234640331933,0.009141854696303376,0.01771556356863501,0.1334134066573646,-0.07622145501566484,-0.030953902050971628,829,,,,
R2A,0.0,S8_real,16,2,0.046720765981817486,0.029892555574231386,0.1790960232617105,0.9251953233464493,-0.008189115954569745,0.01861562620978271,0.13668462909157011,0.027401328906761866,-0.02997791057790572,829,,,,
R2A,0.0,S8_real,17,2,0.0463238315087503,0.029874602829509614,0.17894272881332926,0.930756169398638,0.002214269566163436,0.017308843636236297,0.13158171083379305,0.018071305939875538,0.07915043805834829,829,,,,
R2A,0.0,S8_real,18,2,0.04708124321898079,0.029641490058565218,0.17848846887575132,0.9235920294007596,0.0016042490957486322,0.018038782179643848,0.1343181141723076,0.01683719647868789,-0.023569988580644005,829,,,,
R2A,0.0,S8_real,19,2,0.04673278506357391,0.03034816976393076,0.18036663484061835,0.9240492015293557,-0.001490432623502182,0.01763265187758806,0.13279636014211105,-0.04237072373145941,0.019486797232723046,829,,,,
R2A,0.0,S8_real,20,2,0.04623885430996766,0.03000614375288591,0.17928796780817255,0.9242347840602658,0.0025095862258709013,0.01701094094033543,0.1304501397598351,-0.0046838032991351666,0.03076561387672284,829,,,,
R2A,0.0,S8_real,21,2,0.04644761653527361,0.030067375683982583,0.1795125532262031,0.9277798776993131,0.0015834071810967875,0.017029226457465345,0.13050568430442597,-0.03709312400983618,0.018838970863589155,829,,,,
R2A,0.0,S8_real,22,2,0.04679456860947141,0.030100926034427246,0.17969601466302407,0.9278741405999976,0.0017970552915453457,0.01862541144730146,0.13648677904845705,-0.07478154506202686,-0.0059883651511111885,829,,,,
R2A,0.0,S8_real,23,2,0.04652470616555361,0.030142021625016755,0.17974028460199973,0.9254888848912713,0.0008490730744900649,0.016469778680424294,0.12833744428462848,-0.010487611238720032,-0.01237656958223424,829,,,,
R2A,0.0,S8_real,24,2,0.04734688017674106,0.030311072186897627,0.1804239431155641,0.9247288520881356,0.0034101085425699788,0.017470599823155363,0.1322203791532435,-0.04101554482115422,0.018373085648076,829,,,,
R2A,0.0,S8_real,25,2,0.045731648887545856,0.028711595041411138,0.17550777404828802,0.9273648893410578,0.000490924890666199,0.017272166436409078,0.13142453136175664,0.01590461802318377,0.013519756595396193,829,,,,
R2A,0.0,S8_real,26,2,0.04668132574585496,0.03008127100758753,0.17961185144911276,0.9205615112987537,0.0003137475980012404,0.016920321969403643,0.13007851631595008,0.007421899363640379,0.029718301121232662,829,,,,
R2A,0.0,S8_real,27,2,0.04690555004969912,0.030097635655317607,0.17971579307557373,0.9251904980618333,-0.009880244248258617,0.01768972574976134,0.1333692055017446,0.012232882411073502,-0.029723050479030094,829,,,,
R2A,0.0,S8_real,28,2,0.04668920453174871,0.02988816001325459,0.17907551991565474,0.9246656932084684,-0.001212736213313695,0.017868137712430468,0.13367725476517517,0.06432399132378934,-0.009664060648807999,829,,,,
R2A,0.0,S8_real,29,2,0.045816814747980335,0.029737876747915643,0.17842941815061322,0.9326300411648829,0.00796817127740683,0.01804359701301641,0.13456258308505564,0.02570817463469399,-0.011454838191847934,829,,,,
R2A,0.0,S8_real,30,2,0.046595666593828605,0.029853024897933254,0.17895301350705578,0.9246065383592352,0.0017130897090543527,0.017848381285533482,0.1336088169316859,-0.004919343861444958,-0.018277233912489338,829,,,,
R2A,0.0,S8_real,31,2,0.046005035055840866,0.029728716490349427,0.17845217774193334,0.92978193200077,-0.0039719178890625624,0.016704896232229895,0.12930843887367657,-0.021249021136604134,-0.038814640467965074,829,,,,
R2A,0.0,S8_real,32,2,0.04608828129500229,0.03004982491831181,0.17937099707321436,0.9317731050125024,-0.004232508477354129,0.019707472246922687,0.1404470945763335,-0.034811737939539074,-0.01916397390813689,829,,,,
R2A,0.0,S8_real,33,2,0.04683138299606267,0.030076723688956468,0.17963825350487123,0.9256494309344805,-0.004096428370483519,0.017766053753860093,0.13335229461563303,0.007946641422664562,-0.008075036182573072,829,,,,
R2A,0.0,S8_real,34,2,0.04744165776060102,0.030408740851696044,0.1807192622350203,0.9262240193278185,0.0016813814212954495,0.016599709128891492,0.12885082914896345,0.011908076451335715,-0.044494084396822155,829,,,,
R2A,0.0,S8_real,35,2,0.046322995977143816,0.02982510358094525,0.17880414854595442,0.9284667211702561,0.002325460033348641,0.01704408333850844,0.13057369988966058,0.007324759429896709,-0.032223223798111954,829,,,,
R2A,0.0,S8_real,36,2,0.046403173954550195,0.02902277904664388,0.17656736278174434,0.9220191957302389,0.0007375706691443497,0.016343333173259655,0.12784317417739452,0.0005496979954495836,-0.037987847102196964,829,,,,
R2A,0.0,S8_real,37,2,0.047313132561688544,0.030471770281849712,0.1808598982490304,0.9252465712944532,-0.00557749087542974,0.017328667317187914,0.13175650162953406,-0.01596306763205352,0.014309233344464562,829,,,,
R2A,0.0,S8_real,38,2,0.04638099747037119,0.02978965469838731,0.17872003699846836,0.9267650269642269,-0.008663807915201398,0.017234694747133846,0.1315665470958532,-0.0281983079126057,0.008393742416393912,829,,,,
R2A,0.0,S8_real,39,2,0.04628694771392685,0.029898725956863145,0.1790005795675951,0.9328639356377302,-0.0015543541204310076,0.017110059751743855,0.13081466190177443,0.0015610756170179978,-0.031419182470391736,829,,,,
R2A,0.0,S8_real,40,2,0.04569554569088416,0.028760745065865873,0.17563834422429958,0.9272727974022864,0.003942133585447484,0.017213700249091215,0.13126020214176393,-0.049216836052745516,0.0282138676583268,829,,,,
R2A,0.0,S8_real,41,2,0.046261220045558826,0.029785761678196347,0.17867809647044028,0.9304395863548216,-0.0036222006157189705,0.015412408550034205,0.12419955268572717,0.0015807083031852808,0.007477774859938082,829,,,,
R2A,0.0,S8_real,42,2,0.045773248146261165,0.029748743192942077,0.17844868573010358,0.9315876890866223,0.0038514457521225927,0.017214044866499204,0.13125882256397375,0.03205157256725698,-0.030601664348576384,829,,,,
R2A,0.0,S8_real,43,2,0.04635147461802164,0.03033667479240203,0.18023632816851085,0.9216510876758833,0.006739163391539285,0.017845409399078648,0.13375659132280737,0.003185315242474881,-0.07037267053818125,829,,,,
R2A,0.0,S8_real,44,2,0.04615875822558188,0.030193924162983568,0.17979030875970844,0.926103418662859,-0.0007020336883503623,0.019065196011875733,0.13807856047618441,0.0009512049421604502,-0.043942437199688385,829,,,,
R2A,0.0,S8_real,45,2,0.0460109482673975,0.029779360277685237,0.1785955420444485,0.9305732548843412,-0.006047961735139022,0.017412625771536853,0.1320954337313995,-0.0027998881032220606,-0.040588701563461435,829,,,,
R2A,0.0,S8_real,46,2,0.046305319013297076,0.02915980753465355,0.17692933646961084,0.9264803513780893,0.0011465351731385187,0.01840508818435886,0.13567019837555375,-0.044462801400421796,-0.009680797360775335,829,,,,
R2A,0.0,S8_real,47,2,0.04631490412793485,0.029961772832798467,0.17918382509919323,0.9320708254785304,-0.0012150718864035813,0.01685372533248032,0.12982758463504376,-0.03953559272992212,-0.01680396155195157,829,,,,
R2A,0.0,S8_real,48,2,0.04702121164531616,0.03023493771649161,0.18012754387123925,0.9243551649125638,0.0032475981700458597,0.019142315233454943,0.13839386593100514,-0.048983298330955806,0.010208482414954199,829,,,,
R2A,0.0,S8_real,49,2,0.04605286737830637,0.029566039529742776,0.17800816308109763,0.9237513315276824,-0.001721120235851469,0.017286943934900982,0.13149108787201982,0.011895124522055928,0.059352843721028316,829,,,,
