case,mount_deg,arm,seed,drift,fed_s_mean,fed_s_var,fed_s_rms,fed_s_phi,fed_r_mean,fed_r_var,fed_r_rms,fed_r_phi,fed_corr_s_r,fed_n,noise_corr_pre,j2_target_corr,j2_innovation_corr,j2_clipped
R2A,0.0,J1_ar_indep,0,0,0.059561125610165445,0.027807089101961863,0.1770723490156263,0.9192091848260634,0.06173513456297719,0.014922457383756162,0.13687104961702115,0.6928562797846867,0.06323234934659352,829,0.0657183172507769,,,
R2A,0.0,J1_ar_indep,1,0,0.09993680550540404,0.03336979110714937,0.2082238127635125,0.9289463584041974,0.050168862269803244,0.015477411135826782,0.1341429307763673,0.6525473191051481,0.09304409574946836,829,0.09233524415434462,,,
R2A,0.0,J1_ar_indep,2,0,0.06847762113323244,0.02696319739939094,0.17791116321202968,0.9165239907438706,0.05360585932491125,0.015915433425068033,0.13707305197970246,0.6847877789468784,-0.13364393715415115,829,-0.13347323842949835,,,
R2A,0.0,J1_ar_indep,3,0,0.050195855573628885,0.03840710623853852,0.20230355942322698,0.9371361348621393,0.06616531125678604,0.01570816575756727,0.14172513598961423,0.7122661292285889,-0.003160521051755499,829,-0.0026570215824678434,,,
R2A,0.0,J1_ar_indep,4,0,0.07527974424414706,0.03148055867058074,0.19273712295259815,0.9290710826692185,0.04939281062982005,0.014298702640254034,0.1293767845564547,0.6722299118872629,0.006816561276910972,829,0.006554933493961503,,,
R2A,0.0,J1_ar_indep,5,0,0.015382715981360763,0.03993536050427284,0.20042950994111636,0.9445896528494574,0.036930950185517106,0.016666524964272122,0.134277399609455,0.7057447868173582,0.15823008646179082,829,0.1593209744873684,,,
R2A,0.0,J1_ar_indep,6,0,0.08545022868252447,0.035500070496278166,0.20688598811464706,0.9400035219897156,0.06610700245439,0.015039265075531778,0.13931762576586101,0.6839765299240993,-0.02021486308199918,829,-0.0196394217435019,,,
R2A,0.0,J1_ar_indep,7,0,-0.01115679012471229,0.033248721371391086,0.18268331981130068,0.9338598474086878,0.04841066884642495,0.014920688566911857,0.131393612573329,0.6743405479987107,-0.07012370942148376,829,-0.07039985797413559,,,
R2A,0.0,J1_ar_indep,8,0,0.03761135334667986,0.03772992785721847,0.19784979595083557,0.9380920428479367,0.06368629789083867,0.015249431912333277,0.13894378881898217,0.6817133059321984,-0.13599412778387487,829,-0.1382904389105265,,,
R2A,0.0,J1_ar_indep,9,0,0.015039437020894983,0.029524917370831346,0.1724850777219201,0.928076118785327,0.047971451871974324,0.011866700864236664,0.11902924455335258,0.5878681795066137,0.08521861540551678,829,0.08391217688190342,,,
R2A,0.0,J1_ar_indep,10,0,0.04997352996937401,0.028848067249232893,0.17704638077868978,0.9254987151159825,0.04922102765545629,0.015017424282244564,0.13206109891146506,0.6630103860081707,0.03531925728681413,829,0.03505977218856982,,,
R2A,0.0,J1_ar_indep,11,0,0.053112947203179245,0.026238725700839512,0.17046909063360202,0.9166025404629758,0.03837661472688088,0.017235729108171925,0.13677899570499621,0.6888714399377728,-0.07358674916498875,829,-0.0731649631249961,,,
R2A,0.0,J1_ar_indep,12,0,-0.03368235874911336,0.023167028718580087,0.15588948011166134,0.9115435391495343,0.028215657971270663,0.014206738341473594,0.12248616940791855,0.6354601175116912,-0.09329840583845396,829,-0.09411356471126932,,,
R2A,0.0,J1_ar_indep,13,0,0.059904384874427404,0.029249480721254467,0.1812126266252934,0.9168946019295137,0.044479949354559366,0.014956162872403922,0.1301331194085045,0.6656665286075407,-0.1259439637378085,829,-0.12555404042888976,,,
R2A,0.0,J1_ar_indep,14,0,0.08268970143401796,0.024447537134449027,0.17687601266903336,0.9110091592892502,0.047546286161699,0.015180866217191696,0.13206633009575858,0.6637592224356395,0.06350957519363398,829,0.0621064535301989,,,
R2A,0.0,J1_ar_indep,15,0,0.07028050432927467,0.02963591564264471,0.1859442522139953,0.9223414241597302,0.05028999617704739,0.014601219521339207,0.13088278434090042,0.7009198225306477,-0.10695442620692935,829,-0.10894885366295935,,,
R2A,0.0,J1_ar_indep,16,0,0.07550115495912525,0.03273420878443977,0.19604752787169138,0.9355104252547078,0.05943761909866558,0.014236543629626458,0.1333018161682147,0.6572757878590367,0.11555901002968429,829,0.11719355264990569,,,
R2A,0.0,J1_ar_indep,17,0,0.03192706161871945,0.023281814636773233,0.15588826735960196,0.906971887492778,0.04085601427254983,0.015242648534307554,0.13004561675253168,0.6526867266878612,0.12258644607136825,829,0.12291078262913738,,,
R2A,0.0,J1_ar_indep,18,0,0.11189788535585167,0.03698679457188309,0.22250377821285286,0.9364269424505918,0.05041591704108508,0.015558345009125325,0.1345366481677721,0.6863017471195205,-0.041366374300231816,829,-0.042126392719078934,,,
R2A,0.0,J1_ar_indep,19,0,0.06191423562874222,0.029356408640487726,0.18218062798766269,0.9225190354058941,0.03172335363077093,0.017482135343117274,0.13597244760869837,0.7038498433295932,0.06526781754600666,829,0.06694577451859685,,,
R2A,0.0,J1_ar_indep,20,0,0.07739704495722739,0.0206356304787779,0.1631745477912808,0.8895829412513571,0.05571124350095437,0.015528429453790427,0.1364997146744749,0.6923224630426372,-0.0008118436147816407,829,-0.0028608958233820687,,,
R2A,0.0,J1_ar_indep,21,0,0.013454193934612897,0.02968467646753031,0.17281693146784108,0.9235774969286437,0.044880850247378576,0.014623178117795716,0.1289863125944894,0.64595353812419,0.19917122062154527,829,0.19897943981426278,,,
R2A,0.0,J1_ar_indep,22,0,-0.013524564944396815,0.02749334042745845,0.16636181738726485,0.915610724166359,0.05073669279336844,0.017021840549687885,0.13998590123757654,0.692279955504865,-0.059710761186331236,829,-0.05889021128242937,,,
R2A,0.0,J1_ar_indep,23,0,0.04727397703513141,0.03067208736962921,0.18140263579768443,0.9259111405152073,0.0553123224730703,0.014936142077619423,0.1341476615337902,0.6710150472282506,0.1065528270969471,829,0.10707891147084568,,,
R2A,0.0,J1_ar_indep,24,0,0.11077012489369441,0.028545490795618637,0.20202849146737523,0.9237535919902399,0.017213384090503197,0.01686480307242033,0.1310003956645457,0.715182046103983,-0.16057520241876866,829,-0.15997729374526112,,,
R2A,0.0,J1_ar_indep,25,0,0.04412769147388546,0.024282838885828082,0.16195706851089428,0.902553139762484,0.04857853604391798,0.0163585864430478,0.13681542532630608,0.6747931099199261,0.0752999243307582,829,0.07527711046698791,,,
R2A,0.0,J1_ar_indep,26,0,0.025489500409275074,0.030621883489993913,0.17683777345665816,0.9230460473351081,0.0521385751032218,0.014265525346775037,0.1303225090326661,0.663776193520114,-0.0013000056873003786,829,0.00031490521584024355,,,
R2A,0.0,J1_ar_indep,27,0,0.0323879159912146,0.02545932012014811,0.16281368868250018,0.9058589520197806,0.053567845005392134,0.01416314365532681,0.1305092244779982,0.6586825090367735,0.018439634217994567,829,0.02017163150297184,,,
R2A,0.0,J1_ar_indep,28,0,0.0027306381944042684,0.02647995726868624,0.16274954271405798,0.9145111279663947,0.042083162383633216,0.015666723232352606,0.13205194352435654,0.6962158952727949,-0.09206831591019232,829,-0.0917777790943485,,,
R2A,0.0,J1_ar_indep,29,0,0.040177341493240815,0.03103338819286154,0.18068648804580276,0.926289001280529,0.05477876283314532,0.013749595265894145,0.12942298143461278,0.6443290764901197,-0.02644448771391567,829,-0.02695970104407875,,,
R2A,0.0,J1_ar_indep,30,0,0.08413810052940425,0.029663315683201727,0.19168342558473295,0.9188825210350001,0.03156072447724004,0.015194497246724151,0.12724219652400068,0.6828278667858726,-0.08599009359316952,829,-0.08564248259029628,,,
R2A,0.0,J1_ar_indep,31,0,0.037509452407184646,0.028017722213929848,0.1715362388354621,0.9215745549130172,0.058419325080321646,0.015033657368210166,0.1358178004204547,0.6730391221728173,-0.04590633060442383,829,-0.0485680661458723,,,
R2A,0.0,J1_ar_indep,32,0,-0.006868983261499397,0.02666210969335577,0.1634297788788889,0.9198206778847616,0.060593724824907096,0.012181342834789308,0.12590846803510028,0.6070480205944659,-0.07651252482252777,829,-0.07493880041601098,,,
R2A,0.0,J1_ar_indep,33,0,0.042760978675488094,0.03319556369555065,0.1871471746856901,0.9338313768200935,0.07411975832478757,0.016408067040290047,0.14799258634950255,0.7136312318411272,0.046124139763984745,829,0.04455759101934523,,,
R2A,0.0,J1_ar_indep,34,0,0.11277192731484366,0.03469992384352982,0.2177554395045832,0.9350781280978232,0.05968073575631534,0.012805971051609768,0.1279365517435299,0.6133793472991087,-0.1788681224534079,829,-0.1771282772173954,,,
R2A,0.0,J1_ar_indep,35,0,0.062484315349811394,0.03282837871903603,0.19165768542839784,0.9323594428061214,0.053953017469033165,0.014793401770516842,0.1330576185888303,0.6632176157203514,0.09019466844359982,829,0.0910091614570373,,,
R2A,0.0,J1_ar_indep,36,0,0.05630199187440445,0.027995078230106996,0.17653609409730492,0.9159476552234677,0.04943941413224021,0.013274470569255901,0.12537434442099807,0.5977828991375524,-0.03415219055102246,829,-0.03455468755456239,,,
R2A,0.0,J1_ar_indep,37,0,0.019692438055527804,0.02676108796173235,0.1647691721114819,0.9205115268080493,0.05143979025702001,0.014567220116797546,0.13119936028229617,0.673688543337132,-0.0026090757685675934,829,-0.003745600306606327,,,
R2A,0.0,J1_ar_indep,38,0,0.04639211340274071,0.028030090337403873,0.17373059178905892,0.9204039811724873,0.033566769471657605,0.015922555035180013,0.13057290319183157,0.7009099001931965,0.0580073773965757,829,0.058646622695178965,,,
R2A,0.0,J1_ar_indep,39,0,0.024503320885971923,0.02267764384434166,0.15257148022740868,0.9063059149878786,0.061258905325069335,0.015751451318684793,0.13965709720709008,0.6727777122784803,-0.030037492033132104,829,-0.030424986223768297,,,
R2A,0.0,J1_ar_indep,40,0,0.012134849296805198,0.02224972003128814,0.14965618797344904,0.9006489713134653,0.03880352923213664,0.015078753578124032,0.12878069521086347,0.6704730935115093,0.050707286082263506,829,0.0512540409260035,,,
R2A,0.0,J1_ar_indep,41,0,0.05501122106284468,0.025737830041620797,0.16959971840909985,0.9138211237615051,0.05460082325613786,0.012967975503184376,0.1262902427087397,0.6279022675087392,0.19035744743731053,829,0.19112955758358302,,,
R2A,0.0,J1_ar_indep,42,0,0.04597492832020348,0.028450836070108277,0.17482714349938946,0.9158069173234273,0.04259113422621834,0.012884339781578122,0.1212367291552105,0.6025161542339773,-0.02905936859340207,829,-0.02908713269686442,,,
R2A,0.0,J1_ar_indep,43,0,0.08864395822200258,0.035627073193079666,0.20853015254956248,0.9316284399359861,0.03232758342648388,0.017352585512679253,0.1356379672616614,0.7094735562126576,0.07643170815963565,829,0.07596439930574363,,,
R2A,0.0,J1_ar_indep,44,0,0.018470063104318535,0.024988020837257832,0.1591513872648785,0.9109433008635058,0.03547083524320198,0.013629726506093157,0.12201600984683746,0.664393257458923,-0.07629828608058475,829,-0.07595952742857721,,,
R2A,0.0,J1_ar_indep,45,0,0.025032575663161354,0.0275495131520651,0.16785750801318658,0.9218276732130043,0.046061665176253534,0.013360368558089846,0.12442686830785034,0.6475137564462704,-0.0534198172375979,829,-0.05434863173581914,,,
R2A,0.0,J1_ar_indep,46,0,0.07556678277634354,0.020544257697375213,0.16203270150356164,0.8780776472106163,0.06838074431907216,0.015427668504525692,0.14178714574373805,0.6972096319547048,-0.11846798407675643,829,-0.1175031978959828,,,
R2A,0.0,J1_ar_indep,47,0,0.042955194131900055,0.040575497748055155,0.20596273073292745,0.946204209638913,0.07251656524444129,0.013906784392937488,0.1384392885989696,0.6666136641151257,-0.04066766814706202,829,-0.03932162612579483,,,
R2A,0.0,J1_ar_indep,48,0,0.007644843315197541,0.023791029891357965,0.1544327475656374,0.9096647999641783,0.07464491113531892,0.015181189453308146,0.14405919690081506,0.6680989977711688,0.0888889474833806,829,0.08865186701136514,,,
R2A,0.0,J1_ar_indep,49,0,0.05227325770972714,0.022242320573058454,0.15803421795499226,0.8966852496497739,0.0469785133673531,0.014849939228222893,0.13060214372830742,0.6714767332946222,-0.08856450991308355,829,-0.0890510360186021,,,
R2A,0.0,J1_ar_indep,0,1,0.07722496030741835,0.02381183217606988,0.17255586536119896,0.9023110873871669,0.06688148324709707,0.0170884627391165,0.14683867181518712,0.7159647280124737,-0.03990385422412059,829,-0.03836061090110953,,,
R2A,0.0,J1_ar_indep,1,1,-0.006104276911842132,0.03198670324160467,0.17895241109921128,0.9287894205759091,0.041968622102761664,0.015282609711951894,0.13055257543670407,0.672524227721957,0.0458862742026455,829,0.04564508101170458,,,
R2A,0.0,J1_ar_indep,2,1,0.05176661313982293,0.024441800189213915,0.1646863152334826,0.8987084765552449,0.035269075592426785,0.013701832992885079,0.12225277373552468,0.6606178077792393,-0.061078862938100414,829,-0.060061179553907024,,,
R2A,0.0,J1_ar_indep,3,1,-0.010235404344540263,0.026511689697240555,0.16314549702439474,0.9205945436397659,0.05008298765906609,0.01475898733472074,0.13140507215316655,0.6504137415945227,0.019955407568379133,829,0.02200772447053033,,,
R2A,0.0,J1_ar_indep,4,1,0.02074910437631101,0.032007702550173225,0.18010615725896845,0.9262608066533607,0.06761627866017973,0.01372474506725481,0.13526531782798534,0.6191801853324312,0.06906111033938644,829,0.06827868782145291,,,
R2A,0.0,J1_ar_indep,5,1,0.054462579763264865,0.028531732426341067,0.17747649145960442,0.9202562482720361,0.04294024858896032,0.013059809013290248,0.12208060436519783,0.6354471999875713,-0.08799389528154121,829,-0.08909870086726598,,,
R2A,0.0,J1_ar_indep,6,1,0.020221784702401175,0.025993895748947244,0.16248943450420864,0.915874357139075,0.05426716303780848,0.016710324230961658,0.1401971797688304,0.7214096556076975,0.0511074953234039,829,0.05011290711613873,,,
R2A,0.0,J1_ar_indep,7,1,0.09806395201908817,0.030673873614336655,0.20072471771044711,0.928062375535167,0.05978358751050633,0.013601077533601603,0.1310540150824383,0.6700880201916014,-0.11795715874663866,829,-0.11684122041893967,,,
R2A,0.0,J1_ar_indep,8,1,-0.0030993892067461126,0.02696065886708412,0.16422626184791217,0.917230656493175,0.03791365010948769,0.0173388598797579,0.13702665705760525,0.7135897307795337,-0.15102370348327104,829,-0.1536463530993248,,,
R2A,0.0,J1_ar_indep,9,1,0.02770143991415666,0.02711559432170348,0.16698192745031157,0.9169763163878364,0.061093705258758665,0.012764291659171315,0.12843960635806773,0.6444352894523193,0.11935244170062727,829,0.11688373780323259,,,
R2A,0.0,J1_ar_indep,10,1,0.09791666360957615,0.04060517801015795,0.2240376107321912,0.9430108571014417,0.0496484203867476,0.012724064188402695,0.12324378213647093,0.6342905737817456,-0.13175236666833162,829,-0.13169242040574447,,,
R2A,0.0,J1_ar_indep,11,1,0.07352294482268255,0.02664187065284437,0.17901813893637591,0.9149030898617047,0.0570364769567791,0.01353831059446098,0.1295819057511587,0.6366594384086013,-0.0019712164916967654,829,0.0014786458929389231,,,
R2A,0.0,J1_ar_indep,12,1,0.047723340361824934,0.03061787354958534,0.18137086525921395,0.9234670743069759,0.05332247493488889,0.01505763565076329,0.1337943271740067,0.6763904349760608,-0.008001306460814008,829,-0.005923897199943225,,,
R2A,0.0,J1_ar_indep,13,1,0.01983704217700284,0.04778007953615424,0.21948482357212407,0.9521707804057753,0.028767394501287024,0.012533192935472157,0.11558873613750102,0.6534839293257563,0.036126718964100545,829,0.03504910020796094,,,
R2A,0.0,J1_ar_indep,14,1,0.021170238529307273,0.03333377122853075,0.1837986676445684,0.9262440359542652,0.04348781981339897,0.014010741454670583,0.12610286248453378,0.6567658874725592,0.10181517660710854,829,0.09977481710505143,,,
R2A,0.0,J1_ar_indep,15,1,0.0015467145423863464,0.02883085016098533,0.16980354085489785,0.9259548952355208,0.04574699125218587,0.014329332370127042,0.12814881809347525,0.6426790661498223,0.09019062772136464,829,0.08877743427038755,,,
R2A,0.0,J1_ar_indep,16,1,0.035508253327111064,0.02513724774763007,0.16247487129390922,0.9142918739945907,0.04567014896592337,0.013419653977485835,0.1245207472032491,0.635656965454493,0.1258613675112044,829,0.12659840039757547,,,
R2A,0.0,J1_ar_indep,17,1,0.062138125591584256,0.03254608160707684,0.1908067825291133,0.9297657719977959,0.04960088936648817,0.013395795308134723,0.12592078277266752,0.6409559808173408,-0.11950561251118773,829,-0.11982506052743452,,,
R2A,0.0,J1_ar_indep,18,1,0.04500318437589946,0.031937795014118725,0.18429075293700964,0.930446112744999,0.038342610590106546,0.013154760524862504,0.12093352021555914,0.6261237385870783,-0.05437214917063045,829,-0.05532817352589982,,,
R2A,0.0,J1_ar_indep,19,1,0.06916048517369644,0.03253731375952515,0.19318510933554436,0.9312353544966882,0.0262268600274471,0.014663897299833037,0.12390216094456279,0.6738301914509016,-0.015037531581635503,829,-0.01330218429366187,,,
R2A,0.0,J1_ar_indep,20,1,0.05909252572411551,0.027808496714251424,0.17691925647228648,0.9250575682433289,0.08528406384613951,0.014116384793175058,0.14625237208089126,0.691560513928604,0.0943305751550526,829,0.09475427041979971,,,
R2A,0.0,J1_ar_indep,21,1,0.05207852695262358,0.033592242561123045,0.1905371762430581,0.9328486355920897,0.06889907325575656,0.016153827077716613,0.14457146804684085,0.6787608815701892,-0.10608270552386961,829,-0.1052331309533188,,,
R2A,0.0,J1_ar_indep,22,1,0.03220388903605358,0.03906572336719322,0.20025686963557496,0.9380551932372098,0.056820019665199346,0.013932057317406462,0.13099836621943078,0.657444555222715,0.049392210976986546,829,0.04869698610909067,,,
R2A,0.0,J1_ar_indep,23,1,0.0561911963577423,0.028908676070790403,0.17907017233170006,0.9245180635386957,0.03214537175831369,0.014597723160820133,0.125024190004576,0.6534275941987902,-0.17601735242366834,829,-0.17550853076311096,,,
R2A,0.0,J1_ar_indep,24,1,0.08522435240329178,0.029888784187176443,0.19274847451986984,0.9232838917218826,0.0779069393203548,0.014978158811595603,0.145078082444803,0.6576842371189766,0.11736276799245875,829,0.11786234561086147,,,
R2A,0.0,J1_ar_indep,25,1,0.04612537809518365,0.030894905007778393,0.18172081749816676,0.926631938077752,0.08041046422584079,0.014153179002013737,0.14359325109150833,0.6536676920705963,0.019323886455825837,829,0.02055870519824087,,,
R2A,0.0,J1_ar_indep,26,1,0.06806473964193913,0.02632621202078269,0.1759517570338746,0.914190643304819,0.05332868467509621,0.017090832675883537,0.14119058497314677,0.7034143920785487,-0.04554561335056692,829,-0.04664221660598662,,,
R2A,0.0,J1_ar_indep,27,1,0.11985167610677083,0.031253298822273484,0.21358305899081928,0.9233999720472746,0.06065015884235763,0.015684071901978357,0.1391492496191825,0.6882681034534084,0.11514152992533366,829,0.1132848334855515,,,
R2A,0.0,J1_ar_indep,28,1,0.03918213301518831,0.022767980984693157,0.15589490220117228,0.9050037514009946,0.05960795199473782,0.01434514257628301,0.13378434331897726,0.6335654343023901,0.03636277222497474,829,0.038768667734595606,,,
R2A,0.0,J1_ar_indep,29,1,0.045855373923932165,0.03419906877361405,0.1905302708005153,0.9353967700449947,0.05616794421448333,0.016920148255133313,0.141686224497707,0.7229335269587055,-0.18303187447779118,829,-0.18278135688614766,,,
R2A,0.0,J1_ar_indep,30,1,0.060855804562606745,0.029770435529282643,0.1829586414418429,0.9196668592779892,0.05743745682905132,0.01409886082543842,0.13190118374157053,0.631040295603648,0.06505620066057304,829,0.06481682646684843,,,
R2A,0.0,J1_ar_indep,31,1,0.009626409502572623,0.02589882312497681,0.1612187671609234,0.9133058239090881,0.05882365993564175,0.014060608153384089,0.13236627637585077,0.6408930153239697,0.11733039422856638,829,0.11495841381621419,,,
R2A,0.0,J1_ar_indep,32,1,0.05309060986184995,0.020696510788398167,0.15334641712117478,0.8927799183478483,0.03438463186082598,0.013289645781699711,0.12029941267481001,0.6043691822936664,0.15566328819102415,829,0.15796026606370606,,,
R2A,0.0,J1_ar_indep,33,1,0.09750729725888663,0.042217681321910956,0.22743208731540906,0.9438637641676091,0.02907547703339068,0.016199400290567243,0.13055567262775858,0.6656177092372942,-0.06850495828598746,829,-0.06927724293235263,,,
R2A,0.0,J1_ar_indep,34,1,0.05537015641113895,0.029722421516484684,0.18107533166469328,0.9251105222243038,0.04933652989669055,0.012509284220829779,0.12224310779375998,0.6273068745628488,0.014110961093255006,829,0.013819002029389,,,
R2A,0.0,J1_ar_indep,35,1,0.04759069573886239,0.02393817277244547,0.16187355279153676,0.9105141047035386,0.03408135290866537,0.014395538996910468,0.12472801454763666,0.6783614662077498,0.09231188083251803,829,0.09323018937651573,,,
R2A,0.0,J1_ar_indep,36,1,0.031147097509004164,0.025809116364168147,0.16364369235446738,0.9101930838973176,0.06760058162077032,0.013763925619549065,0.13540223135168597,0.652531410359492,-0.05298837674978883,829,-0.053166727582341235,,,
R2A,0.0,J1_ar_indep,37,1,0.01899813960136125,0.02127474511331416,0.14709070134317456,0.8818907533783578,0.05499695606009103,0.014263304233159746,0.13148372298134597,0.6388663920712916,-0.021476528238875803,829,-0.02183300448323173,,,
R2A,0.0,J1_ar_indep,38,1,-0.011723954557772087,0.023520960231591965,0.15381291019308058,0.9102393756209596,0.044049862972783335,0.017215862692203338,0.13840611662829186,0.7112632198982427,-0.04340320445177604,829,-0.04396922290196342,,,
R2A,0.0,J1_ar_indep,39,1,0.058747849489237794,0.03977295440857892,0.20790445937542815,0.9463114851138154,0.045284962269390695,0.013000477210206174,0.12268335265204613,0.6434887921605053,0.03099649354769204,829,0.03224418747758812,,,
R2A,0.0,J1_ar_indep,40,1,0.0708993728385716,0.02869573441204346,0.18363674872134456,0.9286746438618798,0.05811008567294481,0.015781516635134937,0.13841350617642745,0.6706856975223849,0.13216725387818895,829,0.13231894154365814,,,
R2A,0.0,J1_ar_indep,41,1,0.030267013603550885,0.03334206140763435,0.18508958241919474,0.9380884828642714,0.05690648942322562,0.015103149169097324,0.13543078567140124,0.6894588541677975,-0.07060901344599872,829,-0.06850015676497201,,,
R2A,0.0,J1_ar_indep,42,1,0.092185089783393,0.02876003981557076,0.19302365293907114,0.9189958153847253,0.05082725132200945,0.013250155114987077,0.1258314928463371,0.6583666678935373,-0.06540959051639031,829,-0.06617955824168696,,,
R2A,0.0,J1_ar_indep,43,1,0.05332918478535887,0.029988840504823658,0.18119835113679872,0.9267427308884761,0.044080237578883526,0.013584498687877661,0.12460965465359607,0.6112644079212023,-0.06909396649403589,829,-0.06925009140302957,,,
R2A,0.0,J1_ar_indep,44,1,0.00869763456021443,0.034199088903614804,0.18513437754927592,0.9262828995137162,0.03916569527549844,0.011830547561345628,0.11560492743719374,0.6374823138695515,-0.04228162904286007,829,-0.04325069017616057,,,
R2A,0.0,J1_ar_indep,45,1,0.03836137222385409,0.031508444235279355,0.18160407240526422,0.9303027182620638,0.0588418262537791,0.016598295148930107,0.14163564405124168,0.6956760568693471,-0.03525018489900716,829,-0.03574649910693532,,,
R2A,0.0,J1_ar_indep,46,1,0.0726797149108004,0.027214035664330886,0.18026751405576688,0.9129838017577843,0.0843352191350769,0.013649114800100628,0.14408866710002582,0.6357656037134959,-0.01981492474910044,829,-0.019571419350278743,,,
R2A,0.0,J1_ar_indep,47,1,0.06774871167683812,0.02829339230503054,0.18133747610160972,0.924415644559622,0.06523680094393229,0.012921975386973244,0.13106416590499284,0.6067855190224665,0.06125283605084981,829,0.06079902931161284,,,
R2A,0.0,J1_ar_indep,48,1,0.032623041131173494,0.029470622338091376,0.17474233931917477,0.9181395446801576,0.047375083417287946,0.016591916560535828,0.1372454556236046,0.7053451754258757,-0.11496886598532197,829,-0.11626589170073881,,,
R2A,0.0,J1_ar_indep,49,1,0.07478282814071488,0.02692002711018199,0.18031222502899158,0.9188063354112705,0.03200005816699155,0.012949601595796926,0.11821000515391145,0.6431247399938601,0.003896368510839807,829,0.004910743477846167,,,
R2A,0.0,J1_ar_indep,0,2,0.051464617036580444,0.035107601444125246,0.19430956808877717,0.9331586386762123,0.06207217607062323,0.014279828188532354,0.13465802326885243,0.6283855922775498,-0.09989248633406399,829,-0.10003817125921807,,,
R2A,0.0,J1_ar_indep,1,2,0.06370238219365086,0.034087393840531874,0.1953084415422893,0.933225412950984,0.055118607419380516,0.01409870093242342,0.13090745515926588,0.6224407304907239,-0.08794638999562826,829,-0.08694339761313596,,,
R2A,0.0,J1_ar_indep,2,2,0.00255498120101244,0.03386942212118415,0.18405420410879422,0.9308945662166328,0.06112716126896211,0.014120579587369885,0.133630495891363,0.6556924065157859,0.10578150592145072,829,0.1072787781105539,,,
R2A,0.0,J1_ar_indep,3,2,0.033696719109549134,0.03201885703538936,0.18208329389083783,0.9309192732450926,0.05903014221020198,0.015282091060964047,0.13699141852802574,0.6567551079044182,0.09108882421899112,829,0.09136965396419944,,,
R2A,0.0,J1_ar_indep,4,2,0.05626567188075082,0.03009426332820903,0.18237348809627277,0.9274331712406292,0.04938917411732944,0.014545694724728008,0.1303264564266208,0.6799022260903215,0.08727124300902185,829,0.08504334617816234,,,
R2A,0.0,J1_ar_indep,5,2,0.13102405369663303,0.03255343713872414,0.22298147857125333,0.9322489109764325,0.05840658675095154,0.01426715225370556,0.13296045137409088,0.6416354866047818,-0.1047879250549031,829,-0.10535057076925271,,,
R2A,0.0,J1_ar_indep,6,2,-0.013882622082963383,0.027323735464099465,0.1658808688788368,0.918103112998951,0.0478054524111493,0.016631023927554268,0.13753685036305335,0.6774431543184439,-0.1276433001369371,829,-0.12890098612509465,,,
R2A,0.0,J1_ar_indep,7,2,0.04695807411153284,0.03624601570912813,0.1960894602812511,0.9395298677741153,0.037108542759860114,0.016590402122055932,0.13404270240418273,0.703436943899382,0.01951654114845034,829,0.019178407603372683,,,
R2A,0.0,J1_ar_indep,8,2,0.10313331002377091,0.02893034058761609,0.19891410262742895,0.9170576887308743,0.043851669955123906,0.011903268238353118,0.11758502113877531,0.5819714039851339,-0.07169186486558023,829,-0.07171411202696662,,,
R2A,0.0,J1_ar_indep,9,2,0.06918092601007687,0.03579822291895646,0.20145526412225664,0.9403473052587408,0.0317295148504386,0.014607668440741049,0.1249577150614769,0.6532021882245617,-0.07651909188800851,829,-0.07735174348913922,,,
R2A,0.0,J1_ar_indep,10,2,0.03969122471397661,0.027701400790714356,0.17110462913086175,0.9228203925369713,0.04709145728607712,0.014805500939186205,0.13047262658700726,0.6689647146841999,-0.025608772834411462,829,-0.02468521785886266,,,
R2A,0.0,J1_ar_indep,11,2,0.06853201102575135,0.02586113378541435,0.17480780966721154,0.9121369734247667,0.06354190211937576,0.013104326667020836,0.13092707891024366,0.6145277872084017,0.019734334605878357,829,0.020632643584626915,,,
R2A,0.0,J1_ar_indep,12,2,0.09729559666627503,0.04836855706363966,0.2404890646043727,0.9500288433913763,0.05334587210585151,0.01327340058743205,0.12696134316462598,0.6206015463938279,-0.004486020712677399,829,-0.004656509898771289,,,
R2A,0.0,J1_ar_indep,13,2,0.07318626129346953,0.02921919201783565,0.18594467150190577,0.9262883537609035,0.06443005100671807,0.016256281416666192,0.14285486652331617,0.6839302882841721,0.007942796495579104,829,0.007414929228247322,,,
R2A,0.0,J1_ar_indep,14,2,0.039084065347666716,0.02539749009757876,0.16408855615697104,0.9065574952179111,0.043763904027939074,0.013637193100973626,0.12470955214714022,0.6486510368752776,0.14125335892581187,829,0.14175700846450404,,,
R2A,0.0,J1_ar_indep,15,2,0.0038828814409120655,0.031090794643198857,0.17636856695988384,0.9198706444612225,0.07459339486100379,0.016146129212624285,0.14734416774855363,0.6949728226623331,-0.0660434476070601,829,-0.0653100718004246,,,
R2A,0.0,J1_ar_indep,16,2,0.08385296021190292,0.022810044848487372,0.17274653045658064,0.9029486935271683,0.03195183995407603,0.016879514380394478,0.13379250523420722,0.7144193925147269,0.04833027765689094,829,0.046955230100403554,,,
R2A,0.0,J1_ar_indep,17,2,0.055544345113224536,0.022091407168607982,0.15867129999676996,0.9047752315909156,0.05989040638593349,0.014266458654301798,0.1336163142410913,0.6298264637029494,-0.01765914160556781,829,-0.017326502707737508,,,
R2A,0.0,J1_ar_indep,18,2,-0.03179679392654809,0.03202014284797705,0.18174481822595223,0.9293149947961308,0.052655368270595124,0.015009671384379185,0.13335013757807368,0.6430083731750591,0.1187291829592143,829,0.11944013285062971,,,
R2A,0.0,J1_ar_indep,19,2,0.03778224607703187,0.030354564710954962,0.17827524457865807,0.9185560464819872,0.04957269800442091,0.014289349026957061,0.12940943325119147,0.6335589813316105,-0.022312304631134088,829,-0.021592415914485293,,,
R2A,0.0,J1_ar_indep,20,2,0.05356379743052358,0.032503517762636866,0.18807604355104618,0.9331054490741889,0.05739065156636726,0.012041622286674231,0.12383581539234279,0.5898344341294265,-0.06155239563099719,829,-0.06013106531241361,,,
R2A,0.0,J1_ar_indep,21,2,0.05718562067419687,0.029349072599726137,0.1806080502403458,0.9299478985786043,0.05440700643518167,0.01412386471089436,0.13070572695996246,0.6633974647977078,0.07362495790997263,829,0.07424491376288973,,,
R2A,0.0,J1_ar_indep,22,2,0.02930250208867811,0.022879722590998783,0.15407257776663494,0.9025831074611036,0.05721542295812239,0.014279215341416891,0.1324870558420472,0.6377373792175763,0.0709672469191483,829,0.06996250175640949,,,
R2A,0.0,J1_ar_indep,23,2,0.11490336986151471,0.02969704009809198,0.20712272811940277,0.9212313974382165,0.05079764476491195,0.01343547222224529,0.1265538341414731,0.6581430395044189,-0.11439587269206083,829,-0.11451195121824909,,,
R2A,0.0,J1_ar_indep,24,2,0.0543188684110933,0.026042197809757372,0.17027253822980098,0.905658167852724,0.058475367560047814,0.013716975715532286,0.1309058605518293,0.6445478560187832,-0.0015062671448491012,829,-0.002324725813451736,,,
R2A,0.0,J1_ar_indep,25,2,0.042175955885364026,0.036117963596785665,0.1946709399258909,0.9408998740103686,0.05187565409751521,0.013686186110464692,0.1279737066686346,0.6596101997913404,0.0314091749062126,829,0.0342299463492797,,,
R2A,0.0,J1_ar_indep,26,2,0.03451480875261015,0.020284976217712768,0.14654776777877587,0.8920776465215432,0.05494063278513485,0.01502846384934855,0.134338888562395,0.6724844680609272,-0.01523269184713863,829,-0.015965396583221374,,,
R2A,0.0,J1_ar_indep,27,2,0.030169839571102527,0.021172056243177268,0.14860106144615298,0.891403953448692,0.024550775826239563,0.01523194969843168,0.12583596581304546,0.7094133973376324,0.051896333715675945,829,0.05035597479316086,,,
R2A,0.0,J1_ar_indep,28,2,0.07253847965629312,0.02986745952580762,0.18742809436328928,0.9194991149178587,0.04900630480844929,0.015665193489440055,0.13441283941803586,0.6721993460876873,0.017393692839191916,829,0.017198801665160943,,,
R2A,0.0,J1_ar_indep,29,2,0.05067013451613469,0.02328404439915676,0.16078403817245027,0.9022045055962277,0.07075723846148269,0.015210114581600969,0.14218544713259545,0.6837278663202354,-0.08359398862655754,829,-0.08271147993200455,,,
R2A,0.0,J1_ar_indep,30,2,0.07188064404923127,0.022925487469172372,0.16760762052515588,0.9067378271087786,0.05410988680945576,0.01493403423852705,0.13364847207902963,0.6695305344969851,0.02447329179688577,829,0.024791766914460327,,,
R2A,0.0,J1_ar_indep,31,2,0.03408204940267236,0.03131791134947359,0.1802206909346421,0.9317263892794014,0.04189738825314563,0.013995716505326584,0.12550341687683808,0.6549341319557243,0.05660697605955882,829,0.05711023183024769,,,
R2A,0.0,J1_ar_indep,32,2,0.06249382223099948,0.02716678515464281,0.17627326221433182,0.9121826082785748,0.04319649055754604,0.01570890787483836,0.13257015000114664,0.6843732881120096,0.07722612101345563,829,0.07751604553775632,,,
R2A,0.0,J1_ar_indep,33,2,0.029592446611355648,0.026087459563055897,0.16420466637553827,0.90698367546311,0.04177404656869074,0.014709750124157692,0.1282763465759796,0.651712348206897,-0.09179325017831695,829,-0.09503141994661667,,,
R2A,0.0,J1_ar_indep,34,2,0.06612747265400873,0.027420909484841157,0.17830802596755937,0.9129055102064518,0.05213152665464514,0.013417280243743295,0.12702352662041497,0.6525339400897517,-0.0010964268330154652,829,-0.0014207111029899745,,,
R2A,0.0,J1_ar_indep,35,2,0.03157187035228503,0.019313930491733976,0.1425156605053475,0.8790188921999841,0.06167918367118382,0.017217161557861693,0.14498787279012448,0.7098067786994082,0.017421037383308535,829,0.02056149522909938,,,
R2A,0.0,J1_ar_indep,36,2,-0.003141449071295291,0.03034271560575337,0.17421993085758275,0.9280571359808429,0.05449448510345059,0.015640450049500404,0.136418836515309,0.7235405891006338,0.05018943854266942,829,0.05063050141596272,,,
R2A,0.0,J1_ar_indep,37,2,0.04329580958687566,0.021941077581217935,0.15432305307050184,0.905030594383914,0.037930238209888285,0.016062887739628915,0.13229357773636552,0.6578265340065551,0.0066748509351944405,829,0.008664689608240348,,,
R2A,0.0,J1_ar_indep,38,2,0.03683668938400727,0.03404071559181928,0.18814265140204947,0.9372987312944694,0.029203639821840217,0.014685858847050346,0.1246543678572641,0.6482896736657665,-0.054039620050020054,829,-0.05482308389542646,,,
R2A,0.0,J1_ar_indep,39,2,0.03804819494462808,0.026236039705589673,0.16638420851791824,0.9097189817514734,0.05074945956557759,0.012349109082194387,0.12216634859237048,0.6076121690035622,-0.07437692421176362,829,-0.07416300645923608,,,
R2A,0.0,J1_ar_indep,40,2,0.05960617656732831,0.02346736301394846,0.16437840277519422,0.9087936366817925,0.06068786544214092,0.013085318552653363,0.12949260814647592,0.6469564911941599,-0.11129670543487702,829,-0.11114461079738987,,,
R2A,0.0,J1_ar_indep,41,2,-0.01571494818652144,0.03230516831983746,0.18042208267377502,0.9276189983206966,0.04518780449831255,0.012611731507425351,0.12105234067461508,0.625101158858178,-0.002613256058339142,829,-0.002246463943960065,,,
R2A,0.0,J1_ar_indep,42,2,0.017981664508963737,0.03482637971905212,0.18748258579816168,0.938776140156357,0.06003060520512771,0.013214773500445393,0.12968595553003917,0.6273005497155065,0.06549066475693864,829,0.06632701823053556,,,
R2A,0.0,J1_ar_indep,43,2,0.09843620229707008,0.022054052412025255,0.17816772528910774,0.9117928545336967,0.0652784430081724,0.01587872131306166,0.14191545523526627,0.7153955266004561,-0.049496908177151556,829,-0.04849877000611249,,,
R2A,0.0,J1_ar_indep,44,2,0.0567378301628997,0.027711992274996253,0.17587260629953236,0.9170485165211368,0.047722532012069975,0.017000631782509004,0.13884549630489298,0.7069275459473182,-0.004891191049400294,829,-0.006374938083017084,,,
R2A,0.0,J1_ar_indep,45,2,0.07374329688118239,0.028476816594952447,0.18415995881260033,0.9243720456267225,0.031337372216172985,0.013893543079042028,0.12196546222786597,0.6390907493277893,0.08277414540046293,829,0.08382943270316175,,,
R2A,0.0,J1_ar_indep,46,2,0.0723256472294966,0.03644146901093149,0.2041383556759902,0.9399563015039529,0.05462816968688564,0.013271525420928994,0.12749808761023895,0.6270559000223868,0.04510013317294398,829,0.04569411107962952,,,
R2A,0.0,J1_ar_indep,47,2,0.12003504848002519,0.032336946024809604,0.216206750330353,0.9201909765717462,0.04896560827000203,0.012824315413308984,0.12337725157645665,0.6164215393284734,0.043329426154727235,829,0.044322307955328884,,,
R2A,0.0,J1_ar_indep,48,2,0.06120556276423049,0.03514215120182198,0.19720109562349836,0.9337752210727276,0.05877807713041406,0.016392871850401943,0.14088198678876887,0.6766402102653483,-0.04650445207282354,829,-0.04775619213896072,,,
R2A,0.0,J1_ar_indep,49,2,0.03652535064005209,0.02864845905092515,0.17315472933276732,0.917882446990494,0.04743560321719239,0.013957520861268724,0.12730929782952868,0.6590173377900421,0.0473393057175258,829,0.04611055521024701,,,
R2A,0.0,J2_ar_corr,0,0,0.059561125610165445,0.027807089101961863,0.1770723490156263,0.9192091848260634,0.06251878040493974,0.014667861304961371,0.13629548491524746,0.6818872621987316,0.5148349755839087,829,0.5171489546185833,0.5226265896339581,0.5969358390118154,False
R2A,0.0,J2_ar_corr,1,0,0.09993680550540404,0.03336979110714937,0.2082238127635125,0.9289463584041974,0.0625548809156343,0.016212784182319837,0.14186577215343038,0.6674664612545991,0.5386510646727248,829,0.5383756732716268,0.5226265896339581,0.5969358390118154,False
R2A,0.0,J2_ar_corr,2,0,0.06847762113323244,0.02696319739939094,0.17791116321202968,0.9165239907438706,0.05812797229550264,0.014362060816310843,0.1331950523837037,0.6607264585813308,0.35991134491152726,829,0.359752109401585,0.5226265896339581,0.5969358390118154,False
R2A,0.0,J2_ar_corr,3,0,0.050195855573628885,0.03840710623853852,0.20230355942322698,0.9371361348621393,0.06530882846825432,0.01636629267176545,0.1436368189137497,0.717995406790363,0.4968364130645816,829,0.49756041219508984,0.5226265896339581,0.5969358390118154,False
R2A,0.0,J2_ar_corr,4,0,0.07527974424414706,0.03148055867058074,0.19273712295259815,0.9290710826692185,0.056775441280367926,0.01470177536297652,0.13388512275662678,0.6811597446604094,0.49274477512889703,829,0.49271023716604806,0.5226265896339581,0.5969358390118154,False
R2A,0.0,J2_ar_corr,5,0,0.015382715981360763,0.03993536050427284,0.20042950994111636,0.9445896528494574,0.031689855172364695,0.017660720762583824,0.13661979242931557,0.7217049849183871,0.5948918596415362,829,0.5958680970467188,0.5226265896339581,0.5969358390118154,False
R2A,0.0,J2_ar_corr,6,0,0.08545022868252447,0.035500070496278166,0.20688598811464706,0.9400035219897156,0.07192028701753664,0.01455357634325384,0.14044964944042648,0.6723692816212706,0.49999800491972385,829,0.5005340660786707,0.5226265896339581,0.5969358390118154,False
R2A,0.0,J2_ar_corr,7,0,-0.01115679012471229,0.033248721371391086,0.18268331981130068,0.9338598474086878,0.03595998148845096,0.014133416028910852,0.12420360823084242,0.6387145398239097,0.44057104815025794,829,0.440850657310423,0.5226265896339581,0.5969358390118154,False
R2A,0.0,J2_ar_corr,8,0,0.03761135334667986,0.03772992785721847,0.19784979595083557,0.9380920428479367,0.058877186975468426,0.015216215300570149,0.13668481425057583,0.6739814697909653,0.40865328891645575,829,0.4067753014985961,0.5226265896339581,0.5969358390118154,False
R2A,0.0,J2_ar_corr,9,0,0.015039437020894983,0.029524917370831346,0.1724850777219201,0.928076118785327,0.04114349806936347,0.013280972041028365,0.12236731375008637,0.6204968439374907,0.5613471309279697,829,0.5605883662195074,0.5226265896339581,0.5969358390118154,False
R2A,0.0,J2_ar_corr,10,0,0.04997352996937401,0.028848067249232893,0.17704638077868978,0.9254987151159825,0.05001983664904255,0.01554700235756529,0.13434651620329494,0.6809598720381337,0.49859683628747203,829,0.4984680173399247,0.5226265896339581,0.5969358390118154,False
R2A,0.0,J2_ar_corr,11,0,0.053112947203179245,0.026238725700839512,0.17046909063360202,0.9166025404629758,0.04338094770410099,0.014910438311071363,0.12958528054828336,0.6580074052336368,0.3920406434029882,829,0.3926956817654041,0.5226265896339581,0.5969358390118154,False
R2A,0.0,J2_ar_corr,12,0,-0.03368235874911336,0.023167028718580087,0.15588948011166134,0.9115435391495343,0.015169319618559258,0.012397405039209464,0.11237220873908045,0.5982417211442055,0.4339175103417446,829,0.4340070518287649,0.5226265896339581,0.5969358390118154,False
R2A,0.0,J2_ar_corr,13,0,0.059904384874427404,0.029249480721254467,0.1812126266252934,0.9168946019295137,0.05015728843715719,0.014294724243249365,0.12965522676166027,0.6475160402254415,0.3794337391123656,829,0.3801860984617862,0.5226265896339581,0.5969358390118154,False
R2A,0.0,J2_ar_corr,14,0,0.08268970143401796,0.024447537134449027,0.17687601266903336,0.9110091592892502,0.05569933246468452,0.014647975682666908,0.13323059453323163,0.6503330650063582,0.5088325586716529,829,0.5080913598870521,0.5226265896339581,0.5969358390118154,False
R2A,0.0,J2_ar_corr,15,0,0.07028050432927467,0.02963591564264471,0.1859442522139953,0.9223414241597302,0.05582189416394216,0.013631303240546575,0.129411696181593,0.670621279919611,0.3993414381088567,829,0.3982911732498467,0.5226265896339581,0.5969358390118154,False
R2A,0.0,J2_ar_corr,16,0,0.07550115495912525,0.03273420878443977,0.19604752787169138,0.9355104252547078,0.0651583035413846,0.015727403973021466,0.14132589463156664,0.6804649198135676,0.555703232276663,829,0.5574423812563696,0.5226265896339581,0.5969358390118154,False
R2A,0.0,J2_ar_corr,17,0,0.03192706161871945,0.023281814636773233,0.15588826735960196,0.906971887492778,0.03962354499394337,0.016300481131194724,0.1336806135873178,0.6720759418586064,0.5267220674611401,829,0.5269342234174148,0.5226265896339581,0.5969358390118154,False
R2A,0.0,J2_ar_corr,18,0,0.11189788535585167,0.03698679457188309,0.22250377821285286,0.9364269424505918,0.06578481299604866,0.015580119441276945,0.14109486547072517,0.681721069175651,0.45803035333538633,829,0.45744230104395406,0.5226265896339581,0.5969358390118154,False
R2A,0.0,J2_ar_corr,19,0,0.06191423562874222,0.029356408640487726,0.18218062798766269,0.9225190354058941,0.03858545361561684,0.017969138863535572,0.13949184956211058,0.7117474858102921,0.4994847129342618,829,0.5006610150806022,0.5226265896339581,0.5969358390118154,False
R2A,0.0,J2_ar_corr,20,0,0.07739704495722739,0.0206356304787779,0.1631745477912808,0.8895829412513571,0.06174606476891398,0.014185536872752999,0.13415704747496465,0.6820852627797709,0.4486763788287949,829,0.4467299892517083,0.5226265896339581,0.5969358390118154,False
R2A,0.0,J2_ar_corr,21,0,0.013454193934612897,0.02968467646753031,0.17281693146784108,0.9235774969286437,0.03900822906295048,0.016811811979350104,0.13540108535007286,0.6936509428814513,0.6071181311819588,829,0.6070923786268372,0.5226265896339581,0.5969358390118154,False
R2A,0.0,J2_ar_corr,22,0,-0.013524564944396815,0.02749334042745845,0.16636181738726485,0.915610724166359,0.03699955307740179,0.01498893298634821,0.12789800590421918,0.6732201036131136,0.42983409413089135,829,0.43070344104350694,0.5226265896339581,0.5969358390118154,False
R2A,0.0,J2_ar_corr,23,0,0.04727397703513141,0.03067208736962921,0.18140263579768443,0.9259111405152073,0.0546258862344465,0.01558408403274606,0.13626471105772306,0.6712797057259502,0.5469446019614437,829,0.5472516617636523,0.5226265896339581,0.5969358390118154,False
R2A,0.0,J2_ar_corr,24,0,0.11077012489369441,0.028545490795618637,0.20202849146737523,0.9237535919902399,0.038263709229885395,0.013742332207227093,0.12331440974702149,0.6679459746251546,0.3326130492063763,829,0.3335366661082617,0.5226265896339581,0.5969358390118154,False
R2A,0.0,J2_ar_corr,25,0,0.04412769147388546,0.024282838885828082,0.16195706851089428,0.902553139762484,0.04801231130913499,0.016454250680542362,0.13696507846085312,0.6824605511959082,0.5190442373499217,829,0.5195855460264257,0.5226265896339581,0.5969358390118154,False
R2A,0.0,J2_ar_corr,26,0,0.025489500409275074,0.030621883489993913,0.17683777345665816,0.9230460473351081,0.046951501201432135,0.015429062975678741,0.132791213718178,0.6890172778608974,0.4845550793447924,829,0.48588254745051573,0.5226265896339581,0.5969358390118154,False
R2A,0.0,J2_ar_corr,27,0,0.0323879159912146,0.02545932012014811,0.16281368868250018,0.9058589520197806,0.0501008934179349,0.015343153953927957,0.1336160674290455,0.668917954154078,0.4940308808534601,829,0.49587727432794193,0.5226265896339581,0.5969358390118154,False
R2A,0.0,J2_ar_corr,28,0,0.0027306381944042684,0.02647995726868624,0.16274954271405798,0.9145111279663947,0.03435754240772096,0.013804572211243689,0.12241328739782308,0.6591331453500426,0.39265170455995724,829,0.39353593254319486,0.5226265896339581,0.5969358390118154,False
R2A,0.0,J2_ar_corr,29,0,0.040177341493240815,0.03103338819286154,0.18068648804580276,0.926289001280529,0.05213341522640716,0.013789414306532978,0.12848076622476207,0.6660538467319036,0.46013154837051945,829,0.459973239730325,0.5226265896339581,0.5969358390118154,False
R2A,0.0,J2_ar_corr,30,0,0.08413810052940425,0.029663315683201727,0.19168342558473295,0.9188825210350001,0.04434147635702245,0.014364542117093385,0.12779166108402287,0.661596466567756,0.42329494295150266,829,0.4239886383963271,0.5226265896339581,0.5969358390118154,False
R2A,0.0,J2_ar_corr,31,0,0.037509452407184646,0.028017722213929848,0.1715362388354621,0.9215745549130172,0.05551863886470209,0.013884879559295517,0.13025820058900217,0.6426006708308712,0.4564423089505445,829,0.4542509548459426,0.5226265896339581,0.5969358390118154,False
R2A,0.0,J2_ar_corr,32,0,-0.006868983261499397,0.02666210969335577,0.1634297788788889,0.9198206778847616,0.047218095417799984,0.0120864350976001,0.11964941969138239,0.6066522642658817,0.4569770773607924,829,0.4582083262709997,0.5226265896339581,0.5969358390118154,False
R2A,0.0,J2_ar_corr,33,0,0.042760978675488094,0.03319556369555065,0.1871471746856901,0.9338313768200935,0.06859775523002079,0.01623300222956019,0.14470194971788747,0.7112712971914968,0.4939121692127037,829,0.4932349696435136,0.5226265896339581,0.5969358390118154,False
R2A,0.0,J2_ar_corr,34,0,0.11277192731484366,0.03469992384352982,0.2177554395045832,0.9350781280978232,0.07359057999576209,0.012027348100792807,0.13207165314671224,0.5883195103658628,0.4041218896175239,829,0.4054971621702107,0.5226265896339581,0.5969358390118154,False
R2A,0.0,J2_ar_corr,35,0,0.062484315349811394,0.03282837871903603,0.19165768542839784,0.9323594428061214,0.05720004591213459,0.015264894298724515,0.13614969537635704,0.6784790655865501,0.5566637477359839,829,0.5580762798126947,0.5226265896339581,0.5969358390118154,False
R2A,0.0,J2_ar_corr,36,0,0.05630199187440445,0.027995078230106996,0.17653609409730492,0.9159476552234677,0.05211985220495044,0.013711415789775945,0.12817134930881324,0.6003924099522128,0.4730163027114436,829,0.47334801443319635,0.5226265896339581,0.5969358390118154,False
R2A,0.0,J2_ar_corr,37,0,0.019692438055527804,0.02676108796173235,0.1647691721114819,0.9205115268080493,0.045782547522435116,0.014597941916055538,0.12920519948399742,0.682204898488554,0.46508766059289103,829,0.4642431416844273,0.5226265896339581,0.5969358390118154,False
R2A,0.0,J2_ar_corr,38,0,0.04639211340274071,0.028030090337403873,0.17373059178905892,0.9204039811724873,0.0375343753413591,0.016803188363981817,0.1349519088277296,0.711640724247763,0.4975447873251156,829,0.4985521101329038,0.5226265896339581,0.5969358390118154,False
R2A,0.0,J2_ar_corr,39,0,0.024503320885971923,0.02267764384434166,0.15257148022740868,0.9063059149878786,0.054977566150876796,0.01504839687199197,0.1344281579575723,0.6688857944338454,0.42083331269420027,829,0.4208973218714612,0.5226265896339581,0.5969358390118154,False
R2A,0.0,J2_ar_corr,40,0,0.012134849296805198,0.02224972003128814,0.14965618797344904,0.9006489713134653,0.03377944614692716,0.014286289776046984,0.12420684666329847,0.6492102319976157,0.4876383226385905,829,0.4884770424484563,0.5226265896339581,0.5969358390118154,False
R2A,0.0,J2_ar_corr,41,0,0.05501122106284468,0.025737830041620797,0.16959971840909985,0.9138211237615051,0.057046903971047024,0.01481280521206168,0.13441411557103494,0.6622250706248932,0.5957147313787193,829,0.5962173361594679,0.5226265896339581,0.5969358390118154,False
R2A,0.0,J2_ar_corr,42,0,0.04597492832020348,0.028450836070108277,0.17482714349938946,0.9158069173234273,0.043729612553106534,0.01342998494033966,0.12386389285980184,0.5972288293561668,0.4701616684036697,829,0.46996492261451456,0.5226265896339581,0.5969358390118154,False
R2A,0.0,J2_ar_corr,43,0,0.08864395822200258,0.035627073193079666,0.20853015254956248,0.9316284399359861,0.046090493850316536,0.018075925783197794,0.14212761662169623,0.7145062823381371,0.5220584110719138,829,0.5216562122665684,0.5226265896339581,0.5969358390118154,False
R2A,0.0,J2_ar_corr,44,0,0.018470063104318535,0.024988020837257832,0.1591513872648785,0.9109433008635058,0.031795397094521595,0.013094067869048617,0.11876453656477984,0.6400076008032229,0.41942348603435564,829,0.42013387038505223,0.5226265896339581,0.5969358390118154,False
R2A,0.0,J2_ar_corr,45,0,0.025032575663161354,0.0275495131520651,0.16785750801318658,0.9218276732130043,0.041719313730371875,0.013213111988056372,0.12228496688550711,0.6442235593007071,0.4598900724704519,829,0.4587700618561637,0.5226265896339581,0.5969358390118154,False
R2A,0.0,J2_ar_corr,46,0,0.07556678277634354,0.020544257697375213,0.16203270150356164,0.8780776472106163,0.0725443225635585,0.013988128155114231,0.13874727705911874,0.6604261469647391,0.36569053238630883,829,0.3670409683724662,0.5226265896339581,0.5969358390118154,False
R2A,0.0,J2_ar_corr,47,0,0.042955194131900055,0.040575497748055155,0.20596273073292745,0.946204209638913,0.06693862540047946,0.014199840579465526,0.13667706519373043,0.6758148459000765,0.49289676706234675,829,0.49409325217482275,0.5226265896339581,0.5969358390118154,False
R2A,0.0,J2_ar_corr,48,0,0.007644843315197541,0.023791029891357965,0.1544327475656374,0.9096647999641783,0.060641987970787674,0.014619341582936011,0.13526563602033287,0.6495918557531635,0.5343235662543072,829,0.534854021120811,0.5226265896339581,0.5969358390118154,False
R2A,0.0,J2_ar_corr,49,0,0.05227325770972714,0.022242320573058454,0.15803421795499226,0.8966852496497739,0.04837996946866996,0.013648203400672061,0.12644692501781724,0.6405360591327466,0.4188425555728041,829,0.41858105523759004,0.5226265896339581,0.5969358390118154,False
R2A,0.0,J2_ar_corr,0,1,0.07722496030741835,0.02381183217606988,0.17255586536119896,0.9023110873871669,0.07149748680150882,0.016018864783161255,0.14536421637422733,0.6923388358793421,0.4062459167207999,829,0.4077461692184407,0.5226265896339581,0.5969358390118154,False
R2A,0.0,J2_ar_corr,1,1,-0.006104276911842132,0.03198670324160467,0.17895241109921128,0.9287894205759091,0.0320610291917519,0.01670033721413828,0.1331474626381316,0.689303609021229,0.5301418528254702,829,0.5300403168957136,0.5226265896339581,0.5969358390118154,False
R2A,0.0,J2_ar_corr,2,1,0.05176661313982293,0.024441800189213915,0.1646863152334826,0.8987084765552449,0.040114497143549414,0.01345750072725925,0.1227463792066352,0.6436599332973075,0.4304297749290226,829,0.43145886327738525,0.5226265896339581,0.5969358390118154,False
R2A,0.0,J2_ar_corr,3,1,-0.010235404344540263,0.026511689697240555,0.16314549702439474,0.9205945436397659,0.03820570636534884,0.01446329120118431,0.12618624013758223,0.6488728344362272,0.47653228451446483,829,0.4778978751690787,0.5226265896339581,0.5969358390118154,False
R2A,0.0,J2_ar_corr,4,1,0.02074910437631101,0.032007702550173225,0.18010615725896845,0.9262608066533607,0.05774942080350994,0.0146675765227255,0.1341736640547107,0.6423607186292299,0.5385232302251108,829,0.5381881795352357,0.5226265896339581,0.5969358390118154,False
R2A,0.0,J2_ar_corr,5,1,0.054462579763264865,0.028531732426341067,0.17747649145960442,0.9202562482720361,0.047206607653000394,0.012473265403830099,0.12125068746169818,0.6229499159721995,0.4311686085819182,829,0.4302402814007782,0.5226265896339581,0.5969358390118154,False
R2A,0.0,J2_ar_corr,6,1,0.020221784702401175,0.025993895748947244,0.16248943450420864,0.915874357139075,0.046750872348511927,0.015373370231463034,0.13251043089813683,0.7026210616334039,0.493662053306148,829,0.4933521138082163,0.5226265896339581,0.5969358390118154,False
R2A,0.0,J2_ar_corr,7,1,0.09806395201908817,0.030673873614336655,0.20072471771044711,0.928062375535167,0.07045377493936854,0.013327686918669627,0.13524578116110247,0.6387614795379393,0.4092729296014052,829,0.41086145563239046,0.5226265896339581,0.5969358390118154,False
R2A,0.0,J2_ar_corr,8,1,-0.0030993892067461126,0.02696065886708412,0.16422626184791217,0.917230656493175,0.029378581317824348,0.014957667836469757,0.12578063792459385,0.6454058040157387,0.33388546250483603,829,0.3318182709499798,0.5226265896339581,0.5969358390118154,False
R2A,0.0,J2_ar_corr,9,1,0.02770143991415666,0.02711559432170348,0.16698192745031157,0.9169763163878364,0.05570863919662807,0.014722453191118855,0.1335136909543697,0.6957331649523577,0.5626381152211871,829,0.5608879113269589,0.5226265896339581,0.5969358390118154,False
R2A,0.0,J2_ar_corr,10,1,0.09791666360957615,0.04060517801015795,0.2240376107321912,0.9430108571014417,0.0631799606083852,0.012259246686370781,0.12747923010768414,0.6233625770803576,0.4539218720599326,829,0.45409450173749133,0.5226265896339581,0.5969358390118154,False
R2A,0.0,J2_ar_corr,11,1,0.07352294482268255,0.02664187065284437,0.17901813893637591,0.9149030898617047,0.06197358474692189,0.013902087883034868,0.13320215121918555,0.6374614512276887,0.46735343218613123,829,0.47026129953615514,0.5226265896339581,0.5969358390118154,False
R2A,0.0,J2_ar_corr,12,1,0.047723340361824934,0.03061787354958534,0.18137086525921395,0.9234670743069759,0.05376464416816928,0.014382036478947088,0.1314255433371951,0.6645026513372055,0.4883875107082405,829,0.4901898348151778,0.5226265896339581,0.5969358390118154,False
R2A,0.0,J2_ar_corr,13,1,0.01983704217700284,0.04778007953615424,0.21948482357212407,0.9521707804057753,0.026070960859207636,0.015959746616269838,0.12899395961203833,0.7177101474966187,0.5626658188482223,829,0.5619867494195584,0.5226265896339581,0.5969358390118154,False
R2A,0.0,J2_ar_corr,14,1,0.021170238529307273,0.03333377122853075,0.1837986676445684,0.9262440359542652,0.0388995507735976,0.014702995599201914,0.12734272908018585,0.6683569308452225,0.5707499036926963,829,0.5693394565336273,0.5226265896339581,0.5969358390118154,False
R2A,0.0,J2_ar_corr,15,1,0.0015467145423863464,0.02883085016098533,0.16980354085489785,0.9259548952355208,0.03728716105513384,0.015342344639196483,0.12935484922780427,0.6646430295048983,0.5175503240975762,829,0.5166087278501819,0.5226265896339581,0.5969358390118154,False
R2A,0.0,J2_ar_corr,16,1,0.035508253327111064,0.02513724774763007,0.16247487129390922,0.9142918739945907,0.0443733865644732,0.014636880562351606,0.12886379630273112,0.6628122525521363,0.5641291199484377,829,0.5648037795738605,0.5226265896339581,0.5969358390118154,False
R2A,0.0,J2_ar_corr,17,1,0.062138125591584256,0.03254608160707684,0.1908067825291133,0.9297657719977959,0.053605683548389266,0.013076425370671984,0.12629328833854173,0.6294826783630315,0.4140083350314884,829,0.41417652355309403,0.5226265896339581,0.5969358390118154,False
R2A,0.0,J2_ar_corr,18,1,0.04500318437589946,0.031937795014118725,0.18429075293700964,0.930446112744999,0.040481265842748526,0.01357291220334071,0.12333549808377144,0.6191143709272887,0.45407251333562376,829,0.4529368331495201,0.5226265896339581,0.5969358390118154,False
R2A,0.0,J2_ar_corr,19,1,0.06916048517369644,0.03253731375952515,0.19318510933554436,0.9312353544966882,0.03578035811307939,0.01486461826844045,0.1270623952833436,0.6526469124733578,0.4630711875810584,829,0.46516702063890014,0.5226265896339581,0.5969358390118154,False
R2A,0.0,J2_ar_corr,20,1,0.05909252572411551,0.027808496714251424,0.17691925647228648,0.9250575682433289,0.08117557199986049,0.01449888072540794,0.1452182984851168,0.6885640505421263,0.5322407356471669,829,0.5327436653118219,0.5226265896339581,0.5969358390118154,False
R2A,0.0,J2_ar_corr,21,1,0.05207852695262358,0.033592242561123045,0.1905371762430581,0.9328486355920897,0.06752386280231439,0.014780115691700823,0.13906684629862934,0.6534046056530194,0.41170224279747436,829,0.4126189088081271,0.5226265896339581,0.5969358390118154,False
R2A,0.0,J2_ar_corr,22,1,0.03220388903605358,0.03906572336719322,0.20025686963557496,0.9380551932372098,0.05266430515677472,0.01582196193238779,0.13636528506197493,0.694474976607651,0.5444307502024259,829,0.5439982746480719,0.5226265896339581,0.5969358390118154,False
R2A,0.0,J2_ar_corr,23,1,0.0561911963577423,0.028908676070790403,0.17907017233170006,0.9245180635386957,0.03691537970997308,0.012761354841137492,0.11884485727312304,0.6361030939178811,0.3574335346694283,829,0.3582254826227722,0.5226265896339581,0.5969358390118154,False
R2A,0.0,J2_ar_corr,24,1,0.08522435240329178,0.029888784187176443,0.19274847451986984,0.9232838917218826,0.08169861954401328,0.016412028426939097,0.15194305796033106,0.6816702399251027,0.5460218000905607,829,0.5468575077306461,0.5226265896339581,0.5969358390118154,False
R2A,0.0,J2_ar_corr,25,1,0.04612537809518365,0.030894905007778393,0.18172081749816676,0.926631938077752,0.0752577449166994,0.014940433764499387,0.14354149899748986,0.6622439830632287,0.4938507630194955,829,0.4955325213705313,0.5226265896339581,0.5969358390118154,False
R2A,0.0,J2_ar_corr,26,1,0.06806473964193913,0.02632621202078269,0.1759517570338746,0.914190643304819,0.058512587868490125,0.0158626941840224,0.13887554544659828,0.6864465746199384,0.40662154048485816,829,0.40566337527247587,0.5226265896339581,0.5969358390118154,False
R2A,0.0,J2_ar_corr,27,1,0.11985167610677083,0.031253298822273484,0.21358305899081928,0.9233999720472746,0.074714108639927,0.016563033333506116,0.1488127392509288,0.7037896360789011,0.5517293235741066,829,0.5502446443447041,0.5226265896339581,0.5969358390118154,False
R2A,0.0,J2_ar_corr,28,1,0.03918213301518831,0.022767980984693157,0.15589490220117228,0.9050037514009946,0.05596874282620414,0.013751932518872422,0.12994011194553512,0.631063532307851,0.49076713387990434,829,0.4924386712476184,0.5226265896339581,0.5969358390118154,False
R2A,0.0,J2_ar_corr,29,1,0.045855373923932165,0.03419906877361405,0.1905302708005153,0.9353967700449947,0.05443738964230639,0.01526288597786912,0.13500487164890534,0.6774195205099596,0.33586424777334506,829,0.3367692934053197,0.5226265896339581,0.5969358390118154,False
R2A,0.0,J2_ar_corr,30,1,0.060855804562606745,0.029770435529282643,0.1829586414418429,0.9196668592779892,0.05965901046524708,0.015524404091944354,0.13814340962071558,0.6648506266125533,0.5343273424607402,829,0.5348394304292392,0.5226265896339581,0.5969358390118154,False
R2A,0.0,J2_ar_corr,31,1,0.009626409502572623,0.02589882312497681,0.1612187671609234,0.9133058239090881,0.048722213161511076,0.01511830247194988,0.1322579166904787,0.6512737203250096,0.5341527750131188,829,0.5325912065616367,0.5226265896339581,0.5969358390118154,False
R2A,0.0,J2_ar_corr,32,1,0.05309060986184995,0.020696510788398167,0.15334641712117478,0.8927799183478483,0.03893119653906915,0.014540239576821526,0.12671178966767518,0.6503971581792043,0.5600750802700895,829,0.5622022181753242,0.5226265896339581,0.5969358390118154,False
R2A,0.0,J2_ar_corr,33,1,0.09750729725888663,0.042217681321910956,0.22743208731540906,0.9438637641676091,0.046360420336708015,0.016722930460196305,0.13737619529595568,0.6776362162168381,0.4703902665666178,829,0.47033616640960973,0.5226265896339581,0.5969358390118154,False
R2A,0.0,J2_ar_corr,34,1,0.05537015641113895,0.029722421516484684,0.18107533166469328,0.9251105222243038,0.05225424415109209,0.013783029272770702,0.12850500108778898,0.675234663450426,0.5064097411478072,829,0.5068116763793628,0.5226265896339581,0.5969358390118154,False
R2A,0.0,J2_ar_corr,35,1,0.04759069573886239,0.02393817277244547,0.16187355279153676,0.9105141047035386,0.03742527048442311,0.014598923084303425,0.1264894223053282,0.6853785235825126,0.5207152763740619,829,0.5218295564475661,0.5226265896339581,0.5969358390118154,False
R2A,0.0,J2_ar_corr,36,1,0.031147097509004164,0.025809116364168147,0.16364369235446738,0.9101930838973176,0.06061120106825948,0.012905635242925836,0.12876083619588224,0.619098257599527,0.44727761598027044,829,0.447812134682915,0.5226265896339581,0.5969358390118154,False
R2A,0.0,J2_ar_corr,37,1,0.01899813960136125,0.02127474511331416,0.14709070134317456,0.8818907533783578,0.04717229985154396,0.013911684823022654,0.1270311406557724,0.6138722325403866,0.43340292685750914,829,0.4335408590011774,0.5226265896339581,0.5969358390118154,False
R2A,0.0,J2_ar_corr,38,1,-0.011723954557772087,0.023520960231591965,0.15381291019308058,0.9102393756209596,0.032368397151465576,0.015243139902545139,0.12763562604813808,0.6821894814042816,0.4088556525333823,829,0.40877055932420187,0.5226265896339581,0.5969358390118154,False
R2A,0.0,J2_ar_corr,39,1,0.058747849489237794,0.03977295440857892,0.20790445937542815,0.9463114851138154,0.04912809980775051,0.014919672412477807,0.13165577314800178,0.6853085691282516,0.5332218269779748,829,0.5344313017279392,0.5226265896339581,0.5969358390118154,False
R2A,0.0,J2_ar_corr,40,1,0.0708993728385716,0.02869573441204346,0.18363674872134456,0.9286746438618798,0.06198326417248172,0.01669320281969671,0.1433008299249253,0.6922994158599666,0.5481886739657306,829,0.5486171957625842,0.5226265896339581,0.5969358390118154,False
R2A,0.0,J2_ar_corr,41,1,0.030267013603550885,0.03334206140763435,0.18508958241919474,0.9380884828642714,0.051914858545318264,0.014018260218388283,0.129280364928974,0.6592860031103469,0.42232615008638136,829,0.4248929932560145,0.5226265896339581,0.5969358390118154,False
R2A,0.0,J2_ar_corr,42,1,0.092185089783393,0.02876003981557076,0.19302365293907114,0.9189958153847253,0.06124495075465349,0.013208721162852485,0.13022927918019211,0.6757429303576535,0.4540218811595264,829,0.45377115627590087,0.5226265896339581,0.5969358390118154,False
R2A,0.0,J2_ar_corr,43,1,0.05332918478535887,0.029988840504823658,0.18119835113679872,0.9267427308884761,0.04758782547224523,0.013739193343524091,0.1265061045036996,0.6220526238217011,0.4408056355899024,829,0.4408437636190256,0.5226265896339581,0.5969358390118154,False
R2A,0.0,J2_ar_corr,44,1,0.00869763456021443,0.034199088903614804,0.18513437754927592,0.9262828995137162,0.03244067826230453,0.012594142377385138,0.11681840601336545,0.6478634250304676,0.4986318711588543,829,0.4978938848903132,0.5226265896339581,0.5969358390118154,False
R2A,0.0,J2_ar_corr,45,1,0.03836137222385409,0.031508444235279355,0.18160407240526422,0.9303027182620638,0.05466369789181419,0.016561005886731674,0.13981818820861328,0.6815902638543263,0.41664517376992105,829,0.41643201661491835,0.5226265896339581,0.5969358390118154,False
R2A,0.0,J2_ar_corr,46,1,0.0726797149108004,0.027214035664330886,0.18026751405576688,0.9129838017577843,0.08442228969363914,0.01387569004207693,0.14492347304420242,0.6389554370298941,0.4881432872039085,829,0.48870176236890384,0.5226265896339581,0.5969358390118154,False
R2A,0.0,J2_ar_corr,47,1,0.06774871167683812,0.02829339230503054,0.18133747610160972,0.924415644559622,0.06660829186710816,0.014146464195302893,0.13631994990006693,0.64472116885006,0.5245998463544695,829,0.5241269952559844,0.5226265896339581,0.5969358390118154,False
R2A,0.0,J2_ar_corr,48,1,0.032623041131173494,0.029470622338091376,0.17474233931917477,0.9181395446801576,0.04562394625970504,0.014325291020574199,0.12808917008429185,0.6503100345260214,0.3873669580265283,829,0.3860732105234884,0.5226265896339581,0.5969358390118154,False
R2A,0.0,J2_ar_corr,49,1,0.07478282814071488,0.02692002711018199,0.18031222502899158,0.9188063354112705,0.042945843367580394,0.013740339670131663,0.12483863637786345,0.6696348003905498,0.4720080828851059,829,0.4731892329235003,0.5226265896339581,0.5969358390118154,False
R2A,0.0,J2_ar_corr,0,2,0.051464617036580444,0.035107601444125246,0.19430956808877717,0.9331586386762123,0.059874268034012454,0.01418078787234112,0.13328809341028883,0.6299834508961799,0.439860617174585,829,0.4400314446976422,0.5226265896339581,0.5969358390118154,False
R2A,0.0,J2_ar_corr,1,2,0.06370238219365086,0.034087393840531874,0.1953084415422893,0.933225412950984,0.05915950766015648,0.014167487607548553,0.1329185275051626,0.6373951260679518,0.42749055841888994,829,0.428510104252207,0.5226265896339581,0.5969358390118154,False
R2A,0.0,J2_ar_corr,2,2,0.00255498120101244,0.03386942212118415,0.18405420410879422,0.9308945662166328,0.049849277200803,0.01581216127252369,0.13526681673627935,0.6856428053548196,0.5645437437230372,829,0.5665076751973752,0.5226265896339581,0.5969358390118154,False
R2A,0.0,J2_ar_corr,3,2,0.033696719109549134,0.03201885703538936,0.18208329389083783,0.9309192732450926,0.054419736106057444,0.016011440168432124,0.13774232409207077,0.672844811809759,0.5339672767611823,829,0.5345035546915172,0.5226265896339581,0.5969358390118154,False
R2A,0.0,J2_ar_corr,4,2,0.05626567188075082,0.03009426332820903,0.18237348809627277,0.9274331712406292,0.05160038905802637,0.015448469338889721,0.13457737361766803,0.6873335889839101,0.5367697245186498,829,0.5355960650428946,0.5226265896339581,0.5969358390118154,False
R2A,0.0,J2_ar_corr,5,2,0.13102405369663303,0.03255343713872414,0.22298147857125333,0.9322489109764325,0.07685541521861974,0.012987162512346892,0.13745514672347972,0.6199656544038091,0.43837261933192134,829,0.43841784640343456,0.5226265896339581,0.5969358390118154,False
R2A,0.0,J2_ar_corr,6,2,-0.013882622082963383,0.027323735464099465,0.1658808688788368,0.918103112998951,0.034240248922264425,0.01432425092238083,0.12448552353040679,0.6552294234072157,0.35621827888591046,829,0.35540888473054627,0.5226265896339581,0.5969358390118154,False
R2A,0.0,J2_ar_corr,7,2,0.04695807411153284,0.03624601570912813,0.1960894602812511,0.9395298677741153,0.040147123728928896,0.016374863585272147,0.1341143360307841,0.7088756938162873,0.47737025016338036,829,0.4769290872406474,0.5226265896339581,0.5969358390118154,False
R2A,0.0,J2_ar_corr,8,2,0.10313331002377091,0.02893034058761609,0.19891410262742895,0.9170576887308743,0.05865880653876883,0.01253650638651648,0.1264015900654307,0.5759060712098806,0.4648632102077848,829,0.46495759368286665,0.5226265896339581,0.5969358390118154,False
R2A,0.0,J2_ar_corr,9,2,0.06918092601007687,0.03579822291895646,0.20145526412225664,0.9403473052587408,0.040864200484094275,0.013753787881718119,0.12419207206147408,0.6320172393694732,0.45146459197759875,829,0.45080892199017764,0.5226265896339581,0.5969358390118154,False
R2A,0.0,J2_ar_corr,10,2,0.03969122471397661,0.027701400790714356,0.17110462913086175,0.9228203925369713,0.04667628494439824,0.014548186123260075,0.12933236910947982,0.6649471481575033,0.4574463520799906,829,0.4583630988380857,0.5226265896339581,0.5969358390118154,False
R2A,0.0,J2_ar_corr,11,2,0.06853201102575135,0.02586113378541435,0.17480780966721154,0.9121369734247667,0.06510462495025633,0.012988808192904528,0.13125326808433407,0.6106910438093638,0.49757602911630483,829,0.4986151982644586,0.5226265896339581,0.5969358390118154,False
R2A,0.0,J2_ar_corr,12,2,0.09729559666627503,0.04836855706363966,0.2404890646043727,0.9500288433913763,0.06370080951350723,0.015610305173936651,0.14024299735321114,0.6630383588588816,0.548539640745629,829,0.5489362788162663,0.5226265896339581,0.5969358390118154,False
R2A,0.0,J2_ar_corr,13,2,0.07318626129346953,0.02921919201783565,0.18594467150190577,0.9262883537609035,0.06856167532213514,0.016250251974031578,0.14474444824244365,0.6874491304490773,0.45660499353167244,829,0.45596564404340617,0.5226265896339581,0.5969358390118154,False
R2A,0.0,J2_ar_corr,14,2,0.039084065347666716,0.02539749009757876,0.16408855615697104,0.9065574952179111,0.04353651773311357,0.015503713773548627,0.1319058078701402,0.692231922868277,0.5696951666237504,829,0.5700642583510793,0.5226265896339581,0.5969358390118154,False
R2A,0.0,J2_ar_corr,15,2,0.0038828814409120655,0.031090794643198857,0.17636856695988384,0.9198706444612225,0.05910151693764596,0.015547953983118024,0.13798892451008116,0.6763323033668732,0.4095578988577367,829,0.41061421383643937,0.5226265896339581,0.5969358390118154,False
R2A,0.0,J2_ar_corr,16,2,0.08385296021190292,0.022810044848487372,0.17274653045658064,0.9029486935271683,0.045365648186524186,0.014879804765581657,0.13014548321384473,0.6837705173340094,0.4781506409210549,829,0.4771011379935977,0.5226265896339581,0.5969358390118154,False
R2A,0.0,J2_ar_corr,17,2,0.055544345113224536,0.022091407168607982,0.15867129999676996,0.9047752315909156,0.060911857596420496,0.013872911440239952,0.13260153029315522,0.6144219418228775,0.4522312042241441,829,0.4526543468473387,0.5226265896339581,0.5969358390118154,False
R2A,0.0,J2_ar_corr,18,2,-0.03179679392654809,0.03202014284797705,0.18174481822595223,0.9293149947961308,0.03348432366356978,0.017093097481293233,0.13496035496581923,0.6875496423931772,0.5536400615121255,829,0.554283897436004,0.5226265896339581,0.5969358390118154,False
R2A,0.0,J2_ar_corr,19,2,0.03778224607703187,0.030354564710954962,0.17827524457865807,0.9185560464819872,0.0485440817513433,0.014441333005865512,0.12960656186685385,0.6262091501461732,0.4798095814907554,829,0.48082395327284855,0.5226265896339581,0.5969358390118154,False
R2A,0.0,J2_ar_corr,20,2,0.05356379743052358,0.032503517762636866,0.18807604355104618,0.9331054490741889,0.057538327096078846,0.011742559758796973,0.12269155979044498,0.6088757830153527,0.500720612219255,829,0.501860126282146,0.5226265896339581,0.5969358390118154,False
R2A,0.0,J2_ar_corr,21,2,0.05718562067419687,0.029349072599726137,0.1806080502403458,0.9299478985786043,0.0566470993776768,0.015054859009406322,0.13514345295762836,0.6768576305799944,0.5175863977070467,829,0.5186758174468798,0.5226265896339581,0.5969358390118154,False
R2A,0.0,J2_ar_corr,22,2,0.02930250208867811,0.022879722590998783,0.15407257776663494,0.9025831074611036,0.05385951320399731,0.014436971074266017,0.13167314926300497,0.6379199215003095,0.5091844113100061,829,0.5090163152678535,0.5226265896339581,0.5969358390118154,False
R2A,0.0,J2_ar_corr,23,2,0.11490336986151471,0.02969704009809198,0.20712272811940277,0.9212313974382165,0.06596916502408237,0.012948486414258506,0.1315310501297436,0.6462175105340093,0.4273129078129945,829,0.42723564530429065,0.5226265896339581,0.5969358390118154,False
R2A,0.0,J2_ar_corr,24,2,0.0543188684110933,0.026042197809757372,0.17027253822980098,0.905658167852724,0.05838896408619827,0.013970349628884755,0.13183178962581105,0.6340432415167594,0.4824817985650428,829,0.48215355917956126,0.5226265896339581,0.5969358390118154,False
R2A,0.0,J2_ar_corr,25,2,0.042175955885364026,0.036117963596785665,0.1946709399258909,0.9408998740103686,0.05153219718887484,0.014746423617400698,0.13191660609837483,0.6925305173438717,0.5246750891400352,829,0.5270014740181114,0.5226265896339581,0.5969358390118154,False
R2A,0.0,J2_ar_corr,26,2,0.03451480875261015,0.020284976217712768,0.14654776777877587,0.8920776465215432,0.052284196973857354,0.014357931358978723,0.13073472611429543,0.6539504370842284,0.44067684908604915,829,0.4397879236268932,0.5226265896339581,0.5969358390118154,False
R2A,0.0,J2_ar_corr,27,2,0.030169839571102527,0.021172056243177268,0.14860106144615298,0.891403953448692,0.025939571364801843,0.014583584866902059,0.12351698761503094,0.690266907038275,0.47098431495564413,829,0.4699309934949999,0.5226265896339581,0.5969358390118154,False
R2A,0.0,J2_ar_corr,28,2,0.07253847965629312,0.02986745952580762,0.18742809436328928,0.9194991149178587,0.055704684244149545,0.015817261856853674,0.13755098583286882,0.6716998190504108,0.48739961465801823,829,0.4874270980394527,0.5226265896339581,0.5969358390118154,False
R2A,0.0,J2_ar_corr,29,2,0.05067013451613469,0.02328404439915676,0.16078403817245027,0.9022045055962277,0.06756145030407855,0.013365481407796675,0.13390306559219303,0.6423263821492808,0.39328898388563766,829,0.39479640383162923,0.5226265896339581,0.5969358390118154,False
R2A,0.0,J2_ar_corr,30,2,0.07188064404923127,0.022925487469172372,0.16760762052515588,0.9067378271087786,0.05903140323938875,0.014623574447080909,0.13456701310310867,0.6688413738801327,0.4524114639506419,829,0.4528822608211755,0.5226265896339581,0.5969358390118154,False
R2A,0.0,J2_ar_corr,31,2,0.03408204940267236,0.03131791134947359,0.1802206909346421,0.9317263892794014,0.04182552350002417,0.01545801424696146,0.13117693647517667,0.6864385773410631,0.5166653527882441,829,0.5173091757901339,0.5226265896339581,0.5969358390118154,False
R2A,0.0,J2_ar_corr,32,2,0.06249382223099948,0.02716678515464281,0.17627326221433182,0.9121826082785748,0.049133793815391555,0.01588104067939153,0.1352596405957259,0.679433828253664,0.5196741101460954,829,0.5201535827125023,0.5226265896339581,0.5969358390118154,False
R2A,0.0,J2_ar_corr,33,2,0.029592446611355648,0.026087459563055897,0.16420466637553827,0.90698367546311,0.039812286841582584,0.013095572873679984,0.12116348896114057,0.6083608920631708,0.4173332902370244,829,0.4145539176500714,0.5226265896339581,0.5969358390118154,False
R2A,0.0,J2_ar_corr,34,2,0.06612747265400873,0.027420909484841157,0.17830802596755937,0.9129055102064518,0.05688911078009566,0.01390320865225818,0.13091821713424062,0.6553508948724768,0.5205458500015183,829,0.5205784801776756,0.5226265896339581,0.5969358390118154,False
R2A,0.0,J2_ar_corr,35,2,0.03157187035228503,0.019313930491733976,0.1425156605053475,0.8790188921999841,0.05693882154814321,0.016088743742408564,0.1390351507414577,0.6777057696212683,0.4301072901117133,829,0.43359341403518603,0.5226265896339581,0.5969358390118154,False
R2A,0.0,J2_ar_corr,36,2,-0.003141449071295291,0.03034271560575337,0.17421993085758275,0.9280571359808429,0.04267039285745314,0.015142435089669285,0.13024284055670265,0.7036880215503297,0.5364785439523405,829,0.537039038717116,0.5226265896339581,0.5969358390118154,False
R2A,0.0,J2_ar_corr,37,2,0.04329580958687566,0.021941077581217935,0.15432305307050184,0.905030594383914,0.04008508633754164,0.014984358271420677,0.1288067250500099,0.635177541764365,0.45127976807916,829,0.45357980757475,0.5226265896339581,0.5969358390118154,False
R2A,0.0,J2_ar_corr,38,2,0.03683668938400727,0.03404071559181928,0.18814265140204947,0.9372987312944694,0.030896384551437273,0.014548752587775493,0.12451240567158674,0.6489802927773144,0.45556405288540824,829,0.4551222181571551,0.5226265896339581,0.5969358390118154,False
R2A,0.0,J2_ar_corr,39,2,0.03804819494462808,0.026236039705589673,0.16638420851791824,0.9097189817514734,0.0505080944628855,0.012759300712040074,0.12373507311313085,0.6188737064908922,0.4640961423373829,829,0.46459896556319935,0.5226265896339581,0.5969358390118154,False
R2A,0.0,J2_ar_corr,40,2,0.05960617656732831,0.02346736301394846,0.16437840277519422,0.9087936366817925,0.06127032455827517,0.012063031823580006,0.12576599101130792,0.6304438823870118,0.4016850769209231,829,0.4020910762367452,0.5226265896339581,0.5969358390118154,False
R2A,0.0,J2_ar_corr,41,2,-0.01571494818652144,0.03230516831983746,0.18042208267377502,0.9276189983206966,0.0338019387818495,0.013380136321273703,0.12051019619387233,0.6282541813922167,0.5256305054978274,829,0.5261571980551647,0.5226265896339581,0.5969358390118154,False
R2A,0.0,J2_ar_corr,42,2,0.017981664508963737,0.03482637971905212,0.18748258579816168,0.938776140156357,0.05189035128408108,0.015517726515260236,0.1349456745199548,0.6934224451761737,0.5499584208578921,829,0.5511023692939983,0.5226265896339581,0.5969358390118154,False
R2A,0.0,J2_ar_corr,43,2,0.09843620229707008,0.022054052412025255,0.17816772528910774,0.9117928545336967,0.07304211462299441,0.013771120485131088,0.1382254354079948,0.6705672553478169,0.39686219410880197,829,0.3982693839510857,0.5226265896339581,0.5969358390118154,False
R2A,0.0,J2_ar_corr,44,2,0.0567378301628997,0.027711992274996253,0.17587260629953236,0.9170485165211368,0.050744299676998963,0.0163648256501248,0.13762198080188306,0.6927988990929714,0.46018694043600766,829,0.45959100028580563,0.5226265896339581,0.5969358390118154,False
R2A,0.0,J2_ar_corr,45,2,0.07374329688118239,0.028476816594952447,0.18415995881260033,0.9243720456267225,0.03989506807460093,0.01538935502216092,0.13031105662543743,0.6691914859233605,0.5493609235994737,829,0.5503947466116476,0.5226265896339581,0.5969358390118154,False
R2A,0.0,J2_ar_corr,46,2,0.0723256472294966,0.03644146901093149,0.2041383556759902,0.9399563015039529,0.060101516941200174,0.015306124623620595,0.13754387286336664,0.6727042568942632,0.5525611410344713,829,0.5533801229468154,0.5226265896339581,0.5969358390118154,False
R2A,0.0,J2_ar_corr,47,2,0.12003504848002519,0.032336946024809604,0.216206750330353,0.9201909765717462,0.06603748518388607,0.014221566349774707,0.13631770170886348,0.6536683366483492,0.5747703207511504,829,0.5757664167928365,0.5226265896339581,0.5969358390118154,False
R2A,0.0,J2_ar_corr,48,2,0.06120556276423049,0.03514215120182198,0.19720109562349836,0.9337752210727276,0.06021529942061397,0.0159588190138227,0.13994535111298587,0.6873886814736438,0.43979460938216497,829,0.4393631069551642,0.5226265896339581,0.5969358390118154,False
R2A,0.0,J2_ar_corr,49,2,0.03652535064005209,0.02864845905092515,0.17315472933276732,0.917882446990494,0.04568696690318812,0.015339040480747346,0.13200886116303084,0.6736334759742427,0.5092982996722658,829,0.508500341021503,0.5226265896339581,0.5969358390118154,False
R2A,0.0,J3_joint_block,0,0,0.04559827149868832,0.06715192920281154,0.26311809433499556,0.9279976907908198,0.04885294897262442,0.012030853563763672,0.12007274539663661,0.6022542539424697,0.4745677032290657,829,0.47504547797321145,,,
R2A,0.0,J3_joint_block,1,0,0.0821026662010279,0.05342706833784641,0.2452914921785177,0.9279822562843277,0.07886449553531356,0.024661957865599292,0.17573151829321562,0.8039663940217833,0.5741081588715257,829,0.5743015498645113,,,
R2A,0.0,J3_joint_block,2,0,0.03652976050618215,0.008300201054411541,0.09815612287091705,0.8987600599704215,0.02157969179862858,0.01336956505387555,0.11762333166510522,0.5832961518207251,0.5440659796369031,829,0.5446843178230065,,,
R2A,0.0,J3_joint_block,3,0,0.0755055206941558,0.05211920975223333,0.2404585066233443,0.9413429605580271,0.06710127846468016,0.02199482434131244,0.16278023809082903,0.7770792599761314,0.5941103986040341,829,0.594933096865103,,,
R2A,0.0,J3_joint_block,4,0,0.048737514468156495,0.01162398048686054,0.1183187466270426,0.868773171831078,0.05503198152244929,0.01688343436244442,0.14110972097177296,0.7112857363229181,0.5748268471111441,829,0.5762656955430154,,,
R2A,0.0,J3_joint_block,5,0,0.035638849435337114,0.010471634395624955,0.1083594111496532,0.9108856057081212,0.032365312740851686,0.01291343505793651,0.11815645782922593,0.6423068925942477,0.4965211416241925,829,0.4967598922413457,,,
R2A,0.0,J3_joint_block,6,0,0.0802020945410828,0.050654582172021276,0.23892877210750083,0.9153084763110425,0.08000299660205747,0.020118631126750452,0.1628468930991908,0.7446164469617165,0.5173398466363048,829,0.5175244150889083,,,
R2A,0.0,J3_joint_block,7,0,0.048987441244180106,0.04911056273348694,0.2269588776257473,0.9254270968653138,0.0636481793596245,0.015231980602468827,0.13886349894145603,0.6483299090334236,0.4933732358344589,829,0.4937398254449955,,,
R2A,0.0,J3_joint_block,8,0,0.06525915856155669,0.049705335024765526,0.23230172793358192,0.9362007218943167,0.060810179451961356,0.015562430746765504,0.13878151415712844,0.6800822081785504,0.5181314606237623,829,0.5185026161924319,,,
R2A,0.0,J3_joint_block,9,0,0.06328464883037085,0.06236368533860104,0.2576211018456842,0.9341374660943931,0.045788356090210224,0.011462202192965057,0.11644215622535056,0.5077273438301825,0.5279886101493017,829,0.528071481366521,,,
R2A,0.0,J3_joint_block,10,0,0.03595312709073875,0.02973577609844844,0.17614881051557302,0.9216391062493234,0.04204430242090727,0.014816222413961563,0.12877866974007096,0.6670554191957673,0.46634586867535754,829,0.4649619841832716,,,
R2A,0.0,J3_joint_block,11,0,0.05395675454339145,0.026587251185042175,0.17175151395518456,0.9082804935017553,0.031929257324381045,0.010574051632968378,0.10767325158206618,0.49092667537904744,0.44210078409227943,829,0.4410716166175435,,,
R2A,0.0,J3_joint_block,12,0,0.035757056077630724,0.011084619058902397,0.11118986517772751,0.8131920502346396,0.059198424756537006,0.013629075025297139,0.13089510502288662,0.6199226613044544,0.46773138071765213,829,0.4662811226264933,,,
R2A,0.0,J3_joint_block,13,0,0.05986127158064389,0.04718676596471218,0.22532229760936617,0.9342018105183302,0.061547605904503075,0.01777730854209278,0.14685168141587213,0.6620283912317139,0.5184069367964005,829,0.5186587066077473,,,
R2A,0.0,J3_joint_block,14,0,0.029967600247983027,0.02691512367664491,0.16677284173769968,0.9016940181984409,0.03572817840133352,0.009399634660988882,0.10332539568211872,0.4726727657194911,0.344373150392472,829,0.3446515798870056,,,
R2A,0.0,J3_joint_block,15,0,0.02616506352551769,0.027499306512019678,0.16788066315485545,0.9128824680077984,0.0335591025641233,0.009293862772919504,0.10207877417871382,0.49562709023198653,0.39429398153194334,829,0.3950227313714571,,,
R2A,0.0,J3_joint_block,16,0,0.03022948117846621,0.02225725422824617,0.15222048403735094,0.82736474438247,0.04913159484738189,0.010168347857525618,0.11217068008072743,0.4531055151196943,0.3581971579445613,829,0.3574614818807897,,,
R2A,0.0,J3_joint_block,17,0,0.014931187444052795,0.008891665946077203,0.09547044728378852,0.824159966568898,0.038996781511003914,0.009382986885891504,0.10442095505265445,0.35758251723065154,0.19380480163922909,829,0.19365278166966599,,,
R2A,0.0,J3_joint_block,18,0,0.035660206834025675,0.007083492172569037,0.09140646872084345,0.8408310930763486,0.03649108248399711,0.008820751556174814,0.10075887383763622,0.37965592978299256,0.3141126475125705,829,0.3147148715992961,,,
R2A,0.0,J3_joint_block,19,0,0.030609610802728268,0.01390723738407571,0.12183671719793754,0.9011605770945925,0.052949423720365846,0.020001501755105587,0.151013718672922,0.7384709825741159,0.6617913869735745,829,0.6631094434849965,,,
R2A,0.0,J3_joint_block,20,0,0.03214490724458198,0.009524379146561455,0.10275054359138074,0.7895624834823854,0.03872764103883613,0.010054669553760253,0.10749185892053964,0.45256014357676416,0.27265619870045943,829,0.27448623945326023,,,
R2A,0.0,J3_joint_block,21,0,0.02923197657914362,0.026463172601349103,0.16528061306781475,0.9088171512846991,0.03163600798870062,0.010056183869439296,0.10515236978261795,0.5744424207010919,0.3746334086024969,829,0.37585456419210095,,,
R2A,0.0,J3_joint_block,22,0,0.04437498516467491,0.016925979039817646,0.1374595153060812,0.8309666130710134,0.06545333172777197,0.015931008757427204,0.14217998238744076,0.6474684913288316,0.5018037736572858,829,0.5016222270029318,,,
R2A,0.0,J3_joint_block,23,0,0.05389797188307864,0.03393067278432995,0.19192619455780155,0.9170837464379397,0.07660329033891132,0.019040952847284836,0.1578259070559469,0.7461886010017735,0.5649182680860072,829,0.5652953737572829,,,
R2A,0.0,J3_joint_block,24,0,0.04962062443416572,0.04607316351827948,0.22030744401294297,0.9435796830597012,0.0438391350665956,0.014757024047880582,0.12914679171883364,0.6650507000728826,0.5086435687936363,829,0.5085659807985754,,,
R2A,0.0,J3_joint_block,25,0,0.04966905542111537,0.060729020754720864,0.2513882173474857,0.9389098108839088,0.03856133872483593,0.010498155736435163,0.1094766302947195,0.5053472041965933,0.5025428775372985,829,0.5025259820009038,,,
R2A,0.0,J3_joint_block,26,0,0.022719942946278035,0.011537337745310548,0.10978858571268998,0.8624927513168961,0.031186919677364335,0.012493445003037198,0.11604339258225593,0.5989072136837994,0.3892300601891438,829,0.3905225903658867,,,
R2A,0.0,J3_joint_block,27,0,0.04071048506180575,0.042853463149854006,0.21097584398177321,0.9110309675599031,0.05024511327989947,0.010825575209077579,0.11554283455752463,0.5733077219010808,0.449771001701227,829,0.45052398960535395,,,
R2A,0.0,J3_joint_block,28,0,0.06042893109082365,0.06719801716211808,0.26617601859464646,0.9333763581317295,0.06838016377566396,0.013372264776620232,0.13434326025002838,0.5777218569194806,0.5580167929237921,829,0.5581936576931305,,,
R2A,0.0,J3_joint_block,29,0,0.08070870719529004,0.03463391743060556,0.20284923674428904,0.9210790456233405,0.08114930174807665,0.024095567597669072,0.17515928971045033,0.799044525631048,0.5969281187011807,829,0.5965797597065452,,,
R2A,0.0,J3_joint_block,30,0,0.034999253769727484,0.05922033841847373,0.24585623071809976,0.9239044222363912,0.04011258559948543,0.010318566669388837,0.10921348906094377,0.5063394742004557,0.5113032114168937,829,0.5115191824031586,,,
R2A,0.0,J3_joint_block,31,0,0.037248703600034114,0.014622476543224884,0.12653040133939383,0.9149543124387508,0.06704367856047212,0.017767937807154823,0.14920721377357976,0.7272304470604861,0.6050100155324452,829,0.6052080916869396,,,
R2A,0.0,J3_joint_block,32,0,0.04350345204183967,0.04904046901631364,0.2256834494504865,0.9041232443072126,0.058815621866876264,0.01165211188973348,0.12292839080261668,0.5923781023332465,0.3663728807392472,829,0.3660780112753389,,,
R2A,0.0,J3_joint_block,33,0,0.04760268324356137,0.03176205831567136,0.18446699912899922,0.9285058725574497,0.06010369514763416,0.016685260369997786,0.14247004787111403,0.6986929628110421,0.5550291903983241,829,0.5553664617737314,,,
R2A,0.0,J3_joint_block,34,0,0.04982227059852842,0.03511311213493368,0.19389525724608808,0.9102287233549995,0.06872563450255503,0.01880222988015891,0.15338005971422,0.7325922688203038,0.5295994851429785,829,0.5291057034325518,,,
R2A,0.0,J3_joint_block,35,0,0.03204769799125478,0.008204382719664421,0.0960803708683678,0.9208745416773547,0.03829157486628844,0.014211534685392569,0.1252109395825027,0.636337232332545,0.5480843122120626,829,0.5485039033151693,,,
R2A,0.0,J3_joint_block,36,0,0.06402044996871196,0.060984262572468695,0.25511346610217395,0.9179185065853174,0.05143198116012056,0.013824232686890677,0.12833347721053018,0.5978122567738049,0.5157503779824962,829,0.5157004752283898,,,
R2A,0.0,J3_joint_block,37,0,0.05605787892209115,0.0355622182763032,0.1967351114202725,0.904176594450126,0.07269874301009842,0.02167620428244785,0.16419899974633276,0.7429543452124249,0.5514761338506939,829,0.5510077774776894,,,
R2A,0.0,J3_joint_block,38,0,0.061820186344815585,0.032288385672092225,0.19002663263816455,0.9223498201873195,0.08572466540529412,0.018550469152541566,0.1609322447845403,0.7206333636893366,0.546759184066757,829,0.547053175343285,,,
R2A,0.0,J3_joint_block,39,0,0.06017094283569229,0.04722787725237226,0.2254959414581744,0.9115754128152697,0.06760639972031753,0.011035110249668613,0.12492291836493398,0.5118394083492566,0.4434038407373986,829,0.4429966141174867,,,
R2A,0.0,J3_joint_block,40,0,0.06400843243924731,0.0745040293726661,0.2803588928427201,0.9008422672195129,0.06083026006786347,0.017281087397882953,0.14484960454832752,0.6914588701137925,0.5465221759519454,829,0.5462832001377588,,,
R2A,0.0,J3_joint_block,41,0,0.0333868203496234,0.026437377560260388,0.16598812407313485,0.9344211318265899,0.029812498728447604,0.013252685717816239,0.1189179162206012,0.6320344399949774,0.49624167982799133,829,0.49564570406103464,,,
R2A,0.0,J3_joint_block,42,0,0.05037119978426538,0.026696348130645687,0.17097837845280922,0.9036655701269022,0.03716403949171503,0.01091829712392815,0.11090294385303712,0.5255818260817914,0.39052483109165487,829,0.3895841830224234,,,
R2A,0.0,J3_joint_block,43,0,0.08977927945399822,0.06595454546477134,0.2720567302678808,0.9298537800589398,0.07758272441367244,0.017179455995965168,0.15231065334838864,0.6098350020139757,0.5384281948344989,829,0.5395705799568205,,,
R2A,0.0,J3_joint_block,44,0,0.04192906797629719,0.03351937299632333,0.1878228413630362,0.9051449618634638,0.058124944044567146,0.015030530561595812,0.13567991628011816,0.7024434696158218,0.4431747193461881,829,0.4441735406440561,,,
R2A,0.0,J3_joint_block,45,0,0.0222498425464997,0.023331922657453052,0.15435989813030157,0.9197589245950785,0.019815731235753052,0.008525372083673077,0.09443534978005151,0.47831267309634246,0.35939236917160644,829,0.36091519527579274,,,
R2A,0.0,J3_joint_block,46,0,0.05081476383268236,0.014547379448710518,0.13087979092312838,0.9232590730648395,0.05346303870231252,0.01877933119691632,0.14709734091478774,0.750828870691938,0.5782539183378315,829,0.5811529360722753,,,
R2A,0.0,J3_joint_block,47,0,0.07647010113625646,0.04924046460275166,0.23470862994474864,0.9261675566956455,0.06297953005690932,0.01577932842838817,0.14051957029032405,0.6554034133326627,0.49511633350671647,829,0.4963984223524786,,,
R2A,0.0,J3_joint_block,48,0,0.038735802938005444,0.043263117924587105,0.21157405406580243,0.9347811056466936,0.029872637317108174,0.011300206802080215,0.11042002201756572,0.5748961132517064,0.48789123561268716,829,0.4874732568997844,,,
R2A,0.0,J3_joint_block,49,0,0.051684635276211637,0.031139700108957873,0.1838776811703718,0.9129007757062977,0.041367714829129376,0.014872463395476468,0.12877791435514338,0.6224916834276117,0.5039203216457507,829,0.5033968642588356,,,
R2A,0.0,J3_joint_block,0,1,0.05085491394610713,0.011767368257979742,0.11980647115429827,0.9227599658263473,0.06241969762991447,0.019746437958132634,0.153761687719479,0.7413992758607331,0.6791928580132026,829,0.6812067732202769,,,
R2A,0.0,J3_joint_block,1,1,0.032165056797072426,0.029968095608973497,0.17607579756381167,0.8871054201130699,0.030491943295609975,0.009234851814003409,0.10081969261977594,0.5283514659481698,0.37404406477504665,829,0.3754497464303746,,,
R2A,0.0,J3_joint_block,2,1,0.04535473185928555,0.0454988882651209,0.21807324450089832,0.9136629667716542,0.05956969766196855,0.01087088698455395,0.12008095545960772,0.5342943673862327,0.44155494610327556,829,0.4409550905795754,,,
R2A,0.0,J3_joint_block,3,1,0.05065567456696155,0.046249840651683964,0.22094306510392642,0.927648256412962,0.05342936390923154,0.01260880380212897,0.12435232498781058,0.6097436109228431,0.4799358584324337,829,0.4799691307886505,,,
R2A,0.0,J3_joint_block,4,1,0.05305604749039497,0.01708391864505009,0.14106332911268307,0.9014035247062282,0.056912456049478664,0.01807210951633781,0.14598334552243158,0.7295663450740947,0.5584484403019297,829,0.5588166305843622,,,
R2A,0.0,J3_joint_block,5,1,0.050886958517000404,0.028491225920976308,0.17629721628002873,0.901103243332446,0.05724105786951533,0.021287178413746038,0.15672816313530646,0.7370720869725516,0.5825292833750317,829,0.5832474500467075,,,
R2A,0.0,J3_joint_block,6,1,0.044961893451814235,0.053308940990441214,0.23522438830447306,0.9319496004999966,0.04781666425749346,0.02043272769867449,0.15072876659545897,0.7501148136761161,0.5838490915691706,829,0.5831291913033143,,,
R2A,0.0,J3_joint_block,7,1,0.023405011044525987,0.010283281897707112,0.10407245764226716,0.9251332850144874,0.03671040713017399,0.013718117784487057,0.12274270559243097,0.6491108461328627,0.501208243911344,829,0.5002668909016106,,,
R2A,0.0,J3_joint_block,8,1,0.037866378998851306,0.03496721111329562,0.1907906543093248,0.9119328998455684,0.05935511413338483,0.014113492117599111,0.13280256658433318,0.6531631935353716,0.45981298418791716,829,0.4611840651350076,,,
R2A,0.0,J3_joint_block,9,1,0.04330910712497113,0.03145854053957427,0.18257661213730658,0.8866689167966113,0.05565527069055199,0.015099001081100454,0.13489444108909407,0.6721876312502754,0.4775336790442743,829,0.47714176786857576,,,
R2A,0.0,J3_joint_block,10,1,0.07982509755203168,0.05571392725102038,0.2491705709954764,0.9416278051382703,0.08759245487674447,0.029473009283710855,0.19273154239782697,0.8261132134427881,0.6287741004560146,829,0.628224710209715,,,
R2A,0.0,J3_joint_block,11,1,0.029124810938451266,0.01177373426756941,0.11234762516301776,0.8979439339261924,0.04103732516335055,0.013941749279002106,0.1250032453001308,0.6644346615656623,0.5092862848364528,829,0.5077630252935185,,,
R2A,0.0,J3_joint_block,12,1,0.035271289583348214,0.010892381238103894,0.11016553502332889,0.8692447828435547,0.04406722042888166,0.013133802181403764,0.12278323215216079,0.5808831291795808,0.4385287897653699,829,0.4423191408595318,,,
R2A,0.0,J3_joint_block,13,1,0.048055551315977295,0.03812575178648859,0.20108477764060392,0.9138124610277821,0.03127715114063636,0.015224471102839457,0.1272899496673389,0.6871461280159996,0.5070286702362479,829,0.5055320777765246,,,
R2A,0.0,J3_joint_block,14,1,0.051921392999873195,0.04502755564469095,0.21845683027943585,0.9352588953172727,0.045630879171377974,0.014142202140267957,0.12737495544344993,0.6094365774155392,0.543758731542719,829,0.5431257204604422,,,
R2A,0.0,J3_joint_block,15,1,0.08876767087093468,0.05611370231573621,0.25296917145689274,0.9133969639996546,0.09035709243821174,0.020869219731233925,0.17039255818585936,0.671019030124778,0.5536390513779447,829,0.5525877033800772,,,
R2A,0.0,J3_joint_block,16,1,0.01776950573620266,0.005088682744997654,0.0735148833849758,0.9285062268702026,0.011092740092407705,0.006715491583198311,0.08269546823107067,0.30851927630696974,0.125193026277949,829,0.12423835710504003,,,
R2A,0.0,J3_joint_block,17,1,0.07134799534714745,0.08929153663703963,0.30721665494744294,0.9328529760848228,0.06900553876929198,0.018232906528087706,0.15163993837023268,0.7166545408905948,0.5664323155529798,829,0.5666422121174346,,,
R2A,0.0,J3_joint_block,18,1,0.030297130862768373,0.012461995343398351,0.11567156730119145,0.865184139728065,0.05232681262510113,0.014793846601978767,0.13240823962836004,0.7000450788029112,0.4800170319060067,829,0.47920029706789086,,,
R2A,0.0,J3_joint_block,19,1,0.038721135855966794,0.01463015546204565,0.12700189693080136,0.8515570533458877,0.05715768111823258,0.014596459278295981,0.13365425466145678,0.7056364851330363,0.39320249052159534,829,0.3946844422821669,,,
R2A,0.0,J3_joint_block,20,1,0.05450571265930567,0.04898444505964692,0.22793709169888457,0.9072496876977992,0.052706190891308534,0.010477604610114735,0.11513273717056233,0.5068828196259048,0.48161336521136117,829,0.4819303641171807,,,
R2A,0.0,J3_joint_block,21,1,0.04083673848297054,0.02675730760590205,0.16859699527520822,0.8923483427801084,0.048792389682243274,0.010617911354796143,0.11401144085441611,0.43519226081037315,0.368717656468892,829,0.3691389473301585,,,
R2A,0.0,J3_joint_block,22,1,0.05857168583820796,0.012685628934501134,0.1269498771816297,0.8976280557464092,0.059944175442223975,0.01816575309896091,0.14750951585714409,0.7148400878067713,0.6463246138275431,829,0.6478042189917493,,,
R2A,0.0,J3_joint_block,23,1,0.032408122026488545,0.010944554895824346,0.10952096269257368,0.8188354428542701,0.05387474981070965,0.015090624564337615,0.13413841072378999,0.6311438453224085,0.5157071210101593,829,0.5146353878023883,,,
R2A,0.0,J3_joint_block,24,1,0.04853952453677045,0.040260424857564425,0.20643766686295445,0.889841480028556,0.03998848909501534,0.009549235752183808,0.10558558146018789,0.5082029439537524,0.40996747956262225,829,0.4102220831369984,,,
R2A,0.0,J3_joint_block,25,1,0.041352635830217595,0.026487343025358764,0.1679207655874203,0.8982324845908846,0.05455707344549319,0.010964010174512016,0.11806982865003637,0.527293878301425,0.4164602889276945,829,0.41747232469535356,,,
R2A,0.0,J3_joint_block,26,1,0.020714934252573976,0.007726488803248576,0.09030834570701114,0.8675359696546917,0.03166907614036921,0.012946353137749238,0.11810708497517725,0.6356274882101239,0.5353513678528521,829,0.537742244843432,,,
R2A,0.0,J3_joint_block,27,1,0.030118296840635498,0.008406966134318287,0.09650947072126612,0.8195320356746232,0.030476697053158263,0.008985147796615195,0.09956895530176653,0.38238131416698623,0.21618210775515967,829,0.21394679646063006,,,
R2A,0.0,J3_joint_block,28,1,0.051606523154918656,0.03822645548478455,0.20221198954790912,0.9046135991505737,0.026137572412197878,0.011069944886532816,0.10841179630527162,0.5616933875415151,0.4614013971226946,829,0.46221738064600115,,,
R2A,0.0,J3_joint_block,29,1,0.055203728531616765,0.03666160898965988,0.19927132416244017,0.9203104233382411,0.0681540898832262,0.019983685447051345,0.15693522681304609,0.7694545971750038,0.5209705332955152,829,0.5210889394486449,,,
R2A,0.0,J3_joint_block,30,1,0.04632615142574617,0.012651805884799487,0.12164669412162687,0.834737794016756,0.061311076945263526,0.016113430277372616,0.14096977844048927,0.7018536936039714,0.4445757020425711,829,0.44788765075584513,,,
R2A,0.0,J3_joint_block,31,1,0.04706455547582501,0.028386577627948724,0.17493327302170314,0.8596512680539569,0.05021088418328116,0.012197837935130084,0.12132176567127993,0.5659962594608499,0.4054213690672327,829,0.4035106885815705,,,
R2A,0.0,J3_joint_block,32,1,0.05317632182480584,0.013163624746871477,0.12645689364240606,0.9102908162426648,0.054923100048200876,0.018095386446518768,0.14529946099495156,0.730976236487331,0.6875611050306463,829,0.6884916467336312,,,
R2A,0.0,J3_joint_block,33,1,0.08104087668272837,0.05044359077097463,0.23877021268257023,0.9124802469916115,0.0705752630809267,0.018708208573933984,0.15391256067285736,0.6905334654101393,0.533728979674496,829,0.533773829932507,,,
R2A,0.0,J3_joint_block,34,1,0.05697808041029679,0.045405293508145934,0.22057151936591493,0.9383216720134463,0.05173584775574942,0.01780702683285586,0.14312101444533554,0.6989023322861364,0.5306740774722896,829,0.531291713081297,,,
R2A,0.0,J3_joint_block,35,1,0.05057719566896408,0.0296389051419273,0.17943510766754645,0.9199976338204086,0.0561754634097995,0.015325553877859522,0.13594571183809087,0.6695522564003179,0.5046705759529151,829,0.505776756586358,,,
R2A,0.0,J3_joint_block,36,1,0.055851363627379025,0.05178950797398006,0.2343264449289021,0.8895839301683455,0.04595962277394731,0.01163178819222468,0.11723512749064682,0.5312433475525611,0.497595042063745,829,0.4979352388499328,,,
R2A,0.0,J3_joint_block,37,1,0.07085198932984316,0.0471807387444003,0.22847481947995169,0.9107219373878026,0.05027677149208897,0.01778360385486425,0.14251792029963103,0.6761248074317229,0.5437560564226497,829,0.5429132901735719,,,
R2A,0.0,J3_joint_block,38,1,0.04373061120392622,0.0337267168592076,0.18878316454460806,0.932177463157544,0.050069738671143976,0.019896445726735237,0.1496777353427419,0.7173787287251323,0.5720607299477075,829,0.5718883384996772,,,
R2A,0.0,J3_joint_block,39,1,0.045307929090830125,0.028357327130527937,0.1743850210569349,0.9206346638378919,0.037994970145411394,0.012934394440850566,0.11990834915551656,0.6203144715905771,0.45753046057846186,829,0.4582291383924537,,,
R2A,0.0,J3_joint_block,40,1,0.043000452548898706,0.04283081914476657,0.21137610570775653,0.9373922055048624,0.020707504219571744,0.010594694408715355,0.10499283375411361,0.5172711057404631,0.5034512573869118,829,0.5034454496840778,,,
R2A,0.0,J3_joint_block,41,1,0.07017300158454426,0.04569066656070967,0.22497759157768163,0.9369604803303077,0.05334963169725492,0.015828666128657225,0.13665595241660708,0.6337125038622133,0.5356390732907433,829,0.5361422328084603,,,
R2A,0.0,J3_joint_block,42,1,0.020636659402301534,0.009791101564869887,0.10107904469352927,0.8544733062070639,0.04268590251308211,0.011760329623556057,0.11654362229188008,0.5663781586738903,0.3442591091009271,829,0.3439325513985189,,,
R2A,0.0,J3_joint_block,43,1,0.044861181124199546,0.013305284321074248,0.12376514005539883,0.8899260837736841,0.053815029703664585,0.01952816226145573,0.14974718589496777,0.7129655458445212,0.6219146673888637,829,0.6223798542623028,,,
R2A,0.0,J3_joint_block,44,1,0.04565420299806685,0.012773863867505536,0.12189409386387115,0.8366528237307311,0.05368571713898704,0.01464966099844543,0.13240776874176513,0.6716785742647352,0.4959557524136651,829,0.49521032828885303,,,
R2A,0.0,J3_joint_block,45,1,0.04010098447287407,0.025688585365327365,0.16521705214965265,0.9050030384699096,0.032402946628701114,0.009724434599110746,0.10379973771321967,0.4120590119627248,0.45490899960644926,829,0.454946023857877,,,
R2A,0.0,J3_joint_block,46,1,0.046504015769747435,0.02466416948424254,0.16378886704216333,0.8336166455786426,0.056807041884539326,0.015036184515257971,0.13514149815260215,0.6343594748243091,0.41197809564156396,829,0.41285913503726057,,,
R2A,0.0,J3_joint_block,47,1,0.06355987063999605,0.08201262629730639,0.2933470358689166,0.9007104742506182,0.062251722563522134,0.012341056914913724,0.1273433699767658,0.5636318190652589,0.5636226154216972,829,0.5642916428173818,,,
R2A,0.0,J3_joint_block,48,1,0.06413967496866393,0.029204280939512398,0.1825326788402511,0.9157703338371304,0.05784004731100696,0.013383456308308193,0.12934035480563566,0.5592805266551668,0.4597095022699917,829,0.45984780688608523,,,
R2A,0.0,J3_joint_block,49,1,0.07820365826765163,0.035710022756253526,0.2045136546118551,0.9311062071863976,0.0884977472970646,0.021490325761193654,0.1712371952522254,0.7506610263196103,0.6064203588565776,829,0.6069994045429238,,,
R2A,0.0,J3_joint_block,0,2,0.06573494344702217,0.04236404261368134,0.2160674093973095,0.8858522323403295,0.06741845001770977,0.01657616658807228,0.14533208176745666,0.6690292739694325,0.5087938171557348,829,0.5083834020744856,,,
R2A,0.0,J3_joint_block,1,2,0.04403487853807892,0.009425478479770074,0.10660463877164746,0.8645960780215494,0.0520764403409364,0.013988084575935415,0.1292286354277508,0.6566439514014514,0.43283934568777876,829,0.43137165363559826,,,
R2A,0.0,J3_joint_block,2,2,0.051730054865262484,0.0662919910388345,0.2626175729367659,0.9309469641566455,0.054704132390569225,0.010931818299480586,0.11800152710912479,0.553005029372433,0.5185842630666333,829,0.5190450741647891,,,
R2A,0.0,J3_joint_block,3,2,0.02405498654262914,0.010155907169136315,0.10360767127342638,0.7904749108478915,0.03178959734891338,0.009139244207122596,0.10074632850247515,0.495411274258539,0.12197699169832157,829,0.12270771141492559,,,
R2A,0.0,J3_joint_block,4,2,0.03350903646520421,0.031457202362755,0.18049946783185095,0.9001419335239277,0.0323499943376497,0.008817766779839541,0.09931912662466132,0.4005479749549556,0.3703999210376716,829,0.36952843239805344,,,
R2A,0.0,J3_joint_block,5,2,0.04485498401231849,0.05002748503421853,0.22812157860440094,0.8972137709414387,0.06623531024750903,0.015054793445642018,0.13943424891046602,0.624288869219089,0.47648011453233297,829,0.47511919251373286,,,
R2A,0.0,J3_joint_block,6,2,0.03167918133773895,0.025707138938115624,0.16343411353920262,0.75749004509066,0.05760786849559546,0.011176776108705717,0.1203970208157641,0.5103275853631104,0.2831081319728371,829,0.28383538618470516,,,
R2A,0.0,J3_joint_block,7,2,0.042873692171012584,0.02159533660618206,0.1530800120412747,0.8198184072853942,0.08936788559397536,0.015573091057514272,0.15349172626904728,0.6717119355980314,0.42917707916581505,829,0.4267423978198895,,,
R2A,0.0,J3_joint_block,8,2,0.0229572822895495,0.006170587603469484,0.08183901522862763,0.7919022652620005,0.033283513453549074,0.007851144879946544,0.09465166215000731,0.40264269878238035,0.16745993022783476,829,0.1675488864454244,,,
R2A,0.0,J3_joint_block,9,2,0.07903327494252765,0.09414232858429918,0.31684158049795225,0.9266111293470778,0.06018152597277009,0.018286190503057173,0.14801353509550527,0.687183295048663,0.6106784691694334,829,0.6105153924159649,,,
R2A,0.0,J3_joint_block,10,2,0.04416184066033464,0.05365546560330135,0.23580868044626802,0.8781412687588757,0.06906605238173565,0.015255718628468569,0.14151267865483017,0.6661632799903948,0.4911685024637337,829,0.49146941880171646,,,
R2A,0.0,J3_joint_block,11,2,0.024239130803428505,0.0071714414094252886,0.08808505475692802,0.9176534968182559,0.03252925370258568,0.013603667242916685,0.12108600079845676,0.5942638726065691,0.5157122708465136,829,0.5169497545128403,,,
R2A,0.0,J3_joint_block,12,2,0.04055409294799338,0.02936909329530201,0.1761071484924348,0.9013927209794315,0.055852812571356804,0.010513014880175888,0.11675851811455558,0.5550836491266039,0.2873424290816145,829,0.28566283654112234,,,
R2A,0.0,J3_joint_block,13,2,0.058190173279759096,0.04860173492178524,0.22800840157352456,0.9196977396972644,0.06524019915811409,0.01210769168201728,0.12792175447595952,0.5472814827902421,0.4247503608835709,829,0.42426788734096144,,,
R2A,0.0,J3_joint_block,14,2,0.02737300086085307,0.008151535267196048,0.09434413836229737,0.7461633513960286,0.03257618817632208,0.009405380967813527,0.10230634879572563,0.46160737949468533,0.16625472341815872,829,0.16506735430461467,,,
R2A,0.0,J3_joint_block,15,2,0.04207154208100395,0.029251108965413643,0.17612814544668132,0.9418225563681918,0.03970758557725492,0.014275817678333127,0.12590675133092805,0.6453817421618814,0.48154403717710337,829,0.48307268060909325,,,
R2A,0.0,J3_joint_block,16,2,0.04911674556422511,0.010380117562250582,0.11310425393004195,0.881727389887502,0.05080853207565451,0.01443846613723329,0.13046061884306737,0.6432031533165921,0.5325280714378505,829,0.5296698415063076,,,
R2A,0.0,J3_joint_block,17,2,0.04965942447705329,0.03894592890860769,0.20349935466236704,0.902657576533863,0.08305157200607102,0.022297463910897795,0.17086552467826094,0.7889773084687028,0.5543971686779017,829,0.5536980846085708,,,
R2A,0.0,J3_joint_block,18,2,0.02747039501675353,0.008155127488541563,0.09439147255402916,0.8673839805176938,0.02060979697965884,0.008868454432629767,0.09640133901649146,0.4749173560195948,0.2692907597457634,829,0.2701223344671981,,,
R2A,0.0,J3_joint_block,19,2,0.0544658599436214,0.03775432528286511,0.20179409104892865,0.8962042130448314,0.09100945058092501,0.021900017622808934,0.1737317982346662,0.7315452795636478,0.5669083539866601,829,0.5677057920023021,,,
R2A,0.0,J3_joint_block,20,2,0.03404571002447801,0.005665408904869545,0.08261064868369201,0.8460424785269189,0.01822190206978085,0.007418558285509156,0.08803746929887206,0.35491302428884375,0.24453405454957464,829,0.2465321872325914,,,
R2A,0.0,J3_joint_block,21,2,0.021745436200547044,0.009619995242717554,0.10046322331216341,0.9252166621471037,0.011542389410893448,0.007206009398975395,0.08566934196250196,0.3112990480176905,0.16939749379468746,829,0.1684503441560954,,,
R2A,0.0,J3_joint_block,22,2,0.03674224719085234,0.02935926525352452,0.1752405717354238,0.8975965065557994,0.051684201373183095,0.011114530436921673,0.11741289157714077,0.5000790658651555,0.3087538769987009,829,0.30644619377328064,,,
R2A,0.0,J3_joint_block,23,2,0.04161052728738414,0.023480805788321575,0.1587836319318075,0.9214225002583479,0.031985796317836816,0.009581581033730363,0.10297898911824929,0.40968647204255293,0.38675561564295674,829,0.3861288379562148,,,
R2A,0.0,J3_joint_block,24,2,0.07200471694352015,0.09626274546593533,0.31850812348832136,0.9446433468953966,0.04976193303257955,0.012548314339447105,0.12257472952687286,0.6165481219472324,0.6068346966652651,829,0.6067849752631359,,,
R2A,0.0,J3_joint_block,25,2,0.02374579525113949,0.008393713497518268,0.09464447310660726,0.7676699872704407,0.04742710180391317,0.01003088440980965,0.1108161287689134,0.5222240362418838,0.28762601012994277,829,0.28892974128432436,,,
R2A,0.0,J3_joint_block,26,2,0.021092749374709466,0.026420251002904925,0.16390593362990016,0.8632923775114243,0.051028606380179274,0.010046033891513371,0.11247200789803942,0.5919686558577422,0.3204979280776636,829,0.3210946529507563,,,
R2A,0.0,J3_joint_block,27,2,0.036915590942382316,0.010491304854616431,0.10887637810490267,0.8698938479641027,0.04082975057768807,0.013854485761195098,0.1245855300323088,0.6694630137883008,0.46321929522007843,829,0.46524835763554007,,,
R2A,0.0,J3_joint_block,28,2,0.032505417320942954,0.03010898219104468,0.17653777031064297,0.9081658410169575,0.05899152956395631,0.013425565345608084,0.13002140556809566,0.6283937520190326,0.48304037072730793,829,0.4824090075826799,,,
R2A,0.0,J3_joint_block,29,2,0.024834922538854737,0.02702650012110506,0.16626266417514174,0.9125847627448868,0.03591769789341605,0.009251906348879482,0.10267418064363691,0.4392216292832095,0.3650773205160272,829,0.36530551705053793,,,
R2A,0.0,J3_joint_block,30,2,0.04949109728688378,0.026817442511911885,0.17107545476359745,0.9375902479112243,0.037389515879374946,0.014308164152179868,0.1253241399327117,0.6550349908362216,0.5282062542587219,829,0.5290268879006007,,,
R2A,0.0,J3_joint_block,31,2,0.0389736211781738,0.023251981505936357,0.15738781609030655,0.9257650050379049,0.03611462523356279,0.010252997646699503,0.10750471525686764,0.5172312164553511,0.42639761837917783,829,0.4274112310516768,,,
R2A,0.0,J3_joint_block,32,2,0.03870936988649564,0.012366786754291648,0.11775059265796153,0.8795274476340296,0.054540885753958594,0.014268428786675945,0.13131312579290125,0.6512584423032863,0.475800119307051,829,0.47595007425766006,,,
R2A,0.0,J3_joint_block,33,2,0.06129076530507382,0.019045201103030564,0.15100251327283332,0.8843215875270922,0.08459713275177827,0.0233902157867152,0.17477668796649398,0.7809564719116449,0.6854443306665674,829,0.6861999884020339,,,
R2A,0.0,J3_joint_block,34,2,0.033058285148278035,0.0484839177009411,0.22265841084020602,0.921785279550661,0.033410283894659734,0.010224124863113295,0.10649118241917993,0.5127199743662056,0.4374806023338374,829,0.43828312526187535,,,
R2A,0.0,J3_joint_block,35,2,0.055917540719423627,0.04934301890023851,0.22906285220512496,0.9294544002497007,0.06273372627375716,0.015337128616600427,0.1388259666949635,0.6800015281284961,0.5250605035688272,829,0.5251332884535675,,,
R2A,0.0,J3_joint_block,36,2,0.02438027187801721,0.013001989011485747,0.11660354483604597,0.8118157992338516,0.04388070784140665,0.009374071129337257,0.10629951857840253,0.5420980668960714,0.17129014912183352,829,0.17214847872700254,,,
R2A,0.0,J3_joint_block,37,2,0.04672787868009258,0.047494455069208553,0.2228855080868875,0.9421026541188454,0.045460564957110074,0.01505945921677732,0.1308668108536192,0.6741287696123537,0.5022235852962056,829,0.5036702397334278,,,
R2A,0.0,J3_joint_block,38,2,0.06143814568344706,0.05051849541664925,0.23300888644356402,0.9103551238016194,0.06928549881912381,0.019307298568659894,0.15526679914030142,0.7215337859645292,0.5411691225033924,829,0.5415983232618756,,,
R2A,0.0,J3_joint_block,39,2,0.017104302930753122,0.006454294632493209,0.08213922212463531,0.8724615729253818,0.008533021040261414,0.006886528231683638,0.08342266286661666,0.33611995795717187,0.12652890156914096,829,0.1281066959576022,,,
R2A,0.0,J3_joint_block,40,2,0.031034838166242834,0.013093462310474634,0.11856063212753008,0.8429772548833387,0.046417821326889604,0.013443446217354294,0.12489219492862372,0.635191141432608,0.408677939148483,829,0.40741131748329307,,,
R2A,0.0,J3_joint_block,41,2,0.040724572803845824,0.029148636261392545,0.17551959175957618,0.9374935910818091,0.048662227580593555,0.013762602342441805,0.12700635706746055,0.6089455004051084,0.45915549942935413,829,0.460655567480717,,,
R2A,0.0,J3_joint_block,42,2,0.02333369466494748,0.030372141770680358,0.17583117777401527,0.9074473913467337,0.019417376516067016,0.00885388687122882,0.09607768409987583,0.4758825133857835,0.32695004996306826,829,0.3272073032821578,,,
R2A,0.0,J3_joint_block,43,2,0.04411442492372506,0.0093439612821144,0.10625461763361332,0.8359666927440774,0.03751638938189892,0.011901417176905162,0.11536419136438923,0.5589915352325732,0.41071654918140027,829,0.4115588435823743,,,
R2A,0.0,J3_joint_block,44,2,0.03585608056496207,0.00894360317286252,0.10113981256826399,0.803275181924502,0.05009835309559007,0.012642053399583473,0.12309304766100274,0.6087994472489676,0.45701543467238004,829,0.4566547689734192,,,
R2A,0.0,J3_joint_block,45,2,0.04457341531769786,0.025187191271339344,0.16484532333197485,0.9125446308928465,0.04305485345026042,0.010692933114826178,0.11201184544703109,0.48009103533157454,0.4496133113697756,829,0.448429262236652,,,
R2A,0.0,J3_joint_block,46,2,0.041001152472429185,0.026964041903791203,0.169248741229761,0.85367437880114,0.06514674309431644,0.021208455965922874,0.15953856618924386,0.7466368743699655,0.5382660176499313,829,0.5393824416991416,,,
R2A,0.0,J3_joint_block,47,2,0.05689602663470389,0.030068498511615253,0.18249837357749846,0.9303257812238593,0.05007207590088247,0.01584980993749216,0.13548809070363302,0.7078875684001912,0.49249732612594577,829,0.4935907603305841,,,
R2A,0.0,J3_joint_block,48,2,0.08984174682171846,0.09677502166726536,0.32380018705869074,0.9310019700201064,0.08314799799351065,0.021950471869755423,0.1698942654714522,0.7667538770341963,0.5924162550171049,829,0.5925089800708191,,,
R2A,0.0,J3_joint_block,49,2,0.09576429679340745,0.05743665411506883,0.25808420070861493,0.9263773474306273,0.10851295047198492,0.026198212290515204,0.19486732078686425,0.7744754430474485,0.6027494432153049,829,0.6028878044412519,,,
