case,drift,snr,arm,seed,stations,heading_endpoint_rmse_deg,position_endpoint_rmse_m,nees_pose_df3,pose_coverage95,heading_coverage95,s_reject_rate,s_nis_pre_gate,s_nis_accepted
R2_aA_m0,0,10,A,0,2,0.23619264348503236,0.19590044773698717,1.3094201593685009,1.0,1.0,,,
R2_aA_m0,0,10,A,1,2,3.10733324614702,0.8233421467177009,0.6449773065143116,1.0,1.0,,,
R2_aA_m0,0,10,A,2,2,2.153373837323358,0.6746033734450486,1.1340427227682437,1.0,1.0,,,
R2_aA_m0,0,10,A,3,2,4.97792812218724,1.585632542295207,4.626592211902583,1.0,1.0,,,
R2_aA_m0,0,10,A,4,2,2.148823550429899,0.48377535773288804,1.274691051735139,1.0,1.0,,,
R2_aA_m0,0,10,B,0,2,2.3801998919829614,0.8780114792688797,8.700194773994308,0.5,1.0,,,
R2_aA_m0,0,10,B,1,2,4.671366670005606,1.3250641887295977,21.485460036012164,0.5,0.5,,,
R2_aA_m0,0,10,B,2,2,1.8094384045584064,0.7688795027626916,11.991625724463628,0.5,1.0,,,
R2_aA_m0,0,10,B,3,2,5.81906400274343,1.840191101338992,23.260210892564398,0.0,0.5,,,
R2_aA_m0,0,10,B,4,2,1.6225463568270522,0.2869531750814993,4.694269078307807,1.0,1.0,,,
R2_aA_m0,0,10,C,0,2,2.84058951289303,0.8468722219210886,1.5292229226797183,1.0,1.0,0.0,0.4525611558867019,0.4525611558867019
R2_aA_m0,0,10,C,1,2,2.5057580925519902,0.6696544438884181,1.8342926769873076,1.0,1.0,0.0,1.669676254164569,1.669676254164569
R2_aA_m0,0,10,C,2,2,1.0836758204982244,0.10657514387973514,4.935904993893,1.0,1.0,0.0,0.7422355016842233,0.7422355016842233
R2_aA_m0,0,10,C,3,2,3.407145339565414,0.9142350247792772,5.047999193877267,1.0,1.0,0.0,0.15201573299964205,0.15201573299964205
R2_aA_m0,0,10,C,4,2,3.9877104307575335,1.041380862465689,3.04722083393467,1.0,0.5,0.0,0.5700669963848317,0.5700669963848317
R2_aA_m0,0,10,D,0,2,6.563987159524686,1.788504254514116,21.1863037024261,0.0,0.0,0.0,0.9518511133012661,0.9518511133012661
R2_aA_m0,0,10,D,1,2,6.261660914958832,1.7983462971442004,44.14616336360547,0.0,0.0,0.0,1.9166713295110478,1.9166713295110478
R2_aA_m0,0,10,D,2,2,4.433628719315823,1.4392136178692625,19.388664733106506,0.5,0.5,0.0,1.37932164221511,1.37932164221511
R2_aA_m0,0,10,D,3,2,5.80117011672732,1.8851857507488796,33.43852807049393,0.0,0.5,0.0,0.37086518758759224,0.37086518758759224
R2_aA_m0,0,10,D,4,2,1.1376554033456805,0.43636894165681506,4.734465855361056,0.5,1.0,0.0,0.9945180740516331,0.9945180740516331
R2_aA_m0,0,10,G1,0,2,2.21581647233887,0.5096588715922343,2.4040665375696566,1.0,1.0,0.0,2.2178455782751487,2.2178455782751487
R2_aA_m0,0,10,G1,1,2,10.034207163641913,2.9181219353586183,15.03532782677554,0.5,0.0,0.0,0.7278935488385565,0.7278935488385565
R2_aA_m0,0,10,G1,2,2,1.4550857342182637,0.38285805348838264,5.555646584162215,0.5,1.0,0.0,2.8648431821930056,2.8648431821930056
R2_aA_m0,0,10,G1,3,2,6.835757073891591,2.125339403949356,9.801638346005804,0.0,0.5,0.0,0.5978198217930486,0.5978198217930486
R2_aA_m0,0,10,G1,4,2,0.6695743774637944,0.39417007893690514,3.111602218516257,1.0,1.0,0.0,1.0120257249364417,1.0120257249364417
R2_aA_m0,0,10,G2,0,2,5.567996884076438,1.5029630228959001,7.755686587114337,0.5,0.5,0.0,1.2548291099483668,1.2548291099483668
R2_aA_m0,0,10,G2,1,2,7.183818470493044,2.063994148949585,40.0612054539521,0.0,0.0,0.0,0.6311169585513643,0.6311169585513643
R2_aA_m0,0,10,G2,2,2,4.158956882681704,1.2838338453312093,7.771392815778893,0.5,1.0,0.0,1.7663601127204127,1.7663601127204127
R2_aA_m0,0,10,G2,3,2,6.461842895359322,2.040533943724439,22.410821008789373,0.0,0.5,0.0,0.3610415559043341,0.3610415559043341
R2_aA_m0,0,10,G2,4,2,1.2574902544687392,0.26854053313391013,3.6789448726108627,1.0,1.0,0.0,0.5930273250036525,0.5930273250036525
R2_aA_m0,0,30,A,0,2,0.23619264348503236,0.19590044773698717,1.3094201593685009,1.0,1.0,,,
R2_aA_m0,0,30,A,1,2,3.10733324614702,0.8233421467177009,0.6449773065143116,1.0,1.0,,,
R2_aA_m0,0,30,A,2,2,2.153373837323358,0.6746033734450486,1.1340427227682437,1.0,1.0,,,
R2_aA_m0,0,30,A,3,2,4.97792812218724,1.585632542295207,4.626592211902583,1.0,1.0,,,
R2_aA_m0,0,30,A,4,2,2.148823550429899,0.48377535773288804,1.274691051735139,1.0,1.0,,,
R2_aA_m0,0,30,B,0,2,0.5071718885500293,0.3208727530966316,7.02545463319255,0.5,1.0,,,
R2_aA_m0,0,30,B,1,2,6.111819414602545,1.751447472404806,15.855991416312547,0.0,0.5,,,
R2_aA_m0,0,30,B,2,2,0.9936659208674439,0.14184486804401894,6.3630797729793915,1.0,1.0,,,
R2_aA_m0,0,30,B,3,2,5.81906400274343,1.840191101338992,23.260210892564398,0.0,0.5,,,
R2_aA_m0,0,30,B,4,2,0.869345183479158,0.14562126365755854,6.997024424945856,1.0,1.0,,,
R2_aA_m0,0,30,C,0,2,0.27193960831389946,0.10368677272385873,0.9761671358971822,1.0,1.0,0.0,0.0981155838994831,0.0981155838994831
R2_aA_m0,0,30,C,1,2,0.95124461754303,0.21799349752124472,0.8739060032350912,1.0,1.0,0.0,0.2701670565431903,0.2701670565431903
R2_aA_m0,0,30,C,2,2,0.5548224325338035,0.3655067838126637,1.1256518574697207,1.0,1.0,0.0,0.2019495707005228,0.2019495707005228
R2_aA_m0,0,30,C,3,2,1.4861364165488502,0.5711196389995897,4.521067289010483,1.0,1.0,0.0,0.1045721835804018,0.1045721835804018
R2_aA_m0,0,30,C,4,2,0.8309035696763875,0.18050664352856324,1.1344665767528106,1.0,1.0,0.0,0.15289813222653015,0.15289813222653015
R2_aA_m0,0,30,D,0,2,5.108148484093211,1.3636934926871223,22.77950592053303,0.0,0.0,0.0,0.9917384194909352,0.9917384194909352
R2_aA_m0,0,30,D,1,2,6.0759788770841725,1.7311274324904282,39.39018598987734,0.0,0.0,0.0,0.6098324647075907,0.6098324647075907
R2_aA_m0,0,30,D,2,2,5.316081535092762,1.7227570471692137,23.227222112032436,0.0,0.0,0.0,1.2414237038091835,1.2414237038091835
R2_aA_m0,0,30,D,3,2,6.098920413661703,2.000193380697372,48.198984682525676,0.0,0.0,0.0,0.7898229172500638,0.7898229172500638
R2_aA_m0,0,30,D,4,2,3.732643237957636,1.1440056443249815,18.905839722668308,0.0,0.0,0.0,1.5082988204165773,1.5082988204165773
R2_aA_m0,0,30,G1,0,2,3.169643933164988,0.8137601603300413,3.8968614475731105,1.0,1.0,0.0,1.804530923158963,1.804530923158963
R2_aA_m0,0,30,G1,1,2,7.259611468039228,2.0810509852234023,7.90925819929838,0.5,0.5,0.0,0.1583037781558697,0.1583037781558697
R2_aA_m0,0,30,G1,2,2,3.0351019079993007,1.057405819236212,3.1322639044370133,1.0,1.0,0.0,2.186744099342672,2.186744099342672
R2_aA_m0,0,30,G1,3,2,7.320036462701179,2.285941870804738,10.9450254129673,0.0,0.5,0.0,0.8025799086308335,0.8025799086308335
R2_aA_m0,0,30,G1,4,2,1.8478557084559526,0.7453671904475044,3.4899224205512223,1.0,1.0,0.0,1.4946713409350323,1.4946713409350323
R2_aA_m0,0,30,G2,0,2,6.1838143926013585,1.680923971224842,15.521147925633286,0.0,0.0,0.0,1.1064654692933498,1.1064654692933498
R2_aA_m0,0,30,G2,1,2,7.060584204720021,2.0198448868631247,28.824671437242614,0.0,0.0,0.0,0.151043822364106,0.151043822364106
R2_aA_m0,0,30,G2,2,2,6.19801953218261,1.956839064430344,13.041515205290747,0.0,0.0,0.0,1.5648439828353058,1.5648439828353058
R2_aA_m0,0,30,G2,3,2,7.050345960167291,2.244996796014637,32.81223777766088,0.0,0.0,0.0,0.6246766339996037,0.6246766339996037
R2_aA_m0,0,30,G2,4,2,5.735538786059222,1.7346456455503898,10.731022660112345,0.0,0.0,0.0,2.2407521730915856,2.2407521730915856
R2_aA_m0,1,10,A,0,2,0.2661153590626257,0.2067757036668267,1.0624883204679614,1.0,1.0,,,
R2_aA_m0,1,10,A,1,2,3.603117548727951,0.9024034698780518,1.1425243835024055,1.0,1.0,,,
R2_aA_m0,1,10,A,2,2,3.126636986551826,0.8894858509129142,1.03829019143314,1.0,1.0,,,
R2_aA_m0,1,10,A,3,2,5.669042045877454,1.7171938617847367,2.7461209616387268,1.0,1.0,,,
R2_aA_m0,1,10,A,4,2,3.5280394730841764,0.7003072334054306,3.824995061623653,1.0,1.0,,,
R2_aA_m0,1,10,B,0,2,1.0452855594815351,0.44863360236520566,7.311099073890594,0.5,1.0,,,
R2_aA_m0,1,10,B,1,2,4.276275405576316,1.1662980327594832,8.937232003809807,0.5,1.0,,,
R2_aA_m0,1,10,B,2,2,6.10136053595801,1.8512515622387717,14.545248174938298,0.5,0.5,,,
R2_aA_m0,1,10,B,3,2,4.787410880004627,1.4140716546456538,19.43728608169424,0.0,0.5,,,
R2_aA_m0,1,10,B,4,2,2.468372344447658,0.331405187585269,9.708976432211168,0.5,1.0,,,
R2_aA_m0,1,10,C,0,2,2.930217984076107,0.8124464401733679,4.729008329936718,1.0,1.0,0.0,0.2137422491874662,0.2137422491874662
R2_aA_m0,1,10,C,1,2,3.760440365444938,0.9654332994995426,2.726751624068483,1.0,1.0,0.0,0.6991893730310659,0.6991893730310659
R2_aA_m0,1,10,C,2,2,5.347044229226244,1.622688549054215,5.064373442417617,1.0,0.5,0.0,0.16454152313227985,0.16454152313227985
R2_aA_m0,1,10,C,3,2,2.5999279910466506,0.6679859732389152,3.896291290890174,1.0,1.0,0.0,0.17897301378792246,0.17897301378792246
R2_aA_m0,1,10,C,4,2,5.034055877586896,1.1099649793430686,7.334640117467952,0.5,0.5,0.0,1.284497205114806,1.284497205114806
R2_aA_m0,1,10,D,0,2,3.6858236815192633,0.9501830476596633,10.939937923535599,0.0,1.0,0.0,1.3506540582674704,1.3506540582674704
R2_aA_m0,1,10,D,1,2,6.55177564043591,1.794050106321991,30.845986971309046,0.0,0.0,0.0,1.1318264022911932,1.1318264022911932
R2_aA_m0,1,10,D,2,2,7.418009734278136,2.214838063778835,39.44190548402565,0.0,0.0,0.0,0.6671172987178495,0.6671172987178495
R2_aA_m0,1,10,D,3,2,4.999189361209482,1.4683911947308892,26.14771744888796,0.0,0.0,0.0,0.4461170955693861,0.4461170955693861
R2_aA_m0,1,10,D,4,2,3.3495888905038345,1.0791203850887179,13.828183157595571,0.0,0.5,0.0,1.493385518376024,1.493385518376024
R2_aA_m0,1,10,G1,0,2,2.128554808811091,0.6215783137164282,3.335528470423305,1.0,1.0,0.0,1.365427406657397,1.365427406657397
R2_aA_m0,1,10,G1,1,2,5.031538902871613,1.3439992697800598,3.0713523056693046,1.0,1.0,0.0,0.43070121119309124,0.43070121119309124
R2_aA_m0,1,10,G1,2,2,7.169525503079326,2.164167212182728,4.143022712613571,1.0,1.0,0.0,1.2587317875886592,1.2587317875886592
R2_aA_m0,1,10,G1,3,2,5.182114954084216,1.534026507460556,10.819663893983684,0.0,0.5,0.0,0.11648375178060014,0.11648375178060014
R2_aA_m0,1,10,G1,4,2,0.5205392718953625,0.4406038120443825,5.455181940217413,0.5,1.0,0.0,1.1764524299691308,1.1764524299691308
R2_aA_m0,1,10,G2,0,2,3.064635730416003,0.7762756277091907,6.603876264846495,1.0,1.0,0.0,1.8838748934170393,1.8838748934170393
R2_aA_m0,1,10,G2,1,2,8.304704067561271,2.3156085452649524,15.46073829214372,0.5,0.0,0.0,0.9945347393407669,0.9945347393407669
R2_aA_m0,1,10,G2,2,2,7.950750250250429,2.3763277830302116,23.518852695794557,0.0,0.0,0.0,0.8092895315815138,0.8092895315815138
R2_aA_m0,1,10,G2,3,2,5.820060378641419,1.7110454028959947,19.910448742492306,0.0,0.0,0.0,0.2865155084295063,0.2865155084295063
R2_aA_m0,1,10,G2,4,2,2.966720649756113,0.9517828965659176,8.177948760596351,0.5,1.0,0.0,1.4830063179134267,1.4830063179134267
R2_aA_m0,1,30,A,0,2,0.2661153590626257,0.2067757036668267,1.0624883204679614,1.0,1.0,,,
R2_aA_m0,1,30,A,1,2,3.603117548727951,0.9024034698780518,1.1425243835024055,1.0,1.0,,,
R2_aA_m0,1,30,A,2,2,3.126636986551826,0.8894858509129142,1.03829019143314,1.0,1.0,,,
R2_aA_m0,1,30,A,3,2,5.669042045877454,1.7171938617847367,2.7461209616387268,1.0,1.0,,,
R2_aA_m0,1,30,A,4,2,3.5280394730841764,0.7003072334054306,3.824995061623653,1.0,1.0,,,
R2_aA_m0,1,30,B,0,2,1.0452855594815351,0.44863360236520566,7.311099073890594,0.5,1.0,,,
R2_aA_m0,1,30,B,1,2,6.369472855907901,1.7606143299852084,15.71298556405249,0.0,1.0,,,
R2_aA_m0,1,30,B,2,2,6.10136053595801,1.8512515622387717,14.545248174938298,0.5,0.5,,,
R2_aA_m0,1,30,B,3,2,4.787410880004627,1.4140716546456538,19.43728608169424,0.0,0.5,,,
R2_aA_m0,1,30,B,4,2,2.468372344447658,0.331405187585269,9.708976432211168,0.5,1.0,,,
R2_aA_m0,1,30,C,0,2,0.6583580391975584,0.04485800718324782,0.8879412332027781,1.0,1.0,0.0,0.0456712104306463,0.0456712104306463
R2_aA_m0,1,30,C,1,2,0.9880969080504682,0.16673991818933007,1.0465155370292962,1.0,1.0,0.0,0.3998914085067463,0.3998914085067463
R2_aA_m0,1,30,C,2,2,0.6359756764337507,0.270466100020273,1.042850911137856,1.0,1.0,0.0,0.19819303964243565,0.19819303964243565
R2_aA_m0,1,30,C,3,2,1.644656036083814,0.5120787129232037,2.771236618405524,1.0,1.0,0.0,0.1843209292765517,0.1843209292765517
R2_aA_m0,1,30,C,4,2,0.6603898655205691,0.2501456567087542,2.733255680294435,1.0,1.0,0.0,0.20462563462008437,0.20462563462008437
R2_aA_m0,1,30,D,0,2,3.8972191719928957,1.0145202838043128,12.923027509850709,0.0,0.5,0.16666666666666666,2.5865083487639122,1.5773604163047494
R2_aA_m0,1,30,D,1,2,6.009707243531974,1.6593692857386528,36.45768909950546,0.0,0.0,0.0,0.8616241624037275,0.8616241624037275
R2_aA_m0,1,30,D,2,2,5.960880560256332,1.8064006688214536,36.30564979273877,0.0,0.0,0.0,0.6416130104241103,0.6416130104241103
R2_aA_m0,1,30,D,3,2,5.6933817888922285,1.690360615508652,39.30060778937787,0.0,0.0,0.0,0.6051220181440335,0.6051220181440335
R2_aA_m0,1,30,D,4,2,3.4585592549704582,1.17694774456568,20.39515589088855,0.0,0.5,0.0,2.10926108347209,2.10926108347209
R2_aA_m0,1,30,G1,0,2,2.4601338604411054,0.719735673025558,3.512669641468082,1.0,1.0,0.0,2.063549053211518,2.063549053211518
R2_aA_m0,1,30,G1,1,2,6.948575901731835,1.9290233100939453,7.705020073783996,0.5,0.5,0.0,1.1604602373237811,1.1604602373237811
R2_aA_m0,1,30,G1,2,2,6.871781746291885,2.083671579246406,4.683052815475644,1.0,0.5,0.0,0.6673751753052863,0.6673751753052863
R2_aA_m0,1,30,G1,3,2,5.838006636329749,1.7148639953508311,12.690698422956778,0.0,0.5,0.0,0.7714488906759067,0.7714488906759067
R2_aA_m0,1,30,G1,4,2,1.225384910884262,0.7166834050803157,5.515018502094937,0.5,1.0,0.0,2.8133857926036843,2.8133857926036843
R2_aA_m0,1,30,G2,0,2,3.7033231417416723,1.0447656813588238,8.765596910757642,0.5,0.5,0.25,3.3069866321895,1.8859029073592468
R2_aA_m0,1,30,G2,1,2,6.958264576761566,1.9345607720015345,26.969379906037936,0.0,0.0,0.0,0.5868899753999777,0.5868899753999777
R2_aA_m0,1,30,G2,2,2,6.731377759248561,2.036366843455334,24.86237127402797,0.0,0.0,0.0,0.4320836903082895,0.4320836903082895
R2_aA_m0,1,30,G2,3,2,6.354246326108467,1.8648561422356675,28.750833347676206,0.0,0.0,0.0,0.6006818694404396,0.6006818694404396
R2_aA_m0,1,30,G2,4,2,5.337491091529711,1.7205875990814836,11.739893272477968,0.0,0.5,0.0,3.1593484162074637,3.1593484162074637
R2_aA_m0,2,10,A,0,2,2.3080294960254397,0.3631166514252669,4.202070631277993,1.0,1.0,,,
R2_aA_m0,2,10,A,1,2,4.129146568141227,1.0097226645705948,3.243336599253001,1.0,1.0,,,
R2_aA_m0,2,10,A,2,2,3.1963502864484044,0.896712592807268,0.5775058518401444,1.0,1.0,,,
R2_aA_m0,2,10,A,3,2,4.579297860690998,1.5827844351472735,10.801190755690463,0.0,1.0,,,
R2_aA_m0,2,10,A,4,2,2.8883793085875102,0.7142046889065807,1.0864250766243164,1.0,1.0,,,
R2_aA_m0,2,10,B,0,2,3.223503550689936,0.6029214956928618,10.313113727898564,0.5,1.0,,,
R2_aA_m0,2,10,B,1,2,2.3723340811627973,0.5074340461537208,10.491971059710238,0.0,1.0,,,
R2_aA_m0,2,10,B,2,2,3.4467054225455285,0.9582847490901351,10.196539389345284,0.5,0.5,,,
R2_aA_m0,2,10,B,3,2,2.256296214594578,0.4522088487679889,12.767522380412089,0.0,0.5,,,
R2_aA_m0,2,10,B,4,2,3.916858569236288,1.0134926051628788,9.587571122734222,0.5,1.0,,,
R2_aA_m0,2,10,C,0,2,2.3326072115566716,1.0040740186272903,5.531963459587319,0.5,1.0,0.0,0.40478464067894504,0.40478464067894504
R2_aA_m0,2,10,C,1,2,4.116245102028773,0.979139153039662,4.491689523884246,1.0,1.0,0.0,0.34567061234114466,0.34567061234114466
R2_aA_m0,2,10,C,2,2,2.138914113454368,0.6734847901184176,2.099644811285284,1.0,1.0,0.16666666666666666,3.100058176495014,2.039641110922955
R2_aA_m0,2,10,C,3,2,1.6526179416108933,0.40684650880299816,4.8678498765036675,1.0,1.0,0.0,1.400994617679141,1.400994617679141
R2_aA_m0,2,10,C,4,2,1.0763871931573685,0.2130114185398013,0.6629955423322003,1.0,1.0,0.0,0.2425194382108532,0.2425194382108532
R2_aA_m0,2,10,D,0,2,4.741045309976939,1.1849347438452345,17.790449275624482,0.0,0.5,0.0,0.9256288656307023,0.9256288656307023
R2_aA_m0,2,10,D,1,2,4.88541456394704,1.235675433880487,18.06704589313718,0.0,0.5,0.0,0.7024846142672371,0.7024846142672371
R2_aA_m0,2,10,D,2,2,2.8128569002935753,0.7745248940088264,11.805867368017037,0.5,0.5,0.0,2.256968674114758,2.256968674114758
R2_aA_m0,2,10,D,3,2,2.1728237038761544,0.41406795803877894,12.603172028254175,0.0,1.0,0.3333333333333333,4.413067082710497,3.269017142506085
R2_aA_m0,2,10,D,4,2,2.3842213841408495,0.8245261531963611,10.946371814299765,0.0,1.0,0.0,1.7525268096546118,1.7525268096546118
R2_aA_m0,2,10,G1,0,2,4.387378245008604,1.0610984040618616,6.460900949566197,0.5,1.0,0.0,1.4135863321054267,1.4135863321054267
R2_aA_m0,2,10,G1,1,2,4.705731977796773,1.1897968316162977,7.292923594049014,0.5,1.0,0.0,1.3625927031066065,1.3625927031066065
R2_aA_m0,2,10,G1,2,2,3.0802906239274073,0.8359896828545474,2.1356831004144206,1.0,1.0,0.0,3.4647242910610716,3.4647242910610716
R2_aA_m0,2,10,G1,3,2,2.320138703381388,0.5096791752985399,11.54504785346046,0.0,0.5,0.0,3.198657635471924,3.198657635471924
R2_aA_m0,2,10,G1,4,2,3.74073059055067,1.0400408579298344,3.5272057933321603,1.0,1.0,0.0,1.3596250625285466,1.3596250625285466
R2_aA_m0,2,10,G2,0,2,4.894918960232618,1.2904507547843844,12.326363525064657,0.0,0.0,0.0,1.1791332488173074,1.1791332488173074
R2_aA_m0,2,10,G2,1,2,5.568869967073971,1.4622397646508145,13.517819998478132,0.0,0.5,0.0,0.8280949171581329,0.8280949171581329
R2_aA_m0,2,10,G2,2,2,2.8957473544757084,0.7732494052313686,4.985955136287431,0.5,1.0,0.0,2.6319176650512803,2.6319176650512803
R2_aA_m0,2,10,G2,3,2,2.2753237744237245,0.4645779815452276,13.1840262257813,0.0,1.0,0.25,4.090700931350099,3.3338711948171555
R2_aA_m0,2,10,G2,4,2,3.7450911516172964,1.2059047841996604,7.146840284724726,0.5,1.0,0.0,2.306592158018338,2.306592158018338
R2_aA_m0,2,30,A,0,2,2.3080294960254397,0.3631166514252669,4.202070631277993,1.0,1.0,,,
R2_aA_m0,2,30,A,1,2,4.129146568141227,1.0097226645705948,3.243336599253001,1.0,1.0,,,
R2_aA_m0,2,30,A,2,2,3.1963502864484044,0.896712592807268,0.5775058518401444,1.0,1.0,,,
R2_aA_m0,2,30,A,3,2,4.579297860690998,1.5827844351472735,10.801190755690463,0.0,1.0,,,
R2_aA_m0,2,30,A,4,2,2.8883793085875102,0.7142046889065807,1.0864250766243164,1.0,1.0,,,
R2_aA_m0,2,30,B,0,2,3.223503550689936,0.6029214956928618,10.313113727898564,0.5,1.0,,,
R2_aA_m0,2,30,B,1,2,2.3723340811627973,0.5074340461537208,10.491971059710238,0.0,1.0,,,
R2_aA_m0,2,30,B,2,2,3.1387515737605733,0.8765409833252927,8.980051911255483,0.5,1.0,,,
R2_aA_m0,2,30,B,3,2,1.357780917083493,0.2396002890145015,16.998323608982865,0.0,1.0,,,
R2_aA_m0,2,30,B,4,2,3.916858569236288,1.0134926051628788,9.587571122734222,0.5,1.0,,,
R2_aA_m0,2,30,C,0,2,0.6030552307900614,0.25194535336998797,4.020717142732346,1.0,1.0,0.0,0.03194286877074445,0.03194286877074445
R2_aA_m0,2,30,C,1,2,1.5069495693989146,0.22322432752474985,2.2534441220089296,1.0,1.0,0.0,0.3577464275098135,0.3577464275098135
R2_aA_m0,2,30,C,2,2,0.41352164065354247,0.06963625859914414,0.3679213000209018,1.0,1.0,0.0,0.029818752490303,0.029818752490303
R2_aA_m0,2,30,C,3,2,1.1451499267232668,0.3010250964751875,2.9876890463529886,1.0,1.0,0.0,0.5491264639808365,0.5491264639808365
R2_aA_m0,2,30,C,4,2,0.17437960056305402,0.09898329603024669,0.7161828086169402,1.0,1.0,0.0,0.15187715276267844,0.15187715276267844
R2_aA_m0,2,30,D,0,2,4.8718628326121225,1.2135954244544762,26.46301297784111,0.0,0.0,0.0,0.7829637468165243,0.7829637468165243
R2_aA_m0,2,30,D,1,2,5.518566683282923,1.4749439412300296,27.731036803062295,0.0,0.0,0.0,0.9000247726786136,0.9000247726786136
R2_aA_m0,2,30,D,2,2,4.662127869536211,1.2785234608695615,21.795071806834972,0.0,0.0,0.0,0.8367481824915444,0.8367481824915444
R2_aA_m0,2,30,D,3,2,2.0071938326541003,0.51439737600434,19.44371366712454,0.0,0.5,0.16666666666666666,3.707173059732896,2.9012198538779783
R2_aA_m0,2,30,D,4,2,4.713020567235797,1.4149764130730955,15.942236612357041,0.0,0.5,0.3333333333333333,4.888436936172154,2.051588061037668
R2_aA_m0,2,30,G1,0,2,5.017068568300468,1.2344472891694718,6.8882890810481365,0.5,1.0,0.0,1.3104286677933232,1.3104286677933232
R2_aA_m0,2,30,G1,1,2,4.564299620449896,1.1701773127483996,7.568337069496527,0.5,1.0,0.0,1.468252839029538,1.468252839029538
R2_aA_m0,2,30,G1,2,2,3.9161579123033223,1.095168166873594,4.158030243305216,1.0,1.0,0.0,1.385061140874256,1.385061140874256
R2_aA_m0,2,30,G1,3,2,1.021665168650532,0.25534919672751716,14.741616653233617,0.0,1.0,0.0,2.592329065235769,2.592329065235769
R2_aA_m0,2,30,G1,4,2,4.4221862250935144,1.3117936380132496,3.825479086108227,1.0,1.0,0.0,2.9608443820642787,2.9608443820642787
R2_aA_m0,2,30,G2,0,2,5.833199359730868,1.486682989099006,19.008861147196672,0.0,0.0,0.0,0.9192608419772086,0.9192608419772086
R2_aA_m0,2,30,G2,1,2,6.3747344248042035,1.7371759552415063,19.463819660963097,0.0,0.0,0.0,0.9689544561632076,0.9689544561632076
R2_aA_m0,2,30,G2,2,2,5.16725325645755,1.4293486110496785,14.536909783443726,0.0,0.0,0.0,1.168540133035257,1.168540133035257
R2_aA_m0,2,30,G2,3,2,1.8329928231563595,0.3815567700195395,16.457991513022264,0.0,1.0,0.25,4.586771145644483,3.2684579955083306
R2_aA_m0,2,30,G2,4,2,5.041132641767736,1.5337521400491196,10.429579021485775,0.0,0.5,0.25,5.052704083261707,2.507300409515655
R2_aA_m45,0,10,A,0,2,0.23619264348503236,0.19590044773698717,1.3094201593685009,1.0,1.0,,,
R2_aA_m45,0,10,A,1,2,3.10733324614702,0.8233421467177009,0.6449773065143116,1.0,1.0,,,
R2_aA_m45,0,10,A,2,2,2.153373837323358,0.6746033734450486,1.1340427227682437,1.0,1.0,,,
R2_aA_m45,0,10,A,3,2,4.97792812218724,1.585632542295207,4.626592211902583,1.0,1.0,,,
R2_aA_m45,0,10,A,4,2,2.148823550429899,0.48377535773288804,1.274691051735139,1.0,1.0,,,
R2_aA_m45,0,10,B,0,2,0.5407588271539044,0.20565111009497472,13.980419075383688,0.5,1.0,,,
R2_aA_m45,0,10,B,1,2,6.608622873725853,1.9088157620590762,39.11350582436034,0.0,0.5,,,
R2_aA_m45,0,10,B,2,2,1.0344358428121538,0.17594296924531608,13.229637483449611,0.5,1.0,,,
R2_aA_m45,0,10,B,3,2,6.341426784141353,1.9847129282939702,48.75575035682148,0.0,0.5,,,
R2_aA_m45,0,10,B,4,2,1.0722822882047234,0.30908930888303987,10.090338075629989,0.5,1.0,,,
R2_aA_m45,0,10,C,0,2,2.8509623957804866,0.6937345852373641,1.784371015880454,1.0,1.0,0.0,0.9980741708797465,0.9980741708797465
R2_aA_m45,0,10,C,1,2,2.6837473445933706,0.7757720212063424,1.5354016935644381,1.0,1.0,0.0,1.0794192785937646,1.0794192785937646
R2_aA_m45,0,10,C,2,2,2.0351127631523376,0.7589391037575313,1.7691903017338872,1.0,1.0,0.0,0.5798646750716586,0.5798646750716586
R2_aA_m45,0,10,C,3,2,3.092327204460732,1.0700592031267484,4.699694588117492,1.0,1.0,0.0,0.4219210593748273,0.4219210593748273
R2_aA_m45,0,10,C,4,2,2.247026397960908,0.5550148670603775,1.3662988634547208,1.0,1.0,0.0,0.7549964856763588,0.7549964856763588
R2_aA_m45,0,10,D,0,2,2.877865839295955,0.7420141061612415,15.155680979097912,0.5,1.0,0.0,0.3695850376784336,0.3695850376784336
R2_aA_m45,0,10,D,1,2,4.477329914228737,1.3019973757985812,23.830700214637588,0.5,0.5,0.0,0.8571012719938746,0.8571012719938746
R2_aA_m45,0,10,D,2,2,0.9081461633133829,0.4318232475476413,13.065159852056162,0.5,1.0,0.0,0.4831460988845514,0.4831460988845514
R2_aA_m45,0,10,D,3,2,5.491899449356805,1.731154421992221,40.251212498101516,0.0,0.5,0.0,0.18829252586311335,0.18829252586311335
R2_aA_m45,0,10,D,4,2,0.5749083985839284,0.21239264034946592,10.900406213299828,0.5,1.0,0.0,0.40361544028952123,0.40361544028952123
R2_aA_m45,0,10,G1,0,2,1.0057346842267805,0.34182390797453427,6.603908202318408,0.5,1.0,0.0,0.21839508614511544,0.21839508614511544
R2_aA_m45,0,10,G1,1,2,4.351970152791519,1.2627453908738964,6.585066104832195,0.5,1.0,0.0,1.4208700225066697,1.4208700225066697
R2_aA_m45,0,10,G1,2,2,1.1022911879317585,0.21913981987872957,5.560562630241376,0.5,1.0,0.0,0.04071530203906465,0.04071530203906465
R2_aA_m45,0,10,G1,3,2,6.040350868086966,1.857095941376804,12.795580351961622,0.0,0.5,0.0,0.30020461021008465,0.30020461021008465
R2_aA_m45,0,10,G1,4,2,2.9117478974674387,0.7946821319298625,7.030233292886457,0.5,1.0,0.0,0.8621767958425366,0.8621767958425366
R2_aA_m45,0,10,G2,0,2,1.9486374064013021,0.45803988604970475,8.661514102583514,0.5,1.0,0.0,0.5305494036300024,0.5305494036300024
R2_aA_m45,0,10,G2,1,2,4.8703626159143925,1.438357851150119,17.912142445402548,0.5,0.5,0.0,0.860649606108101,0.860649606108101
R2_aA_m45,0,10,G2,2,2,0.4997857914722552,0.2762714131176643,11.391242359879847,0.5,1.0,0.0,0.1361476486890413,0.1361476486890413
R2_aA_m45,0,10,G2,3,2,6.5021636363903275,2.0130495412293525,31.08357524535075,0.0,0.5,0.0,0.2404348300483019,0.2404348300483019
R2_aA_m45,0,10,G2,4,2,0.5935675691246064,0.23386345865266686,9.09866677453084,0.5,1.0,0.0,0.5972425598270856,0.5972425598270856
R2_aA_m45,0,30,A,0,2,0.23619264348503236,0.19590044773698717,1.3094201593685009,1.0,1.0,,,
R2_aA_m45,0,30,A,1,2,3.10733324614702,0.8233421467177009,0.6449773065143116,1.0,1.0,,,
R2_aA_m45,0,30,A,2,2,2.153373837323358,0.6746033734450486,1.1340427227682437,1.0,1.0,,,
R2_aA_m45,0,30,A,3,2,4.97792812218724,1.585632542295207,4.626592211902583,1.0,1.0,,,
R2_aA_m45,0,30,A,4,2,2.148823550429899,0.48377535773288804,1.274691051735139,1.0,1.0,,,
R2_aA_m45,0,30,B,0,2,0.2971176913802777,0.22654213366236603,14.812767600958589,0.5,1.0,,,
R2_aA_m45,0,30,B,1,2,6.608622873725853,1.9088157620590762,39.11350582436034,0.0,0.5,,,
R2_aA_m45,0,30,B,2,2,1.0344358428121538,0.17594296924531608,13.229637483449611,0.5,1.0,,,
R2_aA_m45,0,30,B,3,2,6.341426784141353,1.9847129282939702,48.75575035682148,0.0,0.5,,,
R2_aA_m45,0,30,B,4,2,0.7430760568906415,0.16184460754303212,14.523317583605605,0.5,1.0,,,
R2_aA_m45,0,30,C,0,2,0.5654886374287347,0.033571289738711554,1.0467585823868713,1.0,1.0,0.0,0.08460803830889174,0.08460803830889174
R2_aA_m45,0,30,C,1,2,1.2284555512976985,0.2819170464021391,0.8486015089452588,1.0,1.0,0.0,0.1853192203094048,0.1853192203094048
R2_aA_m45,0,30,C,2,2,0.4852665360474717,0.3229489543896145,1.3167911075468905,1.0,1.0,0.0,0.12723515619600884,0.12723515619600884
R2_aA_m45,0,30,C,3,2,1.2113239975109336,0.3854263556191431,3.8468645972363817,1.0,1.0,0.0,0.06665361349971585,0.06665361349971585
R2_aA_m45,0,30,C,4,2,0.9106442543107788,0.23233071515598333,1.0788741884079096,1.0,1.0,0.0,0.09052038659360234,0.09052038659360234
R2_aA_m45,0,30,D,0,2,1.7584544618629916,0.4011263811075715,14.59241022321711,0.5,1.0,0.0,0.24823812790819555,0.24823812790819555
R2_aA_m45,0,30,D,1,2,4.3237940102338115,1.249993943135089,23.323948434960034,0.5,0.5,0.0,0.46662039915073417,0.46662039915073417
R2_aA_m45,0,30,D,2,2,1.9353961961638528,0.5999804937384149,13.805201790147951,0.5,1.0,0.0,0.2804105949630943,0.2804105949630943
R2_aA_m45,0,30,D,3,2,4.773445853044072,1.4351132856468225,32.987602433037345,0.0,0.5,0.0,0.3177824712230264,0.3177824712230264
R2_aA_m45,0,30,D,4,2,1.4833526148226204,0.46481208671293195,15.276413697021301,0.5,1.0,0.0,0.31583234463310134,0.31583234463310134
R2_aA_m45,0,30,G1,0,2,0.6276743975293657,0.1729698957653809,6.523325304964684,0.5,1.0,0.0,0.10091453885308224,0.10091453885308224
R2_aA_m45,0,30,G1,1,2,4.14464056234975,1.1991573663464292,6.796342807353106,0.5,1.0,0.0,1.237243939673155,1.237243939673155
R2_aA_m45,0,30,G1,2,2,1.2152720316859549,0.369088889233683,5.617218386960997,0.5,1.0,0.0,0.10509707279222524,0.10509707279222524
R2_aA_m45,0,30,G1,3,2,5.073342740543839,1.506678379181553,11.970614142721354,0.0,0.5,0.0,0.7416284602857848,0.7416284602857848
R2_aA_m45,0,30,G1,4,2,1.430429646373841,0.40247442313284004,6.565710029715735,0.5,1.0,0.0,0.3070661588663647,0.3070661588663647
R2_aA_m45,0,30,G2,0,2,1.4800684294853204,0.346387061963748,12.849429882011208,0.5,1.0,0.0,0.22755165790997475,0.22755165790997475
R2_aA_m45,0,30,G2,1,2,4.850962868633936,1.4237029165155146,17.742366814326026,0.5,0.5,0.0,0.6317443228979938,0.6317443228979938
R2_aA_m45,0,30,G2,2,2,1.2491761046795133,0.3969008877057926,11.774953648088683,0.5,1.0,0.0,0.21123023364135649,0.21123023364135649
R2_aA_m45,0,30,G2,3,2,5.453701239719315,1.625482765482072,26.06249786647283,0.0,0.5,0.0,0.3734404483707768,0.3734404483707768
R2_aA_m45,0,30,G2,4,2,2.19563053795985,0.6593269545567665,13.52467225905923,0.5,1.0,0.0,0.24690865845034374,0.24690865845034374
R2_aA_m45,1,10,A,0,2,0.2661153590626257,0.2067757036668267,1.0624883204679614,1.0,1.0,,,
R2_aA_m45,1,10,A,1,2,3.603117548727951,0.9024034698780518,1.1425243835024055,1.0,1.0,,,
R2_aA_m45,1,10,A,2,2,3.126636986551826,0.8894858509129142,1.03829019143314,1.0,1.0,,,
R2_aA_m45,1,10,A,3,2,5.669042045877454,1.7171938617847367,2.7461209616387268,1.0,1.0,,,
R2_aA_m45,1,10,A,4,2,3.5280394730841764,0.7003072334054306,3.824995061623653,1.0,1.0,,,
R2_aA_m45,1,10,B,0,2,3.354663484074496,1.123749217690898,25.534082577943224,0.5,1.0,,,
R2_aA_m45,1,10,B,1,2,7.541777223057253,2.1279501318990737,36.84783477678123,0.0,0.5,,,
R2_aA_m45,1,10,B,2,2,5.469270188343976,1.6532453757667536,20.087415752887978,0.5,0.5,,,
R2_aA_m45,1,10,B,3,2,6.286759376134077,1.8199518216161774,46.81475783326366,0.0,0.5,,,
R2_aA_m45,1,10,B,4,2,2.468372344447658,0.331405187585269,9.708976432211168,0.5,1.0,,,
R2_aA_m45,1,10,C,0,2,0.49743077773570027,0.21246391977354911,0.6641997474389145,1.0,1.0,0.0,0.4603500159908578,0.4603500159908578
R2_aA_m45,1,10,C,1,2,5.812339278465373,1.5709697698459646,5.226707338136,1.0,1.0,0.0,0.6376151004685731,0.6376151004685731
R2_aA_m45,1,10,C,2,2,3.133255728513508,1.0286209746100365,1.2744043632973971,1.0,1.0,0.0,0.45455277076053185,0.45455277076053185
R2_aA_m45,1,10,C,3,2,2.4722254587074697,0.6922281989885957,2.618728951506964,1.0,1.0,0.16666666666666666,1.9985422842399687,0.8031262249416706
R2_aA_m45,1,10,C,4,2,2.696786942548117,0.5589144009625907,3.360285128332598,1.0,1.0,0.0,1.0610650083146955,1.0610650083146955
R2_aA_m45,1,10,D,0,2,0.8996249833592491,0.3131595154527541,20.678892767617498,0.5,1.0,0.0,1.5500398753014146,1.5500398753014146
R2_aA_m45,1,10,D,1,2,4.723222225467416,1.3124161041624192,23.84664733470786,0.0,1.0,0.0,0.5099554523719441,0.5099554523719441
R2_aA_m45,1,10,D,2,2,4.036280432994559,1.3108976936755552,17.879179241476493,0.5,0.5,0.0,0.15177160684438465,0.15177160684438465
R2_aA_m45,1,10,D,3,2,5.326598551589369,1.5416496182126156,40.58764359599972,0.5,0.5,0.0,0.9802343205232622,0.9802343205232622
R2_aA_m45,1,10,D,4,2,1.1423544712070945,0.16683112053896004,9.583488947008394,0.5,1.0,0.0,0.4678085902590877,0.4678085902590877
R2_aA_m45,1,10,G1,0,2,2.592599461124893,0.9180276633517336,7.327926866929306,0.5,1.0,0.0,0.3844331984150803,0.3844331984150803
R2_aA_m45,1,10,G1,1,2,4.051388738914755,1.0843020501436007,7.275386907805391,0.5,1.0,0.0,0.6015878723227839,0.6015878723227839
R2_aA_m45,1,10,G1,2,2,5.23385926864405,1.672159954239268,5.648762950587689,0.5,0.5,0.0,0.1894150276042627,0.1894150276042627
R2_aA_m45,1,10,G1,3,2,5.375208805711448,1.523341970877786,15.140795342918992,0.5,0.5,0.0,1.9008399802477651,1.9008399802477651
R2_aA_m45,1,10,G1,4,2,2.0706118071578614,0.3895603471786059,5.870216116577658,0.5,1.0,0.0,0.03359274292821,0.03359274292821
R2_aA_m45,1,10,G2,0,2,0.980010481679401,0.4673513750386454,14.174214407072755,0.5,1.0,0.0,1.3433676674674748,1.3433676674674748
R2_aA_m45,1,10,G2,1,2,3.756486440543977,1.0155204620476237,14.716186836763647,0.5,1.0,0.0,0.5687636473049386,0.5687636473049386
R2_aA_m45,1,10,G2,2,2,3.9172712856770056,1.2781894037748656,12.937108471577988,0.5,0.5,0.0,0.17670616652873844,0.17670616652873844
R2_aA_m45,1,10,G2,3,2,5.3666752224325,1.5292581495231794,28.969654417195795,0.0,0.5,0.0,0.9921235737310197,0.9921235737310197
R2_aA_m45,1,10,G2,4,2,1.889767724398471,0.18339287201037918,8.070114453154265,0.5,1.0,0.0,0.25864359602312775,0.25864359602312775
R2_aA_m45,1,30,A,0,2,0.2661153590626257,0.2067757036668267,1.0624883204679614,1.0,1.0,,,
R2_aA_m45,1,30,A,1,2,3.603117548727951,0.9024034698780518,1.1425243835024055,1.0,1.0,,,
R2_aA_m45,1,30,A,2,2,3.126636986551826,0.8894858509129142,1.03829019143314,1.0,1.0,,,
R2_aA_m45,1,30,A,3,2,5.669042045877454,1.7171938617847367,2.7461209616387268,1.0,1.0,,,
R2_aA_m45,1,30,A,4,2,3.5280394730841764,0.7003072334054306,3.824995061623653,1.0,1.0,,,
R2_aA_m45,1,30,B,0,2,1.9188742228822597,0.699433798695974,18.757612086961096,0.5,1.0,,,
R2_aA_m45,1,30,B,1,2,6.021452156075221,1.6663507008277016,28.289707764282415,0.0,1.0,,,
R2_aA_m45,1,30,B,2,2,6.257359077783154,1.9087015190733676,34.1310713054483,0.5,0.5,,,
R2_aA_m45,1,30,B,3,2,5.7529173348135645,1.6843820333754174,40.52610750311352,0.0,0.5,,,
R2_aA_m45,1,30,B,4,2,2.453690287508324,0.3503583623849198,17.086727669460146,0.0,1.0,,,
R2_aA_m45,1,30,C,0,2,0.7006724351157517,0.06706331274249104,0.8377554853889235,1.0,1.0,0.0,0.0589868125223929,0.0589868125223929
R2_aA_m45,1,30,C,1,2,1.052381341831939,0.15301223026535968,0.9389045639835435,1.0,1.0,0.0,0.4282550954386322,0.4282550954386322
R2_aA_m45,1,30,C,2,2,0.6000910829653993,0.2605745553926952,1.0678343448856862,1.0,1.0,0.0,0.23280834025624159,0.23280834025624159
R2_aA_m45,1,30,C,3,2,1.959197044442255,0.469590392358793,2.474638651000261,1.0,1.0,0.0,0.1491282711127767,0.1491282711127767
R2_aA_m45,1,30,C,4,2,0.6919112592982214,0.22842287492016455,2.845842666063293,1.0,1.0,0.0,0.23698931502672482,0.23698931502672482
R2_aA_m45,1,30,D,0,2,0.7970501341246593,0.18360275290999997,14.338937377742212,0.5,1.0,0.0,0.6465950032946499,0.6465950032946499
R2_aA_m45,1,30,D,1,2,3.3284870659854153,0.8961570333485922,17.604381418865437,0.5,1.0,0.0,0.7364979094877241,0.7364979094877241
R2_aA_m45,1,30,D,2,2,3.937062577691722,1.2795623791601003,20.789646200286537,0.5,0.5,0.0,0.16280530773452556,0.16280530773452556
R2_aA_m45,1,30,D,3,2,4.858834633858372,1.3873938605814975,34.549307710436445,0.0,0.5,0.0,0.4737011794064284,0.4737011794064284
R2_aA_m45,1,30,D,4,2,1.6908055009055603,0.5567175827556033,18.193351857722995,0.0,1.0,0.0,0.31109734117257837,0.31109734117257837
R2_aA_m45,1,30,G1,0,2,0.6184090721535324,0.3365029190156815,6.572668250538885,0.5,1.0,0.0,0.7303883103619522,0.7303883103619522
R2_aA_m45,1,30,G1,1,2,2.9534189557463066,0.7840049379516048,6.533987090041048,0.5,1.0,0.0,2.073160707783864,2.073160707783864
R2_aA_m45,1,30,G1,2,2,3.7530733621109533,1.225842634772517,4.957926418241244,0.5,1.0,0.0,0.30482840168420844,0.30482840168420844
R2_aA_m45,1,30,G1,3,2,5.158722888961162,1.4808358061794875,15.366285146076086,0.5,0.5,0.0,1.3012145270276911,1.3012145270276911
R2_aA_m45,1,30,G1,4,2,1.8284681530932223,0.5081880535715679,9.072712560475857,0.0,1.0,0.0,0.16428971049558125,0.16428971049558125
R2_aA_m45,1,30,G2,0,2,0.4646798453397154,0.1778090394266091,12.836763553941903,0.5,1.0,0.0,0.7383583916476881,0.7383583916476881
R2_aA_m45,1,30,G2,1,2,3.590848674966927,0.9910989291642236,14.362491686720304,0.5,1.0,0.0,1.0411841855921615,1.0411841855921615
R2_aA_m45,1,30,G2,2,2,4.583223893401214,1.4925308733662164,15.080963630480632,0.5,0.5,0.0,0.1902193214297534,0.1902193214297534
R2_aA_m45,1,30,G2,3,2,5.2326799109046025,1.5012564087215161,28.84650964908026,0.0,0.5,0.0,0.6684689895185563,0.6684689895185563
R2_aA_m45,1,30,G2,4,2,2.417158694861002,0.7391247179813423,16.3214589124336,0.0,1.0,0.0,0.20087188002744785,0.20087188002744785
R2_aA_m45,2,10,A,0,2,2.3080294960254397,0.3631166514252669,4.202070631277993,1.0,1.0,,,
R2_aA_m45,2,10,A,1,2,4.129146568141227,1.0097226645705948,3.243336599253001,1.0,1.0,,,
R2_aA_m45,2,10,A,2,2,3.1963502864484044,0.896712592807268,0.5775058518401444,1.0,1.0,,,
R2_aA_m45,2,10,A,3,2,4.579297860690998,1.5827844351472735,10.801190755690463,0.0,1.0,,,
R2_aA_m45,2,10,A,4,2,2.8883793085875102,0.7142046889065807,1.0864250766243164,1.0,1.0,,,
R2_aA_m45,2,10,B,0,2,5.6537802971272555,1.3466044484442556,21.504637564750027,0.5,0.5,,,
R2_aA_m45,2,10,B,1,2,2.627890408202443,0.6775349601605095,18.598365052392502,0.0,1.0,,,
R2_aA_m45,2,10,B,2,2,3.5168814629193674,0.9908711404830205,19.660510704929248,0.5,0.5,,,
R2_aA_m45,2,10,B,3,2,1.615507061556979,0.30447323582621166,21.541138243294338,0.0,1.0,,,
R2_aA_m45,2,10,B,4,2,5.585325541259172,1.5392183707760443,32.12035394615746,0.5,0.5,,,
R2_aA_m45,2,10,C,0,2,3.437901340076962,0.8734018862286606,6.941619516434754,1.0,0.5,0.0,0.672004853512357,0.672004853512357
R2_aA_m45,2,10,C,1,2,4.85681111487005,1.1944871305566969,3.615979764790248,1.0,1.0,0.0,1.1683158440176251,1.1683158440176251
R2_aA_m45,2,10,C,2,2,1.4128414986716842,0.4519979414419176,2.0136375102438744,1.0,1.0,0.0,1.0740638324111353,1.0740638324111353
R2_aA_m45,2,10,C,3,2,2.4608365524120064,0.5549565652464863,6.345265291024882,0.5,0.5,0.0,0.18854566440309684,0.18854566440309684
R2_aA_m45,2,10,C,4,2,1.6727410333921988,0.46929739045840263,0.9725099747605108,1.0,1.0,0.0,0.5661610472171144,0.5661610472171144
R2_aA_m45,2,10,D,0,2,5.457063878779049,1.2989928851690575,23.341587868753052,0.5,0.5,0.0,0.3688479793348677,0.3688479793348677
R2_aA_m45,2,10,D,1,2,2.142918953034652,0.4852280949886388,18.712254128810187,0.0,1.0,0.0,0.41935271339863006,0.41935271339863006
R2_aA_m45,2,10,D,2,2,3.481019164058313,0.9663910639401422,21.00790133376634,0.5,0.5,0.0,0.3162185965507323,0.3162185965507323
R2_aA_m45,2,10,D,3,2,1.3982860721340369,0.2988475536757781,21.492894163008618,0.0,1.0,0.0,0.15328346026047515,0.15328346026047515
R2_aA_m45,2,10,D,4,2,0.6747443559955271,0.36478869643253253,19.382605541516025,0.5,1.0,0.0,0.8337960514585614,0.8337960514585614
R2_aA_m45,2,10,G1,0,2,3.957456297959478,0.839908510898677,7.06596925484487,0.5,1.0,0.0,0.27654375435931267,0.27654375435931267
R2_aA_m45,2,10,G1,1,2,2.4066794796839828,0.5296151732801803,6.157961914658825,1.0,1.0,0.0,0.01061065956875185,0.01061065956875185
R2_aA_m45,2,10,G1,2,2,4.831193867114632,1.383217070037502,8.12896669559185,0.5,0.5,0.0,0.22479454169191504,0.22479454169191504
R2_aA_m45,2,10,G1,3,2,1.8350342892707416,0.4373334507606201,21.4792474123741,0.0,1.0,0.0,0.0594582822253834,0.0594582822253834
R2_aA_m45,2,10,G1,4,2,1.8723352572256222,0.48057063327493804,6.452124043790336,0.5,1.0,0.0,1.033346344059558,1.033346344059558
R2_aA_m45,2,10,G2,0,2,4.90725711422193,1.122802395567657,13.521776885859671,0.5,0.5,0.0,0.28869834909653963,0.28869834909653963
R2_aA_m45,2,10,G2,1,2,2.2028559197754123,0.5052745713061574,12.278535875142925,0.0,1.0,0.0,0.07155071216132346,0.07155071216132346
R2_aA_m45,2,10,G2,2,2,3.2314336161691375,0.8881021467448927,12.570124709429766,0.5,0.5,0.0,0.3711016421461786,0.3711016421461786
R2_aA_m45,2,10,G2,3,2,1.5047348258293172,0.33122389069474334,20.74932558164241,0.0,1.0,0.0,0.15364049765872514,0.15364049765872514
R2_aA_m45,2,10,G2,4,2,1.5201448159783262,0.44893924234131105,12.993337462980056,0.5,1.0,0.0,0.6163020783393969,0.6163020783393969
R2_aA_m45,2,30,A,0,2,2.3080294960254397,0.3631166514252669,4.202070631277993,1.0,1.0,,,
R2_aA_m45,2,30,A,1,2,4.129146568141227,1.0097226645705948,3.243336599253001,1.0,1.0,,,
R2_aA_m45,2,30,A,2,2,3.1963502864484044,0.896712592807268,0.5775058518401444,1.0,1.0,,,
R2_aA_m45,2,30,A,3,2,4.579297860690998,1.5827844351472735,10.801190755690463,0.0,1.0,,,
R2_aA_m45,2,30,A,4,2,2.8883793085875102,0.7142046889065807,1.0864250766243164,1.0,1.0,,,
R2_aA_m45,2,30,B,0,2,3.2278926794432263,0.6214739307986988,19.958036571047565,0.5,1.0,,,
R2_aA_m45,2,30,B,1,2,2.173110280612312,0.460273076268656,18.14111856161562,0.0,1.0,,,
R2_aA_m45,2,30,B,2,2,3.817141300432869,1.0795150358266221,22.48641617702344,0.5,0.5,,,
R2_aA_m45,2,30,B,3,2,1.6942018727049255,0.34202508684920924,26.843619885075874,0.0,1.0,,,
R2_aA_m45,2,30,B,4,2,4.273525742446844,1.1238873928784514,24.04029773981069,0.5,0.5,,,
R2_aA_m45,2,30,C,0,2,0.5146250525594592,0.4536484512262035,3.776058038102151,1.0,1.0,0.0,0.05909419549530355,0.05909419549530355
R2_aA_m45,2,30,C,1,2,2.212830883345177,0.5301488917595817,2.1568613264513536,1.0,1.0,0.0,0.3327918991249209,0.3327918991249209
R2_aA_m45,2,30,C,2,2,0.4811791908212075,0.06124756212820004,0.6043236830534293,1.0,1.0,0.0,0.0299632139976857,0.0299632139976857
R2_aA_m45,2,30,C,3,2,1.5155055708314995,0.3670798180722151,3.4551722151014186,1.0,1.0,0.0,0.3176278626123191,0.3176278626123191
R2_aA_m45,2,30,C,4,2,1.244230030690613,0.2901740131845195,1.0295531341614819,1.0,1.0,0.0,0.034166517371436694,0.034166517371436694
R2_aA_m45,2,30,D,0,2,2.691180387405808,0.5123404098054886,18.404816056435706,0.5,1.0,0.0,0.1392077246905762,0.1392077246905762
R2_aA_m45,2,30,D,1,2,1.9240325029951881,0.4836141871215077,17.95411966717935,0.0,1.0,0.0,0.4182321325766444,0.4182321325766444
R2_aA_m45,2,30,D,2,2,3.3647114200768753,0.9455397073755082,20.72338098937233,0.5,0.5,0.0,0.1745005568975474,0.1745005568975474
R2_aA_m45,2,30,D,3,2,1.5757041121392286,0.38687382473190907,27.148349073023994,0.0,1.0,0.0,0.4523203982384538,0.4523203982384538
R2_aA_m45,2,30,D,4,2,0.0840567193073146,0.2252138102799538,13.792462430983857,0.5,1.0,0.0,0.8454484208822622,0.8454484208822622
R2_aA_m45,2,30,G1,0,2,2.5576662948161983,0.45086532053947215,9.0564422116949,0.5,1.0,0.0,0.08413362111255249,0.08413362111255249
R2_aA_m45,2,30,G1,1,2,0.7937173636335038,0.2215584601139253,9.803088512821049,0.5,1.0,0.0,0.35771089520424515,0.35771089520424515
R2_aA_m45,2,30,G1,2,2,3.8019097742509627,1.0917591749635134,7.001412394086103,0.5,0.5,0.0,0.3256371208790758,0.3256371208790758
R2_aA_m45,2,30,G1,3,2,1.7810812889314442,0.4349960175283546,21.53352163200764,0.0,1.0,0.0,0.08153863257810826,0.08153863257810826
R2_aA_m45,2,30,G1,4,2,1.4729081740716434,0.3655573165140392,6.398498990449009,0.5,1.0,0.0,1.0226672951032534,1.0226672951032534
R2_aA_m45,2,30,G2,0,2,3.3343261510275624,0.7016726784399117,16.08688765713152,0.5,1.0,0.0,0.06528475302345631,0.06528475302345631
R2_aA_m45,2,30,G2,1,2,1.165893277735686,0.2750699650214473,16.23099531498998,0.5,1.0,0.0,0.4712819977205396,0.4712819977205396
R2_aA_m45,2,30,G2,2,2,3.8654376052138115,1.1105702590475892,17.3840273279845,0.5,0.5,0.0,0.18011238697132909,0.18011238697132909
R2_aA_m45,2,30,G2,3,2,1.7126892887369072,0.4254544440851807,27.18788483847186,0.0,1.0,0.0,0.33847436618378,0.33847436618378
R2_aA_m45,2,30,G2,4,2,0.37679939808554175,0.19709268905503155,12.52875005031618,0.5,1.0,0.0,0.8633550615292952,0.8633550615292952
R2_aB_m0,0,10,A,0,2,0.6653062044944802,0.2962523866675485,0.9830348306600936,1.0,1.0,,,
R2_aB_m0,0,10,A,1,2,3.3798371916908856,0.8822581675314232,1.063044207103313,1.0,1.0,,,
R2_aB_m0,0,10,A,2,2,4.001469103445181,1.0086969564613515,1.3509769951674042,1.0,1.0,,,
R2_aB_m0,0,10,A,3,2,5.031421696450592,1.606653524177169,4.776924727777393,1.0,1.0,,,
R2_aB_m0,0,10,A,4,2,0.6903387092287596,0.29151085762047296,0.4150265103035097,1.0,1.0,,,
R2_aB_m0,0,10,B,0,2,0.6487906600605751,0.184313149682013,1.107408175575153,1.0,1.0,,,
R2_aB_m0,0,10,B,1,2,3.9954524332922716,1.0598356000084561,4.600288681041224,0.5,1.0,,,
R2_aB_m0,0,10,B,2,2,5.583847709731792,1.4811592318337414,22.163183733843322,0.5,0.5,,,
R2_aB_m0,0,10,B,3,2,3.868341886831446,1.1428149544797754,17.555895058989485,0.0,0.5,,,
R2_aB_m0,0,10,B,4,2,0.9562944990143206,0.3640140456743016,1.8260798600856392,1.0,1.0,,,
R2_aB_m0,0,10,C,0,2,0.8775667166813482,0.2324466900626176,1.4771278501404255,1.0,1.0,0.0,0.46469600227417945,0.46469600227417945
R2_aB_m0,0,10,C,1,2,1.4748446871892462,0.33722267791718474,2.204786054239799,1.0,1.0,0.0,1.012992364152311,1.012992364152311
R2_aB_m0,0,10,C,2,2,2.8924942262694078,0.6763816280708289,3.4201758442353745,1.0,1.0,0.0,0.11691890464462684,0.11691890464462684
R2_aB_m0,0,10,C,3,2,2.8550905481246076,0.9335811143735879,12.384488613655684,0.0,0.5,0.0,0.3802701625360835,0.3802701625360835
R2_aB_m0,0,10,C,4,2,0.5446333564754506,0.25876728522210163,1.370619282172321,1.0,1.0,0.0,0.34469381965972073,0.34469381965972073
R2_aB_m0,0,10,D,0,2,2.468832666384275,0.8304894204321761,1.8633020557000433,1.0,1.0,0.3333333333333333,3.554492152488649,0.5079083024523592
R2_aB_m0,0,10,D,1,2,0.448141971016918,0.1612553336469681,1.5342591271073194,1.0,1.0,0.3333333333333333,5.568231102151693,1.7999641946172376
R2_aB_m0,0,10,D,2,2,2.3863052420527087,0.6029521800324849,8.092260132107855,0.5,1.0,0.3333333333333333,9.404846368667508,1.8667963636293963
R2_aB_m0,0,10,D,3,2,3.005051254491098,0.8048183559100905,14.428074729940626,0.0,0.5,0.5,9.017026027272921,1.8593502342413653
R2_aB_m0,0,10,D,4,2,2.64997412493836,0.8406862677195933,2.8566611446695678,1.0,1.0,0.3333333333333333,8.571285617963637,0.1158158993606912
R2_aB_m0,0,10,G1,0,2,1.015300908039992,0.29410070590058274,1.1833595330977973,1.0,1.0,0.0,0.32754557817908425,0.32754557817908425
R2_aB_m0,0,10,G1,1,2,3.5074673589721628,0.9075981534138524,1.8689557397591818,1.0,1.0,0.0,0.46372297560223225,0.46372297560223225
R2_aB_m0,0,10,G1,2,2,3.116047137435625,0.8382579286714206,2.9774159469115182,1.0,1.0,0.0,1.3067140766358876,1.3067140766358876
R2_aB_m0,0,10,G1,3,2,3.9440269647190016,1.096808454980959,9.907284727062581,0.0,0.5,0.0,1.014912510560888,1.014912510560888
R2_aB_m0,0,10,G1,4,2,1.5455818609597207,0.5330747442418161,1.0219564590311587,1.0,1.0,0.0,0.03899652947640635,0.03899652947640635
R2_aB_m0,0,10,G2,0,2,1.0656975433048697,0.36220297230646126,1.1361274643247024,1.0,1.0,0.25,2.9520322917982926,0.3300660301284224
R2_aB_m0,0,10,G2,1,2,1.1196592115391306,0.2550504356731043,1.8472491688888864,1.0,1.0,0.25,3.4689826083356525,1.7921646764560863
R2_aB_m0,0,10,G2,2,2,2.1323384458558974,0.5253397701766228,5.206516997639893,0.5,1.0,0.25,5.210920232572665,1.4868396659609857
R2_aB_m0,0,10,G2,3,2,2.9359963192630203,0.8095210125597817,12.04958465567886,0.0,0.5,0.25,3.509482426449731,1.8593502342413653
R2_aB_m0,0,10,G2,4,2,1.754015516619116,0.593950758214534,1.3618728856709255,1.0,1.0,0.25,3.59668959746293,0.0652132981747426
R2_aB_m0,0,30,A,0,2,0.6653062044944802,0.2962523866675485,0.9830348306600936,1.0,1.0,,,
R2_aB_m0,0,30,A,1,2,3.3798371916908856,0.8822581675314232,1.063044207103313,1.0,1.0,,,
R2_aB_m0,0,30,A,2,2,4.001469103445181,1.0086969564613515,1.3509769951674042,1.0,1.0,,,
R2_aB_m0,0,30,A,3,2,5.031421696450592,1.606653524177169,4.776924727777393,1.0,1.0,,,
R2_aB_m0,0,30,A,4,2,0.6903387092287596,0.29151085762047296,0.4150265103035097,1.0,1.0,,,
R2_aB_m0,0,30,B,0,2,0.6487906600605751,0.184313149682013,1.107408175575153,1.0,1.0,,,
R2_aB_m0,0,30,B,1,2,3.9954524332922716,1.0598356000084561,4.600288681041224,0.5,1.0,,,
R2_aB_m0,0,30,B,2,2,4.0121940378586665,1.004152915005663,2.7744316394269832,1.0,1.0,,,
R2_aB_m0,0,30,B,3,2,3.868341886831446,1.1428149544797754,17.555895058989485,0.0,0.5,,,
R2_aB_m0,0,30,B,4,2,0.9823292058486908,0.38457842471082804,1.1813700466483676,1.0,1.0,,,
R2_aB_m0,0,30,C,0,2,0.6032542929503534,0.26041339920297485,1.1722172570674836,1.0,1.0,0.0,0.00872432193684255,0.00872432193684255
R2_aB_m0,0,30,C,1,2,1.2099959757412015,0.2670067004175488,2.360743530242649,1.0,1.0,0.0,0.46722605345718754,0.46722605345718754
R2_aB_m0,0,30,C,2,2,0.16396386083812192,0.1157980827820262,1.089757380929538,1.0,1.0,0.0,0.2626693514089882,0.2626693514089882
R2_aB_m0,0,30,C,3,2,1.8348383769286822,0.6636190611368471,10.722349785377672,0.0,1.0,0.0,0.7312390492650703,0.7312390492650703
R2_aB_m0,0,30,C,4,2,0.6220957163313947,0.28189187061425763,1.1892090872874994,1.0,1.0,0.0,0.0818103581897335,0.0818103581897335
R2_aB_m0,0,30,D,0,2,3.355353885112256,1.073763374854462,3.349293097276282,1.0,0.5,0.3333333333333333,5.6719808358331,0.7501854347671641
R2_aB_m0,0,30,D,1,2,1.4513203352633748,0.34022853750077725,2.142097801527486,1.0,1.0,0.5,7.802682508130562,1.317292285960606
R2_aB_m0,0,30,D,2,2,2.1749126985818443,0.5688615287787377,2.8386604580746044,1.0,1.0,0.3333333333333333,10.34177050891033,1.5426910558870128
R2_aB_m0,0,30,D,3,2,2.682206502110983,0.7304161218868472,13.772958018334272,0.0,0.5,0.5,13.002918476299138,2.0003877329552706
R2_aB_m0,0,30,D,4,2,3.7525445509918427,1.185382064828895,4.140690764484439,1.0,0.5,0.3333333333333333,6.5160035023666545,0.9227829678097514
R2_aB_m0,0,30,G1,0,2,1.0274782662607886,0.31068016981654845,1.2017816168110045,1.0,1.0,0.0,0.2116162895633645,0.2116162895633645
R2_aB_m0,0,30,G1,1,2,3.497989598257759,0.9040841654552104,1.8743228927279096,1.0,1.0,0.0,0.24649039467250825,0.24649039467250825
R2_aB_m0,0,30,G1,2,2,2.2301470594562702,0.6374019746355257,1.1014493956502769,1.0,1.0,0.0,0.7962238650132901,0.7962238650132901
R2_aB_m0,0,30,G1,3,2,3.931454367724721,1.0965678009288513,9.892907063013325,0.0,0.5,0.0,0.7772467348697019,0.7772467348697019
R2_aB_m0,0,30,G1,4,2,1.691671083225631,0.5883210515868307,1.1408933287333962,1.0,1.0,0.0,0.6336440750815218,0.6336440750815218
R2_aB_m0,0,30,G2,0,2,1.4257832534189887,0.5021707594741821,1.174016794657255,1.0,1.0,0.25,2.564799195397788,0.3788339120045694
R2_aB_m0,0,30,G2,1,2,1.3762416712949248,0.3175956724226539,2.017216121175501,1.0,1.0,0.25,3.467405590784609,1.317292285960606
R2_aB_m0,0,30,G2,2,2,0.9275702043431732,0.1755729531032705,1.1886764288924834,1.0,1.0,0.25,4.769988375136207,0.9356117945327956
R2_aB_m0,0,30,G2,3,2,2.5950155631058407,0.7308814076274264,11.57598241451954,0.0,1.0,0.25,4.563501396239126,2.0003877329552706
R2_aB_m0,0,30,G2,4,2,2.2045259323322175,0.7386215574836044,1.5386109675296737,1.0,1.0,0.25,3.3478872149145946,0.769122529094224
R2_aB_m0,1,10,A,0,2,2.5025733093067193,0.32590033254610457,4.741752627025653,0.5,1.0,,,
R2_aB_m0,1,10,A,1,2,2.1283826675635242,0.690058803419696,0.37894680270823483,1.0,1.0,,,
R2_aB_m0,1,10,A,2,2,3.8545645862279887,0.9799740568163524,1.6362622112486132,1.0,1.0,,,
R2_aB_m0,1,10,A,3,2,3.914265721792125,1.418807196172628,3.1042423070133074,1.0,1.0,,,
R2_aB_m0,1,10,A,4,2,1.9552836652635774,0.4175184196481982,2.0379703596877063,1.0,1.0,,,
R2_aB_m0,1,10,B,0,2,2.3568211262942405,0.25195636082079365,5.770566180539215,0.5,1.0,,,
R2_aB_m0,1,10,B,1,2,2.937033485495972,0.9219664677529397,4.69651483047366,1.0,1.0,,,
R2_aB_m0,1,10,B,2,2,5.008566887092502,1.3320689366840046,6.796847454731348,0.5,0.5,,,
R2_aB_m0,1,10,B,3,2,2.1098708185404496,0.7306402860595198,7.46291780445469,0.5,1.0,,,
R2_aB_m0,1,10,B,4,2,3.985573016720113,0.9959573046953063,7.352907099366947,0.5,1.0,,,
R2_aB_m0,1,10,C,0,2,0.7504074562457084,0.3865561638495123,4.601122658123022,1.0,1.0,0.0,0.3741252187069087,0.3741252187069087
R2_aB_m0,1,10,C,1,2,0.6210772831598845,0.09205971557400709,2.0808222412700714,1.0,1.0,0.0,0.8854211097674047,0.8854211097674047
R2_aB_m0,1,10,C,2,2,2.149851755867944,0.5378860601356068,3.584018338495529,1.0,1.0,0.0,0.9425336658098884,0.9425336658098884
R2_aB_m0,1,10,C,3,2,1.5958303963175144,0.5854450750676099,5.806114364117832,1.0,1.0,0.0,0.19476884260794125,0.19476884260794125
R2_aB_m0,1,10,C,4,2,1.0301900870850484,0.35626292155056594,2.701887648386083,1.0,1.0,0.0,0.1085844926517707,0.1085844926517707
R2_aB_m0,1,10,D,0,2,1.7494882424236657,0.7714417040127657,7.217278521780696,0.5,1.0,0.3333333333333333,7.346310820402582,1.7071915941477545
R2_aB_m0,1,10,D,1,2,1.3440584127587012,0.3441305626885119,3.318313128770421,1.0,1.0,0.5,10.623280273919907,2.3804838731120324
R2_aB_m0,1,10,D,2,2,2.4997486675259046,0.6510591722621087,2.8075340768234893,1.0,1.0,0.5,10.716117016926821,2.484564128059072
R2_aB_m0,1,10,D,3,2,0.0205225199779577,0.3551899062082327,6.156888113725841,0.5,1.0,0.3333333333333333,10.760528523534557,0.9116753063473823
R2_aB_m0,1,10,D,4,2,7.162103216992188,1.9981956791342659,36.54964211150885,0.5,0.5,0.16666666666666666,4.386101247170914,0.9101744909474306
R2_aB_m0,1,10,G1,0,2,0.4254276476524012,0.5385511515295791,4.530278376025668,1.0,1.0,0.0,1.6075289880224384,1.6075289880224384
R2_aB_m0,1,10,G1,1,2,3.0699640443887724,0.878841891376274,1.6763343779667172,1.0,1.0,0.0,1.6362771012413357,1.6362771012413357
R2_aB_m0,1,10,G1,2,2,4.104287071404407,1.0872290669469082,1.4820093970766663,1.0,1.0,0.0,1.6338426680002134,1.6338426680002134
R2_aB_m0,1,10,G1,3,2,2.1759211129851646,0.7400606571538211,5.260911111307882,1.0,1.0,0.0,0.0046629096648525496,0.0046629096648525496
R2_aB_m0,1,10,G1,4,2,3.039745173868327,0.8070877897679062,2.646397981693946,1.0,1.0,0.0,0.106421428219501,0.106421428219501
R2_aB_m0,1,10,G2,0,2,1.219416142110592,0.7842286415766904,7.046288481746787,0.5,1.0,0.25,2.735114127695856,1.5821151613222701
R2_aB_m0,1,10,G2,1,2,2.041197625208438,0.499054288830522,3.724830871347361,1.0,1.0,0.25,3.7060618608467775,2.3804838731120324
R2_aB_m0,1,10,G2,2,2,2.5309679681610886,0.6601723497630951,2.4111565994559903,1.0,1.0,0.25,3.8645046704440147,2.484564128059072
R2_aB_m0,1,10,G2,3,2,1.0950019333588474,0.5038125329241161,5.047631949194655,1.0,1.0,0.25,4.155928914712667,0.48787635035227794
R2_aB_m0,1,10,G2,4,2,7.748572228544767,2.1157628568096976,10.174920396650068,0.5,0.5,0.0,0.772095670210614,0.772095670210614
R2_aB_m0,1,30,A,0,2,2.5025733093067193,0.32590033254610457,4.741752627025653,0.5,1.0,,,
R2_aB_m0,1,30,A,1,2,2.1283826675635242,0.690058803419696,0.37894680270823483,1.0,1.0,,,
R2_aB_m0,1,30,A,2,2,3.8545645862279887,0.9799740568163524,1.6362622112486132,1.0,1.0,,,
R2_aB_m0,1,30,A,3,2,3.914265721792125,1.418807196172628,3.1042423070133074,1.0,1.0,,,
R2_aB_m0,1,30,A,4,2,1.9552836652635774,0.4175184196481982,2.0379703596877063,1.0,1.0,,,
R2_aB_m0,1,30,B,0,2,2.4019981089622315,0.24981166612547026,5.043761709461722,0.5,1.0,,,
R2_aB_m0,1,30,B,1,2,2.938057802064304,0.9166520468230581,3.609289288109577,1.0,1.0,,,
R2_aB_m0,1,30,B,2,2,5.008566887092502,1.3320689366840046,6.796847454731348,0.5,0.5,,,
R2_aB_m0,1,30,B,3,2,2.1114173386368655,0.7344149517959278,6.082374254172439,1.0,1.0,,,
R2_aB_m0,1,30,B,4,2,2.0713954052893078,0.4652335624930334,2.81703360546065,1.0,1.0,,,
R2_aB_m0,1,30,C,0,2,0.27768717574067936,0.37699816873530934,4.4218373203720756,1.0,1.0,0.0,0.23299846883285089,0.23299846883285089
R2_aB_m0,1,30,C,1,2,0.8158001145888145,0.3048490302876263,1.923640250938587,1.0,1.0,0.0,0.513172179323438,0.513172179323438
R2_aB_m0,1,30,C,2,2,1.0575715504076528,0.24851369471063475,1.914138565837841,1.0,1.0,0.0,1.0547926564650276,1.0547926564650276
R2_aB_m0,1,30,C,3,2,1.0647940588671085,0.47537398828812377,5.40738800334302,1.0,1.0,0.0,0.23798305354654153,0.23798305354654153
R2_aB_m0,1,30,C,4,2,0.7805663042552948,0.2623505063428456,2.4349814008400785,1.0,1.0,0.0,0.11653055386169274,0.11653055386169274
R2_aB_m0,1,30,D,0,2,3.053718769485305,0.9899373478782214,6.426241468408154,1.0,0.5,0.3333333333333333,10.308390297294402,1.6573397330760309
R2_aB_m0,1,30,D,1,2,0.7953338311179405,0.29298603230101133,1.9087780877566645,1.0,1.0,0.5,10.146327567456677,1.5933242028040957
R2_aB_m0,1,30,D,2,2,1.9484074972628653,0.4939698557373149,2.10015887141631,1.0,1.0,0.5,12.23744586919158,2.547730861933262
R2_aB_m0,1,30,D,3,2,1.1860568895826147,0.45794707307922183,5.117920559521024,1.0,1.0,0.5,10.121024998884005,0.8585518739617881
R2_aB_m0,1,30,D,4,2,6.86496123061445,1.911695731974992,25.50977294908985,0.0,0.0,0.16666666666666666,4.062261930035087,1.7841491249261303
R2_aB_m0,1,30,G1,0,2,0.37823418579492046,0.4501291274923925,4.520319578247304,1.0,1.0,0.0,1.1217556913944329,1.1217556913944329
R2_aB_m0,1,30,G1,1,2,2.8149026970294257,0.8304867558599655,1.5223061585641362,1.0,1.0,0.0,0.9176011256256669,0.9176011256256669
R2_aB_m0,1,30,G1,2,2,3.9576163239923967,1.045140703808412,1.416347223830783,1.0,1.0,0.0,1.4305025621118885,1.4305025621118885
R2_aB_m0,1,30,G1,3,2,2.2299494934351713,0.697027266342337,5.267777688884563,1.0,1.0,0.0,0.3926861119828068,0.3926861119828068
R2_aB_m0,1,30,G1,4,2,3.1994808389567466,0.7969389784098808,2.6806626291783378,1.0,1.0,0.0,0.12294637891280245,0.12294637891280245
R2_aB_m0,1,30,G2,0,2,0.7158666508580234,0.3717781607434794,4.474066416826772,1.0,1.0,0.25,4.885331632172722,1.2446190155673198
R2_aB_m0,1,30,G2,1,2,0.642844770549459,0.2384835180751183,1.8509744108306632,1.0,1.0,0.25,4.418290150151428,1.5933242028040957
R2_aB_m0,1,30,G2,2,2,1.9934063299232703,0.5076252194455806,1.8772030506740838,1.0,1.0,0.25,5.917815437804197,2.547730861933262
R2_aB_m0,1,30,G2,3,2,1.1441113732974237,0.4400825975328246,5.033599505563193,1.0,1.0,0.25,3.8024999121826997,0.8585518739617881
R2_aB_m0,1,30,G2,4,2,7.707401721319479,2.0905663029943113,10.929932800202094,0.5,0.5,0.0,1.5719001047776955,1.5719001047776955
R2_aB_m0,2,10,A,0,2,1.5810576938759968,0.4013978031207917,0.9669039592418186,1.0,1.0,,,
R2_aB_m0,2,10,A,1,2,3.9866124424736813,0.9851388543876847,3.7054726515642287,1.0,1.0,,,
R2_aB_m0,2,10,A,2,2,2.305696720991845,0.7668484542380053,0.33498969931505773,1.0,1.0,,,
R2_aB_m0,2,10,A,3,2,4.604870788674616,1.5141761938953726,15.19860702125877,0.0,1.0,,,
R2_aB_m0,2,10,A,4,2,3.9615068725449656,0.8728416389585992,3.074485016591614,1.0,1.0,,,
R2_aB_m0,2,10,B,0,2,1.023642941489694,0.3015235176663516,1.482937825370121,1.0,1.0,,,
R2_aB_m0,2,10,B,1,2,3.2402025698378343,0.7542363542933028,10.084275173421176,0.0,1.0,,,
R2_aB_m0,2,10,B,2,2,1.0302937103831187,0.3738911162092112,1.935530220165622,1.0,1.0,,,
R2_aB_m0,2,10,B,3,2,2.4761212592885076,0.29538884999690185,17.657549571563994,0.5,0.5,,,
R2_aB_m0,2,10,B,4,2,2.828580648338023,0.508274950560722,4.705271190793269,1.0,1.0,,,
R2_aB_m0,2,10,C,0,2,2.010313979731002,0.7422780719413276,1.98973125384897,1.0,1.0,0.0,0.686550665365408,0.686550665365408
R2_aB_m0,2,10,C,1,2,0.8288208345692432,0.21972894202712456,3.836349327641986,1.0,1.0,0.0,0.8535674114288392,0.8535674114288392
R2_aB_m0,2,10,C,2,2,0.6381605487432273,0.17728239083319894,0.3151896355015191,1.0,1.0,0.0,0.5201749367618244,0.5201749367618244
R2_aB_m0,2,10,C,3,2,2.1287751432926316,0.177006936203919,11.119212690235418,0.5,0.5,0.16666666666666666,1.4909193290145981,0.2119217450019964
R2_aB_m0,2,10,C,4,2,0.39069993611748494,0.17808657095047506,2.6737716447097792,1.0,1.0,0.0,1.274486315113622,1.274486315113622
R2_aB_m0,2,10,D,0,2,1.0776730830573737,0.36353830845222795,1.6413909550758148,1.0,1.0,0.3333333333333333,3.383893917893025,0.09195923385921245
R2_aB_m0,2,10,D,1,2,1.3296426862169224,0.32940531707873866,9.197831073081671,0.5,1.0,0.5,14.087856445873946,2.091980270844463
R2_aB_m0,2,10,D,2,2,0.5849134758055674,0.09948407568792142,1.6741772854144732,1.0,1.0,0.3333333333333333,7.077036754911847,1.2443207686081845
R2_aB_m0,2,10,D,3,2,3.454032614775594,0.48920801139636927,22.53745097992793,0.5,0.5,0.16666666666666666,5.0797589694145096,2.227375466447008
R2_aB_m0,2,10,D,4,2,5.1289560309456075,1.0996152202045808,19.689188143007453,0.5,0.5,0.16666666666666666,4.085419809135953,1.6692227199578495
R2_aB_m0,2,10,G1,0,2,0.8475360843333221,0.2969026822076466,1.3319845260381693,1.0,1.0,0.0,0.01553395744137,0.01553395744137
R2_aB_m0,2,10,G1,1,2,3.6681759337832207,0.9174233198602667,4.891346885244016,1.0,1.0,0.0,1.6181267810766045,1.6181267810766045
R2_aB_m0,2,10,G1,2,2,1.0120109883289194,0.33317569623537885,0.73709094399164,1.0,1.0,0.0,1.0057034219409062,1.0057034219409062
R2_aB_m0,2,10,G1,3,2,2.779990687503671,0.4504182682895417,16.84956934590809,0.0,0.5,0.0,0.4361924093550789,0.4361924093550789
R2_aB_m0,2,10,G1,4,2,2.575165472350477,0.4373421558345145,3.5034118748353085,1.0,1.0,0.0,0.017311404011710697,0.017311404011710697
R2_aB_m0,2,10,G2,0,2,1.3495672355651454,0.416462828541501,1.5153190395337197,1.0,1.0,0.25,2.005041393869766,0.1131165722572627
R2_aB_m0,2,10,G2,1,2,1.024114783846737,0.39400852629974487,7.271371736034396,0.5,1.0,0.25,6.135994298780622,2.091980270844463
R2_aB_m0,2,10,G2,2,2,0.3770699112342077,0.13002577902772844,1.7780710014318521,1.0,1.0,0.25,4.552203664322235,1.1340121247101491
R2_aB_m0,2,10,G2,3,2,3.503549980327765,0.5033971140719404,20.695244333249754,0.5,0.5,0.0,2.1823613807265656,2.1823613807265656
R2_aB_m0,2,10,G2,4,2,7.429711536832037,1.8432419633146682,11.825426863963083,0.5,0.5,0.0,1.6657870974903106,1.6657870974903106
R2_aB_m0,2,30,A,0,2,1.5810576938759968,0.4013978031207917,0.9669039592418186,1.0,1.0,,,
R2_aB_m0,2,30,A,1,2,3.9866124424736813,0.9851388543876847,3.7054726515642287,1.0,1.0,,,
R2_aB_m0,2,30,A,2,2,2.305696720991845,0.7668484542380053,0.33498969931505773,1.0,1.0,,,
R2_aB_m0,2,30,A,3,2,4.604870788674616,1.5141761938953726,15.19860702125877,0.0,1.0,,,
R2_aB_m0,2,30,A,4,2,3.9615068725449656,0.8728416389585992,3.074485016591614,1.0,1.0,,,
R2_aB_m0,2,30,B,0,2,1.023642941489694,0.3015235176663516,1.482937825370121,1.0,1.0,,,
R2_aB_m0,2,30,B,1,2,3.8200219907903623,0.9156867597035316,6.191439488267289,0.5,1.0,,,
R2_aB_m0,2,30,B,2,2,0.9758479291368279,0.35029194416853077,0.9839002527122364,1.0,1.0,,,
R2_aB_m0,2,30,B,3,2,2.3135878061305815,0.24210031416757136,13.87294013528145,0.5,0.5,,,
R2_aB_m0,2,30,B,4,2,2.828580648338023,0.508274950560722,4.705271190793269,1.0,1.0,,,
R2_aB_m0,2,30,C,0,2,0.8860560327025445,0.393358314977295,1.636358670098885,1.0,1.0,0.0,0.0390092786874896,0.0390092786874896
R2_aB_m0,2,30,C,1,2,0.5255500617714399,0.10562498297200759,3.801811410785534,1.0,1.0,0.0,0.801804824382724,0.801804824382724
R2_aB_m0,2,30,C,2,2,0.4752496788694448,0.15159237648931945,0.8893871307670135,1.0,1.0,0.0,0.14059672086834213,0.14059672086834213
R2_aB_m0,2,30,C,3,2,1.6391055133461305,0.12389302607998379,10.607350364141364,0.5,0.5,0.0,0.18949026814430453,0.18949026814430453
R2_aB_m0,2,30,C,4,2,0.952981397890662,0.08199795928317753,3.131751775901888,1.0,1.0,0.0,0.15625801875391299,0.15625801875391299
R2_aB_m0,2,30,D,0,2,5.961931843957561,1.7643750407915937,32.511197274243656,0.5,0.0,0.16666666666666666,5.27672498125993,1.9187369005142918
R2_aB_m0,2,30,D,1,2,1.184930625495879,0.2205321858217875,4.068541471438747,1.0,1.0,0.5,14.536990486155737,1.533909451873804
R2_aB_m0,2,30,D,2,2,1.8017134514261,0.4421993368721903,2.2408896710708057,1.0,1.0,0.3333333333333333,10.879306975460679,1.4775544968694683
R2_aB_m0,2,30,D,3,2,2.7030713999441995,0.4177609285430993,15.266416272995436,0.0,0.5,0.3333333333333333,8.604175154548841,1.0028071455691996
R2_aB_m0,2,30,D,4,2,6.108456925990578,1.394671243398093,26.606926771455267,0.0,0.0,0.16666666666666666,4.540130836635839,1.493512482832287
R2_aB_m0,2,30,G1,0,2,1.5291064438999127,0.546934899166819,1.4138495904829942,1.0,1.0,0.0,0.14521020392801717,0.14521020392801717
R2_aB_m0,2,30,G1,1,2,3.4098048646943275,0.8206598002056564,4.693169633898487,1.0,1.0,0.0,1.0892191659956434,1.0892191659956434
R2_aB_m0,2,30,G1,2,2,1.00076611759443,0.33430919889780464,0.7319203701395727,1.0,1.0,0.0,0.7277093486618158,0.7277093486618158
R2_aB_m0,2,30,G1,3,2,2.7502473992619643,0.44605668639251045,16.794784696632313,0.0,0.5,0.0,0.2489472526224745,0.2489472526224745
R2_aB_m0,2,30,G1,4,2,3.034906930324207,0.5677602549114072,3.7113133287303963,1.0,1.0,0.0,0.11016817388185345,0.11016817388185345
R2_aB_m0,2,30,G2,0,2,7.772270058812354,2.4120031395212687,9.604112059649559,0.5,0.5,0.0,1.754659971443508,1.754659971443508
R2_aB_m0,2,30,G2,1,2,0.5930627691944166,0.2534114496245525,4.329431121143745,1.0,1.0,0.25,6.29531962824124,1.533909451873804
R2_aB_m0,2,30,G2,2,2,0.21501599632392362,0.0888182269067181,0.6779479810573114,1.0,1.0,0.25,4.82980912693636,0.8907717885281309
R2_aB_m0,2,30,G2,3,2,2.6431272260101535,0.35807329046791414,16.750269184532467,0.5,0.5,0.25,3.001549515543904,0.5885454966656304
R2_aB_m0,2,30,G2,4,2,7.967541641355504,2.023209796484033,13.888643365496922,0.5,0.5,0.0,1.2927005693960125,1.2927005693960125
R4_aA_m0,0,10,A,0,10,1.5051236294399288,0.20606525380256444,1.8542968967617832,1.0,1.0,,,
R4_aA_m0,0,10,A,1,10,3.932062596030671,0.6338261235367526,1.8689422483861562,1.0,1.0,,,
R4_aA_m0,0,10,A,2,10,3.0210661254465454,0.5446380447523038,1.5892248626040615,1.0,1.0,,,
R4_aA_m0,0,10,A,3,10,7.2764267166881185,1.3010650114345534,3.42530040152394,0.9,1.0,,,
R4_aA_m0,0,10,A,4,10,1.4342494766088998,0.2432458111097846,1.077002893246764,1.0,1.0,,,
R4_aA_m0,0,10,B,0,10,2.369188563699616,0.47083731883225527,6.80337869033905,0.7,1.0,,,
R4_aA_m0,0,10,B,1,10,5.982994065636653,1.163465515522697,10.920751137704316,0.6,0.7,,,
R4_aA_m0,0,10,B,2,10,4.643455030137521,0.8877663341772577,9.376042063634909,0.6,0.7,,,
R4_aA_m0,0,10,B,3,10,8.253671824891901,1.4748874607522746,25.848764057797887,0.1,0.4,,,
R4_aA_m0,0,10,B,4,10,1.7976444575812345,0.352586757195771,5.214348984819484,0.8,1.0,,,
R4_aA_m0,0,10,C,0,10,1.1381675607531212,0.24666690908498412,2.396104785864562,1.0,1.0,0.0,0.23374352045941316,0.23374352045941316
R4_aA_m0,0,10,C,1,10,3.0350315400456096,0.5783057687023376,3.062261230798385,0.9,0.9,0.0,0.6594082476149513,0.6594082476149513
R4_aA_m0,0,10,C,2,10,1.4622048565148311,0.33758596871272656,1.8218794928584863,1.0,1.0,0.0,0.5421585942795912,0.5421585942795912
R4_aA_m0,0,10,C,3,10,3.900224432821247,0.6494680792203482,4.486179239523221,0.8,0.9,0.0,0.7571947667008914,0.7571947667008914
R4_aA_m0,0,10,C,4,10,1.3747582315130997,0.2755737166714057,1.3847857436572544,1.0,1.0,0.0,0.14850484297404715,0.14850484297404715
R4_aA_m0,0,10,D,0,10,3.801037214880109,0.8292194625669732,10.94558993220737,0.6,0.8,0.03333333333333333,0.7154884547377393,0.4636847321003573
R4_aA_m0,0,10,D,1,10,3.8262018218875364,0.8119751041763135,9.47286160505141,0.6,0.8,0.2333333333333333,3.8936384901522927,1.4901180875067603
R4_aA_m0,0,10,D,2,10,2.920053026943972,0.5998131065141973,6.874471807868254,0.6,0.9,0.13333333333333333,2.7964989339867903,1.0317581711799984
R4_aA_m0,0,10,D,3,10,4.941814417880484,0.9894206556557813,19.89199571948646,0.4,0.6,0.13333333333333333,4.28342635179157,1.7914675937936155
R4_aA_m0,0,10,D,4,10,3.5533632031677507,0.6299400206444544,10.130965573437322,0.6,0.7,0.0,0.9137076655195348,0.9137076655195348
R4_aA_m0,0,10,G1,0,10,3.9778190284506274,0.8676751264800395,4.563319480493866,0.8,0.8,0.1,1.4083870866106147,0.6519753149213259
R4_aA_m0,0,10,G1,1,10,4.806122413055558,0.8771562968691758,3.2909126860231117,0.9,1.0,0.4,6.902997759735525,0.6073996044911042
R4_aA_m0,0,10,G1,2,10,4.471205153668679,0.8670701349937647,3.380205629063753,0.9,0.8,0.3,5.534395170098533,1.3621096031730688
R4_aA_m0,0,10,G1,3,10,7.334191707726397,1.3982141441281997,8.29640545204226,0.6,0.5,0.3,6.445394768512605,1.6326227638492068
R4_aA_m0,0,10,G1,4,10,4.96906752980355,0.884023422034969,5.198067157274707,0.8,0.8,0.0,1.5226653137236479,1.5226653137236479
R4_aA_m0,0,10,G2,0,10,3.9584009682963557,0.8500842456816876,7.924182353050391,0.7,0.8,0.05,0.8623346516935173,0.5177272592656534
R4_aA_m0,0,10,G2,1,10,4.6534906046165965,0.9494318350063612,6.395811720502048,0.8,0.9,0.3,4.877431823231189,1.598805220069635
R4_aA_m0,0,10,G2,2,10,2.87886495744183,0.5846666491213168,4.9304428362435235,0.7,0.9,0.2,3.7590062380157176,1.0837912732639794
R4_aA_m0,0,10,G2,3,10,5.83677611404902,1.1604982425616317,15.156725732084269,0.5,0.6,0.2,5.825333832313246,2.2097864320814615
R4_aA_m0,0,10,G2,4,10,3.901194201943525,0.6968113933230236,8.487227134020705,0.5,0.8,0.0,1.0122960392411433,1.0122960392411433
R4_aA_m0,0,30,A,0,10,1.5051236294399288,0.20606525380256444,1.8542968967617832,1.0,1.0,,,
R4_aA_m0,0,30,A,1,10,3.932062596030671,0.6338261235367526,1.8689422483861562,1.0,1.0,,,
R4_aA_m0,0,30,A,2,10,3.0210661254465454,0.5446380447523038,1.5892248626040615,1.0,1.0,,,
R4_aA_m0,0,30,A,3,10,7.2764267166881185,1.3010650114345534,3.42530040152394,0.9,1.0,,,
R4_aA_m0,0,30,A,4,10,1.4342494766088998,0.2432458111097846,1.077002893246764,1.0,1.0,,,
R4_aA_m0,0,30,B,0,10,2.360086670416519,0.46998021037678084,7.215806343074846,0.7,1.0,,,
R4_aA_m0,0,30,B,1,10,5.668814326768348,1.0674622637444817,10.48781791842973,0.6,0.8,,,
R4_aA_m0,0,30,B,2,10,4.931711829850344,0.9815413056459724,10.07483242200919,0.7,0.7,,,
R4_aA_m0,0,30,B,3,10,8.515523484580271,1.5789654204153427,25.891400959042066,0.2,0.4,,,
R4_aA_m0,0,30,B,4,10,1.433365278836312,0.26087241328312166,5.77179380170191,0.7,1.0,,,
R4_aA_m0,0,30,C,0,10,0.522223877908143,0.17458600623236237,2.35353340208032,1.0,1.0,0.0,0.07450222132681215,0.07450222132681215
R4_aA_m0,0,30,C,1,10,1.0353464008477953,0.13274682607113994,1.720578881505378,1.0,1.0,0.0,0.32503849726751827,0.32503849726751827
R4_aA_m0,0,30,C,2,10,1.4895495016291305,0.30977750266142895,1.254434552596745,1.0,1.0,0.0,0.21605280022861678,0.21605280022861678
R4_aA_m0,0,30,C,3,10,2.654452090867821,0.4486446678622896,3.8892575939300533,0.8,1.0,0.0,0.6911448638741816,0.6911448638741816
R4_aA_m0,0,30,C,4,10,0.3544163128127962,0.12908701671215284,1.4616072628685821,1.0,1.0,0.0,0.072491138788538,0.072491138788538
R4_aA_m0,0,30,D,0,10,4.502325962810163,0.9259294977976726,15.17944781354887,0.4,0.6,0.1,1.3747348700312494,0.6771847724406934
R4_aA_m0,0,30,D,1,10,3.3838212013874025,0.728339488082018,9.466120679525108,0.7,0.8,0.26666666666666666,4.2718439057113,1.6242596484296912
R4_aA_m0,0,30,D,2,10,3.8434468065372123,0.7885247878291847,9.996557691524526,0.6,0.6,0.13333333333333333,2.8689905663276534,1.4151702220244569
R4_aA_m0,0,30,D,3,10,5.850898438353945,1.2388945074700946,20.60685005366698,0.5,0.6,0.3,6.066933608583049,1.8514853968938447
R4_aA_m0,0,30,D,4,10,5.104628687966518,0.9505535983993888,22.0009419143686,0.4,0.5,0.03333333333333333,1.3040556648328054,1.1377881229670066
R4_aA_m0,0,30,G1,0,10,3.77413166456911,0.7173033894247587,5.89470432729096,0.6,0.8,0.2,2.220279993423097,0.8454806356570668
R4_aA_m0,0,30,G1,1,10,4.93137330302125,0.9166616402925679,3.7881941645173898,0.9,1.0,0.4,7.56346242949319,0.5153922977036963
R4_aA_m0,0,30,G1,2,10,4.304287712613994,0.7980209735206352,3.213656843373136,0.9,0.8,0.3,5.7992897469331215,1.3269368003036595
R4_aA_m0,0,30,G1,3,10,7.26065140843933,1.4278054749258895,8.562979166162135,0.6,0.4,0.4,9.681267794401618,1.7328028217194769
R4_aA_m0,0,30,G1,4,10,5.9801067963900865,1.1090679714097662,9.670324939048935,0.7,0.7,0.1,2.6897084195429146,2.089931251515495
R4_aA_m0,0,30,G2,0,10,5.507225831478619,1.2484561202211812,11.141684294034679,0.4,0.6,0.15,1.942256839194092,1.1297836122121978
R4_aA_m0,0,30,G2,1,10,4.768353778508094,0.9246079079899304,6.908568186079992,0.8,0.8,0.4,5.591606975631996,0.3393773538950498
R4_aA_m0,0,30,G2,2,10,4.3243236621398715,0.9328478334470511,7.773643899638522,0.7,0.7,0.2,3.921276959551925,1.7380142763808792
R4_aA_m0,0,30,G2,3,10,6.118109317051501,1.275941491546737,14.540029540560468,0.6,0.5,0.35,7.851891360794916,1.727337636890334
R4_aA_m0,0,30,G2,4,10,5.9476681441495005,1.2090091385225237,18.518773869812268,0.5,0.5,0.05,1.709236243054096,1.5781777571710207
R4_aA_m0,1,10,A,0,10,1.040682557992091,0.18626960030506653,0.8714157200222674,1.0,1.0,,,
R4_aA_m0,1,10,A,1,10,3.387351348030928,0.5778143711332344,1.2461466390055675,1.0,1.0,,,
R4_aA_m0,1,10,A,2,10,3.225078223817577,0.6344596019969412,1.603035819238995,1.0,1.0,,,
R4_aA_m0,1,10,A,3,10,6.651328481403655,1.2350101266429936,2.7165741531290735,1.0,1.0,,,
R4_aA_m0,1,10,A,4,10,1.653485388028343,0.20093231922918722,1.931455594000186,1.0,1.0,,,
R4_aA_m0,1,10,B,0,10,1.2815888273246392,0.2247874393107051,4.33110357055651,0.8,1.0,,,
R4_aA_m0,1,10,B,1,10,4.601756601662288,0.8249054880078371,8.00465990306828,0.7,0.9,,,
R4_aA_m0,1,10,B,2,10,4.73860669094252,0.9187415552269854,9.243121830355253,0.7,0.7,,,
R4_aA_m0,1,10,B,3,10,7.4351004515730645,1.3835176523013162,18.43030128175253,0.5,0.5,,,
R4_aA_m0,1,10,B,4,10,1.5901882089529522,0.20185354716261766,6.504888202382088,0.7,1.0,,,
R4_aA_m0,1,10,C,0,10,1.5546119260369755,0.42323088421321137,1.7432649702695173,1.0,1.0,0.0,0.2683094234217511,0.2683094234217511
R4_aA_m0,1,10,C,1,10,2.104389095170442,0.4312087434215333,1.2811184389174446,1.0,1.0,0.0,0.452837892665372,0.452837892665372
R4_aA_m0,1,10,C,2,10,2.7935148209083103,0.5398711004895531,2.2119938897352136,1.0,1.0,0.0,0.4113480174819323,0.4113480174819323
R4_aA_m0,1,10,C,3,10,3.6710984191161833,0.6958844184913066,4.3720237963370945,0.9,0.9,0.0,0.6603056558803366,0.6603056558803366
R4_aA_m0,1,10,C,4,10,1.0278816800986208,0.14279422552237395,2.0731889504016174,1.0,1.0,0.0,0.46826810748349806,0.46826810748349806
R4_aA_m0,1,10,D,0,10,5.693502768125964,1.355977825091404,16.79879534831111,0.5,0.5,0.0,1.032668202549602,1.032668202549602
R4_aA_m0,1,10,D,1,10,3.626704930666887,0.7391903256242398,8.984061556547474,0.6,0.8,0.16666666666666666,3.9622776391484003,1.289795315196473
R4_aA_m0,1,10,D,2,10,3.216380077122928,0.6847456094713631,7.839442386616315,0.7,0.8,0.13333333333333333,2.3091751619318677,1.2071445870995654
R4_aA_m0,1,10,D,3,10,3.8829649868033838,0.7265810780665573,11.360001663321547,0.6,0.8,0.06666666666666667,1.9767008350457473,1.644237061383306
R4_aA_m0,1,10,D,4,10,3.802129271322316,0.7545311914648244,12.614546698110734,0.5,0.7,0.03333333333333333,1.1468076814563282,0.8764131662296227
R4_aA_m0,1,10,G1,0,10,4.336735598157107,0.9095414392780746,4.50373242854433,0.8,0.8,0.0,1.8578260485722633,1.8578260485722633
R4_aA_m0,1,10,G1,1,10,4.648283860109198,0.9087370538115582,3.322939796542985,1.0,1.0,0.2,4.683513901576926,1.433541161022832
R4_aA_m0,1,10,G1,2,10,3.779507049681742,0.8207912340986998,2.6961954216932673,1.0,0.9,0.2,3.843444030373784,1.688808867163967
R4_aA_m0,1,10,G1,3,10,5.050804173242415,0.9562008617382638,4.715741971108658,0.8,0.8,0.2,3.6125962393192355,2.7039803811251306
R4_aA_m0,1,10,G1,4,10,4.140173461829368,0.7924920138993728,5.636893788949196,0.7,0.9,0.1,2.446167246449372,1.4989656257784716
R4_aA_m0,1,10,G2,0,10,4.865817191347361,1.0784735063542172,8.831696099010511,0.7,0.5,0.0,1.1689706971259284,1.1689706971259284
R4_aA_m0,1,10,G2,1,10,4.149746555503299,0.8618041753334922,6.857840646442374,0.6,0.7,0.2,3.8371982040440527,1.70757230114077
R4_aA_m0,1,10,G2,2,10,3.845274141435185,0.8433597341640704,5.729312721330012,0.7,0.8,0.2,2.9204385113516884,0.9216554481844884
R4_aA_m0,1,10,G2,3,10,4.248238867186461,0.785471122959902,7.832000293273316,0.7,0.8,0.1,2.5887671455991983,2.304661958625349
R4_aA_m0,1,10,G2,4,10,4.380764377594115,0.8700796955533485,9.372163707150673,0.6,0.7,0.05,1.602380113154388,1.3366843786494205
R4_aA_m0,1,30,A,0,10,1.040682557992091,0.18626960030506653,0.8714157200222674,1.0,1.0,,,
R4_aA_m0,1,30,A,1,10,3.387351348030928,0.5778143711332344,1.2461466390055675,1.0,1.0,,,
R4_aA_m0,1,30,A,2,10,3.225078223817577,0.6344596019969412,1.603035819238995,1.0,1.0,,,
R4_aA_m0,1,30,A,3,10,6.651328481403655,1.2350101266429936,2.7165741531290735,1.0,1.0,,,
R4_aA_m0,1,30,A,4,10,1.653485388028343,0.20093231922918722,1.931455594000186,1.0,1.0,,,
R4_aA_m0,1,30,B,0,10,1.2986691381920568,0.24638758712950834,5.411400005807072,0.7,1.0,,,
R4_aA_m0,1,30,B,1,10,4.99298540459229,0.9584677288180142,9.035316635586975,0.7,0.9,,,
R4_aA_m0,1,30,B,2,10,4.919832381473811,0.9817208675721634,11.276064870604666,0.7,0.7,,,
R4_aA_m0,1,30,B,3,10,7.444909643172784,1.3668320065387907,19.037196703578907,0.4,0.4,,,
R4_aA_m0,1,30,B,4,10,1.613255609514849,0.20568624206685793,6.776803049995524,0.7,1.0,,,
R4_aA_m0,1,30,C,0,10,0.4915995623432953,0.13399739056664467,1.4094091789300311,1.0,1.0,0.0,0.05570774749006463,0.05570774749006463
R4_aA_m0,1,30,C,1,10,0.7920783436863017,0.13118267277908352,0.9834578016997575,1.0,1.0,0.0,0.2891113421728131,0.2891113421728131
R4_aA_m0,1,30,C,2,10,1.589603673784174,0.3015923217958309,1.271269011758395,1.0,1.0,0.0,0.29664727663690466,0.29664727663690466
R4_aA_m0,1,30,C,3,10,2.528068397487018,0.395447184925883,3.1315946071334553,0.9,1.0,0.0,0.595152859624519,0.595152859624519
R4_aA_m0,1,30,C,4,10,0.47351859277711283,0.1150601414373478,2.170409232523876,1.0,1.0,0.0,0.0749717210137951,0.0749717210137951
R4_aA_m0,1,30,D,0,10,4.490265403539532,0.9701542938055381,15.764928815814452,0.3,0.5,0.06666666666666667,1.33778250642595,0.9052309210494318
R4_aA_m0,1,30,D,1,10,3.5261756756059595,0.7830758387015703,9.168441602896385,0.7,0.7,0.16666666666666666,2.9283331895840616,1.3702990463079572
R4_aA_m0,1,30,D,2,10,3.882783583886947,0.8534561695169098,10.977766054437618,0.6,0.6,0.2333333333333333,4.4112986340267915,1.7449528111830168
R4_aA_m0,1,30,D,3,10,4.953363026906121,1.0921806429436043,15.713621422046526,0.4,0.7,0.29999999999999993,4.779919413320328,2.112625572807866
R4_aA_m0,1,30,D,4,10,3.831850641861864,0.8183749335690167,14.258638204156213,0.4,0.6,0.1,1.4810367393830046,0.7156917358299218
R4_aA_m0,1,30,G1,0,10,3.2047299397641122,0.6178222314426511,4.4469741659394,0.9,0.8,0.2,2.7821530656274494,1.2052876842365434
R4_aA_m0,1,30,G1,1,10,4.521698485030405,0.8655917309317844,3.2871600126940286,1.0,1.0,0.3,5.333851862300833,0.6217009102422655
R4_aA_m0,1,30,G1,2,10,4.594677077204926,0.9507660309148929,3.896748033008136,0.9,0.8,0.4,8.3616660287753,1.291648214088667
R4_aA_m0,1,30,G1,3,10,6.603147526079902,1.2807397707340693,6.206124462229385,0.6,0.7,0.5,7.826099122799621,1.0637725534369955
R4_aA_m0,1,30,G1,4,10,3.673924964386864,0.6696627036302732,5.694620925008392,0.6,0.8,0.2,2.423050922039103,1.1199717805280232
R4_aA_m0,1,30,G2,0,10,5.133258178110955,1.1542144890023154,12.251099921199096,0.5,0.5,0.1,1.8337985652613553,1.343258158508305
R4_aA_m0,1,30,G2,1,10,3.828737012310185,0.8116194736466072,6.009200974184069,0.7,0.7,0.25,3.841590244460408,0.9901768181216664
R4_aA_m0,1,30,G2,2,10,4.015708913074066,0.8770131565437017,7.225780458135065,0.7,0.7,0.35,5.922520694029755,1.3658538527768205
R4_aA_m0,1,30,G2,3,10,5.7091327618238745,1.1362091653020951,10.940378223614477,0.5,0.7,0.45,6.224083471230766,1.0451468102268866
R4_aA_m0,1,30,G2,4,10,4.390780528476294,1.022109876079628,11.675394607228753,0.5,0.6,0.15,2.0795893921317443,1.1262729883246445
R4_aA_m0,2,10,A,0,10,0.9061060251849767,0.13559828326702839,0.9703379283593068,1.0,1.0,,,
R4_aA_m0,2,10,A,1,10,3.4133498300581624,0.5722964819063878,1.1991688750255138,1.0,1.0,,,
R4_aA_m0,2,10,A,2,10,2.494942806046249,0.4566883293466217,1.1460616325175759,1.0,1.0,,,
R4_aA_m0,2,10,A,3,10,6.145730836278473,1.1550335836654566,2.148119137792144,1.0,1.0,,,
R4_aA_m0,2,10,A,4,10,1.763717062674035,0.25481038079156687,2.749894861559091,1.0,1.0,,,
R4_aA_m0,2,10,B,0,10,1.4824949724602394,0.2669686237120314,4.890745067761224,0.8,1.0,,,
R4_aA_m0,2,10,B,1,10,3.126888628011151,0.48714194281862305,5.972730313017204,0.6,1.0,,,
R4_aA_m0,2,10,B,2,10,3.6142404953233944,0.6035903132988023,6.259781476406612,0.8,0.8,,,
R4_aA_m0,2,10,B,3,10,5.766392402276036,0.9624021583872019,12.494481949170186,0.4,0.7,,,
R4_aA_m0,2,10,B,4,10,2.685390514317298,0.5215748533423277,7.330267330386727,0.6,1.0,,,
R4_aA_m0,2,10,C,0,10,1.7673242944976366,0.4292815598967353,1.8083626372792174,1.0,1.0,0.0,0.36768374118805236,0.36768374118805236
R4_aA_m0,2,10,C,1,10,1.464522189471309,0.36738440559319857,1.2218136631587009,1.0,1.0,0.0,0.3741120762655949,0.3741120762655949
R4_aA_m0,2,10,C,2,10,1.3366607935154806,0.24948673925541803,1.735359884663449,1.0,1.0,0.0,0.46384750517160966,0.46384750517160966
R4_aA_m0,2,10,C,3,10,2.302102226337469,0.4369225727758284,2.7265028253628305,0.9,1.0,0.03333333333333333,1.1007466715735383,0.7489129530994847
R4_aA_m0,2,10,C,4,10,1.6988102583345874,0.27623866885104703,2.3222142076323102,1.0,1.0,0.0,0.345315085778647,0.345315085778647
R4_aA_m0,2,10,D,0,10,3.44291994129875,0.7183702922039815,8.851778909050498,0.6,0.7,0.06666666666666667,1.2655649930023012,0.9352836470578845
R4_aA_m0,2,10,D,1,10,3.3011992746246945,0.7911151189549389,8.246852426290285,0.5,0.8,0.13333333333333333,1.76816174804901,0.565769020528156
R4_aA_m0,2,10,D,2,10,2.4013037817386036,0.3953639251439285,5.576555025949857,0.8,0.8,0.06666666666666667,1.9653104461930617,1.1565079999127104
R4_aA_m0,2,10,D,3,10,2.2894800765189647,0.37811468552077365,7.456891358624057,0.6,1.0,0.1,2.934537459940234,1.6400710758633068
R4_aA_m0,2,10,D,4,10,3.860291134729061,0.7046778478312234,12.647227301524499,0.4,0.6,0.0,0.7989243174606562,0.7989243174606562
R4_aA_m0,2,10,G1,0,10,3.1474975200520894,0.6382038656838697,3.5477941750760413,0.9,0.9,0.1,2.0956400075887807,1.5591393020658955
R4_aA_m0,2,10,G1,1,10,3.7528298593904323,0.6938970336420351,2.4240636482701645,1.0,1.0,0.2,2.8753492610983145,0.8763848500453882
R4_aA_m0,2,10,G1,2,10,2.409639523442065,0.4257476274729386,2.0155302276510683,1.0,1.0,0.1,2.957093727890806,1.5005410290914942
R4_aA_m0,2,10,G1,3,10,4.501880036455286,0.7659616731743022,4.250736549213191,0.9,0.9,0.2,4.556961181135089,1.6644146262830908
R4_aA_m0,2,10,G1,4,10,4.47056445401908,0.864248666812311,6.142312929839022,0.7,0.7,0.0,1.276576087037966,1.276576087037966
R4_aA_m0,2,10,G2,0,10,3.4724648368990576,0.6878307884709325,6.0301020648169965,0.8,0.7,0.1,1.5796193898973832,0.9258639239171212
R4_aA_m0,2,10,G2,1,10,4.028529668066539,0.875379179425212,5.405903240904392,0.8,0.9,0.15,2.2037854047673435,0.8526694215860162
R4_aA_m0,2,10,G2,2,10,2.3273723930376526,0.41138678639457593,4.386628710506143,0.8,0.8,0.1,2.6868856306617652,1.611996888414128
R4_aA_m0,2,10,G2,3,10,2.7428720370220065,0.4571960396439281,5.759040830698326,0.8,1.0,0.15,4.048717806654113,2.3554088173715817
R4_aA_m0,2,10,G2,4,10,4.207094410995231,0.7971227992582389,10.215232587254576,0.4,0.6,0.0,1.0125030306033467,1.0125030306033467
R4_aA_m0,2,30,A,0,10,0.9061060251849767,0.13559828326702839,0.9703379283593068,1.0,1.0,,,
R4_aA_m0,2,30,A,1,10,3.4133498300581624,0.5722964819063878,1.1991688750255138,1.0,1.0,,,
R4_aA_m0,2,30,A,2,10,2.494942806046249,0.4566883293466217,1.1460616325175759,1.0,1.0,,,
R4_aA_m0,2,30,A,3,10,6.145730836278473,1.1550335836654566,2.148119137792144,1.0,1.0,,,
R4_aA_m0,2,30,A,4,10,1.763717062674035,0.25481038079156687,2.749894861559091,1.0,1.0,,,
R4_aA_m0,2,30,B,0,10,1.7767362679335408,0.34288292690100347,5.669980797474301,0.7,1.0,,,
R4_aA_m0,2,30,B,1,10,3.7726155806076456,0.6462500020689018,5.628220912059925,0.6,1.0,,,
R4_aA_m0,2,30,B,2,10,3.6943442546459098,0.6586381095893125,7.905003929498098,0.7,0.8,,,
R4_aA_m0,2,30,B,3,10,5.9215875834683365,1.032578757173788,13.989843614326622,0.4,0.6,,,
R4_aA_m0,2,30,B,4,10,1.7360200407343567,0.24076261380964237,7.362529357873508,0.6,1.0,,,
R4_aA_m0,2,30,C,0,10,0.45788755458248165,0.16778419468964967,1.5545249283024332,1.0,1.0,0.0,0.10186913062398022,0.10186913062398022
R4_aA_m0,2,30,C,1,10,0.5466690851330528,0.15160529472539172,1.1309351127139229,1.0,1.0,0.0,0.11476562526919645,0.11476562526919645
R4_aA_m0,2,30,C,2,10,1.082005888320877,0.1883483898035802,1.1250027904178546,1.0,1.0,0.0,0.12490552097644443,0.12490552097644443
R4_aA_m0,2,30,C,3,10,1.9847358150536123,0.32205036534627274,2.3347718041058743,1.0,1.0,0.0,0.46122216284241946,0.46122216284241946
R4_aA_m0,2,30,C,4,10,0.7327603566054709,0.17183391108861784,2.6317636071307033,1.0,1.0,0.0,0.11961946814940165,0.11961946814940165
R4_aA_m0,2,30,D,0,10,3.9923167213594146,0.8719620314659813,12.387256337217114,0.4,0.6,0.1,1.6872435759914137,0.8866338583314006
R4_aA_m0,2,30,D,1,10,4.071204812576561,1.0464347288529088,15.78934639414447,0.5,0.7,0.16666666666666666,3.413576862172249,1.3888479768684852
R4_aA_m0,2,30,D,2,10,2.4188989590830094,0.49123441550183067,7.209202602139966,0.6,0.8,0.16666666666666666,3.469607181847971,1.3692915389332088
R4_aA_m0,2,30,D,3,10,3.3153765666644364,0.6757055688984478,11.293678560488583,0.6,0.7,0.26666666666666666,4.430544688227803,2.032084527566112
R4_aA_m0,2,30,D,4,10,3.591124129643074,0.7704189540031579,12.67512735213126,0.4,0.6,0.13333333333333333,1.8784168444402667,0.7330772438298144
R4_aA_m0,2,30,G1,0,10,3.503691010810341,0.6404730833557103,4.840303054219544,0.8,0.8,0.2,3.3060479044099567,1.452876922222937
R4_aA_m0,2,30,G1,1,10,3.8296525912147117,0.6924124305267534,2.8060371692390316,1.0,0.9,0.3,3.86903522929272,0.6472091125383976
R4_aA_m0,2,30,G1,2,10,3.0729511389556534,0.5588320316751616,2.946247305993095,1.0,1.0,0.3,6.050097711596913,1.4653093688661316
R4_aA_m0,2,30,G1,3,10,5.308883164718149,0.9989565059428761,5.885571013296543,0.7,0.6,0.5,7.978270034371361,0.9882699352315122
R4_aA_m0,2,30,G1,4,10,3.7121362650606504,0.6970920970934128,6.9404745990476595,0.6,0.8,0.2,2.937593897915368,0.8815362297388591
R4_aA_m0,2,30,G2,0,10,4.493391877713683,1.0098517383075416,9.746376296036226,0.5,0.6,0.15,2.3277475428888406,1.1967778550090313
R4_aA_m0,2,30,G2,1,10,4.37243281473386,0.9877677593715128,7.760127982420239,0.7,0.7,0.2,2.996999353399145,1.5156197328954322
R4_aA_m0,2,30,G2,2,10,2.3317192605247143,0.4796996732089057,4.8713540672283395,0.7,0.9,0.25,4.73765692953438,1.3958325552118034
R4_aA_m0,2,30,G2,3,10,3.9997318259889636,0.8417469153680471,8.443480870921336,0.6,0.7,0.4,5.900875153185188,1.7636935933079962
R4_aA_m0,2,30,G2,4,10,3.410483816083209,0.612618869309295,9.75976653092582,0.5,0.7,0.2,2.5326599770304434,0.5683082503033352
R4_aB_m0,0,10,A,0,10,0.8357020630852002,0.1849627039010937,0.8103994037104663,1.0,1.0,,,
R4_aB_m0,0,10,A,1,10,3.5226360214815364,0.5774094485727849,1.4077611164764594,1.0,1.0,,,
R4_aB_m0,0,10,A,2,10,2.849375191473341,0.48001590354257,1.5264435719654696,1.0,1.0,,,
R4_aB_m0,0,10,A,3,10,5.92639007749643,1.1148967449399299,2.170107325361042,1.0,1.0,,,
R4_aB_m0,0,10,A,4,10,1.8406214170619979,0.2619721934246833,1.4948748343946199,1.0,1.0,,,
R4_aB_m0,0,10,B,0,10,1.7857635739503002,0.36473710517923075,5.788629127900697,0.7,1.0,,,
R4_aB_m0,0,10,B,1,10,4.45695839931337,0.8921081359536719,14.479763272550892,0.5,0.7,,,
R4_aB_m0,0,10,B,2,10,3.5617191682253475,0.8150818698882613,13.290268354055286,0.6,0.6,,,
R4_aB_m0,0,10,B,3,10,5.174252766827867,1.0943401071626404,25.216253515140057,0.4,0.6,,,
R4_aB_m0,0,10,B,4,10,2.020473072397183,0.2986030852613678,6.322289508894916,0.7,1.0,,,
R4_aB_m0,0,10,C,0,10,1.6307115081847956,0.3359553860053723,2.3150329826553984,1.0,0.9,0.0,0.10206960061327566,0.10206960061327566
R4_aB_m0,0,10,C,1,10,2.2935334625927557,0.4373824348655467,1439.663989819212,0.9,0.9,0.0,0.1562481849446947,0.1562481849446947
R4_aB_m0,0,10,C,2,10,1.9326386249599337,0.4331079712279666,45314.360719574885,0.9,0.9,0.0,0.21451743994277278,0.21451743994277278
R4_aB_m0,0,10,C,3,10,2.733458950087878,0.5899854434292698,5.954759212585806,0.7,1.0,0.0,0.25409651592202553,0.25409651592202553
R4_aB_m0,0,10,C,4,10,1.5481613957522526,0.24524683541713158,2.010649453753685,1.0,1.0,0.0,0.1653471225486351,0.1653471225486351
R4_aB_m0,0,10,D,0,10,2.442974298396383,0.5169243966303015,10.008083534119411,0.7,0.8,0.06666666666666667,0.9989699433734289,0.7383163482915387
R4_aB_m0,0,10,D,1,10,4.2264474809614825,0.8040209427465029,1504.9860514247189,0.6,0.6,0.0,0.6062750333407172,0.6062750333407172
R4_aB_m0,0,10,D,2,10,3.6615419501034943,0.7732034341768321,44919.13054964897,0.6,0.6,0.03333333333333333,0.6374573634163584,0.481431266135226
R4_aB_m0,0,10,D,3,10,4.37246629398435,0.9608607755674811,25.92158494135299,0.5,0.6,0.06666666666666667,1.0755609507516781,0.5905215927905534
R4_aB_m0,0,10,D,4,10,2.083492228027444,0.4736632699459853,10.738732055017108,0.7,0.8,0.06666666666666667,1.0986748772429256,0.6650786731547342
R4_aB_m0,0,10,G1,0,10,2.8735613856139888,0.6410733260295033,3.1476425206689886,0.9,0.9,0.0,0.8912544987905612,0.8912544987905612
R4_aB_m0,0,10,G1,1,10,4.068968758530327,0.8148173029979149,718.7475194842016,0.7,0.7,0.0,0.5798986368861913,0.5798986368861913
R4_aB_m0,0,10,G1,2,10,3.283170890168113,0.7219405899877348,20292.13585019536,0.8,0.7,0.0,0.1807813232930468,0.1807813232930468
R4_aB_m0,0,10,G1,3,10,5.057115457249476,1.0753011505187715,9.45881610476015,0.6,0.7,0.0,0.5688706921551628,0.5688706921551628
R4_aB_m0,0,10,G1,4,10,2.66614318964836,0.65988976137872,3.9096050407980174,0.9,0.9,0.0,0.7722969571424149,0.7722969571424149
R4_aB_m0,0,10,G2,0,10,2.4049407566759524,0.5158748967434418,7.220711489411808,0.7,0.9,0.05,0.8546111766026735,0.7395365102585768
R4_aB_m0,0,10,G2,1,10,4.211698383834974,0.8373365772027556,1212.0961584643146,0.6,0.6,0.0,0.6098283025360942,0.6098283025360942
R4_aB_m0,0,10,G2,2,10,3.5897507327688625,0.7606035878539822,37991.90581617005,0.6,0.6,0.0,0.42867364687004283,0.42867364687004283
R4_aB_m0,0,10,G2,3,10,4.63500826828416,1.0035591353547808,18.26151620774825,0.6,0.6,0.05,0.9645300351726996,0.6575754733937617
R4_aB_m0,0,10,G2,4,10,2.012889850712709,0.48109219539969933,7.9846938204660916,0.8,0.8,0.05,0.8532168664077627,0.6523171426854721
R4_aB_m0,0,30,A,0,10,0.8357020630852002,0.1849627039010937,0.8103994037104663,1.0,1.0,,,
R4_aB_m0,0,30,A,1,10,3.5226360214815364,0.5774094485727849,1.4077611164764594,1.0,1.0,,,
R4_aB_m0,0,30,A,2,10,2.849375191473341,0.48001590354257,1.5264435719654696,1.0,1.0,,,
R4_aB_m0,0,30,A,3,10,5.92639007749643,1.1148967449399299,2.170107325361042,1.0,1.0,,,
R4_aB_m0,0,30,A,4,10,1.8406214170619979,0.2619721934246833,1.4948748343946199,1.0,1.0,,,
R4_aB_m0,0,30,B,0,10,1.7857635739503002,0.36473710517923075,5.788629127900697,0.7,1.0,,,
R4_aB_m0,0,30,B,1,10,4.58270951738883,0.9364737562835926,15.658183565735115,0.5,0.6,,,
R4_aB_m0,0,30,B,2,10,3.5617191682253475,0.8150818698882613,13.290268354055286,0.6,0.6,,,
R4_aB_m0,0,30,B,3,10,5.174252766827867,1.0943401071626404,25.216253515140057,0.4,0.6,,,
R4_aB_m0,0,30,B,4,10,2.020473072397183,0.2986030852613678,6.322289508894916,0.7,1.0,,,
R4_aB_m0,0,30,C,0,10,1.1276649999646875,0.1716743625361851,1.6885543164846353,1.0,1.0,0.0,0.045255979973051,0.045255979973051
R4_aB_m0,0,30,C,1,10,2.0236525427096685,0.33795336050699765,1432.392139705528,0.9,0.9,0.0,0.2725579970330043,0.2725579970330043
R4_aB_m0,0,30,C,2,10,1.7387316413262555,0.35769257961916495,42347.16726615482,0.9,0.9,0.0,0.12945242474893243,0.12945242474893243
R4_aB_m0,0,30,C,3,10,2.5528538218408485,0.5471042096726502,5.150982347610319,0.8,1.0,0.0,0.21378285406912229,0.21378285406912229
R4_aB_m0,0,30,C,4,10,1.2875514805005792,0.14685924487137547,1.9646362291790738,1.0,1.0,0.0,0.06197268509951046,0.06197268509951046
R4_aB_m0,0,30,D,0,10,2.6640561481638216,0.5407971026749968,11.24924628616555,0.7,0.8,0.06666666666666667,1.0679337974324925,0.7288422122936727
R4_aB_m0,0,30,D,1,10,4.1150757605705435,0.8007450378920413,1493.0566203864778,0.6,0.6,0.03333333333333333,0.7804152801995967,0.6262337927550388
R4_aB_m0,0,30,D,2,10,3.7489742869251668,0.749088795317724,44332.232412834,0.6,0.6,0.03333333333333333,0.6314805328770248,0.4990565161394083
R4_aB_m0,0,30,D,3,10,4.503514186941993,0.9574798594250379,26.774399779355385,0.5,0.7,0.03333333333333333,1.0045907143720343,0.8867499942877011
R4_aB_m0,0,30,D,4,10,2.0331963137914975,0.48160937030866874,10.286131005508132,0.7,0.8,0.06666666666666667,1.2186254397909022,0.7510794145132497
R4_aB_m0,0,30,G1,0,10,2.9538682265437197,0.6466177031791654,3.283342830399426,0.9,0.9,0.0,0.7656989011846863,0.7656989011846863
R4_aB_m0,0,30,G1,1,10,3.962491235992806,0.7870831211208417,720.2359338290917,0.7,0.7,0.0,0.6805779248254776,0.6805779248254776
R4_aB_m0,0,30,G1,2,10,3.391789844583634,0.719088742963166,20335.00190659203,0.8,0.7,0.0,0.3126301619478761,0.3126301619478761
R4_aB_m0,0,30,G1,3,10,4.828854939241113,1.0073635265189176,9.220708841957789,0.6,0.7,0.0,0.6511460740355859,0.6511460740355859
R4_aB_m0,0,30,G1,4,10,2.3709141882519993,0.6080614565844172,3.6291170875334315,0.9,0.9,0.0,0.9845758794610923,0.9845758794610923
R4_aB_m0,0,30,G2,0,10,2.6957379328223614,0.5787715534782735,8.12684162706532,0.7,0.8,0.05,0.9501605150518241,0.7264475885723297
R4_aB_m0,0,30,G2,1,10,4.109251895434845,0.798979603031613,1209.884682362244,0.6,0.6,0.0,0.7135208156695962,0.7135208156695962
R4_aB_m0,0,30,G2,2,10,3.730058923366221,0.7488123764647092,38033.70327753042,0.6,0.6,0.0,0.5099308886947235,0.5099308886947235
R4_aB_m0,0,30,G2,3,10,4.7275572591630795,0.977300532908835,18.946870251014516,0.6,0.6,0.0,0.9319361984202905,0.9319361984202905
R4_aB_m0,0,30,G2,4,10,1.9928333391105488,0.5022625197933795,7.47250508412777,0.8,0.8,0.05,1.07962990768003,0.830090564907058
R4_aB_m0,1,10,A,0,10,1.1478418195800946,0.1825432670253946,1.1903189308086053,1.0,1.0,,,
R4_aB_m0,1,10,A,1,10,3.4602394817477844,0.5537945933947568,1.4471471680459194,1.0,1.0,,,
R4_aB_m0,1,10,A,2,10,2.681113438900399,0.48674824945902995,1.372315524891783,1.0,1.0,,,
R4_aB_m0,1,10,A,3,10,5.900525852763286,1.0699744051756266,2.78915027492694,1.0,1.0,,,
R4_aB_m0,1,10,A,4,10,1.169476377030871,0.2258464149872194,1.0511045983219218,1.0,1.0,,,
R4_aB_m0,1,10,B,0,10,2.565819927266034,0.45098856610144344,7.239291515891947,0.7,0.9,,,
R4_aB_m0,1,10,B,1,10,3.954302648817581,0.8829317681056146,14.669556166213516,0.6,0.7,,,
R4_aB_m0,1,10,B,2,10,3.515147780336448,0.8002282961334649,13.519880479872421,0.6,0.6,,,
R4_aB_m0,1,10,B,3,10,4.949667469719049,0.9931454024659667,24.17174972193192,0.3,0.6,,,
R4_aB_m0,1,10,B,4,10,1.535167170460563,0.28626237489186973,5.973720069159363,0.7,1.0,,,
R4_aB_m0,1,10,C,0,10,1.7565726631966934,0.2572620018687239,2.174716809147272,1.0,0.9,0.0,0.23769169110811555,0.23769169110811555
R4_aB_m0,1,10,C,1,10,2.2273695611638398,0.3990374441021771,2789.0518529995416,0.9,0.9,0.0,0.13866573476319735,0.13866573476319735
R4_aB_m0,1,10,C,2,10,1.5408631325495343,0.35903507872671653,52787.002103636216,0.9,0.9,0.0,0.18629089379807603,0.18629089379807603
R4_aB_m0,1,10,C,3,10,2.64928084093749,0.5755273428528975,6.698199657590254,0.5,0.9,0.0,0.2409308070822252,0.2409308070822252
R4_aB_m0,1,10,C,4,10,1.4332338449225326,0.22779034665875528,1.770115775268581,1.0,0.9,0.0,0.12407046277797229,0.12407046277797229
R4_aB_m0,1,10,D,0,10,2.8611359537512997,0.5220643613794859,12.655260742044515,0.6,0.7,0.03333333333333333,0.563375504341279,0.42988350734229197
R4_aB_m0,1,10,D,1,10,4.192003587774116,0.8460489978888543,2419.6483711981423,0.5,0.6,0.0,0.7230603878695154,0.7230603878695154
R4_aB_m0,1,10,D,2,10,3.6397605829434774,0.7377347599468104,54606.78737751573,0.6,0.6,0.0,0.8053305346919718,0.8053305346919718
R4_aB_m0,1,10,D,3,10,4.604475337487281,0.9735558789510557,28.750869912421763,0.4,0.5,0.0,0.967328594092215,0.967328594092215
R4_aB_m0,1,10,D,4,10,2.572203982574607,0.5191339208611179,11.516567917378618,0.7,0.8,0.03333333333333333,0.9614823309821388,0.7664853063037056
R4_aB_m0,1,10,G1,0,10,2.9709631484193544,0.5770821762017024,3.696721363241214,0.9,0.9,0.0,0.3313724770398741,0.3313724770398741
R4_aB_m0,1,10,G1,1,10,3.9498478016223144,0.8520021055359492,298.4614676804577,0.7,0.8,0.0,0.7048759380242273,0.7048759380242273
R4_aB_m0,1,10,G1,2,10,3.5100558049847526,0.7732110578235563,18544.35969179807,0.8,0.8,0.0,0.5367734914912692,0.5367734914912692
R4_aB_m0,1,10,G1,3,10,4.890552342516196,1.0228729478554608,11.153676204532825,0.5,0.5,0.0,0.6089306740402074,0.6089306740402074
R4_aB_m0,1,10,G1,4,10,2.487543952910139,0.5768182874800695,3.3563760275703274,0.9,0.9,0.0,0.6499516409012915,0.6499516409012915
R4_aB_m0,1,10,G2,0,10,2.832738810664605,0.5073426526539,9.495364454429119,0.7,0.7,0.0,0.4512286547573042,0.4512286547573042
R4_aB_m0,1,10,G2,1,10,4.0999525406175135,0.8524451698630924,2017.2561807745617,0.5,0.6,0.0,0.7441530583513633,0.7441530583513633
R4_aB_m0,1,10,G2,2,10,3.6141854822384394,0.7608916208267117,48143.57359912186,0.6,0.6,0.0,0.8132286923389381,0.8132286923389381
R4_aB_m0,1,10,G2,3,10,4.688210325681842,0.9999802507439542,20.172732342727937,0.4,0.5,0.0,0.8848588104787343,0.8848588104787343
R4_aB_m0,1,10,G2,4,10,2.588175478737353,0.544145498869135,8.237055879498099,0.8,0.8,0.0,0.8470412431548592,0.8470412431548592
R4_aB_m0,1,30,A,0,10,1.1478418195800946,0.1825432670253946,1.1903189308086053,1.0,1.0,,,
R4_aB_m0,1,30,A,1,10,3.4602394817477844,0.5537945933947568,1.4471471680459194,1.0,1.0,,,
R4_aB_m0,1,30,A,2,10,2.681113438900399,0.48674824945902995,1.372315524891783,1.0,1.0,,,
R4_aB_m0,1,30,A,3,10,5.900525852763286,1.0699744051756266,2.78915027492694,1.0,1.0,,,
R4_aB_m0,1,30,A,4,10,1.169476377030871,0.2258464149872194,1.0511045983219218,1.0,1.0,,,
R4_aB_m0,1,30,B,0,10,2.565819927266034,0.45098856610144344,7.239291515891947,0.7,0.9,,,
R4_aB_m0,1,30,B,1,10,3.9264667923653764,0.8754840839654298,12.754520524085251,0.6,0.7,,,
R4_aB_m0,1,30,B,2,10,3.5127832024301284,0.8007599591991181,13.490403497862468,0.6,0.6,,,
R4_aB_m0,1,30,B,3,10,4.949667469719049,0.9931454024659667,24.17174972193192,0.3,0.6,,,
R4_aB_m0,1,30,B,4,10,1.5622665990312692,0.2872609062057016,6.042107272689704,0.7,1.0,,,
R4_aB_m0,1,30,C,0,10,1.4590597563136862,0.2207666494045633,1.8408354232271116,1.0,1.0,0.0,0.11802309258279549,0.11802309258279549
R4_aB_m0,1,30,C,1,10,2.062946618085943,0.3576539133332594,2510.5985737099822,0.9,0.9,0.0,0.1541040596517215,0.1541040596517215
R4_aB_m0,1,30,C,2,10,1.5728089761528032,0.3719225307646543,52879.60857629498,0.9,0.9,0.0,0.24124865621910457,0.24124865621910457
R4_aB_m0,1,30,C,3,10,2.7030215704203577,0.5534038187605567,6.789899950840723,0.4,0.9,0.0,0.2423113233893961,0.2423113233893961
R4_aB_m0,1,30,C,4,10,1.3023996538407467,0.16881830496119782,1.6393377309496917,1.0,1.0,0.0,0.041227772809491345,0.041227772809491345
R4_aB_m0,1,30,D,0,10,3.186875073259512,0.5629655055361434,14.181638205745193,0.7,0.7,0.0,0.6518922405852441,0.6518922405852441
R4_aB_m0,1,30,D,1,10,4.106381073998596,0.8068469646843772,2870.2847094755234,0.6,0.6,0.0,0.769857317451552,0.769857317451552
R4_aB_m0,1,30,D,2,10,3.6386761393473077,0.7185562587115488,54703.14872052531,0.6,0.6,0.0,0.8622860939356845,0.8622860939356845
R4_aB_m0,1,30,D,3,10,4.622526738568135,0.9517404261596042,28.891609837668938,0.4,0.5,0.0,1.1236958782862676,1.1236958782862676
R4_aB_m0,1,30,D,4,10,2.410376323704882,0.5117870880372968,11.130516073213986,0.7,0.8,0.06666666666666667,1.0064532415852592,0.47068551204207687
R4_aB_m0,1,30,G1,0,10,3.0146948852351865,0.6114686382470368,3.6578359640013423,0.9,0.9,0.0,0.42370205593353055,0.42370205593353055
R4_aB_m0,1,30,G1,1,10,3.763200444053631,0.7887144681042008,297.36282739297604,0.8,0.8,0.0,0.6333684426234774,0.6333684426234774
R4_aB_m0,1,30,G1,2,10,3.493984009316633,0.761942843267354,18582.36258485415,0.8,0.7,0.0,0.6663719357323485,0.6663719357323485
R4_aB_m0,1,30,G1,3,10,4.85585906041914,0.990283488229677,11.096046186980189,0.5,0.5,0.0,0.8447664383415241,0.8447664383415241
R4_aB_m0,1,30,G1,4,10,2.554917328595332,0.605314034033411,3.3706229550145386,0.9,0.9,0.0,0.7046512151193784,0.7046512151193784
R4_aB_m0,1,30,G2,0,10,3.1280823614962214,0.5932373339937421,9.768745905756045,0.8,0.7,0.0,0.5610179098970042,0.5610179098970042
R4_aB_m0,1,30,G2,1,10,3.951482519233447,0.7994320548750856,2412.0030735537875,0.6,0.6,0.0,0.7047706768503204,0.7047706768503204
R4_aB_m0,1,30,G2,2,10,3.6502574154105996,0.7527579157754164,48257.77386668563,0.6,0.6,0.0,0.8123413096402035,0.8123413096402035
R4_aB_m0,1,30,G2,3,10,4.650102205282629,0.9581621585009977,20.153940547320794,0.4,0.5,0.0,1.05688701059939,1.05688701059939
R4_aB_m0,1,30,G2,4,10,2.3044769542834374,0.5063022601029704,7.6449509249275875,0.8,0.8,0.05,0.843826583289057,0.5458934340750868
R4_aB_m0,2,10,A,0,10,1.0326988260732142,0.1736838745256212,1.2061403533928885,1.0,1.0,,,
R4_aB_m0,2,10,A,1,10,2.8310549248657466,0.49092245536707607,0.818491971791621,1.0,1.0,,,
R4_aB_m0,2,10,A,2,10,2.634706549645935,0.49498012279937276,1.531773873805072,1.0,1.0,,,
R4_aB_m0,2,10,A,3,10,6.38535984198115,1.1802856528035124,2.832539632826781,1.0,1.0,,,
R4_aB_m0,2,10,A,4,10,1.305736309492759,0.21133907371229213,2.509763886365163,1.0,1.0,,,
R4_aB_m0,2,10,B,0,10,2.322862747752131,0.4686883511660336,7.377360726333703,0.7,1.0,,,
R4_aB_m0,2,10,B,1,10,3.688460874993062,0.8502143866002347,12.935808958619253,0.6,0.7,,,
R4_aB_m0,2,10,B,2,10,2.2540353493050986,0.5253807505735976,7.918836421232989,0.6,0.8,,,
R4_aB_m0,2,10,B,3,10,3.9484348914063836,0.7568122215258879,16.412622773389923,0.5,0.6,,,
R4_aB_m0,2,10,B,4,10,2.020899182316863,0.29712407911761657,7.335466900840056,0.7,1.0,,,
R4_aB_m0,2,10,C,0,10,1.2890752908367757,0.231017611570112,2.17799068303679,1.0,1.0,0.0,0.21100721761579866,0.21100721761579866
R4_aB_m0,2,10,C,1,10,2.272311834524663,0.5284936360389966,193.12478133129395,0.8,0.9,0.0,0.11373369854204425,0.11373369854204425
R4_aB_m0,2,10,C,2,10,1.1630896754874636,0.22589176032699373,38.045260262934946,0.9,0.9,0.0,0.1300114172874166,0.1300114172874166
R4_aB_m0,2,10,C,3,10,2.838667842381368,0.4851725957426395,6.630263051875096,0.7,0.7,0.0,0.1981264514528676,0.1981264514528676
R4_aB_m0,2,10,C,4,10,1.5659491210770724,0.19668752902199846,2.6481431458055766,1.0,1.0,0.0,0.21619968321870925,0.21619968321870925
R4_aB_m0,2,10,D,0,10,3.0732633609654614,0.5466363123663289,14.005002303407418,0.7,0.8,0.03333333333333333,0.6544102871510142,0.47043905488478527
R4_aB_m0,2,10,D,1,10,3.256883840335981,0.7266605113644504,14.893554169922727,0.6,0.7,0.06666666666666667,1.395151296021125,0.741589877243839
R4_aB_m0,2,10,D,2,10,2.3387228375161473,0.5398730620210601,181.70367209589512,0.6,0.7,0.06666666666666667,1.142885466231549,0.5827508975961646
R4_aB_m0,2,10,D,3,10,3.747576989265723,0.7372067082265881,18.64341507259759,0.5,0.6,0.06666666666666667,1.346096387067391,0.8126264192726669
R4_aB_m0,2,10,D,4,10,3.1624079757500994,0.5118692295491021,16.018068132396415,0.7,0.9,0.0,0.6752148928901855,0.6752148928901855
R4_aB_m0,2,10,G1,0,10,2.750490031449156,0.5257698685424532,3.781372728758538,0.9,0.9,0.0,0.4105245579843532,0.4105245579843532
R4_aB_m0,2,10,G1,1,10,3.597173442630526,0.7713100577514117,4.654905832957252,0.8,0.9,0.0,1.2260743082149381,1.2260743082149381
R4_aB_m0,2,10,G1,2,10,2.5838953405692524,0.6148702671632528,4.16942250322851,0.8,0.9,0.0,0.7249862601073506,0.7249862601073506
R4_aB_m0,2,10,G1,3,10,4.175587459281729,0.7994628914465002,9.134926961072086,0.6,0.5,0.0,0.8771086205172699,0.8771086205172699
R4_aB_m0,2,10,G1,4,10,2.9790869217071534,0.5742606204555172,4.952851972722213,0.8,0.9,0.0,0.733796063073949,0.733796063073949
R4_aB_m0,2,10,G2,0,10,3.0069832687193014,0.5481300155060876,10.29457788969487,0.8,0.8,0.0,0.4791825040806222,0.4791825040806222
R4_aB_m0,2,10,G2,1,10,3.2835048579030115,0.7309610405035027,10.383152982418613,0.6,0.9,0.05,1.3042667990226648,0.8929823752024217
R4_aB_m0,2,10,G2,2,10,2.4143913501412544,0.5691705612635225,124.02804520203074,0.6,0.7,0.05,1.057008366307762,0.7454441172313901
R4_aB_m0,2,10,G2,3,10,3.89517510974919,0.7582791517762802,14.058249558217573,0.5,0.6,0.05,1.0741088994755508,0.8071443525279147
R4_aB_m0,2,10,G2,4,10,3.1305670213915997,0.53134240296516,11.610006532782727,0.7,0.9,0.0,0.6765479936519567,0.6765479936519567
R4_aB_m0,2,30,A,0,10,1.0326988260732142,0.1736838745256212,1.2061403533928885,1.0,1.0,,,
R4_aB_m0,2,30,A,1,10,2.8310549248657466,0.49092245536707607,0.818491971791621,1.0,1.0,,,
R4_aB_m0,2,30,A,2,10,2.634706549645935,0.49498012279937276,1.531773873805072,1.0,1.0,,,
R4_aB_m0,2,30,A,3,10,6.38535984198115,1.1802856528035124,2.832539632826781,1.0,1.0,,,
R4_aB_m0,2,30,A,4,10,1.305736309492759,0.21133907371229213,2.509763886365163,1.0,1.0,,,
R4_aB_m0,2,30,B,0,10,2.322862747752131,0.4686883511660336,7.377360726333703,0.7,1.0,,,
R4_aB_m0,2,30,B,1,10,3.688460874993062,0.8502143866002347,12.935808958619253,0.6,0.7,,,
R4_aB_m0,2,30,B,2,10,2.306339886590005,0.5464243258898166,8.686562567884149,0.6,0.8,,,
R4_aB_m0,2,30,B,3,10,3.9484348914063836,0.7568122215258879,16.412622773389923,0.5,0.6,,,
R4_aB_m0,2,30,B,4,10,2.020899182316863,0.29712407911761657,7.335466900840056,0.7,1.0,,,
R4_aB_m0,2,30,C,0,10,1.2321252937831213,0.19285059758045037,1.9660033675352948,1.0,1.0,0.0,0.067665702084526,0.067665702084526
R4_aB_m0,2,30,C,1,10,1.6453674072151296,0.3454024457022049,14.031552025410102,0.9,0.9,0.0,0.13497724071765277,0.13497724071765277
R4_aB_m0,2,30,C,2,10,1.1674729625742777,0.22572950315529292,104.76775077313269,0.9,0.9,0.0,0.040461297136542854,0.040461297136542854
R4_aB_m0,2,30,C,3,10,2.4703204161988626,0.3948471951170988,4.808528868515191,0.8,0.8,0.0,0.09092758694683888,0.09092758694683888
R4_aB_m0,2,30,C,4,10,1.612243740189453,0.19269601290830926,2.6404421359130565,1.0,1.0,0.0,0.11878813768392955,0.11878813768392955
R4_aB_m0,2,30,D,0,10,3.164504354999239,0.5714210847996141,14.977654777278513,0.7,0.8,0.03333333333333333,0.704946440945293,0.5534980541883356
R4_aB_m0,2,30,D,1,10,3.2517164417720306,0.7333940057854931,15.660063661903004,0.6,0.6,0.06666666666666667,1.3584040322137532,0.7482164501673018
R4_aB_m0,2,30,D,2,10,2.4644507128527744,0.5652523619110694,82.8082037542599,0.6,0.7,0.06666666666666667,1.100591356496028,0.6320095198304487
R4_aB_m0,2,30,D,3,10,3.688203526688671,0.7305388940237353,18.599094308725288,0.5,0.6,0.06666666666666667,1.4259765078305287,0.7698057603456799
R4_aB_m0,2,30,D,4,10,3.251136672932607,0.5468969966055872,14.759138062723622,0.7,0.8,0.0,0.7459639524984848,0.7459639524984848
R4_aB_m0,2,30,G1,0,10,2.88124958730853,0.578600639381419,3.7440168403304073,0.9,0.9,0.0,0.5202601325209596,0.5202601325209596
R4_aB_m0,2,30,G1,1,10,3.5801159163359815,0.767806317902284,4.7759544404535275,0.8,0.9,0.0,1.2802189208037746,1.2802189208037746
R4_aB_m0,2,30,G1,2,10,2.604680992508582,0.6182125519534092,4.297686511036928,0.8,0.9,0.0,0.7154731611199506,0.7154731611199506
R4_aB_m0,2,30,G1,3,10,4.141459915907777,0.7806175858968032,8.992341452895499,0.6,0.6,0.0,0.7140268827598633,0.7140268827598633
R4_aB_m0,2,30,G1,4,10,2.880222596080324,0.5511004889992932,4.859002442870412,0.8,0.9,0.0,0.6185304883892091,0.6185304883892091
R4_aB_m0,2,30,G2,0,10,3.195923500968663,0.5970345773042401,11.058825839226484,0.8,0.8,0.0,0.6073212121596228,0.6073212121596228
R4_aB_m0,2,30,G2,1,10,3.3195355790470313,0.7401610024380647,10.939966920480328,0.6,0.7,0.05,1.2681575253656516,0.9118195154331573
R4_aB_m0,2,30,G2,2,10,2.4614898469615643,0.5770192435844848,19.85228781760258,0.6,0.7,0.05,0.9638851110598701,0.6799015585922297
R4_aB_m0,2,30,G2,3,10,3.8604390938405664,0.7499939329712773,14.02278640673292,0.5,0.5,0.05,1.2106232022221932,0.77950347800369
R4_aB_m0,2,30,G2,4,10,3.0599459782020575,0.5354490726288863,10.16278172337294,0.7,0.8,0.0,0.692742409982403,0.692742409982403
R5_aA_m0,0,10,A,0,4,1.1014602315375908,0.1346780986921445,1.7943823260954035,1.0,1.0,,,
R5_aA_m0,0,10,A,1,4,2.812017642876739,0.5522043999331331,0.8524470200336718,1.0,1.0,,,
R5_aA_m0,0,10,A,2,4,3.0854212141295294,0.7660522976943137,9.295908573782878,0.5,1.0,,,
R5_aA_m0,0,10,A,3,4,6.228715585072883,1.6108005223402955,5.277672165740724,0.75,1.0,,,
R5_aA_m0,0,10,A,4,4,3.063288097965715,0.6673880047964488,3.0086000173402616,0.75,1.0,,,
R5_aA_m0,0,10,B,0,4,2.15414771333909,0.6713275444592793,7.198736663144787,0.75,1.0,,,
R5_aA_m0,0,10,B,1,4,3.2848371979345963,0.8636011829126942,5.426975668984501,0.75,1.0,,,
R5_aA_m0,0,10,B,2,4,5.690873643353799,0.7506644637780339,15.317063324090036,0.25,0.5,,,
R5_aA_m0,0,10,B,3,4,7.8475960929707576,2.243426487694635,32.513401092678606,0.25,0.5,,,
R5_aA_m0,0,10,B,4,4,1.8362889220392193,0.6418181512830722,9.39040955761519,0.25,1.0,,,
R5_aA_m0,0,10,C,0,4,1.9042460889472705,0.3864395552607952,2.5083800799779787,1.0,1.0,0.0,0.7435043398996993,0.7435043398996993
R5_aA_m0,0,10,C,1,4,1.10579124766597,0.2075155323658773,0.7563718819373111,1.0,1.0,0.0,0.41503765921262337,0.41503765921262337
R5_aA_m0,0,10,C,2,4,4.100047022795459,0.2526119754435213,8.954349654575003,0.5,0.5,0.0,0.6618337204899216,0.6618337204899216
R5_aA_m0,0,10,C,3,4,4.739247821148186,1.2998184597689035,14.794429695093008,0.25,0.75,0.0,0.4556746211051796,0.4556746211051796
R5_aA_m0,0,10,C,4,4,1.75877736675167,0.4414413083955159,4.333373373435688,0.75,1.0,0.0,0.23159552359036684,0.23159552359036684
R5_aA_m0,0,10,D,0,4,4.38994289882064,1.1839994370395261,11.78702031140751,0.5,0.5,0.0,1.147375681764099,1.147375681764099
R5_aA_m0,0,10,D,1,4,1.9355178335512846,0.3703863751946474,4.912305102721767,1.0,1.0,0.08333333333333333,1.3236867166694193,0.6439774455999784
R5_aA_m0,0,10,D,2,4,3.9241410841315676,0.3712333800945602,13.564989388322926,0.25,0.75,0.08333333333333333,1.2965158391808687,0.5837785273501752
R5_aA_m0,0,10,D,3,4,3.2901935963982267,0.7878707424726816,19.11306090342136,0.25,1.0,0.0,1.7888005093832204,1.7888005093832204
R5_aA_m0,0,10,D,4,4,3.2979157150038043,0.8648844537915878,9.907055304122002,0.0,0.75,0.0,0.3667181522264612,0.3667181522264612
R5_aA_m0,0,10,G1,0,4,2.4073773586879663,0.44773528723232486,3.5642057224669883,1.0,1.0,0.0,0.3229151462513683,0.3229151462513683
R5_aA_m0,0,10,G1,1,4,3.1254081056022747,0.8861283223807932,2.0036000153651314,1.0,1.0,0.0,0.4794888471353611,0.4794888471353611
R5_aA_m0,0,10,G1,2,4,3.402763020620058,0.7065120808861594,11.539881740958226,0.5,1.0,0.0,0.4569469053310873,0.4569469053310873
R5_aA_m0,0,10,G1,3,4,6.6681041418181835,1.8719160313268046,11.17726262430824,0.25,0.75,0.0,0.507239922818248,0.507239922818248
R5_aA_m0,0,10,G1,4,4,1.436139433634118,0.6218586033912982,5.054601763806045,0.75,1.0,0.0,0.37155518882172883,0.37155518882172883
R5_aA_m0,0,10,G2,0,4,3.613819876240503,0.8080453538115067,5.735181550166618,0.75,0.75,0.0,0.32772154308244605,0.32772154308244605
R5_aA_m0,0,10,G2,1,4,1.6165974303660726,0.3370030988994369,3.5107517748013053,1.0,1.0,0.0,0.7018817931234828,0.7018817931234828
R5_aA_m0,0,10,G2,2,4,3.7216245151632226,0.340176215667084,12.970702368497296,0.5,0.75,0.0,0.60743846170616,0.60743846170616
R5_aA_m0,0,10,G2,3,4,4.559880513088618,1.2649886771862167,17.147690780158758,0.25,0.75,0.0,1.152490512263003,1.152490512263003
R5_aA_m0,0,10,G2,4,4,1.8949470637548578,0.5265096090606834,6.288527950950161,0.5,1.0,0.0,0.42921407286155366,0.42921407286155366
R5_aA_m0,0,30,A,0,4,1.1014602315375908,0.1346780986921445,1.7943823260954035,1.0,1.0,,,
R5_aA_m0,0,30,A,1,4,2.812017642876739,0.5522043999331331,0.8524470200336718,1.0,1.0,,,
R5_aA_m0,0,30,A,2,4,3.0854212141295294,0.7660522976943137,9.295908573782878,0.5,1.0,,,
R5_aA_m0,0,30,A,3,4,6.228715585072883,1.6108005223402955,5.277672165740724,0.75,1.0,,,
R5_aA_m0,0,30,A,4,4,3.063288097965715,0.6673880047964488,3.0086000173402616,0.75,1.0,,,
R5_aA_m0,0,30,B,0,4,2.15414771333909,0.6713275444592793,7.198736663144787,0.75,1.0,,,
R5_aA_m0,0,30,B,1,4,3.6087740658369434,0.9386636339433544,6.70854132040272,0.5,1.0,,,
R5_aA_m0,0,30,B,2,4,6.043511052065818,0.9707420186974929,15.359072584996323,0.25,0.5,,,
R5_aA_m0,0,30,B,3,4,8.6363004605082,2.516744586526634,38.12441663887992,0.25,0.5,,,
R5_aA_m0,0,30,B,4,4,1.8362889220392193,0.6418181512830722,9.39040955761519,0.25,1.0,,,
R5_aA_m0,0,30,C,0,4,0.6725257406442728,0.23164099149387288,1.5289561900170643,1.0,1.0,0.0,0.22309494512088443,0.22309494512088443
R5_aA_m0,0,30,C,1,4,0.5912855855984966,0.09988088462824579,0.6547232228156504,1.0,1.0,0.0,0.0630134858633019,0.0630134858633019
R5_aA_m0,0,30,C,2,4,4.192071847632658,0.2622629878669163,8.822246110939702,0.5,0.5,0.0,0.42894978625678526,0.42894978625678526
R5_aA_m0,0,30,C,3,4,2.439629778111764,0.4495761933818108,5.504008700153725,0.75,1.0,0.0,0.5286682548267928,0.5286682548267928
R5_aA_m0,0,30,C,4,4,1.3126669897041223,0.38610530786895275,3.795294338015492,0.75,1.0,0.0,0.08392066643968038,0.08392066643968038
R5_aA_m0,0,30,D,0,4,2.9484259476837313,0.9211581922221629,9.66758513224418,0.5,0.75,0.0,0.5034667965319526,0.5034667965319526
R5_aA_m0,0,30,D,1,4,1.32742530698511,0.25190115869911495,5.773568075418327,0.75,1.0,0.08333333333333333,1.5128405080535474,0.6320094367336918
R5_aA_m0,0,30,D,2,4,3.6670824084745264,0.2994787391256455,13.327294576342915,0.25,0.75,0.08333333333333333,1.0859363428863569,0.4443284818776801
R5_aA_m0,0,30,D,3,4,2.9831507810708815,0.5047022452908527,16.13729949509733,0.25,1.0,0.08333333333333333,1.754004027694045,0.9139168010724492
R5_aA_m0,0,30,D,4,4,3.7256501137669966,1.037166780729468,11.551606031859974,0.0,0.75,0.0,0.5380471192638261,0.5380471192638261
R5_aA_m0,0,30,G1,0,4,1.3506136934776891,0.23790055609312763,3.3548359274569037,1.0,1.0,0.0,0.15573840459517357,0.15573840459517357
R5_aA_m0,0,30,G1,1,4,3.0001831108592443,0.797266925257278,1.9464034670388137,1.0,1.0,0.0,0.3143455117308438,0.3143455117308438
R5_aA_m0,0,30,G1,2,4,3.367387806654253,0.7147330077125257,11.644563018248682,0.5,1.0,0.0,0.2561186678505995,0.2561186678505995
R5_aA_m0,0,30,G1,3,4,5.269848384359625,1.3936510993956583,10.479436011597272,0.5,1.0,0.0,0.6105116648262922,0.6105116648262922
R5_aA_m0,0,30,G1,4,4,1.4871941147935326,0.639178235354716,5.099975920729891,0.75,1.0,0.0,0.2801832326364972,0.2801832326364972
R5_aA_m0,0,30,G2,0,4,1.6279772456534067,0.3833297076960765,4.59194663178263,0.75,1.0,0.0,0.12865618970291093,0.12865618970291093
R5_aA_m0,0,30,G2,1,4,1.5870931976034905,0.40675467195516635,3.422448764276971,1.0,1.0,0.0,0.458630760897104,0.458630760897104
R5_aA_m0,0,30,G2,2,4,3.594148371413746,0.3721709944935992,11.77248771270144,0.5,0.75,0.0,0.3153839192853138,0.3153839192853138
R5_aA_m0,0,30,G2,3,4,3.236893270579343,0.7237927369444889,13.362050549146005,0.25,1.0,0.0,0.7634575272726175,0.7634575272726175
R5_aA_m0,0,30,G2,4,4,2.246485540912078,0.7154653003127267,6.566429775719341,0.5,1.0,0.0,0.24522754932964436,0.24522754932964436
R5_aA_m0,1,10,A,0,4,1.7645030607259247,0.41840526379856463,3.2615397824667016,1.0,1.0,,,
R5_aA_m0,1,10,A,1,4,2.8767681404461745,0.5202281284827188,0.5084975784320358,1.0,1.0,,,
R5_aA_m0,1,10,A,2,4,2.43743096133799,0.5932414456744339,1.9098918224121293,1.0,1.0,,,
R5_aA_m0,1,10,A,3,4,4.316004258228811,1.6592615811446052,8.231924041820317,0.5,1.0,,,
R5_aA_m0,1,10,A,4,4,2.0853696197365243,0.6115412627306727,2.7260958155453965,1.0,1.0,,,
R5_aA_m0,1,10,B,0,4,3.1800836218023427,0.7452360170300565,13.291956510105763,0.5,1.0,,,
R5_aA_m0,1,10,B,1,4,4.10399965196559,0.9973982733921176,4.40164377212457,0.75,1.0,,,
R5_aA_m0,1,10,B,2,4,5.156834471671862,1.4253838662040048,14.415510677474995,0.5,0.75,,,
R5_aA_m0,1,10,B,3,4,7.139333238247232,2.349074450005499,45.926819668129006,0.0,0.5,,,
R5_aA_m0,1,10,B,4,4,1.6453675385166433,0.6289451076064122,11.824740786700092,0.5,1.0,,,
R5_aA_m0,1,10,C,0,4,1.566622579400552,0.3334455524831362,4.478842120284457,1.0,1.0,0.0,0.8076926417788695,0.8076926417788695
R5_aA_m0,1,10,C,1,4,0.9244763976849552,0.19653958559331805,1.9644046700982023,1.0,1.0,0.08333333333333333,2.3936414249529987,0.16980227896069516
R5_aA_m0,1,10,C,2,4,1.999961861174713,0.4772366854016193,2.815537563488833,1.0,1.0,0.0,0.39447589117035775,0.39447589117035775
R5_aA_m0,1,10,C,3,4,3.8467860518621166,1.344551317695183,15.100597011258335,0.25,0.75,0.0,0.43643563698104504,0.43643563698104504
R5_aA_m0,1,10,C,4,4,1.974060516453415,0.5204420896936176,3.518314200925067,1.0,1.0,0.0,0.19815355823524128,0.19815355823524128
R5_aA_m0,1,10,D,0,4,2.3025004239990454,0.5959719870556454,11.010812285278394,0.25,1.0,0.0,0.9474267844682833,0.9474267844682833
R5_aA_m0,1,10,D,1,4,1.2825163609885537,0.312172661229927,3.0747388825238446,1.0,1.0,0.0,0.6162042604835066,0.6162042604835066
R5_aA_m0,1,10,D,2,4,2.6360457404929827,0.6834103765716097,9.293610723454,0.75,1.0,0.0,1.1161814349373047,1.1161814349373047
R5_aA_m0,1,10,D,3,4,3.449251838630722,1.161325633557563,27.38796766072017,0.0,0.75,0.08333333333333333,1.919696659721445,0.9479437242745957
R5_aA_m0,1,10,D,4,4,3.5889790747443255,1.0919288885026035,12.87518310296077,0.25,0.75,0.0,0.8030031839788814,0.8030031839788814
R5_aA_m0,1,10,G1,0,4,1.4710357987287408,0.37266285265930793,7.065640617557849,0.75,1.0,0.0,2.158394957741894,2.158394957741894
R5_aA_m0,1,10,G1,1,4,1.9171764804072213,0.5330319875206057,0.5362384662867411,1.0,1.0,0.0,0.1278609266946507,0.1278609266946507
R5_aA_m0,1,10,G1,2,4,3.4771153119189973,1.0708670445032258,2.7307044160074105,1.0,1.0,0.0,0.28507678182513246,0.28507678182513246
R5_aA_m0,1,10,G1,3,4,4.756955953299457,1.6749612397044915,17.18423693754125,0.0,0.75,0.0,0.48816486719433383,0.48816486719433383
R5_aA_m0,1,10,G1,4,4,1.4985408080365201,0.6908944610314114,6.795755283084919,0.75,1.0,0.0,0.5190778581067058,0.5190778581067058
R5_aA_m0,1,10,G2,0,4,2.0235644874182683,0.4391172038237478,8.126784046448247,0.75,1.0,0.0,1.206646198798222,1.206646198798222
R5_aA_m0,1,10,G2,1,4,1.055776333300278,0.1732303124971461,1.1663192399888151,1.0,1.0,0.0,0.12237178375863954,0.12237178375863954
R5_aA_m0,1,10,G2,2,4,3.9424230362404598,1.1340152582739096,6.616008597215953,0.75,0.75,0.0,0.58222593663399,0.58222593663399
R5_aA_m0,1,10,G2,3,4,3.8016934719452933,1.361338788085154,22.17642690970886,0.0,0.75,0.0,0.8132444252076174,0.8132444252076174
R5_aA_m0,1,10,G2,4,4,2.344465679815972,0.8078922598680486,8.676285296791153,0.75,1.0,0.0,0.5961393693640787,0.5961393693640787
R5_aA_m0,1,30,A,0,4,1.7645030607259247,0.41840526379856463,3.2615397824667016,1.0,1.0,,,
R5_aA_m0,1,30,A,1,4,2.8767681404461745,0.5202281284827188,0.5084975784320358,1.0,1.0,,,
R5_aA_m0,1,30,A,2,4,2.43743096133799,0.5932414456744339,1.9098918224121293,1.0,1.0,,,
R5_aA_m0,1,30,A,3,4,4.316004258228811,1.6592615811446052,8.231924041820317,0.5,1.0,,,
R5_aA_m0,1,30,A,4,4,2.0853696197365243,0.6115412627306727,2.7260958155453965,1.0,1.0,,,
R5_aA_m0,1,30,B,0,4,3.1800836218023427,0.7452360170300565,13.291956510105763,0.5,1.0,,,
R5_aA_m0,1,30,B,1,4,5.06226415591342,1.4301452981985052,8.478414644945785,0.75,0.75,,,
R5_aA_m0,1,30,B,2,4,4.940494902367543,1.3506132725755278,8.978028365131651,0.5,1.0,,,
R5_aA_m0,1,30,B,3,4,7.139333238247232,2.349074450005499,45.926819668129006,0.0,0.5,,,
R5_aA_m0,1,30,B,4,4,1.6453675385166433,0.6289451076064122,11.824740786700092,0.5,1.0,,,
R5_aA_m0,1,30,C,0,4,0.9319039671412913,0.2936735896374525,3.4975805649146245,1.0,1.0,0.0,0.4049461221601063,0.4049461221601063
R5_aA_m0,1,30,C,1,4,0.6820911281268968,0.09534843259178928,0.47911625512764733,1.0,1.0,0.0,0.0868125280796831,0.0868125280796831
R5_aA_m0,1,30,C,2,4,1.6147819416032183,0.21235034775715245,1.2440905695120552,1.0,1.0,0.0,0.27835412749434757,0.27835412749434757
R5_aA_m0,1,30,C,3,4,1.564088348252252,0.5448627491687413,8.473216270841899,0.5,1.0,0.0,0.4507812066281954,0.4507812066281954
R5_aA_m0,1,30,C,4,4,1.6469141832881278,0.3506428934141027,3.3277162316608706,1.0,1.0,0.0,0.16497968746752312,0.16497968746752312
R5_aA_m0,1,30,D,0,4,3.1366074076990644,0.9719343749244631,12.738926951805325,0.25,0.75,0.0,0.9285500283920411,0.9285500283920411
R5_aA_m0,1,30,D,1,4,1.223624865269444,0.15696379572778132,5.378781087587326,0.75,1.0,0.08333333333333333,1.0609579645503444,0.4620268486757852
R5_aA_m0,1,30,D,2,4,1.99468869432989,0.4257204309864403,5.45274789679485,1.0,1.0,0.08333333333333333,1.3822433728122416,0.7357101226283047
R5_aA_m0,1,30,D,3,4,2.774556338438985,0.8795140235949045,24.497068647202916,0.0,0.75,0.08333333333333333,2.306535800842814,1.3763383989097018
R5_aA_m0,1,30,D,4,4,3.616654370973429,1.091054128437402,13.744996315786135,0.25,0.75,0.0,0.7802249217449696,0.7802249217449696
R5_aA_m0,1,30,G1,0,4,1.3415261498719602,0.32596288479625535,7.024763136546365,0.75,1.0,0.0,1.135085299253576,1.135085299253576
R5_aA_m0,1,30,G1,1,4,2.7664495677702328,0.7434409484108077,1.6857313200585966,1.0,1.0,0.0,0.1580249452512755,0.1580249452512755
R5_aA_m0,1,30,G1,2,4,3.4102791584039753,0.99643664851235,2.8028782999986244,1.0,1.0,0.0,0.21751162962481838,0.21751162962481838
R5_aA_m0,1,30,G1,3,4,4.5751083861434525,1.597730164215,17.348505438144052,0.0,0.75,0.0,0.4804939525384574,0.4804939525384574
R5_aA_m0,1,30,G1,4,4,1.1502103417454534,0.6350250918099504,6.728213814372386,0.75,1.0,0.0,0.5324512733873517,0.5324512733873517
R5_aA_m0,1,30,G2,0,4,1.8797882514717739,0.47574906890193236,8.071306979727705,0.75,1.0,0.0,0.7021709821261702,0.7021709821261702
R5_aA_m0,1,30,G2,1,4,1.6010021494884654,0.3953197798488931,3.1716350622556644,1.0,1.0,0.0,0.26989180504299737,0.26989180504299737
R5_aA_m0,1,30,G2,2,4,2.3388486651728493,0.5677057772666461,4.500406494568269,1.0,1.0,0.0,0.5287693765382444,0.5287693765382444
R5_aA_m0,1,30,G2,3,4,2.939676789744662,1.0783801667909383,21.208214803881624,0.0,0.75,0.0,1.1355862740991407,1.1355862740991407
R5_aA_m0,1,30,G2,4,4,2.2066309163358415,0.7369458803157015,8.751080597705624,0.75,1.0,0.0,0.45989478589342936,0.45989478589342936
R5_aA_m0,2,10,A,0,4,1.564890713666583,0.3456282409884631,1.014804949494618,1.0,1.0,,,
R5_aA_m0,2,10,A,1,4,2.5809067100931524,0.7068557030404322,3.9788882656440356,1.0,1.0,,,
R5_aA_m0,2,10,A,2,4,2.0442364600751732,0.6319242210139357,5.678299174909282,0.75,1.0,,,
R5_aA_m0,2,10,A,3,4,4.990867738152773,1.8644615949660204,25.471533920573833,0.5,1.0,,,
R5_aA_m0,2,10,A,4,4,3.516383398839668,0.8805818407148795,8.925241901048437,0.5,1.0,,,
R5_aA_m0,2,10,B,0,4,4.633210580164674,1.2592721106485385,6.055738402878754,0.75,1.0,,,
R5_aA_m0,2,10,B,1,4,4.133927133501311,0.17928243726907742,7.583597108703289,0.5,0.75,,,
R5_aA_m0,2,10,B,2,4,3.7049821836380055,0.35214488459618365,14.084854930994567,0.5,0.75,,,
R5_aA_m0,2,10,B,3,4,3.6414556965185416,1.1909204423407516,35.55203260086952,0.0,0.75,,,
R5_aA_m0,2,10,B,4,4,5.3295705772678295,0.8822107472383902,22.60177103200194,0.25,0.75,,,
R5_aA_m0,2,10,C,0,4,3.880540072382118,1.2762556447992215,12.137363610221543,0.75,0.75,0.08333333333333333,1.421543741285843,1.0963410170637218
R5_aA_m0,2,10,C,1,4,2.596236473954668,0.2191369476157714,2.1834223781553854,1.0,1.0,0.0,1.1196649203446836,1.1196649203446836
R5_aA_m0,2,10,C,2,4,1.6968508246338863,0.22196987606127028,2.7684559753446907,1.0,1.0,0.0,0.6332546691217977,0.6332546691217977
R5_aA_m0,2,10,C,3,4,5.058917248382606,1.30599031975544,29.847172838167694,0.25,0.5,0.0,0.6075346344661889,0.6075346344661889
R5_aA_m0,2,10,C,4,4,3.7835443583800283,0.4955864404423387,11.104347883920951,0.5,0.75,0.0,0.4439779880538531,0.4439779880538531
R5_aA_m0,2,10,D,0,4,3.121461928947695,0.9488505999881948,7.620055259993511,0.5,0.75,0.0,0.8914317198149561,0.8914317198149561
R5_aA_m0,2,10,D,1,4,3.298488903846292,0.7406001338768826,10.042393877018805,0.25,0.75,0.0,1.1345775026729323,1.1345775026729323
R5_aA_m0,2,10,D,2,4,1.3301592067599977,0.32491642847447694,12.646468347272275,0.5,1.0,0.0,0.7859356647474036,0.7859356647474036
R5_aA_m0,2,10,D,3,4,4.8345215960681,1.3008953958607787,34.57390556627283,0.0,0.5,0.08333333333333333,1.3536754965747946,0.7519718309030902
R5_aA_m0,2,10,D,4,4,4.1058960470721,0.9122626098837159,22.422948992797203,0.0,0.5,0.0,1.1720438383465812,1.1720438383465812
R5_aA_m0,2,10,G1,0,4,3.0120571572358807,0.8887372571257591,1.937530301426604,1.0,1.0,0.0,0.6869934726022066,0.6869934726022066
R5_aA_m0,2,10,G1,1,4,3.6259630906024105,0.8988190579765786,6.037676411292388,0.75,1.0,0.0,1.9423569987344163,1.9423569987344163
R5_aA_m0,2,10,G1,2,4,1.0989938218366204,0.2762790592073849,8.286191168339062,0.75,1.0,0.0,0.906484593358589,0.906484593358589
R5_aA_m0,2,10,G1,3,4,3.550125992420896,1.4539401985333231,30.44028163693297,0.25,1.0,0.0,0.9437566188777087,0.9437566188777087
R5_aA_m0,2,10,G1,4,4,2.329055990980354,0.5140653973904076,16.962598086271626,0.5,1.0,0.0,0.4040659946181202,0.4040659946181202
R5_aA_m0,2,10,G2,0,4,2.3917994113408443,0.6890363497783458,3.552564062945173,1.0,1.0,0.0,0.7098665195184204,0.7098665195184204
R5_aA_m0,2,10,G2,1,4,2.910203099839444,0.44065064892519407,7.798572428274521,0.5,1.0,0.0,1.0846362237452514,1.0846362237452514
R5_aA_m0,2,10,G2,2,4,1.4181630980576307,0.2521040440550639,10.040938930770768,0.5,1.0,0.0,0.6702515121816632,0.6702515121816632
R5_aA_m0,2,10,G2,3,4,4.31296713991017,1.3831365181475717,31.83549089388193,0.25,0.75,0.0,0.6473980312071144,0.6473980312071144
R5_aA_m0,2,10,G2,4,4,3.1844937312875388,0.6469716343365767,18.35515647309021,0.25,1.0,0.0,1.0277217995945669,1.0277217995945669
R5_aA_m0,2,30,A,0,4,1.564890713666583,0.3456282409884631,1.014804949494618,1.0,1.0,,,
R5_aA_m0,2,30,A,1,4,2.5809067100931524,0.7068557030404322,3.9788882656440356,1.0,1.0,,,
R5_aA_m0,2,30,A,2,4,2.0442364600751732,0.6319242210139357,5.678299174909282,0.75,1.0,,,
R5_aA_m0,2,30,A,3,4,4.990867738152773,1.8644615949660204,25.471533920573833,0.5,1.0,,,
R5_aA_m0,2,30,A,4,4,3.516383398839668,0.8805818407148795,8.925241901048437,0.5,1.0,,,
R5_aA_m0,2,30,B,0,4,2.850167369054752,0.301499741397721,5.857726032154515,0.75,1.0,,,
R5_aA_m0,2,30,B,1,4,4.291003080747607,0.465697887636069,9.33829502506561,0.5,0.75,,,
R5_aA_m0,2,30,B,2,4,3.675832027124596,0.2934917997523285,11.979095548563436,0.5,0.75,,,
R5_aA_m0,2,30,B,3,4,3.6319769257965384,1.1850095010837705,33.59427210369415,0.0,0.75,,,
R5_aA_m0,2,30,B,4,4,4.958628261041934,0.7330041012422986,19.953838264722602,0.25,1.0,,,
R5_aA_m0,2,30,C,0,4,0.44780162719210914,0.21509271921484283,1.3344683081960307,1.0,1.0,0.0,0.07483567884748382,0.07483567884748382
R5_aA_m0,2,30,C,1,4,2.3211079575007183,0.20076907028755298,2.695108012877671,1.0,1.0,0.0,0.657653694841308,0.657653694841308
R5_aA_m0,2,30,C,2,4,1.9409853893600382,0.3087255331809125,3.5297350634915414,1.0,1.0,0.0,0.47260149370913934,0.47260149370913934
R5_aA_m0,2,30,C,3,4,4.903515222896566,1.2461401531748424,28.444704226529588,0.25,0.5,0.0,0.32114819189611676,0.32114819189611676
R5_aA_m0,2,30,C,4,4,3.708826694139339,0.5125629087788748,11.179052251454308,0.5,0.75,0.0,0.045470601358423124,0.045470601358423124
R5_aA_m0,2,30,D,0,4,3.333791795110195,0.9621651231681095,8.509765445576367,0.5,0.75,0.0,0.49459996106813686,0.49459996106813686
R5_aA_m0,2,30,D,1,4,3.0896248036947798,0.7392024299534927,10.214910628781801,0.25,0.75,0.0,0.8076462232230026,0.8076462232230026
R5_aA_m0,2,30,D,2,4,1.0777356970044605,0.19819663868533882,10.540414342519036,0.5,1.0,0.08333333333333333,1.2153225393327318,0.6846772637742946
R5_aA_m0,2,30,D,3,4,4.85851105233631,1.2666172494098304,31.848371094854667,0.0,0.5,0.08333333333333333,1.2873516803371956,0.6374985267549813
R5_aA_m0,2,30,D,4,4,4.252467935010487,0.9642606493350871,21.341221115395737,0.0,0.5,0.0,0.8877460787037411,0.8877460787037411
R5_aA_m0,2,30,G1,0,4,1.7407184562129825,0.29305006887804863,1.9715147505824229,1.0,1.0,0.0,0.14322647019623397,0.14322647019623397
R5_aA_m0,2,30,G1,1,4,2.278884160844382,0.27477846872343303,5.267093876383051,0.75,1.0,0.0,0.7446594243606114,0.7446594243606114
R5_aA_m0,2,30,G1,2,4,1.1024373281231352,0.3377198628837013,8.31605560096922,0.75,1.0,0.0,0.6595529355522941,0.6595529355522941
R5_aA_m0,2,30,G1,3,4,3.221715611326053,1.3807351265850896,29.913538816024477,0.25,1.0,0.0,0.15009777036849262,0.15009777036849262
R5_aA_m0,2,30,G1,4,4,1.8911284650897715,0.5172808197346046,16.771896070812453,0.5,1.0,0.0,0.8804748232868804,0.8804748232868804
R5_aA_m0,2,30,G2,0,4,2.0665220622387834,0.44040871190661113,3.382672370061833,1.0,1.0,0.0,0.1508402513952422,0.1508402513952422
R5_aA_m0,2,30,G2,1,4,2.5216175406354107,0.30158636016338625,6.013776110173658,0.75,1.0,0.0,0.4555000795902967,0.4555000795902967
R5_aA_m0,2,30,G2,2,4,1.4390512542003202,0.29174180438347963,8.460400083230748,0.75,1.0,0.0,0.5601152191333026,0.5601152191333026
R5_aA_m0,2,30,G2,3,4,4.358407450557965,1.3526512213197663,31.421126117768203,0.25,0.75,0.0,0.40603875312437393,0.40603875312437393
R5_aA_m0,2,30,G2,4,4,3.212183349546894,0.690730430733251,17.043299181517632,0.5,1.0,0.0,0.5431035376063907,0.5431035376063907
R5_aB_m0,0,10,A,0,4,2.7826885585307033,0.5076964457725217,3.279471308236671,1.0,1.0,,,
R5_aB_m0,0,10,A,1,4,4.300219118256271,0.7040560889813934,1.6211636809631318,1.0,1.0,,,
R5_aB_m0,0,10,A,2,4,2.3399762178117713,0.6808592981594276,9.061167748339106,0.5,1.0,,,
R5_aB_m0,0,10,A,3,4,5.523670351499938,1.5155628123449119,4.90223318692745,1.0,1.0,,,
R5_aB_m0,0,10,A,4,4,1.39569524793669,0.41535305177306414,1.7949527122568734,1.0,1.0,,,
R5_aB_m0,0,10,B,0,4,3.401146362111664,1.1398404704160552,15.069341347396144,0.25,0.75,,,
R5_aB_m0,0,10,B,1,4,4.825559525096968,0.9099278623544265,12.170208653118646,0.25,0.5,,,
R5_aB_m0,0,10,B,2,4,5.448518738081885,1.0630430276346687,15.571444209996388,0.25,0.5,,,
R5_aB_m0,0,10,B,3,4,5.898521715673744,1.7328262963073193,28.704339027448853,0.0,0.5,,,
R5_aB_m0,0,10,B,4,4,5.0005306943597905,1.484125824327158,13.780708338047933,0.5,0.75,,,
R5_aB_m0,0,10,C,0,4,2.0146031307146774,0.6101493751092922,4.046879382287093,1.0,1.0,0.0,0.31424017009455296,0.31424017009455296
R5_aB_m0,0,10,C,1,4,2.175080910027174,0.30265248020436447,1.5908662869338204,1.0,1.0,0.0,0.4130379494404428,0.4130379494404428
R5_aB_m0,0,10,C,2,4,6.271472617639299,0.778178255251441,9.127968902143992,0.5,0.5,0.0,1.0639441441864006,1.0639441441864006
R5_aB_m0,0,10,C,3,4,3.6849348419571952,0.9695964271683509,13.472442212826014,0.5,0.75,0.0,0.9522670223692998,0.9522670223692998
R5_aB_m0,0,10,C,4,4,2.0063476833380727,0.3489168185022414,2.3027827311343283,1.0,1.0,0.0,0.7619587768907353,0.7619587768907353
R5_aB_m0,0,10,D,0,4,5.225346575518505,1.6388930077935746,65.51753427104211,0.0,0.5,0.08333333333333333,2.063223709297341,1.643209450355493
R5_aB_m0,0,10,D,1,4,5.303104424163543,0.8555841681781288,12.828479482617373,0.25,0.5,0.25,3.9553555917510175,0.8112566044485843
R5_aB_m0,0,10,D,2,4,7.402346445740908,1.7593445750471968,29.653955890763903,0.0,0.0,0.16666666666666666,2.802202033236577,1.0274409194623337
R5_aB_m0,0,10,D,3,4,8.117561502882548,2.113728936304758,53.547472759646354,0.0,0.25,0.0,2.5611060131526724,2.5611060131526724
R5_aB_m0,0,10,D,4,4,7.941667110017387,2.1299479148387785,43.071318421385186,0.25,0.5,0.08333333333333333,1.777900439042992,1.071113793386514
R5_aB_m0,0,10,G1,0,4,2.9963701350876715,1.126521531175232,6.674322320903827,0.75,1.0,0.0,1.8941133734909343,1.8941133734909343
R5_aB_m0,0,10,G1,1,4,5.343705734018309,1.1712322607718642,4.760857020876252,0.75,0.75,0.25,4.1512316838089625,1.0613292262439367
R5_aB_m0,0,10,G1,2,4,5.151886767936238,0.8565336235291869,10.999486655511491,0.5,0.5,0.0,1.0426988921295128,1.0426988921295128
R5_aB_m0,0,10,G1,3,4,5.776520676454296,1.3365985026157703,11.753358040940572,0.25,0.75,0.0,2.097600803130455,2.097600803130455
R5_aB_m0,0,10,G1,4,4,4.976179236158963,1.3422399917034125,5.353206169160683,0.75,0.75,0.0,1.428821998441508,1.428821998441508
R5_aB_m0,0,10,G2,0,4,5.550280137645741,1.844753893726935,29.663722741794928,0.0,0.5,0.0,1.6367027395381206,1.6367027395381206
R5_aB_m0,0,10,G2,1,4,4.4246701987124695,0.7502573084046311,8.518248502635181,0.5,0.5,0.25,4.1488247739177,0.9002471721502641
R5_aB_m0,0,10,G2,2,4,7.375795164435239,1.7682905298894818,28.140325545761193,0.0,0.0,0.0,1.0691191412703582,1.0691191412703582
R5_aB_m0,0,10,G2,3,4,7.379493525498867,1.688916485836133,17.991864555739568,0.0,0.5,0.0,2.0528899431288803,2.0528899431288803
R5_aB_m0,0,10,G2,4,4,7.212893232857284,2.109357957374475,38.56514656577178,0.5,0.5,0.0,0.8949046355209545,0.8949046355209545
R5_aB_m0,0,30,A,0,4,2.7826885585307033,0.5076964457725217,3.279471308236671,1.0,1.0,,,
R5_aB_m0,0,30,A,1,4,4.300219118256271,0.7040560889813934,1.6211636809631318,1.0,1.0,,,
R5_aB_m0,0,30,A,2,4,2.3399762178117713,0.6808592981594276,9.061167748339106,0.5,1.0,,,
R5_aB_m0,0,30,A,3,4,5.523670351499938,1.5155628123449119,4.90223318692745,1.0,1.0,,,
R5_aB_m0,0,30,A,4,4,1.39569524793669,0.41535305177306414,1.7949527122568734,1.0,1.0,,,
R5_aB_m0,0,30,B,0,4,1.7318782284983565,0.4904548259138237,7.803813793829068,0.5,1.0,,,
R5_aB_m0,0,30,B,1,4,4.54735363251801,0.937529834256429,7.1807971305401725,0.5,1.0,,,
R5_aB_m0,0,30,B,2,4,4.878613546693777,0.7375727422109476,12.698194145489435,0.5,0.5,,,
R5_aB_m0,0,30,B,3,4,5.664195881193439,1.6590270571465766,18.415221486737984,0.0,0.5,,,
R5_aB_m0,0,30,B,4,4,5.0005306943597905,1.484125824327158,13.780708338047933,0.5,0.75,,,
R5_aB_m0,0,30,C,0,4,1.1164693932543917,0.503958809143377,2.631264224181203,1.0,1.0,0.0,0.3067060653994088,0.3067060653994088
R5_aB_m0,0,30,C,1,4,1.2200248231730253,0.3102511587231947,1.1093049124197445,1.0,1.0,0.0,0.3669706288089407,0.3669706288089407
R5_aB_m0,0,30,C,2,4,5.641778020307667,0.24486987605796845,6.277925723995603,0.5,0.5,0.0,0.7554996418256427,0.7554996418256427
R5_aB_m0,0,30,C,3,4,2.9256900889956143,0.7079723969789022,10.456435920063505,0.25,0.75,0.0,0.7286168942103792,0.7286168942103792
R5_aB_m0,0,30,C,4,4,1.004763916505617,0.31981120871370666,1.92133038133404,1.0,1.0,0.0,0.09010319216350132,0.09010319216350132
R5_aB_m0,0,30,D,0,4,4.213790805722382,1.131578859937199,18.394021311897312,0.25,0.5,0.08333333333333333,2.195059288680732,1.1846458303301959
R5_aB_m0,0,30,D,1,4,6.959755145452061,1.7020426551319179,51.234690185678865,0.25,0.5,0.25,3.73524781697976,1.0653562886031593
R5_aB_m0,0,30,D,2,4,6.141954978054056,1.0864022568558642,21.635806800032523,0.25,0.0,0.08333333333333333,2.2768241402648663,1.375264081784819
R5_aB_m0,0,30,D,3,4,9.723972693991133,2.5322269312725227,65.9792799143572,0.0,0.25,0.3333333333333333,4.3972717014221185,0.9606659811775976
R5_aB_m0,0,30,D,4,4,5.3631666614826825,1.4107564153058754,22.3010212709942,0.25,0.5,0.16666666666666666,3.4027811107124912,0.7094307425535803
R5_aB_m0,0,30,G1,0,4,2.359854719768658,0.8879091535530702,5.630203816542659,0.75,1.0,0.0,0.91644617148512,0.91644617148512
R5_aB_m0,0,30,G1,1,4,4.677226147692716,0.8972627939950422,3.8587762917875543,1.0,1.0,0.25,2.128923190451259,0.461422744887799
R5_aB_m0,0,30,G1,2,4,5.00325642644034,0.6914074801638307,10.696915506669072,0.5,0.5,0.0,0.9900766356444484,0.9900766356444484
R5_aB_m0,0,30,G1,3,4,6.740935517977229,1.6924616566648796,9.933943304430262,0.0,0.75,0.25,2.0513443462400476,0.48501857933674314
R5_aB_m0,0,30,G1,4,4,3.689759270232249,0.9603911033465332,4.387700757144251,0.75,0.75,0.0,0.821069578336443,0.821069578336443
R5_aB_m0,0,30,G2,0,4,3.1386436624055296,1.0467525723866271,10.541681299419068,0.25,0.75,0.125,2.7892200807235334,1.1957141768377306
R5_aB_m0,0,30,G2,1,4,7.332796358703804,1.8385193219023204,9.967964280517101,0.5,0.5,0.25,3.3346362169142165,0.8857887483736904
R5_aB_m0,0,30,G2,2,4,5.280283208010498,0.6202512771381977,15.279627913293478,0.25,0.25,0.125,2.9402877727879977,1.5486241601359239
R5_aB_m0,0,30,G2,3,4,8.668662653652104,2.1059259827849455,18.17428542979926,0.0,0.5,0.25,3.9238888478019556,1.046040637737784
R5_aB_m0,0,30,G2,4,4,4.137792985095303,0.9364607195401592,8.54048224621071,0.75,0.75,0.125,2.601355533189698,0.9428739818480345
R5_aB_m0,1,10,A,0,4,1.0571288880802407,0.3218234366992407,2.854111091282496,1.0,1.0,,,
R5_aB_m0,1,10,A,1,4,3.1671797363155427,0.6784378116644876,0.9580756223458953,1.0,1.0,,,
R5_aB_m0,1,10,A,2,4,3.7491902755429667,0.6269231996587771,1.9859734256475912,1.0,1.0,,,
R5_aB_m0,1,10,A,3,4,5.40036465684266,1.5654534725891915,6.426485875565635,0.75,1.0,,,
R5_aB_m0,1,10,A,4,4,2.258890559348112,0.6086535451326134,2.5021218508312693,1.0,1.0,,,
R5_aB_m0,1,10,B,0,4,1.009049527359393,0.32068555964288264,9.302163534820028,0.5,1.0,,,
R5_aB_m0,1,10,B,1,4,7.824543882106849,2.1026959578591136,19.490025379834986,0.25,0.75,,,
R5_aB_m0,1,10,B,2,4,3.7262458291968987,0.9095488767592621,6.801992519547552,0.5,1.0,,,
R5_aB_m0,1,10,B,3,4,7.141714963908277,2.273792900225884,53.27068756343613,0.0,0.75,,,
R5_aB_m0,1,10,B,4,4,3.6654987412408984,1.0221246468578924,14.950089684665564,0.25,1.0,,,
R5_aB_m0,1,10,C,0,4,2.6323315946310344,0.342443133699391,2.5216520456946974,1.0,1.0,0.0,0.35172591793415753,0.35172591793415753
R5_aB_m0,1,10,C,1,4,1.205991324023719,0.25663285994498664,1.2923377783045331,1.0,1.0,0.0,0.7096645819545476,0.7096645819545476
R5_aB_m0,1,10,C,2,4,3.1548183603895437,0.46670515547382074,1.658391423801227,1.0,1.0,0.0,1.5328382454338347,1.5328382454338347
R5_aB_m0,1,10,C,3,4,1.4927001585542015,0.7935259922660444,9.973076152865673,0.25,1.0,0.0,1.2051971261872594,1.2051971261872594
R5_aB_m0,1,10,C,4,4,2.555661293459202,0.5953913293811691,2.8453745791436535,1.0,1.0,0.0,0.2180518726921482,0.2180518726921482
R5_aB_m0,1,10,D,0,4,2.8668137628576384,0.8606350678349567,15.453140727831865,0.25,0.75,0.0,1.343260823591399,1.343260823591399
R5_aB_m0,1,10,D,1,4,6.048419986258257,1.557086471987736,38.38840880930558,0.25,0.75,0.08333333333333333,1.903977390191323,1.5280158199377343
R5_aB_m0,1,10,D,2,4,6.0434742865214615,1.630408681932108,24.356099739551155,0.0,0.5,0.0,1.5029296342907956,1.5029296342907956
R5_aB_m0,1,10,D,3,4,7.6628184569276145,2.263638610974856,181.83977576564763,0.0,0.75,0.25,3.6743136101235536,1.4861987645265344
R5_aB_m0,1,10,D,4,4,3.2772547411735293,0.878234162749379,19.235009170599866,0.0,0.75,0.0,1.4002231597479593,1.4002231597479593
R5_aB_m0,1,10,G1,0,4,2.3857861100478597,0.955681271050861,7.570257107293258,0.75,1.0,0.0,0.7485175013336278,0.7485175013336278
R5_aB_m0,1,10,G1,1,4,4.6029590971601655,0.9642107040612455,3.436828980069663,1.0,1.0,0.0,0.8985966596484397,0.8985966596484397
R5_aB_m0,1,10,G1,2,4,3.451677045001698,0.8047712690708692,3.7471232737638056,1.0,1.0,0.0,1.5822857722336845,1.5822857722336845
R5_aB_m0,1,10,G1,3,4,6.5360848650235015,1.82995638843343,15.996041062446793,0.0,0.75,0.25,3.3345067695165804,1.483876639072028
R5_aB_m0,1,10,G1,4,4,4.693951735542224,1.3262115999945487,6.335301031411497,0.5,0.75,0.0,1.1085613893258488,1.1085613893258488
R5_aB_m0,1,10,G2,0,4,2.6749142964985264,0.9119867602833681,11.279926883331028,0.25,0.75,0.0,1.3840792406509725,1.3840792406509725
R5_aB_m0,1,10,G2,1,4,6.35095345521057,1.4992057986642857,8.050002299326534,0.5,0.75,0.0,1.2561288340377996,1.2561288340377996
R5_aB_m0,1,10,G2,2,4,4.690331905159541,1.1110939815453482,6.595292814630048,0.75,0.75,0.0,1.1750654576878379,1.1750654576878379
R5_aB_m0,1,10,G2,3,4,9.50681226231192,2.755798221374015,72.7968417541275,0.0,0.75,0.25,3.156862687854151,1.3722672015012554
R5_aB_m0,1,10,G2,4,4,4.3645108453034585,0.8404631877864497,11.744784449592933,0.5,0.75,0.0,1.1187327226535169,1.1187327226535169
R5_aB_m0,1,30,A,0,4,1.0571288880802407,0.3218234366992407,2.854111091282496,1.0,1.0,,,
R5_aB_m0,1,30,A,1,4,3.1671797363155427,0.6784378116644876,0.9580756223458953,1.0,1.0,,,
R5_aB_m0,1,30,A,2,4,3.7491902755429667,0.6269231996587771,1.9859734256475912,1.0,1.0,,,
R5_aB_m0,1,30,A,3,4,5.40036465684266,1.5654534725891915,6.426485875565635,0.75,1.0,,,
R5_aB_m0,1,30,A,4,4,2.258890559348112,0.6086535451326134,2.5021218508312693,1.0,1.0,,,
R5_aB_m0,1,30,B,0,4,4.047292237221174,1.2325544333027145,15.114235259997432,0.25,0.75,,,
R5_aB_m0,1,30,B,1,4,4.187749447650648,0.8621181775357012,6.1804802807019605,0.75,1.0,,,
R5_aB_m0,1,30,B,2,4,3.7262458291968987,0.9095488767592621,6.801992519547552,0.5,1.0,,,
R5_aB_m0,1,30,B,3,4,4.411708029802323,1.5118512567228835,21.83810617250115,0.25,0.75,,,
R5_aB_m0,1,30,B,4,4,2.7441239616985804,0.6587093189383914,7.942748603124838,0.5,1.0,,,
R5_aB_m0,1,30,C,0,4,2.265356031105263,0.33294782667862255,2.025935142284197,1.0,1.0,0.0,0.5026595340943794,0.5026595340943794
R5_aB_m0,1,30,C,1,4,0.9751941618158727,0.18717335698669552,0.7964896555018322,1.0,1.0,0.0,0.3159547237542729,0.3159547237542729
R5_aB_m0,1,30,C,2,4,2.2216527022846555,0.17583005742054025,1.1501860023000665,1.0,1.0,0.0,0.6266291808037012,0.6266291808037012
R5_aB_m0,1,30,C,3,4,1.4195727934708602,0.7570478281724659,10.20714430734818,0.25,1.0,0.0,0.7345970141293813,0.7345970141293813
R5_aB_m0,1,30,C,4,4,1.7012117377779883,0.46590870500817694,2.5368331973068554,1.0,1.0,0.0,0.07970001412628552,0.07970001412628552
R5_aB_m0,1,30,D,0,4,4.837602081204554,1.4292676707731797,27.150734997689987,0.0,0.5,0.16666666666666666,3.304007730070531,1.029282579438425
R5_aB_m0,1,30,D,1,4,7.883743935348843,1.9417625216967986,52.205692429725154,0.25,0.25,0.16666666666666666,2.8312798597350954,2.2339061170588748
R5_aB_m0,1,30,D,2,4,6.980482562751402,1.796689378041808,50.91471124541667,0.0,0.5,0.0,1.9022216404696897,1.9022216404696897
R5_aB_m0,1,30,D,3,4,7.950943803569416,2.127157933287437,58.62288004954665,0.0,0.5,0.25,3.8485347603862587,2.9757464404280602
R5_aB_m0,1,30,D,4,4,4.483811514048311,1.1524718268003995,14.934563317515556,0.25,0.75,0.08333333333333333,2.6867858127971025,1.5465764221759606
R5_aB_m0,1,30,G1,0,4,3.293488969997532,1.1664959652776352,6.604318048359919,0.75,0.75,0.0,0.7953849658041313,0.7953849658041313
R5_aB_m0,1,30,G1,1,4,4.373864885794472,0.8542529284491979,3.0268265395611307,1.0,1.0,0.0,1.6907832782922405,1.6907832782922405
R5_aB_m0,1,30,G1,2,4,4.101064889767406,0.9014306976713277,4.369956757890298,1.0,1.0,0.0,1.2215949692349908,1.2215949692349908
R5_aB_m0,1,30,G1,3,4,5.196433709485309,1.216729729424107,13.620184533593871,0.25,0.75,0.0,2.8373211588984315,2.8373211588984315
R5_aB_m0,1,30,G1,4,4,3.390536946235804,0.9807386460538214,4.270820874138579,1.0,0.75,0.0,1.1283641580515251,1.1283641580515251
R5_aB_m0,1,30,G2,0,4,3.1555483372755124,1.0223610309417739,12.80135948382491,0.25,0.75,0.125,2.797685869524038,1.2628910064864884
R5_aB_m0,1,30,G2,1,4,7.271880259760354,1.747266120701359,7.619212460576051,0.5,0.75,0.125,2.822826525982219,2.3539278495699465
R5_aB_m0,1,30,G2,2,4,6.673255255443732,1.6632543002906865,12.538362046607094,0.25,0.5,0.0,1.830642079756966,1.830642079756966
R5_aB_m0,1,30,G2,3,4,6.984414382436249,1.742174273677568,18.827543295505144,0.0,0.75,0.125,3.4790411730570563,3.2375690513407376
R5_aB_m0,1,30,G2,4,4,4.521155369023756,0.9363245956949174,8.614512146473391,0.5,0.75,0.125,3.3396571380622806,1.4460963685455683
R5_aB_m0,2,10,A,0,4,2.194717153430061,0.4175775909127546,2.232993587515461,1.0,1.0,,,
R5_aB_m0,2,10,A,1,4,2.5316752322269456,0.5225995743767224,3.493781983616697,1.0,1.0,,,
R5_aB_m0,2,10,A,2,4,1.4269023266889191,0.5095751043533849,5.2933682162757965,0.5,1.0,,,
R5_aB_m0,2,10,A,3,4,3.6338294072358814,1.8172649273973118,27.82612877880493,0.5,1.0,,,
R5_aB_m0,2,10,A,4,4,2.883129231742216,0.6646569238570316,8.975175398084616,0.25,1.0,,,
R5_aB_m0,2,10,B,0,4,5.611597997896812,1.4175012278004737,14.92925893182055,0.5,0.75,,,
R5_aB_m0,2,10,B,1,4,4.497272344796426,0.9170264683143409,44.07571498255645,0.25,0.75,,,
R5_aB_m0,2,10,B,2,4,3.149285035427511,0.8121908311486454,14.949305693272807,0.25,1.0,,,
R5_aB_m0,2,10,B,3,4,6.2289218140315405,1.6624265358920605,50.330876954766836,0.0,0.25,,,
R5_aB_m0,2,10,B,4,4,4.209736093400036,1.161447647199667,24.11576530132655,0.0,0.75,,,
R5_aB_m0,2,10,C,0,4,1.4661288552741338,0.3556025377002631,2.2401136617620394,1.0,1.0,0.0,0.3145338292891782,0.3145338292891782
R5_aB_m0,2,10,C,1,4,4.954238107350251,0.18147315466434885,2.928705947598683,1.0,0.75,0.0,0.3988411453597782,0.3988411453597782
R5_aB_m0,2,10,C,2,4,2.950262965498207,0.22620798845606394,3.3102178703245935,1.0,0.75,0.0,0.45127586192212404,0.45127586192212404
R5_aB_m0,2,10,C,3,4,5.886177997512256,1.010993709307796,25.748747195882906,0.25,0.5,0.0,1.249568079796591,1.249568079796591
R5_aB_m0,2,10,C,4,4,4.027858005353451,0.39345665107469163,8.457284583642824,0.25,1.0,0.0,0.4731963601290285,0.4731963601290285
R5_aB_m0,2,10,D,0,4,5.075715493495172,1.4707313809323577,19.927036876215297,0.25,0.5,0.16666666666666666,2.5917781278373697,0.8999037286309931
R5_aB_m0,2,10,D,1,4,5.113109843571645,1.0674743287870458,47.64246779536219,0.0,0.5,0.08333333333333333,1.796239792381335,1.1926447413520174
R5_aB_m0,2,10,D,2,4,3.1173493006391486,0.8525000087561005,13.003185077528471,0.25,0.75,0.08333333333333333,2.0156352727124416,1.3508201305847731
R5_aB_m0,2,10,D,3,4,5.5403112863548225,1.4825941181456919,48.588521714971414,0.0,0.25,0.3333333333333333,4.641244737740028,2.599368530564627
R5_aB_m0,2,10,D,4,4,5.608182779516192,1.2813751309008563,31.42350701927525,0.0,0.5,0.16666666666666666,2.6499161218493397,1.1188863852150006
R5_aB_m0,2,10,G1,0,4,3.789535806502681,1.1209002196651623,5.0715632245036355,1.0,1.0,0.0,0.8077486752315945,0.8077486752315945
R5_aB_m0,2,10,G1,1,4,3.9157755596627695,0.6880421781472407,5.967001597611124,0.5,1.0,0.0,1.0053024332221743,1.0053024332221743
R5_aB_m0,2,10,G1,2,4,2.6977602203529076,0.6334802378641311,7.411667415933841,0.5,1.0,0.0,1.2077030484777205,1.2077030484777205
R5_aB_m0,2,10,G1,3,4,4.625493224307717,1.0969201959628634,28.53000880255302,0.0,0.5,0.0,2.2599207575686506,2.2599207575686506
R5_aB_m0,2,10,G1,4,4,3.6362093388513568,0.7231760029282981,12.847068369391124,0.25,1.0,0.0,0.6404435829563856,0.6404435829563856
R5_aB_m0,2,10,G2,0,4,3.2494936805649957,0.9796922038810058,8.107739028447902,0.5,0.75,0.125,1.946561222043564,0.9349976268368504
R5_aB_m0,2,10,G2,1,4,5.970020001410762,1.4324181427074927,23.988301751087963,0.25,0.5,0.0,1.4637771323320117,1.4637771323320117
R5_aB_m0,2,10,G2,2,4,2.874138427525301,0.7122333674155092,10.119057921468123,0.25,0.75,0.125,2.493959067869122,1.4207793701858988
R5_aB_m0,2,10,G2,3,4,5.242986414036661,1.2826875597284153,31.872968469212807,0.0,0.5,0.25,4.266625376154334,2.9997860202828424
R5_aB_m0,2,10,G2,4,4,4.813159015295823,0.9646948716795661,19.689249832334188,0.25,0.75,0.125,2.595546553843597,1.5280455704612022
R5_aB_m0,2,30,A,0,4,2.194717153430061,0.4175775909127546,2.232993587515461,1.0,1.0,,,
R5_aB_m0,2,30,A,1,4,2.5316752322269456,0.5225995743767224,3.493781983616697,1.0,1.0,,,
R5_aB_m0,2,30,A,2,4,1.4269023266889191,0.5095751043533849,5.2933682162757965,0.5,1.0,,,
R5_aB_m0,2,30,A,3,4,3.6338294072358814,1.8172649273973118,27.82612877880493,0.5,1.0,,,
R5_aB_m0,2,30,A,4,4,2.883129231742216,0.6646569238570316,8.975175398084616,0.25,1.0,,,
R5_aB_m0,2,30,B,0,4,5.611597997896812,1.4175012278004737,14.92925893182055,0.5,0.75,,,
R5_aB_m0,2,30,B,1,4,3.273805007356023,0.3040326784441681,7.104583856049214,0.5,1.0,,,
R5_aB_m0,2,30,B,2,4,2.3567285477231987,0.3701932564784779,8.137615051789227,0.5,1.0,,,
R5_aB_m0,2,30,B,3,4,6.2289218140315405,1.6624265358920605,50.330876954766836,0.0,0.25,,,
R5_aB_m0,2,30,B,4,4,3.0494695268767527,0.43641908693423775,14.309933765310802,0.25,1.0,,,
R5_aB_m0,2,30,C,0,4,0.6377361804474913,0.39490773784083466,2.5090183054585187,1.0,1.0,0.0,0.1983787723928797,0.1983787723928797
R5_aB_m0,2,30,C,1,4,3.3329005303018597,0.17714046777127015,1.6930773783215236,1.0,1.0,0.0,0.46585303109131965,0.46585303109131965
R5_aB_m0,2,30,C,2,4,2.9406200151724877,0.24787646833335134,3.488396526389695,1.0,0.5,0.0,0.2641014488631299,0.2641014488631299
R5_aB_m0,2,30,C,3,4,5.290222792909357,0.8787874394623163,23.75657762740516,0.25,0.5,0.0,0.9569717551055258,0.9569717551055258
R5_aB_m0,2,30,C,4,4,4.145372297925985,0.39464146287878277,7.0253345491932535,0.75,0.75,0.0,0.3372167474190559,0.3372167474190559
R5_aB_m0,2,30,D,0,4,5.093786192174635,1.5089740133061031,25.794158161475746,0.25,0.5,0.16666666666666666,4.125315589415078,1.2519844574926453
R5_aB_m0,2,30,D,1,4,5.333337851928958,1.0696485362288668,16.272648135706334,0.25,0.5,0.08333333333333333,2.2277966505137172,1.4805736167083239
R5_aB_m0,2,30,D,2,4,3.4962934656151594,0.9159069541722228,15.874280586000175,0.25,0.75,0.16666666666666666,3.388651124937626,1.2111886668829834
R5_aB_m0,2,30,D,3,4,4.713627755363449,1.4157536960308943,40.86132724343463,0.0,0.25,0.3333333333333333,5.100372139487044,2.957173878570652
R5_aB_m0,2,30,D,4,4,5.749244918502704,0.9439376744311925,23.91323726030123,0.25,0.5,0.08333333333333333,2.1763204823814086,1.3678240754472069
R5_aB_m0,2,30,G1,0,4,4.042659877494228,1.2407008758717788,5.524876091224916,1.0,0.75,0.0,0.989016612004682,0.989016612004682
R5_aB_m0,2,30,G1,1,4,4.178549929230634,0.8191324378679218,5.803130407254589,0.5,0.75,0.0,1.0393833947915916,1.0393833947915916
R5_aB_m0,2,30,G1,2,4,3.2491512510286835,0.7894790799996599,6.78240832278004,0.5,1.0,0.0,0.798867305562303,0.798867305562303
R5_aB_m0,2,30,G1,3,4,4.487575599140351,1.0352455564839065,28.121346019621832,0.0,0.5,0.0,2.818336004264908,2.818336004264908
R5_aB_m0,2,30,G1,4,4,3.577490737446392,0.49817538936786854,12.317286744787475,0.25,0.75,0.0,0.9403822079713042,0.9403822079713042
R5_aB_m0,2,30,G2,0,4,3.4834305570478183,1.090167378092328,11.344917185528367,0.5,0.75,0.125,3.2409924601883557,1.5024810682780445
R5_aB_m0,2,30,G2,1,4,4.33793076594137,0.5999993930288289,10.126986133248916,0.25,0.75,0.125,2.828249289335353,1.7053992320145197
R5_aB_m0,2,30,G2,2,4,3.641599089247377,0.9304686934018129,11.103182195709872,0.25,0.75,0.125,3.3349638309566663,1.3489985035113055
R5_aB_m0,2,30,G2,3,4,4.397001355550871,0.9961520377013477,30.17987143826566,0.0,0.5,0.375,5.346303426865199,2.738868960744643
R5_aB_m0,2,30,G2,4,4,4.7414222795410454,0.6745247233728701,16.975557047714574,0.25,0.75,0.125,2.6796879755512206,1.3424167523202302
