case,station,drift,seed,snr,heading_abs_deg_D_minus_control,pos_error_m_D_minus_control,nees_pose_df3_D_minus_control,control
R2_aA_m0,1,0,0,30,5.172720559555801,1.156294079259005,28.61704836673654,A
R2_aA_m0,1,0,0,10,5.7612541181611885,1.3792659489108132,23.92450588319903,A
R2_aA_m0,1,0,1,30,3.460864606904941,1.0585787429410805,56.84113903972297,A
R2_aA_m0,1,0,1,10,2.8875889010104587,0.9295098730574989,67.76477655992758,A
R2_aA_m0,1,0,2,30,2.0538475139526695,0.6385704132427781,24.106360096114216,A
R2_aA_m0,1,0,2,10,2.5590678820936037,0.83247991152341,33.10051988711825,A
R2_aA_m0,1,0,3,30,0.13215274347183392,0.055567103334720036,55.507529034706174,A
R2_aA_m0,1,0,3,10,0.5992623095934073,0.19318418636693435,38.76715600467347,A
R2_aA_m0,1,0,4,30,2.8512943222363227,0.6558848115554707,23.330086026848782,A
R2_aA_m0,1,0,4,10,0.0636632604179157,-0.09895890091075332,7.588034116420997,A
R2_aA_m0,1,1,0,30,2.515954767006692,0.46162080326295185,10.665236284238564,A
R2_aA_m0,1,1,0,10,3.170661385430862,0.64477141576653,10.623872867572732,A
R2_aA_m0,1,1,1,30,2.5051318503836644,0.7843029632682328,44.16422502695412,A
R2_aA_m0,1,1,1,10,4.156342184086164,1.257510895693429,51.599322184737865,A
R2_aA_m0,1,1,2,30,3.823234171348598,1.1761953314488884,52.22191618197925,A
R2_aA_m0,1,1,2,10,5.474358532373834,1.6428057467847312,56.55705749079407,A
R2_aA_m0,1,1,3,30,-0.29283553524989436,-0.10029077662852237,49.46942717578282,A
R2_aA_m0,1,1,3,10,-0.5282063180393592,-0.16511792947728332,30.04516936798774,A
R2_aA_m0,1,1,4,30,2.4620595277318547,0.5874366552260856,23.388983070492216,A
R2_aA_m0,1,1,4,10,3.0119588844748515,0.7412642918397859,15.064243278266755,A
R2_aA_m0,1,2,0,30,3.204966080217861,0.9498125211514639,31.78404549864885,A
R2_aA_m0,1,2,0,10,3.009894749697174,0.9089623849411923,15.441228702457982,A
R2_aA_m0,1,2,1,30,2.1730458181700048,0.661731437924233,30.673516106965387,A
R2_aA_m0,1,2,1,10,-0.22708716825993713,-0.050569902250833465,12.88091830415472,A
R2_aA_m0,1,2,2,30,1.4065548707810405,0.3842380975166173,27.374856447558308,A
R2_aA_m0,1,2,2,10,0.414139719634826,0.14065395309296425,21.300778877180345,A
R2_aA_m0,1,2,3,30,-2.4289247222679853,-0.8894093230729755,14.446841260462978,A
R2_aA_m0,1,2,3,10,-4.011904050805827,-1.2707536812260503,8.804485563831413,A
R2_aA_m0,1,2,4,30,2.1448351981408753,0.6443824695123671,16.933194677189835,A
R2_aA_m0,1,2,4,10,-2.197013720383993,-0.597972950665472,10.306576581521345,A
R2_aA_m0,2,0,0,30,4.633263441394649,1.1792923376347313,14.323123155592517,A
R2_aA_m0,2,0,0,10,6.889133448953497,1.783763792629009,15.829261202916166,A
R2_aA_m0,2,0,1,30,2.445893347734796,0.7497510642218007,20.64927832700308,A
R2_aA_m0,2,0,1,10,3.4055310671818195,1.018482432639496,19.237595554254725,A
R2_aA_m0,2,0,2,30,4.853248919397086,1.4437873439918072,20.07999868241417,A
R2_aA_m0,2,0,2,10,2.236867114694559,0.6951674807057466,3.4087241335582714,A
R2_aA_m0,2,0,3,30,2.825227064033761,0.7841234992670354,31.637255906540013,A
R2_aA_m0,2,0,3,10,1.4164661519608308,0.42709768003851,18.85671571250922,A
R2_aA_m0,2,0,4,30,0.6300798253132731,0.6681995238639817,11.932211315017556,A
R2_aA_m0,2,0,4,10,-1.7568201424377963,-0.01300263361438192,-0.6684845091691627,A
R2_aA_m0,2,1,0,30,4.618683675497985,1.1110828762975573,13.05584209452693,A
R2_aA_m0,2,1,0,10,3.749211004700077,0.8634113594683798,9.131026338562542,A
R2_aA_m0,2,1,1,30,2.3107566989080834,0.730534030550836,26.46610440505198,A
R2_aA_m0,2,1,1,10,1.5135113326624556,0.44664862405742933,7.807602990875415,A
R2_aA_m0,2,1,2,30,2.02331183284467,0.6545752882965347,18.31280302063201,A
R2_aA_m0,2,1,2,10,3.273600170817044,0.9966595862235964,20.250173094390952,A
R2_aA_m0,2,1,3,30,0.45196933229638603,0.04735083957359665,23.63954647969547,A
R2_aA_m0,2,1,3,10,-0.9280438479308812,-0.3436710739252511,16.75802360651073,A
R2_aA_m0,2,1,4,30,-2.0041853203469038,0.3935935056208296,9.751338588037575,A
R2_aA_m0,2,1,4,10,-3.654102728538352,-0.003297001456853188,4.9421329136770815,A
R2_aA_m0,2,2,0,30,1.7555477584453674,0.7751533378515937,12.737839194477386,A
R2_aA_m0,2,2,0,10,1.7140574848838632,0.7584503320968766,11.735528586234992,A
R2_aA_m0,2,2,1,30,0.820848901965558,0.2907925702537275,18.3018843006532,A
R2_aA_m0,2,2,1,10,1.3254811703948208,0.4057814509744695,16.766500283613638,A
R2_aA_m0,2,2,2,30,1.5500932352048857,0.38028225973972296,15.060275462431347,A
R2_aA_m0,2,2,2,10,-2.526471299515186,-0.7576641166344844,1.1559441551734393,A
R2_aA_m0,2,2,3,30,-3.5638339639621806,-1.2940623013620118,2.838204562405183,A
R2_aA_m0,2,2,3,10,-0.9705137738327032,-1.1065153999600534,-5.200523018703988,A
R2_aA_m0,2,2,4,30,1.4365118230734386,0.8062201974863334,12.778428394275611,A
R2_aA_m0,2,2,4,10,0.7894081263301578,0.6495797536024361,9.413316893829553,A
R2_aA_m45,1,0,0,30,2.3494805955740157,0.35438807659644644,21.963700033425226,A
R2_aA_m45,1,0,0,10,3.9652045168023253,0.8445204402522904,22.95854744307226,A
R2_aA_m45,1,0,1,30,3.00983106044322,0.9628394111608953,41.5987695112478,A
R2_aA_m45,1,0,1,10,3.291225180508343,1.0472073354073266,42.80407706740625,A
R2_aA_m45,1,0,2,30,-0.21331941894602835,-0.025337193637940625,21.09664226164502,A
R2_aA_m45,1,0,2,10,-1.8228206801268054,-0.45508914736402045,19.607953508867457,A
R2_aA_m45,1,0,3,30,0.22287650132519587,0.12086355875545363,49.57442177644835,A
R2_aA_m45,1,0,3,10,0.8727087619773854,0.2992541314916135,59.209864543277064,A
R2_aA_m45,1,0,4,30,0.9473598265501408,0.15377020465342195,23.71592868950279,A
R2_aA_m45,1,0,4,10,-0.4292702566697074,-0.2122846042245612,14.944794412193804,A
R2_aA_m45,1,1,0,30,0.5174766939546029,-0.0373729668601456,21.940699333317095,A
R2_aA_m45,1,1,0,10,0.7808023998736016,0.0505909634141129,33.467797838766096,A
R2_aA_m45,1,1,1,30,1.0733932522296055,0.37211163063701846,27.48977865896135,A
R2_aA_m45,1,1,1,10,2.4367171697803975,0.7985585847657464,36.36980911031572,A
R2_aA_m45,1,1,2,30,3.224252574584401,1.0185911772512817,37.40134943344381,A
R2_aA_m45,1,1,2,10,3.2292184029324527,0.9916686032558792,31.0356344652639,A
R2_aA_m45,1,1,3,30,0.20454087106382968,0.0968797852294383,55.56542250114254,A
R2_aA_m45,1,1,3,10,0.8144063338902976,0.29829853704374343,72.02792376122073,A
R2_aA_m45,1,1,4,30,0.7444838374995839,0.11234799198673362,24.603216468570846,A
R2_aA_m45,1,1,4,10,-1.0366323584192028,-0.37081928921237317,7.199101475108762,A
R2_aA_m45,1,2,0,30,1.2729254796990541,0.43142120403826706,24.023843002045496,A
R2_aA_m45,1,2,0,10,5.003748758853407,1.5476389022913792,32.40931126208492,A
R2_aA_m45,1,2,1,30,-0.6736917271763216,-0.17688242181067115,24.269626538054794,A
R2_aA_m45,1,2,1,10,-2.3416033515753436,-0.4740645078709106,23.940930669476494,A
R2_aA_m45,1,2,2,30,1.0541620768829936,0.3293640921124874,35.285380181053924,A
R2_aA_m45,1,2,2,10,1.1119696144978017,0.3235811094751593,35.39931044151494,A
R2_aA_m45,1,2,3,30,-3.2116716044286893,-1.0162912982731767,29.360057243504187,A
R2_aA_m45,1,2,3,10,-3.753921053647768,-1.1514116181554592,17.628456095202623,A
R2_aA_m45,1,2,4,30,-3.2240440450859795,-0.6795817463462108,21.03605242692225,A
R2_aA_m45,1,2,4,10,-2.5870378993464205,-0.6137176745201094,32.022788625147996,A
R2_aA_m45,2,0,0,30,0.19698641702334146,-0.06813086574525459,4.6022800942719915,A
R2_aA_m45,2,0,0,10,0.10356152208052255,-0.0824979872315529,4.7339741963865665,A
R2_aA_m45,2,0,1,30,-2.282262894157809,-0.625263781091019,3.759172745643644,A
R2_aA_m45,2,0,1,10,-3.058228821880193,-0.730698405503251,3.5673687488403107,A
R2_aA_m45,2,0,2,30,-0.6859459355172394,-0.17127699875008928,4.245675873114395,A
R2_aA_m45,2,0,2,10,-0.1416132867433224,-0.0187128431468242,4.254280749708377,A
R2_aA_m45,2,0,3,30,-2.2121655083183365,-0.6398878032586706,7.147598665821182,A
R2_aA_m45,2,0,3,10,-0.26871095221191243,-0.06847832981555402,12.039376029120804,A
R2_aA_m45,2,0,4,30,-2.7797232102810026,-0.21949872609003812,4.287516601069535,A
R2_aA_m45,2,0,4,10,-2.4368500444303267,-0.32313610519749536,4.3066359109355705,A
R2_aA_m45,2,1,0,30,0.6193182151285077,0.0007837899775768042,4.612198781231405,A
R2_aA_m45,2,1,0,10,0.4683850431227971,0.1853220619578544,5.765011055532977,A
R2_aA_m45,2,1,1,30,-2.5984704236009,-0.6959515111441275,5.4339354117647165,A
R2_aA_m45,2,1,1,10,-0.6447731537013262,-0.12456740895007268,9.038436792095187,A
R2_aA_m45,2,1,2,30,-2.9927910845188745,-0.8230947973165956,2.101362584262981,A
R2_aA_m45,2,1,2,10,-2.3166890198685133,-0.4504591758815115,2.6461436348228045,A
R2_aA_m45,2,1,3,30,-3.5538741942393584,-1.043334165537007,8.040950996452892,A
R2_aA_m45,2,1,3,10,-3.190020573235653,-0.9581383236136156,3.655121507501245,A
R2_aA_m45,2,1,4,30,-4.267165915043012,-0.39141559414649707,4.133497123627835,A
R2_aA_m45,2,1,4,10,-3.2118603913351222,-0.6667083345362083,4.317886295660722,A
R2_aA_m45,2,2,0,30,-1.974914293004346,-0.22227622943171219,4.38164784826993,A
R2_aA_m45,2,2,0,10,-0.3951447867720157,-0.10793755373478947,5.869723212865203,A
R2_aA_m45,2,2,1,30,-3.648146924885734,-1.0119579756524477,5.1519395977979014,A
R2_aA_m45,2,2,1,10,-2.0350049409925637,-0.5736279138018786,6.9969043896378755,A
R2_aA_m45,2,2,2,30,-1.6094623617715167,-0.4548378184692791,5.00637009401045,A
R2_aA_m45,2,2,2,10,-1.225297956042961,-0.34676614397389044,5.461480522337446,A
R2_aA_m45,2,2,3,30,-2.899772914651409,-1.4555358175306004,3.334259391162872,A
R2_aA_m45,2,2,3,10,-2.4965520256239753,-1.4519766407851624,3.7549507194336886,A
R2_aA_m45,2,2,4,30,-2.3114296752267824,-0.23954815972477073,4.376022281796829,A
R2_aA_m45,2,2,4,10,-1.770761008153134,-0.04323752287292315,4.569572304635425,A
R2_aB_m0,1,0,0,30,3.8737890065725105,1.098983365025663,4.381700376513862,A
R2_aB_m0,1,0,0,10,2.541937184812689,0.7348158613079556,1.4563920411627245,A
R2_aB_m0,1,0,1,30,-1.9048079386846442,-0.49692864373666884,2.4374386730723394,A
R2_aB_m0,1,0,1,10,-3.865325957795063,-0.8295245021013313,1.1854665579381418,A
R2_aB_m0,1,0,2,30,-0.051419507479060655,-0.05350116007658523,3.9020371371412965,A
R2_aB_m0,1,0,2,10,-0.8794582634852062,-0.2904472955209777,2.087614932101423,A
R2_aB_m0,1,0,3,30,-3.0638921652802296,-0.8368887816284569,9.271112270817095,A
R2_aB_m0,1,0,3,10,-2.6100856690060352,-0.7228532783639898,10.611004405522136,A
R2_aB_m0,1,0,4,30,4.005086704381786,1.1657540898472527,6.8075776520671445,A
R2_aB_m0,1,0,4,10,2.6941356581014944,0.7891251433246269,3.5318446433473345,A
R2_aB_m0,1,1,0,30,4.031270826348856,1.1352692962067943,4.20520276443049,A
R2_aB_m0,1,1,0,10,2.2400209993847735,0.6307786134713774,1.3786001884346026,A
R2_aB_m0,1,1,1,30,-1.454913427916583,-0.3751709390490316,2.684043696514992,A
R2_aB_m0,1,1,1,10,-1.3167856022937823,-0.3312404610411172,2.9254936032780767,A
R2_aB_m0,1,1,2,30,-1.4885808197935337,-0.35308984541926436,1.6975541608024995,A
R2_aB_m0,1,1,2,10,-0.6663525211277896,-0.12066883136303508,3.0895543988726777,A
R2_aB_m0,1,1,3,30,-2.9856245116577584,-0.8662064225503269,3.1081266934312257,A
R2_aB_m0,1,1,3,10,-4.5990203006066785,-1.2866529730643639,2.372125603664222,A
R2_aB_m0,1,1,4,30,5.051668373322462,1.5080802175888548,5.899473575353442,A
R2_aB_m0,1,1,4,10,4.230719518909033,1.2817216316548308,3.955785791291847,A
R2_aB_m0,1,2,0,30,2.580686924135233,0.73594768322676,6.303139266665753,A
R2_aB_m0,1,2,0,10,-0.8031584717627394,-0.2516418870627889,1.095148044869872,A
R2_aB_m0,1,2,1,30,-3.378057481763854,-0.9480303462680083,0.6853766417189924,A
R2_aB_m0,1,2,1,10,-3.3866647471814346,-0.9495097688835087,0.6544082504400519,A
R2_aB_m0,1,2,2,30,0.1414239129261312,-0.15478871073756795,3.766526475465115,A
R2_aB_m0,1,2,2,10,-1.6623530345279385,-0.6520419542237745,0.9735144647605898,A
R2_aB_m0,1,2,3,30,-4.573248894001367,-1.2261167783580673,-1.720368740000378,A
R2_aB_m0,1,2,3,10,-5.389769353878817,-1.4132517472667274,-3.26812155245693,A
R2_aB_m0,1,2,4,30,0.3095063367743931,0.04901654759132468,5.933065814566394,A
R2_aB_m0,1,2,4,10,-1.696027763483944,-0.5142206849318173,1.82385725548981,A
R2_aB_m0,2,0,0,30,0.8321850577293451,0.24605955226240062,0.35081615671851407,A
R2_aB_m0,2,0,0,10,0.7826437426704035,0.23196455893689233,0.3041424089171747,A
R2_aB_m0,2,0,1,30,-2.351506703123246,-0.6792501028227806,-0.2793314842239939,A
R2_aB_m0,2,0,1,10,-2.101480071865825,-0.607493862890441,-0.24303671793012907,A
R2_aB_m0,2,0,2,30,-3.721961036447468,-1.0502641250329152,-0.9266702113268963,A
R2_aB_m0,2,0,2,10,-2.158189031435872,-0.5025158716428846,11.394951341779478,A
R2_aB_m0,2,0,3,30,-1.2967314220009523,-1.0611750043128283,8.720954310296662,A
R2_aB_m0,2,0,3,10,-1.2148769055543933,-1.0808754480145109,8.69129559880433,A
R2_aB_m0,2,0,4,30,1.7502718670767827,0.4915084980432284,0.6437508562947145,A
R2_aB_m0,2,0,4,10,0.6858841435323948,0.010766730592415924,1.351424625384782,A
R2_aB_m0,2,1,0,30,-2.722513703959492,-0.0538811934064074,-0.8362250816654866,A
R2_aB_m0,2,1,0,10,-3.1926677961911962,0.2779789688783278,3.5724516010754837,A
R2_aB_m0,2,1,1,30,-1.4481758312941946,-0.4606228789012339,0.3756188735818673,A
R2_aB_m0,2,1,1,10,-0.1346066329228357,-0.38291269088858904,2.953239048846295,A
R2_aB_m0,2,1,2,30,-2.486137956438913,-0.6680882300575581,-0.7697608404671052,A
R2_aB_m0,2,1,2,10,-2.397017746144937,-0.6436870257208492,-0.7470106677229253,A
R2_aB_m0,2,1,3,30,-2.6257044596168164,-1.0677926456594629,0.9192298115842075,A
R2_aB_m0,2,1,3,10,-3.0493701127380586,-0.9526063651595724,3.7331660097608435,A
R2_aB_m0,2,1,4,30,5.48999014326595,1.5194452202159447,41.04413160345084,A
R2_aB_m0,2,1,4,10,6.410989265076867,1.8400550097510013,65.06755771235044,A
R2_aB_m0,2,2,0,30,6.427007208312367,2.069720206279675,56.78544736333792,A
R2_aB_m0,2,2,0,10,0.13535901043279075,0.3481658151869269,0.2538259467981201,A
R2_aB_m0,2,2,1,30,-2.0853155406992023,-0.5923722359394769,0.0407609980300454,A
R2_aB_m0,2,2,1,10,-1.7711327345909489,-0.4265128945381478,10.330308592594832,A
R2_aB_m0,2,2,2,30,-1.9408002038198564,-0.7209804952775334,0.045273468046380994,A
R2_aB_m0,2,2,2,10,-1.826047542910207,-0.6941612169984892,1.7048607074382411,A
R2_aB_m0,2,2,3,30,1.9385308747457106,-0.9507469318934016,1.8559872434737095,A
R2_aB_m0,2,2,3,10,3.3431137534053295,-0.6585270388572966,17.94580946979525,A
R2_aB_m0,2,2,4,30,3.700187321430215,0.9787567951485752,41.13181769516091,A
R2_aB_m0,2,2,4,10,3.157575154935287,0.7975363067327093,31.405548997341867,A
R4_aA_m0,3,0,0,30,1.8139695648620675,0.1517348633190892,0.3638242498212998,A
R4_aA_m0,3,0,0,10,1.9357921665195776,0.1626591434727579,0.43362277016170414,A
R4_aA_m0,3,0,1,30,-3.1034503015788357,-0.0715463270623258,-1.477521108960384,A
R4_aA_m0,3,0,1,10,-3.0443937396265737,-0.07007959157370869,-1.518748490681833,A
R4_aA_m0,3,0,2,30,-1.8636695474943878,-0.1440622772369977,-0.6266654044068586,A
R4_aA_m0,3,0,2,10,-1.6977328932163511,-0.13055416349263937,-0.5542367812083009,A
R4_aA_m0,3,0,3,30,-5.9107385924119535,-0.47231543992232217,-1.9144852913598294,A
R4_aA_m0,3,0,3,10,-5.318603264190889,-0.4215331341969457,-1.8724924790999973,A
R4_aA_m0,3,0,4,30,-0.1777438159432594,-0.014743592507649693,0.5898485465796094,A
R4_aA_m0,3,0,4,10,-0.06274278076327455,-0.004667768846723694,0.6895650591416995,A
R4_aA_m0,3,1,0,30,1.1113754666876219,0.0887212078643797,0.35338670818272533,A
R4_aA_m0,3,1,0,10,1.4507556468309262,0.12098976597011321,0.586866008788117,A
R4_aA_m0,3,1,1,30,-3.616675007332768,-0.0857182146452197,-1.8810868792928102,A
R4_aA_m0,3,1,1,10,-3.0589258428983754,-0.036693675682963306,-1.6833517715817352,A
R4_aA_m0,3,1,2,30,-1.6146611336122616,-0.1527218366196192,-0.5460127493675686,A
R4_aA_m0,3,1,2,10,-1.798176892420621,-0.1606589510191405,-0.6080258141451159,A
R4_aA_m0,3,1,3,30,-5.484236847912568,-0.4389349505462171,-1.7149913364876652,A
R4_aA_m0,3,1,3,10,-5.413634106583784,-0.43148333971670383,-1.7031286946665642,A
R4_aA_m0,3,1,4,30,-0.7739491058092371,-0.063114305362529,0.5397064892574699,A
R4_aA_m0,3,1,4,10,-0.7657118165965908,-0.0608276874454085,0.4970657290899494,A
R4_aA_m0,3,2,0,30,1.0937460945877997,0.20643501950629484,0.0383702921788136,A
R4_aA_m0,3,2,0,10,1.0981406203700983,0.20444943529801612,-0.012756867698735963,A
R4_aA_m0,3,2,1,30,-2.4205217879287866,-0.0804627379747016,-0.8412338594297083,A
R4_aA_m0,3,2,1,10,-2.350389305190448,-0.0761739300285744,-0.8165921359281982,A
R4_aA_m0,3,2,2,30,-2.6752516412601643,-0.1717715412381854,-1.1971734579921025,A
R4_aA_m0,3,2,2,10,-3.016434629046326,-0.19271468244077972,-1.2622316645930658,A
R4_aA_m0,3,2,3,30,-5.67264911376925,-0.4480784631257971,-1.8635905904178491,A
R4_aA_m0,3,2,3,10,-5.305771182133391,-0.418332462724075,-1.8533376734580342,A
R4_aA_m0,3,2,4,30,-0.5833719655487553,-0.0479858924616111,0.5841253652247201,A
R4_aA_m0,3,2,4,10,-0.3290665566332269,-0.026330414911115804,0.7861428167502366,A
R4_aA_m0,4,0,0,30,1.4463182155158427,-0.026859303446906596,1.6804689433023459,A
R4_aA_m0,4,0,0,10,1.7240396122106059,-0.002457523761359298,1.8569990780134757,A
R4_aA_m0,4,0,1,30,-1.1164193337033335,-0.12016417541987587,1.1652190222033636,A
R4_aA_m0,4,0,1,10,-1.221434774317534,-0.13290021264330668,1.1148980028854227,A
R4_aA_m0,4,0,2,30,0.18798386859836702,0.011720337940074793,0.5825504054528539,A
R4_aA_m0,4,0,2,10,0.5980549897528453,0.057580642935533416,0.9694537215599301,A
R4_aA_m0,4,0,3,30,-3.94523740107192,-0.43391675441343946,1.0046057598574034,A
R4_aA_m0,4,0,3,10,-3.3124686029236914,-0.36338294841934227,1.830707556455014,A
R4_aA_m0,4,0,4,30,0.3458774515137675,0.047906571282043994,1.4832280520635173,A
R4_aA_m0,4,0,4,10,0.3246877875285079,0.0480615648055311,1.4643128902373266,A
R4_aA_m0,4,1,0,30,0.9382993570830208,0.006996785969382607,1.6748315849561686,A
R4_aA_m0,4,1,0,10,0.9229289822407728,0.007697871769030501,1.5980733241975966,A
R4_aA_m0,4,1,1,30,-0.41056561854368434,-0.045547267328857,1.095255741555856,A
R4_aA_m0,4,1,1,10,-0.5844064093286159,-0.06429207976005061,0.9093132127958985,A
R4_aA_m0,4,1,2,30,0.7546932541321065,0.0679896888549017,0.38838641142178476,A
R4_aA_m0,4,1,2,10,0.5602949074453876,0.0467101841008265,0.1918042015399155,A
R4_aA_m0,4,1,3,30,-3.0828129767445125,-0.33940928897543565,1.5406927930452516,A
R4_aA_m0,4,1,3,10,-3.163787288453505,-0.34821704007890986,1.3566896239828559,A
R4_aA_m0,4,1,4,30,1.5544812021843128,0.0619246726800273,1.6246591954846243,A
R4_aA_m0,4,1,4,10,0.8174345097755193,-0.003152953895314295,1.2775170592128557,A
R4_aA_m0,4,2,0,30,-0.12399328937954168,-0.041501867528882797,1.5259735100236442,A
R4_aA_m0,4,2,0,10,0.19778654598540202,-0.009048196537536801,1.7103576849548232,A
R4_aA_m0,4,2,1,30,-0.36624407257128677,-0.04085635791553341,0.9825381109016281,A
R4_aA_m0,4,2,1,10,-0.06860544479329667,-0.008834577344617595,1.2192260872346008,A
R4_aA_m0,4,2,2,30,-0.13796155415116695,-0.017003247231779928,0.7771904117744601,A
R4_aA_m0,4,2,2,10,0.10223480349543523,0.010123860193036571,0.9665143055403946,A
R4_aA_m0,4,2,3,30,-2.882672974780881,-0.31518104615476455,1.5737353203500235,A
R4_aA_m0,4,2,3,10,-3.1025744373983377,-0.33851585217922336,1.1785675870255239,A
R4_aA_m0,4,2,4,30,0.5802819714674323,0.028371180992844885,1.62370706761839,A
R4_aA_m0,4,2,4,10,1.0462216700943792,0.07802045866675389,1.9218206594328766,A
R4_aA_m0,5,0,0,30,4.819015677207192,0.6013225708183777,20.260825518815555,A
R4_aA_m0,5,0,0,10,3.078351927416648,0.40295642392566533,6.759766339142186,A
R4_aA_m0,5,0,1,30,-1.839444072553111,-0.2101159869214146,1.969539551428619,A
R4_aA_m0,5,0,1,10,-3.531830393929095,-0.310940264423777,0.13871834023839913,A
R4_aA_m0,5,0,2,30,-4.114101789365105,-0.3031895897455069,-1.7558062895060744,A
R4_aA_m0,5,0,2,10,-3.953343955724719,-0.3626896059417722,-1.67102843897825,A
R4_aA_m0,5,0,3,30,-5.72043171728233,-0.6404092421010859,3.204177491524516,A
R4_aA_m0,5,0,3,10,-5.920753037820753,-0.6570965432782909,3.1759981526625536,A
R4_aA_m0,5,0,4,30,4.986822265072566,0.5726062906289031,16.96468805341181,A
R4_aA_m0,5,0,4,10,3.326306758966192,0.3882344529094135,8.722539587545455,A
R4_aA_m0,5,1,0,30,5.021672220171494,0.6287840246614678,18.158456829834275,A
R4_aA_m0,5,1,0,10,5.4047453134020405,0.6655500414179589,18.517702776674643,A
R4_aA_m0,5,1,1,30,-3.0728227851086007,-0.2125677477207949,0.7192937813925637,A
R4_aA_m0,5,1,1,10,-3.583305506449463,-0.2641022920358183,0.5655212071531348,A
R4_aA_m0,5,1,2,30,-1.126831380442806,-0.2079228639964131,1.181511844317631,A
R4_aA_m0,5,1,2,10,0.9392739948832225,0.0524533890665243,1.6544745706563706,A
R4_aA_m0,5,1,3,30,-2.525762765577456,-0.2875106827256516,7.961050047786242,A
R4_aA_m0,5,1,3,10,-5.328130067659033,-0.7266426870443272,-0.7500458938302013,A
R4_aA_m0,5,1,4,30,4.887109373785448,0.5744516804140624,17.53963478086097,A
R4_aA_m0,5,1,4,10,5.67285540599205,0.659424046840814,20.94231199261156,A
R4_aA_m0,5,2,0,30,5.502457803614451,0.6874515957186899,18.15108390508348,A
R4_aA_m0,5,2,0,10,4.3666444868525645,0.5478549612152087,11.728646295225733,A
R4_aA_m0,5,2,1,30,-2.166249563467698,-0.1611858179068784,0.6334591315331439,A
R4_aA_m0,5,2,1,10,-3.5211668348929726,-0.2867748107186911,0.25852830911487557,A
R4_aA_m0,5,2,2,30,-1.8755957169506843,-0.24239555534221058,0.6283958768268203,A
R4_aA_m0,5,2,2,10,1.2703815325768106,0.15411028438331165,3.4285190959009233,A
R4_aA_m0,5,2,3,30,-4.812927530239968,-0.5480616682257432,3.1618391127233814,A
R4_aA_m0,5,2,3,10,-4.863337927998039,-0.5780928918006841,3.2026979224286345,A
R4_aA_m0,5,2,4,30,4.906332860135671,0.6101684374695311,20.099005114453142,A
R4_aA_m0,5,2,4,10,4.26102716503489,0.5374566936513737,14.34744957463742,A
R4_aA_m0,6,0,0,30,-0.2480601707175427,-0.02522397271614789,2.0996401317896227,A
R4_aA_m0,6,0,0,10,1.0014174597971865,-0.051393464268691486,0.2564153391987456,A
R4_aA_m0,6,0,1,30,-1.9136418888244815,-0.2654088499301736,2.8140071267781033,A
R4_aA_m0,6,0,1,10,-1.4430867519977801,-0.1995276998836675,2.9108298486531385,A
R4_aA_m0,6,0,2,30,-1.7729875600353213,-0.2481391490123518,3.0552121465893256,A
R4_aA_m0,6,0,2,10,-2.0854413534596326,-0.281616018802142,3.0620238149817673,A
R4_aA_m0,6,0,3,30,-5.143959518581976,-0.7828404419143107,-0.2632673164429402,A
R4_aA_m0,6,0,3,10,-3.896279212948752,-0.5953596534966595,-0.13686334926176968,A
R4_aA_m0,6,0,4,30,0.11344935703081721,-0.012359013793648593,2.415863245501547,A
R4_aA_m0,6,0,4,10,1.0979849018277572,0.15892639707745848,1.9161061934389556,A
R4_aA_m0,6,1,0,30,0.2198349861801292,-0.0070505887946653995,2.378862240924878,A
R4_aA_m0,6,1,0,10,1.2211579940941673,0.2978348056067666,0.5506128447105438,A
R4_aA_m0,6,1,1,30,-0.8471366814784411,-0.11395641036420393,3.1587795710034703,A
R4_aA_m0,6,1,1,10,-0.3484242988830397,-0.04650914679481022,2.8622809208304876,A
R4_aA_m0,6,1,2,30,-0.9736406254914018,-0.136013990311098,3.500731158571655,A
R4_aA_m0,6,1,2,10,-0.2746551081002524,-0.050190624317154875,0.4771954455736631,A
R4_aA_m0,6,1,3,30,-3.899273656643516,-0.5886368202269493,-0.05239722792101187,A
R4_aA_m0,6,1,3,10,-4.046146067133119,-0.6081986015061057,-0.4558535710609739,A
R4_aA_m0,6,1,4,30,-1.9926520859742416,-0.2246362283561641,1.5141187389424313,A
R4_aA_m0,6,1,4,10,-2.151330588578677,-0.1850434930413607,1.4991939022107024,A
R4_aA_m0,6,2,0,30,-0.3479181473654952,-0.03505269864062309,2.312107142751645,A
R4_aA_m0,6,2,0,10,0.4252941011802036,0.07194912421570379,2.375682870754763,A
R4_aA_m0,6,2,1,30,-1.591585969471677,-0.22439976364428468,2.8446910492802573,A
R4_aA_m0,6,2,1,10,-1.559822919079811,-0.21997161157128658,2.7867985595644384,A
R4_aA_m0,6,2,2,30,-1.5557031384692,-0.21150048634870502,3.507640197650226,A
R4_aA_m0,6,2,2,10,-1.4787195800690878,-0.19981329574626164,3.5671260730960133,A
R4_aA_m0,6,2,3,30,-4.438686971394475,-0.6740041731194208,0.9719164245231156,A
R4_aA_m0,6,2,3,10,-4.8671835244894295,-0.7426738485384076,0.3756475446168359,A
R4_aA_m0,6,2,4,30,-0.4360481418385356,-0.1181427451410311,1.5319410079380493,A
R4_aA_m0,6,2,4,10,-0.5753874187986913,-0.1098457462085451,1.4987193618496428,A
R4_aA_m0,7,0,0,30,1.7397272739307508,0.8498220512076928,8.860212895766292,A
R4_aA_m0,7,0,0,10,0.4287370872732166,0.6267843207674129,2.824616790027487,A
R4_aA_m0,7,0,1,30,-0.5886611041838652,0.054808841934423924,4.675518373273951,A
R4_aA_m0,7,0,1,10,-0.9868861562542572,-0.017249762603533336,2.1014950890299233,A
R4_aA_m0,7,0,2,30,-0.06250232825865298,0.13057190441379868,5.219832270260623,A
R4_aA_m0,7,0,2,10,-0.3629652137089976,0.0781572154815861,2.285826326161225,A
R4_aA_m0,7,0,3,30,-2.7959933778273136,-0.6256343256639083,4.976124525308466,A
R4_aA_m0,7,0,3,10,-5.137283639174631,-0.9627475854060289,0.4444582665355512,A
R4_aA_m0,7,0,4,30,3.8732155149566405,0.6672082945804707,7.319385613236319,A
R4_aA_m0,7,0,4,10,3.1834119497945994,0.5565805388027255,5.078612015352673,A
R4_aA_m0,7,1,0,30,3.242243502586662,0.6888040065127832,8.391352297626131,A
R4_aA_m0,7,1,0,10,3.1179190547230458,0.6637558761502437,5.533060513725419,A
R4_aA_m0,7,1,1,30,0.27299275116865385,0.06821329459180486,5.4268587475205425,A
R4_aA_m0,7,1,1,10,2.2725266822483925,0.39358366970560044,10.582190031268613,A
R4_aA_m0,7,1,2,30,-0.8346620440519148,0.1235040441777655,4.66927951682566,A
R4_aA_m0,7,1,2,10,-2.726723500067088,-0.21097172288162952,-0.795381631851543,A
R4_aA_m0,7,1,3,30,-4.957289057971248,-0.9162727040576861,1.8151290722910618,A
R4_aA_m0,7,1,3,10,-4.008207724936134,-0.8628979890750921,1.226696830312762,A
R4_aA_m0,7,1,4,30,1.0822262147129176,0.19135055203680496,9.065464363052602,A
R4_aA_m0,7,1,4,10,0.1436875516015781,0.0215608869989245,3.9335428059776727,A
R4_aA_m0,7,2,0,30,3.3479903019663517,0.7278826170309846,10.853041208070428,A
R4_aA_m0,7,2,0,10,3.181459422302116,0.6843443374462408,6.618468259879556,A
R4_aA_m0,7,2,1,30,0.16954194392835786,0.13726375224809068,6.208985223342828,A
R4_aA_m0,7,2,1,10,-0.30800475381665127,0.05746973596578481,2.821719529175752,A
R4_aA_m0,7,2,2,30,-0.3008399309042509,0.004068140941022369,4.181995287776775,A
R4_aA_m0,7,2,2,10,0.5881774824302051,0.11892790680747628,4.906530212379162,A
R4_aA_m0,7,2,3,30,-6.547696777554807,-1.0446784407918872,0.36519316341300945,A
R4_aA_m0,7,2,3,10,-5.1391886015147,-0.8469847480652364,0.36205717261040915,A
R4_aA_m0,7,2,4,30,2.7822940995406666,0.4666758330483579,9.083747775969677,A
R4_aA_m0,7,2,4,10,3.458180052547286,0.5813139716408778,7.6762501799820075,A
R4_aA_m0,8,0,0,30,-0.21439538971304573,0.0871892382929127,9.007352385390563,A
R4_aA_m0,8,0,0,10,-1.3681457668093777,0.2473161200817818,9.097172439543499,A
R4_aA_m0,8,0,1,30,0.4134950704165168,0.10584328234192214,9.765948382105293,A
R4_aA_m0,8,0,1,10,0.8860108335500456,0.19651086793206807,10.019657911365389,A
R4_aA_m0,8,0,2,30,1.7827521643480466,0.37313834682212477,10.885672383717033,A
R4_aA_m0,8,0,2,10,0.730163204799644,0.17352730413885575,8.071282665940826,A
R4_aA_m0,8,0,3,30,-2.592770284244877,-0.46725369844189724,19.79542870290307,A
R4_aA_m0,8,0,3,10,-1.5138579905807195,-0.2600514867577073,23.43818056330326,A
R4_aA_m0,8,0,4,30,0.5729440323462436,-0.024449467484432996,9.000678822537946,A
R4_aA_m0,8,0,4,10,1.7001220428903094,0.060282098041612914,9.635084007548684,A
R4_aA_m0,8,1,0,30,-2.2062452622825357,-0.10716939787385371,8.352277806108463,A
R4_aA_m0,8,1,0,10,-0.7246862574036246,0.1551437695458055,9.7807549648273,A
R4_aA_m0,8,1,1,30,-0.27041765100578274,-0.019309475267059062,11.066673217938204,A
R4_aA_m0,8,1,1,10,1.3090341524729587,0.284373027746016,13.609167592211415,A
R4_aA_m0,8,1,2,30,2.7298913482248715,0.5606995282245002,13.815109472737793,A
R4_aA_m0,8,1,2,10,3.3174146024517626,0.6691405642647352,15.50023720197247,A
R4_aA_m0,8,1,3,30,-2.15701833856723,-0.3899967462749735,15.819618413059224,A
R4_aA_m0,8,1,3,10,0.30415818317395527,0.08762046391170952,25.97401137781849,A
R4_aA_m0,8,1,4,30,-0.6619843689431395,-0.1427599140149161,8.959581483837107,A
R4_aA_m0,8,1,4,10,-0.06280733850849707,-0.10802582776078021,9.161623952328783,A
R4_aA_m0,8,2,0,30,1.4783397797515607,0.1129234805372856,8.805532792639827,A
R4_aA_m0,8,2,0,10,1.6305416397508925,0.13841406185760538,8.793834998230796,A
R4_aA_m0,8,2,1,30,-2.600052216633425,-0.4555103016857437,7.714232454676495,A
R4_aA_m0,8,2,1,10,-2.6731712187307464,-0.46456065688903053,7.3621170818685115,A
R4_aA_m0,8,2,2,30,0.8632326276121671,0.19534845730419725,12.581691456202002,A
R4_aA_m0,8,2,2,10,0.7741495378253811,0.17957106535408252,12.002976504699628,A
R4_aA_m0,8,2,3,30,-1.0339708641362604,-0.17094756641496434,17.845199199212487,A
R4_aA_m0,8,2,3,10,-2.02988439301272,-0.35930784935511306,14.868106740777018,A
R4_aA_m0,8,2,4,30,-1.1081018177613753,-0.1961402571267623,9.36128527674152,A
R4_aA_m0,8,2,4,10,-0.45865145159210574,-0.1380406823185088,9.55582873960395,A
R4_aA_m0,9,0,0,30,1.880057626967866,0.3947672995019746,6.874935960749998,A
R4_aA_m0,9,0,0,10,-0.41535146359232034,-0.13170319234774389,1.846363752492,A
R4_aA_m0,9,0,1,30,-3.3592176183597546,-0.3935201357729976,4.640677978390791,A
R4_aA_m0,9,0,1,10,-0.9424713851340458,-0.12320679248586208,14.237963554229347,A
R4_aA_m0,9,0,2,30,-0.8616842913175777,-0.36690008013900327,5.046380419251082,A
R4_aA_m0,9,0,2,10,0.34140047010136887,0.13570620174652265,13.93262892066926,A
R4_aA_m0,9,0,3,30,1.4824183477696886,0.33255352175739716,22.68715295348397,A
R4_aA_m0,9,0,3,10,-1.5427515752152665,-0.2571922107008868,41.15777082106846,A
R4_aA_m0,9,0,4,30,8.092003191679474,1.6734164607089381,107.17616316032391,A
R4_aA_m0,9,0,4,10,4.907615149683579,1.04999405192649,33.26422854938979,A
R4_aA_m0,9,1,0,30,6.60597153303134,1.3687047956267493,39.34361031318666,A
R4_aA_m0,9,1,0,10,6.1908529143978495,1.2890517048704873,29.402319732318702,A
R4_aA_m0,9,1,1,30,-1.338128678507064,-0.19796113907795104,6.155697520323343,A
R4_aA_m0,9,1,1,10,-0.002873825363925775,0.03911176898857882,6.493634976867951,A
R4_aA_m0,9,1,2,30,-1.9384468418397158,-0.34816241761718947,4.23269687134345,A
R4_aA_m0,9,1,2,10,-0.5608949240435888,-0.058168856439930305,4.678755651026335,A
R4_aA_m0,9,1,3,30,-6.187546667242652,-1.2139887779409504,9.411112804206645,A
R4_aA_m0,9,1,3,10,-3.3243315812118372,-0.9484673176542628,5.595587577002833,A
R4_aA_m0,9,1,4,30,2.3131655103291378,0.4826612334128815,6.503708940857104,A
R4_aA_m0,9,1,4,10,5.3145540278518295,1.0615234142441063,18.248983525370686,A
R4_aA_m0,9,2,0,30,-0.15594636417131325,0.49503944659684695,3.5461911294700563,A
R4_aA_m0,9,2,0,10,0.5493981509585679,0.6398143279626886,3.7308486892417285,A
R4_aA_m0,9,2,1,30,-4.490517793889866,-0.3680442668131575,5.038421928467274,A
R4_aA_m0,9,2,1,10,-1.3042483080038965,-0.2538359155101051,8.557961448269102,A
R4_aA_m0,9,2,2,30,-2.6330747108387627,-0.4816874347185189,3.323749699900303,A
R4_aA_m0,9,2,2,10,-1.8246912939232138,-0.313094422211621,1.7994957829126927,A
R4_aA_m0,9,2,3,30,-5.496227881003093,-1.1788687898881502,7.716475817729412,A
R4_aA_m0,9,2,3,10,-3.8575740421328986,-1.0718468817328555,6.688475193647173,A
R4_aA_m0,9,2,4,30,-0.5424908406125524,-0.12465702741089263,6.494623790790446,A
R4_aA_m0,9,2,4,10,3.3728414651022627,0.6919450546047683,24.114416252154516,A
R4_aA_m0,10,0,0,30,6.9573293943544545,1.610637030135149,42.204294648078786,A
R4_aA_m0,10,0,0,10,6.909946572309104,1.589039437877025,46.477620960139,A
R4_aA_m0,10,0,1,30,2.6760351567273606,0.6886261639846437,37.27203806510134,A
R4_aA_m0,10,0,1,10,2.992301621160733,0.7567679812730234,37.809757859973224,A
R4_aA_m0,10,0,2,30,4.20754096513396,0.5785915048205978,17.960221313826715,A
R4_aA_m0,10,0,2,10,3.880252035246441,0.49420678295292614,16.218270182076335,A
R4_aA_m0,10,0,3,30,3.5148297459538576,0.8475057815258142,81.87603726927965,A
R4_aA_m0,10,0,3,10,0.3154927264267986,0.15693773700956348,63.62639455816548,A
R4_aA_m0,10,0,4,30,3.3342248570549162,0.7284064539768538,35.801340665664576,A
R4_aA_m0,10,0,4,10,2.282228049902487,0.5192249800142184,25.20515044815671,A
R4_aA_m0,10,1,0,30,6.14198127508444,1.3989780587870073,37.97236750594062,A
R4_aA_m0,10,1,0,10,5.61477251125953,1.2889298540591638,32.29905812728723,A
R4_aA_m0,10,1,1,30,4.149483039889385,0.8364214952790852,29.949475527374624,A
R4_aA_m0,10,1,1,10,3.990190536155257,0.7907677130971247,30.811159309759738,A
R4_aA_m0,10,1,2,30,2.6338351683089622,0.6708696663777637,33.801152414151005,A
R4_aA_m0,10,1,2,10,2.9090308603779067,0.727873095390961,34.45535160474166,A
R4_aA_m0,10,1,3,30,1.195256625361294,0.32706620304633804,52.926860176945496,A
R4_aA_m0,10,1,3,10,-5.224597887314545,-0.9471369863767083,16.484676934103774,A
R4_aA_m0,10,1,4,30,2.5113104247191207,1.3522018492851515,36.53131822220318,A
R4_aA_m0,10,1,4,10,2.451865281589997,1.3399482060910628,38.15685117233208,A
R4_aA_m0,10,2,0,30,5.779059246111667,1.3503168646694101,36.15400433708978,A
R4_aA_m0,10,2,0,10,6.748243984153323,1.568245038111332,39.649482930471684,A
R4_aA_m0,10,2,1,30,1.6541405669250757,0.46592580545232165,27.975571144599847,A
R4_aA_m0,10,2,1,10,1.6106159985139632,0.45055991878670243,29.035951181475266,A
R4_aA_m0,10,2,2,30,-1.0342744841233134,-0.4384224769547589,16.281607371388898,A
R4_aA_m0,10,2,2,10,-1.9040625644735116,-0.46557916509799946,16.442962063440987,A
R4_aA_m0,10,2,3,30,-0.10763116154120222,0.011659128505414396,36.815473874960084,A
R4_aA_m0,10,2,3,10,-4.44601306949829,-0.9233004911166613,20.661995708149043,A
R4_aA_m0,10,2,4,30,3.1455393399364393,1.105199368773317,35.69457623921283,A
R4_aA_m0,10,2,4,10,3.063387716174832,1.0855786557111335,34.6027466330459,A
R4_aA_m0,11,0,0,30,6.500977669250048,1.447638312493066,30.299238365556317,A
R4_aA_m0,11,0,0,10,4.596332254071353,1.192211688594788,8.886200206772498,A
R4_aA_m0,11,0,1,30,-2.3931065424317643,-0.06861462841921084,0.8524056833177678,A
R4_aA_m0,11,0,1,10,-3.7803687982217458,-0.8886293575161385,-0.29042247429760737,A
R4_aA_m0,11,0,2,30,4.910225543317209,0.7370256692469508,21.686583920909833,A
R4_aA_m0,11,0,2,10,-0.12325749941980102,-0.05252644838991649,0.29748047368415653,A
R4_aA_m0,11,0,3,30,-4.2418330776011945,-1.02713391735871,0.7257537542248622,A
R4_aA_m0,11,0,3,10,-6.3758362235501025,-1.5149191259561916,10.395895855505898,A
R4_aA_m0,11,0,4,30,5.529568847940517,1.21421264367333,17.5524721193536,A
R4_aA_m0,11,0,4,10,-0.9379766556151202,-0.2065861097090923,-0.6101766792975456,A
R4_aA_m0,11,1,0,30,6.535540972639522,1.5368699054481154,22.307700136716367,A
R4_aA_m0,11,1,0,10,12.859231380919592,3.3173806361067273,58.85308680740395,A
R4_aA_m0,11,1,1,30,0.13441512133359979,0.20534090686164952,3.659936858865888,A
R4_aA_m0,11,1,1,10,-2.584201062646381,-0.41008563811970394,1.9275900199373341,A
R4_aA_m0,11,1,2,30,2.487356052172701,0.5439822417659171,11.401777170665675,A
R4_aA_m0,11,1,2,10,-2.353073042601387,-0.3650783279852592,0.8868972844898995,A
R4_aA_m0,11,1,3,30,3.047018958579975,0.702953199687254,12.072698727628875,A
R4_aA_m0,11,1,3,10,-3.140137398034017,-1.210551805648291,9.932271261926578,A
R4_aA_m0,11,1,4,30,6.914289440056726,1.6944435259826245,30.29681300089918,A
R4_aA_m0,11,1,4,10,3.3609055137412174,0.9238449619583854,1.082263899533312,A
R4_aA_m0,11,2,0,30,5.519382649208345,1.5980001340290655,20.960633545243635,A
R4_aA_m0,11,2,0,10,-0.07478480827525813,0.014131186835871203,-0.04546454731801819,A
R4_aA_m0,11,2,1,30,7.35717608507707,2.100844411008154,85.94033515970159,A
R4_aA_m0,11,2,1,10,-0.10341746544524089,-0.007375152794729001,8.18022671517006,A
R4_aA_m0,11,2,2,30,4.309079776850414,0.45547289473592767,6.908715686962404,A
R4_aA_m0,11,2,2,10,2.1256598197570593,-0.0661974988006413,1.1085009855203658,A
R4_aA_m0,11,2,3,30,-2.6313289157549717,-0.9594595466325675,2.5296094828405598,A
R4_aA_m0,11,2,3,10,-4.199192315666495,-1.2681096197601103,-1.098788503615,A
R4_aA_m0,11,2,4,30,4.549803880985511,1.5654684301398272,3.653413824935908,A
R4_aA_m0,11,2,4,10,-0.77467494290654,0.233011292412338,-1.778306262092811,A
R4_aA_m0,12,0,0,30,0.5925307653533283,0.20029098363636333,11.600716068600082,A
R4_aA_m0,12,0,0,10,1.3947976324422569,0.41558401735764894,12.474152678965279,A
R4_aA_m0,12,0,1,30,0.4550863972623542,0.16269645931433718,14.293951237750681,A
R4_aA_m0,12,0,1,10,2.5005914360836057,0.7237141373789999,9.515043925257112,A
R4_aA_m0,12,0,2,30,1.098107137339687,0.354263366737539,22.01934712311012,A
R4_aA_m0,12,0,2,10,-0.24021425173074373,-0.042023655013839534,10.24076856775497,A
R4_aA_m0,12,0,3,30,0.5268739842390779,0.19308995825874198,39.723968672651274,A
R4_aA_m0,12,0,3,10,-0.01211465028092995,-0.009912117812111099,22.60690323429072,A
R4_aA_m0,12,0,4,30,1.360463246627045,-0.0060918625459426,10.935721932545487,A
R4_aA_m0,12,0,4,10,1.239093562550992,-0.06103875763258271,5.174204730391839,A
R4_aA_m0,12,1,0,30,0.990871911766072,0.2717393789453929,10.002285534445548,A
R4_aA_m0,12,1,0,10,1.1781363188402112,0.2853657619814903,2.1522611829548923,A
R4_aA_m0,12,1,1,30,1.350947424850018,0.4303182523839719,19.872065552226513,A
R4_aA_m0,12,1,1,10,0.40927484293912997,0.15015982710474707,11.301643676176235,A
R4_aA_m0,12,1,2,30,-0.14527679337451893,0.009301074493829109,21.302670241319145,A
R4_aA_m0,12,1,2,10,-2.345433637492965,-0.6217960666215724,5.922757159769549,A
R4_aA_m0,12,1,3,30,-1.6330025890264004,-0.4051734817377648,30.190699218620388,A
R4_aA_m0,12,1,3,10,-1.5791109598806612,-0.39258225832489946,28.773369656335184,A
R4_aA_m0,12,1,4,30,0.47616194617810437,-0.0238348044993284,10.696820886165593,A
R4_aA_m0,12,1,4,10,1.4510417078990634,0.1429023361988071,12.03155700243787,A
R4_aA_m0,12,2,0,30,2.7545509366031866,0.6333802402491735,11.822246226026754,A
R4_aA_m0,12,2,0,10,-0.12174220412495651,0.0724206077462555,4.265309493169606,A
R4_aA_m0,12,2,1,30,0.43134944499513517,0.09419323633429721,9.40477484811621,A
R4_aA_m0,12,2,1,10,4.389005151319994,1.2130968308399883,11.070898736703333,A
R4_aA_m0,12,2,2,30,1.3144165706050217,0.3524968858993479,13.637597165734118,A
R4_aA_m0,12,2,2,10,-0.4127695779239426,-0.14480288406385283,1.3445405754257078,A
R4_aA_m0,12,2,3,30,-1.972949584593163,-0.5313466998868179,22.339742421630163,A
R4_aA_m0,12,2,3,10,-3.977924659600291,-1.1199705245154745,8.702300516137544,A
R4_aA_m0,12,2,4,30,1.3884085518647145,0.042284879253053104,11.125899442837039,A
R4_aA_m0,12,2,4,10,2.9425717147929316,0.4846203959015907,6.248256444290331,A
R4_aB_m0,3,0,0,30,1.1653805563166004,-0.0640255416759474,1.3164024310434481,A
R4_aB_m0,3,0,0,10,0.5511320121563998,-0.0677588453805705,0.8948782448878395,A
R4_aB_m0,3,0,1,30,-1.3107281821258876,-0.1320131048533275,0.35615011430709964,A
R4_aB_m0,3,0,1,10,-1.6846833588149033,-0.15333662437438572,0.08307914920686021,A
R4_aB_m0,3,0,2,30,-1.0974996797264596,-0.1377578873056024,-0.4292081440514227,A
R4_aB_m0,3,0,2,10,-1.6834135501022818,-0.1788121986537635,-0.7297989150457915,A
R4_aB_m0,3,0,3,30,-5.266179439649737,-0.4994151446962302,-1.4122970065621814,A
R4_aB_m0,3,0,3,10,-4.814140412155884,-0.46322926644684814,-0.9009931427811173,A
R4_aB_m0,3,0,4,30,-0.5750656487373236,0.07726808159183741,0.6764488769686321,A
R4_aB_m0,3,0,4,10,0.07527371914906733,0.13151901649552772,1.0105412571841574,A
R4_aB_m0,3,1,0,30,1.339767736736473,-0.056707871973427006,1.3505848615465572,A
R4_aB_m0,3,1,0,10,0.5099064574046307,-0.03552203943933871,0.800924142260242,A
R4_aB_m0,3,1,1,30,-1.6268683663167804,-0.157283111434319,0.4295733596952298,A
R4_aB_m0,3,1,1,10,-1.8824010247356195,-0.1705991349660661,0.19654089848517353,A
R4_aB_m0,3,1,2,30,-1.2318288009848621,-0.1498752640419663,-0.3453321801767486,A
R4_aB_m0,3,1,2,10,-1.4003735742311214,-0.1503507063874476,-0.26485648643082016,A
R4_aB_m0,3,1,3,30,-4.897836547661943,-0.467679455261953,-1.3044941966780734,A
R4_aB_m0,3,1,3,10,-5.269730508659576,-0.49439739990455966,-1.6594823807185366,A
R4_aB_m0,3,1,4,30,0.2707430317381899,0.0898506184535975,0.9155429372130786,A
R4_aB_m0,3,1,4,10,-0.4406693962662718,0.015461387807193,-0.026138409003112206,A
R4_aB_m0,3,2,0,30,0.9125710746373973,-0.03612935003887229,1.4831513897778865,A
R4_aB_m0,3,2,0,10,1.3131338727282675,-0.019297716819485895,1.7505609586334028,A
R4_aB_m0,3,2,1,30,-2.2041473217637426,-0.2004602753008169,0.5359634420310635,A
R4_aB_m0,3,2,1,10,-2.279460444327218,-0.20185233234960548,0.325212241944127,A
R4_aB_m0,3,2,2,30,-2.2457465718602823,-0.2361116238474248,-0.5769347621599086,A
R4_aB_m0,3,2,2,10,-2.0166516717591687,-0.2170289313405234,-0.4493230984287817,A
R4_aB_m0,3,2,3,30,-4.580867803900476,-0.44098341832745147,-1.2947901882999842,A
R4_aB_m0,3,2,3,10,-5.361714513314027,-0.5008687601783723,-1.8608566431545244,A
R4_aB_m0,3,2,4,30,-0.2038240049226019,0.08514884170731529,0.7908830922995056,A
R4_aB_m0,3,2,4,10,0.29127719102151195,0.1248141046012681,1.0559518271624777,A
R4_aB_m0,4,0,0,30,1.165707982650969,0.12128343625013581,1.493225726366802,A
R4_aB_m0,4,0,0,10,1.2228463062429207,0.1299279487872445,1.6007605468532264,A
R4_aB_m0,4,0,1,30,-2.244729878780755,-0.1822717718920701,1.1727499765322682,A
R4_aB_m0,4,0,1,10,-2.4125175596637662,-0.18285337486745162,1.1045299481506652,A
R4_aB_m0,4,0,2,30,-1.6554156731165235,-0.14883752714604132,1.635122536028067,A
R4_aB_m0,4,0,2,10,-1.6097654057549775,-0.14536899916801213,1.6484259288018286,A
R4_aB_m0,4,0,3,30,-2.450104184008298,-0.24227487518539964,4.910507365801268,A
R4_aB_m0,4,0,3,10,-2.3281204289632207,-0.22932748262645997,4.989702520615608,A
R4_aB_m0,4,0,4,30,0.6931603326707623,0.08735437273141339,1.6824265286326017,A
R4_aB_m0,4,0,4,10,0.6632201178995429,0.0880293450287914,1.6460931972602695,A
R4_aB_m0,4,1,0,30,0.8300452553538088,0.08660736765097199,1.6335478362549432,A
R4_aB_m0,4,1,0,10,0.8216503436040344,0.08059146091065869,1.5646896615370238,A
R4_aB_m0,4,1,1,30,-2.368222608563641,-0.20748132653856338,1.309089338858377,A
R4_aB_m0,4,1,1,10,-2.51431704223323,-0.20868469517520477,1.092590404574072,A
R4_aB_m0,4,1,2,30,-1.1802830154629684,-0.10525716075215888,1.8520920176617317,A
R4_aB_m0,4,1,2,10,-1.2668091414928022,-0.11130006698640157,1.8249583091656272,A
R4_aB_m0,4,1,3,30,-3.389311529617051,-0.34349119752927576,3.8401630226487438,A
R4_aB_m0,4,1,3,10,-3.562921099939497,-0.3646879007115308,3.879588479667266,A
R4_aB_m0,4,1,4,30,1.1794941041970954,0.1316927402889384,1.5254143696498943,A
R4_aB_m0,4,1,4,10,1.188641326467346,0.1379848392357427,1.5857106040636704,A
R4_aB_m0,4,2,0,30,1.2766461603962544,0.1261318759655433,1.4856702607997938,A
R4_aB_m0,4,2,0,10,1.3072671193146947,0.1344189357064815,1.623248077979073,A
R4_aB_m0,4,2,1,30,-2.1455782453172914,-0.1898240308913463,1.232847011450128,A
R4_aB_m0,4,2,1,10,-2.1851801198266756,-0.1901418283751498,1.194158479694182,A
R4_aB_m0,4,2,2,30,-1.4195391792899001,-0.12870860313316518,1.4531930944907692,A
R4_aB_m0,4,2,2,10,-1.422693391392444,-0.1334498970561173,1.4418995555613292,A
R4_aB_m0,4,2,3,30,-3.228113071198469,-0.33331928201735295,2.431613278324024,A
R4_aB_m0,4,2,3,10,-2.5127388673579567,-0.2601905623910317,2.7592951818872944,A
R4_aB_m0,4,2,4,30,1.4070005194992918,0.14925055026464545,1.5742097011666132,A
R4_aB_m0,4,2,4,10,1.4282389208515875,0.15875794124221787,1.7222829032348363,A
R4_aB_m0,5,0,0,30,0.8870744330389352,0.12279019287971951,1.4497830279555761,A
R4_aB_m0,5,0,0,10,0.9651687989264247,0.13219886088210017,1.4819213905614803,A
R4_aB_m0,5,0,1,30,-2.1090667785617647,-0.1255110044777635,0.46545997118851556,A
R4_aB_m0,5,0,1,10,-2.1382304735602347,-0.1283111833613452,0.46475108133068443,A
R4_aB_m0,5,0,2,30,-2.7795872685224263,-0.1358777107145817,-0.6099296865923642,A
R4_aB_m0,5,0,2,10,-2.7866067521477174,-0.1363297234021329,-0.5974106452476542,A
R4_aB_m0,5,0,3,30,-6.456163451438999,-0.8070771616977285,-1.898874943604425,A
R4_aB_m0,5,0,3,10,-6.502194657080233,-0.8043125492982431,-1.9348425185463993,A
R4_aB_m0,5,0,4,30,-0.0645127282827751,0.013499533943224395,1.6087265064328111,A
R4_aB_m0,5,0,4,10,0.2087326916658998,0.04643994554078809,1.6087455481348805,A
R4_aB_m0,5,1,0,30,1.1330547548089274,0.15277847110878362,1.6029214447157947,A
R4_aB_m0,5,1,0,10,1.1793526093100666,0.15741878263772413,1.5133502007293052,A
R4_aB_m0,5,1,1,30,-3.760643239856079,-0.1994064744834261,0.057910197212959424,A
R4_aB_m0,5,1,1,10,-3.8329494949707916,-0.2068355774208906,0.1199562186793437,A
R4_aB_m0,5,1,2,30,-2.4496164861050445,-0.1142231472153547,-0.6989297604851514,A
R4_aB_m0,5,1,2,10,-2.478848522269111,-0.11618804764461022,-0.6650275546560345,A
R4_aB_m0,5,1,3,30,-6.301154349800201,-0.742985746296506,-1.5479614714204377,A
R4_aB_m0,5,1,3,10,-6.285841797343006,-0.7443436514505445,-1.5176268932934598,A
R4_aB_m0,5,1,4,30,0.6450459988257793,0.10155238706863057,1.6468262511725302,A
R4_aB_m0,5,1,4,10,0.6541777269971567,0.1021337618134916,1.712594222849758,A
R4_aB_m0,5,2,0,30,0.6677173162552128,0.2085676740263438,1.4706503099877182,A
R4_aB_m0,5,2,0,10,0.7496475373623801,0.2182439261531422,1.4615587376570502,A
R4_aB_m0,5,2,1,30,-2.3877098502831826,-0.152437353007276,0.49602709215898555,A
R4_aB_m0,5,2,1,10,-2.3409678479029674,-0.1492254947579447,0.4597446259395841,A
R4_aB_m0,5,2,2,30,-1.4163440012628177,-0.07746404266880721,-0.2641521128197879,A
R4_aB_m0,5,2,2,10,-1.4829490991989218,-0.08904675256229422,-0.3814778700031529,A
R4_aB_m0,5,2,3,30,-6.257651747143202,-0.7514250938942352,-1.734368298103082,A
R4_aB_m0,5,2,3,10,-6.303953255737153,-0.7476017262144012,-1.7534173197838319,A
R4_aB_m0,5,2,4,30,-0.5460192386147034,-0.0464720347616929,1.5566511985227223,A
R4_aB_m0,5,2,4,10,-0.537592557003022,-0.045164948219956896,1.5286933502419946,A
R4_aB_m0,6,0,0,30,2.763617959031644,0.2116373357134903,2.3649372067976286,A
R4_aB_m0,6,0,0,10,2.588527021881854,0.18176594257067802,2.1291885802314514,A
R4_aB_m0,6,0,1,30,0.25800259373128975,0.04065976981204289,14748.868620830626,A
R4_aB_m0,6,0,1,10,0.2575341313600168,0.04067385722187272,14866.533477647286,A
R4_aB_m0,6,0,2,30,0.005531340490554371,0.0011724569404532037,443157.2206937377,A
R4_aB_m0,6,0,2,10,0.005940842434589477,0.0012471922459244,449035.3246772504,A
R4_aB_m0,6,0,3,30,-2.0796324781837185,-0.3248140507211835,2.1371997858442713,A
R4_aB_m0,6,0,3,10,-2.0596769627307636,-0.3214704600946767,1.2510885130170797,A
R4_aB_m0,6,0,4,30,0.8053789563241378,0.0769136712183702,1.0575438720510217,A
R4_aB_m0,6,0,4,10,0.8014515657474366,0.0759016145536913,1.0512282731008002,A
R4_aB_m0,6,1,0,30,2.117617505323233,0.3116781117564601,2.1986561354581315,A
R4_aB_m0,6,1,0,10,2.0119323689462334,0.29389921166160793,5.299533218137619,A
R4_aB_m0,6,1,1,30,-0.20916427138506766,-0.03299959136957453,28507.85314524136,A
R4_aB_m0,6,1,1,10,-0.20789732130685312,-0.03284536251289105,24003.783923758925,A
R4_aB_m0,6,1,2,30,0.32392517923418396,0.0493650747268386,546856.8859230978,A
R4_aB_m0,6,1,2,10,0.32446910720766153,0.04936079572143881,545895.6590419909,A
R4_aB_m0,6,1,3,30,-2.1921097067630493,-0.3340214095441991,1.9305624847527132,A
R4_aB_m0,6,1,3,10,-2.1745818989917085,-0.33184843483087456,2.0592189536120524,A
R4_aB_m0,6,1,4,30,1.9985907811733383,0.17930091305765583,2.8332686042642856,A
R4_aB_m0,6,1,4,10,1.9019218481935762,0.162012989330252,1.2205576213953624,A
R4_aB_m0,6,2,0,30,2.3515339770667922,0.20627763194422288,2.187855231740715,A
R4_aB_m0,6,2,0,10,2.1985331194925655,0.18302836348768542,1.2392676243107286,A
R4_aB_m0,6,2,1,30,0.8287743485103851,0.1351759616519867,18.94767795555748,A
R4_aB_m0,6,2,1,10,1.03343032360364,0.1636506490516862,18.81790195528958,A
R4_aB_m0,6,2,2,30,0.917047354852752,0.1416166261534384,716.5003036433492,A
R4_aB_m0,6,2,2,10,0.9023042295327393,0.136595335002286,1719.279156982752,A
R4_aB_m0,6,2,3,30,-2.186010012793427,-0.33351325020550915,2.5903571527769413,A
R4_aB_m0,6,2,3,10,-2.0302928285257513,-0.31176308824697097,1.988148547872938,A
R4_aB_m0,6,2,4,30,1.7474391816557713,0.08348555197179258,1.1101487008654778,A
R4_aB_m0,6,2,4,10,1.7519018668147126,0.08407499677717328,1.1128703344432314,A
R4_aB_m0,7,0,0,30,-0.8060145600153412,-0.13058300739940348,0.23212686362370583,A
R4_aB_m0,7,0,0,10,-0.8284400755518768,-0.1329281184388014,0.23328621446738274,A
R4_aB_m0,7,0,1,30,-1.3591350403534341,-0.2410355670210399,0.8942624497102067,A
R4_aB_m0,7,0,1,10,-1.3567673793328305,-0.2393412978489478,0.8590977302201659,A
R4_aB_m0,7,0,2,30,-1.129113550572753,-0.20970642547493412,0.8577196755954741,A
R4_aB_m0,7,0,2,10,-1.1344816336555121,-0.2133905910193573,0.8639078969373446,A
R4_aB_m0,7,0,3,30,-3.0047403625849958,-0.5938065847613185,4.274976734732515,A
R4_aB_m0,7,0,3,10,-2.96903509909903,-0.5940549783417306,4.188259158526595,A
R4_aB_m0,7,0,4,30,0.05332545749700501,0.018719282651842306,0.4802136986924568,A
R4_aB_m0,7,0,4,10,0.012522374898643829,0.010693342796943811,0.441883455124633,A
R4_aB_m0,7,1,0,30,-0.15073253830631972,-0.1293676829313306,0.28566171689315967,A
R4_aB_m0,7,1,0,10,-0.27864970240495185,-0.1193616382769984,0.3288341744559391,A
R4_aB_m0,7,1,1,30,-1.1855029921689475,-0.2102704572338136,2.007003016620237,A
R4_aB_m0,7,1,1,10,-1.1784749423100083,-0.2136684421781873,2.070453319409664,A
R4_aB_m0,7,1,2,30,-0.6975855612004771,-0.15360782485255148,0.2723169081282468,A
R4_aB_m0,7,1,2,10,-0.7274246873599242,-0.15339825469782578,0.28652021309191866,A
R4_aB_m0,7,1,3,30,-3.082407359014028,-0.6009464940611438,6.772389080280163,A
R4_aB_m0,7,1,3,10,-3.0983307744234607,-0.6016073723461993,6.782394339375852,A
R4_aB_m0,7,1,4,30,-0.0837943771422961,-0.013120913540796392,0.2861338630949125,A
R4_aB_m0,7,1,4,10,-0.09001835452957496,-0.011986838921701798,0.29546270100695005,A
R4_aB_m0,7,2,0,30,0.3464477474072216,0.09837483523464009,-0.19510193711781643,A
R4_aB_m0,7,2,0,10,0.37448504602565547,0.104931614355971,-0.2780354072494351,A
R4_aB_m0,7,2,1,30,-0.7858305409453579,-0.1766913284678063,-0.09285557364650082,A
R4_aB_m0,7,2,1,10,-0.9650037594575315,-0.20447507996581338,-0.1169777562458017,A
R4_aB_m0,7,2,2,30,-0.7441821321501656,-0.16706816465862073,0.4101029186897309,A
R4_aB_m0,7,2,2,10,-0.7547805418332643,-0.16647568551122333,0.4198292979940317,A
R4_aB_m0,7,2,3,30,-4.3206487486828316,-0.7821275412638419,6.3446077792614695,A
R4_aB_m0,7,2,3,10,-4.315487059510421,-0.7805926175887756,6.383806096618715,A
R4_aB_m0,7,2,4,30,0.3458122632756888,0.06440954214636951,0.6836477505749534,A
R4_aB_m0,7,2,4,10,0.350751842919224,0.061986140679167745,0.6906176040995065,A
R4_aB_m0,8,0,0,30,0.8605610718130592,0.1537242872324601,4.506424941050292,A
R4_aB_m0,8,0,0,10,0.8225545874065907,0.14811200735520288,4.203996176957172,A
R4_aB_m0,8,0,1,30,-4.059574353727574,-0.3703731289326641,1.0239319342393367,A
R4_aB_m0,8,0,1,10,-4.267115703570227,-0.40339894872164395,1.0121729840281253,A
R4_aB_m0,8,0,2,30,-0.6290896059817173,-0.25184064900667746,0.46380763272833736,A
R4_aB_m0,8,0,2,10,-0.30031036502662345,-0.19002999938659482,0.830886562294169,A
R4_aB_m0,8,0,3,30,-2.930451350992221,-0.4639996726857144,19.978037212900055,A
R4_aB_m0,8,0,3,10,-2.5629179052848414,-0.39379235101318855,22.318036289812554,A
R4_aB_m0,8,0,4,30,0.48346260478661535,0.2209697908156678,4.051767121529811,A
R4_aB_m0,8,0,4,10,0.413579419071263,0.207201732682935,4.105791628143066,A
R4_aB_m0,8,1,0,30,1.2675366792592315,0.2379585304177952,4.275320369171827,A
R4_aB_m0,8,1,0,10,1.0330514566408255,0.19527130366655238,3.704539568488933,A
R4_aB_m0,8,1,1,30,-1.291758501195879,-0.2088057863355124,2.0955858241477703,A
R4_aB_m0,8,1,1,10,-1.3365024528841214,-0.21618028044307097,2.004571562033199,A
R4_aB_m0,8,1,2,30,-0.8532394040572406,-0.09703732149017846,5.779986289475159,A
R4_aB_m0,8,1,2,10,-0.8113883534663828,-0.08956564224642427,5.829851992391485,A
R4_aB_m0,8,1,3,30,-1.425722187876656,-0.16642323509440038,32.6260365773561,A
R4_aB_m0,8,1,3,10,-1.1614180748867575,-0.1112654507191364,34.51482322634401,A
R4_aB_m0,8,1,4,30,0.04551359630717511,-0.012256521365683892,3.6297047356493537,A
R4_aB_m0,8,1,4,10,0.0961236661056859,-0.003332181361856479,3.725829846857716,A
R4_aB_m0,8,2,0,30,0.8418878865351451,0.1563297075854734,4.420388594773489,A
R4_aB_m0,8,2,0,10,0.999408501266704,0.1860281533816913,4.7340867700986395,A
R4_aB_m0,8,2,1,30,-3.0868954985671864,-0.46277194648062464,5.126567420097398,A
R4_aB_m0,8,2,1,10,-3.033687696166159,-0.45867481182208775,5.141504153331491,A
R4_aB_m0,8,2,2,30,-2.0516097487597715,-0.3510950373422388,2.5348736995462016,A
R4_aB_m0,8,2,2,10,-2.0447406003887934,-0.34792797844367557,2.463346101203403,A
R4_aB_m0,8,2,3,30,-3.3157055521061887,-0.5607665017306515,11.044138639168004,A
R4_aB_m0,8,2,3,10,-3.5038965173520746,-0.5942103649447313,10.594486646352827,A
R4_aB_m0,8,2,4,30,0.5946463714459775,0.0652432763404838,2.739200009385166,A
R4_aB_m0,8,2,4,10,0.5499248773034113,0.06065499269392702,2.6558594056452733,A
R4_aB_m0,9,0,0,30,2.7922243556194415,0.5681622824713944,52.379700017443,A
R4_aB_m0,9,0,0,10,2.6946507851453427,0.5525380280071833,50.3260193259996,A
R4_aB_m0,9,0,1,30,4.824861473476519,0.8085209585566028,83.96557779136032,A
R4_aB_m0,9,0,1,10,5.266886043801078,0.8018556356171588,91.9795914986058,A
R4_aB_m0,9,0,2,30,4.665828100325923,0.7717993438463425,81.16338489779523,A
R4_aB_m0,9,0,2,10,4.427392992212452,0.7424091121256252,74.97315026554061,A
R4_aB_m0,9,0,3,30,2.3916201071975394,0.24490267380757036,106.67027457049352,A
R4_aB_m0,9,0,3,10,1.03760517272924,0.15614897848643228,89.40491944021105,A
R4_aB_m0,9,0,4,30,-0.04844392125804342,0.4652655232403272,47.43312351145287,A
R4_aB_m0,9,0,4,10,0.1212170902911085,0.4940580456197018,51.61267135048049,A
R4_aB_m0,9,1,0,30,6.510004597880407,0.8310100238476636,79.44991362703533,A
R4_aB_m0,9,1,0,10,6.163284898180888,0.9141152582213121,72.43601230654302,A
R4_aB_m0,9,1,1,30,5.734063329320698,0.8875415424222114,102.92408836745169,A
R4_aB_m0,9,1,1,10,5.636688914947303,0.8830106158827423,100.23107996131833,A
R4_aB_m0,9,1,2,30,3.8149705380841543,0.4710252333284447,88.39508363581554,A
R4_aB_m0,9,1,2,10,3.7244733988076386,0.48630242162127246,84.70076814203851,A
R4_aB_m0,9,1,3,30,2.538212686250012,0.1387938857564448,111.88140834815458,A
R4_aB_m0,9,1,3,10,2.3766771320235973,0.1329793501855583,108.6682201744285,A
R4_aB_m0,9,1,4,30,1.44307116798768,0.6273203727810335,50.77115963001451,A
R4_aB_m0,9,1,4,10,3.014004723354565,0.7635328039816308,64.18202354897281,A
R4_aB_m0,9,2,0,30,5.781050878395339,1.0016237102278749,88.59207736518937,A
R4_aB_m0,9,2,0,10,5.597877310807961,0.9682806342992347,83.19336042921285,A
R4_aB_m0,9,2,1,30,4.284698004142802,0.8729724059680739,76.21378073542273,A
R4_aB_m0,9,2,1,10,4.27062561579492,0.8710916197133376,75.83001581831358,A
R4_aB_m0,9,2,2,30,2.0056978449131146,0.36831617978179776,49.69635190425319,A
R4_aB_m0,9,2,2,10,1.8969699318324058,0.3532130599204064,47.66401380583182,A
R4_aB_m0,9,2,3,30,0.9476042203634165,0.10378104838989999,65.02386311016366,A
R4_aB_m0,9,2,3,10,1.094872472953683,0.12370380094201328,67.3816760112523,A
R4_aB_m0,9,2,4,30,6.249464062197947,0.958654697624133,81.11251848840496,A
R4_aB_m0,9,2,4,10,6.5604417772671715,1.0453798568962398,101.58409809793486,A
R4_aB_m0,10,0,0,30,3.596288550941823,0.7748272275708048,13.485466028196162,A
R4_aB_m0,10,0,0,10,2.987708420643102,0.6434182805283818,10.976140835893018,A
R4_aB_m0,10,0,1,30,3.08762575097795,0.7317206902062291,47.87845874615158,A
R4_aB_m0,10,0,1,10,3.128738506940449,0.7393914689919839,48.153686165863284,A
R4_aB_m0,10,0,2,30,4.254933008774799,0.964895098722832,36.263881002806386,A
R4_aB_m0,10,0,2,10,4.131606276314135,0.9492374162473338,34.08405052557096,A
R4_aB_m0,10,0,3,30,1.3986496240369561,0.31402548975183775,68.28898781071166,A
R4_aB_m0,10,0,3,10,1.4584222875141846,0.3180098234743918,72.41479462021957,A
R4_aB_m0,10,0,4,30,-0.6135114227135057,0.020563603556668364,8.223974324325008,A
R4_aB_m0,10,0,4,10,-1.1520213149393197,-0.07394191552807627,7.482094094677731,A
R4_aB_m0,10,1,0,30,0.7401141222146435,0.5541773125236267,11.829163866829703,A
R4_aB_m0,10,1,0,10,-0.010227167910444201,0.4115061992757873,8.061654329630663,A
R4_aB_m0,10,1,1,30,4.651026271066363,1.0625610185082732,38.579901694885166,A
R4_aB_m0,10,1,1,10,4.145451239537139,0.973216540083141,28.737135628777907,A
R4_aB_m0,10,1,2,30,3.674423388556084,0.821265918259416,33.66543320698858,A
R4_aB_m0,10,1,2,10,3.561388246094502,0.8045382475164129,31.888784591381178,A
R4_aB_m0,10,1,3,30,0.5113824786643324,0.10262879302325478,59.77068575192725,A
R4_aB_m0,10,1,3,10,0.3400225136651427,0.0713985664046417,56.34084729421408,A
R4_aB_m0,10,1,4,30,1.0537124191275238,0.03856491464908279,9.485662146749478,A
R4_aB_m0,10,1,4,10,0.9539125342329249,0.026025388131986793,9.067334562793501,A
R4_aB_m0,10,2,0,30,2.095672757994761,0.4119014063507367,9.110062227668825,A
R4_aB_m0,10,2,0,10,2.034158681493894,0.4068786729067163,8.566847526495012,A
R4_aB_m0,10,2,1,30,2.921575546288271,0.6455839091211216,18.14973615066376,A
R4_aB_m0,10,2,1,10,3.1735693564774814,0.6957677319076115,20.39069199021363,A
R4_aB_m0,10,2,2,30,1.3905959784266844,0.8297051740773159,16.99399692406322,A
R4_aB_m0,10,2,2,10,1.5020494131464637,0.8487674816844241,17.427011264967046,A
R4_aB_m0,10,2,3,30,-1.6242161733065448,-0.4082015282021991,36.504771027644395,A
R4_aB_m0,10,2,3,10,-1.6877945125447082,-0.4218786154216443,36.0194109571884,A
R4_aB_m0,10,2,4,30,3.0306454111882113,0.5623817722683737,12.983465283574692,A
R4_aB_m0,10,2,4,10,2.660988003501944,0.480766879218267,12.149661814593546,A
R4_aB_m0,11,0,0,30,2.241380199456731,0.5878896484251931,25.417433226542904,A
R4_aB_m0,11,0,0,10,1.47862858061736,0.4867859638159896,16.99803049136472,A
R4_aB_m0,11,0,1,30,2.7547706227575812,0.6433354907496782,31.571559291879282,A
R4_aB_m0,11,0,1,10,2.5194384190962067,0.5591198419490933,24.258878965539527,A
R4_aB_m0,11,0,2,30,1.4480406285610345,0.3327567898679272,29.710368773873242,A
R4_aB_m0,11,0,2,10,1.6120450530233028,0.36370023216916525,29.01410309410362,A
R4_aB_m0,11,0,3,30,0.7317516520410452,0.13168155617777644,41.398543043416765,A
R4_aB_m0,11,0,3,10,0.762978068240936,0.14602431973521512,43.12030041290182,A
R4_aB_m0,11,0,4,30,1.5025411863075346,0.5578710524559981,23.31384763894271,A
R4_aB_m0,11,0,4,10,1.4820125574378054,0.564220824031665,24.097359391816216,A
R4_aB_m0,11,1,0,30,2.8492202101274113,0.7007231813288858,25.21380941844219,A
R4_aB_m0,11,1,0,10,2.182640346888644,0.587327449987428,20.031257238748584,A
R4_aB_m0,11,1,1,30,2.2093188435105464,0.5421921169426115,32.859776063000815,A
R4_aB_m0,11,1,1,10,2.451999033311721,0.5944498215096788,33.38215822471961,A
R4_aB_m0,11,1,2,30,2.172248720195389,0.48991472046202134,31.443879994106926,A
R4_aB_m0,11,1,2,10,2.5820541372451813,0.5926312595310372,34.44935346595501,A
R4_aB_m0,11,1,3,30,1.9355418612911635,0.3881422105365835,43.44906465816176,A
R4_aB_m0,11,1,3,10,2.089522036616037,0.41275434671337674,45.81984676339276,A
R4_aB_m0,11,1,4,30,3.891624790318956,0.8671608001071403,30.146274822656682,A
R4_aB_m0,11,1,4,10,3.221105586532345,0.713986375285655,23.008778233385975,A
R4_aB_m0,11,2,0,30,3.6447439770408048,0.7862311663074084,26.09615662266418,A
R4_aB_m0,11,2,0,10,3.7562355290047087,0.807290890493473,25.200678642964665,A
R4_aB_m0,11,2,1,30,3.1340953686964808,0.7325388574398372,26.32498643205218,A
R4_aB_m0,11,2,1,10,2.2122580264860687,0.47991198924702194,16.201533662688174,A
R4_aB_m0,11,2,2,30,2.1338829580907777,0.3506348121799234,26.0015240243884,A
R4_aB_m0,11,2,2,10,1.1570430832996341,0.17348566252861064,13.817885592560582,A
R4_aB_m0,11,2,3,30,-0.8026376971340463,-0.3513639836343274,35.883952218182536,A
R4_aB_m0,11,2,3,10,-0.8627809044824475,-0.3490864602018524,35.43292901456544,A
R4_aB_m0,11,2,4,30,2.6107063589515067,0.6052586711300487,22.569620925738906,A
R4_aB_m0,11,2,4,10,1.3429267791177182,0.2690803898099193,15.201241804123335,A
R4_aB_m0,12,0,0,30,1.3796441938705148,0.4585081130550905,1.7429693555313184,A
R4_aB_m0,12,0,0,10,1.9416174690975816,0.592662208661704,3.1326194968735637,A
R4_aB_m0,12,0,1,30,-2.9488295347808773,-0.7119762586680451,0.29182159401739005,A
R4_aB_m0,12,0,1,10,-1.5618883818160882,-0.3599227735673478,1.3336379121938715,A
R4_aB_m0,12,0,2,30,1.830984876668766,-0.20754825774882918,0.7838521943477432,A
R4_aB_m0,12,0,2,10,0.7898162673266254,0.23819910416960827,0.6290688067080037,A
R4_aB_m0,12,0,3,30,-4.274206713386028,-1.10323771783191,1.6955699662099648,A
R4_aB_m0,12,0,3,10,-3.623102474803411,-0.9340130388846617,2.6635108659427864,A
R4_aB_m0,12,0,4,30,-1.2317465718812963,0.21534383704790339,-0.6155103678927922,A
R4_aB_m0,12,0,4,10,-0.768232536676018,0.0760615037496901,-0.6178359896973569,A
R4_aB_m0,12,1,0,30,1.4094577518543536,0.33242650005412683,2.073613473018252,A
R4_aB_m0,12,1,0,10,0.6598024324888389,0.1512772573140338,0.9086232718277667,A
R4_aB_m0,12,1,1,30,-2.99661624473869,-0.7224223795280642,0.2595499715422602,A
R4_aB_m0,12,1,1,10,-0.5671926320241587,-0.05664568941599302,10.393830324039824,A
R4_aB_m0,12,1,2,30,0.3437855443660389,-0.3906908235868611,0.513596794724132,A
R4_aB_m0,12,1,2,10,-0.07985522613879326,-0.28136418705280475,0.44122524462486234,A
R4_aB_m0,12,1,3,30,-2.6591808696915864,-0.6608175181534504,3.606741372237158,A
R4_aB_m0,12,1,3,10,-1.5426421636055903,-0.39759063938131234,4.72936641792567,A
R4_aB_m0,12,1,4,30,0.07957317995895039,-0.0018629316826833942,-0.44587261154409097,A
R4_aB_m0,12,1,4,10,0.7877614965117892,0.1803284572407333,-0.11751974175567792,A
R4_aB_m0,12,2,0,30,0.8354819166175318,0.19580003881737928,3.064234173372102,A
R4_aB_m0,12,2,0,10,-0.3767440525213417,-0.0875575225031347,0.49704614004328584,A
R4_aB_m0,12,2,1,30,-2.2958201155624725,-0.5414049323832791,1.4809862353266103,A
R4_aB_m0,12,2,1,10,-0.9098026879768013,-0.19208314774868418,2.506836810142496,A
R4_aB_m0,12,2,2,30,-3.778663905194717,-0.924162282412275,0.015039470747322814,A
R4_aB_m0,12,2,2,10,-3.7219522725547134,-0.9082514659686576,0.03664058846207541,A
R4_aB_m0,12,2,3,30,-5.390381564142261,-1.3830589993959725,0.8714020398671147,A
R4_aB_m0,12,2,3,10,-5.088730613151764,-1.3176450867451854,1.1632759049085655,A
R4_aB_m0,12,2,4,30,0.5444928436041339,-0.24862786360200248,-2.6266033869484158,A
R4_aB_m0,12,2,4,10,0.3438143962866265,-0.2263610728820094,-2.6182346811665447,A
R5_aA_m0,0,0,0,30,5.448077616656396,1.6176054362833232,14.047071061243521,A
R5_aA_m0,0,0,0,10,5.94418029966942,1.779700709035599,13.165028997953717,A
R5_aA_m0,0,0,1,30,-1.7441333288078804,-0.49459826453676126,5.1276336083852145,A
R5_aA_m0,0,0,1,10,-0.9912086285945807,-0.2754324800294483,5.950467784938152,A
R5_aA_m0,0,0,2,30,-2.5134624887901587,-0.7107168195560927,3.239114514753054,A
R5_aA_m0,0,0,2,10,-1.8364588698159845,-0.5353832550167428,3.6897758187083234,A
R5_aA_m0,0,0,3,30,-5.112845247937763,-1.5000362788087611,11.729876136949743,A
R5_aA_m0,0,0,3,10,-6.749224408633312,-1.8917047075786382,13.55913273245997,A
R5_aA_m0,0,0,4,30,5.101874009555805,1.5277447214213777,14.10174416513504,A
R5_aA_m0,0,0,4,10,3.9199683671932686,1.1794983655780547,8.029183095792078,A
R5_aA_m0,0,1,0,30,3.9832988215576495,1.8225262193500311,12.872819174864986,A
R5_aA_m0,0,1,0,10,0.7194760080475617,0.8710882772020699,4.568761183201145,A
R5_aA_m0,0,1,1,30,-2.3470442709463875,-0.6646568005324547,3.7971422242473962,A
R5_aA_m0,0,1,1,10,-1.412873437983321,-0.2553381765035999,3.782364291570515,A
R5_aA_m0,0,1,2,30,-0.11224306781877158,-0.0015365000088711778,6.486262121706082,A
R5_aA_m0,0,1,2,10,-0.9624278852480035,-0.5148429493657665,5.13255493537495,A
R5_aA_m0,0,1,3,30,-1.645522215297245,-0.4467394022425739,21.223069706517833,A
R5_aA_m0,0,1,3,10,-0.08502592068255943,0.0059050348579337,24.973113624631317,A
R5_aA_m0,0,1,4,30,5.308020911006948,1.9691863842027701,14.021011639576448,A
R5_aA_m0,0,1,4,10,5.109639354438862,1.8991587374969146,10.845880379055012,A
R5_aA_m0,0,2,0,30,5.617709733672269,1.6681853060236256,14.571018947194355,A
R5_aA_m0,0,2,0,10,4.301035420147491,1.2793901833140442,8.50621210781622,A
R5_aA_m0,0,2,1,30,0.525943040741156,0.49372561867182196,10.83983130690398,A
R5_aA_m0,0,2,1,10,-0.018857079692571777,0.3381536987760845,7.641734772071441,A
R5_aA_m0,0,2,2,30,-3.229182341679025,-0.7015032407361086,4.0291045110255075,A
R5_aA_m0,0,2,2,10,-2.0454461686269867,-0.3886836132487471,4.536879600760036,A
R5_aA_m0,0,2,3,30,-5.157324884240473,-1.5240632866821326,5.34899106888585,A
R5_aA_m0,0,2,3,10,-4.776510095137998,-1.419603386954186,5.629049892873994,A
R5_aA_m0,0,2,4,30,4.539645216553122,1.53665720525274,11.784107187909378,A
R5_aA_m0,0,2,4,10,3.772037405578667,1.3284766873284488,7.748923641663264,A
R5_aA_m0,1,0,0,30,-1.4898089002744883,0.46656072579836205,11.85768611274035,A
R5_aA_m0,1,0,0,10,4.4372417543273555,1.3327299384531017,21.281568354961546,A
R5_aA_m0,1,0,1,30,-1.1931511153265504,-0.3481495052069688,9.725229066763426,A
R5_aA_m0,1,0,1,10,0.6786260198383871,-0.19758599918455289,5.285149865706642,A
R5_aA_m0,1,0,2,30,-3.2731645880435614,-0.8147346029198335,9.616550449531866,A
R5_aA_m0,1,0,2,10,-2.163897169940225,-0.5718970235036288,9.242173876804204,A
R5_aA_m0,1,0,3,30,-5.6154964985147044,-1.6771087074719115,19.64163080396117,A
R5_aA_m0,1,0,3,10,-2.455868100789434,-0.6780403971395663,29.78757257635657,A
R5_aA_m0,1,0,4,30,-0.08468351932780094,0.421768176640573,11.662274735997123,A
R5_aA_m0,1,0,4,10,-0.5305424037208823,0.2130399449732657,10.913286284608441,A
R5_aA_m0,1,1,0,30,-0.933240069716848,-0.2439746579373874,11.488433139692283,A
R5_aA_m0,1,1,0,10,1.1760829215658017,0.18067454739587507,12.93294176106422,A
R5_aA_m0,1,1,1,30,-1.5533376568550425,-0.45529126211493753,10.689185583105333,A
R5_aA_m0,1,1,1,10,-0.7963190122986967,-0.38078439390223295,5.1179470116468595,A
R5_aA_m0,1,1,2,30,-1.4645663257252854,-0.4413868793909273,5.128259900303042,A
R5_aA_m0,1,1,2,10,1.6592215496165381,0.553298089291267,22.104154696645836,A
R5_aA_m0,1,1,3,30,-4.575993779834633,-1.353630184797388,21.559117015740597,A
R5_aA_m0,1,1,3,10,-3.2495369601236836,-0.9000278023572084,28.98595526735854,A
R5_aA_m0,1,1,4,30,0.4637156257150562,0.3262732181832055,11.815332483179446,A
R5_aA_m0,1,1,4,10,1.2449318773932654,0.5904291179469217,11.796557088983542,A
R5_aA_m0,1,2,0,30,0.17912174873689563,-0.17415477530357032,11.524483029810872,A
R5_aA_m0,1,2,0,10,2.4961555261142867,0.7858018362168993,14.642924681360327,A
R5_aA_m0,1,2,1,30,-3.182193203651782,-0.5951707885666248,13.084112035158707,A
R5_aA_m0,1,2,1,10,-0.9567483173125999,-0.14002988355567458,15.037823910039664,A
R5_aA_m0,1,2,2,30,-1.5465924710215895,-0.4634094659388803,12.75122655642907,A
R5_aA_m0,1,2,2,10,-1.3908308125892184,-0.37448023398896757,20.618795422039017,A
R5_aA_m0,1,2,3,30,-4.654388409779497,-1.4414130536155798,11.30827167504902,A
R5_aA_m0,1,2,3,10,-4.427087323843963,-1.3537592157316711,20.96443238663182,A
R5_aA_m0,1,2,4,30,-2.171819773418926,0.34469510649037216,11.361483403826679,A
R5_aA_m0,1,2,4,10,-1.6722944300505946,0.5274516821551983,19.190165802259394,A
R5_aA_m0,2,0,0,30,0.799792041644624,-0.0812344911069882,-0.5269554469217929,A
R5_aA_m0,2,0,0,10,0.646921606428879,-0.0777372429394219,-0.6499400675487232,A
R5_aA_m0,2,0,1,30,-3.687316654780916,-0.1001569400213306,0.1563873078036101,A
R5_aA_m0,2,0,1,10,-3.15848618367431,-0.09693468780691461,0.3373501326717827,A
R5_aA_m0,2,0,2,30,4.740152407556482,-0.25051068396440757,0.36890119920495223,A
R5_aA_m0,2,0,2,10,5.192137160455279,-0.25920018626371577,1.3000631589820166,A
R5_aA_m0,2,0,3,30,-0.7640618502391145,-0.5026567325681315,-3.8904498166098316,A
R5_aA_m0,2,0,3,10,-0.8427359066147195,-0.48557626496303424,-3.772948420426042,A
R5_aA_m0,2,0,4,30,-3.7559821298893343,-0.460433619426451,0.49540961449175924,A
R5_aA_m0,2,0,4,10,-3.123085458957521,-0.4689573021514649,0.5622444466133238,A
R5_aA_m0,2,1,0,30,1.9506843608915225,-0.19738419536259,-1.3578136595282844,A
R5_aA_m0,2,1,0,10,1.9211988043408412,-0.20002133042072417,-1.4332185999228764,A
R5_aA_m0,2,1,1,30,-1.9256523005668862,0.0059145608545845,0.49968303511808987,A
R5_aA_m0,2,1,1,10,-1.7799969825367243,-0.005831487685296996,0.5490206673476705,A
R5_aA_m0,2,1,2,30,2.676161873834877,-0.15447030604775897,-0.9619186086495257,A
R5_aA_m0,2,1,2,10,2.495992533372304,-0.17167461527562167,-1.2429646935849843,A
R5_aA_m0,2,1,3,30,-1.3103319869038086,-0.4967982865800409,1.047190545721996,A
R5_aA_m0,2,1,3,10,-1.2404182120203529,-0.4972751795770468,1.0838578232719396,A
R5_aA_m0,2,1,4,30,-1.4102894223338582,-0.34558467263578263,-0.2644766917127708,A
R5_aA_m0,2,1,4,10,-1.6459674780693332,-0.33955468377918896,-0.2525131691402285,A
R5_aA_m0,2,2,0,30,-1.3918999279965387,-0.30907318734207695,0.9649998229420933,A
R5_aA_m0,2,2,0,10,-1.2453877633949308,-0.36032682182926234,0.23001700324251617,A
R5_aA_m0,2,2,1,30,4.00914133964957,-0.3274879619918184,-4.246834686973916,A
R5_aA_m0,2,2,1,10,4.473663556683791,-0.3385956174585413,-3.6955988290431447,A
R5_aA_m0,2,2,2,30,0.3276659803548463,-0.24788206430225132,-5.977009092539699,A
R5_aA_m0,2,2,2,10,0.6308783018970263,-0.24739848500251801,-5.6561653655966655,A
R5_aA_m0,2,2,3,30,4.4849150050917075,-0.032723197922230884,4.356678695504577,A
R5_aA_m0,2,2,3,10,4.365734167340926,0.016514564124991304,5.690596198241472,A
R5_aA_m0,2,2,4,30,-1.7185549804941225,-0.7228196969671231,3.543980988029599,A
R5_aA_m0,2,2,4,10,-1.3868967029334547,-0.7257828206765412,3.755627953083934,A
R5_aA_m0,3,0,0,30,-0.020149424554156137,-0.005529218510324702,6.115009497533032,A
R5_aA_m0,3,0,0,10,0.1500301058214636,-0.004599628706568604,6.173894655881887,A
R5_aA_m0,3,0,1,30,0.839271759524286,-0.08962011791811078,4.675234238586371,A
R5_aA_m0,3,0,1,10,0.9070878653377388,-0.10117530015325629,4.6664645474358055,A
R5_aA_m0,3,0,2,30,-0.10388909588550721,-0.16176407193853679,2.9009778467502834,A
R5_aA_m0,3,0,2,10,-0.10511280460843242,-0.16151378078422476,2.8443104036656557,A
R5_aA_m0,3,0,3,30,-2.19141244165844,-0.19256562125238208,15.95745219312535,A
R5_aA_m0,3,0,3,10,-1.9460647287610948,-0.2096735072455468,15.767798062332043,A
R5_aA_m0,3,0,4,30,2.472024510731829,-0.10704599060694853,7.912595542454929,A
R5_aA_m0,3,0,4,10,2.3605988134309346,-0.09575842440473559,8.089107320113117,A
R5_aA_m0,3,1,0,30,-0.9839564722408802,-0.23715760921812473,14.906110022325505,A
R5_aA_m0,3,1,0,10,-0.8526419875922109,-0.24230792052508815,14.92860566690428,A
R5_aA_m0,3,1,1,30,-1.338954083585287,0.12138558744039969,4.495123194150341,A
R5_aA_m0,3,1,1,10,-2.2064511164313565,-0.005638509733520494,0.8156332458021902,A
R5_aA_m0,3,1,2,30,-3.5944035381928896,-0.166062223555791,3.5188208841712862,A
R5_aA_m0,3,1,2,10,-3.550010834525257,-0.1657765359800259,3.541130665731683,A
R5_aA_m0,3,1,3,30,2.3178417349827236,-0.8794184793247938,21.231201153549968,A
R5_aA_m0,3,1,3,10,1.9006565562352313,-0.8724570466864399,21.581247760337618,A
R5_aA_m0,3,1,4,30,1.3990067663274537,-0.22921820306375784,18.503734569919832,A
R5_aA_m0,3,1,4,10,1.5043509705107996,-0.24323313394801138,18.206424850763167,A
R5_aA_m0,3,2,0,30,0.2471211855824138,0.09588366841825169,2.91934018437967,A
R5_aA_m0,3,2,0,10,0.37830288046331395,0.08848409649271949,3.041847449576509,A
R5_aA_m0,3,2,1,30,-0.15359891929006397,-0.1086517937262722,5.266980797462294,A
R5_aA_m0,3,2,1,10,-0.024349229663853,-0.1116433895701461,5.270062592431115,A
R5_aA_m0,3,2,2,30,0.5376351777159143,-0.202530280113994,8.645138695524128,A
R5_aA_m0,3,2,2,10,0.2871158811947595,-0.20558228644551288,8.373167032249587,A
R5_aA_m0,3,2,3,30,2.162136482185236,-0.03587829485728755,4.493407257683884,A
R5_aA_m0,3,2,3,10,2.107892448741592,-0.04566709476559416,4.125408105048663,A
R5_aA_m0,3,2,4,30,4.205194160682306,-0.30775951863192974,22.97434527762354,A
R5_aA_m0,3,2,4,10,4.037737445850014,-0.2917291029895649,23.29611096998847,A
R5_aB_m0,0,0,0,30,3.5324297122643014,0.8856193273981762,4.598779960235351,A
R5_aB_m0,0,0,0,10,7.1536814860955085,2.490575067937855,204.72903079634307,A
R5_aB_m0,0,0,1,30,7.215069966704484,2.257823439684993,175.62816494353638,A
R5_aB_m0,0,0,1,10,0.0746309050266647,0.015870381074210793,1.1150648144918789,A
R5_aB_m0,0,0,2,30,3.123131923111263,0.9096381825217884,5.2349772932482646,A
R5_aB_m0,0,0,2,10,8.179220378831538,2.5646267885401337,57.27805738162405,A
R5_aB_m0,0,0,3,30,8.459928518912488,2.5582648263537333,198.5486638454464,A
R5_aB_m0,0,0,3,10,6.65946570491612,2.1409098587515105,147.3275037719458,A
R5_aB_m0,0,0,4,30,7.05671409953457,2.158745080388416,38.01367100574082,A
R5_aB_m0,0,0,4,10,12.395549902908359,3.775572609306137,124.193700776804,A
R5_aB_m0,0,1,0,30,6.650253630830555,2.023596402853699,37.808414392574505,A
R5_aB_m0,0,1,0,10,1.7394673089494361,0.42529172663278736,3.659236012957656,A
R5_aB_m0,0,1,1,30,9.339637473958874,2.784082614517609,174.0261071322147,A
R5_aB_m0,0,1,1,10,6.595906163459588,2.0951118987631374,125.64386219427263,A
R5_aB_m0,0,1,2,30,7.161747206437184,2.2924677660654265,146.90867697038476,A
R5_aB_m0,0,1,2,10,6.583493979036808,2.1005947318989833,65.29078631104144,A
R5_aB_m0,0,1,3,30,7.11854603256111,2.150723526071383,174.25361375913565,A
R5_aB_m0,0,1,3,10,6.400866255988394,2.0563087167750416,652.9230432404926,A
R5_aB_m0,0,1,4,30,5.551516783490513,1.4534113702254194,4.335467820678025,A
R5_aB_m0,0,1,4,10,2.188839984004568,0.7285004435829227,18.86556289412922,A
R5_aB_m0,0,2,0,30,5.972078661621384,1.8253535677540322,39.00083182154488,A
R5_aB_m0,0,2,0,10,6.585474305729943,2.0075529883078724,42.528115006616865,A
R5_aB_m0,0,2,1,30,3.758459361504296,1.1099562072304978,5.524432149149316,A
R5_aB_m0,0,2,1,10,5.17529554734194,1.3322281989660627,151.77355374025143,A
R5_aB_m0,0,2,2,30,1.6921657946131992,0.2739744861978045,-0.1268086972896918,A
R5_aB_m0,0,2,2,10,1.5209881042411741,0.4142080702516344,4.345985873905104,A
R5_aB_m0,0,2,3,30,2.733740084513967,0.8160540993480692,44.76901805828113,A
R5_aB_m0,0,2,3,10,3.05091511203694,0.9357136979561149,65.66453134364616,A
R5_aB_m0,0,2,4,30,4.484026839922908,1.1330161031384836,5.657260249362322,A
R5_aB_m0,0,2,4,10,6.464836861152017,2.0737918241348723,38.62843540957482,A
R5_aB_m0,1,0,0,30,4.10448312883589,1.7115433359721217,34.898844840384015,A
R5_aB_m0,1,0,0,10,3.9736711763923607,1.6931656802548711,23.900122260093376,A
R5_aB_m0,1,0,1,30,1.478523875063868,0.45071069779144324,5.370041626180981,A
R5_aB_m0,1,0,1,10,1.5973475916182287,0.4910776830211252,20.44763551163952,A
R5_aB_m0,1,0,2,30,3.5853918759504584,0.5197437471981082,29.796159702273997,A
R5_aB_m0,1,0,2,10,2.086469711035776,0.130159761838195,10.988496725355864,A
R5_aB_m0,1,0,3,30,0.5654711330520632,0.17274679709481422,29.26550740888692,A
R5_aB_m0,1,0,3,10,-1.6288635987268316,-1.531812401086308,17.015342801270855,A
R5_aB_m0,1,0,4,30,4.4721176864641565,1.2205750417577412,33.790145939197636,A
R5_aB_m0,1,0,4,10,4.1125232647184315,1.131083033810291,26.771644003852053,A
R5_aB_m0,1,1,0,30,3.337394868087716,1.5495140668930298,38.688651336160056,A
R5_aB_m0,1,1,0,10,2.436330205848138,1.33968388650311,19.30880536998526,A
R5_aB_m0,1,1,1,30,-0.3428759319822374,0.14297497487667676,11.936824427158733,A
R5_aB_m0,1,1,1,10,-1.6999789746396203,-0.2647863477126501,2.2251123218456845,A
R5_aB_m0,1,1,2,30,3.522921552927226,0.719086394016968,29.241507152541125,A
R5_aB_m0,1,1,2,10,1.8597566061914725,0.3274321694588541,7.780669383860214,A
R5_aB_m0,1,1,3,30,-4.66532486199174,-1.4235196628300835,5.730583542272559,A
R5_aB_m0,1,1,3,10,-0.5949567894565391,-0.18125276823965852,20.16482321871189,A
R5_aB_m0,1,1,4,30,5.783941476509667,1.5043476025088962,34.79242511171501,A
R5_aB_m0,1,1,4,10,5.255132218178307,1.3007153218101453,30.921604531893582,A
R5_aB_m0,1,2,0,30,3.3397308460763195,1.6566578567525567,40.24587851666161,A
R5_aB_m0,1,2,0,10,1.3974866439677183,1.1694129401999684,12.796171638061248,A
R5_aB_m0,1,2,1,30,2.195123385287198,0.45927328794677613,27.6609229458775,A
R5_aB_m0,1,2,1,10,0.6026613800218601,0.08489127670823993,8.605492148566745,A
R5_aB_m0,1,2,2,30,4.7007171741106095,0.9449069167083329,31.74917724901292,A
R5_aB_m0,1,2,2,10,3.7173815112859434,0.6777631830287111,15.220012027247684,A
R5_aB_m0,1,2,3,30,-4.4354877996309074,-1.7421530219481967,3.7073037312088193,A
R5_aB_m0,1,2,3,10,-4.946478747074143,-1.6410349481246789,3.0988934345332293,A
R5_aB_m0,1,2,4,30,3.0934472798434722,0.8196471301509279,34.15340151139815,A
R5_aB_m0,1,2,4,10,2.715619996221239,0.6780133356621844,22.46575757632715,A
R5_aB_m0,2,0,0,30,-1.6286020971322772,-0.10540970363549296,7.754460234114954,A
R5_aB_m0,2,0,0,10,-2.001612754659258,-0.09980962999391008,7.100280989048861,A
R5_aB_m0,2,0,1,30,2.466639040679947,-0.278772716473814,6.103571526792634,A
R5_aB_m0,2,0,1,10,3.4087531250897367,-0.39838435872392663,5.962640818744506,A
R5_aB_m0,2,0,2,30,4.061804067137194,-0.4267314294582283,4.99673045791992,A
R5_aB_m0,2,0,2,10,3.780239457165981,-0.371416730809575,4.470837510133112,A
R5_aB_m0,2,0,3,30,1.7160878009738108,-0.24247804463147493,7.215197491204291,A
R5_aB_m0,2,0,3,10,3.962319199541785,-0.17929966198923486,21.17443944355193,A
R5_aB_m0,2,0,4,30,1.3747627269462206,-0.12637999071764713,5.083648111648494,A
R5_aB_m0,2,0,4,10,2.836567414344206,-0.13471117522672812,6.147780902327571,A
R5_aB_m0,2,1,0,30,1.4915136303150114,0.06674318008475127,10.440697592930604,A
R5_aB_m0,2,1,0,10,1.4047989249215902,0.15162270689290308,18.149594204459767,A
R5_aB_m0,2,1,1,30,1.4872804423142862,-0.059603772557705784,6.625678083251353,A
R5_aB_m0,2,1,1,10,0.8660712872902505,-0.0071758249045209,11.403163120678247,A
R5_aB_m0,2,1,2,30,-0.7454209979764443,0.0418759918785499,7.805681488065886,A
R5_aB_m0,2,1,2,10,-1.9362538291612412,-0.0988651206423996,6.290361633188233,A
R5_aB_m0,2,1,3,30,-0.30945061853253897,-0.21690303964654212,9.677424944903228,A
R5_aB_m0,2,1,3,10,-0.9579019019320905,-0.18354334782408366,9.44060922761303,A
R5_aB_m0,2,1,4,30,-3.472059423813402,-0.425846700486464,4.551003664542153,A
R5_aB_m0,2,1,4,10,-2.4343339294225643,-0.38861759234887316,4.837728427047661,A
R5_aB_m0,2,2,0,30,-2.629225712852661,-0.16391143217089021,4.108548024827109,A
R5_aB_m0,2,2,0,10,-2.2561305940225567,-0.11265868117711741,4.099502451578891,A
R5_aB_m0,2,2,1,30,2.662807473313423,-0.17557707236758138,7.410485800901843,A
R5_aB_m0,2,2,1,10,3.410726792017159,-0.1540819850246112,8.16229135361192,A
R5_aB_m0,2,2,2,30,-0.8395385469892791,-0.004041117055795462,4.946544349183494,A
R5_aB_m0,2,2,2,10,-0.1366315659435523,0.02272405016749829,5.323524855321864,A
R5_aB_m0,2,2,3,30,2.6844183708119136,-0.5989680565542523,0.6544584168331653,A
R5_aB_m0,2,2,3,10,4.422159823802611,-0.7207328784602955,6.152810209082624,A
R5_aB_m0,2,2,4,30,-0.31271247946774494,-0.41415351754424723,9.831085427348988,A
R5_aB_m0,2,2,4,10,-0.287474338082677,-0.32577968520687406,11.09270754847995,A
R5_aB_m0,3,0,0,30,2.9045351308024907,0.1510567257782477,13.206114979908246,A
R5_aB_m0,3,0,0,10,2.845016931915919,0.16440146071170503,13.222817805736444,A
R5_aB_m0,3,0,1,30,0.30242762212413954,0.06489757288073278,11.352327922352972,A
R5_aB_m0,3,0,1,10,0.72401531609676,0.07521453363857883,17.303922061741066,A
R5_aB_m0,3,0,2,30,4.615027231827804,0.021414927972221942,10.27068875333148,A
R5_aB_m0,3,0,2,10,4.61563390570002,0.00703120445856692,9.633760952586165,A
R5_aB_m0,3,0,3,30,3.395450101368315,-0.48305178156396017,9.278818164181418,A
R5_aB_m0,3,0,3,10,-2.782463263229192,-0.1691406807632635,9.063672274107047,A
R5_aB_m0,3,0,4,30,0.7436729798216186,-0.4019261160681788,5.136809178362354,A
R5_aB_m0,3,0,4,10,3.804108052398445,-0.21410683476586906,7.992337153529643,A
R5_aB_m0,3,1,0,30,3.0646568566746186,0.06679642093045823,10.248732303964802,A
R5_aB_m0,3,1,0,10,1.969083492392603,0.05723759004343559,9.278482958794788,A
R5_aB_m0,3,1,1,30,4.6198066150265955,0.1156559280322755,12.401857586892287,A
R5_aB_m0,3,1,1,10,2.5014036368794836,0.06598882539625009,10.44919511104219,A
R5_aB_m0,3,1,2,30,1.1492311305927787,0.1334634620611127,11.759085668084538,A
R5_aB_m0,3,1,2,10,-0.2613107780012296,0.07717769016165099,10.118687927524377,A
R5_aB_m0,3,1,3,30,1.7935537869924492,-0.5142749781931731,19.123954449612658,A
R5_aB_m0,3,1,3,10,0.7354353087519838,-0.41734766238791077,19.124683873510516,A
R5_aB_m0,3,1,4,30,2.594994700009418,-0.35161718201890346,6.050869269801959,A
R5_aB_m0,3,1,4,10,0.5322236954900132,-0.25065560504217277,12.306653426003928,A
R5_aB_m0,3,2,0,30,1.2844201478976693,0.20096840296913587,10.889399932807548,A
R5_aB_m0,3,2,0,10,1.84066389948136,0.24604804547953774,11.352384058542333,A
R5_aB_m0,3,2,1,30,2.9567357115625574,0.13380338022281907,10.519623712429887,A
R5_aB_m0,3,2,1,10,1.2328177483584293,0.03189920443058081,8.0534060045519,A
R5_aB_m0,3,2,2,30,-1.170256936381555,-0.16728972374758833,5.754736577990794,A
R5_aB_m0,3,2,2,10,-0.2639710908211321,-0.18440629053693633,5.94974468853605,A
R5_aB_m0,3,2,3,30,2.406036014747395,-0.8625830981203679,3.0100136521956955,A
R5_aB_m0,3,2,3,10,3.3447729289884056,-0.6922947757345523,8.133336757403946,A
R5_aB_m0,3,2,4,30,6.279720672530479,-0.4870219645395955,10.110500260756998,A
R5_aB_m0,3,2,4,10,4.104097329770866,-0.3903006424515071,17.60642595038062,A
R2_aA_m0,1,0,0,30,4.646764304947735,0.9522293028558817,21.71193695986497,B
R2_aA_m0,1,0,0,10,3.0480716359545488,0.5234401684195653,10.544281184476853,B
R2_aA_m0,1,0,1,30,-0.1942372074041474,-0.06279526089466159,35.848011748445174,B
R2_aA_m0,1,0,1,10,-0.19059021780428864,-0.02723837096989512,29.407564546332864,B
R2_aA_m0,1,0,2,30,4.923477632738792,1.2853090191406449,17.837566301628335,B
R2_aA_m0,1,0,2,10,4.681401377657671,1.3541146827696544,13.56876700622998,B
R2_aA_m0,1,0,3,30,-0.94172168473124,-0.2744661773177868,30.795630606657383,B
R2_aA_m0,1,0,3,10,-0.47461211860966657,-0.13684909428557246,14.055257576624676,B
R2_aA_m0,1,0,4,30,3.34025635709837,0.894342412034335,16.205247222845408,B
R2_aA_m0,1,0,4,10,0.5526252952799632,0.1394986995681109,0.46319531241762313,B
R2_aA_m0,1,1,0,30,1.4922685566142646,0.15812808989968674,2.7340116501673926,B
R2_aA_m0,1,1,0,10,2.1469751750384343,0.34127870240326486,2.6926482335015614,B
R2_aA_m0,1,1,1,30,0.030047698729321226,0.014252147910960522,30.676097425161142,B
R2_aA_m0,1,1,1,10,1.6812580324318205,0.48746008033615684,38.11119458294489,B
R2_aA_m0,1,1,2,30,-0.2874403728027488,-0.08541328980890128,31.619704652345234,B
R2_aA_m0,1,1,2,10,1.363683988222487,0.3811971255269415,35.95484596116005,B
R2_aA_m0,1,1,3,30,0.2813120662256159,0.07561176997443164,28.33101657939859,B
R2_aA_m0,1,1,3,10,0.045941283436151004,0.010784617125670692,8.90675877160351,B
R2_aA_m0,1,1,4,30,3.684010347151491,0.9934808631362144,16.4349207995329,B
R2_aA_m0,1,1,4,10,4.233909703894488,1.1473084997499148,8.110181007307439,B
R2_aA_m0,1,2,0,30,1.5200940818509103,0.4277260866980711,24.275703218364082,B
R2_aA_m0,1,2,0,10,1.3250227513302235,0.38687595048779955,7.932886422173215,B
R2_aA_m0,1,2,1,30,3.809845096929098,1.1257850206245574,22.479697620587622,B
R2_aA_m0,1,2,1,10,1.4097121104991561,0.413483680449491,4.687099817776957,B
R2_aA_m0,1,2,2,30,1.345602593397086,0.36554484033143353,17.448683068466735,B
R2_aA_m0,1,2,2,10,-0.8672361772082771,-0.2504361560313231,3.1816385652084485,B
R2_aA_m0,1,2,3,30,2.7547359758163665,0.4436136695592521,6.473125166670382,B
R2_aA_m0,1,2,3,10,1.1717566472785257,0.06226931140617728,0.8307694700388168,B
R2_aA_m0,1,2,4,30,1.034252869961632,0.3109784206155719,5.667232658546974,B
R2_aA_m0,1,2,4,10,-3.3075960485632363,-0.9313769995622672,-0.9593854371215187,B
R2_aA_m0,2,0,0,30,4.576788858177434,1.1636173314027036,9.79616561481599,B
R2_aA_m0,2,0,0,10,5.337666340755322,1.3214433712177276,14.427936672386727,B
R2_aA_m0,2,0,1,30,0.1523791579883369,0.029727525578036262,11.220377398684409,B
R2_aA_m0,2,0,1,10,4.085975632953627,1.1950638815735517,15.913842108853732,B
R2_aA_m0,2,0,2,30,4.2084888964417475,1.8354250449386151,15.890718376477759,B
R2_aA_m0,2,0,2,10,0.5735155823033256,0.1681355739424839,1.2253110110557794,B
R2_aA_m0,2,0,3,30,2.3095912532148186,0.6239155980102546,19.081916973265173,B
R2_aA_m0,2,0,3,10,0.9008303411418885,0.26688977878172926,6.301376779234381,B
R2_aA_m0,2,0,4,30,2.4064063755123057,1.1112466480236503,7.612383372599495,B
R2_aA_m0,2,0,4,10,-1.1412896649178694,0.1640753355634676,-0.3828017583111236,B
R2_aA_m0,2,1,0,30,4.198694288377707,0.9531814916480277,8.489845221752837,B
R2_aA_m0,2,1,0,10,3.329221617579799,0.70550997481885,4.565029465788448,B
R2_aA_m0,2,1,1,30,-0.7268795975101279,-0.20941230994785287,10.813309645744788,B
R2_aA_m0,2,1,1,10,4.299742319060686,1.2366281478350798,5.70631535205359,B
R2_aA_m0,2,1,2,30,0.017788034559226062,0.0042845312326167395,11.901098583255715,B
R2_aA_m0,2,1,2,10,1.2680763725316,0.3463688291596785,13.838468657014657,B
R2_aA_m0,2,1,3,30,1.9130098232341624,0.5005601309095131,11.395626835968674,B
R2_aA_m0,2,1,3,10,0.5329966430068951,0.10953821741066538,4.514103962783935,B
R2_aA_m0,2,1,4,30,-0.749115843463271,0.7738413402324794,4.937438117821863,B
R2_aA_m0,2,1,4,10,-2.399033251654719,0.3769508331547966,0.12823244346136953,B
R2_aA_m0,2,2,0,30,2.083400433283053,0.8757133058468927,8.024095281521012,B
R2_aA_m0,2,2,0,10,2.0419101597215485,0.8590103000921756,7.021784673278617,B
R2_aA_m0,2,2,1,30,2.7584625168730166,0.8335525670590518,11.998433866116493,B
R2_aA_m0,2,2,1,10,3.2630947853022794,0.9485414477797938,10.463049849076931,B
R2_aA_m0,2,2,2,30,1.7675222811242057,0.4470588672233895,8.181356722692243,B
R2_aA_m0,2,2,2,10,-0.3421714872728988,-0.10245594068039429,0.037017392135055616,B
R2_aA_m0,2,2,3,30,-1.7037930217431183,0.06299786092341908,-1.5823450503870262,B
R2_aA_m0,2,2,3,10,-0.38176030707623276,-0.08425141085477983,-1.159470174354647,B
R2_aA_m0,2,2,4,30,0.49214477218954267,0.5372990301548211,7.042098320698663,B
R2_aA_m0,2,2,4,10,-0.15495892455373816,0.38065858627092375,3.676986820252603,B
R2_aA_m45,1,0,0,30,2.2528493683211135,0.3100799268777814,-0.5160373089784223,B
R2_aA_m45,1,0,0,10,3.3838944445165318,0.8406796520515115,2.1435071518184117,B
R2_aA_m45,1,0,1,30,-1.5306816464899784,-0.43929382477203616,-25.90938659612558,B
R2_aA_m45,1,0,1,10,-1.2492875264248555,-0.3549259005256049,-24.704079039967134,B
R2_aA_m45,1,0,2,30,2.3216950649422126,0.5611895857024856,1.0947330462186962,B
R2_aA_m45,1,0,2,10,0.7121938037614353,0.13143763197640568,-0.3939557065588666,B
R2_aA_m45,1,0,3,30,-1.646649781130546,-0.4576505305942955,-26.1285555801146,B
R2_aA_m45,1,0,3,10,-0.9968175204783565,-0.2792599578581356,-16.493112813285883,B
R2_aA_m45,1,0,4,30,1.9243694364438622,0.3665884023039164,1.538503568179916,B
R2_aA_m45,1,0,4,10,-0.3860170259258996,-0.2183449940454537,1.6333283068221665,B
R2_aA_m45,1,1,0,30,-1.7819636566066008,-0.7211954292403742,-8.88355132689508,B
R2_aA_m45,1,1,0,10,-3.5690220875915424,-1.2494752941699458,-10.909393803410339,B
R2_aA_m45,1,1,1,30,-0.6306057132665481,-0.1879561590484875,-11.15179334329148,B
R2_aA_m45,1,1,1,10,-2.32793619733926,-0.6855467277506864,-19.388016916934724,B
R2_aA_m45,1,1,2,30,-1.1809890581711695,-0.34602894288661146,-22.372508357210215,B
R2_aA_m45,1,1,2,10,0.38757496634935507,0.10337622077810926,-0.650912220269479,B
R2_aA_m45,1,1,3,30,-0.7245375460755978,-0.1882544789658691,-7.750630938080249,B
R2_aA_m45,1,1,3,10,-1.1000808163991458,-0.28827614411230185,-9.814160809399908,B
R2_aA_m45,1,1,4,30,2.331887978347489,0.44394891103947065,2.893651723113578,B
R2_aA_m45,1,1,4,10,0.18531846100043398,0.03522491869775571,0.24503920414944513,B
R2_aA_m45,1,2,0,30,-0.4186560629416034,-0.11924401958282216,-2.7743449645372706,B
R2_aA_m45,1,2,0,10,-0.2700373933431939,-0.06710843267794475,2.517921308097229,B
R2_aA_m45,1,2,1,30,1.9570251014521096,0.43494234865997394,0.7775130478662611,B
R2_aA_m45,1,2,1,10,-1.4270748508875806,-0.3686393558498109,-0.4656758022657961,B
R2_aA_m45,1,2,2,30,-0.13560357021705371,-0.03639454712164847,-1.653521729573562,B
R2_aA_m45,1,2,2,10,0.4115563066385439,0.10538672456230658,4.11221947507584,B
R2_aA_m45,1,2,3,30,0.6127035558534435,0.11887778848465735,1.6957485975255722,B
R2_aA_m45,1,2,3,10,0.26516682621274423,0.049918414508365205,0.569110732787081,B
R2_aA_m45,1,2,4,30,-4.952276117591941,-1.1927995991704263,-19.13536282587355,B
R2_aA_m45,1,2,4,10,-6.435851259385622,-1.7688482664102287,-24.308739040341337,B
R2_aA_m45,2,0,0,30,0.1405118338061257,-0.0838058719772822,0.07532255349546357,B
R2_aA_m45,2,0,0,10,0.04708693886330678,-0.09817299346358051,0.20701665561003857,B
R2_aA_m45,2,0,1,30,-4.575777083904268,-1.3452873197347834,-5.66972818267503,B
R2_aA_m45,2,0,1,10,-5.351743011626652,-1.4507219441470156,-5.861532179478363,B
R2_aA_m45,2,0,2,30,-1.3307059584725778,0.2203607021967186,0.056395567177983,B
R2_aA_m45,2,0,2,10,-0.7863733096986609,0.3729248577999837,0.06500044377196446,B
R2_aA_m45,2,0,3,30,-2.7278013191372787,-0.8000957045154513,-5.40774026745366,B
R2_aA_m45,2,0,3,10,-0.7843467630308547,-0.22868623107233477,-0.515962904154037,B
R2_aA_m45,2,0,4,30,-1.0033966600819701,0.22354839806963048,-0.03231134134852631,B
R2_aA_m45,2,0,4,10,-0.6605234942312942,0.11991101896217321,-0.013192031482490485,B
R2_aA_m45,2,1,0,30,0.19932882800822938,-0.15711759467195288,0.04620190845731198,B
R2_aA_m45,2,1,0,10,0.04839565600251883,0.027420677308324704,1.1990141827588836,B
R2_aA_m45,2,1,1,30,-5.636106720019111,-1.6358978516428162,-10.218859347542475,B
R2_aA_m45,2,1,1,10,-3.6824094501195375,-1.0645137494487615,-6.614357967212005,B
R2_aA_m45,2,1,2,30,-4.998314882804319,-1.4733855543805137,-4.310341853113313,B
R2_aA_m45,2,1,2,10,-4.322212818153957,-1.1007499329454293,-3.7655608025534892,B
R2_aA_m45,2,1,3,30,-2.092833703301582,-0.5901248742010905,-4.202968647273904,B
R2_aA_m45,2,1,3,10,-1.2118682946849892,-0.3398297606025855,-2.6400676651279813,B
R2_aA_m45,2,1,4,30,-3.0120964381593796,-0.011167759534847277,-0.6804033465878767,B
R2_aA_m45,2,1,4,10,-1.9567909144514892,-0.28646049992455846,-0.49601417455498975,B
R2_aA_m45,2,2,0,30,-1.6470616181666604,-0.1217162614364132,-0.3320960646864446,B
R2_aA_m45,2,2,0,10,-0.06729211193433016,-0.007377585739490489,1.1559792999088288,B
R2_aA_m45,2,2,1,30,-1.7105333099782751,-0.46919797884712355,-1.1515108367388063,B
R2_aA_m45,2,2,1,10,-0.09739132608510515,-0.030867916996554334,0.6934539551011678,B
R2_aA_m45,2,2,2,30,-1.3920333158521967,-0.3880612109856126,-1.8725486457286546,B
R2_aA_m45,2,2,2,10,-1.007868910123641,-0.2799895364902239,-1.4174382174016582,B
R2_aA_m45,2,2,3,30,-1.0397319724323468,-0.09847565524516949,-1.086290221629337,B
R2_aA_m45,2,2,3,10,-0.6365110834049132,-0.0949164784997314,-0.6655988933585206,B
R2_aA_m45,2,2,4,30,-3.2557967261106784,-0.508469327056283,-1.3603077917801194,B
R2_aA_m45,2,2,4,10,-2.71512805903703,-0.3121586902044355,-1.1667577689415234,B
R2_aB_m0,1,0,0,30,3.878802695409716,1.3786397067130944,4.140057632027304,B
R2_aB_m0,1,0,0,10,2.5469508736498945,1.014472202995387,1.2147492966761662,B
R2_aB_m0,1,0,1,30,-3.057079342055974,-0.8493661444125225,-4.492644693750917,B
R2_aB_m0,1,0,1,10,-5.017597361166393,-1.181962002777185,-5.744616808885114,B
R2_aB_m0,1,0,2,30,0.5523589941048099,0.11737331792390682,2.81334733581263,B
R2_aB_m0,1,0,2,10,-0.2756797619013356,-0.11957281752048565,0.9989251307727565,B
R2_aB_m0,1,0,3,30,-1.8715765254183294,-0.4718643358286678,-5.858716295186468,B
R2_aB_m0,1,0,3,10,-1.417770029144135,-0.3578288325642007,-4.518824160481428,B
R2_aB_m0,1,0,4,30,3.6256226396167426,1.0508754212186717,5.284143386324318,B
R2_aB_m0,1,0,4,10,2.314671593336451,0.6742464746960459,2.008410377604508,B
R2_aB_m0,1,1,0,30,3.7715894447865708,1.3102279788178375,3.731554580727328,B
R2_aB_m0,1,1,0,10,1.9803396178224886,0.8057372960824206,0.9049520047314408,B
R2_aB_m0,1,1,1,30,-2.8026298827673966,-0.7884159257734467,-3.0972990404163365,B
R2_aB_m0,1,1,1,10,-2.664502057144596,-0.7444854477655323,-2.8558491336532517,B
R2_aB_m0,1,1,2,30,-3.2186411105210677,-0.8828463634318409,-6.2949853973496435,B
R2_aB_m0,1,1,2,10,-2.3964128118553236,-0.6504253493756116,-4.902985159279465,B
R2_aB_m0,1,1,3,30,-1.3683247161202117,-0.370620117467639,-1.8352415393055788,B
R2_aB_m0,1,1,3,10,-2.981720505069132,-0.7910666679816759,-2.571242629072582,B
R2_aB_m0,1,1,4,30,5.021334367283662,1.4633370199344133,4.9424221143128015,B
R2_aB_m0,1,1,4,10,4.200385512870232,1.2369784340003893,2.9987343302512066,B
R2_aB_m0,1,2,0,30,3.307692120622644,0.9542612718270744,5.457584885993311,B
R2_aB_m0,1,2,0,10,-0.076153275275328,-0.033328298462474426,0.2495936641974299,B
R2_aB_m0,1,2,1,30,-3.265219081962157,-0.9137523877109476,-2.8631083380579856,B
R2_aB_m0,1,2,1,10,-3.273826347379738,-0.915231810326448,-2.894076729336926,B
R2_aB_m0,1,2,2,30,1.2450142501497894,0.18255641130834394,2.5957985759934696,B
R2_aB_m0,1,2,2,10,-0.5587626973042803,-0.3146968321778626,-0.19721343471105568,B
R2_aB_m0,1,2,3,30,1.6468084984287428,0.3460109859150646,2.0117933308568583,B
R2_aB_m0,1,2,3,10,0.8302880385512927,0.15887601700640458,0.46404051840030647,B
R2_aB_m0,1,2,4,30,2.2108887042079504,0.6206919574404641,4.815702160099386,B
R2_aB_m0,1,2,4,10,0.20535460394961325,0.057454724917322175,0.7064936010228022,B
R2_aB_m0,2,0,0,30,0.8587799077265699,0.2415301469432704,0.34371221137495345,B
R2_aB_m0,2,0,0,10,0.8092385926676282,0.22743515361776212,0.2970384635736141,B
R2_aB_m0,2,0,1,30,-2.105412105055652,-0.6031330428092054,-0.4237370652765593,B
R2_aB_m0,2,0,1,10,-1.8553854737982312,-0.5313768028768658,-0.3874422989826945,B
R2_aB_m0,2,0,2,30,-4.053162833192085,-1.1523210453758344,-2.684889698517388,B
R2_aB_m0,2,0,2,10,-4.8578826732273725,-1.3394455547930646,-29.140772334243685,B
R2_aB_m0,2,0,3,30,0.9349750874078977,-0.39750919820011366,-1.7071577861239575,B
R2_aB_m0,2,0,3,10,1.0168296038544566,-0.41720964190179627,-1.7368164976162888,B
R2_aB_m0,2,0,4,30,1.5199835983747654,0.4222147001592591,0.6344980493478249,B
R2_aB_m0,2,0,4,10,0.7267870428929839,0.047316369392259305,0.05275219156334954,B
R2_aB_m0,2,1,0,30,-2.5538374447628134,0.0007261941491428225,-0.9665950628344637,B
R2_aB_m0,2,1,0,10,-2.959468270147055,0.3295286009594368,1.9884726777515205,B
R2_aB_m0,2,1,1,30,-1.2605260609141529,-0.39841282393773836,-0.30372336028948865,B
R2_aB_m0,2,1,1,10,0.057434855247060046,-0.3382515285668286,0.0994457302467735,B
R2_aB_m0,2,1,2,30,-2.9718136224666996,-0.8160653728662245,-3.0983917692804326,B
R2_aB_m0,2,1,2,10,-2.8826934121727232,-0.7916641685295156,-3.0756415965362525,B
R2_aB_m0,2,1,3,30,0.3290128783500635,-0.14587146050568672,-0.09366584999725269,B
R2_aB_m0,2,1,3,10,-0.018214393156491402,-0.019969500287675412,-0.04081675238511728,B
R2_aB_m0,2,1,4,30,5.326515260352507,1.4660971326577836,40.44305657294559,B
R2_aB_m0,2,1,4,10,3.539805638713317,0.9980002760791697,55.394735694032605,B
R2_aB_m0,2,2,0,30,6.851139893578549,1.8805535500919546,56.59893401175376,B
R2_aB_m0,2,2,0,10,0.5594916956989726,0.1589991589992066,0.06731259521395727,B
R2_aB_m0,2,2,1,30,-1.8256102421465263,-0.47509472168851674,-1.382687695599098,B
R2_aB_m0,2,2,1,10,1.2642464424535453,0.2722972544525647,1.1211885286579157,B
R2_aB_m0,2,2,2,30,-0.2198556383645992,-0.1906147676490833,-0.0818197392763309,B
R2_aB_m0,2,2,2,10,-0.2907612318015617,-0.23026947979179507,-0.3254924347912418,B
R2_aB_m0,2,2,3,30,0.11558301834521867,0.019172274438298997,0.775158944571114,B
R2_aB_m0,2,2,3,10,1.2901403261537099,0.22985562286730477,9.295762298327567,B
R2_aB_m0,2,2,4,30,4.1017865982177195,1.0989837021766196,38.98760900122461,B
R2_aB_m0,2,2,4,10,3.559174431722791,0.9177632137607535,29.261340303405568,B
R4_aA_m0,3,0,0,30,1.6343714886004554,0.1315190032145865,0.3683275275118354,B
R4_aA_m0,3,0,0,10,1.7561940902579656,0.1424432833682552,0.43812604785223974,B
R4_aA_m0,3,0,1,30,-3.430292248020137,-0.09970289334502702,-1.482384129644615,B
R4_aA_m0,3,0,1,10,-3.371235686067875,-0.0982361578564099,-1.523611511366064,B
R4_aA_m0,3,0,2,30,-2.8079703414768353,-0.22215047465616838,-0.5549018962877718,B
R4_aA_m0,3,0,2,10,-2.642033687198799,-0.2086423609118101,-0.48247327308921406,B
R4_aA_m0,3,0,3,30,-5.492243572485775,-0.4345988633673852,-2.3224263605566886,B
R4_aA_m0,3,0,3,10,-4.900108244264711,-0.3838165576420087,-2.2804335482968567,B
R4_aA_m0,3,0,4,30,-0.2956345203153574,-0.025181392285364403,0.5876081712783263,B
R4_aA_m0,3,0,4,10,-0.18063348513537258,-0.015105568624438404,0.6873246838404163,B
R4_aA_m0,3,1,0,30,0.9960248672709203,0.07873429569381149,0.35426800380421053,B
R4_aA_m0,3,1,0,10,1.3354050474142247,0.111002853799545,0.5877473044096022,B
R4_aA_m0,3,1,1,30,-3.9494948260458687,-0.11438504779749539,-1.8871803073527091,B
R4_aA_m0,3,1,1,10,-3.391745661611476,-0.065360508835239,-1.6894451996416342,B
R4_aA_m0,3,1,2,30,-2.715356972285762,-0.24297456207781132,-0.47689827242518346,B
R4_aA_m0,3,1,2,10,-2.898872731094121,-0.2509116764773326,-0.5389113372027308,B
R4_aA_m0,3,1,3,30,-5.032163344403942,-0.3981340725584838,-2.198690176532942,B
R4_aA_m0,3,1,3,10,-4.961560603075158,-0.3906824617289705,-2.186827534711841,B
R4_aA_m0,3,1,4,30,-1.0543257169727613,-0.08722273023512879,0.5495110897932304,B
R4_aA_m0,3,1,4,10,-1.046088427760115,-0.0849361123180083,0.5068703296257099,B
R4_aA_m0,3,2,0,30,1.296677456515635,0.18891842212921484,0.03939909512825768,B
R4_aA_m0,3,2,0,10,1.3010719822979335,0.18693283792093612,-0.011728064749291889,B
R4_aA_m0,3,2,1,30,-2.828372988785676,-0.11521548435266771,-0.8279263409722367,B
R4_aA_m0,3,2,1,10,-2.758240506047337,-0.1109266764065405,-0.8032846174707267,B
R4_aA_m0,3,2,2,30,-3.5231099051941452,-0.2423614940303806,-1.1734596352090498,B
R4_aA_m0,3,2,2,10,-3.864292892980307,-0.26330463523297487,-1.2385178418100131,B
R4_aA_m0,3,2,3,30,-4.857444145743013,-0.3742347621819086,-2.251930932057779,B
R4_aA_m0,3,2,3,10,-4.4905662141071545,-0.3444887617801865,-2.241678015097964,B
R4_aA_m0,3,2,4,30,-0.907429375556519,-0.0748389669308383,0.6097556020302991,B
R4_aA_m0,3,2,4,10,-0.6531239666409907,-0.05318348938034301,0.8117730535558155,B
R4_aA_m0,4,0,0,30,1.4724351589253915,-0.034831669679439695,0.3570805526704457,B
R4_aA_m0,4,0,0,10,1.7501565556201546,-0.010429889993892397,0.5336106873815756,B
R4_aA_m0,4,0,1,30,-2.14853107478587,-0.2374891093608594,-0.014720320181893065,B
R4_aA_m0,4,0,1,10,-2.2535465154000707,-0.2502251465842902,-0.06504133949983393,B
R4_aA_m0,4,0,2,30,-2.006943929753282,-0.22383982451761952,-0.09874040905298442,B
R4_aA_m0,4,0,2,10,-1.5968728085988038,-0.1779795195221609,0.28816290705409187,B
R4_aA_m0,4,0,3,30,-6.363700077264285,-0.7107536686030984,-6.936705770785087,B
R4_aA_m0,4,0,3,10,-5.7309312791160565,-0.6402198626090012,-6.110603974187477,B
R4_aA_m0,4,0,4,30,0.11201562693599931,0.013960809965160914,0.294569511224156,B
R4_aA_m0,4,0,4,10,0.09082596295073975,0.014115803488648021,0.2756543493979653,B
R4_aA_m0,4,1,0,30,0.8825734966857924,0.0009505337349049042,0.4651360583441426,B
R4_aA_m0,4,1,0,10,0.8672031218435444,0.0016516195345527979,0.38837779758557067,B
R4_aA_m0,4,1,1,30,-1.0805940134885716,-0.11946931599400792,0.4032529570551284,B
R4_aA_m0,4,1,1,10,-1.2544348042735032,-0.13821412842520153,0.217310428295171,B
R4_aA_m0,4,1,2,30,-1.373319515963407,-0.15263037454946787,0.2328477643015714,B
R4_aA_m0,4,1,2,10,-1.567717862650126,-0.17390987930354307,0.03626555441970214,B
R4_aA_m0,4,1,3,30,-5.390287015482392,-0.6035968689659426,-4.754386748754742,B
R4_aA_m0,4,1,3,10,-5.471261327191385,-0.6124046200694168,-4.938389917817138,B
R4_aA_m0,4,1,4,30,1.5888818927596953,0.0453564904151422,0.48897454072924673,B
R4_aA_m0,4,1,4,10,0.8518352003509018,-0.019721136160199396,0.14183240445747813,B
R4_aA_m0,4,2,0,30,-0.1169480044039597,-0.04690351339505691,0.14396815204503,B
R4_aA_m0,4,2,0,10,0.204831830960984,-0.014449842403710916,0.328352326976209,B
R4_aA_m0,4,2,1,30,-0.7279934304797897,-0.07990269287545021,0.3324923985295125,B
R4_aA_m0,4,2,1,10,-0.4303548027017996,-0.047880912304534395,0.5691803748624851,B
R4_aA_m0,4,2,2,30,-2.6479970650882514,-0.2915044056348087,-0.8365591323020203,B
R4_aA_m0,4,2,2,10,-2.407800707441649,-0.26437729820999223,-0.6472352385360858,B
R4_aA_m0,4,2,3,30,-4.942293095619311,-0.5509047826970217,-4.903894063049349,B
R4_aA_m0,4,2,3,10,-5.162194558236767,-0.5742395887214806,-5.299061796373849,B
R4_aA_m0,4,2,4,30,0.3600887365613463,-0.0005624680756497191,0.3484178884090745,B
R4_aA_m0,4,2,4,10,0.8260284351882932,0.049086809598259284,0.6465314802235609,B
R4_aA_m0,5,0,0,30,4.61610500670523,0.56670198379748,18.27517167887846,B
R4_aA_m0,5,0,0,10,2.894751503877754,0.37985971893079457,6.622634200024714,B
R4_aA_m0,5,0,1,30,-2.6698919084151824,-0.3217034421189947,-1.15368284867853,B
R4_aA_m0,5,0,1,10,-4.362278229791166,-0.4225277196213571,-2.98450405986875,B
R4_aA_m0,5,0,2,30,-5.3849213352119545,-0.46509063023475306,-4.365240219296023,B
R4_aA_m0,5,0,2,10,-5.224163501571569,-0.5245906464310184,-4.280462368768199,B
R4_aA_m0,5,0,3,30,-6.414508082055559,-0.7348097731343319,-6.125655159678648,B
R4_aA_m0,5,0,3,10,-6.614829402593982,-0.7514970743115372,-6.15383449854061,B
R4_aA_m0,5,0,4,30,5.236850873256393,0.5883478471569812,15.284524949117856,B
R4_aA_m0,5,0,4,10,3.576335367150019,0.4039760094374915,7.0423764832515,B
R4_aA_m0,5,1,0,30,5.405631925479451,0.6640077712513244,16.40911597211707,B
R4_aA_m0,5,1,0,10,5.788705018709997,0.7007737880078155,16.76836191895744,B
R4_aA_m0,5,1,1,30,-4.397441726421987,-0.389556904921732,-3.1041961324395375,B
R4_aA_m0,5,1,1,10,-4.907924447762849,-0.4410914492367554,-3.2579687066789664,B
R4_aA_m0,5,1,2,30,-2.8978196792598423,-0.43439030300081727,-1.3027938110128705,B
R4_aA_m0,5,1,2,10,-0.776774061779216,-0.1684958074770022,1.4643291244091163,B
R4_aA_m0,5,1,3,30,-3.3214601722251977,-0.39525053319424674,-2.557340963233278,B
R4_aA_m0,5,1,3,10,-5.483148961175757,-0.747555888121791,-3.530473735976665,B
R4_aA_m0,5,1,4,30,4.940879566283602,0.5710599391968139,15.767096280097045,B
R4_aA_m0,5,1,4,10,5.726625598490204,0.6560323056235655,19.169773491847636,B
R4_aA_m0,5,2,0,30,5.803826252863216,0.7094361339939267,16.37195092291492,B
R4_aA_m0,5,2,0,10,4.668012936101329,0.5698394994904455,9.949513313057174,B
R4_aA_m0,5,2,1,30,-2.827787505548459,-0.25127972957892897,-1.7052052849676076,B
R4_aA_m0,5,2,1,10,-4.1827047769737336,-0.3768687223907417,-2.0801361073858757,B
R4_aA_m0,5,2,2,30,-3.4236936775793523,-0.4403192325054204,-1.8770392425315938,B
R4_aA_m0,5,2,2,10,-0.025564923173567955,-0.013113056963229675,3.225871768190562,B
R4_aA_m0,5,2,3,30,-5.149334041299907,-0.59320168089092,-4.163871559152679,B
R4_aA_m0,5,2,3,10,-5.199744439057978,-0.6232329044658609,-4.123012749447426,B
R4_aA_m0,5,2,4,30,4.321983362628895,0.5313232711940243,18.046646363898738,B
R4_aA_m0,5,2,4,10,3.6766776675281148,0.45861152737586697,12.295090824083015,B
R4_aA_m0,6,0,0,30,-0.5821753927682135,-0.0775734829811179,0.14641298640870737,B
R4_aA_m0,6,0,0,10,1.0309487252961271,-0.03808062894127409,0.22968492812175956,B
R4_aA_m0,6,0,1,30,-1.1841991221470562,-0.16261617601548162,0.2786103528624233,B
R4_aA_m0,6,0,1,10,-0.7136439853203549,-0.09673502596897551,0.37543307473745857,B
R4_aA_m0,6,0,2,30,-1.0760825125199633,-0.15021487038969938,0.10207034838080276,B
R4_aA_m0,6,0,2,10,-1.3885363059442748,-0.18369174017948958,0.1088820167732445,B
R4_aA_m0,6,0,3,30,-3.7527573441023856,-0.5677605563677003,-0.1938893830098536,B
R4_aA_m0,6,0,3,10,-2.505077038469161,-0.38027976795004914,-0.06748541582868306,B
R4_aA_m0,6,0,4,30,0.11737828149517661,-0.01114827807132529,0.04777078142395341,B
R4_aA_m0,6,0,4,10,1.1019138262921166,0.1601371327997818,-0.45198627063863794,B
R4_aA_m0,6,1,0,30,0.3650148263378326,-0.10693298461342089,0.16050210242270024,B
R4_aA_m0,6,1,0,10,1.3752821954333672,0.20924361751409193,0.33713933691893816,B
R4_aA_m0,6,1,1,30,-0.45941237344977703,-0.06593134227580141,0.12544422135319655,B
R4_aA_m0,6,1,1,10,0.03930000914562437,0.0015159212935922928,-0.17105442881978616,B
R4_aA_m0,6,1,2,30,-0.5518462089618708,-0.0791684767792597,-0.06849533420706333,B
R4_aA_m0,6,1,2,10,-1.2870313068238723,-0.20057231405037867,-0.3409273896426612,B
R4_aA_m0,6,1,3,30,-2.6108984601495266,-0.3904312870563026,-0.40542257291016615,B
R4_aA_m0,6,1,3,10,-2.757770870639129,-0.409993068335459,-0.8088789160501282,B
R4_aA_m0,6,1,4,30,-1.0731280862805472,-0.08698022845162288,-0.08985697154408534,B
R4_aA_m0,6,1,4,10,-1.2318065888849827,-0.04738749313681949,-0.10478180827581429,B
R4_aA_m0,6,2,0,30,-1.3620282856951773,-0.19310715462884998,0.06913905870790682,B
R4_aA_m0,6,2,0,10,-0.5888160371494784,-0.08610533177252311,0.13271478671102477,B
R4_aA_m0,6,2,1,30,-1.5265062557592746,-0.22165575944853602,0.05558997489950945,B
R4_aA_m0,6,2,1,10,-1.4947432053674086,-0.21722760737553792,-0.0023025148163093867,B
R4_aA_m0,6,2,2,30,-0.07763589308856633,-0.011802427572172008,-0.011447380306805144,B
R4_aA_m0,6,2,2,10,-0.0006523346884541592,-0.00011523696972862152,0.048038495138982285,B
R4_aA_m0,6,2,3,30,-2.079100929607587,-0.31130433590053214,0.11170663463520913,B
R4_aA_m0,6,2,3,10,-2.5075974827025416,-0.3799740113195189,-0.4845622452710705,B
R4_aA_m0,6,2,4,30,-0.1287407161740185,0.0039796749131501,0.010342808480091392,B
R4_aA_m0,6,2,4,10,-0.2680799931341742,0.01227667384563609,-0.022878837608315106,B
R4_aA_m0,7,0,0,30,1.2474779058093497,0.7613235453853584,8.00430648192837,B
R4_aA_m0,7,0,0,10,-0.0635122808481845,0.5382858149450784,1.9687103761895655,B
R4_aA_m0,7,0,1,30,-1.8734388530443242,-0.1749911496646469,3.288519326928623,B
R4_aA_m0,7,0,1,10,-2.2716639051147163,-0.24704975420260417,0.7144960426845959,B
R4_aA_m0,7,0,2,30,-2.01666898414637,-0.2128631635920556,2.871535190514537,B
R4_aA_m0,7,0,2,10,-2.3171318695967145,-0.26527785252426817,-0.06247075358486098,B
R4_aA_m0,7,0,3,30,-3.5073095011422977,-0.7539797583124801,-2.02506522753062,B
R4_aA_m0,7,0,3,10,-5.848599762489615,-1.0910930180546006,-6.556731486303534,B
R4_aA_m0,7,0,4,30,3.8664108208975674,0.6664103387560206,6.4363041349487995,B
R4_aA_m0,7,0,4,10,3.1766072557355263,0.5557825829782754,4.195530537065153,B
R4_aA_m0,7,1,0,30,2.6919763552704135,0.730183942798551,7.583910240741817,B
R4_aA_m0,7,1,0,10,2.5676519074067974,0.7051358124360115,4.725618456841104,B
R4_aA_m0,7,1,1,30,-0.985155137106783,-0.1569249292814699,4.290745212159803,B
R4_aA_m0,7,1,1,10,1.0143787939729556,0.16844544583232568,9.446076495907874,B
R4_aA_m0,7,1,2,30,-2.4555932132800122,-0.16108827024523464,2.134594590886895,B
R4_aA_m0,7,1,2,10,-4.347654669295185,-0.49556403730462967,-3.330066557790308,B
R4_aA_m0,7,1,3,30,-5.438034075658938,-1.0029353573318507,-4.221506524073375,B
R4_aA_m0,7,1,3,10,-4.488952742623824,-0.9495606423492566,-4.809938766051674,B
R4_aA_m0,7,1,4,30,1.1544598735596252,0.20706145109400398,7.962983744526803,B
R4_aA_m0,7,1,4,10,0.21592121044828572,0.037271786056123524,2.8310621874518738,B
R4_aA_m0,7,2,0,30,2.5520308766086095,0.7409955189120891,9.983381104529972,B
R4_aA_m0,7,2,0,10,2.3854999969443744,0.6974572393273454,5.7488081563391,B
R4_aA_m0,7,2,1,30,-0.2119109902381262,0.06383646572928814,5.5212261671328315,B
R4_aA_m0,7,2,1,10,-0.6894576879831353,-0.01595755055301773,2.1339604729657555,B
R4_aA_m0,7,2,2,30,-0.9605215817838211,-0.11223698850434555,2.6356776235551624,B
R4_aA_m0,7,2,2,10,-0.07150416844936514,0.002622777362108364,3.3602125481575493,B
R4_aA_m0,7,2,3,30,-5.780246970013483,-0.9065262763098355,-4.848337104336365,B
R4_aA_m0,7,2,3,10,-4.3717387939733765,-0.7088325835831848,-4.8514730951389655,B
R4_aA_m0,7,2,4,30,2.977458100980542,0.5101367704823523,8.254875791803741,B
R4_aA_m0,7,2,4,10,3.6533440539871616,0.6247749090748722,6.847378195816073,B
R4_aA_m0,8,0,0,30,0.3123049633680106,-0.0313056902118973,-0.09602856138094396,B
R4_aA_m0,8,0,0,10,-0.8414454137283214,0.1288211915769718,-0.006208507228008031,B
R4_aA_m0,8,0,1,30,-2.9684803646756706,-0.5728313860760728,-3.113277880192342,B
R4_aA_m0,8,0,1,10,-2.4959646015421417,-0.4821638004859268,-2.8595683509322463,B
R4_aA_m0,8,0,2,30,-2.137360988023702,-0.39672722477587863,-5.684368028459813,B
R4_aA_m0,8,0,2,10,-3.1899499475721047,-0.5963382674591476,-8.49875774623602,B
R4_aA_m0,8,0,3,30,-5.721757357383663,-1.0935066672746943,-25.392386910490046,B
R4_aA_m0,8,0,3,10,-4.642845063719506,-0.8863044555905044,-21.749635050089857,B
R4_aA_m0,8,0,4,30,0.03684623773279305,-0.1636344518201959,-0.1455711518179239,B
R4_aA_m0,8,0,4,10,1.1640242482768588,-0.07890288629414999,0.4888340331928145,B
R4_aA_m0,8,1,0,30,-3.224557715700711,-0.3215160306869305,-1.2131759227471441,B
R4_aA_m0,8,1,0,10,-1.7429987108218,-0.05920286326727131,0.21530123597169393,B
R4_aA_m0,8,1,1,30,-4.437121397327708,-0.8508343039328885,-6.136762643182461,B
R4_aA_m0,8,1,1,10,-2.857669593848967,-0.5471518009198134,-3.59426826890925,B
R4_aA_m0,8,1,2,30,-1.783972987719447,-0.32679015039395765,-5.793527286143611,B
R4_aA_m0,8,1,2,10,-1.196449733492556,-0.21834911435372262,-4.108399556908935,B
R4_aA_m0,8,1,3,30,-4.8177061192497534,-0.9224221861900482,-18.858106036531805,B
R4_aA_m0,8,1,3,10,-2.356529597508568,-0.4448049760033652,-8.70371307177254,B
R4_aA_m0,8,1,4,30,-0.8112057716656751,-0.18725505477098708,-0.06940842917316381,B
R4_aA_m0,8,1,4,10,-0.21202874123103266,-0.15252096851685118,0.13263403931851236,B
R4_aA_m0,8,2,0,30,-0.6065871806391994,-0.10522309351626091,0.3175706370147342,B
R4_aA_m0,8,2,0,10,-0.4543853206398676,-0.07973251219594113,0.30587284260570335,B
R4_aA_m0,8,2,1,30,0.23661523342356428,0.02740987182424462,0.5972693240853086,B
R4_aA_m0,8,2,1,10,0.16349623132624247,0.018359516620957805,0.24515395127732553,B
R4_aA_m0,8,2,2,30,-1.2600502169257042,-0.2241106529203467,-1.9560110334820333,B
R4_aA_m0,8,2,2,10,-1.3491333067124902,-0.23988804487046145,-2.534725984984407,B
R4_aA_m0,8,2,3,30,-2.6782302997018963,-0.5002807266436221,-8.521012249020192,B
R4_aA_m0,8,2,3,10,-3.674143828578356,-0.6886410095837708,-11.49810470745566,B
R4_aA_m0,8,2,4,30,-1.4467560442184972,-0.2636649490846568,-0.664781412568697,B
R4_aA_m0,8,2,4,10,-0.7973056780492277,-0.2055653742764033,-0.47023794970626653,B
R4_aA_m0,9,0,0,30,2.0503702327625963,0.42889086804458726,3.1007420709829985,B
R4_aA_m0,9,0,0,10,-0.18088289722690876,-0.0812089424127724,1.0598736646528102,B
R4_aA_m0,9,0,1,30,-5.551197820447424,-0.8874813324067236,-2.2534135026508757,B
R4_aA_m0,9,0,1,10,-3.5247315073363232,-0.7109634762929289,-2.0574390278764305,B
R4_aA_m0,9,0,2,30,-3.3646591369430765,-0.921306237785346,-1.6844910822355974,B
R4_aA_m0,9,0,2,10,-1.6964081636634218,-0.3232201891258585,-1.2411616727790022,B
R4_aA_m0,9,0,3,30,0.0,0.0,0.0,B
R4_aA_m0,9,0,3,10,-2.991925012774936,-0.5896649080008367,-2.781975049932228,B
R4_aA_m0,9,0,4,30,8.106624592405625,1.676623697695749,102.93437773537222,B
R4_aA_m0,9,0,4,10,4.922236550409732,1.053201288913301,29.02244312443809,B
R4_aA_m0,9,1,0,30,7.351400521115553,1.487355793014931,35.81067232334206,B
R4_aA_m0,9,1,0,10,6.9362819024820626,1.407702702258669,25.869381742474104,B
R4_aA_m0,9,1,1,30,-3.4342954868256492,-0.6724200176594755,-0.6863928638903873,B
R4_aA_m0,9,1,1,10,-2.099040633682511,-0.43534710959294565,-0.34845540734577884,B
R4_aA_m0,9,1,2,30,-4.367062806577568,-0.8839068592469735,-2.52393516480656,B
R4_aA_m0,9,1,2,10,-2.9895108887814406,-0.5939132980697144,-2.077876385123675,B
R4_aA_m0,9,1,3,30,-6.736461895865834,-1.3388533515604906,-4.222902170165378,B
R4_aA_m0,9,1,3,10,-3.87324680983502,-1.073331891273803,-8.03842739736919,B
R4_aA_m0,9,1,4,30,2.3130117881155794,0.4825492427879948,2.7114160875751114,B
R4_aA_m0,9,1,4,10,5.314400305638271,1.0614114236192196,14.456690672088694,B
R4_aA_m0,9,2,0,30,-1.6384603080075277,0.16152211311022496,-0.14974560269655512,B
R4_aA_m0,9,2,0,10,-0.9331157928776466,0.30629699447606656,0.03491195707511707,B
R4_aA_m0,9,2,1,30,-6.437680733481397,-0.8134187515334151,-2.5772155030971096,B
R4_aA_m0,9,2,1,10,0.0,0.0,0.0,B
R4_aA_m0,9,2,2,30,-2.808340604593756,-0.5205663647895,-1.6880850370423404,B
R4_aA_m0,9,2,2,10,-1.9971518571469522,-0.3513452640184961,-1.5535278632301868,B
R4_aA_m0,9,2,3,30,-4.6135186729637025,-0.9807406928351932,-2.751556788914554,B
R4_aA_m0,9,2,3,10,-2.974864834093508,-0.8737187846798983,-3.779557412996793,B
R4_aA_m0,9,2,4,30,0.760788768539554,0.1545694278787696,2.918852153545224,B
R4_aA_m0,9,2,4,10,4.676121074254369,0.9711715098944305,20.538644614909295,B
R4_aA_m0,10,0,0,30,3.5618039639138503,0.7891016409260339,21.563939087907734,B
R4_aA_m0,10,0,0,10,3.5144211418684996,0.7675040486679099,25.837265399967947,B
R4_aA_m0,10,0,1,30,-1.9323534653083287,-0.4172973137514142,-3.2806160743273836,B
R4_aA_m0,10,0,1,10,-1.6160870008749564,-0.34915549646303456,-2.7428962794555005,B
R4_aA_m0,10,0,2,30,-0.24158931497647096,-0.4827835308942785,-7.394328169700703,B
R4_aA_m0,10,0,2,10,-0.5688782448639902,-0.5671682527619503,-9.136279301451083,B
R4_aA_m0,10,0,3,30,0.0,0.0,0.0,B
R4_aA_m0,10,0,3,10,-3.199337019527059,-0.6905680445162508,-18.249642711114177,B
R4_aA_m0,10,0,4,30,3.3280890656869495,0.7046463946782895,18.652144473273232,B
R4_aA_m0,10,0,4,10,2.2760922585345202,0.49546492071565407,8.055954255765368,B
R4_aA_m0,10,1,0,30,6.55563572091365,1.386878021613674,22.20091959314734,B
R4_aA_m0,10,1,0,10,6.02842695708874,1.2768298168858305,16.527610214493954,B
R4_aA_m0,10,1,1,30,5.079391540706203,1.0970385230538864,16.753509350319128,B
R4_aA_m0,10,1,1,10,4.920099036972075,1.051384740871926,17.615193132704242,B
R4_aA_m0,10,1,2,30,-1.1929730615177823,-0.24745987229948407,-2.701997525999971,B
R4_aA_m0,10,1,2,10,-0.9177773694488378,-0.19045644328628675,-2.0477983354093183,B
R4_aA_m0,10,1,3,30,-1.4446184293522144,-0.3074916454765537,-3.2818428236161594,B
R4_aA_m0,10,1,3,10,-7.864472942028053,-1.5816948348996,-39.72402606645788,B
R4_aA_m0,10,1,4,30,2.5383721337048915,1.2686526637546436,19.50734082464539,B
R4_aA_m0,10,1,4,10,2.4789269905757676,1.2563990205605546,21.13287377477429,B
R4_aA_m0,10,2,0,30,6.684839891058948,1.3468802343013704,20.26520564704452,B
R4_aA_m0,10,2,0,10,7.654024629100603,1.5648084077432922,23.760684240426425,B
R4_aA_m0,10,2,1,30,4.3597658016140715,0.8958683288252756,13.771802477148094,B
R4_aA_m0,10,2,1,10,4.316241233202959,0.8805024421596563,14.832182514023513,B
R4_aA_m0,10,2,2,30,-2.9434462688681213,-0.8972093872095629,-8.373065461505451,B
R4_aA_m0,10,2,2,10,-3.8132343492183196,-0.9243660753528035,-8.211710769453362,B
R4_aA_m0,10,2,3,30,-1.417284999168034,-0.30420890738064355,-2.480695771394963,B
R4_aA_m0,10,2,3,10,-5.755666907125121,-1.2391685270027193,-18.634173938206008,B
R4_aA_m0,10,2,4,30,3.9478107715277595,0.9361692878182477,17.60392599683815,B
R4_aA_m0,10,2,4,10,3.865659147766152,0.9165485747560642,16.512096390671225,B
R4_aA_m0,11,0,0,30,7.204575903784645,1.5996163266935595,29.68281409444682,B
R4_aA_m0,11,0,0,10,4.793958138810204,1.2438355763528066,5.63133022596959,B
R4_aA_m0,11,0,1,30,-2.2324756421108405,-0.021407987943316442,0.4292133682568706,B
R4_aA_m0,11,0,1,10,-5.010872983531658,-1.2140463226081704,-2.557310854577551,B
R4_aA_m0,11,0,2,30,5.770767725230742,0.9597136040410168,20.163525674578818,B
R4_aA_m0,11,0,2,10,1.0084864856552362,0.2410108882692119,0.1655204147636853,B
R4_aA_m0,11,0,3,30,-1.9107687256381225,-0.40551499223598697,0.7414978083962245,B
R4_aA_m0,11,0,3,10,-3.5865306839214153,-0.7688368555850554,0.4765470297312948,B
R4_aA_m0,11,0,4,30,5.8699851208810845,1.274036939971058,17.80918089489216,B
R4_aA_m0,11,0,4,10,-1.184455787230346,-0.3552218916888004,-0.08859160768891089,B
R4_aA_m0,11,1,0,30,5.914454430811671,1.3515723166948046,20.914846514101857,B
R4_aA_m0,11,1,0,10,12.889574896098797,3.3253458346420177,58.72499659349433,B
R4_aA_m0,11,1,1,30,0.5200364030067681,0.30798739937624475,2.9753161202267564,B
R4_aA_m0,11,1,1,10,-1.3199272620735183,-0.0787444540841839,-0.503373710656795,B
R4_aA_m0,11,1,2,30,4.096613320065214,0.9633048267257502,11.523945385149505,B
R4_aA_m0,11,1,2,10,0.24379086700364372,0.2954925919380963,0.1525390692232027,B
R4_aA_m0,11,1,3,30,5.2155489740708605,1.2817449018029454,12.315589860787679,B
R4_aA_m0,11,1,3,10,-2.087977444033156,-0.9307515272852954,8.506153444476038,B
R4_aA_m0,11,1,4,30,5.9395607976982046,1.6278880202335388,27.648506065762913,B
R4_aA_m0,11,1,4,10,2.752339007550376,0.9116453230680749,1.1531054405314056,B
R4_aA_m0,11,2,0,30,5.917561774781581,1.4714811139715163,19.335420826195552,B
R4_aA_m0,11,2,0,10,0.37901462829735283,-0.11366810809356141,-0.42180709616297474,B
R4_aA_m0,11,2,1,30,6.01693224499145,1.752067192361658,85.15838437223898,B
R4_aA_m0,11,2,1,10,-0.9661192732448245,-0.21104821106853355,0.07903380559789674,B
R4_aA_m0,11,2,2,30,2.6263024433578965,0.6100065080966942,5.46171846790207,B
R4_aA_m0,11,2,2,10,0.9810027298883266,0.2280456345974557,0.6709889093176717,B
R4_aA_m0,11,2,3,30,1.4379812104227936,0.11991240166662842,2.965663462898937,B
R4_aA_m0,11,2,3,10,1.0150654816667535,0.2540367440743458,0.31544040855482824,B
R4_aA_m0,11,2,4,30,3.7566437699132367,1.4942130084299416,5.0982122454739445,B
R4_aA_m0,11,2,4,10,-3.060070618381466,-0.22892738961339743,-0.7750300292132961,B
R4_aA_m0,12,0,0,30,-1.8526197770397483,-0.4901854314827969,-1.7663512146141862,B
R4_aA_m0,12,0,0,10,-1.0503529099508198,-0.2748923977615113,-0.8929146042489897,B
R4_aA_m0,12,0,1,30,-2.2187340986068094,-0.5768292496033287,-2.9152206814184822,B
R4_aA_m0,12,0,1,10,-1.1696586485659886,-0.2980953931932273,-0.778453020374748,B
R4_aA_m0,12,0,2,30,-1.154708700767638,-0.2786798719426402,-4.13780871328791,B
R4_aA_m0,12,0,2,10,-0.7354496002824717,-0.1753045174736123,-1.876662780349191,B
R4_aA_m0,12,0,3,30,-1.6800832583266052,-0.42213131723464614,-10.590878050096123,B
R4_aA_m0,12,0,3,10,0.2820877620631821,0.082517233065595,3.90611132144781,B
R4_aA_m0,12,0,4,30,1.324210715968074,-0.044791738943257386,0.3905716269540864,B
R4_aA_m0,12,0,4,10,-1.965973656126533,-0.5481004680243632,-0.06137370244537088,B
R4_aA_m0,12,1,0,30,1.3975842066226773,0.3182696112373228,0.8490932147997388,B
R4_aA_m0,12,1,0,10,1.4781050093744148,0.3602430652238209,0.532383176399233,B
R4_aA_m0,12,1,1,30,-2.435228733941554,-0.620246550084639,-11.40248624115479,B
R4_aA_m0,12,1,1,10,-1.3657994414383907,-0.3376242938194307,-7.9199978000631255,B
R4_aA_m0,12,1,2,30,-1.1307259414214865,-0.267500751754139,-4.006728507413193,B
R4_aA_m0,12,1,2,10,-1.7839794925779477,-0.4585443177457488,-3.245948623363768,B
R4_aA_m0,12,1,3,30,-1.7027939009517006,-0.4244849970197784,-5.05114466029363,B
R4_aA_m0,12,1,3,10,-1.6489022718059614,-0.41189377360691304,-6.468474222578834,B
R4_aA_m0,12,1,4,30,0.6011356635196566,-0.053842173973287805,0.34178830919438674,B
R4_aA_m0,12,1,4,10,1.5760154252406156,0.1128949667248477,1.6765244254666634,B
R4_aA_m0,12,2,0,30,-0.36972871499275906,-0.09709392759814839,0.7964655565437777,B
R4_aA_m0,12,2,0,10,-1.0637078861159808,-0.28593555593414766,-0.21698404938572313,B
R4_aA_m0,12,2,1,30,-0.23946194183423986,0.14850554072429045,1.2848372358481548,B
R4_aA_m0,12,2,1,10,4.288081575051597,1.4301844337869998,7.7674332536767725,B
R4_aA_m0,12,2,2,30,0.21411365728258192,0.04378997157960274,0.8602575573407414,B
R4_aA_m0,12,2,2,10,-0.5979256619963026,0.1747538557802876,0.04834147264173527,B
R4_aA_m0,12,2,3,30,-0.42131832556126625,-0.09988982288472914,-0.11772216798865287,B
R4_aA_m0,12,2,3,10,-0.04703886779603961,-0.01302690033692444,0.22027764597162935,B
R4_aA_m0,12,2,4,30,0.3244262314825255,0.0607812122733731,0.8997325046669751,B
R4_aA_m0,12,2,4,10,-2.374079285652615,-0.6323268964686468,-3.2137680313533927,B
R4_aB_m0,3,0,0,30,1.0559153692349341,-0.0756128798971778,0.6204261830653535,B
R4_aB_m0,3,0,0,10,0.4416668250747335,-0.0793461836018009,0.19890199690974497,B
R4_aB_m0,3,0,1,30,1.2557628568707266,-0.026862915952744204,0.549411584577714,B
R4_aB_m0,3,0,1,10,0.8818076801817109,-0.0481864354738024,0.27634061947747457,B
R4_aB_m0,3,0,2,30,0.23307036968043793,-0.0551188635114432,0.3488203321160638,B
R4_aB_m0,3,0,2,10,-0.3528435006953843,-0.0961731748596043,0.048229561121694964,B
R4_aB_m0,3,0,3,30,0.21245900250634353,0.0170650991806487,0.6347595685693556,B
R4_aB_m0,3,0,3,10,0.6644980300001972,0.053250977430030794,1.1460634323504197,B
R4_aB_m0,3,0,4,30,-0.8730435259655223,0.046834378858020706,0.018070665057019486,B
R4_aB_m0,3,0,4,10,-0.22270415807913135,0.101085313761711,0.35216304527254483,B
R4_aB_m0,3,1,0,30,1.334147627217957,-0.0734275309591147,0.6668298781828625,B
R4_aB_m0,3,1,0,10,0.5042863478861147,-0.052241698425026406,0.11716915889654733,B
R4_aB_m0,3,1,1,30,1.0485387332987701,-0.0258418157004513,0.6621771202546995,B
R4_aB_m0,3,1,1,10,0.793006074879931,-0.0391578392321984,0.4291446590446433,B
R4_aB_m0,3,1,2,30,0.8215172458477864,-0.0376761835140915,0.5484540406447282,B
R4_aB_m0,3,1,2,10,0.5086765916731932,0.027296609139276798,0.33415991429114744,B
R4_aB_m0,3,1,3,30,0.43401906213342034,0.0341620400094592,0.5836984873321233,B
R4_aB_m0,3,1,3,10,0.062125101135788396,0.0074440953668524976,0.2287103032916601,B
R4_aB_m0,3,1,4,30,-0.12679692532459508,0.04926363715498899,0.24075073019227622,B
R4_aB_m0,3,1,4,10,-0.47845867434273537,0.012772949904079199,-0.017058580720495126,B
R4_aB_m0,3,2,0,30,1.0912443742236477,-0.056623697789152,0.8059037269717577,B
R4_aB_m0,3,2,0,10,1.491807172314518,-0.039792064569765605,1.073313295827274,B
R4_aB_m0,3,2,1,30,0.7994615899489581,-0.0361471292899597,0.8349955673502563,B
R4_aB_m0,3,2,1,10,0.7241484673854828,-0.0375391863387483,0.6242443672633198,B
R4_aB_m0,3,2,2,30,0.7834668110911293,-0.0188026795136889,0.7402322622381816,B
R4_aB_m0,3,2,2,10,1.0125617111922427,0.00028001299321250145,0.8678439259693085,B
R4_aB_m0,3,2,3,30,0.3969816744711452,0.032875850588133804,0.6074859710183178,B
R4_aB_m0,3,2,3,10,-0.3838650349424053,-0.027009491262787094,0.04141951616377748,B
R4_aB_m0,3,2,4,30,-0.463903021833602,0.059061426981839,0.0959683987078237,B
R4_aB_m0,3,2,4,10,0.031198174110511845,0.0987266898757918,0.3610371335707958,B
R4_aB_m0,4,0,0,30,-0.044480128191444424,-0.0175382674803449,-0.16989555604237205,B
R4_aB_m0,4,0,0,10,0.012658195400507166,-0.008893754943236215,-0.06236073555594768,B
R4_aB_m0,4,0,1,30,-0.19515245476108078,-0.0026050801244299066,-0.05931338978233969,B
R4_aB_m0,4,0,1,10,-0.3629401356440922,-0.003186683099811405,-0.1275334181639427,B
R4_aB_m0,4,0,2,30,-0.23575306657064932,-0.014069456999982105,-0.0759120733794858,B
R4_aB_m0,4,0,2,10,-0.19010279920910333,-0.01060092902195292,-0.06260868060572422,B
R4_aB_m0,4,0,3,30,-3.5117744667145194,-0.37152014608771095,-3.5193915174442907,B
R4_aB_m0,4,0,3,10,-3.389790711669442,-0.35857275352877127,-3.440196362629951,B
R4_aB_m0,4,0,4,30,-0.041538727845509715,0.0032688483997614926,-0.0438862543159102,B
R4_aB_m0,4,0,4,10,-0.07147894261672905,0.0039438206971394996,-0.08021958568824261,B
R4_aB_m0,4,1,0,30,-0.056316114755821545,-0.01238653245483079,-0.08865988001104386,B
R4_aB_m0,4,1,0,10,-0.0647110265055959,-0.018402439195144088,-0.15751805472896319,B
R4_aB_m0,4,1,1,30,-0.29233764035889664,-0.010599742145524005,-0.11589678581469087,B
R4_aB_m0,4,1,1,10,-0.4384320740284855,-0.011803110782165394,-0.332395720098996,B
R4_aB_m0,4,1,2,30,-0.08329526813803234,-0.00605669111682372,-0.005297872673830195,B
R4_aB_m0,4,1,2,10,-0.16982139416786612,-0.012099597351066416,-0.03243158116993472,B
R4_aB_m0,4,1,3,30,-4.1587048588628,-0.4406022299422055,-3.8409739370350504,B
R4_aB_m0,4,1,3,10,-4.332314429185246,-0.4617989331244605,-3.8015484800165282,B
R4_aB_m0,4,1,4,30,-0.0708540666312858,-0.01015100426779661,-0.058636810153043895,B
R4_aB_m0,4,1,4,10,-0.06170684436103513,-0.003858905320992312,0.0016594242607319565,B
R4_aB_m0,4,2,0,30,0.0013078732803466497,-0.013286264635160194,-0.153851060182979,B
R4_aB_m0,4,2,0,10,0.03192883219878695,-0.004999204894221981,-0.01627324300369981,B
R4_aB_m0,4,2,1,30,-0.16072985782353277,-0.003312821776830302,-0.06934320999103472,B
R4_aB_m0,4,2,1,10,-0.20033173233291723,-0.003630619260633794,-0.10803174174698071,B
R4_aB_m0,4,2,2,30,-0.008766464336460444,-0.001300145382302692,0.0015732269359260975,B
R4_aB_m0,4,2,2,10,-0.011920676439004296,-0.006041439305254803,-0.009720311993513864,B
R4_aB_m0,4,2,3,30,-1.2190001872388372,-0.12052052179073158,-0.26079642291638105,B
R4_aB_m0,4,2,3,10,-0.503625983398325,-0.04739180216441036,0.06688548064688948,B
R4_aB_m0,4,2,4,30,-0.07701467956125185,-0.015599559877909508,-0.09814963644663832,B
R4_aB_m0,4,2,4,10,-0.05577627820895614,-0.006092168900337092,0.04992356562158484,B
R4_aB_m0,5,0,0,30,-0.23802147222404968,-0.028314610431225906,-0.0762581694857829,B
R4_aB_m0,5,0,0,10,-0.15992710633656015,-0.018905942428845246,-0.04411980687987871,B
R4_aB_m0,5,0,1,30,-0.05275331115490334,-0.005539407630424986,0.004209584466909888,B
R4_aB_m0,5,0,1,10,-0.08191700615337338,-0.00833958651400668,0.0035006946090787583,B
R4_aB_m0,5,0,2,30,0.024214320769901043,0.0021873348136363657,0.06646231861554397,B
R4_aB_m0,5,0,2,10,0.017194837144609787,0.0017353221260851814,0.07898135996025402,B
R4_aB_m0,5,0,3,30,-0.08982480255830466,0.005504653780164601,-0.03598615381621528,B
R4_aB_m0,5,0,3,10,-0.13585600819953836,0.0082692661796499,-0.07195372875818956,B
R4_aB_m0,5,0,4,30,-0.8090886465509242,-0.08660136449994438,0.043750785451779794,B
R4_aB_m0,5,0,4,10,-0.5358432266022493,-0.05366095290238068,0.04376982715384914,B
R4_aB_m0,5,1,0,30,-0.014479159122921637,-0.0012192840481060618,0.09095829160457347,B
R4_aB_m0,5,1,0,10,0.031818695378217576,0.0034210274808344487,0.0013870476180839475,B
R4_aB_m0,5,1,1,30,0.13721020654939642,0.011472184499874,-0.06494477003379995,B
R4_aB_m0,5,1,1,10,0.0649039514346837,0.004043081562409512,-0.0028987485674156765,B
R4_aB_m0,5,1,2,30,0.0036224205822219524,0.0021752396765399307,0.07160605496019534,B
R4_aB_m0,5,1,2,10,-0.025609615581844603,0.000210339247284419,0.1055082607893123,B
R4_aB_m0,5,1,3,30,-0.0121346364443244,0.001597906618482102,-0.006353421160156525,B
R4_aB_m0,5,1,3,10,0.0031779160128699024,0.0002400014644436052,0.02398115696682157,B
R4_aB_m0,5,1,4,30,-0.17677153201872953,-0.008470051889846897,0.031397923393687854,B
R4_aB_m0,5,1,4,10,-0.1676398038473521,-0.007888677144985867,0.09716589507091555,B
R4_aB_m0,5,2,0,30,0.20606107666409956,0.023616996579426175,0.07657100894033064,B
R4_aB_m0,5,2,0,10,0.28799129777126686,0.033293248706224576,0.06747943660966271,B
R4_aB_m0,5,2,1,30,0.016887216526824456,0.0017404484146305021,0.014320906771440711,B
R4_aB_m0,5,2,1,10,0.06362921890703943,0.00495230666396182,-0.021961559447960743,B
R4_aB_m0,5,2,2,30,-0.01406442951644249,0.0038333076045042047,0.24557735267393443,B
R4_aB_m0,5,2,2,10,-0.08066952745254663,-0.0077494022889827985,0.12825159549056941,B
R4_aB_m0,5,2,3,30,-0.0559560773496503,0.0032054287917612015,-0.012589210149101693,B
R4_aB_m0,5,2,3,10,-0.1022575859436017,0.007028796471595204,-0.031638231829851704,B
R4_aB_m0,5,2,4,30,-0.8893386824819212,-0.0918321094047545,0.07383469721483271,B
R4_aB_m0,5,2,4,10,-0.8809120008702398,-0.0905250228630185,0.04587684893410504,B
R4_aB_m0,6,0,0,30,-0.28091023238940904,-0.03238381565997561,1.47172509688622,B
R4_aB_m0,6,0,0,10,-0.4560011695391988,-0.0622552088027879,1.2359764703200429,B
R4_aB_m0,6,0,1,30,-0.15116231034692795,-0.023501710994426717,14748.719822102481,B
R4_aB_m0,6,0,1,10,-0.1516307727182009,-0.023487623584596884,14866.384678919141,B
R4_aB_m0,6,0,2,30,0.24660467025799893,0.037954309354139404,443157.25929687807,B
R4_aB_m0,6,0,2,10,0.24701417220203403,0.0380290446596106,449035.3632803908,B
R4_aB_m0,6,0,3,30,-0.04705696831029105,-0.005287310888200114,1.025014824520976,B
R4_aB_m0,6,0,3,10,-0.027101452857336117,-0.0019437202616933158,0.13890355169378443,B
R4_aB_m0,6,0,4,30,-0.06331192239722716,-0.0075393892989822076,0.01619569028610357,B
R4_aB_m0,6,0,4,10,-0.06723931297392838,-0.008551445963661114,0.00988009133588208,B
R4_aB_m0,6,1,0,30,-0.2165654469699816,-0.017890121739170428,1.1966785004687992,B
R4_aB_m0,6,1,0,10,-0.32225058334698087,-0.035669021834022596,4.297555583148287,B
R4_aB_m0,6,1,1,30,0.09945090072278795,0.014958560801271725,28507.76791996648,B
R4_aB_m0,6,1,1,10,0.10071785080100248,0.015112789657955206,24003.698698484048,B
R4_aB_m0,6,1,2,30,0.2330660433962488,0.035408537987073885,546856.8125620381,B
R4_aB_m0,6,1,2,10,0.2336099713697264,0.0354042589816741,545895.5856809311,B
R4_aB_m0,6,1,3,30,0.05838830774439874,0.02037597319738982,0.4100033465090833,B
R4_aB_m0,6,1,3,10,0.07591611551573951,0.02254894791071438,0.5386598153684226,B
R4_aB_m0,6,1,4,30,-0.05965486241758189,-0.0034391531753013016,2.048211176799022,B
R4_aB_m0,6,1,4,10,-0.15632379539734398,-0.020727076902705144,0.43550019393009864,B
R4_aB_m0,6,2,0,30,-0.015471878349312629,0.0048820038533977095,1.1902209574543168,B
R4_aB_m0,6,2,0,10,-0.1684727359235394,-0.018367264603139755,0.2416333500243304,B
R4_aB_m0,6,2,1,30,0.33741489123473656,0.05845868406436666,18.739064732892246,B
R4_aB_m0,6,2,1,10,0.5420708663279914,0.08693337146406616,18.609288732624346,B
R4_aB_m0,6,2,2,30,0.10980702712758017,0.01793779920415134,715.8486903061569,B
R4_aB_m0,6,2,2,10,0.09506390180756741,0.012916508052998932,1718.6275436455599,B
R4_aB_m0,6,2,3,30,0.07797252092635087,0.02313252980684244,1.955778056461964,B
R4_aB_m0,6,2,3,10,0.23368970519402676,0.04488269176538062,1.3535694515579606,B
R4_aB_m0,6,2,4,30,-0.06345493566991678,-0.002456927121628538,0.15912043852949376,B
R4_aB_m0,6,2,4,10,-0.05899225051097545,-0.0018674823162478371,0.16184207210724733,B
R4_aB_m0,7,0,0,30,-0.0370235076704257,-0.0071381961607561994,0.05436319237647125,B
R4_aB_m0,7,0,0,10,-0.0594490232069613,-0.009483307200154098,0.05552254322014816,B
R4_aB_m0,7,0,1,30,0.020894372676733663,0.00032278816414937905,0.23880324577986967,B
R4_aB_m0,7,0,1,10,0.02326203369733726,0.002017057336241468,0.20363852628982881,B
R4_aB_m0,7,0,2,30,-0.028824298197081877,-0.01983534498510431,0.01896214810072161,B
R4_aB_m0,7,0,2,10,-0.03419238127984103,-0.0235195105295275,0.02515036944259208,B
R4_aB_m0,7,0,3,30,0.11037509035042392,-0.03691107813473149,-0.8904852643202466,B
R4_aB_m0,7,0,3,10,0.1460803538363895,-0.0371594717151435,-0.977202840526167,B
R4_aB_m0,7,0,4,30,0.28837255631881675,0.05499475304664379,0.21111044640626575,B
R4_aB_m0,7,0,4,10,0.24756947372045557,0.0469688131917453,0.17278020283844198,B
R4_aB_m0,7,1,0,30,0.12410452084718832,-0.009246911800531,0.09070924319470808,B
R4_aB_m0,7,1,0,10,-0.0038126432514438147,0.000759132853801206,0.1338817007574875,B
R4_aB_m0,7,1,1,30,0.000999900412262722,-0.0031953505604055965,0.06566578336467765,B
R4_aB_m0,7,1,1,10,0.008027950271201956,-0.006593335504779307,0.12911608615410497,B
R4_aB_m0,7,1,2,30,-0.012919232932949498,-0.03601212890602129,-0.2602588687481966,B
R4_aB_m0,7,1,2,10,-0.04275835909239656,-0.03580255875129559,-0.24605556378452476,B
R4_aB_m0,7,1,3,30,0.11551712315288531,-0.028933898733054686,-0.6467447926445793,B
R4_aB_m0,7,1,3,10,0.09959370774345278,-0.029594777018110308,-0.6367395335488908,B
R4_aB_m0,7,1,4,30,-0.03801706993972953,-0.006831734506443296,0.05388323229174363,B
R4_aB_m0,7,1,4,10,-0.0442410473270084,-0.005697659887348702,0.06321207020378117,B
R4_aB_m0,7,2,0,30,0.17039561648696377,0.06748780853191509,-0.36846126764642406,B
R4_aB_m0,7,2,0,10,0.19843291510539762,0.074044587653246,-0.45139473777804273,B
R4_aB_m0,7,2,1,30,-0.1272559287079501,-0.061094509527705815,-0.35139636993129525,B
R4_aB_m0,7,2,1,10,-0.3064291472201237,-0.0888782610257129,-0.37551855253059613,B
R4_aB_m0,7,2,2,30,0.03964632117352862,-0.03049527626170062,-0.2780283209815846,B
R4_aB_m0,7,2,2,10,0.029047911490429956,-0.029902797114303215,-0.26830194167728383,B
R4_aB_m0,7,2,3,30,0.026633467803608202,-0.004571365402067484,0.07560204873362508,B
R4_aB_m0,7,2,3,10,0.0317951569760182,-0.0030364417270012933,0.1148003660908703,B
R4_aB_m0,7,2,4,30,0.06212629740369913,0.019328551728310106,0.2032994479525998,B
R4_aB_m0,7,2,4,10,0.06706587704723432,0.016905150261108337,0.21026930147715284,B
R4_aB_m0,8,0,0,30,0.8857882171044918,0.151884107209068,2.255608229772545,B
R4_aB_m0,8,0,0,10,0.8477817326980234,0.1462718273318108,1.9531794656794248,B
R4_aB_m0,8,0,1,30,-5.889192160126476,-0.7359630604602394,-7.156027089774058,B
R4_aB_m0,8,0,1,10,-6.0967335099691295,-0.7689888802492192,-7.16778603998527,B
R4_aB_m0,8,0,2,30,-3.404533057950956,-0.7928866091994013,-10.60462521057163,B
R4_aB_m0,8,0,2,10,-3.075753816995862,-0.7310759595793186,-10.237546281005798,B
R4_aB_m0,8,0,3,30,-3.577424145120261,-0.5935501444690704,-21.978618447132543,B
R4_aB_m0,8,0,3,10,-3.209890699412881,-0.5233428227965445,-19.638619370220045,B
R4_aB_m0,8,0,4,30,0.604692788350671,0.1976580702394933,1.7931367217116714,B
R4_aB_m0,8,0,4,10,0.5348096026353186,0.1838900121067605,1.8471612283249268,B
R4_aB_m0,8,1,0,30,0.5836117387342741,0.10362600741181832,1.707290475269911,B
R4_aB_m0,8,1,0,10,0.3491265161158681,0.06093878066057551,1.1365096745870167,B
R4_aB_m0,8,1,1,30,-0.36583418953186686,-0.032782289679249677,0.2343691315605123,B
R4_aB_m0,8,1,1,10,-0.41057814122010927,-0.04015678378680826,0.14335486944594056,B
R4_aB_m0,8,1,2,30,-3.57544111197842,-0.6343541186197206,-14.246579874360194,B
R4_aB_m0,8,1,2,10,-3.533590061387562,-0.6268824393759663,-14.196714171443867,B
R4_aB_m0,8,1,3,30,-2.32248592576755,-0.34627167396677283,-14.375390103068703,B
R4_aB_m0,8,1,3,10,-2.0581818127776517,-0.29111388959150886,-12.4866034540808,B
R4_aB_m0,8,1,4,30,0.8639864442661962,0.143094495155642,1.2051037312069703,B
R4_aB_m0,8,1,4,10,0.914596514064707,0.1520188351594694,1.3012288424153327,B
R4_aB_m0,8,2,0,30,0.9125415278950986,0.15632346440716188,2.2785481586456466,B
R4_aB_m0,8,2,0,10,1.0700621426266574,0.18602191020337977,2.592246333970797,B
R4_aB_m0,8,2,1,30,-6.2564205320285655,-1.093286266207471,-22.598219989410758,B
R4_aB_m0,8,2,1,10,-6.203212729627538,-1.089189131548934,-22.583283256176664,B
R4_aB_m0,8,2,2,30,-3.6013255870914413,-0.6575951345289961,-7.781682247038638,B
R4_aB_m0,8,2,2,10,-3.594456438720463,-0.6544280756304328,-7.8532098453814365,B
R4_aB_m0,8,2,3,30,-3.1408839679510443,-0.525694048253588,-13.440620443252085,B
R4_aB_m0,8,2,3,10,-3.3290749331969303,-0.5591379114676679,-13.890272436067262,B
R4_aB_m0,8,2,4,30,-0.25533943967690353,0.18193563802341017,0.4351211106872537,B
R4_aB_m0,8,2,4,10,-0.30006093381946974,0.1773473543768534,0.3517805069473612,B
R4_aB_m0,9,0,0,30,-0.03201637387774525,-0.040215022705434755,28.31973883461822,B
R4_aB_m0,9,0,0,10,-0.129589944351844,-0.05583927716964587,26.266058143174824,B
R4_aB_m0,9,0,1,30,1.935669459972357,0.1688979825968251,31.962108281872588,B
R4_aB_m0,9,0,1,10,2.377694030296916,0.1622326596573811,39.97612198911807,B
R4_aB_m0,9,0,2,30,2.1372408318619627,0.21368284834638218,35.560907865674686,B
R4_aB_m0,9,0,2,10,1.8988057237484917,0.18429261662566487,29.37067323342007,B
R4_aB_m0,9,0,3,30,2.2843691073720995,0.2210104194972664,35.5008149351101,B
R4_aB_m0,9,0,3,10,0.9303541729038001,0.13225672417612833,18.235459804827627,B
R4_aB_m0,9,0,4,30,2.1608102801844913,0.6585002331351506,28.722081965269986,B
R4_aB_m0,9,0,4,10,2.3304712917336428,0.6872927555145252,32.901629804297606,B
R4_aB_m0,9,1,0,30,3.343036130316348,0.3050819052835031,56.75166901352614,B
R4_aB_m0,9,1,0,10,2.996316430616829,0.38818713965715157,49.73776769303383,B
R4_aB_m0,9,1,1,30,2.8148206860889555,0.2407888406750296,51.63102228013671,B
R4_aB_m0,9,1,1,10,2.717446271715561,0.23625791413556052,48.93801387400335,B
R4_aB_m0,9,1,2,30,1.9557323757087461,0.06119807721303738,40.62312426477473,B
R4_aB_m0,9,1,2,10,1.8652352364322304,0.07647526550586514,36.928808770997705,B
R4_aB_m0,9,1,3,30,2.8211746746860644,0.2020621450284661,41.00925349809066,B
R4_aB_m0,9,1,3,10,2.6596391204596497,0.19624760945757957,37.79606532436458,B
R4_aB_m0,9,1,4,30,2.5458923615197424,0.421930757028563,28.72789977212108,B
R4_aB_m0,9,1,4,10,4.1168259168866275,0.5581431882291603,42.13876369107939,B
R4_aB_m0,9,2,0,30,3.5813823924782087,0.5236152344642657,62.86328356321086,B
R4_aB_m0,9,2,0,10,3.3982088248908306,0.49027215853562556,57.46456662723433,B
R4_aB_m0,9,2,1,30,1.1946568255432872,0.18133642157198637,34.135530932113745,B
R4_aB_m0,9,2,1,10,1.1805844371954048,0.17945563531725006,33.7517660150046,B
R4_aB_m0,9,2,2,30,0.9797646764495278,0.14074057616793845,19.003201294374087,B
R4_aB_m0,9,2,2,10,0.871036763368819,0.1256374563065471,16.970863195952717,B
R4_aB_m0,9,2,3,30,1.3334178780309158,0.19017356954528197,19.838783073092443,B
R4_aB_m0,9,2,3,10,1.4806861306211823,0.21009632209739526,22.19659597418108,B
R4_aB_m0,9,2,4,30,4.772119515660751,0.6108492067619333,59.545848140514096,B
R4_aB_m0,9,2,4,10,5.083097230729976,0.6975743660340401,80.01742775004399,B
R4_aB_m0,10,0,0,30,4.295148332998744,0.488654823616152,6.604630457614212,B
R4_aB_m0,10,0,0,10,3.6865682027000237,0.35724587657372897,4.095305265311067,B
R4_aB_m0,10,0,1,30,0.06826966144511815,0.007500872046886098,6.8990061600565085,B
R4_aB_m0,10,0,1,10,0.109382417407617,0.015171650832640937,7.174233579768213,B
R4_aB_m0,10,0,2,30,0.6192458148177078,0.09159745345089743,8.158486453347344,B
R4_aB_m0,10,0,2,10,0.49591908235704363,0.07593977097539928,5.9786559761119165,B
R4_aB_m0,10,0,3,30,0.17222449237745074,0.018905586000490526,10.551718023481293,B
R4_aB_m0,10,0,3,10,0.23199715585467917,0.02288991972304455,14.6775248329892,B
R4_aB_m0,10,0,4,30,-0.508796288912164,0.04574292485661946,-0.5107894888609756,B
R4_aB_m0,10,0,4,10,-1.047306181137978,-0.04876259422812518,-1.252669718508253,B
R4_aB_m0,10,1,0,30,0.4163540123227256,0.4682442181263741,5.108029618796245,B
R4_aB_m0,10,1,0,10,-0.33398727780236204,0.3255731048785347,1.3405200815972051,B
R4_aB_m0,10,1,1,30,0.8448893376454638,0.15168233667894326,21.11032026065573,B
R4_aB_m0,10,1,1,10,0.3393143061162398,0.062337858253810996,11.26755419454847,B
R4_aB_m0,10,1,2,30,0.6410461996802344,0.09570903586035029,9.1586749252481,B
R4_aB_m0,10,1,2,10,0.5280110572186523,0.07898136511734721,7.3820263096407,B
R4_aB_m0,10,1,3,30,0.2454316734440427,0.03992456688530277,16.02266759509321,B
R4_aB_m0,10,1,3,10,0.074071708444853,0.008694340266689693,12.592829137380036,B
R4_aB_m0,10,1,4,30,1.1999066966230623,0.0729579016156347,0.913289037175236,B
R4_aB_m0,10,1,4,10,1.1001068117284634,0.0604183750985387,0.49496145321925944,B
R4_aB_m0,10,2,0,30,-0.43899733190452084,-0.1977922350598793,-1.9860038162804177,B
R4_aB_m0,10,2,0,10,-0.5005114084053881,-0.20281496850389968,-2.5292185174542308,B
R4_aB_m0,10,2,1,30,4.833267979122712,1.073983204766113,12.57313145755063,B
R4_aB_m0,10,2,1,10,5.0852617893119225,1.124167027552603,14.8140872971005,B
R4_aB_m0,10,2,2,30,1.320619149837762,0.20447695859543746,5.396813509072281,B
R4_aB_m0,10,2,2,10,1.4320725845575413,0.2235392662025456,5.829827849976105,B
R4_aB_m0,10,2,3,30,0.17192259753519235,0.0260583139024535,5.458603209791811,B
R4_aB_m0,10,2,3,10,0.10834425829702887,0.01238122668300834,4.973243139335814,B
R4_aB_m0,10,2,4,30,2.8535782305178,0.5610819005208941,5.912195162712665,B
R4_aB_m0,10,2,4,10,2.483920822831533,0.4794670074707874,5.07839169373152,B
R4_aB_m0,11,0,0,30,3.2826302847139344,0.6214080014141083,14.253777841159934,B
R4_aB_m0,11,0,0,10,2.5198786658745633,0.5203043168049049,5.834375105981749,B
R4_aB_m0,11,0,1,30,-0.1419198547817766,-0.11959612903412498,-0.21296994349917142,B
R4_aB_m0,11,0,1,10,0.9604055273218086,0.14199404459893716,4.2585526620033,B
R4_aB_m0,11,0,2,30,-0.17171378187193476,-0.09531264845946885,-0.6273794591741897,B
R4_aB_m0,11,0,2,10,-0.007709357409666495,-0.06436920615823083,-1.3236451389438102,B
R4_aB_m0,11,0,3,30,0.4543337360294677,0.0581223167668814,-0.10265660747381844,B
R4_aB_m0,11,0,3,10,0.48556015222935844,0.07246508032432009,1.6191007620112359,B
R4_aB_m0,11,0,4,30,0.634117468673491,0.34228122882835055,10.229410761087031,B
R4_aB_m0,11,0,4,10,0.6135888398037617,0.3486310004040174,11.012922513960536,B
R4_aB_m0,11,1,0,30,-0.5886293703210281,-0.20153156657489768,2.2733653253126533,B
R4_aB_m0,11,1,0,10,-1.2552092335597949,-0.31492729791635543,-2.909186854380952,B
R4_aB_m0,11,1,1,30,-0.3815819228738109,-0.14544468619188766,2.6990992702941874,B
R4_aB_m0,11,1,1,10,-0.1389017330726361,-0.09318698162482031,3.2214814320129825,B
R4_aB_m0,11,1,2,30,0.35939493192740546,0.014018803012644465,4.88709565399429,B
R4_aB_m0,11,1,2,10,0.7692003489771979,0.11673534208166036,7.892569125842368,B
R4_aB_m0,11,1,3,30,1.4585566192684758,0.2618088075158129,10.403553361401578,B
R4_aB_m0,11,1,3,10,1.6125367945933493,0.2864209436926062,12.774335466632579,B
R4_aB_m0,11,1,4,30,3.578169426602245,0.7818930213018438,17.933624231281485,B
R4_aB_m0,11,1,4,10,2.9076502228156342,0.6287185964803585,10.796127642010779,B
R4_aB_m0,11,2,0,30,0.4256477011833675,0.020049146342006385,8.980192420133399,B
R4_aB_m0,11,2,0,10,0.5371392531472714,0.041108870528070995,8.084714440433885,B
R4_aB_m0,11,2,1,30,0.06861073592823885,-0.08742986901852756,-7.3309280182832595,B
R4_aB_m0,11,2,1,10,-0.8532266062821736,-0.3400567372113428,-17.454380787647267,B
R4_aB_m0,11,2,2,30,1.5240523525541039,0.19018678151757584,8.587738403084622,B
R4_aB_m0,11,2,2,10,1.255279709741904,0.19895902032514534,4.081361437768425,B
R4_aB_m0,11,2,3,30,1.1555573162401278,0.16786158691585595,9.541590180624468,B
R4_aB_m0,11,2,3,10,1.0954141088917266,0.17013911034833096,9.09056697700737,B
R4_aB_m0,11,2,4,30,2.9863385107498477,0.6719230034053163,10.108077324505278,B
R4_aB_m0,11,2,4,10,1.718558930916059,0.3357447220851868,2.7396982028897057,B
R4_aB_m0,12,0,0,30,1.2091464405070864,0.5034853909100073,1.2720554726837197,B
R4_aB_m0,12,0,0,10,1.771119715734153,0.637639486516621,2.661705614025965,B
R4_aB_m0,12,0,1,30,-4.145920506296262,-1.0455346617924355,-6.960682328754154,B
R4_aB_m0,12,0,1,10,-2.758979353331473,-0.693481176691738,-5.9188660105776725,B
R4_aB_m0,12,0,2,30,0.3552755879524496,-0.6150711958665955,-0.6835744534565276,B
R4_aB_m0,12,0,2,10,-0.685893021389691,-0.1693238339481581,-0.8383578410962671,B
R4_aB_m0,12,0,3,30,-4.268271671333134,-1.100857904004795,-5.603706719341345,B
R4_aB_m0,12,0,3,10,-3.6171674327505174,-0.9316332250575468,-4.635765819608523,B
R4_aB_m0,12,0,4,30,-2.1195883999277747,0.09700753086848049,-0.840666325960802,B
R4_aB_m0,12,0,4,10,-1.6560743647224965,-0.042274802429732805,-0.8429919477653667,B
R4_aB_m0,12,1,0,30,1.8048760970908417,0.44126363547321334,1.6265964321876303,B
R4_aB_m0,12,1,0,10,1.055220777725327,0.2601143927331203,0.4616062309971446,B
R4_aB_m0,12,1,1,30,-4.421184287635961,-1.11854191486467,-8.687842742518836,B
R4_aB_m0,12,1,1,10,-2.173985012462583,-0.4991088948611262,-17.703918811303915,B
R4_aB_m0,12,1,2,30,-0.9242282535584949,-0.7410452905249518,-1.0062100875529736,B
R4_aB_m0,12,1,2,10,-1.347869024063327,-0.6317186539908954,-1.0785816376522432,B
R4_aB_m0,12,1,3,30,-2.3049228667805943,-0.5622781794983993,-2.361112877147999,B
R4_aB_m0,12,1,3,10,-1.1883841606945982,-0.2990513007262613,-1.2384878314594872,B
R4_aB_m0,12,1,4,30,-1.434449895359599,0.006289035798770409,-0.21143501906566087,B
R4_aB_m0,12,1,4,10,-0.7262615788067602,0.1884804247221871,0.11691785072275218,B
R4_aB_m0,12,2,0,30,0.8380654875784539,0.19642860886191482,2.3165368182016293,B
R4_aB_m0,12,2,0,10,-0.3741604815604196,-0.08692895245859916,-0.25065121512718647,B
R4_aB_m0,12,2,1,30,-4.826654161614193,-1.2441848826443,-8.704608976224456,B
R4_aB_m0,12,2,1,10,-3.4406367340285215,-0.8948630980097052,-7.678758401408571,B
R4_aB_m0,12,2,2,30,-1.284684708339724,-0.2254186056858033,-0.5477039227581711,B
R4_aB_m0,12,2,2,10,-1.2279730756997207,-0.20950778924218588,-0.5261028050434186,B
R4_aB_m0,12,2,3,30,-1.5270682498889459,-0.31224338699413495,-1.8991211100514027,B
R4_aB_m0,12,2,3,10,-1.2254172988984477,-0.24682947434334773,-1.607247245009952,B
R4_aB_m0,12,2,4,30,-1.894296154645081,-0.38163474975422584,-2.198603465541763,B
R4_aB_m0,12,2,4,10,-2.0949746019625883,-0.3593679590342328,-2.1902347597598917,B
R5_aA_m0,0,0,0,30,4.64663015141178,1.3540860551716576,10.503164269939983,B
R5_aA_m0,0,0,0,10,5.1427328344248044,1.5161813279239333,9.62112220665018,B
R5_aA_m0,0,0,1,30,-4.587711874680604,-1.358991220925189,-4.007747757058947,B
R5_aA_m0,0,0,1,10,-3.8347871744673045,-1.1398254364178761,-3.1849135805060094,B
R5_aA_m0,0,0,2,30,-1.4943710890748079,-0.40334858926466405,0.05024542465288695,B
R5_aA_m0,0,0,2,10,-0.8173674701006336,-0.22801502472531415,0.5009067286081565,B
R5_aA_m0,0,0,3,30,-7.5610275308895645,-2.244328339445953,-16.558223992007918,B
R5_aA_m0,0,0,3,10,-9.197406691585112,-2.63599676821583,-14.72896739649769,B
R5_aA_m0,0,0,4,30,3.758922304086555,1.1156832731605988,9.990317054181464,B
R5_aA_m0,0,0,4,10,2.577016661724019,0.7674369173172756,3.917755984838502,B
R5_aA_m0,0,1,0,30,5.245442254851838,1.5322511818115263,9.250262134712173,B
R5_aA_m0,0,1,0,10,1.9816194413417505,0.5808132396635649,0.9462041430483303,B
R5_aA_m0,0,1,1,30,-3.6464602536403543,-1.0593066184174442,-1.2091204655419165,B
R5_aA_m0,0,1,1,10,-2.712289420677288,-0.6499879943885895,-1.2238983982187976,B
R5_aA_m0,0,1,2,30,-4.109230684773557,-1.2140348368210332,-4.9936212208793815,B
R5_aA_m0,0,1,2,10,-4.9594155022027895,-1.7273412861779285,-6.347328407210513,B
R5_aA_m0,0,1,3,30,-5.176402797289342,-1.5183780973993197,-21.516409492182067,B
R5_aA_m0,0,1,3,10,-3.6159065026746555,-1.0657336602988121,-17.766365574068583,B
R5_aA_m0,0,1,4,30,4.805544678123005,1.4225813305244361,10.080627680393125,B
R5_aA_m0,0,1,4,10,4.607163121554919,1.3525536838185805,6.905496419871689,B
R5_aA_m0,0,2,0,30,5.678753073397719,1.6784270451898469,10.975571072393645,B
R5_aA_m0,0,2,0,10,4.362078759872941,1.2896319224802655,4.9107642330155095,B
R5_aA_m0,0,2,1,30,3.976935206688116,1.2828648810814536,7.761446011564401,B
R5_aA_m0,0,2,1,10,3.4321350862543882,1.127292961185716,4.5633494767318625,B
R5_aA_m0,0,2,2,30,-0.6229993098878425,0.0511270690967654,-0.09532477508950876,B
R5_aA_m0,0,2,2,10,0.5607368631641959,0.3639466965841269,0.41245031464502,B
R5_aA_m0,0,2,3,30,-1.35076442526152,-0.3780515460091697,-1.0695375913338472,B
R5_aA_m0,0,2,3,10,-0.9699496361590445,-0.27359164628122307,-0.7894787673457024,B
R5_aA_m0,0,2,4,30,4.042402548977131,1.166248022868568,8.102103221427448,B
R5_aA_m0,0,2,4,10,3.2747947380026767,0.9580675049442768,4.066919675181334,B
R5_aA_m0,1,0,0,30,-2.4514341207546906,-0.7697246262656559,-0.49431388990595515,B
R5_aA_m0,1,0,0,10,3.4756165338471527,0.09644458638908371,8.92956835231524,B
R5_aA_m0,1,0,1,30,-2.9488156621409685,-0.4784481970643418,0.40890088625641674,B
R5_aA_m0,1,0,1,10,1.1731424113896187,0.3105281741776063,1.0950842908725091,B
R5_aA_m0,1,0,2,30,-5.8664680549182,-1.6277997747553479,-4.271620656327338,B
R5_aA_m0,1,0,2,10,-3.121571563231999,-0.8913008706552521,-4.477960185429856,B
R5_aA_m0,1,0,3,30,-12.028292519597935,-3.638402434183066,-71.69431826830044,B
R5_aA_m0,1,0,3,10,-6.559631781459883,-1.9370298975345306,-39.10431431109978,B
R5_aA_m0,1,0,4,30,0.2893849997804329,0.05592410588763491,1.2655806482551615,B
R5_aA_m0,1,0,4,10,-0.1564738846126485,-0.1528041257796724,0.5165921968664797,B
R5_aA_m0,1,1,0,30,-3.604210031236391,-1.0504854834539552,-2.922717961639586,B
R5_aA_m0,1,1,0,10,-1.494887039953741,-0.6258362781206928,-1.4782093402676502,B
R5_aA_m0,1,1,1,30,-7.933568966353681,-2.4067983138577977,-11.33936636511678,B
R5_aA_m0,1,1,1,10,-3.795689188741081,-1.3053634367685352,-3.079801418674574,B
R5_aA_m0,1,1,2,30,-5.201472791760134,-1.5809595273646597,-8.221568342610407,B
R5_aA_m0,1,1,2,10,-2.756214490764572,-0.795461952121606,-12.995602795640991,B
R5_aA_m0,1,1,3,30,-9.25004006626682,-2.778301404859478,-54.998861437539425,B
R5_aA_m0,1,1,3,10,-7.92358324655587,-2.3246990224192983,-47.57202318592148,B
R5_aA_m0,1,1,4,30,-1.8198732954652048,-0.1910673533808942,0.8015569363530357,B
R5_aA_m0,1,1,4,10,-1.0386570437869955,0.07308854638282203,0.7827815421571316,B
R5_aA_m0,1,2,0,30,-0.005912790634488685,0.012690532172840108,0.4194185415728757,B
R5_aA_m0,1,2,0,10,-4.459187262447407,-1.3210649367949276,2.745810710225376,B
R5_aA_m0,1,2,1,30,-2.4587574005022095,-0.6398338237524345,-1.978038041757296,B
R5_aA_m0,1,2,1,10,1.2812015990569785,0.4784975441184519,6.99446549857295,B
R5_aA_m0,1,2,2,30,-0.06710681702373911,-0.043272657057645686,0.399599784056333,B
R5_aA_m0,1,2,2,10,-0.6353717982990248,-0.1597524565124776,-0.15586888005824662,B
R5_aA_m0,1,2,3,30,-0.5412451564840066,-0.19595349498234182,0.09533784482875163,B
R5_aA_m0,1,2,3,10,-0.42055113843879754,-0.14204657214545457,1.9204565677100938,B
R5_aA_m0,1,2,4,30,-4.88545476375572,-0.4704868566291651,-1.9250123601845708,B
R5_aA_m0,1,2,4,10,-5.744968998361814,-0.6991670137868211,-4.688061030869207,B
R5_aA_m0,2,0,0,30,-0.9058468503211481,0.0329308360470078,0.018943846491109362,B
R5_aA_m0,2,0,0,10,-1.0587172855368931,0.0364280842145741,-0.10404077413582102,B
R5_aA_m0,2,0,1,30,0.29798254787112016,0.010204844725995796,0.18763347028270616,B
R5_aA_m0,2,0,1,10,0.8268130189777265,0.01342709694041179,0.36859629515087877,B
R5_aA_m0,2,0,2,30,-2.159853149731835,0.008213450993869387,-1.4368024938388189,B
R5_aA_m0,2,0,2,10,-1.707868396833038,-0.00047605130543881824,-0.5056405340617545,B
R5_aA_m0,2,0,3,30,-1.0009427627588416,0.014336923486408026,0.07302719176061956,B
R5_aA_m0,2,0,3,10,-1.0796168191344466,0.03141739109150521,0.1905285879444092,B
R5_aA_m0,2,0,4,30,-0.15202118739995285,-0.0782928110907769,-1.0562672528100006,B
R5_aA_m0,2,0,4,10,0.4808754835318605,-0.08681649381579082,-0.989432420688436,B
R5_aA_m0,2,1,0,30,-1.5629731011448245,-0.050956849033132995,-0.48315752387471433,B
R5_aA_m0,2,1,0,10,-1.5924586576955058,-0.0535939840912672,-0.5585624642693063,B
R5_aA_m0,2,1,1,30,-0.0494883855705861,-0.002121980736633805,0.14799665421460473,B
R5_aA_m0,2,1,1,10,0.09616693245957575,-0.0138680292765153,0.19733428644418538,B
R5_aA_m0,2,1,2,30,-1.0337368898856143,0.03650515200732429,-0.2561317447937661,B
R5_aA_m0,2,1,2,10,-1.2139062303481873,0.01930084277946159,-0.5371778297292247,B
R5_aA_m0,2,1,3,30,0.6574650628249741,-0.1546152344366425,-1.6133942105916557,B
R5_aA_m0,2,1,3,10,0.7273788377084298,-0.15509212743364842,-1.5767269330417122,B
R5_aA_m0,2,1,4,30,1.4822440634534169,-0.054688442958884864,-0.36518747948033514,B
R5_aA_m0,2,1,4,10,1.246566007717942,-0.04865845410229119,-0.35322395690779285,B
R5_aA_m0,2,2,0,30,-2.5263257496259692,-0.2667416088469953,0.19889749325080164,B
R5_aA_m0,2,2,0,10,-2.379813585024361,-0.3179952433341807,-0.5360853264487755,B
R5_aA_m0,2,2,1,30,-3.1675741559280732,0.07919318898871397,-1.3800471158449024,B
R5_aA_m0,2,2,1,10,-2.703051938893852,0.06808553352199109,-0.8288112579141318,B
R5_aA_m0,2,2,2,30,-3.9673515168105853,-0.09476376903185371,-3.2698951679854034,B
R5_aA_m0,2,2,2,10,-3.664139195268405,-0.0942801897321204,-2.9490514410423696,B
R5_aA_m0,2,2,3,30,4.4849150050917075,-0.032723197922230884,4.356678695504577,B
R5_aA_m0,2,2,3,10,4.365734167340926,0.016514564124991304,5.690596198241472,B
R5_aA_m0,2,2,4,30,-1.5197265200335073,-0.029025145602255442,-0.16197070023881466,B
R5_aA_m0,2,2,4,10,-1.1880682424728395,-0.031988269311673534,0.049676264815520454,B
R5_aA_m0,3,0,0,30,-0.7994299811897789,-0.0074603607130528105,-0.15240035012755726,B
R5_aA_m0,3,0,0,10,-0.6292504508141592,-0.0065307709092967126,-0.09351519177870227,B
R5_aA_m0,3,0,1,30,-0.42962173548057514,-0.02943919751556709,-0.3286795794177486,B
R5_aA_m0,3,0,1,10,-0.3618056296671224,-0.0409943797507126,-0.33744927056831386,B
R5_aA_m0,3,0,2,30,-2.268771046466007,-0.04923506987230261,-2.4689343091003586,B
R5_aA_m0,3,0,2,10,-2.2699947551889323,-0.04898477871799059,-2.5256017521849863,B
R5_aA_m0,3,0,3,30,-0.27127134103797435,-0.026895934670093102,0.23104649341736305,B
R5_aA_m0,3,0,3,10,-0.025923628140628985,-0.04400382066325781,0.04139236262405532,B
R5_aA_m0,3,0,4,30,2.3047065938839757,-0.14429572952037517,-1.5548445526474826,B
R5_aA_m0,3,0,4,10,2.1932808965830812,-0.13300816331816223,-1.3783327749892944,B
R5_aA_m0,3,1,0,30,-0.7298932669483964,-0.3249856237668442,-8.056504882399626,B
R5_aA_m0,3,1,0,10,-0.598578782299727,-0.3301359350738076,-8.03400923782085,B
R5_aA_m0,3,1,1,30,-1.904085213551351,0.0670687062958244,0.001955947010256587,B
R5_aA_m0,3,1,1,10,-3.7413412789972202,-0.1971602718617927,-1.2012540279537132,B
R5_aA_m0,3,1,2,30,-2.2323248084153406,-0.12125992180813969,-0.6298005650636469,B
R5_aA_m0,3,1,2,10,-2.187932104747708,-0.12097423423237458,-0.6074907835032501,B
R5_aA_m0,3,1,3,30,-0.3019726015442026,-0.3752666590518231,-7.59033894339121,B
R5_aA_m0,3,1,3,10,-0.7191577802916949,-0.3683052264134692,-7.240292336603559,B
R5_aA_m0,3,1,4,30,1.8387504016488745,-0.13735250882867034,-2.835975020921648,B
R5_aA_m0,3,1,4,10,1.9440946058322204,-0.15136743971292388,-3.133284740078313,B
R5_aA_m0,3,2,0,30,-2.126926377471336,-0.04881407945616981,-0.9857294535299168,B
R5_aA_m0,3,2,0,10,-1.995744682590436,-0.05621365138170201,-0.8632221883330775,B
R5_aA_m0,3,2,1,30,-2.1555451152713276,0.012919297863360601,-0.8968984390974395,B
R5_aA_m0,3,2,1,10,-2.0262954256451167,0.0099277020194867,-0.8938166441286182,B
R5_aA_m0,3,2,2,30,-3.3261549749730133,-0.2192957429891917,-2.789104665159023,B
R5_aA_m0,3,2,2,10,-3.5766742714941677,-0.22234774932071058,-3.0610763284335647,B
R5_aA_m0,3,2,3,30,1.1720852183405794,0.627595817229959,-10.366082984357433,B
R5_aA_m0,3,2,3,10,1.1178411848969354,0.6178070173216524,-10.734082136992654,B
R5_aA_m0,3,2,4,30,-0.7353669316758138,-0.033651641823996825,-0.4655887583115259,B
R5_aA_m0,3,2,4,10,-0.9028236465081063,-0.017621226181631977,-0.14382306594659866,B
R5_aB_m0,0,0,0,30,2.5794835922580175,0.7346890932162607,4.657282094537742,B
R5_aB_m0,0,0,0,10,1.6539427357164067,0.4969448516152406,175.72542271637715,B
R5_aB_m0,0,0,1,30,6.242803167232555,1.9629814191240655,173.62840781882468,B
R5_aB_m0,0,0,1,10,-0.46431579278130464,-0.1467014777928478,0.9190081961118213,B
R5_aB_m0,0,0,2,30,4.232923531635971,1.2511226996941973,5.679302626281107,B
R5_aB_m0,0,0,2,10,5.8177561631949235,1.7754367451598088,46.22938245662908,B
R5_aB_m0,0,0,3,30,7.333226237934431,2.215089668995744,192.29081034703557,B
R5_aB_m0,0,0,3,10,5.532763423938064,1.7977347013935212,141.06965027353496,B
R5_aB_m0,0,0,4,30,-1.4890543044851725,-0.44699891285525295,4.687041270249736,B
R5_aB_m0,0,0,4,10,3.849781498888616,1.169828616062468,90.86707104131291,B
R5_aB_m0,0,1,0,30,-0.4453724130555248,-0.1342587852875443,6.005020694549572,B
R5_aB_m0,0,1,0,10,1.9337244760840493,0.5770855751670178,2.368316503036403,B
R5_aB_m0,0,1,1,30,8.865865827211147,2.640895226297662,173.94771259325623,B
R5_aB_m0,0,1,1,10,-3.4124926558066573,-0.9539984404539399,78.12726952691334,B
R5_aB_m0,0,1,2,30,6.158468780788946,1.9882709895999833,146.34219777196705,B
R5_aB_m0,0,1,2,10,5.5802155533885704,1.79639795543354,64.72430711262373,B
R5_aB_m0,0,1,3,30,7.002387032775127,2.1154548309573618,171.3485029060266,B
R5_aB_m0,0,1,3,10,-0.05471935382368365,0.08841118787777535,524.2876068236436,B
R5_aB_m0,0,1,4,30,5.547107005919696,1.520662228363874,4.353846014749716,B
R5_aB_m0,0,1,4,10,-2.3932590536657687,-0.6703841397340559,0.4495727641729701,B
R5_aB_m0,0,2,0,30,-1.3417080019783612,-0.399632364218403,3.3890673711806514,B
R5_aB_m0,0,2,0,10,-0.7283123578698021,-0.217432943664563,6.916350556252638,B
R5_aB_m0,0,2,1,30,4.341520348075339,1.286148949521545,5.439822209900012,B
R5_aB_m0,0,2,1,10,0.4947188199663852,0.15423132709837128,3.8044192949731723,B
R5_aB_m0,0,2,2,30,1.2744661770126733,0.3852933397630801,0.9397089056938346,B
R5_aB_m0,0,2,2,10,-1.448294563589438,-0.4783585051901196,-21.83425908904569,B
R5_aB_m0,0,2,3,30,0.07164061176253611,0.006355862874927176,7.8335203388827495,B
R5_aB_m0,0,2,3,10,0.3888156392855091,0.12601546148297293,28.729033624247784,B
R5_aB_m0,0,2,4,30,3.661122037221533,1.0521481518922988,5.696400214978261,B
R5_aB_m0,0,2,4,10,0.040594875490046256,0.010782512819017764,7.9735940698836565,B
R5_aB_m0,1,0,0,30,4.108175444920806,1.711315031236463,34.50588150103465,B
R5_aB_m0,1,0,0,10,3.977363492477277,1.6929373755192123,23.507158920744015,B
R5_aB_m0,1,0,1,30,0.0,0.0,0.0,B
R5_aB_m0,1,0,1,10,0.0,0.0,0.0,B
R5_aB_m0,1,0,2,30,1.6253826440341408,-0.07995680267738736,26.588270425210688,B
R5_aB_m0,1,0,2,10,0.126460479119459,-0.4695407880373006,7.780607448292557,B
R5_aB_m0,1,0,3,30,0.0,0.0,0.0,B
R5_aB_m0,1,0,3,10,-2.8524851531974003,-1.9068323722846376,-44.93491260036613,B
R5_aB_m0,1,0,4,30,4.528720969810358,1.237702516272052,33.46305322357844,B
R5_aB_m0,1,0,4,10,4.169126548064632,1.148210508324602,26.444551288232862,B
R5_aB_m0,1,1,0,30,3.2319954822548125,1.5771931551768055,38.41646457606318,B
R5_aB_m0,1,1,0,10,2.330930820015234,1.3673629747868856,19.036618609888382,B
R5_aB_m0,1,1,1,30,-1.5064875338165469,-0.21250191512978223,7.503827573594606,B
R5_aB_m0,1,1,1,10,-2.86359057647393,-0.6202632377191091,-2.2078845317184417,B
R5_aB_m0,1,1,2,30,1.7345251300541769,0.17612348159337454,26.44259292749993,B
R5_aB_m0,1,1,2,10,0.07136018331842342,-0.21553074296473929,4.981755158819022,B
R5_aB_m0,1,1,3,30,-4.070368072535201,-1.2422668945904252,-14.434239676439333,B
R5_aB_m0,1,1,3,10,0.0,0.0,0.0,B
R5_aB_m0,1,1,4,30,5.6589720694917975,1.5253189370935925,34.514450164684824,B
R5_aB_m0,1,1,4,10,4.612381180191113,1.1855487009991454,28.29420578108225,B
R5_aB_m0,1,2,0,30,3.529406661188441,1.642181936316524,40.00316422875562,B
R5_aB_m0,1,2,0,10,1.58716245907984,1.1549370197639357,12.553457350155263,B
R5_aB_m0,1,2,1,30,3.6708784573864213,0.8982907198556124,27.261977792534985,B
R5_aB_m0,1,2,1,10,2.0784164521210835,0.5239087086170762,8.20654699522423,B
R5_aB_m0,1,2,2,30,4.614120706595107,1.2091615363122448,32.183154169539534,B
R5_aB_m0,1,2,2,10,3.63078504377044,0.9420178026326229,15.653988947774295,B
R5_aB_m0,1,2,3,30,0.25671078775800527,-0.3213475898231163,0.8044163903713297,B
R5_aB_m0,1,2,3,10,-0.2542801596852309,-0.2202295159995984,0.19600609369573974,B
R5_aB_m0,1,2,4,30,4.390646091331451,1.2065951329106261,33.867305695042084,B
R5_aB_m0,1,2,4,10,4.012818807709218,1.0649613384218826,22.179661759971083,B
R5_aB_m0,2,0,0,30,0.889900948941651,-0.03260995617687046,1.2830162659239495,B
R5_aB_m0,2,0,0,10,0.5168902914146702,-0.027009882535287577,0.6288370208578566,B
R5_aB_m0,2,0,1,30,1.6415432391082425,-0.27487322985437374,-0.4085669564311001,B
R5_aB_m0,2,0,1,10,2.583657323518032,-0.39448487210448635,-0.5494976644792278,B
R5_aB_m0,2,0,2,30,-0.23565914029395696,-0.09348814253605697,0.049900883829614884,B
R5_aB_m0,2,0,2,10,-0.5172237502651704,-0.03817344388740368,-0.47599206395719307,B
R5_aB_m0,2,0,3,30,2.0180036600053426,-0.14075912979472693,-0.7270984116116104,B
R5_aB_m0,2,0,3,10,3.9555141167491357,-0.1278351559317078,4.760421370642614,B
R5_aB_m0,2,0,4,30,-0.42824467000727995,-0.19542083191110163,-0.2007986939087747,B
R5_aB_m0,2,0,4,10,1.0335600173907054,-0.20375201642018262,0.863334096770302,B
R5_aB_m0,2,1,0,30,0.9144944501250283,0.06595431022841758,1.7229205938531553,B
R5_aB_m0,2,1,0,10,1.7365919587661223,0.10289602411906462,2.1676299179882577,B
R5_aB_m0,2,1,1,30,0.14801433388737895,-0.05612629521952099,0.7310013791031666,B
R5_aB_m0,2,1,1,10,-0.9912658517742012,-0.07681120064828262,-0.29149585160118185,B
R5_aB_m0,2,1,2,30,0.7089741393941651,0.0446995553156051,1.4391830106597485,B
R5_aB_m0,2,1,2,10,-0.4818586917906318,-0.09604155720534441,-0.07613684421790445,B
R5_aB_m0,2,1,3,30,1.7196658046275815,-0.1819757781540794,-1.7882871459058478,B
R5_aB_m0,2,1,3,10,1.07121452122803,-0.14861608633162093,-2.0251028631960466,B
R5_aB_m0,2,1,4,30,-4.394103177912134,-0.4863187312517624,-7.292553918957065,B
R5_aB_m0,2,1,4,10,-3.3563776835212966,-0.44908962311417155,-7.005829156451558,B
R5_aB_m0,2,2,0,30,-4.4081361547072575,-0.2096250903932011,-1.6055281824136687,B
R5_aB_m0,2,2,0,10,-4.035041035877153,-0.1583723393994283,-1.6145737556618869,B
R5_aB_m0,2,2,1,30,0.11089754855917455,-0.032392039808779194,1.240287482584984,B
R5_aB_m0,2,2,1,10,0.8588168672629104,-0.010896952465809018,1.9920930352950599,B
R5_aB_m0,2,2,2,30,-2.5233890244938713,0.019363839697903118,-0.6248316423742342,B
R5_aB_m0,2,2,2,10,-1.8204820434481443,0.04612900692119687,-0.2478511362358642,B
R5_aB_m0,2,2,3,30,-2.4388181368911335,-0.3481317887839859,-20.440452722155044,B
R5_aB_m0,2,2,3,10,-0.7010766839004363,-0.4698966106900291,-14.942100929905585,B
R5_aB_m0,2,2,4,30,0.9203862279601691,-0.13375779850105518,-1.365198888542853,B
R5_aB_m0,2,2,4,10,0.9456243693452371,-0.04538396616368201,-0.10357676741189081,B
R5_aB_m0,3,0,0,30,3.0323745267084687,0.12517013558288997,1.9146502107766317,B
R5_aB_m0,3,0,0,10,2.972856327821897,0.1385148705163473,1.931353036604829,B
R5_aB_m0,3,0,1,30,1.2115046465067127,0.0950655412002368,2.9957313581612084,B
R5_aB_m0,3,0,1,10,0.705960556344138,0.14849542791671594,2.2635727863623174,B
R5_aB_m0,3,0,2,30,0.7797479167406074,0.1371721539710752,3.4329766828509385,B
R5_aB_m0,3,0,2,10,0.7803545906128235,0.12278843045742019,2.796048882105623,B
R5_aB_m0,3,0,3,30,4.792453603454261,-0.33363317547219046,-1.3074782249470545,B
R5_aB_m0,3,0,3,10,-1.3854597611432462,-0.019722074671493783,-1.5226241150214257,B
R5_aB_m0,3,0,4,30,0.49433142030151833,-0.49480048951299366,-3.8680440681343438,B
R5_aB_m0,3,0,4,10,3.5547664928783447,-0.3069812082106839,-1.0125160929670542,B
R5_aB_m0,3,1,0,30,2.6215350705924143,0.06331616995321082,2.001593086304318,B
R5_aB_m0,3,1,0,10,1.5259617063103987,0.05375733906618818,1.0313437411343038,B
R5_aB_m0,3,1,1,30,3.3126174848622183,0.0025296908064502133,1.9183070501387824,B
R5_aB_m0,3,1,1,10,1.194214506715106,-0.047137411829575204,-0.03435542571131478,B
R5_aB_m0,3,1,2,30,2.4707384817682523,0.125751925016163,2.226901193349729,B
R5_aB_m0,3,1,2,10,1.060196573174244,0.06946615311670129,0.5865034527895663,B
R5_aB_m0,3,1,3,30,4.907107367331686,-0.490986427167999,-7.986880575499402,B
R5_aB_m0,3,1,3,10,3.8489888890912205,-0.39405911136273664,-7.986151151601543,B
R5_aB_m0,3,1,4,30,2.133955049668646,-0.45531423113318803,-3.6084834029146062,B
R5_aB_m0,3,1,4,10,-0.3358110921279268,-0.44387238774935345,-4.59827144506645,B
R5_aB_m0,3,2,0,30,0.3917587442964927,0.20518004057051953,1.6728935010981782,B
R5_aB_m0,3,2,0,10,0.9480024958801834,0.2502596830809214,2.135877626832963,B
R5_aB_m0,3,2,1,30,1.7539593899431267,0.12992578478054667,2.7301696336084937,B
R5_aB_m0,3,2,1,10,0.030041426738998567,0.02802160898830841,0.2639519257305061,B
R5_aB_m0,3,2,2,30,-2.553547060266218,0.027149155800926694,-1.5513692960153431,B
R5_aB_m0,3,2,2,10,-1.647261214705795,0.010032589011578691,-1.356361185470087,B
R5_aB_m0,3,2,3,30,-3.0729649494541986,-0.6560568563353941,-26.07568285242786,B
R5_aB_m0,3,2,3,10,-2.134228035213188,-0.48576853394957853,-20.95235974721961,B
R5_aB_m0,3,2,4,30,1.9435023941006087,-0.20718600118953928,0.2147069584842214,B
R5_aB_m0,3,2,4,10,0.90011955772541,-0.1514081032047716,-0.8187121906480428,B
R2_aA_m0,1,0,0,30,4.874766396326673,1.2543029314026684,29.132803801829006,C
R2_aA_m0,1,0,0,10,4.27269708859424,0.8879374048646025,24.218788601431587,C
R2_aA_m0,1,0,1,30,5.1554483848092305,1.5540464362434245,56.68202977534423,C
R2_aA_m0,1,0,1,10,4.993987911048041,1.5133165518762821,66.67717562042105,C
R2_aA_m0,1,0,2,30,4.975231876668391,1.3671209343971433,24.435902712635546,C
R2_aA_m0,1,0,2,10,5.250070738610852,1.5162409004927742,26.705706463350577,C
R2_aA_m0,1,0,3,30,4.597730253525449,1.3954141728859895,55.43066029765736,C
R2_aA_m0,1,0,3,10,2.337282533252864,0.7239763725692558,37.98703580179166,C
R2_aA_m0,1,0,4,30,3.5193460803118497,0.836013448671525,23.40054815421483,C
R2_aA_m0,1,0,4,10,-1.2025099615331536,-0.4776348003874483,7.3592328488732885,C
R2_aA_m0,1,1,0,30,2.2794978397870747,0.6957374674163318,11.132618360113353,C
R2_aA_m0,1,1,0,10,-0.5760365979057975,-0.20221335708352328,4.623592331379019,C
R2_aA_m0,1,1,1,30,5.379972777358059,1.6317306185067317,44.55823622631126,C
R2_aA_m0,1,1,1,10,2.8100163757428582,0.8592256097799094,48.85011010466338,C
R2_aA_m0,1,1,2,30,5.224161163020803,1.588438316107538,52.41891140949256,C
R2_aA_m0,1,1,2,10,2.1691109104332282,0.6333262307575522,50.729699016333676,C
R2_aA_m0,1,1,3,30,4.282537687352644,1.260579194830871,49.260789451360324,C
R2_aA_m0,1,1,3,10,2.4048834869765834,0.7336944539228608,27.08039173077556,C
R2_aA_m0,1,1,4,30,3.5114617166639652,0.8902809413940879,23.571854497068745,C
R2_aA_m0,1,1,4,10,1.81925312191566,0.5242565852718123,14.741540378233596,C
R2_aA_m0,1,2,0,30,5.194794368183053,0.8609625558456648,31.867913315369726,C
R2_aA_m0,1,2,0,10,2.599878635309912,-0.2180822547075325,14.029733729982757,C
R2_aA_m0,1,2,1,30,4.401275488646614,1.3277792187355266,32.13957102186031,C
R2_aA_m0,1,2,1,10,0.7353933161930186,0.23082029527463843,10.79053882303455,C
R2_aA_m0,1,2,2,30,4.457233992719895,1.3062607837721665,27.587368158764875,C
R2_aA_m0,1,2,2,10,1.8327891274810573,0.34049092360681066,19.265709489009033,C
R2_aA_m0,1,2,3,30,1.9426824830887015,0.2567895406653108,19.95407633818007,C
R2_aA_m0,1,2,3,10,0.0731555556947614,-0.19767358681642772,14.231232041097645,C
R2_aA_m0,1,2,4,30,5.394074680376469,1.4531833132398455,17.597960364723956,C
R2_aA_m0,1,2,4,10,-0.19600692582610635,-0.009304720013304402,10.87150391715144,C
R2_aA_m0,2,0,0,30,4.898949010038077,1.2657258179552278,14.47387376744269,C
R2_aA_m0,2,0,0,10,3.5155110435642314,0.9978121839255629,15.095372958061175,C
R2_aA_m0,2,0,1,30,5.59502915799695,1.5137474047816515,20.350530197940255,C
R2_aA_m0,2,0,1,10,3.1605418448032454,0.94965123986554,17.946565752815264,C
R2_aA_m0,2,0,2,30,4.827341111255751,1.4563698033326378,19.767237796489887,C
R2_aA_m0,2,0,2,10,1.4844919255273994,1.1202330702819294,2.199813015076438,C
R2_aA_m0,2,0,3,30,5.020762188251921,1.4770613637277281,31.925174489373028,C
R2_aA_m0,2,0,3,10,3.437702499552816,1.435865773226618,18.79402195144166,C
R2_aA_m0,2,0,4,30,2.371288774067632,1.1213081516396155,12.14219813761616,C
R2_aA_m0,2,0,4,10,-4.039576149168683,-0.7103180442168283,-3.9847428060205163,C
R2_aA_m0,2,1,0,30,3.9886230936473175,1.181805740057101,12.937554193182505,C
R2_aA_m0,2,1,0,10,3.3371480413006642,0.6951746585062202,7.79826685581874,C
R2_aA_m0,2,1,1,30,4.763066333857782,1.4267142413390963,26.26411089864106,C
R2_aA_m0,2,1,1,10,3.0309076079296324,0.8801279945455016,7.388360589817743,C
R2_aA_m0,2,1,2,30,5.653606560139585,1.5477253519578624,18.10668635370927,C
R2_aA_m0,2,1,2,10,1.9679354622807308,0.5486397012062931,18.025365066882397,C
R2_aA_m0,2,1,3,30,3.8563010393980846,1.1155769780631184,23.797952890584366,C
R2_aA_m0,2,1,3,10,3.2763837362665504,0.9437410745620443,17.422460585220016,C
R2_aA_m0,2,1,4,30,1.9682983624588029,0.961939174227754,11.751945924119482,C
R2_aA_m0,2,1,4,10,-5.476596027729084,-0.548452307460784,-1.7544542979783575,C
R2_aA_m0,2,2,0,30,3.1570516287734733,1.1393502896057754,13.016678354847803,C
R2_aA_m0,2,2,0,10,2.281731666686154,0.8912245511697777,10.487237902091564,C
R2_aA_m0,2,2,1,30,3.8351935044520697,1.1817618311743343,18.81561434024642,C
R2_aA_m0,2,2,1,10,0.8722542743474246,0.2915565945582166,16.36017391547132,C
R2_aA_m0,2,2,2,30,4.046006691854952,1.1244779150242574,15.266932854863263,C
R2_aA_m0,2,2,2,10,-1.8759325690962994,-0.5042264621739095,0.14673562445447264,C
R2_aA_m0,2,2,3,30,-1.1395678001425207,0.16195967564321367,12.957972903363038,C
R2_aA_m0,2,2,3,10,0.7875164212794559,0.17968747178367445,1.2394122624033699,C
R2_aA_m0,2,2,4,30,3.590887793978965,1.1710235362373473,12.854147242756245,C
R2_aA_m0,2,2,4,10,2.4060619850909375,1.104641005066909,9.695248626783687,C
R2_aA_m45,1,0,0,30,1.6815947148387642,0.5460907283409843,22.36648559841825,C
R2_aA_m45,1,0,0,10,0.545508759479655,0.19782120861578667,21.989841216643384,C
R2_aA_m45,1,0,1,30,4.371068242903421,1.357832439879835,41.57758881346719,C
R2_aA_m45,1,0,1,10,2.860617956480064,0.8870879343988525,41.035593872344165,C
R2_aA_m45,1,0,2,30,2.358999673301561,0.7304872539432702,21.369558448567997,C
R2_aA_m45,1,0,2,10,-0.7691480548971299,-0.16766388136647564,19.2178016239057,C
R2_aA_m45,1,0,3,30,5.0687340679709685,1.5577836225519297,50.949188216068336,C
R2_aA_m45,1,0,3,10,3.5765701191696655,1.112421608231464,59.77814078584163,C
R2_aA_m45,1,0,4,30,1.310713237017215,0.25154502103045556,23.82809123904452,C
R2_aA_m45,1,0,4,10,-0.8635046460995933,-0.3503955098326904,14.932922576986483,C
R2_aA_m45,1,1,0,30,0.4083184767511426,0.22007733436668359,22.509037807714343,C
R2_aA_m45,1,1,0,10,0.6079285501580113,0.2953716995471826,34.11680005476472,C
R2_aA_m45,1,1,1,30,3.479869683694557,1.0867157315360951,27.733697046908475,C
R2_aA_m45,1,1,1,10,-0.06979881802010013,0.030734942478596983,33.766988388851175,C
R2_aA_m45,1,1,2,30,4.6862170033378945,1.4447107186669121,37.65697631495697,C
R2_aA_m45,1,1,2,10,1.2881768217740452,0.41063908514038183,29.865422743728068,C
R2_aA_m45,1,1,3,30,4.032233816058353,1.2368476684883358,55.435423173395144,C
R2_aA_m45,1,1,3,10,4.124190315235233,1.2979160917360275,71.99718782545446,C
R2_aA_m45,1,1,4,30,1.9090440708355527,0.4414084708643381,24.786891755553597,C
R2_aA_m45,1,1,4,10,-1.4082929515518905,-0.4882467955860369,7.2141551404682085,C
R2_aA_m45,1,2,0,30,3.322383315554132,0.050085569028364696,24.556026694774765,C
R2_aA_m45,1,2,0,10,6.083641808565088,1.7263153646239544,32.35824805969095,C
R2_aA_m45,1,2,1,30,-0.3010677195122824,-0.06715993547579469,24.937546469254443,C
R2_aA_m45,1,2,1,10,-1.7062944604860477,-0.2853434719127995,25.030257278278345,C
R2_aA_m45,1,2,2,30,3.9327171741485136,1.2007786194932253,35.485745095508456,C
R2_aA_m45,1,2,2,10,4.360822488541343,1.2204607394627158,35.55879452562612,C
R2_aA_m45,1,2,3,30,0.959765742049465,0.07300731216953033,34.8427451443197,C
R2_aA_m45,1,2,3,10,0.2906093364437543,-0.09107190717247599,23.059721433346894,C
R2_aA_m45,1,2,4,30,-1.5997301014744556,-0.1973945675483264,21.21425535653685,C
R2_aA_m45,1,2,4,10,-1.6275722884321056,-0.330153361174813,32.285852024070316,C
R2_aA_m45,2,0,0,30,0.24342968210542787,0.0776700362168729,4.724817683242226,C
R2_aA_m45,2,0,0,10,-1.5708309398823337,-0.3870394494504684,4.752778709791534,C
R2_aA_m45,2,0,1,30,0.4427566999222827,0.17516246293973942,3.373105038562364,C
R2_aA_m45,2,0,1,10,-1.4216710260838359,-0.42398574561125224,3.5550031698021396,C
R2_aA_m45,2,0,2,30,-0.5010899845471138,-0.10118355651060956,3.607262916634127,C
R2_aA_m45,2,0,2,10,-1.5489052981910987,-0.4385636061672574,3.374137476738848,C
R2_aA_m45,2,0,3,30,0.0640670317513719,0.3052462066803662,7.332287455533597,C
R2_aA_m45,2,0,3,10,0.25579121901944024,0.1357387497581799,11.32489503412642,C
R2_aA_m45,2,0,4,30,-0.9864432972376904,0.2571385002148575,4.566987778182261,C
R2_aA_m45,2,0,4,10,-2.378643165306793,-0.3349223879825378,4.13529212270373,C
R2_aA_m45,2,1,0,30,-0.1710785196694835,0.0331226106253321,4.493325976992233,C
R2_aA_m45,2,1,0,10,0.09674516498277402,0.012424006207121863,5.91258598559245,C
R2_aA_m45,2,1,1,30,0.09574723382025474,0.0875424654314689,5.597256662855313,C
R2_aA_m45,2,1,1,10,-2.552484629625092,-0.6914966393174746,3.472891604292541,C
R2_aA_m45,2,1,2,30,0.5928872062427425,0.0722059045705718,1.7866473958447289,C
R2_aA_m45,2,1,2,10,0.1417915470472879,0.030126427749302187,3.3441270126301217,C
R2_aA_m45,2,1,3,30,0.8272041506170873,0.39530622914168667,8.71391494547722,C
R2_aA_m45,2,1,3,10,0.1691477865651172,0.098944239137292,3.9406414635310463,C
R2_aA_m45,2,1,4,30,-0.4171642077026953,0.1946651208587705,5.908126627765807,C
R2_aA_m45,2,1,4,10,-1.7499579571545743,-0.2732573949045149,5.232252496883386,C
R2_aA_m45,2,2,0,30,-0.45989839050982756,0.1740057419059947,4.701489341892343,C
R2_aA_m45,2,2,0,10,-2.9753374674988193,-0.8967954924828567,0.44168864494565074,C
R2_aA_m45,2,2,1,30,-0.2939406584887734,0.0005120146164762085,6.656970212201549,C
R2_aA_m45,2,2,1,10,-3.4842334427559667,-0.9796410313157825,5.162291449761531,C
R2_aA_m45,2,2,2,30,1.108183313648719,0.3508239048253764,4.75236951712935,C
R2_aA_m45,2,2,2,10,-0.4077217222209901,-0.14554220903267162,2.429733121418809,C
R2_aA_m45,2,2,3,30,-0.9676241240306512,-0.0923957008322584,12.543608571525446,C
R2_aA_m45,2,2,3,10,-1.9790355377598197,-0.4478645914276679,7.235536310620578,C
R2_aA_m45,2,2,4,30,-0.42208332229859946,0.1854813606142049,4.3115632371079,C
R2_aA_m45,2,2,4,10,0.35767743068155905,0.16426551316666277,4.5343391094407135,C
R2_aB_m0,1,0,0,30,4.1531388439241175,1.1948112095857422,4.186117880133862,C
R2_aB_m0,1,0,0,10,2.381385533095452,0.9803210059697258,1.048916240359415,C
R2_aB_m0,1,0,1,30,0.47150478254633454,0.15781192752881612,-0.2571637543213807,C
R2_aB_m0,1,0,1,10,-1.9929473748449613,-0.33333559981957905,-1.2524811174179673,C
R2_aB_m0,1,0,2,30,2.752987792368368,0.7427870425488807,3.2498560439783972,C
R2_aB_m0,1,0,2,10,1.3199503502671592,0.3446964932447505,1.3815109716413851,C
R2_aB_m0,1,0,3,30,0.999572757023846,0.29249842755607225,-0.3912688379837874,C
R2_aB_m0,1,0,3,10,0.08017525707649975,0.045808953365325866,-2.0525672163422595,C
R2_aB_m0,1,0,4,30,4.558581434426757,1.3225816427278505,5.505832607001373,C
R2_aB_m0,1,0,4,10,2.8961304487708337,0.8277852109602515,1.6048453385529262,C
R2_aB_m0,1,1,0,30,3.9990510329958315,1.1420676100529497,3.785696419878316,C
R2_aB_m0,1,1,0,10,1.4134169115359898,0.6868279749269846,0.6893373145593258,C
R2_aB_m0,1,1,1,30,-0.033719473456831794,-0.013116193126072428,-0.013079698951474317,C
R2_aB_m0,1,1,1,10,1.0180742044090894,0.3134683596508967,0.11461065750522392,C
R2_aB_m0,1,1,2,30,0.9772862988933602,0.28038476073516966,0.20542146314497867,C
R2_aB_m0,1,1,2,10,0.4340271063695229,0.1466883620548628,-1.4245557020528539,C
R2_aB_m0,1,1,3,30,0.11592637993002008,0.03289243440872053,-0.4316237202725546,C
R2_aB_m0,1,1,3,10,-2.2449445265058876,-0.5925012628519329,-1.7766439552489453,C
R2_aB_m0,1,1,4,30,4.739934043096037,1.390307132759181,5.108638609905435,C
R2_aB_m0,1,1,4,10,3.54364781144072,1.0377391807868337,2.6442800167508302,C
R2_aB_m0,1,2,0,30,4.274166410773343,1.2175151716132186,5.649714065761417,C
R2_aB_m0,1,2,0,10,-0.1833426434219092,-0.2086540770228522,0.26333542200793003,C
R2_aB_m0,1,2,1,30,0.6310998830807591,0.02776955136929521,0.07893397395331991,C
R2_aB_m0,1,2,1,10,0.7666907941664322,-0.002438943766787105,0.35903403542339873,C
R2_aB_m0,1,2,2,30,2.0833176899454213,0.4122083169254023,2.877184533014349,C
R2_aB_m0,1,2,2,10,-0.13890378851856688,-0.1204784303731366,1.092331152313441,C
R2_aB_m0,1,2,3,30,1.7590746319432087,0.3666674426929793,2.014721102640138,C
R2_aB_m0,1,2,3,10,0.751974455887704,0.1940882581624651,0.42766282779990483,C
R2_aB_m0,1,2,4,30,3.6384185657130548,1.0085019977634087,5.383883295019642,C
R2_aB_m0,1,2,4,10,2.4140554723701357,0.35501238733628865,1.7695233864290039,C
R2_aB_m0,2,0,0,30,0.761103487192571,0.21700770285605842,0.16803380028373505,C
R2_aB_m0,2,0,0,10,0.5259802616125052,0.16592054428528352,-0.27656782924017953,C
R2_aB_m0,2,0,1,30,-0.35385736745496604,-0.10358944036849951,-0.18012770310894569,C
R2_aB_m0,2,0,1,10,0.24247344503139678,0.0956303817479291,-0.08857273684699168,C
R2_aB_m0,2,0,2,30,0.9248210796483135,-0.06033685469639409,0.24795011031173542,C
R2_aB_m0,2,0,2,10,-1.3340704979944897,-0.290306925532675,7.962657604103577,C
R2_aB_m0,2,0,3,30,1.1001061439588204,-0.33868929009008175,6.492485303896988,C
R2_aB_m0,2,0,3,10,0.5405744469542881,-0.5194155422805968,6.139739448912145,C
R2_aB_m0,2,0,4,30,1.0678277580964217,0.29833907196623727,0.39713074739250653,C
R2_aB_m0,2,0,4,10,0.7586518648020164,0.04287387133923111,1.3672383864415671,C
R2_aB_m0,2,1,0,30,0.5017648898590976,-0.13755289231561518,0.22311187619384132,C
R2_aB_m0,2,1,0,10,0.115775453616005,0.16147477310890823,4.542974412756022,C
R2_aB_m0,2,1,1,30,0.0687163349432542,-0.01243740485885142,-0.01664462741237105,C
R2_aB_m0,2,1,1,10,0.5804085147302319,0.1699166668840266,2.3603711174954745,C
R2_aB_m0,2,1,2,30,0.9326843262034086,0.2384484832344341,0.16661914801195965,C
R2_aB_m0,2,1,2,10,0.24439223133400412,0.06432139374716828,-0.1284128212912259,C
R2_aB_m0,2,1,3,30,0.3111425055222644,-0.07963505026292172,-0.1473111673714378,C
R2_aB_m0,2,1,3,10,-0.1852084485989654,0.04809120554064317,2.4781914544649624,C
R2_aB_m0,2,1,4,30,7.214740011637726,1.99693885090505,41.04094448659411,C
R2_aB_m0,2,1,4,10,7.924099279450928,2.270084275995624,65.05122890949471,C
R2_aB_m0,2,2,0,30,5.806682744525389,1.5794467767844638,56.099963142528125,C
R2_aB_m0,2,2,0,10,-1.7092076849024158,-0.5030616316061968,-0.9600160195542407,C
R2_aB_m0,2,2,1,30,0.7491091197155619,0.1793635138450097,0.45452614735310704,C
R2_aB_m0,2,2,1,10,0.3114290455671276,0.16760952576125987,10.36392945545597,C
R2_aB_m0,2,2,2,30,-0.2238277903266226,0.003223355668417298,-0.1741794524067643,C
R2_aB_m0,2,2,2,10,0.1438948900912495,0.0213302149240064,1.6256441475124672,C
R2_aB_m0,2,2,3,30,1.066943453425889,0.2054926462377582,7.303410715068006,C
R2_aB_m0,2,2,3,10,1.7861495268227312,0.39657302614803663,22.408813751585118,C
R2_aB_m0,2,2,4,30,6.36156192452875,1.5607489402643602,41.56646669608712,C
R2_aB_m0,2,2,4,10,6.252207277321587,1.277898790761959,32.26130961016634,C
R4_aA_m0,3,0,0,30,0.9950997916528321,0.08344919547082652,0.44115929910471685,C
R4_aA_m0,3,0,0,10,0.9753659899456176,0.0791275272026829,0.43317537526478067,C
R4_aA_m0,3,0,1,30,0.7401690245151927,0.0729943113935419,-0.16205660320458226,C
R4_aA_m0,3,0,1,10,0.8572789287303613,0.07309178278579802,-0.10912374644302425,C
R4_aA_m0,3,0,2,30,0.17099425929156659,0.013376280426004,0.12037715261553811,C
R4_aA_m0,3,0,2,10,0.48500085730479514,0.034758252541127,0.22379398538560602,C
R4_aA_m0,3,0,3,30,-0.880911075746956,-0.06372546705355431,-0.1354535273283295,C
R4_aA_m0,3,0,3,10,-0.777641495422217,-0.0533304622025898,-0.4422194676048531,C
R4_aA_m0,3,0,4,30,0.9362400474352355,0.0352055182664534,0.6572615227800053,C
R4_aA_m0,3,0,4,10,0.9463303830639034,0.0542976217886378,0.7225509175227789,C
R4_aA_m0,3,1,0,30,1.0034971545067406,0.0829811288750962,0.3571218243702574,C
R4_aA_m0,3,1,0,10,1.019492199484378,0.0836136738808548,0.5058675643193782,C
R4_aA_m0,3,1,1,30,0.6549668836047077,0.0696111612815073,-0.24020379719858975,C
R4_aA_m0,3,1,1,10,0.9792854893678911,0.0801590187575868,0.1155492338931079,C
R4_aA_m0,3,1,2,30,0.014193697359757118,-0.0245461751433754,0.14687640047968742,C
R4_aA_m0,3,1,2,10,-0.3344890518149704,-0.0456101837158108,0.04351108402842979,C
R4_aA_m0,3,1,3,30,-0.8632917954323835,-0.0642660485311726,-0.19307818401723478,C
R4_aA_m0,3,1,3,10,-0.8672016903528261,-0.06547401056283711,-0.22051736654305382,C
R4_aA_m0,3,1,4,30,0.9397488096649136,0.0004796009736635007,0.7805192730528492,C
R4_aA_m0,3,1,4,10,0.9461020281322845,0.004256761990352402,0.7666178394355734,C
R4_aA_m0,3,2,0,30,0.940661094403403,0.07471142142115422,0.21846613802439818,C
R4_aA_m0,3,2,0,10,0.8850218054712264,0.0683674559371224,0.18241613788811573,C
R4_aA_m0,3,2,1,30,0.5095948832926964,0.0782180468986494,-0.06150145291563036,C
R4_aA_m0,3,2,1,10,0.6205755274755248,0.08475270560248761,0.06953909556597904,C
R4_aA_m0,3,2,2,30,-0.27156478950540885,0.008888783212675298,-0.10229825430020911,C
R4_aA_m0,3,2,2,10,-0.9562300624437998,-0.04095863989703161,-0.2945185584073564,C
R4_aA_m0,3,2,3,30,-0.8274042259629542,-0.0581590975255745,-0.1499831736646043,C
R4_aA_m0,3,2,3,10,-0.7676268170403058,-0.05216452689211401,-0.31527592049780206,C
R4_aA_m0,3,2,4,30,0.9634844717309916,0.014603843486998405,0.8011248486391735,C
R4_aA_m0,3,2,4,10,0.9906637129745262,0.054001389621609,0.8769248710056637,C
R4_aA_m0,4,0,0,30,1.385779591208391,-0.025590573252001397,0.4202105829656637,C
R4_aA_m0,4,0,0,10,1.3523853580939527,0.025736945743495193,0.5716995483217797,C
R4_aA_m0,4,0,1,30,1.5441692626547114,0.1173188773379879,0.9691530999894233,C
R4_aA_m0,4,0,1,10,1.4452090235837356,0.1023299615521062,0.8404393484591268,C
R4_aA_m0,4,0,2,30,1.6299900554725495,0.1796162564839286,1.0036641939153794,C
R4_aA_m0,4,0,2,10,1.641560903958077,0.1828340009208377,1.2371081183317734,C
R4_aA_m0,4,0,3,30,1.557648795872709,0.16647228744787,1.7614848181562293,C
R4_aA_m0,4,0,3,10,1.5594837715610876,0.17132657665878587,2.0114133826024423,C
R4_aA_m0,4,0,4,30,1.2419273901588825,0.1075890838955906,0.3979631724332482,C
R4_aA_m0,4,0,4,10,1.2727873556116611,0.1085088061114129,0.3725409072401116,C
R4_aA_m0,4,1,0,30,1.4131405711157543,-0.0452088526149855,0.45806308333165013,C
R4_aA_m0,4,1,0,10,1.362245567233774,-0.038956420934135705,0.4089639205328708,C
R4_aA_m0,4,1,1,30,1.5727057625808465,0.1539239439111006,0.8783387636857958,C
R4_aA_m0,4,1,1,10,1.7070016238126926,0.1313378097001349,0.7640297067615431,C
R4_aA_m0,4,1,2,30,1.6194567171099319,0.18128205937089908,0.9921412379189046,C
R4_aA_m0,4,1,2,10,1.591664700986687,0.1775056920713289,0.8532928272412426,C
R4_aA_m0,4,1,3,30,1.5493279600423802,0.1686975011287124,1.7519395741137531,C
R4_aA_m0,4,1,3,10,1.5650961227739422,0.1699840328348656,1.6256149349736173,C
R4_aA_m0,4,1,4,30,1.4646350544424118,0.055928128781702405,0.48156472285841945,C
R4_aA_m0,4,1,4,10,0.23902387657388724,-0.0919263701125307,-0.003068284071846561,C
R4_aA_m0,4,2,0,30,0.9741802730112109,0.054236518216169996,0.2945503507943299,C
R4_aA_m0,4,2,0,10,1.330291866725704,0.09886896734872809,0.48565567755291084,C
R4_aA_m0,4,2,1,30,1.5681686460438207,0.1491657558882398,0.7207764661048206,C
R4_aA_m0,4,2,1,10,1.5658768905637404,0.16383822323599512,0.8741273395863827,C
R4_aA_m0,4,2,2,30,1.5548161308389765,0.17160978621134038,1.2918881607361055,C
R4_aA_m0,4,2,2,10,1.509058288278095,0.16738562379947708,1.3354402378258639,C
R4_aA_m0,4,2,3,30,1.5274707365993687,0.16716551595779788,1.8393663958314965,C
R4_aA_m0,4,2,3,10,1.5871715368655313,0.1729150335152831,1.6727015006335728,C
R4_aA_m0,4,2,4,30,1.403343519019937,0.0883750644001482,0.4315841551102775,C
R4_aA_m0,4,2,4,10,1.3663083538905978,0.1305024356413964,0.6770036796020382,C
R4_aA_m0,5,0,0,30,5.861529667560217,0.733712812101291,20.156158261377513,C
R4_aA_m0,5,0,0,10,3.806876659173628,0.48661008187599536,6.504415341536643,C
R4_aA_m0,5,0,1,30,1.9500640972791778,0.046974330274470205,2.9934348131402806,C
R4_aA_m0,5,0,1,10,-0.048221958115468255,-0.007387877745336405,0.8767462234610734,C
R4_aA_m0,5,0,2,30,-0.18497175349032569,0.0501587854673321,0.3392254779338537,C
R4_aA_m0,5,0,2,10,0.203919254926407,-0.04877291074398479,0.36062727067694067,C
R4_aA_m0,5,0,3,30,-0.009443506065826557,0.0855477597567719,4.650465150453746,C
R4_aA_m0,5,0,3,10,-0.124476008241511,0.10645757243858381,4.637377835974645,C
R4_aA_m0,5,0,4,30,5.719990118367713,0.6634830365454053,16.838330299739503,C
R4_aA_m0,5,0,4,10,3.7960128112520977,0.38900041430761473,8.600782308411082,C
R4_aA_m0,5,1,0,30,5.29795133095444,0.6646684602371571,18.009537674620038,C
R4_aA_m0,5,1,0,10,4.676263822277907,0.5772606043441905,17.735047020667675,C
R4_aA_m0,5,1,1,30,0.5099819677516679,0.0346255482885581,1.80194332783493,C
R4_aA_m0,5,1,1,10,0.19983360488289068,0.012993220430549693,1.6697833799129684,C
R4_aA_m0,5,1,2,30,0.7803600468169009,0.03496301712292171,2.01710066783037,C
R4_aA_m0,5,1,2,10,2.0033797740708597,0.17149425060704732,2.318722529869354,C
R4_aA_m0,5,1,3,30,3.0150630334578685,0.41280314728297907,9.373538453488631,C
R4_aA_m0,5,1,3,10,0.39192112083569874,0.0341416717912556,0.7127054351605342,C
R4_aA_m0,5,1,4,30,5.825372520459749,0.6900633282291659,17.44976436485704,C
R4_aA_m0,5,1,4,10,5.170991220148819,0.6011317598599464,19.47437805563231,C
R4_aA_m0,5,2,0,30,5.323488054580965,0.6647966235670277,17.94213219647853,C
R4_aA_m0,5,2,0,10,4.792440785600734,0.6032401940710548,11.669264571395594,C
R4_aA_m0,5,2,1,30,1.3331481836069068,0.0883723377782347,1.4529386071129133,C
R4_aA_m0,5,2,1,10,0.0739058698664809,-0.014656678314175497,1.0179662427856564,C
R4_aA_m0,5,2,2,30,-0.072818642158131,-0.016133387232567395,1.5673013189235885,C
R4_aA_m0,5,2,2,10,3.1746911460630356,0.4086657012861557,4.420381851512246,C
R4_aA_m0,5,2,3,30,-0.9396788221915184,-0.0600764870301104,3.1314628581913535,C
R4_aA_m0,5,2,3,10,-0.9309205352006562,-0.0876144692104357,3.3270373525417907,C
R4_aA_m0,5,2,4,30,5.82157022043457,0.724967961085037,20.041195618452704,C
R4_aA_m0,5,2,4,10,5.725065190433577,0.6379951830412388,14.482287515772287,C
R4_aA_m0,6,0,0,30,-0.05799938581021139,0.0170967221687892,0.7544870312153336,C
R4_aA_m0,6,0,0,10,0.3862753429593433,0.030487396091786703,-1.1454457457871132,C
R4_aA_m0,6,0,1,30,-0.3291312768679757,-0.03069296403898239,1.9634157782943644,C
R4_aA_m0,6,0,1,10,0.9632056961660349,0.1402182505979482,2.4183463811311032,C
R4_aA_m0,6,0,2,30,-1.157883957904172,-0.1590049985110547,2.610790479408531,C
R4_aA_m0,6,0,2,10,-0.7615586595683477,-0.0859667242293011,3.1530107651414334,C
R4_aA_m0,6,0,3,30,-0.5054131998494649,-0.0835816545498001,-1.8465635301083658,C
R4_aA_m0,6,0,3,10,-0.9077534059377204,-0.14688541204025063,-4.325682591391265,C
R4_aA_m0,6,0,4,30,0.03826013240978671,0.009587857385187304,1.125031221742002,C
R4_aA_m0,6,0,4,10,-0.4229044757136362,-0.06754936286305441,-0.19824421328511876,C
R4_aA_m0,6,1,0,30,0.040705236204032325,0.0084727917918202,1.0428677843017247,C
R4_aA_m0,6,1,0,10,0.5397961227495891,0.08473160417868403,-1.3153830584126824,C
R4_aA_m0,6,1,1,30,0.003328148554527788,0.01289264095752149,2.410362073815876,C
R4_aA_m0,6,1,1,10,0.13643169769365127,0.028720847246641507,2.9825953400705845,C
R4_aA_m0,6,1,2,30,-1.1013374008022816,-0.1516854123172809,3.3552311286334104,C
R4_aA_m0,6,1,2,10,-1.6568355027929513,-0.25650452585872163,-0.8910643675456791,C
R4_aA_m0,6,1,3,30,-1.0465951133266063,-0.17189322687457986,-4.607713373323956,C
R4_aA_m0,6,1,3,10,-1.1838163110833908,-0.18967604320999465,-4.817293691344302,C
R4_aA_m0,6,1,4,30,-0.1470982321783461,0.00786959493047771,0.2814849906900627,C
R4_aA_m0,6,1,4,10,-0.49306878413035243,0.0407340737216125,0.13618111115485831,C
R4_aA_m0,6,2,0,30,0.3261925578828388,0.04921808851598991,1.042807332415815,C
R4_aA_m0,6,2,0,10,0.6269395228139754,0.09598836912067449,1.0303083944226794,C
R4_aA_m0,6,2,1,30,0.3300680251034759,0.059691968374977394,2.060049381530243,C
R4_aA_m0,6,2,1,10,0.07251411071484126,0.023683334455900484,1.8744876602920242,C
R4_aA_m0,6,2,2,30,-1.5037835357839828,-0.208562366775518,2.6259329434318266,C
R4_aA_m0,6,2,2,10,-1.4760067277817668,-0.2043790597314948,2.685145712638325,C
R4_aA_m0,6,2,3,30,-1.159011695285015,-0.17975320443717213,-0.735932358061171,C
R4_aA_m0,6,2,3,10,-1.3892965256853147,-0.21680359029632768,-1.4156068287523365,C
R4_aA_m0,6,2,4,30,0.25964016040334736,-0.018137199843173996,0.22579334634845338,C
R4_aA_m0,6,2,4,10,-0.4349603451435329,-0.0689364528985096,1.8365668376238797,C
R4_aA_m0,7,0,0,30,3.1842519960942277,0.543036711334378,8.22505795822788,C
R4_aA_m0,7,0,0,10,-0.007556614136259299,0.552217264181191,0.10706420437816266,C
R4_aA_m0,7,0,1,30,1.7866665940662814,0.43565342906097526,4.457167200359878,C
R4_aA_m0,7,0,1,10,1.5320172538858867,0.3837341591116686,2.12032563257638,C
R4_aA_m0,7,0,2,30,3.099689036819758,0.5646506928465926,6.234066266417154,C
R4_aA_m0,7,0,2,10,2.3100227898643126,0.4097542079359726,3.202698849057403,C
R4_aA_m0,7,0,3,30,2.6420800347443483,0.2918212117383546,4.745159231168182,C
R4_aA_m0,7,0,3,10,-2.417466825249244,-0.5046667055872216,-3.5836114109961805,C
R4_aA_m0,7,0,4,30,3.6712207227995908,0.6367298644858029,6.37868548945272,C
R4_aA_m0,7,0,4,10,3.1805897494295388,0.5975176771790324,4.154779052391779,C
R4_aA_m0,7,1,0,30,3.506942099980844,0.5992656680831492,7.638224894961896,C
R4_aA_m0,7,1,0,10,3.2540545173002737,0.5559680660489589,4.846602456752935,C
R4_aA_m0,7,1,1,30,2.4762172782090484,0.4242552351470278,5.3521013162204945,C
R4_aA_m0,7,1,1,10,2.9707921386992524,0.49514929142192987,9.281523768673907,C
R4_aA_m0,7,1,2,30,2.823154568838266,0.5957593388189222,6.12459049413556,C
R4_aA_m0,7,1,2,10,-0.9461300044900343,0.08236952165754147,-0.7853078932375639,C
R4_aA_m0,7,1,3,30,0.31861695673586393,-0.024520143738441705,1.1443028013485956,C
R4_aA_m0,7,1,3,10,0.4159473289782346,-0.11176194780811327,0.3054639358128508,C
R4_aA_m0,7,1,4,30,3.3979225193488753,0.40897660337173003,8.14400177018803,C
R4_aA_m0,7,1,4,10,2.5078336070927545,0.2333148897164149,3.309843659875394,C
R4_aA_m0,7,2,0,30,3.4059475364798533,0.5838067501346311,9.807605544438992,C
R4_aA_m0,7,2,0,10,1.4683584979912339,0.2837253652181054,5.084309936187558,C
R4_aA_m0,7,2,1,30,3.1673985801464024,0.5404824205856371,6.212006825750183,C
R4_aA_m0,7,2,1,10,2.240579707850981,0.46402780935210913,2.7309210474359893,C
R4_aA_m0,7,2,2,30,1.9145126512775636,0.3527859747884583,4.282275900414938,C
R4_aA_m0,7,2,2,10,3.149594432118434,0.49280528514275956,5.116814692522297,C
R4_aA_m0,7,2,3,30,-0.2821001754610405,-0.003211261877655608,0.8776395234915708,C
R4_aA_m0,7,2,3,10,0.4067158319849007,0.08708134506366699,0.2457233175856537,C
R4_aA_m0,7,2,4,30,3.2990883586180284,0.555917744538182,8.190143600377613,C
R4_aA_m0,7,2,4,10,2.046947018754601,0.3617911030417119,5.010771853202963,C
R4_aA_m0,8,0,0,30,0.8434773910017509,-0.0656935301772261,9.330155016816827,C
R4_aA_m0,8,0,0,10,-1.0730873214248737,-0.16342473549374947,9.338513087973702,C
R4_aA_m0,8,0,1,30,1.7886622086919608,0.36903982443972705,9.872301803338992,C
R4_aA_m0,8,0,1,10,0.9756072399546565,0.20774808452614107,9.886336848727318,C
R4_aA_m0,8,0,2,30,2.689891808136923,0.5457766937613531,11.374701471737911,C
R4_aA_m0,8,0,2,10,3.063155840348341,0.6509699417356828,8.813306209779961,C
R4_aA_m0,8,0,3,30,2.169141195567682,0.4436828899638334,20.479432220704297,C
R4_aA_m0,8,0,3,10,1.1524702114225898,0.25387772007301135,21.7025954665415,C
R4_aA_m0,8,0,4,30,0.4680015373301649,0.019047531532714698,9.547033910065279,C
R4_aA_m0,8,0,4,10,0.6705374698025262,0.1747232044822276,9.957428826734011,C
R4_aA_m0,8,1,0,30,0.09612735887243984,0.1927540300497988,8.804769540046337,C
R4_aA_m0,8,1,0,10,0.5527255144164542,0.1301464804523057,10.10766785818417,C
R4_aA_m0,8,1,1,30,1.9327941345792037,0.40157525080180917,11.445121393248982,C
R4_aA_m0,8,1,1,10,1.711923622905188,0.35764835810189927,13.412209813842361,C
R4_aA_m0,8,1,2,30,3.0777780958277505,0.6210921398852134,14.183584491502254,C
R4_aA_m0,8,1,2,10,1.6541722405992232,0.34894969008931764,14.708294148123702,C
R4_aA_m0,8,1,3,30,2.385419203873944,0.487823305769808,16.863828200798707,C
R4_aA_m0,8,1,3,10,1.2322613008638408,0.2714655461011177,22.584385670523055,C
R4_aA_m0,8,1,4,30,0.035277334482065104,0.012798288238509703,9.710206574373561,C
R4_aA_m0,8,1,4,10,0.4104344504589429,0.1400319036824348,9.899615467185175,C
R4_aA_m0,8,2,0,30,1.3898346330745448,0.09996016448629441,8.919977354482395,C
R4_aA_m0,8,2,0,10,1.51431130477648,0.1936012763923141,8.90139063065407,C
R4_aA_m0,8,2,1,30,0.2610679532501038,0.0981305979818971,8.16721716550794,C
R4_aA_m0,8,2,1,10,-0.6474508133472987,-0.0796904106915324,7.698116038086898,C
R4_aA_m0,8,2,2,30,2.6607775678492924,0.5375307961955587,12.829793482451976,C
R4_aA_m0,8,2,2,10,2.8673774912350773,0.5772780681200307,12.413330588675185,C
R4_aA_m0,8,2,3,30,2.732069807640587,0.5570632554917863,18.353133601838874,C
R4_aA_m0,8,2,3,10,2.742200180989927,0.5619754149476522,16.113938689779236,C
R4_aA_m0,8,2,4,30,-0.0951320665024794,0.09425205803587258,10.559128483972518,C
R4_aA_m0,8,2,4,10,-0.48512299892369837,-0.042824207523368296,10.522372041294407,C
R4_aA_m0,9,0,0,30,3.5717590925943083,0.6018756972238926,6.170348413369724,C
R4_aA_m0,9,0,0,10,1.1193207277685833,0.07907060994776169,1.8903403565384322,C
R4_aA_m0,9,0,1,30,0.6980550388474741,0.1471675730337112,4.48227687834185,C
R4_aA_m0,9,0,1,10,-3.59638561665468,-0.6506797938868729,4.192318114441427,C
R4_aA_m0,9,0,2,30,0.4777652405561267,-0.09777592127404301,4.857012368649338,C
R4_aA_m0,9,0,2,10,0.9533706170232412,0.24477704332991002,11.380829699626752,C
R4_aA_m0,9,0,3,30,7.946508739865742,1.684771922985518,22.066102051586405,C
R4_aA_m0,9,0,3,10,2.2688186570480635,0.5598276737236274,41.001510664364766,C
R4_aA_m0,9,0,4,30,10.785818860876685,1.7633371606225747,106.50206203275535,C
R4_aA_m0,9,0,4,10,6.336914231744245,1.3572259245915745,33.9519395229259,C
R4_aA_m0,9,1,0,30,7.377256877042623,1.5277876848304097,38.56480713789553,C
R4_aA_m0,9,1,0,10,6.645013771310305,1.3774386598085504,28.603825857153726,C
R4_aA_m0,9,1,1,30,1.4638563998271383,0.2605628307625433,5.743869021720129,C
R4_aA_m0,9,1,1,10,0.8491896282050413,0.07678441804242897,5.688159244288644,C
R4_aA_m0,9,1,2,30,-0.4810583948275505,-0.051370775506416805,4.101449536734664,C
R4_aA_m0,9,1,2,10,-1.0924914983635665,-0.010135170978721797,3.166235461387643,C
R4_aA_m0,9,1,3,30,-0.1043315949531537,0.09014652972958762,9.773508341145684,C
R4_aA_m0,9,1,3,10,-1.2846374617345435,-0.4929528257811074,1.1828727302154682,C
R4_aA_m0,9,1,4,30,3.2241919531365766,0.6429889990401094,5.9165591864220834,C
R4_aA_m0,9,1,4,10,6.248142524163935,1.2482466330468296,18.723634156408394,C
R4_aA_m0,9,2,0,30,1.3617626834420042,0.27205159909674265,2.976724290352117,C
R4_aA_m0,9,2,0,10,1.7229255133875887,0.31749937737000883,3.5933395055684803,C
R4_aA_m0,9,2,1,30,0.7322588597048236,0.2236956188879935,5.000429622108207,C
R4_aA_m0,9,2,1,10,3.046964847118851,0.5274700107114721,9.391443001149435,C
R4_aA_m0,9,2,2,30,0.3975942972919201,0.05942993815087749,3.1290011413113894,C
R4_aA_m0,9,2,2,10,-0.3500816740144903,-0.017073008876804185,-1.7938862038898855,C
R4_aA_m0,9,2,3,30,0.1197393272629996,0.03666982375252041,7.322944522173372,C
R4_aA_m0,9,2,3,10,1.7038240280657002,0.13230135083145142,6.230038037122261,C
R4_aA_m0,9,2,4,30,3.4562326123637193,0.08133910954441642,6.533212969350695,C
R4_aA_m0,9,2,4,10,7.51379990066917,0.8660768052985564,26.757524052637116,C
R4_aA_m0,10,0,0,30,7.041795325686427,1.6248410823590198,40.82074819558029,C
R4_aA_m0,10,0,0,10,5.4762343704027,1.2778082035643061,46.358220151843526,C
R4_aA_m0,10,0,1,30,5.606718270116144,1.3527293377155745,36.490962454861005,C
R4_aA_m0,10,0,1,10,6.4553710017544415,1.5291598093797847,37.65220171521556,C
R4_aA_m0,10,0,2,30,3.686418685355549,0.4379935164721751,16.789759201326138,C
R4_aA_m0,10,0,2,10,3.7511604162508725,0.44458262138562304,15.10121116983636,C
R4_aA_m0,10,0,3,30,8.025177269152937,1.8654065848549441,77.20423122836061,C
R4_aA_m0,10,0,3,10,2.2031189527969888,0.6350364140339133,58.612777925494896,C
R4_aA_m0,10,0,4,30,5.635439082110585,1.148926876225109,34.7760566267131,C
R4_aA_m0,10,0,4,10,3.0215993585345435,0.4846401617217503,25.716313017499065,C
R4_aA_m0,10,1,0,30,6.247380243083525,1.4220484193791738,36.728291827512656,C
R4_aA_m0,10,1,0,10,5.078914955647826,1.250400264135731,31.910798487870167,C
R4_aA_m0,10,1,1,30,5.8615613444242065,1.2343579815305974,29.441726822654978,C
R4_aA_m0,10,1,1,10,5.788425002958453,1.3073804934901667,30.390650253895824,C
R4_aA_m0,10,1,2,30,3.6898614182561307,0.8865831136510283,32.60792475581334,C
R4_aA_m0,10,1,2,10,2.9516110872317283,0.7166980505384977,32.35788457136439,C
R4_aA_m0,10,1,3,30,5.487827738810484,1.3164681233188698,51.07975879863203,C
R4_aA_m0,10,1,3,10,-2.0585328406140846,-0.2185448705700228,13.372773587326225,C
R4_aA_m0,10,1,4,30,3.730516710497624,1.225784791119329,35.49641431153741,C
R4_aA_m0,10,1,4,10,2.471767982322495,1.3432802503348051,39.778654007885045,C
R4_aA_m0,10,2,0,30,6.969697077683517,1.4828572864122422,34.95861296450044,C
R4_aA_m0,10,2,0,10,5.1850720953783345,1.2042173560288942,37.55425125467045,C
R4_aA_m0,10,2,1,30,4.383894580076647,1.0990662421156794,27.364203846404905,C
R4_aA_m0,10,2,1,10,4.391530104380488,0.9679732612977213,28.51201812764554,C
R4_aA_m0,10,2,2,30,0.5844451408998782,-0.07391989719459949,14.988413261472619,C
R4_aA_m0,10,2,2,10,0.311870405878212,0.0613408904554337,16.60733728702147,C
R4_aA_m0,10,2,3,30,3.195596007796883,0.7767573525952969,34.19747351272462,C
R4_aA_m0,10,2,3,10,-3.5139868698813963,-0.677989593928584,13.138208197027417,C
R4_aA_m0,10,2,4,30,3.713705651699768,1.0604155230608434,35.41124131288247,C
R4_aA_m0,10,2,4,10,1.5599276774908137,0.9629866577893299,36.480239261012954,C
R4_aA_m0,11,0,0,30,7.727670382874638,1.7339545373177212,29.935911762365066,C
R4_aA_m0,11,0,0,10,5.610214215674012,1.4375138447755524,8.51690068055772,C
R4_aA_m0,11,0,1,30,1.9477537705243848,0.8293087866368575,1.3988731225397504,C
R4_aA_m0,11,0,1,10,-2.1620418397474737,-0.5082621219897266,-1.8942575377647515,C
R4_aA_m0,11,0,2,30,6.332444704618718,1.1348364435030953,21.837017171921907,C
R4_aA_m0,11,0,2,10,0.44837525880461926,0.0387111030314809,-3.3683027451321284,C
R4_aA_m0,11,0,3,30,2.615104038406235,0.6797836061527239,1.5955418554623473,C
R4_aA_m0,11,0,3,10,0.720727987954053,0.18982836913571688,12.185305273356347,C
R4_aA_m0,11,0,4,30,6.221774555489408,1.2799728353887263,17.1320290759034,C
R4_aA_m0,11,0,4,10,-1.0002834651895696,-0.2150401716227306,-1.1134479418572647,C
R4_aA_m0,11,1,0,30,6.458465481183946,1.6136533936596211,21.955893053958146,C
R4_aA_m0,11,1,0,10,11.864613353613354,3.0584152672996736,57.6087881741065,C
R4_aA_m0,11,1,1,30,3.499045562876757,0.9280136908748663,4.059261395771351,C
R4_aA_m0,11,1,1,10,0.2983879135044787,0.301514814720764,2.259075850475333,C
R4_aA_m0,11,1,2,30,5.555056088922257,1.2925316107675193,11.962272146729283,C
R4_aA_m0,11,1,2,10,-2.015964893190079,-0.2652604370676065,-0.489705339133756,C
R4_aA_m0,11,1,3,30,7.500994090088579,1.9411437763032908,11.554944144713335,C
R4_aA_m0,11,1,3,10,-0.7539124246827011,-0.5931254003365898,7.76923340140831,C
R4_aA_m0,11,1,4,30,7.111320003839788,1.6815633781528783,30.197398471766554,C
R4_aA_m0,11,1,4,10,2.6702434653275473,0.9076652194710224,-0.28533695402877557,C
R4_aA_m0,11,2,0,30,5.567159357485896,1.5827174416809362,20.31643876038725,C
R4_aA_m0,11,2,0,10,-2.2804030774534034,-0.46869950924058085,-1.8130362527228447,C
R4_aA_m0,11,2,1,30,10.528591496528666,2.8032267849878996,86.03659387575676,C
R4_aA_m0,11,2,1,10,1.0153901710315578,0.26121900982336566,7.413010571654156,C
R4_aA_m0,11,2,2,30,4.4310598337227365,0.6450396441803173,6.654590389538994,C
R4_aA_m0,11,2,2,10,1.528810488351941,-0.198171333673142,-2.610793092606585,C
R4_aA_m0,11,2,3,30,2.928313344272416,0.4595279835153838,2.666261083941759,C
R4_aA_m0,11,2,3,10,0.4764651070318606,-0.053807339846206004,-0.12091058371091501,C
R4_aA_m0,11,2,4,30,5.667833163217425,1.509370897238461,4.270775765010416,C
R4_aA_m0,11,2,4,10,-1.9890488046683301,0.028370970206491097,-2.1335277457835433,C
R4_aA_m0,12,0,0,30,2.4811029690761623,0.296752462640423,12.004907593662482,C
R4_aA_m0,12,0,0,10,3.588015869197142,0.4217280503433403,12.919968462800457,C
R4_aA_m0,12,0,1,30,3.536018773683451,0.9909956346072805,14.989889432536355,C
R4_aA_m0,12,0,1,10,2.0502515143394557,0.6040859437780903,8.122670762726024,C
R4_aA_m0,12,0,2,30,3.303449979497001,0.9291505829786485,22.25461760535207,C
R4_aA_m0,12,0,2,10,1.536751036998918,0.4275336108694069,10.421639827393571,C
R4_aA_m0,12,0,3,30,3.416517676688336,0.9461350984250443,36.6555250989142,C
R4_aA_m0,12,0,3,10,3.1806462314766386,0.9205979018873922,22.25869772129006,C
R4_aA_m0,12,0,4,30,0.7552332251694642,0.19279469862234022,12.038893163415539,C
R4_aA_m0,12,0,4,10,-1.480485120461263,-0.3510151299453754,5.29715590021834,C
R4_aA_m0,12,1,0,30,0.8790462308691261,0.2460172480918474,9.995619547845964,C
R4_aA_m0,12,1,0,10,-1.956229810667671,-0.5897336394584145,0.14312549924116258,C
R4_aA_m0,12,1,1,30,4.761657870677476,1.3314426907844543,20.957317694212342,C
R4_aA_m0,12,1,1,10,0.5802515292645172,0.18725141129712197,10.465854584486028,C
R4_aA_m0,12,1,2,30,2.868758113092865,0.8050605697517748,21.57379956701476,C
R4_aA_m0,12,1,2,10,-0.38033014318440816,-0.08146413284596699,4.992621946713264,C
R4_aA_m0,12,1,3,30,2.785062061691942,0.78607194219801,29.079239392231152,C
R4_aA_m0,12,1,3,10,2.004655750188184,0.5854345250045954,27.364540032311822,C
R4_aA_m0,12,1,4,30,0.7147078995228395,0.0022456351104828964,12.424376050577356,C
R4_aA_m0,12,1,4,10,2.188825574193629,0.015032178426448717,13.61305841761503,C
R4_aA_m0,12,2,0,30,2.6495270997847893,0.5265619361579138,11.849999157272531,C
R4_aA_m0,12,2,0,10,-2.700096389187793,-0.7021303755068969,3.7462628620958176,C
R4_aA_m0,12,2,1,30,1.6177306692291946,0.42569897295693254,9.631398476945122,C
R4_aA_m0,12,2,1,10,3.154263700454365,0.8922386435821625,10.66875850711381,C
R4_aA_m0,12,2,2,30,0.7787190522597711,0.7674134721627326,13.575099773239891,C
R4_aA_m0,12,2,2,10,-1.8531323067512981,0.20067923001754298,0.5326988975725175,C
R4_aA_m0,12,2,3,30,2.458956706192646,0.6419148299455342,22.08670159735981,C
R4_aA_m0,12,2,3,10,0.32381103441468184,0.033173809598150805,8.4280315708834,C
R4_aA_m0,12,2,4,30,0.11070063528843255,0.05100271364753278,13.969437349861273,C
R4_aA_m0,12,2,4,10,1.0595474235583602,0.3389074024416841,8.739968572554114,C
R4_aB_m0,3,0,0,30,1.2279195963473775,-0.061446636990015,0.6313763545918314,C
R4_aB_m0,3,0,0,10,-0.019221479402739883,-0.1180914035331499,0.13224535438260143,C
R4_aB_m0,3,0,1,30,1.1732878420072461,-0.038633669894273096,0.5537585575211328,C
R4_aB_m0,3,0,1,10,0.4448103010678809,-0.0907030894769041,0.23710116137578918,C
R4_aB_m0,3,0,2,30,0.7905360133023864,-0.008501676164107894,0.3601347327637981,C
R4_aB_m0,3,0,2,10,-0.45676662543425495,-0.1049871815760789,-0.10364302617599841,C
R4_aB_m0,3,0,3,30,1.2096365233288866,-0.0124317875490913,0.8059418961695638,C
R4_aB_m0,3,0,3,10,1.2004561252016683,0.0603570046563832,1.1299957547648454,C
R4_aB_m0,3,0,4,30,0.6254604337671761,0.11270519679710271,0.11831599723548325,C
R4_aB_m0,3,0,4,10,1.4441487725232744,0.1193262281908309,0.5358507491226044,C
R4_aB_m0,3,1,0,30,1.2768124128647613,-0.0781126799798619,0.66945966182048,C
R4_aB_m0,3,1,0,10,-0.40896682228758785,-0.1287048454419687,0.05470436653539057,C
R4_aB_m0,3,1,1,30,1.3943477617457243,-0.053674117036018404,0.6857406059212863,C
R4_aB_m0,3,1,1,10,0.9190979372678485,-0.0904796875240193,0.4414259497397848,C
R4_aB_m0,3,1,2,30,1.2620747137631412,-0.0005610688281905973,0.5477484751423956,C
R4_aB_m0,3,1,2,10,0.5353939700570602,-0.047867066858225095,0.5786023255514122,C
R4_aB_m0,3,1,3,30,1.263924375949749,0.003923337694419403,0.68518539747968,C
R4_aB_m0,3,1,3,10,0.8587838288211205,-0.050905769608969705,0.3734137268893699,C
R4_aB_m0,3,1,4,30,0.9297850339633702,0.10305166650992251,0.2912611962278431,C
R4_aB_m0,3,1,4,10,-0.36643583912319977,0.009507418865514601,-0.8069149342255195,C
R4_aB_m0,3,2,0,30,1.5535241038968346,-0.0944631574114175,0.8286968851447134,C
R4_aB_m0,3,2,0,10,1.5218871552908755,-0.043374422223749896,0.9556758743108231,C
R4_aB_m0,3,2,1,30,1.3558073790283323,-0.0806917716611015,0.8807025001780653,C
R4_aB_m0,3,2,1,10,1.3672454607107887,-0.0884090342597565,0.7247945176916066,C
R4_aB_m0,3,2,2,30,1.3930013114121533,-0.0700605307485504,0.7905236621224168,C
R4_aB_m0,3,2,2,10,1.2711853906881427,-0.020536439913387293,0.8440169049440418,C
R4_aB_m0,3,2,3,30,1.3172158067727575,0.0280736637783615,0.7117786006441966,C
R4_aB_m0,3,2,3,10,0.09387723578844309,-0.092601161361797,0.12146439553317956,C
R4_aB_m0,3,2,4,30,0.873020758971697,0.1096680496226322,0.18850880408742743,C
R4_aB_m0,3,2,4,10,1.3528843906476815,0.108521603023096,0.5056406865973039,C
R4_aB_m0,4,0,0,30,-0.010859706046612905,-0.003921222147477893,-0.07657402354691945,C
R4_aB_m0,4,0,0,10,-0.011077003323662682,-0.003557119683860216,-0.07135025665599759,C
R4_aB_m0,4,0,1,30,-0.025995504689235283,0.0002212872064026039,-0.03663744572573879,C
R4_aB_m0,4,0,1,10,-0.03833648499352982,0.0003229756582048965,-0.0366096377364431,C
R4_aB_m0,4,0,2,30,-0.025535508425891473,-8.02290865428712e-06,-0.04106298624116711,C
R4_aB_m0,4,0,2,10,-0.035609686534014084,-0.0007887619192467055,-0.04818358883561791,C
R4_aB_m0,4,0,3,30,-0.08114348144749339,-0.005462509015753181,-0.4218136872821887,C
R4_aB_m0,4,0,3,10,-0.0851849909216682,-0.0053541669117458945,-0.5190855761337012,C
R4_aB_m0,4,0,4,30,-0.00174974084621482,-0.002977078607114214,0.008492573308969131,C
R4_aB_m0,4,0,4,10,-0.0030892452545567828,-0.0023646487646913072,0.002038229027927052,C
R4_aB_m0,4,1,0,30,-0.01279927888787702,-0.0041618956937850005,-0.05733453539465039,C
R4_aB_m0,4,1,0,10,-0.01266397309830758,-0.004107527213458112,-0.052839948796452596,C
R4_aB_m0,4,1,1,30,-0.010593675368754996,0.0010265438362985907,-0.04678627385473755,C
R4_aB_m0,4,1,1,10,-0.01949205595038439,0.0005258411181595091,-0.043589873445843086,C
R4_aB_m0,4,1,2,30,-0.002597215844108325,0.002196077717169398,0.005882801521997827,C
R4_aB_m0,4,1,2,10,-0.02081821059376332,0.0010671061545473037,0.0027406501412383655,C
R4_aB_m0,4,1,3,30,-0.1315714779858128,-0.014033969473962904,-0.21420659257941743,C
R4_aB_m0,4,1,3,10,-0.2155120250607112,-0.024619114023616495,-0.19875706712542218,C
R4_aB_m0,4,1,4,30,-0.0053543122740593585,-0.003258989062656703,-0.02949066989264515,C
R4_aB_m0,4,1,4,10,-0.002614899246626612,-0.002738359055781292,-0.02916370423346093,C
R4_aB_m0,4,2,0,30,-0.0007353205689517583,-0.00284675605817572,-0.06375457472108437,C
R4_aB_m0,4,2,0,10,-0.0027312721748573576,-0.0027208687901491,-0.06276181071644427,C
R4_aB_m0,4,2,1,30,-0.0027105388467021374,0.0016003235725785964,-0.028335515019597413,C
R4_aB_m0,4,2,1,10,-0.01972535849139212,0.00041896971546651063,-0.027743770963303938,C
R4_aB_m0,4,2,2,30,-0.010738583607628582,0.0015051658582063976,0.003924286146161471,C
R4_aB_m0,4,2,2,10,-0.006252556807508691,0.001299942337798482,0.0015531155724533008,C
R4_aB_m0,4,2,3,30,-0.15575754902641448,-0.016025353326772795,0.009821451351149868,C
R4_aB_m0,4,2,3,10,-0.02822028360070572,-0.0006082908604424508,-0.10574163980329132,C
R4_aB_m0,4,2,4,30,-0.02341492187938532,-0.005303167665171249,-0.07791537519118252,C
R4_aB_m0,4,2,4,10,-0.029905399815930656,-0.005969261451279295,-0.09073267463194323,C
R4_aB_m0,5,0,0,30,-0.0814865514238774,-0.008266252007133712,0.02570590152420449,C
R4_aB_m0,5,0,0,10,-0.06664691310301696,-0.00679510349919582,-0.031517967974864725,C
R4_aB_m0,5,0,1,30,-0.05366462372212255,-0.004758408113097884,-0.012400229824441666,C
R4_aB_m0,5,0,1,10,-0.08009707336694583,-0.008271381160806002,-0.012341476951975183,C
R4_aB_m0,5,0,2,30,-0.012122320832823386,0.0011122884074725725,0.08615612874419032,C
R4_aB_m0,5,0,2,10,-0.005779060822028392,0.0019132206960453813,0.08568591591226715,C
R4_aB_m0,5,0,3,30,0.03412600152084194,-0.0017472834949949986,0.029749658215550867,C
R4_aB_m0,5,0,3,10,0.0351557222014271,-0.002164098542694698,0.0291265328000887,C
R4_aB_m0,5,0,4,30,-0.13595201136207646,-0.014568403441300504,-0.05628628188322038,C
R4_aB_m0,5,0,4,10,-0.010752438786495233,0.001036192839316108,-0.027678534272736144,C
R4_aB_m0,5,1,0,30,-0.02167044563826548,-0.0001778106155249648,0.12558412905230698,C
R4_aB_m0,5,1,0,10,-0.12252091597281045,-0.013647941229660787,0.060312987657808126,C
R4_aB_m0,5,1,1,30,-0.08566271871924547,-0.009325796861035796,0.010397021372031467,C
R4_aB_m0,5,1,1,10,-0.06510032624395579,-0.006129832799418589,0.05383377237807219,C
R4_aB_m0,5,1,2,30,-0.039189524792969666,-0.002792697758327467,0.04796847019896666,C
R4_aB_m0,5,1,2,10,-0.030621302339900458,-0.0014841802713077001,0.059365482724337726,C
R4_aB_m0,5,1,3,30,-0.0338369899785604,-0.0018463264323929016,0.020190667220118197,C
R4_aB_m0,5,1,3,10,0.0180948496293266,-0.001439370161529896,0.02692359167800068,C
R4_aB_m0,5,1,4,30,0.08150164870211762,0.01285901558901939,0.014072500193530235,C
R4_aB_m0,5,1,4,10,0.0936835881178193,0.014522740326326111,0.015492143874671349,C
R4_aB_m0,5,2,0,30,-0.12398167528224957,-0.014356322260976329,0.0925872353728856,C
R4_aB_m0,5,2,0,10,-0.09631651262572949,-0.010845501769561006,0.13787399844232207,C
R4_aB_m0,5,2,1,30,-0.04005763858700473,-0.0027376205535172005,0.029235200564860397,C
R4_aB_m0,5,2,1,10,-0.055014110303927444,-0.005003897347817393,0.00516390043601489,C
R4_aB_m0,5,2,2,30,-0.0010245764682366154,0.0024238137002493,0.07790177335595116,C
R4_aB_m0,5,2,2,10,-0.10021998621913863,-0.011657489496485401,-0.10209347139654135,C
R4_aB_m0,5,2,3,30,0.0193972293696765,0.00010278080682470103,0.026011048598793163,C
R4_aB_m0,5,2,3,10,-0.0257750355398328,-0.0009760054964777012,0.02061628292865686,C
R4_aB_m0,5,2,4,30,-0.041545423829622674,-0.0023008440740357183,-0.05098956240557406,C
R4_aB_m0,5,2,4,10,-0.08241578390772686,-0.006851326480140002,-0.05885986709062685,C
R4_aB_m0,6,0,0,30,0.04442500953127082,0.013603256475142766,-0.47996815315290275,C
R4_aB_m0,6,0,0,10,-0.06493268646757144,-0.005503072014918897,-1.5360096602925308,C
R4_aB_m0,6,0,1,30,0.004824461437154426,0.0005139971480753736,448.562585341102,C
R4_aB_m0,6,0,1,10,0.004372037563810771,0.0004813697076559986,491.1639002195625,C
R4_aB_m0,6,0,2,30,0.0009118375578447413,0.00011519312022661987,19704.794472997775,C
R4_aB_m0,6,0,2,10,0.0005557182927611315,8.913466395638059e-05,-4085.9708593004616,C
R4_aB_m0,6,0,3,30,-0.06009817349480784,-0.005194300205807356,0.8436815627843384,C
R4_aB_m0,6,0,3,10,0.05318895716376604,0.013289442384253891,-1.246381554001169,C
R4_aB_m0,6,0,4,30,-0.04733213526716562,-0.0031234585668671044,-0.06599918588933229,C
R4_aB_m0,6,0,4,10,-0.04729865273304923,-0.003118601234815499,-0.07079177547813575,C
R4_aB_m0,6,1,0,30,-0.2522145098174815,-0.0356624709923718,1.3051855672693575,C
R4_aB_m0,6,1,0,10,-0.7455157985146181,-0.11351794045900637,2.8606822044098656,C
R4_aB_m0,6,1,1,30,0.00166253514062209,0.0006751537635721894,3424.526526593272,C
R4_aB_m0,6,1,1,10,0.0029334115266976823,0.00031308519104888966,-3863.8593896148377,C
R4_aB_m0,6,1,2,30,0.0005178688342679649,9.186239141928398e-05,18078.844740971224,C
R4_aB_m0,6,1,2,10,0.0005364881902920615,8.868104317649728e-05,18040.492978572845,C
R4_aB_m0,6,1,3,30,-0.07252584748419455,-0.005961961025956808,-1.1624754971385567,C
R4_aB_m0,6,1,3,10,-0.03869773657436504,-0.0008355970104259036,-1.121959527159917,C
R4_aB_m0,6,1,4,30,0.018635750846643262,0.008101872291663204,-0.052092600608368844,C
R4_aB_m0,6,1,4,10,-0.3641359310601757,-0.05314765646160552,-3.755941701710764,C
R4_aB_m0,6,2,0,30,0.09385051843270498,0.0196283816266421,-0.6880020921660455,C
R4_aB_m0,6,2,0,10,-0.027279138003964754,0.0013673544392865389,-1.973106559605401,C
R4_aB_m0,6,2,1,30,-0.23157872960554515,-0.03041234165825213,-105.72917813727896,C
R4_aB_m0,6,2,1,10,0.1581083146660296,0.02865740507245229,-1891.1572764207838,C
R4_aB_m0,6,2,2,30,0.013075258921217081,0.005507300489777711,-314.20959590107907,C
R4_aB_m0,6,2,2,10,-0.044542270557591745,-0.007266354907103478,1357.217039130503,C
R4_aB_m0,6,2,3,30,-0.18028234687148093,-0.02030903823091801,-2.1516681790829155,C
R4_aB_m0,6,2,3,10,0.04388854022210076,0.011506547899415631,-1.2163010075526115,C
R4_aB_m0,6,2,4,30,-0.07241813681834275,-0.006831304133924521,-0.13832964229191624,C
R4_aB_m0,6,2,4,10,-0.06993749895592849,-0.006413004701140812,-0.1622038694511576,C
R4_aB_m0,7,0,0,30,0.08148429390458559,0.025113956034155706,0.1507810746944248,C
R4_aB_m0,7,0,0,10,-0.04140083918152751,0.009719323664952803,0.13476828069482305,C
R4_aB_m0,7,0,1,30,0.022249812422884485,-0.015516926375711226,0.24846133996931208,C
R4_aB_m0,7,0,1,10,0.018863057064577582,-0.0161685827481044,0.2262759408810875,C
R4_aB_m0,7,0,2,30,-0.02208159550052846,-0.023748617685521334,-0.0674423133354769,C
R4_aB_m0,7,0,2,10,-0.04443586559358215,-0.027460539159298192,-0.11344993530142711,C
R4_aB_m0,7,0,3,30,0.07626468636513106,-0.006175331540257789,-0.5157893103728854,C
R4_aB_m0,7,0,3,10,0.08199140644863423,-0.004895337862934501,-0.3901240456949555,C
R4_aB_m0,7,0,4,30,0.47391670432626176,0.0878752697424772,0.2046745628569665,C
R4_aB_m0,7,0,4,10,0.42439026262527424,0.0793476840213581,0.1738815799373672,C
R4_aB_m0,7,1,0,30,-0.05634642279121088,-0.004760701247534804,0.18738972374570817,C
R4_aB_m0,7,1,0,10,-0.28893314302233014,-0.0034814618888975996,0.18863396793859422,C
R4_aB_m0,7,1,1,30,-0.00017379004349571403,-0.018692182788836997,0.06111788888050551,C
R4_aB_m0,7,1,1,10,0.01585856772708505,-0.01592214302432471,0.12701232314952993,C
R4_aB_m0,7,1,2,30,-0.03219574202160125,-0.024966498129691317,-0.18109873907211704,C
R4_aB_m0,7,1,2,10,-0.043238630805620515,-0.026831832178234677,-0.20715019318497263,C
R4_aB_m0,7,1,3,30,0.017480251761776255,-0.01649301664349817,-0.5029207223747036,C
R4_aB_m0,7,1,3,10,0.002932925545372278,-0.019133616315457902,-0.5684751424678822,C
R4_aB_m0,7,1,4,30,0.23483024998142038,0.041036154112238,0.14952091269220336,C
R4_aB_m0,7,1,4,10,0.252927290524313,0.0413081944636428,0.1355937442359908,C
R4_aB_m0,7,2,0,30,-0.02052900515395306,-0.023252617951295407,0.5912166778718237,C
R4_aB_m0,7,2,0,10,0.17460787710979586,0.008051049770107205,0.5995733795415581,C
R4_aB_m0,7,2,1,30,-0.18852467061484457,-0.0519449836069317,-0.23704525197154896,C
R4_aB_m0,7,2,1,10,-0.35150285474131215,-0.0793129798679557,-0.27754009234094973,C
R4_aB_m0,7,2,2,30,0.02771562233862168,-0.015565524970041905,-0.2118982169755903,C
R4_aB_m0,7,2,2,10,0.03079976685746033,-0.014954035628313517,-0.22201135954638662,C
R4_aB_m0,7,2,3,30,0.05995399186349726,-0.009310106131654394,-0.027913983824021216,C
R4_aB_m0,7,2,3,10,0.0745619082305331,-0.006455149262756921,0.051563690599408574,C
R4_aB_m0,7,2,4,30,0.45813698655748336,0.08993720756316101,0.2765689418292525,C
R4_aB_m0,7,2,4,10,0.4959401542569497,0.09480681571716273,0.3041300234871782,C
R4_aB_m0,8,0,0,30,0.8355706515434593,0.3211572484898375,4.79382555625823,C
R4_aB_m0,8,0,0,10,0.9153038507770003,0.29802124030996646,4.444495169531866,C
R4_aB_m0,8,0,1,30,-0.91445194384633,0.2030999600621885,-0.032916275569752074,C
R4_aB_m0,8,0,1,10,-0.40240882849328025,0.14348265102187596,1.3115555669372498,C
R4_aB_m0,8,0,2,30,1.2637479504776783,0.1555923737486791,0.8330052311274407,C
R4_aB_m0,8,0,2,10,0.7873117272924316,0.12329042696177459,0.9403165061050901,C
R4_aB_m0,8,0,3,30,1.9059870588485754,0.46894234992527567,19.33501281086687,C
R4_aB_m0,8,0,3,10,2.2668132969957995,0.539204534275241,18.57510802352666,C
R4_aB_m0,8,0,4,30,0.3275401392346312,0.2804397907406425,4.579377044262061,C
R4_aB_m0,8,0,4,10,-0.4922772533251153,0.2340815432915947,4.5502938865409766,C
R4_aB_m0,8,1,0,30,0.7962228478781943,0.3532666055570753,4.418409705084247,C
R4_aB_m0,8,1,0,10,0.044290229720842955,0.20416240375434538,2.534858801355293,C
R4_aB_m0,8,1,1,30,1.1778553085233403,0.2081461452687125,2.19031208186477,C
R4_aB_m0,8,1,1,10,1.247191430832503,0.2360389225091339,2.1583122904931615,C
R4_aB_m0,8,1,2,30,1.1120859212369842,0.28412341313461476,6.525537077797108,C
R4_aB_m0,8,1,2,10,0.5980358705356825,0.17521785123618389,6.127497300344585,C
R4_aB_m0,8,1,3,30,1.4768833583779042,0.36933299645462414,25.88088577762124,C
R4_aB_m0,8,1,3,10,1.8304736549925176,0.4432699492942942,23.509562830645457,C
R4_aB_m0,8,1,4,30,0.8455320634276038,0.20448383831598968,4.388327480716887,C
R4_aB_m0,8,1,4,10,1.3736554005453325,0.2458850727075986,3.765094280912571,C
R4_aB_m0,8,2,0,30,1.3938871409540572,0.3162997411988272,4.5196357060203205,C
R4_aB_m0,8,2,0,10,0.6850774542142073,0.1108295285731195,3.729846746800811,C
R4_aB_m0,8,2,1,30,-0.10047683007667485,0.1184820940457986,5.524564137375145,C
R4_aB_m0,8,2,1,10,-0.6374909897501293,-0.0019727881190796104,5.214713154502166,C
R4_aB_m0,8,2,2,30,0.15109477425483375,0.0823538046246282,2.830131108864738,C
R4_aB_m0,8,2,2,10,-0.11309619854820852,0.003140113554330498,1.142991134193904,C
R4_aB_m0,8,2,3,30,1.2087948333748564,0.31537621042470565,11.377776392198458,C
R4_aB_m0,8,2,3,10,-1.1736519688966593,-0.19657728146196685,-4.176752459516136,C
R4_aB_m0,8,2,4,30,-0.47272912510251097,0.2112830306691797,4.141871530525746,C
R4_aB_m0,8,2,4,10,-0.7543749514744815,0.1676043159978486,3.6507220673816905,C
R4_aB_m0,9,0,0,30,3.267345485263345,0.6656401679437467,50.10017724543367,C
R4_aB_m0,9,0,0,10,2.2842327169760828,0.4735400821373411,47.28694955698993,C
R4_aB_m0,9,0,1,30,6.609099706892879,1.0837710269304297,80.40759107933577,C
R4_aB_m0,9,0,1,10,8.12930838512837,1.3299696809571622,91.78423415452139,C
R4_aB_m0,9,0,2,30,5.924645364490481,0.945326933711018,78.20790998758173,C
R4_aB_m0,9,0,2,10,6.048275881178658,0.9942866002312436,72.82317077635501,C
R4_aB_m0,9,0,3,30,5.5990138026104015,0.8541759605300051,92.72901507694422,C
R4_aB_m0,9,0,3,10,4.007308195866747,0.7529907978823553,76.11500595501676,C
R4_aB_m0,9,0,4,30,2.5365770609278213,0.7494129712293615,45.76847613359948,C
R4_aB_m0,9,0,4,10,2.1476547702187494,0.4073745142679517,50.870068667161185,C
R4_aB_m0,9,1,0,30,6.018247515162937,0.7489808740771478,77.77785568985361,C
R4_aB_m0,9,1,0,10,5.68187165029669,0.8442050029371595,70.85607022626907,C
R4_aB_m0,9,1,1,30,7.950645555893857,1.2702125977001097,101.06205733916687,C
R4_aB_m0,9,1,1,10,8.577330141455146,1.4023877146487684,100.38831304457051,C
R4_aB_m0,9,1,2,30,5.834940055035895,0.7692683961107478,85.06147917936121,C
R4_aB_m0,9,1,2,10,6.902637780227057,1.0810760301352895,85.79159939365019,C
R4_aB_m0,9,1,3,30,5.959767967266071,0.7842677150446093,97.56707932969519,C
R4_aB_m0,9,1,3,10,6.814179172033117,1.0448186922370357,104.10584187921683,C
R4_aB_m0,9,1,4,30,3.1094460116047578,0.8936088103221179,49.01579501249921,C
R4_aB_m0,9,1,4,10,3.958673263986575,0.9145744699980868,64.51011666552606,C
R4_aB_m0,9,2,0,30,6.269536073422941,1.110558242152527,86.84421651750537,C
R4_aB_m0,9,2,0,10,6.285625750474008,1.114116945011433,81.54268611743657,C
R4_aB_m0,9,2,1,30,5.783628167147986,1.156160226473754,74.29941000519392,C
R4_aB_m0,9,2,1,10,5.408958286295464,1.0894222079764853,73.85461195955652,C
R4_aB_m0,9,2,2,30,4.495264368365432,0.8283038669160562,48.60023917405071,C
R4_aB_m0,9,2,2,10,4.325465618498696,0.823269092458056,46.568123440923195,C
R4_aB_m0,9,2,3,30,3.8578958346159555,0.726380460470058,58.084328235840076,C
R4_aB_m0,9,2,3,10,3.54962386393022,0.636706256797106,57.44031930360331,C
R4_aB_m0,9,2,4,30,6.17224321166552,0.975758344752409,79.21111627735091,C
R4_aB_m0,9,2,4,10,7.1160622788489905,1.150248484086859,100.05578086743533,C
R4_aB_m0,10,0,0,30,3.9649022878610145,0.7500865417544821,13.77736236949622,C
R4_aB_m0,10,0,0,10,3.737680261349011,0.40802107531520343,11.333171940685741,C
R4_aB_m0,10,0,1,30,5.623125180727892,1.297143304943178,48.39842425139341,C
R4_aB_m0,10,0,1,10,5.003246005314177,1.1569345146252428,48.22636067583891,C
R4_aB_m0,10,0,2,30,4.216156327709911,0.9500749020639876,36.163218900734314,C
R4_aB_m0,10,0,2,10,4.2202523779575225,0.9567892565494089,33.96204681081922,C
R4_aB_m0,10,0,3,30,4.840812070176506,1.103809051531793,66.90710993891122,C
R4_aB_m0,10,0,3,10,4.375914990190596,1.0008609346458222,69.58092962515894,C
R4_aB_m0,10,0,4,30,1.873170123131028,0.39815959105521975,9.162603011027562,C
R4_aB_m0,10,0,4,10,0.7106411347936853,0.4079887661330197,8.080266897617086,C
R4_aB_m0,10,1,0,30,2.88244281199496,0.8723171355351853,12.039438510075726,C
R4_aB_m0,10,1,0,10,0.8257495660770906,0.6373727972420975,7.577165122442099,C
R4_aB_m0,10,1,1,30,5.35815169243201,1.225701958490589,38.635646321610714,C
R4_aB_m0,10,1,1,10,4.585640220276369,1.4093084525662376,28.49578639384178,C
R4_aB_m0,10,1,2,30,4.205534086205695,0.9419505225791478,33.82331144200636,C
R4_aB_m0,10,1,2,10,4.215205939329156,0.9526548620324081,32.08592179964979,C
R4_aB_m0,10,1,3,30,4.985633118946414,1.1356780022910025,60.274070433727964,C
R4_aB_m0,10,1,3,10,5.412263075305139,1.2514389735388827,57.186719910558104,C
R4_aB_m0,10,1,4,30,1.694323268331126,0.3544698749140245,10.702523676903226,C
R4_aB_m0,10,1,4,10,1.4969823928860662,0.3149103887486242,10.28978498915283,C
R4_aB_m0,10,2,0,30,2.615893765547537,0.5391851456148302,9.136912579731655,C
R4_aB_m0,10,2,0,10,2.5428035572766743,0.5387036071725884,8.604127462320665,C
R4_aB_m0,10,2,1,30,4.723428123638953,1.067585652728953,18.291665027913755,C
R4_aB_m0,10,2,1,10,3.6798774881978895,0.8199081664886602,20.228095831301932,C
R4_aB_m0,10,2,2,30,1.7782368870795375,0.7581558863851483,17.218058755704785,C
R4_aB_m0,10,2,2,10,2.101588245237728,0.7322829035333187,17.851904761107257,C
R4_aB_m0,10,2,3,30,3.4830985379088153,0.7590036464817063,36.69067796092537,C
R4_aB_m0,10,2,3,10,3.2627937747530718,0.725314656197044,35.8390926240732,C
R4_aB_m0,10,2,4,30,2.789324535191685,0.6282537081981923,15.146063663334335,C
R4_aB_m0,10,2,4,10,3.018934939774419,0.558531577326062,14.67422924502712,C
R4_aB_m0,11,0,0,30,3.574115294444423,0.9020750637444004,25.41156822913308,C
R4_aB_m0,11,0,0,10,-0.2315050846320239,0.06453233192375374,12.795482072932678,C
R4_aB_m0,11,0,1,30,4.648331458974759,1.102140104305051,31.415790724351737,C
R4_aB_m0,11,0,1,10,3.1130725800873176,0.6959455559123175,23.14717986630534,C
R4_aB_m0,11,0,2,30,4.498090137680492,1.0536075775336833,30.412680855207267,C
R4_aB_m0,11,0,2,10,3.8505151747904005,0.9092588014497465,29.38181818090739,C
R4_aB_m0,11,0,3,30,4.412650998480743,1.0701047739057026,39.954549146600314,C
R4_aB_m0,11,0,3,10,4.612485320653928,1.1146384199627049,41.78732890637469,C
R4_aB_m0,11,0,4,30,3.120347278659726,0.8567761190570364,23.77795683696089,C
R4_aB_m0,11,0,4,10,3.2321467020118915,0.7111113849730291,24.395396416126413,C
R4_aB_m0,11,1,0,30,4.153968876857208,0.4393213745381612,25.275662560104152,C
R4_aB_m0,11,1,0,10,3.238620654518705,0.2903336013972749,20.44485405462379,C
R4_aB_m0,11,1,1,30,4.770247404550213,1.1465568578539105,33.22844457977902,C
R4_aB_m0,11,1,1,10,4.933124469070046,1.2172863058425487,33.78020991984297,C
R4_aB_m0,11,1,2,30,4.111744572165579,0.9434431429345752,31.595218920455302,C
R4_aB_m0,11,1,2,10,3.683994122286874,0.8697223229913078,34.04832100151648,C
R4_aB_m0,11,1,3,30,4.175686523683606,0.9836946275016433,40.63539269197293,C
R4_aB_m0,11,1,3,10,3.5748268266153786,0.7935083741818711,40.2830194352077,C
R4_aB_m0,11,1,4,30,3.9633046718035723,0.8932684310471644,30.46600805152766,C
R4_aB_m0,11,1,4,10,2.6423052795304462,0.5781579868936009,22.981119656593705,C
R4_aB_m0,11,2,0,30,4.171886275459518,0.5943622375608606,26.103497733347393,C
R4_aB_m0,11,2,0,10,3.9815508331325384,0.819314682851435,25.542805150247105,C
R4_aB_m0,11,2,1,30,4.269772293007661,1.1055858646941854,26.290056124087567,C
R4_aB_m0,11,2,1,10,2.1171002553924128,0.7818993391995168,15.542778326495341,C
R4_aB_m0,11,2,2,30,3.4600600299659616,0.7543298195173208,25.693657827692697,C
R4_aB_m0,11,2,2,10,2.138551071840145,0.6448531022057116,13.40861362087255,C
R4_aB_m0,11,2,3,30,3.74860576619397,0.8074845406593048,34.59650395044193,C
R4_aB_m0,11,2,3,10,3.1598403661886705,0.6954425287085032,33.63243430568073,C
R4_aB_m0,11,2,4,30,3.265559266503534,0.7843957065623789,23.850547984053065,C
R4_aB_m0,11,2,4,10,1.440345411627084,0.3439082330462022,15.912989631948482,C
R4_aB_m0,12,0,0,30,1.3897051628818224,0.46441093313979526,1.2726651423773063,C
R4_aB_m0,12,0,0,10,1.7218157196373878,0.433710288950046,2.4422710243458887,C
R4_aB_m0,12,0,1,30,-2.2450151602689097,-0.5629341268834945,-2.859850533059263,C
R4_aB_m0,12,0,1,10,-1.979560840866212,-0.5103998548858127,-2.8270404156637667,C
R4_aB_m0,12,0,2,30,0.9965413259577227,-0.4498675168305657,-0.09760674264357361,C
R4_aB_m0,12,0,2,10,-1.510028887455559,-0.35604391093510346,-3.2586015984100154,C
R4_aB_m0,12,0,3,30,-2.831444742931353,-0.7418031716440968,-3.433282775386362,C
R4_aB_m0,12,0,3,10,-2.8119701871175344,-0.7236279189381472,-5.393646334140263,C
R4_aB_m0,12,0,4,30,-1.3473389689756785,0.2674128039967937,-0.28266292818826644,C
R4_aB_m0,12,0,4,10,-1.9714928186380853,-0.1265721515601904,-1.2285001031484595,C
R4_aB_m0,12,1,0,30,1.780852701771606,0.46086796303013733,1.6663768135698955,C
R4_aB_m0,12,1,0,10,0.15282089974746627,0.15225320099432318,0.2809975465369815,C
R4_aB_m0,12,1,1,30,-2.331856979355856,-0.5896572709235157,-3.49209850260164,C
R4_aB_m0,12,1,1,10,-0.797901167885601,-0.15260176064915698,4.423267780269532,C
R4_aB_m0,12,1,2,30,-0.559249103671501,-0.6503707480081141,-0.8693462953875519,C
R4_aB_m0,12,1,2,10,-0.7661360613329682,-0.48119727441118554,-1.127137537899146,C
R4_aB_m0,12,1,3,30,-1.8275348659569852,-0.44363345700446044,-2.1661026173423092,C
R4_aB_m0,12,1,3,10,-1.4888391079360401,-0.36352449875412407,-3.0695870891271912,C
R4_aB_m0,12,1,4,30,-0.9781969690243597,0.1137532389800434,-0.034142137616616,C
R4_aB_m0,12,1,4,10,0.4918343165360739,0.0950223734156127,0.35934028097428783,C
R4_aB_m0,12,2,0,30,2.308448341417436,0.5354509892507547,2.7515074293251685,C
R4_aB_m0,12,2,0,10,0.5618855679950971,-0.1267906589632587,-0.8066041550717595,C
R4_aB_m0,12,2,1,30,-2.267474360500783,-0.5728890306732572,-3.035957726114177,C
R4_aB_m0,12,2,1,10,-3.106919345018903,-0.8095503749682518,-6.419869019607695,C
R4_aB_m0,12,2,2,30,-0.8793402277439052,-0.1307427535800052,-0.3884126586107043,C
R4_aB_m0,12,2,2,10,-0.3501983160868807,-0.008746661171989703,-0.12601894757198606,C
R4_aB_m0,12,2,3,30,-1.010578731413823,-0.20051887947763397,-1.411661074992046,C
R4_aB_m0,12,2,3,10,-0.9817775472409902,-0.19691932798508366,-1.4751752883214815,C
R4_aB_m0,12,2,4,30,-1.257200788410037,-0.23296946573491858,-1.3604833531864253,C
R4_aB_m0,12,2,4,10,-1.3649402471575798,-0.19127155207027052,-1.0924462447949992,C
R5_aA_m0,0,0,0,30,5.39885495217878,1.6064986433300883,13.453998015053113,C
R5_aA_m0,0,0,0,10,5.053977468000573,1.5148561059822354,13.115791094059261,C
R5_aA_m0,0,0,1,30,1.2083580473039797,0.17341613310215573,5.4702688519173295,C
R5_aA_m0,0,0,1,10,0.46719581536414756,0.15605576204808536,5.482195011591506,C
R5_aA_m0,0,0,2,30,-0.0960398991797341,-0.009787806444150407,0.54111143827609,C
R5_aA_m0,0,0,2,10,-0.2385590142641384,-0.054799571814136694,4.13338567388871,C
R5_aA_m0,0,0,3,30,0.3495888907468854,0.09575622567431818,6.6419172166948215,C
R5_aA_m0,0,0,3,10,-4.731275619048013,-1.3097561550156165,-7.757179729771536,C
R5_aA_m0,0,0,4,30,5.931049185564769,1.7743573086143294,13.232133246425052,C
R5_aA_m0,0,0,4,10,4.991084563807012,1.239239578508825,7.0153286351016035,C
R5_aA_m0,0,1,0,30,4.861526159342946,1.420880900185607,9.187932507314459,C
R5_aA_m0,0,1,0,10,-0.3189815393727342,0.5680069689577374,0.37568522972644036,C
R5_aA_m0,0,1,1,30,0.08693810163088334,0.0868688899682719,4.007428262012728,C
R5_aA_m0,0,1,1,10,0.311090914750366,0.2783640037445723,3.5292626312779225,C
R5_aA_m0,0,1,2,30,1.7712699291582594,0.566933822241374,6.232684811698367,C
R5_aA_m0,0,1,2,10,-0.44462550549457913,-0.35640387984629707,4.373065426014947,C
R5_aA_m0,0,1,3,30,2.8046469134763505,0.9013074025492227,20.67238374799426,C
R5_aA_m0,0,1,3,10,-1.4624014725802112,-0.4063533796075143,-4.328079576019718,C
R5_aA_m0,0,1,4,30,5.595705852907286,1.9217754760625738,13.535416033276277,C
R5_aA_m0,0,1,4,10,4.676115392757585,1.7664133237017576,9.821304974118735,C
R5_aA_m0,0,2,0,30,5.8433490070469425,1.8501178376705876,13.935029251082938,C
R5_aA_m0,0,2,0,10,2.4639209887495204,0.7316234303619547,8.506567670694116,C
R5_aA_m0,0,2,1,30,4.020785786776614,1.1401708881581198,7.7721411565999965,C
R5_aA_m0,0,2,1,10,3.591914169224075,1.1246648062741276,7.471363631346611,C
R5_aA_m0,0,2,2,30,-1.1698255237463908,-0.3566005090525598,2.269297099163677,C
R5_aA_m0,0,2,2,10,0.5414469670171019,0.1392011543796033,6.0247261165657005,C
R5_aA_m0,0,2,3,30,-0.21209096864696775,-0.05787406944607848,-0.5704685985792279,C
R5_aA_m0,0,2,3,10,0.08184937844194096,0.03402572385614511,3.869047780737187,C
R5_aA_m0,0,2,4,30,4.639181067657176,1.3518885722378935,11.040333112313078,C
R5_aA_m0,0,2,4,10,2.6855717182205723,1.1034746012584737,7.556159630403683,C
R5_aA_m0,1,0,0,30,0.0884273261487162,0.07020125859026549,12.18746541985515,C
R5_aA_m0,1,0,0,10,2.424188714594886,0.7438653649901485,20.149708392652297,C
R5_aA_m0,1,0,1,30,-0.4670190809473205,0.2257340763321466,9.210185329925814,C
R5_aA_m0,1,0,1,10,1.1344353914434704,0.3587220189991149,5.132195125089462,C
R5_aA_m0,1,0,2,30,-0.3384806309271401,0.06369009856435719,9.884278640060147,C
R5_aA_m0,1,0,2,10,0.9762566505913095,0.33391140786077733,9.921672728321449,C
R5_aA_m0,1,0,3,30,0.09634143843559928,-0.02003261105486548,20.104806018581883,C
R5_aA_m0,1,0,3,10,-1.9617253415156033,-0.5637162925507058,13.543948187133424,C
R5_aA_m0,1,0,4,30,0.4190393518173777,0.287795241796585,11.43956672638177,C
R5_aA_m0,1,0,4,10,-1.836580593424204,-0.1350312614558153,8.839454167062122,C
R5_aA_m0,1,1,0,30,0.0952434122233855,0.0434274475867745,11.495487837446028,C
R5_aA_m0,1,1,0,10,0.592473938602954,0.1872288449939153,12.31440828680212,C
R5_aA_m0,1,1,1,30,0.15535960551474862,0.04910205891925429,10.583176647798945,C
R5_aA_m0,1,1,1,10,0.5737764397825573,0.0010932291927139293,-0.485494303843514,C
R5_aA_m0,1,1,2,30,0.675439046120093,0.2439318190178437,5.214709169589864,C
R5_aA_m0,1,1,2,10,1.7551600924902138,0.5549862715824447,18.006736844339475,C
R5_aA_m0,1,1,3,30,0.45130203759800414,0.09837192798700145,21.598073953124505,C
R5_aA_m0,1,1,3,10,-0.62641778983599,-0.12885600259433305,27.294657713072038,C
R5_aA_m0,1,1,4,30,0.7425264169980647,0.23220985194929677,11.536096503338864,C
R5_aA_m0,1,1,4,10,-0.4304590722347801,-0.10841738885358543,10.993442897010572,C
R5_aA_m0,1,2,0,30,0.2667400017143633,0.02261288823234331,11.804816907893763,C
R5_aA_m0,1,2,0,10,-4.484847850430483,-1.2680687032158895,-28.830619236393566,C
R5_aA_m0,1,2,1,30,-0.2081707192139476,0.2361897523349293,13.57203228836433,C
R5_aA_m0,1,2,1,10,1.3189349591620922,0.39169712361702447,15.107893398296003,C
R5_aA_m0,1,2,2,30,-0.720286487618947,0.0813602274526451,14.765983918904153,C
R5_aA_m0,1,2,2,10,0.001734231229721106,0.25592730406636216,21.92829534313249,C
R5_aA_m0,1,2,3,30,0.44646253978644096,0.2886265750769578,14.487627626960137,C
R5_aA_m0,1,2,3,10,-0.048931309197973616,-0.014636935045704735,15.76830255177489,C
R5_aA_m0,1,2,4,30,-0.1657514360619676,0.05831331841309978,11.518286656914487,C
R5_aA_m0,1,2,4,10,-0.18494497411092103,0.38898625111097657,19.32803628184155,C
R5_aA_m0,2,0,0,30,0.7918922661906742,0.016729001698744805,-0.22278022343978365,C
R5_aA_m0,2,0,0,10,1.4445912152450282,-0.1090827539186567,-3.3585190685271353,C
R5_aA_m0,2,0,1,30,-0.38896719039010286,0.022365572270668405,0.6375004986453547,C
R5_aA_m0,2,0,1,10,-0.0449519463562158,0.035684080484763694,0.750703844354153,C
R5_aA_m0,2,0,2,30,0.9347662014740017,0.038651437446864945,-3.053322819962709,C
R5_aA_m0,2,0,2,10,1.8688098809631484,0.16265230909274297,-6.222631367112495,C
R5_aA_m0,2,0,3,30,0.12349305884030004,-0.017833654331713578,-1.5978924529767005,C
R5_aA_m0,2,0,3,10,-0.6571637351279276,-0.053962620490217716,-5.872944425822515,C
R5_aA_m0,2,0,4,30,0.45717202227557285,0.015295038359602886,-2.0949107638739335,C
R5_aA_m0,2,0,4,10,0.47630744899157484,0.008230867930887786,-2.063991417113156,C
R5_aA_m0,2,1,0,30,1.034765057018108,-0.09100759873373139,-0.40478283793677705,C
R5_aA_m0,2,1,0,10,1.4984044075547582,-0.1895481005778269,-3.485603341279277,C
R5_aA_m0,2,1,1,30,-0.11930330426606894,-0.05218444258664881,0.6435188486026573,C
R5_aA_m0,2,1,1,10,0.06695584812441213,-0.034937751552493804,0.7475708899737475,C
R5_aA_m0,2,1,2,30,0.7226597487002424,0.0011406388665189948,0.09635412629272722,C
R5_aA_m0,2,1,2,10,0.9486990804726774,0.0792494191401299,-1.6456690173798965,C
R5_aA_m0,2,1,3,30,-0.23655586201756895,-0.01647496895016587,-4.302586816571731,C
R5_aA_m0,2,1,3,10,0.7555325376157185,-0.036555556852075566,-0.18222293516335952,C
R5_aA_m0,2,1,4,30,0.5260890776608997,0.027134067263731132,-1.4153696458682106,C
R5_aA_m0,2,1,4,10,0.5110521213211194,0.03524569085923024,-1.391124441829552,C
R5_aA_m0,2,2,0,30,-0.007144413285070539,-0.15049376300211048,1.12109022436003,C
R5_aA_m0,2,2,0,10,0.09733495750439569,-0.20773523585006298,0.30338179976881574,C
R5_aA_m0,2,2,1,30,0.7042599180730917,-0.02500922392565752,-1.3143764361893795,C
R5_aA_m0,2,2,1,10,0.7787519008324462,-0.023276360154448394,-1.0714127677642509,C
R5_aA_m0,2,2,2,30,0.5743611160435631,-0.1221582806268299,-2.128696345421083,C
R5_aA_m0,2,2,2,10,0.7184869598309713,-0.12348579041864069,-1.9662397992558205,C
R5_aA_m0,2,2,3,30,0.44014813986221846,0.03227236179791304,1.2081396702598113,C
R5_aA_m0,2,2,3,10,-0.13510889342430943,0.023793118754818376,0.7128984636538931,C
R5_aA_m0,2,2,4,30,0.8932013202537723,0.03466264996408874,-4.366845250551382,C
R5_aA_m0,2,2,4,10,0.9582327279906693,0.03257640890267677,-4.282133512022302,C
R5_aA_m0,3,0,0,30,0.24639475899986008,0.10857242918597729,7.13583255743999,C
R5_aA_m0,3,0,0,10,0.6182897552542246,0.0977009883290591,7.207580507533704,C
R5_aA_m0,3,0,1,30,2.040830696086961,0.16356687113645751,5.157424729922209,C
R5_aA_m0,3,0,1,10,2.2525514612345727,0.1779096441658205,5.258638902102704,C
R5_aA_m0,3,0,2,30,-2.507640680663055,0.12719925244974578,10.648126603239323,C
R5_aA_m0,3,0,2,10,-2.5437371170186758,0.12900602930755162,10.610131899894032,C
R5_aA_m0,3,0,3,30,1.2246062092803656,0.16059513012956772,17.384332397474424,C
R5_aA_m0,3,0,3,10,1.0762581509438283,0.16874853298140102,17.360700801774033,C
R5_aA_m0,3,0,4,30,0.7944815825850864,0.17231060087844358,8.44845756644504,C
R5_aA_m0,3,0,4,10,0.9159525165205458,0.16749917960153032,8.50393633769469,C
R5_aA_m0,3,1,0,30,1.4657796858790215,0.1325995174259405,16.68674804073909,C
R5_aA_m0,3,1,0,10,1.7641593288890478,0.1259420651601646,16.923390484726465,C
R5_aA_m0,3,1,1,30,1.9204090913241283,0.15684612490234168,4.364535571424383,C
R5_aA_m0,3,1,1,10,0.8079219314649524,0.0276676973214773,0.6499976322944129,C
R5_aA_m0,3,1,2,30,-1.5555418809171684,0.08370673212330798,5.2908812015502225,C
R5_aA_m0,3,1,2,10,-1.6968239175602082,0.0742516409854266,5.178159386886143,C
R5_aA_m0,3,1,3,30,1.5137298306073967,0.14622998396669418,26.12753862089703,C
R5_aA_m0,3,1,3,10,1.7540897929554393,0.1370076324985875,26.36512739595839,C
R5_aA_m0,3,1,4,30,0.5276956630665071,0.17702057735480264,18.012977445754128,C
R5_aA_m0,3,1,4,10,0.5546174125976888,0.1779316376097313,18.003852178843054,C
R5_aA_m0,3,2,0,30,2.0394688227334004,0.05168780462352619,1.8402521661846087,C
R5_aA_m0,3,2,0,10,2.0544619405657474,0.05335985243492039,1.9514363650185058,C
R5_aA_m0,3,2,1,30,-1.646527512962334,0.1315679938726494,10.049413454841575,C
R5_aA_m0,3,2,1,10,-1.789370511971667,0.1247706315498737,9.928041733575313,C
R5_aA_m0,3,2,2,30,-2.1761552906809216,0.1807071572980778,13.136132443463223,C
R5_aA_m0,3,2,2,10,-2.077274944708511,0.1799798359393506,13.52526782726797,C
R5_aA_m0,3,2,3,30,-0.40101009799009013,-0.04389734268131651,-1.5106312253404042,C
R5_aA_m0,3,2,3,10,-0.46664397040904415,-0.046896589160208,-1.4433178837454577,C
R5_aA_m0,3,2,4,30,-1.3122719784590409,0.09410833367893051,22.456900937089532,C
R5_aA_m0,3,2,4,10,-1.2748592736692244,0.0888346831048697,22.67234203528207,C
R5_aB_m0,0,0,0,30,3.9183932669682973,0.7115638243596422,5.0081211025273475,C
R5_aB_m0,0,0,0,10,7.158190377351776,2.5049817927838984,204.90187069870217,C
R5_aB_m0,0,0,1,30,9.282358341716066,2.8691201876605756,175.79364374605532,C
R5_aB_m0,0,0,1,10,1.6567808398666979,0.48742193124963873,1.259798208424872,C
R5_aB_m0,0,0,2,30,5.738478676557018,1.7017700241338152,5.826626355265119,C
R5_aB_m0,0,0,2,10,6.314937097495291,2.0325556593793728,55.46474263246591,C
R5_aB_m0,0,0,3,30,11.55799896225236,3.4217668488573665,179.5173718064212,C
R5_aB_m0,0,0,3,10,8.143439315087464,2.540439714126201,121.24100826974093,C
R5_aB_m0,0,0,4,30,7.650095890153926,2.3401639104077936,38.04109568582072,C
R5_aB_m0,0,0,4,10,12.745455744841395,3.8565526552703093,124.23413999269563,C
R5_aB_m0,0,1,0,30,6.792057478382244,2.0843308383378747,38.001440397183046,C
R5_aB_m0,0,1,0,10,1.8623307907923412,0.47453924692397853,3.8357586903354193,C
R5_aB_m0,0,1,1,30,12.13966403217513,3.598886048319372,174.44574540051323,C
R5_aB_m0,0,1,1,10,9.00046874598767,2.8078926692257395,125.90417596398552,C
R5_aB_m0,0,1,2,30,9.608503118986812,2.9895937964563424,146.8429428115386,C
R5_aB_m0,0,1,2,10,7.802595959530046,2.4038815510681464,65.13334986416756,C
R5_aB_m0,0,1,3,30,10.978733540965948,3.2572683513983844,165.84906171381107,C
R5_aB_m0,0,1,3,10,10.441198544641102,3.1968807632561083,646.2944633190239,C
R5_aB_m0,0,1,4,30,5.4751191556018215,1.434278049153257,4.35273950119608,C
R5_aB_m0,0,1,4,10,0.3943829131931249,0.35624629113592904,18.505742906660853,C
R5_aB_m0,0,2,0,30,8.161301523164763,2.228359759919472,39.56571945877698,C
R5_aB_m0,0,2,0,10,8.759453746063821,2.2135270962107287,43.19190439611083,C
R5_aB_m0,0,2,1,30,5.153477300800875,1.5212350853442196,5.464461295404124,C
R5_aB_m0,0,2,1,10,6.331582797260161,1.6817414812387574,151.76448001762944,C
R5_aB_m0,0,2,2,30,2.8785193417412063,0.860799451409862,1.6358645703473642,C
R5_aB_m0,0,2,2,10,2.1571948777537737,0.8440852786000326,6.018802618210068,C
R5_aB_m0,0,2,3,30,6.362680919915773,1.9096382978030875,46.104516242691254,C
R5_aB_m0,0,2,3,10,5.403161359703382,2.426985443593031,66.49414168265092,C
R5_aB_m0,0,2,4,30,3.9378641298247063,1.1325543498215773,5.623670229788614,C
R5_aB_m0,0,2,4,10,4.890944415851029,1.7697326871965706,38.344972316866034,C
R5_aB_m0,1,0,0,30,4.656813798382413,1.2440920729764033,33.81956478011013,C
R5_aB_m0,1,0,0,10,3.5658689208277075,0.9401032261158832,21.951733398185553,C
R5_aB_m0,1,0,1,30,5.136642493030951,1.1988933823733934,5.7525245974179935,C
R5_aB_m0,1,0,1,10,3.7141086213187187,1.0755821448725893,19.416461945824434,C
R5_aB_m0,1,0,2,30,4.443341142767017,1.1424400669505894,29.607175460653075,C
R5_aB_m0,1,0,2,10,1.4129563344773315,0.2808326421271231,9.42360875493228,C
R5_aB_m0,1,0,3,30,6.014652331861804,1.709406616731683,23.92334997875259,C
R5_aB_m0,1,0,3,10,2.4204860005777316,-0.37766212951715755,7.0821192585031945,C
R5_aB_m0,1,0,4,30,5.709933529901723,1.3666263582247886,33.36328085223911,C
R5_aB_m0,1,0,4,10,3.90558956599202,1.058150184131201,25.21176492692161,C
R5_aB_m0,1,1,0,30,4.2544150221966754,1.12205738739336,37.712991112034864,C
R5_aB_m0,1,1,0,10,3.624705842597795,0.9995379434504589,18.901420130205402,C
R5_aB_m0,1,1,1,30,3.3629767479192463,0.9097953799688585,12.361632411067557,C
R5_aB_m0,1,1,1,10,1.409910469184042,0.2740582397420545,2.1265067889579816,C
R5_aB_m0,1,1,2,30,4.770758756154589,1.245536256356626,29.255634066425777,C
R5_aB_m0,1,1,2,10,2.1064031002728605,0.3893295603081234,6.516243752733296,C
R5_aB_m0,1,1,3,30,0.1637010804431421,-0.06033913053839868,-0.5810714240826087,C
R5_aB_m0,1,1,3,10,3.7870250550389493,1.0407362282310997,13.58192575915426,C
R5_aB_m0,1,1,4,30,5.393067480571672,1.4820422511368183,34.16849022930936,C
R5_aB_m0,1,1,4,10,3.6013159195820332,0.8971559407145189,29.595244360955995,C
R5_aB_m0,1,2,0,30,4.397317650868133,1.1440064731108857,39.08486798554975,C
R5_aB_m0,1,2,0,10,0.8847536143468449,1.053143871628999,12.181828299313974,C
R5_aB_m0,1,2,1,30,4.129467928196593,0.9954394364623155,27.07834047561471,C
R5_aB_m0,1,2,1,10,2.854164698798705,0.7146983759068242,8.388635027285284,C
R5_aB_m0,1,2,2,30,5.133677574651116,1.3689734212169835,31.98251856490256,C
R5_aB_m0,1,2,2,10,4.260273517663721,1.1484157851860968,15.319766718126008,C
R5_aB_m0,1,2,3,30,0.39307140306457744,-0.034273815565587784,0.987911418443872,C
R5_aB_m0,1,2,3,10,-0.6651010309201839,0.2088824797893768,0.4053646563601454,C
R5_aB_m0,1,2,4,30,5.626240377039336,1.0321295795708367,33.506920822416,C
R5_aB_m0,1,2,4,10,4.534163040984089,1.0522432591908153,21.012804753928222,C
R5_aB_m0,2,0,0,30,1.6735797917417128,0.0988534586256904,10.329612147921665,C
R5_aB_m0,2,0,0,10,1.3928246536861586,0.07763956632048696,6.040785009907453,C
R5_aB_m0,2,0,1,30,0.47311529704278765,-0.21064285392503612,6.235832219244276,C
R5_aB_m0,2,0,1,10,1.7118122607062354,-0.06446228106556562,6.717574587664428,C
R5_aB_m0,2,0,2,30,-1.2793040797996769,-0.14325312120680467,11.733465078785123,C
R5_aB_m0,2,0,2,10,-0.4134886125335866,-0.08014197261487471,5.77298397807332,C
R5_aB_m0,2,0,3,30,5.252673341823767,0.011333212165010709,10.958843072634977,C
R5_aB_m0,2,0,3,10,4.477328498452708,0.07289655366452807,22.54108085148632,C
R5_aB_m0,2,0,4,30,0.20409132396242602,-0.12401185231526643,4.5131178999344685,C
R5_aB_m0,2,0,4,10,1.089509200048799,0.03297124753476069,6.050679760077047,C
R5_aB_m0,2,1,0,30,0.5953114296635973,0.18728538508609072,12.983145277953303,C
R5_aB_m0,2,1,0,10,-0.7863399353168639,0.1686620933158008,18.05942496734182,C
R5_aB_m0,2,1,1,30,1.9132626925395546,-0.1482813428811376,6.1933606630288685,C
R5_aB_m0,2,1,1,10,1.1112019537313276,0.0460609738710544,9.78272123321849,C
R5_aB_m0,2,1,2,30,0.9470145126080558,0.28591193394411923,9.600417453829245,C
R5_aB_m0,2,1,2,10,-2.0284044134852635,0.1321937608610057,7.221493158207559,C
R5_aB_m0,2,1,3,30,4.855793060436807,-0.07269626404800178,12.419042471462362,C
R5_aB_m0,2,1,3,10,3.146386294530627,-0.03659147644431804,10.241232942567194,C
R5_aB_m0,2,1,4,30,-2.268225559492891,-0.18625878223986791,4.244060080496795,C
R5_aB_m0,2,1,4,10,-2.1803991215828527,-0.12044871667257284,6.488041087104531,C
R5_aB_m0,2,2,0,30,-0.5764754983742375,-0.0809351140929514,3.877601521203349,C
R5_aB_m0,2,2,0,10,-1.0186867143428189,-0.05034057590901822,4.184767381263017,C
R5_aB_m0,2,2,1,30,0.021344573156838464,0.11959012807669131,11.57635792824614,C
R5_aB_m0,2,2,1,10,-1.7382814171765038,0.11325681806579768,8.112056361476514,C
R5_aB_m0,2,2,2,30,-3.783780211737519,-0.07475346408533556,7.251803888647757,C
R5_aB_m0,2,2,2,10,-1.2748923515267632,0.04325107603942718,9.110668667655062,C
R5_aB_m0,2,2,3,30,-2.6219869773496765,-0.11282453950362537,8.337119351336646,C
R5_aB_m0,2,2,3,10,-1.1210878615315822,-0.32146460098067586,13.938790870027084,C
R5_aB_m0,2,2,4,30,-0.7008622254363477,-0.058032981687426766,14.00666013969104,C
R5_aB_m0,2,2,4,10,-0.7264438574665619,0.09216170394807166,12.787765866835521,C
R5_aB_m0,3,0,0,30,3.0389606082131198,0.19468901451040088,13.893730320305291,C
R5_aB_m0,3,0,0,10,0.4439515918804102,0.07984814275119884,12.988230448224886,C
R5_aB_m0,3,0,1,30,6.798376952411247,0.24285285222167696,12.719540530318906,C
R5_aB_m0,3,0,1,10,4.5749149221206995,0.23052364451458923,17.55661804082048,C
R5_aB_m0,3,0,2,30,-1.4364832652605743,0.2866524797218996,14.264257409444356,C
R5_aB_m0,3,0,2,10,-2.3263014732029648,0.05573961109111969,11.442612589008148,C
R5_aB_m0,3,0,3,30,4.37020853287338,-0.18805348430894492,7.6918111193660526,C
R5_aB_m0,3,0,3,10,-0.7778997993044494,0.11406953955134158,9.43591380755093,C
R5_aB_m0,3,0,4,30,1.59178482097664,-0.25114413215995085,5.601269120646336,C
R5_aB_m0,3,0,4,10,2.9271002825214505,-0.11391121266151477,7.577558081309159,C
R5_aB_m0,3,1,0,30,-0.4102199016798229,0.20324580493446864,11.801622634451952,C
R5_aB_m0,3,1,0,10,-1.3955839440891658,0.15262497802956398,10.92935094066603,C
R5_aB_m0,3,1,1,30,6.678625819472586,0.0910634739090054,12.636072622283653,C
R5_aB_m0,3,1,1,10,4.599434438824076,0.026949341348093486,10.570880137842204,C
R5_aB_m0,3,1,2,30,2.262396113864947,0.26930821304892116,13.359106640672804,C
R5_aB_m0,3,1,2,10,0.8526720352268602,0.203978683415044,11.919746487891317,C
R5_aB_m0,3,1,3,30,5.741151555680811,-0.24972850994017992,15.975910207603086,C
R5_aB_m0,3,1,3,10,4.793945591705159,-0.2023688495793755,17.34917643038254,C
R5_aB_m0,3,1,4,30,2.675757510558314,-0.1827275114482929,6.825630669832564,C
R5_aB_m0,3,1,4,10,0.5119101532480953,-0.2554201501730099,10.969510011103475,C
R5_aB_m0,3,2,0,30,1.9971469605227719,0.2863999158325557,10.612370458538841,C
R5_aB_m0,3,2,0,10,2.0918685026118395,0.25435760665920415,11.189192781125204,C
R5_aB_m0,3,2,1,30,1.4914608319516116,0.1704055448225439,14.199123330274263,C
R5_aB_m0,3,2,1,10,-2.3905488467425418,0.04456623484338412,10.589875984662807,C
R5_aB_m0,3,2,2,30,-3.905371767821423,0.08912870309317189,8.673349214544238,C
R5_aB_m0,3,2,2,10,-4.084761288056753,0.06843487320428099,8.322630824824373,C
R5_aB_m0,3,2,3,30,-2.6948546128904374,-0.012679076646302523,12.989451451646104,C
R5_aB_m0,3,2,3,10,-3.072863675266934,-0.22955489559393083,10.520800867315899,C
R5_aB_m0,3,2,4,30,-0.5356039912501052,-0.11411323434133891,14.414359652536254,C
R5_aB_m0,3,2,4,10,-1.938933067093279,0.004902585675569726,19.719346804899928,C
R2_aA_m0,1,0,0,30,2.393441669561921,0.6896219198871903,26.15155813367092,G1
R2_aA_m0,1,0,0,10,3.8958598932363646,1.1818395838002942,21.63657434052042,G1
R2_aA_m0,1,0,1,30,-2.2695377020413536,-0.6671789629224834,46.35699882109088,G1
R2_aA_m0,1,0,1,10,-5.765438874539791,-1.6964568844731749,44.960857450850945,G1
R2_aA_m0,1,0,2,30,2.276594011223977,0.6895369536662784,22.195711392308024,G1
R2_aA_m0,1,0,2,10,3.639726354637687,1.0969567001781069,25.53703145785421,G1
R2_aA_m0,1,0,3,30,-2.760239814045704,-0.8187466010679201,48.520948157183796,G1
R2_aA_m0,1,0,3,10,-1.889576603181089,-0.561036778214373,32.95524055103405,G1
R2_aA_m0,1,0,4,30,2.834523623343985,0.6509043991362429,20.853917739911427,G1
R2_aA_m0,1,0,4,10,0.4480045826672293,0.011256938900826907,5.143950915561918,G1
R2_aA_m0,1,1,0,30,1.128087304582663,0.048421000490363575,7.987572223295816,G1
R2_aA_m0,1,1,0,10,2.0674205201154967,0.317221611155014,8.010887018974651,G1
R2_aA_m0,1,1,1,30,-1.7519818007764592,-0.5103572681437798,39.626404380444015,G1
R2_aA_m0,1,1,1,10,1.632576160646237,0.4824262248005018,48.55906758742769,G1
R2_aA_m0,1,1,2,30,-1.9091006216742326,-0.5588790147688343,46.964281297286185,G1
R2_aA_m0,1,1,2,10,-0.24673417867816383,-0.08892413065274862,52.197057936623615,G1
R2_aA_m0,1,1,3,30,-0.9489330823568976,-0.2806872834861578,36.87284004109273,G1
R2_aA_m0,1,1,3,10,-0.31716908848082426,-0.09490347389504228,20.252944604557186,G1
R2_aA_m0,1,1,4,30,2.7472374384740648,0.6738988603753346,21.062052718157865,G1
R2_aA_m0,1,1,4,10,3.88429770845271,0.9969074492978611,12.789141627605444,G1
R2_aA_m0,1,2,0,30,-0.9207352861164138,-0.29598993499521375,28.110533723825956,G1
R2_aA_m0,1,2,0,10,-0.19345612875716345,-0.061421756572400454,12.51873929347629,G1
R2_aA_m0,1,2,1,30,1.1406050670134782,0.34167417877249107,26.71682430772528,G1
R2_aA_m0,1,2,1,10,-0.47110958843033,-0.13504345522144567,9.31595854705548,G1
R2_aA_m0,1,2,2,30,0.7154993194124915,0.18613727736646513,24.14022295287792,G1
R2_aA_m0,1,2,2,10,-0.28202378949666373,-0.05888131039516842,18.086465984046654,G1
R2_aA_m0,1,2,3,30,2.5414777507004014,0.4061433578234766,9.731410725197128,G1
R2_aA_m0,1,2,3,10,1.0806046875121151,0.015092651251426975,4.101915162863982,G1
R2_aA_m0,1,2,4,30,-0.5924372011898349,-0.1797035028035472,12.902598413323886,G1
R2_aA_m0,1,2,4,10,-4.123197093623997,-1.1771901771210953,6.785734892939204,G1
R2_aA_m0,2,0,0,30,1.5066336803725293,0.4332581965447603,11.613730812248917,G1
R2_aA_m0,2,0,0,10,4.757992083865892,1.374543380263782,15.927899989192467,G1
R2_aA_m0,2,0,1,30,0.28183731982212024,0.07777955929816782,16.604856760067033,G1
R2_aA_m0,2,0,1,10,-1.4615496596711388,-0.44181778975586417,13.260813622808904,G1
R2_aA_m0,2,0,2,30,2.2965272396645573,0.672531528459724,17.994205022882827,G1
R2_aA_m0,2,0,2,10,2.1335571745997948,1.1201113008548362,2.1290048400343737,G1
R2_aA_m0,2,0,3,30,1.172789707659513,0.30121937501302587,25.986970381932956,G1
R2_aA_m0,2,0,3,10,0.5639950285685682,0.1722894580881289,14.31853889794219,G1
R2_aA_m0,2,0,4,30,1.104660078470606,0.24356488474724025,9.977916864322744,G1
R2_aA_m0,2,0,4,10,0.4990677199080382,0.06361138170901098,-1.89822364187232,G1
R2_aA_m0,2,1,0,30,1.6931700678013977,0.47765689706511083,10.833143513469434,G1
R2_aA_m0,2,1,0,10,1.2010624116783806,0.33964724946451996,7.1979318872499345,G1
R2_aA_m0,2,1,1,30,-0.017496608491072152,0.00518476064662754,17.8789336709989,G1
R2_aA_m0,2,1,1,10,1.4310460747030884,0.4309730467735895,6.990201743851789,G1
R2_aA_m0,2,1,2,30,0.318348574752477,0.10921941970698112,16.28091265724007,G1
R2_aA_m0,2,1,2,10,0.8390920539320517,0.2371886158812302,18.400707606200548,G1
R2_aA_m0,2,1,3,30,1.061780856895985,0.2664420447782665,16.346978691749456,G1
R2_aA_m0,2,1,3,10,0.030748175329989635,-0.030540433589489657,10.403162505251366,G1
R2_aA_m0,2,1,4,30,1.594835503892822,0.31704266267519543,8.698222059429359,G1
R2_aA_m0,2,1,4,10,0.9766239527018183,0.2721509334875998,3.956860807150873,G1
R2_aA_m0,2,2,0,30,1.3624923412798262,0.33294273262249996,11.038914069759993,G1
R2_aA_m0,2,2,0,10,1.4066822213801666,0.34091404105015966,10.140357358640276,G1
R2_aA_m0,2,2,1,30,0.799546172085603,0.26708655323647834,13.608575159406257,G1
R2_aA_m0,2,2,1,10,0.5228851349830732,0.1541549984377768,12.232286051120855,G1
R2_aA_m0,2,2,2,30,0.7863160558671707,0.180743575820699,11.133860174181589,G1
R2_aA_m0,2,2,2,10,-0.6853610625681368,-0.1885345438807345,1.253902551158579,G1
R2_aA_m0,2,2,3,30,-1.2007539159719396,0.0647777083373921,-0.3272166974152775,G1
R2_aA_m0,2,2,3,10,-0.46869973595568926,-0.15382113742065362,-1.985666813276552,G1
R2_aA_m0,2,2,4,30,2.2362543040675513,0.5736054449622756,11.330916639173742,G1
R2_aA_m0,2,2,4,10,2.430137969658819,1.0399046810588757,8.052597148996005,G1
R2_aA_m45,1,0,0,30,1.5462623953150434,0.3463818606167234,13.033814906256682,G1
R2_aA_m45,1,0,0,10,3.296912485823648,0.8455910840426446,14.082488440574306,G1
R2_aA_m45,1,0,1,30,0.23064055196037803,0.06553735257738613,29.997965778164897,G1
R2_aA_m45,1,0,1,10,0.1780186632020495,0.05251692190980495,31.543108075148794,G1
R2_aA_m45,1,0,2,30,1.0546986224749948,0.30088009170360913,13.374114870150073,G1
R2_aA_m45,1,0,2,10,0.1114365123756007,0.04369066871948368,12.088065639308313,G1
R2_aA_m45,1,0,3,30,-0.4372888363036358,-0.13464930012337661,37.845207515060714,G1
R2_aA_m45,1,0,3,10,-0.9628562531564144,-0.30010797937202494,46.86817465948289,G1
R2_aA_m45,1,0,4,30,0.21052542914555383,0.019461668049315373,14.430432839991369,G1
R2_aA_m45,1,0,4,10,-3.1109411090209327,-0.9045003701128271,4.896556372133988,G1
R2_aA_m45,1,1,0,30,0.01426710076152582,-0.2305015926125056,12.395001838862017,G1
R2_aA_m45,1,1,0,10,-1.3447221304738723,-0.5958601839568796,23.517017937159682,G1
R2_aA_m45,1,1,1,30,0.5302552933455695,0.15855458483702312,18.872143290787253,G1
R2_aA_m45,1,1,1,10,2.678454923815623,0.813605159277592,28.55008799661714,G1
R2_aA_m45,1,1,2,30,0.2436765448784728,0.07184258741002014,28.994920397935985,G1
R2_aA_m45,1,1,2,10,-1.878876528780923,-0.5811817958056407,21.21290202292598,G1
R2_aA_m45,1,1,3,30,-0.4234311179690158,-0.13484399077320064,34.45410096105277,G1
R2_aA_m45,1,1,3,10,-0.17230903077253856,-0.032011430239916816,50.85956688412649,G1
R2_aA_m45,1,1,4,30,0.07090120046557447,-0.020675033488571137,15.422782953018093,G1
R2_aA_m45,1,1,4,10,-0.9871650518624052,-0.34865763466391275,4.8100078697455935,G1
R2_aA_m45,1,2,0,30,0.24212580803364725,0.059141567230549086,15.724729134578876,G1
R2_aA_m45,1,2,0,10,3.2150593319167404,1.0019354891573329,29.58909950115068,G1
R2_aA_m45,1,2,1,30,1.6143722846870596,0.3898377369044062,13.03873635558419,G1
R2_aA_m45,1,2,1,10,-1.211054655676763,-0.15140293701766783,20.712834909032495,G1
R2_aA_m45,1,2,2,30,-0.6693479249076653,-0.22560685848880913,24.01099472022259,G1
R2_aA_m45,1,2,2,10,-1.912867690652865,-0.5974798543738902,22.356466657463848,G1
R2_aA_m45,1,2,3,30,0.13091747962284095,-0.024416095826153006,11.637170380153904,G1
R2_aA_m45,1,2,3,10,-0.35604003669960016,-0.14880643620545092,0.09039632655082741,G1
R2_aA_m45,1,2,4,30,-1.7931861805857812,-0.2997911839177882,11.925006965338754,G1
R2_aA_m45,1,2,4,10,-1.7457550517407054,-0.3977740255499952,22.773704340314055,G1
R2_aA_m45,2,0,0,30,0.4578621745743525,-0.005684907925918886,3.104354930248169,G1
R2_aA_m45,2,0,0,10,-0.7808850792212718,-0.3308059690840912,3.021057112984704,G1
R2_aA_m45,2,0,1,30,0.18600955040748957,0.05866426737484981,3.057245477048958,G1
R2_aA_m45,2,0,1,10,-0.032820793309804294,0.05823656471171121,2.948160144461996,G1
R2_aA_m45,2,0,2,30,-0.2835709495895885,0.12744542473076212,3.0018519362238365,G1
R2_aA_m45,2,0,2,10,-0.5663977869689119,0.42054589688015076,2.921128804321257,G1
R2_aA_m45,2,0,3,30,0.2658549790769938,0.07616507171580478,4.18876906557127,G1
R2_aA_m45,2,0,3,10,0.5919228748045735,0.1755966997673739,8.043089632796894,G1
R2_aA_m45,2,0,4,30,-0.695947911637006,0.19195174888508618,2.9909744946197616,G1
R2_aA_m45,2,0,4,10,-1.1318812739392548,0.05679198241103031,2.8437894686927523,G1
R2_aA_m45,2,1,0,30,0.622868340867123,-0.0065376511733993,3.137536415544638,G1
R2_aA_m45,2,1,0,10,-2.141518865028196,-0.6138063819068447,3.1849138642166985,G1
R2_aA_m45,2,1,1,30,0.06554663172540143,0.01556759333607488,3.268645366861526,G1
R2_aA_m45,2,1,1,10,-1.6550401915510977,-0.46473808824027385,4.592432857187796,G1
R2_aA_m45,2,1,2,30,0.14092485573460445,0.05836523187532969,2.6685191661546015,G1
R2_aA_m45,2,1,2,10,1.153817808342052,0.33768276392823005,3.2479305588516265,G1
R2_aA_m45,2,1,3,30,-0.03549957279445026,-0.013018073690195142,3.911944167667949,G1
R2_aA_m45,2,1,3,10,0.7879204355435259,0.19995656709263332,0.03412962203496761,G1
R2_aA_m45,2,1,4,30,-0.7694414413854007,0.1916440021761537,2.818495641476181,G1
R2_aA_m45,2,1,4,10,-0.9693609366627476,-0.01935139147769349,2.6165377911158814,G1
R2_aA_m45,2,2,0,30,-0.539242721497224,0.12806365856886237,2.9720185549027343,G1
R2_aA_m45,2,2,0,10,-1.892621972687555,-0.5383892248779336,2.9621377266656874,G1
R2_aA_m45,2,2,1,30,0.5056807716109227,-0.0026636012922446883,3.263325953132414,G1
R2_aA_m45,2,2,1,10,0.1336358888964746,0.041118454866023835,4.395749519270229,G1
R2_aA_m45,2,2,2,30,0.15948647436229457,0.04602761425617963,3.4329424703498685,G1
R2_aA_m45,2,2,2,10,-0.2736475843721937,-0.07367494335293617,3.401402618885134,G1
R2_aA_m45,2,2,3,30,-0.7551748191186328,-0.11508016397551096,-0.40751549812119947,G1
R2_aA_m45,2,2,3,10,-0.5259959916349501,-0.13742998776476167,-0.06310282528179556,G1
R2_aA_m45,2,2,4,30,-0.8164216766751919,0.15026798521649481,2.8629199157309415,G1
R2_aA_m45,2,2,4,10,-0.33436240901274283,0.3414324545683199,3.0872586551373264,G1
R2_aB_m0,1,0,0,30,4.03511692385959,1.382360494884386,4.4019418505247305,G1
R2_aB_m0,1,0,0,10,2.5276689798256036,1.0019004658023452,1.4754177765636518,G1
R2_aB_m0,1,0,1,30,-2.9168304657627746,-0.8061451254778058,0.5201898084554246,G1
R2_aB_m0,1,0,1,10,-4.856824460183428,-1.1326468148598512,-0.699173928884663,G1
R2_aB_m0,1,0,2,30,-0.18647793474537977,-0.1019727824854838,3.5012447653496754,G1
R2_aB_m0,1,0,2,10,-1.1081856572023199,-0.36696988528147767,1.66495763697394,G1
R2_aB_m0,1,0,3,30,-1.938458036548253,-0.49300590890490215,1.247186346407645,G1
R2_aB_m0,1,0,3,10,-1.4979213343398383,-0.38259625419239485,2.5665659506063907,G1
R2_aB_m0,1,0,4,30,3.568548391647464,1.0338653963464348,5.830101990904926,G1
R2_aB_m0,1,0,4,10,1.498378716990541,0.4274790905196658,2.3245207229006613,G1
R2_aB_m0,1,1,0,30,3.725363237237607,1.294583565083083,3.9453752595125584,G1
R2_aB_m0,1,1,0,10,2.2572427700802224,0.7476969618683004,1.1145865465206541,G1
R2_aB_m0,1,1,1,30,-2.8072933916714797,-0.7871678494580268,0.9070228340547346,G1
R2_aB_m0,1,1,1,10,-2.81506515942676,-0.7866467247632078,1.0802975985072072,G1
R2_aB_m0,1,1,2,30,-3.0042248662450612,-0.817457812919467,1.3390209778091835,G1
R2_aB_m0,1,1,2,10,-2.3705323228240833,-0.6397567304977148,2.619699195188278,G1
R2_aB_m0,1,1,3,30,-1.4714671738963279,-0.40200579446001916,0.07777576541593101,G1
R2_aB_m0,1,1,3,10,-3.0753344553029263,-0.8197504088124257,-0.6459266513876463,G1
R2_aB_m0,1,1,4,30,4.651310688260283,1.3518351873856922,5.426218727483047,G1
R2_aB_m0,1,1,4,10,2.9996646063269363,0.8738674840473548,3.311725987934006,G1
R2_aB_m0,1,2,0,30,3.444924909896283,0.9958875851783795,5.736541999136447,G1
R2_aB_m0,1,2,0,10,0.2595452481530254,0.06661775008112819,0.5626095986473849,G1
R2_aB_m0,1,2,1,30,-3.3364832910412687,-0.9350345973723898,0.055350800650968424,G1
R2_aB_m0,1,2,1,10,-3.3361917797680656,-0.93459477650397,0.041717688387579166,G1
R2_aB_m0,1,2,2,30,1.1492949821273597,0.15343929815876356,3.102282471769272,G1
R2_aB_m0,1,2,2,10,-0.651051168440846,-0.3427972616383532,0.31117877326806564,G1
R2_aB_m0,1,2,3,30,1.6485257158262152,0.1137801690404473,-2.55574585908162,G1
R2_aB_m0,1,2,3,10,0.8327616885950508,-0.07315602518062492,-4.102210756442502,G1
R2_aB_m0,1,2,4,30,2.2461149400819833,0.6329620580882863,5.23763864956163,G1
R2_aB_m0,1,2,4,10,0.35253386216854965,0.10297871539388326,1.1772020667023626,G1
R2_aB_m0,2,0,0,30,0.16526199531153973,0.05979312276216042,-0.1069188895941755,G1
R2_aB_m0,2,0,0,10,0.20510889171899382,0.07174430979602292,-0.11553273135915976,G1
R2_aB_m0,2,0,1,30,0.018531328402618397,0.005490138741023498,0.0153600091437277,G1
R2_aB_m0,2,0,1,10,-0.051698748897978763,-0.015283528165919408,0.0297807035809384,G1
R2_aB_m0,2,0,2,30,0.31636768015270433,0.06643355773800119,-0.026822640501020567,G1
R2_aB_m0,2,0,2,10,-0.39715289368185847,-0.09512375495609438,8.564730733418735,G1
R2_aB_m0,2,0,3,30,0.645112956199716,-0.1588966310984446,6.51291556423425,G1
R2_aB_m0,2,0,3,10,0.684133354190961,-0.16753765377108543,6.4750140551497,G1
R2_aB_m0,2,0,4,30,-0.09209705894108877,-0.026160093106856297,0.1694928805971596,G1
R2_aB_m0,2,0,4,10,0.49714102027953455,0.10728387466819521,1.344888648376157,G1
R2_aB_m0,2,1,0,30,0.6713991638807202,-0.2825480336525504,-0.13353147919085817,G1
R2_aB_m0,2,1,0,10,-0.2294806720677337,-0.07162821470854386,4.259413744989402,G1
R2_aB_m0,2,1,1,30,-0.5438698634808241,0.10296783108499269,-0.13407897566967808,G1
R2_aB_m0,2,1,1,10,-0.07948810647146543,-0.025095088356176104,2.2036599031002,G1
R2_aB_m0,2,1,2,30,-0.051543894681499225,-0.0144943456204778,0.02860231736187091,G1
R2_aB_m0,2,1,2,10,-0.06247408150210321,-0.017484075648010133,0.031350164305367745,G1
R2_aB_m0,2,1,3,30,-0.19419283168021484,0.047709825295180475,-0.37749002414300925,G1
R2_aB_m0,2,1,3,10,-0.0032212775367671982,0.004755396554668279,2.4378806562235624,G1
R2_aB_m0,2,1,4,30,3.7531685270705086,1.0031953597005274,40.232001912339975,G1
R2_aB_m0,2,1,4,10,5.074800310640641,1.441920527418851,64.4947622716958,G1
R2_aB_m0,2,2,0,30,5.241905074642993,1.418525438703711,56.45815336838488,G1
R2_aB_m0,2,2,0,10,0.2153816378535413,0.0678703306657516,0.056203259427905605,G1
R2_aB_m0,2,2,1,30,-0.22990799616972502,-0.16098627131392662,-1.3046071255704463,G1
R2_aB_m0,2,2,1,10,-0.9607754486351021,-0.28582737575215145,8.57125068728773,G1
R2_aB_m0,2,2,2,30,-0.021475019808091522,-0.0073258318800173,-0.08434386990680565,G1
R2_aB_m0,2,2,2,10,0.012201669716957075,0.027056142433661896,1.5629939095776009,G1
R2_aB_m0,2,2,3,30,-0.5024114182145047,-0.17647354637906593,-0.5009909881921359,G1
R2_aB_m0,2,2,3,10,0.8600610651554281,0.10793383669377532,15.47797402448218,G1
R2_aB_m0,2,2,4,30,3.722713655565002,0.9835926984686634,40.553588235888114,G1
R2_aB_m0,2,2,4,10,3.897020702911525,1.0115855065816488,31.194350469641925,G1
R4_aA_m0,3,0,0,30,0.5553713076544513,0.04022704219595402,0.2298024529388929,G1
R4_aA_m0,3,0,0,10,0.3884578013604272,0.026642726493710495,0.19203534727532623,G1
R4_aA_m0,3,0,1,30,0.6712000944738945,0.06345467867011689,-0.3573803283589865,G1
R4_aA_m0,3,0,1,10,0.5254480830301442,0.08041522495713581,-0.43686416370728154,G1
R4_aA_m0,3,0,2,30,0.5756952791608873,0.0048592591676699035,-0.05756519099302748,G1
R4_aA_m0,3,0,2,10,0.6566525509197059,0.016469068296856,0.0073937451350408745,G1
R4_aA_m0,3,0,3,30,-0.9329101380508037,-0.06406041501630039,-0.1459996271492307,G1
R4_aA_m0,3,0,3,10,-0.9920324339972799,-0.06476857406986569,-0.3872626925727335,G1
R4_aA_m0,3,0,4,30,0.03739430223665985,0.0031872253173845025,0.3666687460050039,G1
R4_aA_m0,3,0,4,10,0.010696459156428917,0.0012647165643415031,0.39591106453000746,G1
R4_aA_m0,3,1,0,30,0.31304796005454594,0.0209804713940126,0.18585883784960033,G1
R4_aA_m0,3,1,0,10,0.13222536382223593,0.009021846233206593,0.19465117559108802,G1
R4_aA_m0,3,1,1,30,0.5090214308126866,0.0627763153893211,-0.5174391746859883,G1
R4_aA_m0,3,1,1,10,1.158201095180684,0.0761170218306444,-0.2752112493577936,G1
R4_aA_m0,3,1,2,30,0.4426578771294215,-0.0159993859332183,-0.016019889256316144,G1
R4_aA_m0,3,1,2,10,0.10839415843941191,-0.028267078251014502,-0.06999251019142871,G1
R4_aA_m0,3,1,3,30,-1.0007990360081975,-0.07021911526662519,-0.17710686354409258,G1
R4_aA_m0,3,1,3,10,-1.0657953163169753,-0.07357510489938551,-0.2198880538395641,G1
R4_aA_m0,3,1,4,30,-0.028637544279241922,-0.0016653635489220012,0.3890919503393422,G1
R4_aA_m0,3,1,4,10,-0.23617621769184827,-0.016835743500316698,0.221799508872214,G1
R4_aA_m0,3,2,0,30,0.6162251471754827,0.041295093305112135,0.03373360351706234,G1
R4_aA_m0,3,2,0,10,0.6282818209538419,0.03995753383037651,-0.014004682398073509,G1
R4_aA_m0,3,2,1,30,0.7269424216033115,0.04220444049050011,-0.16391036612843357,G1
R4_aA_m0,3,2,1,10,0.2998119772273824,0.08212226866414701,-0.21295161488258585,G1
R4_aA_m0,3,2,2,30,0.0034400389155003763,-0.0027834487019220977,-0.2860514677683851,G1
R4_aA_m0,3,2,2,10,-0.7712965071811605,-0.0329881884737256,-0.4331744416263248,G1
R4_aA_m0,3,2,3,30,-1.0372752993027397,-0.07153885725802331,-0.1888904651711589,G1
R4_aA_m0,3,2,3,10,-0.7374444787560974,-0.046963563445595796,-0.20265040537150728,G1
R4_aA_m0,3,2,4,30,0.02232025100747914,0.0023683984624449025,0.4252043406393159,G1
R4_aA_m0,3,2,4,10,-0.15349305132731916,-0.011022191644652499,0.3697180183873412,G1
R4_aA_m0,4,0,0,30,0.6754526252118773,0.025778560631922097,1.1243510388720748,G1
R4_aA_m0,4,0,0,10,0.810416235022805,0.0520328005724329,1.2714208311889537,G1
R4_aA_m0,4,0,1,30,-0.2863308064542438,-0.028645074589792485,1.0687481782152366,G1
R4_aA_m0,4,0,1,10,-0.92930948909469,-0.1005906954203884,0.7299523710856173,G1
R4_aA_m0,4,0,2,30,-0.18404175097406084,-0.018616545169120813,0.9067935468071515,G1
R4_aA_m0,4,0,2,10,-0.0489158813396986,-0.0029800443247992026,1.1766191253761284,G1
R4_aA_m0,4,0,3,30,-1.746078848436453,-0.1960388850637066,1.0988778007675526,G1
R4_aA_m0,4,0,3,10,-1.2959911758452565,-0.14564912989908513,1.797476993801089,G1
R4_aA_m0,4,0,4,30,0.9005991694555231,0.0951105937891726,1.1439055982314046,G1
R4_aA_m0,4,0,4,10,1.2908467468966864,0.11699152979831831,1.1496731189557847,G1
R4_aA_m0,4,1,0,30,0.5694967701096205,0.0211687243926581,1.1233218371670008,G1
R4_aA_m0,4,1,0,10,1.2131378963714137,-0.0247567422700867,1.1845577217954841,G1
R4_aA_m0,4,1,1,30,-0.14534137649822743,-0.0129753324662161,1.0245752642127917,G1
R4_aA_m0,4,1,1,10,-0.1633681460906362,-0.014555300183516806,0.9171260362163995,G1
R4_aA_m0,4,1,2,30,0.039004197262253903,0.0075572056862425185,0.9041479298412534,G1
R4_aA_m0,4,1,2,10,0.2530829648707864,0.03110791677800262,0.8592014470989955,G1
R4_aA_m0,4,1,3,30,-1.4847166206127618,-0.1669898408077654,1.2280659533227078,G1
R4_aA_m0,4,1,3,10,-1.5765247980757722,-0.1769955975952504,1.083925173019658,G1
R4_aA_m0,4,1,4,30,0.6957543786276937,0.0693696074782767,1.160112232750552,G1
R4_aA_m0,4,1,4,10,0.4650188318531529,0.012671874172629508,0.8935614389160149,G1
R4_aA_m0,4,2,0,30,0.8037772781318223,0.06496176664789989,1.080466089390191,G1
R4_aA_m0,4,2,0,10,0.8962309042481574,0.08460184130341629,1.2392820514628533,G1
R4_aA_m0,4,2,1,30,-0.15485390371038443,-0.014508838400943302,0.9752373679182946,G1
R4_aA_m0,4,2,1,10,-0.4127503549645928,-0.04352966620702281,0.9955374840409922,G1
R4_aA_m0,4,2,2,30,-0.2725902548316341,-0.028241829317687817,1.0397836554121476,G1
R4_aA_m0,4,2,2,10,-0.18013707092041198,-0.01717609544887383,1.160251989303002,G1
R4_aA_m0,4,2,3,30,-1.4375759406336432,-0.1615473364162382,1.1626630977906434,G1
R4_aA_m0,4,2,3,10,-1.673137179551711,-0.18660667227201783,0.8054403629736662,G1
R4_aA_m0,4,2,4,30,0.7766021703260579,0.07772506091472478,1.1687752676294536,G1
R4_aA_m0,4,2,4,10,1.069134416871201,0.11314183926803908,1.4408585767578415,G1
R4_aA_m0,5,0,0,30,-1.1042931562165164,-0.15992998845991002,1.9786104174116694,G1
R4_aA_m0,5,0,0,10,-0.682394674523394,-0.08172567159599531,0.9147163942493979,G1
R4_aA_m0,5,0,1,30,-5.038107763272247,-0.6419391242277845,-1.0115457188823012,G1
R4_aA_m0,5,0,1,10,-6.730494084648232,-0.742763401730147,-2.842366930072521,G1
R4_aA_m0,5,0,2,30,-8.209853209106306,-0.8466009182724371,-4.054438214863728,G1
R4_aA_m0,5,0,2,10,-8.049095375465923,-0.9061009344687024,-3.969660364335904,G1
R4_aA_m0,5,0,3,30,-8.845661876151624,-1.0647809743666787,-3.052477103637538,G1
R4_aA_m0,5,0,3,10,-9.045983196690047,-1.081468275543884,-3.0806564424995004,G1
R4_aA_m0,5,0,4,30,-2.491199770522532,-0.3612136875732975,1.10263789574962,G1
R4_aA_m0,5,0,4,10,-2.9236320447579427,-0.39110891093839983,-2.735792666058833,G1
R4_aA_m0,5,1,0,30,-0.8832902316969236,-0.13237029715609394,1.3988871190069787,G1
R4_aA_m0,5,1,0,10,-0.7087200068392958,-0.12244097077269367,2.7680141611902087,G1
R4_aA_m0,5,1,1,30,-6.603579956634847,-0.6872940941770634,-2.794865797487872,G1
R4_aA_m0,5,1,1,10,-7.114062677975709,-0.7388286384920868,-2.948638371727301,G1
R4_aA_m0,5,1,2,30,-5.392006199757575,-0.7715768948488733,-1.1311792606246969,G1
R4_aA_m0,5,1,2,10,0.20178981654567396,0.0300137641857261,0.7510724264434407,G1
R4_aA_m0,5,1,3,30,-5.66463164901368,-0.7136966746280733,0.9419444769389482,G1
R4_aA_m0,5,1,3,10,-5.461969651567175,-0.7446986027617175,-1.7597452851908852,G1
R4_aA_m0,5,1,4,30,-2.2079598327013885,-0.3212043842215355,0.51218445801155,G1
R4_aA_m0,5,1,4,10,-2.3640864364668115,-0.3559464049796677,2.6857767252035103,G1
R4_aA_m0,5,2,0,30,-0.9137788375543154,-0.13464244576539908,1.6458949369084195,G1
R4_aA_m0,5,2,0,10,-0.9385661268881487,-0.13188065263301552,0.5936290757866249,G1
R4_aA_m0,5,2,1,30,-4.818223164513379,-0.5202993891622132,-1.8378514154575418,G1
R4_aA_m0,5,2,1,10,-6.173140435938653,-0.6458883819740259,-2.2127822378758104,G1
R4_aA_m0,5,2,2,30,-6.011351966472969,-0.7904926348423111,-2.215657176224869,G1
R4_aA_m0,5,2,2,10,0.5293026413864901,0.06619223257301643,2.013225082008399,G1
R4_aA_m0,5,2,3,30,-7.5839145358866125,-0.9252821724084394,-2.846859851923191,G1
R4_aA_m0,5,2,3,10,-7.634324933644685,-0.9553133959833803,-2.806001042217938,G1
R4_aA_m0,5,2,4,30,-1.4198805459919521,-0.20840023920472872,0.7738392453034351,G1
R4_aA_m0,5,2,4,10,-1.5895742644663002,-0.21963083009538864,-1.208431690041401,G1
R4_aA_m0,6,0,0,30,0.0069275326696403,0.017114262775255504,2.0882197742655535,G1
R4_aA_m0,6,0,0,10,0.5511566753932622,0.0632176210149888,0.20407853361690276,G1
R4_aA_m0,6,0,1,30,-0.45307604122352285,-0.050887451680436485,2.311000704527412,G1
R4_aA_m0,6,0,1,10,1.4860463953709846,0.1137128226609862,2.592766028442658,G1
R4_aA_m0,6,0,2,30,-0.5817370549666643,-0.07665943650431731,2.34019932784291,G1
R4_aA_m0,6,0,2,10,-0.08789775906268127,-0.0025260914033257975,2.567094290917808,G1
R4_aA_m0,6,0,3,30,-1.5441579156368146,-0.23277328545109632,0.759476139062734,G1
R4_aA_m0,6,0,3,10,-1.2966530997218317,-0.1968982566212063,0.3891797229703595,G1
R4_aA_m0,6,0,4,30,0.1605560808583768,0.0011894066344114995,2.180607229129551,G1
R4_aA_m0,6,0,4,10,-1.1933092730301695,-0.185829480124037,1.3936264126440876,G1
R4_aA_m0,6,1,0,30,-0.051730134744242706,0.030868994098607203,2.17969179145447,G1
R4_aA_m0,6,1,0,10,-0.706354750876028,-0.10802133108952905,0.06786774599904,G1
R4_aA_m0,6,1,1,30,-0.674598896952014,-0.09311120559120092,2.231244965629507,G1
R4_aA_m0,6,1,1,10,-0.524944469373716,-0.07734968351462901,1.8916009492436718,G1
R4_aA_m0,6,1,2,30,-0.7454649812035437,-0.10573520590820312,2.1778155326212927,G1
R4_aA_m0,6,1,2,10,-1.2071515277171572,-0.18910800455779958,-1.148895557774692,G1
R4_aA_m0,6,1,3,30,-1.1453904649958182,-0.1676119170506878,0.4581336212791989,G1
R4_aA_m0,6,1,3,10,-0.6960487713516632,-0.09788676043636535,0.772100532719528,G1
R4_aA_m0,6,1,4,30,0.021956280777049475,-0.03961965267496609,1.9009687316396904,G1
R4_aA_m0,6,1,4,10,-1.8481147384447083,-0.12716238979269862,1.6295270863657818,G1
R4_aA_m0,6,2,0,30,-0.8114650051693856,-0.10944232410414949,1.958225344245727,G1
R4_aA_m0,6,2,0,10,-0.37707149346320934,-0.05335064866583211,1.9833825585618543,G1
R4_aA_m0,6,2,1,30,-0.8060656964421029,-0.11089011353153769,2.108915183569021,G1
R4_aA_m0,6,2,1,10,-0.6709325815059826,-0.09118659694635839,2.120047336142539,G1
R4_aA_m0,6,2,2,30,-0.5941620414330683,-0.07644335469121818,2.370522227618662,G1
R4_aA_m0,6,2,2,10,-0.4609372320431294,-0.056996293572455614,2.4628747427555067,G1
R4_aA_m0,6,2,3,30,-1.0006223567315522,-0.14700081714644453,1.515496392035077,G1
R4_aA_m0,6,2,3,10,-2.6959770121150957,-0.40596888043822077,0.15207498539621778,G1
R4_aA_m0,6,2,4,30,-0.5285213454047493,0.003899953681983606,1.9204839261411137,G1
R4_aA_m0,6,2,4,10,-0.1620591050070706,0.047694941555319,1.9329278938276526,G1
R4_aA_m0,7,0,0,30,-0.45869208247943183,-0.07641531154423387,4.44423534728057,G1
R4_aA_m0,7,0,0,10,-0.17541820165570376,-0.028763854367512498,1.9319262804191277,G1
R4_aA_m0,7,0,1,30,0.010278530964321853,0.0073002276308560266,2.026322633272744,G1
R4_aA_m0,7,0,1,10,0.44186266986693346,0.07851997480317158,1.7725981635832921,G1
R4_aA_m0,7,0,2,30,-0.15740896885661781,-0.016414206070791026,2.786544377919094,G1
R4_aA_m0,7,0,2,10,-0.05442724501132856,0.0004952966890263699,1.766764391981579,G1
R4_aA_m0,7,0,3,30,-0.8658014408565915,-0.16574669515106427,1.5453633853670867,G1
R4_aA_m0,7,0,3,10,-0.105958531434521,-0.10160468540776431,0.8154594764774803,G1
R4_aA_m0,7,0,4,30,-1.6550989058787708,-0.2755623790438072,2.636525007326968,G1
R4_aA_m0,7,0,4,10,-2.2630209276025077,-0.3720485301722587,1.9461014800798848,G1
R4_aA_m0,7,1,0,30,-0.33187648997240515,-0.05220765196356281,3.5492322853135505,G1
R4_aA_m0,7,1,0,10,0.2732295997084728,0.0464424331888863,3.449485229156906,G1
R4_aA_m0,7,1,1,30,-0.10047295405732637,-0.01586654394818593,2.029998666460065,G1
R4_aA_m0,7,1,1,10,1.565582928401612,0.2521776993516831,8.303301478759527,G1
R4_aA_m0,7,1,2,30,0.12334270493564636,0.03458445803222954,3.1815581572000378,G1
R4_aA_m0,7,1,2,10,0.4578167436550695,0.08126378636279541,0.7473143052025826,G1
R4_aA_m0,7,1,3,30,-5.358985528383085,-0.9886637571866745,-0.2439972096470746,G1
R4_aA_m0,7,1,3,10,-0.03151461777425468,-0.0175021543217041,1.0068627766452778,G1
R4_aA_m0,7,1,4,30,-0.7490389841937581,-0.12054281801951938,2.3287017029603767,G1
R4_aA_m0,7,1,4,10,-0.6623273983503011,-0.11351498237329871,1.3835704513464293,G1
R4_aA_m0,7,2,0,30,-0.6386371458913214,-0.10054941115538985,3.8248975580180797,G1
R4_aA_m0,7,2,0,10,0.8161674947162321,0.13175692920438642,4.565214334138393,G1
R4_aA_m0,7,2,1,30,-0.4232814401438034,-0.0765303990047892,2.124511314466261,G1
R4_aA_m0,7,2,1,10,0.6068106763000127,0.10182959691960064,2.387155368616858,G1
R4_aA_m0,7,2,2,30,0.11358477499648911,0.026442130532418784,2.175129155886623,G1
R4_aA_m0,7,2,2,10,2.0667384868832297,0.32177985164003275,5.067725350980375,G1
R4_aA_m0,7,2,3,30,-5.858738832540303,-0.9206592549356607,-1.7545153839577132,G1
R4_aA_m0,7,2,3,10,1.3113497939084175,0.2086035426906012,1.4784975870782096,G1
R4_aA_m0,7,2,4,30,-0.9021579499930841,-0.152019326892892,2.3545552225381288,G1
R4_aA_m0,7,2,4,10,-0.4182635325842634,-0.07061633451365479,3.234450734574853,G1
R4_aA_m0,8,0,0,30,-0.42769482820574223,0.022520344783766397,5.884061746036445,G1
R4_aA_m0,8,0,0,10,-0.6532217434106367,-0.1116910225685197,6.408177471177607,G1
R4_aA_m0,8,0,1,30,-1.0500334877545372,-0.19259489288048842,7.0968335561056115,G1
R4_aA_m0,8,0,1,10,-0.46877181923831523,-0.08122885015228021,7.4508060456489975,G1
R4_aA_m0,8,0,2,30,-0.3383077045667795,-0.04791314750915787,9.323037343237282,G1
R4_aA_m0,8,0,2,10,-0.33234674310379786,-0.04580060285775567,7.313438716031293,G1
R4_aA_m0,8,0,3,30,-2.058418854167046,-0.38773142518534554,12.447048864526167,G1
R4_aA_m0,8,0,3,10,-1.7658764598681014,-0.33057850264441746,15.391238288474572,G1
R4_aA_m0,8,0,4,30,-0.33387302474311353,0.017772150880392107,5.991839248391323,G1
R4_aA_m0,8,0,4,10,-0.404312494182935,-0.060196833270315664,6.3011170075401655,G1
R4_aA_m0,8,1,0,30,0.15864688718761744,0.038934087725527006,6.170205145065758,G1
R4_aA_m0,8,1,0,10,0.15231005970716893,0.030764515508576284,7.453866650760903,G1
R4_aA_m0,8,1,1,30,-1.7293070401612982,-0.3219608861926526,7.665212159311109,G1
R4_aA_m0,8,1,1,10,-1.0694776029096893,-0.19352885966576128,9.66453982077903,G1
R4_aA_m0,8,1,2,30,-0.3988252617129193,-0.060457700399430436,10.869905427682165,G1
R4_aA_m0,8,1,2,10,0.02714355944918534,0.017654367010259797,12.5288478234549,G1
R4_aA_m0,8,1,3,30,-1.5982679566818359,-0.3015427781979899,10.97281273705568,G1
R4_aA_m0,8,1,3,10,-1.2027266030558552,-0.21924134662889205,18.833477744027924,G1
R4_aA_m0,8,1,4,30,-0.42818390094721587,-0.006109778299520224,6.035408331156529,G1
R4_aA_m0,8,1,4,10,-0.5837555284664395,-0.07866055959974042,6.106585809578488,G1
R4_aA_m0,8,2,0,30,-0.3380711237796925,-0.0453363537775654,6.163582801957786,G1
R4_aA_m0,8,2,0,10,0.06387339286747551,0.024016614031818984,6.255691798098994,G1
R4_aA_m0,8,2,1,30,-1.3695199766948307,-0.2217882181367449,5.894180594206158,G1
R4_aA_m0,8,2,1,10,-0.9893146543078053,-0.147072759071516,5.7685386967220404,G1
R4_aA_m0,8,2,2,30,-0.5668269221006468,-0.09582267552386292,9.22647632542754,G1
R4_aA_m0,8,2,2,10,-0.48441719710195574,-0.07995886566138599,8.981136291764903,G1
R4_aA_m0,8,2,3,30,-1.104518519998666,-0.20175559865553316,11.774445252159758,G1
R4_aA_m0,8,2,3,10,-1.5563742409158907,-0.28780957944000984,9.774596748860825,G1
R4_aA_m0,8,2,4,30,-0.08015866033524571,0.0020151789690308897,6.134156459786668,G1
R4_aA_m0,8,2,4,10,0.44410297108775354,0.052633790248702905,6.319173664837943,G1
R4_aA_m0,9,0,0,30,2.058411622997332,0.4314038755639948,5.6759541698837985,G1
R4_aA_m0,9,0,0,10,-0.23699746756285434,-0.09506661628572369,0.6473819616258019,G1
R4_aA_m0,9,0,1,30,-4.880438087635709,-0.7380268973166809,3.1991494934685347,G1
R4_aA_m0,9,0,1,10,-2.4636918544100004,-0.4677135540295454,12.79643506930709,G1
R4_aA_m0,9,0,2,30,-3.0612069609701944,-0.8542164821167088,4.030464623010352,G1
R4_aA_m0,9,0,2,10,-4.7356261106422535,-0.9941513363696155,7.245201283550497,G1
R4_aA_m0,9,0,3,30,0.2506266362475129,0.055919296749957104,16.814295957959068,G1
R4_aA_m0,9,0,3,10,-5.675354472209425,-1.1860132669876635,24.53190999138448,G1
R4_aA_m0,9,0,4,30,-3.156954099423654,-0.7584235105057835,58.114171470942246,G1
R4_aA_m0,9,0,4,10,-3.452188646293254,-0.7550145578269258,21.177130966143935,G1
R4_aA_m0,9,1,0,30,7.122186125789646,1.463908898053945,38.25023884240757,G1
R4_aA_m0,9,1,0,10,-1.6272349119977765,-0.37550439412727665,21.527414301324328,G1
R4_aA_m0,9,1,1,30,-2.427269646588591,-0.448959765517234,5.088702486415083,G1
R4_aA_m0,9,1,1,10,-1.0920147934454527,-0.21188685745070412,5.426639942959691,G1
R4_aA_m0,9,1,2,30,-4.144464393736807,-0.8347206276398523,2.8844707624497126,G1
R4_aA_m0,9,1,2,10,-2.7669124759406794,-0.5447270664625932,3.3305295421325978,G1
R4_aA_m0,9,1,3,30,-6.959122279556725,-1.3885118602830477,7.111558648709323,G1
R4_aA_m0,9,1,3,10,1.0801792209227064,0.1875675482766605,4.660382719368613,G1
R4_aA_m0,9,1,4,30,2.3129925424546514,0.4825467088302485,5.24999893969932,G1
R4_aA_m0,9,1,4,10,5.314381059977343,1.0614088896614733,16.995273524212905,G1
R4_aA_m0,9,2,0,30,-1.1712180506758645,0.2635867162626028,2.561582471903015,G1
R4_aA_m0,9,2,0,10,-0.4658735355459833,0.40836159762844443,2.746240031674687,G1
R4_aA_m0,9,2,1,30,-5.478723994449711,-0.5993738169600006,3.688269058330315,G1
R4_aA_m0,9,2,1,10,-2.2924545085637407,-0.4851654656569482,7.207808578132143,G1
R4_aA_m0,9,2,2,30,-2.8200630520431345,-0.5231626594819192,1.8355937420315787,G1
R4_aA_m0,9,2,2,10,-1.8246912939232138,-0.313094422211621,1.7994957829126927,G1
R4_aA_m0,9,2,3,30,-4.686479628738725,-0.9971541705588001,3.83581943997015,G1
R4_aA_m0,9,2,3,10,-3.047825789868531,-0.8901322624035052,2.807818815887911,G1
R4_aA_m0,9,2,4,30,0.6200806286084886,0.12320916074715232,5.42303946903051,G1
R4_aA_m0,9,2,4,10,-0.6888969230683077,-0.17665447918040678,18.04528582297801,G1
R4_aA_m0,10,0,0,30,0.6930898885311896,0.15273472083000428,33.522874894000424,G1
R4_aA_m0,10,0,0,10,-0.8666077091389557,-0.2159945753818613,36.63807853978038,G1
R4_aA_m0,10,0,1,30,-0.6593893151278936,-0.11144763181748618,31.378566952715108,G1
R4_aA_m0,10,0,1,10,-0.3431228506945212,-0.043305814529106534,31.91628674758699,G1
R4_aA_m0,10,0,2,30,3.366048548746153,0.7991508669166325,15.345145110691112,G1
R4_aA_m0,10,0,2,10,4.759575648766779,0.7328106346126122,14.100174517441666,G1
R4_aA_m0,10,0,3,30,0.3007394426397614,0.07287804232877937,65.51063161635335,G1
R4_aA_m0,10,0,3,10,-2.8985975768872976,-0.6176900021874714,47.260988905239174,G1
R4_aA_m0,10,0,4,30,-0.6465708144726108,-0.19193582019083655,27.28267623526353,G1
R4_aA_m0,10,0,4,10,0.8083165234584957,0.17619492308954765,18.883612099755567,G1
R4_aA_m0,10,1,0,30,0.8085686790118229,0.17174674005611434,30.847583474429506,G1
R4_aA_m0,10,1,0,10,1.3908497195126,0.31572382447261926,26.37392804647904,G1
R4_aA_m0,10,1,1,30,1.227743316791777,0.27373805095595083,25.115112989223917,G1
R4_aA_m0,10,1,1,10,0.2158818326359695,0.03306965229105607,25.621661125031192,G1
R4_aA_m0,10,1,2,30,-1.2267238758434837,-0.25565480048516975,27.218222031426826,G1
R4_aA_m0,10,1,2,10,-0.9515281837745393,-0.19865137147197243,27.87242122201748,G1
R4_aA_m0,10,1,3,30,-1.509151128259056,-0.3231405094260644,43.862790702568,G1
R4_aA_m0,10,1,3,10,-0.4016779351069337,0.11687704075048544,12.406881194946212,G1
R4_aA_m0,10,1,4,30,-0.4829680750252656,-0.17154641792653824,30.49720789483356,G1
R4_aA_m0,10,1,4,10,-1.494035347819592,-0.40485310327692825,31.744497749898592,G1
R4_aA_m0,10,2,0,30,1.602961183269545,0.38422584845420027,28.776534977051544,G1
R4_aA_m0,10,2,0,10,2.6577690302414982,0.6217645561263576,32.74722615693858,G1
R4_aA_m0,10,2,1,30,0.3491063170833941,0.0396807934828487,23.202279766592607,G1
R4_aA_m0,10,2,1,10,-0.4629918601117202,-0.15111635806808366,23.96867187583344,G1
R4_aA_m0,10,2,2,30,0.9062006676294256,-0.08802413364718861,12.104122255990227,G1
R4_aA_m0,10,2,2,10,-1.0362288260730326,-0.33555086734155315,12.064899307596097,G1
R4_aA_m0,10,2,3,30,-1.399137871894907,-0.2998010392993653,27.009899651807025,G1
R4_aA_m0,10,2,3,10,-3.005324178926455,-0.632554584408902,13.264628795302718,G1
R4_aA_m0,10,2,4,30,-1.5176478012228332,-0.4376251452907898,27.992160010053095,G1
R4_aA_m0,10,2,4,10,-1.214873443647667,-0.367858308680286,27.37045233798709,G1
R4_aA_m0,11,0,0,30,6.582217477594492,1.4666882234299057,30.133197418527757,G1
R4_aA_m0,11,0,0,10,0.7157159353456981,0.203485599725167,7.153232377394556,G1
R4_aA_m0,11,0,1,30,-3.5227556310528496,-0.36704335256283027,-0.42047578700763966,G1
R4_aA_m0,11,0,1,10,-4.910017886842831,-1.1870580816597578,-1.5633039446230148,G1
R4_aA_m0,11,0,2,30,4.044707976082272,0.5092071574824926,21.512026503064742,G1
R4_aA_m0,11,0,2,10,-0.9887750666547379,-0.2803449601543747,0.12292305583906749,G1
R4_aA_m0,11,0,3,30,-3.826071493582879,-0.9163217772808879,-0.7669016399760351,G1
R4_aA_m0,11,0,3,10,-1.5487270267387803,-0.40961734370647174,11.627437268530924,G1
R4_aA_m0,11,0,4,30,6.599204396605835,1.3678737449835126,17.431395444535173,G1
R4_aA_m0,11,0,4,10,-1.3671569237163514,-0.3081848197442884,-0.6633435049657537,G1
R4_aA_m0,11,1,0,30,6.565884487818727,1.5448351039834056,22.17960992280675,G1
R4_aA_m0,11,1,0,10,9.00443115847909,2.352176000843829,57.88077187494854,G1
R4_aA_m0,11,1,1,30,-0.9904012904903108,-0.09431500129640313,3.386855285567986,G1
R4_aA_m0,11,1,1,10,-2.4794040495184713,-0.6320043694629971,0.39314587064816475,G1
R4_aA_m0,11,1,2,30,2.371058513613644,0.5134622537224188,11.007004189587665,G1
R4_aA_m0,11,1,2,10,-1.7336338358915073,-0.42819256308194786,0.612446823105983,G1
R4_aA_m0,11,1,3,30,4.090738184960493,0.9805912663178988,10.795150742236611,G1
R4_aA_m0,11,1,3,10,-3.140137398034017,-1.210551805648291,9.932271261926578,G1
R4_aA_m0,11,1,4,30,4.845272555910869,1.3439315483329108,30.695200743638953,G1
R4_aA_m0,11,1,4,10,0.8077470815509207,0.19664812433288092,0.4980274296971763,G1
R4_aA_m0,11,2,0,30,5.095652143645678,1.5513173132326095,20.83791625838078,G1
R4_aA_m0,11,2,0,10,-2.8979233268260933,-1.056541255436794,-1.2840556326125339,G1
R4_aA_m0,11,2,1,30,7.481305287950642,2.1218218835925144,85.96155055728535,G1
R4_aA_m0,11,2,1,10,2.681221806532058,0.5129112782099459,7.271289586176522,G1
R4_aA_m0,11,2,2,30,4.12638264906062,0.7039589132571562,6.807184759187759,G1
R4_aA_m0,11,2,2,10,0.8245556487755699,0.2067393622786286,0.7722328086094619,G1
R4_aA_m0,11,2,3,30,0.6471257843841371,-0.08923921959330916,2.201315697768612,G1
R4_aA_m0,11,2,3,10,0.1032397218558938,0.03492367265889257,-0.144689947538872,G1
R4_aA_m0,11,2,4,30,4.450299796875624,1.6094410770090137,3.9749730858003502,G1
R4_aA_m0,11,2,4,10,-1.3776584229432067,-0.3752095359205678,-0.26988988135304814,G1
R4_aA_m0,12,0,0,30,-0.6127252831744774,-0.15104762337547706,7.766127603361909,G1
R4_aA_m0,12,0,0,10,-0.528554283948675,-0.1236699280952206,8.461656780406999,G1
R4_aA_m0,12,0,1,30,-0.21531359136417372,-0.02965587623652577,11.488045466021477,G1
R4_aA_m0,12,0,1,10,2.748402943041942,0.7886369185761797,9.403179803031135,G1
R4_aA_m0,12,0,2,30,-0.3677639168882285,-0.07716526572930937,15.69680105479802,G1
R4_aA_m0,12,0,2,10,-1.6535862163544133,-0.46022453665611973,4.612713026107832,G1
R4_aA_m0,12,0,3,30,-0.566239760537318,-0.1337429029189552,26.228393481775335,G1
R4_aA_m0,12,0,3,10,0.14969843073923084,0.05462216276283938,17.61013116263613,G1
R4_aA_m0,12,0,4,30,-0.4618239822074004,-0.1034828939277948,7.055742877621796,G1
R4_aA_m0,12,0,4,10,0.02763850736075657,-0.023501598580110306,1.4809481830013018,G1
R4_aA_m0,12,1,0,30,0.23302112529184238,0.0794306898556415,7.294917243249335,G1
R4_aA_m0,12,1,0,10,0.09789708484086201,0.03264632248664795,2.0500722904222393,G1
R4_aA_m0,12,1,1,30,-0.27346946487316526,-0.043414329380731864,15.583419057376979,G1
R4_aA_m0,12,1,1,10,-1.2507976732974164,-0.3329309277786323,7.617051997492318,G1
R4_aA_m0,12,1,2,30,-0.5263961310405483,-0.12052868721540011,13.714255333366886,G1
R4_aA_m0,12,1,2,10,-0.12428175873902791,-0.025169152851934218,5.9495241277406254,G1
R4_aA_m0,12,1,3,30,-0.8714933062257613,-0.2145630250371262,20.125616789252085,G1
R4_aA_m0,12,1,3,10,-0.6771755290770347,-0.16630280065799008,19.726328858505546,G1
R4_aA_m0,12,1,4,30,-0.5228583408360725,-0.0666558507956552,6.871297806448316,G1
R4_aA_m0,12,1,4,10,-1.3109301780734381,-0.3362483206634936,7.61790936752427,G1
R4_aA_m0,12,2,0,30,-0.11585201424995661,-0.016081586126997505,8.586698788603078,G1
R4_aA_m0,12,2,0,10,-0.8182399213676681,0.045236457373662,4.207241648093204,G1
R4_aA_m0,12,2,1,30,0.297539097716661,0.09343751488335927,7.87991018827235,G1
R4_aA_m0,12,2,1,10,3.4033760300381077,0.9662394391649975,10.934572707295096,G1
R4_aA_m0,12,2,2,30,-0.17509348468096309,-0.04660865769756284,9.572449483907432,G1
R4_aA_m0,12,2,2,10,0.0170365579803142,0.03960057429809849,1.7215810686837747,G1
R4_aA_m0,12,2,3,30,-0.4732868128715726,-0.11617580242682912,11.371701641441186,G1
R4_aA_m0,12,2,3,10,-0.4697697340178224,-0.12670716323453302,6.931832193737446,G1
R4_aA_m0,12,2,4,30,-0.5812886611670085,-0.14580381752434102,7.179340503913952,G1
R4_aA_m0,12,2,4,10,-0.4266258172952404,-0.0796996494336335,7.8145982388984825,G1
R4_aB_m0,3,0,0,30,0.4073395483498524,0.013752974171647302,0.9040396034771818,G1
R4_aB_m0,3,0,0,10,0.12713318677090235,-0.0036432696615524007,0.57845125616486,G1
R4_aB_m0,3,0,1,30,0.25683079539626363,0.0269407831239596,0.6155913696838674,G1
R4_aB_m0,3,0,1,10,-0.3082748506010309,-0.010757254396828998,0.29662737759674496,G1
R4_aB_m0,3,0,2,30,0.3890433332412765,0.026858784789401503,0.3046849862535275,G1
R4_aB_m0,3,0,2,10,0.4221160790389159,-0.0196388804241029,0.09261138239290989,G1
R4_aB_m0,3,0,3,30,-0.1502597872712219,-0.020737423928891503,0.027508587299019727,G1
R4_aB_m0,3,0,3,10,-0.19706127525178663,-0.0203995643157861,0.22149686325937812,G1
R4_aB_m0,3,0,4,30,0.4821274643627992,0.04223877841908821,0.6119645544039043,G1
R4_aB_m0,3,0,4,10,0.9354949715551196,0.07979130008534899,0.9228746085224977,G1
R4_aB_m0,3,1,0,30,0.35475515852821005,0.007471988609038201,0.9100595668509959,G1
R4_aB_m0,3,1,0,10,0.4740156474147491,-0.053635795362002706,0.571811369806722,G1
R4_aB_m0,3,1,1,30,0.26017156546997544,0.0287184666207149,0.6754694566977828,G1
R4_aB_m0,3,1,1,10,-0.21033355215984506,-0.0023596019412224986,0.3822390420836914,G1
R4_aB_m0,3,1,2,30,0.3860388864599613,0.025717977642742904,0.38257838939258026,G1
R4_aB_m0,3,1,2,10,-0.8455811970247833,-0.11208305119846781,-2.308197586794482,G1
R4_aB_m0,3,1,3,30,-0.1555890577185728,-0.0170012846226356,0.1057633538506415,G1
R4_aB_m0,3,1,3,10,0.13115763517240497,-0.0036284408060234044,0.08366846899724945,G1
R4_aB_m0,3,1,4,30,0.3687345007326962,0.033377454730064704,0.7058779110801825,G1
R4_aB_m0,3,1,4,10,-1.4136983388257933,-0.14316675449194138,-1.1595991771749363,G1
R4_aB_m0,3,2,0,30,0.24603413023272425,0.0034232689542749023,0.9634108651182216,G1
R4_aB_m0,3,2,0,10,-0.14421062087582204,-0.004542866973657099,0.9011970121960999,G1
R4_aB_m0,3,2,1,30,-0.07083619541584296,0.007440404015913102,0.6521545890954576,G1
R4_aB_m0,3,2,1,10,0.41764316241959687,-0.008209149471446499,0.7362963173917825,G1
R4_aB_m0,3,2,2,30,0.16560851289841283,-0.005327134417344601,0.30831406992323895,G1
R4_aB_m0,3,2,2,10,0.3848653819672663,0.013552966852475201,0.46261612363087723,G1
R4_aB_m0,3,2,3,30,-0.17445046816187615,-0.017826682431300103,0.08431080645814615,G1
R4_aB_m0,3,2,3,10,-0.005364767997968145,-0.021542852188639695,-0.07620929145722755,G1
R4_aB_m0,3,2,4,30,0.35051410773246106,0.030583999893357,0.6275709908193681,G1
R4_aB_m0,3,2,4,10,0.19214473843560675,0.014935527176359514,0.7399435225064038,G1
R4_aB_m0,4,0,0,30,0.15351286627025895,0.014172680260887915,1.1224834284013538,G1
R4_aB_m0,4,0,0,10,0.1904965931300555,0.017944881342837393,1.169687581444959,G1
R4_aB_m0,4,0,1,30,-0.5645479155991056,-0.02248360293083511,0.8955156597471401,G1
R4_aB_m0,4,0,1,10,-0.718541300209109,-0.022606678988694104,0.838994956224719,G1
R4_aB_m0,4,0,2,30,-0.49203289465366096,-0.039494884533322894,1.0112805248845307,G1
R4_aB_m0,4,0,2,10,-0.38464778122988097,-0.0324392508009666,1.0630933606072288,G1
R4_aB_m0,4,0,3,30,-1.8389851482648325,-0.1900331496320386,2.5950315665666093,G1
R4_aB_m0,4,0,3,10,-1.7189198608724876,-0.17728320003224962,2.6886741864116077,G1
R4_aB_m0,4,0,4,30,0.039406542168027414,0.012469893199424376,1.1497989989418622,G1
R4_aB_m0,4,0,4,10,0.039386037186981415,0.009802824537881394,1.168958041900292,G1
R4_aB_m0,4,1,0,30,0.05638269614290392,0.007369321250040806,1.2015377438895514,G1
R4_aB_m0,4,1,0,10,0.05131020838135392,0.0024375312697151874,1.1432816796752832,G1
R4_aB_m0,4,1,1,30,-0.8875561784757071,-0.06417692760079562,0.8920313315402364,G1
R4_aB_m0,4,1,1,10,-1.0127568665552475,-0.0700257057150029,0.7934463352805947,G1
R4_aB_m0,4,1,2,30,-0.3036462113515186,-0.025175627368122316,1.0749314714282057,G1
R4_aB_m0,4,1,2,10,-0.3943765220274187,-0.028967436823519793,1.0503200491522429,G1
R4_aB_m0,4,1,3,30,-2.1865460590118557,-0.22914474750481167,2.2866582391443,G1
R4_aB_m0,4,1,3,10,-2.361144819170357,-0.2504417813230484,2.3417087585709817,G1
R4_aB_m0,4,1,4,30,0.055444323205317,0.009421619902619999,1.1457956035289256,G1
R4_aB_m0,4,1,4,10,0.07324859501487668,0.011470721195753014,1.1721723327796307,G1
R4_aB_m0,4,2,0,30,0.10507734492241982,0.008693277372990499,1.1752578882843034,G1
R4_aB_m0,4,2,0,10,0.1376119435183507,0.013852225715240918,1.2509252000965634,G1
R4_aB_m0,4,2,1,30,-0.7690901505080892,-0.055763971157745895,0.8952922245109314,G1
R4_aB_m0,4,2,1,10,-0.8123668524713157,-0.05924474561342909,0.8880924575005362,G1
R4_aB_m0,4,2,2,30,-0.2521078889783359,-0.018850250475591607,0.9843185687255829,G1
R4_aB_m0,4,2,2,10,-0.28184430936084603,-0.021679846537635716,0.9763023379864892,G1
R4_aB_m0,4,2,3,30,-1.911459504972063,-0.2001794810001481,1.701772420415375,G1
R4_aB_m0,4,2,3,10,-1.2425335444584844,-0.13014041185185365,1.9875302553521932,G1
R4_aB_m0,4,2,4,30,0.16558250882956593,0.019955703302394268,1.2693394094019643,G1
R4_aB_m0,4,2,4,10,0.14084010743685194,0.020364361579698065,1.3506873170022342,G1
R4_aB_m0,5,0,0,30,0.1161729726259837,0.018635698674212997,0.8574548439318992,G1
R4_aB_m0,5,0,0,10,0.31057173269756233,0.04191083889661448,0.8995962360029779,G1
R4_aB_m0,5,0,1,30,0.32247765338481216,0.04130687075939529,0.6095775725525638,G1
R4_aB_m0,5,0,1,10,0.29038566894301654,0.0382133245958505,0.6090344468234349,G1
R4_aB_m0,5,0,2,30,0.1855957963127024,0.010894726440470459,-0.0704636263307099,G1
R4_aB_m0,5,0,2,10,0.17943633573324325,0.010533527745193894,-0.05791153794869097,G1
R4_aB_m0,5,0,3,30,-0.6090296450413134,-0.0406532028578082,-0.49635503636883815,G1
R4_aB_m0,5,0,3,10,-0.609295672951758,-0.0360934388946396,-0.4856445561723672,G1
R4_aB_m0,5,0,4,30,-0.10597379404315865,-0.004313499552246497,1.089900104392104,G1
R4_aB_m0,5,0,4,10,0.059434955150745594,0.016905309990620093,1.0348530318397708,G1
R4_aB_m0,5,1,0,30,0.1551753103928204,0.023458180367357306,0.9690144916379482,G1
R4_aB_m0,5,1,0,10,0.1608389112232378,0.023506391418615213,0.8809642603000964,G1
R4_aB_m0,5,1,1,30,0.25336093546913274,0.0452398692268223,0.47478863691216233,G1
R4_aB_m0,5,1,1,10,0.09167476436435901,0.046386924754976216,0.48103571930039246,G1
R4_aB_m0,5,1,2,30,0.13388711249982477,0.005041972031633091,-0.16506399108051784,G1
R4_aB_m0,5,1,2,10,0.17782669900385362,0.010262827094834892,-0.1416593860465556,G1
R4_aB_m0,5,1,3,30,-0.5312681884319048,0.010436394350195402,-0.09973060352954849,G1
R4_aB_m0,5,1,3,10,-0.525853660668184,0.0089218833061337,-0.07545218730081577,G1
R4_aB_m0,5,1,4,30,0.25487153933971873,0.040211576187328374,1.0827263225537904,G1
R4_aB_m0,5,1,4,10,0.2403780757778895,0.03859484879020961,1.1358573698338794,G1
R4_aB_m0,5,2,0,30,0.1637754171671555,0.023132363705453074,0.9349936687710336,G1
R4_aB_m0,5,2,0,10,0.01794470630138756,0.004884037871127178,0.9139702893944688,G1
R4_aB_m0,5,2,1,30,0.3923688740890202,0.050201447755172296,0.6866207739496941,G1
R4_aB_m0,5,2,1,10,0.35958647809362076,0.045956892372475605,0.6627982162530559,G1
R4_aB_m0,5,2,2,30,0.047445993769929196,-0.0008466671053241059,0.11680459016101274,G1
R4_aB_m0,5,2,2,10,-0.1166969142423333,-0.02337485708362219,-0.030408116106258265,G1
R4_aB_m0,5,2,3,30,-0.5206995041652781,-0.006238301381813104,-0.30107626917558417,G1
R4_aB_m0,5,2,3,10,-0.5032129399855558,-0.0018909558590254963,-0.28271125619745346,G1
R4_aB_m0,5,2,4,30,0.07308353872830398,0.018722092650778288,1.2284238177292353,G1
R4_aB_m0,5,2,4,10,0.17742947127146458,0.029543906618329285,1.2311498956948317,G1
R4_aB_m0,6,0,0,30,0.37030864877221514,0.0668854831137165,1.331747643854841,G1
R4_aB_m0,6,0,0,10,0.23378796139264812,0.04253430568359451,1.1488395777623293,G1
R4_aB_m0,6,0,1,30,0.006038692802091905,0.0011920502256376753,7595.77362097494,G1
R4_aB_m0,6,0,1,10,0.005745122545798953,0.0012334926011199343,7729.263998192832,G1
R4_aB_m0,6,0,2,30,-0.00037472772943658583,0.00022012390305137242,239850.43127832952,G1
R4_aB_m0,6,0,2,10,7.385899386180839e-05,0.00030085633141690993,246155.12659122515,G1
R4_aB_m0,6,0,3,30,-0.4232561972087403,-0.06086583842355664,0.7602057452502073,G1
R4_aB_m0,6,0,3,10,-0.38875584439194144,-0.05428803007559646,-0.09735782217526534,G1
R4_aB_m0,6,0,4,30,0.4713458415743834,0.07341443325827629,0.723119627854669,G1
R4_aB_m0,6,0,4,10,0.4635550296235924,0.07237048643502919,0.7144555558453412,G1
R4_aB_m0,6,1,0,30,-0.13428839384676383,-0.012854273329797106,1.3595059110794327,G1
R4_aB_m0,6,1,0,10,-0.3349849223576693,-0.047381625276623485,4.387268315836808,G1
R4_aB_m0,6,1,1,30,-0.041563402291894036,-0.006999655527835769,25574.197914748846,G1
R4_aB_m0,6,1,1,10,-0.04566543210782381,-0.00768154275054489,21065.174236735715,G1
R4_aB_m0,6,1,2,30,-0.0015832786498966023,-0.00026396418373719754,361082.7099231476,G1
R4_aB_m0,6,1,2,10,-0.0010946943960772337,-0.0002766926758491217,360503.2862369319,G1
R4_aB_m0,6,1,3,30,-0.43370450925620574,-0.05908360489233022,0.18845685413990143,G1
R4_aB_m0,6,1,3,10,-0.4167493275948626,-0.057046591748290854,0.31643298427807487,G1
R4_aB_m0,6,1,4,30,0.45969107914077156,0.07506847704057784,2.3709002439757976,G1
R4_aB_m0,6,1,4,10,0.3472791098167751,0.0559977854514086,0.7423309974407017,G1
R4_aB_m0,6,2,0,30,0.4494017257553491,0.07326221592753351,1.6943837750467377,G1
R4_aB_m0,6,2,0,10,0.2910066336001713,0.048450088904482214,0.7442834205842519,G1
R4_aB_m0,6,2,1,30,-0.3957989747870352,-0.05548290529842348,3.2438322817051066,G1
R4_aB_m0,6,2,1,10,-0.1918142401187346,-0.027112990275277693,3.1271842651564477,G1
R4_aB_m0,6,2,2,30,0.171959040666394,0.02821422254904854,715.6807514981472,G1
R4_aB_m0,6,2,2,10,0.05019955964116063,0.007860496602083933,1718.3882174117846,G1
R4_aB_m0,6,2,3,30,-0.41427928542368786,-0.055250493270504686,1.3592541505039248,G1
R4_aB_m0,6,2,3,10,-0.19998710066889291,-0.02251273088358985,0.8448409662638943,G1
R4_aB_m0,6,2,4,30,0.4804909588740316,0.07313185252913398,0.819524396379588,G1
R4_aB_m0,6,2,4,10,0.48422450913905135,0.07390080808531399,0.8204374545627873,G1
R4_aB_m0,7,0,0,30,-0.20762408199460458,-0.030130993994173003,0.14505321013774425,G1
R4_aB_m0,7,0,0,10,-0.2559027261812563,-0.03873203912513409,0.12579719044836335,G1
R4_aB_m0,7,0,1,30,-0.08422751740512124,-0.016784382966779587,0.523667419203929,G1
R4_aB_m0,7,0,1,10,-0.0859469570460738,-0.017901066985359926,0.5079031307631467,G1
R4_aB_m0,7,0,2,30,-0.1102709092085945,-0.024492422726179408,0.3841709690667465,G1
R4_aB_m0,7,0,2,10,-0.1159684013222404,-0.027184360611990033,0.38522280425990774,G1
R4_aB_m0,7,0,3,30,-0.23486560675661639,-0.06156758409667801,-0.0836950369473719,G1
R4_aB_m0,7,0,3,10,-0.20507791743286718,-0.055701972897628016,-0.007437938387993448,G1
R4_aB_m0,7,0,4,30,0.06485515483533844,0.01258796458005959,0.3782381702003398,G1
R4_aB_m0,7,0,4,10,0.052725671151828024,0.010563925036959798,0.34440693693224156,G1
R4_aB_m0,7,1,0,30,0.1939703808309783,-0.013393679469060601,0.14076153432821048,G1
R4_aB_m0,7,1,0,10,0.2159176809308797,-0.026870649326127802,0.12286042317465673,G1
R4_aB_m0,7,1,1,30,-0.17621745805693845,-0.0326282911716122,0.4505051109850453,G1
R4_aB_m0,7,1,1,10,-0.1674202921021326,-0.029870906659597907,0.46710727671363506,G1
R4_aB_m0,7,1,2,30,-0.04363958820423597,-0.01916483134388508,0.19422554048117036,G1
R4_aB_m0,7,1,2,10,-0.0765573860676041,-0.025280934243397307,0.17361016185242362,G1
R4_aB_m0,7,1,3,30,-0.27962122477220186,-0.06680003570227289,-0.054408280069319304,G1
R4_aB_m0,7,1,3,10,-0.29120066895440644,-0.06979098065245481,-0.10113965015441728,G1
R4_aB_m0,7,1,4,30,-0.008180020002181487,-0.001916119613800893,0.1634142613820881,G1
R4_aB_m0,7,1,4,10,-0.0668382086212953,-0.011184389030855599,0.14722352246560144,G1
R4_aB_m0,7,2,0,30,-0.12497760939397473,-0.011635038380018503,0.039017895692510685,G1
R4_aB_m0,7,2,0,10,-0.11091104873910762,-0.009628502559676816,0.031330966067950605,G1
R4_aB_m0,7,2,1,30,-0.20697196997917533,-0.050096392823871905,0.025957530999267175,G1
R4_aB_m0,7,2,1,10,-0.3945879654589728,-0.08307384225583168,-0.027856825175155697,G1
R4_aB_m0,7,2,2,30,-0.08896512552153046,-0.029390039440629512,0.09384916565683743,G1
R4_aB_m0,7,2,2,10,-0.09735787317986522,-0.031002637846422515,0.08202240312873088,G1
R4_aB_m0,7,2,3,30,-0.3422194845097972,-0.06385575813156569,0.1695019554094639,G1
R4_aB_m0,7,2,3,10,-0.3416409073512612,-0.06117308000102323,0.19389013681130685,G1
R4_aB_m0,7,2,4,30,-0.3069982656052659,-0.05360280945465129,0.5642997741080271,G1
R4_aB_m0,7,2,4,10,-0.12975767193672727,-0.02264317118214415,0.5884067023932453,G1
R4_aB_m0,8,0,0,30,-0.905467599281089,-0.1878097583108323,3.3942610200461303,G1
R4_aB_m0,8,0,0,10,-0.6611716655381747,-0.1390258158960292,3.1881814358629477,G1
R4_aB_m0,8,0,1,30,-1.2226097125464706,0.1435376835366054,1.8141592444969894,G1
R4_aB_m0,8,0,1,10,-1.9030877740835275,0.024586896408514275,1.6129457160095177,G1
R4_aB_m0,8,0,2,30,0.31437165010821366,-0.08260282604265931,1.1673027890104724,G1
R4_aB_m0,8,0,2,10,0.5797133028420858,-0.03280284548682072,1.5288750221421559,G1
R4_aB_m0,8,0,3,30,-2.4130241691768846,-0.42488551364265625,11.410192967251296,G1
R4_aB_m0,8,0,3,10,-2.17447881189975,-0.37333492888949504,13.45941202210166,G1
R4_aB_m0,8,0,4,30,-0.7689870502374389,-0.16198971392039263,3.0749749823808443,G1
R4_aB_m0,8,0,4,10,-1.0566329828697913,-0.21789917943328324,3.053473062047946,G1
R4_aB_m0,8,1,0,30,-0.3567212994662856,-0.07202411369436279,3.1646974780283097,G1
R4_aB_m0,8,1,0,10,-0.30484721743489285,-0.06047148587140222,2.719843525051888,G1
R4_aB_m0,8,1,1,30,1.0423236768751756,0.20060156001428409,2.1758349855662047,G1
R4_aB_m0,8,1,1,10,1.0730184898226816,0.2052269452963222,2.0849541342588336,G1
R4_aB_m0,8,1,2,30,-1.9653595943375304,-0.35681722234345187,2.8423400176960056,G1
R4_aB_m0,8,1,2,10,-1.9777189741000747,-0.3584842390409545,2.818302443301268,G1
R4_aB_m0,8,1,3,30,-1.6504425430300103,-0.26928193297832337,13.821058040900677,G1
R4_aB_m0,8,1,3,10,-1.4647011447375,-0.2232411783769781,15.464270629657342,G1
R4_aB_m0,8,1,4,30,-0.08572604038702969,-0.020881572008192018,2.4632880176316982,G1
R4_aB_m0,8,1,4,10,-0.08070024515078322,-0.020175622352672284,2.5408111172221717,G1
R4_aB_m0,8,2,0,30,-0.638364640041726,-0.13112435795274852,3.428761430461524,G1
R4_aB_m0,8,2,0,10,-0.3594973159721273,-0.07813812489925043,3.7849671607827835,G1
R4_aB_m0,8,2,1,30,-3.7517281365446054,-0.6544776688630467,2.92062329819775,G1
R4_aB_m0,8,2,1,10,-3.8133360141818926,-0.669847856617134,2.8279183489398534,G1
R4_aB_m0,8,2,2,30,-2.005204674425038,-0.3733762288249989,1.1363560084496387,G1
R4_aB_m0,8,2,2,10,-1.904757821052013,-0.35373006369898036,1.1420414733880846,G1
R4_aB_m0,8,2,3,30,-2.06281781678155,-0.3666450896615946,5.083452605509101,G1
R4_aB_m0,8,2,3,10,-2.16080160328235,-0.38672997691077426,4.83011814878296,G1
R4_aB_m0,8,2,4,30,0.22210420084626292,0.03216875957351406,2.0594192534279534,G1
R4_aB_m0,8,2,4,10,0.4010516028811204,0.06391269891836401,1.96193696096518,G1
R4_aB_m0,9,0,0,30,-2.8976978154728226,-0.7002000223544963,38.94627092899759,G1
R4_aB_m0,9,0,0,10,-2.798050143992543,-0.6741269874152557,37.485721922379255,G1
R4_aB_m0,9,0,1,30,0.886039188719721,-0.017611279838155358,62.108831527535486,G1
R4_aB_m0,9,0,1,10,1.352231054451158,-0.019882098181928987,70.3668521332863,G1
R4_aB_m0,9,0,2,30,0.970005116728327,0.012019304427398403,62.587302702676936,G1
R4_aB_m0,9,0,2,10,1.081117360217256,0.04316652478429428,58.038005500668156,G1
R4_aB_m0,9,0,3,30,1.2170583870245455,0.04893913806504546,72.25207406611744,G1
R4_aB_m0,9,0,3,10,-0.21824807612187413,-0.05289657097926592,54.673552550918174,G1
R4_aB_m0,9,0,4,30,-3.019924484386387,-0.7444010260910943,34.35205618988138,G1
R4_aB_m0,9,0,4,10,-3.3171023093540697,-0.8153191133812936,37.53147961837507,G1
R4_aB_m0,9,1,0,30,-0.32608120106831073,-0.45114369026754875,64.78707867072899,G1
R4_aB_m0,9,1,0,10,-0.9767552386828013,-0.4312727458078198,57.121568808887744,G1
R4_aB_m0,9,1,1,30,1.4207915312752348,-0.020664379685435108,86.50367470547427,G1
R4_aB_m0,9,1,1,10,1.389618485863168,-0.013044290545100479,84.14639295911365,G1
R4_aB_m0,9,1,2,30,1.2335440264536333,-0.05622718133484961,65.29264927651433,G1
R4_aB_m0,9,1,2,10,1.2325921225435597,-0.026033845520482046,62.264381644873936,G1
R4_aB_m0,9,1,3,30,1.9767459194490806,0.08297746634251779,77.3467977485949,G1
R4_aB_m0,9,1,3,10,1.8034014571380732,0.07554860699077715,74.14429231080582,G1
R4_aB_m0,9,1,4,30,-2.567317509760368,-0.620341325392978,37.74068519054327,G1
R4_aB_m0,9,1,4,10,-0.8318315422455296,-0.44977081034900035,51.67634219411818,G1
R4_aB_m0,9,2,0,30,0.5355970113267308,-0.09153500267631332,73.28518799565288,G1
R4_aB_m0,9,2,0,10,0.1950398409048315,-0.1569114175658104,67.56585983190263,G1
R4_aB_m0,9,2,1,30,-1.881452502256022,-0.4473235797486792,61.45739598269117,G1
R4_aB_m0,9,2,1,10,-1.883788632117331,-0.4468323160855374,61.27165756419614,G1
R4_aB_m0,9,2,2,30,-0.7775802776418654,-0.19139891944236176,32.12197061355606,G1
R4_aB_m0,9,2,2,10,-0.7043825358524796,-0.17287348700749994,31.1404993249573,G1
R4_aB_m0,9,2,3,30,-0.38755964833700673,-0.09573821339699062,41.23545548439535,G1
R4_aB_m0,9,2,3,10,-0.44881403279423093,-0.11046950332911187,42.75036103740766,G1
R4_aB_m0,9,2,4,30,0.1035981898979923,-0.34334912246531335,66.54042940913988,G1
R4_aB_m0,9,2,4,10,-0.3442479613343101,-0.41619015049944497,85.22577063327765,G1
R4_aB_m0,10,0,0,30,0.9219769792825279,0.21285074063544407,10.267770384261778,G1
R4_aB_m0,10,0,0,10,0.573874551693891,0.1397373635008663,7.93938825632277,G1
R4_aB_m0,10,0,1,30,-0.4676758580410736,-0.10726684892955296,40.0556463804141,G1
R4_aB_m0,10,0,1,10,-0.45634279998383676,-0.10597422639625087,40.42487346489087,G1
R4_aB_m0,10,0,2,30,-0.2599617272358197,-0.07463724571471109,30.596675702942946,G1
R4_aB_m0,10,0,2,10,-0.13896934688257634,-0.04252496655299254,28.72066146384826,G1
R4_aB_m0,10,0,3,30,-0.7196173930551799,-0.1755300940376856,57.157985815973575,G1
R4_aB_m0,10,0,3,10,-1.1104680795973767,-0.26101527428664273,60.509286564858,G1
R4_aB_m0,10,0,4,30,1.7656209976856299,0.354897111215417,5.98908959226117,G1
R4_aB_m0,10,0,4,10,0.582051548095607,0.2574406245562039,5.15326853328099,G1
R4_aB_m0,10,1,0,30,1.4582404855647475,0.3283369631444475,10.406367085013269,G1
R4_aB_m0,10,1,0,10,2.5054022036329866,0.5825435033956015,6.691385671250054,G1
R4_aB_m0,10,1,1,30,-0.23527122044619198,-0.06747289020215175,35.04518102543181,G1
R4_aB_m0,10,1,1,10,0.4126729152652491,0.10138520621440938,25.902739467226404,G1
R4_aB_m0,10,1,2,30,-0.8138391530502656,-0.2134201064543788,29.10280202090939,G1
R4_aB_m0,10,1,2,10,-0.719072956627798,-0.18701693111611606,27.59663713710159,G1
R4_aB_m0,10,1,3,30,-1.0247688075064083,-0.25230694256296204,50.59444335121163,G1
R4_aB_m0,10,1,3,10,-1.0243324569052215,-0.24673270168277162,47.638685785764444,G1
R4_aB_m0,10,1,4,30,1.257317542483905,0.231263598182608,6.0969507845317175,G1
R4_aB_m0,10,1,4,10,1.4910122318144636,0.24874620150325888,5.796149430810513,G1
R4_aB_m0,10,2,0,30,1.3429690277772623,0.2944892319881654,6.866752077896082,G1
R4_aB_m0,10,2,0,10,1.6953565958000563,0.3750773541404263,6.430207280307105,G1
R4_aB_m0,10,2,1,30,1.8444244774001626,0.44385651764736045,16.2509233875647,G1
R4_aB_m0,10,2,1,10,1.8565548727092684,0.4414321478937837,18.40131491113129,G1
R4_aB_m0,10,2,2,30,-0.3744387553781685,-0.12780301437596298,15.1546304969282,G1
R4_aB_m0,10,2,2,10,-0.3377019572915647,-0.12358733823877976,15.594457557692255,G1
R4_aB_m0,10,2,3,30,-0.17724827431739243,-0.042263958361440146,22.891165282676877,G1
R4_aB_m0,10,2,3,10,-0.2589227377615613,-0.059186873990552336,22.47391893625246,G1
R4_aB_m0,10,2,4,30,0.9268972319778905,0.21276860251794905,8.82682443844475,G1
R4_aB_m0,10,2,4,10,1.1262328945664404,0.2530349307891781,8.470672047911568,G1
R4_aB_m0,11,0,0,30,1.589262311184998,0.24560957525358096,21.327474417703236,G1
R4_aB_m0,11,0,0,10,2.354598366650521,0.5095579998873637,13.690939642087299,G1
R4_aB_m0,11,0,1,30,2.1650693740402387,0.42986019664454467,25.668885491358576,G1
R4_aB_m0,11,0,1,10,1.2714473566674975,0.18933724029644727,17.47864778643062,G1
R4_aB_m0,11,0,2,30,1.7344274967895559,0.34626595567355245,25.41862716500888,G1
R4_aB_m0,11,0,2,10,1.531717026999425,0.29003752970654695,24.34066233601733,G1
R4_aB_m0,11,0,3,30,2.1018337133476717,0.43539794436513524,31.139952332523087,G1
R4_aB_m0,11,0,3,10,1.5763449949724122,0.3220004233243412,32.05345626068362,G1
R4_aB_m0,11,0,4,30,2.006304204241271,0.31876869047691314,18.86409150934754,G1
R4_aB_m0,11,0,4,10,0.6615474649742401,-0.005949607744923147,18.36743470875701,G1
R4_aB_m0,11,1,0,30,1.7793486643720806,0.36320984070288515,20.796727673401552,G1
R4_aB_m0,11,1,0,10,0.777382652841093,0.17216898680835735,15.360387846138812,G1
R4_aB_m0,11,1,1,30,2.129209601294368,0.46153147201540046,28.703641219505066,G1
R4_aB_m0,11,1,1,10,1.8627792666086296,0.3891371610267952,28.725517928208298,G1
R4_aB_m0,11,1,2,30,1.7520592583629884,0.3227660715936971,26.105842859717963,G1
R4_aB_m0,11,1,2,10,2.020129295183619,0.393756277461193,29.098143291466602,G1
R4_aB_m0,11,1,3,30,2.1395680379758395,0.4150289274397523,32.51046673931845,G1
R4_aB_m0,11,1,3,10,1.5963537994666255,0.28364805989739117,33.76872323198593,G1
R4_aB_m0,11,1,4,30,1.9990868502209174,0.4054928960354479,25.628345999672234,G1
R4_aB_m0,11,1,4,10,2.2887454527006477,0.4795803930673313,19.012665054443513,G1
R4_aB_m0,11,2,0,30,1.8275699921879447,0.3572985017975628,21.98979908318966,G1
R4_aB_m0,11,2,0,10,1.172687969909762,0.19465772670216852,20.149538003519467,G1
R4_aB_m0,11,2,1,30,2.3271936015390984,0.4779719336689745,22.348311204309603,G1
R4_aB_m0,11,2,1,10,2.282225841855069,0.44190954935354054,13.299524751189466,G1
R4_aB_m0,11,2,2,30,1.6092699266906731,0.20973136580533502,19.290150956335104,G1
R4_aB_m0,11,2,2,10,0.6802130093347099,0.04301250590892669,7.420957332391597,G1
R4_aB_m0,11,2,3,30,1.5782727221355413,0.24912440040474226,24.176597908046254,G1
R4_aB_m0,11,2,3,10,0.9483780468731484,0.13463651075715122,22.509991329129704,G1
R4_aB_m0,11,2,4,30,2.339337004722011,0.4389808627526845,17.58325030214565,G1
R4_aB_m0,11,2,4,10,1.7764637306268438,0.2592018274260937,10.778344758866314,G1
R4_aB_m0,12,0,0,30,-0.4864083348253019,-0.14731251723706928,1.3624790768494761,G1
R4_aB_m0,12,0,0,10,-1.1521506129492787,-0.33343060410298075,2.3778070360284698,G1
R4_aB_m0,12,0,1,30,-1.5171468204521144,-0.3962411495742477,0.1413699339286527,G1
R4_aB_m0,12,0,1,10,-0.5304434199032295,-0.1418775260787114,0.9854422003172116,G1
R4_aB_m0,12,0,2,30,0.8009669287430901,0.2123104559496582,0.4742028765358284,G1
R4_aB_m0,12,0,2,10,0.7864443351918506,0.22331268246223546,0.7091829789871134,G1
R4_aB_m0,12,0,3,30,-1.4912401494763772,-0.40810503878728865,0.7740083663109383,G1
R4_aB_m0,12,0,3,10,-2.318637584272743,-0.6104765958687726,1.6122502344316638,G1
R4_aB_m0,12,0,4,30,-0.48478791003701527,-0.15448198364390509,0.33690545008319184,G1
R4_aB_m0,12,0,4,10,-0.7236828966070267,0.1260261076675152,6.604468974868993e-05,G1
R4_aB_m0,12,1,0,30,-0.9944288888278543,-0.2919563709474039,1.5022722624802536,G1
R4_aB_m0,12,1,0,10,-0.9408369241696424,-0.2613208911232793,0.5860218879109422,G1
R4_aB_m0,12,1,1,30,-1.5956289787770959,-0.41876969714348006,0.09977960451534296,G1
R4_aB_m0,12,1,1,10,-1.9181252792186552,-0.5136651710982438,3.7113655789428748,G1
R4_aB_m0,12,1,2,30,0.6390053246989552,-0.1699418184677849,0.3211279789554706,G1
R4_aB_m0,12,1,2,10,-0.25422300495677064,-0.35139687586558466,0.4390824898864154,G1
R4_aB_m0,12,1,3,30,-0.8362443006327782,-0.2152591232162272,1.2561310633258653,G1
R4_aB_m0,12,1,3,10,-0.6378439102230784,-0.16969372118592962,2.390746746284714,G1
R4_aB_m0,12,1,4,30,-1.3085864919775887,-0.3924309531755938,0.20094684709475974,G1
R4_aB_m0,12,1,4,10,-0.5365123116528502,-0.19335774410147605,0.5379660561436541,G1
R4_aB_m0,12,2,0,30,-1.2199898588223141,-0.34759050303478256,1.9588146893681158,G1
R4_aB_m0,12,2,0,10,0.6739279658956693,0.18646750185530453,0.46401658163745574,G1
R4_aB_m0,12,2,1,30,-1.4334315204165466,-0.3745393916969233,0.35998094147109505,G1
R4_aB_m0,12,2,1,10,-0.6336243033278874,-0.17307516888770258,1.1995533630713182,G1
R4_aB_m0,12,2,2,30,-0.3350151643151521,-0.0346362571069654,0.21802646434686912,G1
R4_aB_m0,12,2,2,10,-0.5499006037014686,-0.07332388886554181,0.16579007781230126,G1
R4_aB_m0,12,2,3,30,-0.4777737290054165,-0.09843132012840261,-0.3329057859410187,G1
R4_aB_m0,12,2,3,10,-0.3172282780104638,-0.06016364454990808,-0.1468491470904345,G1
R4_aB_m0,12,2,4,30,-0.5146364064138006,-0.1029455065745514,-0.5177255930643323,G1
R4_aB_m0,12,2,4,10,-0.787661560605194,-0.09562565125825902,-0.5151876964382023,G1
R5_aA_m0,0,0,0,30,4.600113162419893,1.3414782779738041,12.936584223185369,G1
R5_aA_m0,0,0,0,10,5.150901614195246,1.5197949008818297,12.060537049715204,G1
R5_aA_m0,0,0,1,30,-3.86457241465754,-1.1347548657796156,3.2504235807285267,G1
R5_aA_m0,0,0,1,10,-3.25391989160403,-0.9580988664929628,4.042021943436691,G1
R5_aA_m0,0,0,2,30,-3.8722471280840596,-1.118557139000575,2.3915862663904774,G1
R5_aA_m0,0,0,2,10,-3.529479026751808,-1.04387257269984,2.741324714362573,G1
R5_aA_m0,0,0,3,30,-5.653245846265463,-1.662250419081324,8.043736966951183,G1
R5_aA_m0,0,0,3,10,-8.837689921865028,-2.5180538000837727,8.78995297603354,G1
R5_aA_m0,0,0,4,30,4.068051215197734,1.2116319657337247,13.07668515970752,G1
R5_aA_m0,0,0,4,10,3.1843241456194358,0.9527438709958512,7.06074367528945,G1
R5_aA_m0,0,1,0,30,5.23243248804612,1.5309409648513732,11.767467683481085,G1
R5_aA_m0,0,1,0,10,1.9212313669008134,0.5655883178321449,3.461765863099936,G1
R5_aA_m0,0,1,1,30,-3.850677037948567,-1.1171987616097245,2.502245622052361,G1
R5_aA_m0,0,1,1,10,-1.9575734209045574,-0.41962624446849395,2.8665758451494647,G1
R5_aA_m0,0,1,2,30,-3.7030705449735932,-1.0854715126015937,4.113773441191466,G1
R5_aA_m0,0,1,2,10,-3.896304631004699,-1.402406575060397,3.270735689277769,G1
R5_aA_m0,0,1,3,30,-4.277062390558401,-1.246298612205046,12.466209506465809,G1
R5_aA_m0,0,1,3,10,-2.3874487603798533,-0.6954159869914955,17.021253083882534,G1
R5_aA_m0,0,1,4,30,4.3246153189813565,1.2813298542958935,12.740549091759341,G1
R5_aA_m0,0,1,4,10,3.131783246522438,0.9127517881739778,9.304472564866106,G1
R5_aA_m0,0,2,0,30,5.072863826819629,1.505101899320582,13.298570726372736,G1
R5_aA_m0,0,2,0,10,3.4377622624985773,1.0219242901455088,7.201941289693817,G1
R5_aA_m0,0,2,1,30,3.761188826930182,1.3362538242587938,10.060287459366748,G1
R5_aA_m0,0,2,1,10,3.1479060115975974,1.191584163514544,6.863028847852918,G1
R5_aA_m0,0,2,2,30,-0.7041763188991352,0.01827558963932771,1.8777123731066414,G1
R5_aA_m0,0,2,2,10,0.385435054209747,0.3126163000944535,2.3677107460987967,G1
R5_aA_m0,0,2,3,30,-1.5333833433680262,-0.4301760947115254,1.9932114507088796,G1
R5_aA_m0,0,2,3,10,-1.1439204221753114,-0.32325649713725607,2.280633805912448,G1
R5_aA_m0,0,2,4,30,3.9977017088815425,1.1514901415350245,10.701940564578296,G1
R5_aA_m0,0,2,4,10,3.306362789413279,0.9668517796463015,6.683084746960864,G1
R5_aA_m0,1,0,0,30,-1.2189309960962864,0.3923400512220935,9.77956202142305,G1
R5_aA_m0,1,0,0,10,1.8682299279063255,0.5897752495716924,18.38166398680927,G1
R5_aA_m0,1,0,1,30,-0.7404394825987272,-0.2162104315607009,8.991794979741448,G1
R5_aA_m0,1,0,1,10,-0.041128672038257985,-0.4101353214103295,4.387626796138849,G1
R5_aA_m0,1,0,2,30,-1.8350387043151688,-0.409432443157046,8.679369423602882,G1
R5_aA_m0,1,0,2,10,0.8569513370219322,0.2826299161567595,8.949121120514798,G1
R5_aA_m0,1,0,3,30,-2.9367899836146987,-0.937299629618495,12.7992191998521,G1
R5_aA_m0,1,0,3,10,-3.319046134930977,-0.9737172433057539,21.360940489302187,G1
R5_aA_m0,1,0,4,30,-0.5100438568753345,-0.14124898362285104,10.148141420769408,G1
R5_aA_m0,1,0,4,10,-1.0288083425691035,-0.37131743914517956,9.466555989495383,G1
R5_aA_m0,1,1,0,30,-0.2354935916151298,0.07496501869262619,9.482292315622239,G1
R5_aA_m0,1,1,0,10,0.748859455843454,0.24466412963306367,10.743182597406788,G1
R5_aA_m0,1,1,1,30,-1.8435659225059289,-0.5666201337873383,8.683504789811073,G1
R5_aA_m0,1,1,1,10,-0.008318222292493238,-0.1519140991220837,5.233940145400612,G1
R5_aA_m0,1,1,2,30,-1.6562378072982917,-0.5260378125175376,3.742249550145486,G1
R5_aA_m0,1,1,2,10,-0.43477401390148707,-0.08894734865962417,20.329514529917493,G1
R5_aA_m0,1,1,3,30,-2.4590588127980157,-0.7891967533718469,14.56693942259286,G1
R5_aA_m0,1,1,3,10,-2.5943509377341485,-0.7566780721047932,21.933222673654292,G1
R5_aA_m0,1,1,4,30,-0.2529426500244272,-0.06141989150128063,10.375721333367588,G1
R5_aA_m0,1,1,4,10,0.6817720543982404,0.5658322011457044,10.364793957426318,G1
R5_aA_m0,1,2,0,30,0.020350696660233036,0.0545204843646247,9.707492782442015,G1
R5_aA_m0,1,2,0,10,-1.9153641965227557,-0.5194899569490257,13.250220315669296,G1
R5_aA_m0,1,2,1,30,-1.593942588040763,-0.1516912376726858,9.787697470125515,G1
R5_aA_m0,1,2,1,10,-3.359467338062937,-1.0567250471946124,8.785224068140714,G1
R5_aA_m0,1,2,2,30,-0.7667381860978475,-0.1985639344189116,10.41973167566947,G1
R5_aA_m0,1,2,2,10,-0.20392318121849307,0.17743102191274807,18.452417742222867,G1
R5_aA_m0,1,2,3,30,-0.7796044480506807,-0.26253851767723724,5.065585311041529,G1
R5_aA_m0,1,2,3,10,-1.7967921079096323,-0.5032278553379579,13.895163042390742,G1
R5_aA_m0,1,2,4,30,-0.7102212549738378,0.2294526533252152,10.422817934373619,G1
R5_aA_m0,1,2,4,10,-1.959167447598182,0.41498164152077727,17.554877873989,G1
R5_aA_m0,2,0,0,30,0.77877460205319,0.004201978624097297,-0.04433537351967887,G1
R5_aA_m0,2,0,0,10,1.0162564492993194,0.014170489796621596,-0.07247961537455416,G1
R5_aA_m0,2,0,1,30,-0.2879998113401192,0.0570188979155007,0.6827221208677652,G1
R5_aA_m0,2,0,1,10,0.6636536817638309,0.068624936189344,0.9259553812990832,G1
R5_aA_m0,2,0,2,30,2.2504742191430718,0.22324054404300625,-4.302278242667388,G1
R5_aA_m0,2,0,2,10,2.547696343271255,0.21290061516075137,-3.476391784261608,G1
R5_aA_m0,2,0,3,30,-0.222164316236388,-0.048823742926606795,-1.16187623603546,G1
R5_aA_m0,2,0,3,10,-0.7219572014822195,-0.02171392816485679,-1.220971671362828,G1
R5_aA_m0,2,0,4,30,2.043820731856412,-0.051361425765937385,-1.292753655085832,G1
R5_aA_m0,2,0,4,10,2.053782189809847,-0.05542518614094649,-1.1757745850621024,G1
R5_aA_m0,2,1,0,30,0.6167188715909218,-0.16334399450639542,-0.599019852774276,G1
R5_aA_m0,2,1,0,10,0.6489246083330711,-0.16396051087885027,-0.6214544597795757,G1
R5_aA_m0,2,1,1,30,-0.23337859804418448,0.018787857059909395,0.6924484109928756,G1
R5_aA_m0,2,1,1,10,0.3442048728584872,-0.014972561927381306,0.8060881599520342,G1
R5_aA_m0,2,1,2,30,0.4123499910299242,-0.005934191363996089,0.19840063151116505,G1
R5_aA_m0,2,1,2,10,1.1175611353558899,-0.06666280392079832,0.06670853137332866,G1
R5_aA_m0,2,1,3,30,-0.027566852152268062,-0.06648026572570942,-2.429758851528101,G1
R5_aA_m0,2,1,3,10,-0.10492686538066653,-0.061189712329348,-2.4352997941301044,G1
R5_aA_m0,2,1,4,30,1.4825305030769989,-0.053202022665429616,-0.5485642194426505,G1
R5_aA_m0,2,1,4,10,1.4235035548224952,-0.0492094016547876,-0.5484603512014337,G1
R5_aA_m0,2,2,0,30,-0.33462112407255484,-0.1691694785858503,1.0824164929879758,G1
R5_aA_m0,2,2,0,10,-0.5915532833488201,-0.2528380500665345,0.07790103701040652,G1
R5_aA_m0,2,2,1,30,0.11081635800762513,0.11519573386419699,-1.3974032399847816,G1
R5_aA_m0,2,2,1,10,0.28899496374427436,0.10901734551627179,-1.0266101527300435,G1
R5_aA_m0,2,2,2,30,0.05652391575167903,-0.2665490472933253,-3.6509121729348557,G1
R5_aA_m0,2,2,2,10,0.18827572502513523,-0.27035162148777414,-3.5044080757177785,G1
R5_aA_m0,2,2,3,30,3.5529522929463897,-0.0722979713456593,0.05651147623866848,G1
R5_aA_m0,2,2,3,10,2.4534628835046575,-0.06667152489651795,-0.14365295983604653,G1
R5_aA_m0,2,2,4,30,2.1883406951595035,0.10515030503780676,-3.630866259884339,G1
R5_aA_m0,2,2,4,10,2.2851450157803592,0.09676377358983668,-3.5018118894488914,G1
R5_aA_m0,3,0,0,30,-0.9421134594734901,-0.026864142026296695,2.5791859480603696,G1
R5_aA_m0,3,0,0,10,-1.0191842621661937,-0.028694652919572294,2.52153693461217,G1
R5_aA_m0,3,0,1,30,-0.46294209251948804,-0.11637366712474248,2.3837177521803135,G1
R5_aA_m0,3,0,1,10,-0.12389887890454299,-0.1563127066631713,2.2792162285519217,G1
R5_aA_m0,3,0,2,30,0.9441928870943364,-0.173159565255302,-0.03775121494904354,G1
R5_aA_m0,3,0,2,10,0.9130549208182464,-0.1726498510610953,-0.11362346115696198,G1
R5_aA_m0,3,0,3,30,0.03742733718696467,-0.06801151302196007,2.9503740032324117,G1
R5_aA_m0,3,0,3,10,0.36582274653187685,-0.08668166689081513,2.8132713224795793,G1
R5_aA_m0,3,0,4,30,1.6029373771552247,-0.11135962563469737,3.8744475191292373,G1
R5_aA_m0,3,0,4,10,1.4334816879071455,-0.0987957586232534,4.058289081541096,G1
R5_aA_m0,3,1,0,30,0.46355611322233936,-0.0538670266308397,2.2059151147067873,G1
R5_aA_m0,3,1,0,10,0.7408482759052553,-0.06735916983632223,2.1971926701550366,G1
R5_aA_m0,3,1,1,30,0.07860027059378716,0.008680927307514297,2.894000247258609,G1
R5_aA_m0,3,1,1,10,0.8948877244482536,0.054252997720788704,1.2473975144463032,G1
R5_aA_m0,3,1,2,30,-0.7152198989900982,-0.03753632882729571,2.5450547643367862,G1
R5_aA_m0,3,1,2,10,-0.5939942342590788,-0.03403512939759379,2.584666479217767,G1
R5_aA_m0,3,1,3,30,2.1383060168904633,-0.22827541197217893,3.9908627587048855,G1
R5_aA_m0,3,1,3,10,2.710628334408887,-0.2594933529968463,4.295746929308969,G1
R5_aA_m0,3,1,4,30,2.3393208352280004,-0.13382504435830167,5.499423799970721,G1
R5_aA_m0,3,1,4,10,2.4814619045740502,-0.14827267083691376,5.1969051084124125,G1
R5_aA_m0,3,2,0,30,-0.5561560257964686,0.050479202477301394,2.064522778173045,G1
R5_aA_m0,3,2,0,10,-0.41305921880049246,0.0432785894038618,2.2000371918941086,G1
R5_aA_m0,3,2,1,30,0.5809544243814831,-0.1613132802172031,1.3406853200875268,G1
R5_aA_m0,3,2,1,10,0.5483408205704033,-0.153656611275682,1.3972270996420786,G1
R5_aA_m0,3,2,2,30,0.6583131369350728,-0.08339136881755782,0.2509030903580012,G1
R5_aA_m0,3,2,2,10,0.7774224085946511,-0.08409362008843999,0.12538830312896465,G1
R5_aA_m0,3,2,3,30,2.4728537403042115,-0.01816853102340321,0.6240208773316951,G1
R5_aA_m0,3,2,3,10,2.535933280601938,-0.021336709458405823,0.502351828892273,G1
R5_aA_m0,3,2,4,30,2.5687776879403055,-0.013943970972035924,0.7834079392655582,G1
R5_aA_m0,3,2,4,10,2.302403510267832,0.0016248946286735455,1.1052528946013283,G1
R5_aB_m0,0,0,0,30,3.467424899442702,0.9189882593056853,4.756653575667294,G1
R5_aB_m0,0,0,0,10,3.8525148500638795,1.1758495251144363,200.1380177756236,G1
R5_aB_m0,0,0,1,30,6.265554048046013,1.9725318683352373,173.61848686819633,G1
R5_aB_m0,0,0,1,10,0.516835064296564,0.1521242196654582,1.3048315761663738,G1
R5_aB_m0,0,0,2,30,5.340766165810864,1.5848372048090886,5.778472373124474,G1
R5_aB_m0,0,0,2,10,9.495429801484345,2.8983875913355055,56.59957096803372,G1
R5_aB_m0,0,0,3,30,6.868875310909738,2.083695267208148,191.5684957110947,G1
R5_aB_m0,0,0,3,10,5.105166829459842,1.6767412890809004,140.4651179791928,G1
R5_aB_m0,0,0,4,30,4.094814767686287,1.255740920059658,34.49172447021719,G1
R5_aB_m0,0,0,4,10,7.802110086994198,2.3789577290604336,119.71199631684127,G1
R5_aB_m0,0,1,0,30,3.9265529086191204,1.1992214618899553,34.37761874102402,G1
R5_aB_m0,0,1,0,10,1.6392905113329328,0.5183093051435043,3.7999041366549355,G1
R5_aB_m0,0,1,1,30,8.573691597886182,2.5548579995014493,173.82171445698734,G1
R5_aB_m0,0,1,1,10,3.736601864665359,1.2277096401225696,122.1209911330011,G1
R5_aB_m0,0,1,2,30,5.686065700283045,1.850741434889742,145.9286962007249,G1
R5_aB_m0,0,1,2,10,5.254706730735961,1.7016334062798766,64.4485097949288,G1
R5_aB_m0,0,1,3,30,6.554575907829029,1.9847799601341394,170.74940032621737,G1
R5_aB_m0,0,1,3,10,3.0765546102433845,1.050926141995851,640.5183733076807,G1
R5_aB_m0,0,1,4,30,3.9740833098769333,0.9740560002074908,4.169687269497783,G1
R5_aB_m0,0,1,4,10,-0.41950137984378433,-0.06628243541796752,16.529669671129653,G1
R5_aB_m0,0,2,0,30,3.9754225865287305,1.2201273322760102,34.28502200905392,G1
R5_aB_m0,0,2,0,10,4.256679284689046,1.3025616823645603,37.80813389458906,G1
R5_aB_m0,0,2,1,30,4.7617773076565175,1.4161238712480104,5.500147917926744,G1
R5_aB_m0,0,2,1,10,3.696561594126178,1.1338683486288674,148.38859190875397,G1
R5_aB_m0,0,2,2,30,0.0,0.0,0.0,G1
R5_aB_m0,0,2,2,10,2.9731611452040245,0.8244907830071504,1.3955530113506391,G1
R5_aB_m0,0,2,3,30,4.597007757409879,1.3749018666555646,40.849485198613934,G1
R5_aB_m0,0,2,3,10,4.867316935701833,1.4805985529384014,61.72548621578498,G1
R5_aB_m0,0,2,4,30,4.587916740884334,1.1088062856218164,5.7411180072945625,G1
R5_aB_m0,0,2,4,10,3.447570352358512,1.0536168522037577,35.091984957615715,G1
R5_aB_m0,1,0,0,30,1.3422101542603921,0.30099645566902455,32.81278522281347,G1
R5_aB_m0,1,0,0,10,1.2073045920109702,0.2814522514098259,22.063236793550196,G1
R5_aB_m0,1,0,1,30,0.2310289166843864,0.07036198853518627,4.044875769950693,G1
R5_aB_m0,1,0,1,10,-2.5903542185361577,-0.787420745452196,12.74915659375925,G1
R5_aB_m0,1,0,2,30,0.3242972092980798,-0.061247807313775215,26.10870878594553,G1
R5_aB_m0,1,0,2,10,-2.1173990634262565,-0.727569835947969,6.675582010094284,G1
R5_aB_m0,1,0,3,30,-0.020033485540452034,-0.006099787997952966,22.64712516801783,G1
R5_aB_m0,1,0,3,10,3.338165954053678,0.11122869295628862,13.034505127355864,G1
R5_aB_m0,1,0,4,30,0.4400990065830186,0.03458055086807721,28.992754249534364,G1
R5_aB_m0,1,0,4,10,-1.9226720478793213,-0.6445220552254114,19.73980979391075,G1
R5_aB_m0,1,1,0,30,-0.6345462009956595,-0.3555425673832344,34.378796570950776,G1
R5_aB_m0,1,1,0,10,-0.902531407104743,-0.3787396079972454,16.778475103879433,G1
R5_aB_m0,1,1,1,30,-0.2195113035406493,-0.1281235944886583,10.736511504781685,G1
R5_aB_m0,1,1,1,10,0.4124371065449104,0.04201453327975635,2.687683285937631,G1
R5_aB_m0,1,1,2,30,1.6790923507050262,0.3852911403576129,27.184838859107895,G1
R5_aB_m0,1,1,2,10,0.8349053742235344,0.23032081361609358,6.950028478817737,G1
R5_aB_m0,1,1,3,30,-0.25085025470979755,0.07888834789950527,0.42234752508560724,G1
R5_aB_m0,1,1,3,10,-0.044397441771951485,-0.013523623455421907,13.60465834620138,G1
R5_aB_m0,1,1,4,30,0.27103233242609814,-0.02954497340076978,30.489083706809854,G1
R5_aB_m0,1,1,4,10,-2.50844158902457,-0.8992288459321311,21.435417742080666,G1
R5_aB_m0,1,2,0,30,-0.7556908688272976,-0.3957507882794422,36.70648469906706,G1
R5_aB_m0,1,2,0,10,-1.4548771307993529,-0.5211640874578052,11.240141474002648,G1
R5_aB_m0,1,2,1,30,-0.4434955931131963,-0.36387152773502995,23.792629066149047,G1
R5_aB_m0,1,2,1,10,-0.3157032776940887,-0.23514519155269042,7.234838894906787,G1
R5_aB_m0,1,2,2,30,1.3306772319744669,0.29477438524804955,28.72538101814675,G1
R5_aB_m0,1,2,2,10,0.4881089014283999,0.06633821049992394,12.751242906876215,G1
R5_aB_m0,1,2,3,30,-0.7013991842294489,0.10414645495101238,-1.6547036841266056,G1
R5_aB_m0,1,2,3,10,-0.5868925661819273,0.1455061515092731,-1.40081937285618,G1
R5_aB_m0,1,2,4,30,2.441571035969024,0.678169052954252,29.554379020934558,G1
R5_aB_m0,1,2,4,10,2.6167612658053736,0.6885148946793163,19.527657752593477,G1
R5_aB_m0,2,0,0,30,1.1707869425990394,-0.01841665620472721,5.8466320524792526,G1
R5_aB_m0,2,0,0,10,0.9365695860613088,0.005423812287104646,5.59369002715057,G1
R5_aB_m0,2,0,1,30,0.32023576344346916,-0.14637680991402285,4.106995610099297,G1
R5_aB_m0,2,0,1,10,0.975807771434201,-0.2422630018324167,3.9958468592792666,G1
R5_aB_m0,2,0,2,30,-0.07674362546494962,-0.06687922394932017,3.9110599450912957,G1
R5_aB_m0,2,0,2,10,-0.05248160260932444,-0.048623280430931615,3.6422428096241006,G1
R5_aB_m0,2,0,3,30,-0.2052344869930689,-0.0676585923850972,4.097747533344926,G1
R5_aB_m0,2,0,3,10,1.110795378824414,-0.16586160895097912,7.901008407700022,G1
R5_aB_m0,2,0,4,30,1.8337084865908915,-0.042959819202222,4.153983288667507,G1
R5_aB_m0,2,0,4,10,2.7014756497918153,-0.003479008402544198,5.341631278469856,G1
R5_aB_m0,2,1,0,30,0.9361003137636956,0.009676004510774605,6.222227340436879,G1
R5_aB_m0,2,1,0,10,2.172421982248308,0.061452817636833634,4.48139199507936,G1
R5_aB_m0,2,1,1,30,-0.7247942303843491,0.0007504205204459102,4.472091082315917,G1
R5_aB_m0,2,1,1,10,-1.778335290885031,0.06528939591736309,9.141307416412882,G1
R5_aB_m0,2,1,2,30,0.1483694353264169,0.004890515481222435,5.188750136364402,G1
R5_aB_m0,2,1,2,10,0.32142564399371576,-0.010144238460531002,4.364435978887741,G1
R5_aB_m0,2,1,3,30,-0.5015677008201935,-0.049815102076147366,4.795947263033831,G1
R5_aB_m0,2,1,3,10,-0.06289349804800448,-0.09285149760689726,4.807323489785253,G1
R5_aB_m0,2,1,4,30,-1.2735994611403072,-0.23484676405966198,3.911574820069812,G1
R5_aB_m0,2,1,4,10,-1.2998903664104011,-0.2824776098555467,3.311924057746708,G1
R5_aB_m0,2,2,0,30,-3.0194954597041717,-0.048568572106397506,2.9641005124481703,G1
R5_aB_m0,2,2,0,10,-2.9072101772888845,-0.029738220707062613,2.830214286408466,G1
R5_aB_m0,2,2,1,30,0.03483413143413561,-0.02213016106718968,4.782339552398675,G1
R5_aB_m0,2,2,1,10,0.8770854370809813,-0.0043909921839623,5.600224449839054,G1
R5_aB_m0,2,2,2,30,-1.3917256697685496,0.05559188248312441,3.5306368852405523,G1
R5_aB_m0,2,2,2,10,-0.7127973209980641,0.07934709983721688,3.903042054376364,G1
R5_aB_m0,2,2,3,30,-1.2444725853217253,-0.10990878406787541,5.450507277163567,G1
R5_aB_m0,2,2,3,10,0.2331719153882732,-0.32776092583378746,9.31337607045932,G1
R5_aB_m0,2,2,4,30,0.9253827156604282,-0.06824074201062669,4.58410551387745,G1
R5_aB_m0,2,2,4,10,1.3220207161352868,-0.0042203165817685795,5.697028598134942,G1
R5_aB_m0,3,0,0,30,3.1868065930695804,0.09255442006599801,7.639199130458595,G1
R5_aB_m0,3,0,0,10,3.2737613675506867,0.08633912271502603,7.577903204228737,G1
R5_aB_m0,3,0,1,30,0.9788532459905204,0.06395560633942637,7.733297327318933,G1
R5_aB_m0,3,0,1,10,1.6785890166834507,0.12578000452424765,14.220654817759595,G1
R5_aB_m0,3,0,2,30,0.9568990452804567,0.11379978520133832,7.9573240692925005,G1
R5_aB_m0,3,0,2,10,1.1868774739332002,0.1300053514381434,7.700481153257556,G1
R5_aB_m0,3,0,3,30,2.5777840178801457,-0.24748218397651195,5.867978027250345,G1
R5_aB_m0,3,0,3,10,-1.4050831566201936,-0.05575966868982296,5.775827360574457,G1
R5_aB_m0,3,0,4,30,1.4107874422363031,-0.260184736209698,4.014820046980726,G1
R5_aB_m0,3,0,4,10,4.497164456884144,-0.1936060270689493,6.079011619676151,G1
R5_aB_m0,3,1,0,30,2.4805022884914223,0.01937688709163521,7.207025144908602,G1
R5_aB_m0,3,1,0,10,1.5026253141998023,0.0378285283653228,6.471763246540696,G1
R5_aB_m0,3,1,1,30,2.355059432107854,0.037197855896231896,7.685146516571165,G1
R5_aB_m0,3,1,1,10,1.1072453730359912,-0.0480616178522571,5.856337481592081,G1
R5_aB_m0,3,1,2,30,2.0050919544131456,0.08614070429744602,7.876732753908296,G1
R5_aB_m0,3,1,2,10,1.386158701849911,0.11906792029411248,6.6729316105151275,G1
R5_aB_m0,3,1,3,30,1.147652871795822,-0.23071575711443815,4.043086949474322,G1
R5_aB_m0,3,1,3,10,-0.5622823002322823,-0.08013027351870228,4.444583669135973,G1
R5_aB_m0,3,1,4,30,1.4293359650832174,-0.259354129002326,4.084623977130461,G1
R5_aB_m0,3,1,4,10,-0.4827350070477997,-0.17067339204829646,10.321821085796453,G1
R5_aB_m0,3,2,0,30,1.2390011451065925,0.16017575627919944,7.1215210604341745,G1
R5_aB_m0,3,2,0,10,1.9036168137162461,0.19189381120954585,7.543404951846466,G1
R5_aB_m0,3,2,1,30,1.7330729844903,0.10915929151448639,7.802954377332512,G1
R5_aB_m0,3,2,1,10,0.14908699870477005,0.023150291131852102,5.478209537504476,G1
R5_aB_m0,3,2,2,30,-2.0182797440947025,0.03524486060714441,4.111471149493241,G1
R5_aB_m0,3,2,2,10,-1.0573767192764782,0.016141411000787004,4.316232673775307,G1
R5_aB_m0,3,2,3,30,-1.3323219407060023,-0.23108179885515434,6.314636103600293,G1
R5_aB_m0,3,2,3,10,-0.655315734701194,-0.14308562899008592,10.59600873628547,G1
R5_aB_m0,3,2,4,30,2.111729875108515,-0.1728456203525554,6.504199519948449,G1
R5_aB_m0,3,2,4,10,0.11363855761095465,-0.09363691010162828,13.989083291192369,G1
R2_aA_m0,1,0,0,30,-1.8819509920280435,-0.5709871791827079,10.986444170028388,G2
R2_aA_m0,1,0,0,10,1.2662853250674866,0.4078388262604462,16.944760596603395,G2
R2_aA_m0,1,0,1,30,-1.5283599215710693,-0.44436299642812793,15.612009215015014,G2
R2_aA_m0,1,0,1,10,-1.951029299478793,-0.5406932427222622,6.535149521618862,G2
R2_aA_m0,1,0,2,30,-1.653165484337559,-0.4862119428517402,12.23940759671859,G2
R2_aA_m0,1,0,2,10,-0.1950059583478998,-0.027750875284077603,20.422929768810963,G2
R2_aA_m0,1,0,3,30,-1.6295935291158745,-0.4727587544792009,17.66757830348447,G2
R2_aA_m0,1,0,3,10,-1.0799765416801321,-0.31115883180752624,14.285236197742684,G2
R2_aA_m0,1,0,4,30,-3.2119537571490477,-1.0029549014105983,12.705761842123072,G2
R2_aA_m0,1,0,4,10,-0.17022363494459491,-0.04939863042011022,2.570873593607846,G2
R2_aA_m0,1,1,0,30,1.0045422340412526,0.011361878959075922,5.010077843144449,G2
R2_aA_m0,1,1,0,10,0.9005996635337268,0.25391346821477123,4.736534299519155,G2
R2_aA_m0,1,1,1,30,-1.677587730450206,-0.4860665021692998,12.610651939718032,G2
R2_aA_m0,1,1,1,10,-2.977583805061216,-0.8765742437172666,27.804249172977396,G2
R2_aA_m0,1,1,2,30,-1.3410976978398335,-0.38738489280013066,17.016085264800353,G2
R2_aA_m0,1,1,2,10,-0.9686497538097463,-0.27905457441853576,23.188554026839718,G2
R2_aA_m0,1,1,3,30,-1.114142405753486,-0.3201434641288161,15.076714797232626,G2
R2_aA_m0,1,1,3,10,-0.9428377810038926,-0.26885171031418276,8.188539747046914,G2
R2_aA_m0,1,1,4,30,-2.8206969990021316,-0.8829734231995814,13.564130067542527,G2
R2_aA_m0,1,1,4,10,0.4230502538451306,0.07899216149779864,9.206035796530887,G2
R2_aA_m0,1,2,0,30,-1.3493101249464488,-0.3978412892312564,10.542447139371053,G2
R2_aA_m0,1,2,0,10,0.6492790263651029,0.18777001674540983,7.061451425490311,G2
R2_aA_m0,1,2,1,30,-1.7458822549083237,-0.5168206572482612,12.74812006710857,G2
R2_aA_m0,1,2,1,10,-1.9118833903888883,-0.5617421707285934,4.323898521511762,G2
R2_aA_m0,1,2,2,30,-0.8526833008359924,-0.2513372685969253,11.280216080964191,G2
R2_aA_m0,1,2,2,10,0.15733642489448885,0.07098841646204312,13.117872958110032,G2
R2_aA_m0,1,2,3,30,0.6179036385731091,0.14956799967145323,5.949381548413637,G2
R2_aA_m0,1,2,3,10,0.40035242465284526,0.04654058303062969,2.4189031322188246,G2
R2_aA_m0,1,2,4,30,-0.09488270597251791,-0.02876148697432135,6.271928984263699,G2
R2_aA_m0,1,2,4,10,-2.3587136735650014,-0.672113601234819,2.7340238776471804,G2
R2_aA_m0,2,0,0,30,-0.09708671232712618,-0.020942510447717,3.5302718197711,G2
R2_aA_m0,2,0,0,10,0.8055018595651022,0.2022678485533571,9.916473634020125,G2
R2_aA_m0,2,0,1,30,-0.3169457427679241,-0.09843805758847335,5.51901989025443,G2
R2_aA_m0,2,0,1,10,0.164474663596752,0.026767308427198877,1.634766297687868,G2
R2_aA_m0,2,0,2,30,-0.0913888119064401,-0.02289180864529361,8.132006216764792,G2
R2_aA_m0,2,0,2,10,1.5584648331490847,0.47760558960924493,2.8116140658442634,G2
R2_aA_m0,2,0,3,30,-0.06428109909338975,-0.029540747841897197,13.105915506245115,G2
R2_aA_m0,2,0,3,10,0.039606109441530535,0.027679671292555774,7.770177925666424,G2
R2_aA_m0,2,0,4,30,-0.26648239440134125,-0.09404144920658575,3.6438722829888537,G2
R2_aA_m0,2,0,4,10,-0.06067396123164892,0.4440751829580666,-0.4598316281074595,G2
R2_aA_m0,2,1,0,30,-0.19175123977322972,-0.0556574977019908,3.304783355041682,G2
R2_aA_m0,2,1,0,10,0.38860926307535415,0.10884885927669796,3.9355890178590505,G2
R2_aA_m0,2,1,1,30,-0.1340181503334481,-0.03877638591516597,6.3659664472170086,G2
R2_aA_m0,2,1,1,10,0.23483718874248805,0.08126356534829537,2.966248185353252,G2
R2_aA_m0,2,1,2,30,-0.1168749877409736,-0.029872091754935326,5.870471772621244,G2
R2_aA_m0,2,1,2,10,-0.02832813354019592,-0.012747125735571574,8.657551549622472,G2
R2_aA_m0,2,1,3,30,-0.06390714909122241,-0.021469676250359893,6.022834086170704,G2
R2_aA_m0,2,1,3,10,-0.6838376110756861,-0.213383949858845,4.2859976657444,G2
R2_aA_m0,2,1,4,30,-0.37296364747522404,-0.1450306585459855,3.746395169278637,G2
R2_aA_m0,2,1,4,10,0.8822456660412719,0.22489727947689253,2.0944329974675533,G2
R2_aA_m0,2,2,0,30,-0.407990928902664,-0.13788409903590626,4.365856521917827,G2
R2_aA_m0,2,2,0,10,-1.1233222312221902,-0.3375514921177025,3.8667200756293365,G2
R2_aA_m0,2,2,1,30,0.07827897481701385,0.05005908723498109,3.7863142170898243,G2
R2_aA_m0,2,2,1,10,0.011084951765478301,-0.003986037169170009,4.774553267806336,G2
R2_aA_m0,2,2,2,30,-0.0846013969301147,-0.03323964934294721,3.2361079658183023,G2
R2_aA_m0,2,2,2,10,-1.2314618730391065,-0.3101836001390118,0.521951505349178,G2
R2_aA_m0,2,2,3,30,-1.135777966061729,0.12292804758604808,0.022062759790923536,G2
R2_aA_m0,2,2,3,10,-0.296058317066358,-0.09735532526921964,-3.580611527273076,G2
R2_aA_m0,2,2,4,30,-0.6450231160886175,-0.21909923574615586,4.753386197478832,G2
R2_aA_m0,2,2,4,10,-0.8169244218469922,-0.2782827317324701,4.8650391815028975,G2
R2_aA_m45,1,0,0,30,0.35052711702823114,0.07313678108859945,1.9096651199724803,G2
R2_aA_m45,1,0,0,10,1.3084182296888693,0.40337657889935474,11.463786980639409,G2
R2_aA_m45,1,0,1,30,-0.7765381146668862,-0.2530924648635162,9.561952355545849,G2
R2_aA_m45,1,0,1,10,-0.503654838509366,-0.1735632987348028,10.451396750135515,G2
R2_aA_m45,1,0,2,30,0.9871855023056149,0.2752983100494087,2.534714527404269,G2
R2_aA_m45,1,0,2,10,0.5579251029041034,0.014184373469254496,1.724912039585682,G2
R2_aA_m45,1,0,3,30,-0.9762067434145827,-0.3129533590043938,11.68603018296681,G2
R2_aA_m45,1,0,3,10,-1.491343315004122,-0.460234457115571,14.520632974107244,G2
R2_aA_m45,1,0,4,30,-0.9908863164245112,-0.32972877360193675,1.9758753647421692,G2
R2_aA_m45,1,0,4,10,-0.060372360753388365,-0.02672527778568909,2.0434406065956985,G2
R2_aA_m45,1,1,0,30,0.4106763713658913,-0.006746505516004114,1.408691695614813,G2
R2_aA_m45,1,1,0,10,0.4067432745234417,-0.13438364628852628,11.501367045578903,G2
R2_aA_m45,1,1,1,30,-0.4294770140757018,-0.1449752537148774,4.768209657358732,G2
R2_aA_m45,1,1,1,10,1.6816524247105766,0.5061862224092588,15.902616158792064,G2
R2_aA_m45,1,1,2,30,-0.9371416516034792,-0.30488843677021826,9.964313738493985,G2
R2_aA_m45,1,1,2,10,0.0851103295532214,0.018322467969333456,8.10180341578383,G2
R2_aA_m45,1,1,3,30,-0.5532875867189686,-0.18086101470785443,9.389396436313916,G2
R2_aA_m45,1,1,3,10,-0.15496751687200483,-0.03646353781109202,25.045536851087554,G2
R2_aA_m45,1,1,4,30,-0.9799610256623317,-0.32777571834024277,2.2970526720069984,G2
R2_aA_m45,1,1,4,10,0.1843962411164939,0.03667996974611781,2.3461633447192325,G2
R2_aA_m45,1,2,0,30,-0.9028013617254018,-0.2926082370311006,3.123048699048681,G2
R2_aA_m45,1,2,0,10,1.0581624434669976,0.32311787130025516,18.46857475353419,G2
R2_aA_m45,1,2,1,30,1.1735102534298436,0.2988534443497155,1.762288121353766,G2
R2_aA_m45,1,2,1,10,-0.3139200091559621,-0.05167710447058893,10.852068785829285,G2
R2_aA_m45,1,2,2,30,-0.7692878560748495,-0.2545552867283296,4.87344904528317,G2
R2_aA_m45,1,2,2,10,0.2555617335052345,0.08219100153616088,14.861587717299816,G2
R2_aA_m45,1,2,3,30,-0.0714513990695731,-0.050494682658379864,-0.4220766485927001,G2
R2_aA_m45,1,2,3,10,-0.053857184780946143,-0.03210530139928497,0.9706932956094967,G2
R2_aA_m45,1,2,4,30,-0.21127471437124407,-0.024732094808238902,1.069714159967841,G2
R2_aA_m45,1,2,4,10,-1.4213537305379096,-0.3183067484030687,11.118734321754513,G2
R2_aA_m45,2,0,0,30,0.2972846539029645,0.0282135310170738,1.576295562439324,G2
R2_aA_m45,2,0,0,10,0.12361530383432945,0.0114043995526672,1.5245467723893915,G2
R2_aA_m45,2,0,1,30,0.2061391300515959,0.055150451440171694,1.6012108857221654,G2
R2_aA_m45,2,0,1,10,-0.7392732750509649,-0.1835863055491485,1.3857187883345694,G2
R2_aA_m45,2,0,2,30,-0.17701404497015638,0.0908750073795837,1.5257817567142702,G2
R2_aA_m45,2,0,2,10,0.19688674119052435,0.2929420111615989,1.6229229447669464,G2
R2_aA_m45,2,0,3,30,0.30123322758850546,0.08379010218393124,2.1641789501622224,G2
R2_aA_m45,2,0,3,10,0.0032885485857852004,0.0022568030032641406,3.8146415313942885,G2
R2_aA_m45,2,0,4,30,-0.2883834648162612,0.09069782369315987,1.5276075111819738,G2
R2_aA_m45,2,0,4,10,0.06893136854315318,-0.016306833919241592,1.560038270942278,G2
R2_aA_m45,2,1,0,30,0.2431269701055936,0.032678705909473305,1.595655951985803,G2
R2_aA_m45,2,1,0,10,-0.6240981063070455,-0.17326210264115144,1.507989675510581,G2
R2_aA_m45,2,1,1,30,0.24768514307808298,0.0577965330184792,1.7155698069315353,G2
R2_aA_m45,2,1,1,10,-0.12093502073248397,-0.03286219542258839,2.3583048370963606,G2
R2_aA_m45,2,1,2,30,0.13615593851159102,0.04013198458631109,1.4530514011178264,G2
R2_aA_m45,2,1,2,10,0.37557108782434656,0.10928423851608537,1.7823381240131808,G2
R2_aA_m45,2,1,3,30,0.15125750013161232,0.038877365494245364,2.016199686398446,G2
R2_aA_m45,2,1,3,10,0.7236653052588189,0.18320551957767262,-1.8095584934797015,G2
R2_aA_m45,2,1,4,30,-0.3277561475574448,0.08050075597356948,1.4467332185717936,G2
R2_aA_m45,2,1,4,10,-1.1319626020785718,-0.05956941575410399,0.6805856429890298,G2
R2_aA_m45,2,2,0,30,-0.18431527016865779,0.082183818518933,1.5128080995596869,G2
R2_aA_m45,2,2,0,10,-0.825879663576059,-0.23176353187629223,1.1710472122525744,G2
R2_aA_m45,2,2,1,30,0.20143830659287576,0.021000276407585894,1.6839605830249749,G2
R2_aA_m45,2,2,1,10,0.0032471748418987367,0.0012859666133918646,2.0153677215052355,G2
R2_aA_m45,2,2,2,30,0.20490328109025824,0.053850701839973036,1.805258277492492,G2
R2_aA_m45,2,2,2,10,0.3733886957381074,0.09901085556840078,2.0139655313733282,G2
R2_aA_m45,2,2,3,30,-0.29396823034146735,-0.021003051502649278,0.34300511769696485,G2
R2_aA_m45,2,2,3,10,-0.165911471702624,-0.0385307073732549,0.5164438671229199,G2
R2_aA_m45,2,2,4,30,-0.3602397911698027,0.08870109968208861,1.4577106013675127,G2
R2_aA_m45,2,2,4,10,0.47181133402089287,0.21085942714402778,1.6598018353174266,G2
R2_aB_m0,1,0,0,30,3.203562139366962,0.9270266594926638,4.3589309428741005,G2
R2_aB_m0,1,0,0,10,3.0154682606878884,0.8927924392916627,1.4671096075162382,G2
R2_aB_m0,1,0,1,30,0.10815801161862959,0.03297252896055941,0.2437431068881173,G2
R2_aB_m0,1,0,1,10,-1.388347100104415,-0.1721080047776226,-0.634728323232074,G2
R2_aB_m0,1,0,2,30,2.101346246037966,0.5628773982763129,3.3040296710122234,G2
R2_aB_m0,1,0,2,10,1.050718346115772,0.26356810669501174,1.426067530291393,G2
R2_aB_m0,1,0,3,30,0.05612809815181974,0.017328025527819424,0.9720155510414976,G2
R2_aB_m0,1,0,3,10,0.028980040886372294,0.008868537107038721,1.3555827087420287,G2
R2_aB_m0,1,0,4,30,2.4831809274583225,0.7232631949798624,5.112506386739636,G2
R2_aB_m0,1,0,4,10,1.194457874602913,0.3422988198696778,1.6434008649320822,G2
R2_aB_m0,1,1,0,30,3.4849764540415533,1.0040078407965494,3.9477065452791815,G2
R2_aB_m0,1,1,0,10,1.724121603466822,0.4961174983786371,1.0270036887085507,G2
R2_aB_m0,1,1,1,30,0.2366391869596992,0.07144528257104071,0.1484552059593991,G2
R2_aB_m0,1,1,1,10,0.21398540261534182,0.0647070831012635,0.17352818554452343,G2
R2_aB_m0,1,1,2,30,-0.06379097649017895,-0.019387634792469632,0.43150604795591185,G2
R2_aB_m0,1,1,2,10,-0.03963638194633168,-0.011681054869689733,0.777201235437027,G2
R2_aB_m0,1,1,3,30,0.07573988432429002,0.023265549299978705,0.2763025519138962,G2
R2_aB_m0,1,1,3,10,-1.546367520675698,-0.39925111708273786,-0.44413649461345495,G2
R2_aB_m0,1,1,4,30,3.2014491499575906,0.9391070706431769,5.113561809191759,G2
R2_aB_m0,1,1,4,10,2.466835400132738,0.724908449880819,2.741101606926605,G2
R2_aB_m0,1,2,0,30,2.6551954129048965,0.7736730711991634,5.282177554110431,G2
R2_aB_m0,1,2,0,10,-0.4351672731380183,-0.1254308703413921,0.21360244058528965,G2
R2_aB_m0,1,2,1,30,1.1712966039917243,-0.13788499817770888,-0.15568287008385706,G2
R2_aB_m0,1,2,1,10,1.2287713933669577,-0.1571304175351861,-0.15461457872083262,G2
R2_aB_m0,1,2,2,30,2.4264775515220895,0.503678600221419,3.1507860959045626,G2
R2_aB_m0,1,2,2,10,0.4554870116281732,-0.037599980239570896,0.3488701446552076,G2
R2_aB_m0,1,2,3,30,1.1706842230959986,0.235522382150887,1.0049619907745315,G2
R2_aB_m0,1,2,3,10,0.3816465260318588,0.053294299542043094,-0.5313633942507474,G2
R2_aB_m0,1,2,4,30,1.7240835797917424,0.4824645755902639,4.472286739253121,G2
R2_aB_m0,1,2,4,10,0.2712785232034576,0.07819239688800433,0.8545872425787766,G2
R2_aB_m0,2,0,0,30,-0.009329319561389493,-7.460761632288593e-05,-0.008378337636046895,G2
R2_aB_m0,2,0,0,10,-0.0036768270049845064,0.0016695417160558224,-0.01276042476555661,G2
R2_aB_m0,2,0,1,30,2.6297478196379842e-05,7.939523630803857e-06,0.0060202538158525,G2
R2_aB_m0,2,0,1,10,-0.01714467369845507,-0.005014178528214119,0.008748239668939999,G2
R2_aB_m0,2,0,2,30,0.06049798443943466,0.016799582252115003,-0.0040616126479813275,G2
R2_aB_m0,2,0,2,10,-0.15727876268379726,-0.039117665034982485,4.345418738644531,G2
R2_aB_m0,2,0,3,30,0.2360280326516042,-0.05633423098733803,3.4219356565879657,G2
R2_aB_m0,2,0,3,10,0.24925679057734218,-0.05864140650969912,3.4013974397815065,G2
R2_aB_m0,2,0,4,30,-0.0292243237309604,-0.008330137152513628,0.09165320716989467,G2
R2_aB_m0,2,0,4,10,0.567622597891561,0.08778196513311812,1.346175653065203,G2
R2_aB_m0,2,1,0,30,0.13807338117915335,-0.04011813331243458,-0.04335644211641654,G2
R2_aB_m0,2,1,0,10,-1.2237737967546551,-0.3678476206148942,-0.6850236086407335,G2
R2_aB_m0,2,1,1,30,-0.10623449451051731,0.028955167381057495,-0.03284785210739638,G2
R2_aB_m0,2,1,1,10,-1.2660152955630848,-0.3763644375296822,-0.9865636706984038,G2
R2_aB_m0,2,1,2,30,-0.015690170184386343,-0.004422782488349819,0.01440559352854115,G2
R2_aB_m0,2,1,2,10,-0.019584489183235965,-0.005503557531642611,0.015553719297970725,G2
R2_aB_m0,2,1,3,30,-0.045680059502849035,0.01091055288575471,-0.10766044399823382,G2
R2_aB_m0,2,1,3,10,-0.009772738030628999,-0.010437490489766277,2.6626488236758252,G2
R2_aB_m0,2,1,4,30,-2.476869481508711,-0.7862089645305947,24.04611848858375,G2
R2_aB_m0,2,1,4,10,-1.6299224625215007,-0.5060870994791586,50.00834182279096,G2
R2_aB_m0,2,2,0,30,-3.824469212379582,-1.2406442712870205,40.53199287507776,G2
R2_aB_m0,2,2,0,10,0.04544341690404741,0.014544091046600705,0.03854139049890004,G2
R2_aB_m0,2,2,1,30,0.2109707911453752,0.05151895119715591,-0.36609642932613795,G2
R2_aB_m0,2,2,1,10,-0.09492303307420147,-0.027907853369267932,4.0075332528153815,G2
R2_aB_m0,2,2,2,30,-0.009156809958523915,-0.001171310400981701,-0.0249027158775737,G2
R2_aB_m0,2,2,2,10,-0.06721918904002477,-0.021457680454568896,-0.5566575766899655,G2
R2_aB_m0,2,2,3,30,-0.3036245604534389,-0.10797070208800236,-3.9726678138485916,G2
R2_aB_m0,2,2,3,10,-0.13140850267879234,-0.0447314640098313,4.215776687607097,G2
R2_aB_m0,2,2,4,30,-3.5764651700754273,-1.1513638156282893,20.96428007266357,G2
R2_aB_m0,2,2,4,10,-3.47099275454499,-1.1043499328893638,14.872935315509963,G2
R4_aA_m0,3,0,0,30,0.1563034027415049,0.012344378804489603,0.138101799672663,G2
R4_aA_m0,3,0,0,10,0.05740285481692298,0.002632868543217093,0.018509242453502495,G2
R4_aA_m0,3,0,1,30,0.1686427232309231,0.008044593511060405,-0.10633367407703309,G2
R4_aA_m0,3,0,1,10,0.15307790983402147,0.007882689147780203,-0.08491694524060345,G2
R4_aA_m0,3,0,2,30,0.1230306976154738,0.0027644132355873,-0.0183043462143061,G2
R4_aA_m0,3,0,2,10,0.24133800712124498,0.0125660379520516,0.04044078539826812,G2
R4_aA_m0,3,0,3,30,-0.1449271110998106,-0.008777949904525996,0.013187566637477888,G2
R4_aA_m0,3,0,3,10,-0.23359651519938285,-0.009622179006763792,-0.066754747704097,G2
R4_aA_m0,3,0,4,30,0.004344869520344741,0.000512037118318702,0.0841692127767496,G2
R4_aA_m0,3,0,4,10,-0.015180990681333384,-0.0008583819602498988,0.07596271283463074,G2
R4_aA_m0,3,1,0,30,0.046063521454588585,0.0005642069947789929,0.001708832048939013,G2
R4_aA_m0,3,1,0,10,0.012906769684170705,0.0008302554058166045,0.047825359301946424,G2
R4_aA_m0,3,1,1,30,0.1618210029973951,0.0050396796909185915,-0.15943360182089839,G2
R4_aA_m0,3,1,1,10,0.1823553787801071,0.013354839326128076,-0.01656266018760255,G2
R4_aA_m0,3,1,2,30,0.1321209586262832,-0.001655314547796903,-0.013000739045889942,G2
R4_aA_m0,3,1,2,10,0.030069122326973896,-0.0075262552887677,-0.053624826132690484,G2
R4_aA_m0,3,1,3,30,-0.18074229851780083,-0.012584709168683504,0.008233769057359203,G2
R4_aA_m0,3,1,3,10,-0.1461437742441885,-0.010167547611948699,0.004530155450718998,G2
R4_aA_m0,3,1,4,30,0.009028856794942364,0.0009975671089789973,0.1039223218254568,G2
R4_aA_m0,3,1,4,10,0.005834707638929126,0.0008310566352733029,0.09756503024010499,G2
R4_aA_m0,3,2,0,30,0.09698386760055899,0.003302508067123122,-0.03588908856674444,G2
R4_aA_m0,3,2,0,10,0.14309529092275697,0.0043828757241002325,-0.06852706671791964,G2
R4_aA_m0,3,2,1,30,0.12853022672159764,0.006922480166845504,-0.03790506970280072,G2
R4_aA_m0,3,2,1,10,0.2671292750382165,0.020495252129021715,0.03763269360321053,G2
R4_aA_m0,3,2,2,30,0.1440751077207028,0.0017139771121004038,-0.07561127117712207,G2
R4_aA_m0,3,2,2,10,-0.2253736756947819,-0.007052943716540999,-0.13184147728857087,G2
R4_aA_m0,3,2,3,30,-0.19988501457196933,-0.014264741031324198,0.004579906256070798,G2
R4_aA_m0,3,2,3,10,-0.2052165767952725,-0.009536305356774105,-0.026238609952752484,G2
R4_aA_m0,3,2,4,30,0.050362205643676994,0.004383998079478604,0.15961773434538085,G2
R4_aA_m0,3,2,4,10,0.07129893031012058,0.005177360637484293,0.20662289021234037,G2
R4_aA_m0,4,0,0,30,0.2764286281142132,0.019415842084578597,0.5759085939880464,G2
R4_aA_m0,4,0,0,10,0.24469090037460495,0.022431973413140002,0.6289809008992946,G2
R4_aA_m0,4,0,1,30,-0.01168133258055759,0.00025720380055760383,0.597046473209847,G2
R4_aA_m0,4,0,1,10,-0.22650285163602968,-0.023882432170696494,0.46717390379448487,G2
R4_aA_m0,4,0,2,30,-0.06706615634125646,-0.006469380619437137,0.5414953393169746,G2
R4_aA_m0,4,0,2,10,0.023743169650878304,0.003925103023958432,0.7070384376442549,G2
R4_aA_m0,4,0,3,30,-0.5607532966885178,-0.06308876196136459,0.6084770258864616,G2
R4_aA_m0,4,0,3,10,-0.6547641157634301,-0.07376645115645042,0.6248512722539852,G2
R4_aA_m0,4,0,4,30,0.2655852877921916,0.029785409348738412,0.5985352077902142,G2
R4_aA_m0,4,0,4,10,0.5242309879271542,0.0571760699472799,0.6639494216390557,G2
R4_aA_m0,4,1,0,30,0.28920837175985215,0.0176941762932536,0.5844130930240294,G2
R4_aA_m0,4,1,0,10,0.3200921019952365,0.018863386032397497,0.5928296702475242,G2
R4_aA_m0,4,1,1,30,-0.03289148009582821,-0.0022783783661013968,0.5555945046973996,G2
R4_aA_m0,4,1,1,10,0.15070620690323278,0.018636230131237497,0.5940672046219722,G2
R4_aA_m0,4,1,2,30,-0.0451165003686258,-0.0037559600645433178,0.5390357229759172,G2
R4_aA_m0,4,1,2,10,-0.06732572818189109,-0.006209708583875095,0.46431615261767034,G2
R4_aA_m0,4,1,3,30,-0.46092942124129443,-0.05207188375935279,0.6851308641594755,G2
R4_aA_m0,4,1,3,10,-0.7089822357608306,-0.07969232198327258,0.376473916718413,G2
R4_aA_m0,4,1,4,30,0.2433640714577554,0.026272707786750504,0.599422163058654,G2
R4_aA_m0,4,1,4,10,-0.14325016590433992,-0.008443388807541793,0.3900331360377727,G2
R4_aA_m0,4,2,0,30,0.2635524519686351,0.025587122773888388,0.5622716305914774,G2
R4_aA_m0,4,2,0,10,0.3423761925540221,0.03527125474221729,0.6666216112273944,G2
R4_aA_m0,4,2,1,30,-0.019910318043711905,-0.0008391712434403231,0.5379463596580811,G2
R4_aA_m0,4,2,1,10,0.0016319576361718546,0.0014152007699037017,0.622098632369414,G2
R4_aA_m0,4,2,2,30,-0.1260167992026453,-0.01336884408202571,0.5694481110218088,G2
R4_aA_m0,4,2,2,10,0.0759814345993437,0.009696397522925171,0.7867960489155579,G2
R4_aA_m0,4,2,3,30,-0.44833223120697907,-0.05049769212070043,0.6312023730077545,G2
R4_aA_m0,4,2,3,10,-0.8121473328602544,-0.09148725030845722,0.27045334081106365,G2
R4_aA_m0,4,2,4,30,0.27054738602538064,0.029102855163295388,0.6144451190586202,G2
R4_aA_m0,4,2,4,10,0.3364835081585864,0.037248005685331986,0.7553838269038442,G2
R4_aA_m0,5,0,0,30,-0.09417417566537889,-0.01490852196490533,0.5991325835999817,G2
R4_aA_m0,5,0,0,10,-0.014309174405017444,-0.0010939712087991715,0.3691428081242236,G2
R4_aA_m0,5,0,1,30,-2.896958510718514,-0.35322916670212273,-1.2522427931172544,G2
R4_aA_m0,5,0,1,10,0.15018584043351912,-0.023165631359136102,-0.4595630754365252,G2
R4_aA_m0,5,0,2,30,0.06292677433711871,-0.008072298372060999,-0.3041484272752957,G2
R4_aA_m0,5,0,2,10,-0.3772663804988457,-0.0043904095992113035,-0.5167615734246231,G2
R4_aA_m0,5,0,3,30,0.2517500187337809,0.0082561567741814,-0.9018740457255365,G2
R4_aA_m0,5,0,3,10,-0.016384846884998194,0.00046026289475231685,-0.9361234977473973,G2
R4_aA_m0,5,0,4,30,-0.16275336269298624,-0.025848453169661667,-0.0464070867441535,G2
R4_aA_m0,5,0,4,10,-0.0852637646442167,-0.011444012494054245,-0.3049478735016038,G2
R4_aA_m0,5,1,0,30,-0.15961334610369793,-0.026082166552999664,0.28865861926713166,G2
R4_aA_m0,5,1,0,10,-0.17603702311033587,-0.029171277306142884,0.5044383401528059,G2
R4_aA_m0,5,1,1,30,-0.2632468357898432,-0.05538262505743069,-0.5961344169461613,G2
R4_aA_m0,5,1,1,10,0.006515908106232787,-0.024959250485012408,-0.5933877034844279,G2
R4_aA_m0,5,1,2,30,-0.08760116909388382,-0.02453319414468559,-0.1713754694678431,G2
R4_aA_m0,5,1,2,10,0.07353934500364101,0.010990833547118217,0.11476119590553191,G2
R4_aA_m0,5,1,3,30,-3.613120977553532,-0.43514640847659314,-1.651514508770532,G2
R4_aA_m0,5,1,3,10,-0.14907224610825331,-0.028103345509936505,-0.02904075351510671,G2
R4_aA_m0,5,1,4,30,-0.2534242066953043,-0.0401681209664313,-0.0071279357693860845,G2
R4_aA_m0,5,1,4,10,-0.28781480507051427,-0.0461556393220639,0.25316902479292125,G2
R4_aA_m0,5,2,0,30,-0.1512656487306705,-0.024925052503409262,0.6013387608136931,G2
R4_aA_m0,5,2,0,10,-0.12450508736904187,-0.017657428148947663,0.1483691299146095,G2
R4_aA_m0,5,2,1,30,-0.942651684618661,-0.14290653716113952,-0.5299103756082744,G2
R4_aA_m0,5,2,1,10,-0.37435504023653193,-0.05703741978244341,-0.4029514005272541,G2
R4_aA_m0,5,2,2,30,0.15823072994576112,-0.017762987076956005,-0.16259816927239368,G2
R4_aA_m0,5,2,2,10,0.040082690286281863,0.0065406228828988056,0.2152986212460961,G2
R4_aA_m0,5,2,3,30,0.027124041247672287,0.00017526015555099916,-0.5479857329716005,G2
R4_aA_m0,5,2,3,10,0.1209211500617715,-0.016753045806719213,-0.5260551812601433,G2
R4_aA_m0,5,2,4,30,-0.21576939570871012,-0.0356804369109428,0.06533143172798006,G2
R4_aA_m0,5,2,4,10,-0.1899945395059799,-0.029570554691964235,-0.10227828852884713,G2
R4_aA_m0,6,0,0,30,-0.0786202280604357,0.018867123613792502,1.1457970510585498,G2
R4_aA_m0,6,0,0,10,0.7434905559513283,0.03477891211251631,-0.7552252672919382,G2
R4_aA_m0,6,0,1,30,-0.27793771344812646,-0.032487073841201086,1.1802819929511714,G2
R4_aA_m0,6,0,1,10,0.23443058100726266,0.03559905261443322,1.3096554096670325,G2
R4_aA_m0,6,0,2,30,-0.3170952191424512,-0.041597165992077606,1.1646183496712617,G2
R4_aA_m0,6,0,2,10,0.6071953856991392,0.042637465891288986,1.3681840965649554,G2
R4_aA_m0,6,0,3,30,-0.5550491320190298,-0.08316573060273491,0.5890847316293879,G2
R4_aA_m0,6,0,3,10,-0.9977065424075224,-0.15255973547349,-0.20249300115682267,G2
R4_aA_m0,6,0,4,30,-0.0394718486368138,0.011955406924592807,1.1753236900032096,G2
R4_aA_m0,6,0,4,10,-1.3415434297106847,-0.2072307043645933,0.40625506062520644,G2
R4_aA_m0,6,1,0,30,-0.10339934345591095,0.017905578386067905,1.1634439759544222,G2
R4_aA_m0,6,1,0,10,-0.2373886630281108,-0.03823897364490658,0.2016393805039125,G2
R4_aA_m0,6,1,1,30,-0.23345380434263663,-0.0314565470141773,1.1805442600090998,G2
R4_aA_m0,6,1,1,10,-1.3245217680229748,-0.199712354901375,0.5217090812890897,G2
R4_aA_m0,6,1,2,30,-0.4164749071209892,-0.05889238784796913,1.0894071407934662,G2
R4_aA_m0,6,1,2,10,0.09240438277841645,0.0028441890477772236,-1.70193372389971,G2
R4_aA_m0,6,1,3,30,-0.49568955325804387,-0.07265244378298485,0.34039869966315095,G2
R4_aA_m0,6,1,3,10,-0.7697687278078065,-0.11441189143982411,0.11129437899457706,G2
R4_aA_m0,6,1,4,30,0.12035697084182428,0.0028155037699208046,1.0939699984078652,G2
R4_aA_m0,6,1,4,10,-0.08937516532102531,-0.006645526917954295,1.0448335956198436,G2
R4_aA_m0,6,2,0,30,-0.18356502578021627,-0.02032239027572498,1.1115699496474643,G2
R4_aA_m0,6,2,0,10,-0.2895440345480611,-0.04190252241628889,1.022950354249433,G2
R4_aA_m0,6,2,1,30,-0.49908513898824447,-0.0691927212922791,1.058781048125356,G2
R4_aA_m0,6,2,1,10,-0.8451142356371095,-0.12050129614579469,0.9264228859798838,G2
R4_aA_m0,6,2,2,30,-0.2474256810536558,-0.031039199442779802,1.2135311318449462,G2
R4_aA_m0,6,2,2,10,0.4084438679075235,0.05045176549765959,1.3644837226239312,G2
R4_aA_m0,6,2,3,30,-0.4423577898335349,-0.06529939882674674,0.8157832478644993,G2
R4_aA_m0,6,2,3,10,-0.8610275007538957,-0.12739455302916758,0.592510075357878,G2
R4_aA_m0,6,2,4,30,-0.08459511667640573,0.016039130852450102,1.0951634714082692,G2
R4_aA_m0,6,2,4,10,0.023501289982518506,-0.014895787486548004,1.081572121072063,G2
R4_aA_m0,7,0,0,30,-0.2954708815926681,-0.04201416045266826,0.8496295828287508,G2
R4_aA_m0,7,0,0,10,-0.3032775568506363,-0.04744671997140393,0.6419096692536046,G2
R4_aA_m0,7,0,1,30,-0.2244214408258327,-0.02579061427598439,0.01944392445498977,G2
R4_aA_m0,7,0,1,10,-0.17794707427843326,-0.021073817017906338,0.262393425993138,G2
R4_aA_m0,7,0,2,30,-0.30572106731341897,-0.041988875055771535,-0.12643525689367507,G2
R4_aA_m0,7,0,2,10,-0.3190158124393139,-0.04530679624253775,0.13952630829736146,G2
R4_aA_m0,7,0,3,30,-0.4060071893575161,-0.06954090816702779,-0.39177477447050624,G2
R4_aA_m0,7,0,3,10,-0.8444770453326661,-0.0723879317745121,-0.03788351783035693,G2
R4_aA_m0,7,0,4,30,-0.4758722611292985,-0.0749082097778786,0.28307411235395197,G2
R4_aA_m0,7,0,4,10,-0.7967000931475621,-0.11870923968895308,-0.09180784283040122,G2
R4_aA_m0,7,1,0,30,-0.24125046737675104,-0.033907856068035924,0.43119800061629476,G2
R4_aA_m0,7,1,0,10,-0.530616942334905,-0.0815428032756752,0.19071100593485824,G2
R4_aA_m0,7,1,1,30,-0.2287402887367742,-0.03654974973469033,-0.16608912081871985,G2
R4_aA_m0,7,1,1,10,-0.17623868880239613,-0.0277467183687381,0.8218245424356105,G2
R4_aA_m0,7,1,2,30,-0.18238268760405907,-0.015908829712210748,0.37262448517625124,G2
R4_aA_m0,7,1,2,10,-0.11182136972850776,-0.014693285988208404,0.2642834991336096,G2
R4_aA_m0,7,1,3,30,-0.49082759808184073,-0.006314986138162407,0.018776508455518037,G2
R4_aA_m0,7,1,3,10,-0.671044350670799,-0.10677956590833029,-0.36708985418314066,G2
R4_aA_m0,7,1,4,30,-0.3303904779375708,-0.05119007301239975,-0.5441925159997059,G2
R4_aA_m0,7,1,4,10,-0.5449396177051726,-0.09374369898878249,-0.2929164884336668,G2
R4_aA_m0,7,2,0,30,-0.29722165966949365,-0.04255807552188384,0.3836795511354705,G2
R4_aA_m0,7,2,0,10,-0.28898680464953896,-0.04275183490607093,0.6120371057355083,G2
R4_aA_m0,7,2,1,30,-0.346280650780165,-0.059975107088419355,-0.3294050762970375,G2
R4_aA_m0,7,2,1,10,-0.15227673974542544,-0.02482469000239307,0.3442659509645303,G2
R4_aA_m0,7,2,2,30,-0.20018575331252553,-0.02325404207000681,-0.19673929566085047,G2
R4_aA_m0,7,2,2,10,-0.114285456046749,-0.015727572939630785,0.314299849391273,G2
R4_aA_m0,7,2,3,30,-0.18943933404010538,-0.0199720275268066,0.18029022641026504,G2
R4_aA_m0,7,2,3,10,-0.12005471023376546,-0.02370055156410511,0.3050454601740167,G2
R4_aA_m0,7,2,4,30,-0.42494290531814727,-0.06914411409445387,-0.3376097697236311,G2
R4_aA_m0,7,2,4,10,-0.52146660894629,-0.08010042538410289,0.059669128090463985,G2
R4_aA_m0,8,0,0,30,-0.3853774697859573,0.011362914021584486,2.922357846551023,G2
R4_aA_m0,8,0,0,10,-0.07304765349845181,-0.010554635451823169,3.1775061921070336,G2
R4_aA_m0,8,0,1,30,-0.6599042532288291,-0.1244565813001422,3.442067698208861,G2
R4_aA_m0,8,0,1,10,-0.31597604606659146,-0.05841401172215965,3.7236241789760323,G2
R4_aA_m0,8,0,2,30,-0.3743216114964598,-0.06633833719947191,4.608903403212542,G2
R4_aA_m0,8,0,2,10,-0.42770264187043416,-0.07707257307376758,3.711534213713991,G2
R4_aA_m0,8,0,3,30,-0.9797189041075214,-0.18772682735787016,5.454564966246394,G2
R4_aA_m0,8,0,3,10,-0.64669947841388,-0.12369778749317373,7.079921384092589,G2
R4_aA_m0,8,0,4,30,-0.36051357378732707,0.006179083226535792,2.9744507809344274,G2
R4_aA_m0,8,0,4,10,-0.4831941567128033,-0.0795593220509293,3.041426045445906,G2
R4_aA_m0,8,1,0,30,-0.2594281025139459,-0.04240930130749848,3.1077161647862663,G2
R4_aA_m0,8,1,0,10,-0.42948528612860026,-0.08065579199807549,3.6396777074712787,G2
R4_aA_m0,8,1,1,30,-1.0129457958743497,-0.19205467476196691,3.584146343591442,G2
R4_aA_m0,8,1,1,10,-0.40996856711916063,-0.07657593567597087,4.767480930853157,G2
R4_aA_m0,8,1,2,30,-0.30776346967552737,-0.053178763340063995,5.390723975436517,G2
R4_aA_m0,8,1,2,10,-0.19180686439431227,-0.03212263328093101,6.273745570323616,G2
R4_aA_m0,8,1,3,30,-0.8702774529566577,-0.16824351629594048,4.927145646827679,G2
R4_aA_m0,8,1,3,10,-0.5309318477136058,-0.09759201950100271,8.54819219047305,G2
R4_aA_m0,8,1,4,30,-0.42642503110313795,-0.01358786444319951,2.996383342646789,G2
R4_aA_m0,8,1,4,10,-0.2031318585374826,-0.024377863124214305,3.0439157809596917,G2
R4_aA_m0,8,2,0,30,-0.4034770648032757,-0.0659144984318158,3.0457318929917,G2
R4_aA_m0,8,2,0,10,-0.31965722587935264,-0.05252681229714312,3.097202308143201,G2
R4_aA_m0,8,2,1,30,-0.7373177764567349,-0.11270937058441702,2.9719069206049626,G2
R4_aA_m0,8,2,1,10,-0.13418506545823328,-0.010479518592286796,3.0113977195946644,G2
R4_aA_m0,8,2,2,30,-0.3378403735646587,-0.059776444436450915,4.398895106589313,G2
R4_aA_m0,8,2,2,10,-0.3376145898755789,-0.05948301320853977,4.313622669854219,G2
R4_aA_m0,8,2,3,30,-0.5541285468145771,-0.1029252742998229,5.482337173033571,G2
R4_aA_m0,8,2,3,10,-0.8887835792220011,-0.16741058654698338,4.422095400514957,G2
R4_aA_m0,8,2,4,30,-0.26629932736798506,-0.013626102369083515,3.0503876407569948,G2
R4_aA_m0,8,2,4,10,-0.24255898903105744,-0.03559109338874669,3.1181350376079164,G2
R4_aA_m0,9,0,0,30,2.0536232778859524,0.4298450399050199,4.392718633673663,G2
R4_aA_m0,9,0,0,10,-3.4054723160562994,-0.7493545682105348,-1.991623074481077,G2
R4_aA_m0,9,0,1,30,-5.35201568662354,-0.843280135969953,0.6738739046342728,G2
R4_aA_m0,9,0,1,10,-5.2461338487922164,-1.0888614894532942,3.6530451352359545,G2
R4_aA_m0,9,0,2,30,-3.3043317821643217,-0.9079719771512962,1.2254106603943091,G2
R4_aA_m0,9,0,2,10,-1.960545619324475,-0.3828748938904709,1.2134955633750817,G2
R4_aA_m0,9,0,3,30,0.06422249634982968,0.014321092842981109,8.533146913412498,G2
R4_aA_m0,9,0,3,10,-3.2185680866467985,-0.641740414117556,6.025743245014894,G2
R4_aA_m0,9,0,4,30,-0.7668218047819622,-0.144957345166838,11.382701757134114,G2
R4_aA_m0,9,0,4,10,-0.6380912635037328,-0.12206030563791459,5.147646427653896,G2
R4_aA_m0,9,1,0,30,-1.9344888802955733,-0.4365612639782066,8.9390372954587,G2
R4_aA_m0,9,1,0,10,-0.6932581651384098,-0.1402894809866606,6.216264262690029,G2
R4_aA_m0,9,1,1,30,-3.131946869745113,-0.6056046202410388,2.5048807936656026,G2
R4_aA_m0,9,1,1,10,-1.7966920166019746,-0.368531712174509,2.842818250210211,G2
R4_aA_m0,9,1,2,30,-4.317869418440753,-0.8730370284867665,0.19446592076925562,G2
R4_aA_m0,9,1,2,10,-2.9403175006446256,-0.5830434673095073,0.6405247004521408,G2
R4_aA_m0,9,1,3,30,-6.778473401971354,-1.3482233978967983,1.4351450909983523,G2
R4_aA_m0,9,1,3,10,-0.8605381331968087,-0.17748032396892238,1.2694156705218198,G2
R4_aA_m0,9,1,4,30,2.3129184612477243,0.4825280622352549,3.985597433278458,G2
R4_aA_m0,9,1,4,10,-2.3889474882209587,-0.5473138353719187,10.47588804267895,G2
R4_aA_m0,9,2,0,30,-1.5254070786402454,0.18623384685285865,1.2253770746985708,G2
R4_aA_m0,9,2,0,10,-0.8200625635103642,0.33100872821870025,1.410034634470243,G2
R4_aA_m0,9,2,1,30,-6.1050964791127775,-0.7396681227304588,0.8563514592679748,G2
R4_aA_m0,9,2,1,10,-5.039873372095482,-1.1007046742402558,-2.213663826414633,G2
R4_aA_m0,9,2,2,30,-2.8125281946101257,-0.5214933544350076,0.12568149367374115,G2
R4_aA_m0,9,2,2,10,0.26012509810992857,0.0546429721216109,1.354009987375896,G2
R4_aA_m0,9,2,3,30,-4.636710809930728,-0.9859513981180597,0.6347812830811943,G2
R4_aA_m0,9,2,3,10,0.7343124989172596,0.09480092493287004,2.2406999320223084,G2
R4_aA_m0,9,2,4,30,0.6272750210542544,0.12643459612161112,4.228929419329637,G2
R4_aA_m0,9,2,4,10,-0.8775162920579156,-0.18684849825583294,4.289190882739721,G2
R4_aA_m0,10,0,0,30,0.004749645426017857,-0.0019043103585403287,17.108882153023934,G2
R4_aA_m0,10,0,0,10,-0.12952100585395776,-0.032219268591657135,16.920258751470808,G2
R4_aA_m0,10,0,1,30,-1.7356116873727432,-0.3700229123019565,14.660817328176343,G2
R4_aA_m0,10,0,1,10,-1.4193452229393708,-0.30188109501357685,15.198537123048226,G2
R4_aA_m0,10,0,2,30,1.092820667824184,0.2705920298371296,8.404845874103327,G2
R4_aA_m0,10,0,2,10,2.247751331170422,0.5328077889496621,8.003413432146639,G2
R4_aA_m0,10,0,3,30,0.054655097924225515,0.013246842396210656,33.14002500783144,G2
R4_aA_m0,10,0,3,10,-1.0126764997570046,-0.21438340150750057,19.214864636835394,G2
R4_aA_m0,10,0,4,30,-0.0024615021538210158,-0.008989926037434426,12.56315770124164,G2
R4_aA_m0,10,0,4,10,0.3248089988488818,0.07087406220045289,9.929981040297498,G2
R4_aA_m0,10,1,0,30,0.0006916977449815676,-0.004473362388002222,15.978790173704592,G2
R4_aA_m0,10,1,0,10,-0.20581659095554095,-0.0511046757183633,14.01537355927995,G2
R4_aA_m0,10,1,1,30,0.0827545499607476,0.013616453718090948,12.930090764797576,G2
R4_aA_m0,10,1,1,10,-0.20107023524361445,-0.0494385303507483,12.300439961933108,G2
R4_aA_m0,10,1,2,30,-1.1983529526998113,-0.24876565862109246,12.03892078069656,G2
R4_aA_m0,10,1,2,10,-0.9231572606308669,-0.19176222960789513,12.693119971287214,G2
R4_aA_m0,10,1,3,30,-1.4535972290396924,-0.30966894640629805,20.307963303144568,G2
R4_aA_m0,10,1,3,10,1.167795823006041,0.24411797017922415,6.594747740753274,G2
R4_aA_m0,10,1,4,30,-0.004234056692546062,-0.012266091609288265,14.258654399146515,G2
R4_aA_m0,10,1,4,10,0.21695201390344643,0.038898118912830126,13.70042048505345,G2
R4_aA_m0,10,2,0,30,0.1534343252437056,0.03848154249902502,15.435531437679462,G2
R4_aA_m0,10,2,0,10,0.4283274832789994,0.0987168277845536,18.74724923334388,G2
R4_aA_m0,10,2,1,30,0.08997690589024199,0.010635232471898792,11.540946752832458,G2
R4_aA_m0,10,2,1,10,-0.013723802730285506,-0.011664878322965366,11.188542169751667,G2
R4_aA_m0,10,2,2,30,0.6887879051533905,0.053749953207877094,6.113632205817355,G2
R4_aA_m0,10,2,2,10,-0.04411874254791448,-0.15726061202403868,6.0815871053917405,G2
R4_aA_m0,10,2,3,30,-1.41322816437102,-0.3032232436514557,12.414061937462485,G2
R4_aA_m0,10,2,3,10,-1.0834280466791453,-0.22698243974096438,6.243585486293735,G2
R4_aA_m0,10,2,4,30,0.06485164715618019,-0.0004457720931740905,11.808526791085718,G2
R4_aA_m0,10,2,4,10,-0.22462231089725382,-0.06512277790957799,11.562508981153002,G2
R4_aA_m0,11,0,0,30,-5.001052274737008,-1.4421699767381435,8.980740651298035,G2
R4_aA_m0,11,0,0,10,0.7841429573622705,0.2207401106192115,6.8953595919609105,G2
R4_aA_m0,11,0,1,30,-2.455141818057719,-0.08225131966522436,0.5479848649136172,G2
R4_aA_m0,11,0,1,10,0.0,0.0,0.0,G2
R4_aA_m0,11,0,2,30,-1.6598861007902057,-0.531520539863301,-0.8747421054153754,G2
R4_aA_m0,11,0,2,10,1.1337108302544052,0.393957707621014,0.17204385835164349,G2
R4_aA_m0,11,0,3,30,-1.023135514322655,-0.17656149900840823,0.8873565171856841,G2
R4_aA_m0,11,0,3,10,-1.6881890588775235,-0.3726320048436764,6.294405587431107,G2
R4_aA_m0,11,0,4,30,-3.979077894804604,-1.169436054189713,2.3175935782883883,G2
R4_aA_m0,11,0,4,10,-1.7842981902771813,-0.4254244824606963,-0.24060653601631227,G2
R4_aA_m0,11,1,0,30,-1.7230553135667526,-0.5551206784551863,0.9059422894232583,G2
R4_aA_m0,11,1,0,10,5.786625921152918,1.5436724262745294,54.73407360636712,G2
R4_aA_m0,11,1,1,30,1.439769120056157,0.5416751252748624,4.015283034106618,G2
R4_aA_m0,11,1,1,10,0.0,0.0,0.0,G2
R4_aA_m0,11,1,2,30,4.096613320065214,0.9633048267257502,11.523945385149505,G2
R4_aA_m0,11,1,2,10,-2.1204819402830175,-0.5259571704929711,-0.7141065377722904,G2
R4_aA_m0,11,1,3,30,5.2155489740708605,1.2817449018029454,12.315589860787679,G2
R4_aA_m0,11,1,3,10,1.11171596809415,-0.1358309717594234,9.486087622588425,G2
R4_aA_m0,11,1,4,30,-2.892525253785701,-0.8950273148817705,-0.00370323032122144,G2
R4_aA_m0,11,1,4,10,0.1288380676383909,0.03198039512362949,0.1645446243276245,G2
R4_aA_m0,11,2,0,30,-2.159136556934423,-0.6706237010360092,-0.150306181684428,G2
R4_aA_m0,11,2,0,10,-0.037963614820414104,-0.3267343430169054,0.011804087603278557,G2
R4_aA_m0,11,2,1,30,1.7055394933436645,0.5241397312335607,60.09248193099538,G2
R4_aA_m0,11,2,1,10,1.3583078400540456,0.18571661562898922,7.096494606956471,G2
R4_aA_m0,11,2,2,30,2.8215789920689813,0.6644129716863562,6.683237666389387,G2
R4_aA_m0,11,2,2,10,1.5386393294022556,0.2280342837263019,-1.8328839906648011,G2
R4_aA_m0,11,2,3,30,1.3391000161920223,0.09522283263787878,3.4385438826451256,G2
R4_aA_m0,11,2,3,10,0.1032397218558938,0.03492367265889257,-0.144689947538872,G2
R4_aA_m0,11,2,4,30,1.5244919897588511,0.8998707985492068,5.00933950250164,G2
R4_aA_m0,11,2,4,10,-1.4133283800954624,-0.37776279422528514,-0.6951209741786093,G2
R4_aA_m0,12,0,0,30,-0.526882603131718,-0.13726672795954586,3.6643662994472592,G2
R4_aA_m0,12,0,0,10,0.14128295915908406,0.03991424525057463,4.30925697707343,G2
R4_aA_m0,12,0,1,30,-0.2570197213835952,-0.06209194261539874,5.812585215096366,G2
R4_aA_m0,12,0,1,10,1.3371577531374843,0.38497957206052735,6.70054968945586,G2
R4_aA_m0,12,0,2,30,-0.1761854561555518,-0.04022985874147911,7.607494427960287,G2
R4_aA_m0,12,0,2,10,-0.06035768433497335,-0.010545863379848308,4.601374594179736,G2
R4_aA_m0,12,0,3,30,-0.22007087637610123,-0.05293394350232972,12.736011222431877,G2
R4_aA_m0,12,0,3,10,-0.06822372276628563,-0.01177863480069652,9.356168512832609,G2
R4_aA_m0,12,0,4,30,-0.2859745194304979,-0.06347515546060628,3.489081491784752,G2
R4_aA_m0,12,0,4,10,-0.6556664017157325,-0.18042911890308208,-2.1904740619817007,G2
R4_aA_m0,12,1,0,30,-0.1663889319812284,-0.03690825211612564,3.7373805018699064,G2
R4_aA_m0,12,1,0,10,-1.5848676099952101,-0.4534560419116157,-0.4718403989434532,G2
R4_aA_m0,12,1,1,30,-0.18985919324942468,-0.04257833144986045,7.743523725841216,G2
R4_aA_m0,12,1,1,10,-1.125328671200017,-0.3209944200785255,0.02381949337989475,G2
R4_aA_m0,12,1,2,30,-0.2598856962716747,-0.06262108607672379,6.555108760541778,G2
R4_aA_m0,12,1,2,10,-0.3395005903055921,-0.08529494533986437,3.120210650947948,G2
R4_aA_m0,12,1,3,30,-0.337720821624087,-0.08490712836710279,9.345562749997221,G2
R4_aA_m0,12,1,3,10,-0.43685179599690027,-0.11024288467559007,9.285402632680281,G2
R4_aA_m0,12,1,4,30,-0.44990635427092496,-0.054238312406684,3.3495099930011634,G2
R4_aA_m0,12,1,4,10,-0.8925913814762745,-0.22711569501004486,3.5463766783239024,G2
R4_aA_m0,12,2,0,30,-0.26418963482989355,-0.06572764089900418,4.2294953845022025,G2
R4_aA_m0,12,2,0,10,-0.8405665974749295,0.009538401518548512,2.56902704436541,G2
R4_aA_m0,12,2,1,30,-0.14915306222834124,-0.03368785579675826,4.1309901673662175,G2
R4_aA_m0,12,2,1,10,0.9835400028156487,0.29350818881807195,7.799252421580999,G2
R4_aA_m0,12,2,2,30,-0.1522410013904847,-0.038171000616011086,4.7090083698900855,G2
R4_aA_m0,12,2,2,10,-0.3827118965097507,-0.1119778759083877,-0.5661093824082108,G2
R4_aA_m0,12,2,3,30,-0.26773256541117263,-0.06558202435599658,5.4483825988831,G2
R4_aA_m0,12,2,3,10,-0.1556592142038702,-0.04278163579031102,3.601099322835135,G2
R4_aA_m0,12,2,4,30,-0.3844508247184546,-0.0940325977330344,3.459476871563833,G2
R4_aA_m0,12,2,4,10,-0.2911269788398312,-0.06979393222335883,4.044263537627327,G2
R4_aB_m0,3,0,0,30,0.1646007729358654,0.008475525803875998,0.43634486219854685,G2
R4_aB_m0,3,0,0,10,0.25464691655190186,-0.013635389130817799,0.32657010267617426,G2
R4_aB_m0,3,0,1,30,0.08177211977351062,0.009801596726820495,0.30407604248977926,G2
R4_aB_m0,3,0,1,10,0.2948002550502624,-0.00013682479875620074,0.31309434809074177,G2
R4_aB_m0,3,0,2,30,0.16350794541969027,0.016076650826318303,0.22619759650429738,G2
R4_aB_m0,3,0,2,10,0.4610197937595113,-0.016832035488090803,0.15658400526501629,G2
R4_aB_m0,3,0,3,30,-0.03369284049421095,-0.0017856581962462995,0.08973380043503743,G2
R4_aB_m0,3,0,3,10,0.25108424797962603,0.022364041096564,0.46240096233898553,G2
R4_aB_m0,3,0,4,30,0.12314576941094557,0.01095390699297591,0.2968166431928163,G2
R4_aB_m0,3,0,4,10,0.131839536452516,0.011015432561148203,0.38273333197318604,G2
R4_aB_m0,3,1,0,30,0.12900022495814611,0.005324676402771095,0.4241419762182912,G2
R4_aB_m0,3,1,0,10,0.312598351002477,-0.02296887159740911,0.3136455660370987,G2
R4_aB_m0,3,1,1,30,0.06603690450124988,0.009746125074487303,0.3181172057954005,G2
R4_aB_m0,3,1,1,10,0.1638271524133842,0.0087784402479398,0.3107694342965386,G2
R4_aB_m0,3,1,2,30,0.1021456891458481,0.010030053405348599,0.22748722247084663,G2
R4_aB_m0,3,1,2,10,0.12128732124700714,-0.010720496536120998,-0.5201057158624144,G2
R4_aB_m0,3,1,3,30,-0.011638364830677705,0.0006862087641112055,0.1308506368844118,G2
R4_aB_m0,3,1,3,10,0.2967051133824039,0.0245905502283525,0.22635676250799008,G2
R4_aB_m0,3,1,4,30,0.09269508013503103,0.008875444050322284,0.3404352829738786,G2
R4_aB_m0,3,1,4,10,-0.03547759850293908,-0.007569253496054196,-0.18310202050125132,G2
R4_aB_m0,3,2,0,30,0.12284473243087102,0.002281314876201,0.4553392211070215,G2
R4_aB_m0,3,2,0,10,0.41792748216460485,0.0192863481858562,0.7102746188684321,G2
R4_aB_m0,3,2,1,30,-0.003540051876274264,0.0074849684584840995,0.3090907358560546,G2
R4_aB_m0,3,2,1,10,0.3031839604627038,-0.0014316442629691006,0.4593391293987674,G2
R4_aB_m0,3,2,2,30,0.06250831556719527,0.0078882522491782,0.20695730220685626,G2
R4_aB_m0,3,2,2,10,0.16768210857045718,0.016151135258609502,0.31003548283870064,G2
R4_aB_m0,3,2,3,30,0.0057289778161977445,0.002122622920095907,0.1547871785721524,G2
R4_aB_m0,3,2,3,10,-0.2780748725689949,-0.017609818664038497,-0.04365967383362923,G2
R4_aB_m0,3,2,4,30,0.0823843186170845,0.007453990470267596,0.295222525615234,G2
R4_aB_m0,3,2,4,10,-0.26060694862833444,-0.02303599139494139,0.15597571688161915,G2
R4_aB_m0,4,0,0,30,0.025079412359479525,0.0033356658131409034,0.5821206552301281,G2
R4_aB_m0,4,0,0,10,0.07957048714428883,0.007019185691547802,0.5876617253740255,G2
R4_aB_m0,4,0,1,30,-0.1673995485223635,-0.002778029351087105,0.45557256816091907,G2
R4_aB_m0,4,0,1,10,-0.24201366306247907,-0.0012232193468774966,0.4316865546656201,G2
R4_aB_m0,4,0,2,30,-0.2027063787084178,-0.0160476983480497,0.4940239152195094,G2
R4_aB_m0,4,0,2,10,-0.16386448409691212,-0.013166464990854915,0.5140993979815973,G2
R4_aB_m0,4,0,3,30,-1.0113084782603838,-0.10762261937302192,1.0701805022756972,G2
R4_aB_m0,4,0,3,10,-0.8789572810915649,-0.09347816238687712,1.1603020878557784,G2
R4_aB_m0,4,0,4,30,-0.03627214597070694,0.0007667523429567835,0.5470140532667704,G2
R4_aB_m0,4,0,4,10,-0.030073130196980102,0.0011838339894651995,0.5547310017935383,G2
R4_aB_m0,4,1,0,30,-0.011572479249141177,0.0007429504616962013,0.6067781596847805,G2
R4_aB_m0,4,1,0,10,-0.016330468902781226,0.00021260195801539594,0.596054737678366,G2
R4_aB_m0,4,1,1,30,-0.2950721918233361,-0.0175930572793295,0.44870258411162744,G2
R4_aB_m0,4,1,1,10,-0.20837208377065775,-0.01052532255726589,0.4535028319224583,G2
R4_aB_m0,4,1,2,30,-0.13428391869442224,-0.010826882077993594,0.5263235620222515,G2
R4_aB_m0,4,1,2,10,-0.10354595885768814,-0.007889554953627004,0.5192823330922072,G2
R4_aB_m0,4,1,3,30,-0.7764456513137752,-0.0799581756276454,0.7230743682252108,G2
R4_aB_m0,4,1,3,10,-0.8177603335805674,-0.08715381813444661,0.8959770013795101,G2
R4_aB_m0,4,1,4,30,-0.043894716464648376,-0.001977988531997904,0.5624549040440256,G2
R4_aB_m0,4,1,4,10,-0.028620231723648804,-0.0006046311553438988,0.5762088091764372,G2
R4_aB_m0,4,2,0,30,0.024160824904626566,0.0028853891090489803,0.6009008770863651,G2
R4_aB_m0,4,2,0,10,0.055351469426676125,0.005004194256754718,0.6107099226164565,G2
R4_aB_m0,4,2,1,30,-0.2789204471051887,-0.017262558908038003,0.4502649171826749,G2
R4_aB_m0,4,2,1,10,-0.31668279084501316,-0.019844552375601593,0.4413390145757612,G2
R4_aB_m0,4,2,2,30,-0.08576997807525188,-0.006080132995095411,0.48913060039611356,G2
R4_aB_m0,4,2,2,10,-0.1451987217841233,-0.010223821142959222,0.47701215786988715,G2
R4_aB_m0,4,2,3,30,-0.7581410387474321,-0.07968973234567062,0.7685025485723118,G2
R4_aB_m0,4,2,3,10,-0.4272448057964464,-0.044984936941443454,0.966340605344489,G2
R4_aB_m0,4,2,4,30,0.032365187872144485,0.00656943711155189,0.6631763590755679,G2
R4_aB_m0,4,2,4,10,0.006307260638672485,0.003987451961852184,0.6734545956685742,G2
R4_aB_m0,5,0,0,30,0.056890953522928944,0.008584357037293933,0.4362521754510631,G2
R4_aB_m0,5,0,0,10,0.04872258055288703,0.007519528423814981,0.4290382668672148,G2
R4_aB_m0,5,0,1,30,0.10719010752598068,0.014448921855039515,0.3615624176305201,G2
R4_aB_m0,5,0,1,10,0.12525757829391337,0.016846128759154116,0.36905259500340604,G2
R4_aB_m0,5,0,2,30,0.07719626848291206,0.006142044074466391,0.11111708456374592,G2
R4_aB_m0,5,0,2,10,0.078218486405634,0.00628366293612409,0.11700731750436555,G2
R4_aB_m0,5,0,3,30,-0.19000976307508988,0.009824480335838999,-0.001067033228053127,G2
R4_aB_m0,5,0,3,10,-0.19274774143305579,0.010953967463041298,-0.0008308208666429895,G2
R4_aB_m0,5,0,4,30,0.03300295497659156,0.0066352623195911065,0.5841844267310456,G2
R4_aB_m0,5,0,4,10,0.11100870275936714,0.016293639379712982,0.5643727757545616,G2
R4_aB_m0,5,1,0,30,0.06610067701736755,0.009547258929012037,0.5076059862545277,G2
R4_aB_m0,5,1,0,10,0.06129017355733013,0.00908220765956902,0.4524355144204737,G2
R4_aB_m0,5,1,1,30,0.12284720823547271,0.014826324159618098,0.2967704445240851,G2
R4_aB_m0,5,1,1,10,0.1297933549833241,0.01563384080383312,0.30429625407761973,G2
R4_aB_m0,5,1,2,30,0.07307251234426149,0.005917430085326192,0.06387021908711499,G2
R4_aB_m0,5,1,2,10,0.07000651836949279,0.005303543943834976,0.06450015291396904,G2
R4_aB_m0,5,1,3,30,-0.1612254158149807,0.021786312446575203,0.1369968788601303,G2
R4_aB_m0,5,1,3,10,-0.1831067072410959,0.022115725546423305,0.13843980940644246,G2
R4_aB_m0,5,1,4,30,0.15528603039233912,0.021355551193804778,0.5842487244230075,G2
R4_aB_m0,5,1,4,10,0.1933894691270872,0.026291630455857418,0.6526670649705113,G2
R4_aB_m0,5,2,0,30,0.05154923823923441,0.007345285323423989,0.40426598219901866,G2
R4_aB_m0,5,2,0,10,0.030899886437093516,0.0047672078500031745,0.5248522572592629,G2
R4_aB_m0,5,2,1,30,0.13645767409612486,0.0182764036871364,0.40071924737094244,G2
R4_aB_m0,5,2,1,10,0.11429535982752892,0.015664414477484595,0.38668105526504504,G2
R4_aB_m0,5,2,2,30,0.13700927826189124,0.017323804273103788,0.2719731899156612,G2
R4_aB_m0,5,2,2,10,0.05103082288519167,0.005671906713335478,0.1267918601319178,G2
R4_aB_m0,5,2,3,30,-0.1735462324924564,0.016372234343409398,0.05797713066085458,G2
R4_aB_m0,5,2,3,10,-0.1627733948805077,0.0160701377243323,0.0656787746768423,G2
R4_aB_m0,5,2,4,30,0.13628565279809446,0.018023000515175802,0.6336017078086753,G2
R4_aB_m0,5,2,4,10,0.08783240279714621,0.012675744495519087,0.6210805059377056,G2
R4_aB_m0,6,0,0,30,0.2679715497568931,0.048147340366947566,0.721797013933803,G2
R4_aB_m0,6,0,0,10,-0.10000849523330535,-0.014932059318205515,0.706165338264217,G2
R4_aB_m0,6,0,1,30,0.004682049443391012,0.0006658183546067731,2772.7147967873207,G2
R4_aB_m0,6,0,1,10,0.004045049497027886,0.0005837393415014103,2870.767035771398,G2
R4_aB_m0,6,0,2,30,-0.00034272109090816016,0.00015649509071502532,62932.5955915213,G2
R4_aB_m0,6,0,2,10,0.00015850595021094094,0.00010913938746237584,69220.32917536423,G2
R4_aB_m0,6,0,3,30,-0.2315831548358509,-0.03194713170090979,-0.07683258813274607,G2
R4_aB_m0,6,0,3,10,-0.1830350415070332,-0.02500782188129058,-0.036664173447760184,G2
R4_aB_m0,6,0,4,30,0.15487017927976132,0.024643595892196113,0.3586106509229037,G2
R4_aB_m0,6,0,4,10,0.14774381529882996,0.023641970718350086,0.3502596580620696,G2
R4_aB_m0,6,1,0,30,0.08395679685936486,0.01647496118600139,0.14123947816153581,G2
R4_aB_m0,6,1,0,10,-0.11067513726278166,-0.01574743040148341,0.6084867215933283,G2
R4_aB_m0,6,1,1,30,-0.004610108806708979,-0.0003659701727428133,4505.005548584279,G2
R4_aB_m0,6,1,1,10,-0.0050177320175253115,-0.00038131418866910183,3950.9781154711927,G2
R4_aB_m0,6,1,2,30,-0.0022849095609296377,9.188379581170913e-05,64397.924205408315,G2
R4_aB_m0,6,1,2,10,-0.0017839808333981466,7.250167964961696e-05,64576.01929955272,G2
R4_aB_m0,6,1,3,30,-0.10736722645548191,-0.012779840169676704,0.23998893306330515,G2
R4_aB_m0,6,1,3,10,-0.09305354394182608,-0.011084601016799533,0.3663217073052154,G2
R4_aB_m0,6,1,4,30,0.23714262025773625,0.0399534663582391,1.3738068996030024,G2
R4_aB_m0,6,1,4,10,0.0026931635495794914,0.000919328592557056,0.4173411628638759,G2
R4_aB_m0,6,2,0,30,0.285895109500121,0.047675542283528494,0.9540821730746976,G2
R4_aB_m0,6,2,0,10,-0.041550480165866155,-0.004948656433056586,0.356599576749822,G2
R4_aB_m0,6,2,1,30,-0.23505871153530755,-0.03094455082921721,0.016742311903790608,G2
R4_aB_m0,6,2,1,10,0.05571438800354489,0.011285667735487337,0.4058271428115212,G2
R4_aB_m0,6,2,2,30,-0.04181492452563962,-0.007085498138554969,597.5773904467914,G2
R4_aB_m0,6,2,2,10,0.011685031367592469,0.0014344459158276979,555.2286937544468,G2
R4_aB_m0,6,2,3,30,-0.2707953294373979,-0.036180013820287016,-0.2183394126850997,G2
R4_aB_m0,6,2,3,10,-0.07882648347467569,-0.008668637684501546,0.29222222051071167,G2
R4_aB_m0,6,2,4,30,0.2056409112287112,0.03290284031227639,0.3569975396746319,G2
R4_aB_m0,6,2,4,10,0.21241212909139429,0.033964501970357,0.37826763783738593,G2
R4_aB_m0,7,0,0,30,-0.03379097468217501,-0.004077970884425991,0.06130808143555755,G2
R4_aB_m0,7,0,0,10,-0.0280010579043716,-0.003351851967273098,0.06093588405973366,G2
R4_aB_m0,7,0,1,30,-0.031193719493561645,-0.005757498329231392,0.20502025242453303,G2
R4_aB_m0,7,0,1,10,-0.03334211856528402,-0.0061184541734248254,0.19924912823669727,G2
R4_aB_m0,7,0,2,30,-0.002281294719190363,-0.0010255008202302296,0.2066281354994608,G2
R4_aB_m0,7,0,2,10,0.0056421311209553515,0.0001618605134072748,0.23613127612043483,G2
R4_aB_m0,7,0,3,30,-0.11149693864446375,-0.022491348766547903,0.06951390952217729,G2
R4_aB_m0,7,0,3,10,-0.11103730208218532,-0.022596671200544927,0.060543628532491844,G2
R4_aB_m0,7,0,4,30,0.027043157138368024,0.00492320222052639,0.1830481873161247,G2
R4_aB_m0,7,0,4,10,-0.02742554135006947,-0.0041482914557774975,0.12804621445213848,G2
R4_aB_m0,7,1,0,30,0.07742215233277311,-0.002784492356451701,0.07051162277287615,G2
R4_aB_m0,7,1,0,10,0.0717748782837005,-0.007153813135134496,0.06403173670799844,G2
R4_aB_m0,7,1,1,30,-0.03985867571583546,-0.006888514614758479,0.19990250378677832,G2
R4_aB_m0,7,1,1,10,-0.04145751605833725,-0.007146009320243674,0.2123550182423597,G2
R4_aB_m0,7,1,2,30,0.01802523031485559,0.0013378343842068985,0.14168098127832862,G2
R4_aB_m0,7,1,2,10,0.022704706957464627,0.0017047156897508076,0.13935592863437518,G2
R4_aB_m0,7,1,3,30,-0.07625039757055818,-0.01589375087799577,0.13901264760324317,G2
R4_aB_m0,7,1,3,10,-0.08010908890766677,-0.016153130257960613,0.13126735213853635,G2
R4_aB_m0,7,1,4,30,0.013950120214300477,0.0015949051154416083,0.05789591372135672,G2
R4_aB_m0,7,1,4,10,0.02219268638610622,0.002877538209969402,0.05809486751387438,G2
R4_aB_m0,7,2,0,30,-0.08070948510130371,-0.012595574059008019,0.05397480237121588,G2
R4_aB_m0,7,2,0,10,-0.08581172192809827,-0.01369528589472191,0.05382736965731105,G2
R4_aB_m0,7,2,1,30,0.05398947496212225,0.007209257007180392,0.06601972861501679,G2
R4_aB_m0,7,2,1,10,-0.0395607564888123,-0.008343395725442501,0.044416678364597506,G2
R4_aB_m0,7,2,2,30,-0.036084430986974336,-0.008433780078656916,0.0588146771410023,G2
R4_aB_m0,7,2,2,10,-0.03342854886154378,-0.007653554489912895,0.06324817996431253,G2
R4_aB_m0,7,2,3,30,-0.12330901428908536,-0.021563584120343926,0.20729895818708322,G2
R4_aB_m0,7,2,3,10,-0.11876768728283249,-0.01995620291622574,0.23655655828419597,G2
R4_aB_m0,7,2,4,30,-0.1277867599390814,-0.021746348271164506,0.2904725236427259,G2
R4_aB_m0,7,2,4,10,-0.0904351835621604,-0.01516626415479766,0.3377347652111595,G2
R4_aB_m0,8,0,0,30,-0.12391231703218497,-0.025930932782643523,1.3711934526959544,G2
R4_aB_m0,8,0,0,10,-0.049873604530728866,-0.011948697513854911,1.4048499466632571,G2
R4_aB_m0,8,0,1,30,-0.016627818809650752,-0.0067309140991561045,1.113169813240205,G2
R4_aB_m0,8,0,1,10,-0.1480908278557852,-0.03236584258672981,0.9683339465638858,G2
R4_aB_m0,8,0,2,30,0.5580133111309897,0.1139226767765696,0.8707897745389238,G2
R4_aB_m0,8,0,2,10,0.49831506095329314,0.10264778776988079,1.1378389002217966,G2
R4_aB_m0,8,0,3,30,-1.0527637037497262,-0.18853356888568762,3.8771276167607276,G2
R4_aB_m0,8,0,3,10,-1.1306210858234191,-0.20685396039595216,5.167998267152676,G2
R4_aB_m0,8,0,4,30,-0.1285140239727759,-0.027191250689134916,1.3345174718374357,G2
R4_aB_m0,8,0,4,10,-0.20082188797751177,-0.04047902687841737,1.1995483985527713,G2
R4_aB_m0,8,1,0,30,-0.12753236753668462,-0.025153912166063608,1.443933838069679,G2
R4_aB_m0,8,1,0,10,-0.21962994386743295,-0.04253773664994581,1.1739426180697117,G2
R4_aB_m0,8,1,1,30,-0.0038531160899850647,-0.0016966390066245896,1.1891256292291592,G2
R4_aB_m0,8,1,1,10,0.07003044901825439,0.012912315406383101,1.1758898276381737,G2
R4_aB_m0,8,1,2,30,-1.0122474889453408,-0.19129710646042225,1.0453582371364574,G2
R4_aB_m0,8,1,2,10,-0.9131139931201218,-0.17183062666558413,1.105787021706762,G2
R4_aB_m0,8,1,3,30,-0.7004344890415979,-0.11697163639550379,5.65160819204025,G2
R4_aB_m0,8,1,3,10,-0.7003589926751079,-0.11746991101761783,6.750148169047105,G2
R4_aB_m0,8,1,4,30,-0.07985151650884048,-0.016481720866416527,1.1703740524193726,G2
R4_aB_m0,8,1,4,10,-0.09197785524891477,-0.0188784771286879,1.1962912209545533,G2
R4_aB_m0,8,2,0,30,-0.1292627590424027,-0.026043064877280087,1.4499150680672983,G2
R4_aB_m0,8,2,0,10,-0.19618847205454504,-0.03941061105295263,1.5723547786247773,G2
R4_aB_m0,8,2,1,30,-1.776880700460397,-0.2990204609653269,0.796741011643392,G2
R4_aB_m0,8,2,1,10,-1.4716279962419685,-0.24422799120487831,0.7229167456303847,G2
R4_aB_m0,8,2,2,30,-0.8104346333748569,-0.14844849771902138,0.5715504971725931,G2
R4_aB_m0,8,2,2,10,-0.6910122107959326,-0.1262125970133794,0.6247442647819228,G2
R4_aB_m0,8,2,3,30,-0.9144653617174017,-0.16636822726988898,1.8082955126716662,G2
R4_aB_m0,8,2,3,10,-1.0401996555678754,-0.19311715389865136,1.7084647507647102,G2
R4_aB_m0,8,2,4,30,-0.0018259409538102789,-0.0028932856578881005,1.0694578473803293,G2
R4_aB_m0,8,2,4,10,0.11451087702779023,0.01851313339078481,1.0577026398659237,G2
R4_aB_m0,9,0,0,30,-0.22205759788576085,-0.05740810241718086,11.353461129299262,G2
R4_aB_m0,9,0,0,10,-0.2165600735327926,-0.05571358808944438,11.17546860327839,G2
R4_aB_m0,9,0,1,30,-0.13420913159106718,-0.03313687221607786,24.853561814018946,G2
R4_aB_m0,9,0,1,10,0.34382225382490716,-0.042121980881838494,33.725427985810995,G2
R4_aB_m0,9,0,2,30,-0.20631422075880668,-0.05293233226123539,23.616635605130732,G2
R4_aB_m0,9,0,2,10,-0.18461747441807574,-0.047021035960354896,22.589515333517568,G2
R4_aB_m0,9,0,3,30,-0.12801332657299191,-0.03298665471169615,30.20039001152996,G2
R4_aB_m0,9,0,3,10,-0.05467551288587558,-0.013285396914910264,26.724725716115017,G2
R4_aB_m0,9,0,4,30,-0.24111710181126034,-0.06211369023383817,12.273816633813475,G2
R4_aB_m0,9,0,4,10,-0.2510151677413881,-0.0648441994627964,12.673723495458205,G2
R4_aB_m0,9,1,0,30,-0.02333277433676706,-0.16233870842954445,23.65998673059331,G2
R4_aB_m0,9,1,0,10,-0.2846863290523123,-0.07653029549515855,16.175023723673405,G2
R4_aB_m0,9,1,1,30,0.5526339762885826,-0.020975696751763362,42.847266295249206,G2
R4_aB_m0,9,1,1,10,0.40414523131739344,-0.030013310929360326,40.60462036771492,G2
R4_aB_m0,9,1,2,30,0.0731595890914658,-0.1352771064852345,28.285403000808145,G2
R4_aB_m0,9,1,2,10,0.10436071406570235,-0.10542475360689241,27.017877322654627,G2
R4_aB_m0,9,1,3,30,0.6323416669878936,-0.007300979867899349,39.44834696918498,G2
R4_aB_m0,9,1,3,10,0.5621876489997257,-0.006509544184458482,37.41944562524087,G2
R4_aB_m0,9,1,4,30,-0.2199335418054824,-0.05502595747735961,13.955140216474113,G2
R4_aB_m0,9,1,4,10,-0.3579705499122987,-0.09517304407448801,16.779762751593815,G2
R4_aB_m0,9,2,0,30,-0.3530779823607064,-0.1048175991178486,20.489863331243228,G2
R4_aB_m0,9,2,0,10,-0.3297964022570019,-0.09566720575878063,19.497978876421072,G2
R4_aB_m0,9,2,1,30,-0.1726304418801181,-0.042099702680129525,23.027087635402317,G2
R4_aB_m0,9,2,1,10,-0.17208568703967142,-0.04186331614374961,22.958556962754344,G2
R4_aB_m0,9,2,2,30,-0.12948055496353383,-0.031964808441971915,14.380400738636489,G2
R4_aB_m0,9,2,2,10,-0.11954348088479705,-0.02942142858747676,14.079107530922307,G2
R4_aB_m0,9,2,3,30,-0.08842022082248313,-0.021905362095418823,19.68601834970994,G2
R4_aB_m0,9,2,3,10,-0.09982861498197781,-0.024645963307239782,20.27147370155562,G2
R4_aB_m0,9,2,4,30,0.3550967371099869,-0.05762323602135244,28.25050907160756,G2
R4_aB_m0,9,2,4,10,0.1518677507007169,-0.10393883487614297,30.480935712036853,G2
R4_aB_m0,10,0,0,30,-0.05829905522825918,-0.015133993032408699,5.631276645215101,G2
R4_aB_m0,10,0,0,10,0.14120762156043876,0.034290724459052346,4.254876231345612,G2
R4_aB_m0,10,0,1,30,-0.15083652099789813,-0.030599159831357303,18.430011577525683,G2
R4_aB_m0,10,0,1,10,-0.11152327079660829,-0.023084625162479666,18.587207419977837,G2
R4_aB_m0,10,0,2,30,-0.09205982632158527,-0.022270778933027424,14.061208799596848,G2
R4_aB_m0,10,0,2,10,0.011092033664102274,-0.00035010825573777993,13.63324209864648,G2
R4_aB_m0,10,0,3,30,-0.17982034545863446,-0.03923837331930158,25.809380615728493,G2
R4_aB_m0,10,0,3,10,-0.18561543313834683,-0.03992626265409016,25.825054941571445,G2
R4_aB_m0,10,0,4,30,0.3668444397776536,0.07866126142131208,3.271785165749738,G2
R4_aB_m0,10,0,4,10,0.8213196919723404,0.17554659001357154,2.8204134381659287,G2
R4_aB_m0,10,1,0,30,-0.0011100283104603648,-0.005485855254876659,6.017358324508373,G2
R4_aB_m0,10,1,0,10,0.648529483527714,0.15314938216849228,4.035874349147333,G2
R4_aB_m0,10,1,1,30,-0.11110185668028638,-0.02582585752614408,16.71333455672038,G2
R4_aB_m0,10,1,1,10,-0.08892177260169465,-0.017497167683264037,14.101552934470767,G2
R4_aB_m0,10,1,2,30,-0.1376020367175963,-0.033421589911331706,12.316339157306842,G2
R4_aB_m0,10,1,2,10,-0.12120563200962309,-0.02936646335887838,11.918876435719334,G2
R4_aB_m0,10,1,3,30,-0.19353333206381507,-0.0436298658313794,20.49401482433469,G2
R4_aB_m0,10,1,3,10,-0.2792611026729226,-0.05985457686716078,19.50245235809534,G2
R4_aB_m0,10,1,4,30,0.3032090336714879,0.060474338664486704,3.1694375211357677,G2
R4_aB_m0,10,1,4,10,0.5943142269788839,0.12267124897150561,3.101637499401206,G2
R4_aB_m0,10,2,0,30,0.18831186381432863,0.03966712930816729,3.6498505565458856,G2
R4_aB_m0,10,2,0,10,0.4812032893683349,0.1082476849923587,3.577987087419638,G2
R4_aB_m0,10,2,1,30,0.11868229882486503,0.03063318264916237,10.064450027749405,G2
R4_aB_m0,10,2,1,10,0.051770021217147466,0.012866580100499903,11.496661292249618,G2
R4_aB_m0,10,2,2,30,-0.03170738321269795,-0.01442423746671384,6.836064994689025,G2
R4_aB_m0,10,2,2,10,0.017269698724851068,-0.005180876088364261,7.069885210751615,G2
R4_aB_m0,10,2,3,30,-0.1149355757456263,-0.02484349096000571,10.897730222140233,G2
R4_aB_m0,10,2,3,10,-0.13109974797517943,-0.028907015524266555,10.73366106675314,G2
R4_aB_m0,10,2,4,30,0.10990654094609642,0.025070074780618623,4.633879874345876,G2
R4_aB_m0,10,2,4,10,-0.39185260111506004,-0.09304644536781059,4.280121677844118,G2
R4_aB_m0,11,0,0,30,0.11387161219973718,-0.07205175835279698,10.141343298914208,G2
R4_aB_m0,11,0,0,10,0.7257770991187793,0.1315277845731897,8.169678787221144,G2
R4_aB_m0,11,0,1,30,0.6456393985629845,0.10858676330390016,13.166510440876863,G2
R4_aB_m0,11,0,1,10,-0.23819107274491635,-0.133475481329554,3.04508141973211,G2
R4_aB_m0,11,0,2,30,0.5600063537433924,0.08879318089287236,12.963191006559466,G2
R4_aB_m0,11,0,2,10,0.6840198929152024,0.10018093622543622,13.05238389526049,G2
R4_aB_m0,11,0,3,30,0.669716909392216,0.14098502579972783,16.973047151589192,G2
R4_aB_m0,11,0,3,10,0.3136758245536697,0.06308728091198024,16.724897950394094,G2
R4_aB_m0,11,0,4,30,0.24248084949513382,-0.0466954359510644,9.112328552094318,G2
R4_aB_m0,11,0,4,10,0.3204980419808181,-0.01748566834929599,8.75907714392336,G2
R4_aB_m0,11,1,0,30,0.6526141055122965,0.12130994394368377,10.860272091666772,G2
R4_aB_m0,11,1,0,10,0.40508626646120627,0.07939922782397035,7.905832226683952,G2
R4_aB_m0,11,1,1,30,0.71766947712974,0.14005205354068506,15.678708754135869,G2
R4_aB_m0,11,1,1,10,0.5187384864637163,0.08383122896068018,15.006762195830568,G2
R4_aB_m0,11,1,2,30,0.49398980159320427,0.060894015932414725,13.116382891074874,G2
R4_aB_m0,11,1,2,10,0.5986942940416595,0.10056061282984796,15.716141896497628,G2
R4_aB_m0,11,1,3,30,0.7384698378856385,0.15214961623948287,19.934968856441095,G2
R4_aB_m0,11,1,3,10,0.5443111866557011,0.09004985643521923,19.303667034769298,G2
R4_aB_m0,11,1,4,30,0.4626862638464315,0.05773884320195444,13.598909778512645,G2
R4_aB_m0,11,1,4,10,0.13562071910720652,-0.04183963654443246,9.957635525454728,G2
R4_aB_m0,11,2,0,30,0.5145055074269616,0.07187440992571725,10.662719616709222,G2
R4_aB_m0,11,2,0,10,0.4268738276431776,0.035561170265815956,9.875931525017041,G2
R4_aB_m0,11,2,1,30,0.5577677434637316,0.0727885802248649,11.920701646747869,G2
R4_aB_m0,11,2,1,10,0.7081839987472445,0.10948431059330843,7.653533551845836,G2
R4_aB_m0,11,2,2,30,0.43971760773580737,0.01787719684496547,9.028272823112172,G2
R4_aB_m0,11,2,2,10,-0.31615781152020705,-0.1250047400290446,-1.3583365584466467,G2
R4_aB_m0,11,2,3,30,0.538120600694862,0.07686947950846368,12.41433221977869,G2
R4_aB_m0,11,2,3,10,0.5059744348482895,0.06439166739502955,11.584025731169728,G2
R4_aB_m0,11,2,4,30,0.7322371802509857,0.1340311275495163,9.849714837098851,G2
R4_aB_m0,11,2,4,10,0.9743338425955734,0.18835138359819908,6.213269765286766,G2
R4_aB_m0,12,0,0,30,-0.49958796366666003,-0.14284175244662933,0.4889492766286829,G2
R4_aB_m0,12,0,0,10,-0.3150898472574286,-0.08899344326174852,0.7584755613262852,G2
R4_aB_m0,12,0,1,30,-0.2792046680891902,-0.07293832804063119,0.11509852865018866,G2
R4_aB_m0,12,0,1,10,-0.05460902713046467,-0.015913963966683875,0.49276043456627905,G2
R4_aB_m0,12,0,2,30,-0.06770997134480439,-0.015903148540852202,0.14596959687350752,G2
R4_aB_m0,12,0,2,10,0.1582961675740575,0.04630165951686904,0.48135720052677744,G2
R4_aB_m0,12,0,3,30,-0.2875797950268185,-0.08595865871563829,0.26382129692819234,G2
R4_aB_m0,12,0,3,10,-0.9456123989961525,-0.2578073460068509,0.5122587764013726,G2
R4_aB_m0,12,0,4,30,-0.340370735043964,-0.09881828058847841,0.17413742887900208,G2
R4_aB_m0,12,0,4,10,0.18057100262427034,-0.0535200391049,0.10747688737440253,G2
R4_aB_m0,12,1,0,30,-0.49710017098975245,-0.14094684322823747,0.39709479196134545,G2
R4_aB_m0,12,1,0,10,0.18753490414598184,0.05114263391747048,0.27363568214229195,G2
R4_aB_m0,12,1,1,30,-0.3554422478376962,-0.09457381927876929,0.11888265952257693,G2
R4_aB_m0,12,1,1,10,-0.3729046594740284,-0.09277514494966055,0.7740399004188898,G2
R4_aB_m0,12,1,2,30,0.11967253687652946,-0.0346341198206019,0.10148771722276129,G2
R4_aB_m0,12,1,2,10,0.42596711241923013,-0.11720042648834209,0.15676901068298532,G2
R4_aB_m0,12,1,3,30,-0.2579400899764733,-0.06943118404385273,0.47783059684410567,G2
R4_aB_m0,12,1,3,10,-0.5075942477447741,-0.13706730459608973,1.0472998770479238,G2
R4_aB_m0,12,1,4,30,-0.16837074205249752,-0.0496062997069911,0.04294818955679158,G2
R4_aB_m0,12,1,4,10,-0.1827611661634131,-0.056742095141068094,0.23858349737743234,G2
R4_aB_m0,12,2,0,30,-0.550496202248183,-0.15457830518229398,0.46737775211635535,G2
R4_aB_m0,12,2,0,10,0.9077573561540151,0.2430266012925396,0.3237281244916612,G2
R4_aB_m0,12,2,1,30,-0.1940382974182745,-0.049542992802946495,0.14915015175528357,G2
R4_aB_m0,12,2,1,10,-0.1692952168380053,-0.047602899006339516,0.5347403021452473,G2
R4_aB_m0,12,2,2,30,0.13811140409263029,0.024106447654985798,0.13860409651191907,G2
R4_aB_m0,12,2,2,10,-0.04872393818598561,-0.014758391619588598,0.1350870553829583,G2
R4_aB_m0,12,2,3,30,-0.09107940374445733,-0.01754919221119472,-0.01352368768412271,G2
R4_aB_m0,12,2,3,10,-0.10370928673555668,-0.021912717899783107,0.03689140857439188,G2
R4_aB_m0,12,2,4,30,0.2658282259038331,-0.0429727631539356,-0.07946889274262503,G2
R4_aB_m0,12,2,4,10,-0.24869975084197127,0.0097107516077036,-0.11792702043321901,G2
R5_aA_m0,0,0,0,30,3.546612376157939,1.0304481108653725,11.259991208973535,G2
R5_aA_m0,0,0,0,10,5.310815613754046,1.5651512665844833,10.81767894390202,G2
R5_aA_m0,0,0,1,30,-0.07591491426748709,-0.0233467063940212,1.203251065447155,G2
R5_aA_m0,0,0,1,10,-0.13212476590137667,-0.04160234092243298,1.3519122429782051,G2
R5_aA_m0,0,0,2,30,-0.11783166367213843,-0.023699161696642893,1.1470283136528825,G2
R5_aA_m0,0,0,2,10,-0.23577707561397687,-0.07063385318062182,1.1958373101998734,G2
R5_aA_m0,0,0,3,30,0.05709170039892353,0.018158693669920956,1.639360971963864,G2
R5_aA_m0,0,0,3,10,-2.305536955819216,-0.6215853130195389,-1.4387967902704304,G2
R5_aA_m0,0,0,4,30,3.498168690409461,1.0398575589431291,11.329182931841313,G2
R5_aA_m0,0,0,4,10,3.1440657631281947,0.93579667759376,5.676263015111431,G2
R5_aA_m0,0,1,0,30,3.789057459737047,1.1050717815513986,10.158748848045619,G2
R5_aA_m0,0,1,0,10,1.6871378048638133,0.49527066683193743,2.104688457660086,G2
R5_aA_m0,0,1,1,30,-0.08464373327755137,-0.021793987705127388,1.168923106290357,G2
R5_aA_m0,0,1,1,10,0.24263485648013883,0.23083895710903424,1.4518778685865028,G2
R5_aA_m0,0,1,2,30,-0.09693023975417314,-0.031103315284268906,1.5121964449668628,G2
R5_aA_m0,0,1,2,10,-0.36020936322551744,-0.3635071050058636,1.397492555497271,G2
R5_aA_m0,0,1,3,30,-0.07676761815763111,-0.025754333126570605,3.2885914810151498,G2
R5_aA_m0,0,1,3,10,-0.036511835410769855,-0.012183478458447139,5.571639566167299,G2
R5_aA_m0,0,1,4,30,3.669351901950989,1.0853685153387154,10.86523599342856,G2
R5_aA_m0,0,1,4,10,2.6732867046727065,0.779247228235401,6.841269691883151,G2
R5_aA_m0,0,2,0,30,3.8291855381950155,1.1368305300688353,11.602151046610674,G2
R5_aA_m0,0,2,0,10,4.308699091334317,1.2725123857281544,5.891698517157419,G2
R5_aA_m0,0,2,1,30,3.5418498421119686,1.0058310629962197,8.851918762006715,G2
R5_aA_m0,0,2,1,10,3.0591481617812066,0.8681746724253043,5.6810205688940085,G2
R5_aA_m0,0,2,2,30,-0.0683252559654058,-0.02507807794256539,1.064082826451103,G2
R5_aA_m0,0,2,2,10,1.065836395819071,0.37151849254724134,1.5653382721466915,G2
R5_aA_m0,0,2,3,30,0.07396963560928915,0.021143423950748308,1.155647464582625,G2
R5_aA_m0,0,2,3,10,0.049328893581734645,0.014927731652747245,1.246429141995864,G2
R5_aA_m0,0,2,4,30,3.2436199717160297,0.9320268107192079,9.01752821830567,G2
R5_aA_m0,0,2,4,10,3.995032672996063,1.237283323322283,5.358647758435464,G2
R5_aA_m0,1,0,0,30,-1.0999181564606084,0.3568167136010244,7.652777293317936,G2
R5_aA_m0,1,0,0,10,-0.7823912334356313,-0.20148119382420382,11.986709027174282,G2
R5_aA_m0,1,0,1,30,-1.3571732043579758,-0.4042612182462337,6.5318323352843315,G2
R5_aA_m0,1,0,1,10,1.5378259113453308,0.3006306935035306,2.347747793707024,G2
R5_aA_m0,1,0,2,30,-1.6169520270751814,-0.3398367295506528,6.357398891081546,G2
R5_aA_m0,1,0,2,10,0.6549110546294252,0.171689563532789,2.2326334455781227,G2
R5_aA_m0,1,0,3,30,-2.1674051910481955,-0.6994399446399708,8.184832570377498,G2
R5_aA_m0,1,0,3,10,-2.874132437124573,-0.8580412501585069,8.285995108379034,G2
R5_aA_m0,1,0,4,30,-1.1821945984027145,-0.3465037109007613,7.172623833173066,G2
R5_aA_m0,1,0,4,10,-0.18356881807517728,0.0748664468466112,7.273459728852071,G2
R5_aA_m0,1,1,0,30,-1.1012018790558995,-0.11875177117994498,7.0782407504775,G2
R5_aA_m0,1,1,0,10,-0.12548006226498876,-0.007702513859529692,8.184156356855194,G2
R5_aA_m0,1,1,1,30,-1.8416117219468515,-0.5637170116478057,5.829733536781712,G2
R5_aA_m0,1,1,1,10,0.491186115453527,0.1862510242491612,4.85127658036702,G2
R5_aA_m0,1,1,2,30,-1.5073361091022703,-0.48988265799039216,0.7879210390259255,G2
R5_aA_m0,1,1,2,10,-2.931347036366339,-0.8800810579266658,7.809097670516524,G2
R5_aA_m0,1,1,3,30,-1.929245785733769,-0.6354786400256407,8.578079025750803,G2
R5_aA_m0,1,1,3,10,-2.0505968249199746,-0.6087077150968454,13.947946554386974,G2
R5_aA_m0,1,1,4,30,-1.2884668242139645,-0.3734253190370729,6.977111597432511,G2
R5_aA_m0,1,1,4,10,-0.3838503907730839,-0.07768799436892293,8.188166605598457,G2
R5_aA_m0,1,2,0,30,-0.9632538257936493,-0.08569617534318652,7.0570304808440465,G2
R5_aA_m0,1,2,0,10,-0.6374226826465939,-0.1749164737989206,9.368175892508017,G2
R5_aA_m0,1,2,1,30,-1.2620212295128457,-0.048672918614879296,7.605406178480536,G2
R5_aA_m0,1,2,1,10,-0.036721191580211254,-0.02055899632062763,2.8072751939574303,G2
R5_aA_m0,1,2,2,30,-0.8575477426967614,-0.2144298565575065,8.009890170022544,G2
R5_aA_m0,1,2,2,10,-0.2600651141920518,-0.04746915258127332,9.69219410820548,G2
R5_aA_m0,1,2,3,30,-1.266677698204995,-0.38899677416370937,1.2657178625079695,G2
R5_aA_m0,1,2,3,10,-1.2188344874614239,-0.34010288515690523,10.414601207902187,G2
R5_aA_m0,1,2,4,30,-0.8324076592131119,-0.2422764936182794,8.299135206142655,G2
R5_aA_m0,1,2,4,10,-0.6787778529930436,-0.16592727346229763,10.696929139683615,G2
R5_aA_m0,2,0,0,30,0.09392918078444157,0.022624744018895,0.16145021516205205,G2
R5_aA_m0,2,0,0,10,0.09974893250241501,0.023118607070346506,0.1249356507749082,G2
R5_aA_m0,2,0,1,30,0.0057400522970714185,0.019482764800018502,0.3964209627891708,G2
R5_aA_m0,2,0,1,10,0.803252771410903,0.030546377364860898,0.6446991210448936,G2
R5_aA_m0,2,0,2,30,0.27673364854040816,0.046110392349886065,-1.6328951653406776,G2
R5_aA_m0,2,0,2,10,0.3338702209178823,0.042529364078332244,-1.34436454320036,G2
R5_aA_m0,2,0,3,30,-0.27743654632537584,0.004728351411758036,-0.36268861882417536,G2
R5_aA_m0,2,0,3,10,-0.7550349613994545,0.029057375141975206,-0.4758551092754173,G2
R5_aA_m0,2,0,4,30,0.5156501871858914,-0.014918002948645093,-0.3364392178804252,G2
R5_aA_m0,2,0,4,10,0.6898068390865104,-0.025441765369087155,-0.41656465071727133,G2
R5_aA_m0,2,1,0,30,0.05510196116274768,-0.032205351369458,-0.011210598353912804,G2
R5_aA_m0,2,1,0,10,-0.035139908745984716,-0.0434921789435163,-0.1558304312398211,G2
R5_aA_m0,2,1,1,30,-0.04191593309720143,0.00010687433526709866,0.4013684459319664,G2
R5_aA_m0,2,1,1,10,0.03409447147156186,0.0033081256156345037,0.44502605233941894,G2
R5_aA_m0,2,1,2,30,-0.0760821784404393,0.016791572903864682,0.20194428280228838,G2
R5_aA_m0,2,1,2,10,-0.2088637752173499,0.032467636706966285,0.14435954719679334,G2
R5_aA_m0,2,1,3,30,0.0278867598673731,-0.026758853338252342,-0.7893840352190526,G2
R5_aA_m0,2,1,3,10,-0.010979831063648415,-0.024195231503373327,-0.7856040758898342,G2
R5_aA_m0,2,1,4,30,0.34741607993257073,-0.007903138772233809,-0.1665340083081297,G2
R5_aA_m0,2,1,4,10,0.25321875592083987,-0.0028997544311506473,-0.13526664997769267,G2
R5_aA_m0,2,2,0,30,-0.010012584687367876,-0.10560824144557962,0.8374672448280598,G2
R5_aA_m0,2,2,0,10,-0.14573060111804326,-0.17156261887060892,-0.0838822350791033,G2
R5_aA_m0,2,2,1,30,-0.3228197731592122,0.011534442275917878,-0.620510625598127,G2
R5_aA_m0,2,2,1,10,-0.2778227170991272,0.0129971095817219,-0.477835934176726,G2
R5_aA_m0,2,2,2,30,-0.5673672964351624,-0.043775370911508515,-1.2176056338667496,G2
R5_aA_m0,2,2,2,10,-0.38030966888398465,-0.046383602308675,-1.020714558131878,G2
R5_aA_m0,2,2,3,30,1.0027156337660905,-0.0548472930868702,-0.5499089764271332,G2
R5_aA_m0,2,2,3,10,0.9850934939507283,-0.05576711865221262,-0.5187322095519846,G2
R5_aA_m0,2,2,4,30,0.42262791710953795,0.018133734805907964,-1.2186805128118898,G2
R5_aA_m0,2,2,4,10,0.6346916338107196,0.0120612800090798,-1.1409792143326278,G2
R5_aA_m0,3,0,0,30,-0.45653496756122824,-0.009692893676876091,1.2283352843926831,G2
R5_aA_m0,3,0,0,10,-0.300777182189933,-0.009832259417332317,1.2780314231123606,G2
R5_aA_m0,3,0,1,30,-0.12018746717317352,-0.03205791992736781,1.2729728810447654,G2
R5_aA_m0,3,0,1,10,0.015894921062298284,-0.040104648259844194,1.2618541539517256,G2
R5_aA_m0,3,0,2,30,0.1958819631537465,-0.0424354875801117,0.3476954151721543,G2
R5_aA_m0,3,0,2,10,0.17740643971434222,-0.04166144677818168,0.2930418667248844,G2
R5_aA_m0,3,0,3,30,0.16976682036118618,-0.03174726563839814,1.6394908602881237,G2
R5_aA_m0,3,0,3,10,0.4956088616381722,-0.05037572624745357,1.4901372842172194,G2
R5_aA_m0,3,0,4,30,0.523334220539708,-0.04700561284572391,1.7753374774285824,G2
R5_aA_m0,3,0,4,10,0.38727972932447496,-0.03697095759006158,1.940951319441135,G2
R5_aA_m0,3,1,0,30,0.27211044796311845,-0.009989701112686489,1.444700888141277,G2
R5_aA_m0,3,1,0,10,0.453569288977985,-0.015950635189613482,1.4030985720451312,G2
R5_aA_m0,3,1,1,30,0.04757582348415612,0.0007150361533403982,1.4285590123226126,G2
R5_aA_m0,3,1,1,10,0.2733240785136686,0.0223394448168531,0.8854980688471761,G2
R5_aA_m0,3,1,2,30,-0.20226880753448667,-0.006658668469944007,1.3073038421112475,G2
R5_aA_m0,3,1,2,10,0.005276484718336916,-0.0011643103489822892,1.3594587317416016,G2
R5_aA_m0,3,1,3,30,0.8499026480717222,-0.09568145548947304,2.0781289017382605,G2
R5_aA_m0,3,1,3,10,0.9567374422466777,-0.10144872065692412,2.1121809593808294,G2
R5_aA_m0,3,1,4,30,0.7930365349451218,-0.06370507489194832,2.29984928976911,G2
R5_aA_m0,3,1,4,10,1.0635748199867363,-0.08286338692630613,1.901421577174549,G2
R5_aA_m0,3,2,0,30,-0.45512085393922685,0.023527987517094298,1.0117235297753515,G2
R5_aA_m0,3,2,0,10,-0.3688706468790093,0.019072505618725893,1.0939726136070198,G2
R5_aA_m0,3,2,1,30,-0.14328766797585635,-0.026100574020582606,0.9677237595434534,G2
R5_aA_m0,3,2,1,10,-0.29232405915451154,-0.021652815714562013,0.9648259663024241,G2
R5_aA_m0,3,2,2,30,-0.09327235592850158,-0.0381189442374682,0.46368967454624865,G2
R5_aA_m0,3,2,2,10,-0.2961890833741202,-0.0492535730224479,0.18529984378573516,G2
R5_aA_m0,3,2,3,30,0.7670784694580144,-0.024319959017110593,-0.1624764423175975,G2
R5_aA_m0,3,2,3,10,0.8745248083891894,-0.027012766310646086,-0.1886394507824889,G2
R5_aA_m0,3,2,4,30,0.7187460168324469,-0.00946933190239474,1.0937048238759814,G2
R5_aA_m0,3,2,4,10,0.5246907298858137,0.004496380675162892,1.3565723950415105,G2
R5_aB_m0,0,0,0,30,3.467424899442702,0.9189882593056853,4.756653575667294,G2
R5_aB_m0,0,0,0,10,-1.885303482614706,-0.5770494194883384,122.92728569700604,G2
R5_aB_m0,0,0,1,30,-1.346989485177124,-0.30193210252510827,157.17921637132363,G2
R5_aB_m0,0,0,1,10,2.7325648342226687,0.8111574126901018,1.545312140591285,G2
R5_aB_m0,0,0,2,30,5.340766165810864,1.5848372048090886,5.778472373124474,G2
R5_aB_m0,0,0,2,10,0.0,0.0,0.0,G2
R5_aB_m0,0,0,3,30,3.0598924704618913,0.9795379319558877,174.569761903077,G2
R5_aB_m0,0,0,3,10,2.56570939906422,0.9403332346981439,130.63885975320338,G2
R5_aB_m0,0,0,4,30,4.094814767686287,1.255740920059658,34.49172447021719,G2
R5_aB_m0,0,0,4,10,0.0,0.0,0.0,G2
R5_aB_m0,0,1,0,30,3.9265529086191204,1.1992214618899553,34.37761874102402,G2
R5_aB_m0,0,1,0,10,-1.3935964347350183,-0.3620840508668841,2.696911032600616,G2
R5_aB_m0,0,1,1,30,0.9096028979385213,0.2849869215106442,161.7951409283129,G2
R5_aB_m0,0,1,1,10,0.14647937132776256,0.15468909580849433,111.5344729072291,G2
R5_aB_m0,0,1,2,30,0.27242840648841593,0.250491012226008,130.84318378351892,G2
R5_aB_m0,0,1,2,10,2.761813986662589,0.9807703639332401,60.00881489403442,G2
R5_aB_m0,0,1,3,30,2.504787101977561,0.7982394233438703,153.91361712765809,G2
R5_aB_m0,0,1,3,10,-3.7768111661216732,-1.083540460182288,424.5693399115891,G2
R5_aB_m0,0,1,4,30,3.9740833098769333,0.9740560002074908,4.169687269497783,G2
R5_aB_m0,0,1,4,10,-0.05320536965492817,0.056780236668095174,11.68886744955479,G2
R5_aB_m0,0,2,0,30,3.9754225865287305,1.2201273322760102,34.28502200905392,G2
R5_aB_m0,0,2,0,10,4.256679284689046,1.3025616823645603,37.80813389458906,G2
R5_aB_m0,0,2,1,30,4.7617773076565175,1.4161238712480104,5.500147917926744,G2
R5_aB_m0,0,2,1,10,-2.5294836047291014,-0.7679489295676287,86.1536915021613,G2
R5_aB_m0,0,2,2,30,0.0,0.0,0.0,G2
R5_aB_m0,0,2,2,10,2.9731611452040245,0.8244907830071504,1.3955530113506391,G2
R5_aB_m0,0,2,3,30,4.597007757409879,1.3749018666555646,40.849485198613934,G2
R5_aB_m0,0,2,3,10,1.837253563233376,0.5925332751146408,58.84241741096244,G2
R5_aB_m0,0,2,4,30,4.587916740884334,1.1088062856218164,5.7411180072945625,G2
R5_aB_m0,0,2,4,10,3.447570352358512,1.0536168522037577,35.091984957615715,G2
R5_aB_m0,1,0,0,30,-0.04812223250992176,-0.03737166206991538,20.182877777196158,G2
R5_aB_m0,1,0,0,10,0.42640721486052957,0.11994776538558427,14.11028674336124,G2
R5_aB_m0,1,0,1,30,0.06437392356245564,0.019591982108670303,2.1510724430475925,G2
R5_aB_m0,1,0,1,10,-0.05330802730277018,-0.017962099408537213,2.0821710879258895,G2
R5_aB_m0,1,0,2,30,0.3669043417638562,0.09625865618368001,13.281786237430094,G2
R5_aB_m0,1,0,2,10,-0.22670363288483797,-0.07506098799944438,0.23266119708233468,G2
R5_aB_m0,1,0,3,30,-0.0032120293545387923,-0.0009783880851470528,11.066266095739252,G2
R5_aB_m0,1,0,3,10,-0.6445104687271543,-0.31148301458701216,1.9396975148923055,G2
R5_aB_m0,1,0,4,30,0.15469593979640983,0.032528711676792055,15.645533595061103,G2
R5_aB_m0,1,0,4,10,0.6218765982180354,0.17512269693876537,10.309146065661864,G2
R5_aB_m0,1,1,0,30,0.14345867605542129,0.02851923838951409,16.795734850353597,G2
R5_aB_m0,1,1,0,10,0.293993563216282,0.08019129787634438,7.934157097992074,G2
R5_aB_m0,1,1,1,30,1.6122002955900638,0.47615637423751345,10.153095961273669,G2
R5_aB_m0,1,1,1,10,-0.42405408307494197,-0.1434524122102836,0.2780866742906234,G2
R5_aB_m0,1,1,2,30,0.41792054200213347,0.107752603225713,16.368748627881438,G2
R5_aB_m0,1,1,2,10,1.2331805525434691,0.37366553433354965,5.654342282641326,G2
R5_aB_m0,1,1,3,30,-0.05670123732210508,0.01789365730583581,0.24067526611576184,G2
R5_aB_m0,1,1,3,10,-0.011422052904556779,-0.0034794910391542366,6.694610721932179,G2
R5_aB_m0,1,1,4,30,-0.11635784864077969,-0.05359030710250945,16.545307515281515,G2
R5_aB_m0,1,1,4,10,0.4745006746771754,0.1326955563455534,8.094266894201812,G2
R5_aB_m0,1,2,0,30,0.10730893073839809,0.015580911802737463,18.093738531990315,G2
R5_aB_m0,1,2,0,10,-0.23880616457064896,-0.08078364475214217,3.9189183166680763,G2
R5_aB_m0,1,2,1,30,0.4860442976363091,0.1190041507531523,12.427341919159721,G2
R5_aB_m0,1,2,1,10,-0.11823484179443744,-0.052008427809462465,2.440562272850954,G2
R5_aB_m0,1,2,2,30,-0.08516201727280226,-0.047850160570679146,15.089783718991118,G2
R5_aB_m0,1,2,2,10,-0.28192462001247787,-0.09927909561039572,5.568637059618698,G2
R5_aB_m0,1,2,3,30,-0.14815930579976166,0.038862064482332676,-0.42116632312203883,G2
R5_aB_m0,1,2,3,10,-0.12493660761857972,0.03591606470564518,-0.34673045066449504,G2
R5_aB_m0,1,2,4,30,0.402394755581426,0.11289889159621525,15.38493856644834,G2
R5_aB_m0,1,2,4,10,-0.6937415232596571,-0.2357278049337248,5.984122635069905,G2
R5_aB_m0,2,0,0,30,1.1307157587894423,-0.012184852093939158,3.168908819484921,G2
R5_aB_m0,2,0,0,10,0.45834340759022973,-0.004963187235435429,2.793162121897783,G2
R5_aB_m0,2,0,1,30,0.3392193081121584,-0.007474102326726018,2.536973348673584,G2
R5_aB_m0,2,0,1,10,1.4424366549538408,-0.018942932735829504,3.2958934141506857,G2
R5_aB_m0,2,0,2,30,-0.47209560475523205,-0.008631096071209376,1.9335730954184278,G2
R5_aB_m0,2,0,2,10,-0.4473720202829954,-0.01006131027649132,1.6612763229653318,G2
R5_aB_m0,2,0,3,30,-1.34116814004563,0.036567793628766165,1.9578808883267325,G2
R5_aB_m0,2,0,3,10,0.18733105468477262,0.008718235701321464,6.673145453332644,G2
R5_aB_m0,2,0,4,30,1.0967171856295663,-0.0001830198513406156,2.4800814571085197,G2
R5_aB_m0,2,0,4,10,3.014822159320395,-0.005545817958202193,3.6380436390986803,G2
R5_aB_m0,2,1,0,30,0.8802541434808604,0.009793149946620006,3.3142491594690835,G2
R5_aB_m0,2,1,0,10,1.5442989079952878,0.017990992541841222,2.9630532531727702,G2
R5_aB_m0,2,1,1,30,-0.47727946297153867,0.008467247288186902,2.375280617737733,G2
R5_aB_m0,2,1,1,10,-1.5363327269629021,0.06656446326362409,7.1478036147736566,G2
R5_aB_m0,2,1,2,30,0.1639772857242554,-0.0006589792774838732,2.725761154553008,G2
R5_aB_m0,2,1,2,10,0.6019538599656271,-0.002141189520667691,2.4145331580450247,G2
R5_aB_m0,2,1,3,30,-0.8650423365689281,0.029464064349316477,2.4568742375052874,G2
R5_aB_m0,2,1,3,10,-0.9623875631369412,0.03817706370073359,2.325222186656715,G2
R5_aB_m0,2,1,4,30,-3.476307250557854,-0.0799002842900235,2.418779966702939,G2
R5_aB_m0,2,1,4,10,-4.005843423919295,-0.08026375345285874,2.08537590302625,G2
R5_aB_m0,2,2,0,30,-1.6431811104752516,-0.002965083288471504,1.5959337174142187,G2
R5_aB_m0,2,2,0,10,-2.0603908441215424,0.004236546454563089,1.2734917094540994,G2
R5_aB_m0,2,2,1,30,-0.014738394994669335,-0.0045926628066341735,2.7152363438405853,G2
R5_aB_m0,2,2,1,10,0.41123074280511496,-0.006893049376783311,3.1630101976418015,G2
R5_aB_m0,2,2,2,30,-0.9956815498803839,0.06840720690953372,2.086692004918044,G2
R5_aB_m0,2,2,2,10,-0.06521823843846764,0.0911824498227633,2.5320792919885236,G2
R5_aB_m0,2,2,3,30,-0.892944910773342,0.03327796322215448,1.3550117841526301,G2
R5_aB_m0,2,2,3,10,0.11020017262457582,0.004700345953980056,3.8482720967653634,G2
R5_aB_m0,2,2,4,30,0.09277053388257173,0.002083553595390475,2.826329208850744,G2
R5_aB_m0,2,2,4,10,0.687141523271142,0.000185445321661315,3.3957748373522776,G2
R5_aB_m0,3,0,0,30,1.5228248188103723,-0.0282890720281459,3.3009198775646027,G2
R5_aB_m0,3,0,0,10,2.4993989710003257,0.02306176840899593,3.5845115547236635,G2
R5_aB_m0,3,0,1,30,0.3897229786396492,-0.03167237019621827,3.1996414576022723,G2
R5_aB_m0,3,0,1,10,1.18173324846937,0.04455037780941584,10.31754727726091,G2
R5_aB_m0,3,0,2,30,0.42605327961196604,0.017643394246038502,4.430883840983181,G2
R5_aB_m0,3,0,2,10,0.5427998820905477,0.0223665117772876,4.160583859963197,G2
R5_aB_m0,3,0,3,30,0.7299475067259973,-0.048392995511123305,3.6260690510888374,G2
R5_aB_m0,3,0,3,10,-1.7559444166250158,0.007821064594982108,2.970730094198821,G2
R5_aB_m0,3,0,4,30,-1.137486582814828,-0.06846342856852333,2.4248165767471503,G2
R5_aB_m0,3,0,4,10,4.471155811055529,-0.10122172893527098,4.077497717693101,G2
R5_aB_m0,3,1,0,30,1.2282989740946788,-0.08176587172416228,2.9098993046136084,G2
R5_aB_m0,3,1,0,10,1.0629532382418476,0.00465599869967348,3.098733994237884,G2
R5_aB_m0,3,1,1,30,0.6408315246182603,0.005108436049125614,4.02240236927214,G2
R5_aB_m0,3,1,1,10,-0.44032458784294715,-0.004453357354414711,2.393262843622816,G2
R5_aB_m0,3,1,2,30,0.4976230120719203,-0.021912568046285386,3.5677032292849304,G2
R5_aB_m0,3,1,2,10,-0.2943897839540419,0.01041446038582361,2.9655373649636694,G2
R5_aB_m0,3,1,3,30,0.38126682348923957,-0.047678692654864796,2.5701803848868963,G2
R5_aB_m0,3,1,3,10,-0.3980028061030483,0.011369518901096831,2.5825632259024793,G2
R5_aB_m0,3,1,4,30,-1.396692623261203,-0.040102342956815085,2.14642993268642,G2
R5_aB_m0,3,1,4,10,-1.7275415553285272,-0.0769503123645397,8.092388637244884,G2
R5_aB_m0,3,2,0,30,1.4944525568249807,0.026869517085513883,3.8222696453310743,G2
R5_aB_m0,3,2,0,10,2.1772239724235294,0.06418310659351245,4.276647470358334,G2
R5_aB_m0,3,2,1,30,0.4748488573747771,0.016006661104154996,3.939921828902609,G2
R5_aB_m0,3,2,1,10,-0.05576996570546644,0.015435782335544324,2.859400204442885,G2
R5_aB_m0,3,2,2,30,-1.0595443936296087,-0.016105097875065005,1.9079178372520555,G2
R5_aB_m0,3,2,2,10,-0.5208669199641267,-0.012288419324042205,2.040239261283533,G2
R5_aB_m0,3,2,3,30,-1.5716386342377344,-0.22974043511136766,0.9424925610313579,G2
R5_aB_m0,3,2,3,10,-0.8855532724541453,-0.13925813312953106,4.518253925971123,G2
R5_aB_m0,3,2,4,30,1.191998530249598,-0.029026264957415615,3.79833506775298,G2
R5_aB_m0,3,2,4,10,0.7435332673074586,-0.003947753767043594,2.4651463177263473,G2
