case,station,pose_id,mode,P1_FP,P2_FP,s_FP,tap,strongest_port,peak,receiver_gain,CIR_HARDWARE_SUPPORTED,cluster_status,window_2_tap_start,window_2_tap_end_exclusive,s_W_2,energy_capture_2,window_4_tap_start,window_4_tap_end_exclusive,s_W_4,energy_capture_4,window_8_tap_start,window_8_tap_end_exclusive,s_W_8,energy_capture_8
R2_aA_m0,0,22,full,0.0004410957287712905,4.5402267011430574e-06,0.9796236069132714,21,0,25,unmeasured; unity model only,UNKNOWN,RESEARCH_ONLY_MAGNITUDE_SURROGATE,21,26,0.9541729745183994,0.4263344229402851,21,30,0.8405798755349998,0.8660258607042153,21,38,0.7463228765735896,0.9523378480904487
R2_aA_m0,0,24,full,0.00038496208194957156,1.5382840310748752e-05,0.9231520648549841,21,0,26,unmeasured; unity model only,UNKNOWN,RESEARCH_ONLY_MAGNITUDE_SURROGATE,21,26,0.7874236056600249,0.3876800459062081,21,30,0.5820755034022278,0.8499768759618093,21,38,0.47092979984687133,0.9581648447200714
R2_aA_m0,0,26,full,0.0003237401029684981,5.697532710964099e-05,0.7006933651312887,21,0,26,unmeasured; unity model only,UNKNOWN,RESEARCH_ONLY_MAGNITUDE_SURROGATE,21,26,0.4855832106560351,0.36375622735404756,21,30,0.26271765376907,0.8492351453399202,21,38,0.17137011198537827,0.9665259731696675
R2_aA_m0,0,22,los,0.00046598272727384595,1.8458777131116583e-06,0.992108743700428,21,0,25,unmeasured; unity model only,UNKNOWN,RESEARCH_ONLY_MAGNITUDE_SURROGATE,21,26,0.9887785735256018,0.49624580300224574,21,30,0.9859476701597969,0.9458572906194868,21,38,0.9853034361335975,0.9854436343619456
R2_aA_m0,0,24,los,0.00041003743258280695,8.463910615334216e-06,0.9595513335720552,21,0,25,unmeasured; unity model only,UNKNOWN,RESEARCH_ONLY_MAGNITUDE_SURROGATE,21,26,0.9564924371661293,0.49959943579812777,21,30,0.9543595034357764,0.9464202015330687,21,38,0.9538659722025831,0.9850548151836136
R2_aA_m0,0,26,los,0.0003485385586352469,4.7633555502826894e-05,0.7595310027993255,21,0,25,unmeasured; unity model only,UNKNOWN,RESEARCH_ONLY_MAGNITUDE_SURROGATE,21,26,0.7606070139079901,0.5025158776052094,21,30,0.7619600446681901,0.9469230574159312,21,38,0.762212331442584,0.9847236542804424
R2_aA_m0,1,480,full,5.149398066450907e-07,5.869477659146672e-06,-0.8386885539975477,97,1,102,unmeasured; unity model only,UNKNOWN,RESEARCH_ONLY_MAGNITUDE_SURROGATE,97,102,-0.684427815968102,0.232900220686269,97,106,-0.5842305013796106,0.6219811133091904,97,114,-0.35293400928350743,0.8513984995761958
R2_aA_m0,1,482,full,1.363647478034157e-06,4.998216200843097e-06,-0.5713056592011684,97,1,102,unmeasured; unity model only,UNKNOWN,RESEARCH_ONLY_MAGNITUDE_SURROGATE,97,102,-0.4224629677590356,0.22529407401293206,97,106,-0.2903555686385522,0.601344073496673,97,114,-0.061954073491973974,0.8423631773455715
R2_aA_m0,1,484,full,2.9020337076234373e-06,4.89476399582304e-06,-0.25558317196286123,97,1,102,unmeasured; unity model only,UNKNOWN,RESEARCH_ONLY_MAGNITUDE_SURROGATE,97,102,-0.15371785630171572,0.2266810571355935,97,106,-0.025254441416446106,0.6149590140349604,97,114,0.14024803960592847,0.8540657497795552
R2_aA_m0,1,480,los,1.2973249833307733e-09,1.1622750185268643e-06,-0.997770100001832,96,1,101,unmeasured; unity model only,UNKNOWN,RESEARCH_ONLY_MAGNITUDE_SURROGATE,96,101,-0.9904125053262706,0.4176914895891772,96,105,-0.977134921920467,0.9275602405414555,96,113,-0.971975061915415,0.9929856232271358
R2_aA_m0,1,482,los,6.474569558299307e-08,8.066974249399733e-07,-0.8514058024942852,96,1,101,unmeasured; unity model only,UNKNOWN,RESEARCH_ONLY_MAGNITUDE_SURROGATE,96,101,-0.8524774481200139,0.41165667958434776,96,105,-0.8410254360513225,0.9253578719318201,96,113,-0.8355966687734823,0.993312885697208
R2_aA_m0,1,484,los,2.7581127604315765e-07,6.785394968655614e-07,-0.4219918213037625,96,1,101,unmeasured; unity model only,UNKNOWN,RESEARCH_ONLY_MAGNITUDE_SURROGATE,96,101,-0.4815866620393001,0.41386944805603065,96,105,-0.5072135066950052,0.9258533063662898,96,113,-0.510958618270831,0.9930930221508752
R2_aA_m0,2,520,full,1.2084850035016057e-05,3.091649623457559e-06,0.5925740858523495,97,0,101,unmeasured; unity model only,UNKNOWN,RESEARCH_ONLY_MAGNITUDE_SURROGATE,97,102,0.5038002453917287,0.3767212848561179,97,106,0.38743020805604883,0.7051513864880891,97,114,0.2072601010600818,0.849277676958021
R2_aA_m0,2,522,full,8.794069902311266e-06,6.05199790420752e-06,0.1847002205459229,97,0,101,unmeasured; unity model only,UNKNOWN,RESEARCH_ONLY_MAGNITUDE_SURROGATE,97,102,0.11036084651919818,0.3619363486812374,97,106,0.015683305820128737,0.6985193453642661,97,114,-0.10023390459593454,0.8566412287101608
R2_aA_m0,2,524,full,7.544061238289785e-06,9.625408455515975e-06,-0.12122373342591236,97,1,102,unmeasured; unity model only,UNKNOWN,RESEARCH_ONLY_MAGNITUDE_SURROGATE,97,102,-0.09347111501002152,0.3640206302355231,97,106,-0.10789027331847562,0.7231555583294403,97,114,-0.16758139763616176,0.8781744597031603
R2_aA_m0,2,520,los,1.4225828282993733e-06,2.307115168887975e-07,0.7209069061897277,96,0,101,unmeasured; unity model only,UNKNOWN,RESEARCH_ONLY_MAGNITUDE_SURROGATE,96,101,0.8476910474741115,0.4103845402977414,96,105,0.8931280046254217,0.92412933215003,96,113,0.8989487132401552,0.9930694276670353
R2_aA_m0,2,522,los,1.0330589651508464e-06,4.411774388755596e-07,0.40148345588180534,96,0,101,unmeasured; unity model only,UNKNOWN,RESEARCH_ONLY_MAGNITUDE_SURROGATE,96,101,0.5872896204028766,0.417847267637437,96,105,0.6630140208329134,0.9257598712467551,96,113,0.6738011933198949,0.9923763586035301
R2_aA_m0,2,524,los,7.610531995049966e-07,7.692861951078629e-07,-0.005379849484270162,96,0,101,unmeasured; unity model only,UNKNOWN,RESEARCH_ONLY_MAGNITUDE_SURROGATE,96,101,0.19302092467226448,0.42694663080505874,96,105,0.28846382756229755,0.9282649055015257,96,113,0.3047019163715123,0.9916989242555923
R2_aA_m0,3,979,full,5.995208363244991e-05,0.001789316489330108,-0.9351613015989281,15,1,20,unmeasured; unity model only,UNKNOWN,RESEARCH_ONLY_MAGNITUDE_SURROGATE,15,20,-0.9727147203618272,0.38412149650040944,15,24,-0.9742679408396363,0.8559442186968932,15,32,-0.8701757620050404,0.9669316009519785
R2_aA_m0,3,981,full,9.19883571837485e-05,0.0016988323590123157,-0.8972668158774223,15,1,20,unmeasured; unity model only,UNKNOWN,RESEARCH_ONLY_MAGNITUDE_SURROGATE,15,20,-0.9399964645515575,0.3736266219727818,15,24,-0.9311103050561705,0.8438985417812064,15,32,-0.8114371947881821,0.9665619699804714
R2_aA_m0,3,983,full,0.0002317363108617363,0.001514419754353171,-0.7345754878637203,15,1,20,unmeasured; unity model only,UNKNOWN,RESEARCH_ONLY_MAGNITUDE_SURROGATE,15,20,-0.7765729687474947,0.3699478242359101,15,24,-0.7691825900232021,0.8414329543950678,15,32,-0.6624772924148461,0.9657308485297974
R2_aA_m0,3,979,los,3.599281144207263e-05,0.0017317697916388666,-0.9592786821269522,15,1,20,unmeasured; unity model only,UNKNOWN,RESEARCH_ONLY_MAGNITUDE_SURROGATE,15,20,-0.9705854897769357,0.4148055568506602,15,24,-0.9749922839854768,0.9271067389100011,15,32,-0.9754398917749557,0.9932419135465993
R2_aA_m0,3,981,los,8.279155197031376e-05,0.0016412355772311075,-0.9039556274167644,15,1,20,unmeasured; unity model only,UNKNOWN,RESEARCH_ONLY_MAGNITUDE_SURROGATE,15,20,-0.9221318280366313,0.42160217587636895,15,24,-0.9321080171747113,0.9295962145787435,15,32,-0.934074596675914,0.9928532673363644
R2_aA_m0,3,983,los,0.00023199560831996962,0.0014609649116833746,-0.7259290980754692,15,1,20,unmeasured; unity model only,UNKNOWN,RESEARCH_ONLY_MAGNITUDE_SURROGATE,15,20,-0.7380794159550981,0.42726239956782347,15,24,-0.7466281404766487,0.9316908720104786,15,32,-0.7486994801576822,0.9925307961225711
R2_aA_m0,4,997,full,0.0005103221180178125,0.0063722272436649826,-0.8517054971348472,11,1,16,unmeasured; unity model only,UNKNOWN,RESEARCH_ONLY_MAGNITUDE_SURROGATE,11,16,-0.8664995163665261,0.39526625741198707,11,20,-0.8531117012595446,0.9092377223835333,11,28,-0.8312788061628114,0.9844405262816898
R2_aA_m0,4,999,full,0.001153504609456604,0.00580319677058845,-0.6683759884345838,11,1,16,unmeasured; unity model only,UNKNOWN,RESEARCH_ONLY_MAGNITUDE_SURROGATE,11,16,-0.6944375987415081,0.3952784377220081,11,20,-0.6842464801786954,0.9096308980409967,11,28,-0.6612991608787533,0.9845221747186806
R2_aA_m0,4,1001,full,0.0020836123637043773,0.004941901744460678,-0.40684415926720524,11,1,16,unmeasured; unity model only,UNKNOWN,RESEARCH_ONLY_MAGNITUDE_SURROGATE,11,16,-0.4397810687056995,0.393663867294435,11,20,-0.4318377264607159,0.9090380685325128,11,28,-0.409350700643017,0.9846856043876872
R2_aA_m0,4,997,los,0.0005662702887735881,0.006491371584413865,-0.8395298886091417,11,1,16,unmeasured; unity model only,UNKNOWN,RESEARCH_ONLY_MAGNITUDE_SURROGATE,11,16,-0.8620521436651061,0.39064086496702377,11,20,-0.8732099613510869,0.9195035799089201,11,28,-0.8754994923713755,0.9948179974565319
R2_aA_m0,4,999,los,0.0012398151055546197,0.005899093281812965,-0.6526597518050539,11,1,16,unmeasured; unity model only,UNKNOWN,RESEARCH_ONLY_MAGNITUDE_SURROGATE,11,16,-0.685139580249268,0.391427447282776,11,20,-0.7023239703003318,0.9199001472979048,11,28,-0.7061587376723257,0.9947902472672988
R2_aA_m0,4,1001,los,0.002204254244860655,0.005013675726932315,-0.38922814339438455,11,1,16,unmeasured; unity model only,UNKNOWN,RESEARCH_ONLY_MAGNITUDE_SURROGATE,11,16,-0.42695881362975285,0.3919708797181696,11,20,-0.44739447204627375,0.9201773410990379,11,28,-0.45208769498478646,0.9947711053997942
R2_aA_m0,5,1015,full,4.293478884065102e-05,0.0007773469262698134,-0.8953169672083471,18,1,22,unmeasured; unity model only,UNKNOWN,RESEARCH_ONLY_MAGNITUDE_SURROGATE,18,23,-0.9175595729498888,0.48833023934036723,18,27,-0.9262418914572956,0.8544812009331899,18,35,-0.8559995580374322,0.9380024341148168
R2_aA_m0,5,1017,full,0.00014239224604967738,0.0006677347634662884,-0.648469327952036,18,1,22,unmeasured; unity model only,UNKNOWN,RESEARCH_ONLY_MAGNITUDE_SURROGATE,18,23,-0.7323324584127884,0.5024827167633261,18,27,-0.7861057428998586,0.860777756004243,18,35,-0.7242750513356953,0.9336529472910683
R2_aA_m0,5,1019,full,0.00034165643459207573,0.0005568381777767876,-0.23949141177083905,18,1,22,unmeasured; unity model only,UNKNOWN,RESEARCH_ONLY_MAGNITUDE_SURROGATE,18,23,-0.33493798808039493,0.5192830494729934,18,27,-0.3897211276692041,0.8802540951762686,18,35,-0.35149605900839437,0.9354608807223806
R2_aA_m0,5,1015,los,3.9343822358010836e-05,0.0007557500323825005,-0.9010335141607875,18,1,22,unmeasured; unity model only,UNKNOWN,RESEARCH_ONLY_MAGNITUDE_SURROGATE,18,23,-0.9278191391837411,0.49599893101498654,18,27,-0.9405815766871402,0.946435909908523,18,35,-0.9421050571022233,0.9857975792923196
R2_aA_m0,5,1017,los,0.00015046242506649816,0.0006384550406768182,-0.6185597819798988,18,1,22,unmeasured; unity model only,UNKNOWN,RESEARCH_ONLY_MAGNITUDE_SURROGATE,18,23,-0.6657341141236942,0.49951380594533973,18,27,-0.6917202114784502,0.9472575389765623,18,35,-0.6958471364540377,0.9854670794634273
R2_aA_m0,5,1019,los,0.000361198094291534,0.0005230435330695716,-0.18303304636430937,18,1,22,unmeasured; unity model only,UNKNOWN,RESEARCH_ONLY_MAGNITUDE_SURROGATE,18,23,-0.22901876132089305,0.5005415567911757,18,27,-0.2549305233461827,0.9475512116135243,18,35,-0.25926423345017363,0.9853741537549234
R2_aA_m0,6,1033,full,3.162384219576051e-07,2.653152020512133e-05,-0.9764420988470418,28,1,33,unmeasured; unity model only,UNKNOWN,RESEARCH_ONLY_MAGNITUDE_SURROGATE,28,33,-0.9737782487187715,0.16936013698860058,28,37,-0.8014886290002434,0.43170380985980367,28,45,-0.3115797569904384,0.645632380019434
R2_aA_m0,6,1035,full,8.164322695174034e-06,5.3795216000701994e-05,-0.7364627669276872,29,1,33,unmeasured; unity model only,UNKNOWN,RESEARCH_ONLY_MAGNITUDE_SURROGATE,29,34,-0.6758805547514529,0.2233431891612503,29,38,-0.38686044723012974,0.5131827854495888,29,46,-0.08117817697999223,0.696856013933665
R2_aA_m0,6,1037,full,2.81632669038183e-05,4.613681082737841e-05,-0.24190477954255865,29,1,34,unmeasured; unity model only,UNKNOWN,RESEARCH_ONLY_MAGNITUDE_SURROGATE,29,34,-0.26134329430287306,0.24302794889659254,29,38,-0.09413904101439113,0.5759380575190375,29,46,0.08456577047363881,0.7404035130248124
R2_aA_m0,6,1033,los,1.1676483337380532e-06,8.569238242055428e-05,-0.9731142546554912,29,1,33,unmeasured; unity model only,UNKNOWN,RESEARCH_ONLY_MAGNITUDE_SURROGATE,29,34,-0.988343362398391,0.4980372828750991,29,38,-0.9921835395136285,0.9462982264478147,29,46,-0.9916660112265245,0.9853851175802598
R2_aA_m0,6,1035,los,8.925850378155747e-06,7.001023918475864e-05,-0.77384614749527,29,1,33,unmeasured; unity model only,UNKNOWN,RESEARCH_ONLY_MAGNITUDE_SURROGATE,29,34,-0.8209909140582835,0.5018153292204419,29,38,-0.8449253880058851,0.947049179156138,29,46,-0.8481332068287427,0.9849832951518855
R2_aA_m0,6,1037,los,3.1729235064057785e-05,5.981857906308064e-05,-0.3068270309547025,29,1,33,unmeasured; unity model only,UNKNOWN,RESEARCH_ONLY_MAGNITUDE_SURROGATE,29,34,-0.36575604030305275,0.5047695904918997,29,38,-0.3994926884859244,0.9476153728009856,29,46,-0.4050407821108019,0.9846376394591246
R2_aA_m0,7,1051,full,1.1314774680751926e-05,5.153741565445539e-05,-0.6399560740713333,44,0,49,unmeasured; unity model only,UNKNOWN,RESEARCH_ONLY_MAGNITUDE_SURROGATE,44,49,-0.07808957220527497,0.3434147860991965,44,53,0.2749488456112173,0.5475331370120596,44,61,0.22737896174057304,0.628622003473753
R2_aA_m0,7,1053,full,1.5038228480850675e-05,4.435933491653116e-05,-0.49364156976467694,45,0,49,unmeasured; unity model only,UNKNOWN,RESEARCH_ONLY_MAGNITUDE_SURROGATE,45,50,0.2701472216967691,0.33726726842771954,45,54,0.4888149744451037,0.5527007075890397,45,62,0.40975447147335936,0.6145620980420401
R2_aA_m0,7,1055,full,8.45062249902274e-06,4.835616984045883e-05,-0.7024784484038036,44,0,50,unmeasured; unity model only,UNKNOWN,RESEARCH_ONLY_MAGNITUDE_SURROGATE,44,49,-0.20430573863839854,0.33276606117356805,44,53,0.1778746533176669,0.6066445127300625,44,61,0.16816491607267098,0.6885924321145844
R2_aA_m0,7,1051,los,1.263234894417545e-07,1.893505121627316e-05,-0.9867456055618191,41,1,46,unmeasured; unity model only,UNKNOWN,RESEARCH_ONLY_MAGNITUDE_SURROGATE,41,46,-0.9918843380138279,0.45301560584427164,41,50,-0.9882333961576509,0.9374897596516941,41,58,-0.9859181216216003,0.990218585155871
R2_aA_m0,7,1053,los,7.317455146293058e-07,1.4511018129539167e-05,-0.9039878158959377,41,1,46,unmeasured; unity model only,UNKNOWN,RESEARCH_ONLY_MAGNITUDE_SURROGATE,41,46,-0.933489347428193,0.4540765771744016,41,50,-0.9434767241619646,0.9377730323077091,41,58,-0.9436706937423038,0.9901318105637757
R2_aA_m0,7,1055,los,4.108788415101753e-06,1.233317446886705e-05,-0.5002070684507028,41,1,46,unmeasured; unity model only,UNKNOWN,RESEARCH_ONLY_MAGNITUDE_SURROGATE,41,46,-0.5651627417400166,0.4576754277570077,41,50,-0.5995387495482883,0.9387138428109901,41,58,-0.6054495244599911,0.9898133159319186
R2_aA_m0,8,1069,full,1.103126251599687e-08,8.705722981222941e-06,-0.9974689518122137,54,1,60,unmeasured; unity model only,UNKNOWN,RESEARCH_ONLY_MAGNITUDE_SURROGATE,54,59,-0.8056593294649459,0.17741540023684996,54,63,-0.5963234720386853,0.5135466552782127,54,71,-0.5766601720273701,0.7256064493465936
R2_aA_m0,8,1071,full,6.852651890294436e-06,2.1692439800063723e-05,-0.519871789894506,56,0,61,unmeasured; unity model only,UNKNOWN,RESEARCH_ONLY_MAGNITUDE_SURROGATE,56,61,-0.1412185436498217,0.33298545964934456,56,65,-0.014504835546365013,0.6434398471312386,56,73,-0.046479693373060876,0.73938736124638
R2_aA_m0,8,1073,full,1.7487426974759494e-05,1.727203215536891e-05,0.006196725288049343,56,0,61,unmeasured; unity model only,UNKNOWN,RESEARCH_ONLY_MAGNITUDE_SURROGATE,56,61,0.3463284449996518,0.3640701172175601,56,65,0.4594382979217051,0.7088745871611205,56,73,0.4348744135960475,0.793705867524402
R2_aA_m0,8,1069,los,2.8522919813028198e-08,9.758443794935141e-06,-0.9941712441363376,54,1,58,unmeasured; unity model only,UNKNOWN,RESEARCH_ONLY_MAGNITUDE_SURROGATE,54,59,-0.9940692736379321,0.48667263864674964,54,63,-0.9874141948306561,0.9441947861757907,54,71,-0.984766265264963,0.9866728456991926
R2_aA_m0,8,1071,los,2.8181985140896625e-07,7.177729949951986e-06,-0.9244405201618067,54,1,59,unmeasured; unity model only,UNKNOWN,RESEARCH_ONLY_MAGNITUDE_SURROGATE,54,59,-0.9383175291647903,0.4851763065062112,54,63,-0.938159994427282,0.9438419403375412,54,71,-0.9362565053443345,0.9868121669018259
R2_aA_m0,8,1073,los,1.785485454132402e-06,6.017520556518238e-06,-0.5423595850893054,54,1,59,unmeasured; unity model only,UNKNOWN,RESEARCH_ONLY_MAGNITUDE_SURROGATE,54,59,-0.5984975129652532,0.48805134637766745,54,63,-0.6257972442764579,0.9443174900157015,54,71,-0.6294753087995982,0.9864393724053688
R2_aA_m0,9,1087,full,1.159118811821109e-06,3.515050704520123e-06,-0.504032188918803,68,1,87,unmeasured; unity model only,UNKNOWN,RESEARCH_ONLY_MAGNITUDE_SURROGATE,68,73,0.5337637061346057,0.07137071573988303,68,77,0.41276679078170875,0.2344029792440858,68,85,-0.07044488941519157,0.4825525915276589
R2_aA_m0,9,1089,full,3.208403392575158e-05,5.901658709157987e-06,0.689269390668725,74,1,87,unmeasured; unity model only,UNKNOWN,RESEARCH_ONLY_MAGNITUDE_SURROGATE,74,79,0.40180640138749824,0.2803118968186181,74,83,0.21962659200356152,0.36775587457723335,74,91,-0.13669165327788077,0.7795601614880733
R2_aA_m0,9,1091,full,5.601289892904026e-06,1.1252926190801573e-06,0.665419217834519,69,0,75,unmeasured; unity model only,UNKNOWN,RESEARCH_ONLY_MAGNITUDE_SURROGATE,69,74,0.9037368461893966,0.13665762462397543,69,78,0.7241908718583694,0.426466417047524,69,86,0.427146754560265,0.652786620401787
R2_aA_m0,9,1087,los,6.1068223149499885e-09,4.6115836437968506e-06,-0.9973550317589425,67,1,71,unmeasured; unity model only,UNKNOWN,RESEARCH_ONLY_MAGNITUDE_SURROGATE,67,72,-0.9925287410160056,0.4862937501627117,67,76,-0.9819816943389206,0.9440105989437167,67,84,-0.9783655961480782,0.9866816890416917
R2_aA_m0,9,1089,los,3.1816062614071497e-07,3.3998418490565442e-06,-0.8288539998221304,67,1,72,unmeasured; unity model only,UNKNOWN,RESEARCH_ONLY_MAGNITUDE_SURROGATE,67,72,-0.8465566356991404,0.48428504154788254,67,76,-0.8478034720349561,0.943508351838707,67,84,-0.8460469185245523,0.9868410762839598
R2_aA_m0,9,1091,los,1.3339178848171735e-06,2.999273126989871e-06,-0.38432537075678197,67,1,72,unmeasured; unity model only,UNKNOWN,RESEARCH_ONLY_MAGNITUDE_SURROGATE,67,72,-0.44668015241638265,0.48802672504918054,67,76,-0.4782100812899206,0.9440880042762023,67,84,-0.48280726504099575,0.9863390661228004
R2_aA_m0,10,1105,full,2.6580335832693843e-07,7.517558411745268e-06,-0.9316996007177827,80,1,85,unmeasured; unity model only,UNKNOWN,RESEARCH_ONLY_MAGNITUDE_SURROGATE,80,85,-0.7523338239969445,0.37608780087308397,80,89,-0.6114200218867685,0.8103414326346959,80,97,-0.5550195566381513,0.8699537228023793
R2_aA_m0,10,1107,full,1.4557379332696323e-06,5.830535527423226e-06,-0.600416333226339,80,1,85,unmeasured; unity model only,UNKNOWN,RESEARCH_ONLY_MAGNITUDE_SURROGATE,80,85,-0.4045573719251662,0.3459186342239516,80,89,-0.3265684223095305,0.8170128467492326,80,97,-0.29797579162273763,0.8838754502164103
R2_aA_m0,10,1109,full,1.0464084976887899e-05,1.3120420444398496e-05,-0.11263053517811311,81,1,85,unmeasured; unity model only,UNKNOWN,RESEARCH_ONLY_MAGNITUDE_SURROGATE,81,86,-0.08499368482054195,0.48077248026685127,81,90,-0.12947831972658463,0.8442290790913713,81,98,-0.12689598795758003,0.8909680488522737
R2_aA_m0,10,1105,los,4.173699043781587e-08,2.1758726374876593e-06,-0.9623585775311954,80,1,85,unmeasured; unity model only,UNKNOWN,RESEARCH_ONLY_MAGNITUDE_SURROGATE,80,85,-0.9553694807372376,0.4673084642827248,80,89,-0.9418720868595846,0.9403010251424607,80,97,-0.937151933585641,0.9887309619990214
R2_aA_m0,10,1107,los,3.467926218021357e-07,1.6792917021276262e-06,-0.6576720744480151,80,1,85,unmeasured; unity model only,UNKNOWN,RESEARCH_ONLY_MAGNITUDE_SURROGATE,80,85,-0.691086309697292,0.4665390375973043,80,89,-0.7011925221230295,0.9399490036734315,80,97,-0.7011159474784778,0.9887122662517629
R2_aA_m0,10,1109,los,1.0671461823106846e-06,1.596879590264855e-06,-0.19884695313665532,80,1,85,unmeasured; unity model only,UNKNOWN,RESEARCH_ONLY_MAGNITUDE_SURROGATE,80,85,-0.2697442321061422,0.4720243946668338,80,89,-0.3082405427210589,0.9410389300091025,80,97,-0.31481138110951495,0.9881000220845797
R2_aA_m0,11,1123,full,2.9495324258326915e-06,1.1586920351155437e-05,-0.5941881460239137,95,1,100,unmeasured; unity model only,UNKNOWN,RESEARCH_ONLY_MAGNITUDE_SURROGATE,95,100,-0.5961032486483392,0.39971585096222245,95,104,-0.652643174530562,0.7662908617310974,95,112,-0.6475108097404774,0.8825916173987041
R2_aA_m0,11,1125,full,2.091002653536435e-06,4.266344303951338e-06,-0.3421775883810706,94,1,99,unmeasured; unity model only,UNKNOWN,RESEARCH_ONLY_MAGNITUDE_SURROGATE,94,99,-0.29043799084079597,0.3025957070041061,94,103,-0.3369100592189005,0.7403544597526877,94,111,-0.3705657092647543,0.8695405861413285
R2_aA_m0,11,1127,full,3.6807577877053958e-06,3.9224067635716015e-06,-0.03178268393857389,94,0,99,unmeasured; unity model only,UNKNOWN,RESEARCH_ONLY_MAGNITUDE_SURROGATE,94,99,0.012328095710095608,0.3172899220746224,94,103,-0.0071533630306540585,0.7678600146661234,94,111,-0.05736642428130485,0.8856560761876672
R2_aA_m0,11,1123,los,3.530130436922367e-08,1.1616442998563237e-06,-0.9410143547967419,93,1,98,unmeasured; unity model only,UNKNOWN,RESEARCH_ONLY_MAGNITUDE_SURROGATE,93,98,-0.932067152121602,0.4381363544434739,93,102,-0.9162232492911544,0.9332914261669932,93,110,-0.9104227707775071,0.9913898804270396
R2_aA_m0,11,1125,los,2.2622982512025966e-07,9.028541084644827e-07,-0.5992683654580049,93,1,98,unmeasured; unity model only,UNKNOWN,RESEARCH_ONLY_MAGNITUDE_SURROGATE,93,98,-0.6365975365248396,0.43727787796179696,93,102,-0.6480000186553954,0.9328268419034269,93,110,-0.648131320231462,0.9913646248778044
R2_aA_m0,11,1127,los,6.477563832487841e-07,8.793601876065128e-07,-0.15166085469691,93,1,98,unmeasured; unity model only,UNKNOWN,RESEARCH_ONLY_MAGNITUDE_SURROGATE,93,98,-0.22675988324025,0.4435175726199645,93,102,-0.2678019223905899,0.9344274406510185,93,110,-0.27555556578090573,0.9908129957360752
R2_aA_m0,12,1141,full,3.510969392187522e-06,1.1951397699975116e-05,-0.5458690934886526,92,1,97,unmeasured; unity model only,UNKNOWN,RESEARCH_ONLY_MAGNITUDE_SURROGATE,92,97,-0.8092988892438185,0.2840221924789798,92,101,-0.8842800814445265,0.6480156052162949,92,109,-0.7375898674387333,0.9269687076242507
R2_aA_m0,12,1143,full,5.823097888585227e-06,9.119379979211213e-06,-0.22059809087822235,92,1,97,unmeasured; unity model only,UNKNOWN,RESEARCH_ONLY_MAGNITUDE_SURROGATE,92,97,-0.49284445139447075,0.32591537896023887,92,101,-0.67164596640424,0.6536931538295567,92,109,-0.5442526473168645,0.9084317892276496
R2_aA_m0,12,1145,full,8.570751336165273e-06,6.155231296658891e-06,0.16403116177267493,92,1,97,unmeasured; unity model only,UNKNOWN,RESEARCH_ONLY_MAGNITUDE_SURROGATE,92,97,-0.024379370365213815,0.3686608536300842,92,101,-0.18984097520193044,0.685369219341223,92,109,-0.09819369525328811,0.9004870988877451
R2_aA_m0,12,1141,los,6.653985207895515e-07,2.8753660440552893e-06,-0.6241498079843614,92,1,97,unmeasured; unity model only,UNKNOWN,RESEARCH_ONLY_MAGNITUDE_SURROGATE,92,97,-0.7353122214275551,0.4809355864997038,92,101,-0.7877690543205624,0.9420618799485205,92,109,-0.7944326797337977,0.9869682116220605
R2_aA_m0,12,1143,los,1.1607375416106613e-06,2.309961007794679e-06,-0.33112166032999973,92,1,97,unmeasured; unity model only,UNKNOWN,RESEARCH_ONLY_MAGNITUDE_SURROGATE,92,97,-0.4358413772320061,0.4916573910003574,92,101,-0.4917493840696513,0.9450090646612317,92,109,-0.50011695508876,0.9860909070813186
R2_aA_m0,12,1145,los,1.781912148476659e-06,1.6726722963943247e-06,0.03162170554103041,92,1,97,unmeasured; unity model only,UNKNOWN,RESEARCH_ONLY_MAGNITUDE_SURROGATE,92,97,-0.038896679949416015,0.4920593662671291,92,101,-0.08102430708102856,0.9455371756067854,92,109,-0.08848498499795233,0.9861672597354781
R2_aA_m0,13,1159,full,3.2480863553155846e-06,3.129367738151162e-06,0.018615362090342823,81,0,86,unmeasured; unity model only,UNKNOWN,RESEARCH_ONLY_MAGNITUDE_SURROGATE,81,86,0.517750669258309,0.18517489812520946,81,90,0.20929812403116468,0.5330678001322487,81,98,0.20804081107497477,0.8053396800344959
R2_aA_m0,13,1161,full,2.2690722764304717e-06,3.764515946837747e-06,-0.24785312074167987,81,0,87,unmeasured; unity model only,UNKNOWN,RESEARCH_ONLY_MAGNITUDE_SURROGATE,81,86,0.42123936876404455,0.17009587964983022,81,90,0.2538111988764122,0.49843280451605876,81,98,0.25692989910058095,0.7878386125879339
R2_aA_m0,13,1163,full,2.9557519382747763e-06,4.484129005181027e-06,-0.2054303124636191,82,0,88,unmeasured; unity model only,UNKNOWN,RESEARCH_ONLY_MAGNITUDE_SURROGATE,82,87,0.4514071231479634,0.19691412342223522,82,91,0.42258758766518295,0.5152191239598205,82,99,0.3519439205082,0.8055610390440949
R2_aA_m0,13,1159,los,8.873197401535153e-07,5.394296012359785e-06,-0.717486782027858,79,1,83,unmeasured; unity model only,UNKNOWN,RESEARCH_ONLY_MAGNITUDE_SURROGATE,79,84,-0.8155324425092629,0.49950605680165927,79,88,-0.8593766260308432,0.9448009601826026,79,96,-0.8641219377707247,0.9845203258796081
R2_aA_m0,13,1161,los,1.5988238176842327e-06,4.512336562142695e-06,-0.47675278725723363,79,1,83,unmeasured; unity model only,UNKNOWN,RESEARCH_ONLY_MAGNITUDE_SURROGATE,79,84,-0.5841152337869048,0.5115664141926051,79,88,-0.6388766948011717,0.9472997443335163,79,96,-0.645975581776314,0.983269027663225
R2_aA_m0,13,1163,los,2.635465495418402e-06,3.3996664593970673e-06,-0.1266253943907398,79,1,83,unmeasured; unity model only,UNKNOWN,RESEARCH_ONLY_MAGNITUDE_SURROGATE,79,84,-0.20893360103968692,0.5173364351067938,79,88,-0.25575212263951547,0.9488854136187175,79,96,-0.2628626085649169,0.9827929244797962
R2_aA_m0,14,1177,full,5.637772261356965e-06,2.551071745245089e-05,-0.6380067018878421,66,1,71,unmeasured; unity model only,UNKNOWN,RESEARCH_ONLY_MAGNITUDE_SURROGATE,66,71,-0.7166291325860518,0.4270269825454795,66,75,-0.7664010408067273,0.8649185593497499,66,83,-0.710372568615243,0.9610939355881227
R2_aA_m0,14,1179,full,9.99260953215467e-06,2.061695340772887e-05,-0.3470923089114393,66,1,71,unmeasured; unity model only,UNKNOWN,RESEARCH_ONLY_MAGNITUDE_SURROGATE,66,71,-0.42525452873831554,0.43771169650353464,66,75,-0.5044090566540869,0.8577043725403238,66,83,-0.43914837019208663,0.959394521875064
R2_aA_m0,14,1181,full,1.5434058763310205e-05,1.5232969258835803e-05,0.006557189184722659,66,1,71,unmeasured; unity model only,UNKNOWN,RESEARCH_ONLY_MAGNITUDE_SURROGATE,66,71,-0.032469734400516224,0.45001089652622545,66,75,-0.10730361664080602,0.8547107139324371,66,83,-0.04970509358847171,0.9585819231611148
R2_aA_m0,14,1177,los,1.4687109408557998e-06,1.0069716762919021e-05,-0.7454226904112234,66,1,70,unmeasured; unity model only,UNKNOWN,RESEARCH_ONLY_MAGNITUDE_SURROGATE,66,71,-0.8361165215721772,0.5119288629289718,66,75,-0.8759332039770217,0.9463846645059427,66,83,-0.8799095694972836,0.9827470504884376
R2_aA_m0,14,1179,los,2.6757595484465e-06,8.492906768951857e-06,-0.5208452876278974,66,1,70,unmeasured; unity model only,UNKNOWN,RESEARCH_ONLY_MAGNITUDE_SURROGATE,66,71,-0.6256230227923518,0.5242117345775275,66,75,-0.6784988914045927,0.9485261613817183,66,83,-0.6849564405869347,0.9813140757239194
R2_aA_m0,14,1181,los,4.528876844605806e-06,6.466448493305542e-06,-0.17621776429107405,66,1,70,unmeasured; unity model only,UNKNOWN,RESEARCH_ONLY_MAGNITUDE_SURROGATE,66,71,-0.26009178391972804,0.5313149660793027,66,75,-0.3073421160194659,0.9501531550144761,66,83,-0.3140986617571368,0.9806222082556865
R2_aA_m0,15,1195,full,9.90445641203077e-06,3.5324472889604566e-05,-0.5620300296751594,53,1,57,unmeasured; unity model only,UNKNOWN,RESEARCH_ONLY_MAGNITUDE_SURROGATE,53,58,-0.5981151976350558,0.37995188780797173,53,62,-0.6352286498729782,0.6628632328530084,53,70,-0.6004298257600537,0.776952531813345
R2_aA_m0,15,1197,full,1.6423031299793376e-05,2.7964716615829067e-05,-0.2600196193322426,53,1,57,unmeasured; unity model only,UNKNOWN,RESEARCH_ONLY_MAGNITUDE_SURROGATE,53,58,-0.2312911305652886,0.3819832952648238,53,62,-0.2375999356239113,0.673219592414115,53,70,-0.2407837136917424,0.7856445450451774
R2_aA_m0,15,1199,full,2.432437972423422e-05,2.02069098005393e-05,0.0924624004297989,53,0,57,unmeasured; unity model only,UNKNOWN,RESEARCH_ONLY_MAGNITUDE_SURROGATE,53,58,0.15738863623305588,0.3835538002903294,53,62,0.16558350182861803,0.6982319035916559,53,70,0.13971229460297568,0.8036103354415125
R2_aA_m0,15,1195,los,3.1964035346704426e-06,1.8732605603745567e-05,-0.7084771578601907,53,1,57,unmeasured; unity model only,UNKNOWN,RESEARCH_ONLY_MAGNITUDE_SURROGATE,53,58,-0.8033117671040746,0.5097611177304291,53,62,-0.8467015462315665,0.9464174691274349,53,70,-0.8514565122587897,0.9832013200711931
R2_aA_m0,15,1197,los,5.87503637109489e-06,1.537115136528714e-05,-0.4469561839525251,53,1,57,unmeasured; unity model only,UNKNOWN,RESEARCH_ONLY_MAGNITUDE_SURROGATE,53,58,-0.5487026338782047,0.5219508889934887,53,62,-0.6022607776956405,0.9488143173462354,53,70,-0.6093959805992544,0.9818823087863479
R2_aA_m0,15,1199,los,9.630747811810257e-06,1.1435519308726006e-05,-0.08567115790326152,53,1,57,unmeasured; unity model only,UNKNOWN,RESEARCH_ONLY_MAGNITUDE_SURROGATE,53,58,-0.15870546000400496,0.5262990113449445,53,62,-0.20113876684571044,0.9500478782195474,53,70,-0.20764685389583404,0.9815432039791921
R2_aA_m0,16,1213,full,1.1542355577921252e-05,4.333120602867812e-05,-0.5793108651969436,40,1,45,unmeasured; unity model only,UNKNOWN,RESEARCH_ONLY_MAGNITUDE_SURROGATE,40,45,-0.5579868825029639,0.3311655576927632,40,49,-0.4781012449493748,0.7741733917440746,40,57,-0.4489356923690777,0.9110087031358123
R2_aA_m0,16,1215,full,1.978568930149377e-05,3.443371998617511e-05,-0.2701621223308448,40,1,45,unmeasured; unity model only,UNKNOWN,RESEARCH_ONLY_MAGNITUDE_SURROGATE,40,45,-0.17344917119479003,0.3218248695369774,40,49,-0.05169056046878513,0.7608047414886794,40,57,-0.03666901858256115,0.9108717481815651
R2_aA_m0,16,1217,full,2.9633087472170643e-05,2.4927769378934843e-05,0.08623981302339945,40,0,46,unmeasured; unity model only,UNKNOWN,RESEARCH_ONLY_MAGNITUDE_SURROGATE,40,45,0.23370159038133828,0.30684711530134295,40,49,0.34652732795805863,0.7540749454429079,40,57,0.33442704042933286,0.9151956169590248
R2_aA_m0,16,1213,los,7.825113845425707e-06,3.5608976487172624e-05,-0.6396787046532078,40,1,45,unmeasured; unity model only,UNKNOWN,RESEARCH_ONLY_MAGNITUDE_SURROGATE,40,45,-0.7425608229596576,0.47110445843560333,40,49,-0.792570170991221,0.9407452138853664,40,57,-0.7997068830771847,0.9882230057664817
R2_aA_m0,16,1215,los,1.3961507740065174e-05,2.846203394185124e-05,-0.34180376335639856,40,1,45,unmeasured; unity model only,UNKNOWN,RESEARCH_ONLY_MAGNITUDE_SURROGATE,40,45,-0.43936905269375526,0.4819919951280207,40,49,-0.4933161944579827,0.9440117493900082,40,57,-0.5023286523825572,0.9874145284445405
R2_aA_m0,16,1217,los,2.178313120561145e-05,2.0742593228693313e-05,0.024468436240882786,40,1,45,unmeasured; unity model only,UNKNOWN,RESEARCH_ONLY_MAGNITUDE_SURROGATE,40,45,-0.0351058859077756,0.48283371279813875,40,49,-0.07096159612568377,0.9446771515029067,40,57,-0.07767974134916561,0.987458812738546
R2_aA_m0,17,1231,full,6.0137276340387785e-05,0.00018791558300851026,-0.5151253124173677,28,1,33,unmeasured; unity model only,UNKNOWN,RESEARCH_ONLY_MAGNITUDE_SURROGATE,28,33,-0.38058134107750236,0.3434682303386162,28,37,-0.2538097453764068,0.8454401923771072,28,45,-0.20214716052871748,0.9609725786633587
R2_aA_m0,17,1233,full,0.00023873316002893523,0.00031744697235819525,-0.1415257535205718,29,0,34,unmeasured; unity model only,UNKNOWN,RESEARCH_ONLY_MAGNITUDE_SURROGATE,29,34,0.02929872116031897,0.4641489213395347,29,38,0.16332861461386622,0.8858856516417462,29,46,0.1964471738537623,0.9478556931505845
R2_aA_m0,17,1235,full,0.0003447865417940985,0.00022008554664471104,0.2207597041907937,29,0,34,unmeasured; unity model only,UNKNOWN,RESEARCH_ONLY_MAGNITUDE_SURROGATE,29,34,0.3907184983213263,0.4515260416595902,29,38,0.5078778599976007,0.8843370078296461,29,46,0.5340691775973293,0.9523482273290895
R2_aA_m0,17,1231,los,3.29471553123771e-05,0.000171942264640117,-0.6783908576634531,28,1,33,unmeasured; unity model only,UNKNOWN,RESEARCH_ONLY_MAGNITUDE_SURROGATE,28,33,-0.7633274570819549,0.49396051807945907,28,37,-0.8045240227317677,0.9450087933060787,28,45,-0.8100110100728605,0.9856254320341953
R2_aA_m0,17,1233,los,6.0562441678111843e-05,0.00013876743894371255,-0.3923395580313117,28,1,32,unmeasured; unity model only,UNKNOWN,RESEARCH_ONLY_MAGNITUDE_SURROGATE,28,33,-0.4762293000306376,0.5041739944226694,28,37,-0.522280321883441,0.9474914955085213,28,45,-0.5294246531460307,0.9846923609073519
R2_aA_m0,17,1235,los,9.740029419825008e-05,0.00010299001944674386,-0.02789418882988718,28,1,32,unmeasured; unity model only,UNKNOWN,RESEARCH_ONLY_MAGNITUDE_SURROGATE,28,33,-0.07839562651756832,0.506274340896712,28,37,-0.10807517859649253,0.9483220705939075,28,45,-0.11310845036199446,0.9846035615151367
R2_aA_m0,18,1249,full,0.0001479337046605076,0.0013681258157058065,-0.8048444633298257,17,1,22,unmeasured; unity model only,UNKNOWN,RESEARCH_ONLY_MAGNITUDE_SURROGATE,17,22,-0.8283211735589457,0.34468987518543337,17,26,-0.7801884958566024,0.8417654869816005,17,34,-0.7196011505299912,0.9765592571178799
R2_aA_m0,18,1251,full,0.00027737677181067713,0.0011828111992619483,-0.6200807330210758,17,1,22,unmeasured; unity model only,UNKNOWN,RESEARCH_ONLY_MAGNITUDE_SURROGATE,17,22,-0.6184724298586997,0.3388410651500141,17,26,-0.5402975110928677,0.8388796694598911,17,34,-0.4708271298779568,0.9763365139941272
R2_aA_m0,18,1253,full,0.0004852993660438803,0.0009512711069078333,-0.3243639971984969,17,1,22,unmeasured; unity model only,UNKNOWN,RESEARCH_ONLY_MAGNITUDE_SURROGATE,17,22,-0.3003937002405209,0.3345588355783377,17,26,-0.21345025386622832,0.8365295679097698,17,34,-0.14807353710073612,0.9764620917042937
R2_aA_m0,18,1249,los,0.000148635423866607,0.0013265395819582217,-0.7984843516468081,17,1,22,unmeasured; unity model only,UNKNOWN,RESEARCH_ONLY_MAGNITUDE_SURROGATE,17,22,-0.8539458913602951,0.43718789972453986,17,26,-0.8787378323949538,0.9332390099638108,17,34,-0.8824031025251653,0.9914909003786481
R2_aA_m0,18,1251,los,0.00028082372121412974,0.0011452703304791647,-0.6061638138372578,17,1,22,unmeasured; unity model only,UNKNOWN,RESEARCH_ONLY_MAGNITUDE_SURROGATE,17,22,-0.6763018476853652,0.4452300592413931,17,26,-0.712398474926511,0.9359091992354809,17,34,-0.7187925960428551,0.9909670856139513
R2_aA_m0,18,1253,los,0.00048811626528098715,0.0009198088787277092,-0.3066161686818029,17,1,22,unmeasured; unity model only,UNKNOWN,RESEARCH_ONLY_MAGNITUDE_SURROGATE,17,22,-0.3650427346891054,0.4508778272970777,17,26,-0.3974826438703266,0.9379247814007311,17,34,-0.40370342477719956,0.9906302670248238
R2_aA_m0,19,1267,full,0.0002516411338881114,0.007025272281245588,-0.930838497167006,11,1,16,unmeasured; unity model only,UNKNOWN,RESEARCH_ONLY_MAGNITUDE_SURROGATE,11,16,-0.9478817545897775,0.41229115935743565,11,20,-0.950708107031663,0.9225670313228511,11,28,-0.9254490661855194,0.987646913729423
R2_aA_m0,19,1269,full,0.0006099383636083452,0.006796187150056579,-0.8352881375064578,11,1,16,unmeasured; unity model only,UNKNOWN,RESEARCH_ONLY_MAGNITUDE_SURROGATE,11,16,-0.8735867600636661,0.41523883214910096,11,20,-0.9054366150562134,0.9255240896094377,11,28,-0.8938152703330495,0.9875291310405755
R2_aA_m0,19,1271,full,0.0012903579130926603,0.00617282940030508,-0.6542072819809199,11,1,16,unmeasured; unity model only,UNKNOWN,RESEARCH_ONLY_MAGNITUDE_SURROGATE,11,16,-0.7074538349333224,0.41644061958874373,11,20,-0.761506683566601,0.9272652516201685,11,28,-0.7623826120489434,0.987461870552584
R2_aA_m0,19,1267,los,0.0005531285917691592,0.01838855152571642,-0.9415966705869402,12,1,16,unmeasured; unity model only,UNKNOWN,RESEARCH_ONLY_MAGNITUDE_SURROGATE,12,17,-0.9473828451300732,0.5314135900655285,12,21,-0.950086824464172,0.9502891536163687,12,29,-0.9503720801528266,0.9805961685664055
R2_aA_m0,19,1269,los,0.0013967005696467495,0.017847540097233848,-0.8548448240880216,12,1,16,unmeasured; unity model only,UNKNOWN,RESEARCH_ONLY_MAGNITUDE_SURROGATE,12,17,-0.8666600498431131,0.5327658224884319,12,21,-0.873205215869801,0.9504691249326078,12,29,-0.8741326293589614,0.9804147790675648
R2_aA_m0,19,1271,los,0.0031004818920423467,0.016262366098193575,-0.6797493949644368,12,1,16,unmeasured; unity model only,UNKNOWN,RESEARCH_ONLY_MAGNITUDE_SURROGATE,12,17,-0.6949340534717642,0.5342447176312795,12,21,-0.7038359871101374,0.9506604481619261,12,29,-0.7051853492153248,0.9802131196770059
R2_aA_m0,20,1285,full,0.00011855413785018223,0.0010559732748289872,-0.7981245280946607,16,1,20,unmeasured; unity model only,UNKNOWN,RESEARCH_ONLY_MAGNITUDE_SURROGATE,16,21,-0.7772745880723438,0.43178960408396533,16,25,-0.7104807595816623,0.8612012612071381,16,33,-0.6088900547027296,0.956942650136502
R2_aA_m0,20,1287,full,1.339669249266287e-05,0.0010246684362389608,-0.9741891098701447,16,1,20,unmeasured; unity model only,UNKNOWN,RESEARCH_ONLY_MAGNITUDE_SURROGATE,16,21,-0.9643142820265158,0.4442084383776758,16,25,-0.9276645402723204,0.8603908144025287,16,33,-0.8198883272436108,0.9506520885868883
R2_aA_m0,20,1289,full,1.77665684391793e-05,0.0009630366883249497,-0.9637713918328639,16,1,20,unmeasured; unity model only,UNKNOWN,RESEARCH_ONLY_MAGNITUDE_SURROGATE,16,21,-0.9660089924923619,0.4651017739488428,16,25,-0.9752886804170469,0.8751496145352325,16,33,-0.9026813818423872,0.9462625106470195
R2_aA_m0,20,1285,los,0.00010623103855026825,0.0011004969333134188,-0.8239354004760433,16,1,21,unmeasured; unity model only,UNKNOWN,RESEARCH_ONLY_MAGNITUDE_SURROGATE,16,21,-0.8428771194733933,0.4682363596990052,16,25,-0.8485973453106271,0.9411096426321297,16,33,-0.8488008897838336,0.9887569942826216
R2_aA_m0,20,1287,los,8.279379692746372e-06,0.0010541237193485333,-0.9844138638145583,16,1,21,unmeasured; unity model only,UNKNOWN,RESEARCH_ONLY_MAGNITUDE_SURROGATE,16,21,-0.9893564223462795,0.46989646752469555,16,25,-0.9895962065138895,0.9416955435017471,16,33,-0.9891964405368953,0.9886662165390685
R2_aA_m0,20,1289,los,2.77157462805574e-05,0.0009785297513773738,-0.9449125559417326,16,1,21,unmeasured; unity model only,UNKNOWN,RESEARCH_ONLY_MAGNITUDE_SURROGATE,16,21,-0.9251753452105475,0.46979441360715474,16,25,-0.9149656549569156,0.9418975202929056,16,33,-0.9132286292770796,0.9887442894540592
R2_aA_m45,0,22,full,0.00016448262430700025,0.0001793420801994536,-0.04321811579474341,21,0,27,unmeasured; unity model only,UNKNOWN,RESEARCH_ONLY_MAGNITUDE_SURROGATE,21,26,0.2084121554287511,0.38205879219501326,21,30,0.356596761081527,0.8771390017754339,21,38,0.38668743420081997,0.9706585767347059
R2_aA_m45,0,24,full,0.0002855222880143249,0.00012656389616671188,0.385740648314916,21,0,26,unmeasured; unity model only,UNKNOWN,RESEARCH_ONLY_MAGNITUDE_SURROGATE,21,26,0.5590159674842456,0.4237236915078941,21,30,0.6483795813624137,0.9011116192443689,21,38,0.6596134663508363,0.9678893366436181
R2_aA_m45,0,26,full,0.00039381940796149836,7.589658085234777e-05,0.6768405476509063,21,0,26,unmeasured; unity model only,UNKNOWN,RESEARCH_ONLY_MAGNITUDE_SURROGATE,21,26,0.801949761154275,0.456542185160092,21,30,0.8624204934343975,0.9100975596771109,21,38,0.8618854338987315,0.9616257721384605
R2_aA_m45,0,22,los,0.0001670566094115527,0.00019538217707899483,-0.07815269425691244,21,0,26,unmeasured; unity model only,UNKNOWN,RESEARCH_ONLY_MAGNITUDE_SURROGATE,21,26,-0.015070359405751892,0.49143312177799187,21,30,0.01367393960537175,0.9454112385004334,21,38,0.01769057610122471,0.9861526517258782
R2_aA_m45,0,24,los,0.0002952733571202105,0.00014068544314137465,0.35459294292506444,21,0,26,unmeasured; unity model only,UNKNOWN,RESEARCH_ONLY_MAGNITUDE_SURROGATE,21,26,0.39896731874059255,0.4909920188968109,21,30,0.4190208514152624,0.9452626715389206,21,38,0.4218250854589046,0.9861792234764757
R2_aA_m45,0,26,los,0.0004103701615351431,8.644679417720068e-05,0.6519974079658697,21,0,25,unmeasured; unity model only,UNKNOWN,RESEARCH_ONLY_MAGNITUDE_SURROGATE,21,26,0.6784470081078289,0.49167325725136474,21,30,0.6902567303960527,0.9452563287347199,21,38,0.6919004500646191,0.9860487834813123
R2_aA_m45,1,480,full,8.714753036523e-06,1.709201225288015e-05,-0.3246148489519159,98,1,103,unmeasured; unity model only,UNKNOWN,RESEARCH_ONLY_MAGNITUDE_SURROGATE,98,103,-0.4744537901827801,0.3371944588247968,98,107,-0.6088015316887516,0.7055604202222754,98,115,-0.5839720289173685,0.8870007495548938
R2_aA_m45,1,482,full,4.2339207267568394e-06,2.108394935763057e-05,-0.6655389483677191,98,1,103,unmeasured; unity model only,UNKNOWN,RESEARCH_ONLY_MAGNITUDE_SURROGATE,98,103,-0.7742473226103026,0.34100341293721487,98,107,-0.8446219635251719,0.7262068927123648,98,115,-0.7553793681277102,0.8951366119644063
R2_aA_m45,1,484,full,6.414915955371261e-07,9.779010118325568e-06,-0.8768789424632537,97,1,103,unmeasured; unity model only,UNKNOWN,RESEARCH_ONLY_MAGNITUDE_SURROGATE,97,102,-0.9359628017487261,0.24376467740492838,97,106,-0.9500767578883508,0.6771780494345476,97,114,-0.8427202888848736,0.8953140950619215
R2_aA_m45,1,480,los,7.093644281686849e-07,1.2289523951799869e-06,-0.2680614235776236,96,1,101,unmeasured; unity model only,UNKNOWN,RESEARCH_ONLY_MAGNITUDE_SURROGATE,96,101,-0.24900347178345938,0.4311954100690605,96,105,-0.2289760147659944,0.9313780103564119,96,113,-0.22325671420096363,0.9918733174268126
R2_aA_m45,1,482,los,4.7170731950643464e-07,1.7146511554464887e-06,-0.5684995622535399,96,1,101,unmeasured; unity model only,UNKNOWN,RESEARCH_ONLY_MAGNITUDE_SURROGATE,96,101,-0.552297897007751,0.43057195650745717,96,105,-0.5378206169602052,0.9317406468989632,96,113,-0.533910043003998,0.9920730846564942
R2_aA_m45,1,484,los,2.3406676071963425e-07,1.9603039824626345e-06,-0.7866661671033843,96,1,101,unmeasured; unity model only,UNKNOWN,RESEARCH_ONLY_MAGNITUDE_SURROGATE,96,101,-0.7912220520614789,0.4307630111369645,96,105,-0.7910258806286911,0.9320311672640302,96,113,-0.79054064816635,0.9921348443802938
R2_aA_m45,2,520,full,1.0998259706787484e-05,6.146755088807854e-06,0.2829688207225118,97,0,102,unmeasured; unity model only,UNKNOWN,RESEARCH_ONLY_MAGNITUDE_SURROGATE,97,102,0.2848417841534963,0.35252846815849215,97,106,0.2953861964539819,0.7306317147577897,97,114,0.2424016437434159,0.8823416691988335
R2_aA_m45,2,522,full,1.5125150949252484e-05,4.598812777834646e-06,0.5336826977105978,97,0,102,unmeasured; unity model only,UNKNOWN,RESEARCH_ONLY_MAGNITUDE_SURROGATE,97,102,0.5638122467306297,0.381160626591795,97,106,0.5806021258706865,0.7550688196458726,97,114,0.4767474724219102,0.8884719500747499
R2_aA_m45,2,524,full,1.7579714094230246e-05,2.5141360678134158e-06,0.749760643426863,97,0,101,unmeasured; unity model only,UNKNOWN,RESEARCH_ONLY_MAGNITUDE_SURROGATE,97,102,0.808569127731023,0.4001642059974501,97,106,0.8279799242112862,0.763409891217002,97,114,0.681883806815274,0.8853234316832042
R2_aA_m45,2,520,los,9.04411107738303e-07,4.993126657013191e-07,0.28858843150055713,96,0,101,unmeasured; unity model only,UNKNOWN,RESEARCH_ONLY_MAGNITUDE_SURROGATE,96,101,0.20754854865908243,0.3950576295113817,96,105,0.15601016086675112,0.9193861853851218,96,113,0.14302360902329916,0.9942719891426929
R2_aA_m45,2,522,los,1.3644003861230006e-06,4.393168622847637e-07,0.5128761310315442,96,0,101,unmeasured; unity model only,UNKNOWN,RESEARCH_ONLY_MAGNITUDE_SURROGATE,96,101,0.4712667526707206,0.4011206553140192,96,105,0.43789629784040696,0.9217612630053115,96,113,0.42851631164533344,0.9939439767340369
R2_aA_m45,2,524,los,1.7170081625148808e-06,3.101470537480668e-07,0.6940075912688899,96,0,101,unmeasured; unity model only,UNKNOWN,RESEARCH_ONLY_MAGNITUDE_SURROGATE,96,101,0.6985737272969684,0.4051308888554114,96,105,0.6897193057301761,0.9232942172161647,96,113,0.6859022731783471,0.9937022543154381
R2_aA_m45,3,979,full,0.0006345864473320449,0.0008675402229606488,-0.15508264398448648,15,1,20,unmeasured; unity model only,UNKNOWN,RESEARCH_ONLY_MAGNITUDE_SURROGATE,15,20,-0.1459711656302643,0.38539880897431045,15,24,-0.15418817211040317,0.8685139589585078,15,32,-0.1835696262643318,0.9598366934842326
R2_aA_m45,3,981,full,0.00047311854322173557,0.001198066313757149,-0.4337926875701537,15,1,20,unmeasured; unity model only,UNKNOWN,RESEARCH_ONLY_MAGNITUDE_SURROGATE,15,20,-0.44002706427895477,0.40144235476261336,15,24,-0.4533618995390717,0.8855179703107863,15,32,-0.4583897594633407,0.9621525592893261
R2_aA_m45,3,983,full,0.00031431494140761517,0.0014901851886044467,-0.6516321210733144,15,1,20,unmeasured; unity model only,UNKNOWN,RESEARCH_ONLY_MAGNITUDE_SURROGATE,15,20,-0.6709376271242792,0.4068313990230036,15,24,-0.6914556927436274,0.8885766806675148,15,32,-0.6722592172763925,0.9644277806863081
R2_aA_m45,3,979,los,0.0005675097305788185,0.0008732008667916926,-0.21218080631238587,15,1,20,unmeasured; unity model only,UNKNOWN,RESEARCH_ONLY_MAGNITUDE_SURROGATE,15,20,-0.21133835687899963,0.4060438643046136,15,24,-0.20877978045954546,0.9242064221943055,15,32,-0.20782802618498183,0.9937939479341974
R2_aA_m45,3,981,los,0.0004082937127874184,0.0011868447809815581,-0.48807741223433676,15,1,20,unmeasured; unity model only,UNKNOWN,RESEARCH_ONLY_MAGNITUDE_SURROGATE,15,20,-0.4889492794535517,0.4049246463314044,15,24,-0.48711080422979214,0.9237086847221578,15,32,-0.4862630607446284,0.9938416657647324
R2_aA_m45,3,983,los,0.00025576725025428323,0.0014605537917795162,-0.7019587315072415,15,1,20,unmeasured; unity model only,UNKNOWN,RESEARCH_ONLY_MAGNITUDE_SURROGATE,15,20,-0.7024402760238544,0.4051586314658557,15,24,-0.700206803300351,0.9237068157796661,15,32,-0.6992070647214392,0.9938131080358976
R2_aA_m45,4,997,full,0.0023640164276943687,0.004608549551373456,-0.32190919819437314,11,1,16,unmeasured; unity model only,UNKNOWN,RESEARCH_ONLY_MAGNITUDE_SURROGATE,11,16,-0.28391618420900794,0.38315397433578907,11,20,-0.26550214749706946,0.903430482921541,11,28,-0.27045900087548,0.9851733384370845
R2_aA_m45,4,999,full,0.001367547890214379,0.005545050634610398,-0.6043317472284291,11,1,16,unmeasured; unity model only,UNKNOWN,RESEARCH_ONLY_MAGNITUDE_SURROGATE,11,16,-0.5686096840242832,0.38502299116354316,11,20,-0.5425832665458247,0.9042684052592617,11,28,-0.5385044870315405,0.9850899594464859
R2_aA_m45,4,1001,full,0.0006351583815677684,0.006218364528294792,-0.814647622858678,11,1,16,unmeasured; unity model only,UNKNOWN,RESEARCH_ONLY_MAGNITUDE_SURROGATE,11,16,-0.789129260193417,0.3882137898567162,11,20,-0.7618338894389013,0.9056258827747296,11,28,-0.7498539553284412,0.9848664593521929
R2_aA_m45,4,997,los,0.0024073764040956278,0.004766858100852836,-0.32888271147670795,11,1,16,unmeasured; unity model only,UNKNOWN,RESEARCH_ONLY_MAGNITUDE_SURROGATE,11,16,-0.3009305011557585,0.38612248328689824,11,20,-0.2844124674398035,0.9173663626119894,11,28,-0.2802331887294143,0.9949913278123212
R2_aA_m45,4,999,los,0.0013964368248342972,0.005710452019918465,-0.6070188079935062,11,1,16,unmeasured; unity model only,UNKNOWN,RESEARCH_ONLY_MAGNITUDE_SURROGATE,11,16,-0.5840454084266277,0.3867928803586712,11,20,-0.5695559229147985,0.9176623017457758,11,28,-0.5656967881152392,0.9949632042264722
R2_aA_m45,4,1001,los,0.000658080521734169,0.006379765343872675,-0.812988083484427,11,1,16,unmeasured; unity model only,UNKNOWN,RESEARCH_ONLY_MAGNITUDE_SURROGATE,11,16,-0.8003764013387885,0.3878222911660988,11,20,-0.7912471568655663,0.9181389548646423,11,28,-0.7885689167933451,0.9949226271975992
R2_aA_m45,5,1015,full,0.00042318673736360505,0.000851167067731965,-0.3358410581559519,18,1,22,unmeasured; unity model only,UNKNOWN,RESEARCH_ONLY_MAGNITUDE_SURROGATE,18,23,-0.29120796274277405,0.5167755874911549,18,27,-0.2643451133917379,0.9090952036268105,18,35,-0.27554278435116103,0.9501515885242074
R2_aA_m45,5,1017,full,0.0002905041851311318,0.0009784682857374605,-0.5421426519484916,18,1,22,unmeasured; unity model only,UNKNOWN,RESEARCH_ONLY_MAGNITUDE_SURROGATE,18,23,-0.4872851355594018,0.5083506056824101,18,27,-0.45082603681454814,0.9036178345298497,18,35,-0.45032010566560693,0.952479526459977
R2_aA_m45,5,1019,full,0.00016954104104003007,0.0009971792566249196,-0.709371575382127,18,1,22,unmeasured; unity model only,UNKNOWN,RESEARCH_ONLY_MAGNITUDE_SURROGATE,18,23,-0.6448785446981904,0.4979067175319781,18,27,-0.5969738286327361,0.890806511650547,18,35,-0.5796126530163984,0.9519135879765257
R2_aA_m45,5,1015,los,0.0004007686350556118,0.0008846064081873433,-0.3764175877501295,18,1,22,unmeasured; unity model only,UNKNOWN,RESEARCH_ONLY_MAGNITUDE_SURROGATE,18,23,-0.37908376340238875,0.4959583069771279,18,27,-0.37889052210630253,0.9462916495236917,18,35,-0.378611211804301,0.9856922259220755
R2_aA_m45,5,1017,los,0.00026845157585630997,0.001002681148537024,-0.5776183388175578,18,1,22,unmeasured; unity model only,UNKNOWN,RESEARCH_ONLY_MAGNITUDE_SURROGATE,18,23,-0.5755960620276812,0.4930060412488748,18,27,-0.5725794637288809,0.9457271453077597,18,35,-0.5717567548513852,0.9860250766675647
R2_aA_m45,5,1019,los,0.00014940293958225906,0.0010077137366073952,-0.7417668543603781,18,1,22,unmeasured; unity model only,UNKNOWN,RESEARCH_ONLY_MAGNITUDE_SURROGATE,18,23,-0.7358544978237899,0.4914513882918069,18,27,-0.7301009890832396,0.9454137287295399,18,35,-0.7286472616946419,0.9862024432892242
R2_aA_m45,6,1033,full,1.3746955790477087e-05,3.8240733834973514e-05,-0.471145731248374,28,1,33,unmeasured; unity model only,UNKNOWN,RESEARCH_ONLY_MAGNITUDE_SURROGATE,28,33,-0.39645243438498656,0.23216847403540603,28,37,-0.3743158716086571,0.5883407910338868,28,45,-0.4028762543401498,0.7088560663225183
R2_aA_m45,6,1035,full,8.94562582754808e-06,4.534289053463904e-05,-0.6704413225122188,28,1,33,unmeasured; unity model only,UNKNOWN,RESEARCH_ONLY_MAGNITUDE_SURROGATE,28,33,-0.6103441479989427,0.25053078553897873,28,37,-0.579161027530735,0.592057381567936,28,45,-0.5559935229630599,0.6856851503560355
R2_aA_m45,6,1037,full,5.0263626979816845e-06,4.507540682652744e-05,-0.7993538852745369,28,1,33,unmeasured; unity model only,UNKNOWN,RESEARCH_ONLY_MAGNITUDE_SURROGATE,28,33,-0.7709807112657185,0.2522065864813873,28,37,-0.7620767157713244,0.5601768163035453,28,45,-0.6612771306980348,0.651110985433906
R2_aA_m45,6,1033,los,4.6687398021117464e-05,0.00010845134009656282,-0.3981206939339315,29,1,33,unmeasured; unity model only,UNKNOWN,RESEARCH_ONLY_MAGNITUDE_SURROGATE,29,34,-0.4063023650356928,0.5044440902476026,29,38,-0.4076596652827401,0.9473219943254138,29,46,-0.4074398763533914,0.9845082362694053
R2_aA_m45,6,1035,los,3.1258509680655134e-05,0.00013178719524950774,-0.616567517751614,29,1,33,unmeasured; unity model only,UNKNOWN,RESEARCH_ONLY_MAGNITUDE_SURROGATE,29,34,-0.6249873625475753,0.5011057314379116,29,38,-0.627374794915607,0.9468363960855095,29,46,-0.6274633363108321,0.9849531095848143
R2_aA_m45,6,1037,los,1.833953231992593e-05,0.00013425620539590232,-0.7596324432851622,29,1,33,unmeasured; unity model only,UNKNOWN,RESEARCH_ONLY_MAGNITUDE_SURROGATE,29,34,-0.7664647552971311,0.49867613405078376,29,38,-0.7678197956611461,0.9464102778968363,29,46,-0.7676501628623882,0.9852559018722289
R2_aA_m45,7,1051,full,8.079290783362668e-06,1.4659772218995073e-05,-0.28939105516133606,41,1,48,unmeasured; unity model only,UNKNOWN,RESEARCH_ONLY_MAGNITUDE_SURROGATE,41,46,-0.1923619235577456,0.22069181238191685,41,50,-0.22835030122200553,0.5375570603750718,41,58,-0.25202033065926965,0.7359861129945056
R2_aA_m45,7,1053,full,5.827399953784633e-06,2.0276280043585964e-05,-0.5535188943189908,41,1,46,unmeasured; unity model only,UNKNOWN,RESEARCH_ONLY_MAGNITUDE_SURROGATE,41,46,-0.45115722610275094,0.25324910721766863,41,50,-0.4017886833917686,0.5846962767181381,41,58,-0.3887673022639117,0.7298595465329262
R2_aA_m45,7,1055,full,3.650516009162183e-06,2.241676508239658e-05,-0.7199158595528162,41,1,46,unmeasured; unity model only,UNKNOWN,RESEARCH_ONLY_MAGNITUDE_SURROGATE,41,46,-0.606954706573451,0.2660220221816529,41,50,-0.5023901843289129,0.6004761176358551,41,58,-0.4594728179207536,0.7209891918609787
R2_aA_m45,7,1051,los,1.0835840280563035e-05,1.9875982654225204e-05,-0.2943538191418172,41,1,46,unmeasured; unity model only,UNKNOWN,RESEARCH_ONLY_MAGNITUDE_SURROGATE,41,46,-0.29655244056817903,0.4641735385188696,41,50,-0.2919349844353554,0.9401567138255462,41,58,-0.2901445867482552,0.9891161767473337
R2_aA_m45,7,1053,los,7.275228907627183e-06,2.6852586896718622e-05,-0.5736481379683982,41,1,46,unmeasured; unity model only,UNKNOWN,RESEARCH_ONLY_MAGNITUDE_SURROGATE,41,46,-0.578048199229355,0.46084629590180676,41,50,-0.5769362462237266,0.9395629913478695,41,58,-0.5762039710039517,0.9894994732294676
R2_aA_m45,7,1055,los,4.176425073033532e-06,2.9662701370156965e-05,-0.7531599948334977,41,1,46,unmeasured; unity model only,UNKNOWN,RESEARCH_ONLY_MAGNITUDE_SURROGATE,41,46,-0.7635243777616324,0.4587047012279964,41,50,-0.7667237910083564,0.9390782699878044,41,58,-0.7669333821174374,0.9897231258085121
R2_aA_m45,8,1069,full,7.795059738040433e-06,2.4187816922592694e-05,-0.5125479286461331,55,1,61,unmeasured; unity model only,UNKNOWN,RESEARCH_ONLY_MAGNITUDE_SURROGATE,55,60,-0.783709926189622,0.29436154282206145,55,64,-0.8787045529818329,0.7008673350731265,55,72,-0.8778316530360099,0.8583700273671925
R2_aA_m45,8,1071,full,4.181095757515057e-06,2.9359715705689332e-05,-0.7506860701863527,55,1,61,unmeasured; unity model only,UNKNOWN,RESEARCH_ONLY_MAGNITUDE_SURROGATE,55,60,-0.9149876879583093,0.2944358776483043,55,64,-0.9513634104428156,0.6861906376007297,55,72,-0.9413145506448295,0.8511755950085491
R2_aA_m45,8,1073,full,1.3325330598981653e-06,1.399850221378833e-05,-0.8261652868041774,54,1,60,unmeasured; unity model only,UNKNOWN,RESEARCH_ONLY_MAGNITUDE_SURROGATE,54,59,-0.9598727272445328,0.20706613631238038,54,63,-0.9634568215911592,0.5885504339036215,54,71,-0.9413949399717705,0.831400714609262
R2_aA_m45,8,1069,los,5.619870163142023e-06,9.493142944509593e-06,-0.256287264080156,54,1,58,unmeasured; unity model only,UNKNOWN,RESEARCH_ONLY_MAGNITUDE_SURROGATE,54,59,-0.2506388719716098,0.49876977534343364,54,63,-0.2408962282565684,0.9460682305594275,54,71,-0.23831058539712494,0.9850512092620687
R2_aA_m45,8,1071,los,3.7906583091310435e-06,1.3328508982310343e-05,-0.5571445451057473,54,1,58,unmeasured; unity model only,UNKNOWN,RESEARCH_ONLY_MAGNITUDE_SURROGATE,54,59,-0.5535027313296043,0.49609808192383076,54,63,-0.547529090737977,0.945960091914109,54,71,-0.5459857305660345,0.9855291894556033
R2_aA_m45,8,1073,los,2.079292234729111e-06,1.524552809814998e-05,-0.7599637751182879,54,1,58,unmeasured; unity model only,UNKNOWN,RESEARCH_ONLY_MAGNITUDE_SURROGATE,54,59,-0.7671060899198424,0.4947300807456401,54,63,-0.7686885855087604,0.9458406337320938,54,71,-0.7686329542486016,0.9857621135577156
R2_aA_m45,9,1087,full,2.3339181004647477e-06,7.800084801541242e-06,-0.5393887049306535,68,1,76,unmeasured; unity model only,UNKNOWN,RESEARCH_ONLY_MAGNITUDE_SURROGATE,68,73,-0.7877069199422632,0.12335437330284792,68,77,-0.9257677446464194,0.3976439550790709,68,85,-0.811901310493337,0.691823538325279
R2_aA_m45,9,1089,full,1.924175774117106e-06,9.485035947639869e-06,-0.662697858354619,68,1,76,unmeasured; unity model only,UNKNOWN,RESEARCH_ONLY_MAGNITUDE_SURROGATE,68,73,-0.6904006945310475,0.1219500780232108,68,77,-0.856895350862715,0.3608401773906861,68,85,-0.8096140708069811,0.6585028625243856
R2_aA_m45,9,1091,full,7.166437927457462e-07,5.636887270786073e-06,-0.7744108636348191,67,1,77,unmeasured; unity model only,UNKNOWN,RESEARCH_ONLY_MAGNITUDE_SURROGATE,67,72,-0.5512995977598547,0.08981669810455375,67,76,-0.5968756277594445,0.24774007915677043,67,84,-0.7583545014026621,0.5711918721588686
R2_aA_m45,9,1087,los,2.7048313887725867e-06,5.574399906990929e-06,-0.34659842390038087,67,1,71,unmeasured; unity model only,UNKNOWN,RESEARCH_ONLY_MAGNITUDE_SURROGATE,67,72,-0.3336826254655902,0.4991164847916642,67,76,-0.32005862490165515,0.9460840388044721,67,84,-0.3168692713925437,0.9849964646916304
R2_aA_m45,9,1089,los,1.7220948807918355e-06,7.4423265656821635e-06,-0.624178156613605,67,1,71,unmeasured; unity model only,UNKNOWN,RESEARCH_ONLY_MAGNITUDE_SURROGATE,67,72,-0.6187625486797332,0.49796506163179827,67,76,-0.6121644399157501,0.9462414450730974,67,84,-0.610578082556864,0.9853031750242475
R2_aA_m45,9,1091,los,8.321203852166362e-07,8.10943180087483e-06,-0.8138756296672977,67,1,71,unmeasured; unity model only,UNKNOWN,RESEARCH_ONLY_MAGNITUDE_SURROGATE,67,72,-0.8222531544131385,0.4969313013002043,67,76,-0.8246870807310234,0.9461693357670978,67,84,-0.8247777963523882,0.9854964995094851
R2_aA_m45,10,1105,full,5.725603068486209e-06,1.1354717042820792e-05,-0.32956724099147094,80,1,85,unmeasured; unity model only,UNKNOWN,RESEARCH_ONLY_MAGNITUDE_SURROGATE,80,85,-0.25903854447645436,0.3888040496271532,80,89,-0.12257928298997418,0.8496012019319706,80,97,-0.0870402986992384,0.9314983763598111
R2_aA_m45,10,1107,full,3.4365025336255315e-06,1.3823427927216614e-05,-0.6017941623320008,80,1,84,unmeasured; unity model only,UNKNOWN,RESEARCH_ONLY_MAGNITUDE_SURROGATE,80,85,-0.5273901728578777,0.40884554284000624,80,89,-0.37965274652550113,0.843057255849808,80,97,-0.3292743567634314,0.9258637309285076
R2_aA_m45,10,1109,full,1.4747633732340941e-06,1.404648519941007e-05,-0.8099684614505395,80,1,84,unmeasured; unity model only,UNKNOWN,RESEARCH_ONLY_MAGNITUDE_SURROGATE,80,85,-0.7753574861684787,0.4282695408033105,80,89,-0.6616707419478647,0.8323658285049487,80,97,-0.6027901570257695,0.9115677026294716
R2_aA_m45,10,1105,los,1.297494077981774e-06,3.465412424738348e-06,-0.4551671013316059,80,1,84,unmeasured; unity model only,UNKNOWN,RESEARCH_ONLY_MAGNITUDE_SURROGATE,80,85,-0.4383527940396684,0.4824395484773549,80,89,-0.42309676827651427,0.9435301339721662,80,97,-0.4195396325790019,0.9871002974012395
R2_aA_m45,10,1107,los,7.470578818888425e-07,4.3116670377760985e-06,-0.7046457778382925,80,1,85,unmeasured; unity model only,UNKNOWN,RESEARCH_ONLY_MAGNITUDE_SURROGATE,80,85,-0.7023551234593935,0.4823718537574386,80,89,-0.6980343868943275,0.9438138006022817,80,97,-0.6968468898856498,0.9872417900984086
R2_aA_m45,10,1109,los,3.009062342348062e-07,4.372151132478183e-06,-0.8712165459905481,80,1,85,unmeasured; unity model only,UNKNOWN,RESEARCH_ONLY_MAGNITUDE_SURROGATE,80,85,-0.8827460157122455,0.48088245175248073,80,89,-0.8868634151760384,0.9435581120292642,80,97,-0.8872015248651739,0.9874432755317815
R2_aA_m45,11,1123,full,3.1181524894304033e-06,8.0291715509275e-06,-0.4405558718592181,94,1,100,unmeasured; unity model only,UNKNOWN,RESEARCH_ONLY_MAGNITUDE_SURROGATE,94,99,-0.5916561815630494,0.31649660817816083,94,103,-0.6543107787745741,0.7938880867267822,94,111,-0.609983036019621,0.9203580118248016
R2_aA_m45,11,1125,full,1.9531483359101645e-06,2.135519244111201e-05,-0.8324077758605952,95,1,100,unmeasured; unity model only,UNKNOWN,RESEARCH_ONLY_MAGNITUDE_SURROGATE,95,100,-0.8810247826027102,0.42116708785556195,95,104,-0.8945868106277335,0.8317574981072026,95,112,-0.8460548197832137,0.9214750241142401
R2_aA_m45,11,1127,full,1.4543954296206591e-07,2.0820857574647973e-05,-0.9861263491453712,95,1,100,unmeasured; unity model only,UNKNOWN,RESEARCH_ONLY_MAGNITUDE_SURROGATE,95,100,-0.983304407161129,0.4049700024088192,95,104,-0.9839976171114937,0.8202712142011604,95,112,-0.9459814674522361,0.9200262135449734
R2_aA_m45,11,1123,los,7.098171172225017e-07,1.982484597672166e-06,-0.4727061136606138,93,1,98,unmeasured; unity model only,UNKNOWN,RESEARCH_ONLY_MAGNITUDE_SURROGATE,93,98,-0.45287209040092896,0.4549714976929097,93,102,-0.4355160525026108,0.9379037251530731,93,110,-0.43117881666880037,0.9899592369997081
R2_aA_m45,11,1125,los,3.97415601301176e-07,2.4345621041679282e-06,-0.7193370551373419,93,1,98,unmeasured; unity model only,UNKNOWN,RESEARCH_ONLY_MAGNITUDE_SURROGATE,93,98,-0.7168478988368979,0.4553916919693961,93,102,-0.7123020473473828,0.9383287467902882,93,110,-0.7109492904761254,0.9900398940124787
R2_aA_m45,11,1127,los,1.4952254059138486e-07,2.4328749334092483e-06,-0.8841986626018917,93,1,98,unmeasured; unity model only,UNKNOWN,RESEARCH_ONLY_MAGNITUDE_SURROGATE,93,98,-0.8971644217416529,0.45385167310944247,93,102,-0.9019606916084397,0.937972814912744,93,110,-0.9024348332513712,0.9902075225551719
R2_aA_m45,12,1141,full,1.4025892815799057e-05,2.848172586703411e-05,-0.3400762851265786,93,0,98,unmeasured; unity model only,UNKNOWN,RESEARCH_ONLY_MAGNITUDE_SURROGATE,93,98,-0.12126189757071933,0.4142592028154135,93,102,0.04126522057790842,0.778883902453366,93,110,-0.01194539719674247,0.954852851671835
R2_aA_m45,12,1143,full,3.9438817320756086e-06,1.3563262357596845e-05,-0.5494545870103255,92,1,97,unmeasured; unity model only,UNKNOWN,RESEARCH_ONLY_MAGNITUDE_SURROGATE,92,97,-0.413848790139359,0.28123263047410896,92,101,-0.2495742529284762,0.712191990995089,92,109,-0.24179553663725023,0.9607200803192715
R2_aA_m45,12,1145,full,2.595272733972742e-06,1.43954483445521e-05,-0.6945070521753197,92,1,97,unmeasured; unity model only,UNKNOWN,RESEARCH_ONLY_MAGNITUDE_SURROGATE,92,97,-0.6803019173471533,0.26866424736720007,92,101,-0.5622475722626568,0.6853605075641164,92,109,-0.4995512717119364,0.9562702834888022
R2_aA_m45,12,1141,los,1.082719402261348e-06,2.695471269910518e-06,-0.4268582524243254,92,1,97,unmeasured; unity model only,UNKNOWN,RESEARCH_ONLY_MAGNITUDE_SURROGATE,92,97,-0.35462108195630954,0.454805922301743,92,101,-0.30783152426291877,0.9362820682252804,92,109,-0.29760670681398554,0.9895012082069355
R2_aA_m45,12,1143,los,8.53049669999924e-07,3.02577810781304e-06,-0.5601507884008674,92,1,97,unmeasured; unity model only,UNKNOWN,RESEARCH_ONLY_MAGNITUDE_SURROGATE,92,97,-0.5369353468519825,0.4565538312858402,92,101,-0.51655492751755,0.936899427263874,92,109,-0.5112872226084498,0.9893836699238443
R2_aA_m45,12,1145,los,5.410109283459027e-07,3.2470574779309676e-06,-0.7143605287330916,92,1,97,unmeasured; unity model only,UNKNOWN,RESEARCH_ONLY_MAGNITUDE_SURROGATE,92,97,-0.7425446474551187,0.4604284941753498,92,101,-0.7494305535890478,0.9377786646659231,92,109,-0.7491192949841767,0.9890070511214919
R2_aA_m45,13,1159,full,1.8825503415664003e-05,3.2889799851880234e-06,0.7025496887653903,84,1,89,unmeasured; unity model only,UNKNOWN,RESEARCH_ONLY_MAGNITUDE_SURROGATE,84,89,0.08114937151690169,0.39725020100723607,84,93,-0.18699553112529158,0.6600699690707088,84,101,-0.02568511765774667,0.8397428260905456
R2_aA_m45,13,1161,full,2.961267931751048e-05,7.241090115489829e-06,0.6070366626320794,85,1,89,unmeasured; unity model only,UNKNOWN,RESEARCH_ONLY_MAGNITUDE_SURROGATE,85,90,0.058692836215217196,0.45487743093004457,85,94,-0.0979173647932587,0.6308791090640066,85,102,0.08801484738250819,0.7982565727067057
R2_aA_m45,13,1163,full,6.629647892558002e-06,1.370115758487331e-06,0.6574609405345875,81,0,86,unmeasured; unity model only,UNKNOWN,RESEARCH_ONLY_MAGNITUDE_SURROGATE,81,86,0.7997518019999098,0.21732561740338013,81,90,0.31197727252401647,0.5973061127340444,81,98,0.23380665324674552,0.8525042082946089
R2_aA_m45,13,1159,los,1.930507316628602e-06,4.490325622332291e-06,-0.3986738683342778,79,1,83,unmeasured; unity model only,UNKNOWN,RESEARCH_ONLY_MAGNITUDE_SURROGATE,79,84,-0.3155703098716976,0.4795571619975914,79,88,-0.26372016275586896,0.9414901718743618,79,96,-0.2535350043701999,0.986883694812235
R2_aA_m45,13,1161,los,1.6616604658752419e-06,5.166053195999307e-06,-0.5132600609325983,79,1,83,unmeasured; unity model only,UNKNOWN,RESEARCH_ONLY_MAGNITUDE_SURROGATE,79,84,-0.4728781728382663,0.47966943072853907,79,88,-0.4439582768154306,0.941699708364269,79,96,-0.43769204457622657,0.9869210674459993
R2_aA_m45,13,1163,los,1.120126609259557e-06,5.6621539135642745e-06,-0.6696902743877696,79,1,84,unmeasured; unity model only,UNKNOWN,RESEARCH_ONLY_MAGNITUDE_SURROGATE,79,84,-0.6765055658283627,0.4822565127054036,79,88,-0.672750829792567,0.9422061128450051,79,96,-0.6707949870916153,0.986630939718103
R2_aA_m45,14,1177,full,5.75931639409896e-06,2.5533430689785127e-05,-0.6319072672871833,66,1,71,unmeasured; unity model only,UNKNOWN,RESEARCH_ONLY_MAGNITUDE_SURROGATE,66,71,-0.6927272946447283,0.4443697309116051,66,75,-0.709717569519498,0.8673551102519577,66,83,-0.7235573657449572,0.9609879434370913
R2_aA_m45,14,1179,full,4.612875649810903e-06,2.85845101108135e-05,-0.7220940417975769,66,1,71,unmeasured; unity model only,UNKNOWN,RESEARCH_ONLY_MAGNITUDE_SURROGATE,66,71,-0.7779022150305086,0.43425818474718453,66,75,-0.7915773165312376,0.8745535659490358,66,83,-0.795253420698657,0.9625590899116068
R2_aA_m45,14,1181,full,3.1184161032971253e-06,3.0200475260441277e-05,-0.8128139337378458,66,1,71,unmeasured; unity model only,UNKNOWN,RESEARCH_ONLY_MAGNITUDE_SURROGATE,66,71,-0.8569220625262224,0.4250447554210191,66,75,-0.8622158262976799,0.8761329692097956,66,83,-0.8505275121062784,0.963343011663145
R2_aA_m45,14,1177,los,3.4658536822631156e-06,8.123862911163414e-06,-0.40190881212248397,66,1,70,unmeasured; unity model only,UNKNOWN,RESEARCH_ONLY_MAGNITUDE_SURROGATE,66,71,-0.32138056773053153,0.49479432827071107,66,75,-0.27164641561116293,0.9441973205387817,66,83,-0.2624158715424577,0.9850612933486825
R2_aA_m45,14,1179,los,3.012542508598723e-06,9.461977333301822e-06,-0.5170086629739571,66,1,70,unmeasured; unity model only,UNKNOWN,RESEARCH_ONLY_MAGNITUDE_SURROGATE,66,71,-0.47592937107942473,0.4940514265187427,66,75,-0.4473222752226569,0.9442100282868482,66,83,-0.44150790502151815,0.9851885230658026
R2_aA_m45,14,1181,los,2.066112474028323e-06,1.0447931577099997e-05,-0.6697929996751076,66,1,70,unmeasured; unity model only,UNKNOWN,RESEARCH_ONLY_MAGNITUDE_SURROGATE,66,71,-0.6713895838277948,0.49572405625328947,66,75,-0.6653456936485095,0.9444525107812406,66,83,-0.6631862960888106,0.9849641979312087
R2_aA_m45,15,1195,full,1.0330785496499116e-05,3.7251993151072076e-05,-0.5657762833475705,53,1,58,unmeasured; unity model only,UNKNOWN,RESEARCH_ONLY_MAGNITUDE_SURROGATE,53,58,-0.6292398269499411,0.37980183209363716,53,62,-0.6137037795299495,0.743652706234247,53,70,-0.5883005751166289,0.8378393427423351
R2_aA_m45,15,1197,full,7.936773851326685e-06,4.138646100096738e-05,-0.6781730202775805,53,1,57,unmeasured; unity model only,UNKNOWN,RESEARCH_ONLY_MAGNITUDE_SURROGATE,53,58,-0.752854951134537,0.3767529392288128,53,62,-0.7319810252888038,0.7335158468006661,53,70,-0.6929384167598995,0.8327117459418404
R2_aA_m45,15,1199,full,5.580103118526896e-06,4.3324891083069244e-05,-0.7717982300325157,53,1,57,unmeasured; unity model only,UNKNOWN,RESEARCH_ONLY_MAGNITUDE_SURROGATE,53,58,-0.8576031766371821,0.37535710377024617,53,62,-0.8520293053494113,0.7119583344736273,53,70,-0.7966356415632132,0.8171058762690354
R2_aA_m45,15,1195,los,6.180515781818393e-06,1.6486114277795e-05,-0.4546594914582719,53,1,57,unmeasured; unity model only,UNKNOWN,RESEARCH_ONLY_MAGNITUDE_SURROGATE,53,58,-0.39008521539590413,0.49028501110610434,53,62,-0.3493632257278382,0.9437620652745184,53,70,-0.3415578816671742,0.9857366446602455
R2_aA_m45,15,1197,los,5.001439761427463e-06,1.90135576210322e-05,-0.5834736367632944,53,1,57,unmeasured; unity model only,UNKNOWN,RESEARCH_ONLY_MAGNITUDE_SURROGATE,53,58,-0.5567444656860662,0.4894426165718951,53,62,-0.536221953571698,0.9436366984974146,53,70,-0.531752553681965,0.9858324651690685
R2_aA_m45,15,1199,los,3.2654198035210875e-06,2.068849988491193e-05,-0.7273582072584213,53,1,57,unmeasured; unity model only,UNKNOWN,RESEARCH_ONLY_MAGNITUDE_SURROGATE,53,58,-0.7388629569662716,0.49094959993018294,53,62,-0.7379545854579643,0.9437494255049292,53,70,-0.7365820755570134,0.9855976941717707
R2_aA_m45,16,1213,full,2.4040154811384896e-05,0.00010947594253083592,-0.6398912896657465,41,1,46,unmeasured; unity model only,UNKNOWN,RESEARCH_ONLY_MAGNITUDE_SURROGATE,41,46,-0.6511354401779428,0.41573970922910736,41,50,-0.634187770637553,0.8348186525812028,41,58,-0.6157857834815476,0.9227365305854429
R2_aA_m45,16,1215,full,7.651572001549082e-06,5.100875012295036e-05,-0.73912274176369,40,1,46,unmeasured; unity model only,UNKNOWN,RESEARCH_ONLY_MAGNITUDE_SURROGATE,40,45,-0.7906171401580974,0.30716450675478163,40,49,-0.8041218922616177,0.7895761550231913,40,57,-0.7930938312175774,0.9313273120455607
R2_aA_m45,16,1217,full,5.112538909503503e-06,5.321607039661768e-05,-0.8246987551967238,40,1,45,unmeasured; unity model only,UNKNOWN,RESEARCH_ONLY_MAGNITUDE_SURROGATE,40,45,-0.8869217161177072,0.3171558157802666,40,49,-0.9011316364899227,0.7920325313608818,40,57,-0.8910323901764013,0.9263019258467454
R2_aA_m45,16,1213,los,1.0477629511102225e-05,3.518944140890381e-05,-0.5411297768820931,40,1,45,unmeasured; unity model only,UNKNOWN,RESEARCH_ONLY_MAGNITUDE_SURROGATE,40,45,-0.49340387980518646,0.44811776005234094,40,49,-0.46195296998747887,0.9354125100734039,40,57,-0.45487487453356357,0.9903365960043407
R2_aA_m45,16,1215,los,7.907009852777086e-06,3.985123400108447e-05,-0.6688735089601602,40,1,45,unmeasured; unity model only,UNKNOWN,RESEARCH_ONLY_MAGNITUDE_SURROGATE,40,45,-0.6563707674289595,0.44709790197615507,40,49,-0.6431712869372898,0.9350267659143743,40,57,-0.6394665733990048,0.9903873604622774
R2_aA_m45,16,1217,los,5.133041168327769e-06,4.2358947889996824e-05,-0.7838354943599471,40,1,45,unmeasured; unity model only,UNKNOWN,RESEARCH_ONLY_MAGNITUDE_SURROGATE,40,45,-0.8058092718267117,0.44880923888583696,40,49,-0.8093729126378338,0.9352294724115675,40,57,-0.8084800735001063,0.9901780974182045
R2_aA_m45,17,1231,full,0.0001037331010980301,0.0005197099259275998,-0.6672250820001052,29,1,34,unmeasured; unity model only,UNKNOWN,RESEARCH_ONLY_MAGNITUDE_SURROGATE,29,34,-0.6676756996577345,0.43463873116378554,29,38,-0.6633926941218283,0.8859654561642004,29,46,-0.660174154792689,0.9604095560931413
R2_aA_m45,17,1233,full,8.23557232772779e-05,0.0005641182241718538,-0.7452156468107073,29,1,34,unmeasured; unity model only,UNKNOWN,RESEARCH_ONLY_MAGNITUDE_SURROGATE,29,34,-0.7351813086577144,0.44620366413788826,29,38,-0.7204344637929719,0.8890057632381377,29,46,-0.7132738850821296,0.9580961826836842
R2_aA_m45,17,1235,full,2.8247012932238663e-05,0.00024356943280110207,-0.7921611191991691,28,1,33,unmeasured; unity model only,UNKNOWN,RESEARCH_ONLY_MAGNITUDE_SURROGATE,28,33,-0.7673810662905627,0.32793924519238726,28,37,-0.7364022606664318,0.8414738529954858,28,45,-0.7193200106254548,0.9678467528289172
R2_aA_m45,17,1231,los,4.280421708795967e-05,0.00016880394257128792,-0.5954388795130845,28,1,33,unmeasured; unity model only,UNKNOWN,RESEARCH_ONLY_MAGNITUDE_SURROGATE,28,33,-0.556761833228384,0.47470734876846604,28,37,-0.5317384989722238,0.9415802695577726,28,45,-0.5266287042742761,0.9877788147178068
R2_aA_m45,17,1233,los,3.157056435152227e-05,0.00019302881973707394,-0.7188722090255703,28,1,33,unmeasured; unity model only,UNKNOWN,RESEARCH_ONLY_MAGNITUDE_SURROGATE,28,33,-0.7058409603732758,0.47291740885385714,28,37,-0.6936795699292266,0.9410297464965177,28,45,-0.6906552136861069,0.9879044904361859
R2_aA_m45,17,1235,los,2.067653596298837e-05,0.00020539062586580778,-0.8170761662532218,28,1,33,unmeasured; unity model only,UNKNOWN,RESEARCH_ONLY_MAGNITUDE_SURROGATE,28,33,-0.8293277287394218,0.47386497130004146,28,37,-0.8290441031110308,0.9409891066310654,28,45,-0.8277502246483844,0.9877325904969876
R2_aA_m45,18,1249,full,0.0002999886012064084,0.0010534553621920828,-0.5567033296995341,17,1,23,unmeasured; unity model only,UNKNOWN,RESEARCH_ONLY_MAGNITUDE_SURROGATE,17,22,-0.6257329507470796,0.33377771095375725,17,26,-0.7155379270012739,0.8321633524512719,17,34,-0.74810593550019,0.976070653680132
R2_aA_m45,18,1251,full,0.00021397128617135078,0.0012777651191925308,-0.7131245367452751,17,1,22,unmeasured; unity model only,UNKNOWN,RESEARCH_ONLY_MAGNITUDE_SURROGATE,17,22,-0.7854020652282561,0.342777963682606,17,26,-0.857440889008771,0.838343899309727,17,34,-0.8690267903001238,0.976877176788095
R2_aA_m45,18,1253,full,0.00014211369998973517,0.00143011606163388,-0.8192201884755359,17,1,22,unmeasured; unity model only,UNKNOWN,RESEARCH_ONLY_MAGNITUDE_SURROGATE,17,22,-0.8869751915046133,0.34846248881671943,17,26,-0.9335686262287796,0.842386912949144,17,34,-0.9234966096151885,0.9772151485406347
R2_aA_m45,18,1249,los,0.0002863688116886588,0.0010421701320966414,-0.5688966243281798,17,1,22,unmeasured; unity model only,UNKNOWN,RESEARCH_ONLY_MAGNITUDE_SURROGATE,17,22,-0.5222117569992477,0.4281815558476547,17,26,-0.49471268119078043,0.9308230316063741,17,34,-0.48867177546230534,0.9921967290244456
R2_aA_m45,18,1251,los,0.0002013703064711143,0.001255130100298337,-0.7234874696427199,17,1,22,unmeasured; unity model only,UNKNOWN,RESEARCH_ONLY_MAGNITUDE_SURROGATE,17,22,-0.6982083117417714,0.42636464288566067,17,26,-0.6811694604106022,0.930147397881524,17,34,-0.6770331511909342,0.9923017338444012
R2_aA_m45,18,1253,los,0.0001320769546249067,0.0013971205426720158,-0.8272597818681081,17,1,22,unmeasured; unity model only,UNKNOWN,RESEARCH_ONLY_MAGNITUDE_SURROGATE,17,22,-0.8216439616156657,0.42610673124687976,17,26,-0.8138604205139642,0.9299249351759544,17,34,-0.8113340136348065,0.9922900997819551
R2_aA_m45,19,1267,full,0.007274548088018801,0.0092450332729123,-0.11928178698000828,12,0,16,unmeasured; unity model only,UNKNOWN,RESEARCH_ONLY_MAGNITUDE_SURROGATE,12,17,-0.03931209308620865,0.548924581340718,12,21,0.050001491247879094,0.9435276243092245,12,29,0.06405851242689503,0.9722236730301793
R2_aA_m45,19,1269,full,0.0017969544196390688,0.0048936187554707595,-0.46283991741572383,11,1,16,unmeasured; unity model only,UNKNOWN,RESEARCH_ONLY_MAGNITUDE_SURROGATE,11,16,-0.39672462248048485,0.399808614957962,11,20,-0.3048415164974488,0.9162131719216922,11,28,-0.26502450335134253,0.9878577751525056
R2_aA_m45,19,1271,full,0.0009491916583536487,0.005875839488741657,-0.7218498676719975,11,1,16,unmeasured; unity model only,UNKNOWN,RESEARCH_ONLY_MAGNITUDE_SURROGATE,11,16,-0.6749080042382875,0.40231728464883837,11,20,-0.6000306070604956,0.916318319030545,11,28,-0.5563781444533299,0.9878877324118895
R2_aA_m45,19,1267,los,0.007736250752316006,0.009645363264087338,-0.10983516893020798,12,1,16,unmeasured; unity model only,UNKNOWN,RESEARCH_ONLY_MAGNITUDE_SURROGATE,12,17,-0.09197929668493594,0.5261652783982224,12,21,-0.0814863424803421,0.9496001090560153,12,29,-0.07980220464723684,0.9813007772305374
R2_aA_m45,19,1269,los,0.004945664581827072,0.012609621589545825,-0.4365612119850393,12,1,16,unmeasured; unity model only,UNKNOWN,RESEARCH_ONLY_MAGNITUDE_SURROGATE,12,17,-0.4200300089584544,0.5272744314332147,12,21,-0.40987251524798063,0.9497285490537779,12,29,-0.408179579555376,0.9811437121087113
R2_aA_m45,19,1271,los,0.002637904003750976,0.015224677351736302,-0.7046447037801032,12,1,16,unmeasured; unity model only,UNKNOWN,RESEARCH_ONLY_MAGNITUDE_SURROGATE,12,17,-0.6927146821243653,0.5284423908964871,12,21,-0.6849331042245799,0.9498802085847186,12,29,-0.68356759609884,0.9809862981356661
R2_aA_m45,20,1285,full,0.0008973198805844021,0.0004685215858622348,0.3139444110140584,16,0,20,unmeasured; unity model only,UNKNOWN,RESEARCH_ONLY_MAGNITUDE_SURROGATE,16,21,0.2819692038749346,0.47272010657384606,16,25,0.2814604869410395,0.9138951175951725,16,33,0.28631458254669423,0.9570704173053001
R2_aA_m45,20,1287,full,0.0007458030637195135,0.0007135319617772591,0.022113566369908088,16,1,21,unmeasured; unity model only,UNKNOWN,RESEARCH_ONLY_MAGNITUDE_SURROGATE,16,21,-0.0013664284125934887,0.4577962261730478,16,25,0.008245343430480718,0.9073270419712889,16,33,0.024131496337184376,0.9618714377055044
R2_aA_m45,20,1289,full,0.0005734453079670661,0.0009059646068253218,-0.22476481706215923,16,1,21,unmeasured; unity model only,UNKNOWN,RESEARCH_ONLY_MAGNITUDE_SURROGATE,16,21,-0.23149950557754267,0.44375027148232327,16,25,-0.1997414130020508,0.8947274386536835,16,33,-0.16533632316695177,0.9640911571011384
R2_aA_m45,20,1285,los,0.0009122467721364868,0.0005297527856749943,0.2652524991352997,16,0,21,unmeasured; unity model only,UNKNOWN,RESEARCH_ONLY_MAGNITUDE_SURROGATE,16,21,0.20384116506028416,0.46482647399784666,16,25,0.17238917338881926,0.9402165803088944,16,33,0.16700592593612915,0.9890266486186279
R2_aA_m45,20,1287,los,0.0007508843192490923,0.0007856163037415925,-0.02260460163361142,16,1,21,unmeasured; unity model only,UNKNOWN,RESEARCH_ONLY_MAGNITUDE_SURROGATE,16,21,-0.07671924724966121,0.4633938263333419,16,25,-0.10295238181777258,0.9398549659173252,16,33,-0.10720818027726782,0.9891528156921474
R2_aA_m45,20,1289,los,0.0005700858264555915,0.0009788983625944542,-0.2639229883873621,16,1,21,unmeasured; unity model only,UNKNOWN,RESEARCH_ONLY_MAGNITUDE_SURROGATE,16,21,-0.30703365558245455,0.4635919341339946,16,25,-0.32633812710480786,0.9398788872138063,16,33,-0.3291585552326741,0.9891318244603798
R2_aB_m0,0,22,full,2.404051268617625e-05,8.894793094116127e-09,0.9992602900423403,58,0,63,unmeasured; unity model only,UNKNOWN,RESEARCH_ONLY_MAGNITUDE_SURROGATE,58,63,0.994500171774699,0.311546875148417,58,67,0.9871014090044302,0.7215676197498253,58,75,0.9524486482167027,0.8110662173391044
R2_aB_m0,0,24,full,1.9113007110861282e-05,9.593953526125261e-07,0.9044065248932349,58,0,63,unmeasured; unity model only,UNKNOWN,RESEARCH_ONLY_MAGNITUDE_SURROGATE,58,63,0.8980836328772598,0.28653369311137306,58,67,0.9089793902612585,0.6459075092108082,58,75,0.862570671912119,0.7303529758863028
R2_aB_m0,0,26,full,1.7350796211508957e-05,3.3779092581118886e-06,0.6740839158468032,58,0,63,unmeasured; unity model only,UNKNOWN,RESEARCH_ONLY_MAGNITUDE_SURROGATE,58,63,0.6814287158915352,0.26315898138861066,58,67,0.7160197228311904,0.6015709349094986,58,75,0.6817402561524882,0.6862002275184022
R2_aB_m0,0,22,los,8.28732427261633e-06,1.7139907084401558e-07,0.9594740095202362,58,0,62,unmeasured; unity model only,UNKNOWN,RESEARCH_ONLY_MAGNITUDE_SURROGATE,58,63,0.93441926116459,0.5191871741365941,58,67,0.9172456494123451,0.9484249684453877,58,75,0.9140272645647807,0.982113944663126
R2_aB_m0,0,24,los,6.648159469133265e-06,6.330126182128543e-07,0.8261234288603173,58,0,62,unmeasured; unity model only,UNKNOWN,RESEARCH_ONLY_MAGNITUDE_SURROGATE,58,63,0.7840914664354303,0.5167062611896454,58,67,0.7587031660148648,0.9479868229980968,58,75,0.754188577615589,0.9824425110461132
R2_aB_m0,0,26,los,5.9715962238023216e-06,1.5669663796452192e-06,0.5842797991944477,58,0,62,unmeasured; unity model only,UNKNOWN,RESEARCH_ONLY_MAGNITUDE_SURROGATE,58,63,0.5561640956678587,0.5156921601646237,58,67,0.5412955121633493,0.9477574335719875,58,75,0.5387966829240695,0.982569426196791
R2_aB_m0,1,480,full,1.3702229871117176e-07,1.4837960520033811e-05,-0.9816998389420982,57,1,62,unmeasured; unity model only,UNKNOWN,RESEARCH_ONLY_MAGNITUDE_SURROGATE,57,62,-0.9294177430632075,0.24950813924985057,57,66,-0.8331089538823622,0.6019808968682904,57,74,-0.7976539626671344,0.7388801155664872
R2_aB_m0,1,482,full,1.917380120727341e-07,1.140272906575626e-05,-0.9669259465250668,57,1,62,unmeasured; unity model only,UNKNOWN,RESEARCH_ONLY_MAGNITUDE_SURROGATE,57,62,-0.941850655084343,0.22373686915075772,57,66,-0.7208945150318115,0.5603353754355612,57,74,-0.6170766754624245,0.690833904341379
R2_aB_m0,1,484,full,1.6703047750886856e-06,9.656968481404415e-06,-0.7050826377599355,57,1,62,unmeasured; unity model only,UNKNOWN,RESEARCH_ONLY_MAGNITUDE_SURROGATE,57,62,-0.9171388125312387,0.20919348666285822,57,66,-0.6955930208665274,0.5198091692253476,57,74,-0.5171445751219141,0.6666258144329471
R2_aB_m0,1,480,los,8.200612123214682e-09,7.577287572584682e-06,-0.9978378155964314,57,1,62,unmeasured; unity model only,UNKNOWN,RESEARCH_ONLY_MAGNITUDE_SURROGATE,57,62,-0.9966957089653224,0.47848023700278397,57,66,-0.9889338846480114,0.9427181464493866,57,74,-0.985904719907959,0.9876067399319819
R2_aB_m0,1,482,los,3.134473194933024e-07,5.578145457768838e-06,-0.8935950493038104,57,1,62,unmeasured; unity model only,UNKNOWN,RESEARCH_ONLY_MAGNITUDE_SURROGATE,57,62,-0.9100421049504426,0.4769488645677137,57,66,-0.9110025960720113,0.9423208239613292,57,74,-0.9092106794234903,0.9877310952946178
R2_aB_m0,1,484,los,1.667094233774084e-06,4.756791172626966e-06,-0.4809701206335605,57,1,62,unmeasured; unity model only,UNKNOWN,RESEARCH_ONLY_MAGNITUDE_SURROGATE,57,62,-0.5407967464907087,0.48014707337319357,57,66,-0.5704934099099594,0.9428938164516236,57,74,-0.5747856555664286,0.9873377826725296
R2_aB_m0,2,520,full,1.0119559040942996e-05,6.591361295645555e-07,0.8776964893917641,57,0,63,unmeasured; unity model only,UNKNOWN,RESEARCH_ONLY_MAGNITUDE_SURROGATE,57,62,0.8076566920922812,0.20889110959367205,57,66,0.7552721882886904,0.5534465068200102,57,74,0.657812239757334,0.7817142242690899
R2_aB_m0,2,522,full,8.186181248513804e-06,2.505360228728297e-07,0.9406081738160104,57,0,63,unmeasured; unity model only,UNKNOWN,RESEARCH_ONLY_MAGNITUDE_SURROGATE,57,62,0.8838390923011865,0.1927938516235536,57,66,0.8446171696938956,0.5326953117297318,57,74,0.7362525015645902,0.7561629726459234
R2_aB_m0,2,524,full,6.065934120165343e-06,4.4863871328243786e-07,0.8622661148313544,57,0,63,unmeasured; unity model only,UNKNOWN,RESEARCH_ONLY_MAGNITUDE_SURROGATE,57,62,0.9230022602311346,0.1780091009142985,57,66,0.8788470337733927,0.4879981030159383,57,74,0.7188717256214435,0.7066330494598388
R2_aB_m0,2,520,los,9.579047731600974e-06,1.0544094325966656e-06,0.8016807861610965,57,0,62,unmeasured; unity model only,UNKNOWN,RESEARCH_ONLY_MAGNITUDE_SURROGATE,57,62,0.8949544011667193,0.46163471282070284,57,66,0.9278654471669063,0.9382465195620512,57,74,0.931183507292376,0.9888350624949943
R2_aB_m0,2,522,los,7.21242061311277e-06,2.2064245015880255e-06,0.5314872524776374,57,0,62,unmeasured; unity model only,UNKNOWN,RESEARCH_ONLY_MAGNITUDE_SURROGATE,57,62,0.6835274811670584,0.46963668212200504,57,66,0.7462216429954369,0.9393824470617385,57,74,0.7538262607306393,0.9878155924968974
R2_aB_m0,2,524,los,5.400025598896923e-06,4.150678927303364e-06,0.13081199069306848,57,0,62,unmeasured; unity model only,UNKNOWN,RESEARCH_ONLY_MAGNITUDE_SURROGATE,57,62,0.3060363319086052,0.4803016389468411,57,66,0.39104862239312527,0.941426567506378,57,74,0.4033988018799362,0.9866782310649066
R2_aB_m0,3,979,full,1.1077598650904265e-06,4.138942513407047e-05,-0.9478666709283309,51,1,56,unmeasured; unity model only,UNKNOWN,RESEARCH_ONLY_MAGNITUDE_SURROGATE,51,56,-0.9458899821404964,0.3831829521673682,51,60,-0.9454181848970806,0.7669544903567903,51,68,-0.92918094491862,0.856623953822036
R2_aB_m0,3,981,full,6.573278362303165e-07,1.6486402273143247e-05,-0.9233156574401606,50,1,55,unmeasured; unity model only,UNKNOWN,RESEARCH_ONLY_MAGNITUDE_SURROGATE,50,55,-0.8993737216691207,0.27324189138739857,50,59,-0.8804265358728547,0.704677034309099,50,67,-0.8536232943160101,0.848519421234263
R2_aB_m0,3,983,full,2.1846835890273152e-06,1.4904375707895821e-05,-0.7443178643050685,50,1,55,unmeasured; unity model only,UNKNOWN,RESEARCH_ONLY_MAGNITUDE_SURROGATE,50,55,-0.685744521491418,0.27426481029213057,50,59,-0.6429654910857006,0.7009578543340542,50,67,-0.6126611445958693,0.8404233599231763
R2_aB_m0,3,979,los,1.645187050567122e-09,1.0239140616461723e-05,-0.9996786990603782,50,1,55,unmeasured; unity model only,UNKNOWN,RESEARCH_ONLY_MAGNITUDE_SURROGATE,50,55,-0.9962436268846049,0.42409781029585325,50,59,-0.9890057495884602,0.9296409179065684,50,67,-0.9860232073824315,0.9925586268139504
R2_aB_m0,3,981,los,3.9177678673364554e-07,9.928907906738006e-06,-0.9240793031916839,50,1,55,unmeasured; unity model only,UNKNOWN,RESEARCH_ONLY_MAGNITUDE_SURROGATE,50,55,-0.9120703623736046,0.4353224831442002,50,59,-0.9025543979204922,0.9332908169172782,50,67,-0.8995172590770818,0.9918156892777101
R2_aB_m0,3,983,los,1.467506957989838e-06,8.956701376787299e-06,-0.7184425117264864,50,1,55,unmeasured; unity model only,UNKNOWN,RESEARCH_ONLY_MAGNITUDE_SURROGATE,50,55,-0.6895002921812486,0.44106833429270026,50,59,-0.6745321021950716,0.93522912187702,50,67,-0.6713810485695489,0.9914332224025312
R2_aB_m0,4,997,full,1.2847222782861828e-07,2.056518373224617e-05,-0.9875834189882653,37,1,42,unmeasured; unity model only,UNKNOWN,RESEARCH_ONLY_MAGNITUDE_SURROGATE,37,42,-0.8457587025997305,0.21050071432971443,37,46,-0.5141352111644728,0.522610901905318,37,54,-0.32092406810878626,0.6220618768422613
R2_aB_m0,4,999,full,1.3675389483174005e-06,1.935332791734898e-05,-0.8680036933605944,37,1,42,unmeasured; unity model only,UNKNOWN,RESEARCH_ONLY_MAGNITUDE_SURROGATE,37,42,-0.6714680766243584,0.20939582325797587,37,46,-0.3338334848958424,0.5476334483550471,37,54,-0.1548674815891244,0.657513220513547
R2_aB_m0,4,1001,full,3.9351894372688725e-06,1.706097793271583e-05,-0.625151641447242,37,1,42,unmeasured; unity model only,UNKNOWN,RESEARCH_ONLY_MAGNITUDE_SURROGATE,37,42,-0.44904144904503557,0.2102356427685312,37,46,-0.1823885293078757,0.5702783420063945,37,54,-0.03999342803017755,0.6896352405016394
R2_aB_m0,4,997,los,1.4505187377274594e-07,5.1590681019843145e-05,-0.994392584557717,38,1,42,unmeasured; unity model only,UNKNOWN,RESEARCH_ONLY_MAGNITUDE_SURROGATE,38,43,-0.9925444742136778,0.5270241289408503,38,47,-0.9884692394952627,0.9493470101218479,38,55,-0.9870853812324576,0.981098142311662
R2_aB_m0,4,999,los,1.1689810951264627e-06,1.9292587951285125e-05,-0.8857388607418188,37,1,42,unmeasured; unity model only,UNKNOWN,RESEARCH_ONLY_MAGNITUDE_SURROGATE,37,42,-0.8774075157456682,0.388028301167101,37,46,-0.8723744330535494,0.9184070312159808,37,54,-0.8706282492468822,0.9949643035267186
R2_aB_m0,4,1001,los,3.5645885267005587e-06,1.7000213640784693e-05,-0.653331114233962,37,1,42,unmeasured; unity model only,UNKNOWN,RESEARCH_ONLY_MAGNITUDE_SURROGATE,37,42,-0.6180447741963534,0.39112103778744645,37,46,-0.6017402183957786,0.9198205437894318,37,54,-0.5983585910502277,0.9948273326269821
R2_aB_m0,5,1015,full,1.5303323007349424e-06,9.618447241131645e-05,-0.9686775754146045,25,1,30,unmeasured; unity model only,UNKNOWN,RESEARCH_ONLY_MAGNITUDE_SURROGATE,25,30,-0.9679266538064619,0.3273882997926778,25,34,-0.7246447024547679,0.7308226311961862,25,42,-0.5124440216376264,0.8680151326311794
R2_aB_m0,5,1017,full,8.723356564267979e-06,8.723166698225161e-05,-0.8181782205485293,25,1,30,unmeasured; unity model only,UNKNOWN,RESEARCH_ONLY_MAGNITUDE_SURROGATE,25,30,-0.9548559795942764,0.3333355012676028,25,34,-0.853860283553279,0.7199209754494854,25,42,-0.6317111078678429,0.8545407165290434
R2_aB_m0,5,1019,full,2.201581822694019e-05,7.390607070581727e-05,-0.5409636221327213,25,1,30,unmeasured; unity model only,UNKNOWN,RESEARCH_ONLY_MAGNITUDE_SURROGATE,25,30,-0.769906604408769,0.3367136956413285,25,34,-0.8360173530308401,0.709756649600458,25,42,-0.6410045950927473,0.8451954930276574
R2_aB_m0,5,1015,los,1.3101286254412096e-06,0.00025925345852143223,-0.9899438855613948,26,1,30,unmeasured; unity model only,UNKNOWN,RESEARCH_ONLY_MAGNITUDE_SURROGATE,26,31,-0.9954039634766617,0.5315935628819181,26,35,-0.9966074913963854,0.9497886173428886,26,43,-0.9962978588152611,0.9803642508545813
R2_aB_m0,5,1017,los,5.892004323108228e-06,9.632594813234352e-05,-0.8847168392327941,25,1,30,unmeasured; unity model only,UNKNOWN,RESEARCH_ONLY_MAGNITUDE_SURROGATE,25,30,-0.8888784415452887,0.3924173214437245,25,34,-0.8920966653977934,0.9201817687397006,25,42,-0.8927603820628254,0.9947410782025499
R2_aB_m0,5,1019,los,1.7861386223766213e-05,8.389129752916263e-05,-0.6489255012253751,25,1,30,unmeasured; unity model only,UNKNOWN,RESEARCH_ONLY_MAGNITUDE_SURROGATE,25,30,-0.6257757143552912,0.3964850437122323,25,34,-0.6162664994557331,0.9219904691634223,25,42,-0.6146300674980062,0.994557710723035
R2_aB_m0,6,1033,full,5.706103458759074e-05,0.001640780647357925,-0.9327840337596072,15,1,20,unmeasured; unity model only,UNKNOWN,RESEARCH_ONLY_MAGNITUDE_SURROGATE,15,20,-0.9681945793775917,0.40863295741553163,15,24,-0.9365507606109787,0.8905631428724538,15,32,-0.8355703170722417,0.98519858245025
R2_aB_m0,6,1035,full,0.00011016987966716429,0.0015404941792581384,-0.8665144744971397,15,1,20,unmeasured; unity model only,UNKNOWN,RESEARCH_ONLY_MAGNITUDE_SURROGATE,15,20,-0.9396965149662446,0.40942926126418727,15,24,-0.9590984522313571,0.8883046254087946,15,32,-0.8695143565717622,0.9846863130640884
R2_aB_m0,6,1037,full,0.0002602925490507924,0.001357136859650162,-0.6781404521884544,15,1,20,unmeasured; unity model only,UNKNOWN,RESEARCH_ONLY_MAGNITUDE_SURROGATE,15,20,-0.7759576150444162,0.4130068776360502,15,24,-0.8535493277791143,0.8878950861565044,15,32,-0.7896967508780937,0.9843845691300769
R2_aB_m0,6,1033,los,3.708207055420738e-05,0.0015702213172350621,-0.9538580322347094,15,1,20,unmeasured; unity model only,UNKNOWN,RESEARCH_ONLY_MAGNITUDE_SURROGATE,15,20,-0.9679875111111642,0.40288501755639844,15,24,-0.9739853736835016,0.923189340393333,15,32,-0.9748213261811728,0.9940089389489493
R2_aB_m0,6,1035,los,9.543325183777457e-05,0.0014728714590858084,-0.8782975640217602,15,1,20,unmeasured; unity model only,UNKNOWN,RESEARCH_ONLY_MAGNITUDE_SURROGATE,15,20,-0.8985732932550827,0.40971362105693104,15,24,-0.9098856684600752,0.9258873554833781,15,32,-0.9122681071623336,0.9936572786306324
R2_aB_m0,6,1037,los,0.00024583641705847,0.0012972724406067012,-0.6813751462350658,15,1,20,unmeasured; unity model only,UNKNOWN,RESEARCH_ONLY_MAGNITUDE_SURROGATE,15,20,-0.6930255909625035,0.4151424010709507,15,24,-0.7014440262638205,0.9280542081482172,15,32,-0.7036026507712682,0.9933788126913522
R2_aB_m0,7,1051,full,0.0007359846947578277,0.015256667125225354,-0.9079596425855782,12,1,16,unmeasured; unity model only,UNKNOWN,RESEARCH_ONLY_MAGNITUDE_SURROGATE,12,17,-0.9257109753170398,0.512748877096856,12,21,-0.9398606353279478,0.9370365084862267,12,29,-0.9357709689764233,0.9780242125031182
R2_aB_m0,7,1053,full,0.0016927765223633134,0.014473974634875354,-0.7905854421956173,12,1,16,unmeasured; unity model only,UNKNOWN,RESEARCH_ONLY_MAGNITUDE_SURROGATE,12,17,-0.8122870256304892,0.514968845478055,12,21,-0.8270083660154277,0.9375380729614818,12,29,-0.8235884654512261,0.9777507310538999
R2_aB_m0,7,1055,full,0.003467448354592316,0.012921992250156701,-0.57686800444091,12,1,16,unmeasured; unity model only,UNKNOWN,RESEARCH_ONLY_MAGNITUDE_SURROGATE,12,17,-0.6006116189310928,0.5198899286110031,12,21,-0.615965713902479,0.9393056566334244,12,29,-0.6140578521517919,0.9773199024931367
R2_aB_m0,7,1051,los,0.00034554014873757784,0.0063056225319106565,-0.8960963171918985,11,1,16,unmeasured; unity model only,UNKNOWN,RESEARCH_ONLY_MAGNITUDE_SURROGATE,11,16,-0.9116888463393659,0.3850391112771538,11,20,-0.9185420497072402,0.9173357647784366,11,28,-0.919735469460705,0.9951058747487254
R2_aB_m0,7,1053,los,0.0018498770366177884,0.014921257524946201,-0.7793975082810046,12,1,16,unmeasured; unity model only,UNKNOWN,RESEARCH_ONLY_MAGNITUDE_SURROGATE,12,17,-0.8008416518998943,0.535284857220654,12,21,-0.8119718969125744,0.950629308260038,12,29,-0.813437594395035,0.979987825291117
R2_aB_m0,7,1055,los,0.003727942663993086,0.013254337902186513,-0.5609608910339963,12,1,16,unmeasured; unity model only,UNKNOWN,RESEARCH_ONLY_MAGNITUDE_SURROGATE,12,17,-0.5891033640357531,0.5359467952661494,12,21,-0.6043088919280932,0.9507497487153056,12,29,-0.6064374766620306,0.9799139973656027
R2_aB_m0,8,1069,full,3.712456005305466e-05,0.0009107035748334079,-0.9216639416227043,18,1,22,unmeasured; unity model only,UNKNOWN,RESEARCH_ONLY_MAGNITUDE_SURROGATE,18,23,-0.894982851009984,0.48033455453521634,18,27,-0.8651666645087356,0.8573593109613286,18,35,-0.7716567689201956,0.9311988805625752
R2_aB_m0,8,1071,full,5.682071199351442e-05,0.0007943588976034753,-0.8664894897554759,18,1,22,unmeasured; unity model only,UNKNOWN,RESEARCH_ONLY_MAGNITUDE_SURROGATE,18,23,-0.8493964950165678,0.4710802868377959,18,27,-0.7640142958997719,0.8350414604659109,18,35,-0.6195757779005895,0.9264807265629028
R2_aB_m0,8,1073,full,0.00018581241525464243,0.0006781220681643705,-0.5698460500863642,18,1,22,unmeasured; unity model only,UNKNOWN,RESEARCH_ONLY_MAGNITUDE_SURROGATE,18,23,-0.546022236869173,0.4492721927498772,18,27,-0.4014640329983263,0.8256315694595803,18,35,-0.2631100409763163,0.9322401664205548
R2_aB_m0,8,1069,los,2.5933389588903788e-05,0.000903520784377869,-0.9441965180957251,18,1,22,unmeasured; unity model only,UNKNOWN,RESEARCH_ONLY_MAGNITUDE_SURROGATE,18,23,-0.9514313181632161,0.5004931965832324,18,27,-0.9525005073086311,0.9468652517116157,18,35,-0.9519617322496643,0.9851286318904658
R2_aB_m0,8,1071,los,5.7559358984152736e-05,0.0007745200965677241,-0.8616493686988667,18,1,22,unmeasured; unity model only,UNKNOWN,RESEARCH_ONLY_MAGNITUDE_SURROGATE,18,23,-0.8937008872052831,0.5041177397420488,18,27,-0.9098674671717105,0.947632809268771,18,35,-0.9119951337554774,0.9847704258347524
R2_aB_m0,8,1073,los,0.00020146584864444298,0.0006492246632176752,-0.5263474886925811,18,1,22,unmeasured; unity model only,UNKNOWN,RESEARCH_ONLY_MAGNITUDE_SURROGATE,18,23,-0.5743305306673109,0.5072082886048809,18,27,-0.6010334104774115,0.9483191966342772,18,35,-0.6052488404748027,0.9844633444739554
R2_aB_m0,9,1087,full,1.1528216523571184e-06,0.00010102801082180738,-0.9774356574624972,29,1,34,unmeasured; unity model only,UNKNOWN,RESEARCH_ONLY_MAGNITUDE_SURROGATE,29,34,-0.9791168245328281,0.3371537325647465,29,38,-0.8274523674165213,0.7703831635306695,29,46,-0.6080529947787098,0.9441000613191883
R2_aB_m0,9,1089,full,1.2004187342208255e-05,7.888167226830344e-05,-0.7358403739888296,29,1,34,unmeasured; unity model only,UNKNOWN,RESEARCH_ONLY_MAGNITUDE_SURROGATE,29,34,-0.8324802766808095,0.31668657874422035,29,38,-0.7691537121173652,0.749372275100366,29,46,-0.5524995948213766,0.946284004818635
R2_aB_m0,9,1091,full,3.906068979447637e-05,6.339666371249523e-05,-0.23752296038334567,29,1,34,unmeasured; unity model only,UNKNOWN,RESEARCH_ONLY_MAGNITUDE_SURROGATE,29,34,-0.45248064280463896,0.33744201094261517,29,38,-0.5703509682356941,0.7557310997300112,29,46,-0.422840199854961,0.9470476669391364
R2_aB_m0,9,1087,los,1.021314341780371e-06,9.679292086696666e-05,-0.9791172657108493,29,1,33,unmeasured; unity model only,UNKNOWN,RESEARCH_ONLY_MAGNITUDE_SURROGATE,29,34,-0.9890036230011569,0.5073608501537498,29,38,-0.9899899465508964,0.9474973744848313,29,46,-0.9890745396625544,0.9841146914996957
R2_aB_m0,9,1089,los,6.796870998959202e-06,7.784706874517108e-05,-0.8394008828155819,29,1,33,unmeasured; unity model only,UNKNOWN,RESEARCH_ONLY_MAGNITUDE_SURROGATE,29,34,-0.8790237712974515,0.5107697793664637,29,38,-0.8981641802366324,0.9481147311501292,29,46,-0.9003806207040221,0.9837326056564832
R2_aB_m0,9,1091,los,2.8253921127217506e-05,6.563028671047222e-05,-0.3981113165259089,29,1,33,unmeasured; unity model only,UNKNOWN,RESEARCH_ONLY_MAGNITUDE_SURROGATE,29,34,-0.4566832276688579,0.5141730641140458,29,38,-0.48962311013814286,0.9486956140071021,29,46,-0.49473305464559175,0.9833096359296257
R2_aB_m0,10,1105,full,8.566219687922887e-07,1.820975052526138e-05,-0.9101431623598618,41,1,46,unmeasured; unity model only,UNKNOWN,RESEARCH_ONLY_MAGNITUDE_SURROGATE,41,46,-0.7545764691346473,0.18866052804579272,41,50,-0.28443884603787156,0.5250604449163103,41,58,-0.0988421326158544,0.700040426709284
R2_aB_m0,10,1107,full,2.8962860323970775e-06,1.4540321118034029e-05,-0.66779247735412,41,1,46,unmeasured; unity model only,UNKNOWN,RESEARCH_ONLY_MAGNITUDE_SURROGATE,41,46,-0.8227850735993458,0.18573521832588727,41,50,-0.3815887705776357,0.48607415099447543,41,58,-0.10873681899351795,0.6568355059734523
R2_aB_m0,10,1109,full,8.623514996293295e-06,1.3852395997296974e-05,-0.23264378482789258,41,1,46,unmeasured; unity model only,UNKNOWN,RESEARCH_ONLY_MAGNITUDE_SURROGATE,41,46,-0.6170394743401691,0.23212023422693323,41,50,-0.5757983436516357,0.5205101257067852,41,58,-0.33908096148699896,0.6658845176906538
R2_aB_m0,10,1105,los,2.180865070697891e-07,1.709830665722641e-05,-0.9748115551546324,41,1,46,unmeasured; unity model only,UNKNOWN,RESEARCH_ONLY_MAGNITUDE_SURROGATE,41,46,-0.9887872643841792,0.461698218463687,41,50,-0.9897637471942142,0.9394696930709775,41,58,-0.9882015585313553,0.989401586362966
R2_aB_m0,10,1107,los,2.4537521626021185e-06,1.3789294242972745e-05,-0.6978704485188254,41,1,46,unmeasured; unity model only,UNKNOWN,RESEARCH_ONLY_MAGNITUDE_SURROGATE,41,46,-0.7498638363588198,0.46457803530340586,41,50,-0.7747684409062146,0.9401835782427146,41,58,-0.7782495374046996,0.9891352568226784
R2_aB_m0,10,1109,los,8.078974211286936e-06,1.2311594672635009e-05,-0.2075773601728941,41,1,46,unmeasured; unity model only,UNKNOWN,RESEARCH_ONLY_MAGNITUDE_SURROGATE,41,46,-0.2750433107337347,0.46812170901477007,41,50,-0.3137518119844029,0.9410245068809573,41,58,-0.32093822941912226,0.9887877087639537
R2_aB_m0,11,1123,full,5.744747651002543e-07,1.1651700620837382e-05,-0.9060254336346251,54,1,59,unmeasured; unity model only,UNKNOWN,RESEARCH_ONLY_MAGNITUDE_SURROGATE,54,59,-0.603918520548927,0.1834614412866204,54,63,-0.3226680751110853,0.5091978653430999,54,71,-0.228132967628735,0.6068256933015574
R2_aB_m0,11,1125,full,1.9868867272084826e-05,3.302879467403893e-05,-0.24878088969900944,56,0,61,unmeasured; unity model only,UNKNOWN,RESEARCH_ONLY_MAGNITUDE_SURROGATE,56,61,0.10112147342675323,0.33638432720893363,56,65,0.2979976261507229,0.5804591636037526,56,73,0.3107057545595297,0.6241102758493007
R2_aB_m0,11,1127,full,1.8381007734507546e-05,1.470232501602369e-05,0.11119444181223807,55,0,61,unmeasured; unity model only,UNKNOWN,RESEARCH_ONLY_MAGNITUDE_SURROGATE,55,60,0.4544573352552598,0.2704713859527473,55,64,0.6299301465498618,0.6088296359244875,55,72,0.6597224903389265,0.6932366624504095
R2_aB_m0,11,1123,los,1.3535742207134242e-07,7.94309273694547e-06,-0.9664892598439165,54,1,58,unmeasured; unity model only,UNKNOWN,RESEARCH_ONLY_MAGNITUDE_SURROGATE,54,59,-0.9733127891075101,0.4914649479436257,54,63,-0.9692601103980758,0.9448890241665374,54,71,-0.9667374879880175,0.9860631685456237
R2_aB_m0,11,1125,los,1.330710198022387e-06,6.425579839725972e-06,-0.656869407527032,54,1,58,unmeasured; unity model only,UNKNOWN,RESEARCH_ONLY_MAGNITUDE_SURROGATE,54,59,-0.7036534204019613,0.4934062233967146,54,63,-0.7244297553944753,0.9451632139029486,54,71,-0.726652483039264,0.9857861741677466
R2_aB_m0,11,1127,los,4.163758066865319e-06,5.990849617442143e-06,-0.17992734011776162,54,1,59,unmeasured; unity model only,UNKNOWN,RESEARCH_ONLY_MAGNITUDE_SURROGATE,54,59,-0.24685985205656896,0.4976761564742842,54,63,-0.28489038886493634,0.9458644116635441,54,71,-0.2911961563258761,0.9852374457518137
R2_aB_m0,12,1141,full,5.93708259775745e-06,2.104867629204507e-05,-0.5599840180888167,53,1,58,unmeasured; unity model only,UNKNOWN,RESEARCH_ONLY_MAGNITUDE_SURROGATE,53,58,-0.48279084575556797,0.2996130726030759,53,62,-0.4518542316073833,0.770887814645368,53,70,-0.44460622877191275,0.8960234358914156
R2_aB_m0,12,1143,full,8.033602385879575e-06,1.7240373923202376e-05,-0.3642787120131326,53,1,58,unmeasured; unity model only,UNKNOWN,RESEARCH_ONLY_MAGNITUDE_SURROGATE,53,58,-0.2747806780928146,0.29788474508968266,53,62,-0.2145010768225351,0.7711299839992319,53,70,-0.2040798217211986,0.8966603602171642
R2_aB_m0,12,1145,full,2.666289954737343e-05,2.8453320963682746e-05,-0.032484473712238005,54,0,59,unmeasured; unity model only,UNKNOWN,RESEARCH_ONLY_MAGNITUDE_SURROGATE,54,59,0.05961389201459557,0.4205265840978098,54,63,0.11771016834298643,0.8215281582904586,54,71,0.12224656165032076,0.8951106466920189
R2_aB_m0,12,1141,los,3.5953651414077096e-06,1.8880593732945965e-05,-0.6800701441476455,53,1,57,unmeasured; unity model only,UNKNOWN,RESEARCH_ONLY_MAGNITUDE_SURROGATE,53,58,-0.7771437540544631,0.5150605636936647,53,62,-0.8225571034399461,0.9471154369838389,53,70,-0.8276388719793919,0.9824680883078294
R2_aB_m0,12,1143,los,6.560589583676932e-06,1.528107454928029e-05,-0.3992591824743283,53,1,57,unmeasured; unity model only,UNKNOWN,RESEARCH_ONLY_MAGNITUDE_SURROGATE,53,58,-0.4979314217900228,0.5266923204942936,53,62,-0.5506816618367045,0.9493800613718826,53,70,-0.5577700518406322,0.9811970180943345
R2_aB_m0,12,1145,los,1.0525743598706408e-05,1.1220268172043024e-05,-0.03193802066596971,53,1,57,unmeasured; unity model only,UNKNOWN,RESEARCH_ONLY_MAGNITUDE_SURROGATE,53,58,-0.09877843046807105,0.5293716619112947,53,62,-0.13807445195189952,0.9502930504023693,53,70,-0.1441420852332175,0.9810442498507446
R2_aB_m0,13,1159,full,1.6682801624125234e-05,5.609975123226519e-05,-0.541571407723425,40,1,45,unmeasured; unity model only,UNKNOWN,RESEARCH_ONLY_MAGNITUDE_SURROGATE,40,45,-0.5251179604349633,0.3559403745916057,40,49,-0.5097296162535271,0.8201005517989935,40,57,-0.4941212207984921,0.902847518534908
R2_aB_m0,13,1161,full,2.38755911460455e-05,4.483556908449332e-05,-0.305044738993246,40,1,45,unmeasured; unity model only,UNKNOWN,RESEARCH_ONLY_MAGNITUDE_SURROGATE,40,45,-0.25043656580708434,0.35798365521079184,40,49,-0.2046148301087185,0.804808246396677,40,57,-0.17548792884980202,0.8834908743752381
R2_aB_m0,13,1163,full,3.4225118331886084e-05,3.2167080728886126e-05,0.030998184005264374,40,0,45,unmeasured; unity model only,UNKNOWN,RESEARCH_ONLY_MAGNITUDE_SURROGATE,40,45,0.14188266796379337,0.3527932149567133,40,49,0.22099160848402657,0.7922159491350687,40,57,0.25535110128313265,0.8756821000831977
R2_aB_m0,13,1159,los,5.5970245324841534e-06,4.037538498068506e-05,-0.7565050606764114,40,1,45,unmeasured; unity model only,UNKNOWN,RESEARCH_ONLY_MAGNITUDE_SURROGATE,40,45,-0.843804215225952,0.4674194471703689,40,49,-0.8821135138299503,0.9394918630373758,40,57,-0.8867787640859814,0.9884303501830363
R2_aB_m0,13,1161,los,1.0243153668415522e-05,3.4169150682001e-05,-0.538724512576684,40,1,45,unmeasured; unity model only,UNKNOWN,RESEARCH_ONLY_MAGNITUDE_SURROGATE,40,45,-0.6435882150442784,0.48003092552318827,40,49,-0.6975545492238435,0.9428906153877995,40,57,-0.7057119208163553,0.9873907961448696
R2_aB_m0,13,1163,los,1.745909060920903e-05,2.6337777183541107e-05,-0.20272423627065406,40,1,45,unmeasured; unity model only,UNKNOWN,RESEARCH_ONLY_MAGNITUDE_SURROGATE,40,45,-0.28684171412154025,0.487913037057399,40,49,-0.3349934018946014,0.9453686628533469,40,57,-0.3432846296791193,0.9868343179367758
R2_aB_m0,14,1177,full,2.7344271150316868e-05,0.00021040823459184154,-0.769977009790411,28,1,33,unmeasured; unity model only,UNKNOWN,RESEARCH_ONLY_MAGNITUDE_SURROGATE,28,33,-0.7483101925844191,0.40633130214735325,28,37,-0.6440570832469058,0.852300385222282,28,45,-0.5942664281630131,0.9266572449998709
R2_aB_m0,14,1179,full,5.378855282841132e-05,0.00017855802632214232,-0.5369972476026175,28,1,32,unmeasured; unity model only,UNKNOWN,RESEARCH_ONLY_MAGNITUDE_SURROGATE,28,33,-0.4571979437934068,0.3907027023877813,28,37,-0.30271821064920484,0.8431681738158632,28,45,-0.24091421726092244,0.9306409777588824
R2_aB_m0,14,1181,full,9.2142597838597e-05,0.00013968003677073418,-0.20505952325253976,28,0,34,unmeasured; unity model only,UNKNOWN,RESEARCH_ONLY_MAGNITUDE_SURROGATE,28,33,-0.09610885648852492,0.3804138473630732,28,37,0.05606208832534965,0.8422541016045683,28,45,0.1103947849863683,0.935265575818699
R2_aB_m0,14,1177,los,2.1668087718662446e-05,0.00020143588589076314,-0.8057579399585646,28,1,32,unmeasured; unity model only,UNKNOWN,RESEARCH_ONLY_MAGNITUDE_SURROGATE,28,33,-0.8703129963396844,0.49386640864040776,28,37,-0.8974693841799465,0.9445019227146614,28,45,-0.9002393158257893,0.9854216370805589
R2_aB_m0,14,1179,los,4.036094704158352e-05,0.00017305301582512306,-0.6217590779962974,28,1,32,unmeasured; unity model only,UNKNOWN,RESEARCH_ONLY_MAGNITUDE_SURROGATE,28,33,-0.7086866648957186,0.5053006593643028,28,37,-0.7523628348925842,0.9468412932615584,28,45,-0.7582653521962509,0.9842268326782371
R2_aB_m0,14,1181,los,7.238216607391247e-05,0.00013668778657662689,-0.3075794473929084,28,1,32,unmeasured; unity model only,UNKNOWN,RESEARCH_ONLY_MAGNITUDE_SURROGATE,28,33,-0.3844178428995272,0.5140393851355415,28,37,-0.427406400200463,0.9488972764666638,28,45,-0.4340318424108667,0.9834041234309127
R2_aB_m0,15,1195,full,0.00014307961245358015,0.0015159879251565847,-0.8275180374396549,17,1,22,unmeasured; unity model only,UNKNOWN,RESEARCH_ONLY_MAGNITUDE_SURROGATE,17,22,-0.7960754279988341,0.38184187258678615,17,26,-0.7295134995514676,0.8875779553962161,17,34,-0.6927074121327078,0.9755707550853193
R2_aB_m0,15,1197,full,0.0002701223429178316,0.0013251658343865708,-0.6613497839941823,17,1,22,unmeasured; unity model only,UNKNOWN,RESEARCH_ONLY_MAGNITUDE_SURROGATE,17,22,-0.6147082935169842,0.38115625112222257,17,26,-0.5273542354990058,0.885454878212075,17,34,-0.48634045381640967,0.9742499068513006
R2_aB_m0,15,1199,full,0.0004867310844144524,0.0010789271000301189,-0.3782409350261547,17,1,22,unmeasured; unity model only,UNKNOWN,RESEARCH_ONLY_MAGNITUDE_SURROGATE,17,22,-0.30957836890276313,0.3824872919785976,17,26,-0.2125788075577888,0.8870977417689097,17,34,-0.17657460918946682,0.9733071486464544
R2_aB_m0,15,1195,los,0.0001476249541319671,0.001478045125834856,-0.8183826399327226,17,1,22,unmeasured; unity model only,UNKNOWN,RESEARCH_ONLY_MAGNITUDE_SURROGATE,17,22,-0.8690084888996125,0.4502958995450505,17,26,-0.891014123029958,0.9365735295429094,17,34,-0.8939475842824648,0.9903592002517914
R2_aB_m0,15,1197,los,0.00028033168315099686,0.0012880193910307755,-0.6425141184702547,17,1,22,unmeasured; unity model only,UNKNOWN,RESEARCH_ONLY_MAGNITUDE_SURROGATE,17,22,-0.7104796590787157,0.458339998399744,17,26,-0.7449968887949074,0.938989141952677,17,34,-0.7507281780256402,0.9897708183386156
R2_aB_m0,15,1199,los,0.0004985588890116875,0.0010448933005642058,-0.3539691188637589,17,1,22,unmeasured; unity model only,UNKNOWN,RESEARCH_ONLY_MAGNITUDE_SURROGATE,17,22,-0.414411544058478,0.4644226418203161,17,26,-0.4477670234672994,0.9409534343943922,17,34,-0.45383201649490623,0.9893598808074768
R2_aB_m0,16,1213,full,0.00040395640383150493,0.007327529927251647,-0.8955035586863898,11,1,16,unmeasured; unity model only,UNKNOWN,RESEARCH_ONLY_MAGNITUDE_SURROGATE,11,16,-0.9039799794866851,0.37433531281311094,11,20,-0.9030989208005721,0.9011089876111118,11,28,-0.8878434007946332,0.9937254675740909
R2_aB_m0,16,1215,full,0.0009623977479509151,0.00686031489152314,-0.7539478203265254,11,1,16,unmeasured; unity model only,UNKNOWN,RESEARCH_ONLY_MAGNITUDE_SURROGATE,11,16,-0.7593509508609554,0.37707482631786543,11,20,-0.7502593352035595,0.9035234199302001,11,28,-0.7336511456210971,0.9936224309910824
R2_aB_m0,16,1217,full,0.0018341311910090414,0.0060175343240893445,-0.5328045527456327,11,1,16,unmeasured; unity model only,UNKNOWN,RESEARCH_ONLY_MAGNITUDE_SURROGATE,11,16,-0.5329342280297251,0.38183462757599906,11,20,-0.5166590367938274,0.9073846646444009,11,28,-0.4999085481712372,0.9934769249025212
R2_aB_m0,16,1213,los,0.000421687461290777,0.007781986178236805,-0.8971954566161752,11,1,16,unmeasured; unity model only,UNKNOWN,RESEARCH_ONLY_MAGNITUDE_SURROGATE,11,16,-0.9095503524253571,0.3902662250549487,11,20,-0.9160645831983821,0.9193629196897893,11,28,-0.9174805705877275,0.9948400692420876
R2_aB_m0,16,1215,los,0.0010240403881365818,0.007273999783143667,-0.7531850010365546,11,1,16,unmeasured; unity model only,UNKNOWN,RESEARCH_ONLY_MAGNITUDE_SURROGATE,11,16,-0.7709227480498949,0.39173857352197233,11,20,-0.7810929964483501,0.9200132386352396,11,28,-0.7835155846940635,0.9947760149155376
R2_aB_m0,16,1217,los,0.0019546882279407474,0.006365432986036632,-0.5301298676617906,11,1,16,unmeasured; unity model only,UNKNOWN,RESEARCH_ONLY_MAGNITUDE_SURROGATE,11,16,-0.5488460360640652,0.3932412478402986,11,20,-0.5601413572671224,0.9206720620223606,11,28,-0.562956004579305,0.9947098652461618
R2_aB_m0,17,1231,full,2.8931608951784137e-05,0.0009524364711583001,-0.9410382107627981,16,1,21,unmeasured; unity model only,UNKNOWN,RESEARCH_ONLY_MAGNITUDE_SURROGATE,16,21,-0.9605431742973283,0.4086121529425432,16,25,-0.9714290625864428,0.8802421654265271,16,33,-0.9373558953904846,0.9637747605359437
R2_aB_m0,17,1233,full,4.461272425016206e-06,0.0009048720830180846,-0.9901878174856077,16,1,21,unmeasured; unity model only,UNKNOWN,RESEARCH_ONLY_MAGNITUDE_SURROGATE,16,21,-0.9694495053226858,0.4173661881134846,16,25,-0.9332100292608546,0.8806566134528269,16,33,-0.8687050670706683,0.9617173195617604
R2_aB_m0,17,1235,full,9.435412978730021e-05,0.0008303352578593505,-0.7959225421037155,16,1,21,unmeasured; unity model only,UNKNOWN,RESEARCH_ONLY_MAGNITUDE_SURROGATE,16,21,-0.7190270115138473,0.4097462847768835,16,25,-0.6119091603624776,0.8705607430648319,16,33,-0.5211830530700541,0.9645148145428976
R2_aB_m0,17,1231,los,2.087707207754731e-05,0.0009963985898443373,-0.9589549364857399,16,1,21,unmeasured; unity model only,UNKNOWN,RESEARCH_ONLY_MAGNITUDE_SURROGATE,16,21,-0.9683737304401845,0.4619777244739616,16,25,-0.9703429538433622,0.9399769087251654,16,33,-0.970125541869309,0.9894453050556722
R2_aB_m0,17,1233,los,1.046091889288461e-05,0.0009337348048609023,-0.9778416304380289,16,1,21,unmeasured; unity model only,UNKNOWN,RESEARCH_ONLY_MAGNITUDE_SURROGATE,16,21,-0.964389830945522,0.4623260682378076,16,25,-0.9569199699590384,0.9402927536251307,16,33,-0.9555235935640035,0.9894805416717568
R2_aB_m0,17,1235,los,0.00012159654095828958,0.0008455986708229886,-0.7485584306515621,16,1,21,unmeasured; unity model only,UNKNOWN,RESEARCH_ONLY_MAGNITUDE_SURROGATE,16,21,-0.7081578674270868,0.460841267278206,16,25,-0.6883461485499343,0.9400959361165862,16,33,-0.6850696040042265,0.9896566234431944
R2_aB_m0,18,1249,full,1.7734760054672665e-05,0.00012610731947655595,-0.7534134640924405,27,1,31,unmeasured; unity model only,UNKNOWN,RESEARCH_ONLY_MAGNITUDE_SURROGATE,27,32,-0.8650520212771999,0.3741627674334914,27,36,-0.8874751694085181,0.7060765186402421,27,44,-0.6899246233366662,0.8649656050719575
R2_aB_m0,18,1251,full,2.0071511498007716e-06,4.705132918829108e-05,-0.9181731217123615,26,1,31,unmeasured; unity model only,UNKNOWN,RESEARCH_ONLY_MAGNITUDE_SURROGATE,26,31,-0.9413876339146553,0.2719954897578061,26,35,-0.9179974512353088,0.6534559887677102,26,43,-0.6311180968100278,0.858099522108617
R2_aB_m0,18,1253,full,2.1236594535522764e-06,4.388773714258704e-05,-0.9076898503128475,26,1,31,unmeasured; unity model only,UNKNOWN,RESEARCH_ONLY_MAGNITUDE_SURROGATE,26,31,-0.8082226911275666,0.28084021076609417,26,35,-0.6613870341809753,0.6670867324604585,26,43,-0.39567685565423627,0.8444118197370125
R2_aB_m0,18,1249,los,8.104911385067108e-06,5.2001249118294826e-05,-0.7303134548208657,26,1,31,unmeasured; unity model only,UNKNOWN,RESEARCH_ONLY_MAGNITUDE_SURROGATE,26,31,-0.7721557762473309,0.3990256485265207,26,35,-0.7810523882156325,0.920867170151189,26,43,-0.7802420886943919,0.9940315781015996
R2_aB_m0,18,1251,los,1.5210870826362133e-06,4.7998055964923766e-05,-0.9385656944355718,26,1,31,unmeasured; unity model only,UNKNOWN,RESEARCH_ONLY_MAGNITUDE_SURROGATE,26,31,-0.944136388678925,0.39708614898850314,26,35,-0.9358924785170665,0.920313856399127,26,43,-0.9319309823226807,0.9941656271413409
R2_aB_m0,18,1253,los,1.6563639277992769e-06,4.484178837683852e-05,-0.9287557098205784,26,1,31,unmeasured; unity model only,UNKNOWN,RESEARCH_ONLY_MAGNITUDE_SURROGATE,26,31,-0.8727245033717057,0.3926041374669623,26,35,-0.8405263499983152,0.919038301110056,26,43,-0.8330808049242978,0.994481936697819
R2_aB_m0,19,1267,full,3.4014289942186866e-06,2.591240296061315e-05,-0.7679301021129021,39,1,44,unmeasured; unity model only,UNKNOWN,RESEARCH_ONLY_MAGNITUDE_SURROGATE,39,44,-0.943481421112039,0.2623436163766131,39,48,-0.8308256413553398,0.6451951228905386,39,56,-0.6849821994546099,0.8078289581428248
R2_aB_m0,19,1269,full,8.728008543043398e-07,2.300673920840893e-05,-0.926899693041645,39,1,44,unmeasured; unity model only,UNKNOWN,RESEARCH_ONLY_MAGNITUDE_SURROGATE,39,44,-0.9282597718376945,0.24766456329663852,39,48,-0.6453108750356681,0.6252341401783148,39,56,-0.47336805965472595,0.7870437473843472
R2_aB_m0,19,1271,full,2.657181403743718e-07,2.0915364275611295e-05,-0.9749098620027247,39,1,43,unmeasured; unity model only,UNKNOWN,RESEARCH_ONLY_MAGNITUDE_SURROGATE,39,44,-0.6907551799727483,0.24652612467027357,39,48,-0.24275217995399445,0.6280235782679852,39,56,-0.08059503067202918,0.7779511629053305
R2_aB_m0,19,1267,los,5.802537227120994e-06,2.6695588644556812e-05,-0.6429001936891432,39,1,43,unmeasured; unity model only,UNKNOWN,RESEARCH_ONLY_MAGNITUDE_SURROGATE,39,44,-0.6802227587125576,0.5291804381296672,39,48,-0.6868087229462803,0.9479867653395658,39,56,-0.6856857039083548,0.9798084357956793
R2_aB_m0,19,1269,los,2.3898736700717443e-06,2.359960148723147e-05,-0.8160891164129436,39,1,43,unmeasured; unity model only,UNKNOWN,RESEARCH_ONLY_MAGNITUDE_SURROGATE,39,44,-0.822495183018994,0.5261270428949809,39,48,-0.8114881076258573,0.9476011182421042,39,56,-0.8077325620734238,0.9802261247085395
R2_aB_m0,19,1271,los,7.435500465001526e-07,2.2494346382849786e-05,-0.9360053911281718,39,1,43,unmeasured; unity model only,UNKNOWN,RESEARCH_ONLY_MAGNITUDE_SURROGATE,39,44,-0.8938506109779247,0.5201979207128086,39,48,-0.8639152395572284,0.9474727563172798,39,56,-0.8584980530050142,0.9813685771128573
R2_aB_m0,20,1285,full,3.6402086150169245e-06,2.923113664336548e-05,-0.7785178193102,52,1,57,unmeasured; unity model only,UNKNOWN,RESEARCH_ONLY_MAGNITUDE_SURROGATE,52,57,-0.9321373463122217,0.3001476061197815,52,61,-0.9379320848614647,0.6696681123294398,52,69,-0.8989947589391921,0.7850428851830431
R2_aB_m0,20,1287,full,1.288994309258676e-06,2.7622195624780563e-05,-0.910830767450284,52,1,57,unmeasured; unity model only,UNKNOWN,RESEARCH_ONLY_MAGNITUDE_SURROGATE,52,57,-0.9489379344107232,0.28548716603064583,52,61,-0.8299484674012407,0.6701811577620027,52,69,-0.7339457046060945,0.794810957851333
R2_aB_m0,20,1289,full,3.253392195142698e-07,2.7378655574441542e-05,-0.9765131908279706,52,1,57,unmeasured; unity model only,UNKNOWN,RESEARCH_ONLY_MAGNITUDE_SURROGATE,52,57,-0.8333754715211549,0.28035972446710977,52,61,-0.6071523949456944,0.6903054035595158,52,69,-0.47350445312399897,0.828455771002249
R2_aB_m0,20,1285,los,1.2868216227221115e-06,5.540464479265613e-06,-0.6230356825540206,51,1,56,unmeasured; unity model only,UNKNOWN,RESEARCH_ONLY_MAGNITUDE_SURROGATE,51,56,-0.678350069326592,0.42569343639640184,51,60,-0.6874230052084895,0.9283804758248366,51,68,-0.6853330041482936,0.9918913559210468
R2_aB_m0,20,1287,los,6.462983310044056e-07,4.7659895223114384e-06,-0.761173703793877,51,1,56,unmeasured; unity model only,UNKNOWN,RESEARCH_ONLY_MAGNITUDE_SURROGATE,51,56,-0.772881794530434,0.42062391395158083,51,60,-0.7552366689732983,0.9264945471970187,51,68,-0.7473462525432077,0.9921606175831104
R2_aB_m0,20,1289,los,2.0705190450094044e-07,4.582990998895326e-06,-0.9135490396738888,51,1,56,unmeasured; unity model only,UNKNOWN,RESEARCH_ONLY_MAGNITUDE_SURROGATE,51,56,-0.8594717268268988,0.4129148850695464,51,60,-0.8162502532377732,0.9245497530847002,51,68,-0.8050698538694201,0.9928168541109635
R4_aA_m0,0,39,full,0.001075187916421363,0.0027867730373719837,-0.44319068510245935,15,1,19,unmeasured; unity model only,UNKNOWN,RESEARCH_ONLY_MAGNITUDE_SURROGATE,15,20,-0.3730760586037834,0.5116861372223672,15,24,-0.2789794518125782,0.9316242285663058,15,32,-0.2465085457818605,0.9759206144563154
R4_aA_m0,0,41,full,0.0007156624844818512,0.003443686900695557,-0.6558776778732541,15,1,19,unmeasured; unity model only,UNKNOWN,RESEARCH_ONLY_MAGNITUDE_SURROGATE,15,20,-0.6064079929350498,0.5049354524022766,15,24,-0.5260303750109162,0.9308978852397831,15,32,-0.488540278343726,0.9776044466022258
R4_aA_m0,0,43,full,0.0004096881183088401,0.003938243239611554,-0.8115480284376922,15,1,19,unmeasured; unity model only,UNKNOWN,RESEARCH_ONLY_MAGNITUDE_SURROGATE,15,20,-0.7822797477491082,0.49990789222108667,15,24,-0.7147604658634867,0.9296360296788239,15,32,-0.6739986184060693,0.97841640809541
R4_aA_m0,0,39,los,0.0009573121661452872,0.0027266197417377055,-0.48027694860656855,15,1,19,unmeasured; unity model only,UNKNOWN,RESEARCH_ONLY_MAGNITUDE_SURROGATE,15,20,-0.47447896727186095,0.5028825800255344,15,24,-0.46970624418703505,0.9467706593765195,15,32,-0.4686896745386824,0.9845844037034277
R4_aA_m0,0,41,los,0.0006200233565569573,0.0033575666599810383,-0.6882416971185927,15,1,19,unmeasured; unity model only,UNKNOWN,RESEARCH_ONLY_MAGNITUDE_SURROGATE,15,20,-0.6845095663802236,0.5027356591492687,15,24,-0.6806698240651805,0.946675910992373,15,32,-0.6797542280502993,0.9845758720336086
R4_aA_m0,0,43,los,0.0003361025484344561,0.0038263507655644955,-0.838507474760573,15,1,19,unmeasured; unity model only,UNKNOWN,RESEARCH_ONLY_MAGNITUDE_SURROGATE,15,20,-0.8373956150926701,0.503989935353377,15,24,-0.834834765973449,0.9468137612564193,15,32,-0.8340725796342455,0.9843996511190726
R4_aA_m0,1,93,full,0.0018904267186011531,0.00459183307389404,-0.4167383662130339,11,1,16,unmeasured; unity model only,UNKNOWN,RESEARCH_ONLY_MAGNITUDE_SURROGATE,11,16,-0.39544962197844047,0.38994204554864864,11,20,-0.3777193765501727,0.9161405108055324,11,28,-0.3692137207841047,0.9909523781456377
R4_aA_m0,1,95,full,0.0010391553554735423,0.0054334595780787445,-0.6789070982465397,11,1,16,unmeasured; unity model only,UNKNOWN,RESEARCH_ONLY_MAGNITUDE_SURROGATE,11,16,-0.6649925669890034,0.38691859923069066,11,20,-0.6544706111851237,0.9138055625499543,11,28,-0.6463531219795839,0.9911102440904708
R4_aA_m0,1,97,full,0.0004207214158451408,0.006015735741163401,-0.8692692561817101,11,1,16,unmeasured; unity model only,UNKNOWN,RESEARCH_ONLY_MAGNITUDE_SURROGATE,11,16,-0.8634779728512878,0.38331254105053614,11,20,-0.8588026053443778,0.911054894561716,11,28,-0.8506328618436547,0.9913791991828304
R4_aA_m0,1,93,los,0.0019350513470129563,0.004787304628492656,-0.4242936987973434,11,1,16,unmeasured; unity model only,UNKNOWN,RESEARCH_ONLY_MAGNITUDE_SURROGATE,11,16,-0.4182845699817017,0.38947541937310226,11,20,-0.4177432400128923,0.9193712933970573,11,28,-0.41815941930643463,0.9949242474354557
R4_aA_m0,1,95,los,0.0010538065876111908,0.005665956823745883,-0.6863560446696227,11,1,16,unmeasured; unity model only,UNKNOWN,RESEARCH_ONLY_MAGNITUDE_SURROGATE,11,16,-0.682989522728525,0.38915198857504396,11,20,-0.6835472547168286,0.9191936433364025,11,28,-0.6841486789213226,0.9949333705484729
R4_aA_m0,1,97,los,0.0004163081445975525,0.006273843408560168,-0.875545974918593,11,1,16,unmeasured; unity model only,UNKNOWN,RESEARCH_ONLY_MAGNITUDE_SURROGATE,11,16,-0.8750954425791939,0.3886778586319632,11,20,-0.8764434721595634,0.9189392628738561,11,28,-0.8770642573524444,0.9949478052480607
R4_aA_m0,2,147,full,0.0020195304230398716,0.0035481465316355132,-0.274551868048308,13,1,17,unmeasured; unity model only,UNKNOWN,RESEARCH_ONLY_MAGNITUDE_SURROGATE,13,18,-0.2224097977953086,0.48961758389691784,13,22,-0.16533581536825556,0.9461058076625997,13,30,-0.1529292585281975,0.9851926439478493
R4_aA_m0,2,149,full,0.0013064285853037355,0.004144750994025033,-0.5206804082339175,13,1,17,unmeasured; unity model only,UNKNOWN,RESEARCH_ONLY_MAGNITUDE_SURROGATE,13,18,-0.4667268607486384,0.4906932198957426,13,22,-0.40701103210994827,0.9460800384266692,13,30,-0.39205238648397417,0.9849315353532391
R4_aA_m0,2,151,full,0.0006950098292128319,0.0044805776055322185,-0.7314276541646066,13,1,17,unmeasured; unity model only,UNKNOWN,RESEARCH_ONLY_MAGNITUDE_SURROGATE,13,18,-0.6836793151164907,0.4929593532758617,13,22,-0.6295092223379376,0.9458843216309161,13,30,-0.6132561611055586,0.9841559576683236
R4_aA_m0,2,147,los,0.0021101876526718397,0.0034831398263425726,-0.2454625048903194,13,1,18,unmeasured; unity model only,UNKNOWN,RESEARCH_ONLY_MAGNITUDE_SURROGATE,13,18,-0.2285071450514523,0.46377717034534977,13,22,-0.21802052299251423,0.9404359393772759,13,30,-0.21586199401606695,0.9892931352654245
R4_aA_m0,2,149,los,0.001394168169192438,0.004090095576275362,-0.4915750832207587,13,1,18,unmeasured; unity model only,UNKNOWN,RESEARCH_ONLY_MAGNITUDE_SURROGATE,13,18,-0.4731133494860568,0.46270459776083406,13,22,-0.46120223291744905,0.9401505930804791,13,30,-0.4586448387072767,0.989385646981885
R4_aA_m0,2,151,los,0.000770386489838076,0.0044419138324376835,-0.704396737637821,13,1,18,unmeasured; unity model only,UNKNOWN,RESEARCH_ONLY_MAGNITUDE_SURROGATE,13,18,-0.6882239226908359,0.46261476442497146,13,22,-0.6770419447424828,0.940136840283777,13,30,-0.6744872774755304,0.9894009179622422
R4_aA_m0,3,201,full,0.000397075392829873,0.0003035002005646575,0.13356901546028946,18,0,23,unmeasured; unity model only,UNKNOWN,RESEARCH_ONLY_MAGNITUDE_SURROGATE,18,23,0.15663925584157706,0.35488261952973393,18,27,0.21037892790489562,0.8397727710489876,18,35,0.24915971783574625,0.9774114377009497
R4_aA_m0,3,203,full,0.00019656858786315078,0.0004250642815980429,-0.36757337805020346,18,1,23,unmeasured; unity model only,UNKNOWN,RESEARCH_ONLY_MAGNITUDE_SURROGATE,18,23,-0.32365887178954555,0.35583931716190853,18,27,-0.20861147536058927,0.827761384284428,18,35,-0.10064889090797569,0.9746910321197412
R4_aA_m0,3,205,full,6.382311370946432e-05,0.0005700812744337543,-0.7986348890992542,18,1,23,unmeasured; unity model only,UNKNOWN,RESEARCH_ONLY_MAGNITUDE_SURROGATE,18,23,-0.7538396459882765,0.3637184092559916,18,27,-0.6197525715957368,0.8321688800761127,18,35,-0.4652214683862755,0.974025124262233
R4_aA_m0,3,201,los,0.00041552200335906556,0.0002937316775701079,0.17171617019936158,18,0,23,unmeasured; unity model only,UNKNOWN,RESEARCH_ONLY_MAGNITUDE_SURROGATE,18,23,0.12841630545322982,0.4518826574813013,18,27,0.1045256295402564,0.9380376186764998,18,35,0.09989091704251259,0.9904980471939062
R4_aA_m0,3,203,los,0.00020881041096089067,0.00041584157206699194,-0.3314344094491733,18,1,23,unmeasured; unity model only,UNKNOWN,RESEARCH_ONLY_MAGNITUDE_SURROGATE,18,23,-0.3749812337948232,0.4510235107340764,18,27,-0.3996526732001775,0.9378754311617415,18,35,-0.40450817971133407,0.990598315814494
R4_aA_m0,3,205,los,7.032171124278772e-05,0.0005634355260974668,-0.7780799741619896,18,1,23,unmeasured; unity model only,UNKNOWN,RESEARCH_ONLY_MAGNITUDE_SURROGATE,18,23,-0.8044231561400367,0.4484048220884219,18,27,-0.8194805154317637,0.9370033742285622,18,35,-0.8223584172371546,0.9907743613333293
R4_aA_m0,4,255,full,9.525396358363263e-05,0.0002637380369727663,-0.4693254254356684,25,1,30,unmeasured; unity model only,UNKNOWN,RESEARCH_ONLY_MAGNITUDE_SURROGATE,25,30,-0.4929011765752867,0.42304629675647476,25,34,-0.4590436179994425,0.8408769056421624,25,42,-0.43556399961904485,0.8886464314356326
R4_aA_m0,4,257,full,6.251068874486937e-05,0.0002989007662129991,-0.6540746681526376,25,1,30,unmeasured; unity model only,UNKNOWN,RESEARCH_ONLY_MAGNITUDE_SURROGATE,25,30,-0.6721446610585488,0.40060760579026655,25,34,-0.6410342987536327,0.8326800133619257,25,42,-0.6074134977884993,0.8959353130005316
R4_aA_m0,4,259,full,3.497785027159928e-05,0.00029464747071301304,-0.7877720669812734,25,1,30,unmeasured; unity model only,UNKNOWN,RESEARCH_ONLY_MAGNITUDE_SURROGATE,25,30,-0.7887556906110852,0.37247944693198953,25,34,-0.7322879583555347,0.8039635987748228,25,42,-0.6612682003048658,0.8956095804260716
R4_aA_m0,4,255,los,9.016977254892667e-05,0.00022928086445932124,-0.4354697590000513,25,1,29,unmeasured; unity model only,UNKNOWN,RESEARCH_ONLY_MAGNITUDE_SURROGATE,25,30,-0.4432508704820358,0.517197721536822,25,34,-0.4452662651609137,0.9488702205075535,25,42,-0.4452789843061227,0.9827285024029364
R4_aA_m0,4,257,los,6.192651914033508e-05,0.00026205567891433715,-0.6177165318825022,25,1,29,unmeasured; unity model only,UNKNOWN,RESEARCH_ONLY_MAGNITUDE_SURROGATE,25,30,-0.6238937223162495,0.5142117599046967,25,34,-0.625313705530058,0.9484732943474405,25,42,-0.6252627460743326,0.983145929929734
R4_aA_m0,4,259,los,3.736322623995477e-05,0.0002598545235407225,-0.748580114966042,25,1,29,unmeasured; unity model only,UNKNOWN,RESEARCH_ONLY_MAGNITUDE_SURROGATE,25,30,-0.751256833286691,0.5121348315242402,25,34,-0.7502728234171171,0.9481500988414431,25,42,-0.7497033573592107,0.9834244434808261
R4_aA_m0,5,309,full,3.0366150598153177e-05,6.41276778456074e-05,-0.357288172185212,33,1,38,unmeasured; unity model only,UNKNOWN,RESEARCH_ONLY_MAGNITUDE_SURROGATE,33,38,-0.5699613469561705,0.3225262704574642,33,42,-0.4713422305958743,0.6971999629837762,33,50,-0.40986528310463627,0.7911317326026637
R4_aA_m0,5,311,full,6.559607076276417e-06,3.268117262662827e-05,-0.6656739684613932,32,1,37,unmeasured; unity model only,UNKNOWN,RESEARCH_ONLY_MAGNITUDE_SURROGATE,32,37,-0.8047777592857168,0.23186039817174212,32,41,-0.6154786735801054,0.6351713543900179,32,49,-0.5010600838883467,0.7772116020327976
R4_aA_m0,5,313,full,1.2056037280680404e-06,4.295998429511247e-05,-0.9454052903162855,32,1,37,unmeasured; unity model only,UNKNOWN,RESEARCH_ONLY_MAGNITUDE_SURROGATE,32,37,-0.8467698053226291,0.25166592892227185,32,41,-0.6133097664384104,0.655591635199741,32,49,-0.5120437429921446,0.7723730141312309
R4_aA_m0,5,309,los,2.6578182614211725e-05,2.630782802002571e-05,0.00511202472910655,32,1,37,unmeasured; unity model only,UNKNOWN,RESEARCH_ONLY_MAGNITUDE_SURROGATE,32,37,-0.0632207408669223,0.46432036729699405,32,41,-0.10187126334808184,0.9404182006661022,32,49,-0.10913793634940411,0.9892145403882108
R4_aA_m0,5,311,los,1.0459006228189435e-05,3.3849387460493385e-05,-0.5278995532234401,32,1,37,unmeasured; unity model only,UNKNOWN,RESEARCH_ONLY_MAGNITUDE_SURROGATE,32,37,-0.5803226556782765,0.4604059696547264,32,41,-0.6075259035155314,0.9395593403454041,32,49,-0.6120503168260546,0.9896179592389754
R4_aA_m0,5,313,los,2.033571096162122e-06,4.5762250548714676e-05,-0.9149059049022501,32,1,37,unmeasured; unity model only,UNKNOWN,RESEARCH_ONLY_MAGNITUDE_SURROGATE,32,37,-0.928410755537979,0.45698394014981225,32,41,-0.9329594623729374,0.9385932804876552,32,49,-0.9329016049329941,0.9899005177391126
R4_aA_m0,6,363,full,3.617852169029926e-06,1.5339310349254447e-05,-0.6183129025200399,39,1,44,unmeasured; unity model only,UNKNOWN,RESEARCH_ONLY_MAGNITUDE_SURROGATE,39,44,-0.7142008132267191,0.2695383626279036,39,48,-0.792662619027449,0.598281086315789,39,56,-0.8440339567790592,0.8477578350365872
R4_aA_m0,6,365,full,2.1121530588826355e-06,1.594473576611664e-05,-0.7660557054592465,39,1,44,unmeasured; unity model only,UNKNOWN,RESEARCH_ONLY_MAGNITUDE_SURROGATE,39,44,-0.8458941388186407,0.26454752368845064,39,48,-0.8818467331251395,0.6089479695715552,39,56,-0.8793045043542171,0.8599280400467204
R4_aA_m0,6,367,full,1.0579570107532272e-06,1.4302860521453525e-05,-0.8622525124675132,39,1,44,unmeasured; unity model only,UNKNOWN,RESEARCH_ONLY_MAGNITUDE_SURROGATE,39,44,-0.901071291408883,0.23420548741327352,39,48,-0.8163564526233766,0.5770897856864754,39,56,-0.7147074644286033,0.8680691564689296
R4_aA_m0,6,363,los,1.0354028813800043e-05,4.178800191454552e-05,-0.6028528743829165,40,1,44,unmeasured; unity model only,UNKNOWN,RESEARCH_ONLY_MAGNITUDE_SURROGATE,40,45,-0.6076606666551482,0.5133824981055861,40,49,-0.6075695934943092,0.948297229176353,40,57,-0.6072099956728084,0.9832199666157558
R4_aA_m0,6,365,los,6.040005234316927e-06,4.4865791073328105e-05,-0.7626987230367778,40,1,44,unmeasured; unity model only,UNKNOWN,RESEARCH_ONLY_MAGNITUDE_SURROGATE,40,45,-0.7721501112330398,0.5114029744821523,40,49,-0.775154696871994,0.948049249247273,40,57,-0.7753233670443348,0.9835180327758298
R4_aA_m0,6,367,los,2.8702042667770495e-06,4.1019547742204954e-05,-0.8692084536640963,40,1,44,unmeasured; unity model only,UNKNOWN,RESEARCH_ONLY_MAGNITUDE_SURROGATE,40,45,-0.8773866666867562,0.5091304875857826,40,49,-0.8788039506896721,0.9476755630715896,40,57,-0.8784682975973636,0.9838203396265667
R4_aA_m0,7,417,full,8.074380016678826e-06,1.2218839790331673e-05,-0.20422879232900737,48,1,53,unmeasured; unity model only,UNKNOWN,RESEARCH_ONLY_MAGNITUDE_SURROGATE,48,53,-0.2305185649371821,0.3353487743444991,48,57,-0.21404779547937652,0.700284376160356,48,65,-0.18788928195278828,0.7590103698589581
R4_aA_m0,7,419,full,3.4306891054229136e-06,1.3275519721677355e-05,-0.5892917248995762,48,1,53,unmeasured; unity model only,UNKNOWN,RESEARCH_ONLY_MAGNITUDE_SURROGATE,48,53,-0.5585148054166928,0.31320076153673615,48,57,-0.5353242013764397,0.694712157056483,48,65,-0.5133748249033647,0.7733972403168481
R4_aA_m0,7,421,full,1.514077848641448e-06,1.672240539633334e-05,-0.8339506769696219,48,1,53,unmeasured; unity model only,UNKNOWN,RESEARCH_ONLY_MAGNITUDE_SURROGATE,48,53,-0.767117218013051,0.3170239815232442,48,57,-0.7536120478237396,0.7140147465489738,48,65,-0.7301622697417265,0.8086382731933481
R4_aA_m0,7,417,los,7.681575959872677e-06,7.378497871236341e-06,0.020124608420596126,48,1,53,unmeasured; unity model only,UNKNOWN,RESEARCH_ONLY_MAGNITUDE_SURROGATE,48,53,-0.05458370708630134,0.490375240759812,48,57,-0.09685483397330223,0.9447445430289318,48,65,-0.10407803148854287,0.9861434788031079
R4_aA_m0,7,419,los,3.1410217656809626e-06,8.666755486877677e-06,-0.467974082082158,48,1,53,unmeasured; unity model only,UNKNOWN,RESEARCH_ONLY_MAGNITUDE_SURROGATE,48,53,-0.5225503461537861,0.4854088340999094,48,57,-0.5485371620168764,0.9439755659907633,48,65,-0.5519938501816072,0.9867912483389297
R4_aA_m0,7,421,los,7.149552607761753e-07,1.138772045329129e-05,-0.8818517032650637,48,1,53,unmeasured; unity model only,UNKNOWN,RESEARCH_ONLY_MAGNITUDE_SURROGATE,48,53,-0.8894038810704816,0.4826574583716254,48,57,-0.8878451656667857,0.9435173181227722,48,65,-0.886122538188801,0.9871498907768814
R4_aA_m0,8,471,full,1.3873603634368841e-05,4.486486297525445e-05,-0.5276143748670521,57,1,62,unmeasured; unity model only,UNKNOWN,RESEARCH_ONLY_MAGNITUDE_SURROGATE,57,62,-0.6483504564060214,0.3129144891782005,57,66,-0.7213103148339383,0.7341386160023581,57,74,-0.7467370037051468,0.8587290449136554
R4_aA_m0,8,473,full,9.750715249545377e-06,5.741020761987823e-05,-0.7096312905496243,57,1,62,unmeasured; unity model only,UNKNOWN,RESEARCH_ONLY_MAGNITUDE_SURROGATE,57,62,-0.7793919803888341,0.31975622424033523,57,66,-0.8111999847787499,0.7464367862500149,57,74,-0.8173503864679728,0.8663393511138228
R4_aA_m0,8,475,full,6.067597732827667e-06,6.106354737278767e-05,-0.8192315139781482,57,1,62,unmeasured; unity model only,UNKNOWN,RESEARCH_ONLY_MAGNITUDE_SURROGATE,57,62,-0.8598018017322556,0.3216909120326331,57,66,-0.8676063677414212,0.7457028373285347,57,74,-0.859906790779449,0.859508350891735
R4_aA_m0,8,471,los,2.949312558334293e-06,8.32173240333939e-06,-0.47665676636670284,56,1,61,unmeasured; unity model only,UNKNOWN,RESEARCH_ONLY_MAGNITUDE_SURROGATE,56,61,-0.4702289813177084,0.452976500112589,56,65,-0.46133945810613464,0.9376095761942865,56,73,-0.45879155233767216,0.9901888635888234
R4_aA_m0,8,473,los,1.788359902106267e-06,1.0055675080705913e-05,-0.698015092879834,56,1,61,unmeasured; unity model only,UNKNOWN,RESEARCH_ONLY_MAGNITUDE_SURROGATE,56,61,-0.7021238905036074,0.4517485045369633,56,65,-0.7013732855441178,0.9374710798120958,56,73,-0.700779763225486,0.9903645185150679
R4_aA_m0,8,475,los,8.637203336988508e-07,1.0130602147057018e-05,-0.8428788431100359,56,1,61,unmeasured; unity model only,UNKNOWN,RESEARCH_ONLY_MAGNITUDE_SURROGATE,56,61,-0.8555108739332128,0.44989234963491814,56,65,-0.8598559188873425,0.9369843232863528,56,73,-0.8602258646958161,0.9905408930094401
R4_aA_m0,9,525,full,1.4404454503082773e-06,3.3948310014193895e-06,-0.40419313572294324,65,1,71,unmeasured; unity model only,UNKNOWN,RESEARCH_ONLY_MAGNITUDE_SURROGATE,65,70,-0.8387986971097678,0.14694818621615416,65,74,-0.639978113007767,0.41563497125709786,65,82,-0.11244112015169959,0.7260215736547722
R4_aA_m0,9,527,full,6.993796959346269e-07,3.532587867896779e-06,-0.6694777616388703,65,1,70,unmeasured; unity model only,UNKNOWN,RESEARCH_ONLY_MAGNITUDE_SURROGATE,65,70,-0.7321034580332346,0.1554579900136016,65,74,-0.47071551073531126,0.4395851771849493,65,82,-0.10361474648308654,0.7038137150085718
R4_aA_m0,9,529,full,6.187646253475508e-07,3.933061319365584e-06,-0.7281246546493128,65,1,70,unmeasured; unity model only,UNKNOWN,RESEARCH_ONLY_MAGNITUDE_SURROGATE,65,70,-0.5368214996251961,0.17868787667150698,65,74,-0.2950287951179146,0.4731138535766286,65,82,-0.10710208672055843,0.6914841974804696
R4_aA_m0,9,525,los,2.425705591556414e-06,1.405732902701858e-06,0.2662114217370498,64,0,69,unmeasured; unity model only,UNKNOWN,RESEARCH_ONLY_MAGNITUDE_SURROGATE,64,69,0.18448260925080398,0.38778498836420655,64,73,0.134354821621097,0.9170496597558829,64,81,0.12170387720819267,0.9947496812161308
R4_aA_m0,9,527,los,2.9997873337893104e-06,3.8805491200702155e-06,-0.12801144132811146,65,1,69,unmeasured; unity model only,UNKNOWN,RESEARCH_ONLY_MAGNITUDE_SURROGATE,65,70,-0.19867533404947454,0.5306317345576723,65,74,-0.23588014545089606,0.9490254529807163,65,82,-0.24091733329262197,0.9801384571154161
R4_aA_m0,9,529,los,1.1197023998339422e-06,4.499269528398268e-06,-0.6014564891459734,65,1,69,unmeasured; unity model only,UNKNOWN,RESEARCH_ONLY_MAGNITUDE_SURROGATE,65,70,-0.6323972688193893,0.5256772173773626,65,74,-0.6428081974473286,0.9487867088995934,65,82,-0.6429971768749851,0.9810849692386605
R4_aA_m0,10,579,full,2.105009877580588e-05,3.240692401924073e-05,-0.2124477692477701,74,1,79,unmeasured; unity model only,UNKNOWN,RESEARCH_ONLY_MAGNITUDE_SURROGATE,74,79,-0.19386995041932042,0.35436255686139984,74,83,-0.22965638778151343,0.8227835060477231,74,91,-0.2583391398964711,0.9565678197572873
R4_aA_m0,10,581,full,1.5561068908531298e-05,4.5843043048679626e-05,-0.49315873440609537,74,1,79,unmeasured; unity model only,UNKNOWN,RESEARCH_ONLY_MAGNITUDE_SURROGATE,74,79,-0.47382121247541603,0.3795721409158764,74,83,-0.49961832301552817,0.8399345476352991,74,91,-0.5211834440630699,0.9585953112805005
R4_aA_m0,10,583,full,8.963326858704157e-06,5.205312293256272e-05,-0.7061996596207386,74,1,79,unmeasured; unity model only,UNKNOWN,RESEARCH_ONLY_MAGNITUDE_SURROGATE,74,79,-0.7110160742065249,0.3956459896948578,74,83,-0.739342160033168,0.8448432591441872,74,91,-0.7534408214238829,0.9553151823538918
R4_aA_m0,10,579,los,2.0739154362924977e-06,4.9071077079089325e-06,-0.4058419823417629,73,1,77,unmeasured; unity model only,UNKNOWN,RESEARCH_ONLY_MAGNITUDE_SURROGATE,73,78,-0.3905480363330637,0.50771502502938,73,82,-0.3763756562950743,0.9472901399619568,73,90,-0.3733010962041871,0.9838626165583697
R4_aA_m0,10,581,los,1.2961499655859474e-06,6.259561775318068e-06,-0.6569085719432523,73,1,77,unmeasured; unity model only,UNKNOWN,RESEARCH_ONLY_MAGNITUDE_SURROGATE,73,78,-0.6526581121157583,0.5073074385997892,73,82,-0.6471878348578824,0.9475313580725399,73,90,-0.6458993528209143,0.9840726131214642
R4_aA_m0,10,583,los,6.130160485822135e-07,6.625332111369049e-06,-0.8306199052502218,73,1,77,unmeasured; unity model only,UNKNOWN,RESEARCH_ONLY_MAGNITUDE_SURROGATE,73,78,-0.8400903504421336,0.5063341537652004,73,82,-0.8432454077764104,0.9474612304194878,73,90,-0.8434537221151585,0.9842590473012787
R4_aA_m0,11,633,full,1.763981899898465e-07,9.18159958981516e-07,-0.6776814641494909,81,1,100,unmeasured; unity model only,UNKNOWN,RESEARCH_ONLY_MAGNITUDE_SURROGATE,81,86,-0.8265118042438307,0.08434008929570307,81,90,-0.19853612004406035,0.20151866214350778,81,98,0.2520405617771706,0.45938190449797645
R4_aA_m0,11,635,full,4.6265395741723764e-08,4.7275741804203847e-07,-0.8217211478453467,80,1,100,unmeasured; unity model only,UNKNOWN,RESEARCH_ONLY_MAGNITUDE_SURROGATE,80,85,-0.8481648142155158,0.06708128041773166,80,89,-0.15062751542041436,0.16726386570820584,80,97,0.39217826509226966,0.39883527535430385
R4_aA_m0,11,637,full,5.179921979527438e-09,5.521023880394163e-07,-0.981410061340898,80,1,100,unmeasured; unity model only,UNKNOWN,RESEARCH_ONLY_MAGNITUDE_SURROGATE,80,85,-0.6838392262384202,0.07116236548784237,80,89,0.07407948091421261,0.16995826662402924,80,97,0.38646894638981377,0.3973273918142284
R4_aA_m0,11,633,los,1.7346195223812889e-06,1.3635603572968288e-06,0.119766824230687,81,1,86,unmeasured; unity model only,UNKNOWN,RESEARCH_ONLY_MAGNITUDE_SURROGATE,81,86,0.03832214488849705,0.4710860366498599,81,90,-0.009301853168289515,0.9407138378096579,81,98,-0.018187145891688905,0.9881391586736614
R4_aA_m0,11,635,los,8.242535644448855e-07,1.4304069206585592e-06,-0.2688446265939074,81,1,86,unmeasured; unity model only,UNKNOWN,RESEARCH_ONLY_MAGNITUDE_SURROGATE,81,86,-0.3361610054514907,0.4640926406679044,81,90,-0.36801712572405865,0.9393080364312743,81,98,-0.372659780013134,0.9888979123199473
R4_aA_m0,11,637,los,2.711602926202048e-07,1.7431786484502104e-06,-0.7307699443311058,81,1,86,unmeasured; unity model only,UNKNOWN,RESEARCH_ONLY_MAGNITUDE_SURROGATE,81,86,-0.7399350023254162,0.4606311483466909,81,90,-0.7357009473615064,0.938778983708977,81,98,-0.732775384534353,0.9893592971911923
R4_aA_m0,12,687,full,2.5767828747161464e-06,1.2127587984607083e-05,-0.6495215063101661,90,1,95,unmeasured; unity model only,UNKNOWN,RESEARCH_ONLY_MAGNITUDE_SURROGATE,90,95,-0.6410944966074507,0.30820955863196586,90,99,-0.6461509476907292,0.6579864860288563,90,107,-0.5415741875687856,0.8818138990966222
R4_aA_m0,12,689,full,1.5178569586471984e-06,1.4460622850192253e-05,-0.8100123445025722,90,1,95,unmeasured; unity model only,UNKNOWN,RESEARCH_ONLY_MAGNITUDE_SURROGATE,90,95,-0.7887031799433114,0.30352543356729383,90,99,-0.7700261450205624,0.6544639376836868,90,107,-0.6815766879841921,0.8746179734192102
R4_aA_m0,12,691,full,7.916367487516514e-07,1.4726281183030741e-05,-0.8979712675074414,90,1,95,unmeasured; unity model only,UNKNOWN,RESEARCH_ONLY_MAGNITUDE_SURROGATE,90,95,-0.8756484737431872,0.2891517317393775,90,99,-0.8410341347786278,0.6431302434616117,90,107,-0.7573583856003432,0.8687576884630521
R4_aA_m0,12,687,los,6.728521654875794e-07,2.5152297382327093e-06,-0.5778953077068667,89,1,94,unmeasured; unity model only,UNKNOWN,RESEARCH_ONLY_MAGNITUDE_SURROGATE,89,94,-0.5643813340003251,0.4581031743445894,89,98,-0.5521340610636226,0.9388106175614753,89,106,-0.5490733076084778,0.989728109633918
R4_aA_m0,12,689,los,3.461840443553316e-07,2.8456365314585336e-06,-0.7830805108667113,89,1,94,unmeasured; unity model only,UNKNOWN,RESEARCH_ONLY_MAGNITUDE_SURROGATE,89,94,-0.7881297116701715,0.45811430854006113,89,98,-0.7884483017152902,0.9389981044050127,89,106,-0.7881311592139068,0.9898053298731495
R4_aA_m0,12,691,los,1.1916629951382687e-07,2.6669239787798215e-06,-0.9144562540257591,89,1,94,unmeasured; unity model only,UNKNOWN,RESEARCH_ONLY_MAGNITUDE_SURROGATE,89,94,-0.928504621710377,0.4555924987224213,89,98,-0.9334223347809227,0.9383227585864239,89,106,-0.9337722585591457,0.9900369846153321
R4_aA_m0,13,742,full,0.0016763239911705946,0.0026429697836605533,-0.2237971860406155,13,1,18,unmeasured; unity model only,UNKNOWN,RESEARCH_ONLY_MAGNITUDE_SURROGATE,13,18,-0.20916380204207563,0.4478615699608274,13,22,-0.2360974212601672,0.9285769417068037,13,30,-0.23904216741310616,0.9859639490291648
R4_aA_m0,13,744,full,0.0024357854904970373,0.002016688338405364,0.09412680864538325,13,0,18,unmeasured; unity model only,UNKNOWN,RESEARCH_ONLY_MAGNITUDE_SURROGATE,13,18,0.12381558143095973,0.4402191642227564,13,22,0.10549091611132333,0.9274630362375991,13,30,0.09235911509012142,0.9867564805212855
R4_aA_m0,13,746,full,0.003158231571755683,0.0014222044464716557,0.37900914200650315,13,0,18,unmeasured; unity model only,UNKNOWN,RESEARCH_ONLY_MAGNITUDE_SURROGATE,13,18,0.4126660840024029,0.43039080764728305,13,22,0.39474291344313434,0.9226344376014892,13,30,0.3719717596929818,0.9875269152903451
R4_aA_m0,13,742,los,0.0015957812035456427,0.0026650873725479534,-0.2509596693504827,13,1,18,unmeasured; unity model only,UNKNOWN,RESEARCH_ONLY_MAGNITUDE_SURROGATE,13,18,-0.23387152262073085,0.44060651609143714,13,22,-0.2265512362848048,0.935472949700912,13,30,-0.2254480980611231,0.9915171305776563
R4_aA_m0,13,744,los,0.0023518409990903877,0.002052148553486468,0.06805021720102943,13,0,18,unmeasured; unity model only,UNKNOWN,RESEARCH_ONLY_MAGNITUDE_SURROGATE,13,18,0.10033222787984351,0.4382501540318124,13,22,0.11607093628094398,0.9346977954960988,13,30,0.11890298805409444,0.9916678092728832
R4_aA_m0,13,746,los,0.003077393412086579,0.0014667262791314768,0.35445086010121385,13,0,18,unmeasured; unity model only,UNKNOWN,RESEARCH_ONLY_MAGNITUDE_SURROGATE,13,18,0.39190115530625996,0.43548173280452573,13,22,0.4103271701891684,0.9337690447100211,13,30,0.4137085178824593,0.9918425670404446
R4_aA_m0,14,760,full,0.0016356650059047263,0.005187689746724709,-0.5205686747345477,11,1,16,unmeasured; unity model only,UNKNOWN,RESEARCH_ONLY_MAGNITUDE_SURROGATE,11,16,-0.5098569615332907,0.38131327385103536,11,20,-0.5256220716728159,0.9040645734178749,11,28,-0.5378170244227773,0.9884682567091628
R4_aA_m0,14,762,full,0.0008014451858503321,0.005902290852278001,-0.7608959597179803,11,1,16,unmeasured; unity model only,UNKNOWN,RESEARCH_ONLY_MAGNITUDE_SURROGATE,11,16,-0.7525886405579993,0.3788377024218875,11,20,-0.7663967888835517,0.9010332892207203,11,28,-0.7712709610517304,0.9885531972796318
R4_aA_m0,14,764,full,0.00028443714349596057,0.0062522823486868325,-0.9129725104967052,11,1,16,unmeasured; unity model only,UNKNOWN,RESEARCH_ONLY_MAGNITUDE_SURROGATE,11,16,-0.9115445711073066,0.3767254254188271,11,20,-0.9217759548534491,0.8984352846674725,11,28,-0.9183532372974869,0.9883979955189709
R4_aA_m0,14,760,los,0.0016900987543936852,0.0054353904186317335,-0.5256188836011986,11,1,16,unmeasured; unity model only,UNKNOWN,RESEARCH_ONLY_MAGNITUDE_SURROGATE,11,16,-0.5173429338638983,0.3823724261489109,11,20,-0.5109416981412263,0.9160122638746983,11,28,-0.5089965810209427,0.9952009977757796
R4_aA_m0,14,762,los,0.0008261367298576597,0.006173216776263343,-0.7639391326255504,11,1,16,unmeasured; unity model only,UNKNOWN,RESEARCH_ONLY_MAGNITUDE_SURROGATE,11,16,-0.7576193703838573,0.38242260022638436,11,20,-0.7522648159775677,0.9160797277497108,11,28,-0.750542331836821,0.9952057931510182
R4_aA_m0,14,764,los,0.00029512956811787044,0.006529048918467839,-0.9135047335886637,11,1,16,unmeasured; unity model only,UNKNOWN,RESEARCH_ONLY_MAGNITUDE_SURROGATE,11,16,-0.9129737690538222,0.3829252534415554,11,20,-0.9111392511184152,0.9163682463039611,11,28,-0.910309540480683,0.9951940041121267
R4_aA_m0,15,778,full,0.0007669344880154601,0.00034382330103904454,0.3809211973535426,17,0,21,unmeasured; unity model only,UNKNOWN,RESEARCH_ONLY_MAGNITUDE_SURROGATE,17,22,0.21668214914784267,0.4313654202572272,17,26,-0.023595034211113017,0.8392934781787673,17,34,-0.05116233001633625,0.9714605793995256
R4_aA_m0,15,780,full,0.0010869684463590016,0.00021107635564260633,0.6747780117957056,17,0,21,unmeasured; unity model only,UNKNOWN,RESEARCH_ONLY_MAGNITUDE_SURROGATE,17,22,0.560553270600702,0.44424157475094656,17,26,0.3553313709041368,0.8532943768742355,17,34,0.2671970751359533,0.9735447002285562
R4_aA_m0,15,782,full,0.0013180352798607576,0.00010695024055575004,0.8498928739647971,17,0,21,unmeasured; unity model only,UNKNOWN,RESEARCH_ONLY_MAGNITUDE_SURROGATE,17,22,0.7816592238676251,0.44669994839450006,17,26,0.6172948819978699,0.8607920297933563,17,34,0.491696313976054,0.9746060793603673
R4_aA_m0,15,778,los,0.0007259650511601253,0.00032990130581165574,0.3751078370224601,17,0,22,unmeasured; unity model only,UNKNOWN,RESEARCH_ONLY_MAGNITUDE_SURROGATE,17,22,0.3384300854405911,0.45327815200775334,17,26,0.318473854928936,0.9383318088542058,17,34,0.31467624026266994,0.9903560501419346
R4_aA_m0,15,780,los,0.0010305907266041873,0.00020021310306707582,0.6746628532663065,17,0,22,unmeasured; unity model only,UNKNOWN,RESEARCH_ONLY_MAGNITUDE_SURROGATE,17,22,0.6482196325787748,0.4517365131396973,17,26,0.633713254292104,0.9377219568911875,17,34,0.6309636867122683,0.9904167641819125
R4_aA_m0,15,782,los,0.0012500156506627782,9.801375941888922e-05,0.8545821646236171,17,0,22,unmeasured; unity model only,UNKNOWN,RESEARCH_ONLY_MAGNITUDE_SURROGATE,17,22,0.83816961313707,0.45037959440825215,17,26,0.8280888078910441,0.9371572940258545,17,34,0.8260485025350056,0.9904612684556131
R4_aA_m0,16,796,full,0.00018509307259640244,7.708723169377529e-05,0.4119525347071369,26,0,31,unmeasured; unity model only,UNKNOWN,RESEARCH_ONLY_MAGNITUDE_SURROGATE,26,31,0.3422979087070502,0.33914824321630144,26,35,0.29618110076053616,0.794500350527637,26,43,0.2932273785547541,0.9377703687994428
R4_aA_m0,16,798,full,0.0002555485303308177,4.867293626975866e-05,0.680016424786597,26,0,31,unmeasured; unity model only,UNKNOWN,RESEARCH_ONLY_MAGNITUDE_SURROGATE,26,31,0.6335767685154298,0.35905982471244674,26,35,0.5792314713126819,0.8119891846631304,26,43,0.5469158009131754,0.9372332530212802
R4_aA_m0,16,800,full,0.00029411080484169534,2.3399845458962115e-05,0.8526043429610671,26,0,31,unmeasured; unity model only,UNKNOWN,RESEARCH_ONLY_MAGNITUDE_SURROGATE,26,31,0.829653964814393,0.3683843734172709,26,35,0.7762855300012127,0.8191992522753717,26,43,0.719579934661871,0.9374703980413677
R4_aA_m0,16,796,los,7.135084727868497e-05,3.364888760840521e-05,0.35906718917740094,25,0,30,unmeasured; unity model only,UNKNOWN,RESEARCH_ONLY_MAGNITUDE_SURROGATE,25,30,0.32345726163417127,0.38908335157449503,25,34,0.30208839610982785,0.9188960563483229,25,42,0.29670493252622954,0.9948964973739609
R4_aA_m0,16,798,los,9.815311769255243e-05,2.3320108543345126e-05,0.6160452921854872,25,0,30,unmeasured; unity model only,UNKNOWN,RESEARCH_ONLY_MAGNITUDE_SURROGATE,25,30,0.5998335154866332,0.38738854969443426,25,34,0.5889006658745228,0.9181019341595937,25,42,0.58605173634519,0.99494622983308
R4_aA_m0,16,800,los,0.0001130238466857639,1.3460774657531022e-05,0.7871555527529815,25,0,30,unmeasured; unity model only,UNKNOWN,RESEARCH_ONLY_MAGNITUDE_SURROGATE,25,30,0.7838827801036726,0.3856972388002945,25,34,0.7783191245977636,0.9172329876797202,25,42,0.7765391329584688,0.994981304892767
R4_aA_m0,17,814,full,5.4139184947652395e-06,2.1672167973376048e-05,-0.6002435788475311,34,1,38,unmeasured; unity model only,UNKNOWN,RESEARCH_ONLY_MAGNITUDE_SURROGATE,34,39,-0.4909956738024045,0.3280938472004055,34,43,-0.2721428035995992,0.5914539979514933,34,51,-0.30297662320391383,0.741559915904382
R4_aA_m0,17,816,full,2.9625959091308527e-06,2.4248321610366707e-05,-0.7822494660822775,34,1,38,unmeasured; unity model only,UNKNOWN,RESEARCH_ONLY_MAGNITUDE_SURROGATE,34,39,-0.67262002779135,0.3289720812924809,34,43,-0.46848405176035085,0.6533727582391727,34,51,-0.4312750890374657,0.7612386114540513
R4_aA_m0,17,818,full,1.2195387977430249e-06,2.308078891703582e-05,-0.89962779003994,34,1,38,unmeasured; unity model only,UNKNOWN,RESEARCH_ONLY_MAGNITUDE_SURROGATE,34,39,-0.7618218945583921,0.2893897047017398,34,43,-0.48095957550003504,0.6470587791273761,34,51,-0.34727273734762976,0.7862817133128674
R4_aA_m0,17,814,los,1.7240888258392273e-05,5.579966597258885e-05,-0.5279091611525774,35,1,40,unmeasured; unity model only,UNKNOWN,RESEARCH_ONLY_MAGNITUDE_SURROGATE,35,40,-0.5353795193978711,0.48473466589003067,35,44,-0.5353496001535846,0.9440706235667422,35,52,-0.534756158385149,0.9868846809776339
R4_aA_m0,17,816,los,1.0196752473118085e-05,6.504008004153388e-05,-0.728942536991245,35,1,40,unmeasured; unity model only,UNKNOWN,RESEARCH_ONLY_MAGNITUDE_SURROGATE,35,40,-0.7367654812776615,0.481609857713825,35,44,-0.7383417250879385,0.9435310385092269,35,52,-0.7382378738643752,0.9872683162259311
R4_aA_m0,17,818,los,4.77790290334013e-06,6.363703607476236e-05,-0.8603257424560624,35,1,40,unmeasured; unity model only,UNKNOWN,RESEARCH_ONLY_MAGNITUDE_SURROGATE,35,40,-0.8673348925242742,0.4788930079727041,35,44,-0.8686265397929346,0.9429844981269363,35,52,-0.8684110541638121,0.987577722590132
R4_aA_m0,18,832,full,2.797796064903999e-05,2.096719042504501e-05,0.1432372782624217,46,0,51,unmeasured; unity model only,UNKNOWN,RESEARCH_ONLY_MAGNITUDE_SURROGATE,46,51,0.2658166081655098,0.36966138354873734,46,55,0.3489881213020386,0.791788010482,46,63,0.37725502439624314,0.8707728848982565
R4_aA_m0,18,834,full,4.426218081192181e-05,1.8384762736450695e-05,0.41306752747626074,46,0,51,unmeasured; unity model only,UNKNOWN,RESEARCH_ONLY_MAGNITUDE_SURROGATE,46,51,0.5171507066634334,0.4003005753654824,46,55,0.594523539265563,0.8046893590844555,46,63,0.6166714927906317,0.8731802546589211
R4_aA_m0,18,836,full,5.8697080633265876e-05,1.5239809627369481e-05,0.5877616823307678,46,0,51,unmeasured; unity model only,UNKNOWN,RESEARCH_ONLY_MAGNITUDE_SURROGATE,46,51,0.6589419714674416,0.42607399440433286,46,55,0.7173062884722142,0.8201542477315795,46,63,0.7308300629651939,0.8776216471252615
R4_aA_m0,18,832,los,9.266066943465944e-06,6.53629245776385e-06,0.17274474123716319,45,0,50,unmeasured; unity model only,UNKNOWN,RESEARCH_ONLY_MAGNITUDE_SURROGATE,45,50,0.1033524976169377,0.4452299331196952,45,54,0.06151767026811906,0.9355347384723479,45,62,0.05271380512447207,0.9908538113298835
R4_aA_m0,18,834,los,1.5372718721285826e-05,5.431551413315965e-06,0.4778426372879888,45,0,50,unmeasured; unity model only,UNKNOWN,RESEARCH_ONLY_MAGNITUDE_SURROGATE,45,50,0.4367105521802618,0.44761701131869286,45,54,0.40859426285893213,0.9361420743266542,45,62,0.40220241385912414,0.9906334075401608
R4_aA_m0,18,836,los,2.0628897074386654e-05,3.784434032956166e-06,0.6899698761863826,45,0,50,unmeasured; unity model only,UNKNOWN,RESEARCH_ONLY_MAGNITUDE_SURROGATE,45,50,0.6792429452906595,0.4485645425694039,45,54,0.6673998971463063,0.9363319991528531,45,62,0.6642347820334501,0.9905162152028016
R4_aA_m0,19,850,full,1.2406091465427586e-05,6.13210430586186e-05,-0.6634592800732998,57,1,62,unmeasured; unity model only,UNKNOWN,RESEARCH_ONLY_MAGNITUDE_SURROGATE,57,62,-0.7275169054371653,0.3585655478119027,57,66,-0.7587876132046067,0.7626095426712792,57,74,-0.7690959989007633,0.8610437463532306
R4_aA_m0,19,852,full,7.594704562800994e-06,7.063915303337621e-05,-0.8058460928258737,57,1,62,unmeasured; unity model only,UNKNOWN,RESEARCH_ONLY_MAGNITUDE_SURROGATE,57,62,-0.8246907597030996,0.35471132654888254,57,66,-0.8239628873969282,0.7631006143545119,57,74,-0.8236701143221745,0.8652986987815915
R4_aA_m0,19,854,full,4.3009683589651235e-06,6.782192999009412e-05,-0.8807322374053974,57,1,62,unmeasured; unity model only,UNKNOWN,RESEARCH_ONLY_MAGNITUDE_SURROGATE,57,62,-0.8691927558905385,0.33984568029047263,57,66,-0.85095950112083,0.7488608527801094,57,74,-0.8443229370581126,0.8579259922526505
R4_aA_m0,19,850,los,2.797484176429179e-06,1.1631717814209113e-05,-0.6122468618508223,56,1,61,unmeasured; unity model only,UNKNOWN,RESEARCH_ONLY_MAGNITUDE_SURROGATE,56,61,-0.6104763612856011,0.48445205822936116,56,65,-0.6059398820261099,0.9441462337731903,56,73,-0.6046556640395869,0.9869741616541946
R4_aA_m0,19,852,los,1.4392851841875299e-06,1.2697620900762966e-05,-0.7963790414198582,56,1,61,unmeasured; unity model only,UNKNOWN,RESEARCH_ONLY_MAGNITUDE_SURROGATE,56,61,-0.8057816831571972,0.4830278978279516,56,65,-0.8086594817858122,0.9439417439383089,56,73,-0.8088190868286325,0.987180257465029
R4_aA_m0,19,854,los,5.364099899182228e-07,1.142637584505088e-05,-0.9103202218416029,56,1,61,unmeasured; unity model only,UNKNOWN,RESEARCH_ONLY_MAGNITUDE_SURROGATE,56,61,-0.9210033217017616,0.4800907245508824,56,65,-0.9235510400106004,0.9432838111901354,56,73,-0.9233286303337663,0.9874932916813278
R4_aA_m0,20,868,full,6.021641973320844e-07,3.2113233882853533e-06,-0.684192391446011,66,1,72,unmeasured; unity model only,UNKNOWN,RESEARCH_ONLY_MAGNITUDE_SURROGATE,66,71,-0.6965529684809687,0.17532276439593367,66,75,-0.5943279762171204,0.47737222067960633,66,83,-0.5886669040359084,0.7293777764420258
R4_aA_m0,20,870,full,1.1034771190816875e-07,1.4290762046721883e-06,-0.8566376542293914,65,1,72,unmeasured; unity model only,UNKNOWN,RESEARCH_ONLY_MAGNITUDE_SURROGATE,65,70,-0.688172827365506,0.12021505974557571,65,74,-0.36020172950940144,0.3883685829552803,65,82,-0.4214779855795504,0.6676076585870736
R4_aA_m0,20,872,full,1.945913313286005e-06,6.619014687336445e-06,-0.5456089500940142,68,0,72,unmeasured; unity model only,UNKNOWN,RESEARCH_ONLY_MAGNITUDE_SURROGATE,68,73,0.09191612724436098,0.2420001063553182,68,77,0.11397981763824602,0.42016857703075916,68,85,-0.1736408151113418,0.6330014042886358
R4_aA_m0,20,868,los,1.7557644832305562e-06,8.979980008791595e-06,-0.6729123938194909,67,1,71,unmeasured; unity model only,UNKNOWN,RESEARCH_ONLY_MAGNITUDE_SURROGATE,67,72,-0.6667510753103102,0.5179607478734376,67,76,-0.659591381238074,0.9485253140356732,67,84,-0.6579882896968063,0.9824367526688991
R4_aA_m0,20,870,los,7.619063173751323e-07,9.588235237961818e-06,-0.8527737397017023,67,1,71,unmeasured; unity model only,UNKNOWN,RESEARCH_ONLY_MAGNITUDE_SURROGATE,67,72,-0.8584912121681956,0.5165676505786791,67,76,-0.8594461709780467,0.9484830596539285,67,84,-0.8592878685717839,0.9827253578581406
R4_aA_m0,20,872,los,1.7832277213184028e-07,8.453183736991676e-06,-0.9586809621371769,67,1,71,unmeasured; unity model only,UNKNOWN,RESEARCH_ONLY_MAGNITUDE_SURROGATE,67,72,-0.964259310713454,0.5127778676578171,67,76,-0.9644005782930841,0.9479627482375694,67,84,-0.9638484425799775,0.9832687474386975
R4_aA_m0,21,886,full,5.925616613743573e-06,1.0390766333695246e-05,-0.27366051252508555,78,1,82,unmeasured; unity model only,UNKNOWN,RESEARCH_ONLY_MAGNITUDE_SURROGATE,78,83,-0.317126014421776,0.37711157714142163,78,87,-0.35371802098568067,0.6996963472215592,78,95,-0.38824122666354627,0.7746713497608999
R4_aA_m0,21,888,full,1.0751623898211566e-05,9.734127805516396e-06,0.04966847726217475,78,1,83,unmeasured; unity model only,UNKNOWN,RESEARCH_ONLY_MAGNITUDE_SURROGATE,78,83,-0.024787017428422434,0.4000713169187513,78,87,-0.07153092795792945,0.7389034338443428,78,95,-0.10091630480890965,0.8112448017372235
R4_aA_m0,21,890,full,1.4977416393103228e-05,7.322593711715056e-06,0.34326543554947636,78,0,82,unmeasured; unity model only,UNKNOWN,RESEARCH_ONLY_MAGNITUDE_SURROGATE,78,83,0.2567558710424106,0.40127623590137335,78,87,0.21439604433983844,0.7362903526648835,78,95,0.18959969894049974,0.8107941524547702
R4_aA_m0,21,886,los,2.6605910931368646e-06,1.249490089440045e-06,0.36088790431886736,77,0,82,unmeasured; unity model only,UNKNOWN,RESEARCH_ONLY_MAGNITUDE_SURROGATE,77,82,0.30774015433748764,0.4442493252268725,77,86,0.27109071602437335,0.934901348793686,77,94,0.2626467799315195,0.9908234292893002
R4_aA_m0,21,888,los,3.728509529740179e-06,9.644733475888984e-07,0.5889721429634491,77,0,82,unmeasured; unity model only,UNKNOWN,RESEARCH_ONLY_MAGNITUDE_SURROGATE,77,82,0.5730047154462368,0.448050413566838,77,86,0.5560141735128429,0.9360067494342273,77,94,0.5514265983314391,0.9905139796121645
R4_aA_m0,21,890,los,4.33833034936645e-06,5.863329622844316e-07,0.7618789650462919,77,0,82,unmeasured; unity model only,UNKNOWN,RESEARCH_ONLY_MAGNITUDE_SURROGATE,77,82,0.7825272586437755,0.44998674065465216,77,86,0.7849794544414154,0.9364713506154496,77,94,0.7842275009829445,0.9903079369919907
R4_aA_m0,22,904,full,8.011794702795559e-07,3.730270671365677e-06,-0.6463915765434542,87,1,91,unmeasured; unity model only,UNKNOWN,RESEARCH_ONLY_MAGNITUDE_SURROGATE,87,92,-0.6670399651827427,0.30695672661338735,87,96,-0.5713868902219099,0.5622893315679602,87,104,-0.5057061709220763,0.780176514835614
R4_aA_m0,22,906,full,4.1641349625688517e-07,4.37865746691765e-06,-0.8263160234937577,87,1,91,unmeasured; unity model only,UNKNOWN,RESEARCH_ONLY_MAGNITUDE_SURROGATE,87,92,-0.840145029603723,0.35237940270903545,87,96,-0.8121523801101025,0.6447612571551767,87,104,-0.7863196253331763,0.7748004784220933
R4_aA_m0,22,908,full,1.6135041369148113e-07,4.125107637416794e-06,-0.9247162054229071,87,1,91,unmeasured; unity model only,UNKNOWN,RESEARCH_ONLY_MAGNITUDE_SURROGATE,87,92,-0.9169174589819464,0.34466307939917545,87,96,-0.8832313055165278,0.6460651170989105,87,104,-0.867253262202519,0.7479916543984955
R4_aA_m0,22,904,los,4.014201489134812e-07,1.8152126570242184e-06,-0.637810874369272,87,1,92,unmeasured; unity model only,UNKNOWN,RESEARCH_ONLY_MAGNITUDE_SURROGATE,87,92,-0.6285336876583956,0.39174579029775997,87,96,-0.6184279289614405,0.9192422343245564,87,104,-0.6151990914001472,0.994653170063671
R4_aA_m0,22,906,los,1.83352722514156e-07,1.957332117833801e-06,-0.8286971355537297,87,1,92,unmeasured; unity model only,UNKNOWN,RESEARCH_ONLY_MAGNITUDE_SURROGATE,87,92,-0.8392534030874462,0.39112426996850314,87,96,-0.8422431058727954,0.9191537709451629,87,104,-0.8424182771375162,0.9947253543221374
R4_aA_m0,22,908,los,4.9905010973218945e-08,1.720651847435263e-06,-0.9436278922800846,87,1,92,unmeasured; unity model only,UNKNOWN,RESEARCH_ONLY_MAGNITUDE_SURROGATE,87,92,-0.9581787314475524,0.3873823570524243,87,96,-0.9619176631105644,0.9175837872262366,87,104,-0.9617527068331962,0.9949123881357924
R4_aB_m0,0,39,full,7.481082743485308e-06,4.635417013978915e-06,0.23485872871440086,49,0,54,unmeasured; unity model only,UNKNOWN,RESEARCH_ONLY_MAGNITUDE_SURROGATE,49,54,0.3124894980465214,0.22226220644441733,49,58,0.1814092881824231,0.6209664413675255,49,66,0.0190031738577357,0.8193152565968763
R4_aB_m0,0,41,full,5.346376807465796e-06,6.3595556987853275e-06,-0.08655259978463747,49,1,56,unmeasured; unity model only,UNKNOWN,RESEARCH_ONLY_MAGNITUDE_SURROGATE,49,54,0.035467157698756614,0.23155236546773758,49,58,-0.0521160425644382,0.5903674392149462,49,66,-0.20868750198566385,0.7778793787426087
R4_aB_m0,0,43,full,3.0516979354654723e-06,8.34655717212098e-06,-0.46453243822656287,49,1,54,unmeasured; unity model only,UNKNOWN,RESEARCH_ONLY_MAGNITUDE_SURROGATE,49,54,-0.32554501855845863,0.24025076602469914,49,58,-0.3392398539465113,0.5592721153915599,49,66,-0.44023006202760673,0.7445453210112908
R4_aB_m0,0,39,los,5.057143753861561e-06,7.353704860479607e-06,-0.1850446474678846,49,1,54,unmeasured; unity model only,UNKNOWN,RESEARCH_ONLY_MAGNITUDE_SURROGATE,49,54,-0.22532362774958614,0.4278490747684157,49,58,-0.2386733831747739,0.9306964465134066,49,66,-0.23995351068628326,0.992234686348521
R4_aB_m0,0,41,los,3.220831717074701e-06,9.344113050133174e-06,-0.48733054116076,49,1,54,unmeasured; unity model only,UNKNOWN,RESEARCH_ONLY_MAGNITUDE_SURROGATE,49,54,-0.5331732802478731,0.42966982778413587,49,58,-0.5501978555684884,0.9312813065672915,49,66,-0.5523634814300572,0.9921056139864006
R4_aB_m0,0,43,los,1.4379721503729819e-06,1.1205457886771715e-05,-0.7725344868997711,49,1,54,unmeasured; unity model only,UNKNOWN,RESEARCH_ONLY_MAGNITUDE_SURROGATE,49,54,-0.805725795554267,0.43303153351945917,49,58,-0.8171564467387217,0.93219590449063,49,66,-0.8183027291609752,0.9918447103111832
R4_aB_m0,1,93,full,1.3191359732778724e-05,2.3356166881111155e-05,-0.2781257198529352,42,0,49,unmeasured; unity model only,UNKNOWN,RESEARCH_ONLY_MAGNITUDE_SURROGATE,42,47,0.02143365872831458,0.26587460306863364,42,51,0.3622682302873051,0.559562580160891,42,59,0.376969089290419,0.7507026543894164
R4_aB_m0,1,95,full,6.289450265109909e-06,2.7327052952853505e-05,-0.6258117494059251,42,0,49,unmeasured; unity model only,UNKNOWN,RESEARCH_ONLY_MAGNITUDE_SURROGATE,42,47,-0.34861071550861716,0.2518614858655699,42,51,0.20623595108207107,0.49963671236976437,42,59,0.2561853059191803,0.7177857104985242
R4_aB_m0,1,97,full,5.334191120589245e-07,7.443208426439655e-06,-0.866254476723548,40,1,44,unmeasured; unity model only,UNKNOWN,RESEARCH_ONLY_MAGNITUDE_SURROGATE,40,45,-0.8811351964524214,0.16341750826878457,40,49,-0.4396565446592001,0.39725334256374845,40,57,-0.016734433316328696,0.7041185734359502
R4_aB_m0,1,93,los,7.410414462322251e-06,1.754170885540659e-05,-0.40602934924924444,41,1,45,unmeasured; unity model only,UNKNOWN,RESEARCH_ONLY_MAGNITUDE_SURROGATE,41,46,-0.33693436475176436,0.4881527266824417,41,50,-0.30477794379219486,0.944716076643928,41,58,-0.3002492952975806,0.9865280829243047
R4_aB_m0,1,95,los,3.926929842359544e-06,2.0460889201918393e-05,-0.6779597359460552,41,1,45,unmeasured; unity model only,UNKNOWN,RESEARCH_ONLY_MAGNITUDE_SURROGATE,41,46,-0.6370095721118645,0.4974352043468848,41,50,-0.6175449941102037,0.9466802385014457,41,58,-0.6147249771352631,0.9856124936057077
R4_aB_m0,1,97,los,1.3023007487450398e-06,2.2837682666571345e-05,-0.8921042548920102,41,1,45,unmeasured; unity model only,UNKNOWN,RESEARCH_ONLY_MAGNITUDE_SURROGATE,41,46,-0.8764674201223431,0.4995591039029829,41,50,-0.8681660366159891,0.9471975663871325,41,58,-0.8665554175123056,0.9854507059060458
R4_aB_m0,2,147,full,2.496057343417221e-05,2.283934742622387e-05,0.04437718660965088,33,0,38,unmeasured; unity model only,UNKNOWN,RESEARCH_ONLY_MAGNITUDE_SURROGATE,33,38,0.47227084525504864,0.23574752567313104,33,42,0.6613045202325242,0.47900664486876027,33,50,0.5123032627265429,0.6169885923543587
R4_aB_m0,2,149,full,2.0650028337095613e-05,3.1745470461904116e-05,-0.21176326934825024,33,0,38,unmeasured; unity model only,UNKNOWN,RESEARCH_ONLY_MAGNITUDE_SURROGATE,33,38,0.20212551073672547,0.25179226563960894,33,42,0.5164475169773676,0.48125206702686907,33,50,0.42382490449027277,0.5986451917966543
R4_aB_m0,2,151,full,1.4109408411057059e-05,4.0461582001807456e-05,-0.4828971105596456,33,0,39,unmeasured; unity model only,UNKNOWN,RESEARCH_ONLY_MAGNITUDE_SURROGATE,33,38,-0.10979114298613164,0.2633479654254019,33,42,0.27690853804878135,0.4876180953392074,33,50,0.2603491335216379,0.5837649759281726
R4_aB_m0,2,147,los,2.7335052474502606e-05,3.3304859220894336e-05,-0.09844682453330297,33,1,38,unmeasured; unity model only,UNKNOWN,RESEARCH_ONLY_MAGNITUDE_SURROGATE,33,38,-0.12407603603253282,0.4617408632670061,33,42,-0.13220991094480514,0.9393358288324297,33,50,-0.1327796172467297,0.9893028671569353
R4_aB_m0,2,149,los,2.152425228523247e-05,4.45913748098252e-05,-0.3488906259851094,33,1,38,unmeasured; unity model only,UNKNOWN,RESEARCH_ONLY_MAGNITUDE_SURROGATE,33,38,-0.3810167354554989,0.4614377263849575,33,42,-0.392776306600583,0.9392422935558743,33,50,-0.3940497768287394,0.9893188946295888
R4_aB_m0,2,151,los,1.3546469264353896e-05,5.537588299394429e-05,-0.6069063570672628,33,1,38,unmeasured; unity model only,UNKNOWN,RESEARCH_ONLY_MAGNITUDE_SURROGATE,33,38,-0.6359897906186037,0.4626690188517818,33,42,-0.6465955583644741,0.9394692217792615,33,50,-0.6477152478467982,0.9891876039911144
R4_aB_m0,3,201,full,3.77738868436567e-05,6.932510850750241e-05,-0.2945986707008288,25,1,30,unmeasured; unity model only,UNKNOWN,RESEARCH_ONLY_MAGNITUDE_SURROGATE,25,30,-0.33254250871239327,0.30734563766524425,25,34,-0.4546787875997372,0.7222281784228214,25,42,-0.3948266541368757,0.8859253426906424
R4_aB_m0,3,203,full,2.1537897473726236e-05,8.26910027184595e-05,-0.5867192797004881,25,1,30,unmeasured; unity model only,UNKNOWN,RESEARCH_ONLY_MAGNITUDE_SURROGATE,25,30,-0.6091213745442287,0.3011849204675296,25,34,-0.6970385917387357,0.7115982453447297,25,42,-0.5747581695479017,0.8852535767618285
R4_aB_m0,3,205,full,8.825256170672993e-06,9.463007994580713e-05,-0.82939002468202,25,1,30,unmeasured; unity model only,UNKNOWN,RESEARCH_ONLY_MAGNITUDE_SURROGATE,25,30,-0.8324143668590746,0.30561844208909006,25,34,-0.8775633735678537,0.7074885119986696,25,42,-0.7035245277377593,0.8781451087072156
R4_aB_m0,3,201,los,3.39823763373093e-05,6.92678482808843e-05,-0.3417471688226951,25,1,30,unmeasured; unity model only,UNKNOWN,RESEARCH_ONLY_MAGNITUDE_SURROGATE,25,30,-0.2515915097494427,0.4188704052180184,25,34,-0.20763939784376637,0.928498119581417,25,42,-0.19935266087622627,0.9929699674118999
R4_aB_m0,3,203,los,1.8349188366684545e-05,8.190822551819982e-05,-0.6339584743777034,25,1,30,unmeasured; unity model only,UNKNOWN,RESEARCH_ONLY_MAGNITUDE_SURROGATE,25,30,-0.5777553897602458,0.4266976860390449,25,34,-0.5504516160767841,0.931269016630071,25,42,-0.5454540271609478,0.9925185507560728
R4_aB_m0,3,205,los,6.584567264231577e-06,9.284580065088226e-05,-0.8675542009488895,25,1,30,unmeasured; unity model only,UNKNOWN,RESEARCH_ONLY_MAGNITUDE_SURROGATE,25,30,-0.8478677692471827,0.43143598470932043,25,34,-0.8392127991293592,0.9330226073050182,25,42,-0.83774207491817,0.9922676180853692
R4_aB_m0,4,255,full,0.0003226295948780642,0.0005984445501580727,-0.29944924278510426,19,1,24,unmeasured; unity model only,UNKNOWN,RESEARCH_ONLY_MAGNITUDE_SURROGATE,19,24,-0.4322836496264891,0.4161271388299778,19,28,-0.4991887814126051,0.8806315836430844,19,36,-0.502676380680531,0.9411357305993862
R4_aB_m0,4,257,full,0.0002397611704527592,0.0007915803630826256,-0.5350499079953263,19,1,24,unmeasured; unity model only,UNKNOWN,RESEARCH_ONLY_MAGNITUDE_SURROGATE,19,24,-0.6465735928811795,0.4405437343724252,19,28,-0.7017310377622599,0.8937052775605604,19,36,-0.7053887770242959,0.9404255235592027
R4_aB_m0,4,259,full,0.0001514282751979793,0.0009576210154217039,-0.7269223712980899,19,1,24,unmeasured; unity model only,UNKNOWN,RESEARCH_ONLY_MAGNITUDE_SURROGATE,19,24,-0.8162892310394635,0.4579709694627706,19,28,-0.8591995053175064,0.899946851317878,19,36,-0.8607700434897912,0.9393035924794689
R4_aB_m0,4,255,los,0.0003264795418868072,0.0006159152592558468,-0.3071278799693066,19,1,23,unmeasured; unity model only,UNKNOWN,RESEARCH_ONLY_MAGNITUDE_SURROGATE,19,24,-0.3137905675497369,0.49768447748200456,19,28,-0.314977825747638,0.9460028566112345,19,36,-0.31481636276964337,0.9852556192499847
R4_aB_m0,4,257,los,0.0002422194477278591,0.0008051570883339397,-0.5374739849746504,19,1,23,unmeasured; unity model only,UNKNOWN,RESEARCH_ONLY_MAGNITUDE_SURROGATE,19,24,-0.544902176453982,0.4965661026095944,19,28,-0.5464516401984039,0.9457204667939303,19,36,-0.5463314805275293,0.9853532045376812
R4_aB_m0,4,259,los,0.00015295201938253156,0.0009645079767324571,-0.7262505684064013,19,1,23,unmeasured; unity model only,UNKNOWN,RESEARCH_ONLY_MAGNITUDE_SURROGATE,19,24,-0.7316920835491241,0.4971231756198979,19,28,-0.7321105732438485,0.9457201414341357,19,36,-0.7317648625510521,0.9852539140330231
R4_aB_m0,5,309,full,0.0005290787247724772,0.0017900508041768855,-0.5437264558377934,13,1,18,unmeasured; unity model only,UNKNOWN,RESEARCH_ONLY_MAGNITUDE_SURROGATE,13,18,-0.494231404115319,0.3749555497950981,13,22,-0.44935038241851777,0.8980844812840796,13,30,-0.4183027223421996,0.9902897510134517
R4_aB_m0,5,311,full,0.0002445473816956538,0.00198692968598277,-0.780820170426331,13,1,18,unmeasured; unity model only,UNKNOWN,RESEARCH_ONLY_MAGNITUDE_SURROGATE,13,18,-0.7558678896029659,0.37472058991015655,13,22,-0.732053195284457,0.8978292578139637,13,30,-0.7089768483673354,0.9893958473622566
R4_aB_m0,5,313,full,6.882732838795318e-05,0.002120852658966094,-0.9371348061950163,13,1,18,unmeasured; unity model only,UNKNOWN,RESEARCH_ONLY_MAGNITUDE_SURROGATE,13,18,-0.9347358358718958,0.37054345629185625,13,22,-0.9288275568055643,0.8941681220313987,13,30,-0.9130659229961565,0.9889576523286895
R4_aB_m0,5,309,los,0.0005459825210744398,0.0018575294399259144,-0.5456793808946148,13,1,18,unmeasured; unity model only,UNKNOWN,RESEARCH_ONLY_MAGNITUDE_SURROGATE,13,18,-0.511923554412106,0.39883491624649325,13,22,-0.4965839740245555,0.9227896326904562,13,30,-0.49371082924611975,0.9944109101854463
R4_aB_m0,5,311,los,0.00024767278962366777,0.002066948586495608,-0.7859928261451391,13,1,18,unmeasured; unity model only,UNKNOWN,RESEARCH_ONLY_MAGNITUDE_SURROGATE,13,18,-0.7689516166524237,0.4000528766880524,13,22,-0.7621147607946128,0.9232616097711508,13,30,-0.7610557965675252,0.9943520410193488
R4_aB_m0,5,313,los,6.14327420613637e-05,0.0022118600820037393,-0.9459526362718993,13,1,18,unmeasured; unity model only,UNKNOWN,RESEARCH_ONLY_MAGNITUDE_SURROGATE,13,18,-0.9434776927206718,0.3997169733897717,13,22,-0.9435065848069556,0.9230868536183325,13,30,-0.9437553855389409,0.994366765920966
R4_aB_m0,6,363,full,0.0017164435326266951,0.005286445490867584,-0.5097898804712945,11,1,16,unmeasured; unity model only,UNKNOWN,RESEARCH_ONLY_MAGNITUDE_SURROGATE,11,16,-0.469671800508754,0.40263735970402625,11,20,-0.43448610142013694,0.9193645903328749,11,28,-0.41854910711667803,0.9928915729390861
R4_aB_m0,6,365,full,0.0009320121404247235,0.006101615976550493,-0.7349839585134247,11,1,16,unmeasured; unity model only,UNKNOWN,RESEARCH_ONLY_MAGNITUDE_SURROGATE,11,16,-0.7129422560714375,0.4018386722002484,11,20,-0.6942412667889285,0.9171429866148427,11,28,-0.6755148848032025,0.9928068105349147
R4_aB_m0,6,367,full,0.00044898746326367154,0.006651240239648144,-0.8735287142750249,11,1,16,unmeasured; unity model only,UNKNOWN,RESEARCH_ONLY_MAGNITUDE_SURROGATE,11,16,-0.8726673890450555,0.4006773800899069,11,20,-0.8718036962138207,0.915141248783313,11,28,-0.8520434684742373,0.9927765739681809
R4_aB_m0,6,363,los,0.001724276670447678,0.00542200234433613,-0.5174337114796123,11,1,16,unmeasured; unity model only,UNKNOWN,RESEARCH_ONLY_MAGNITUDE_SURROGATE,11,16,-0.48760359431331657,0.3867485117192613,11,20,-0.4696091860606996,0.9175657349635232,11,28,-0.4649875533628901,0.9949510610071607
R4_aB_m0,6,365,los,0.000925736069862582,0.006253821014415139,-0.7421188914592458,11,1,16,unmeasured; unity model only,UNKNOWN,RESEARCH_ONLY_MAGNITUDE_SURROGATE,11,16,-0.7225776290674326,0.38787761397599846,11,20,-0.7096686587753079,0.9180670749285905,11,28,-0.7061210024363764,0.9949033340804208
R4_aB_m0,6,367,los,0.000438773093839931,0.006812892401044976,-0.8789869460610319,11,1,16,unmeasured; unity model only,UNKNOWN,RESEARCH_ONLY_MAGNITUDE_SURROGATE,11,16,-0.8731804824763363,0.38905237986022606,11,20,-0.8676995490460906,0.9186053003012316,11,28,-0.8658660045469572,0.9948557251793663
R4_aB_m0,7,417,full,0.0013419982876488267,0.002348536221586267,-0.2727350012359205,14,1,19,unmeasured; unity model only,UNKNOWN,RESEARCH_ONLY_MAGNITUDE_SURROGATE,14,19,-0.37368068782438874,0.4655767385257272,14,23,-0.45603093042049864,0.9144024163334662,14,31,-0.43887847141312203,0.9822622876080322
R4_aB_m0,7,419,full,0.0006012990082109519,0.0031476064209567016,-0.6792135626934421,14,1,19,unmeasured; unity model only,UNKNOWN,RESEARCH_ONLY_MAGNITUDE_SURROGATE,14,19,-0.7505664391377488,0.45474203885967796,14,23,-0.7855911658685162,0.9051582072911774,14,31,-0.7331971552666728,0.9826053430992868
R4_aB_m0,7,421,full,0.00016332471149129685,0.003930863941075871,-0.9202163235009273,14,1,19,unmeasured; unity model only,UNKNOWN,RESEARCH_ONLY_MAGNITUDE_SURROGATE,14,19,-0.9543205443148105,0.4556524301765678,14,23,-0.9489205721362698,0.9056862197271756,14,31,-0.8794534237660326,0.9826920700746365
R4_aB_m0,7,417,los,0.0011986835059975382,0.0022164340886618103,-0.29801333466696944,14,1,19,unmeasured; unity model only,UNKNOWN,RESEARCH_ONLY_MAGNITUDE_SURROGATE,14,19,-0.32645403108373827,0.47792578173617656,14,23,-0.342853947528346,0.9436528396116415,14,31,-0.34586820487163633,0.9879574152311965
R4_aB_m0,7,419,los,0.0005248047438224001,0.0029526246286552356,-0.6981651170396127,14,1,19,unmeasured; unity model only,UNKNOWN,RESEARCH_ONLY_MAGNITUDE_SURROGATE,14,19,-0.7183071855471493,0.47668922699201843,14,23,-0.730452595481315,0.9432732979983486,14,31,-0.7327279869808199,0.9880462842137822
R4_aB_m0,7,421,los,0.00013227580968771472,0.0036668604873475777,-0.9303653255130974,14,1,19,unmeasured; unity model only,UNKNOWN,RESEARCH_ONLY_MAGNITUDE_SURROGATE,14,19,-0.9395755198524982,0.47517305689900363,14,23,-0.9451008410024735,0.9427596940117446,14,31,-0.9460807562789727,0.9881342166053941
R4_aB_m0,8,471,full,0.0003507545918372768,0.0006789013993377101,-0.3186955743597143,20,1,24,unmeasured; unity model only,UNKNOWN,RESEARCH_ONLY_MAGNITUDE_SURROGATE,20,25,-0.34515731066171657,0.47107766196950174,20,29,-0.39278117249931,0.8858706442041078,20,37,-0.41804877144504055,0.9600931149256317
R4_aB_m0,8,473,full,0.0002499180834486482,0.0007915891794117562,-0.5200838393344065,20,1,25,unmeasured; unity model only,UNKNOWN,RESEARCH_ONLY_MAGNITUDE_SURROGATE,20,25,-0.5384655146515182,0.4631906669772523,20,29,-0.5709152403273418,0.8859191949824592,20,37,-0.5690330081952797,0.9622231825519726
R4_aB_m0,8,475,full,0.00015669388133289174,0.0008149097653599521,-0.677453081066033,20,1,24,unmeasured; unity model only,UNKNOWN,RESEARCH_ONLY_MAGNITUDE_SURROGATE,20,25,-0.6802365504132489,0.4532454073038108,20,29,-0.6882339515991168,0.8778831522115824,20,37,-0.6525720463835534,0.9626869010610658
R4_aB_m0,8,471,los,0.0001257672561055697,0.0002807647290702942,-0.3812675966878062,19,1,24,unmeasured; unity model only,UNKNOWN,RESEARCH_ONLY_MAGNITUDE_SURROGATE,19,24,-0.3887209816806008,0.38592077611841613,19,28,-0.3903931116333451,0.9174880630757752,19,36,-0.390319813486838,0.9950322105796564
R4_aB_m0,8,473,los,8.684328778621987e-05,0.0003183135919198755,-0.5713103139247355,19,1,24,unmeasured; unity model only,UNKNOWN,RESEARCH_ONLY_MAGNITUDE_SURROGATE,19,24,-0.5739346269559937,0.38282272387660615,19,28,-0.5729197952056598,0.9161687992162121,19,36,-0.5721657377985395,0.9951795736540812
R4_aB_m0,8,475,los,0.00013008787141533594,0.000803088031877785,-0.7211932477976258,20,1,24,unmeasured; unity model only,UNKNOWN,RESEARCH_ONLY_MAGNITUDE_SURROGATE,20,25,-0.7177986192385667,0.5302914992096388,20,29,-0.713681205162011,0.9498441224455846,20,37,-0.7126995094006059,0.9806128585832984
R4_aB_m0,9,525,full,0.00034446389389294007,9.10527876854554e-05,0.5818631453772897,28,0,33,unmeasured; unity model only,UNKNOWN,RESEARCH_ONLY_MAGNITUDE_SURROGATE,28,33,0.7794053148050625,0.4289533614275016,28,37,0.8671142645333169,0.8350618265605086,28,45,0.8714259193729466,0.8946849541864356
R4_aB_m0,9,527,full,0.000211582877472272,0.00013528998249380013,0.21994483796147707,28,0,33,unmeasured; unity model only,UNKNOWN,RESEARCH_ONLY_MAGNITUDE_SURROGATE,28,33,0.512938100770584,0.41138605486766805,28,37,0.6632377598499739,0.8199989346335066,28,45,0.6812761469804839,0.884944426117281
R4_aB_m0,9,529,full,0.000102998655773795,0.0001980613874825103,-0.3157600413542236,28,0,33,unmeasured; unity model only,UNKNOWN,RESEARCH_ONLY_MAGNITUDE_SURROGATE,28,33,0.04295824351412264,0.3976167093079743,28,37,0.2592872108761232,0.8028134490841612,28,45,0.29582847229907633,0.8744658143459973
R4_aB_m0,9,525,los,0.00010933215965142395,6.380718535604603e-05,0.2629383534598319,27,0,31,unmeasured; unity model only,UNKNOWN,RESEARCH_ONLY_MAGNITUDE_SURROGATE,27,32,0.21244754171362717,0.5152510518172727,27,36,0.18337339750731924,0.9486846826561368,27,44,0.17863754259921458,0.9830459654830852
R4_aB_m0,9,527,los,5.396655749711405e-05,8.393024253996315e-05,-0.2172906480410899,27,1,31,unmeasured; unity model only,UNKNOWN,RESEARCH_ONLY_MAGNITUDE_SURROGATE,27,32,-0.27373755625720875,0.5136203952305668,27,36,-0.30504119775668254,0.9486203385427029,27,44,-0.3099091599752688,0.983359509930706
R4_aB_m0,9,529,los,1.7487201724727492e-05,0.00011181324168811003,-0.7295105683606451,27,1,31,unmeasured; unity model only,UNKNOWN,RESEARCH_ONLY_MAGNITUDE_SURROGATE,27,32,-0.7629623661579368,0.5099042357126291,27,36,-0.780316350078875,0.9480592638815616,27,44,-0.7826531253140825,0.9838553988494868
R4_aB_m0,10,579,full,3.137241635685615e-05,0.00010994553341889942,-0.5560023845995764,35,1,40,unmeasured; unity model only,UNKNOWN,RESEARCH_ONLY_MAGNITUDE_SURROGATE,35,40,-0.7104295733110056,0.39503217752667974,35,44,-0.8147161312751258,0.7867555673586631,35,52,-0.803100215615907,0.8698151421906565
R4_aB_m0,10,581,full,1.966665048941565e-05,0.00012946413110151705,-0.7362496155440065,35,1,40,unmeasured; unity model only,UNKNOWN,RESEARCH_ONLY_MAGNITUDE_SURROGATE,35,40,-0.8534226485583161,0.4016085055195661,35,44,-0.9134627770451749,0.7974447119780692,35,52,-0.8841968209882229,0.874541074784945
R4_aB_m0,10,583,full,1.0793816288423613e-05,0.0001304423062290257,-0.8471521860550927,35,1,40,unmeasured; unity model only,UNKNOWN,RESEARCH_ONLY_MAGNITUDE_SURROGATE,35,40,-0.932271457715427,0.40287917961445113,35,44,-0.9554418636441654,0.7982744743756603,35,52,-0.9091381948117115,0.8727392618539129
R4_aB_m0,10,579,los,1.554707142547167e-05,3.797377642789322e-05,-0.41902746129630997,34,1,39,unmeasured; unity model only,UNKNOWN,RESEARCH_ONLY_MAGNITUDE_SURROGATE,34,39,-0.42597548504774946,0.4382097008247268,34,43,-0.42552087441545494,0.9341035176531337,34,51,-0.4247267588308109,0.9915192435466048
R4_aB_m0,10,581,los,1.0370200597765424e-05,4.59724578500885e-05,-0.6318881329547763,34,1,39,unmeasured; unity model only,UNKNOWN,RESEARCH_ONLY_MAGNITUDE_SURROGATE,34,39,-0.6416469579228025,0.43536574792623045,34,43,-0.6441789033510598,0.933340674929518,34,51,-0.6442450743159428,0.9917628765704756
R4_aB_m0,10,583,los,6.097142383519705e-06,4.698772627327175e-05,-0.770286993721716,34,1,39,unmeasured; unity model only,UNKNOWN,RESEARCH_ONLY_MAGNITUDE_SURROGATE,34,39,-0.7812861028428203,0.43310647875375735,34,43,-0.7845618637107251,0.9326400161743886,34,51,-0.78471304701307,0.991936902442851
R4_aB_m0,11,633,full,5.548972043998365e-05,3.415982224785118e-05,0.23792534298144133,43,0,47,unmeasured; unity model only,UNKNOWN,RESEARCH_ONLY_MAGNITUDE_SURROGATE,43,48,0.1912930529149707,0.4248508966449516,43,52,0.1330898964562378,0.8583105346597856,43,60,0.10798557121365597,0.9203937286219971
R4_aB_m0,11,635,full,2.9608003666110298e-05,3.7670328588351756e-05,-0.1198353861054091,43,1,48,unmeasured; unity model only,UNKNOWN,RESEARCH_ONLY_MAGNITUDE_SURROGATE,43,48,-0.1113541950142786,0.4038691444347834,43,52,-0.1405106817373839,0.8356329976924269,43,60,-0.1619480346752588,0.9061434042006733
R4_aB_m0,11,637,full,1.1816973372083998e-05,4.511140443613617e-05,-0.5848477041839162,43,1,48,unmeasured; unity model only,UNKNOWN,RESEARCH_ONLY_MAGNITUDE_SURROGATE,43,48,-0.5025568612797043,0.39259271379462957,43,52,-0.477127078471747,0.8135967943220316,43,60,-0.4810674179431182,0.8903992452146378
R4_aB_m0,11,633,los,1.1994341022133996e-05,9.259774480704897e-06,0.12866056651775726,42,0,46,unmeasured; unity model only,UNKNOWN,RESEARCH_ONLY_MAGNITUDE_SURROGATE,42,47,0.055014166849965705,0.464862926037147,42,51,0.012256699933736842,0.9401531414701916,42,59,0.004067490131919494,0.9890358163230241
R4_aB_m0,11,635,los,5.311822705557368e-06,1.1067739243482254e-05,-0.35140845376895874,42,1,47,unmeasured; unity model only,UNKNOWN,RESEARCH_ONLY_MAGNITUDE_SURROGATE,42,47,-0.41711806996192197,0.46041179052599024,42,51,-0.45080889975331756,0.9392359914254638,42,59,-0.4563918996514084,0.989512296273171
R4_aB_m0,11,637,los,1.4228568255574825e-06,1.4445264422654133e-05,-0.8206647399145828,42,1,47,unmeasured; unity model only,UNKNOWN,RESEARCH_ONLY_MAGNITUDE_SURROGATE,42,47,-0.8407152088883977,0.4565067727659573,42,51,-0.8468143301250005,0.9383288345387378,42,59,-0.8466013665145286,0.9899036034749784
R4_aB_m0,12,687,full,9.481759698636469e-06,2.6821276093272156e-05,-0.47763268322866803,50,1,55,unmeasured; unity model only,UNKNOWN,RESEARCH_ONLY_MAGNITUDE_SURROGATE,50,55,-0.486970986985633,0.34706032811539184,50,59,-0.4923327429624015,0.8129142533260076,50,67,-0.4945563318869065,0.8845280590135043
R4_aB_m0,12,689,full,5.048745921366963e-06,3.0125624145634912e-05,-0.7129304142902992,50,1,55,unmeasured; unity model only,UNKNOWN,RESEARCH_ONLY_MAGNITUDE_SURROGATE,50,55,-0.770306855327675,0.3584508970040172,50,59,-0.8020210823047028,0.7979603093167245,50,67,-0.8057516120337451,0.8589068733727365
R4_aB_m0,12,691,full,2.0919441240748525e-06,2.8832140730095665e-05,-0.8647045412053495,50,1,55,unmeasured; unity model only,UNKNOWN,RESEARCH_ONLY_MAGNITUDE_SURROGATE,50,55,-0.944458902358441,0.3471883580922032,50,59,-0.9707909997241982,0.765920586563119,50,67,-0.9601565384376511,0.8275170134035689
R4_aB_m0,12,687,los,4.287449215470684e-06,1.674894017384463e-05,-0.5923778424021433,50,1,54,unmeasured; unity model only,UNKNOWN,RESEARCH_ONLY_MAGNITUDE_SURROGATE,50,55,-0.5925255120308739,0.488998001137216,50,59,-0.5891952775921381,0.9449367399412649,50,67,-0.5881575311423968,0.9864430799707006
R4_aB_m0,12,689,los,2.404277751735152e-06,1.843562691514767e-05,-0.76926211610211,50,1,54,unmeasured; unity model only,UNKNOWN,RESEARCH_ONLY_MAGNITUDE_SURROGATE,50,55,-0.7785503276684921,0.4874844596323421,50,59,-0.7813724492063817,0.9447176519347343,50,67,-0.7815278567261795,0.9866590795731287
R4_aB_m0,12,691,los,1.0663401675496829e-06,1.7065428604321427e-05,-0.8823788036384007,50,1,55,unmeasured; unity model only,UNKNOWN,RESEARCH_ONLY_MAGNITUDE_SURROGATE,50,55,-0.893421433977142,0.48502280763358774,50,59,-0.8964448044043292,0.9441911558316816,50,67,-0.8963842145007579,0.9869333369371112
R4_aB_m0,13,742,full,2.448398025456517e-06,5.644733416599784e-06,-0.39494420843499145,46,1,51,unmeasured; unity model only,UNKNOWN,RESEARCH_ONLY_MAGNITUDE_SURROGATE,46,51,-0.417639739052344,0.29989316902729235,46,55,-0.27821882331038394,0.7247313978752175,46,63,-0.16803287487106794,0.8684010303831785
R4_aB_m0,13,744,full,8.987261232203626e-06,1.0972157324644344e-05,-0.0994465889267957,47,1,51,unmeasured; unity model only,UNKNOWN,RESEARCH_ONLY_MAGNITUDE_SURROGATE,47,52,-0.07922502313652875,0.3958793595824928,47,56,-0.007342564252762925,0.789039018174496,47,64,0.03506139799702726,0.8858967887424002
R4_aB_m0,13,746,full,1.2446262791747646e-05,7.899532205734425e-06,0.22347274149650623,47,0,52,unmeasured; unity model only,UNKNOWN,RESEARCH_ONLY_MAGNITUDE_SURROGATE,47,52,0.2291782140549551,0.3802601923905167,47,56,0.22832560111250455,0.7964151721198026,47,64,0.23709827744374853,0.8943253255952837
R4_aB_m0,13,742,los,7.377784272567817e-06,1.258099724318102e-05,-0.2606979272009924,47,1,51,unmeasured; unity model only,UNKNOWN,RESEARCH_ONLY_MAGNITUDE_SURROGATE,47,52,-0.19969378820043202,0.5008706640567626,47,56,-0.17234149146620475,0.94663240117082,47,64,-0.1688147217621097,0.9849229162867612
R4_aB_m0,13,744,los,1.0540353702913071e-05,9.716255276316612e-06,0.040682940932584344,47,0,52,unmeasured; unity model only,UNKNOWN,RESEARCH_ONLY_MAGNITUDE_SURROGATE,47,52,0.11332223305335976,0.4922455358600877,47,56,0.1450316589718019,0.9451333539395743,47,64,0.1491307971363499,0.985913810623546
R4_aB_m0,13,746,los,1.3566334176011846e-05,6.798229869493596e-06,0.33234712471107397,47,0,52,unmeasured; unity model only,UNKNOWN,RESEARCH_ONLY_MAGNITUDE_SURROGATE,47,52,0.41021047669243443,0.4882541301744147,47,56,0.4445052618583106,0.944498081408189,47,64,0.44915657312708274,0.9863934789339978
R4_aB_m0,14,760,full,2.3190071571298682e-05,5.233201599349076e-05,-0.38587313144901575,37,1,42,unmeasured; unity model only,UNKNOWN,RESEARCH_ONLY_MAGNITUDE_SURROGATE,37,42,-0.5328706341521042,0.3921523583559976,37,46,-0.6675060067266394,0.787247012923988,37,54,-0.69599937262009,0.8703927530447707
R4_aB_m0,14,762,full,1.1207610462718136e-05,6.383381691706904e-05,-0.701295381656427,37,1,42,unmeasured; unity model only,UNKNOWN,RESEARCH_ONLY_MAGNITUDE_SURROGATE,37,42,-0.8365470119556199,0.3981495640486189,37,46,-0.8934527211887697,0.7761894054583628,37,54,-0.8813296882792885,0.8565445928481576
R4_aB_m0,14,764,full,2.051112586273049e-06,3.054442692593442e-05,-0.8741476522881371,36,1,41,unmeasured; unity model only,UNKNOWN,RESEARCH_ONLY_MAGNITUDE_SURROGATE,36,41,-0.9537397870542734,0.27781405459993613,36,45,-0.8822217605650806,0.719427365229515,36,53,-0.7926484972791294,0.8697647044884375
R4_aB_m0,14,760,los,1.0278702248617647e-05,2.2022304529570405e-05,-0.3635676857256003,36,1,41,unmeasured; unity model only,UNKNOWN,RESEARCH_ONLY_MAGNITUDE_SURROGATE,36,41,-0.41739935796698296,0.4198823279440136,36,45,-0.43925447605135387,0.928403893978298,36,53,-0.4426065428579154,0.992822147713281
R4_aB_m0,14,762,los,5.598950366491721e-06,2.755967340232234e-05,-0.6622929585058607,36,1,41,unmeasured; unity model only,UNKNOWN,RESEARCH_ONLY_MAGNITUDE_SURROGATE,36,41,-0.7011129150679024,0.42235765563514927,36,45,-0.7157666336531738,0.9291216804855362,36,53,-0.7176964978557513,0.9926444029736134
R4_aB_m0,14,764,los,1.9286616733929136e-06,3.1722386011785665e-05,-0.8853728602190069,36,1,41,unmeasured; unity model only,UNKNOWN,RESEARCH_ONLY_MAGNITUDE_SURROGATE,36,41,-0.8999138363958259,0.4281471107440062,36,45,-0.9024575904992483,0.9308092018798634,36,53,-0.901855425701083,0.9922288167509032
R4_aB_m0,15,778,full,4.49211744904039e-05,5.3821903821658065e-05,-0.09014028611833234,26,0,31,unmeasured; unity model only,UNKNOWN,RESEARCH_ONLY_MAGNITUDE_SURROGATE,26,31,0.023615864860854513,0.3362949080170191,26,35,0.10827595472829987,0.6709748048078203,26,43,0.2626495803887851,0.863907570658578
R4_aB_m0,15,780,full,6.150647629309122e-05,4.174798291866289e-05,0.1913572888305738,26,0,31,unmeasured; unity model only,UNKNOWN,RESEARCH_ONLY_MAGNITUDE_SURROGATE,26,31,0.2958738867098424,0.34955196027595187,26,35,0.3598811750285088,0.7135998148641045,26,43,0.45121519471343097,0.8632321605403401
R4_aB_m0,15,782,full,7.627295173820419e-05,3.2782248411259044e-05,0.39879531895168596,26,0,31,unmeasured; unity model only,UNKNOWN,RESEARCH_ONLY_MAGNITUDE_SURROGATE,26,31,0.48013186300221,0.35692611529119284,26,35,0.5278689296341887,0.7406724184569411,26,43,0.580479383064259,0.8619082475938477
R4_aB_m0,15,778,los,3.953372301161311e-05,5.586276990042283e-05,-0.17117030606006187,26,1,31,unmeasured; unity model only,UNKNOWN,RESEARCH_ONLY_MAGNITUDE_SURROGATE,26,31,-0.07443149701046803,0.41843475062400515,26,35,-0.027939618298490027,0.9282469924680303,26,43,-0.01926404495990212,0.9929710198335436
R4_aB_m0,15,780,los,5.6424700992718733e-05,4.410429728836774e-05,0.12255571939453966,26,0,31,unmeasured; unity model only,UNKNOWN,RESEARCH_ONLY_MAGNITUDE_SURROGATE,26,31,0.22679835076227775,0.4134407251866795,26,35,0.27594317370653987,0.9265664275819194,26,43,0.28516337894231564,0.9932790238868893
R4_aB_m0,15,782,los,7.214342870668276e-05,3.511778907470012e-05,0.34519130397575165,26,0,31,unmeasured; unity model only,UNKNOWN,RESEARCH_ONLY_MAGNITUDE_SURROGATE,26,31,0.43867465463407596,0.41256978869382144,26,35,0.4816250190423941,0.9262918376653944,26,43,0.48953114441401846,0.9933362554683224
R4_aB_m0,16,796,full,0.00041753369521836876,0.0007952350093311325,-0.3114372202183976,18,0,24,unmeasured; unity model only,UNKNOWN,RESEARCH_ONLY_MAGNITUDE_SURROGATE,18,23,-0.12662681555034505,0.3732997293623643,18,27,0.09812772508628606,0.8322029792120059,18,35,0.20349491858366883,0.9672275475088835
R4_aB_m0,16,798,full,0.0006531707953446706,0.0006278487956097439,0.019767066728511726,18,0,24,unmeasured; unity model only,UNKNOWN,RESEARCH_ONLY_MAGNITUDE_SURROGATE,18,23,0.2139094916850745,0.37487884287277645,18,27,0.4124678118532934,0.8393232211363321,18,35,0.48032733843069053,0.9687383546193157
R4_aB_m0,16,800,full,0.000883318842903285,0.00047680901648378,0.2988761855100127,18,0,23,unmeasured; unity model only,UNKNOWN,RESEARCH_ONLY_MAGNITUDE_SURROGATE,18,23,0.47558083738529844,0.38060534967114223,18,27,0.634433800608051,0.8484240068640895,18,35,0.6684255071887386,0.9699340191670365
R4_aB_m0,16,796,los,0.000490568369802087,0.0007414030527988048,-0.2036043031478482,18,1,22,unmeasured; unity model only,UNKNOWN,RESEARCH_ONLY_MAGNITUDE_SURROGATE,18,23,-0.16285244346533545,0.5069348833267586,18,27,-0.14260361845021785,0.9481257648096495,18,35,-0.139657483801937,0.9843861275214457
R4_aB_m0,16,798,los,0.0007332665201920159,0.0005703632489182916,0.12496130046562327,18,0,22,unmeasured; unity model only,UNKNOWN,RESEARCH_ONLY_MAGNITUDE_SURROGATE,18,23,0.18204140317781986,0.5009470348057069,18,27,0.21077340461474817,0.9469606279802031,18,35,0.2151051356949233,0.9850273686287675
R4_aB_m0,16,800,los,0.0009611683545885008,0.00042075326557976234,0.39106059353998485,18,0,23,unmeasured; unity model only,UNKNOWN,RESEARCH_ONLY_MAGNITUDE_SURROGATE,18,23,0.4483400218995273,0.4959127443654012,18,27,0.476546561879187,0.9459743103047642,18,35,0.480780241694098,0.9855669611787974
R4_aB_m0,17,814,full,0.0031254596569069365,0.006543983610306972,-0.3535388604007009,12,1,17,unmeasured; unity model only,UNKNOWN,RESEARCH_ONLY_MAGNITUDE_SURROGATE,12,17,-0.35686396531217196,0.46265767509770545,12,21,-0.35271962325605455,0.9253881449284475,12,29,-0.34482443793934175,0.9809133820448149
R4_aB_m0,17,816,full,0.0018392998347380488,0.008035963189474648,-0.6274934996205458,12,1,17,unmeasured; unity model only,UNKNOWN,RESEARCH_ONLY_MAGNITUDE_SURROGATE,12,17,-0.62783613923488,0.46410205088089895,12,21,-0.618406851926562,0.9257082995865368,12,29,-0.6048498462282266,0.9808323828490602
R4_aB_m0,17,818,full,0.0008402677273200826,0.009126342517857806,-0.8313834480029704,12,1,17,unmeasured; unity model only,UNKNOWN,RESEARCH_ONLY_MAGNITUDE_SURROGATE,12,17,-0.831597941907343,0.4684495042493192,12,21,-0.8210390431457546,0.9280786197683074,12,29,-0.805096026197586,0.9804868607167179
R4_aB_m0,17,814,los,0.0032810919446192785,0.00658274416808629,-0.3347229400146021,12,1,17,unmeasured; unity model only,UNKNOWN,RESEARCH_ONLY_MAGNITUDE_SURROGATE,12,17,-0.33187453866507244,0.4737044429088489,12,21,-0.32854771333452937,0.942308470128695,12,29,-0.3276533626412591,0.9882200688335233
R4_aB_m0,17,816,los,0.0019504740634171231,0.008124958695843822,-0.6128257495194291,12,1,17,unmeasured; unity model only,UNKNOWN,RESEARCH_ONLY_MAGNITUDE_SURROGATE,12,17,-0.6081096566737761,0.47466557879528953,12,21,-0.6036645426389493,0.9425118868117048,12,29,-0.602537295943579,0.9881255349867266
R4_aB_m0,17,818,los,0.000903403423829943,0.009266893048594191,-0.8223447219499567,12,1,17,unmeasured; unity model only,UNKNOWN,RESEARCH_ONLY_MAGNITUDE_SURROGATE,12,17,-0.8191046455120536,0.4765393824017627,12,21,-0.8156535075953272,0.9429354489264514,12,29,-0.814714637639598,0.987948095549616
R4_aB_m0,18,832,full,0.0017778511727892762,0.002249198260494167,-0.11704526987158917,12,1,17,unmeasured; unity model only,UNKNOWN,RESEARCH_ONLY_MAGNITUDE_SURROGATE,12,17,-0.16355856390981946,0.39657695400306486,12,21,-0.224188376001786,0.9138145629271929,12,29,-0.2387434787001667,0.991998031737621
R4_aB_m0,18,834,full,0.002715310915084305,0.001512553649317454,0.28448339520947746,12,0,17,unmeasured; unity model only,UNKNOWN,RESEARCH_ONLY_MAGNITUDE_SURROGATE,12,17,0.2391551346134904,0.3922610111278304,12,21,0.17555264052692127,0.9069313797585159,12,29,0.15451686164738718,0.9920572724908153
R4_aB_m0,18,836,full,0.0036076466072070376,0.0008666342470299024,0.612615177605921,12,0,17,unmeasured; unity model only,UNKNOWN,RESEARCH_ONLY_MAGNITUDE_SURROGATE,12,17,0.5737665994823078,0.38986905061157107,12,21,0.5142922109566191,0.9024199790134124,12,29,0.48675536519319995,0.9920869140844274
R4_aB_m0,18,832,los,0.0017943376013798327,0.002324086503820487,-0.1286290311315297,12,1,17,unmeasured; unity model only,UNKNOWN,RESEARCH_ONLY_MAGNITUDE_SURROGATE,12,17,-0.16148010439434488,0.3964410978204191,12,21,-0.17965853975569615,0.9218521279226328,12,29,-0.18387189644484556,0.9945338816724586
R4_aB_m0,18,834,los,0.0027505416744389604,0.0015731414640669263,0.27231417582068757,12,0,17,unmeasured; unity model only,UNKNOWN,RESEARCH_ONLY_MAGNITUDE_SURROGATE,12,17,0.24032549229409997,0.39612999825243805,12,21,0.22334745249403076,0.9216969745020934,12,29,0.21954165844502518,0.9945405985874649
R4_aB_m0,18,836,los,0.0036640620568605844,0.0009111279621838675,0.601709236822404,12,0,17,unmeasured; unity model only,UNKNOWN,RESEARCH_ONLY_MAGNITUDE_SURROGATE,12,17,0.5739044001979572,0.3954525928998102,12,21,0.5594256928505634,0.921335803383119,12,29,0.5562429149257617,0.9945561327006712
R4_aB_m0,19,850,full,0.00014430085850166915,0.00037681680945066815,-0.4461870422905436,19,1,24,unmeasured; unity model only,UNKNOWN,RESEARCH_ONLY_MAGNITUDE_SURROGATE,19,24,-0.41964074787454664,0.4355132929116282,19,28,-0.4422214391766504,0.8945211264472314,19,36,-0.4435807959961473,0.9668541633289488
R4_aB_m0,19,852,full,9.330961356020004e-05,0.00040794676542780806,-0.6276970529588717,19,1,24,unmeasured; unity model only,UNKNOWN,RESEARCH_ONLY_MAGNITUDE_SURROGATE,19,24,-0.5789837875799161,0.4452888246983889,19,28,-0.5766684527920996,0.9035120971724399,19,36,-0.5621779136797621,0.9654091698973342
R4_aB_m0,19,854,full,4.844628635052862e-05,0.0003948066707581324,-0.7814056936402918,19,1,24,unmeasured; unity model only,UNKNOWN,RESEARCH_ONLY_MAGNITUDE_SURROGATE,19,24,-0.721939067762335,0.4574984639938201,19,28,-0.7056369287338734,0.9066824378831646,19,36,-0.673931896854816,0.9611830204840922
R4_aB_m0,19,850,los,0.00013138572863533862,0.0003893704483745177,-0.4954040511252471,19,1,24,unmeasured; unity model only,UNKNOWN,RESEARCH_ONLY_MAGNITUDE_SURROGATE,19,24,-0.5000202423543721,0.41172619453002723,19,28,-0.5003476749820548,0.9264340406512297,19,36,-0.5000048630563522,0.9934998755495505
R4_aB_m0,19,852,los,8.222423791255584e-05,0.0004122139842937681,-0.6674033914868155,19,1,24,unmeasured; unity model only,UNKNOWN,RESEARCH_ONLY_MAGNITUDE_SURROGATE,19,24,-0.6666227054717877,0.4091796219141944,19,28,-0.663594230413021,0.925488353262297,19,36,-0.6623743100882843,0.9936502566123123
R4_aB_m0,19,854,los,4.018542874408236e-05,0.00039047166571633496,-0.8133762138787851,19,1,24,unmeasured; unity model only,UNKNOWN,RESEARCH_ONLY_MAGNITUDE_SURROGATE,19,24,-0.8096267941433061,0.40810952501464665,19,28,-0.8041372272178552,0.9250800996318649,19,36,-0.8020902815468167,0.9937163656511586
R4_aB_m0,20,868,full,3.50798210194027e-05,0.00017656832665546333,-0.6685081215707842,29,1,34,unmeasured; unity model only,UNKNOWN,RESEARCH_ONLY_MAGNITUDE_SURROGATE,29,34,-0.5910152699402539,0.40123244662226165,29,38,-0.5279872022565093,0.8237367960216455,29,46,-0.5166045371663954,0.9011773518097417
R4_aB_m0,20,870,full,1.87967083611155e-05,0.00018637233476560274,-0.8167685721524167,29,1,34,unmeasured; unity model only,UNKNOWN,RESEARCH_ONLY_MAGNITUDE_SURROGATE,29,34,-0.7494644140327901,0.39270866499542567,29,38,-0.6903075151361717,0.8252832285078667,29,46,-0.675802593817662,0.9074546589068648
R4_aB_m0,20,872,full,6.8812912162310104e-06,0.00016902487293793706,-0.921761795565048,29,1,34,unmeasured; unity model only,UNKNOWN,RESEARCH_ONLY_MAGNITUDE_SURROGATE,29,34,-0.8578316252924434,0.3730943310066735,29,38,-0.79324523968342,0.813503437865026,29,46,-0.7737099044418091,0.9078053664811409
R4_aB_m0,20,868,los,4.029955396959162e-05,0.00018237429649274348,-0.6380396361232527,29,1,33,unmeasured; unity model only,UNKNOWN,RESEARCH_ONLY_MAGNITUDE_SURROGATE,29,34,-0.6473257270529258,0.5316312225454991,29,38,-0.6496510225416455,0.9496571425433658,29,46,-0.6496706633683486,0.9802157813677262
R4_aB_m0,20,870,los,2.1875308090797252e-05,0.00019509261031491935,-0.7983544456568755,29,1,33,unmeasured; unity model only,UNKNOWN,RESEARCH_ONLY_MAGNITUDE_SURROGATE,29,34,-0.804701733759946,0.5286239645304518,29,38,-0.8060363619278932,0.9494051551606197,29,46,-0.8059605434736586,0.9807228403556421
R4_aB_m0,20,872,los,8.349184291421461e-06,0.0001789105057528176,-0.91082774632972,29,1,33,unmeasured; unity model only,UNKNOWN,RESEARCH_ONLY_MAGNITUDE_SURROGATE,29,34,-0.9130807773014147,0.5261822834466306,29,38,-0.9120437372220644,0.9491874496319993,29,46,-0.9115021372219929,0.9811342704774652
R4_aB_m0,21,886,full,5.456718128663345e-05,1.6193687818561143e-05,0.5422982215075038,39,0,44,unmeasured; unity model only,UNKNOWN,RESEARCH_ONLY_MAGNITUDE_SURROGATE,39,44,0.7604033535268218,0.28936478147537326,39,48,0.8689908263320213,0.6708504569057981,39,56,0.8749992666405934,0.7641861689336121
R4_aB_m0,21,888,full,7.078245959044388e-05,1.0750479869324565e-05,0.7362911250212125,39,0,44,unmeasured; unity model only,UNKNOWN,RESEARCH_ONLY_MAGNITUDE_SURROGATE,39,44,0.8929773444936229,0.3048792321737036,39,48,0.9398065174407881,0.6749574158290301,39,56,0.926626038058367,0.7601575208902102
R4_aB_m0,21,890,full,7.815787257892305e-05,6.2046856725622755e-06,0.8529042788373944,39,0,44,unmeasured; unity model only,UNKNOWN,RESEARCH_ONLY_MAGNITUDE_SURROGATE,39,44,0.9400078850456579,0.31030694103036494,39,48,0.9208718926796032,0.6645995969279078,39,56,0.8921352312297394,0.7433597717502467
R4_aB_m0,21,886,los,2.0664061889413744e-05,8.258609168028896e-06,0.4289179480258469,38,0,43,unmeasured; unity model only,UNKNOWN,RESEARCH_ONLY_MAGNITUDE_SURROGATE,38,43,0.38604938651447784,0.41933856077734294,38,47,0.35790091905849586,0.9285091496834567,38,55,0.351081179042894,0.9929158582392118
R4_aB_m0,21,888,los,2.8612368293240607e-05,5.8638228743242445e-06,0.6598334864878624,38,0,43,unmeasured; unity model only,UNKNOWN,RESEARCH_ONLY_MAGNITUDE_SURROGATE,38,43,0.6457201460937714,0.4196013255038004,38,47,0.6329101729640658,0.928511416594864,38,55,0.6294116851998666,0.9928617302135653
R4_aB_m0,21,890,los,3.29696126474878e-05,3.3686049043002116e-06,0.8145971304454112,38,0,43,unmeasured; unity model only,UNKNOWN,RESEARCH_ONLY_MAGNITUDE_SURROGATE,38,43,0.8248355193931612,0.41913863148378194,38,47,0.8238935471293684,0.92819348153603,38,55,0.8228103461373293,0.9928306812182882
R4_aB_m0,22,904,full,1.1712730314337529e-06,5.0772529892233136e-06,-0.625104215758523,47,1,52,unmeasured; unity model only,UNKNOWN,RESEARCH_ONLY_MAGNITUDE_SURROGATE,47,52,-0.4393448535811144,0.16033141124553613,47,56,-0.20263030464151033,0.4080653638488946,47,64,-0.17576830277209596,0.5108269505856595
R4_aB_m0,22,906,full,1.9316158047468535e-06,1.5128063060027037e-05,-0.7735460532336984,48,1,52,unmeasured; unity model only,UNKNOWN,RESEARCH_ONLY_MAGNITUDE_SURROGATE,48,53,-0.692737919857049,0.22061502312906853,48,57,-0.607760022547794,0.40560440991891133,48,65,-0.5783026651256851,0.4731164725406166
R4_aB_m0,22,908,full,7.936738178049695e-07,1.352900794654721e-05,-0.8891724565464619,48,1,52,unmeasured; unity model only,UNKNOWN,RESEARCH_ONLY_MAGNITUDE_SURROGATE,48,53,-0.8008278626136632,0.19200787349397205,48,57,-0.6261916856944041,0.3911631027213189,48,65,-0.49158682014133454,0.48484876188131754
R4_aB_m0,22,904,los,2.7980979444222147e-06,1.279858414784477e-05,-0.6411931809766714,48,1,53,unmeasured; unity model only,UNKNOWN,RESEARCH_ONLY_MAGNITUDE_SURROGATE,48,53,-0.6450165009365992,0.4192749233470093,48,57,-0.6432695040012862,0.9285570922208357,48,65,-0.6422767201364514,0.9929342245571359
R4_aB_m0,22,906,los,1.4456059249210595e-06,1.352109026566871e-05,-0.8068236427716123,48,1,53,unmeasured; unity model only,UNKNOWN,RESEARCH_ONLY_MAGNITUDE_SURROGATE,48,53,-0.8188375324091101,0.41729690665170077,48,57,-0.8226100876065303,0.9279385935112385,48,65,-0.8229097305167209,0.9930867820316293
R4_aB_m0,22,908,los,5.422286608726367e-07,1.1894233194382151e-05,-0.912800173042218,48,1,53,unmeasured; unity model only,UNKNOWN,RESEARCH_ONLY_MAGNITUDE_SURROGATE,48,53,-0.9234981245958843,0.41424988448153444,48,57,-0.9252421078330659,0.9268391403329873,48,65,-0.9246621871000805,0.9932793138175219
R5_aA_m0,0,440,full,3.237707738929848e-07,1.2516370930714155e-05,-0.9495689718475905,97,1,102,unmeasured; unity model only,UNKNOWN,RESEARCH_ONLY_MAGNITUDE_SURROGATE,97,102,-0.8738586795609131,0.3044331382086234,97,106,-0.7903309821926473,0.7280860180531461,97,114,-0.6995448311178573,0.8923812517968701
R5_aA_m0,0,442,full,2.2117697438648854e-07,8.733938241189281e-06,-0.9506032096601522,97,1,102,unmeasured; unity model only,UNKNOWN,RESEARCH_ONLY_MAGNITUDE_SURROGATE,97,102,-0.7473172023111851,0.2784190965887099,97,106,-0.5658318959148345,0.7132957619777924,97,114,-0.49083561083095223,0.8879123442740455
R5_aA_m0,0,444,full,7.286663263756687e-07,7.169039225849074e-06,-0.8154739192143199,97,1,102,unmeasured; unity model only,UNKNOWN,RESEARCH_ONLY_MAGNITUDE_SURROGATE,97,102,-0.5908605110089414,0.2680711459777286,97,106,-0.3791885612822999,0.7185041927326656,97,114,-0.3425174517891811,0.8924235944707333
R5_aA_m0,0,440,los,8.390234250860657e-10,9.316804706098584e-07,-0.998200523569849,96,1,101,unmeasured; unity model only,UNKNOWN,RESEARCH_ONLY_MAGNITUDE_SURROGATE,96,101,-0.9956452366826869,0.38117198598293023,96,105,-0.9846975862408819,0.9148416460388293,96,113,-0.9795774682004806,0.9951821552309322
R5_aA_m0,0,442,los,8.8652505183248e-08,1.6241423487655995e-06,-0.8964820509836776,97,1,101,unmeasured; unity model only,UNKNOWN,RESEARCH_ONLY_MAGNITUDE_SURROGATE,97,102,-0.8887891470943424,0.5240895483224115,97,106,-0.8752800683510014,0.9485349527949748,97,114,-0.8713542038827365,0.9813127494098505
R5_aA_m0,0,444,los,4.301373173751932e-07,1.343117987781405e-06,-0.5148613782523468,97,1,101,unmeasured; unity model only,UNKNOWN,RESEARCH_ONLY_MAGNITUDE_SURROGATE,97,102,-0.554905380834138,0.5249014357576314,97,106,-0.5705610569975824,0.9483890535882237,97,114,-0.5716118660945054,0.9810108261031981
R5_aA_m0,1,469,full,3.887071037128732e-06,1.5607671638975658e-06,0.4270141269601073,97,0,102,unmeasured; unity model only,UNKNOWN,RESEARCH_ONLY_MAGNITUDE_SURROGATE,97,102,0.44630625735635576,0.25076757965515095,97,106,0.42040516205583967,0.6000982815576978,97,114,0.1977232360118611,0.8238054314845952
R5_aA_m0,1,471,full,3.014302138626184e-06,3.048489197913518e-06,-0.005638831585921963,97,0,103,unmeasured; unity model only,UNKNOWN,RESEARCH_ONLY_MAGNITUDE_SURROGATE,97,102,0.04755547285876594,0.24204432249617014,97,106,0.10402021349605574,0.6305918556760135,97,114,-0.0197351600775569,0.8673987138274751
R5_aA_m0,1,473,full,8.047734906094477e-06,9.528735069002672e-06,-0.08426038704054448,98,0,103,unmeasured; unity model only,UNKNOWN,RESEARCH_ONLY_MAGNITUDE_SURROGATE,98,103,0.028495306565344894,0.35958740910550846,98,107,0.09538298143529961,0.7410876979827927,98,115,0.009868174720065067,0.8962449711577176
R5_aA_m0,1,469,los,1.1617042014828604e-06,4.059273801405899e-07,0.4821138016112068,96,0,101,unmeasured; unity model only,UNKNOWN,RESEARCH_ONLY_MAGNITUDE_SURROGATE,96,101,0.6540957110053246,0.4334140656522391,96,105,0.722882866149679,0.9305123017450934,96,113,0.7318242579274269,0.9912035637840355
R5_aA_m0,1,471,los,8.63335541531954e-07,7.318297502414981e-07,0.08244022858863237,96,0,101,unmeasured; unity model only,UNKNOWN,RESEARCH_ONLY_MAGNITUDE_SURROGATE,96,101,0.2755203667575897,0.4430086782668017,96,105,0.3670474459008366,0.9328111817265524,96,113,0.3814809607354261,0.9903816341629861
R5_aA_m0,1,473,los,7.876824818293562e-07,1.125940577288903e-06,-0.17676317906380487,96,0,101,unmeasured; unity model only,UNKNOWN,RESEARCH_ONLY_MAGNITUDE_SURROGATE,96,101,-0.009111483715610153,0.444840348185498,96,105,0.08126524614115932,0.9334027098581816,96,113,0.09805692495335204,0.9903178265809496
R5_aA_m0,2,927,full,4.093546678140481e-05,0.00023023162286705563,-0.6980793883618154,20,1,25,unmeasured; unity model only,UNKNOWN,RESEARCH_ONLY_MAGNITUDE_SURROGATE,20,25,-0.6385674759917285,0.3313554466661377,20,29,-0.42046774530362674,0.7829683289706173,20,37,-0.2316866822070517,0.9511039383168425
R5_aA_m0,2,929,full,7.075830634192464e-05,0.00023610182487520518,-0.5388237236211237,20,1,25,unmeasured; unity model only,UNKNOWN,RESEARCH_ONLY_MAGNITUDE_SURROGATE,20,25,-0.49007935855374407,0.35092751351890183,20,29,-0.2854649706288884,0.8007048008508255,20,37,-0.1511851582021079,0.9544928630993373
R5_aA_m0,2,931,full,0.00010283004900641376,0.00021353127844964945,-0.34992023308730763,20,1,24,unmeasured; unity model only,UNKNOWN,RESEARCH_ONLY_MAGNITUDE_SURROGATE,20,25,-0.3069667702707322,0.36430491788789127,20,29,-0.10589784854363989,0.8115613441847228,20,37,-0.01865049246584107,0.9573292143997424
R5_aA_m0,2,927,los,4.215468746794336e-05,0.00022445832522465726,-0.6837762190058828,20,1,25,unmeasured; unity model only,UNKNOWN,RESEARCH_ONLY_MAGNITUDE_SURROGATE,20,25,-0.7323954990662552,0.3906447592346923,20,29,-0.7491172134205105,0.9180379077226977,20,37,-0.751075983552712,0.9945454765978096
R5_aA_m0,2,929,los,7.26334291120397e-05,0.00022791739717596514,-0.5166645854273032,20,1,25,unmeasured; unity model only,UNKNOWN,RESEARCH_ONLY_MAGNITUDE_SURROGATE,20,25,-0.5816154902227644,0.3890802865769327,20,29,-0.608180991029767,0.9174623032811867,20,37,-0.6126584432014998,0.9946308341042831
R5_aA_m0,2,931,los,0.00024328205340474346,0.0005147533638450644,-0.3581248372605505,21,1,25,unmeasured; unity model only,UNKNOWN,RESEARCH_ONLY_MAGNITUDE_SURROGATE,21,26,-0.4178749989406299,0.5363299133821556,21,30,-0.4448882208426665,0.9493589236155371,21,38,-0.44805026696741634,0.9790315339087262
R5_aA_m0,3,956,full,0.0006470851157824,0.0001617991906092938,0.5999447898029951,21,0,25,unmeasured; unity model only,UNKNOWN,RESEARCH_ONLY_MAGNITUDE_SURROGATE,21,26,0.6291059947826791,0.46169375818806285,21,30,0.6510677014742232,0.8682830242823274,21,38,0.6397123395908008,0.9270052594724956
R5_aA_m0,3,958,full,0.0006173280965039757,0.0002210382059207888,0.4726930095317735,21,0,25,unmeasured; unity model only,UNKNOWN,RESEARCH_ONLY_MAGNITUDE_SURROGATE,21,26,0.5227582982047703,0.46180538856547465,21,30,0.5480225627251186,0.8691912164120762,21,38,0.5391989009341214,0.9311627944074616
R5_aA_m0,3,960,full,0.0005441278212223135,0.00027389134366528813,0.3303547021348292,21,0,25,unmeasured; unity model only,UNKNOWN,RESEARCH_ONLY_MAGNITUDE_SURROGATE,21,26,0.39304547026995834,0.4569247347053815,21,30,0.41491364384158497,0.8637268471657678,21,38,0.4087850467887102,0.931440751652811
R5_aA_m0,3,956,los,0.0002544611291728635,5.983668330324521e-05,0.6192357634828037,20,0,25,unmeasured; unity model only,UNKNOWN,RESEARCH_ONLY_MAGNITUDE_SURROGATE,20,25,0.6541795371139076,0.40816027578833036,20,29,0.6656389773181516,0.9251171453668341,20,37,0.6666318258138645,0.9936966482029875
R5_aA_m0,3,958,los,0.00024049383244282533,8.451837709636601e-05,0.4799064489534235,20,0,25,unmeasured; unity model only,UNKNOWN,RESEARCH_ONLY_MAGNITUDE_SURROGATE,20,25,0.535973366306514,0.40395061569638324,20,29,0.5594763509196014,0.9236938950744187,20,37,0.5633799147259645,0.9939496828501843
R5_aA_m0,3,960,los,0.00021003993024172916,0.00010665420151064308,0.32645293475764464,20,0,25,unmeasured; unity model only,UNKNOWN,RESEARCH_ONLY_MAGNITUDE_SURROGATE,20,25,0.40443467156748913,0.4015343328469914,20,29,0.44020100291860964,0.9228617878587487,20,37,0.44700051805862345,0.9940908886262662
R5_aA_m0,4,1415,full,0.0002628275156515357,0.005406161515113052,-0.9072753486643852,12,1,17,unmeasured; unity model only,UNKNOWN,RESEARCH_ONLY_MAGNITUDE_SURROGATE,12,17,-0.9411828661777966,0.39999864540276364,12,21,-0.9624359417632689,0.9144455980045648,12,29,-0.9571591596960738,0.98998846612943
R5_aA_m0,4,1417,full,0.000538136319826094,0.0051008428889391675,-0.809136973234584,12,1,17,unmeasured; unity model only,UNKNOWN,RESEARCH_ONLY_MAGNITUDE_SURROGATE,12,17,-0.8491163302055746,0.3974946964930269,12,21,-0.8726612198074685,0.9111950214053852,12,29,-0.8672669490227116,0.9904044906154922
R5_aA_m0,4,1419,full,0.0010716998870934553,0.004516467766141484,-0.6164396082594057,12,1,17,unmeasured; unity model only,UNKNOWN,RESEARCH_ONLY_MAGNITUDE_SURROGATE,12,17,-0.6566057296257061,0.39823306859172436,12,21,-0.684545915597339,0.910565277010978,12,29,-0.6830614674043105,0.990749936191914
R5_aA_m0,4,1415,los,0.00022976060540198746,0.0054817536264396595,-0.9195447665625787,12,1,17,unmeasured; unity model only,UNKNOWN,RESEARCH_ONLY_MAGNITUDE_SURROGATE,12,17,-0.9356900622740214,0.40405410393707847,12,21,-0.9430799991717369,0.9237930870705738,12,29,-0.944350786238953,0.9939654673319843
R5_aA_m0,4,1417,los,0.0005027996824643323,0.005189501323014252,-0.823340444582811,12,1,17,unmeasured; unity model only,UNKNOWN,RESEARCH_ONLY_MAGNITUDE_SURROGATE,12,17,-0.8481201830595482,0.4074671883855065,12,21,-0.8613298585370919,0.9251408650831772,12,29,-0.8640959858534588,0.9937907424220764
R5_aA_m0,4,1419,los,0.0010359427738634833,0.00460862238841713,-0.6329415130908245,12,1,17,unmeasured; unity model only,UNKNOWN,RESEARCH_ONLY_MAGNITUDE_SURROGATE,12,17,-0.6583814463479952,0.41079369114206693,12,21,-0.6731660850253597,0.9264731363477585,12,29,-0.6765219062565411,0.9936230402385289
R5_aA_m0,5,1433,full,0.00019033871314155863,0.002184960739049054,-0.8397349749177776,13,1,18,unmeasured; unity model only,UNKNOWN,RESEARCH_ONLY_MAGNITUDE_SURROGATE,13,18,-0.8836226046195071,0.3997907645467813,13,22,-0.9076987506040346,0.8961355570916814,13,30,-0.8593183945333124,0.9883713402456326
R5_aA_m0,5,1435,full,0.0005044351434366875,0.0019024583444539962,-0.580841324325692,13,1,18,unmeasured; unity model only,UNKNOWN,RESEARCH_ONLY_MAGNITUDE_SURROGATE,13,18,-0.6498709163124253,0.4048453234785365,13,22,-0.708893338811043,0.9019368467801081,13,30,-0.6889992199156744,0.9888079200349973
R5_aA_m0,5,1437,full,0.000980512799540732,0.0015659171726999268,-0.22989219398956603,13,1,18,unmeasured; unity model only,UNKNOWN,RESEARCH_ONLY_MAGNITUDE_SURROGATE,13,18,-0.3070780703389982,0.4084247686771174,13,22,-0.38352886723222906,0.908002530388031,13,30,-0.390100756619353,0.9894063497841129
R5_aA_m0,5,1433,los,0.0001759950480875514,0.0022043089925168685,-0.8521238925067223,13,1,18,unmeasured; unity model only,UNKNOWN,RESEARCH_ONLY_MAGNITUDE_SURROGATE,13,18,-0.8807571315826919,0.4022020939539702,13,22,-0.8947911115938213,0.9237178302112982,13,30,-0.8974524115341885,0.9941859097162455
R5_aA_m0,5,1435,los,0.00046841877004039155,0.0019362338218785052,-0.6104062835400297,13,1,18,unmeasured; unity model only,UNKNOWN,RESEARCH_ONLY_MAGNITUDE_SURROGATE,13,18,-0.6541240139420161,0.4037288677644511,13,22,-0.6773430430261818,0.9244583690621251,13,30,-0.6823224515654623,0.994127514322316
R5_aA_m0,5,1437,los,0.0009278033475969725,0.0016099485740923162,-0.268799018795054,13,1,18,unmeasured; unity model only,UNKNOWN,RESEARCH_ONLY_MAGNITUDE_SURROGATE,13,18,-0.3167946300397713,0.4038083806788149,13,22,-0.3424615389600196,0.9245806006099612,13,30,-0.34808536273257557,0.9941325698517239
R5_aA_m0,6,1451,full,7.451854025476398e-06,0.00027991715238678166,-0.9481373853185406,23,1,28,unmeasured; unity model only,UNKNOWN,RESEARCH_ONLY_MAGNITUDE_SURROGATE,23,28,-0.9777472069171789,0.3743971255234183,23,32,-0.9537434752568467,0.7377861050866472,23,40,-0.7848585010676018,0.8545816238280963
R5_aA_m0,6,1453,full,4.97763019580862e-05,0.0002335972259375469,-0.6486877068035877,23,1,28,unmeasured; unity model only,UNKNOWN,RESEARCH_ONLY_MAGNITUDE_SURROGATE,23,28,-0.7317378753318967,0.3801537185590738,23,32,-0.8250694813874441,0.7458923041725484,23,40,-0.70556625088638,0.8597647965542079
R5_aA_m0,6,1455,full,0.00013998514333296634,0.00019486339630095907,-0.16388977842934185,23,1,28,unmeasured; unity model only,UNKNOWN,RESEARCH_ONLY_MAGNITUDE_SURROGATE,23,28,-0.27762038565465536,0.3914205021163138,23,32,-0.45033173687067524,0.7675678205941135,23,40,-0.41817480487860786,0.8806710020515021
R5_aA_m0,6,1451,los,1.0799103980718192e-05,0.0002731780296701397,-0.923943848281845,23,1,27,unmeasured; unity model only,UNKNOWN,RESEARCH_ONLY_MAGNITUDE_SURROGATE,23,28,-0.9502345517307634,0.528805464664864,23,32,-0.961841058180792,0.9499118967925699,23,40,-0.9627984737870315,0.9810093071174046
R5_aA_m0,6,1453,los,5.2645386379074184e-05,0.0002297152012326944,-0.6271052782234685,23,1,27,unmeasured; unity model only,UNKNOWN,RESEARCH_ONLY_MAGNITUDE_SURROGATE,23,28,-0.6776410133882309,0.5327602289950022,23,32,-0.7051933751902767,0.9504927416091775,23,40,-0.7089855959435798,0.9804964104170553
R5_aA_m0,6,1455,los,0.00014000054164422647,0.00019225217334811726,-0.15726472454888696,23,1,27,unmeasured; unity model only,UNKNOWN,RESEARCH_ONLY_MAGNITUDE_SURROGATE,23,28,-0.20503294563453958,0.534245861898546,23,32,-0.2324403151376422,0.9507384360496687,23,40,-0.2365721898218938,0.9802920303492706
R5_aA_m0,7,1469,full,3.621853687180284e-06,6.456133740412293e-05,-0.8937610977365285,35,1,39,unmeasured; unity model only,UNKNOWN,RESEARCH_ONLY_MAGNITUDE_SURROGATE,35,40,-0.9096451136315838,0.4012838842924934,35,44,-0.8202383657623141,0.7660993232037158,35,52,-0.6768019151360725,0.8734579088223424
R5_aA_m0,7,1471,full,5.251836805071287e-06,1.9810696586164203e-05,-0.5809013619582541,34,1,39,unmeasured; unity model only,UNKNOWN,RESEARCH_ONLY_MAGNITUDE_SURROGATE,34,39,-0.5428650597911262,0.279317342692,34,43,-0.40122379376895406,0.6773890352183768,34,51,-0.16942264043781655,0.870157543999955
R5_aA_m0,7,1473,full,3.416277270459632e-05,3.899832835865206e-05,-0.06609462656768053,35,0,40,unmeasured; unity model only,UNKNOWN,RESEARCH_ONLY_MAGNITUDE_SURROGATE,35,40,0.08062513553871208,0.38670676328278675,35,44,0.2838748393750345,0.725301204017779,35,52,0.37839200443686377,0.876625800248622
R5_aA_m0,7,1469,los,3.2621583077123984e-07,2.4859471437606384e-05,-0.9740951416338098,34,1,39,unmeasured; unity model only,UNKNOWN,RESEARCH_ONLY_MAGNITUDE_SURROGATE,34,39,-0.9924274144901161,0.41339630341428796,34,43,-0.9959233143924935,0.9266189378203274,34,51,-0.9948220090845483,0.9933550023839263
R5_aA_m0,7,1471,los,2.7270309972780885e-06,2.0192982494012172e-05,-0.7620393200628459,34,1,39,unmeasured; unity model only,UNKNOWN,RESEARCH_ONLY_MAGNITUDE_SURROGATE,34,39,-0.8174800405736852,0.4167176235413086,34,43,-0.8442992153643201,0.9278367357991405,34,51,-0.8488390317249955,0.9931641179494943
R5_aA_m0,7,1473,los,9.733824397835872e-06,1.768630218356426e-05,-0.2900233798017105,34,1,39,unmeasured; unity model only,UNKNOWN,RESEARCH_ONLY_MAGNITUDE_SURROGATE,34,39,-0.3605167989109141,0.4198934284873901,34,43,-0.400580918946475,0.9289679214263982,34,51,-0.40920808653106755,0.9929675684438936
R5_aA_m0,8,1487,full,2.540894280003734e-07,9.213906039754825e-06,-0.9463266688570531,47,1,72,unmeasured; unity model only,UNKNOWN,RESEARCH_ONLY_MAGNITUDE_SURROGATE,47,52,-0.6801248716878684,0.11730915170421062,47,56,-0.23907011510129156,0.26384156658067703,47,64,-0.273741163368404,0.45555969579992145
R5_aA_m0,8,1489,full,1.8040119716133418e-07,7.262332965083869e-06,-0.9515228696259349,47,1,72,unmeasured; unity model only,UNKNOWN,RESEARCH_ONLY_MAGNITUDE_SURROGATE,47,52,-0.6540644669945881,0.09331438498017879,47,56,0.14141111594192576,0.24576517314809868,47,64,0.1618597709367078,0.4679109078812866
R5_aA_m0,8,1491,full,7.699389768098946e-06,2.066610039787168e-05,-0.45712979236045687,50,0,55,unmeasured; unity model only,UNKNOWN,RESEARCH_ONLY_MAGNITUDE_SURROGATE,50,55,0.32790562298679654,0.18907134667800005,50,59,0.5782465990437309,0.39581875797880955,50,67,0.5061191960553599,0.49045998869106133
R5_aA_m0,8,1487,los,6.052105870263559e-08,1.3882734159118381e-05,-0.9913189484439354,47,1,52,unmeasured; unity model only,UNKNOWN,RESEARCH_ONLY_MAGNITUDE_SURROGATE,47,52,-0.994487672043588,0.47913123698813453,47,56,-0.9895070602615131,0.9429251555530732,47,64,-0.9870504477264339,0.9875589378465569
R5_aA_m0,8,1489,los,5.335598944367312e-07,1.0545932474980362e-05,-0.9036851370718886,47,1,52,unmeasured; unity model only,UNKNOWN,RESEARCH_ONLY_MAGNITUDE_SURROGATE,47,52,-0.9287920988215773,0.47941174761260186,47,56,-0.9357655533860253,0.942946774926313,47,64,-0.9352543182610236,0.9875169160576595
R5_aA_m0,8,1491,los,3.027045392053191e-06,9.087048611750333e-06,-0.5002440312741879,47,1,52,unmeasured; unity model only,UNKNOWN,RESEARCH_ONLY_MAGNITUDE_SURROGATE,47,52,-0.5621281184432375,0.4828023863792973,47,56,-0.5943014064015117,0.9436172304729855,47,64,-0.599239152208231,0.9871313627084535
R5_aA_m0,9,1505,full,1.1356261182621406e-05,1.7513314579397067e-05,-0.21327135000286468,62,0,67,unmeasured; unity model only,UNKNOWN,RESEARCH_ONLY_MAGNITUDE_SURROGATE,62,67,0.311032211730156,0.25988379543690177,62,71,0.25692625892159576,0.5642541611538328,62,79,0.12516041551251497,0.7050085129900323
R5_aA_m0,9,1507,full,7.010346762176676e-06,1.177729098749537e-05,-0.25372770589010873,62,0,67,unmeasured; unity model only,UNKNOWN,RESEARCH_ONLY_MAGNITUDE_SURROGATE,62,67,0.5322633856726606,0.22035749166447285,62,71,0.5251227344037864,0.5161369939713729,62,79,0.3583433677892017,0.6655010108557271
R5_aA_m0,9,1509,full,7.228345549253794e-06,1.5917147617737932e-05,-0.37539930585170767,63,0,68,unmeasured; unity model only,UNKNOWN,RESEARCH_ONLY_MAGNITUDE_SURROGATE,63,68,0.5222248016059238,0.24556922324437697,63,72,0.634234050437256,0.48936374497690605,63,80,0.4509879022240941,0.6239333385427914
R5_aA_m0,9,1505,los,1.3839701578331724e-08,7.3409873479189304e-06,-0.9962365664113672,60,1,64,unmeasured; unity model only,UNKNOWN,RESEARCH_ONLY_MAGNITUDE_SURROGATE,60,65,-0.9950550000790782,0.49563741086390367,60,69,-0.9875630323654776,0.9455807782949874,60,77,-0.9847907620556433,0.985560398616406
R5_aA_m0,9,1507,los,2.2587580590914255e-07,5.3620165118137445e-06,-0.9191552760625893,60,1,64,unmeasured; unity model only,UNKNOWN,RESEARCH_ONLY_MAGNITUDE_SURROGATE,60,65,-0.9302430644446619,0.49346410182385886,60,69,-0.9280872354294664,0.9451108335066629,60,77,-0.9258076360613596,0.9857762089062022
R5_aA_m0,9,1509,los,1.3724779605910948e-06,4.533632439003323e-06,-0.53523457310065,60,1,64,unmeasured; unity model only,UNKNOWN,RESEARCH_ONLY_MAGNITUDE_SURROGATE,60,65,-0.5894798580395417,0.4961157674027431,60,69,-0.6153217096587186,0.9454685689761225,60,77,-0.6185806926730655,0.9853890891164876
R5_aA_m0,10,1523,full,8.289363314985641e-07,4.4926256060969245e-05,-0.9637664584867959,74,1,78,unmeasured; unity model only,UNKNOWN,RESEARCH_ONLY_MAGNITUDE_SURROGATE,74,79,-0.9543453778423413,0.4934057172737888,74,83,-0.9384638729536112,0.9102240964719661,74,91,-0.9210740706138383,0.9468339197785779
R5_aA_m0,10,1525,full,1.959584897896343e-06,3.2976533332013926e-05,-0.8878189680375731,74,1,78,unmeasured; unity model only,UNKNOWN,RESEARCH_ONLY_MAGNITUDE_SURROGATE,74,79,-0.8835326628696962,0.46699544942871984,74,83,-0.8796539629508027,0.8975925714255859,74,91,-0.8613482671040534,0.9489799896402552
R5_aA_m0,10,1527,full,8.015953908688137e-06,2.9719431799673977e-05,-0.5751492262122652,74,1,79,unmeasured; unity model only,UNKNOWN,RESEARCH_ONLY_MAGNITUDE_SURROGATE,74,79,-0.6219660100021737,0.4542375262833823,74,83,-0.660328475915296,0.8926808585219014,74,91,-0.6521625185725051,0.9560699149786432
R5_aA_m0,10,1523,los,6.59189570051985e-09,3.5578194338121108e-06,-0.9963012710424634,73,1,77,unmeasured; unity model only,UNKNOWN,RESEARCH_ONLY_MAGNITUDE_SURROGATE,73,78,-0.990345465385683,0.4865757343440351,73,82,-0.9788479251490109,0.9440321462141912,73,90,-0.9750089306280005,0.9866401273079567
R5_aA_m0,10,1525,los,2.5853876814070235e-07,2.616130790040968e-06,-0.8201262698838767,73,1,78,unmeasured; unity model only,UNKNOWN,RESEARCH_ONLY_MAGNITUDE_SURROGATE,73,78,-0.8361384271917581,0.48407438377186335,73,82,-0.8360454445795904,0.9434167277864309,73,90,-0.8339942718851223,0.9868434046997041
R5_aA_m0,10,1527,los,1.053967565536942e-06,2.331834738193784e-06,-0.3774193110001709,73,1,78,unmeasured; unity model only,UNKNOWN,RESEARCH_ONLY_MAGNITUDE_SURROGATE,73,78,-0.43917930079411877,0.487837637654937,73,82,-0.47017275046261064,0.9439844403471274,73,90,-0.4746449931583828,0.9863306688537063
R5_aA_m0,11,1541,full,1.2088179494895249e-06,1.7878856946682902e-06,-0.1932349053960272,88,1,104,unmeasured; unity model only,UNKNOWN,RESEARCH_ONLY_MAGNITUDE_SURROGATE,88,93,-0.11676204101732003,0.13016754367532785,88,97,-0.3277942729860221,0.2920748930421368,88,105,-0.2137718662834997,0.6930237935943458
R5_aA_m0,11,1543,full,5.896157356647941e-06,1.8226403427543893e-06,0.5277398336542706,89,1,104,unmeasured; unity model only,UNKNOWN,RESEARCH_ONLY_MAGNITUDE_SURROGATE,89,94,0.5624969666399671,0.21449455879990406,89,98,0.3868987198079105,0.341404435329293,89,106,0.01665519327588056,0.768074682764393
R5_aA_m0,11,1545,full,2.5698899909090227e-06,7.881942585285988e-07,0.5305690983419503,87,0,92,unmeasured; unity model only,UNKNOWN,RESEARCH_ONLY_MAGNITUDE_SURROGATE,87,92,0.7534746102876981,0.180265779087086,87,96,0.7673479590106651,0.4355925887382394,87,104,0.3493917991661064,0.6823861021934116
R5_aA_m0,11,1541,los,3.6240408547357994e-08,1.711147725684915e-06,-0.9585204822702078,86,1,91,unmeasured; unity model only,UNKNOWN,RESEARCH_ONLY_MAGNITUDE_SURROGATE,86,91,-0.950396688414214,0.46242380325590693,86,95,-0.9358646003092107,0.9392346885447657,86,103,-0.9308175921354802,0.9892143975279754
R5_aA_m0,11,1543,los,2.8256422806693614e-07,1.3225777263208658e-06,-0.6479261821117802,86,1,91,unmeasured; unity model only,UNKNOWN,RESEARCH_ONLY_MAGNITUDE_SURROGATE,86,91,-0.6807833974882528,0.46140452426944134,86,95,-0.6902310194259742,0.9388007100631867,86,103,-0.6899897791230417,0.9892121113374431
R5_aA_m0,11,1545,los,8.571225909856263e-07,1.2715341196993636e-06,-0.19468217990884118,86,1,91,unmeasured; unity model only,UNKNOWN,RESEARCH_ONLY_MAGNITUDE_SURROGATE,86,91,-0.26579878219765424,0.4670791232070369,86,95,-0.304359094900769,0.939982765263601,86,103,-0.31103561494322285,0.988602701673963
R5_aA_m0,12,1559,full,5.2748480874653865e-06,5.25360961570744e-06,0.002017244344491797,97,1,103,unmeasured; unity model only,UNKNOWN,RESEARCH_ONLY_MAGNITUDE_SURROGATE,97,102,0.0005222086113612202,0.29838952607108227,97,106,-0.053335859204845744,0.7517198193131942,97,114,-0.12253612755544449,0.9253848436539175
R5_aA_m0,12,1561,full,5.419766228476038e-06,7.365401413060083e-06,-0.1521790905786105,97,1,103,unmeasured; unity model only,UNKNOWN,RESEARCH_ONLY_MAGNITUDE_SURROGATE,97,102,-0.10124332599673445,0.2994946682475674,97,106,-0.14222831032360717,0.7613853793833533,97,114,-0.20039862499976216,0.9349983380285986
R5_aA_m0,12,1563,full,6.2163944950684686e-06,9.12778456735108e-06,-0.18973905742621908,97,1,103,unmeasured; unity model only,UNKNOWN,RESEARCH_ONLY_MAGNITUDE_SURROGATE,97,102,-0.1374819727167432,0.2986545422565261,97,106,-0.17979922718196323,0.7646663632210472,97,114,-0.23005930641559338,0.9389684739413927
R5_aA_m0,12,1559,los,9.675644419390651e-07,5.424956125692782e-07,0.2814913407587515,96,0,101,unmeasured; unity model only,UNKNOWN,RESEARCH_ONLY_MAGNITUDE_SURROGATE,96,101,0.4732237361000187,0.43598420843927266,96,105,0.5566986296984705,0.9310031833001695,96,113,0.5687278490139244,0.9909635897615373
R5_aA_m0,12,1561,los,7.839640530317551e-07,9.041814136831172e-07,-0.07121267865932479,96,0,101,unmeasured; unity model only,UNKNOWN,RESEARCH_ONLY_MAGNITUDE_SURROGATE,96,101,0.11266463208821856,0.44249015276791204,96,105,0.20630043382888932,0.93273398639086,96,113,0.22257716430479754,0.9904847149367544
R5_aA_m0,12,1563,los,8.066543443924973e-07,1.2945609229469225e-06,-0.23220209092246769,96,0,101,unmeasured; unity model only,UNKNOWN,RESEARCH_ONLY_MAGNITUDE_SURROGATE,96,101,-0.08032911816258094,0.44041194290651575,96,105,0.004851600308385139,0.9323419040596128,96,113,0.021733979924817685,0.9907458079937722
R5_aA_m0,13,1577,full,7.367389954641298e-07,3.750027869536094e-06,-0.6715947061073373,83,1,87,unmeasured; unity model only,UNKNOWN,RESEARCH_ONLY_MAGNITUDE_SURROGATE,83,88,-0.6595298602102336,0.2134554787594873,83,92,-0.6416771718577585,0.42981646435249893,83,100,-0.5486521899783064,0.5936974864257347
R5_aA_m0,13,1579,full,1.3221335624810861e-06,3.1368943325842716e-06,-0.40698574057173187,83,1,87,unmeasured; unity model only,UNKNOWN,RESEARCH_ONLY_MAGNITUDE_SURROGATE,83,88,-0.3993124528902002,0.2183378921396903,83,92,-0.3774133706642416,0.42232299412499585,83,100,-0.3337982684054317,0.5728225941441831
R5_aA_m0,13,1581,full,2.0239085346016276e-06,2.382184151386936e-06,-0.08131368137684211,83,1,87,unmeasured; unity model only,UNKNOWN,RESEARCH_ONLY_MAGNITUDE_SURROGATE,83,88,-0.06568750444321723,0.23240841406606835,83,92,-0.014544183091740652,0.43698352251221445,83,100,-0.017613546858291078,0.5726700781464046
R5_aA_m0,13,1577,los,7.464481379695964e-07,2.959395197661796e-06,-0.5971507317686335,83,1,88,unmeasured; unity model only,UNKNOWN,RESEARCH_ONLY_MAGNITUDE_SURROGATE,83,88,-0.7170485016447521,0.45527687607644257,83,92,-0.7745668276805278,0.9370499786359012,83,100,-0.7828217387207417,0.9897597674093235
R5_aA_m0,13,1579,los,1.282905310900796e-06,2.3329130158009967e-06,-0.2903928267485652,83,1,88,unmeasured; unity model only,UNKNOWN,RESEARCH_ONLY_MAGNITUDE_SURROGATE,83,88,-0.39922901735960037,0.46578632701027645,83,92,-0.45868151562174625,0.9406035054877713,83,100,-0.4687900527139402,0.9890777433836923
R5_aA_m0,13,1581,los,1.937510368601297e-06,1.665383240226189e-06,0.07553015934424662,83,1,88,unmeasured; unity model only,UNKNOWN,RESEARCH_ONLY_MAGNITUDE_SURROGATE,83,88,0.004199416417549836,0.4634126662669386,83,92,-0.03956581257573304,0.9402604003006482,83,100,-0.04839165954696738,0.9893278678099671
R5_aA_m0,14,1595,full,2.068604385781762e-06,3.296783094059632e-05,-0.8819169606432903,71,1,75,unmeasured; unity model only,UNKNOWN,RESEARCH_ONLY_MAGNITUDE_SURROGATE,71,76,-0.9599918689104213,0.4248486718260934,71,80,-0.9613739414422088,0.7691702590112812,71,88,-0.93696913099491,0.8756392235385788
R5_aA_m0,14,1597,full,2.8014368683619976e-06,1.1249973674577397e-05,-0.6012589825340099,70,1,75,unmeasured; unity model only,UNKNOWN,RESEARCH_ONLY_MAGNITUDE_SURROGATE,70,75,-0.7800622533648018,0.30189929390778336,70,79,-0.7796696124699094,0.700570149700492,70,87,-0.7117875595666132,0.8617408376850084
R5_aA_m0,14,1599,full,5.118206064282717e-06,8.74975018867718e-06,-0.2618658480134279,70,1,75,unmeasured; unity model only,UNKNOWN,RESEARCH_ONLY_MAGNITUDE_SURROGATE,70,75,-0.4108871588340253,0.28958335999227014,70,79,-0.38120235565047006,0.6604365580730942,70,87,-0.3163885529172634,0.85868173257016
R5_aA_m0,14,1595,los,1.0384091382987693e-06,5.74965923070273e-06,-0.6940487096326888,70,1,75,unmeasured; unity model only,UNKNOWN,RESEARCH_ONLY_MAGNITUDE_SURROGATE,70,75,-0.8016046300203908,0.46894445669789137,70,79,-0.8504142668902621,0.9397741309302041,70,87,-0.8564878613275474,0.9882892464025387
R5_aA_m0,14,1597,los,1.8481188658440585e-06,4.713253557432501e-06,-0.4366669816552918,70,1,75,unmeasured; unity model only,UNKNOWN,RESEARCH_ONLY_MAGNITUDE_SURROGATE,70,75,-0.5508677364272511,0.48179033883430666,70,79,-0.61076172903532,0.9433753401041886,70,87,-0.6198171785525638,0.987270107651146
R5_aA_m0,14,1599,los,2.9893735559612515e-06,3.490683987105434e-06,-0.07736203387276364,70,1,75,unmeasured; unity model only,UNKNOWN,RESEARCH_ONLY_MAGNITUDE_SURROGATE,70,75,-0.16086468404245532,0.48530221060628315,70,79,-0.20974128109954243,0.9447396055276192,70,87,-0.2183953491435481,0.9870847014627848
R5_aA_m0,15,1613,full,9.874131638796837e-06,4.3929638064892716e-05,-0.63295762757234,58,1,62,unmeasured; unity model only,UNKNOWN,RESEARCH_ONLY_MAGNITUDE_SURROGATE,58,63,-0.49278159430021923,0.41535384647238643,58,67,-0.3580288327792129,0.8528571918764926,58,75,-0.31762151242724335,0.9256231874777805
R5_aA_m0,15,1615,full,1.0945427483636464e-05,3.551630795000371e-05,-0.5288412117421024,58,1,62,unmeasured; unity model only,UNKNOWN,RESEARCH_ONLY_MAGNITUDE_SURROGATE,58,63,-0.4356808172432781,0.3995637061064601,58,67,-0.29953664356033305,0.8294418716193823,58,75,-0.2420036982955038,0.9218630016420344
R5_aA_m0,15,1617,full,7.184269452894738e-06,1.0720523219517378e-05,-0.19750319544729134,57,1,62,unmeasured; unity model only,UNKNOWN,RESEARCH_ONLY_MAGNITUDE_SURROGATE,57,62,-0.21955370080151196,0.27800822832911853,57,66,-0.12843847827110702,0.7450565445371603,57,74,-0.04215421645525518,0.9161431528046391
R5_aA_m0,15,1613,los,1.7965927951773322e-06,1.0999320075510912e-05,-0.7191927120271647,57,1,62,unmeasured; unity model only,UNKNOWN,RESEARCH_ONLY_MAGNITUDE_SURROGATE,57,62,-0.8207242917999923,0.4721700174066325,57,66,-0.8660792827255275,0.9404841192764304,57,74,-0.871512003276703,0.9879532672940007
R5_aA_m0,15,1615,los,3.2277263207072727e-06,9.083063268209979e-06,-0.47562643364272544,57,1,62,unmeasured; unity model only,UNKNOWN,RESEARCH_ONLY_MAGNITUDE_SURROGATE,57,62,-0.5888668199683917,0.48543418430053764,57,66,-0.6479278634570269,0.9440476590718272,57,74,-0.6567048681859046,0.9868580454739715
R5_aA_m0,15,1617,los,5.336497231177427e-06,6.797713369355334e-06,-0.12042119477584741,57,1,62,unmeasured; unity model only,UNKNOWN,RESEARCH_ONLY_MAGNITUDE_SURROGATE,57,62,-0.20596715301621332,0.4901364974683146,57,66,-0.25573527026583526,0.9456810214919917,57,74,-0.2643646982458448,0.9865655164481596
R5_aA_m0,16,1631,full,9.577313681800924e-06,4.373069658585296e-05,-0.6406801291695471,47,0,52,unmeasured; unity model only,UNKNOWN,RESEARCH_ONLY_MAGNITUDE_SURROGATE,47,52,0.191130719675872,0.23561094394841928,47,56,0.3120382623642437,0.46590216362808096,47,64,0.20034811279414771,0.5518039080929865
R5_aA_m0,16,1633,full,7.896071062888686e-06,3.831355307547548e-05,-0.6582499334231455,47,0,52,unmeasured; unity model only,UNKNOWN,RESEARCH_ONLY_MAGNITUDE_SURROGATE,47,52,0.1466628590502671,0.21837202748109524,47,56,0.3937982339932521,0.4497034831088416,47,64,0.2995467239949548,0.5410102717893774
R5_aA_m0,16,1635,full,8.735546045655947e-06,1.0013631209721131e-05,-0.06816753325528681,44,0,53,unmeasured; unity model only,UNKNOWN,RESEARCH_ONLY_MAGNITUDE_SURROGATE,44,49,-0.344556393393613,0.12867091606187672,44,53,0.18303177484163613,0.34201768442900765,44,61,0.31377151013590443,0.596320330150738
R5_aA_m0,16,1631,los,4.088408047429602e-06,2.059305120818071e-05,-0.6687061323977211,44,1,49,unmeasured; unity model only,UNKNOWN,RESEARCH_ONLY_MAGNITUDE_SURROGATE,44,49,-0.7774412243377121,0.45253478462660385,44,53,-0.8283600604737765,0.9366372972977096,44,61,-0.8355586341598868,0.9900616604679714
R5_aA_m0,16,1633,los,7.311538454859303e-06,1.65739494159681e-05,-0.38778403904495773,44,1,49,unmeasured; unity model only,UNKNOWN,RESEARCH_ONLY_MAGNITUDE_SURROGATE,44,49,-0.49775640326348425,0.4644453173213615,44,53,-0.5575382775071218,0.9405741623136544,44,61,-0.5678110848346983,0.9892762585280853
R5_aA_m0,16,1635,los,1.1623190071390698e-05,1.2188275128260629e-05,-0.02373163734914579,44,1,49,unmeasured; unity model only,UNKNOWN,RESEARCH_ONLY_MAGNITUDE_SURROGATE,44,49,-0.09787953078756224,0.464975905440416,44,53,-0.14224756733020907,0.9411539953530124,44,61,-0.15098594526579204,0.9893307633775308
R5_aA_m0,17,1649,full,2.6030802682533122e-05,9.048106998899223e-05,-0.5531648048277426,32,1,36,unmeasured; unity model only,UNKNOWN,RESEARCH_ONLY_MAGNITUDE_SURROGATE,32,37,-0.8279700314775986,0.301268554784536,32,41,-0.7281221389604308,0.607343774648952,32,49,-0.4595692717085936,0.7633309344174265
R5_aA_m0,17,1651,full,4.47504330577668e-05,7.017705489550054e-05,-0.2212405603790183,32,1,37,unmeasured; unity model only,UNKNOWN,RESEARCH_ONLY_MAGNITUDE_SURROGATE,32,37,-0.5642054227622081,0.2952318321675982,32,41,-0.5917866295760552,0.606931567904581,32,49,-0.34437400292422843,0.7795413760363495
R5_aA_m0,17,1653,full,6.71718272223546e-05,5.0272679609582914e-05,0.14389048980344635,32,1,37,unmeasured; unity model only,UNKNOWN,RESEARCH_ONLY_MAGNITUDE_SURROGATE,32,37,-0.21804709452779697,0.301164531207066,32,41,-0.39275109816654036,0.6183289961982198,32,49,-0.2140458489334061,0.7942592512091152
R5_aA_m0,17,1649,los,2.154336887886166e-05,9.555847513293101e-05,-0.6320575638981031,32,1,36,unmeasured; unity model only,UNKNOWN,RESEARCH_ONLY_MAGNITUDE_SURROGATE,32,37,-0.7241062946393055,0.523875904250296,32,41,-0.7694221778690051,0.9489229895949791,32,49,-0.7748250453306388,0.9815384738657497
R5_aA_m0,17,1651,los,3.912595470035405e-05,7.50980127134323e-05,-0.3149256572639112,32,1,36,unmeasured; unity model only,UNKNOWN,RESEARCH_ONLY_MAGNITUDE_SURROGATE,32,37,-0.39878220717418505,0.532089176249335,32,41,-0.4453862738404981,0.950581665805038,32,49,-0.45200827779276354,0.9806693722918395
R5_aA_m0,17,1653,los,6.141099090961492e-05,5.47581414479298e-05,0.05726865068776637,32,1,36,unmeasured; unity model only,UNKNOWN,RESEARCH_ONLY_MAGNITUDE_SURROGATE,32,37,0.007361554079650179,0.5288889063672249,32,41,-0.022598359224901624,0.9504041678303512,32,49,-0.027452198934762084,0.9811884130911682
R5_aA_m0,18,1667,full,6.189653618931631e-05,0.00038765653709102525,-0.724630795035328,20,1,25,unmeasured; unity model only,UNKNOWN,RESEARCH_ONLY_MAGNITUDE_SURROGATE,20,25,-0.7540100082694047,0.29549228668073635,20,29,-0.6695781810056193,0.7723343932382419,20,37,-0.5462166730812531,0.9706825958395218
R5_aA_m0,18,1669,full,0.00011990405852963396,0.0003203551830215224,-0.45530247993351164,20,1,25,unmeasured; unity model only,UNKNOWN,RESEARCH_ONLY_MAGNITUDE_SURROGATE,20,25,-0.46675355845780475,0.2907685417793596,20,29,-0.3474872522272531,0.7696971482406715,20,37,-0.22407305964664717,0.9707356940859031
R5_aA_m0,18,1671,full,0.0004467006215685417,0.0005742338037853093,-0.12491809370867792,21,0,27,unmeasured; unity model only,UNKNOWN,RESEARCH_ONLY_MAGNITUDE_SURROGATE,21,26,-0.06848133573521638,0.40538889590710964,21,30,0.066385361322897,0.8390140299835886,21,38,0.13746455178969724,0.9589109687919094
R5_aA_m0,18,1667,los,8.6215073481008e-05,0.0004114646263264564,-0.6535318860127841,20,1,25,unmeasured; unity model only,UNKNOWN,RESEARCH_ONLY_MAGNITUDE_SURROGATE,20,25,-0.737672803553128,0.4431390764564044,20,29,-0.7788145696641858,0.935296652091552,20,37,-0.7854830157015287,0.9911328211126406
R5_aA_m0,18,1669,los,0.0001557977215003639,0.00033510807526627415,-0.3652642827747032,20,1,25,unmeasured; unity model only,UNKNOWN,RESEARCH_ONLY_MAGNITUDE_SURROGATE,20,25,-0.44447219485125766,0.4496998332070461,20,29,-0.4879319742858467,0.9377193530676172,20,37,-0.49610078630705096,0.9907624196361882
R5_aA_m0,18,1671,los,0.0002464058816040249,0.0002560062787923343,-0.019108608320179816,20,1,25,unmeasured; unity model only,UNKNOWN,RESEARCH_ONLY_MAGNITUDE_SURROGATE,20,25,-0.06683210834545768,0.44826365316978006,20,29,-0.09441618375005478,0.9375666138971285,20,37,-0.10002945436233344,0.9909260154672748
R5_aA_m0,19,1685,full,0.0006109070181023892,0.007647006643583616,-0.8520432537489956,12,1,17,unmeasured; unity model only,UNKNOWN,RESEARCH_ONLY_MAGNITUDE_SURROGATE,12,17,-0.879402158714348,0.41771218414555805,12,21,-0.8800325756612729,0.900700547575088,12,29,-0.8583457920349681,0.988501177773362
R5_aA_m0,19,1687,full,0.0012954991991787122,0.006943994562220901,-0.685539127355647,12,1,17,unmeasured; unity model only,UNKNOWN,RESEARCH_ONLY_MAGNITUDE_SURROGATE,12,17,-0.7210701154348561,0.42283062706044544,12,21,-0.717977411152607,0.9043461391179823,12,29,-0.6914118006979079,0.9882804689983347
R5_aA_m0,19,1689,full,0.0023623792128931636,0.00593744180299606,-0.4307397211649236,12,1,17,unmeasured; unity model only,UNKNOWN,RESEARCH_ONLY_MAGNITUDE_SURROGATE,12,17,-0.46386775084870324,0.42604416498615394,12,21,-0.45231754204420765,0.9067705710997317,12,29,-0.42167835695242684,0.9882253324266332
R5_aA_m0,19,1685,los,0.0006730822470397118,0.007946865474494677,-0.8438314781519579,12,1,17,unmeasured; unity model only,UNKNOWN,RESEARCH_ONLY_MAGNITUDE_SURROGATE,12,17,-0.8733015894981179,0.4543414682574745,12,21,-0.887119044638643,0.938469436834346,12,29,-0.8891961134892357,0.9902406220241112
R5_aA_m0,19,1687,los,0.0013906612927061593,0.007208002381774496,-0.6765401356879672,12,1,17,unmeasured; unity model only,UNKNOWN,RESEARCH_ONLY_MAGNITUDE_SURROGATE,12,17,-0.716139376299544,0.45716190064965295,12,21,-0.7368912192099625,0.939348511804328,12,29,-0.7405410859337739,0.9900447192858216
R5_aA_m0,19,1689,los,0.0025047569638867503,0.006156002053819042,-0.42158488447349673,12,1,17,unmeasured; unity model only,UNKNOWN,RESEARCH_ONLY_MAGNITUDE_SURROGATE,12,17,-0.4601461408165841,0.4587085883181589,12,21,-0.48137430339671927,0.9398828845577198,12,29,-0.485333877444966,0.9899503424044963
R5_aA_m0,20,1703,full,0.000131271771299255,0.0034134657447859747,-0.9259342782343838,13,1,18,unmeasured; unity model only,UNKNOWN,RESEARCH_ONLY_MAGNITUDE_SURROGATE,13,18,-0.9418940083550574,0.40347455839833113,13,22,-0.9607762335885204,0.8944790967999878,13,30,-0.9421008425075781,0.9868933434976734
R5_aA_m0,20,1705,full,8.502176918155975e-06,0.003222682607608936,-0.9947374245144569,13,1,18,unmeasured; unity model only,UNKNOWN,RESEARCH_ONLY_MAGNITUDE_SURROGATE,13,18,-0.994669071624105,0.40887087591984883,13,22,-0.9856131663217076,0.8993354560967535,13,30,-0.9500151567392979,0.985942972060728
R5_aA_m0,20,1707,full,0.0001534772770433157,0.002871458630513984,-0.8985252701322509,13,1,18,unmeasured; unity model only,UNKNOWN,RESEARCH_ONLY_MAGNITUDE_SURROGATE,13,18,-0.8788278974318259,0.4134045479467558,13,22,-0.8379290506250487,0.9029388645640426,13,30,-0.7870692203066754,0.9852995898463529
R5_aA_m0,20,1703,los,0.00013364907791330925,0.0034277544118294255,-0.9249458376180996,13,1,18,unmeasured; unity model only,UNKNOWN,RESEARCH_ONLY_MAGNITUDE_SURROGATE,13,18,-0.9371853575078168,0.4321066972147375,13,22,-0.9413108619657766,0.9323626770244603,13,30,-0.9416789112641638,0.9919856854396472
R5_aA_m0,20,1705,los,2.9844322065150828e-06,0.003236436528019228,-0.99815742860026,13,1,18,unmeasured; unity model only,UNKNOWN,RESEARCH_ONLY_MAGNITUDE_SURROGATE,13,18,-0.99897319898054,0.433266758603578,13,22,-0.9989411461842301,0.9329143274969405,13,30,-0.9988388450738349,0.9919519225040285
R5_aA_m0,20,1707,los,0.00013992619099130606,0.0028835618219199832,-0.9074405518435826,13,1,18,unmeasured; unity model only,UNKNOWN,RESEARCH_ONLY_MAGNITUDE_SURROGATE,13,18,-0.8951640963465279,0.43394186097690235,13,22,-0.8903269519721123,0.9333375072744629,13,30,-0.8896810788547994,0.991956187350524
R5_aA_m0,21,1721,full,0.0002727522961668268,5.616454225431385e-05,0.658487886944836,20,0,25,unmeasured; unity model only,UNKNOWN,RESEARCH_ONLY_MAGNITUDE_SURROGATE,20,25,0.6824110046759465,0.332756951559428,20,29,0.73170359489547,0.8238987876766859,20,37,0.7276487737379321,0.9500054667866684
R5_aA_m0,21,1723,full,0.0002647284730716979,2.8947222412673903e-05,0.8028626620604064,20,0,25,unmeasured; unity model only,UNKNOWN,RESEARCH_ONLY_MAGNITUDE_SURROGATE,20,25,0.7968613410672492,0.32873174133595434,20,29,0.8269229121292029,0.8173724576259961,20,37,0.8022267631173957,0.9455580608281678
R5_aA_m0,21,1725,full,0.0002469890048653462,1.3489284157184366e-05,0.8964268061817805,20,0,25,unmeasured; unity model only,UNKNOWN,RESEARCH_ONLY_MAGNITUDE_SURROGATE,20,25,0.8560475716316451,0.32147470932882033,20,29,0.8606441022291976,0.8103630648822019,20,37,0.8128417461192962,0.9465722570287886
R5_aA_m0,21,1721,los,0.00026991952392886554,4.702479016319557e-05,0.703261500065677,20,0,25,unmeasured; unity model only,UNKNOWN,RESEARCH_ONLY_MAGNITUDE_SURROGATE,20,25,0.7291168227158794,0.41228639996019684,20,29,0.7354855876866111,0.9264180705616127,20,37,0.7352806878754734,0.993423266349963
R5_aA_m0,21,1723,los,0.0002607229297588652,2.2104289069269868e-05,0.8436905106880682,20,0,25,unmeasured; unity model only,UNKNOWN,RESEARCH_ONLY_MAGNITUDE_SURROGATE,20,25,0.8523825697842534,0.4160506154877371,20,29,0.84914390710828,0.9275826531969004,20,37,0.8467494409303066,0.9931716851904827
R5_aA_m0,21,1725,los,0.00024215463242657472,9.396254167760008e-06,0.92529341243855,20,0,25,unmeasured; unity model only,UNKNOWN,RESEARCH_ONLY_MAGNITUDE_SURROGATE,20,25,0.9068086700732179,0.41559872058042335,20,29,0.8895808469813655,0.9272418552451853,20,37,0.8844224306689038,0.9931582487631427
R5_aA_m0,22,1739,full,4.950640258465073e-05,0.003602441391555806,-0.9728876723462018,12,1,17,unmeasured; unity model only,UNKNOWN,RESEARCH_ONLY_MAGNITUDE_SURROGATE,12,17,-0.9812436486278626,0.3669828300068483,12,21,-0.9858398671318359,0.8851373350281254,12,29,-0.9792464797594008,0.9740509435217212
R5_aA_m0,22,1741,full,0.00015430408492276236,0.0035045231281630646,-0.9156538005561495,12,1,17,unmeasured; unity model only,UNKNOWN,RESEARCH_ONLY_MAGNITUDE_SURROGATE,12,17,-0.9112880522800797,0.37136527574711553,12,21,-0.9037998560651342,0.8888514550948631,12,29,-0.8919485308780448,0.974186378783352
R5_aA_m0,22,1743,full,0.00048573733207885484,0.0032449704304303283,-0.7396004388442585,12,1,17,unmeasured; unity model only,UNKNOWN,RESEARCH_ONLY_MAGNITUDE_SURROGATE,12,17,-0.7175334979489576,0.37561143160209937,12,21,-0.6961421300197244,0.8929733849302733,12,29,-0.6792555482522623,0.9753906336879631
R5_aA_m0,22,1739,los,3.264226603308856e-05,0.003692879687154783,-0.9824764065581967,12,1,17,unmeasured; unity model only,UNKNOWN,RESEARCH_ONLY_MAGNITUDE_SURROGATE,12,17,-0.9858418622831082,0.39226371007841315,12,21,-0.9874840422983426,0.9202044354101001,12,29,-0.9877645639534441,0.9947520016989907
R5_aA_m0,22,1741,los,0.0001321742391911687,0.0035982264805312436,-0.9291367072216284,12,1,17,unmeasured; unity model only,UNKNOWN,RESEARCH_ONLY_MAGNITUDE_SURROGATE,12,17,-0.9289228546233597,0.3943690813156498,12,21,-0.930164321676941,0.9211373110759535,12,29,-0.9306924910033435,0.9946594711800033
R5_aA_m0,22,1743,los,0.0004627714277006001,0.0033359374301979183,-0.7563533058142237,12,1,17,unmeasured; unity model only,UNKNOWN,RESEARCH_ONLY_MAGNITUDE_SURROGATE,12,17,-0.7457226586517974,0.3950306299698955,12,21,-0.7423659612043181,0.921458473005434,12,29,-0.7420769339588092,0.9946324179726204
R5_aA_m0,23,1757,full,4.2504104763832183e-05,0.00454985209786416,-0.9814891951371243,13,1,18,unmeasured; unity model only,UNKNOWN,RESEARCH_ONLY_MAGNITUDE_SURROGATE,13,18,-0.9766385705510615,0.40443539292301806,13,22,-0.9462873003841433,0.8880553028983947,13,30,-0.9039231280854806,0.9772099013295606
R5_aA_m0,23,1759,full,0.00031871342780580205,0.003869663365624797,-0.847810527311822,13,1,18,unmeasured; unity model only,UNKNOWN,RESEARCH_ONLY_MAGNITUDE_SURROGATE,13,18,-0.8575187800911266,0.41291320658849745,13,22,-0.8390704900692302,0.8944832091770962,13,30,-0.8004386774531033,0.9751813468244068
R5_aA_m0,23,1761,full,0.0009235260951564809,0.003042530411171014,-0.5342849534881432,13,1,18,unmeasured; unity model only,UNKNOWN,RESEARCH_ONLY_MAGNITUDE_SURROGATE,13,18,-0.5558925795409008,0.41616811637670154,13,22,-0.5432760068460905,0.8983761396263608,13,30,-0.5111884606592801,0.9738659091410362
R5_aA_m0,23,1757,los,4.817695469743622e-05,0.00443947933544722,-0.978529124521752,13,1,18,unmeasured; unity model only,UNKNOWN,RESEARCH_ONLY_MAGNITUDE_SURROGATE,13,18,-0.9836267774704689,0.43779947716448,13,22,-0.986384475855174,0.9341300836211882,13,30,-0.9868578833349286,0.991607780695578
R5_aA_m0,23,1759,los,0.00030677770383311266,0.003776926550379439,-0.849755180720222,13,1,18,unmeasured; unity model only,UNKNOWN,RESEARCH_ONLY_MAGNITUDE_SURROGATE,13,18,-0.8635002050181204,0.43889603044586595,13,22,-0.8719156656681669,0.9346296249131825,13,30,-0.873687861988393,0.9915714709970442
R5_aA_m0,23,1761,los,0.0008914687670277169,0.0029747722516358633,-0.538844700718702,13,1,18,unmeasured; unity model only,UNKNOWN,RESEARCH_ONLY_MAGNITUDE_SURROGATE,13,18,-0.5626666742196899,0.44020530514216505,13,22,-0.5768813035556577,0.9351733278557859,13,30,-0.5798918625463252,0.9915123061578456
R5_aA_m0,24,1775,full,1.0085038881990137e-06,0.00023852156172139022,-0.991579312721078,22,1,26,unmeasured; unity model only,UNKNOWN,RESEARCH_ONLY_MAGNITUDE_SURROGATE,22,27,-0.9279558122262141,0.3199400353758356,22,31,-0.5527152703162412,0.6974132656852886,22,39,-0.2890143698378856,0.8715813257768773
R5_aA_m0,24,1777,full,2.1116695237208325e-05,0.0001787783469165896,-0.788722171298663,22,1,26,unmeasured; unity model only,UNKNOWN,RESEARCH_ONLY_MAGNITUDE_SURROGATE,22,27,-0.9436187848042924,0.30361672699704395,22,31,-0.6502223863126504,0.6477182073077711,22,39,-0.30157440448311307,0.8510825175590309
R5_aA_m0,24,1779,full,7.238568931195407e-05,0.00013061245450051473,-0.286833978355738,22,1,27,unmeasured; unity model only,UNKNOWN,RESEARCH_ONLY_MAGNITUDE_SURROGATE,22,27,-0.645943966829529,0.3260695405371386,22,31,-0.6782075456977058,0.6280782674909899,22,39,-0.33556511980912884,0.8309728709092082
R5_aA_m0,24,1775,los,1.3583670241496826e-06,0.00025240109545875296,-0.9892940581536641,22,1,27,unmeasured; unity model only,UNKNOWN,RESEARCH_ONLY_MAGNITUDE_SURROGATE,22,27,-0.9955011510146857,0.44124833186894974,22,31,-0.9972911061397219,0.9347699375043561,22,39,-0.9970955003431033,0.9912836933206939
R5_aA_m0,24,1777,los,2.164980657315449e-05,0.0001898642007045266,-0.7952872544773637,22,1,27,unmeasured; unity model only,UNKNOWN,RESEARCH_ONLY_MAGNITUDE_SURROGATE,22,27,-0.8266691660946478,0.4439413540318979,22,31,-0.8435171166779812,0.9358062497908171,22,39,-0.8465119797376531,0.9911455638563975
R5_aA_m0,24,1779,los,7.534858644301735e-05,0.00014018632716160446,-0.30082244975644984,22,1,27,unmeasured; unity model only,UNKNOWN,RESEARCH_ONLY_MAGNITUDE_SURROGATE,22,27,-0.3555250069144083,0.4475059292630192,22,31,-0.38622017720536816,0.9369431456126143,22,39,-0.39225529074849774,0.9908909035438296
R5_aA_m0,25,1793,full,7.993896800802007e-08,4.702824034229297e-05,-0.9966061533611197,34,1,38,unmeasured; unity model only,UNKNOWN,RESEARCH_ONLY_MAGNITUDE_SURROGATE,34,39,-0.8817045501711804,0.3922024089598814,34,43,-0.665810603126505,0.7644059776506767,34,51,-0.5904127409203588,0.8252675358955662
R5_aA_m0,25,1795,full,1.4614161264854138e-06,3.415725981277007e-05,-0.9179410189768014,34,1,38,unmeasured; unity model only,UNKNOWN,RESEARCH_ONLY_MAGNITUDE_SURROGATE,34,39,-0.9023577731613767,0.3510022759969255,34,43,-0.5924188541230836,0.7007255236942638,34,51,-0.4474874090028795,0.80054237421919
R5_aA_m0,25,1797,full,4.913946155374122e-06,9.931490173512679e-06,-0.33798562110129654,33,1,38,unmeasured; unity model only,UNKNOWN,RESEARCH_ONLY_MAGNITUDE_SURROGATE,33,38,-0.6494280266196468,0.2470510893427157,33,42,-0.4713876332341542,0.5834780280767234,33,50,-0.172352773233754,0.79547048151056
R5_aA_m0,25,1793,los,1.4385782547206904e-08,5.4416057871772995e-05,-0.9994714067502897,34,1,39,unmeasured; unity model only,UNKNOWN,RESEARCH_ONLY_MAGNITUDE_SURROGATE,34,39,-0.998542196743327,0.485192463345638,34,43,-0.9946123967064384,0.944050751774235,34,51,-0.9930599526863239,0.9868730346805524
R5_aA_m0,25,1795,los,2.8763753364561726e-06,3.9620729481658134e-05,-0.8646319391042316,34,1,39,unmeasured; unity model only,UNKNOWN,RESEARCH_ONLY_MAGNITUDE_SURROGATE,34,39,-0.8854621847654247,0.4858849406010646,34,43,-0.8935940457908442,0.9443399528576696,34,51,-0.8940275916417937,0.986858686345963
R5_aA_m0,25,1797,los,1.2914195661113947e-05,2.996212429809453e-05,-0.39760708599057903,34,1,39,unmeasured; unity model only,UNKNOWN,RESEARCH_ONLY_MAGNITUDE_SURROGATE,34,39,-0.4571132475191507,0.4899892035862909,34,43,-0.4887787400106958,0.9451562485630438,34,51,-0.49375763674770107,0.986397024118843
R5_aA_m0,26,1811,full,4.961099676057483e-07,1.093944058034483e-05,-0.9132337414756725,46,1,51,unmeasured; unity model only,UNKNOWN,RESEARCH_ONLY_MAGNITUDE_SURROGATE,46,51,-0.7956404697383411,0.2106050393232464,46,55,-0.7369458980682855,0.5398666465316002,46,63,-0.6895663552310316,0.6614941654214661
R5_aA_m0,26,1813,full,2.960244835335558e-08,7.894386737781632e-06,-0.9925283975891454,46,1,51,unmeasured; unity model only,UNKNOWN,RESEARCH_ONLY_MAGNITUDE_SURROGATE,46,51,-0.8138293870711535,0.1787590913909214,46,55,-0.6564427266103269,0.4852592486427636,46,63,-0.5828670959159749,0.6196005832224896
R5_aA_m0,26,1815,full,3.15154009639988e-07,5.866476506246809e-06,-0.8980353132300477,46,1,71,unmeasured; unity model only,UNKNOWN,RESEARCH_ONLY_MAGNITUDE_SURROGATE,46,51,-0.901534592194182,0.15217221279857604,46,55,-0.6055942292864133,0.39330255035531014,46,63,-0.4352237952406798,0.5287924943969181
R5_aA_m0,26,1811,los,1.7744955868222055e-08,1.1278443722031233e-05,-0.9968582401774255,46,1,51,unmeasured; unity model only,UNKNOWN,RESEARCH_ONLY_MAGNITUDE_SURROGATE,46,51,-0.9943704199874533,0.4028776546402175,46,55,-0.988080492203559,0.9228971394536759,46,63,-0.9853280782115084,0.9939838560853564
R5_aA_m0,26,1813,los,2.782290545692875e-07,7.993221338287143e-06,-0.9327254492610927,46,1,51,unmeasured; unity model only,UNKNOWN,RESEARCH_ONLY_MAGNITUDE_SURROGATE,46,51,-0.9381327576861581,0.4000488360270576,46,55,-0.9344419281729393,0.9219307613292805,46,63,-0.9316878676792315,0.9941542474921223
R5_aA_m0,26,1815,los,1.73000285443367e-06,5.907775359242967e-06,-0.5469879312976569,46,1,51,unmeasured; unity model only,UNKNOWN,RESEARCH_ONLY_MAGNITUDE_SURROGATE,46,51,-0.603885790220942,0.40225502972263055,46,55,-0.6295526010250018,0.9227091363909603,46,63,-0.6337505877070475,0.9940065453377175
R5_aA_m0,27,1829,full,2.881132333277982e-07,3.4273689624312505e-05,-0.9833276502088427,60,1,65,unmeasured; unity model only,UNKNOWN,RESEARCH_ONLY_MAGNITUDE_SURROGATE,60,65,-0.9670599423083779,0.34738654264804303,60,69,-0.9661082531692818,0.8079271025816039,60,77,-0.9649975658931291,0.9143501281987195
R5_aA_m0,27,1831,full,2.747184574383066e-06,2.403895259060802e-05,-0.7948801234413465,60,1,65,unmeasured; unity model only,UNKNOWN,RESEARCH_ONLY_MAGNITUDE_SURROGATE,60,65,-0.7547953919602022,0.3399585207505985,60,69,-0.7706312042223483,0.8130174239605419,60,77,-0.7818400891792541,0.9108293997327234
R5_aA_m0,27,1833,full,8.732572918931765e-06,1.915646659915659e-05,-0.37376309332790275,60,1,65,unmeasured; unity model only,UNKNOWN,RESEARCH_ONLY_MAGNITUDE_SURROGATE,60,65,-0.4107711672834887,0.34001038403300426,60,69,-0.48143145377753244,0.8300218693438755,60,77,-0.5039326008099263,0.924620070575701
R5_aA_m0,27,1829,los,4.987958195059867e-09,5.7389100458270185e-06,-0.9982632149137861,59,1,64,unmeasured; unity model only,UNKNOWN,RESEARCH_ONLY_MAGNITUDE_SURROGATE,59,64,-0.9943625574689847,0.4195855652882219,59,68,-0.9868728978836769,0.9282828006425883,59,76,-0.9838754497707759,0.9928839603769117
R5_aA_m0,27,1831,los,1.4069971527570029e-07,3.994024790300233e-06,-0.9319423990227365,59,1,64,unmeasured; unity model only,UNKNOWN,RESEARCH_ONLY_MAGNITUDE_SURROGATE,59,64,-0.92858816368287,0.41465936316052293,59,68,-0.9187963797695898,0.9266470062148424,59,76,-0.9145403382790228,0.9931988848535225
R5_aA_m0,27,1833,los,8.324768100591845e-07,2.9310453742598803e-06,-0.5576075977297288,59,1,64,unmeasured; unity model only,UNKNOWN,RESEARCH_ONLY_MAGNITUDE_SURROGATE,59,64,-0.6061445827285742,0.4153022544246947,59,68,-0.6253004615589707,0.9267413454841771,59,76,-0.6274896719700703,0.9931076446709374
R5_aA_m0,28,1847,full,3.037305449896806e-07,3.965543760623494e-06,-0.8577132677605932,72,1,76,unmeasured; unity model only,UNKNOWN,RESEARCH_ONLY_MAGNITUDE_SURROGATE,72,77,-0.47122573345927404,0.20346138907003375,72,81,-0.10833479468739035,0.4827038279384529,72,89,-0.07538679948036076,0.6267950786909967
R5_aA_m0,28,1849,full,5.979306235563351e-06,8.899502360133507e-06,-0.19626545403740955,74,0,78,unmeasured; unity model only,UNKNOWN,RESEARCH_ONLY_MAGNITUDE_SURROGATE,74,79,0.2969214296918907,0.3027367323264546,74,83,0.5037104295375785,0.48618612337638,74,91,0.34096585531473994,0.6477690646039193
R5_aA_m0,28,1851,full,3.7252051296670196e-06,4.493612383021383e-06,-0.09349365065814857,73,0,78,unmeasured; unity model only,UNKNOWN,RESEARCH_ONLY_MAGNITUDE_SURROGATE,73,78,0.2541297695801412,0.26598127172103325,73,82,0.41808319578695546,0.5723109014474121,73,90,0.32602787360528085,0.7042359384427768
R5_aA_m0,28,1847,los,4.890755335327336e-09,2.6622214655084687e-06,-0.9963325462670033,72,1,77,unmeasured; unity model only,UNKNOWN,RESEARCH_ONLY_MAGNITUDE_SURROGATE,72,77,-0.9865109792315195,0.4099111054566422,72,81,-0.974077580843614,0.9251371854331535,72,89,-0.9694729727613282,0.9935252473418154
R5_aA_m0,28,1849,los,1.6484697965926377e-07,1.823203967298369e-06,-0.8341622181146479,72,1,77,unmeasured; unity model only,UNKNOWN,RESEARCH_ONLY_MAGNITUDE_SURROGATE,72,77,-0.8369298403056387,0.4046502554580513,72,81,-0.8285594466695839,0.9232230170343056,72,89,-0.8241427652443941,0.9938132240267123
R5_aA_m0,28,1851,los,6.490031861104759e-07,1.4127497556119955e-06,-0.3704355425162895,72,1,77,unmeasured; unity model only,UNKNOWN,RESEARCH_ONLY_MAGNITUDE_SURROGATE,72,77,-0.43677003096526834,0.40694258194610233,72,81,-0.4660355700191978,0.9237816886952851,72,89,-0.47068245898756894,0.9935984031961115
R5_aA_m0,29,1865,full,2.7103704476491643e-07,4.304333655360298e-06,-0.8815234600521008,86,1,91,unmeasured; unity model only,UNKNOWN,RESEARCH_ONLY_MAGNITUDE_SURROGATE,86,91,-0.8497990308879603,0.21901237925784173,86,95,-0.8308516455129884,0.538538146423193,86,103,-0.8213642132504285,0.6552774723906665
R5_aA_m0,29,1867,full,1.029990216052243e-06,2.843984235827368e-06,-0.4682514152603651,86,1,92,unmeasured; unity model only,UNKNOWN,RESEARCH_ONLY_MAGNITUDE_SURROGATE,86,91,-0.44330266523675804,0.20025918241878135,86,95,-0.5013949588942549,0.4729896419929366,86,103,-0.5540488139171783,0.5778578232168705
R5_aA_m0,29,1869,full,2.520344883173002e-06,2.171942970402431e-06,0.07424990189063004,86,0,91,unmeasured; unity model only,UNKNOWN,RESEARCH_ONLY_MAGNITUDE_SURROGATE,86,91,0.13275974389797007,0.22503855814147578,86,95,0.04385678241894961,0.4906901081603039,86,103,-0.06827277344116398,0.5723740728013248
R5_aA_m0,29,1865,los,2.4540871090819296e-08,1.2195687526080889e-06,-0.9605486998519375,85,1,90,unmeasured; unity model only,UNKNOWN,RESEARCH_ONLY_MAGNITUDE_SURROGATE,85,90,-0.9457611279862969,0.3862753419849822,85,94,-0.9281683235270172,0.9166862284392713,85,102,-0.9214798757696333,0.9948989961843102
R5_aA_m0,29,1867,los,4.221985992141139e-07,2.1387304641627687e-06,-0.6702770059101942,86,1,90,unmeasured; unity model only,UNKNOWN,RESEARCH_ONLY_MAGNITUDE_SURROGATE,86,91,-0.6833930671617602,0.5312623244905398,86,95,-0.6825357985141898,0.9490490497739488,86,103,-0.6808268511628965,0.9800842236353654
R5_aA_m0,29,1869,los,1.2324943099978119e-06,1.8405877070727332e-06,-0.1978773731703374,86,1,90,unmeasured; unity model only,UNKNOWN,RESEARCH_ONLY_MAGNITUDE_SURROGATE,86,91,-0.26311525430597055,0.5357110263133769,86,95,-0.2955617635043251,0.9490965899771222,86,103,-0.29952236938239246,0.9791173722336343
R5_aB_m0,0,440,full,2.5194917712275276e-07,4.698702255361854e-06,-0.8982157477419872,57,1,64,unmeasured; unity model only,UNKNOWN,RESEARCH_ONLY_MAGNITUDE_SURROGATE,57,62,-0.9138132411747075,0.10923282619020161,57,66,-0.8476456571870737,0.34062643198798315,57,74,-0.7535077459146895,0.5591834475051
R5_aB_m0,0,442,full,6.288597346314726e-06,2.19926212342878e-05,-0.5552810195648401,62,0,80,unmeasured; unity model only,UNKNOWN,RESEARCH_ONLY_MAGNITUDE_SURROGATE,62,67,-0.21525419014830854,0.2215858728086713,62,71,-0.13185362572798115,0.3747069988879888,62,79,-0.09174977441249045,0.5681800299082611
R5_aB_m0,0,444,full,7.5499935369092145e-06,1.3824115705239615e-05,-0.2935384159054497,60,0,66,unmeasured; unity model only,UNKNOWN,RESEARCH_ONLY_MAGNITUDE_SURROGATE,60,65,0.08836346807479306,0.1836692187507137,60,69,0.24483518377979646,0.4055866039943961,60,77,0.2195160625127497,0.5276151147789144
R5_aB_m0,0,440,los,2.3670183993358635e-08,6.085672262777525e-06,-0.9922511516748026,57,1,62,unmeasured; unity model only,UNKNOWN,RESEARCH_ONLY_MAGNITUDE_SURROGATE,57,62,-0.9940929706246804,0.44085750327317075,57,66,-0.9875354981221421,0.9343452922483318,57,74,-0.9843659831591353,0.9912526893660657
R5_aB_m0,0,442,los,1.7507882090497594e-07,4.461038125640113e-06,-0.9244717840711729,57,1,62,unmeasured; unity model only,UNKNOWN,RESEARCH_ONLY_MAGNITUDE_SURROGATE,57,62,-0.9403746074509008,0.43903401441360557,57,66,-0.940015507510833,0.9337333712295132,57,74,-0.9376105180678781,0.9913642662852541
R5_aB_m0,0,444,los,1.1108109327478512e-06,3.764626917663474e-06,-0.5443236210449753,57,1,62,unmeasured; unity model only,UNKNOWN,RESEARCH_ONLY_MAGNITUDE_SURROGATE,57,62,-0.6047339354815515,0.4418104178852849,57,66,-0.6336409536959523,0.9344404728153041,57,74,-0.6381375735029774,0.9911092771655242
R5_aB_m0,1,469,full,1.4796017336095982e-05,1.7191761969142004e-06,0.7918067150133057,57,0,62,unmeasured; unity model only,UNKNOWN,RESEARCH_ONLY_MAGNITUDE_SURROGATE,57,62,0.8247604132102917,0.2678289095751347,57,66,0.6851108219766239,0.668859678287348,57,74,0.5180808042576123,0.8381860381949595
R5_aB_m0,1,471,full,1.13608222809739e-05,3.2981986465770886e-06,0.5500110596911327,57,0,62,unmeasured; unity model only,UNKNOWN,RESEARCH_ONLY_MAGNITUDE_SURROGATE,57,62,0.7631311920996249,0.24923944057297318,57,66,0.6101557062420254,0.6146072324088496,57,74,0.3290752967393055,0.8440741969973672
R5_aB_m0,1,473,full,1.001695775454506e-05,6.097461746651235e-06,0.2432291158612851,57,0,62,unmeasured; unity model only,UNKNOWN,RESEARCH_ONLY_MAGNITUDE_SURROGATE,57,62,0.5641694005850357,0.2625623836171746,57,66,0.46611510401918693,0.5629418759157361,57,74,0.08614987700814165,0.8418242494103138
R5_aB_m0,1,469,los,8.005668492005031e-06,1.9876891813065134e-06,0.602197930608473,57,0,62,unmeasured; unity model only,UNKNOWN,RESEARCH_ONLY_MAGNITUDE_SURROGATE,57,62,0.7404208626750496,0.4920092094125574,57,66,0.7960893575060879,0.9435516333971677,57,74,0.8019387928732452,0.985233850020745
R5_aB_m0,1,471,los,6.157021686159839e-06,3.903070232631952e-06,0.22404879316436552,57,0,62,unmeasured; unity model only,UNKNOWN,RESEARCH_ONLY_MAGNITUDE_SURROGATE,57,62,0.39023645230449916,0.5025409737604472,57,66,0.4697423970439838,0.9450681877193475,57,74,0.4801558147848298,0.9839016647648389
R5_aB_m0,1,473,los,5.530776780667528e-06,6.395948222595557e-06,-0.07254057100262842,57,0,62,unmeasured; unity model only,UNKNOWN,RESEARCH_ONLY_MAGNITUDE_SURROGATE,57,62,0.07215521206346888,0.5052315333052042,57,66,0.14990324680920436,0.945710016401992,57,74,0.16179101465398094,0.9836967186474229
R5_aB_m0,2,927,full,4.169396246096947e-06,2.386662318857984e-05,-0.7025686006666151,58,1,63,unmeasured; unity model only,UNKNOWN,RESEARCH_ONLY_MAGNITUDE_SURROGATE,58,63,-0.8182895616439059,0.3175910570346452,58,67,-0.8716156888353511,0.7857860391771522,58,75,-0.8737033411671848,0.9304680762020661
R5_aB_m0,2,929,full,5.659090883885181e-06,2.708756472560467e-05,-0.65437136840043,58,1,64,unmeasured; unity model only,UNKNOWN,RESEARCH_ONLY_MAGNITUDE_SURROGATE,58,63,-0.7691645750775362,0.31816079355443116,58,67,-0.8263139868461179,0.7942155385364261,58,75,-0.8365164182247592,0.9404446434134871
R5_aB_m0,2,931,full,8.2083141900476e-06,2.488679518140826e-05,-0.5039560620321034,58,1,64,unmeasured; unity model only,UNKNOWN,RESEARCH_ONLY_MAGNITUDE_SURROGATE,58,63,-0.6265956011184932,0.317050762749214,58,67,-0.6917264326571183,0.7984753125951506,58,75,-0.7118846102318372,0.94530119183745
R5_aB_m0,2,927,los,8.416409288107232e-07,3.935299125174082e-06,-0.647623407746703,57,1,62,unmeasured; unity model only,UNKNOWN,RESEARCH_ONLY_MAGNITUDE_SURROGATE,57,62,-0.7130127624878841,0.3996268084307007,57,66,-0.7274998931611881,0.9201656469733035,57,74,-0.7267321199922143,0.99374591741807
R5_aB_m0,2,929,los,1.1891952773125269e-06,4.3641164005877516e-06,-0.5717167174156648,57,1,62,unmeasured; unity model only,UNKNOWN,RESEARCH_ONLY_MAGNITUDE_SURROGATE,57,62,-0.6632736975319103,0.40178279245322684,57,66,-0.6984233174251304,0.9216921665259424,57,74,-0.7035299565651287,0.9937761143361966
R5_aB_m0,2,931,los,1.812027528853977e-06,3.990357431145752e-06,-0.37541974848422954,57,1,62,unmeasured; unity model only,UNKNOWN,RESEARCH_ONLY_MAGNITUDE_SURROGATE,57,62,-0.47596327614325024,0.4007374127804573,57,66,-0.518715563617438,0.9217953143408043,57,74,-0.5261239548719039,0.9939375156747864
R5_aB_m0,3,956,full,1.7104729349346876e-05,2.9000173875750204e-06,0.710067073008969,58,0,65,unmeasured; unity model only,UNKNOWN,RESEARCH_ONLY_MAGNITUDE_SURROGATE,58,63,0.6780769786966456,0.2278927484545066,58,67,0.6773840825934505,0.6416565881440738,58,75,0.6856523464654577,0.8686640791386762
R5_aB_m0,3,958,full,1.5966931729990432e-05,2.1631193093403676e-06,0.7613774716190528,58,0,65,unmeasured; unity model only,UNKNOWN,RESEARCH_ONLY_MAGNITUDE_SURROGATE,58,63,0.8530672714096705,0.21871396873216403,58,67,0.8912360031226936,0.6253298722268857,58,75,0.8887088205580518,0.8561136018735561
R5_aB_m0,3,960,full,1.3789178555279492e-05,3.0075413569809392e-06,0.6418894435709862,58,0,65,unmeasured; unity model only,UNKNOWN,RESEARCH_ONLY_MAGNITUDE_SURROGATE,58,63,0.8199335302535107,0.21161035880244014,58,67,0.9072703397153572,0.6211697864515278,58,75,0.9150745707273753,0.8502477148168284
R5_aB_m0,3,956,los,5.740104818494215e-06,1.2099768209172992e-06,0.6518093214744591,57,0,62,unmeasured; unity model only,UNKNOWN,RESEARCH_ONLY_MAGNITUDE_SURROGATE,57,62,0.6907449960988751,0.4284178290206724,57,66,0.6974883935957654,0.9304530336278792,57,74,0.6961741521890455,0.9920581717769803
R5_aB_m0,3,958,los,5.364340080518732e-06,1.2680365044902189e-06,0.617622284188042,57,0,62,unmeasured; unity model only,UNKNOWN,RESEARCH_ONLY_MAGNITUDE_SURROGATE,57,62,0.6957437356445132,0.42405058173429117,57,66,0.7263753753591748,0.9296161368142023,57,74,0.7307416218778925,0.9924750725789087
R5_aB_m0,3,960,los,4.645371496458579e-06,1.6139702244651802e-06,0.4843003317521418,57,0,62,unmeasured; unity model only,UNKNOWN,RESEARCH_ONLY_MAGNITUDE_SURROGATE,57,62,0.5854158888956448,0.4205631915902751,57,66,0.6291352147268117,0.9287459379674613,57,74,0.6365170822453806,0.9927644779909912
R5_aB_m0,4,1415,full,1.0437181965401133e-06,5.515807517137072e-05,-0.9628581888941631,45,1,50,unmeasured; unity model only,UNKNOWN,RESEARCH_ONLY_MAGNITUDE_SURROGATE,45,50,-0.8980701548441394,0.38907696420223997,45,54,-0.8308625728805398,0.8478705542845619,45,62,-0.8019426654855865,0.9388965139949899
R5_aB_m0,4,1417,full,4.9441097239439695e-06,5.082634118556923e-05,-0.8226978751896513,45,1,50,unmeasured; unity model only,UNKNOWN,RESEARCH_ONLY_MAGNITUDE_SURROGATE,45,50,-0.6791447373924113,0.39532397398577146,45,54,-0.5686341198017041,0.8544612766404389,45,62,-0.5332445120394014,0.9403090482418816
R5_aB_m0,4,1419,full,1.2380066784023056e-05,4.418023204156258e-05,-0.5622347462413758,45,1,50,unmeasured; unity model only,UNKNOWN,RESEARCH_ONLY_MAGNITUDE_SURROGATE,45,50,-0.3594279194072496,0.3966861128280047,45,54,-0.22043454585186445,0.8617755809322462,45,62,-0.1805598588780437,0.9461593648104712
R5_aB_m0,4,1415,los,9.060645184011891e-09,1.3204483744916895e-05,-0.9986285821704584,44,1,49,unmeasured; unity model only,UNKNOWN,RESEARCH_ONLY_MAGNITUDE_SURROGATE,44,49,-0.9982740742269363,0.39639945711930763,44,53,-0.9928421054644316,0.9206047303017514,44,61,-0.9901192251666394,0.9943650594126477
R5_aB_m0,4,1417,los,4.387712268888472e-07,1.2853036032967583e-05,-0.9339786955512042,44,1,49,unmeasured; unity model only,UNKNOWN,RESEARCH_ONLY_MAGNITUDE_SURROGATE,44,49,-0.9258564935180892,0.4076880439872684,44,53,-0.9187698016809474,0.9249750989202493,44,61,-0.9161251559578301,0.9937717482470998
R5_aB_m0,4,1419,los,1.769325096034251e-06,1.1610604264791352e-05,-0.7355254951921397,44,1,49,unmeasured; unity model only,UNKNOWN,RESEARCH_ONLY_MAGNITUDE_SURROGATE,44,49,-0.7095502631965882,0.4141286687922309,44,53,-0.6964875072626273,0.9275334709599998,44,61,-0.6935441832152323,0.9934319146369835
R5_aB_m0,5,1433,full,2.6538549800370893e-06,6.507728400824617e-05,-0.9216356015954146,32,1,37,unmeasured; unity model only,UNKNOWN,RESEARCH_ONLY_MAGNITUDE_SURROGATE,32,37,-0.7830740442987678,0.27627379270845415,32,41,-0.6261843906635766,0.6750288226518945,32,49,-0.5638037329441491,0.7665752428751796
R5_aB_m0,5,1435,full,6.150715158868859e-06,5.8677104506472474e-05,-0.810244577386051,32,1,37,unmeasured; unity model only,UNKNOWN,RESEARCH_ONLY_MAGNITUDE_SURROGATE,32,37,-0.6630389202942878,0.2736733013459624,32,41,-0.45879098162338683,0.663429818268362,32,49,-0.36580913355164907,0.7581130569294772
R5_aB_m0,5,1437,full,1.4432159676157018e-05,4.913233429204992e-05,-0.5459049927031416,32,1,37,unmeasured; unity model only,UNKNOWN,RESEARCH_ONLY_MAGNITUDE_SURROGATE,32,37,-0.3763462797792322,0.2612988030392996,32,41,-0.15023893646046535,0.6561290913833461,32,49,-0.04856533014840539,0.7677066830020757
R5_aB_m0,5,1433,los,2.0563083360327722e-07,7.015871955880771e-05,-0.9941552552547843,32,1,37,unmeasured; unity model only,UNKNOWN,RESEARCH_ONLY_MAGNITUDE_SURROGATE,32,37,-0.9967992423356721,0.46733080709528546,32,41,-0.9953939318911564,0.9407558360759648,32,49,-0.9943074653757,0.9888556233709125
R5_aB_m0,5,1435,los,3.6635049275249194e-06,6.535734379174261e-05,-0.8938435271224873,32,1,37,unmeasured; unity model only,UNKNOWN,RESEARCH_ONLY_MAGNITUDE_SURROGATE,32,37,-0.8925229804745902,0.4780421256428724,32,41,-0.8916242871447937,0.9434508827082139,32,49,-0.8911303531725411,0.9879097613745821
R5_aB_m0,5,1437,los,1.180056468076218e-05,5.692035790961199e-05,-0.6565655920802467,32,1,37,unmeasured; unity model only,UNKNOWN,RESEARCH_ONLY_MAGNITUDE_SURROGATE,32,37,-0.6335026850709102,0.48227179907739154,32,41,-0.622999586344975,0.944540395742955,32,49,-0.6213966930235747,0.9875258241680479
R5_aB_m0,6,1451,full,1.964733791433284e-06,0.000283650613564708,-0.9862420993155987,20,1,25,unmeasured; unity model only,UNKNOWN,RESEARCH_ONLY_MAGNITUDE_SURROGATE,20,25,-0.9653909561944839,0.34064439171538724,20,29,-0.7790493512968383,0.7873541585720051,20,37,-0.6221842083098517,0.9033872867138577
R5_aB_m0,6,1453,full,1.6669801178126123e-05,0.0002627083068716997,-0.880664943330827,20,1,25,unmeasured; unity model only,UNKNOWN,RESEARCH_ONLY_MAGNITUDE_SURROGATE,20,25,-0.9733128739594066,0.3490160299511061,20,29,-0.9011264102478644,0.782402729632495,20,37,-0.7631781049972756,0.8924592997182265
R5_aB_m0,6,1455,full,4.941365905202765e-05,0.0002280327552494301,-0.6437967369198901,20,1,25,unmeasured; unity model only,UNKNOWN,RESEARCH_ONLY_MAGNITUDE_SURROGATE,20,25,-0.8254317583029828,0.35716628756771873,20,29,-0.8949830905033002,0.7762417991493097,20,37,-0.7998618117016449,0.8824227400789435
R5_aB_m0,6,1451,los,8.25197810652939e-06,0.0007285531085455236,-0.9776006483776454,21,1,25,unmeasured; unity model only,UNKNOWN,RESEARCH_ONLY_MAGNITUDE_SURROGATE,21,26,-0.9871748975079635,0.5291101746129465,21,30,-0.9910334495133146,0.9496031766648279,21,38,-0.9912247312766702,0.9807582299902611
R5_aB_m0,6,1453,los,1.8231549998365182e-05,0.0002676772614250359,-0.8724659802711281,20,1,25,unmeasured; unity model only,UNKNOWN,RESEARCH_ONLY_MAGNITUDE_SURROGATE,20,25,-0.885329393884925,0.3889362861138914,20,29,-0.8934664664961449,0.9188457832835397,20,37,-0.8954003621439044,0.9949174615792002
R5_aB_m0,6,1455,los,5.10714386301021e-05,0.00023238573352114044,-0.6396532270289338,20,1,25,unmeasured; unity model only,UNKNOWN,RESEARCH_ONLY_MAGNITUDE_SURROGATE,20,25,-0.6291662525087969,0.39388966463182795,20,29,-0.6264637565905493,0.9210899078675973,20,37,-0.6263940679638748,0.9947043647214875
R5_aB_m0,7,1469,full,0.0002791768534009653,0.004815024293152917,-0.8903942559905306,12,1,17,unmeasured; unity model only,UNKNOWN,RESEARCH_ONLY_MAGNITUDE_SURROGATE,12,17,-0.9328593785525315,0.3957917087806923,12,21,-0.959077227499193,0.9087959859023375,12,29,-0.929981642628502,0.9929205281729653
R5_aB_m0,7,1471,full,0.0005693595003661248,0.0044914000509128655,-0.7749904951630305,12,1,17,unmeasured; unity model only,UNKNOWN,RESEARCH_ONLY_MAGNITUDE_SURROGATE,12,17,-0.8268907647374751,0.3938261055131441,12,21,-0.8627358101590377,0.9062051745446476,12,29,-0.8389814796830107,0.9928431591896051
R5_aB_m0,7,1473,full,0.0010812347704745092,0.00392652128171539,-0.5681759417966522,12,1,17,unmeasured; unity model only,UNKNOWN,RESEARCH_ONLY_MAGNITUDE_SURROGATE,12,17,-0.6219851809758462,0.39504304186191824,12,21,-0.6687511791548437,0.9058929982276442,12,29,-0.6557810434441045,0.9925848970395037
R5_aB_m0,7,1469,los,0.00024584787896818707,0.004842066322215101,-0.9033600531585181,12,1,17,unmeasured; unity model only,UNKNOWN,RESEARCH_ONLY_MAGNITUDE_SURROGATE,12,17,-0.9229827829782896,0.39126324641801236,12,21,-0.9321908713271269,0.9192722765173654,12,29,-0.9339285801684329,0.9947111460658249
R5_aB_m0,7,1471,los,0.0005312323478316455,0.0045336173534290605,-0.7902277938476969,12,1,17,unmeasured; unity model only,UNKNOWN,RESEARCH_ONLY_MAGNITUDE_SURROGATE,12,17,-0.8181694468328069,0.39472679237204145,12,21,-0.8330771176141001,0.9207452743316545,12,29,-0.8363488954355428,0.9945524140397118
R5_aB_m0,7,1473,los,0.0010393586119169615,0.003977783508766041,-0.5856770301035564,12,1,17,unmeasured; unity model only,UNKNOWN,RESEARCH_ONLY_MAGNITUDE_SURROGATE,12,17,-0.6129846457465491,0.39806410960851873,12,21,-0.6287833689943018,0.9221846456336461,12,29,-0.6325112928868892,0.99440197257483
R5_aB_m0,8,1487,full,9.775086014335184e-05,0.0022220476851293166,-0.915724699161873,13,1,18,unmeasured; unity model only,UNKNOWN,RESEARCH_ONLY_MAGNITUDE_SURROGATE,13,18,-0.9178944964575467,0.3759713118519619,13,22,-0.9105066121139996,0.8893741767657843,13,30,-0.8834131409991742,0.9891838468363525
R5_aB_m0,8,1489,full,0.00027688804206539954,0.002000936792801225,-0.7568838149210779,13,1,18,unmeasured; unity model only,UNKNOWN,RESEARCH_ONLY_MAGNITUDE_SURROGATE,13,18,-0.76081854180015,0.3756562466939009,13,22,-0.7340465979253776,0.8899770276268665,13,30,-0.6928671270099607,0.9895950327208873
R5_aB_m0,8,1491,full,0.0006439593941588984,0.0017116836480521236,-0.45326232997128973,13,1,18,unmeasured; unity model only,UNKNOWN,RESEARCH_ONLY_MAGNITUDE_SURROGATE,13,18,-0.45480169449951513,0.3714376134712933,13,22,-0.4100563893869457,0.8892629017410726,13,30,-0.3628009970654231,0.9905267441269701
R5_aB_m0,8,1487,los,0.00010609588288521506,0.0022511189464793726,-0.9099819994651787,13,1,18,unmeasured; unity model only,UNKNOWN,RESEARCH_ONLY_MAGNITUDE_SURROGATE,13,18,-0.9266820403358076,0.39869820170107395,13,22,-0.9334236402827295,0.9223650245510294,13,30,-0.9342798658037954,0.9943702119239021
R5_aB_m0,8,1489,los,0.00027458801891562366,0.0020395872631358003,-0.7626903881954764,13,1,18,unmeasured; unity model only,UNKNOWN,RESEARCH_ONLY_MAGNITUDE_SURROGATE,13,18,-0.799783655536061,0.40077873876435893,13,22,-0.8188160338989311,0.9233406580900033,13,30,-0.8227285514295613,0.994287715110092
R5_aB_m0,8,1491,los,0.0006367081432872488,0.001758899773723011,-0.468437102109876,13,1,18,unmeasured; unity model only,UNKNOWN,RESEARCH_ONLY_MAGNITUDE_SURROGATE,13,18,-0.5156737896584243,0.40166730038428045,13,22,-0.5408633636331499,0.923820769620778,13,30,-0.5463693844123524,0.9942587549619057
R5_aB_m0,9,1505,full,6.439025839572093e-06,0.0003701465420194831,-0.9658031194547423,23,1,28,unmeasured; unity model only,UNKNOWN,RESEARCH_ONLY_MAGNITUDE_SURROGATE,23,28,-0.9744884548314195,0.37756436860745385,23,32,-0.8752034525811865,0.8075636821457041,23,40,-0.6870834534555285,0.9503970154010459
R5_aB_m0,9,1507,full,1.2259592148402309e-05,0.00030561949128185225,-0.9228663174933802,23,1,28,unmeasured; unity model only,UNKNOWN,RESEARCH_ONLY_MAGNITUDE_SURROGATE,23,28,-0.9589472392593961,0.3500518371510126,23,32,-0.8652475252027493,0.7797717436834377,23,40,-0.6506072547602255,0.9509362296692612
R5_aB_m0,9,1509,full,6.884364984901877e-05,0.0002528790909867069,-0.5720311864173077,23,1,28,unmeasured; unity model only,UNKNOWN,RESEARCH_ONLY_MAGNITUDE_SURROGATE,23,28,-0.6706561318440001,0.359430232632715,23,32,-0.6771401754952635,0.785966193679419,23,40,-0.5203219100821153,0.9519563488709201
R5_aB_m0,9,1505,los,3.671581102602904e-06,0.00013325617604539414,-0.9463719967510384,22,1,27,unmeasured; unity model only,UNKNOWN,RESEARCH_ONLY_MAGNITUDE_SURROGATE,22,27,-0.9576991670449245,0.384479749254019,22,31,-0.9590570336560362,0.9167023737133088,22,39,-0.957956402822365,0.9950969235815196
R5_aB_m0,9,1507,los,7.976628969121951e-06,0.00011066590432663944,-0.8655350868269613,22,1,27,unmeasured; unity model only,UNKNOWN,RESEARCH_ONLY_MAGNITUDE_SURROGATE,22,27,-0.9090977466570063,0.38818573164701187,22,31,-0.9298294601637759,0.9183889656907807,22,39,-0.9335914296668407,0.9949461226261016
R5_aB_m0,9,1509,los,7.263868996426625e-05,0.00023313406568426192,-0.5248844861262845,23,1,27,unmeasured; unity model only,UNKNOWN,RESEARCH_ONLY_MAGNITUDE_SURROGATE,23,28,-0.5765318241974562,0.5408233428555932,23,32,-0.6051212254296994,0.9509911362014097,23,40,-0.6090603044079181,0.9791138663821938
R5_aB_m0,10,1523,full,2.653869696599445e-07,2.076846435319148e-05,-0.9747657273424174,34,1,38,unmeasured; unity model only,UNKNOWN,RESEARCH_ONLY_MAGNITUDE_SURROGATE,34,39,-0.8660898971503136,0.174590912405968,34,43,-0.3931969001808423,0.4342323496245912,34,51,-0.013965847450161396,0.6459881687751081
R5_aB_m0,10,1525,full,1.671442458439652e-05,7.309316626944868e-05,-0.6277725652033593,37,0,43,unmeasured; unity model only,UNKNOWN,RESEARCH_ONLY_MAGNITUDE_SURROGATE,37,42,-0.08501568621299221,0.2844012468192563,37,46,0.3556197759898415,0.5379419245573716,37,54,0.38003313756876334,0.6136173814469986
R5_aB_m0,10,1527,full,1.734962171572165e-05,2.9107323479641772e-05,-0.25308813815622094,35,0,43,unmeasured; unity model only,UNKNOWN,RESEARCH_ONLY_MAGNITUDE_SURROGATE,35,40,-0.03270138132809027,0.22899208567157658,35,44,0.3549171433270139,0.5146037951102546,35,52,0.44820482294683506,0.6921347091863609
R5_aB_m0,10,1523,los,2.70893239881952e-07,2.842327060953479e-05,-0.9811185827680107,34,1,39,unmeasured; unity model only,UNKNOWN,RESEARCH_ONLY_MAGNITUDE_SURROGATE,34,39,-0.9934779345820461,0.423456157855415,34,43,-0.9939548634583901,0.9296936627198552,34,51,-0.9923265156797575,0.9926512712158225
R5_aB_m0,10,1525,los,2.1090833154472478e-06,2.2613426034450782e-05,-0.8293795111493449,34,1,39,unmeasured; unity model only,UNKNOWN,RESEARCH_ONLY_MAGNITUDE_SURROGATE,34,39,-0.8756742913759501,0.4263314489777906,34,43,-0.8967538732568805,0.9306932887578098,34,51,-0.899766754815968,0.992474949347669
R5_aB_m0,10,1527,los,8.769137997976795e-06,1.9454828119734974e-05,-0.37860342083717435,34,1,39,unmeasured; unity model only,UNKNOWN,RESEARCH_ONLY_MAGNITUDE_SURROGATE,34,39,-0.44843819312975974,0.4298748744130478,34,43,-0.487391494849342,0.9318788530390892,34,51,-0.4953182890133709,0.9922381474878064
R5_aB_m0,11,1541,full,2.021932316948936e-05,5.1486953108680665e-05,-0.4360515084885295,50,0,55,unmeasured; unity model only,UNKNOWN,RESEARCH_ONLY_MAGNITUDE_SURROGATE,50,55,0.07554445009687014,0.45729686764220334,50,59,0.30577968991309223,0.7681095528594034,50,67,0.3179267994984142,0.8253163653441787
R5_aB_m0,11,1543,full,1.163680244850858e-05,3.251786114625738e-05,-0.4729072083843034,50,0,55,unmeasured; unity model only,UNKNOWN,RESEARCH_ONLY_MAGNITUDE_SURROGATE,50,55,0.2629056859667953,0.37482022302942514,50,59,0.5271230996349324,0.7303489648917381,50,67,0.5389687815507996,0.8084644478063123
R5_aB_m0,11,1545,full,8.30982815483173e-06,2.6199360937655253e-05,-0.5183991062461176,49,0,56,unmeasured; unity model only,UNKNOWN,RESEARCH_ONLY_MAGNITUDE_SURROGATE,49,54,-0.09693579048785615,0.28293233304301435,49,58,0.4533050763308769,0.6402157594344294,49,66,0.5362321648874552,0.8054162876131944
R5_aB_m0,11,1541,los,1.5092118392637442e-07,1.2398800580231967e-05,-0.975948282079464,47,1,51,unmeasured; unity model only,UNKNOWN,RESEARCH_ONLY_MAGNITUDE_SURROGATE,47,52,-0.9863107058357139,0.487323727400962,47,56,-0.984822279226199,0.9443189079268984,47,64,-0.9828268488995339,0.9866020341459466
R5_aB_m0,11,1543,los,1.8041980002140875e-06,1.0039406516874203e-05,-0.6953295768005527,47,1,52,unmeasured; unity model only,UNKNOWN,RESEARCH_ONLY_MAGNITUDE_SURROGATE,47,52,-0.743451126878478,0.48968056826692036,47,56,-0.7655817226018162,0.9447348673764671,47,64,-0.7681643616173282,0.9863130428756052
R5_aB_m0,11,1545,los,5.956072110903207e-06,9.18885224193754e-06,-0.21345634060086655,47,1,52,unmeasured; unity model only,UNKNOWN,RESEARCH_ONLY_MAGNITUDE_SURROGATE,47,52,-0.2794471386586593,0.49343498130028324,47,56,-0.3170521110027054,0.9454093731862495,47,64,-0.32340522537981,0.9858547653702624
R5_aB_m0,12,1559,full,3.8776965407910206e-05,1.5164551920863329e-05,0.43774099536594835,58,0,63,unmeasured; unity model only,UNKNOWN,RESEARCH_ONLY_MAGNITUDE_SURROGATE,58,63,0.45294168691590947,0.3774447878890032,58,67,0.4772823918310791,0.8397595984206968,58,75,0.4854160465138519,0.9322087615947467
R5_aB_m0,12,1561,full,2.989355595033768e-05,2.3274912296287933e-05,0.12448437715656413,58,0,63,unmeasured; unity model only,UNKNOWN,RESEARCH_ONLY_MAGNITUDE_SURROGATE,58,63,0.15987846142503873,0.38422184385713265,58,67,0.20512975744387052,0.8396461967534062,58,75,0.22339517790209293,0.9334730567183529
R5_aB_m0,12,1563,full,2.9198315370133434e-05,3.491574252538435e-05,-0.08917587410499288,58,1,63,unmeasured; unity model only,UNKNOWN,RESEARCH_ONLY_MAGNITUDE_SURROGATE,58,63,-0.07265327601854123,0.40270751270458044,58,67,-0.036097451823496204,0.8561202775548171,58,75,-0.017609811317908407,0.9429209681141673
R5_aB_m0,12,1559,los,6.798050485487842e-06,2.779643082291983e-06,0.4195589861753484,57,0,62,unmeasured; unity model only,UNKNOWN,RESEARCH_ONLY_MAGNITUDE_SURROGATE,57,62,0.5799468308622157,0.4952294026291661,57,66,0.6507045712781812,0.9439685728608008,57,74,0.6591478351259916,0.9848222637480974
R5_aB_m0,12,1561,los,5.603768180850427e-06,4.982129113453823e-06,0.05872332312642761,57,0,62,unmeasured; unity model only,UNKNOWN,RESEARCH_ONLY_MAGNITUDE_SURROGATE,57,62,0.2182595673203073,0.5026199160259756,57,66,0.2998276131013986,0.9452532656824578,57,74,0.3115688305485958,0.9839986137336656
R5_aB_m0,12,1563,los,5.511806755851506e-06,7.543204823266666e-06,-0.1556029311122507,57,0,62,unmeasured; unity model only,UNKNOWN,RESEARCH_ONLY_MAGNITUDE_SURROGATE,57,62,-0.02722417574483547,0.501097170786048,57,66,0.04432701395825203,0.9452721311516388,57,74,0.05598232087484429,0.9843181497178887
R5_aB_m0,13,1577,full,5.286522879012317e-06,2.4743274402699158e-05,-0.6479148474151121,44,1,49,unmeasured; unity model only,UNKNOWN,RESEARCH_ONLY_MAGNITUDE_SURROGATE,44,49,-0.7524977928832243,0.32352045680077873,44,53,-0.72863051039268,0.7911566062807669,44,61,-0.6816833340338326,0.8922789049312696
R5_aB_m0,13,1579,full,9.328859736113105e-06,1.9956273720920665e-05,-0.3628945041483171,44,1,49,unmeasured; unity model only,UNKNOWN,RESEARCH_ONLY_MAGNITUDE_SURROGATE,44,49,-0.46121801479874636,0.3143696019449042,44,53,-0.4345202542679327,0.782969514309091,44,61,-0.38919590942121446,0.8927947603927411
R5_aB_m0,13,1581,full,3.2846607357687964e-05,3.668908707073291e-05,-0.055259097426579126,45,1,49,unmeasured; unity model only,UNKNOWN,RESEARCH_ONLY_MAGNITUDE_SURROGATE,45,50,-0.1085009386458861,0.4347998318286116,45,54,-0.0820423099744495,0.8239058515657345,45,62,-0.06172180442474401,0.8916844147310368
R5_aB_m0,13,1577,los,4.683413333364684e-06,2.132534120565237e-05,-0.6398587001666028,44,1,49,unmeasured; unity model only,UNKNOWN,RESEARCH_ONLY_MAGNITUDE_SURROGATE,44,49,-0.7496465738158642,0.461436292558818,44,53,-0.8024009872132726,0.9388116106140983,44,61,-0.8099422720823329,0.9892532451566994
R5_aB_m0,13,1579,los,8.323159727030222e-06,1.6939932161078966e-05,-0.34108146667924205,44,1,49,unmeasured; unity model only,UNKNOWN,RESEARCH_ONLY_MAGNITUDE_SURROGATE,44,49,-0.4460059496261921,0.47236592619136863,44,53,-0.5039407190207024,0.9423287771575823,44,61,-0.5138631259614925,0.9885071157800579
R5_aB_m0,13,1581,los,1.2987433657239438e-05,1.2311039722771763e-05,0.02673655142377507,44,1,49,unmeasured; unity model only,UNKNOWN,RESEARCH_ONLY_MAGNITUDE_SURROGATE,44,49,-0.04048572006896978,0.4711253926797213,44,53,-0.08123868978249964,0.9423698231328469,44,61,-0.08923933779411669,0.98869533817853
R5_aB_m0,14,1595,full,8.986451148673676e-06,4.075581378131337e-05,-0.6386794545313835,31,1,36,unmeasured; unity model only,UNKNOWN,RESEARCH_ONLY_MAGNITUDE_SURROGATE,31,36,-0.7613195081453265,0.2910634521754073,31,40,-0.6406725076489476,0.7180675855435177,31,48,-0.42190689473234816,0.897150377015255
R5_aB_m0,14,1597,full,1.4508954198244536e-05,3.322992820097659e-05,-0.39215358763902464,31,1,36,unmeasured; unity model only,UNKNOWN,RESEARCH_ONLY_MAGNITUDE_SURROGATE,31,36,-0.4771463619177114,0.2613164635560112,31,40,-0.3029286009511726,0.6892835469960227,31,48,-0.07839996470928134,0.9084229649160498
R5_aB_m0,14,1599,full,5.231771428189108e-05,6.255685945285883e-05,-0.08913325932865139,32,0,38,unmeasured; unity model only,UNKNOWN,RESEARCH_ONLY_MAGNITUDE_SURROGATE,32,37,-0.09111702417009387,0.3465883209319401,32,41,0.07923396936822293,0.7550091563507358,32,49,0.19698252705821026,0.9146652701070185
R5_aB_m0,14,1595,los,1.524413441025366e-05,0.00011194888423962567,-0.7602991961026452,32,1,36,unmeasured; unity model only,UNKNOWN,RESEARCH_ONLY_MAGNITUDE_SURROGATE,32,37,-0.8376666516918957,0.5224059509153979,32,41,-0.8716144995075861,0.9481856874035791,32,49,-0.8748560627878259,0.9814634461615864
R5_aB_m0,14,1597,los,2.8846363471346026e-05,9.261356144778768e-05,-0.5250060710880313,32,1,36,unmeasured; unity model only,UNKNOWN,RESEARCH_ONLY_MAGNITUDE_SURROGATE,32,37,-0.6175203741986481,0.5343556232242344,32,41,-0.6655888127089361,0.9501258479587004,32,49,-0.6716495167989129,0.9800108466511542
R5_aB_m0,14,1599,los,4.980774768061771e-05,7.056987585912113e-05,-0.1724749797178831,32,1,36,unmeasured; unity model only,UNKNOWN,RESEARCH_ONLY_MAGNITUDE_SURROGATE,32,37,-0.24319486383083863,0.5386050048091565,32,41,-0.2836065514080739,0.9511264888746208,32,49,-0.2894807982939789,0.9796180161324329
R5_aB_m0,15,1613,full,4.8825711539983225e-05,0.00046417275479906917,-0.8096457796904476,20,1,25,unmeasured; unity model only,UNKNOWN,RESEARCH_ONLY_MAGNITUDE_SURROGATE,20,25,-0.8942388538520507,0.4421012385660476,20,29,-0.9271632928044392,0.8706903224651267,20,37,-0.8162742722059672,0.9614379421186299
R5_aB_m0,15,1615,full,8.993559727341742e-05,0.0004006823056806943,-0.6333782492163592,20,1,25,unmeasured; unity model only,UNKNOWN,RESEARCH_ONLY_MAGNITUDE_SURROGATE,20,25,-0.7392300828855738,0.4338078058779241,20,29,-0.7789061359732251,0.8659491028679497,20,37,-0.6775216398105542,0.961773840260504
R5_aB_m0,15,1617,full,0.00016191317623480357,0.00032291094463313634,-0.33207458430515374,20,1,25,unmeasured; unity model only,UNKNOWN,RESEARCH_ONLY_MAGNITUDE_SURROGATE,20,25,-0.4311416239673185,0.42971161293845334,20,29,-0.48499836240489186,0.8724217984264411,20,37,-0.42966090241829547,0.9634604672919486
R5_aB_m0,15,1613,los,5.6016868248073285e-05,0.0004753066344274202,-0.7891421404624532,20,1,25,unmeasured; unity model only,UNKNOWN,RESEARCH_ONLY_MAGNITUDE_SURROGATE,20,25,-0.8540228191267925,0.44130362328921335,20,29,-0.8810152377332293,0.934282535255596,20,37,-0.8842668127377711,0.9911427423690141
R5_aB_m0,15,1615,los,0.00010417809848590146,0.0004077476998060987,-0.5929953175499909,20,1,25,unmeasured; unity model only,UNKNOWN,RESEARCH_ONLY_MAGNITUDE_SURROGATE,20,25,-0.678508134218848,0.4511027654433356,20,29,-0.7219278882410043,0.9375026088095325,20,37,-0.7291761413359249,0.9905016970746012
R5_aB_m0,15,1617,los,0.000183033696828402,0.00032674494117869603,-0.2819091143405131,20,1,25,unmeasured; unity model only,UNKNOWN,RESEARCH_ONLY_MAGNITUDE_SURROGATE,20,25,-0.35409277655613797,0.45575913592856865,20,29,-0.39439333186069486,0.9392712901364132,20,37,-0.4020029805327568,0.9902509591690737
R5_aB_m0,16,1631,full,0.0005547388308167303,0.007641231264696313,-0.86463131896481,12,1,17,unmeasured; unity model only,UNKNOWN,RESEARCH_ONLY_MAGNITUDE_SURROGATE,12,17,-0.8931818852826037,0.4399248376148957,12,21,-0.904688702800573,0.9163612861801762,12,29,-0.8913150391918474,0.978416719974534
R5_aB_m0,16,1633,full,0.0011797974648920873,0.007000186784518323,-0.7115404067001416,12,1,17,unmeasured; unity model only,UNKNOWN,RESEARCH_ONLY_MAGNITUDE_SURROGATE,12,17,-0.7507150853948756,0.4456096231826516,12,21,-0.7754487754991432,0.9198262882134003,12,29,-0.769615027744104,0.9779512710786726
R5_aB_m0,16,1635,full,0.002200416591533382,0.00604662533019213,-0.4663743406622593,12,1,17,unmeasured; unity model only,UNKNOWN,RESEARCH_ONLY_MAGNITUDE_SURROGATE,12,17,-0.5055684637100899,0.4494793406839938,12,21,-0.5348824867216558,0.9230933049511294,12,29,-0.5360038215296943,0.9779070803442802
R5_aB_m0,16,1631,los,0.0006046726469367676,0.007921044878208116,-0.8581532533412215,12,1,17,unmeasured; unity model only,UNKNOWN,RESEARCH_ONLY_MAGNITUDE_SURROGATE,12,17,-0.8853198057841715,0.45527539706359443,12,21,-0.897669525654203,0.938671946585111,12,29,-0.8994207778394362,0.9901507869341731
R5_aB_m0,16,1633,los,0.0012526324783544577,0.007253646321353864,-0.7054805026147485,12,1,17,unmeasured; unity model only,UNKNOWN,RESEARCH_ONLY_MAGNITUDE_SURROGATE,12,17,-0.7442704089616727,0.45809694780698795,12,21,-0.76437046578143,0.9395431872237715,12,29,-0.7678424124474967,0.9899528655050838
R5_aB_m0,16,1635,los,0.002309715833984283,0.006262584566540869,-0.46112111660417626,12,1,17,unmeasured; unity model only,UNKNOWN,RESEARCH_ONLY_MAGNITUDE_SURROGATE,12,17,-0.5005384423552043,0.45968729698342337,12,21,-0.5221035936240068,0.9400870458255356,12,29,-0.5260844750151121,0.9898546200166192
R5_aB_m0,17,1649,full,2.342935643112399e-05,0.0032153856367861085,-0.9855321427866736,13,1,18,unmeasured; unity model only,UNKNOWN,RESEARCH_ONLY_MAGNITUDE_SURROGATE,13,18,-0.9895627005234208,0.417042371624192,13,22,-0.9770081893255324,0.8993513899904261,13,30,-0.9279923307794142,0.9724355549683035
R5_aB_m0,17,1651,full,6.370072779717011e-05,0.0029124485812014778,-0.9571925187996682,13,1,18,unmeasured; unity model only,UNKNOWN,RESEARCH_ONLY_MAGNITUDE_SURROGATE,13,18,-0.9530164511978088,0.4204877058559073,13,22,-0.9649919529639228,0.9018906111591675,13,30,-0.9353326081201682,0.9705628165141377
R5_aB_m0,17,1653,full,0.00037108554158327476,0.0024896444184718597,-0.7405658368564623,13,1,18,unmeasured; unity model only,UNKNOWN,RESEARCH_ONLY_MAGNITUDE_SURROGATE,13,18,-0.7259181002588821,0.4214129325323384,13,22,-0.7568625395887303,0.9033734027129937,13,30,-0.7499997733276732,0.9698250038932866
R5_aB_m0,17,1649,los,2.570599654549481e-05,0.0032120155316729547,-0.9841209342301654,13,1,18,unmeasured; unity model only,UNKNOWN,RESEARCH_ONLY_MAGNITUDE_SURROGATE,13,18,-0.9899038163536996,0.4277567919451221,13,22,-0.9915935619048465,0.9312288712840426,13,30,-0.9916656418521118,0.992340730261924
R5_aB_m0,17,1651,los,4.625792145060661e-05,0.002919945610350216,-0.968810015257097,13,1,18,unmeasured; unity model only,UNKNOWN,RESEARCH_ONLY_MAGNITUDE_SURROGATE,13,18,-0.9619732838401792,0.4287191544810885,13,22,-0.9591971690982586,0.9317546134042395,13,30,-0.9587953464125095,0.9923267807080233
R5_aB_m0,17,1653,los,0.00033487810443763133,0.0025065445185023893,-0.7642884224725904,13,1,18,unmeasured; unity model only,UNKNOWN,RESEARCH_ONLY_MAGNITUDE_SURROGATE,13,18,-0.7441945397126093,0.4288538698002425,13,22,-0.7361276287141748,0.9319949566102173,13,30,-0.734991514379761,0.9923626611213112
R5_aB_m0,18,1667,full,3.267794114302805e-05,0.00030064735577277205,-0.8039276259834388,23,1,27,unmeasured; unity model only,UNKNOWN,RESEARCH_ONLY_MAGNITUDE_SURROGATE,23,28,-0.8892677523341067,0.4353500139615198,23,32,-0.9015196765556692,0.8306644649080687,23,40,-0.792867105346405,0.93310261090367
R5_aB_m0,18,1669,full,4.382065351858885e-06,0.00010644847433295563,-0.9209231433083188,22,1,27,unmeasured; unity model only,UNKNOWN,RESEARCH_ONLY_MAGNITUDE_SURROGATE,22,27,-0.9189543377159508,0.2801417260758851,22,31,-0.8312812921760455,0.7376313575703808,22,39,-0.6109056550243016,0.9462314146703658
R5_aB_m0,18,1671,full,6.68692708502118e-06,9.209686408156095e-05,-0.8646148926650364,22,1,27,unmeasured; unity model only,UNKNOWN,RESEARCH_ONLY_MAGNITUDE_SURROGATE,22,27,-0.7305182465178832,0.24433409382225169,22,31,-0.5102122974824574,0.7030072740664925,22,39,-0.27460493904858935,0.9543556100049687
R5_aB_m0,18,1667,los,1.2101386604320353e-05,0.0001294542874965679,-0.8290229384136795,22,1,27,unmeasured; unity model only,UNKNOWN,RESEARCH_ONLY_MAGNITUDE_SURROGATE,22,27,-0.8598077831760834,0.39532452900078296,22,31,-0.8649513444094656,0.91966949245407,22,39,-0.8638547480845717,0.9942588209427923
R5_aB_m0,18,1669,los,1.6608728668628863e-06,0.00011267589248931832,-0.9709477024002043,22,1,27,unmeasured; unity model only,UNKNOWN,RESEARCH_ONLY_MAGNITUDE_SURROGATE,22,27,-0.9633979777967311,0.3944883891107115,22,31,-0.9507196849300741,0.9196051820736105,22,39,-0.9462718266688077,0.9943456017389584
R5_aB_m0,18,1671,los,5.695528131337564e-06,9.784295117479557e-05,-0.8899823878135674,22,1,27,unmeasured; unity model only,UNKNOWN,RESEARCH_ONLY_MAGNITUDE_SURROGATE,22,27,-0.8266290854593609,0.3909013317757482,22,31,-0.7924686868964212,0.9186783958296763,22,39,-0.784832579391591,0.9946170654528406
R5_aB_m0,19,1685,full,2.787387379454516e-06,2.23497249922396e-05,-0.7782253316738736,34,1,39,unmeasured; unity model only,UNKNOWN,RESEARCH_ONLY_MAGNITUDE_SURROGATE,34,39,-0.9569568647690744,0.25203696141144594,34,43,-0.8727497515881449,0.621821939281634,34,51,-0.7205675599776392,0.7727675870017304
R5_aB_m0,19,1687,full,6.722266430375367e-07,1.871201516088656e-05,-0.9306419461914208,34,1,39,unmeasured; unity model only,UNKNOWN,RESEARCH_ONLY_MAGNITUDE_SURROGATE,34,39,-0.9325039519488514,0.2253250794901843,34,43,-0.5962116556420406,0.5776564713324728,34,51,-0.37520097990666096,0.7409917940276664
R5_aB_m0,19,1689,full,2.305313785771975e-05,8.08668424162316e-05,-0.5563290563191482,37,0,42,unmeasured; unity model only,UNKNOWN,RESEARCH_ONLY_MAGNITUDE_SURROGATE,37,42,-0.042612365580909445,0.42840396055013485,37,46,0.2392920528726788,0.6474349812335233,37,54,0.23922010606635968,0.6813170734008624
R5_aB_m0,19,1685,los,4.35197068051727e-06,2.5599670131240402e-05,-0.7094001822558661,34,1,39,unmeasured; unity model only,UNKNOWN,RESEARCH_ONLY_MAGNITUDE_SURROGATE,34,39,-0.7487602366642292,0.4246572373854206,34,43,-0.7531758170267685,0.9284952429817321,34,51,-0.7509173841764054,0.992090448678553
R5_aB_m0,19,1687,los,1.5817202384278539e-06,2.188077313343606e-05,-0.8651703198497527,34,1,39,unmeasured; unity model only,UNKNOWN,RESEARCH_ONLY_MAGNITUDE_SURROGATE,34,39,-0.8618422081118132,0.4211214830372185,34,43,-0.8426285396692675,0.9273469013852486,34,51,-0.8355621082013179,0.9923180413329171
R5_aB_m0,19,1689,los,7.670962013884203e-07,1.9705564553429316e-05,-0.9250614064702946,34,1,39,unmeasured; unity model only,UNKNOWN,RESEARCH_ONLY_MAGNITUDE_SURROGATE,34,39,-0.8586553178168741,0.41497493828868215,34,43,-0.8158164782029066,0.925894715275253,34,51,-0.8058125790128723,0.9928618683509804
R5_aB_m0,20,1703,full,3.9820962982396285e-06,1.5859669311601637e-05,-0.5986147224454098,47,1,51,unmeasured; unity model only,UNKNOWN,RESEARCH_ONLY_MAGNITUDE_SURROGATE,47,52,-0.4612272677866205,0.3416086721201154,47,56,-0.3026538132296089,0.7369392338774895,47,64,-0.24935264538679225,0.8360530289710768
R5_aB_m0,20,1705,full,2.404407588274359e-06,1.2802118744935048e-05,-0.6837663598394075,47,1,51,unmeasured; unity model only,UNKNOWN,RESEARCH_ONLY_MAGNITUDE_SURROGATE,47,52,-0.3955256324735537,0.3186004516400038,47,56,-0.09075040610768732,0.7015321981028175,47,64,0.0035671777999124405,0.8127068141443371
R5_aB_m0,20,1707,full,6.999328562449021e-06,3.22985081407141e-05,-0.6437804647966467,49,0,54,unmeasured; unity model only,UNKNOWN,RESEARCH_ONLY_MAGNITUDE_SURROGATE,49,54,-0.16357339086100153,0.4367740319153551,49,58,0.1756896218792145,0.676969755125661,49,66,0.21029274259799743,0.7370158923135245
R5_aB_m0,20,1703,los,2.4383446739810054e-06,1.2482686976951487e-05,-0.6731667446294008,47,1,52,unmeasured; unity model only,UNKNOWN,RESEARCH_ONLY_MAGNITUDE_SURROGATE,47,52,-0.712859384176587,0.4853048687233567,47,56,-0.7179824603742528,0.9424212953169177,47,64,-0.7161580928174451,0.9860693636966589
R5_aB_m0,20,1705,los,1.3208625380140758e-06,1.0358436412037042e-05,-0.7738113317138279,47,1,51,unmeasured; unity model only,UNKNOWN,RESEARCH_ONLY_MAGNITUDE_SURROGATE,47,52,-0.7714941390885627,0.480234336762608,47,56,-0.7509908576655222,0.9411318561198093,47,64,-0.7444317211115065,0.9864877607730278
R5_aB_m0,20,1707,los,5.632919098351401e-07,9.305055491361699e-06,-0.8858386542478585,47,1,51,unmeasured; unity model only,UNKNOWN,RESEARCH_ONLY_MAGNITUDE_SURROGATE,47,52,-0.8259135566774807,0.472694547138529,47,56,-0.7815131528880002,0.9400232233007934,47,64,-0.7720648402260791,0.9874435945686412
R5_aB_m0,21,1721,full,2.9164389904395236e-05,5.446799322619484e-06,0.6852578923599569,58,0,64,unmeasured; unity model only,UNKNOWN,RESEARCH_ONLY_MAGNITUDE_SURROGATE,58,63,0.8258578443883015,0.3121936835578689,58,67,0.8871907591392304,0.7612179582556535,58,75,0.8835629307204179,0.8944611824005071
R5_aB_m0,21,1723,full,2.5494222440148278e-05,3.955606839460542e-06,0.7313663993156375,58,0,63,unmeasured; unity model only,UNKNOWN,RESEARCH_ONLY_MAGNITUDE_SURROGATE,58,63,0.8520725588188592,0.2948718562318206,58,67,0.8924720807960231,0.7150217552597686,58,75,0.8725803896951438,0.8570264986800283
R5_aB_m0,21,1725,full,2.138526226843853e-05,1.6964943934797026e-06,0.8530012755676705,58,0,63,unmeasured; unity model only,UNKNOWN,RESEARCH_ONLY_MAGNITUDE_SURROGATE,58,63,0.9242831715448501,0.2618717060256834,58,67,0.9087872470423305,0.6457370194451186,58,75,0.8637642608807292,0.7971514234156958
R5_aB_m0,21,1721,los,5.7607494010917495e-06,1.1428307840444944e-06,0.6689164887212967,57,0,62,unmeasured; unity model only,UNKNOWN,RESEARCH_ONLY_MAGNITUDE_SURROGATE,57,62,0.6860474367226214,0.42773433246511267,57,66,0.6791865790073923,0.9299634236928732,57,74,0.6746472190625867,0.9920500308904333
R5_aB_m0,21,1723,los,5.5346065996994606e-06,8.879186258413597e-07,0.7234985945059978,57,0,62,unmeasured; unity model only,UNKNOWN,RESEARCH_ONLY_MAGNITUDE_SURROGATE,57,62,0.7018129999459873,0.431144310556253,57,66,0.6705431233227357,0.9303306538638347,57,74,0.6603327082542478,0.9916547613453653
R5_aB_m0,21,1725,los,5.130258232684408e-06,5.174522926253228e-07,0.8167567936400406,57,0,62,unmeasured; unity model only,UNKNOWN,RESEARCH_ONLY_MAGNITUDE_SURROGATE,57,62,0.7603253058889973,0.4300648935444448,57,66,0.710479990909261,0.9294822947685929,57,74,0.6967222873950554,0.9916041592902491
R5_aB_m0,22,1739,full,4.933493770884891e-08,6.909176833826943e-06,-0.9858202617661276,44,1,48,unmeasured; unity model only,UNKNOWN,RESEARCH_ONLY_MAGNITUDE_SURROGATE,44,49,-0.9599585642704168,0.22400133062254196,44,53,-0.5467150631867891,0.4185996899785492,44,61,-0.30512120621284755,0.6154752133895469
R5_aB_m0,22,1741,full,4.1569124946076164e-07,6.4718645260745e-06,-0.8792920847371414,44,1,48,unmeasured; unity model only,UNKNOWN,RESEARCH_ONLY_MAGNITUDE_SURROGATE,44,49,-0.954037387828863,0.21566066055839436,44,53,-0.6397188991277993,0.38600393389526655,44,61,-0.32798764460944585,0.6258600558821393
R5_aB_m0,22,1743,full,1.2086239371589316e-06,5.714062011197092e-06,-0.6508222542015064,44,1,48,unmeasured; unity model only,UNKNOWN,RESEARCH_ONLY_MAGNITUDE_SURROGATE,44,49,-0.7952358590279796,0.21642123629046692,44,53,-0.6260910922888079,0.36120816513034404,44,61,-0.29283201988807966,0.6515924474246266
R5_aB_m0,22,1739,los,7.274790789901006e-09,1.758205392154764e-05,-0.9991728176886253,45,1,50,unmeasured; unity model only,UNKNOWN,RESEARCH_ONLY_MAGNITUDE_SURROGATE,45,50,-0.993115152515593,0.48366680408494794,45,54,-0.9858969811754766,0.9440646995929116,45,62,-0.9835743257442663,0.9871660032254629
R5_aB_m0,22,1741,los,6.665931092834798e-07,1.6728791902366662e-05,-0.9233597751544972,45,1,49,unmeasured; unity model only,UNKNOWN,RESEARCH_ONLY_MAGNITUDE_SURROGATE,45,50,-0.9099768017439496,0.49428777097438853,45,54,-0.9017625350840531,0.9462946142261374,45,62,-0.8998617949873218,0.9860756749733748
R5_aB_m0,22,1743,los,2.4791169348983897e-06,1.5062811090737552e-05,-0.717349548889337,45,1,49,unmeasured; unity model only,UNKNOWN,RESEARCH_ONLY_MAGNITUDE_SURROGATE,45,50,-0.6817524891302025,0.49504580427216716,45,54,-0.6646337325127997,0.9463963740366425,45,62,-0.662022289247946,0.9859481402039512
R5_aB_m0,23,1757,full,1.221309061277438e-07,2.871131324737111e-05,-0.9915285246203982,32,1,37,unmeasured; unity model only,UNKNOWN,RESEARCH_ONLY_MAGNITUDE_SURROGATE,32,37,-0.936829471305222,0.24815958408442051,32,41,-0.7423869065574487,0.6497238541370051,32,49,-0.5270801849853339,0.8259164590904953
R5_aB_m0,23,1759,full,1.8185346078285912e-06,2.6583960593610988e-05,-0.8719454333197866,32,1,37,unmeasured; unity model only,UNKNOWN,RESEARCH_ONLY_MAGNITUDE_SURROGATE,32,37,-0.7547901047229558,0.23316975462834097,32,41,-0.5213750694591817,0.6542623044386701,32,49,-0.3294128384968143,0.8434423988512242
R5_aB_m0,23,1761,full,5.200206875756406e-06,2.3302651902716997e-05,-0.6351098031132353,32,1,37,unmeasured; unity model only,UNKNOWN,RESEARCH_ONLY_MAGNITUDE_SURROGATE,32,37,-0.5096686571719197,0.23137669288573656,32,41,-0.30570299753699787,0.6705367594415911,32,49,-0.15860338229289328,0.8545662668433616
R5_aB_m0,23,1757,los,5.4045529508644534e-08,3.5047564862049264e-05,-0.9969206239311661,32,1,37,unmeasured; unity model only,UNKNOWN,RESEARCH_ONLY_MAGNITUDE_SURROGATE,32,37,-0.9934915582341126,0.41166370821849346,32,41,-0.9895098468198092,0.9266144057308846,32,49,-0.9877951055049377,0.9935754986834846
R5_aB_m0,23,1759,los,1.8349288434550535e-06,3.278679704907415e-05,-0.8940013072051384,32,1,37,unmeasured; unity model only,UNKNOWN,RESEARCH_ONLY_MAGNITUDE_SURROGATE,32,37,-0.8777748924411292,0.4189797976207138,32,41,-0.8702548661937063,0.9293321287260969,32,49,-0.8686686018576718,0.9931604001878775
R5_aB_m0,23,1761,los,5.7820846079929495e-06,2.9000219371253757e-05,-0.6675272223805011,32,1,37,unmeasured; unity model only,UNKNOWN,RESEARCH_ONLY_MAGNITUDE_SURROGATE,32,37,-0.6162258090494458,0.4157522721847646,32,41,-0.5919572113209385,0.9280056410298891,32,49,-0.5874547062303812,0.9933004776417487
R5_aB_m0,24,1775,full,9.876616235333302e-08,0.00041204958321245126,-0.9995207251830408,21,1,26,unmeasured; unity model only,UNKNOWN,RESEARCH_ONLY_MAGNITUDE_SURROGATE,21,26,-0.9862721733031626,0.3185305376380768,21,30,-0.9042356305773294,0.7464178545138702,21,38,-0.7264580693336606,0.917072331880182
R5_aB_m0,24,1777,full,1.717527211058061e-05,0.00038306658216034076,-0.9141755319824459,21,1,26,unmeasured; unity model only,UNKNOWN,RESEARCH_ONLY_MAGNITUDE_SURROGATE,21,26,-0.8708454302470588,0.30775156751442295,21,30,-0.7607421313442593,0.7357767778573475,21,38,-0.5855749230218842,0.9171043911701519
R5_aB_m0,24,1779,full,6.309271138016361e-05,0.0003399390274978546,-0.6869094649676746,21,1,26,unmeasured; unity model only,UNKNOWN,RESEARCH_ONLY_MAGNITUDE_SURROGATE,21,26,-0.6185798472302644,0.3074034506652779,21,30,-0.5146393044460253,0.7377126731507614,21,38,-0.3764185533390118,0.9175480127585955
R5_aB_m0,24,1775,los,4.03363403754911e-07,0.0003903826083067606,-0.9979356300739797,21,1,25,unmeasured; unity model only,UNKNOWN,RESEARCH_ONLY_MAGNITUDE_SURROGATE,21,26,-0.9988435562267575,0.4956869093002068,21,30,-0.9987193084706127,0.9465514551255821,21,38,-0.9984049625321813,0.9858881359380055
R5_aB_m0,24,1777,los,1.867592265496968e-05,0.00036124105500101675,-0.9016841902133647,21,1,25,unmeasured; unity model only,UNKNOWN,RESEARCH_ONLY_MAGNITUDE_SURROGATE,21,26,-0.8936590586645548,0.5008521065124222,21,30,-0.8908362127656834,0.9475750895784104,21,38,-0.8905341057949501,0.985329492601096
R5_aB_m0,24,1779,los,6.424189982952582e-05,0.0003186320435221944,-0.6644227117304184,21,1,25,unmeasured; unity model only,UNKNOWN,RESEARCH_ONLY_MAGNITUDE_SURROGATE,21,26,-0.6273671227800779,0.4986753867714604,21,30,-0.6095131266151083,0.9470797893958002,21,38,-0.6069490128177856,0.9855200157842361
R5_aB_m0,25,1793,full,5.2556440510337764e-05,0.003860792464893682,-0.9731399158210701,12,1,17,unmeasured; unity model only,UNKNOWN,RESEARCH_ONLY_MAGNITUDE_SURROGATE,12,17,-0.9750062318448838,0.3666018366351865,12,21,-0.9727095921745765,0.8793513496874065,12,29,-0.9428224786220696,0.9921000824650111
R5_aB_m0,25,1795,full,0.00021242272487797357,0.0037133659876489684,-0.8917808672687115,12,1,17,unmeasured; unity model only,UNKNOWN,RESEARCH_ONLY_MAGNITUDE_SURROGATE,12,17,-0.8827481422241819,0.3694276208664255,12,21,-0.861431642889079,0.8824724057673176,12,29,-0.8230385169261408,0.992191641933695
R5_aB_m0,25,1797,full,0.0006053128591155051,0.0033952863837505773,-0.6973889048272425,12,1,17,unmeasured; unity model only,UNKNOWN,RESEARCH_ONLY_MAGNITUDE_SURROGATE,12,17,-0.6713274917572728,0.37246667458848337,12,21,-0.631411814781462,0.886972935700503,12,29,-0.5893875231266289,0.992253160099761
R5_aB_m0,25,1793,los,3.883780308000984e-05,0.003938535755235269,-0.9804706284131579,12,1,17,unmeasured; unity model only,UNKNOWN,RESEARCH_ONLY_MAGNITUDE_SURROGATE,12,17,-0.9842731264213213,0.39748451516348154,12,21,-0.9863784462750018,0.922075385891786,12,29,-0.9867997816963651,0.994457896663881
R5_aB_m0,25,1795,los,0.00019108234172687396,0.00379640156276138,-0.904158940171874,12,1,17,unmeasured; unity model only,UNKNOWN,RESEARCH_ONLY_MAGNITUDE_SURROGATE,12,17,-0.9043120081237763,0.3995988783756284,12,21,-0.905905260238912,0.9229864686812087,12,29,-0.9065344614628308,0.9943608619717541
R5_aB_m0,25,1797,los,0.0005825304768238656,0.0034795050233193694,-0.7131829710482223,12,1,17,unmeasured; unity model only,UNKNOWN,RESEARCH_ONLY_MAGNITUDE_SURROGATE,12,17,-0.7027774434444697,0.40023511884898155,12,21,-0.6995741072824728,0.9232867708641651,12,29,-0.6993322420957245,0.9943335874401282
R5_aB_m0,26,1811,full,5.6895673618304084e-05,0.005126830885798954,-0.9780483507507001,13,1,18,unmeasured; unity model only,UNKNOWN,RESEARCH_ONLY_MAGNITUDE_SURROGATE,13,18,-0.9872404471407012,0.4476934997580947,13,22,-0.9832890148689791,0.929526095242978,13,30,-0.960820535500612,0.987691869303763
R5_aB_m0,26,1813,full,0.000146722329889503,0.004560358450154512,-0.9376588859441112,13,1,18,unmeasured; unity model only,UNKNOWN,RESEARCH_ONLY_MAGNITUDE_SURROGATE,13,18,-0.9566050908798511,0.44543613562449347,13,22,-0.9645903372924375,0.9277602109044314,13,30,-0.9448094041186531,0.9874443340843577
R5_aB_m0,26,1815,full,0.000595177624426466,0.003763026671167056,-0.7268702501953678,13,1,18,unmeasured; unity model only,UNKNOWN,RESEARCH_ONLY_MAGNITUDE_SURROGATE,13,18,-0.7611422638573028,0.447210323286482,13,22,-0.7890914217199171,0.9282806588738602,13,30,-0.7784356730357812,0.9869713359600261
R5_aB_m0,26,1811,los,5.074308714142189e-05,0.005031725820616729,-0.9800321111403301,13,1,18,unmeasured; unity model only,UNKNOWN,RESEARCH_ONLY_MAGNITUDE_SURROGATE,13,18,-0.9827433017956954,0.4461170851075277,13,22,-0.9836138218006307,0.9362119034691404,13,30,-0.9836132357748831,0.9908943373623715
R5_aB_m0,26,1813,los,0.0001296416937810972,0.004485425172690439,-0.9438180648159425,13,1,18,unmeasured; unity model only,UNKNOWN,RESEARCH_ONLY_MAGNITUDE_SURROGATE,13,18,-0.9525136970739976,0.44685224815075447,13,22,-0.957603952417817,0.936570288126006,13,30,-0.958575781031811,0.9908797574197251
R5_aB_m0,26,1815,los,0.0005587697650158,0.00370720814148616,-0.738034384020529,13,1,18,unmeasured; unity model only,UNKNOWN,RESEARCH_ONLY_MAGNITUDE_SURROGATE,13,18,-0.7569224178422469,0.44816183422232636,13,22,-0.7683280140018095,0.937105790463771,13,30,-0.7706729741547467,0.9908223707931799
R5_aB_m0,27,1829,full,2.7778587677063744e-06,0.0002926171036026048,-0.9811922400746698,22,1,26,unmeasured; unity model only,UNKNOWN,RESEARCH_ONLY_MAGNITUDE_SURROGATE,22,27,-0.9255690905702854,0.4170646036893834,22,31,-0.7434934220643511,0.8462035719509557,22,39,-0.6381558032332494,0.9265458884931219
R5_aB_m0,27,1831,full,2.7369143651061658e-06,0.00022819163143043584,-0.976296439613582,22,1,26,unmeasured; unity model only,UNKNOWN,RESEARCH_ONLY_MAGNITUDE_SURROGATE,22,27,-0.8824999141422495,0.3837922233637246,22,31,-0.6068157429250831,0.8179954505417751,22,39,-0.467152889092,0.9229642160998099
R5_aB_m0,27,1833,full,2.9127239310185493e-05,0.0001685312674168215,-0.7052771490334678,22,1,26,unmeasured; unity model only,UNKNOWN,RESEARCH_ONLY_MAGNITUDE_SURROGATE,22,27,-0.6199339664440555,0.3688232287503903,22,31,-0.35247977274638903,0.8092551008805882,22,39,-0.2329788287266345,0.9223948159872978
R5_aB_m0,27,1829,los,3.55108639710842e-06,0.00031422300201355586,-0.9776502457146897,22,1,27,unmeasured; unity model only,UNKNOWN,RESEARCH_ONLY_MAGNITUDE_SURROGATE,22,27,-0.9780333651324308,0.44490275515834615,22,31,-0.9762471348016206,0.9355413572279252,22,39,-0.9753874753595917,0.9909238097590923
R5_aB_m0,27,1831,los,3.5112753090272553e-06,0.0002458622563266395,-0.9718392302022076,22,1,27,unmeasured; unity model only,UNKNOWN,RESEARCH_ONLY_MAGNITUDE_SURROGATE,22,27,-0.9817598199302026,0.4455385355225071,22,31,-0.9858924772296446,0.9359372498300919,22,39,-0.9861959757192522,0.9909396535478282
R5_aB_m0,27,1833,los,3.1958530885626226e-05,0.00018325139551746725,-0.7030013306564019,22,1,27,unmeasured; unity model only,UNKNOWN,RESEARCH_ONLY_MAGNITUDE_SURROGATE,22,27,-0.7408296885037833,0.4486878950554369,22,31,-0.7615670079960576,0.937069292678716,22,39,-0.7653703703575445,0.990756256290558
R5_aB_m0,28,1847,full,1.7967863825867556e-06,6.281814425985487e-05,-0.9443847926563723,34,1,39,unmeasured; unity model only,UNKNOWN,RESEARCH_ONLY_MAGNITUDE_SURROGATE,34,39,-0.7946062909033546,0.3400778054876363,34,43,-0.6475862503976785,0.7565006317760057,34,51,-0.6084526555258544,0.824447594698232
R5_aB_m0,28,1849,full,8.770937019669291e-06,4.439514200129576e-05,-0.6700551486518073,34,1,39,unmeasured; unity model only,UNKNOWN,RESEARCH_ONLY_MAGNITUDE_SURROGATE,34,39,-0.3756319942156736,0.309316468374077,34,43,-0.16357201019631487,0.7478606948605134,34,51,-0.11409363553536103,0.8347885983252105
R5_aB_m0,28,1851,full,6.402723535785853e-05,6.745528884484364e-05,-0.026072312710548506,35,0,40,unmeasured; unity model only,UNKNOWN,RESEARCH_ONLY_MAGNITUDE_SURROGATE,35,40,0.21209128637103256,0.4242158030105417,35,44,0.34736746089086834,0.8002748329249008,35,52,0.36472602562895734,0.8443258226334711
R5_aB_m0,28,1847,los,4.3704285294473605e-08,5.923349246547046e-05,-0.9985254267175208,34,1,38,unmeasured; unity model only,UNKNOWN,RESEARCH_ONLY_MAGNITUDE_SURROGATE,34,39,-0.9967402980726188,0.4881788405686603,34,43,-0.9926178766333874,0.9445291431686041,34,51,-0.9911359217226063,0.9865067809929898
R5_aB_m0,28,1849,los,1.987723483473289e-06,4.308856039330359e-05,-0.9118062398884945,34,1,38,unmeasured; unity model only,UNKNOWN,RESEARCH_ONLY_MAGNITUDE_SURROGATE,34,39,-0.9252747998481613,0.4880485076760613,34,43,-0.9293725121475293,0.9446671074060116,34,51,-0.9291217734941946,0.9865912347133328
R5_aB_m0,28,1851,los,1.0792719169097895e-05,3.1950553361509423e-05,-0.49499799476656753,34,1,39,unmeasured; unity model only,UNKNOWN,RESEARCH_ONLY_MAGNITUDE_SURROGATE,34,39,-0.5485052152181169,0.4917192483466201,34,43,-0.5762581542728451,0.9454199348274159,34,51,-0.5804037504873487,0.9861877088240698
R5_aB_m0,29,1865,full,1.1785005063047546e-06,2.535647039276856e-05,-0.9111737856591422,47,1,52,unmeasured; unity model only,UNKNOWN,RESEARCH_ONLY_MAGNITUDE_SURROGATE,47,52,-0.7212090880768102,0.31282717985539427,47,56,-0.604561633077669,0.6937187314388297,47,64,-0.5807052841577036,0.8255562369950761
R5_aB_m0,29,1867,full,1.2104364977961317e-05,3.1043433367814406e-05,-0.4389347571822809,48,0,53,unmeasured; unity model only,UNKNOWN,RESEARCH_ONLY_MAGNITUDE_SURROGATE,48,53,-0.14153900383494425,0.38931285874975013,48,57,-0.04558209864950494,0.7229869168469178,48,65,-0.04158407235889964,0.8065364224570205
R5_aB_m0,29,1869,full,2.8029041996892064e-05,2.2660832754069102e-05,0.10590298889466425,48,0,53,unmeasured; unity model only,UNKNOWN,RESEARCH_ONLY_MAGNITUDE_SURROGATE,48,53,0.3392313996653303,0.3969557677478538,48,57,0.3730391911039392,0.7669407794175851,48,65,0.3697178485721047,0.849911254862809
R5_aB_m0,29,1865,los,6.325847989171658e-08,9.647595278902888e-06,-0.9869715925163784,46,1,51,unmeasured; unity model only,UNKNOWN,RESEARCH_ONLY_MAGNITUDE_SURROGATE,46,51,-0.9836883646416212,0.4059346377647355,46,55,-0.9760231446681399,0.923928463326271,46,63,-0.9726494972744326,0.993794427548534
R5_aB_m0,29,1867,los,9.983855054671811e-07,6.873789603768899e-06,-0.7463507882857385,46,1,51,unmeasured; unity model only,UNKNOWN,RESEARCH_ONLY_MAGNITUDE_SURROGATE,46,51,-0.7783207569670725,0.40574519841613305,46,55,-0.7893037783792086,0.9239006071009696,46,63,-0.7898937161906819,0.9938004229486591
R5_aB_m0,29,1869,los,3.4500880174904163e-06,5.435521029334051e-06,-0.2234436605730687,46,1,51,unmeasured; unity model only,UNKNOWN,RESEARCH_ONLY_MAGNITUDE_SURROGATE,46,51,-0.3031396246213145,0.41044557202259857,46,55,-0.344797581929711,0.925425525804777,46,63,-0.35322187352814055,0.9934755518130086
