case,drift,seed,arm,status,rows,keys,available,outside,not_in_tnone,source_sha256,output_sha256,output_bytes,max_F_diff,max_G_diff,cov_invalid
R2_aA_m0,0,0,A,COMPLETED,9,63,6,3,54,44eb94718dce824f059790a594b828bebae0190d0cfd64dbb362eb2b966e1cc3,4b9c92f229da1891cd461d9530544192d6f503d29b80eef0d99c89467d210780,38347,0.0,0.0,0
R2_aA_m0,0,0,B,COMPLETED,9,63,6,3,54,8cf6967a4ce0dcd8d8db3cd79ac174dde2dce6f72b29690a69abdc4ea5b2f6b0,4f1a23479e40685da0750d4cd4568c46b08a3875af217cc88366af7e3cd48b1d,38834,0.0,0.0,0
R2_aA_m0,0,0,C,COMPLETED,9,63,6,3,54,b8f86b51233db4086a32601e60d26b79c3870fab78d26a3ec865a1032480c68b,050653eec4ea8bd62677795f61832fe6bf863f28717785befe9f96a872df89b7,39467,0.0,0.0,0
R2_aA_m0,0,0,D,COMPLETED,9,63,6,3,54,d439ea0c99d6af99f903ac237d2692a701c7d0af62110948956eed08af591b45,fc235833c6dd0e64145f72ebcbad5ead1e4cb7170cdf14dbe9cb915de8a95263,39423,0.0,0.0,0
R2_aA_m0,0,0,E,COMPLETED,9,63,6,3,54,6dd111aa01682a5cd6ae8df968826e858336df6c457c12f18b9161a68e7aceea,625db0f5db5dc6b285ed3794a8e6c5db7d635bb30409eb00bccbb14f8b3888bb,39915,0.0,0.0,0
R2_aA_m0,0,1,A,COMPLETED,9,63,6,3,54,87313680149b9c86c1feee1f7e8fd23801463ca83957f91758e80efdb508ee04,34759e28276cd1c81bc22e4166dcef2b54f411cdd3259bf971ae26a170e16585,38368,0.0,0.0,0
R2_aA_m0,0,1,B,COMPLETED,9,63,6,3,54,aa0504752c2f05949173e5d01f28b7c3f87dc17b76cea557de1b5d739001d010,cc09cb5cdb8e3399d003bfdc04471830e4568267c954a645030a9ca41d40f93a,38957,0.0,0.0,0
R2_aA_m0,0,1,C,COMPLETED,9,63,6,3,54,be4351ef6f000ab2ca49be0ba022eb1a2d528c7fcdd7b9c9e00063e64b4a7ffd,e153b2217255eabb9daa1274d40691cc552208efb42cedd27907376729c97621,39486,0.0,0.0,0
R2_aA_m0,0,1,D,COMPLETED,9,63,6,3,54,e26851157a0b96f0b9225821eb03e9962d993c7d28591573d85a2aaa0659feda,edbf96144fe506ce67abab47b29849ae6be77c1b889ee3ae54b036a9b40d362e,39471,0.0,0.0,0
R2_aA_m0,0,1,E,COMPLETED,9,63,6,3,54,8163fcb9eb78d314a20fe39d9b54e5847ac73d5ee47bfe11b411aa46c3f59bc7,9ed612a32704780cdc1d867a70def9ab3f55b66da3e7f32fe514b81a58279567,39995,0.0,0.0,0
R2_aA_m0,0,2,A,COMPLETED,9,63,6,3,54,179c9318fe287d2ef0399148b999ba9983fb888a96e0c4e85fa73e0840adaaae,3e5d4f9236bd4343beeba311f4b722954313cf41f658faf9daa8a03cff9921d3,38341,0.0,0.0,0
R2_aA_m0,0,2,B,COMPLETED,9,63,6,3,54,ecb49f29af8e3abb42841c52be62cceed962a2831e0d88522ca1922008ea6813,94894b06fd62398cedf36195a51f8192dbda1b002a65dccf858230344ffe1719,38996,0.0,0.0,0
R2_aA_m0,0,2,C,COMPLETED,9,63,6,3,54,57b6c1aebccf4765462e74552c2f844deb647208dc4ec9cb05e6637e71528c15,88d7399c48de6572b5ef115ee90d959ddf5b9a5ccd48725f0013c5e15c71f6ad,39525,0.0,0.0,0
R2_aA_m0,0,2,D,COMPLETED,9,63,6,3,54,c43821f94ba1a64beecd4c39b9d7448bb51f4b82db6618d75073a68995f7dca1,a1e8e5f1df22fcd7dd36e4fe7e932fc9f6499a0564237519e112fce296424675,39461,0.0,0.0,0
R2_aA_m0,0,2,E,COMPLETED,9,63,6,3,54,65ff8fbfb667584648f83f1713d263b3f8f4777a042dd5852dd07fde9d1ceab5,68e85f91697cddaf7c50d3059bb322f662c1f49f9e676392196570468ced9eeb,40003,0.0,0.0,0
R2_aA_m0,0,3,A,COMPLETED,9,63,6,3,54,76f73cd564ff63a34650dbe542d46d7424ae2bfc27c623c5ed3b09c9795dba6b,6d4c3ae280cdbe94173ad42f574596ba0af815776c67719ede9a74e8f57c3a93,38311,0.0,0.0,0
R2_aA_m0,0,3,B,COMPLETED,9,63,6,3,54,f3a29499b52dfcf30cebf1b11d9111603efaa99d89e8aa1eb4fbc3e21712845b,d5f03e2e6145f24ea78bf98ba32c5dab9b7e9d0b972ae99ce51f7dd93c5cb518,38958,0.0,0.0,0
R2_aA_m0,0,3,C,COMPLETED,9,63,6,3,54,de50230eca868b85e09a41e1d79ff9c45eb714f8a465fda0d264f955da8c9a5f,e7b47bb9d88bc6c82f31b2891530471f9d156b0a67aaea1ff9205db606804f32,39479,0.0,0.0,0
R2_aA_m0,0,3,D,COMPLETED,9,63,6,3,54,61e2dbe47db1932d4391c5327240fac76420edf1ec92f979a4c4cf789722bbea,075bf850ca63dc45e58689488009fecd9567a79c3a74e0e1e14167853a8d2b2a,39452,0.0,0.0,0
R2_aA_m0,0,3,E,COMPLETED,9,63,6,3,54,7ded30f604493b6ab8bd0ee2e1228c4a9ed043cfdfc120a96be00e46e009c33b,484801a45ecdb39b0f9eb26d859724fdda066b4fc3c48a86bbe3c94f16ddfaaa,40041,0.0,0.0,0
R2_aA_m0,0,4,A,COMPLETED,9,63,6,3,54,17750422d961d0867c90ae6d15640c41870b2ece316daff30fb86ce9a9106f49,8c8c691c1e4cd77b1bd29861eff789e11ab5c30a766904ee679edb93f324473d,38311,0.0,0.0,0
R2_aA_m0,0,4,B,COMPLETED,9,63,6,3,54,5e66a0c3c90bce5ca41cc2206c4bbaea03c01c56c7de45941a41bd1b3d042b2e,0bc1f58c66efb2dc1ab668ff934d85fe3f2255db3fa3565f75ea020e44ab25e8,38887,0.0,0.0,0
R2_aA_m0,0,4,C,COMPLETED,9,63,6,3,54,bb4eba3a09d526505e59e471209d12ca52b763601177fe6a261f6c6db0843909,bf6bbde89eeeaffb9d855b04fd1eefeb2a9d89bcbf75428124d3aa24f00537ea,39450,0.0,0.0,0
R2_aA_m0,0,4,D,COMPLETED,9,63,6,3,54,08c7962e36acf6e81fbec7fee3a6f8bc1f0f53597bb371b6501830f0091dfe54,e3de761df5cce4c3bdcb74b44a5bd7e03d593d64a775e38420fee5d4077fac73,39425,0.0,0.0,0
R2_aA_m0,0,4,E,COMPLETED,9,63,6,3,54,308785839f85ed31990e05e14510c73a2801533f7bd6842057cdbcfc27e891be,dd3b2451ae4e05140ba51b4f4b095d7195340312f5e5cd95421014e85488c550,39999,0.0,0.0,0
R2_aA_m0,0,5,A,COMPLETED,9,63,6,3,54,1c2a319f887cf76b23cfbc18725216ded8bbec5279facd366bbdb31bc0cba6e0,6bbfd336b3fe9d6c8c379cf06edaf9b0d9bf430bf8cfa50a657c1c2882d95ee1,38252,0.0,0.0,0
R2_aA_m0,0,5,B,COMPLETED,9,63,6,3,54,6702dc84b1fe13dd06c6f49435dc7222f24c7f618a997dabb95fd8ac4f146f00,05bf7ebbe5a1bf42f3843c5fc7b958996f93f855fd214ad65c099fb2d5d8deef,38887,0.0,0.0,0
R2_aA_m0,0,5,C,COMPLETED,9,63,6,3,54,dcd95c7af282d74e43805c0cacf52a4be5fdcbc8804fd263153ea6f2f6affa62,cb8d34c865ef6b5a623d7a5943a04ba4049e30be515402b4f75578df7ba60824,39483,0.0,0.0,0
R2_aA_m0,0,5,D,COMPLETED,9,63,6,3,54,f03b9c9d48cd261ad6278c4e3d08e575f1344837f760a57da1cad4ab6b0906a7,adaf19f540395ba882ce7f43a5bafe6ef5f33b7c2a244f6b95db8d2435a42440,39422,0.0,0.0,0
R2_aA_m0,0,5,E,COMPLETED,9,63,6,3,54,f1693479258dfd53af1a5ec5a5c5b0584f2782ce8d0c9a1ede212895cf4bde9b,788343a33ce21f2247fea91d18225a98420da6638bd8d0da5f82fef3e191edba,39990,0.0,0.0,0
R2_aA_m0,0,6,A,COMPLETED,9,63,6,3,54,0d7047f01b11da5290bcbabfd74cc35650d911e7bba4e21c8b8d2d78a7f76f92,a85578c5950364b65d39abbbfbc030fe0d03339dbe0946643552a7bada20780b,38322,0.0,0.0,0
R2_aA_m0,0,6,B,COMPLETED,9,63,6,3,54,28165645d93da3b717e4ce42559be5f5fdd2ce8f279f918b2aacad0e734edb22,0316e425dc00e3cfd5c184ce5b0b67706374449dbb640bbd8075694291639664,38889,0.0,0.0,0
R2_aA_m0,0,6,C,COMPLETED,9,63,6,3,54,99de04b7a2a850bfbd8aef8bc6f52873ce1f144f02684565b7c1bbcfb92d2666,92ac402e467e8cbeb8c9a0f573131bf1f6207ccba6b542a670fd399f7fee5bc5,39407,0.0,0.0,0
R2_aA_m0,0,6,D,COMPLETED,9,63,6,3,54,90654755cd11d33f06b87c1e16fbe95082f4b3f9a2e65177e0950c513e8960f4,5ddc38c913b6993919c14fe2fa60119c3b74ee601717c99006b70707d44a54e1,39431,0.0,0.0,0
R2_aA_m0,0,6,E,COMPLETED,9,63,6,3,54,b04ccbb37831e10b77af4b595e88fef7a1e5b72d11dc4bf2ec1362d59e0477ad,cc81fda4e9f8e99506ccb18de643095598714dbf6b1d2834400a956cecf7d33c,40005,0.0,0.0,0
R2_aA_m0,0,7,A,COMPLETED,9,63,6,3,54,efaf8faf3e0f304686f3a9c71bedca0f3abdca94b08f0b8238ce53ae5b2e90a8,1462e8ebcd3d1934829a90802630dbea6f7e9efa03ff086d66adcb22b512424a,38343,0.0,0.0,0
R2_aA_m0,0,7,B,COMPLETED,9,63,6,3,54,85a50385fae389063c87956f69e37830f64ddfee37fa08d279f99e60705386f1,1ecb5b1d7eb169c2aea7d2f776804861eca29bd712304fe87ad933024bd99023,38937,0.0,0.0,0
R2_aA_m0,0,7,C,COMPLETED,9,63,6,3,54,18ed47cbd99b70bbcdd84f1d4f6f5c7405cf91a4e4feb584c7046ab681e13ce4,44fae3e3968776bc63f3bf2395d67908283c93e7d0f6ad4fe9ea74bbaebc0020,39466,0.0,0.0,0
R2_aA_m0,0,7,D,COMPLETED,9,63,6,3,54,32ff320a050df1e8328a6f5c256ab8857ed87c05e191f4b0bdfc2284bc986fbf,518b0224975717958f4793d546cd03e57b38b51eaae7443587d4b808cfb03192,39425,0.0,0.0,0
R2_aA_m0,0,7,E,COMPLETED,9,63,6,3,54,8ce69873bbdbce8addda2da0f1180ee26ef051d3af59ce964b4043cb1fbfb8f6,84e51fe910aaa68de563c6f3c0aa401bd7dbc05d1858973a442a9efc3bed7cda,40009,0.0,0.0,0
R2_aA_m0,0,8,A,COMPLETED,9,63,6,3,54,39eda541af73e7028b4ce2af0c061cd810e635879e5652c75e900f9d57a54dc3,1e979e6463d0de62ae00179604dfb6be2f48377c07aa3bf99745405b50ad447d,38373,0.0,0.0,0
R2_aA_m0,0,8,B,COMPLETED,9,63,6,3,54,bb4bacc103e88576a2290cce7e3c78abc489a10084aa14e34b0ccd9552cb9ae2,9ec36cd841801addeb427dd2e42eaa135f536777897265c282beb7437d47f0e4,38916,0.0,0.0,0
R2_aA_m0,0,8,C,COMPLETED,9,63,6,3,54,63fd2af2deb547a511daf9d900201471fb900596f772f32c1f67bde04fea7dd9,f80a370b36615e01f1de50276d95b277f7dda7386b4972151b3e0b6080d8544b,39458,0.0,0.0,0
R2_aA_m0,0,8,D,COMPLETED,9,63,6,3,54,3c735272b8f4a1483750b69f1ef82123154e3b78ca13b9a3b0a5e7039c42d88b,3bc38b2fdda4dc2f800ec43791fd797532dee4d82b80ccc0c1901adb6ef79ec7,39446,0.0,0.0,0
R2_aA_m0,0,8,E,COMPLETED,9,63,6,3,54,664b35a8a9d284be904102d900ae3f8a08b61a127f9393eb552ba5ee07c519b2,a2c7e21d82426dde600fef4a4944710a6a4af87fd7372bc9aefaa4b2cd6f9056,40009,0.0,0.0,0
R2_aA_m0,0,9,A,COMPLETED,9,63,6,3,54,97d412a01d5563fcfee4084832ab4340d88ae42e5da7519082c0f99e4e98a265,f75239a283155e6829c8670f7b28038b9d66be984c2bf8af1affd86f0c92f04a,38302,0.0,0.0,0
R2_aA_m0,0,9,B,COMPLETED,9,63,6,3,54,c6d5177861b91b43b7ae841364b63189be8410193c8106b7d529efed656ff18f,10277387c2ca1dcad037926d8cd724ee38428631fffcd3d75b16a8143d9e118a,38896,0.0,0.0,0
R2_aA_m0,0,9,C,COMPLETED,9,63,6,3,54,7a5e548f160362020defaf150b9e26530b913462273c1740db795b7eded11ce1,5eecb3cd2b1716885fed601a925a5a16f8d6d7526babb52794db630f91242dcb,39479,0.0,0.0,0
R2_aA_m0,0,9,D,COMPLETED,9,63,6,3,54,78d250bc1a29d511962be375b65baeadf71522a5eb4c3b817a8e1e68225c9aea,f43e6ce762455de2961026420a2af18eedab3b606ba180b223dbe1ad9eaca0e9,39396,0.0,0.0,0
R2_aA_m0,0,9,E,COMPLETED,9,63,6,3,54,2bb306a8d7a89c14a30de8fd5c3aff1356cb03ba900adfde0115b93a85bf4436,644b425f72e1a10951b2fe7a74ce8e6f0995d87608dec8d3dd9c935617c9e000,39975,0.0,0.0,0
R2_aA_m0,0,10,A,COMPLETED,9,63,6,3,54,26baf4c51241d5b6d6d396702d6caae0e73f68d36a4dfd0f6e80251b936249af,492bc6036a7e9f4e64fdb4a25576bababcd1f8dbd196880bb8f8e7287f025e4c,38369,0.0,0.0,0
R2_aA_m0,0,10,B,COMPLETED,9,63,6,3,54,8c1587bcc771edbd2a7337cd12d8660abd14ae9a0f1e39ede0d0c4d106b24678,f1fe32c4b0a3ae4ca6c95fa4f6571cec6d1d71ea83cbee253329e5aeb139d22b,38982,0.0,0.0,0
R2_aA_m0,0,10,C,COMPLETED,9,63,6,3,54,cef552969792943695fc765fd0d7d6ef0aea190b91485c5f32035624e018e2ae,f0c80f8be956dd8d611c796ab1a6b7987036d150f9b042b2fedb171c92759b06,39404,0.0,0.0,0
R2_aA_m0,0,10,D,COMPLETED,9,63,6,3,54,c3e026b4e8e2b4870e33867749871dcc965b4187de100c25f2323995cb2ae15c,cff8d4eae0429b8d3c666f1342789853f649001d531c51323be1291f1cc910a2,39448,0.0,0.0,0
R2_aA_m0,0,10,E,COMPLETED,9,63,6,3,54,cbfe26baa6b4b70c737f9b3b992737a76d0c469a8fcf77f51e1bdcee10884ec3,7c7faf6b1ba6de848da9e4b61bd3c039e2a533d43f57977d1aecfd899029eb16,40045,0.0,0.0,0
R2_aA_m0,0,11,A,COMPLETED,9,63,6,3,54,9a2e25dea2e1458705e4397f356399e15d298b2ea384f43861fe120d10e152f0,ec3ebb25c47f7be3f6fc7b92a1bc44a3984fc07ece579b5872a2f526f9c4b9a4,38303,0.0,0.0,0
R2_aA_m0,0,11,B,COMPLETED,9,63,6,3,54,8d531ed4dffee0f4d02abd9f462e612cc69d67ba0e5aea6da2a0804704a10fe3,fc19cdcd3dc3c620a7c25082351a3c69c830a356723b749f3dd18ccebea0c73c,38941,0.0,0.0,0
R2_aA_m0,0,11,C,COMPLETED,9,63,6,3,54,db275fe95470df3ae142de5ea35f6e1cb851d55108c827f0006aafb7303514ef,2f72f4e33a70b0611246ead0033d5f64c4bbc076f1e32615ecf5051b4dfa0805,39478,0.0,0.0,0
R2_aA_m0,0,11,D,COMPLETED,9,63,6,3,54,3d10c8d1278e724903aa2736bb894fa63ff67eedfe891d0540a9b36865d6532c,0567b1a9d219ad85713e21abc9ac24995819b4fb22ae33594395f24aa5f55be8,39434,0.0,0.0,0
R2_aA_m0,0,11,E,COMPLETED,9,63,6,3,54,f6312464fe2318bd4e7332444c06ffb60e830f06be7e9689a965178f28676aab,38199c940a52eeb16db29cbcc08f351546d8642a3a57f3b0e5d71b4b1c58aeaa,39977,0.0,0.0,0
R2_aA_m0,0,12,A,COMPLETED,9,63,6,3,54,c15689ef6f449370fdf8cd63a383835f8bd211ec074729d49852ebecfdd10c56,7d6bd9a0781b4a1143f4115d44c03f21d6d12e2a6469bc06fa522d456e4ea689,38398,0.0,0.0,0
R2_aA_m0,0,12,B,COMPLETED,9,63,6,3,54,0226c8f085d746abd294bec69c484f00bcf5530bcd5f573c5d7394ffccccf6c8,70cdd6eb0ffea5698a11c97be7fe436935e59bfe2fe9e621962b14e2f4e8b5fd,38890,0.0,0.0,0
R2_aA_m0,0,12,C,COMPLETED,9,63,6,3,54,5db87d76cc1b88518f8108e4414276daca52e1d1f966e4b5904b123e96ba13bf,d734f38277ca6df97fd03e5fc05214ea3fa10f7de2c05a77e9c56909a43cf519,39432,0.0,0.0,0
R2_aA_m0,0,12,D,COMPLETED,9,63,6,3,54,d59b3dfbfbe0c37738610b6d75942b9ef99b2298725f45aa58097c572d204d38,1eecf63502dcef86cf108b4736a0249534f06c7079e03da8c4272320cc5e1eee,39433,0.0,0.0,0
R2_aA_m0,0,12,E,COMPLETED,9,63,6,3,54,6aead257ce11772616f17ec870fefd797e9300d712d42b3551a831cf9f2376b7,326a55879280c44a4c1e4770b2c674d777b75983a94dfaed4018dff92d8c9585,39958,0.0,0.0,0
R2_aA_m0,0,13,A,COMPLETED,9,63,6,3,54,49b9c7c7e3db30fbc5d401434c93724221311a1ade3ad5ea1d913e03b80c44b7,8a55d192940cf4c55397c1798d64377c5ce543dbda7bb9ad2693d82dad3912d3,38365,0.0,0.0,0
R2_aA_m0,0,13,B,COMPLETED,9,63,6,3,54,ab61b9f85aa8ccdb5f7da1a82310d41206770bf5ff91554afae1a7355f166e7c,2f7903a6ad6dd741759331f6f7d89fce689e109492892107f286b6f5e2307c96,39007,0.0,0.0,0
R2_aA_m0,0,13,C,COMPLETED,9,63,6,3,54,e4be2b636146a4f1a7991bfb804872ac0c9d98c328cd5741ee2d627d5aa2adfc,6de51c7decacefb30dd5e9083fc444dd7da65ccfc00fa9c236283d185de590db,39478,0.0,0.0,0
R2_aA_m0,0,13,D,COMPLETED,9,63,6,3,54,c31c2e6417c84d9694dd8cbb231b4231a784c388c2be570641a87b3147b8277b,fab38cda797a4bb16565bab7c21fde9a8f6b332f28d08f21fc6b4a833cf66cf7,39409,0.0,0.0,0
R2_aA_m0,0,13,E,COMPLETED,9,63,6,3,54,2a7af05b246cfc9e4a501c0db72ed09691591dde37ac98960455cb2f12c2ea93,1903235ca3ddd16847898567b828660a91bf2fbcf4ae0d1a2809080e968ed03f,39972,0.0,0.0,0
R2_aA_m0,0,14,A,COMPLETED,9,63,6,3,54,e711a5aaf7daae50dc301f356dfeacacc8754768048284e33956db54ac3544d1,d83e595c1ca188a6f97810cca9f356a00c4d814dd836f21bcc0b3e1f18c4ce58,38353,0.0,0.0,0
R2_aA_m0,0,14,B,COMPLETED,9,63,6,3,54,7ad3510595aae686babe8a37cab6de4d617ead441899d7b138ac940c63a00f97,5abd91f4c330b9825398159798b9f2ab797016fcd55ea3daa2c7d83c160944f4,39006,0.0,0.0,0
R2_aA_m0,0,14,C,COMPLETED,9,63,6,3,54,bb9588cb0534ce718c2cb15c3f2dc0e325a6700e270f1c9a5efaf527f3217e60,fa0194c9c8a8414e56d46f797049b12e8851e73524411e0f36966efa700cd25b,39487,0.0,0.0,0
R2_aA_m0,0,14,D,COMPLETED,9,63,6,3,54,1a9bb0682313655a17d28b6c38d597ea00fd42d0336b5084be6af05f0d350350,589e666268d56a372c1e83e36dfdb667f805b2d7715172f13cd522baa1cc939d,39460,0.0,0.0,0
R2_aA_m0,0,14,E,COMPLETED,9,63,6,3,54,e95667008e8a6f210fec586b597a3f73d5c73e578b8b7242c483ea2f70075e1c,c8bbd78cb9019d620d2146ad53021c0b1d67e8dd854c2de1f7187a12ec86fbe3,40080,0.0,0.0,0
R2_aA_m0,0,15,A,COMPLETED,9,63,6,3,54,01f146a3eaa2b465a28f68e7540ad064d36773c50ca7b55516e080b722904ebc,f6b2e917f232187ea6046ced6475c6f51713b1201ffb0b7fec8ea1c320b11e17,38325,0.0,0.0,0
R2_aA_m0,0,15,B,COMPLETED,9,63,6,3,54,057a68cdb9ef817a725e1728209a46a020a617996f296b980d3c77b815a153e3,e7b3f825e908cbf9efa101d43279ce284c7f5be9b7d6d6ffc3cd52ca4fcaab50,38991,0.0,0.0,0
R2_aA_m0,0,15,C,COMPLETED,9,63,6,3,54,67f56b1f946833af5d6e66ba9fe836ced9b084c2a654e3370418d991e1ad58b7,3a1a8ec6df4cf965202c9d19bdcf0abaac8a322bc93de739ee7eec9085c2b1d5,39461,0.0,0.0,0
R2_aA_m0,0,15,D,COMPLETED,9,63,6,3,54,ac6694a0c8e35df9f1db9eb92033d32ad24ddedfadbd26df28b5b6f811aebd79,72cbb54ceb14ba651bbdb5839d07894fe11aeb63549931d8ab82c4289f7a8363,39447,0.0,0.0,0
R2_aA_m0,0,15,E,COMPLETED,9,63,6,3,54,9afb5ba868f4dcd201c198d0655b82ac99c9a1dfe26a5d2083ca709fe231ec4b,c24b107af082bdb0c00acac4331dc2de844d0abd29992cd16ec623e6e58feeac,40024,0.0,0.0,0
R2_aA_m0,0,16,A,COMPLETED,9,63,6,3,54,07ba3c12f18a8078c916828075bb3357462ae7f9ffb92be53f7333c44d745190,f8add2f59c65217686641cd2fb2a887ac6f0f981eed60345c1263936a7562c48,38360,0.0,0.0,0
R2_aA_m0,0,16,B,COMPLETED,9,63,6,3,54,320718c8ed56f749434635f91814df6b9e4b22e16294baf449ced011c9bcdfc8,8a0b13edf640f4d0704a0a00e6d03328a0e7a8a688ca79f8ce45db038be68df3,39010,0.0,0.0,0
R2_aA_m0,0,16,C,COMPLETED,9,63,6,3,54,3f06b76975fb5b9563015dc728b42e400abf2cfb10cba8dee195282d1212cda1,61c553e0a1cd450ea920c679a417a9de6fd390e03b804755035aacc2307124c0,39432,0.0,0.0,0
R2_aA_m0,0,16,D,COMPLETED,9,63,6,3,54,abdf86228613dd726d7868a817856ad8854ea1cddb4add4f707debd545675946,4e783f0bab43d57eab35ebb775275a447ab8406938a62c753e42ec11b1ae673a,39404,0.0,0.0,0
R2_aA_m0,0,16,E,COMPLETED,9,63,6,3,54,6f75f5a2ad14576c4793bd7f265bdb467af3c0eb97f47044b5af7d9b520a3dd9,e6a8671392e4566209f1de428d090f7f19eda66b18f818523c89d8a803d3fc57,39955,0.0,0.0,0
R2_aA_m0,0,17,A,COMPLETED,9,63,6,3,54,d7a139ea45380563c3600e2c8c68ec48b3391273650afe804d99769714347726,024bd556ea56892cf05312156a5d108632e7732f6912224d7255f0bbab8c366d,38349,0.0,0.0,0
R2_aA_m0,0,17,B,COMPLETED,9,63,6,3,54,c08ed8280f7e886dcb1daa4e2a58c3bcee8128d1f754b1052172302a58800f91,9bf3f77c1d7e899191e642c1eb292a4167305e0de0251cd1eba6894f55a9d92d,38901,0.0,0.0,0
R2_aA_m0,0,17,C,COMPLETED,9,63,6,3,54,e2f7c9003b7ba23da73ed7a3c9c997b3acd1f36cb9b9f3f4edc6873453dbaeec,61c2af250aa10cfbeb0376b8a8d7129b24b30de6b0ce1d29d9cd9bd7e86af6a3,39470,0.0,0.0,0
R2_aA_m0,0,17,D,COMPLETED,9,63,6,3,54,fc011f2c681784773ceec496e33540eb3526f215f50e13e28c7a2c2c75e07d76,f6e90a6aac9c840bc081e4431697aa42412440ce1d1bdf8dd412866a1cbb1e29,39416,0.0,0.0,0
R2_aA_m0,0,17,E,COMPLETED,9,63,6,3,54,d5e649964f8339505da613ce624756d46867647a09994de93d3edee6e13da2f2,af8c3019b98ab42dcc85c2b209ce784c37ddb948b438cee4c9711239ed71a6f1,40024,0.0,0.0,0
R2_aA_m0,0,18,A,COMPLETED,9,63,6,3,54,d6c62366e8357674806d213e5e20c6edc8f67844f2da35f381f230e028b4c878,05d32812e867d511d8a3dbdce5c63bdaa830489075237a10c86972131759111b,38330,0.0,0.0,0
R2_aA_m0,0,18,B,COMPLETED,9,63,6,3,54,2d431567bb0eee0f784223c559b7b5e4b53ccfe389c6f4556c523979617a2cbb,dd438487301e47c9fc5589396323a0e70cc142a3178f35d230ed7c05b5644eea,38963,0.0,0.0,0
R2_aA_m0,0,18,C,COMPLETED,9,63,6,3,54,b3152e9ef00eccc6bed6f1496eeb8638f3536867cfc7fae0189ae023897a6333,0f360cd6b446edfd59f54ae44b1176288efe3de6ac5ec351a5bc2b6fd82f2808,39438,0.0,0.0,0
R2_aA_m0,0,18,D,COMPLETED,9,63,6,3,54,2a3403b943a949de0273284198aefe2896f81055a5380d84129a34f8681e44dd,781a791a694d72c44ca665aa29eb4b5ec38b333f5f08ad2584572c4132599fba,39469,0.0,0.0,0
R2_aA_m0,0,18,E,COMPLETED,9,63,6,3,54,0eac7d53bb34615211ddd5f7d748e34646578919edb41b369f207d52d82555f1,d427f7e7a2a5d73770ba54cfff1e9e3760e50d75b6888ddbe273334a2f237064,40073,0.0,0.0,0
R2_aA_m0,0,19,A,COMPLETED,9,63,6,3,54,3e1c90a764554008e56ef91a633c1570866f57a58fa6a9bc2bebf42d54a041f2,148bb0db67ad4a863ee2fb8787fdd4c7c088b0eeaa5682bc98aeb22d5f651a76,38323,0.0,0.0,0
R2_aA_m0,0,19,B,COMPLETED,9,63,6,3,54,eb3dc745016904c54fed833bd66c155380c121a6ff10cc09e2dd5b4851d5e722,cc33d9109ceb2d601be2c1ed2d41ebc9ffdbc30cdc4b8c0f47c33e6215d95c7b,38931,0.0,0.0,0
R2_aA_m0,0,19,C,COMPLETED,9,63,6,3,54,baab43c2f62eaa50959a61076437f4fb850e5007231a074012b459f54cecd7b1,3e12cce7a3ba0e11c68083b563150e233f1567dfa13927171f587586f737270e,39459,0.0,0.0,0
R2_aA_m0,0,19,D,COMPLETED,9,63,6,3,54,d3a231977016a1d45f80887adce541df8ca4d5362e78fa9e8319b851db1e5565,504f66f9d8f8eb8aafc42acb9687c55c80d8c376da0cbb75b6cbbee20de2407d,39415,0.0,0.0,0
R2_aA_m0,0,19,E,COMPLETED,9,63,6,3,54,1dda15ce5ecab120e395139dbfd71ee075c0bd1e4981bb8e2b5aa15ea26145da,4b2894490e68dad7b8bd5a4d3b8563bda72930a5c514d378cbb883db7e00187c,39972,0.0,0.0,0
R2_aA_m0,0,20,A,COMPLETED,9,63,6,3,54,ebf545212f685af3cae83a93bfcb48f0218b26816f2cd8b3f05050a7bf3ef63b,e3b2147cf6cb5d8580462b369fc580cc23ee0457785b8d2672c442d1321e57e5,38274,0.0,0.0,0
R2_aA_m0,0,20,B,COMPLETED,9,63,6,3,54,3bf7cba1415a17bad0df4c3d03f6c0c022138aa30775a50049ad936e8ba1f49c,059ea3f96ceb9ac820208b34bebb46f9626a755bc422a744fd5378a434a0225c,38977,0.0,0.0,0
R2_aA_m0,0,20,C,COMPLETED,9,63,6,3,54,be3d24afd81947ce33b8ba012951bb46240117387a16abce217e48e0d16efd2a,bcb2193a43dcfb2f7f84001c0c877c036e84f7b97109c0dfa3e93335c041b531,39479,0.0,0.0,0
R2_aA_m0,0,20,D,COMPLETED,9,63,6,3,54,1a92e9f2d352b9bb5fbcaffc464bf01f0af1cb4be517234735655b1712523163,db5b603bbfd91ea7bed7ebbb5ce256d7d28f26470fe60da70582b02a75f9fa68,39445,0.0,0.0,0
R2_aA_m0,0,20,E,COMPLETED,9,63,6,3,54,7a754f29fdab1cd2b34257a7f0658d2b2520f6f71da7ca613004e0e7e8732366,bb89da17af9c4a2b1d56d4eec23b63a46e213f305946275137096db703444bee,39992,0.0,0.0,0
R2_aA_m0,0,21,A,COMPLETED,9,63,6,3,54,b2de2dff72702f6cff1453bca864e948a2f5b6b93c8cdeedeb2154b8ef82f4ad,3bb4aaf71065c84e389a1ebed29d5c3349ea73bda7efe9ee8f4483939a1fc9f1,38385,0.0,0.0,0
R2_aA_m0,0,21,B,COMPLETED,9,63,6,3,54,53b570b8068c199dc5faa978d525273069fe54bf6e33bd5da7a90a05d858fd36,7df494e4d427ec4befc2ea9a9c9d6c7e70898255a543302fc8b603212d113911,38951,0.0,0.0,0
R2_aA_m0,0,21,C,COMPLETED,9,63,6,3,54,4350496cd2830a5f3c74a8faac5e32e07769a43e62b895841e7d7c86b57a1c46,88c565d05b57794cfa84b5daaaa4dceae0bc08c01b44bde510d40ed54c56f14b,39529,0.0,0.0,0
R2_aA_m0,0,21,D,COMPLETED,9,63,6,3,54,d90bfb2bd029b079c78668521c6c11d7895d169fc74b0a1005245d1c9c759994,7cea376fbbfc57df5b1a25a54ef916ecdd52d8fae6c99dd67eab8a9b0c770831,39460,0.0,0.0,0
R2_aA_m0,0,21,E,COMPLETED,9,63,6,3,54,2d2488eeb4f8b850fff2e9799ae1020a08058ff7ee8101af83956b2066637fcf,2b89a2a97c99065aae4a3edad380419c493780a9609abfd953336e41c32d1b3f,40051,0.0,0.0,0
R2_aA_m0,0,22,A,COMPLETED,9,63,6,3,54,3aa19d757cb379a26d065e598a02aa318decf83ca054a779cc4a86024e9d021b,5aae4517054ccd5b26ffe22df41eb90a8d669c75df6ea84ad48da96b6f36f380,38313,0.0,0.0,0
R2_aA_m0,0,22,B,COMPLETED,9,63,6,3,54,a241d42145ba2526e3c8194c744b9b67bff89d677da250846d08a4ea0b6f9dd5,2309fd7e5de43470108aa983054c2a0c3b7922d72b087972d82489a3b24841f3,38929,0.0,0.0,0
R2_aA_m0,0,22,C,COMPLETED,9,63,6,3,54,952e1d3cad08b25661ca4d2f6b1bd8fe529b410bf4a85a3cb18158aae6a42657,1984ebf7843ce3973e2819cf7633cd8c7d24d46876af507974b2b32abe806d86,39460,0.0,0.0,0
R2_aA_m0,0,22,D,COMPLETED,9,63,6,3,54,cbea0e6ec616b4473f4deadf5853cfa0e90ef52f9d8c665605ee4cf5b8f0a492,941e7780a644b61a464b7cf41ca6ca5bb4a6eb4fab7570f122aae7cd40b150af,39490,0.0,0.0,0
R2_aA_m0,0,22,E,COMPLETED,9,63,6,3,54,7619d9f812664519056a301581e42a364c6d4cf16f018b0221307588cc6b863b,7aa9346083b63c94596b2b2317fff5e6c5e25ccb8971bf45cf40e1d381b61b31,40028,0.0,0.0,0
R2_aA_m0,0,23,A,COMPLETED,9,63,6,3,54,f5fcdf598a571070aea06c6903bd095bffd463e2bd6fda34b9b2f8fb0e2ba9cb,96e2c8f35e1555fbc12771d221d802d1b768f6b8cf96b26f434b5e0b2c09cd69,38310,0.0,0.0,0
R2_aA_m0,0,23,B,COMPLETED,9,63,6,3,54,1c0cf88fc0f5940c5ba8571bb39fd0b450e7344157b329e1a0f6eef536151a0e,febda7e20789ffd273994568988e44ed678af80fe21624eeb6cb5b1d52e21028,38965,0.0,0.0,0
R2_aA_m0,0,23,C,COMPLETED,9,63,6,3,54,3cb8566e0cc7c2ef592f653b0e7fb066b3a6c0a312c2229b450be6784a9a932a,ab9d1167e9bba1d18b8225490c685931a5bccd9d9ef37273c76ca7d778e77962,39418,0.0,0.0,0
R2_aA_m0,0,23,D,COMPLETED,9,63,6,3,54,bd52f0c86d7be03e7ce0ea996a2c881ecefa0e669d922b17e56ed1487ba70f90,c911ae33fae1faa6da27f065b141c3c4ccce01221652ad4bc9fc5c25fb3d6fdf,39469,0.0,0.0,0
R2_aA_m0,0,23,E,COMPLETED,9,63,6,3,54,e240edd738a94e05e11cce0ab2b2140213cebc139fed674decf52decb707e49b,3c3d0ea254be6048e692dce5f4c2de10afa62c4d4bbeb2beb3cef1f7e51769e3,40011,0.0,0.0,0
R2_aA_m0,0,24,A,COMPLETED,9,63,6,3,54,769d550a40e27f7faa8a9c815cf2e9b330cf6adb149bb99067f33876e367870b,35e28fef4c184f5667ce32f1f88c48c9f40c2e4ecae14b899f011cfec049f7c5,38279,0.0,0.0,0
R2_aA_m0,0,24,B,COMPLETED,9,63,6,3,54,4904162fffe34ad11bf4cfa63a31dcfca9ecf61733f695f291d931048b1ee7fb,ac96e3ddf5e7dae30d7842b714ad6d699f8c63d706ae29e85d8ad16d88abea5a,38966,0.0,0.0,0
R2_aA_m0,0,24,C,COMPLETED,9,63,6,3,54,fa7b8a1f137c8406b63962faa0395f55cfade7505352b800fb15b8928b3e2dbe,b54e480c38349102e5a5d23bc4b1e7f0ca2d806423394214e1c4ff17495694d3,39469,0.0,0.0,0
R2_aA_m0,0,24,D,COMPLETED,9,63,6,3,54,e768fae3b37d76100b23b597029d18aa8291dd6c90d9a743ef3e55d2828e96b3,7caa14676f81e0b0546b7c05ceea28c523b95b3ddb5bc72f598db962d4b5f9c0,39417,0.0,0.0,0
R2_aA_m0,0,24,E,COMPLETED,9,63,6,3,54,e6dbc5fa1523b76cb75c19ef12c4d83f50d38ff0f84163205a5ab8a4d0077bc1,b42007af94d556cd127145b41d3f0ecee989159f081c35c1caeccabedce5f7b4,39999,0.0,0.0,0
R2_aA_m0,0,25,A,COMPLETED,9,63,6,3,54,84c5b91b222d9dfb33adf0dbee049d528ba8c5f792c211589217da3bc1afc8c2,4c766b02b7e79626d6e6ff5e115e84c5594493f889925ae7fce95d6698ee1cff,38391,0.0,0.0,0
R2_aA_m0,0,25,B,COMPLETED,9,63,6,3,54,b66586548d6d5ff68e395ba8e882eca231b943d55ee28b2a9699f46e21bd06e9,73ecde9fdda213e3ff4c681bfed54cdeb0c0fab7eb6483c90b890a5526158acb,38936,0.0,0.0,0
R2_aA_m0,0,25,C,COMPLETED,9,63,6,3,54,0f051fe9bb523cfd32bbe637315aaa29570a1249efcf9d1b0bae913c5f42b9cb,bc354cea84696166d718a6b993cb2363f2174cab0c5636dff563a66f1a25b1c6,39477,0.0,0.0,0
R2_aA_m0,0,25,D,COMPLETED,9,63,6,3,54,ec60c626abf4727989afc63264898b0bcc71761d1241a1c799ffdcd805dbe93a,8ed8f4f992d6f665e86a44a8bd2c970214a6632fa80ffb5400b7ceacccaef97e,39423,0.0,0.0,0
R2_aA_m0,0,25,E,COMPLETED,9,63,6,3,54,38d6ae175c93ce4c4d0783fc60fc46b89dad3301c208102fb4808bb582aaa3ee,fc1985fa5230b8ab6301b20bc4c0a7b07693e5c8cc9b387597ae20acd970af87,39973,0.0,0.0,0
R2_aA_m0,0,26,A,COMPLETED,9,63,6,3,54,ddfa9125c11184bba850277fd75a329543d29bf4cb2f5fcb0c03877962c54c99,6fe6ea1178d66184f787528ad99058e625cd952e2234a06b42557c2e956d9016,38290,0.0,0.0,0
R2_aA_m0,0,26,B,COMPLETED,9,63,6,3,54,92c6a68fce1249cc1ab71850e8e55271446115f73d383c5d4ea7bfc3d6dca21a,841a2975f4e82a350c8a2287dc74a95638902b43f0ba54fcdcb4d9c06fabd97e,39021,0.0,0.0,0
R2_aA_m0,0,26,C,COMPLETED,9,63,6,3,54,17686938b8431bd099bd73218dc81b7825739fd474fecc27a3bbeabfdc7ac359,cc2149b2e286ce7b6a64a6829da751541279e27cf07a202caba4821fde045f16,39430,0.0,0.0,0
R2_aA_m0,0,26,D,COMPLETED,9,63,6,3,54,4c6034372e94c9729d11f4ff5d78c7265c1e4ea1a70d73d6eddcbc7478b9f777,b5bb819f166e76569159a32105c66c7dade7890b5f986feca11d2ef5309d03e9,39424,0.0,0.0,0
R2_aA_m0,0,26,E,COMPLETED,9,63,6,3,54,45e5ab9b15a5a5616d4df3799b937eccc807399e17088234db9b1c6ada19b97f,9bb51417001668ff435a6f92a26cc6c4e319401cf0c4fb49d8076bd1d16e4073,39995,0.0,0.0,0
R2_aA_m0,0,27,A,COMPLETED,9,63,6,3,54,40c198f0f53d8f835476d5c47242da0a977729ccdf4ca65cdf3203da6535bb66,67ad412a9df5a5e1920b0be1a08acf209610c6244a3d110274d77da34e97b42c,38383,0.0,0.0,0
R2_aA_m0,0,27,B,COMPLETED,9,63,6,3,54,848f3f80cb0cdbf51750c783e2b26dd6f00eb335b1c08be79b8ac6733ed38b41,ebfceb84a8b51dfc20fbcf9fa93dd393b041bb58a52c411bf3f1d459f3903b01,38973,0.0,0.0,0
R2_aA_m0,0,27,C,COMPLETED,9,63,6,3,54,8779277f1d15b56aae2f0df7bfd521a7268d312f33b2d62d7529db533d7b0951,25026cfc5754c70aae33ef22493fb729f5d9b515ecd31d4841300b747923420b,39440,0.0,0.0,0
R2_aA_m0,0,27,D,COMPLETED,9,63,6,3,54,f06513568b17647df58ea14b4f5a6be66ac59ae2e954165bb7115e1dfd4a0854,e25891c4e8a5bc453518a25757c6b68bfd13cf8098f85c75c26dff0228a6f9bc,39424,0.0,0.0,0
R2_aA_m0,0,27,E,COMPLETED,9,63,6,3,54,5b24afe5dbaaead26474bfa449b4a93f5a5abc968f22a136b6748d350d3ca3dc,ebfd31675187b28d41442e95206d2daf64d8c740f886aa00b99f61d8a5bf981a,40061,0.0,0.0,0
R2_aA_m0,0,28,A,COMPLETED,9,63,6,3,54,bbc424b60c9f759e72174aff8565097fdb205be3e22ccff5856eb88577216e44,d4ee56f041fc115e4c35566154255ef35a8776a742ddbe408f46b65a3df5813c,38353,0.0,0.0,0
R2_aA_m0,0,28,B,COMPLETED,9,63,6,3,54,63e68cd717ba0c3c68e5680644dbf4d2f71c1c7852074b23fb93e063608b04bd,8a714208b96833d3500c712168a4adab644c1ab6cde7020faa49a1762b743775,39047,0.0,0.0,0
R2_aA_m0,0,28,C,COMPLETED,9,63,6,3,54,67001683e86109c9af8d61c747de1f81e6fad1e4abda9ec31e0a5aa70d10a7d9,95b0b4603beed86bde912d88a8bf5aecc48a47b6d7e57090a43175144bb44228,39460,0.0,0.0,0
R2_aA_m0,0,28,D,COMPLETED,9,63,6,3,54,e0b8ac750d1738c7a0890a0297582d3105ef6a5e5aa7e05850ed8d69155d79ee,c79854908ce3b7a4dc3cd2b373483c420768c2edde4e062b0b799ea7b4980ca3,39451,0.0,0.0,0
R2_aA_m0,0,28,E,COMPLETED,9,63,6,3,54,ddad27f9e51b49565ce49e2e98908772c9f3c3c52b940a05f5888ebed7d1129d,1bb54034f249a9d6408bbfe7347f91d8fe8f2886e151d8fcdd82ae3dc1efdb1f,40000,0.0,0.0,0
R2_aA_m0,0,29,A,COMPLETED,9,63,6,3,54,db72e99c481f7f95aba73c267c926ceea9c834ec7d6f4e93d173b2b83b2ebf97,1a83ba696e9f76a4e693968cafbdc5bbeea677f1d068385324f997ea5663a339,38397,0.0,0.0,0
R2_aA_m0,0,29,B,COMPLETED,9,63,6,3,54,964aebecb7be8ae161e58cc3ef759fa601fd2b59ed9c60c39c76216f264a5065,3b3dd24c66a3a300ffe085d2800611a3beeaadf9f6ea157fa83d4923d65b2290,39014,0.0,0.0,0
R2_aA_m0,0,29,C,COMPLETED,9,63,6,3,54,e99ab6345727dfb3fc409d0d4982501b0d840453a5100af844d29f037c2d9bf4,3cb00f192172e4f7117ad0126770e6a101da4991d06f4473647ab3d34f3a3026,39493,0.0,0.0,0
R2_aA_m0,0,29,D,COMPLETED,9,63,6,3,54,742bc0a40fb0c09b167859bec726553e78e6f951792c326f5b4eca6931040d14,55eb8507f06a961575ef0c2bce3792ce879a58cca21ae5ce6889eeeedca82f55,39423,0.0,0.0,0
R2_aA_m0,0,29,E,COMPLETED,9,63,6,3,54,9e67fbaa6008c1aafaef2ad9bab45d48770b9324267a08721e2d51b3d17450a1,a6e48ad68b275524fcc898d9e4ea80b55c576794ad25a172c9fe20504f6d7edf,40050,0.0,0.0,0
R2_aA_m0,0,30,A,COMPLETED,9,63,6,3,54,e17d36e634f6e0c51b250ae38ab133cfa64885b229b3abadbe36ccbdc00d014f,6c15327b5b7f77e7c496c39e66e14ae9b1efbf384dbc3cc6a42e985dfa157d3b,38341,0.0,0.0,0
R2_aA_m0,0,30,B,COMPLETED,9,63,6,3,54,a70148f18186f8ff3077089db166ab313572b10b83f5bc0dc8f1bbc3309face6,ec01bd86b423d7ddb1a7b7caa4f3e8938adc1012a5aa9f1ce6aca4ce6f938588,38978,0.0,0.0,0
R2_aA_m0,0,30,C,COMPLETED,9,63,6,3,54,9095d5164ed72cbad14b1761e363b6438abe434afdaebbeade1a4e026576f896,29cfbb0ff87540bd36abbb2528a731c3b28be4dc76e61fe8e2473ef13e0f370a,39511,0.0,0.0,0
R2_aA_m0,0,30,D,COMPLETED,9,63,6,3,54,353e3714ee385eda7fdf1c16e6e3cb3e22c40e552978103de4c652a5b5ed7f19,ae2cc843a4b0cebd3dcb3ecd1cdae05dac10eb00b34ddeea7056b32913548292,39498,0.0,0.0,0
R2_aA_m0,0,30,E,COMPLETED,9,63,6,3,54,d1d26bba06f12c67518891573c2848d0228de6c7d246cfccf2d8e9e5e9170fa6,a85345bfc8fe55d2851d2c2738e0d349fade4b698009f8dc34428729bf54914e,39999,0.0,0.0,0
R2_aA_m0,0,31,A,COMPLETED,9,63,6,3,54,0af8ae7f905047519b15029f6ef5c30bc29244f5172dc4c56059870ea82887db,ad54ec6acd228cd0b4b4987c898831faddbbff133368d047db88fbe72e5711ed,38347,0.0,0.0,0
R2_aA_m0,0,31,B,COMPLETED,9,63,6,3,54,5820da3a63fa99a660775608bd4e954dffac8b7577da6cc33a9a3f4361238755,9661f8ad2bcfef2e0a93268ab81b7037d71549939e709d7f185dfeed001e115c,38966,0.0,0.0,0
R2_aA_m0,0,31,C,COMPLETED,9,63,6,3,54,7d8fc22d611dba2f5e57fc9a79170c1e04c1b97b281d4e5698c5852fed41297a,d6d248cac130f633fb720a95b685d9b86a7d32fc262feafbde676478f85a112c,39524,0.0,0.0,0
R2_aA_m0,0,31,D,COMPLETED,9,63,6,3,54,0b9560347a1c90910f345cef8febdde8776e863aca08cec7b89ff8faf71f7e7d,e8f0887fcb353e705ff1ba8942b2ad3a3b0ed598ab434fbaab92d284c645b44a,39379,0.0,0.0,0
R2_aA_m0,0,31,E,COMPLETED,9,63,6,3,54,7e1462f8ad88322bc94bb02a3e69b846a4821fc22ac66241b6a94b1ec89e1cd0,033682229fffc8434fc44933eb08caef2e1b089d40106e5186c8023cfe24b6d4,39984,0.0,0.0,0
R2_aA_m0,0,32,A,COMPLETED,9,63,6,3,54,2f9dbc67aebb0e3f030428e883bf179cb14af94f1ddc53fd73bd5ebc9fe8a042,6220be8cf999c8b199ded2400bdc95dd7152876f5c211ac9f582c8fdd4b495f2,38344,0.0,0.0,0
R2_aA_m0,0,32,B,COMPLETED,9,63,6,3,54,a68c78839f22094ffbd8dcc846d9bd9125b72ab46a58eca9385fbcbe6d7a8c66,67dce3e5f18cdc4494312c2da942d2158ed7999c293973898a238ee3c316872c,38936,0.0,0.0,0
R2_aA_m0,0,32,C,COMPLETED,9,63,6,3,54,ac29265eecdfb5970e29da1f5ddcd057dca29a9cec55b83cb0e6aad592c3811c,34a551553cece71f99be9055822508d9cfcc7fe4a7d34d16d9e07bb1084b1eea,39467,0.0,0.0,0
R2_aA_m0,0,32,D,COMPLETED,9,63,6,3,54,23552fefad1fc93f2e9725d42f527a378e7e1d27dfab297e2c11915d46678cb7,c5b2432c653db7903c7cdcf5f377beb94ba984683399c22e92a8196d2c54df35,39453,0.0,0.0,0
R2_aA_m0,0,32,E,COMPLETED,9,63,6,3,54,f0215db1eea7f89f16abf3584eea97f66861e59978ce58ed580d65cfa49cec50,7ed6de0d0af4de06931abdc503fed5c49362fc8c68bef451f519f61f901ef989,39974,0.0,0.0,0
R2_aA_m0,0,33,A,COMPLETED,9,63,6,3,54,b859e1ff175aa8d731e0f4ac1a6e50f43ab4c42b6bfc16aa93875c0b4f978c8f,2ccea981e884d23655811592a96c32412b9c6e177a9048a9e1d810e82066fd90,38321,0.0,0.0,0
R2_aA_m0,0,33,B,COMPLETED,9,63,6,3,54,1de1b91d100e5b5d51d629dbb33530009875b616b32863a65fc35922e5f7da4e,fa1ec93e4fc9ef7e3b20e119e60ed8fc1d423606acf500e7905ff2a09cee0bcd,39004,0.0,0.0,0
R2_aA_m0,0,33,C,COMPLETED,9,63,6,3,54,de8703ac533e1c4d7a0247d9f06d160ca90c70a9c20037609907aa7a61fcb7ec,1f88d5900ddd077426c90f9be2de0af3a272ba6f67474cc16e5bf8abd1a0367c,39480,0.0,0.0,0
R2_aA_m0,0,33,D,COMPLETED,9,63,6,3,54,f1626006f6bab281a659550cb22446c7eff640b3c79fceb72682e1c699eb651e,334977dc26824e075613deab9e832efdc970cb929421f96c2d1fd4e45500efe1,39411,0.0,0.0,0
R2_aA_m0,0,33,E,COMPLETED,9,63,6,3,54,fde1989a307a52e77dc5bcca2321e172a6588710a05076bc5fda1d16402bdec5,826925d272cf6a64ba571a49fd5eb3cc36b809dd8bf0b8a61cdff2088be5e135,39961,0.0,0.0,0
R2_aA_m0,0,34,A,COMPLETED,9,63,6,3,54,33306befc05449de8d733372aafa2bbad086139ab65c541a10109bc4da9eb6c1,b3793407c8508afdfd0bec93e5c4111daf9dc800e4c8f22bbda8917c9399ded8,38307,0.0,0.0,0
R2_aA_m0,0,34,B,COMPLETED,9,63,6,3,54,f4143ce6edb186bb2afbaad7247fde034bf9f359ac2ac2c1df0515452f1d2d71,1b8fee87bc5f93419d6d570eda7085b8740e38f5e3af6e63d3f5c71881ca1519,38898,0.0,0.0,0
R2_aA_m0,0,34,C,COMPLETED,9,63,6,3,54,6572c59888dbf82cc89bb92752348d19f33365ff4199f669eb8f767987513357,84ac347a3873b4ed8bb1e036f8bec5969d3f56c173db33182996f6b46195ed54,39450,0.0,0.0,0
R2_aA_m0,0,34,D,COMPLETED,9,63,6,3,54,0bd842f5e64a728e51de6cf1fb52fd3bb22179624a6f17664e8b66f7204eaec2,b881309ca4d6662b787819515ce10c643931a28c263187c965ebbfb2f80f8911,39419,0.0,0.0,0
R2_aA_m0,0,34,E,COMPLETED,9,63,6,3,54,27471fc38da56506f8169c2c26f18349342abe12751a3156837df1a10a136fd9,68786a2be1b83bc633e0c3cb4fca20c0d2fdfa4c2f69ae655bb59656809d3c71,39942,0.0,0.0,0
R2_aA_m0,0,35,A,COMPLETED,9,63,6,3,54,438b82b5945ceee8fac5ea759643c56c37bc297de6712d2d236d699468718f91,5061a4b2756a1e89ff9d977b5265ff1fd1cfe61ec800ff03380e78d78db6cf7a,38293,0.0,0.0,0
R2_aA_m0,0,35,B,COMPLETED,9,63,6,3,54,5c050dd4a8903a06a464ae88d6e183a7461ab7be9255f46c14964a1f521a9997,a724814e32c0abec3c3e7bd2c6ce458538be37a8b9530207295f13312e716bfe,38870,0.0,0.0,0
R2_aA_m0,0,35,C,COMPLETED,9,63,6,3,54,efc6f3fb246c1f4ecbffc666284a0dd1fb9ecf8ad1b2fb0bf065c7f2e8350227,db7decd0a0e027f16fb73042eb1e205673c9ca6e48719c344eca731562f8b1bc,39466,0.0,0.0,0
R2_aA_m0,0,35,D,COMPLETED,9,63,6,3,54,4596ed04a4d9800cbb38e0ac4350158e967f389f3bef9c2ba92bd0d3724b6913,f0ceaf97e67db49bc8fc8104da10c7ec7df94fc6b7a810710391784854a2991d,39416,0.0,0.0,0
R2_aA_m0,0,35,E,COMPLETED,9,63,6,3,54,94ae34172ce7f745b0728f756be4e7c1df2b1504b53bd45b432b936571ddb6c9,3bd5724df156f3a9ebb895367cb2f7a64d84dd3e27913dcc4e10485ef634cb43,39940,0.0,0.0,0
R2_aA_m0,0,36,A,COMPLETED,9,63,6,3,54,901a0da2a51e8a4cbeb607d5c0091d6adadd62e30f134cb2e9d8da542263e914,ed50f8196f10689874f637caa2525f1bc54b6b6185e40a05f8f0ae8f5d81c35b,38358,0.0,0.0,0
R2_aA_m0,0,36,B,COMPLETED,9,63,6,3,54,1a0d9acc2e759bb03670b4151381e935a39074a4fd7e2e12cdae74fd99e38f5e,6f57d1ef7398584206f117434b0540bfec73eea218297a9cf77909c8e30c0787,39026,0.0,0.0,0
R2_aA_m0,0,36,C,COMPLETED,9,63,6,3,54,11662ab3342798d882625f1ce4833e98ee5f601b263bf53763af0e0b9cc02336,32ebdeca6210029da84eadf85a82b13c9913471fa117410c3d5aa78634c8e83c,39511,0.0,0.0,0
R2_aA_m0,0,36,D,COMPLETED,9,63,6,3,54,15d40a7052f7265c1ed424f80b8cf8321edd3f097054ffea0d76a3fefa5bb014,45e022ee933169e9b7f5d40d07b090e0c34639dd4c928f6dd791cf6a322fe679,39421,0.0,0.0,0
R2_aA_m0,0,36,E,COMPLETED,9,63,6,3,54,c34e3a793eeceaaf5512684162e81870559873f16c53a6ea84b003de43bc1f87,ef5e599bd6ccf23812fd1fd170d02745dff6d9b7e33724aa86d19d3030de701f,40079,0.0,0.0,0
R2_aA_m0,0,37,A,COMPLETED,9,63,6,3,54,87bb1794d1e186a4aec0ec7d63de4ae2e2ec620ccbff65a11c0896e9e927a8ec,0b29efa2e11dd197d1aaec12f075aaf43c3a0981a86ecfed579d57bdf8c70740,38331,0.0,0.0,0
R2_aA_m0,0,37,B,COMPLETED,9,63,6,3,54,d93167e41e8a25204d5ac5d053c4d15bc0c8879c91b468fe67d7b39c22eb76da,1501a87ffe7da4afea5955d9d79a6ad6afc94903bc10ccac24e60478424b86cd,38924,0.0,0.0,0
R2_aA_m0,0,37,C,COMPLETED,9,63,6,3,54,fe88d3ec8e6f4d3f666091c9949679bd11148a38804bb38e8e51f7ecd8bb8612,966719901adfe3e6506a13d7b46d6fab8d7d159e114350e863487bc0cacea232,39441,0.0,0.0,0
R2_aA_m0,0,37,D,COMPLETED,9,63,6,3,54,05e39e18bf654369b06ac1d61129287baf9922ec4f11ffb06c84b77c24fd4eed,3b98d7abda7e8dd5251239b2a5004c930d85c5ffb120864748cddff3a79c8404,39447,0.0,0.0,0
R2_aA_m0,0,37,E,COMPLETED,9,63,6,3,54,21129c4c50f02b3f41c8a467cdda4f5d3fdea1ad0dd1cd216236aec0215fc55c,865ef964f8014105aef5ab925ec3d63ef8a87993b3b79d38859fef0e536d68a4,40009,0.0,0.0,0
R2_aA_m0,0,38,A,COMPLETED,9,63,6,3,54,88d3572fcef2447e68e4ffe5a7d3d36d4ff154600ff3b240916b989791a21792,9f4462d3f8d6b92cc03c10115ee608d048ae185d1d31b2267c44dbac52eb87df,38382,0.0,0.0,0
R2_aA_m0,0,38,B,COMPLETED,9,63,6,3,54,81c22a729ed49edf397521889663aa07ed6161187ea71d0b45007f641507d9f1,9456e0b38f8c0f4694eddd8519bf2856a44fff6827b2e22a71b721e8371dabb1,38975,0.0,0.0,0
R2_aA_m0,0,38,C,COMPLETED,9,63,6,3,54,8203565383bbc4e05e1760969077115edf32edf287d8fbd4471dc34ed2e150d9,a495bc7e3e4caccd82f9be6335161a9493a4dbeec864471ab1b39495844b3753,39506,0.0,0.0,0
R2_aA_m0,0,38,D,COMPLETED,9,63,6,3,54,c8475bed372f3689892cfff1c9a5722ed8ade8824e13a5583c881c6f958beda5,97110db40ec190146e8e942ae4b9b0c1a0f89b09b42bbf9c0d016139010cf851,39428,0.0,0.0,0
R2_aA_m0,0,38,E,COMPLETED,9,63,6,3,54,b9dab7ac43134da4c000b4701ffe6aecd3d9457b8e4dff0570e41a195af0167f,9e62452026d4e8d1867f9501272ae00b22caf17254941808523a0a7dda0feab7,40030,0.0,0.0,0
R2_aA_m0,0,39,A,COMPLETED,9,63,6,3,54,05e8afea1da1a1465662e2fabda097b6b205ca5a9c3b588a1e654cc8667ecc53,fbb3347dd73428f7afff749e11ce4f9a1a09d4e0bbc3e5c38756093a2753a151,38377,0.0,0.0,0
R2_aA_m0,0,39,B,COMPLETED,9,63,6,3,54,563bb5147fde33c4195a50f7d55f55c26b2e50b3d4ea69c195d647f8ebaa38d3,a5d913bffa204926e12386ae5be7024952e80e51303bba789fdd3373406de96b,39036,0.0,0.0,0
R2_aA_m0,0,39,C,COMPLETED,9,63,6,3,54,3e86b76c64aa2c8cf5808c359fe1bad211ac094a585b693e4608f59e49bf1fe8,f47ccd5566464012a43f7488638ceee8c82d50cd26ec6f27bc2ba1911ef3113b,39523,0.0,0.0,0
R2_aA_m0,0,39,D,COMPLETED,9,63,6,3,54,ffcbad48907260f4103fe6ddcfd9e6ef806f11a9ea50ef82790dd51a477e40a4,0e8f544e7a0f75ae53a4980a118d36d9b2f2dec8b22b437096b5135b33356b08,39472,0.0,0.0,0
R2_aA_m0,0,39,E,COMPLETED,9,63,6,3,54,781950b853c5b520dffaee729402617e5589e247d1d1991d263e7d0a2a415513,28e017cae0c185c7b8ba57215a66e4cc87d2e63b9a15e53e0cc099387b3fb205,40000,0.0,0.0,0
R2_aA_m0,0,40,A,COMPLETED,9,63,6,3,54,c1ff68f1a635756cc66aa9a49bc6eb47148f06398dc6eb56925b7bef8b762751,074eb3ce2a10552687be5da0e9e808b9d4499774fd0a19056f7687b2746c851e,38347,0.0,0.0,0
R2_aA_m0,0,40,B,COMPLETED,9,63,6,3,54,96c88262abdf85a0944602e09ccdebd81e96e6e7a88e3b53edc3d443454a5652,a4fc2f4474afb33f7366ee835959dfa77a7528c82c5182a6b924a38c82a833e3,38994,0.0,0.0,0
R2_aA_m0,0,40,C,COMPLETED,9,63,6,3,54,3326d3812e3c478bed2cc1b28df0a2b26c4fb4afe0a38b98a364772940332580,315ba76e56d3ecdcb4988ea407a4a3958a43418d80b01d6cdbda840d1395f6e4,39469,0.0,0.0,0
R2_aA_m0,0,40,D,COMPLETED,9,63,6,3,54,d9112b0ad3ae108dc94d836066611243606500fb00e0f07923fbb0eb521c04b7,baf03fe39b24e3247d9a8887742a072726f3489db3b34630aa614b161c6ef02e,39450,0.0,0.0,0
R2_aA_m0,0,40,E,COMPLETED,9,63,6,3,54,a1061eea4c9d9ca4151cb6d3fdebdd5595f801f8d5a9efe956f08f46e512c295,828265f18c857b2496e5e2298fabff7bdfa1c82afe8fd54bb97ba4f08d75fab3,40028,0.0,0.0,0
R2_aA_m0,0,41,A,COMPLETED,9,63,6,3,54,1dea29c89a95c31550e42067cda10793edd115240cdaae39bcb09dd6d5d373be,ae28811cded5f233822513a417cd323e66bfe9854a4b9048f9b147139228e926,38351,0.0,0.0,0
R2_aA_m0,0,41,B,COMPLETED,9,63,6,3,54,adbdcc012b3ee5f314c1643a391cb19d88ae24078e0f9ff1c8e0d18c78a646a1,4ceb183aa4244bc7f08dc6f667eeddb9c642323dcc422b0963d88a0504f060a6,38964,0.0,0.0,0
R2_aA_m0,0,41,C,COMPLETED,9,63,6,3,54,41d878dfaa4de83e9432e220a9e01ce917414f809bb4d2aee80927445c9ec847,63a40d74c55650e455d13acd0611501dad56ade24e6050dbe32d291ce068e153,39472,0.0,0.0,0
R2_aA_m0,0,41,D,COMPLETED,9,63,6,3,54,91ad19074fa3235a14565253781d5979412fa49497bb528a01018df9f31290de,13f01a19374b512d6923d9d78851744672a87c8a3a8b1590253c602dbb178e4b,39443,0.0,0.0,0
R2_aA_m0,0,41,E,COMPLETED,9,63,6,3,54,3be2101eb3f91b890cab94dfd97c80723a1526adf3f27c22837b6c336b45bda1,6c82f961dfe16f7ede5561c31ca58a5d40f8d8af4510ff8545658206995e80bf,39970,0.0,0.0,0
R2_aA_m0,0,42,A,COMPLETED,9,63,6,3,54,3f52973f249d7e10960c081f3dd857db608600bb39c95cad5c891d0cd98f7f2f,61944032b530d007d69c9b0c727616e642d2fc004c1bf49c10792d6dbe2eb312,38333,0.0,0.0,0
R2_aA_m0,0,42,B,COMPLETED,9,63,6,3,54,d6f1cbf560fb84972d89e114ae3dea9002b16a55461ebf6be663d7afd18f38a1,1db4df1858bce92bc224feb2e47adf63c6479d8937fdd872d0eac55ed1e61c3e,38874,0.0,0.0,0
R2_aA_m0,0,42,C,COMPLETED,9,63,6,3,54,bfd1b0af77fab472676a85ac002ab415f6350e3c085a9a9bd8c2d37bc320f0be,a434e89618f2360c570d7562c25e7370b407450c643b884c715bb00e81b6b3a2,39440,0.0,0.0,0
R2_aA_m0,0,42,D,COMPLETED,9,63,6,3,54,57c49a61a9595481bc5a1fb43e834db7af92292ab758d9eb2ebdcbf5fd5db879,d3683aee78af571acb4ea2a2c7c433dd65118f1e86a2cd77628c8c1972958d6f,39474,0.0,0.0,0
R2_aA_m0,0,42,E,COMPLETED,9,63,6,3,54,e8948eac06213020815d9f3fa23486d23fe6e6eb9332f299151463db7298f127,6fd57b44ae3b7859f3918106ee8bf494dea89e08935f58ad39d4ff8789873d07,39974,0.0,0.0,0
R2_aA_m0,0,43,A,COMPLETED,9,63,6,3,54,f98e597e7465a611b39f51e48d090d5d421aae85f03bcb20d7549d157bb7033b,25a64ad005a1fc8cffb4bf65a8938b32462aa4016580306abdf69ba790995939,38341,0.0,0.0,0
R2_aA_m0,0,43,B,COMPLETED,9,63,6,3,54,ff08816965361002412919a08a62c3657ed80539120a935e86350eaaf49243aa,d188a2ea082ec509d9c726beebe85ac18ff3fa6bf1bff2d2282632711ecb95ad,38950,0.0,0.0,0
R2_aA_m0,0,43,C,COMPLETED,9,63,6,3,54,97a39b29851b2ac1e03fd311b2617d485115e7d8f16b7b834d40f48fe054f7ff,a3691395a7496d76fb20ba8e550ecee4545e107e367c1f819c1210bf1b07f15c,39468,0.0,0.0,0
R2_aA_m0,0,43,D,COMPLETED,9,63,6,3,54,db928d6c911789bca6222c5636b303ae28cf758b6d2aaae985fda7908e223381,4b6110ba9eb75e70e439ced47a9becdea47f086c52570de0cfaf2b3e2709b156,39443,0.0,0.0,0
R2_aA_m0,0,43,E,COMPLETED,9,63,6,3,54,c58377c7d173b89bcbd64165fecc320b86835dd0a2bad7ae9e32818304ed2647,77881cbd728e78a865d96afa35bdb273c9fbab9aaee2426e825199693a8d3ee7,39947,0.0,0.0,0
R2_aA_m0,0,44,A,COMPLETED,9,63,6,3,54,661883331a7f127fb0aad3e9e594867fe41dbe0179c133e3149223ca76c0d371,6df8cd8f1014cf2f65162b359da3c377caf7bdaf14ec0ad36630f9ea083e946d,38294,0.0,0.0,0
R2_aA_m0,0,44,B,COMPLETED,9,63,6,3,54,7a3bde6b2a9671c6ba04e6713cd1d52071fb28529c14b48a1ee4b6df7f583f1a,469f2dae693f2bbc9b48d2d72f1f72dd7cb06353f52a098918d45bfd77cc8c39,38963,0.0,0.0,0
R2_aA_m0,0,44,C,COMPLETED,9,63,6,3,54,cf6975af6b8b098b041dc6279a6017de8c61a51424a7a898f6ffe6263bca6e69,354df9914c0aba11baaecf86876afe42e33551c7deb0b1595cbbefaf94eb873d,39447,0.0,0.0,0
R2_aA_m0,0,44,D,COMPLETED,9,63,6,3,54,a62bb50aeb8bf242b5cc55d20c4dac0b0b77e7fd1bb8301e0211eae76dee8d17,d70c16a429588e1b01960c1f0cdf5b1719934fe7e6f761538b7ddf0b11ffb29d,39423,0.0,0.0,0
R2_aA_m0,0,44,E,COMPLETED,9,63,6,3,54,429b1ac8427b5953ae011227b4030ba247a884ff92b80478f1a3d2e58ec19ce9,a2e630c292aad09284ae51888cbe5bec18d52da00bf1fe1594a1a7def822f04e,40024,0.0,0.0,0
R2_aA_m0,0,45,A,COMPLETED,9,63,6,3,54,51908d40e15025d9851518fb406a30106f0d3218ac1c855a037c957185b74cf9,301805ea277e663700b21e913c02d72674a027d6ee8d759a83771eddd23065ae,38376,0.0,0.0,0
R2_aA_m0,0,45,B,COMPLETED,9,63,6,3,54,665f0ef53a0cd0beb593bbf555354aa5e7240ef4c0dd6b23922f6ba4ff3d4a65,fd89c3b6f47376db5b5b8182982dd08727417ecde846384e7c52a55d435b02cd,38958,0.0,0.0,0
R2_aA_m0,0,45,C,COMPLETED,9,63,6,3,54,9e70a97e2f8d8e567044816a9b956f06f4284eda95c487d821f8e1dcbdd2a603,94b9116fa12e04ea2707596f0dfba5a7a984b03a27ce68d196b5da62843a3a5e,39453,0.0,0.0,0
R2_aA_m0,0,45,D,COMPLETED,9,63,6,3,54,2038d40d1f1756ffe563aa631486b735eceb3b6c6ee0934169b6d2e41f4f405f,b7c26090d90ba162b289b0628a1007090e7ec29a7e8a7b611035e2a78310c202,39479,0.0,0.0,0
R2_aA_m0,0,45,E,COMPLETED,9,63,6,3,54,7464339de3acb3c410a2667b41cf3ff038e16e9a2f00c5bab616f03277e26ef4,eded3d64829f5825476f3ddb751fcc945f9492c4ec169ce6929ac4cfd76ac0f6,40004,0.0,0.0,0
R2_aA_m0,0,46,A,COMPLETED,9,63,6,3,54,50a726721f7ff666ac4475ab0fce7a74950703acc3cdb63b5532632f24486b28,b6ace67513368f1b9b0f2bd5e3349bb97b69909f93d2c0027cd7d130d38d39ed,38375,0.0,0.0,0
R2_aA_m0,0,46,B,COMPLETED,9,63,6,3,54,ccb6d243253c6a7d50125da4bf599de2b65b3a8d65787167410fafea35518568,d9917e3abfca85d8185e2f102bc067235f87a2251ef2e23b7f98ac1fc28bc0cd,38912,0.0,0.0,0
R2_aA_m0,0,46,C,COMPLETED,9,63,6,3,54,c93df49c47c46bbee1868fb7c19e896fff397a7ea488dacd87850ee6fea453b1,3aed08647da2334cee504bbc165fb4ebb87184af1cc5b4f1266590a1a7f15e22,39492,0.0,0.0,0
R2_aA_m0,0,46,D,COMPLETED,9,63,6,3,54,0053d4d6ad234ec8a464a6dbd65867ae1c0ffca078638c478fc6d573010b55f6,74242f1dc51f30f31ee6bc3b9123e8faeeb602cf6e0dfa4a94f206fd4fa60638,39407,0.0,0.0,0
R2_aA_m0,0,46,E,COMPLETED,9,63,6,3,54,ee1c462ef4f1fadcaa106dad782b9bda0799bab15e64643dc44c75cb22bef129,a79e96c620d351f2947ad045bac443a585bbe68c56bf1fe72530c28d4019c999,40025,0.0,0.0,0
R2_aA_m0,0,47,A,COMPLETED,9,63,6,3,54,28975bf46ef0a6d55c3a0fb650bd961ca3c241c21f4c0cf58d4e05c367e7d0be,213b8deee4f2cdb138b9f6cb6881a1b5ee12f95524d96e4f12e3801d64a39155,38320,0.0,0.0,0
R2_aA_m0,0,47,B,COMPLETED,9,63,6,3,54,d5c5b09635dc2abe01b9af8b8170b2c70df931e71277f422e79e8078dfa98830,3392bdf4480fa3d80941e9a9fb9c53b94568cef646e45fd31186add830773929,38968,0.0,0.0,0
R2_aA_m0,0,47,C,COMPLETED,9,63,6,3,54,de688c60789fbb5b35095146f9fe0f7b49d8c4159801754b0732cee75ab111d4,c347a565c45ef6271e0875b8388ee3cf66542beb474f3707765dd2b23a14f959,39437,0.0,0.0,0
R2_aA_m0,0,47,D,COMPLETED,9,63,6,3,54,764630a75e22b089c40f2b4f0c34e4f7a654090017bb3704cb07cd95a0254e5e,74fc620b4f19acb01d7ccb39364bfdc2a952ee9c15ce032e4e38f2ba5a18a501,39414,0.0,0.0,0
R2_aA_m0,0,47,E,COMPLETED,9,63,6,3,54,1676cd55165b033fb8bb7b44741e1e99859c4771dfe11593dcc7dd66fb08189a,03ebfd5b6ea8eadc1ebe5844e3304e878109d9dccd4dab74593ae668f67d0535,39952,0.0,0.0,0
R2_aA_m0,0,48,A,COMPLETED,9,63,6,3,54,3f05c9c4ae915267de0b8fc26f7dde14599800f1f4132c8889a9afd6bdaa2b81,e85f4a2ec68b44a4ea51e49cc0d6f17a1465848c4979515980b8c40262dedf04,38363,0.0,0.0,0
R2_aA_m0,0,48,B,COMPLETED,9,63,6,3,54,9eb606cac8b5d379da2dfecca01d3798f93e309fa3e277ca0b065c028acda1d0,3667de2bae239c4fb16aa53468fe461d30aeb76a11462c435e7f02892e244245,38925,0.0,0.0,0
R2_aA_m0,0,48,C,COMPLETED,9,63,6,3,54,ec5b2626f89020930da07631352cbb4c72d0d1877606fea0d7c1d61fc573e02c,151ade69fc40fed2ba5f25e882c3174f70589c775f2435e9d69083583bbe6bac,39502,0.0,0.0,0
R2_aA_m0,0,48,D,COMPLETED,9,63,6,3,54,79e4612242aa5d182e1bfd6cec7da614b076a621d6d78f4594de6a9587e3ea29,f1603b0c0890ea43ac520c406d95dbb3a38b58167cc551634883c228cd86e0d0,39407,0.0,0.0,0
R2_aA_m0,0,48,E,COMPLETED,9,63,6,3,54,90562ad40216da60bac5a70c65638055fb5a0cf1991678cc84b26a5f477cd6ef,f81ef3b2efab2186bd2088da368f5e179e870dc5390cca0295c0133050230126,39976,0.0,0.0,0
R2_aA_m0,0,49,A,COMPLETED,9,63,6,3,54,1d048b1fb4e063c4531ef957777cb60e00ba292e0838f94f8d5bd031b9133f0c,fd343fbd4773c7a325332280f6374be4c689ac30be0c835ae4918cdbea75feb7,38294,0.0,0.0,0
R2_aA_m0,0,49,B,COMPLETED,9,63,6,3,54,008907b448d89d825706f13d33bc000dbccbb01ddccb535d5bdd57f9d508df24,0a5bb36c706ac4ca9d8f98ee38ba13b2cac60f0c9e29d0e9ea6f43c558cfb334,38930,0.0,0.0,0
R2_aA_m0,0,49,C,COMPLETED,9,63,6,3,54,951a46f2f194715174e8fe3359441a702831fbfa5596cb932f9298694a1070d8,8718bee0dba3a8f8972d5136ce7846e27c3c0b4916f62e8c441260b9d2a3a45b,39487,0.0,0.0,0
R2_aA_m0,0,49,D,COMPLETED,9,63,6,3,54,3f38d20135dd4f2ded6ffca53b933e2b6d4b4d8ef1dea5e723fd1ac87f61f38d,d78f089651e580625c55ee766b41ec01d1356b2e056e8f40b6f6966a3e00ea75,39440,0.0,0.0,0
R2_aA_m0,0,49,E,COMPLETED,9,63,6,3,54,83a545346016dc0e8c666dc5763a12d14df1f933f1bdf3403498f5c5bdb77055,0f6ea8692bf7a311d95d7f9ab422f5f09c9671b777a6a16c25dd8ea38afc20ad,39950,0.0,0.0,0
R2_aA_m0,1,0,A,COMPLETED,9,63,6,3,54,c3b2b0473438a96c45b5dcd6e181abed3f9ece83d63c0383e617fa37ffc6bfce,c3aaef1f335ee7d10ff3e3c81bb06d3691e94d92eb3eb97350c6ad10ec14b539,38304,0.0,0.0,0
R2_aA_m0,1,0,B,COMPLETED,9,63,6,3,54,41e98d19dba20acbdf94c42b28574f7ca28675e3e155fbd737e85e84030e205a,a482c1887a7c143ff1a7495547980c586169ecc06bb0555e188cee46e7ad361c,38972,0.0,0.0,0
R2_aA_m0,1,0,C,COMPLETED,9,63,6,3,54,3a2b2c6877ae2c2b065a6a43fea6b1bf7757a1b2af526bb70d1bd48960882046,5ae353ffe7c0068a1b11dd9774046722816c45a6f1bc787b811d200f45b0ef38,39499,0.0,0.0,0
R2_aA_m0,1,0,D,COMPLETED,9,63,6,3,54,438c89b2fbaecafd7ac7934a0226f5073fa56f8980e95a13c55813cf25089fee,421adf7596e0f1b09ff1db7221493845e0eef509f7af60a1b2a1c4936fb419e5,39415,0.0,0.0,0
R2_aA_m0,1,0,E,COMPLETED,9,63,6,3,54,3e6a4552e01f8810dc2c51ed33c464f9272520bf5fd6a01c486111b0e6351b38,262cfbdaa116edb9cf29d1ce592eead3f0e33fec12862846a4a4fdd9de10ba7c,39968,0.0,0.0,0
R2_aA_m0,1,1,A,COMPLETED,9,63,6,3,54,4c5ba2486775f85762e8fb4b696bf80a6d28c71b977d293c041db9f93a3710a0,fde8819bf2455e8379f2af31b822ac6258f76e2790d4c173f52d31e0067b487b,38287,0.0,0.0,0
R2_aA_m0,1,1,B,COMPLETED,9,63,6,3,54,60f91b9417f258929fbc99587879a548f927c75efd64bd24c55d9ee20b2771f0,3bf98cb6786eda1db3a0572c679003536120bef76ac09af6ed2e312172ae129d,39035,0.0,0.0,0
R2_aA_m0,1,1,C,COMPLETED,9,63,6,3,54,d7e47e1de274f0c0101b16ca3c67879488a3889b339751c88ebfd008e4d81810,bc5d39e4bf8c40907661193c6e3267b2b9965d4d04ea2a1864fbf35d00189d93,39441,0.0,0.0,0
R2_aA_m0,1,1,D,COMPLETED,9,63,6,3,54,b1f7643a54f8c646599075acd12c8c45f59daeb21f51d265474a53f42d1e5f5b,e8d91711d4d3f6565858b7a86ce9a6e182066ced7bfd36f47b61c1f7b6ae291a,39459,0.0,0.0,0
R2_aA_m0,1,1,E,COMPLETED,9,63,6,3,54,7d3c0c67df38391741ca7aa08a0d0e5deb86ab5b4b8951c8fb702fb097478ae7,5445da590e480ec940f19c04b8618d6cafd5a8de0bd3bb0d0b3a7746ca25817e,39986,0.0,0.0,0
R2_aA_m0,1,2,A,COMPLETED,9,63,6,3,54,4c3b75117360465da73f0fed9c898b5466bfa792ce48e82574ea1b1db35248d8,126bfa88886a8eec90a32b3329a8fe56ee85ed781195fdc9b4b0f4807ce0be0c,38342,0.0,0.0,0
R2_aA_m0,1,2,B,COMPLETED,9,63,6,3,54,c879aa39f34ad8dd9c46cef39f9356f3a254997ceef8795f69caf7a4a7c6134e,436386fe6cd3234348c39fd1c3bf64b1d460efc51bf5bb0b872cd4fa27af6e3b,38996,0.0,0.0,0
R2_aA_m0,1,2,C,COMPLETED,9,63,6,3,54,a42246c285df224bcdf19363b82b718b438096e342fde1f70522da71b356e85d,d8174bb3b804341b01773575c336b5d4645be20e1abc1bcf8f3a1eacdb1e511a,39440,0.0,0.0,0
R2_aA_m0,1,2,D,COMPLETED,9,63,6,3,54,06518b37d7e975f7b2c5bdddf246f3dcf6c057dffae87cd8ea417078d0d2e2a3,ad1c6cb8c0f2336242c268850e7f79d8f38335df349fe93d9ff4f787e76c155c,39385,0.0,0.0,0
R2_aA_m0,1,2,E,COMPLETED,9,63,6,3,54,6898f9bfe974ef813e6c972432224546191d90f57a602ae43ad450703d6d59cf,8fd9156cf618c1812b3b3f70081e50c8c948924d8eb65802fec3add611540b8d,39968,0.0,0.0,0
R2_aA_m0,1,3,A,COMPLETED,9,63,6,3,54,ff5fbde93009ebe3fbaafd1b7cfec567e9bb63944e286aed6f5ec82b51f32c61,38efd571bd0efcec6af12d1ec0c9bd82170a17ea9fc6784228d2e9b8c6b79b63,38293,0.0,0.0,0
R2_aA_m0,1,3,B,COMPLETED,9,63,6,3,54,77272d99942fda9d9268c36e2a9a5bfd722b4484f6aa1f8e7c821a9e361437a3,aeb433523a3e9e72759bde6cf21b59837a22b52a099639fee047e055c3a65281,38913,0.0,0.0,0
R2_aA_m0,1,3,C,COMPLETED,9,63,6,3,54,d738a2ae0821dfa7333a5869e75b30e7ff04b40da0fb847c0071aefcc7c6d0f4,7c66a854cfab3d7943a7fffe7adbd6257cc560f30a64eb53b93a3761faa8ed8b,39453,0.0,0.0,0
R2_aA_m0,1,3,D,COMPLETED,9,63,6,3,54,5640cc1136a5fdc0ac304ec1222db87c3589359abda229bfdd7c8faab65b2dff,5983cb146cc8685fc144b7629e458afaf3b2e5139328f11bd395b575296a5a65,39392,0.0,0.0,0
R2_aA_m0,1,3,E,COMPLETED,9,63,6,3,54,b310b509a44acb2da70bfe8f39638e300b8052c94d88f9b4cff9239b465e7a69,6245a51497df56783c348d95940a0da62187ffa1a5f1444f866f64700df0624d,40005,0.0,0.0,0
R2_aA_m0,1,4,A,COMPLETED,9,63,6,3,54,3ddeff57b4f9935bf97fc50eecb5bcde4e332cc26a07b725ae4ff5fb4ab0bab0,2897bfc75d9c63650bf25b2099ec6bd08bf0bb593f9f1aa71aab834c838e3900,38289,0.0,0.0,0
R2_aA_m0,1,4,B,COMPLETED,9,63,6,3,54,4f9066495fd00ff5f260b94471f27cd8372139e43ebc524b365400f8096db126,69732d1fd67426fe5cd78a6345af5b53c332e04d84d73bab1a8f914be1d78d4f,38913,0.0,0.0,0
R2_aA_m0,1,4,C,COMPLETED,9,63,6,3,54,65991565f85a444de8e797013c99acdaaf1097ad6f766cd1d90180431c9d855a,e1be3b252024603c216b792e0a4afe0a5cfb37d074fea12e6e81d775b82f985d,39494,0.0,0.0,0
R2_aA_m0,1,4,D,COMPLETED,9,63,6,3,54,354ebb98f79d34a45ccc9501e2c4b0bacb5095770c36ad47f01825f75aabaf4b,6e4cbc0dea547d992153c40f7ba6cd600f28b5ce0654766ff7be546ceccb57d4,39456,0.0,0.0,0
R2_aA_m0,1,4,E,COMPLETED,9,63,6,3,54,247b4237d2ebf3a6014806eae847edc51721538b5c43e1922b290d4ea7fa7eea,56f786b11976ee63039e037616e4cb89c272a188fd8184291b20536cdab7a8b6,40012,0.0,0.0,0
R2_aA_m0,1,5,A,COMPLETED,9,63,6,3,54,95baf4da02e9c6c4ad3a5fefca0aaa17bf77a62c7b58aa5ed49a4c53370edc3e,3e40c65b944c3f7ec715e727739bf8e315689755d0c9b72e0f1bc82e0f40ae23,38341,0.0,0.0,0
R2_aA_m0,1,5,B,COMPLETED,9,63,6,3,54,fa92bb187037c29493b2847ab2f1b113217948db2245b3099d41c117769b8e5e,fa163084635841a852f9c596d6c07b3f5c8fc5c64d306362edca60469664ba5c,39021,0.0,0.0,0
R2_aA_m0,1,5,C,COMPLETED,9,63,6,3,54,8f41d0279b2d7153fb06c0262bde0c4f43e3b6e80ce1d87179a7913639452017,d031e056535780b7968325a96e6814029e14dc51d2747767aea9ec98df971e80,39465,0.0,0.0,0
R2_aA_m0,1,5,D,COMPLETED,9,63,6,3,54,af5ac975226a6dec78127b5509ab536e76552478f6675ab3a4fe4e7bc58149f9,c49e5caba3693fc185559f3daee947de08326ddf239c20044ebb7c9aa9badc98,39409,0.0,0.0,0
R2_aA_m0,1,5,E,COMPLETED,9,63,6,3,54,088bc95e958700718a429c90194437c2cf95165bebde470012cbd266510aba63,7b9ba00882393224989ac8ed9d0bafacefee1d53e99bb96a15951197d96fe854,39978,0.0,0.0,0
R2_aA_m0,1,6,A,COMPLETED,9,63,6,3,54,80d2057e1c0f06383ac802ae0748f85bbfd93dbca10126ede25ea905f7f6e49b,c1f103df62cd64e9e09bd32b85bb87d725a7ad1547e9d91fa1523f0796b91e40,38335,0.0,0.0,0
R2_aA_m0,1,6,B,COMPLETED,9,63,6,3,54,8f448b9f53155e69dc0720b24e32337d52029d29baee713e176b87ccff98b915,9245912054e3ad17fe0ab72aec1f30a982e53f2044be5e17965943452e2c7196,38996,0.0,0.0,0
R2_aA_m0,1,6,C,COMPLETED,9,63,6,3,54,968add0ecdb33a2f05234eb045548634ecf1b83139c4603c20ff1b6efbbf8455,26bfb2a90f00cbb720d82c38f18c03fd028c0cb582a72816faf1c837f3ad3dcb,39397,0.0,0.0,0
R2_aA_m0,1,6,D,COMPLETED,9,63,6,3,54,95b28edec0a6dd7598cc9d67539ea82015dba353c359a40ece1ce34d6a8a346b,68a1bacbc06e0ac85062e7fbbf471dc2ad6cb573b3cfad2c7a9ee425b8a3e35d,39440,0.0,0.0,0
R2_aA_m0,1,6,E,COMPLETED,9,63,6,3,54,1530402bb8d5917e5c52ce7a6bec1c9eb3d5f87291877e6a392e59fc3ec9f7c9,e18cdf192e64fb3739a04cc8a5a7e4f047db474ae2f5de46485ed6230aa35bea,40056,0.0,0.0,0
R2_aA_m0,1,7,A,COMPLETED,9,63,6,3,54,7910a1f48c2294ec99488dd47fe4129e6a361d7d554ffca9afb6818e09de4e0e,76db46b4bd34c16533c144165492cc4bfc03d6ca137e5a6f2dc29c6e241a0d93,38306,0.0,0.0,0
R2_aA_m0,1,7,B,COMPLETED,9,63,6,3,54,0847c6d1730b4eca045573507e023bb13e5b1adaae98ed7583652409db5e280d,d3a90bc77e0a55d464956fb579780f39779699a7d98873153ee65016eb784c4e,38923,0.0,0.0,0
R2_aA_m0,1,7,C,COMPLETED,9,63,6,3,54,fd1f538c2f2f2da5e2b24313d8ff12a7ef510c15c20e9c293c68291308b99a98,1f9f33e67bef5d402e54f3bd1a4da7dcfba3d85e015dd8d3db7c82bcf9a3dcd4,39428,0.0,0.0,0
R2_aA_m0,1,7,D,COMPLETED,9,63,6,3,54,ed67289ac0588b14b85d8df67dca0e5e4a8c1b756affe79e8ccd8b9adcc61e9e,b452c4fd107f0e75bb68109ee84776199f34f408eaaedb710c2015ef27f3bf92,39407,0.0,0.0,0
R2_aA_m0,1,7,E,COMPLETED,9,63,6,3,54,a3a7bd623f59a6905d849693167681895e491c8cb0a9072211b27b16dc42256f,21445816e9b3cc85ab4a1faf229ec541e3e6ebc94a00cbffce7329c8ff0d9164,39925,0.0,0.0,0
R2_aA_m0,1,8,A,COMPLETED,9,63,6,3,54,120884fe38402cff15948f9b0e6c2f387906a38ad7949c00a2c62787c206682f,548682da8a1dbe2a8e91dde9f278e5d7c407a2598e30fa4d06c87b59ef5d320a,38385,0.0,0.0,0
R2_aA_m0,1,8,B,COMPLETED,9,63,6,3,54,9d222c47c0791e50c4fd4e015cc085aa7f9a0629cec86af4f240730592b0ec75,38c1d73af2e8af5dea7251ed53ecb03a32bb54e3c8989ab2e48ef14d8fea2f07,38907,0.0,0.0,0
R2_aA_m0,1,8,C,COMPLETED,9,63,6,3,54,d7fb7efaf6a14c1b7f206501e4230244a064d76f995cc06a3f01de5f27a77c15,b1fcc3cc2ee712c98faa5274b9b6b04a8f2a2e023c5d162353baabdc4108ff02,39459,0.0,0.0,0
R2_aA_m0,1,8,D,COMPLETED,9,63,6,3,54,91ccdce541a0d314779ac5e71976ceb4ff40aef24bb24ab0d5d71ef4a46dd698,46b08fe8378ddd33d393767bac41b6f09307eea29486568731c28f44320078f1,39451,0.0,0.0,0
R2_aA_m0,1,8,E,COMPLETED,9,63,6,3,54,ba51fe560e1be282c2b7654d524960dc2d51057cdae9d41e78ea18ec363d3e79,56bfed0232e0489113b4739b333e391312bc57b084e3d07307f2c37d1c8e447b,39954,0.0,0.0,0
R2_aA_m0,1,9,A,COMPLETED,9,63,6,3,54,7ce30d22851fb361ca15a23a0fb93f424ad570b7dd42b0a0068a32a68cbecc0d,e5fcd50701fe44de17dd6527d4ab23eee08b6cb71536def3c2fbbbc8760ed4cb,38334,0.0,0.0,0
R2_aA_m0,1,9,B,COMPLETED,9,63,6,3,54,0eedbd21842a3c79a5cf569fa7970b058d882c47cef5df3fd9a65a06606103fc,8a0391e71991de30c806e4604475028211f4e049b072d147a58a87d758073566,38963,0.0,0.0,0
R2_aA_m0,1,9,C,COMPLETED,9,63,6,3,54,d63f1a1beeb9fa92a23e4f3e293fd116e1e36fe402d27491e62bc560a176f85f,f70eb311dba381f8c33f226a7e2442ab1404b1b3c8439ebba7d0a851af780798,39450,0.0,0.0,0
R2_aA_m0,1,9,D,COMPLETED,9,63,6,3,54,e0018be4b91bb5b8753c7b20ca539dd7d2f78dcc70c2a9943a2df8b8ae39011e,326ecf9cc6c43f05934e46e6e71c70395c8a6401e89c24a1f7fdcbf7b7275f8e,39410,0.0,0.0,0
R2_aA_m0,1,9,E,COMPLETED,9,63,6,3,54,3c1f030012aa020da34d8534445694dfec9305917f894d93fee1ffaf66d51d3d,3e7eb010a01d9bc99946a3a22abe821e143057ccdb9f6164565bb711904fbb70,39991,0.0,0.0,0
R2_aA_m0,1,10,A,COMPLETED,9,63,6,3,54,c9d3b4df5fe8cb8123f384d6199fe44e073a14b1cadbc91c27573000257c6b09,8c28e858be7f9b12d682e1f26ec232daf41f6e7d3469b6b403a3e3c81232d62d,38324,0.0,0.0,0
R2_aA_m0,1,10,B,COMPLETED,9,63,6,3,54,d96d5de89669c9e71decd50071b91a70113426703e5d934853cd6a2309a19ee5,7ea721d6ca8283ca6c56cd2a9d589428595b3ff0c72008329d9d6d9550bb62f1,38885,0.0,0.0,0
R2_aA_m0,1,10,C,COMPLETED,9,63,6,3,54,a6c99f12df82a66e8c1e1c343541d6c55082739df77eb12980c03f30eef1ca67,29a06700a64def02f2f9b15766c4527e79a592a984d96a3c7fa164ff7fcc86e9,39432,0.0,0.0,0
R2_aA_m0,1,10,D,COMPLETED,9,63,6,3,54,98dc8ce607347febd44e28428f7dec6813410cee41d594ecbd3b30a5311c1716,fdfafa8b8461a891d947d6dbcd832be963fcad3fc1dc7c0408d4f9fc21dbca09,39388,0.0,0.0,0
R2_aA_m0,1,10,E,COMPLETED,9,63,6,3,54,3fedc2d1ece3b7ec49aab0975f60f1f35a37b934cc8b00fbcde448553bd4a093,0b687610eb57652a28ecd5b7bb164d87e9c6a61f901149e3f9711668cedcd674,39946,0.0,0.0,0
R2_aA_m0,1,11,A,COMPLETED,9,63,6,3,54,3320ebccbd8798288ef9a017caa5da3dc45c4f02ecdf839d1e9dd0fdd5a1ce9c,34f592cbd3a8f833fbd6e4ff2dcb00cbb4737ead6a01702e6cc79674f5277bc7,38304,0.0,0.0,0
R2_aA_m0,1,11,B,COMPLETED,9,63,6,3,54,6895d2c95425e2ac7970b7dac85d3990f00b7e96644d5e6d41ec912609f31e51,52b49adbec3391724d7539a22c787b2c299c5924880fc61e27f0e85fb22f5a5c,39029,0.0,0.0,0
R2_aA_m0,1,11,C,COMPLETED,9,63,6,3,54,79dccb466925e517ef3af0795b2755ef36eae19a934d4f2bdc279cba8c09604e,b8ac8e6d2563cc2b0cdeae53843808d3afe31ee87442e2af70dcd82888198dea,39454,0.0,0.0,0
R2_aA_m0,1,11,D,COMPLETED,9,63,6,3,54,2794fa16f0a9976fac5c8ed0a8774d8d12950cd8cc32cb07779933869e527a8b,56fede83efe0f6c5f6d8b26b6970e9625eaa2223fbbac8368bd10ced5727196b,39422,0.0,0.0,0
R2_aA_m0,1,11,E,COMPLETED,9,63,6,3,54,04865009ae878fd9ef01169a5dd6bc90120f461c502fdf085b2993228893c8a9,79bb8105a80c833aa0cae298724bb68f5b0e233f83517641d1ca26db24561eb6,40013,0.0,0.0,0
R2_aA_m0,1,12,A,COMPLETED,9,63,6,3,54,7ae908c392168d12a72a142466cac3715099ea1a5895197a4c77e09c9a420025,afb6237cf7d1fc773672d5790d537edb7ef33d9ceac84da8b2997a7500a0c211,38295,0.0,0.0,0
R2_aA_m0,1,12,B,COMPLETED,9,63,6,3,54,7284c11c57c039649ab89246d8c45c775056103e980ef69b9545954d32625b47,a0fc55b95a742cb5283d1e5899e3c1c4f2a58f628fba8a191f733e4a25579904,38911,0.0,0.0,0
R2_aA_m0,1,12,C,COMPLETED,9,63,6,3,54,8d9b890025f1a67b600803bb0764d92f9e1fc89f8ebd40e72063b719f97e8438,639a63255d733932078ea4150cc57d7be1198e68da3fc4e3f3ebd641fb8a4340,39466,0.0,0.0,0
R2_aA_m0,1,12,D,COMPLETED,9,63,6,3,54,d2a76aabfda7d89f8780a950d9a08d1380fb9fa7fb13265cd01d38faf18577e8,81aca14c90f02d67b7e85233433c95ac3deaec19b20ef5b4ea926e3a30d9d3f5,39389,0.0,0.0,0
R2_aA_m0,1,12,E,COMPLETED,9,63,6,3,54,bebc8b0a1167c09df96212b306876901321024c2465181b2b9fa923445f29ae3,2ed4679dd0b781707ed8f52c896f4c69bcd3a52ad22f656805dcdbf0b42814a1,39922,0.0,0.0,0
R2_aA_m0,1,13,A,COMPLETED,9,63,6,3,54,7158498ab24c2d5fd148aaf61b3c20931e1e601af9a25e27ad7217d1cc5b14b6,751a1c24273c34860973d6a16c9c12f3cadc737e183f69beca06dfa537761478,38372,0.0,0.0,0
R2_aA_m0,1,13,B,COMPLETED,9,63,6,3,54,809c512fbadd5690fe2043d901a0904c9980c2d7ef6eda4558d9e5bf5e8453e1,a4869f6f7bf7467376b941ce3d23972d3904e0efb63bbf1fb53f9bca05d04b5a,38896,0.0,0.0,0
R2_aA_m0,1,13,C,COMPLETED,9,63,6,3,54,3180a854e51575560a5a73bed34dda5dbf458bc70456cd474dc24ddb90f13504,1d6404efedc6b507d18c8aba7103618046601f740e50db05928b8d15abf259dc,39414,0.0,0.0,0
R2_aA_m0,1,13,D,COMPLETED,9,63,6,3,54,db08da65323bb2a255818b4891ca6f8ed93af83175a911e33e1758b2be14bca1,6f358ec063a7eae5c9e903b3d2e1a5e47deccea86155e65bce124a62d50b9906,39445,0.0,0.0,0
R2_aA_m0,1,13,E,COMPLETED,9,63,6,3,54,45e7e40cf1907b4bd1671c043da09192fa953bbc13d4fda9aabc3aafbf66d520,6927bb71ed0f2573eb73909a79972371413df7f26f0ea41c3e14ab8ebe179f6a,40062,0.0,0.0,0
R2_aA_m0,1,14,A,COMPLETED,9,63,6,3,54,59cd93804c33cd18691d75d4ed71c04accce1b0b3e264f8b25c192b04be64af7,adb7f059279b26819a90ad761edd4d421dcb5572542fdb49bac961d4ec5b03d6,38370,0.0,0.0,0
R2_aA_m0,1,14,B,COMPLETED,9,63,6,3,54,0626a419d37284c2f24de368ba2818dce9a0d1c3dfb54be10c8c7d0ebb27d26b,c34a1d89a452754675fb4a934d6fdc53268e9c2b467bc9c1fc55cb45166e424c,38942,0.0,0.0,0
R2_aA_m0,1,14,C,COMPLETED,9,63,6,3,54,06a192d39381556f393b1ebb8e8e01e80d0ad7075e3121710348b55f792babcd,fdb6d92a0814a4becec066d6db7f652a5756eab9550d3ecfe327f3d45767f5aa,39450,0.0,0.0,0
R2_aA_m0,1,14,D,COMPLETED,9,63,6,3,54,f0725caba132eee2ff10c293c9d0516b5aa2cc9f63fb4445bc365dda9ce9d57d,d7be11b10c9960f5d0e44f29454fc52ccab865b73dfb8f4e28403174bb9c65e8,39394,0.0,0.0,0
R2_aA_m0,1,14,E,COMPLETED,9,63,6,3,54,f1dcc90f39b13513be0824769ff9ac98a3f6e6c81c585627aacbc8a58d4d82ad,ee6ff090bb6eece3bca64e39de2d0b8d09080ba311d85359a5a30e72e7a83f66,40088,0.0,0.0,0
R2_aA_m0,1,15,A,COMPLETED,9,63,6,3,54,6c3017b33960ddaae5fd22031fbb448f9e70f4b6da36df35b82520ea7f7c4ed6,513729fc65dd439b781d197464c7dad2e4d81560a939043d11278d7068a76c7c,38424,0.0,0.0,0
R2_aA_m0,1,15,B,COMPLETED,9,63,6,3,54,4cb3cca8e1ec00d385692e4248163a33702cf41256c9cecee6b9f1676286af87,312a2d7f913935d367d38fcf7a9991630e8abdcb9bce910bb9aacfa74fead0af,38985,0.0,0.0,0
R2_aA_m0,1,15,C,COMPLETED,9,63,6,3,54,2fe75bce6c799b91aedee43b0a00699f3e6c6aebc3ac692303468a9267dbde1d,6f61b456c2a1ff1cea981441b391ba108ec0918f223a1fb03708ebe658af3014,39445,0.0,0.0,0
R2_aA_m0,1,15,D,COMPLETED,9,63,6,3,54,19ff681fdb0cede68115a2884f98f48ac397018eafcb4fd51d7f3bbf21f8fada,fd31b259f2f907e6eda4250b1d8e45f233df9ef5a9696c5066974011a89437ea,39465,0.0,0.0,0
R2_aA_m0,1,15,E,COMPLETED,9,63,6,3,54,5624bc613a6d129088765c5b44061536bfc035482d7f0e83a1a4bf82fdeaa327,49e114a7deaf147534c5c5f02713886589dec4b103b2083a6882b815f7a0ec95,40033,0.0,0.0,0
R2_aA_m0,1,16,A,COMPLETED,9,63,6,3,54,e9027c87f7bf2e8c9f90096c7d9dfe6475bc2fdfe10c732eadc4f51143abddf2,2c5109002ca3eef347f5ad6a09c4aeb48656a2d5895131ee2871b3f52f273adc,38361,0.0,0.0,0
R2_aA_m0,1,16,B,COMPLETED,9,63,6,3,54,c5c2a144f34484e81514ad49680989250919e3b7d0df9d76e5acb8a99f908126,7c77179385109bee5281a49a3f80af8483265e1416d6bca1aa2939ef1bd355bf,38943,0.0,0.0,0
R2_aA_m0,1,16,C,COMPLETED,9,63,6,3,54,b21fb0bc28a93d7a05d4a7ab1e448e9abdda67b7193e0ded1219ba15cca9e733,1a89773bd1760f386f2b2ed5d0d78a810921ac0e84fdb02eb10032595de4f9b7,39484,0.0,0.0,0
R2_aA_m0,1,16,D,COMPLETED,9,63,6,3,54,2306f550193e16755acebe347494aaa89769bfb326fbe979c7b16814ba3f74a1,0d4344523b47c8813e44e1d36c81b3ff183daf429560975e2dd17e7794df5b66,39425,0.0,0.0,0
R2_aA_m0,1,16,E,COMPLETED,9,63,6,3,54,6150b68ed13295d87409ce1886f080746aae82b6bacf9b77e43767247088b0f5,57a3524972a979f2b7914220ae409a64929057b7eca2a2be5db66f1d933b879e,40019,0.0,0.0,0
R2_aA_m0,1,17,A,COMPLETED,9,63,6,3,54,ab30ac12e9e0c8f0ad5bcc735f1572ca39bd363574c96bb1360ed1235c9b5eeb,b477ecefda5bbbfec37e47080f2f4e591ae5d056b7ab2855997090643a5658d2,38339,0.0,0.0,0
R2_aA_m0,1,17,B,COMPLETED,9,63,6,3,54,fa286f27a6304e7ae3024330dd281d9a00350330b24aa73f65c0b6a8303c2ae8,09c8687185fb17c8b2c2bddfb9a904d3f81698565578128d526eece668b0cf5c,38937,0.0,0.0,0
R2_aA_m0,1,17,C,COMPLETED,9,63,6,3,54,c52bebb643fdc8bfebb20ced92ffd9860be172060bc197008a501e56c3338f1d,66a2a25281f4195cb72bc8c80206dd541c7b28ce1be5496fcbd63125236cf5ab,39472,0.0,0.0,0
R2_aA_m0,1,17,D,COMPLETED,9,63,6,3,54,aaaf95edfe078221662f4372ea8234a572e089c50076dbdde95ab3ead84472ac,c50427c5b3323128ce71c84a81ec6040bbf7806f59df41fd5350c229bb9ab0d2,39463,0.0,0.0,0
R2_aA_m0,1,17,E,COMPLETED,9,63,6,3,54,635c3bd48aa156c425c235052419d7eb5b690f7af8d218ba246423b2d521d0c8,929c5f7f8f111bf5a176ab45ec19e136cbfb5b2474a5e584acda71e042367045,39967,0.0,0.0,0
R2_aA_m0,1,18,A,COMPLETED,9,63,6,3,54,532c4e97c7955aff922f7ea5d7d9ed1fa9c070b7424bc8bfdc67b0645597634f,c0a25718f546cfb20dbcf4d6174ba166435fc9cf29b1ad618b7f1c4aa0b31898,38335,0.0,0.0,0
R2_aA_m0,1,18,B,COMPLETED,9,63,6,3,54,15eca76ba527bce2c92f9be2c73e6c9664ba3304f090d3ae25139bd821521ef7,1a08b8fd04a357b19bad2d6738f8b0eaf20eaf031f2c1393f8672bf2846864cd,38963,0.0,0.0,0
R2_aA_m0,1,18,C,COMPLETED,9,63,6,3,54,8b9f66d3789f9549a13264991d001b7beba6ee5d455dcbe6a4183a0ae7e3846e,4577ae83932865ba472aef0b36f6d77de9274769a6fb63e88320ae387cc61a24,39416,0.0,0.0,0
R2_aA_m0,1,18,D,COMPLETED,9,63,6,3,54,6e856c804c82c9450665425dc51ed8071a81ae905eb64dfb6c54c6b1bfafac21,44245232a240972c91682a9c3315fba388b6382dd1431e68f843eff22839b05c,39394,0.0,0.0,0
R2_aA_m0,1,18,E,COMPLETED,9,63,6,3,54,9ff71a72c721b014abb6efb96e387002b965d49d76ef8ad39e2d4c1294812335,62aaf4d9cafb2f0fad3cd3e1e54f53282a7beb731bc97dea8ccf3b6c62ed9885,39973,0.0,0.0,0
R2_aA_m0,1,19,A,COMPLETED,9,63,6,3,54,8d0d0728b9ed8c0fc07772be2ff04a56e178eb47ac665fd5d47b6421674b60a5,7658517c74372ccaa7ff20b5d39096f747f7cc424ff8e2d1b52ae8971d79bb82,38315,0.0,0.0,0
R2_aA_m0,1,19,B,COMPLETED,9,63,6,3,54,1a508d5a725c4f056d7468657121c5b775d24c47d473affe06a9230e087887a2,166e5f96dd839177672cc33350dce44898f0b7cfc5e577bfaa6392cccc67397c,38985,0.0,0.0,0
R2_aA_m0,1,19,C,COMPLETED,9,63,6,3,54,d85ea7673d2a3102a21221ff4095c14afb1ab45ad2c7612397402020590ce7c9,0afb95eee1f025e0fc2db5e1c8cfc50286e5ad35163e24307acdd5fbdf42fe5b,39490,0.0,0.0,0
R2_aA_m0,1,19,D,COMPLETED,9,63,6,3,54,5ed3a1d5a7b6593c1c5fc161e23cb584c9bfeaab55c84222e53f1aa49bb32b8a,36798afca3ec21744e19ba32e272b801ff70a338e5a1646ca1f1af56aaa2e1f3,39377,0.0,0.0,0
R2_aA_m0,1,19,E,COMPLETED,9,63,6,3,54,eb46a9214e2baad410eb421d10f4924d937d34448f9c86a4a95ce7af3352635f,ae8e5af2f3bc50d9af8242e88668280b65fd8af6b9ecdaf12c048f654808230e,39981,0.0,0.0,0
R2_aA_m0,1,20,A,COMPLETED,9,63,6,3,54,6a6f2e1ed97331eafb95bf07dce52fcfe422ceedf2c9e2fb9b2262a3d8515054,56432a73cee9052f0b9fb0b8ad9ac50fafb38ec1318e4675c6244834ad6a2d23,38337,0.0,0.0,0
R2_aA_m0,1,20,B,COMPLETED,9,63,6,3,54,0d7e4e0f1beccddd88288d496c4d675e963a4d2e7f4d02ecab435ea9008751aa,13732bf7e0ea07727e06a001440523e48b52dced9111edcd47528e4c59cc4e41,38913,0.0,0.0,0
R2_aA_m0,1,20,C,COMPLETED,9,63,6,3,54,cda2085b49b4a44e1c30ace6a9af15c0bbd80dcb829e56f08b5bf2605e6f86b1,d9a31f541ed292719bf7bb2fe2b699f0a1518bc41cfd5a9fcf12e9dc8d8c7bd2,39466,0.0,0.0,0
R2_aA_m0,1,20,D,COMPLETED,9,63,6,3,54,cc65c11010652624a03ad51c36388a6a612aaf18215444195bd09da39789feca,112f60057e80705462850533520d0012281c0bc3a5e1508f8d6e1e1f04c0d402,39452,0.0,0.0,0
R2_aA_m0,1,20,E,COMPLETED,9,63,6,3,54,981eff7df3db7bf1cbc91ddfab3dca4df6ee41ad14a9fe8006d3442d971ca799,676b19c388e476c12810532c08ae194da8072c2c5743e5a0b64aa0fc786226a9,39974,0.0,0.0,0
R2_aA_m0,1,21,A,COMPLETED,9,63,6,3,54,3eaa4491ad1c719cbd3ba9a3b289cdbcb2988d6819ba1a68353c2532b8e6bba1,2432e0c91d4c3c5ef55d091249b500c45e334de1c9025d4c3e6d3510861431a6,38350,0.0,0.0,0
R2_aA_m0,1,21,B,COMPLETED,9,63,6,3,54,eac8c2a035d27961e5693f27d53ebf2a32bcea5931e0ab3f017e264fbc99d090,3710965a484608a0a10357d892dfa023b927f025f62a974003785773e6589852,38983,0.0,0.0,0
R2_aA_m0,1,21,C,COMPLETED,9,63,6,3,54,b75a2aa998dd41128758c11eac7b89c436d187e79dcb0ce64c73c357e5c37188,9d2924e7bbc6f4d46689f748e34454522a14429fb27a790ce07e13232dc8ca38,39500,0.0,0.0,0
R2_aA_m0,1,21,D,COMPLETED,9,63,6,3,54,24431e7ee52abd31f45c14d1b48959cf26c4056f7331b6f2a68bffb51d43fd22,85f7379ca7ce850ecfa5afc4304a924ba0faf36873b22d8a3559d5b066e97d34,39356,0.0,0.0,0
R2_aA_m0,1,21,E,COMPLETED,9,63,6,3,54,c1a7c86e6a4fadba0793d1f708be4815f85438b5104d5fb191968f5c47e5ab50,580fb584b8073bd050e1b201a49655795422157e56bc4d69d7ceb2e18024637b,40101,0.0,0.0,0
R2_aA_m0,1,22,A,COMPLETED,9,63,6,3,54,8c5e02de4896c763596e7f4b180a9b6e3f4001643102fe3f1afde2bebbf525a0,0e7235a93826f03b8e4783c809bebee015f277e7dc03584da538dae7ca8fac5c,38370,0.0,0.0,0
R2_aA_m0,1,22,B,COMPLETED,9,63,6,3,54,38d37027ce70b761fc7703c35169184b80969d460cd59a765781bd905de9cf72,e41679e271a97f300e6de545a3c0ce8e9ab40e7d6b8f558d9a1f1f5dfb5a980e,38960,0.0,0.0,0
R2_aA_m0,1,22,C,COMPLETED,9,63,6,3,54,56201cbf28744be95a095144a5a73d147079d9504ceb1118bee4096a74f769f5,eeb26e0c3b05a7326e96c7df045a90e4ca0a4feb44d4dd5ea7487257c1f0081b,39500,0.0,0.0,0
R2_aA_m0,1,22,D,COMPLETED,9,63,6,3,54,e5d1513294bde421f7c258fc0ddafd766cfcda01e0aa27476f969f743caff1f0,da6b3cf9731820d0836e413f07ac6750016edbfcc64352d85ec70563fcd32f76,39470,0.0,0.0,0
R2_aA_m0,1,22,E,COMPLETED,9,63,6,3,54,c7f33a350e6a2e2e7e5f79efe66170e75e4904748163ae054b41138cd54b1662,7a9698b130d6b77e1bf5e2c9c87d1f8e0291be4099a02d383e4bf5615bb9c308,39963,0.0,0.0,0
R2_aA_m0,1,23,A,COMPLETED,9,63,6,3,54,dccd06f5d3abe1209f494b73d2a062bd44714a2c06472f47e67c50aa1ba5c0b0,a828256b3f291fd5c4b47926046192b0cfec89ff88e0c0eb239193535843cecf,38303,0.0,0.0,0
R2_aA_m0,1,23,B,COMPLETED,9,63,6,3,54,10e422e994d236db2a9cfbec5df2e9afc0acad2ae8a4606b15a9733c0a8f326b,07f34ea25efbe8a94c6d3018915a6a6b74b08f0159e233a108868fd1294142f9,38944,0.0,0.0,0
R2_aA_m0,1,23,C,COMPLETED,9,63,6,3,54,7d46cda805181e1d3fcd2c3d2894f6149173b6339ee046e0fbfbd71ee5c0361f,e2b9fe52aa96dce96c3a7f827fbd620ea0bbf1fffed83ccd23b4301499c43940,39410,0.0,0.0,0
R2_aA_m0,1,23,D,COMPLETED,9,63,6,3,54,9da11df6b2396ac6c0b33fc79258a630706f3bad28b55645908aacae7f881c53,3a9b688e21dc1c5682359555b51822dd4d70ff4fe01fedbd4551eecbd46cbb1a,39401,0.0,0.0,0
R2_aA_m0,1,23,E,COMPLETED,9,63,6,3,54,1366a2802f278496f866c508a5a16ead29317a4637917bf297a531ea55b6ad46,4bf18ac2555604d036b3068cf914079363d51e1a0aa29b3358186c42784b064d,40005,0.0,0.0,0
R2_aA_m0,1,24,A,COMPLETED,9,63,6,3,54,6184846e1757c4c748bdf0bb459e19f4756b6b3999706104be455001f0740ce9,4ab9b61b79c5a94dc6f09ff308952b7ace5c0edbec8ed3208b128da6fe5664d5,38318,0.0,0.0,0
R2_aA_m0,1,24,B,COMPLETED,9,63,6,3,54,c608134a45e3c7c8535e8a48f0fae2909d9eb64fe51d4bc782514a4acb1f8e95,7335e36011d208535b29ed7c2d6b5eb354c0fe577ad1300b66ca6fafa7067207,38978,0.0,0.0,0
R2_aA_m0,1,24,C,COMPLETED,9,63,6,3,54,26381c6b84134b81adb8e33ac27f982491258c64b63a198df6ab35d854733c7a,3de3093f6d15579e031fd75673393a0f35a581253dbcddeffe68a1e662c2c3ef,39428,0.0,0.0,0
R2_aA_m0,1,24,D,COMPLETED,9,63,6,3,54,5fa16b4b6e26cd5b7b6ab56ac57c4736f37cdeab65f9357a91e763bfd660e51b,8f746d039cf65c1cdee7527dc4c9161ace3cfb9211607f5ad142ee8fa0fe12db,39443,0.0,0.0,0
R2_aA_m0,1,24,E,COMPLETED,9,63,6,3,54,fd3060cfa625c01911e1b7bff960e7235824b43d997dd0848b40ffed299f7268,da35c5adeb39552ea6fd6e91c38bf4c99463e9a2107c9623fdf875835f00b414,39978,0.0,0.0,0
R2_aA_m0,1,25,A,COMPLETED,9,63,6,3,54,57c601fdc2f98dfd28e38f6f988448c2ce3237c41977eb75cc4a618d11a0b8da,ae6647c17f0050f5b9df56257d9efc62478d14259dc7668b144ce8ec90c813e7,38348,0.0,0.0,0
R2_aA_m0,1,25,B,COMPLETED,9,63,6,3,54,73fdb4c46ad333492c259b6687ba1fa539f7c7d3ef5695d3c4ec1ec922c9d754,9726107fc795308abb39c440e6fe2e83b8fbfcc5866e6fabfc6f9da0675d6e03,38963,0.0,0.0,0
R2_aA_m0,1,25,C,COMPLETED,9,63,6,3,54,01d00ba9892eebaa5f48a386e8f090eaa1c0220c698ef2dae356ce5f0272cdf5,112d040e49518f6e1c2660f2d11e821ee80fad090fd4ef36c98518c3f4d092d2,39458,0.0,0.0,0
R2_aA_m0,1,25,D,COMPLETED,9,63,6,3,54,2d09eb4b33ec5214b26ee0de6fd3ff2cd7c41a02e4603527f165c5e5d2cb6120,ac7b7921239d2eda0104dda42c865c2658a1898fe73304bc7abf9c0d7116e3f2,39438,0.0,0.0,0
R2_aA_m0,1,25,E,COMPLETED,9,63,6,3,54,816abf177fc6a83e63404f5e88ed021e0df981f79e2c70375a8c4a9818d2d173,e0aace05d35546bcfc6cf23618d0b2f48f7cfa3832ff661b8146edc073a711c7,40031,0.0,0.0,0
R2_aA_m0,1,26,A,COMPLETED,9,63,6,3,54,b668d3b8cd6c957717a9ee8659ee998a15f5f290a5ca82bc732fb1c60ea7fdb5,e230406a1b77f133af01fcadc77cde99e8fbdacf4b423a17d45ce7588695f9ab,38299,0.0,0.0,0
R2_aA_m0,1,26,B,COMPLETED,9,63,6,3,54,2634d79a138191aef50a05e3d97cca6f25594f76bc1ad904929c7c2f6956c292,babde00bb174d82bd596d8988eb886fa51313950c4b58bb7b2f244734afadbfb,38943,0.0,0.0,0
R2_aA_m0,1,26,C,COMPLETED,9,63,6,3,54,b564ea1fd34490da55ab966bd985644f90fee5a5fa9d475ddd835de183bf5496,004a4a22cd3d7d2a758faf159e690d06dbd463ea970ef9dac33fc1b8b255d6fb,39426,0.0,0.0,0
R2_aA_m0,1,26,D,COMPLETED,9,63,6,3,54,8c4d0b3ae764544462d5a6da5d00fcfad22b2658a994f9c99efdaa76c18a7435,a7cc19ff4a6898834dde88d27cf49c5400e0fcc62464c018eb4c17f33c08aac6,39447,0.0,0.0,0
R2_aA_m0,1,26,E,COMPLETED,9,63,6,3,54,6e71edf52edc59e1dec5225fe5ee9704fc6765d9b7b7120d459ae0246aa08ffb,5b872458175c52b58b6a05707389097fb0f4b2cd091a9345458a15bdc68d0101,39981,0.0,0.0,0
R2_aA_m0,1,27,A,COMPLETED,9,63,6,3,54,8c5808951c5e1e7336c8f379fd7e98e85d2c877dd563293c171d3c82bb33b064,96a440a9a4fd927ee2e5ddf28176d665ccb50cf055b39b2b2c292a325d4f2208,38346,0.0,0.0,0
R2_aA_m0,1,27,B,COMPLETED,9,63,6,3,54,a275a3d1a571a1b5ca47913ab2b8ace669a9ac72d5018d61ea8b3e236e9cd77f,c9f401ff4228bda15d11221a151968b0d9875df7e551ddf0731ccc6e8464f824,38847,0.0,0.0,0
R2_aA_m0,1,27,C,COMPLETED,9,63,6,3,54,79ef75ea3b84a3baf34302a6205e6205b145224088d95891d12fa97a1a50cfe9,ef6fdc7ab42a1ac44c6d74229cd1763d7c3e8ca7a3e5c6cdad8c8630a1a87089,39470,0.0,0.0,0
R2_aA_m0,1,27,D,COMPLETED,9,63,6,3,54,869127eea97d12fbd6b3e921265e8ae7feba7241d8170f896313c927d1b1e719,4d87aa58502ff2784652bb372d1f281e5858276cea886ea857bfa111ea176451,39446,0.0,0.0,0
R2_aA_m0,1,27,E,COMPLETED,9,63,6,3,54,ccb933dba3b835d5bc7d9bd94500a160470fc991b0acfdaa870f473133c3123a,954aca3abf7d4a74dc9d412479fba0375bce70efe12a9e81239c0f3645bd9d7f,39999,0.0,0.0,0
R2_aA_m0,1,28,A,COMPLETED,9,63,6,3,54,1e8acb5dcb34fc043189c1e669ba8c027c477da487b0d96b7dd3c03d85119c05,acc3df996bdce66c0f5d27dd45991d8aa5c3795b9be0c56f436e4a05c45be1b8,38349,0.0,0.0,0
R2_aA_m0,1,28,B,COMPLETED,9,63,6,3,54,67bc944bbb8738ab78c234ffa121697199e5c489040295e2b138a7f42ce0b518,77a250eebbf1d5e67813cb7b8c46b7d86e93b46bd4700c62b52ef3df1154011a,38968,0.0,0.0,0
R2_aA_m0,1,28,C,COMPLETED,9,63,6,3,54,16f29dcd78d354bda1fbd7e49aa078d2b2ec658f571415b9bd91514f0f817413,a6870f5488ccb83f6daee36507354b61a61b8c037edee8096233baa01e856cf4,39493,0.0,0.0,0
R2_aA_m0,1,28,D,COMPLETED,9,63,6,3,54,3214444d803b67bd6196406c81bf10b1877a7a15a1f3af17a1c24bb7b91eea60,59c77e246d0121de06e51a11f9d06bfcaa040ab4e7b29448f9c724292846739a,39397,0.0,0.0,0
R2_aA_m0,1,28,E,COMPLETED,9,63,6,3,54,7ade8090defe9bc617f8ac0cfaa0a212d909435664272909d17ecdca5d203bdc,fc7abade94f298f55ae986e5a5e52e638d8015f06aa13cdb8fa62e7447431c5a,39961,0.0,0.0,0
R2_aA_m0,1,29,A,COMPLETED,9,63,6,3,54,8241a3a1c1696079da1a17ba511ed27b4a67e50d5a71d3eca1a908e2b4e9aab8,87f234716a9a8fe3cb0112f32e4afe28c25ca18c23df279123cb45f89ad0dfa1,38330,0.0,0.0,0
R2_aA_m0,1,29,B,COMPLETED,9,63,6,3,54,7e5925a9107800b89ea87449837e80666c74a95cf75bf1eddcbc458c14d883e0,1d9ef229ed9c5a25e490ff34bd5e96dd0fd666c74127937e007d5c1096b6d3aa,38936,0.0,0.0,0
R2_aA_m0,1,29,C,COMPLETED,9,63,6,3,54,859bfc220e88923ae24fdc2cbd1fea1dd4fa23f0496501c7ad53f8674bfe7f2e,748c5ccd49ff469e5cf02bc754b8c0754de6c2fecbc4fdf7c859f20d0914ba6a,39472,0.0,0.0,0
R2_aA_m0,1,29,D,COMPLETED,9,63,6,3,54,602a5f5194ab13a9a3b2895d86314109c799094312becb616169a831ec628c06,61a6ec996c3475ac4a82b101990fa1a545bbb4db15a5ad2b5ae79c3f6c2e29fa,39450,0.0,0.0,0
R2_aA_m0,1,29,E,COMPLETED,9,63,6,3,54,4d763c7dfc59d34ddc902f5511312ac0245533da93d331be81ff34f0abc2a321,afb068b7454db10f30b1e00520d2336dad44ae54da1fdf17ece813f6017a93c8,39974,0.0,0.0,0
R2_aA_m0,1,30,A,COMPLETED,9,63,6,3,54,63935f511b6c04de7a03c8b86748860c60a0d19286dad8d9df493bd7d7f8d8a6,a817f4d7e451d7ed316d9ccd0af88c43eefc6b5072c27ed914aaae0bfb898d79,38300,0.0,0.0,0
R2_aA_m0,1,30,B,COMPLETED,9,63,6,3,54,1109028b6f3ea0ade94be4ee1fdd6348842d1747a2e313cbcce5fb73677b03d3,d0d973cfb14700f90d7c3ba2accca48ec531457255378dbfaeda3e23972cb66b,38936,0.0,0.0,0
R2_aA_m0,1,30,C,COMPLETED,9,63,6,3,54,ce777fcdb7f4ce8a6a071014b11e831aa9f79941ffa75d612e26c29766d8ede1,21aa5d90da85e9353fd0ed91fadd6d477643927c1ccd1257b2a6edce8b4b8c22,39455,0.0,0.0,0
R2_aA_m0,1,30,D,COMPLETED,9,63,6,3,54,a10c4dd105683081c82ad3ee207b457146d87c9e5f309861aec4534c90ad82c2,742afe5676b1a6a14ce0ce57941bac44d7947cb1d1270a91c1f4ce9942dcb625,39452,0.0,0.0,0
R2_aA_m0,1,30,E,COMPLETED,9,63,6,3,54,02054aee15fea811d0c89438e84eab28e0870456d3d7f1244b9f2ce14f1a4583,5b365fa142eb2b435c2fb5c6316c735cce83fc560ebabb7b3a92badf8b89bccb,40027,0.0,0.0,0
R2_aA_m0,1,31,A,COMPLETED,9,63,6,3,54,9f1d72e50b65ad0e89a7c7babf3b9c128caddb4abdc85f959a965ff6e1c3761f,5b0af8c40ad7ce2fff4f027a37bbfdaf79005294f8f6e05c74de0ea16b689c8b,38301,0.0,0.0,0
R2_aA_m0,1,31,B,COMPLETED,9,63,6,3,54,6e82c30082a3ff91fded85e4f1964a58fbb77cd84431b3d4ddabf509255df6b6,72bd4129e9a04208115f0368bbf94a222913216b36152f91d81946741dcadf46,38954,0.0,0.0,0
R2_aA_m0,1,31,C,COMPLETED,9,63,6,3,54,3885be5eb130fa63a58ced3dfbee22236d05d64cd0a96b7ed1c7616e19f8eaf0,3a5288c20b2877c23bc1314d5f37dd861107f5bd636ae5dc4f64320e3c1cb099,39475,0.0,0.0,0
R2_aA_m0,1,31,D,COMPLETED,9,63,6,3,54,6fe8016f7d2b4013f6c68ac07dac6e7870cbdf3c2c0a61e1d5b2dd6987d4e9c3,14f16bc4eb67da961208b2ae501f58c5b683acdd82f428e9d723ba71be6e4b17,39423,0.0,0.0,0
R2_aA_m0,1,31,E,COMPLETED,9,63,6,3,54,19d75baf6efec7601a2c55d7d291c0f4eb439e8243e16f1ef5325cf297e9c973,70f2749745aac043be4d1c94fbe889314bb2481cb75ce54d660c0c0545d94aa3,39958,0.0,0.0,0
R2_aA_m0,1,32,A,COMPLETED,9,63,6,3,54,2543124970a4832a46df1732ca6ed114c544e71e46b754a087240c985e5349d9,89fbb50119f82877737c565ae1908683c4df64a6020de6da41fa50e8ec5d12cd,38333,0.0,0.0,0
R2_aA_m0,1,32,B,COMPLETED,9,63,6,3,54,eecfa03296737b52f64f2efd6ea52716f3b6404aa0287be79bd5994b6e0c00cf,59a8967d9528a212732b63fe3cd5492e46ce2f38df58ef92a5fe4fd6a24cd720,38938,0.0,0.0,0
R2_aA_m0,1,32,C,COMPLETED,9,63,6,3,54,5f6696383b366dee871f40d7f6ae00891bcb4dbae94eff2e0512836de2425da3,1017b9a4c64602bc3bb6c8124c155acb8abce041f052e89ae56facb0dfc62fa1,39471,0.0,0.0,0
R2_aA_m0,1,32,D,COMPLETED,9,63,6,3,54,bafde63ebc082a0d9c17e5409f498cf833bcdf54c40ee4ffbb43e3a60235dfa1,d1d37cc668444d1d87d12bb1c9b44edf00d4f32d36aef750e4371237cca9752e,39489,0.0,0.0,0
R2_aA_m0,1,32,E,COMPLETED,9,63,6,3,54,b2789aa0f48d0d39c9b4ead8357827a8c623e2c6c0121e7bb87b83bb5cc27c1a,f3fcec2dccacf59d73d00c0f36f14bd48ff30c4689cfbcfc83d0fbe1d4faa143,39966,0.0,0.0,0
R2_aA_m0,1,33,A,COMPLETED,9,63,6,3,54,ffd29beab47f5bf32b49f47e1e7cdfc4f82be3a3bf0502c624e1f0cd2b0ec274,b6700e8fdd8c3b4b626338e84441ea87965779a04af808595ed30dc330d9e0c9,38396,0.0,0.0,0
R2_aA_m0,1,33,B,COMPLETED,9,63,6,3,54,7d6163ecf73825c1b27a30da424e8cf799f4cca36d443a56d47e3477ddb93e35,0ba70b60ad590359355fb7f9838a61fb2ab6eafa726d3aad633b00f2e67762f0,38947,0.0,0.0,0
R2_aA_m0,1,33,C,COMPLETED,9,63,6,3,54,ddec3649a0da1af1f2e85de7228f83eed596d25e2b69ad157fff20c7b756e553,bb1222fff9f5089c16e5aa14a64e05e258d88df471e75d277e16bcb63820e63e,39480,0.0,0.0,0
R2_aA_m0,1,33,D,COMPLETED,9,63,6,3,54,76e2095f6f02c7a8e9cee8f1b3c76809be128973eae1bfa4f00be09c5d65d8bb,f6388ebb9349459aff05df7c67a470911645adc57de6fe1c0d5c82c76fb5d043,39430,0.0,0.0,0
R2_aA_m0,1,33,E,COMPLETED,9,63,6,3,54,dea232729d74715541449cddb7fab80419c2b83eb63dfddcb2c1f6a44f3ee15a,781e9942ae8f2504db4a79b2bd2a2711734aa631c37fed394fd4eb7fcb4946e3,39959,0.0,0.0,0
R2_aA_m0,1,34,A,COMPLETED,9,63,6,3,54,9d91f2da3a1406ac940e4400776d5448594f57b42f2cfc3cd129bbfa08d3c127,4e2ed35e7365d75477237b72166d478f6c1096592cad3eb71b1a30ffe6ff1d7d,38343,0.0,0.0,0
R2_aA_m0,1,34,B,COMPLETED,9,63,6,3,54,a8819b9beebb90855f79fe41c488d0dcfe25450f45661f75e61b62dc92ce52bc,750ed279192c24369bf47637e0580362979057a92a6cd1f90d09be7c09145328,38926,0.0,0.0,0
R2_aA_m0,1,34,C,COMPLETED,9,63,6,3,54,d8cfef58591d65b17394ff848371181d6dae1d91286fcdd68d3bf7f126efa7ef,31e88a8df6af7315fb68e53ab7377d64d1222e9a1a3cd163de7b48e46730de65,39405,0.0,0.0,0
R2_aA_m0,1,34,D,COMPLETED,9,63,6,3,54,8b9f55441cca7e548704e8157c4b01620cc919e536b8045aa31df09010d482e7,2c9dbfc81d29fc8470e3d8fc22526d888064913e01a3c2e6c707275733b1c012,39437,0.0,0.0,0
R2_aA_m0,1,34,E,COMPLETED,9,63,6,3,54,aec6e48b3260586ddd41f8047b668ad353d241e2311afe34597a557b3a29e2ba,206ee14b79d87ee5c1a1a374a6b8df87b64b7415c3b575618807d888d29462c3,40003,0.0,0.0,0
R2_aA_m0,1,35,A,COMPLETED,9,63,6,3,54,190fd71479e69a36b5702a5e81b0139a0e2c6fb981d2001934017a1fcd93b1ce,64ace4a6ac7fe0fd94da84e808cd4784729bd90160f99e2a05ee2b2da52d2a1c,38337,0.0,0.0,0
R2_aA_m0,1,35,B,COMPLETED,9,63,6,3,54,d950b6358ef8508a2147d6ec7c43ccb5e664cf95500b4aeb27477b92bde8689b,6f47c6dd39033b1f16dbaf111c87192e3e6b916430443cbe8ac675a17345f351,38841,0.0,0.0,0
R2_aA_m0,1,35,C,COMPLETED,9,63,6,3,54,09e2e5f440d1e6fb0803a4966a97ee34ac2eaf52a1bb339c83d3287d26a3a775,c58843bec6670f702bca61ea15631fd2e5e91e868b877ab2c838c7c4718ee671,39469,0.0,0.0,0
R2_aA_m0,1,35,D,COMPLETED,9,63,6,3,54,f8dd46d63c6fc02695516522a4147de03d8abab902fe92c6c6e37cc3bd3a2316,2d28ed6839eb1a6fb061c26d2e12f83f9d186bea1b9ee68880fa05305cc836dd,39429,0.0,0.0,0
R2_aA_m0,1,35,E,COMPLETED,9,63,6,3,54,d42b29a271ec7feba6c6ec15da7ac3167a2e3b3d464dac058829ccb448478a68,8b80f4613d3e581db8196acb76c2fcb3406514c65da7eae69b81fe5d260c0daf,39986,0.0,0.0,0
R2_aA_m0,1,36,A,COMPLETED,9,63,6,3,54,d55aaa3030b22a17a979c72f442de247f1c4584c7fff3338086ff430db358079,0fd6e065913c7b8260650aaefb8ea818ffd04f6ed80c7300feee49c7347be0cd,38351,0.0,0.0,0
R2_aA_m0,1,36,B,COMPLETED,9,63,6,3,54,8d96af805f1e89f9e763789900c4fdb36d487cb2509faade8b5bca8b8d0b7627,a3020cb8318a118f20c3b8644958412a3d19704bb65c71b69365aff9ccb8dfff,39006,0.0,0.0,0
R2_aA_m0,1,36,C,COMPLETED,9,63,6,3,54,d788180c75932952447bbd8eee84705971838e4df18822eba30fe165e9b36bef,d9c34987c5463f8f758dd1c07cfc888bb4aacde903301c76361110391e3a44d6,39442,0.0,0.0,0
R2_aA_m0,1,36,D,COMPLETED,9,63,6,3,54,a3220187188a5dc9bee7f4a965f3dd96c58fd48e6cc6e5d205a80a3c1650bb6e,037d209be8e57821b59c7a5d2c2b131a069dc22f2cd7b8761ca79031ea8c7427,39448,0.0,0.0,0
R2_aA_m0,1,36,E,COMPLETED,9,63,6,3,54,2003cd7f6c1deb94ed6108238458983547944a480184c30bbb9fdff83ec98093,592a6822cb1394ea25a5d62ed03273f8ddc89a9ea4aae8725a9f927437b0132a,40067,0.0,0.0,0
R2_aA_m0,1,37,A,COMPLETED,9,63,6,3,54,2677ef800510cf3682a98a7be1bd8a461dd627a4be2e38d4d947138b04c6cad0,26bbb8c6b756c7836ef5c7cf18fde57a6910c921879068c331035387edc909b9,38369,0.0,0.0,0
R2_aA_m0,1,37,B,COMPLETED,9,63,6,3,54,6fda8569aca56b6709a4222c3378d9af4730da02194d8706000c8c028c9db953,18527fab4a5d35f7470ca5dd8aea406082fce3f9cf352122538d2c5b7ecf3ca5,38907,0.0,0.0,0
R2_aA_m0,1,37,C,COMPLETED,9,63,6,3,54,0731df539129058b07641d956e148a7b9e4fc6bbbd5c36c6a604ad321780b562,b04a81cb763c430e33d92203bdb2fc2d5305f1682123b018eee6ab06c79678b4,39405,0.0,0.0,0
R2_aA_m0,1,37,D,COMPLETED,9,63,6,3,54,5721d99929d1d97ac4d0226a245fb8f7654b0a048b7c8e528eebdce3817b66fe,567e9d90308947044f2ccf4dea4ea2ce9587a09d5a005f0bfbc42e9b3beda6e9,39439,0.0,0.0,0
R2_aA_m0,1,37,E,COMPLETED,9,63,6,3,54,959da3afb9a9f450751bae3b7a429f289a2fdb9fb6e8a14aa21fe1877e0bb4d5,ae71e498e080b54133a7b0499c4fae5eb9d24a044fedcc5e05f60ca675f7f473,39891,0.0,0.0,0
R2_aA_m0,1,38,A,COMPLETED,9,63,6,3,54,0c699422acb052230f5dc1d8e6645c4a21d60e1842c80b8bc905d7b5aea03629,ebc0d660e6b7a5328bea31660ed6ec7c8c4a5b967cb6b929e24345feb68d7772,38353,0.0,0.0,0
R2_aA_m0,1,38,B,COMPLETED,9,63,6,3,54,e8c40ee8ca845e75b2a05ba9d05c41053101ded140ccdfc269e2c3c7dee2a658,70a2ac9123bc98ad0d8b1b45455f6765a9f7cc08d8611fab4601bcac734046d4,38955,0.0,0.0,0
R2_aA_m0,1,38,C,COMPLETED,9,63,6,3,54,a77b2c25051a99f3cdfee991503f9e72b42020c33cc935970ab8031d99b5f4ef,9faf78288fd137f5dfa3cbb3422edc2009cb89fb1c7293537214444c127a87d3,39417,0.0,0.0,0
R2_aA_m0,1,38,D,COMPLETED,9,63,6,3,54,4be743cbce7219589baa44286058e4522ea3947c8346523580808a71df8e4f38,7f964570fdfe2435b477f1037d39963ef6fb68a285590e2905dc7e839bfd2250,39416,0.0,0.0,0
R2_aA_m0,1,38,E,COMPLETED,9,63,6,3,54,3b0ae62d7ce0b3293099c3d24b6df3002a3e5c2d6f7612c1c09bda7ede454279,f12201ee16137dce838a68b2a5294482a8d61db286be99fa92e1c83520cfcf4b,40034,0.0,0.0,0
R2_aA_m0,1,39,A,COMPLETED,9,63,6,3,54,549f30acac3a495d472f1ea6aa3e1f85460a7258a7f29459f141d53e2643a04e,127c5c57989b04b4b13e73d1934da5ed6e65b0adc2969caea758db0f0f2f8c9c,38358,0.0,0.0,0
R2_aA_m0,1,39,B,COMPLETED,9,63,6,3,54,cdb82c8f72177c31d9e70af00f9c3236e2249bcd6384c4dfa75656601d72e504,5e85781b346c0f901d5b1f8d001243a4779fc074a751335f8eb3010ab080ae06,38976,0.0,0.0,0
R2_aA_m0,1,39,C,COMPLETED,9,63,6,3,54,d1f2a3974523a3874b66b723cbe4c43cfeb60be388e05cba24dc2a36ee1bb79a,524a80363ea4f938e88654fd75da99f24e1a0f48420de035e941561580e90de3,39498,0.0,0.0,0
R2_aA_m0,1,39,D,COMPLETED,9,63,6,3,54,110704a82d07bf01c2caa685c669378a4fc6df2ca28dd7e5ce2fc14f03fcf319,f40cdbbd0ec585a85802b1a41d55ea7b58d9578a1f1fed64513f7d678eae94f9,39456,0.0,0.0,0
R2_aA_m0,1,39,E,COMPLETED,9,63,6,3,54,043ac5c03f63072c35341fd33b84297c30f89f3a2f8d32b5abb6977f63d2b590,95587d838985a293eb577bb9f7336f562d1e561ce0456195806ad95d5f6ab3f4,40036,0.0,0.0,0
R2_aA_m0,1,40,A,COMPLETED,9,63,6,3,54,1ffd34c1a30da9aede6f84350e85f9421b36be13e66e94dd6d5cd4aa8fc730ee,b77589da5ac596e431cd8633556df758bf96fc60cca993ab4ab49d92b523b89c,38372,0.0,0.0,0
R2_aA_m0,1,40,B,COMPLETED,9,63,6,3,54,b92e2d3e0fee451dea50aba9ceb4675cbad9f1329ac5d95053705a5573dd2c22,4dc1e86dfb977f00a2587b8d24008fe05463973e8287d29d27d8b2971183d466,38930,0.0,0.0,0
R2_aA_m0,1,40,C,COMPLETED,9,63,6,3,54,9f2d7dd060bd8d82b984668ebb710d086cb1be70d2053770ffb9949ac33bd48f,79a660a6827eee94033c411e976162fbd21559b05a22b80ac3917301023251fc,39471,0.0,0.0,0
R2_aA_m0,1,40,D,COMPLETED,9,63,6,3,54,0c2c503bd8bcd6a401327a5272984d4ac6490ec5811ba9ec747be2b5eb1b9a98,5b5d7ef73304890138ca5da73d6d95609fe36ed02bdb607799bb215a469effc6,39419,0.0,0.0,0
R2_aA_m0,1,40,E,COMPLETED,9,63,6,3,54,9ad8f0bcec92a62e01d16db164e95a3d5135f00e995c551ad4d1ec182e043c9c,b617c19fd9edd7e9c0919a119dd5dde5db24bdd428accd1faa8be1009f64b47a,39983,0.0,0.0,0
R2_aA_m0,1,41,A,COMPLETED,9,63,6,3,54,642d84f459f545f1c90eca9850bf47a55137ae5b007d1120086cb93cf2937827,d828afed160b8648e47f8602417fb18546497c6f780d5318e5f742861dcdab70,38342,0.0,0.0,0
R2_aA_m0,1,41,B,COMPLETED,9,63,6,3,54,d6622ecf6c9a819e7c7bc5d3814955618c7804a3d72696bec61bcfbf0947448b,3865ede990098f5186eee0d870e43fd0bf7d9b9732e86007bb109cca75d1b467,38854,0.0,0.0,0
R2_aA_m0,1,41,C,COMPLETED,9,63,6,3,54,56120f7a3d128881e4323d97fb8a51868b161d9ab9b832344a345c7a5c4d0ac7,9c7123647a0a250d615cfae527d2548bb07fa79b2de4e7c8e8e7df4f0d51f84a,39418,0.0,0.0,0
R2_aA_m0,1,41,D,COMPLETED,9,63,6,3,54,3029b623fa2a75dc870b5c9df0e1d5adacbd890d79e2bb7aa303f4946fc55676,20538cabb8a5d91fe61529f5f1549ce11aff470130f885ac6ce5f54dccf16bf8,39469,0.0,0.0,0
R2_aA_m0,1,41,E,COMPLETED,9,63,6,3,54,29b45765ef2274c891a28ef16764b495c8450307f8067abd9f23db8fa30dfff6,52c786122da44b5bbc8c6019b6de5299a42fdd43136e116bab31a86a4fb2f8dd,39946,0.0,0.0,0
R2_aA_m0,1,42,A,COMPLETED,9,63,6,3,54,7c0f1c5aeabde301c794dca5baeb8605e4a39e70ccc9756db9b8cd26f7672c6e,91bc2d7dfead54eae45714c02b318c7674ea4506a4574c6dcdd0c8363ea07c36,38364,0.0,0.0,0
R2_aA_m0,1,42,B,COMPLETED,9,63,6,3,54,6052bf564e96e9021da5a3d580fc86070e2fb9b9773dbfb05014b7de887894d1,28213c3c8c78b733715fb6c2201bb60f88ccdcda7693d10f4c4d1f34866585cb,39005,0.0,0.0,0
R2_aA_m0,1,42,C,COMPLETED,9,63,6,3,54,6b13fff181bd995041abac775e19e7a17e12246a6ddf4708193842370193166a,9100305425e32533a0588ce7d53205cf074436ae089871b1736ee30a28863924,39414,0.0,0.0,0
R2_aA_m0,1,42,D,COMPLETED,9,63,6,3,54,c00586ecc6efb679696cabcaee351f5552571262dd87092da6b4eaf18fd4f5f5,2f2b9d489c2f326a201688ff4372a67c1ad7cb8c0f0f456e1a369c9afb1f9ada,39475,0.0,0.0,0
R2_aA_m0,1,42,E,COMPLETED,9,63,6,3,54,6d2ea413e9e2a27d1e58d421fde16687fdcbbc8e5bfff042cde5c7df8a7354cb,55784405e3645e2d7f5942afa50f1fbf12b842d13371cf1b90ee9d7710c2e64b,39985,0.0,0.0,0
R2_aA_m0,1,43,A,COMPLETED,9,63,6,3,54,412b64f3d3e32f2c29c94b56efe749cfd1b8131455dee50d598ea8ef5b3f24a6,2552ac2b6ed62d2df9e25bbe5c6c1133ac40e1b5e456858ed87be461cfc92ff5,38296,0.0,0.0,0
R2_aA_m0,1,43,B,COMPLETED,9,63,6,3,54,c983ed83277281d002950c95f02ce5540aba2bf5720e81f1fb13650dd511b81a,2f988a0681999ac5f5701f3155dfe700c36ef8523f94744341824938cbd7b38b,38944,0.0,0.0,0
R2_aA_m0,1,43,C,COMPLETED,9,63,6,3,54,271aefaae847671fb68cee3c1604aa7d37b258f1cb9c0efc01d888795999059e,01b2d60084a6f436d093de107a73326133ab26f9f3774f59729f90fe723a67b7,39463,0.0,0.0,0
R2_aA_m0,1,43,D,COMPLETED,9,63,6,3,54,0d9b48d92d315858ad992682ecf381a459e437a38270fa46405ecb12a8d0ea01,365353cd97b4a14edfb60dc20b97705ba6fa984368d1d78f6e16f6b129a997d7,39413,0.0,0.0,0
R2_aA_m0,1,43,E,COMPLETED,9,63,6,3,54,232d739ea438cd2d5e0fbe1b719671a77f9e7f89dcc18ab88aa6aee5445e24f4,387f7456984ffda901ce517eea331705be9af203185178d6fa41e57371920c95,40014,0.0,0.0,0
R2_aA_m0,1,44,A,COMPLETED,9,63,6,3,54,5365a832ed8a8ef2f4deb94460a3347793877d4133330cd51cb8e36244621d0f,e5e7a808fdac8a4185b9af30107ebbb2c2732d66ee5f04fa878eec228521ce91,38267,0.0,0.0,0
R2_aA_m0,1,44,B,COMPLETED,9,63,6,3,54,e101131a7a3e7333d8a4890e125b6d8d40536014099b22efa5596f555c75ee83,627b821f8f379d000b7598dd8d0fa6b0ad493d505eb9049e429011d91b8ba57b,38930,0.0,0.0,0
R2_aA_m0,1,44,C,COMPLETED,9,63,6,3,54,9ce91925ddaf5d8d4db60e455d5a3a94cd509886d6ce89e68b24068b36a7b6db,48d0b7a921219f1f79e3e5f4e18786882645cadd55a9e5ec15d09b4991d1a171,39449,0.0,0.0,0
R2_aA_m0,1,44,D,COMPLETED,9,63,6,3,54,39c96d8e70f47faa1fe874de03f71c58be1a8dcb8f6e1d17b328e692122363de,ec4fa4343973b553f8ac38f8cf1eff4387e6d732caafa49afc8bb7ca41f1e804,39383,0.0,0.0,0
R2_aA_m0,1,44,E,COMPLETED,9,63,6,3,54,4e5ebedce4efb41a5d1a3c07e2b2bb1b5ff0e1361aba35747ffe82790752505b,e9d6a59ba95b59134cfe818e7444f5427869f07e8a92ff8c15b9c64caaa6391a,40005,0.0,0.0,0
R2_aA_m0,1,45,A,COMPLETED,9,63,6,3,54,ccf8fe1d5a2a12c57cafd8d96d5328bb551b8418adc56cf3de7c383bc5995f14,9be40eac72394e3d0d8b478690c8b1ce74f3bfacc9e2f179341b2d51cff2eda5,38323,0.0,0.0,0
R2_aA_m0,1,45,B,COMPLETED,9,63,6,3,54,c5f08d690d3a4f9e14406e0048c2fa835fd107548532941e8e7ff2eef6c5cde5,9a5fec2e2cb99d1bb26b538028c939eb07f5f855bb5f9eb45e2b809c1b3d0449,38882,0.0,0.0,0
R2_aA_m0,1,45,C,COMPLETED,9,63,6,3,54,faa41a6a59f24b3b495eb17ec4640cba0145c06c877703c2330972542025c2be,3828d7cd1dd9e135536383be7b6945ce76afa8db321afc6d97a54b686a862bff,39406,0.0,0.0,0
R2_aA_m0,1,45,D,COMPLETED,9,63,6,3,54,2ed790d6c91926cedaaf64df91d58ef55a203337c4643ccefda6d0a7a87ca185,02e43e5a4b44f4fd908592e859de8b3894a1315c529d4f86d5038091d62f4274,39392,0.0,0.0,0
R2_aA_m0,1,45,E,COMPLETED,9,63,6,3,54,4187da2ea9591511f90e79b9a61d84dcf4bd946b864504870a25eb5fc55fec08,3bbf1a3451ca0a185d7d592fd03218a91420ba1cc82c8720ebf4129e324a7aa2,39943,0.0,0.0,0
R2_aA_m0,1,46,A,COMPLETED,9,63,6,3,54,a2426524c77c3c478ca71eeaed538c0158092fa2cba4c0c25da3a7fda0d31e64,6167411812d5eeddafd2e90313471cb0735a23068cd30d407d2e690370007d45,38324,0.0,0.0,0
R2_aA_m0,1,46,B,COMPLETED,9,63,6,3,54,d225171c636c5541b60f803de189cc8236b1f77e5329ec905b9f02f7b257ce6b,a4ef57089208f5bf17a259d07d6b6e7cb68d935721cac08a486feff6dda55b5a,38882,0.0,0.0,0
R2_aA_m0,1,46,C,COMPLETED,9,63,6,3,54,8d8ba1f3069185aa890c45042a137cb2b8561b0813b735b397dac92f154f934e,46185a1382144e6262bd3d2509f90c5750e771525e2f63f59994ceec69aff1a5,39475,0.0,0.0,0
R2_aA_m0,1,46,D,COMPLETED,9,63,6,3,54,a1f270e8a88fbac2e1bc500606e3734e9ee78e34745dc3f47dfd2ca2d1008d9e,671c1adb2295d91f1ad0863fb6f03c4ff997432844f541db064a5934f009cc01,39406,0.0,0.0,0
R2_aA_m0,1,46,E,COMPLETED,9,63,6,3,54,571fc941b7da2583832caabd51db517cd988383c4fd579a1e65c21d0002dd0d4,5e7a07148a0a9711df391e7dbd9e266467d463de8ac85d5ba186b2b4b9b42a92,39999,0.0,0.0,0
R2_aA_m0,1,47,A,COMPLETED,9,63,6,3,54,0a53e93b8385440d02ce17a062fe1df20b5cbd4d3a9e1c72088d36c55f35ebcd,6063dbc91d37a2e5184989d23df72086e3dcf3b7c01b615b1ae430b0260f772f,38317,0.0,0.0,0
R2_aA_m0,1,47,B,COMPLETED,9,63,6,3,54,00ccef167ae6d8eb62bd30ed2ce92dfa68024bcc0e65cad7ca1d3750b153a29e,fecd9cf3b0d41f09c5e65fd5d6ab5fa701f4ddd2aae224e357b82a1bd0c74ce9,38995,0.0,0.0,0
R2_aA_m0,1,47,C,COMPLETED,9,63,6,3,54,046f7737e4dbb3d8c81744aa47125365019f8aaf33b0937b782625b2da585a57,b9adc208693f2ab92b344f7292ee78be03718d9a86078af3d60a5e96f8409538,39412,0.0,0.0,0
R2_aA_m0,1,47,D,COMPLETED,9,63,6,3,54,c5524ef02ca7ebe512ad8ca2dfbff13cd77a9906c11c53bf41dc1bd8ec075e08,7df71210519a488ce466280d2c92fec62fb7f8dfe3111b1c09f0cf42f59ec26c,39455,0.0,0.0,0
R2_aA_m0,1,47,E,COMPLETED,9,63,6,3,54,2336283347a58e870dca9c79d4a0226fba39f4928d63016dbc68021c29cfec60,a2aa22ad5f9008586300929839e0cb149209b36ea2afc07dc0252b6c0be57b48,39983,0.0,0.0,0
R2_aA_m0,1,48,A,COMPLETED,9,63,6,3,54,6981feb6f2820c79f6e6eed52383bc286d6208f9c11e016bad4072bba9e103de,b3194213fcfdc8304512de862b0ef9ff8995afbfa2688d9c47e15f592e33747f,38345,0.0,0.0,0
R2_aA_m0,1,48,B,COMPLETED,9,63,6,3,54,df21fa96d6bcb48d15cf7a86dc4ca5b48128a9cc3263907148508acf721b60fc,a3fb1d216d916f0d873c4571c6733f7ff9cf82b70f7734696b1cf86bdf547acb,38918,0.0,0.0,0
R2_aA_m0,1,48,C,COMPLETED,9,63,6,3,54,af7f4f5c9027da05ed34e31ae1dae7cd8f7085e47a658941bd5dc4ff9ca58580,5ab41c203dfc1f6537dd33cbd42500905af2882105bffdb5af7e60889f057d73,39472,0.0,0.0,0
R2_aA_m0,1,48,D,COMPLETED,9,63,6,3,54,dd1a1d1a83cf59168e8ab9c62ff388e70d3958c4e452485759558aa400526cb2,6c711b2630458f732c26206eed6002148ce347a3ab1106ad61f55bb6c7e3000a,39343,0.0,0.0,0
R2_aA_m0,1,48,E,COMPLETED,9,63,6,3,54,cf4b9380cb8b5c87ef7dc91c7a18b1509ae7d6290124775615f3cb73c26594ee,2309883bb280c61b6e07801b8c70d43e79e896cc552dda4b2cdbc985e1ac43a1,40004,0.0,0.0,0
R2_aA_m0,1,49,A,COMPLETED,9,63,6,3,54,f30368e7da58bd8c12c0122d8f9cfdffcb857f7a5a0b49e1f475b1c4d19f7772,49e368df2d3c1d10dc35a3f35e653414f5c21654cd9c20c75971ba1a1ee3846b,38277,0.0,0.0,0
R2_aA_m0,1,49,B,COMPLETED,9,63,6,3,54,bcd53a76a59b6d4c2fb252f9131234a650690b7b7cf404a488647c8212be5bc3,773890db3c6f0d6a4dd72fea6d87b2ed0a830c0ca22a7d8a0366c7004d90d033,38926,0.0,0.0,0
R2_aA_m0,1,49,C,COMPLETED,9,63,6,3,54,88656e471f9dbe3f783e31d0955f2373cb4540881aaad627bef1dcf737b84009,38de947781069a2a645ac001fade629ca9c59a051825cefbbe5edab86d75118a,39462,0.0,0.0,0
R2_aA_m0,1,49,D,COMPLETED,9,63,6,3,54,20bea50eddcf97b55a9fbc3895e0d611cc8d8914b513d8a4515ab837a89de56c,59315ec0293eb801adb4568b8ebd4d1289a19c09f89816d32618c3d0ede128e3,39415,0.0,0.0,0
R2_aA_m0,1,49,E,COMPLETED,9,63,6,3,54,b1f235aeb79a94935ec23930382f2c1b9af9d71d593653154e6b916e59992bb4,69985e58cc4e94ab75fb5995ef0508bf9cac58d8ca1230913d736b92b632cc17,40024,0.0,0.0,0
R2_aA_m0,2,0,A,COMPLETED,9,63,6,3,54,6b2a018ba76684d2c64ce895095a8d343b42e91e0af909708f1194cec4db5035,1be93bde1fe50d3dc4750333daf2330f1b08b7f2c8bab0485dfe8097516a3a5f,38316,0.0,0.0,0
R2_aA_m0,2,0,B,COMPLETED,9,63,6,3,54,d52c16bcb16ca518f55263f081a9f964a1a3b03d793a40559ff7b5f9eaf74bfb,7e4216525ccb7f716f093307d100eeb9107160058a22d33d937340b46d142cc9,38865,0.0,0.0,0
R2_aA_m0,2,0,C,COMPLETED,9,63,6,3,54,a67f9de9bc891e237e25aeb039e32c029ec90aa67526e517e054f4293633b0ce,af2c5127f0a477e9a299fde688683c2dfd353ac73b9dbe53404c449f54aafc2c,39439,0.0,0.0,0
R2_aA_m0,2,0,D,COMPLETED,9,63,6,3,54,3839bf370eac0326d4d964a2cdce883f8de248558c0a38d87909dbf2380c2266,c7d90d91698f2c2dc0d33c532909e4e5e2488fb483db7d6c81ff1fdc1cc2f946,39410,0.0,0.0,0
R2_aA_m0,2,0,E,COMPLETED,9,63,6,3,54,6d3ee31df4a8926379bddeb06721aebc3d8a7b0517982d5f4eb813c0387f0c4e,dc4cca241d7a351708162b77dda4155973862b89d4aac6600b22455c65cde02e,39886,0.0,0.0,0
R2_aA_m0,2,1,A,COMPLETED,9,63,6,3,54,669ba1378caa7e742cb35e846ceb1df76f6b019519f93d9bb620a71d5b3782ad,354398e89bf687179de3d0a68098e2557acdd26ea35ff5d1623d06479352e1f8,38316,0.0,0.0,0
R2_aA_m0,2,1,B,COMPLETED,9,63,6,3,54,700509b8be38a688b585b0bed982e7495c16551aa33886e37627ee928608a321,c6c402f15303d6629228622b0a4b729eaf1303e851556613cd96ce3b178743b3,38925,0.0,0.0,0
R2_aA_m0,2,1,C,COMPLETED,9,63,6,3,54,0bfd0eaa527aa0916769616979ed7fb4b1315cf8a64170388e418df36c4d0d1c,ae2a14f6e4c091c783d81728451d9c1e98dabecd853d12298a34b13133c64ef5,39455,0.0,0.0,0
R2_aA_m0,2,1,D,COMPLETED,9,63,6,3,54,13852f945a5e7c40614fcbc32c9f860d15500c8f0b72e669caafa32e85ef9805,9c3b7021b20611b53ddce07281e95b52e577271645c30690be9c8d70d0705b0d,39358,0.0,0.0,0
R2_aA_m0,2,1,E,COMPLETED,9,63,6,3,54,f22b0f7f8b7012d3ffe4cbfafb8b6a8a00f943884313000194f8db7845388fbf,42b540ad598752a28b38876966266a01e2c9058831e1929c98f481c3dfcc8c35,39952,0.0,0.0,0
R2_aA_m0,2,2,A,COMPLETED,9,63,6,3,54,86fc8fce453eb552d2ad70cc0a49f2d13be845e45bb8ae3697ea7c85d8094586,86d8a57ba000ec3e39af4df7dc0e94326d925c8e6887d7b9f16c71e7393317cc,38322,0.0,0.0,0
R2_aA_m0,2,2,B,COMPLETED,9,63,6,3,54,8d38b24caafc54f410d30e58611c8a7ad4b1d51a716f2bbc57bf07bd1708752b,f415f13de673a0888b9982568c317a0e986e0fc97e435233b509fd04d9a9502a,38927,0.0,0.0,0
R2_aA_m0,2,2,C,COMPLETED,9,63,6,3,54,95af062514baf5c0c2b84c9781b8839f242c62a63531eca2a12ea9dac50020c8,02213353356bc481619c07040d7d80b3dd5732706f9b425e1a5f380d22bd67c4,39477,0.0,0.0,0
R2_aA_m0,2,2,D,COMPLETED,9,63,6,3,54,09c776f1aeb01e86a540a31f4d0461557ae63d1819146061eb7cf7aa40e6ddf4,04afdc34aa83088dbd93cdb945b6f743ba7eb5080ef63b35c2ca79f7f44a0fdb,39450,0.0,0.0,0
R2_aA_m0,2,2,E,COMPLETED,9,63,6,3,54,d42d0d672db12f95e647ef633d8337c06f8c20aca0baf489e70db3bc248b9c7b,4d384f89e8da4c64cd560270d095d862751fb7ae7ef3d5a3fc26a1eed355707a,40060,0.0,0.0,0
R2_aA_m0,2,3,A,COMPLETED,9,63,6,3,54,22ee0570b8835831aab3ba5059f80d588f3be23b07a07bd768820becaa2484bb,15ecdc638bfb3db3433f6272ce74da08b6504b66bc17fc5fdf97e77da9c5dc74,38343,0.0,0.0,0
R2_aA_m0,2,3,B,COMPLETED,9,63,6,3,54,212446f6973baa0d00cab64b719943ea89219afaca8c693dc358cc3abbba71f3,c52a6fda53fc54af67575d0b172478b5b5a37dc53fc1019ec91f6469ab42ef01,38939,0.0,0.0,0
R2_aA_m0,2,3,C,COMPLETED,9,63,6,3,54,10d7676c4caeb86ece2bb43766f95a7f1677ab76dd32a1a20e5ac03bacf66910,9c74533794f29bddae17071bc2d96161aea5b9b23fb8ecafba82f73078e33727,39460,0.0,0.0,0
R2_aA_m0,2,3,D,COMPLETED,9,63,6,3,54,69b212e6b2152d61cc81a502d7c88a58f9daa8ede8a0c5a93b5f515b20411550,1f058a642e16648a95769966b727b181f979698dc9d43564c9ad7352a2ef86c7,39461,0.0,0.0,0
R2_aA_m0,2,3,E,COMPLETED,9,63,6,3,54,481435eb847fbe277fcd6e5aeb6614323f104cc8a8d889332d4d425f92a02b72,bc686f95d4d9dbd4fd00e27f73189b6fe2518a583c4432a3eb490c0fd1d5f6d4,40066,0.0,0.0,0
R2_aA_m0,2,4,A,COMPLETED,9,63,6,3,54,8c2ef55e1e60633ac98fb4fd533d7afa1006aa4b209f97c02aceefab38bc73c3,447a9fb12560b54c8065fe630a8268ed60cc87453d7e57f65182a45b0f2ffc25,38308,0.0,0.0,0
R2_aA_m0,2,4,B,COMPLETED,9,63,6,3,54,c217e0a184c90b6532b2d8ed8dd5701a9a6636442a7421e8814af875ffc26438,d7bf9fb03a4311ecbbc8f31b0c44fa7fd3d1859a3a746dd2f802740dec7b92cb,38969,0.0,0.0,0
R2_aA_m0,2,4,C,COMPLETED,9,63,6,3,54,1a392381de47f3097b675b4ff12844b56327d7183120bac147b5bd550302b76e,27d36b0916463965fc5cf5848dd9d42ed3996c175b1bdcdf86608cd611883fea,39468,0.0,0.0,0
R2_aA_m0,2,4,D,COMPLETED,9,63,6,3,54,137eea236180fe6b7fa79f2eff6275521f9add419edae29790a1336ebd5aa892,77d1b3ec9f380995d716fe1ac6a83c66939fb25ce2f4150928f20c910c5926e7,39367,0.0,0.0,0
R2_aA_m0,2,4,E,COMPLETED,9,63,6,3,54,f4ff32f25d8c8e896bdf33b7f3a147628869b47931e93558974c00679c308477,289fe67c137b37e42ef335efdac372f900271d9a19c67cf4e50047360eb3f9f8,40001,0.0,0.0,0
R2_aA_m0,2,5,A,COMPLETED,9,63,6,3,54,bfc29e43d44cdb2e82420e940f3473155323bade243eed25f8bb5a2ceee0b373,c5cb79e1bf89004a2ba2c4bbb4901200da782351d066ed236bc52b9783853f6d,38379,0.0,0.0,0
R2_aA_m0,2,5,B,COMPLETED,9,63,6,3,54,d962ed898aed13b49fe72977cdc26507e3ddac7b13d9c61a5b6416c36b482de8,9b0c7e4dedee14b10c54e8e6f34f4a559ded6b7801a79002373e6106d23f8f4e,38920,0.0,0.0,0
R2_aA_m0,2,5,C,COMPLETED,9,63,6,3,54,48e0fbbf4e5867dbb29cd389a46015d4586960e0e2e3eea21bfd4ddddf239334,336d3b47e54cb2c51acbe2f7559c88dc93793aa1be987911432fc17cd42ccf7f,39437,0.0,0.0,0
R2_aA_m0,2,5,D,COMPLETED,9,63,6,3,54,3fe94c9a2290f18b790c6803f61cfe2fd03b6e028ff354ef89ad49d4d71fafb1,a8bd1256386b17768a264f8173573b633c452b1cf5585866f16e87a7181afbe5,39387,0.0,0.0,0
R2_aA_m0,2,5,E,COMPLETED,9,63,6,3,54,140e8c565fb32b34820331671d4e3d74b6c9f51d5671de1f2e4f6b2e40a79b80,4e03dbb494da5738ffab467c3aae36763167b2253cb8c31ca4ff23a16f921813,40008,0.0,0.0,0
R2_aA_m0,2,6,A,COMPLETED,9,63,6,3,54,5254c38a0914f02e34176f0fdc8a7f01782f35cdfd076a12c65d83b959551a75,6fcaeca93232b0aa9b67d5a493eb9128508f844950764661bb436535cb4b7a4c,38350,0.0,0.0,0
R2_aA_m0,2,6,B,COMPLETED,9,63,6,3,54,770c0780e08f57c4c28b5b73e9383e772d799774edcaac7fe7fc196bacce5b6b,639a83badee68938bea9103f5f0cb63b199fccb11b316a7844a7857534c9386c,38937,0.0,0.0,0
R2_aA_m0,2,6,C,COMPLETED,9,63,6,3,54,2fa2676608f2198844e52b2b9993ffd6f76ac930ef7d441ca32039a56d2c04c9,469535375cde34882ce5cdef928fbfdf8f9e9172d8852bc9cda1ea6578ed59db,39521,0.0,0.0,0
R2_aA_m0,2,6,D,COMPLETED,9,63,6,3,54,ca3dd38988d223bc802ba3da8d9297543a1e47ca83524f93cd1083a52b16f0d3,13e0a8f228e61ace53ee30f2adee25c5521174c69273dafbbc495cc06af5982a,39427,0.0,0.0,0
R2_aA_m0,2,6,E,COMPLETED,9,63,6,3,54,84d0ac2513c7caf88e52f4bad324e54267143c180dfbc22229b8448e2ce225ea,8727380ab2e42197ff1972f927063d97c21153750d6e5ff4463a66b6d8b4c272,40000,0.0,0.0,0
R2_aA_m0,2,7,A,COMPLETED,9,63,6,3,54,949b514c168c46bd22564f1abca5a5b2f6b16b0aab5764f49d2866159ce0dd9e,2c0882c905d0cb6b2e113ca9ce36ba2be75997e09efac568c232ababb501eccf,38245,0.0,0.0,0
R2_aA_m0,2,7,B,COMPLETED,9,63,6,3,54,1f561c3d8e4ca3c2a193a0a6ca142f190c6d9f2cd5879e56d9e0225ab0af958d,58819da724cd7680bc03ff56a43262e93879f676c402676a84e6f728c6da185b,38971,0.0,0.0,0
R2_aA_m0,2,7,C,COMPLETED,9,63,6,3,54,9da7f170d3e87ba41b504175cf031f4f7a29266e8403d942e0f924c469276d83,080d8cbc9a4f7e8b76a1992d5b3b5e083bd838d9b85d522aa4044647196e8cb9,39409,0.0,0.0,0
R2_aA_m0,2,7,D,COMPLETED,9,63,6,3,54,2daba7a1b5ed36deed6b20889833ce03233edc6c6ef9a1a9eee245e21e18f2af,f76a68312eabdbfaade79a31bde55657160ad50cb2f60fb011e8cbbecd6cf03f,39391,0.0,0.0,0
R2_aA_m0,2,7,E,COMPLETED,9,63,6,3,54,ce7eb24ad4430100bc1818e08ecc81f040b0de519a8b5b472f8a0783a684c569,9c22e7ac553039871529c27f64b17274cddda3579d5cc6a440298b293403a70f,40009,0.0,0.0,0
R2_aA_m0,2,8,A,COMPLETED,9,63,6,3,54,6497982147b933fcff1cb2de50d7447c8e987d1615122845752b456ae50b52e3,adfa9ef57b03bac04359ea280c2762cd909f585e6eedeefcba4afa8b06ac3209,38362,0.0,0.0,0
R2_aA_m0,2,8,B,COMPLETED,9,63,6,3,54,c8efd78086fe51c812de6ba9f263600d24b9c52797bc233ef068d62550212192,456236e7e5f27cb143daa97d18eba4628bc58b19a2d4d58ed0db648a4b482b81,38891,0.0,0.0,0
R2_aA_m0,2,8,C,COMPLETED,9,63,6,3,54,490483cff35edb2e9b2bb1f34f30d309c8d8da95ffbd9646cd70a387da4d1300,c7d5838e842ead62be5edea479bbf545bfd32d02296ff28440caa0fa94efef01,39437,0.0,0.0,0
R2_aA_m0,2,8,D,COMPLETED,9,63,6,3,54,7d77c9d319a3f2011a16196a8bcd5b7154ef584fad54190d85c7cfe7b617b18d,b670877527862105255ba8025652585841511045480fbea2fb98a9842fe254d9,39395,0.0,0.0,0
R2_aA_m0,2,8,E,COMPLETED,9,63,6,3,54,246f3e1cdb51105939409ffcc7e380b9e7aeeda14a702760e87641ce0b8c8f5e,71e88292799a028b52cb53f6c77467d35d0dda8db195fe612946152b8eec6771,39997,0.0,0.0,0
R2_aA_m0,2,9,A,COMPLETED,9,63,6,3,54,43e4026addb2b0e6d4c96721f7e6f501ed5bad950c283b85f8cece186484287d,5cedcad1793224d9b45e33109235d97239773d1dcc0cc1ad11a52ca710b6f6e3,38342,0.0,0.0,0
R2_aA_m0,2,9,B,COMPLETED,9,63,6,3,54,99cc27d0fadfb0815b5dd4a104d2125e14f29832a691c702fc96be1a0c6d3106,68bf918a659dadc25852ec3256546e5ef2926831f4c7747b6ff70e4ac7c354a0,38979,0.0,0.0,0
R2_aA_m0,2,9,C,COMPLETED,9,63,6,3,54,efe71b97a7228e2f299682a99de3b4247a28eee497466eaf3c860fd3c102de85,120aa7961d6c6bf81f9093c6332e9977a99563c027eb3c228b9fffc9c56d546d,39449,0.0,0.0,0
R2_aA_m0,2,9,D,COMPLETED,9,63,6,3,54,45cc2355d4134304f64cda69008f9c1043f2dc507490a2071a4589d9b8b1b881,7fff8d60b8e78cd8bee0706ce58ae9ba1054fa24c147f6bd2058cbc78f05011c,39414,0.0,0.0,0
R2_aA_m0,2,9,E,COMPLETED,9,63,6,3,54,0a9b23643e30796dd82f6336adf668d1e78b5fd46f83a78ed2bec3930806f37a,5a9b89d0b261f2fa84fcc98f147311bb6e6f98991ac4f50d7f06c4450502005e,40055,0.0,0.0,0
R2_aA_m0,2,10,A,COMPLETED,9,63,6,3,54,828fa04b23ab0274516341ca77da4b70d60471d9362a871aac09c9f7dfff2a6a,6d6314a661448c4d34de08bf813c41312427733dbe98f5134863ab4377b4f409,38336,0.0,0.0,0
R2_aA_m0,2,10,B,COMPLETED,9,63,6,3,54,760a106f8ccf3a66c87c69601f91be39945028781c4ad6d5dfd882518bf43927,3ba31b18c37efd64bd5d2ec7fa383bfd6112d07aa1c887b3605050a76ccc79d3,38952,0.0,0.0,0
R2_aA_m0,2,10,C,COMPLETED,9,63,6,3,54,f618a765c64efaa96ca08ed125148bce18345f0819bb073c9e986a91d093c06d,23ea46a7fd54edcbc7f9065be82729eca3212f131ef59a97229cf0422e93913b,39419,0.0,0.0,0
R2_aA_m0,2,10,D,COMPLETED,9,63,6,3,54,da2c2803187efa3907b430c828c48b3c21672e59bdcf4e2a0e4ca48bbdaa97a9,3fb92a7e8a0510b8d5ed7fd63f672746137838d2daf30bcf7c2ccef5c5eae783,39455,0.0,0.0,0
R2_aA_m0,2,10,E,COMPLETED,9,63,6,3,54,9ea7dc3b86db990b7c2278eb2f4178002dcd551b267509c72e3cffb7eb30dd86,45d2200bd6ec73d2b430839559fc0766b89e4b61a3035b97e4904e27658c8731,40047,0.0,0.0,0
R2_aA_m0,2,11,A,COMPLETED,9,63,6,3,54,a6b51361014d633cb83a6a4e395d4343e08f664c92e2070b1231f5cfbefbfd05,9e296f49865647781b5534ce83dd1a3983644f5396846e914af83de452680d00,38351,0.0,0.0,0
R2_aA_m0,2,11,B,COMPLETED,9,63,6,3,54,2782b07cdb1db6156626941da2f552d4ae684d959fed61b5ead151dd94af6e69,2e740d8803aaeee6319beacd852e58637d5dd96342d8ccd24d5e08392da66e33,39009,0.0,0.0,0
R2_aA_m0,2,11,C,COMPLETED,9,63,6,3,54,3b6e2773f56aa03fa8640ee3bc6cdca1cd6c607c6661639aab32eddcbee42afb,0cfa898593baf455dc51fa39e0c9957009db1808ac96ae2ac9d413a3dff5e94c,39450,0.0,0.0,0
R2_aA_m0,2,11,D,COMPLETED,9,63,6,3,54,eeb45944e7960937dbb3b105beae6726306e8ce3870d8ca7513990e4c36826b6,27550da8559fd3ab58839564df730673ce527b41e263ef76a52a586c3e03514a,39434,0.0,0.0,0
R2_aA_m0,2,11,E,COMPLETED,9,63,6,3,54,44d2f8c06ba2791262faa27f07936f4cfd059f090e69ae653aa50aaa7dd7ba78,28ea15752bf843cfadc77edef1ffc108efd3e90a471454d6f62f87e373c5f7b4,39991,0.0,0.0,0
R2_aA_m0,2,12,A,COMPLETED,9,63,6,3,54,f8d9c8e5fc262c24663b263007a6281958c3d06ba134b47ffda24c37191e6e73,8d4e5d1036f581176cf433f4a96b3f8144b04d0b36e8805bcf4fc86248d4dae4,38298,0.0,0.0,0
R2_aA_m0,2,12,B,COMPLETED,9,63,6,3,54,df42a8d272e47ba551aed57ee5c334ddcd06a930ccfbe775d9280b16482253f6,54a09b9b8b1b72b1a114bea3474e0358b059e22612e57c414368fefedabede22,38996,0.0,0.0,0
R2_aA_m0,2,12,C,COMPLETED,9,63,6,3,54,8014dda56cbef0decc799d89c593f3d66469624bd15d5c20b3c9daa4b15aa1cb,3be73922a5a2a6e6ee103a4829f11f978c67ed0b4964131ef648f2218c6070bf,39413,0.0,0.0,0
R2_aA_m0,2,12,D,COMPLETED,9,63,6,3,54,781bcb524a8f12ff75d93aace15d2ba48ed00830dcd32d8f8a614f0cfb9fcf67,5df1a32fbbb1fe10e7c9ff996d6aead2ca866ae8de5bb3cd0db6d99383eb9231,39466,0.0,0.0,0
R2_aA_m0,2,12,E,COMPLETED,9,63,6,3,54,5ddb44ed3504673c86ee0eed9f155c93197f5b7c79c3e6fbcdf92bb409ff4739,20133ed6da1b5cf89007e1a6f1355a4c9cb8e683f1b3d4c06273a10912af12b2,40013,0.0,0.0,0
R2_aA_m0,2,13,A,COMPLETED,9,63,6,3,54,7682191afbc65267b28e7cd6140d87e38d6a19f4b8404eb502e4f2ad3fc261d5,e831b4445eb846ed7406a96f57d8151728bda5213c6b06dc7910135cc2c98d08,38347,0.0,0.0,0
R2_aA_m0,2,13,B,COMPLETED,9,63,6,3,54,a0837318ee2df2f3bc934b8ccbbcdfec5a4a3da87feae00cdd55d982c67d3912,5cb4e2987edf40a4b8d49f3f8a517b949c9ba53e69b0b74a9e81f5202a36de8d,38942,0.0,0.0,0
R2_aA_m0,2,13,C,COMPLETED,9,63,6,3,54,bfa41030ec3f2a995ee97142597a5adb57a4076688c45aa1bed6969c40b1f97e,0090d15b28984928ce9f50e174e7952d5be0007187c2846b7338fbe4978b9532,39420,0.0,0.0,0
R2_aA_m0,2,13,D,COMPLETED,9,63,6,3,54,bd8ded783b8d51f7f1bcc3bc40ce84cd1109c65f73c5d118fc39eeda442f98bb,8cb1db3fd13ce4cab05862640f38edee4af8ce1883ee6d8f530255374ece56dd,39385,0.0,0.0,0
R2_aA_m0,2,13,E,COMPLETED,9,63,6,3,54,4e268c712857fa9960658ced5047fbaa2d3339764dd28bed414ca82f1761eba4,976132cf9ac220dc79a9cc4274358951a83b0898a2dbfbabc2f88118af525888,39979,0.0,0.0,0
R2_aA_m0,2,14,A,COMPLETED,9,63,6,3,54,11e65af2a45d36660dd9a99e42723eaa5016bdbea98112b8cda121062f8f4b2e,ddb68f7e89a0733e0b5957b1fbac7f4221c9e02ab7f37a1e7582303ababdf418,38387,0.0,0.0,0
R2_aA_m0,2,14,B,COMPLETED,9,63,6,3,54,23d596d2bde37ca3fe5e3b6f6b222f62e1ff37a6b656cb57f3ff8227443c3bf9,d5bb533064d76b4d6ec236b919ee29f6521854f4ccc80a7d5a52d483b8a82e54,38956,0.0,0.0,0
R2_aA_m0,2,14,C,COMPLETED,9,63,6,3,54,a1ed3fcc83c898c2f14cdcf93b4b36a2e9da471c7714dbe2854083052c016467,6981f3eceaa6ff4b19d38b30c364deded58effbbde29ee0b9f1f00a68d674b4e,39435,0.0,0.0,0
R2_aA_m0,2,14,D,COMPLETED,9,63,6,3,54,4d8fca3c644380d2363feda9521edf60cf1b46740c8218c8dded7e8d0d84f8ab,4cafdf1620a7439025a309fa2442a598a6898ccb376456b744905e656380dfb6,39429,0.0,0.0,0
R2_aA_m0,2,14,E,COMPLETED,9,63,6,3,54,d100c64a0a99c94e2491f31b37b56eba193adcb703d37850013b6d83d03df908,6711c3aa1bc80f923130c68f1ea0511fe1f1da7c23b142b91ec34112265aba9e,39970,0.0,0.0,0
R2_aA_m0,2,15,A,COMPLETED,9,63,6,3,54,825e8a641460164be86bf70a61da847988a6d988cd08b6eb27041e7f503f1270,db983a3f77ac52d819c8f0485e064ced6f270311731b51a5cd71a7df0367b800,38335,0.0,0.0,0
R2_aA_m0,2,15,B,COMPLETED,9,63,6,3,54,f4fb063577c732cdff88cca081cbc6c295d1e48e3f795a871dc14358409f09dd,192ac75a30d297d77e67ff6f95255edf28931dad977500f55e39e106f07129ad,39009,0.0,0.0,0
R2_aA_m0,2,15,C,COMPLETED,9,63,6,3,54,8cdcf665c167bb20cab68fa24d206aaa08ce74f1aa9e1b277b4e2693db5397e1,f3e44bd76d30b59bf9822929908242a101f92626d202c06d7ba134f3793e5936,39441,0.0,0.0,0
R2_aA_m0,2,15,D,COMPLETED,9,63,6,3,54,28dc0a3b528edacc1b8bdde798f87ec6c191a2a02c9d8d78af09de4a8d975427,6af80aa7c38a888a23f2462a6b7a750c8a669c79ab829b94e26396f3d554cfe8,39465,0.0,0.0,0
R2_aA_m0,2,15,E,COMPLETED,9,63,6,3,54,e555a37ec46515099d1783d1e4fe300408263694a53d367a8bef35c3e9022fff,ed0e298ef94a1262d37a31d708d51b34ee88c65dfbc3e4bd664f27a9f1ab9dc9,40083,0.0,0.0,0
R2_aA_m0,2,16,A,COMPLETED,9,63,6,3,54,03fc14278c38010f3f1784035ac4218bdc90fdefe952fb8a9afef3ca89074deb,826640e0bb1c0d23d11791eee54bb4baf25617bc265098b17e48f599fd771900,38384,0.0,0.0,0
R2_aA_m0,2,16,B,COMPLETED,9,63,6,3,54,ac94194bd5dfa3c1551dd601af9c1895387550050caf7a77062ae3390af270f6,789847f3678b81c6100a8b7767f84c11e62405f85df969a8b1c02903a290a86d,39012,0.0,0.0,0
R2_aA_m0,2,16,C,COMPLETED,9,63,6,3,54,8221e984bb44bfeeebac48592dd6c8ee9e3d310edb11602fd352e4bfdf183913,bae79c6bf79ba1dadb35ed4675cfd173ce9f80ee9acded1107b3d443b6544c65,39492,0.0,0.0,0
R2_aA_m0,2,16,D,COMPLETED,9,63,6,3,54,9497daaa7f02c6caf32b3ead47fe58a8ab44c58d1806a97a4a9a91c9b6e9a48d,c5293980a457ba7438574939b7894907150ebf41e483b8989bbbc7c80dd7ee07,39474,0.0,0.0,0
R2_aA_m0,2,16,E,COMPLETED,9,63,6,3,54,b0d79f5c73fdbf9d3eda43ebb40d1e36d6d7e452912c5d989e03250557273532,b1a7b820c61cb728b0cfad8447b356cf9aebdc8c2a917dbad7e42495adeaad0a,40007,0.0,0.0,0
R2_aA_m0,2,17,A,COMPLETED,9,63,6,3,54,ddbc4628e693b60ea61c4bb3e85332f95167c49cac0c3d0c3a0157997ff0275e,111a6abb4021643d5266d2fc007faeb95358ba145e164376d04e2c2776d25474,38336,0.0,0.0,0
R2_aA_m0,2,17,B,COMPLETED,9,63,6,3,54,2809a378f25a8fb31de7c1f9a8b8578fb64512667cfaa758e58043cbe460a155,46d7af427156f00da2dac343ac0063605f49909cf3bb4f96a02f101ccad2020e,38931,0.0,0.0,0
R2_aA_m0,2,17,C,COMPLETED,9,63,6,3,54,99d1ce043024e7504372ac88be6a28b91d3db64c591d31d3d1f346828ebcf8ea,290ebd3f90fa8baa8bd068c6f22d4fb8068bd20210e8d7ef14e60f28c657eef3,39479,0.0,0.0,0
R2_aA_m0,2,17,D,COMPLETED,9,63,6,3,54,993b418d2fa83b6770abdaa9cce8b36be1d3f854d36c297ed693ca443a0e0d4a,531b513c97b4f1f71f58646937f9eef46f29fde7ff6f7d81c169698c555c6f5d,39405,0.0,0.0,0
R2_aA_m0,2,17,E,COMPLETED,9,63,6,3,54,d36fc2809d3bd01674cf9de1df19d0b75a6c134d1cdc6b119241e200a7f42b22,33ba64af319fd3886a0adfc5d79764bb9141dd8c40989f47a90550b1c24ec328,40002,0.0,0.0,0
R2_aA_m0,2,18,A,COMPLETED,9,63,6,3,54,db42b100a7d6f96c3978b529ee2769599330c5ca6ce2f42a95060069fb8b2e2d,7f9f55179b857f9d5dd0a6f54a8a1a13ccf463160805a24a736bdb381077003d,38349,0.0,0.0,0
R2_aA_m0,2,18,B,COMPLETED,9,63,6,3,54,4414d1a884b7228cde320c67c62d688438f672e17c12e04eff9a86333fe20f32,d54b4fc97bff937b0b9b030fcfba43d9bb10d2984c0f79f2a2c47dfde4e1380d,38965,0.0,0.0,0
R2_aA_m0,2,18,C,COMPLETED,9,63,6,3,54,e239776941a8bc28b6d69c2539c739bd4672c46f1fc1d643e4395976a721fcd9,dd9651633223f876b1386f7e7f36153eb60e26d979dc7585ada557bb4f8318b7,39490,0.0,0.0,0
R2_aA_m0,2,18,D,COMPLETED,9,63,6,3,54,f95fcc41b785d3cd703fa20e2a98b69a89a721e5a0ff745c3cc1ddef92c95ff6,91dbf5d636b38c96bb4d9c3ef8069c36f81dbd9e5d0a00931322b49280ab5496,39426,0.0,0.0,0
R2_aA_m0,2,18,E,COMPLETED,9,63,6,3,54,1fca20ac92099f253db4c74119a80a1971e282138671adf4ee4618332192a9e3,40a229c0f9f862f21cecbbef2e627255c5582ec32c20abdfd11ffabb1a7f9cd0,40057,0.0,0.0,0
R2_aA_m0,2,19,A,COMPLETED,9,63,6,3,54,7ad3d5ec3064c19adab358478ccc5cbdccba76c7b06cb9456f0e6c36d8760791,dde3e5647b93e4510b5e831c062770bab7eb431146d6480e79456695cddb9d81,38250,0.0,0.0,0
R2_aA_m0,2,19,B,COMPLETED,9,63,6,3,54,b5e6d3a4f80ad01ab01ad0012842ddcc07b071b87de77077c35e05b44ec88bc2,9fb8b1a65c969a81e42c89cdbbebd841a90f937f064cebdda71d449f5d537942,38950,0.0,0.0,0
R2_aA_m0,2,19,C,COMPLETED,9,63,6,3,54,794f7cdbc4687e208327998ab8c5af285ae91e7859d51a20849194898917ce85,831c7f925c8653a53cc33f962281c61399048c836b630c14f11d5fc178ffd4e5,39456,0.0,0.0,0
R2_aA_m0,2,19,D,COMPLETED,9,63,6,3,54,e25686a6d507754c28ba51f556878a128c3dd9293813f321292e264136196df7,c3c2a92dce7d952215a450f10debb95be2455a3efe9edd174242b6f1858e6f61,39435,0.0,0.0,0
R2_aA_m0,2,19,E,COMPLETED,9,63,6,3,54,2c8f0787d3bad78627759ef91f0176e98497a1dfb3d825eda7807cf0602eb5b9,084a7e024056987d37c0be19d4aeeb0deddaaa58c701015bb4f6cc32b66f7935,40007,0.0,0.0,0
R2_aA_m0,2,20,A,COMPLETED,9,63,6,3,54,d630a56a047cbc371a244ef1496d703aede986a97985b1eb200f924e3c94d9c8,1741a3970de6d41c5a7b3ef5cc7ad0cb2101eb6bb4d0502f131cb0fa07b13da5,38333,0.0,0.0,0
R2_aA_m0,2,20,B,COMPLETED,9,63,6,3,54,546052e659e05f66432f102c3249f3b9b26cd329888f2b3e97a82d758a3dd9ad,bdb7c8cd090f725b2f4da845d07fe444f6bcef71fb185cf7f493a3c2d23e9adf,38966,0.0,0.0,0
R2_aA_m0,2,20,C,COMPLETED,9,63,6,3,54,17827a57170b1c60e59c8703aca465c8cda62643ddea4491234ef91ded57709e,bfc2f741d95b867c9239d70c610bf1555d0f0f9e58926c5959fa63df3c5a92eb,39480,0.0,0.0,0
R2_aA_m0,2,20,D,COMPLETED,9,63,6,3,54,ecd321f62953c6ae1fce229ccfbb7eecd923ef251f5de05ee35d22aa69b4e459,9ac713d94e2929ec11fda8711c87185cc00ed4f541be7d0cef7fd32176b235e7,39441,0.0,0.0,0
R2_aA_m0,2,20,E,COMPLETED,9,63,6,3,54,d8af14a5399d470f24486dca875af9ed6f52eb0d971b4bc33494d73b3b62da9a,e15418041340950cc374cf4e0abcd38c86cf05d674b176d450fd88788629d614,40036,0.0,0.0,0
R2_aA_m0,2,21,A,COMPLETED,9,63,6,3,54,a19e47a50b5df86a20b2c91e44fa4e0a6e91fb736492e07013491bfe5ac84831,59ab015b49cfff94b05b95fd3dd04acc05f964fe94c400a077aac6e260cc3745,38344,0.0,0.0,0
R2_aA_m0,2,21,B,COMPLETED,9,63,6,3,54,ad26fcf4007be66be892ab57660f3686ed9b8d7337c41b135a4d5e1d1cd57aa7,e50c849d26e099fa31c176d1db43adb151d339c81bc4351c4e15c715d933d00e,38920,0.0,0.0,0
R2_aA_m0,2,21,C,COMPLETED,9,63,6,3,54,598be5780dbb757d36e8a813e8c0915e4e6e03bc53a58473957ad29adda9593d,74f341860b8fead6f4c078b7227e8c7d6cca248aaf5f25818eaec440ae61aa9a,39520,0.0,0.0,0
R2_aA_m0,2,21,D,COMPLETED,9,63,6,3,54,d8813d93baaccd902fc70e81848753bd66b12310f92c4c65e2f082e5a491aac1,04a9d19a1bcb33db0c6a13db98e602f9258660a1bfe03c8c1c6b954891a6a066,39416,0.0,0.0,0
R2_aA_m0,2,21,E,COMPLETED,9,63,6,3,54,4b9f64c4859d51ea869dc4e63c4864916c2495f04c99a49a2059deba60f4bdb0,4beb2671dec09f949aa1674df052a9f29782cd331315ee436504b63a18ae627a,40046,0.0,0.0,0
R2_aA_m0,2,22,A,COMPLETED,9,63,6,3,54,46733c1fd891cff4977d53813105afa8a8cbb809802f7739f9fc792ea198611e,c14d2dcbfcf94117768c418b6e9187b2f2d2aa87583948a9ec320b2b7660f08c,38340,0.0,0.0,0
R2_aA_m0,2,22,B,COMPLETED,9,63,6,3,54,1c29c01e985ae6200230e2635806be68293577de090c17189155f5717c772faf,2471df1feeaf552f239cc7ab835e57c5950f0665533568bb363dcd5d2fe43069,38981,0.0,0.0,0
R2_aA_m0,2,22,C,COMPLETED,9,63,6,3,54,76a8f5f6141fa6da0cb667297335075c1ed2758d78aa2ce25ab55c6e53d705c2,d18ab81f85df1cb6114c94620db81e6579dc55b134ea8b04b44c3675fb6fee73,39430,0.0,0.0,0
R2_aA_m0,2,22,D,COMPLETED,9,63,6,3,54,8c8d0afbcd32260b5e58015075bc67512270068e7c6f841c47818f2678f5518f,fc434a15b16b37a7cfe80552e4c29ec92619e7ee033eb32d07f136f37a28f42a,39393,0.0,0.0,0
R2_aA_m0,2,22,E,COMPLETED,9,63,6,3,54,c5098a0320e073464208c52982bbde532f9b3099135f14f06ae5378a8e9ce9f2,1e6b526d87da247312cd6e01fa2dc67362764062e3e2313ce4fac0b94572c8b7,39983,0.0,0.0,0
R2_aA_m0,2,23,A,COMPLETED,9,63,6,3,54,14ebbfed9d8db663df87e2857868bc080b1788fd7ac0f1b944f2ecde500e8ba9,2a969527909494b7bd6c2889478b42e3ec0b9361c3e5e0dd644c8a29846c7abe,38256,0.0,0.0,0
R2_aA_m0,2,23,B,COMPLETED,9,63,6,3,54,09fe8d49c839e108961c7de16142228d7d6bf28c26d7a398a102fb83bf12b77e,0a1d5139421e488afdab07f041dca0e651c2868497df8cd352e89bc9ff9f3abd,39028,0.0,0.0,0
R2_aA_m0,2,23,C,COMPLETED,9,63,6,3,54,2cff93cbbdad4b8a1ac7463dbb7888b319d1dcee1470da046fc5779a7bf40c67,e8fc7cc4938659673ed70b448d267226f7b5a5401334d75c363804189d4624ca,39389,0.0,0.0,0
R2_aA_m0,2,23,D,COMPLETED,9,63,6,3,54,561886f310d0c6d56b331374a5cbcd465909618759dd12bbbc6b093127da215f,7f6dc8d7855d104dee76a73114524c1aa098ca6760d1203fafcaf54e0afeeef0,39396,0.0,0.0,0
R2_aA_m0,2,23,E,COMPLETED,9,63,6,3,54,1538cf78da3b56c4c3d958f21766aeb6554ecb6e699ca58d562da3d517ba7d31,3526f5e06f0c6392a0240dee9dcd8c8ba2688e959a1b264b2a854540f3a6c3e8,39977,0.0,0.0,0
R2_aA_m0,2,24,A,COMPLETED,9,63,6,3,54,39bcbe5ecd5a0297aba626e0dab488f6fa65cd20059b8faa24fd9d4c661797dd,fab2d231e4629b4825cb495438d6da30591d2bdc9f89d76b708ac06add28ccb5,38356,0.0,0.0,0
R2_aA_m0,2,24,B,COMPLETED,9,63,6,3,54,6cf1fd37eae7806d0a7cb3c8869109be5ecd2d3b687f8ee7302660db9202d3aa,fd52caa0c8cb73d22267c049ee034e58e0e690fe9ee5ea1b807b09cc01fd3494,38916,0.0,0.0,0
R2_aA_m0,2,24,C,COMPLETED,9,63,6,3,54,0738c1bccae277922688964aefe3f092a9c626b974195ed6a0140385cc03f669,b56e35d1b2bb726abfddbc7cb6dc2e80c7de81de65475c35003c482c4d3eed74,39454,0.0,0.0,0
R2_aA_m0,2,24,D,COMPLETED,9,63,6,3,54,76d08e9dd74b7dc33ff89b58c2e67b3c734c625543dd68b3621530db7824eb50,b48069a2711951109abaa1fda463245484c9e6315b5fdcd02efb2b3184d9ddca,39436,0.0,0.0,0
R2_aA_m0,2,24,E,COMPLETED,9,63,6,3,54,ebf00f449805455885d34fafb129e2f731ff013c42300fb9d1fcdd51894a2592,413800c385bf4c2cb13e84c4eea9516b9ef56313545344620c54c80d564e44ba,40068,0.0,0.0,0
R2_aA_m0,2,25,A,COMPLETED,9,63,6,3,54,f9d8cf37e0deae291eece9b99104c97eafe1f125bfccce15fc33eff5ef77a629,146d486fc0602feeac3b747d35bda22438087dfcb51696d2824c31a7f9c2cc6c,38334,0.0,0.0,0
R2_aA_m0,2,25,B,COMPLETED,9,63,6,3,54,c9c1d6243a6d98ceaaaccdbbd2394d9cf5a9b10534ea83d7fa488f3b4d3039e4,483da6b2ebbcd7033cffe68fbacbc9b617e1605be0aff822a6fc8b99032c4494,38917,0.0,0.0,0
R2_aA_m0,2,25,C,COMPLETED,9,63,6,3,54,d701c80533c7e3da8e504416b86a2a225ccd560c268d1dfd0ab156e8bc087789,291c33107dd7debb39ce8d766b2333fd6d8cc0c411ac61a4aea660113a8439bb,39447,0.0,0.0,0
R2_aA_m0,2,25,D,COMPLETED,9,63,6,3,54,56b83c6f25c48a1215532259c7e0648d7ccb7475c85e854565dcc320009fadc4,8e76b174201db681deb7a04f5e7e560fb1d4ba12df3ddec4beb4e4e5485395d5,39447,0.0,0.0,0
R2_aA_m0,2,25,E,COMPLETED,9,63,6,3,54,9bd5f6aafedc04407df33aeaab58336d16ac01d9e1b1b055fc5f6cdbe5ba9c14,5a3a8c0bbe366446a0aa034556b1e029332d215e40488d0cdd8cceaffcc1d848,39996,0.0,0.0,0
R2_aA_m0,2,26,A,COMPLETED,9,63,6,3,54,e3a17a6fa0e29b37909f3b228947f804f4f07b7ab44d329a38780fc13ddf950f,dde3a3f4dc4458d1276f26319ee0752e70fe8b846287ddd0bbc1a0b0b3887afb,38323,0.0,0.0,0
R2_aA_m0,2,26,B,COMPLETED,9,63,6,3,54,7a128a40da810edf715ad4d073bb32297abd934776e1ab1c102972deb8e6dc58,1b02f29c192380a1ae5fee358776165932cbcdaebe648c6d670e56b93f1864e3,38930,0.0,0.0,0
R2_aA_m0,2,26,C,COMPLETED,9,63,6,3,54,4302de61001454eeffc85fe9092c1e4d1eb932f9f82d1ee1cc7e157d96a0bcf7,9a297c04a4a8ce13d74380f949610a03a8d8d6ea80621bb611241ad7c628d87f,39469,0.0,0.0,0
R2_aA_m0,2,26,D,COMPLETED,9,63,6,3,54,0ffc6380b3cc568085319461dea7a714aab0a801cb88f0bf89b66805458aa1c4,0bdd1a8cd5ee824e7d2aa1ef366e643183c182e952a1155a8cde479c3f5f377b,39410,0.0,0.0,0
R2_aA_m0,2,26,E,COMPLETED,9,63,6,3,54,2f9577b3854dd3cb5de581515537e4449a12d5cdfdf88e13e9e641cfe5f96acd,3a4ae1ec55fa4764e5912a18e3b6c2fbd9dff536f469230fc50f85fac6243e3a,39945,0.0,0.0,0
R2_aA_m0,2,27,A,COMPLETED,9,63,6,3,54,5f3fd16b9cf8aff1aef0c6e4dc8448c48c73cbc60b7c48f3c98ec12d277ff833,1445904ed23a66072c926b08c4525a15bca66b6ad6ad6fa5427eaf4028490c9a,38279,0.0,0.0,0
R2_aA_m0,2,27,B,COMPLETED,9,63,6,3,54,4269a82eea0bb04efb348048ce46158e7d2fd6775d0360cce43af10d3c5b1aa1,056942d8d3dff29ef2b87ee3b8e3021162ca7b33c05e8b677f3b3d465b6c1ff7,38900,0.0,0.0,0
R2_aA_m0,2,27,C,COMPLETED,9,63,6,3,54,4ca9955420d2bcded054f305acbdeda664efe3c1198dd9aec76f8a65dea7e287,2451b9ea7ee3bf8ba028bb496956de2d3ee0a8f4a43287bcb6e3e16622283ac3,39464,0.0,0.0,0
R2_aA_m0,2,27,D,COMPLETED,9,63,6,3,54,4f90d114e7ef350deca24dc8f6dcc04ee0aa386e2cfba33cb2da6b5047b816d0,eea6fa6a50b6488d251525cd5caa807fd717b1a0d390fc6a1fec355f0bf0afb3,39451,0.0,0.0,0
R2_aA_m0,2,27,E,COMPLETED,9,63,6,3,54,ae2f49a2918359eebfa7849f1ee866e1947b7eded2f89f16385b5b86b9fd3c20,a6f91197874fedf6a52e1d6a92127d3cefe85fac6937f034ad0e587d9c870395,40006,0.0,0.0,0
R2_aA_m0,2,28,A,COMPLETED,9,63,6,3,54,6a823c11c9ba43a8be192f1eeeb170ceb8d83a1c04d5b47688947ff712d6f09b,90a380a3149e3023f2593c736f3d08ff42237e0c09d8783ecc59a3fe1f5ca300,38371,0.0,0.0,0
R2_aA_m0,2,28,B,COMPLETED,9,63,6,3,54,fe52e71bb681807eaf848657c38ab715ebe423fe416753d3d0773a7eca01c4e6,5111ca2179d40cedcca951013ebd85bf82bb7c19338e0bb03636f5baa85210fa,38883,0.0,0.0,0
R2_aA_m0,2,28,C,COMPLETED,9,63,6,3,54,9445dbfb128ad696d7cf390e80757f937111050810d34186219ed468ac260776,1de2d5c234dfbc5e253bc1cf96c945da2b892c7f3f8bf84f4261931730bfd50b,39473,0.0,0.0,0
R2_aA_m0,2,28,D,COMPLETED,9,63,6,3,54,a970fbea0ed8bab49bf20743397f2f603de277b726ddc007841bead9a4118053,8e6c51f40447040bf99a6101c05421ed1a2363ef7da6cc5bf3e598cc748fd78a,39414,0.0,0.0,0
R2_aA_m0,2,28,E,COMPLETED,9,63,6,3,54,e7184d39da2cc1975c4c966676f8293c1099a0a7d6b46b4c4dfcd117bbfbecba,b9899d70d1570e7e41f768f934e90a5c95917fc8d091ed2d0502849e0453aa40,40003,0.0,0.0,0
R2_aA_m0,2,29,A,COMPLETED,9,63,6,3,54,eff9983317dfe4d5283a041de93bf7a324814a3f84b2249332586e16f654a08d,8b34358ef768b3d0e84dbd489461aaf81ac855424c4830ec390cb314a1271c50,38354,0.0,0.0,0
R2_aA_m0,2,29,B,COMPLETED,9,63,6,3,54,c896ceaf398e626655cde8d2939c892d510975742bd1873eb9d72b92e4328736,4037b394a992919e9c19597f9147a3127b262401155e9a1799c4756fcef8aa72,39043,0.0,0.0,0
R2_aA_m0,2,29,C,COMPLETED,9,63,6,3,54,b78fc662d3e6449ae666bffdb6ce20007e9b173564f5097a07b2430e14803704,bdca4d82a87dd768b530fab6e81a7c4aef9d389ee0c52241934b2fdfd8dd06aa,39504,0.0,0.0,0
R2_aA_m0,2,29,D,COMPLETED,9,63,6,3,54,dbde90809182ba2311224ab498d6d043f28c1febe27a1b543223044f77e9d53e,8fc32e612bc2b6403475369f5681ec3c7c5cf6403e87a313af88243f66d3e8a8,39455,0.0,0.0,0
R2_aA_m0,2,29,E,COMPLETED,9,63,6,3,54,b6529bc253413ac30290f730decb7dde819960baeddef5049b5ae2da20582d6e,5b053908c588994fe83b3202933138904bff0dbfd962ee05b6b4cfc6908f29f4,40019,0.0,0.0,0
R2_aA_m0,2,30,A,COMPLETED,9,63,6,3,54,348d224bcb55e57eb8c989d4875482a8c1b2e489bfebbfd4810e0d13a84ae6d0,5f3621ad1c69613284dfee29ce2e30e020455b3dbe52b3b6b4fe3133ee76d34e,38308,0.0,0.0,0
R2_aA_m0,2,30,B,COMPLETED,9,63,6,3,54,09ce9b31604593eb02146139eccecd2d9bed802f5f735048d36fcec9093b57eb,cb8481d481a4acaf4ac0ff2b568be79d5c4b7944b7e8fc9221254a3c0faa178e,38961,0.0,0.0,0
R2_aA_m0,2,30,C,COMPLETED,9,63,6,3,54,2936b7b30c8baf7dcffcf5c59dede340dc040c1a210245588583ec98319e5929,b677208f03b0ae3cb82637a497f827aa3b80bf754db2787f9677b49996b4f8e4,39490,0.0,0.0,0
R2_aA_m0,2,30,D,COMPLETED,9,63,6,3,54,f1e8a3de9ed581aa3b18ff92a4e6b322ce21c6b6803395c720ffca203cf1474b,b213674eae18876b88306515a3f8b7eee1cd49d08e76e7b5b389952c566dd464,39414,0.0,0.0,0
R2_aA_m0,2,30,E,COMPLETED,9,63,6,3,54,21ed46d0527fac4072c9aa13ea843c6b0a1de0051d8f02395b70d14bae7dad9f,8e7938c98d8bc9fb21b651f9627ca339339b908fcc593e71ce5ba8d5ba131e8e,40047,0.0,0.0,0
R2_aA_m0,2,31,A,COMPLETED,9,63,6,3,54,f950733ec7be607629fac42255c0e478c1c67b380f87b363cc49a98012e3520f,0c386eaadfaf687f6c69ace4aac7cac2a543342994a3f5dcaa4b03f9b2962770,38328,0.0,0.0,0
R2_aA_m0,2,31,B,COMPLETED,9,63,6,3,54,05cd3ffb56d31423d4d8f7b0f02030b585e059cb057d678f9e9ae0a4e4805bc0,9c4d44a18075f138d23645a15a5a1a543827091d10c871f532930d166fafa15f,38939,0.0,0.0,0
R2_aA_m0,2,31,C,COMPLETED,9,63,6,3,54,565bc8eb3ddb5b9bd606722dcb58c2667887735e2e100c36e3c399f9a1641556,fb592d48ee5f292b733df7fe2af3d6d963ada65c0836dac1d0458dcd2c0c7f90,39469,0.0,0.0,0
R2_aA_m0,2,31,D,COMPLETED,9,63,6,3,54,232b339d98af9a0c395306db03f91b38521c638b733386712cf4a77497a065f1,ebd23258111913d2e32adbf7ebe4010f85d7775f5b6df9b95605020516fa4be0,39436,0.0,0.0,0
R2_aA_m0,2,31,E,COMPLETED,9,63,6,3,54,d5d1bd14b6bea9f87ba6a54234635077003565a8c3b103b43044e819c6227973,74dc51eb0cb2182d3926e01b8e0156450d8f6abc7539bf26e050bacd614c8227,40024,0.0,0.0,0
R2_aA_m0,2,32,A,COMPLETED,9,63,6,3,54,d80f4f3f0251a92e59458258dc632c5f1edfcb40c82efe92a8d17c558fa2db82,3d4ab1754e3e5925fc72528ce430971ae0a8ce962e6e1d3c6d4a28565db9750c,38296,0.0,0.0,0
R2_aA_m0,2,32,B,COMPLETED,9,63,6,3,54,c5ba6fb8a359dd50e35127815c57890409be893f9740d4bb33f4f55d4cbeded3,1324f1a8b3438f24209c96b5c17ef581600035cbe6dca0385659bb3852f08b36,38977,0.0,0.0,0
R2_aA_m0,2,32,C,COMPLETED,9,63,6,3,54,9f29c0e0c568f5525e70b597b9157178ac7ae9e6059b83550882700a311d2e24,02e9a8dba9bc52f62141fcfdeb2a02beb671c553fbb25c5c48157b9950af3baa,39448,0.0,0.0,0
R2_aA_m0,2,32,D,COMPLETED,9,63,6,3,54,b997fa3f0e2ec8e4cb79689506fd695d22a695acf20ff3f057b80159ca3ab797,f37520490daeeb9f86deaa07726f0af9ce9234d94f14ff6d49cecaa2e8b87a36,39463,0.0,0.0,0
R2_aA_m0,2,32,E,COMPLETED,9,63,6,3,54,02996bbfc963d21adde6f6820f1d6d6c3e02534369666b15d4056b4de85256e7,f297e609bf7001724d66b045aed673a326444b2c868bce3893d9ebb336b6f929,39924,0.0,0.0,0
R2_aA_m0,2,33,A,COMPLETED,9,63,6,3,54,abc8245aaa995cc2a2053c36cd02e6a9e94613cd1466dfaf3f32bdd30ab7de24,a53b4877353dc849d14bdd0f773f4fabc0779b298b8a2af38428d6563c4ab30c,38350,0.0,0.0,0
R2_aA_m0,2,33,B,COMPLETED,9,63,6,3,54,65b47843b0d43e743147dade14e862bdd145c5b83810086408dab72eebc55509,8918c23efe3a959b1b24f2a4f424487fcc8af10d119a1bd7bb30e5a720761bd4,38988,0.0,0.0,0
R2_aA_m0,2,33,C,COMPLETED,9,63,6,3,54,a402df9e9a38cdcd9d49081d31d75ad7ad0c5f6a010ddb34a36176cf1e289e9c,46db24fdeb5f89450d121b725072e61bdd7bca0b71d0c9605e174247c99fa205,39459,0.0,0.0,0
R2_aA_m0,2,33,D,COMPLETED,9,63,6,3,54,9302c7164bbf758d995d97285ab829cb71be32be0ba9164b7e54b2f2b620ef33,3f8cebf2795830d89d245b761ebbe556d28f01269fba53b3702ef14a0d51c1be,39469,0.0,0.0,0
R2_aA_m0,2,33,E,COMPLETED,9,63,6,3,54,be311237f1f55cf52f597c9112fecb1db39cf1e1ed63aa57de36d1a3acd9f1a1,2d6980017b2448631fcf7a1fa25c6b04355ee83c4dbb7f0914a77af2b5e5cfa6,40057,0.0,0.0,0
R2_aA_m0,2,34,A,COMPLETED,9,63,6,3,54,600480b49ca0e821087fdbf8e648860a350d90bebcd04a21662004b08a5289da,ce94380930f177911694543017c0aa5eb6c214590d73f11ee6338fc598b5a83c,38272,0.0,0.0,0
R2_aA_m0,2,34,B,COMPLETED,9,63,6,3,54,882537b8e2a6b375c6c1763ceb219325d18bf33f55fcf8d70e363639055c43b0,cb19948515f8f278eb29b0e9cb0df5830375d235bd706a0a8465a7552b030999,38916,0.0,0.0,0
R2_aA_m0,2,34,C,COMPLETED,9,63,6,3,54,f3fc4eb41988435ecc08660155bdf25ca8e48c5f9b81f082c0a0da2c55059605,4e670480874ee354f8485b47893da673de1ff826ebdd59eb9825571274820933,39444,0.0,0.0,0
R2_aA_m0,2,34,D,COMPLETED,9,63,6,3,54,80776bbc761414d4c9ea9f0f188f2e0f7497b426812026598d29d40651df6331,0be41d8c917023635e6c1e80186c6d15667788edd018045951dead3c2cb42a99,39384,0.0,0.0,0
R2_aA_m0,2,34,E,COMPLETED,9,63,6,3,54,43253097fe61e046782d1ba55afe7ae2a5d0deb933cf57321f144c1b34dd0de1,b4c48640139d815be85e1eb3cf5ff076a414e5331b545ef65506fdc2b054a4ef,39967,0.0,0.0,0
R2_aA_m0,2,35,A,COMPLETED,9,63,6,3,54,f153f08d9039ffa8bdab47debc1ebd6d3cbbd5f782ccd852a03661208919e551,79d3635b72c017e0d233da85f356ec384ef37ce5d5ad9a5cddba8afb149662e1,38319,0.0,0.0,0
R2_aA_m0,2,35,B,COMPLETED,9,63,6,3,54,c1374bbecd67d03dacf5878fd4894477884f7103da1c0cc486bc454bc1b0e426,597505a7b6d09e14329bdaa8f3820a3f0d5dfa7a96666828a8441433afdd97f5,38987,0.0,0.0,0
R2_aA_m0,2,35,C,COMPLETED,9,63,6,3,54,ce181a3df4c43467a2de84a00306c1d961659498010f4a58d14c0022626f7d8c,5181001a32bfdf7609440c982ba788a70d0cb98405b8d611c0684a5bea15b772,39464,0.0,0.0,0
R2_aA_m0,2,35,D,COMPLETED,9,63,6,3,54,6aee0b19ca4548ec546290e391ea04cf273e591f4e6df736c7eefdf4a0709362,c892be1712a49168528fb0e01790f2f9ef1f8577861ad5958051e2753472f25d,39433,0.0,0.0,0
R2_aA_m0,2,35,E,COMPLETED,9,63,6,3,54,e578dc6f6b2dc6fd348afa1490f83d0aee0de62ae54189f86cd2432c0c75706a,101e79f7d84068d8241e06ae2b6da6b305db9e55980e42efc58232153bf80f8a,39953,0.0,0.0,0
R2_aA_m0,2,36,A,COMPLETED,9,63,6,3,54,a8bc11dcc785e7433e1ac045335d758ebd93ebd97c128091d19b761be8b51969,e887b6ef497a0dece5751991e174bfbb47e0c121227cf4722e4721a4f92158b0,38392,0.0,0.0,0
R2_aA_m0,2,36,B,COMPLETED,9,63,6,3,54,82ea92bb026b3f2f69e035098cf4c663e17c4fdd383eb4b31038c9f40226b1a2,f1f0019442a257eb2137ef474df6862b6c14d7b6d7d7b2986543ebd7271f0a4b,38967,0.0,0.0,0
R2_aA_m0,2,36,C,COMPLETED,9,63,6,3,54,faa09303cf9ac0f547d62e2da2f5e05379631806bf88cf89ff8102bd8e288bb9,ba1f0a41caa9fa841aa81df9ad7552fcc0c15d346f6bb6990afade225130b9f7,39508,0.0,0.0,0
R2_aA_m0,2,36,D,COMPLETED,9,63,6,3,54,c775e18793c5e927286952ff7c20e5218e94929dde94a5c53010c6cdafb7c4c7,0ff6502c2a6ee0130471439693bd1e71b282801751ac1059bdb9bcfda315b5dd,39476,0.0,0.0,0
R2_aA_m0,2,36,E,COMPLETED,9,63,6,3,54,0289b6b1223fed824971617c3f2a064698963910579129feeb30354879f89995,3f81f9cb2ff5031ddf57c14e86751e153f894ae774070af21edef3dbf2337a91,39980,0.0,0.0,0
R2_aA_m0,2,37,A,COMPLETED,9,63,6,3,54,b23846895f1b3f847adfc4043f0b21c74f4a31d559e9f2eda6b73eff9c658370,d444ed61c11e870228cfdb2082bd75e18ea762bf11650358bd11d184ff4d5b59,38345,0.0,0.0,0
R2_aA_m0,2,37,B,COMPLETED,9,63,6,3,54,c03fa03071a9fdc710e41c8528fe434e3ca404a427c96b8f948e4ca71bab1988,2b694bd2a59182b1399af43363d268d83d079154e56a50636b01d68f061654e1,39015,0.0,0.0,0
R2_aA_m0,2,37,C,COMPLETED,9,63,6,3,54,169a71ee1b6a37e28929edbe3073b4266d2b449a14353ebfbab95d5944abc375,d50be13e10952b7fcdd5e9c916ea354a0d35902afbad8ecdc8ce8ef57afe3eb2,39431,0.0,0.0,0
R2_aA_m0,2,37,D,COMPLETED,9,63,6,3,54,a000fae1c0d9c961dbcf5792a1af7099a4fcf5c178f7d796186711e0bd5de5f5,0a9c044ec310dc26b860ebea5ee1058c654cc90db69c89aa671ebd1299702946,39431,0.0,0.0,0
R2_aA_m0,2,37,E,COMPLETED,9,63,6,3,54,ce6928d085e4942f667b4528a8b187d0fdadc4a18b7be761cff7b9e4ca6916cb,53c83db1c26d980c33a383935ea78c1ace9cdf957e876f9125126fa739d3e31f,40015,0.0,0.0,0
R2_aA_m0,2,38,A,COMPLETED,9,63,6,3,54,ff8fffcd88eab5bdaaa641859625bfcbdce55d47e8b82172bdadba2ba83574ff,e35a2b2a273da3f745d54ed805dba32ee59d61eed03a404cf6cf2e9c60210e7b,38343,0.0,0.0,0
R2_aA_m0,2,38,B,COMPLETED,9,63,6,3,54,b57a9bb0ef92e9641fdb79197c59966128af5782a562d730031b1d98c9a8725d,d0779e31c68d78283a32077f0a5d6dca087776c70b244c2a71e953367a6c0b94,38983,0.0,0.0,0
R2_aA_m0,2,38,C,COMPLETED,9,63,6,3,54,366f79c0a1de43ebd5e814a312f2ac1189f92b44f743b19325e76f1db5ce3976,6ee722d634594c0db13ef5d4babd3ddbed12cfb0013167fdc998e7e3b088a7db,39474,0.0,0.0,0
R2_aA_m0,2,38,D,COMPLETED,9,63,6,3,54,d830a12cce88270334e1b36febf935a76e408115cdb2d2798c3c9e948f024a4b,4b544cb8d3d5431bf9528c0d9e568c78b5f253471e113d450d00759109ae98e5,39425,0.0,0.0,0
R2_aA_m0,2,38,E,COMPLETED,9,63,6,3,54,d125a1c7cc0a4465fe9f9d0c400b0137d77ee4d2648bc706ecdd2d0bfd6a5cc8,1ede4a3c5fd038d8e28f2c94d5d133e509c4e7de9b9105bb3d58b5be3ddb4f62,40020,0.0,0.0,0
R2_aA_m0,2,39,A,COMPLETED,9,63,6,3,54,face703058a48a158534d46be791b7cf418bc5f3855e084fcfe05d8bc471bc47,3841cda99d78c4b3cee490021ac4f3fe9497a6de2bba7ff1862b18d7ad6fb8a7,38401,0.0,0.0,0
R2_aA_m0,2,39,B,COMPLETED,9,63,6,3,54,3996ab645c6876cab0a767720c307fe51d58d9285d024a3a4d4f2d2070ee8b73,691edb3e72dc91ac659b8cc105b0d3590a2684b08b501dc464f5959c469032c1,39027,0.0,0.0,0
R2_aA_m0,2,39,C,COMPLETED,9,63,6,3,54,942cf6a316e52d82eae1e4093476ce5ff17c6ada1e9562afa8efacf29f57bf63,e1ddcd7605b3f56865bf8f0841d4b027d6673e44fccbb5513e05e25c2797d285,39514,0.0,0.0,0
R2_aA_m0,2,39,D,COMPLETED,9,63,6,3,54,7738e3bb1afe17a63f6c6851b893b16cf1e8004757f52b0bec7becb9317ff554,6f2d5c5ea03705d0dfb1e9530ea6dbd56e3f11ffd63eeea01620ecc602155bac,39490,0.0,0.0,0
R2_aA_m0,2,39,E,COMPLETED,9,63,6,3,54,bb402279a42b2138c8716f514d1a43bff85dbe70b82102c46b7635a4d2c62f60,7959a2b93c81ac685c42bbecf14049f03548f6d7fc93e1b4d31245315b92318d,40081,0.0,0.0,0
R2_aA_m0,2,40,A,COMPLETED,9,63,6,3,54,1af2cd91bea6185c14858ded871490230dbc05ea1111fbe8fffe64a0c4de52b9,acd95c9297dcb8e3dc8eee1b5b9e2a992db0e2e6544eb75bfa05033c0600920b,38343,0.0,0.0,0
R2_aA_m0,2,40,B,COMPLETED,9,63,6,3,54,abd2b71ca1315ed8546792c0f5153d2b421a8d6a0c39e2fc048c6006592439c2,c7129401c74cf9835b7063075360b1185def9a335f3da3cd3b637886e9c95132,39020,0.0,0.0,0
R2_aA_m0,2,40,C,COMPLETED,9,63,6,3,54,7be3d86c743d2bc46510501e5920e06d82cd844772a847200a2d3e83818734f3,8e417f9f4abc350612c5142e542056260df24ee2dc2970d9c8c8bc0b424e3817,39494,0.0,0.0,0
R2_aA_m0,2,40,D,COMPLETED,9,63,6,3,54,8e3178a28392626c7d227a09aa3feb401cf90c41f6113c5c686cc92a95f855df,ce62048e73f9174cfc8d2173abc31740afc52b474130ad99fad488863913dc4e,39424,0.0,0.0,0
R2_aA_m0,2,40,E,COMPLETED,9,63,6,3,54,c73b42e5f805aa0bf2617176f882e97cd7fdc3fb13139f5e3fdbd12466c43c0b,b903c87abc21e396b8f4fa965d718de66f1a76700eafb73cda7a963a8da1486e,39965,0.0,0.0,0
R2_aA_m0,2,41,A,COMPLETED,9,63,6,3,54,6f7c57101733074b0ae933021c3a85d9dba3ad89b5183b3f469a32659f61d90b,3d1b7d212296009ddf5aaa978da745dbe703bed31d9b03e1deb6c022d7f0a1bb,38320,0.0,0.0,0
R2_aA_m0,2,41,B,COMPLETED,9,63,6,3,54,3bdd4bae245ba01038b294516b61f16f98a45031e185d48ace410f31dc401a07,7607070cd23cf46300d1be9430cb1565f6fab6ef2082ae7ab7b8dfeca9bbe332,38960,0.0,0.0,0
R2_aA_m0,2,41,C,COMPLETED,9,63,6,3,54,547f5355e38df82609d0299e837ea562ced96233c410a8d6215cd216ef5cb63b,494a6526d1ca11ade63aaaaaff3c4b93a9535d1ab265e4b38db5874a42cf47c1,39449,0.0,0.0,0
R2_aA_m0,2,41,D,COMPLETED,9,63,6,3,54,e6dbf13684d191f9acecd9f454c223bcf0be6cd83275ffccd4cc6d530c0eac31,84d9509753bd9f5ea27653f79db096c8639ffb0a8b5516e29c2e84a45813275e,39408,0.0,0.0,0
R2_aA_m0,2,41,E,COMPLETED,9,63,6,3,54,b2a6eefb3ad5e9f780a1472d0fe0c6f66eed4ffc73288c177dd2b9da54a88dd9,71d4e99da78ae4fbd983b10b791909f12ae5de1fa4b45a9a2ad96c0f1f5b8cec,39992,0.0,0.0,0
R2_aA_m0,2,42,A,COMPLETED,9,63,6,3,54,50493e8af2b98c7b6cd184d85fbb91700a40a539bfd55322a0dfa2975b9f6b49,d2e27b0647ffe07a04aff8d519f4e88393ffc746528963a52ded19d6abac4e64,38292,0.0,0.0,0
R2_aA_m0,2,42,B,COMPLETED,9,63,6,3,54,be748a9499e3767b3c08f56632c217098f8f8f01958703ed9d022253de45db1e,1c5431c55eab1e974b46afe69ceb73d5dfeaf7ecb191eb27d1c9d19fbfefafbd,38969,0.0,0.0,0
R2_aA_m0,2,42,C,COMPLETED,9,63,6,3,54,75bc5f1cea2580ccc53c0996f93f9b8db943f5b625afdbf565111e8c87ce3eb6,3f24a95e4e13cc5085c4a68225288385a4bb498593b3a9672ba464af7d596a27,39441,0.0,0.0,0
R2_aA_m0,2,42,D,COMPLETED,9,63,6,3,54,c6358a7906b38311fb5b2275139ac3cd88b136ef13cf8d96ba6f5fa563b2ecdd,246f39e2a7d4b0c0dae498cf45874cca73db70f84366a952da46359e11293702,39406,0.0,0.0,0
R2_aA_m0,2,42,E,COMPLETED,9,63,6,3,54,72d7d9d7f700fdc4bc7f765b08d65136bb780ad2d0593356ec435fee29f0c46c,0e46e3e9b04f1e5c9c8da25d7379fe9d52d733f271937f0387e01984a46ebbaa,40038,0.0,0.0,0
R2_aA_m0,2,43,A,COMPLETED,9,63,6,3,54,85ba8ddda66044735bb4b068c3cdcdacae7eb08a17fc59f8919c2166ecdd73eb,02ed1b0f4737ae3e1bc6735c79f49b3d17720179c6ee74d750e0e3109afa16e6,38336,0.0,0.0,0
R2_aA_m0,2,43,B,COMPLETED,9,63,6,3,54,e0a568f1b717c9c0771971876d07fbd1fc800747ae8393da1e3a3f25efc8f2fe,735b8dd3a059644e83a9f52216b199bc2de23a01ecc1d559195108074c5d82a1,39004,0.0,0.0,0
R2_aA_m0,2,43,C,COMPLETED,9,63,6,3,54,1525d9c3d55a38896a47aaf63a8dea12886e29e429ac763d7b7440976f1d1793,733678226ec531fe0e3b506fbdd3af4865a6a82edb8f3bc8f8ef3c4195bb7c43,39430,0.0,0.0,0
R2_aA_m0,2,43,D,COMPLETED,9,63,6,3,54,32880efcef2109325cf0399ec7f72b5e3ad25aa3ec5d562cfb8b9ac6e6d0e8fa,2e3fa08ce326b2c411176a3e2404a86a8d3e25978f256284e958e43f13da222b,39374,0.0,0.0,0
R2_aA_m0,2,43,E,COMPLETED,9,63,6,3,54,d935b396c00bf426c76a328b8078cd84c70a4ec2d2a6e0632d1301264a77b576,75131c86324b43d0acf660d4492ed14c3aac80f548726edd0650c02f867b8b84,40043,0.0,0.0,0
R2_aA_m0,2,44,A,COMPLETED,9,63,6,3,54,6ce12a7d166b94dcdd788b695ec35eb1ea9ec4d850698e2f5327420b64155e65,3fdcfad56a42737336224ec6c49bbf5db184584a751337327adb793ec5e37dbd,38311,0.0,0.0,0
R2_aA_m0,2,44,B,COMPLETED,9,63,6,3,54,75b8bf8d910c4f124fe613037cd3806b3361b88197e0ce41c8aa68d63f6da3d2,f27d29efde2b4ae5be1a44caaa900b213583f5abda678994a01156856686890c,39002,0.0,0.0,0
R2_aA_m0,2,44,C,COMPLETED,9,63,6,3,54,11fb6c54e155dd54c451f16073a9532d5786e634eeda8b070e6849409edc7b96,53c3fe6f38ee0dde64b05a5c2426c678d2947d84bb721d6fe78a7e139df3e160,39504,0.0,0.0,0
R2_aA_m0,2,44,D,COMPLETED,9,63,6,3,54,c85922369888147a70d696cc1d7e6a153414f9489647cb612e8da1b993f6363e,31f51309f0b954ed4fc390f8fd2c94933ac85756da8084a3605019446c109c4a,39424,0.0,0.0,0
R2_aA_m0,2,44,E,COMPLETED,9,63,6,3,54,adbc1cdc457f2c2827426970a35f689446c7e134baadc5a9e3ef45e66cc4abee,8effc39db1acb49fcb11687c4da101c167a1afc1fefcddfd659c2538fd299bed,39993,0.0,0.0,0
R2_aA_m0,2,45,A,COMPLETED,9,63,6,3,54,8d9e3d1419f0c580e83e78b2162cbab16fa54c7c5e797fa507201c1c2cca5c68,76339dc483aa597d44c2d2bb566407e9b9d73faf8492475901912be609e58f7c,38334,0.0,0.0,0
R2_aA_m0,2,45,B,COMPLETED,9,63,6,3,54,7c711757e4a9cf510758f420775e3a2414cee6a0da943a27f58c9fbb3ab50dd7,3b3dc95568ec081be0aaa79b825c041c0fef0e992f64201ae4e4e542a73d3dd4,38956,0.0,0.0,0
R2_aA_m0,2,45,C,COMPLETED,9,63,6,3,54,f583eecf65c33b3e81ddec28396f466b98d234424b942d838fd4efb652cba69a,89e678115b3cee1b289759c2c7fd1cf0a0674e8f212454c887cf916562932bd8,39430,0.0,0.0,0
R2_aA_m0,2,45,D,COMPLETED,9,63,6,3,54,666132a2c1406d66dfaa9157385688befd2e2de703411c8fafde2392596697c3,b5df5155946eb350da0e3eaf2b431f4e7d34b84ad158ae3f207cac28e69322fa,39375,0.0,0.0,0
R2_aA_m0,2,45,E,COMPLETED,9,63,6,3,54,f23189c97f859d098cdabe4cf4b8e2dc32be7f71c7a663cdc4f96f187cd5d252,6420fcbba53b57250bcf5fc5ddb20646c05344523604a4c54a82de2dabb201c6,39958,0.0,0.0,0
R2_aA_m0,2,46,A,COMPLETED,9,63,6,3,54,f526fa94b056169e6cacc59d23162772927649166336ed65f4e67bbe5657b9b7,a2651b9733d91646df211e715e854596e3dee1821c37d290ec6a4d0a776c4fef,38358,0.0,0.0,0
R2_aA_m0,2,46,B,COMPLETED,9,63,6,3,54,db406b1d627b38d652a8a1af0ce3c64ae91f83407b891fd92469d60cc723b5fc,d5ffa44328c904a1f2f4306843dfd156dfdc60d7b18ef196b88dae01383f52f7,38910,0.0,0.0,0
R2_aA_m0,2,46,C,COMPLETED,9,63,6,3,54,1fc7fd02755f9603a7aab12f1e129c76af6317a539a72018e511f3664ea12dd0,6105d7780f29814774ee3fcc9108fda2dc47fdda5ec6cb393ca014b4b6358ab6,39469,0.0,0.0,0
R2_aA_m0,2,46,D,COMPLETED,9,63,6,3,54,64e1d167d2257e256a5fb80946d0b22c62ed449c6954f4b49ee5c645c870b1c1,1923c112a283397cd7a6bbee09bb24b5b555db9370818e3dd53c87a25d5d5fbe,39415,0.0,0.0,0
R2_aA_m0,2,46,E,COMPLETED,9,63,6,3,54,6a05bcb427edfcae6e70a9377d8f54b70783a149b4ec061b995b0971bc0617ae,c835866cf165e3a561909422466d05f148a36bc295abc793e62a71fe765e2f95,40028,0.0,0.0,0
R2_aA_m0,2,47,A,COMPLETED,9,63,6,3,54,d014fd94c97c0aa54af27d69c242f53f3443016708d05c183ac807b96ad731c6,27d1dfdcf235675d292bd43cb8ca8641fd12a24e6621a36abca9ebf4c4692f63,38280,0.0,0.0,0
R2_aA_m0,2,47,B,COMPLETED,9,63,6,3,54,77aaf6c7b8f2cf6b4aa99138773d72fb7299db1134ed2a6c3992218f14ab039c,ffa7d31b269986c44e78324f79ba4789d7df6e529635882e96a6d59fa8da1432,38953,0.0,0.0,0
R2_aA_m0,2,47,C,COMPLETED,9,63,6,3,54,6ee8304eafd554bac0e501dcaade23dc547a6c18e63695c5f8876aa837bcd201,5d672e8c1cec3013770447d1f488fa10f30888f3967dbb3622829ef08ef62ad9,39462,0.0,0.0,0
R2_aA_m0,2,47,D,COMPLETED,9,63,6,3,54,ce469cf8615b666acdbbaf0137d703ba37672854e009cb1d73c21ad33fb1478c,8479ce25ad533503408fc0d137c6d6566a2e1fde438d49796d9e0538aa71ca17,39418,0.0,0.0,0
R2_aA_m0,2,47,E,COMPLETED,9,63,6,3,54,7350eedeb2da2c8ce7e457f3fdcbff0943821f88c3325b85a1ed276ccf0afcc4,dd309204a91574a594715ed8071805df17c94f1feec88188e230a38236766bdf,39957,0.0,0.0,0
R2_aA_m0,2,48,A,COMPLETED,9,63,6,3,54,142b74e0fe33003f94be0d778ebeacd03f6b30e2771652770375a1f26997d5b0,73f2d93b40ce13f012d1cb8237fc5049e22ec4c97f13a4bed896b5fdaba50b0f,38268,0.0,0.0,0
R2_aA_m0,2,48,B,COMPLETED,9,63,6,3,54,5b9233c9fbbffa50f77e9fd8e0b42d72cf565c6ab5b8258e30947828bb67fdbb,4a3c419a3ff2ddee2952a09c6e7cb8c8107ed2cc5a9a17c8357c4e3c8e0d12d9,39012,0.0,0.0,0
R2_aA_m0,2,48,C,COMPLETED,9,63,6,3,54,edb0051f8a4f0180d2f5de102d91ec51f3294e8045ead5f23ae2e3fd25b5c478,a4699c256df0d38a9a3bde7d4fd26bd144779f33d1134349e53e523b5c81d9cb,39435,0.0,0.0,0
R2_aA_m0,2,48,D,COMPLETED,9,63,6,3,54,00e9b6918352d39dc999c067b9be7df302a5c6bdd85170ab8d386e0b04733330,a1ef612f0ede584b7f0c8831cdd5b8029a5a745e2ca2232847e79f785d041b50,39386,0.0,0.0,0
R2_aA_m0,2,48,E,COMPLETED,9,63,6,3,54,b454aff53c133119fdc2e3861a96d264561923b9d7e6202d5f17db017d6d2da5,9a8621c50c0c772baade26059e3c245ba32277c20905c4e6d1212e1254fc0e17,40024,0.0,0.0,0
R2_aA_m0,2,49,A,COMPLETED,9,63,6,3,54,afd123e57cac3c082314ab6d6d13e05ee6cc4ef2db48a26284b962d63349d44b,2770f086f65424caa14b89a5185e57a4e8ba18d4ea738f87090ad5c9b296ddf5,38354,0.0,0.0,0
R2_aA_m0,2,49,B,COMPLETED,9,63,6,3,54,02fbdf3afaacddacf737224befbd563a198df9408cd3696c957aca1415ea7fa9,1036320967f349bcbbd2bc98b3dd6073c9f6cbfe0806a789f86aa74bacda35db,39037,0.0,0.0,0
R2_aA_m0,2,49,C,COMPLETED,9,63,6,3,54,7aad6cfee13d329d52c612cabeec1939b19288434b95c0becf1e0e4d43e1a96e,e1ceefef770368773c871751e6ade35fb5f1e22b71b6ad1473faaeaaa30424f6,39478,0.0,0.0,0
R2_aA_m0,2,49,D,COMPLETED,9,63,6,3,54,ea979356cb9a902a57ca8b8fdd70640bbe540ab372e44978f5825303d0ff9cfa,0c65a3c76f35d5ae4b936b2fa5a6c8694898a445e24283883820b6023e864a2c,39401,0.0,0.0,0
R2_aA_m0,2,49,E,COMPLETED,9,63,6,3,54,f083704ab7ab5c93948b5cb18331700cbcb5d2ae7ed15f9e9a543751d453fda4,339fee93be0aa1aef603a69c976245713941e056df9997394ad0d5e91925d53c,39983,0.0,0.0,0
R2_aB_m0,0,0,A,COMPLETED,9,63,6,3,54,e0d72238115bb96a792ff47f51ad036cb9515a4253e1e0785605166109181dc3,d0445600aea8b3321ac273f0cd4490fe011d8d267e308cccfa12421582eb2102,38351,0.0,0.0,0
R2_aB_m0,0,0,B,COMPLETED,9,63,6,3,54,91f146cb4ee4b01b7d34555c0f658314f0437696efc1bb16a09113c717f9ecbc,bed8bfc5b5e73726937736467abbb359248de3dc8f3f84fff1c4544c4b63a6d5,38948,0.0,0.0,0
R2_aB_m0,0,0,C,COMPLETED,9,63,6,3,54,09f01446302bcb49bfd6f2e0a5afd8fb516fa74e8db31905e8e4f65ce9f891db,00594385d1c87c1a21235739160fe7d2eea866e673842ec03a503c8515e909b6,39450,0.0,0.0,0
R2_aB_m0,0,0,D,COMPLETED,9,63,6,3,54,07e3f4614630aab751d9680bc4a7eb5ab4bd40517aeccbd82339621bb960df58,ebdb8b50fa929783f6c5a589c78dc1ab223d14117b434015c1766bf8e380a8ad,39454,0.0,0.0,0
R2_aB_m0,0,0,E,COMPLETED,9,63,6,3,54,5d1afdfd6766ea75bb13b0379055731dc7e1d787f14fdaee1c82109632458b2c,5f7610d5d0eafbca39a1ce6237c21945f1ea7f71d0fca87b869eb38885b6e7ea,40162,0.0,0.0,0
R2_aB_m0,0,1,A,COMPLETED,9,63,6,3,54,b3969aa3c90497e26bc96002614e4ce1bb42383d81483c18b4f49153c7e8f312,f5c92a409caad159a1595ee192e03fe3e2792dbef9da9afae814e93c82ccde15,38372,0.0,0.0,0
R2_aB_m0,0,1,B,COMPLETED,9,63,6,3,54,f5bd1a72feb39cb9ce3b30dcd305de5542bff960041b341b8565bdc3519df3a8,b5554d88d7c4a69c0c0cb6738c039ba6ec5f936a7cb60f026d2ead1cce47c0c6,38980,0.0,0.0,0
R2_aB_m0,0,1,C,COMPLETED,9,63,6,3,54,010fa5764426af71dd7e40e24e1baee38bb55eb91a408c25bb9847a3eda65104,fdbd6087f9468984f1c5204c075de0b1f8f36bc407edd16c7481ac9a15aebdd9,39472,0.0,0.0,0
R2_aB_m0,0,1,D,COMPLETED,9,63,6,3,54,6e5e582d3145a34d896aa9d8d360baa2b5eed0f4777ce49469fabb8796ce2d72,a952aacb0f0713a5f17b3f347bda926cbfebd79017c507c90a4a4ca764bdd3ef,39445,0.0,0.0,0
R2_aB_m0,0,1,E,COMPLETED,9,63,6,3,54,11b576e9d9c8be7b0a51a11ac3aa68679118c9da8dffcf6926946a5536316802,ec7cfa77cc990ed7edd212b4a62f8fac3e50f6ba8aeaaa9d4cb64f221440ca28,40100,0.0,0.0,0
R2_aB_m0,0,2,A,COMPLETED,9,63,6,3,54,7b64ed82bd4d093babc14a3c4a108e5ab5f1aee7b0b7077c476188db5fc9918a,aa8d0b5c022403d5272e04bc753bd03a61c796ff184d174decc251bb255248d2,38345,0.0,0.0,0
R2_aB_m0,0,2,B,COMPLETED,9,63,6,3,54,705d547070ed36e011d950ba10ab5480c5bed0309c190e507cb0c0a7f4f4ba55,51a63515487197649e784776dd48c8fe15dd51975753e9e8caeab01b2f023a2e,38974,0.0,0.0,0
R2_aB_m0,0,2,C,COMPLETED,9,63,6,3,54,70c8a070bb00816372600bd0fc08d932ff78386abecf448680af834fa1ecf0ae,ece811bc77071f2dfb33bc0057ccf830d15feb58a01d71a6df9abbc4ab84015b,39430,0.0,0.0,0
R2_aB_m0,0,2,D,COMPLETED,9,63,6,3,54,da912ffca219ca9eac33c25d2332f6f49d5ca49e9d0c4bbd299e02aa459b0c8d,8c2c80d37e014d186fe80ab86572ffc1c3f8685f50948ba4807d1f8267e616c8,39423,0.0,0.0,0
R2_aB_m0,0,2,E,COMPLETED,9,63,6,3,54,d00ce61af034310819d3a637498d448472e2b2af3789a155a581c3c93f082e9c,e91a530e07a652ed296f416b3937c228018c1427fa19b32ae92b5b86613fb749,40117,0.0,0.0,0
R2_aB_m0,0,3,A,COMPLETED,9,63,6,3,54,0f1f695906efccdae52fefc30fb83da39a27b7580fd1e08e1702858ee1f40e1a,c9f20111fafa9e572d9724590caa625e5187e099b4f2c8f3d1233f3da0910b9a,38315,0.0,0.0,0
R2_aB_m0,0,3,B,COMPLETED,9,63,6,3,54,d8d5d86a67f153f5bad77dbb9d40e4bb92ca2f7daef2da3b030a02ab06b9baa5,5eda5da25d9e71e2abac03c85a74a28d89b9d229aa8bc35538aec382cc583f93,38926,0.0,0.0,0
R2_aB_m0,0,3,C,COMPLETED,9,63,6,3,54,8d1b1fd25d88cb732d6b678c5ff40d8d372c1f060edf093f0a955b2cc5d7528c,5e3f888f2724fae812b7d4583aba41477a57106b0072e18c9ac59e2cd1e63b3a,39423,0.0,0.0,0
R2_aB_m0,0,3,D,COMPLETED,9,63,6,3,54,50212837f902f530944e7f26bd81e596bb0ee19c040a403cc810a37ab630f525,2f6f6eaae22ca5bb7882c2b99ae16dad4166be8738788c0c0a4d070bc9e0b164,39440,0.0,0.0,0
R2_aB_m0,0,3,E,COMPLETED,9,63,6,3,54,2927adea7086238b2d226f44881f1a67b19bc9cad416619a69f7f210a61c4098,f9ab6fbd820d72a40b0078e700b0fa068fce6f55f14075f5139acd644c6da80a,40121,0.0,0.0,0
R2_aB_m0,0,4,A,COMPLETED,9,63,6,3,54,fbc2820523d6d547e8b15294b7e80b1cbb4eb3e18aa5c7739fad88a9faccab0e,89f033c17a755bbe5e47ab79d990e18ca049154db770bb7d8d23a3a32b13213f,38315,0.0,0.0,0
R2_aB_m0,0,4,B,COMPLETED,9,63,6,3,54,db30471c95e53e11eb34ea66dc73e1989a16ee4b3bdc345483c087302e95c0da,10a7515fd6843d7702b1832500b30a8a8587457ab6c1c3ea7a41e7b1a78e88f7,38910,0.0,0.0,0
R2_aB_m0,0,4,C,COMPLETED,9,63,6,3,54,89573648669473ced3837d82ba86f39aa668524a1a896c522fdfcaa54e9a6d7d,71284b3c65aa5ce5eba2aee74625144e8ea6dfa8e2ebcd83e5141b729a30ff37,39428,0.0,0.0,0
R2_aB_m0,0,4,D,COMPLETED,9,63,6,3,54,3414ee0465ef0c3fc2412a64ce964be8494ba00ad5e1ce5673fa5ae0e4e82d28,8e137784536273a3032077ea9ceb22155a86fed5454279a7affb82a8a94755ee,39491,0.0,0.0,0
R2_aB_m0,0,4,E,COMPLETED,9,63,6,3,54,39635b6dd1529010c28d02a2077430e59d75dc976f0b9215027f74215f81d5bf,f155f23831364ec9d57d0faa57f64ba199438b5adfa62bb9512217e51704c42a,40173,0.0,0.0,0
R2_aB_m0,0,5,A,COMPLETED,9,63,6,3,54,fd89300e63113b84bbb12ffb38c2bc7a7e6642a933ac3ab2609813155738c061,774a811496cbaff6253326651615f0b93ad8573d2d091a36c17d4995f305d3b9,38256,0.0,0.0,0
R2_aB_m0,0,5,B,COMPLETED,9,63,6,3,54,a11ec8b63545cb6c2421e6d6b2235ab1a7c7e76e33533994b0195a1e67997dec,7071993f96e0fd956ca19ccbab4b8a629dab58b4148be941103a9fe0345fe820,39003,0.0,0.0,0
R2_aB_m0,0,5,C,COMPLETED,9,63,6,3,54,14c36bd2bb59c864ec750b36d2e52f85c414428babe9515ba287e25b3f29b717,17068c08af8c97d72a1ecdaf0bde717d6655f7f773b0826b7954d7f4e4570655,39431,0.0,0.0,0
R2_aB_m0,0,5,D,COMPLETED,9,63,6,3,54,11a0ba40964f0d6f21f2c156729ba4d6435064b487a688c9abceebcf862c491f,89384dbc027c26e6e114112b0c8403b4477734ccfefd91a3da2af368d4b63bd1,39457,0.0,0.0,0
R2_aB_m0,0,5,E,COMPLETED,9,63,6,3,54,be522a9261cf8a6d316cc27669ba7412b298fd81960c36e8c2d3084b37ce8100,fe7af52c954c2ebf8ca8d91fc86148ff23f9f79778df566869209e913d5d0a23,40174,0.0,0.0,0
R2_aB_m0,0,6,A,COMPLETED,9,63,6,3,54,f0e49bf8d83c12e08373fe4313dac70298dc86e515ba58785ed7aaa82f2f5291,4510564a5c9254197c7cd2df8d5f5391443f5f09d75fddec1a2d10499f8c6c22,38326,0.0,0.0,0
R2_aB_m0,0,6,B,COMPLETED,9,63,6,3,54,72c8dbb61c805e0bd0147dfbc7aaf5107d65d3027a5eeb281c9d528eec53a334,798d888d5967e001baee136492708757b9c2f63ff9d1a2260e0015327aa6b07f,39011,0.0,0.0,0
R2_aB_m0,0,6,C,COMPLETED,9,63,6,3,54,61e19f9054786bbcb8ff04cfe184456dadaaf4c0395aed881c49edabd1b7f2da,7bad9a5078edfdd5eaa4b8304808996309cba573447d7b75c97ac688ea9bef56,39421,0.0,0.0,0
R2_aB_m0,0,6,D,COMPLETED,9,63,6,3,54,6c2efeeb051aa675a288971a09916a66c18f70c45a027d220f5aa6ea589dac59,164554c999de0eee77c4ac46faaa1f10fd39ceef1359224800bc8d52fd4805d5,39441,0.0,0.0,0
R2_aB_m0,0,6,E,COMPLETED,9,63,6,3,54,cb67b7eea9b6b767a780ccf470555ff1efdba412b58c31b893e87aa4f3681de3,885eaabd877e5dc19c8fe19b2a7ef87c66e27fd16f6cc2521e13eefa62c18125,40141,0.0,0.0,0
R2_aB_m0,0,7,A,COMPLETED,9,63,6,3,54,92adf0daf5e2cabcf8adfe514d3d266fe60d00c7a1ccc4416fccb3170bd885a1,d4bde9c888187e3b1ceb16fbd650391e583507a84fc59c7188a75718250272b3,38347,0.0,0.0,0
R2_aB_m0,0,7,B,COMPLETED,9,63,6,3,54,19c56c34c7ac7e350edcf3c764e340a282bcf2666af8f15379167bd293f4f536,368aa1f42ccb25e9d4dd5458b3061faa8396475a9a5361df181b692356dfbad6,38886,0.0,0.0,0
R2_aB_m0,0,7,C,COMPLETED,9,63,6,3,54,341b6d03388830039b0738e98c36f4f33e0a80cd852cd29298922cac98a0884d,1c04846fffcff7424d9322494e0e77595fc08bbccfa81f8dd59b0cf4772a0b7b,39480,0.0,0.0,0
R2_aB_m0,0,7,D,COMPLETED,9,63,6,3,54,3440640b2b084bfd0a06f347c23fc2e062529f1b236b03a938bb51fede132913,a391fe28eedd538d4b352a2cb7651b7c7b2251ab87891d52983a21d11fc188f4,39476,0.0,0.0,0
R2_aB_m0,0,7,E,COMPLETED,9,63,6,3,54,90829456d68f325dcbb37d31b7e61b94e5b26f10e9ca63a9ee8f16dec7c864e2,8e81d64dfd4f41b2bd4f11da788013a95cf9e75bb368e67896be40486cd5d87b,40096,0.0,0.0,0
R2_aB_m0,0,8,A,COMPLETED,9,63,6,3,54,5b0d646e109aea039059b1b1759aa8b88fe50e19f76048fe235b13b9e568e824,cb9ba3541a943698a1be77fbee7cfe15b06c7d43f4fe8787c426b13d2c1b6528,38377,0.0,0.0,0
R2_aB_m0,0,8,B,COMPLETED,9,63,6,3,54,d0b13026bc7a73b2b9b9de3df75094544aa75a264ac7ab7cd99ffe2b3b7b6a2e,6489d90c4a2a9b8e5e1ac8ec1dde3bba9516079334608f9c636275702820d981,38914,0.0,0.0,0
R2_aB_m0,0,8,C,COMPLETED,9,63,6,3,54,8f6de076a12e0196065ed45eaa03d6a7ad98c03da7c7f4381c6d6932638b898c,442c6989e8b1992f694608f178321ac082f1752a1d6e6733d9529e5641fb2855,39543,0.0,0.0,0
R2_aB_m0,0,8,D,COMPLETED,9,63,6,3,54,d2f04dce2e7b545fcebde2ef13af4f5d6bf85734c66c49d27754bc4f9b469d77,77ececf25a151d04fd813fa19a417d3ba9156f4f025cd6bd26cbd9313f556c21,39418,0.0,0.0,0
R2_aB_m0,0,8,E,COMPLETED,9,63,6,3,54,b704b3d14eb0105937f5fbf744fcc46f643a5c8d15abbd9429072f82c136f6dc,42094d686595763981228428c0d73ab0b98ef40f78057dab420989dc05450367,40101,0.0,0.0,0
R2_aB_m0,0,9,A,COMPLETED,9,63,6,3,54,6934ab754f7dbe7a0df961171d0f0e6ce7feeba88f59c10e8ad7500c6d902624,c8009a6a8ac15b3f6a0be33c3f01043ffbf43c43acd5fe560988f5bf8eb0d83a,38306,0.0,0.0,0
R2_aB_m0,0,9,B,COMPLETED,9,63,6,3,54,9bd1c53ba37e7851848c9550c994e07cf4ee4cdc230734960ce2d4793f9b388d,af6c4d9c43cdbe715f94004fc50d6c59bce0cd3bbd4a5ad947c14308ead60cef,38905,0.0,0.0,0
R2_aB_m0,0,9,C,COMPLETED,9,63,6,3,54,441919a07e9e1e5f5245f9c473922a34487942657116c1b84135c823ee36d42b,d53d3488517cbba8624814f8def037a6ea56c1b53f6cbf45c8319ba535270a82,39415,0.0,0.0,0
R2_aB_m0,0,9,D,COMPLETED,9,63,6,3,54,c8b17c8800bfb4176d36056d56d33d069f4021be1c3ce0e860a1df519b463d5f,bfb8f5ccc3496e613c866afed427f41b35584f3658d52372ea532e73f6a5d9a6,39421,0.0,0.0,0
R2_aB_m0,0,9,E,COMPLETED,9,63,6,3,54,2aceeb5884e43140c3b918db88ad3d40e735b438e8f866744c9e18befa2979ac,5bfd7494dae5f592cf27f400f6fefaf3186cb1e5b19b26a98993153ad6bc1886,40113,0.0,0.0,0
R2_aB_m0,0,10,A,COMPLETED,9,63,6,3,54,01bf7eb598390552555aa2a931b501efff136fc240e1b43cab319afa76184b52,2af936916b562aa0f2c17b66c1891c87f83d0ac50380ff1d85ce7cb913e6c879,38373,0.0,0.0,0
R2_aB_m0,0,10,B,COMPLETED,9,63,6,3,54,b1fb05498e508a19fd89a5115d726583b0e95f0e5026ae4ef0c4be53b0ec1ce7,c614263b2189373c7b2cd44c5cd1768b3140e569baefd16331e1efb6db1dd95d,38946,0.0,0.0,0
R2_aB_m0,0,10,C,COMPLETED,9,63,6,3,54,98cdfe6d008744c76e0cece5b757a917df0f2d5fe9d9710f421990d143a5c62b,87149d3dfcf67afb9d0cbcaab020cbd7e17e765435d783879ae325fbfd166ed7,39449,0.0,0.0,0
R2_aB_m0,0,10,D,COMPLETED,9,63,6,3,54,239468ef545345bb2f271b131937eaded45f9bea4a70dffe40197f40aa178061,ae5f9e63e9f6463bd311ef184d25357f11c89dd4ece6543863eed015f24527ed,39425,0.0,0.0,0
R2_aB_m0,0,10,E,COMPLETED,9,63,6,3,54,ff6d56999fe7943392ec4e5da329c3a8b44120e5d6cd9840559c579f92e2ce93,75283c3b54653636c8bae088a79bbd0ea73b3085fc3cf18c9d581471cd82447f,40115,0.0,0.0,0
R2_aB_m0,0,11,A,COMPLETED,9,63,6,3,54,c4165f4f14e63731e219c57983f06f2217d92dc68c659a569c022b5a3c122a6f,f885d0e8dddb0ba76dd24731fa73b13cac19d5e3c6d0547acbd107a6bcce14b4,38307,0.0,0.0,0
R2_aB_m0,0,11,B,COMPLETED,9,63,6,3,54,7bf11c0a10e372870dae3551d22b5e5c91c51aa830e6daad78bb434a3a2b2a0c,7b6187a58bf94fa08e6d927484b81df703fc7c23b77acaa2b6a6c53cd200f092,38900,0.0,0.0,0
R2_aB_m0,0,11,C,COMPLETED,9,63,6,3,54,86e2bc1ca83a65b8bcf0588cf5988c102c5e29a0f4449ac5d62db875dc65a5bd,c49e583cb997282ed4b53f0f21fc566535d1067f8f722c8eda4c60ba50424dda,39484,0.0,0.0,0
R2_aB_m0,0,11,D,COMPLETED,9,63,6,3,54,60e6cceaf15663209f5e5201c9bae8325ba4ff09faa6ce4fab9f89f13dd54f6e,790d18557129fec5a51f7a802f37b30a4de91f01091392e3ed2d9ebb185101da,39483,0.0,0.0,0
R2_aB_m0,0,11,E,COMPLETED,9,63,6,3,54,d4b92f0eadea109c0aaf5ec2f189f575d0abb2d3ed6ed6630c04be53559a646e,cbdf5beefe9eaf4ab7d28f7ff4f5eead071d4e29c0e178006d5c4ea76078444a,40155,0.0,0.0,0
R2_aB_m0,0,12,A,COMPLETED,9,63,6,3,54,35d352ed0891d6b1abcd4f69b1bd3a1d059a3278864ad6059e105cd9962f6c81,75e24a8a1d082a22fa776b95a561b8b7da89feccedf51e515639611c4b3dea43,38402,0.0,0.0,0
R2_aB_m0,0,12,B,COMPLETED,9,63,6,3,54,324f9fcdd45329f1de078e6275f0701653dd6aa463501880c5b4ea76aa073dcf,8768f5998ebf5d0608c2d08fb5f6b878fb14e99bedb7f14de9bd29d6ee033344,38957,0.0,0.0,0
R2_aB_m0,0,12,C,COMPLETED,9,63,6,3,54,e3ce3e8417f7ba966da1aa0f67c5e35286cab923a9d2b992f5b26e7153abfcce,3fa288e92a834a4034397d91ab6379859929da4697ab7ccc4f774f7ebdc5ecc1,39441,0.0,0.0,0
R2_aB_m0,0,12,D,COMPLETED,9,63,6,3,54,c834c030eab4eebe366b5824ad86b5a71638632ba79d5fe4503f816a0039e5db,91cada5ad215a41adbfccadf30ade13cd9be1be09139670c14566d8ee933a175,39464,0.0,0.0,0
R2_aB_m0,0,12,E,COMPLETED,9,63,6,3,54,d7d1f59abdfef9ff38c692934d702c33ab0a9259e7e22c51402560829ba87ad7,0837baf1302d85af78a22bdf12d40fc166bcb24b619f363e47e4371311e0b898,40154,0.0,0.0,0
R2_aB_m0,0,13,A,COMPLETED,9,63,6,3,54,5511994520dbc150ee976d2ed38da406e1e52876e26301a97e8df3d94fc09985,def1341acd87fc33dfd00ab5e6ec1b51a7d787acf937afb8741b7401e6b875a7,38369,0.0,0.0,0
R2_aB_m0,0,13,B,COMPLETED,9,63,6,3,54,96309be37971ad8c1bde2ab3b8b604fc6fba4a5e0f8e68c520340020f561ec7d,491340b1db2002dde1ee37514e3ced405f388d71e0fabc080ec323a129a2e622,38955,0.0,0.0,0
R2_aB_m0,0,13,C,COMPLETED,9,63,6,3,54,579f7573028b9f097f0469c64f7e2998b9cefa56b582a180d09d09fdbaa7694f,bc8e334e6ad815e1206b4df5af6051994442578b974cba3301a72425a0e38be3,39438,0.0,0.0,0
R2_aB_m0,0,13,D,COMPLETED,9,63,6,3,54,66dfd79fb72d39d2bbb0b76ecb6dc4466449d01ffd34cca6f3db6c928ea79662,977133b2d6f90255ae7ea9fbecbcb761970b3740b043936791002827a8807a70,39426,0.0,0.0,0
R2_aB_m0,0,13,E,COMPLETED,9,63,6,3,54,cf8c9a5c188dc5c5bb6e233a39f1177ee11f17a75b8e02a3b50d4a78617c09cc,c239ffa70618bfe2510f133419554707646a00f0fffac2193f5467e27fe5cf35,40163,0.0,0.0,0
R2_aB_m0,0,14,A,COMPLETED,9,63,6,3,54,9a769e45af6846a26148ce4ef6eec6142a2b7b7cfa8010b3d48bce500ac91b1d,4f95ea03701840f27af1a71eecde6dfa69c448890c70c753faa35144a56a0d29,38357,0.0,0.0,0
R2_aB_m0,0,14,B,COMPLETED,9,63,6,3,54,668e67074239a2d5e8db2f75d3fd800dc5f130be23989bec699c4e6a6f9f3e8a,e958ce39fa0f92d6cd3c0609ed9aa0feef662f123a009212e666a06cb9fcf61d,38881,0.0,0.0,0
R2_aB_m0,0,14,C,COMPLETED,9,63,6,3,54,8808c03fb63da52231f5b514daa82c1a153f2a0acc2b87c140f40a0af50bb2d8,6546cb33742a72866b1312b0635bfb2324702b568510a5918834189c75a7b277,39427,0.0,0.0,0
R2_aB_m0,0,14,D,COMPLETED,9,63,6,3,54,66d88dc0e3de985456d3ff23e6f958a077afecc70081f9d74c2cc11722497d83,82b1180cee2342de5bb030f7091e3f3197c90fe0e6bb7f309877c39853e57572,39401,0.0,0.0,0
R2_aB_m0,0,14,E,COMPLETED,9,63,6,3,54,e2d24d4bdf91b2f503a0365de1eeb6485e1841764c0695c62d905724b9cf9507,127d47236ef850cbad46933b33de7e974becfec9504e91bba95fb2ba3a7ba3b7,40079,0.0,0.0,0
R2_aB_m0,0,15,A,COMPLETED,9,63,6,3,54,dfc95299fc1bfc38eab6b53c116c04bc2d6eb0e3416f4b92709de986e0a47aab,f010416c8183a874d4f36b8cbff7c8e0f817a830e010d897d94cf4a458bc764a,38329,0.0,0.0,0
R2_aB_m0,0,15,B,COMPLETED,9,63,6,3,54,f0ee24fd9dc94f096b1236a1b4ae1dbec4c7de1d05904cce3d8446402d21a338,1deb43b70b3a538696df6ff0d540385bc6c1a4259c5ebcbdcbe49ffd8b58b233,38926,0.0,0.0,0
R2_aB_m0,0,15,C,COMPLETED,9,63,6,3,54,521d1c586755178f6548e2fb886574651dc7e70703aec4f260d4673248d6b25a,e3579c1dca6b50bdf4985ffc894d4262afb076bd35467a3dcfbe71529826a098,39457,0.0,0.0,0
R2_aB_m0,0,15,D,COMPLETED,9,63,6,3,54,2c4745df7d27b0a64bbef0425348b54e730adf8405593c748b75fdfeaf9f22ea,6becde7176acf38d0a5fbbe1b58ba619244c876b7ba18f88372e9529c54a5b8d,39456,0.0,0.0,0
R2_aB_m0,0,15,E,COMPLETED,9,63,6,3,54,625cf6abd886b7a259619ffa38e803af5a3261eab69d06f59f62242edc6f9846,ce384e89dd3d11888043b5cbc20e3a911f0ead11b865024f9872cd4a889ba588,40192,0.0,0.0,0
R2_aB_m0,0,16,A,COMPLETED,9,63,6,3,54,b445d3bf577a875428fb1109e0eecb11489084649c2726b59584a05d027b8512,7235d3639864cae74469dfa48119da46ba1d9881bfb9d36cbcb258e40aa38b2c,38364,0.0,0.0,0
R2_aB_m0,0,16,B,COMPLETED,9,63,6,3,54,ac1d6e11bdd6a532413c1bf2a2aa82cac57dd6bb9e75a2562258b7dfbc9aebc4,2332663f8c8234698dd3fe041ec4f8e1d1356c372f0386f42e5253135dd022e6,38942,0.0,0.0,0
R2_aB_m0,0,16,C,COMPLETED,9,63,6,3,54,41408f0c3e6bdba91602a8b86cc89161a36657628862c658acf9b08a04b225e6,da73e9b47da5f2f0e2f0673cbd49cbfcaa02f06cb7746117be275e0555cfcfcb,39409,0.0,0.0,0
R2_aB_m0,0,16,D,COMPLETED,9,63,6,3,54,702773fa3ffe7b41f77c60622b52dc3aed75643f92563acc4b1ed85e2b9655ea,c099b61cf945f11252ead2c89b12855c5544808d1a416c72967f3e0011be5621,39495,0.0,0.0,0
R2_aB_m0,0,16,E,COMPLETED,9,63,6,3,54,c6ad75839e859de3c9bf9db5544017a3832aee60434577067eaff867ce6ed032,9344908c50ba6bd600107690de2f8b4d94c745e624463b00fc8c1812bd18e7c0,40154,0.0,0.0,0
R2_aB_m0,0,17,A,COMPLETED,9,63,6,3,54,a11b31880c5deb6b6d6dff00fea1cc752d4328f563faccbd3a21042a093f1312,28bb8d4269058c165497752a748572838886c8af4eae305ef362672ad8a3ff6b,38353,0.0,0.0,0
R2_aB_m0,0,17,B,COMPLETED,9,63,6,3,54,de885b2c794c47c789fb58af8eb63073dd3e7a93106f75471dc3e7245ed19759,3d645012cf874888536d7d0ab9fdfc988c840146104224c620156bc5c010e09e,38898,0.0,0.0,0
R2_aB_m0,0,17,C,COMPLETED,9,63,6,3,54,5bd85b920fc307dd024b85d6e19aee7c1f0438bb3fdcad619ee13efcf7feabae,29d2597f3aed89972f498367e760b5adf56809ef8d645f71690904d06c13af61,39404,0.0,0.0,0
R2_aB_m0,0,17,D,COMPLETED,9,63,6,3,54,174bace60eceb504b38f5478961a7d76dfe26d1e2aa8c1d5c14961c969dc6e01,8ce15d25de6d67d2d9bcb6a2b57465556b1d8e0718ed991e3c0e365e75e145da,39463,0.0,0.0,0
R2_aB_m0,0,17,E,COMPLETED,9,63,6,3,54,a091eee2e31d1bee8c8e07545993ab09110d9f72e81dfccb6670756f1a98dec2,89529abcc3e530aab435912c0ca03dc59e95cb395aceeab1257362d02fac33b2,40169,0.0,0.0,0
R2_aB_m0,0,18,A,COMPLETED,9,63,6,3,54,508dc5591a263d9fc423645db474a1d560762c2dff8deb8bf1cfdd5ee3758752,228a4d74a32511ba0991be23676fbc9ebd7cb701a36c3c9430f0d259d455b333,38334,0.0,0.0,0
R2_aB_m0,0,18,B,COMPLETED,9,63,6,3,54,44e2a3646771741b30fc54ac3d1d62c54989111ece9de505e5a93cc74c1b6a54,69e8d495ab7eb6dc75a7523bfa2ebc8a2b593a0f4ab7770e541217c8a316e539,38937,0.0,0.0,0
R2_aB_m0,0,18,C,COMPLETED,9,63,6,3,54,44f9931c6496d999bdf47803d841428b99b4b8a138f01a501ec3aba13bfe0d0a,8656dc1fdf78a9c10b6df2b3f1e776abca03742fd1d23ad7bdb53999c9c191fc,39454,0.0,0.0,0
R2_aB_m0,0,18,D,COMPLETED,9,63,6,3,54,3b6ea00a7b85163b4ddb201b0d50f994b1898f701a501e2515600409f549b388,319366b3f6dce8867443ced2ce19dbe8fe7e4eb622029bb15b0ef13e2ff03102,39446,0.0,0.0,0
R2_aB_m0,0,18,E,COMPLETED,9,63,6,3,54,673d04057c2899596abce702f5ceeb8a6d8fb80834802a85b17507c14fa85f7d,5d3db844ad7cd86f1d335cdc0a1e3c76fe611cf2ac26c07177cefa8a64fd3100,40133,0.0,0.0,0
R2_aB_m0,0,19,A,COMPLETED,9,63,6,3,54,3cac95ee258064c9a385c9f29cd9cb644bcfb4f3e23f3b27836cb80f83a226e6,3d87d78f17860c3d8397226d5229535d78c28fff74c7e9332163191cc3ed9214,38327,0.0,0.0,0
R2_aB_m0,0,19,B,COMPLETED,9,63,6,3,54,1d15bd3100037c505c90c9bea97e790cfd16bd25c100a9d8e64b06ba4f2b03de,a1ec27e40180b7872e398c576885cfa520750e49653b4962aa5347380c338f81,38887,0.0,0.0,0
R2_aB_m0,0,19,C,COMPLETED,9,63,6,3,54,433bb088f571402c4f92267996548ab23eac9a5e0812d6e868c666fd38bb66d4,310de2d405438fc3ee7aff8c4dd9fe66e10e6167155b47dfc83b941327a2c17a,39439,0.0,0.0,0
R2_aB_m0,0,19,D,COMPLETED,9,63,6,3,54,554a64cd31e90afe0a40d3088ab2551ec4e8ac384ab752dc798fc7456085c9aa,2f2b2b01abde9d22c7d987ade3b52d79f7e9673b2c4725238b454b89120c61b9,39480,0.0,0.0,0
R2_aB_m0,0,19,E,COMPLETED,9,63,6,3,54,e239aebefe47f7df6e9d7e5403925f40c3c796f16411b5d6bef495839043da11,534fe156a7006c55f95093025e6b0873a424fe460fa3d3cb6c73d9c0c566a7a7,40087,0.0,0.0,0
R2_aB_m0,0,20,A,COMPLETED,9,63,6,3,54,8981e43cc287f844429e7ab1ec585b7da2d2510b8017d384a1be127ba73626ee,8ed64810736b573c28e150985e794548952f39755161b2ea11636782eea83d9d,38278,0.0,0.0,0
R2_aB_m0,0,20,B,COMPLETED,9,63,6,3,54,4959b1da18d16e52195fd4d1b0b07483bf4004e18a68268a5939ad7093e9da95,48458aba961789a45514b066be6ea416f9ccb985cd3a2f0d59c9172f0b77215b,38948,0.0,0.0,0
R2_aB_m0,0,20,C,COMPLETED,9,63,6,3,54,af2baa728f88a03a613d164b2284ce2740442c62b692a31566b4e1424977c5c3,395f65841cfced85d2b3d5338e0135c51cd592916d29449c299c9e9f8a20063d,39476,0.0,0.0,0
R2_aB_m0,0,20,D,COMPLETED,9,63,6,3,54,9e1f2e8d41debd30629e1b387ba9e8256d39142b51db51908811caaf9fac8ac4,5d8c7b5537df37de1d97a6c842cefc924f3f42ddfc81b8deb2c0ef7c1c81381b,39509,0.0,0.0,0
R2_aB_m0,0,20,E,COMPLETED,9,63,6,3,54,0f107f969c30197803ccc90e5e898ede24298845a0f891ee9c2a438a35532a2d,e812044d8c1c1464383d2b08739097a55d5f81dcaee0c7cc83ad6347684347af,40139,0.0,0.0,0
R2_aB_m0,0,21,A,COMPLETED,9,63,6,3,54,d8043fbd0047533127e8f1f5680f4af2a30cd955f15a394a3741938539f59dd8,852910319cafb83ebefa48fe5da3b6273fa3adfbc3f90a2700f9feb32f52bd84,38389,0.0,0.0,0
R2_aB_m0,0,21,B,COMPLETED,9,63,6,3,54,e212ae352fc804f62e12af5cfa842b5447ba62c539f8e156ffa347d3ec4905df,fae9b9cc0628e2fea054117a5f86c17652854f79018846212f1e6819fa128152,39027,0.0,0.0,0
R2_aB_m0,0,21,C,COMPLETED,9,63,6,3,54,271b8c5fa2164e281a4319ef2b1cb8fc5b48e1c9f6dc31916c775c3d1ac31bfc,cc49b260c149731cc0395e18f68679ba2f2ab5f4ee64d329bc00cae8a7a74bb4,39448,0.0,0.0,0
R2_aB_m0,0,21,D,COMPLETED,9,63,6,3,54,77cf68ffd8adaeeb5a6319771e5893827b258d9544a45e3bde72119c48ef79b3,8e2ec8bc922ad478e08e9c6892607d06943c6f46e4b0217008a9aa9300045531,39434,0.0,0.0,0
R2_aB_m0,0,21,E,COMPLETED,9,63,6,3,54,eb7571a833aa81d05b424dc7b78d2a63c48e31af09bd1b2dc5405a50aa06ac62,3e18616729a041f6a8c3e2fd13591b8b51947fad8ca8ab9510239ebed98cd4c3,40185,0.0,0.0,0
R2_aB_m0,0,22,A,COMPLETED,9,63,6,3,54,ed88d0269cfb9b559647cd248d9226c0d8fdb2e07f3e03915c64dd95ad47717a,34526d815420e525aa0e8fed247318403b4fc0c93942b51c09bc5b4e3fcfcab3,38317,0.0,0.0,0
R2_aB_m0,0,22,B,COMPLETED,9,63,6,3,54,b7ffa9d9ebd55a9470a58785a2199e5683658815abadec79827756e634d08610,91f598cbd1c49c3c4a84b094345e1e09251e024fbc3b3878c4f7fd4de22b04da,38972,0.0,0.0,0
R2_aB_m0,0,22,C,COMPLETED,9,63,6,3,54,c7f0bf2c43f5f07ba39523adce1a7a5d5197ab4ae87ed4bb907970b8f6ed09b1,07c843542f4325c2955dbfd87716973289c3c0930b7fbe726cee4a0adf7a2b5d,39380,0.0,0.0,0
R2_aB_m0,0,22,D,COMPLETED,9,63,6,3,54,02ee21501e2955fb79a8ad4bd4447b38b24c204548307fd51ea62970cca15da4,713d422241b5fe0842b01267b81b9bac3c17c8c34e8cc432544cd10ec7917215,39415,0.0,0.0,0
R2_aB_m0,0,22,E,COMPLETED,9,63,6,3,54,7ac463f89ffde773e2336cf66fd360a83b3cb6d536f591f3fa81a7930f30f9a3,c1cbbcae3e2f110ad2e79c86d5bd2d54abcfa2091ae210c8c52fdd9699f30688,40157,0.0,0.0,0
R2_aB_m0,0,23,A,COMPLETED,9,63,6,3,54,e78b2bb74111e91e59e8e3be7b359247d6fe9299089bb1beeab014d701684973,9bec31eeceec94d346fc8049bdaac58962f02188e4ce57151053a65bcdfe1160,38314,0.0,0.0,0
R2_aB_m0,0,23,B,COMPLETED,9,63,6,3,54,80a1e63f785add48414add1e5b40bcd7e60fae7fbb5d409f91a91cfa2588f199,8b7e82b358818b38fd81201a8f94f4168323d0bf54faf46f5acd3ca18258b86c,38917,0.0,0.0,0
R2_aB_m0,0,23,C,COMPLETED,9,63,6,3,54,79800adc03aa1f4c56263ede252a7672a3575a7eac1986bf0166e4e659a57526,182cd2b3ec3e5d9aa3be392d7736f2fd060b707d448d9535bf593f98b65e72a5,39457,0.0,0.0,0
R2_aB_m0,0,23,D,COMPLETED,9,63,6,3,54,ede53237046affe2dc2a5134c1a80a851c867262a71d2a44d648d31dcc8750d6,d6b76f97d22d995560ce25dcc695f6fb00ff0a15bc5388e8048228f24dbf16af,39443,0.0,0.0,0
R2_aB_m0,0,23,E,COMPLETED,9,63,6,3,54,9273f56ca65810adea5d3e72063b5ba0c04e35e9b94199a1eeb2e1c0a6c0641f,7fb96c66cb6e84b51e98facb4f6e5a1dfce03479b07a2b1e86556dc9159323ef,40128,0.0,0.0,0
R2_aB_m0,0,24,A,COMPLETED,9,63,6,3,54,46ea184d83a1704f96dbc658c41b995f39d77f2257ed7d85db5907068ffacf37,4274c0f1731bd367a023807ec88411cc08692d70fc21a663186d46545aa96394,38283,0.0,0.0,0
R2_aB_m0,0,24,B,COMPLETED,9,63,6,3,54,33d98fb92fb5161c7ffd3d92b4cf98eca084a8981025620653b723486e21ee4c,adff9dae1e558a3c4a902274ef867935cb51f68e2bc1d9ee6e57abb31624bcf6,38973,0.0,0.0,0
R2_aB_m0,0,24,C,COMPLETED,9,63,6,3,54,ac86fff87e1911645a79dff29e36d35cb1c2db976d6e0cdb328ebe27bceb3faf,79b64a45b4293d0b4a45cb1b3ab159c9bca70f6b67cdec631c419106dbee3b78,39396,0.0,0.0,0
R2_aB_m0,0,24,D,COMPLETED,9,63,6,3,54,efc1ff57bdf0fa3b4039dcf07fb688c120857ad29d9df23299f20e9b706e95a3,4d6d63d5ec244ceb04c7aaea89412e837e638adef6edf6dcb57f14533ab2bd73,39516,0.0,0.0,0
R2_aB_m0,0,24,E,COMPLETED,9,63,6,3,54,4a2ce61af72758f4b26432d48df079ec0608eefa295c5db2f7fa56ccf7795c5a,6d0a2ddb8fc06be2eba364112eef7a6e1398dccfb66927663800094ce1ecdf55,40135,0.0,0.0,0
R2_aB_m0,0,25,A,COMPLETED,9,63,6,3,54,28a05a76d6ca3d6786a87df61123b8900d5badcf02fd04f015dacf72182a4d76,e0d007d4eb481d2d0bf52b59de85d3f18db0467d4028b7bbe48face26d1fe92e,38395,0.0,0.0,0
R2_aB_m0,0,25,B,COMPLETED,9,63,6,3,54,252d5645aefedba3134825a6d2c9f60afa6dbade46e13fe856c02146752e636e,961a31ba51842a9c9a3ff6ecb699cf62699cfddccd099016bbc8701b5c21f0c8,38929,0.0,0.0,0
R2_aB_m0,0,25,C,COMPLETED,9,63,6,3,54,7978e951c03b56beb235ba4a705ae5154b00c7bfbeda696c9bfc1a0a33e02c61,fcafa2c29a542b510a24ed294297c2ccc555e464d2ad1fd68f56cedf14c30857,39460,0.0,0.0,0
R2_aB_m0,0,25,D,COMPLETED,9,63,6,3,54,c78cfb777cbce0f8ad56b45373572263bd549c4d40ca1d7941d064e484926ad4,6ef0e477cdbca7e057d09d7a937c0b208a51d2da3fd2ef125fd34bab3624ccec,39519,0.0,0.0,0
R2_aB_m0,0,25,E,COMPLETED,9,63,6,3,54,1564964372e0d9304926d86209107158d70015fd5519551399f176c64bb45870,33c8b941b14cd5575884b6c3c67d968c865ceaa709ce312f2262d961c3610e76,40174,0.0,0.0,0
R2_aB_m0,0,26,A,COMPLETED,9,63,6,3,54,151be78590a37b4b73f8ce6af537c835318621bdb0989fc0c3c50ccf99e11016,fab15d51387e222bc3e61fe5351f88424a80c52bd3b327bc60b95c7838d208e8,38294,0.0,0.0,0
R2_aB_m0,0,26,B,COMPLETED,9,63,6,3,54,cacd466fdb3d9e04f29725cef7d74847c385b6801c883b2d36a76d5d7ca562d0,91c89616b47d1ebccdba692f15f2174f123a03c1aa427179732891efced1d659,38933,0.0,0.0,0
R2_aB_m0,0,26,C,COMPLETED,9,63,6,3,54,b48eef920d6cd6a5d363a4e497d23a3ac374543684142ba85749be0f58edbe3e,69468e306eb3b3faca9325caca19115402210b8a1515247d10ceb1686d233591,39440,0.0,0.0,0
R2_aB_m0,0,26,D,COMPLETED,9,63,6,3,54,69d310ac48dd264774d01dc73f75fe19c9603e722aad6a4defc0efefc76ce775,6e9a58a122863216db01d882786dc548a1134b62320b39764ff15d5d84d0abcd,39473,0.0,0.0,0
R2_aB_m0,0,26,E,COMPLETED,9,63,6,3,54,848bf8b4fdfc8d71da5e6211f8852f58775205bac8fdbd313306a8e6a71bca88,5e5e9ecb969706f573349b5a9af6049a47b0face3d5a01b6ee1b728ac106c9ad,40158,0.0,0.0,0
R2_aB_m0,0,27,A,COMPLETED,9,63,6,3,54,88d2a0aee503cb1949b3887f870e44e074963536ac7339b1f544dd342247fea5,c235f4198f6ac072f294ae3350ce7adef08d9076c70aac5feb9f9810c1921a01,38387,0.0,0.0,0
R2_aB_m0,0,27,B,COMPLETED,9,63,6,3,54,9dc67f12ec7e08180c0fefb6cb35f2123f5765c09cc22f36bf68eb46ed134ccf,e7abc15faffd568d7e4606568a038bce2640bfa3e42844d586a2f88f97d050d1,38921,0.0,0.0,0
R2_aB_m0,0,27,C,COMPLETED,9,63,6,3,54,c359fe98dc3e5409870bedb70a7174fb7bbf74c26c2b5db148ba041653102618,98022c3647a02d55f6e2a1a23276c6743ae8668f4e11f5cdaff8a53d62b21330,39456,0.0,0.0,0
R2_aB_m0,0,27,D,COMPLETED,9,63,6,3,54,5e676f8a01515dbee3ca66bf3c6b4559d548da348980f10aded0261125655287,2031e1ad3ee3929ecb81829c4861aa8fb81aeb711332a73726b9ef0c24602304,39454,0.0,0.0,0
R2_aB_m0,0,27,E,COMPLETED,9,63,6,3,54,86df81ec95f54872718fdb39db07fb461c4acc1e1862c3a725764ce633b6f2e9,c9e36cf4fdc831eead424c778911d1fdcf3bfd30d4611679757fbc1d57659f1c,40091,0.0,0.0,0
R2_aB_m0,0,28,A,COMPLETED,9,63,6,3,54,cecb4aadff8f058f1290cd3277c29d74b964402d52bd705857e1d32a45f42025,fc4900d7b915f2ec02908a9976f6e776867c5a059129514c70d45acdf5f8f059,38357,0.0,0.0,0
R2_aB_m0,0,28,B,COMPLETED,9,63,6,3,54,5a23425874841d8c5dab61f817289a04904cb5bc0152ad25601361b7e062166e,d678319de791137ccf92bb75308ed4ee81f825192c1449de1c4d84f4d74ddd08,38947,0.0,0.0,0
R2_aB_m0,0,28,C,COMPLETED,9,63,6,3,54,7921bcb17782ab542b96d2a5f499e1931feff1850c964504e0a1e3fee0ffeb2f,d8032ec7de9aaad1867106ab9a83d18962bf6aa4a6c00ec24cd16f3bda070238,39451,0.0,0.0,0
R2_aB_m0,0,28,D,COMPLETED,9,63,6,3,54,18915fa899296f50eb8c257f1861dd9d71eddbb61f613b65a65c31d0decbf005,6c401cfa00ccce3bd2e40522079f6e812e14b4de7554f397a5586c58914f13d9,39401,0.0,0.0,0
R2_aB_m0,0,28,E,COMPLETED,9,63,6,3,54,ba5c83968b4f6c74427eb5766235b3b35a629d9ee35b3ac59f461c2b14d309dd,914df5e3ad3b8588b56ce0cc3716634b122b5466b95c64df372bd5b4f4666bf2,40183,0.0,0.0,0
R2_aB_m0,0,29,A,COMPLETED,9,63,6,3,54,714061535414c121f02a1878295cd04c9f5d60e8e1c31180329ac303149efb1e,7271686a25e08ea52ad0827170f4e51d58b1d766cfd2dca0c61c00c5a95250c7,38401,0.0,0.0,0
R2_aB_m0,0,29,B,COMPLETED,9,63,6,3,54,0d44899cbdd5cbc45ee87c8c6a9313d9b596404535447e5a9fdb843aa4fbdd9c,16769f513a04cd93a05bd5702d5e4fb86c5e7fc2ff998ea5ec0682ba6f9d3b41,38934,0.0,0.0,0
R2_aB_m0,0,29,C,COMPLETED,9,63,6,3,54,277c1cd4f079fc906a28658ffba0d3cb69573c67a76325053195a55d9708a9f8,09dcdc5b75ac86e53af97ae062bd631f760d9c51804acff62352eb00eb7a5446,39399,0.0,0.0,0
R2_aB_m0,0,29,D,COMPLETED,9,63,6,3,54,36e7421d08d4d70362bde4bc6c494ded82d3483610e7fcde08820e8bb61f7fd9,0998f75bdf6372c10acde753f4c9cdd5329aeb0b4845acd351f50d2032ea362d,39483,0.0,0.0,0
R2_aB_m0,0,29,E,COMPLETED,9,63,6,3,54,5b8db03e48e57a74fd66137e2c2a733763581636587f42a93c6260570534b5e2,7e3f22cf700db8b377e9b430097274a1ed29b9cfaaf3e5b3a847d81c73dd7cc0,40148,0.0,0.0,0
R2_aB_m0,0,30,A,COMPLETED,9,63,6,3,54,548a2a68bdec4400e55cc7e4ed0d36e77d7ad41c624b148be18894461b1119a1,42456bfd5b2e144fb336f28c1084bb95fb3099b5a7ce1e44c29bad0eac21d509,38345,0.0,0.0,0
R2_aB_m0,0,30,B,COMPLETED,9,63,6,3,54,765eca6edb41fbda884102fe93235dcf167c75c26e8410312da54d14a76fa4c3,f832708f2ae4516e52bcd8ac3ead8c434f79486f4ee529efd72754172669f800,38941,0.0,0.0,0
R2_aB_m0,0,30,C,COMPLETED,9,63,6,3,54,d326e7b7de1adffe18858c4643b05b9727fa3a2ed53283732d8cdfae2d0d7c8b,027f65dc557245332da057b516272d8e3487909e248880392c40aa1a1ad88d5b,39447,0.0,0.0,0
R2_aB_m0,0,30,D,COMPLETED,9,63,6,3,54,2fe8e106e5f48bcb35aac5335d0e72b95c48de0e78c43c02ccc590dc2ae18ef0,e6fefdc2cf4caa921d5ef8cbdbf5901c2424a06b5df2b23fed8e310d6d0db130,39430,0.0,0.0,0
R2_aB_m0,0,30,E,COMPLETED,9,63,6,3,54,e316754dfea81660b3eb055187298e3dd2b2ab3e7c983fafad2ae0341ef35d20,ffacf34906f42a95f87ee3dca46e43006dc70c569096432ecfe3343a94fce72e,40071,0.0,0.0,0
R2_aB_m0,0,31,A,COMPLETED,9,63,6,3,54,65a50d6f8738b3488dfab3371dedc6dac25e291c861428c369bbbbe33569ca14,f6943ed08aa10101de755fb22fcc757b059261c0184d0b8887c5ea59e47d6678,38351,0.0,0.0,0
R2_aB_m0,0,31,B,COMPLETED,9,63,6,3,54,9bd6704f1178952fb44135005eb207f02ef0d824301fb20ea1e17760ec8515a6,3c95ca7d4ff1c141557cd022d234f1db5318c0916b151cf2a8530248cbe412b8,38970,0.0,0.0,0
R2_aB_m0,0,31,C,COMPLETED,9,63,6,3,54,ca37f803e5ece2863f5cbb9815871ed850c5bc5ceb9f4382cab2e4fd9ecf221f,3ec75ca9473221f17f5f4f90651d9f1aac864f54e9eae66a9198a7394b06b708,39458,0.0,0.0,0
R2_aB_m0,0,31,D,COMPLETED,9,63,6,3,54,48850b5a64eac9afc180934d6fb82e219abc105de3f58af4848234aa385e9404,e851ca251bf2c34562f23033544e042302b437b16ab2eb1ca15e17a86844da22,39458,0.0,0.0,0
R2_aB_m0,0,31,E,COMPLETED,9,63,6,3,54,b900b009350724ac1d6668c343ee41d68ac7d6c0628a86c5efc33af299af650b,ce5efa28ddad8c341ab7ad87559bf50dff77f8dde15a6bc82d5a6f34ebc657cf,40086,0.0,0.0,0
R2_aB_m0,0,32,A,COMPLETED,9,63,6,3,54,0bb43f4e3655264410019caf59a1cfe5215fc25ac6b4a45a074ed803c9fa65da,84dec8f907bad7b44e4a4cad74c02041d25bc04cce83ccccbc361ba7f7c5e6eb,38348,0.0,0.0,0
R2_aB_m0,0,32,B,COMPLETED,9,63,6,3,54,d6d460c05591656f1d13103075d3fbd31e60d05e5aab294e02fa3eee47db7b23,9570f14c6c35dd8b354d55d2b4df863213c31f059e4609181363e327827a64ab,38885,0.0,0.0,0
R2_aB_m0,0,32,C,COMPLETED,9,63,6,3,54,85079d50be9e557beb69070f1c94253f09d80fa8140a18c7d25b9b769351843a,6e6594e291dfc4275ac686a7f5f39582652d088b1596850f76899b1d8f4d99d7,39415,0.0,0.0,0
R2_aB_m0,0,32,D,COMPLETED,9,63,6,3,54,9b81bb6caf76b44c5719de7bac423a85627913acbcfd5ab013b94ae6cf2e76bd,95d5052b128aecded84a273c8553bc17d4397a7ffd5f4015a133547eafaed9ba,39489,0.0,0.0,0
R2_aB_m0,0,32,E,COMPLETED,9,63,6,3,54,29c6fda93be5265aff1e0abac269333796830c2a359c7c2cc1f2b4ad99136c50,f6834330a936b738f5074d86236455c3a4bc66e7399e8be51ae446915959d602,40236,0.0,0.0,0
R2_aB_m0,0,33,A,COMPLETED,9,63,6,3,54,392a39b926cf07cb07e0f8834ec4336f9b7a9842fd7905217a492c069722cf3c,babb6b5105d3c9a5a22169f81749ab084cc9652eeaec6cb7237e838d88c82e49,38325,0.0,0.0,0
R2_aB_m0,0,33,B,COMPLETED,9,63,6,3,54,822333618a089e159646300111fac3ddd0bd27f301d2549b0969d8ddb774fd88,d1f55af8390b17161e47d102724913523f48179a6a17152cf6066b082cd7ad79,38940,0.0,0.0,0
R2_aB_m0,0,33,C,COMPLETED,9,63,6,3,54,f8f3fe53bd53fb61a3a4c6667fd32934281a910558909444eb642e53e3379170,f33bda1eb23c50df9d0252977749d8477be90999eebe447c17fbcd741157f0bc,39479,0.0,0.0,0
R2_aB_m0,0,33,D,COMPLETED,9,63,6,3,54,cde1a0bed8fafff7b7d25c08dcf606474c8acf8dc1764ec82808a0055cb860b0,bda92da342422b839fd9e187fb5a4168b9f31a791879534267f45970ecd7cace,39492,0.0,0.0,0
R2_aB_m0,0,33,E,COMPLETED,9,63,6,3,54,8399c16eb8077710f7b72178d13add35e71bb68cc2ffb7d78522a878b936a862,0a83826b59616d77fd7a2a3bf69683105c6dd1cfb85be6356730dedf53bab320,40143,0.0,0.0,0
R2_aB_m0,0,34,A,COMPLETED,9,63,6,3,54,a9d848fea819ba1fe16fb6198029675d101f0ca14e884e359e518ceb45c1dc79,d85b554ca7f33ef049773bcc2f9cf800b23314c1dd8772e7f13efc194f750726,38311,0.0,0.0,0
R2_aB_m0,0,34,B,COMPLETED,9,63,6,3,54,243104d20d04b31192a794536061f3b49ea41782c6723645627da2127fe1c33e,23cf9d469606bc1553a7f574c1c876e410aa9f285c75872d848af529a59c8e8f,38916,0.0,0.0,0
R2_aB_m0,0,34,C,COMPLETED,9,63,6,3,54,e1f3766d7471dc8536476f5fb999a1d82658bc3446b56608782e0a51b12ee600,bd8508f4e622688099deaaa73924e7b8735d67b432d708001ef558f9f985b9a1,39409,0.0,0.0,0
R2_aB_m0,0,34,D,COMPLETED,9,63,6,3,54,51e70849a289cbff38cc01c13a411a7dd6ae1dc654673b5db35819a5f8df97d2,c51ab3cbf4b43decbaec34edc7ddab0384150ba319e63f433cbe7ce47a3d04cf,39459,0.0,0.0,0
R2_aB_m0,0,34,E,COMPLETED,9,63,6,3,54,b584893bdd701c38b1a972424525c4250a2b4728f3579fa33c05e1b0dcb1ace1,aa993822fc62e9c7f98c79409096ecc8ad06ecd625cbe59110463adeab0dcc6d,40112,0.0,0.0,0
R2_aB_m0,0,35,A,COMPLETED,9,63,6,3,54,595321de134cb32784fd4902f70f6b8b0b876b901ba5f25c010622d916ecfe4d,c46345500a19980470937e21e734067ea9aa5d5cfc068b4c721a18c0fd64d630,38297,0.0,0.0,0
R2_aB_m0,0,35,B,COMPLETED,9,63,6,3,54,69d7e971ba8e8621fa6cac43dd02efd0f3e298a5b513edc7c84a0654ceb3725a,262118d6ea1cdae143d46638f87a413c1d53604af30a56cf38a93c95ee7e42a9,38978,0.0,0.0,0
R2_aB_m0,0,35,C,COMPLETED,9,63,6,3,54,baf487e7410484d643d1e7934925edb9ef94825839a8506066ad4d118ce7b45a,2cbeb253a15deda01c4fa0a23549140d9856ae76a25f53e54970ee5f73375e5a,39424,0.0,0.0,0
R2_aB_m0,0,35,D,COMPLETED,9,63,6,3,54,a09b8460b7a3282d63b1ce45988f4785a831351edb66799c4415c02dad946cd5,766aae47e8896a8b7323f2a50cd3d53fc6a38f654f77552fa92c2fa62725de57,39434,0.0,0.0,0
R2_aB_m0,0,35,E,COMPLETED,9,63,6,3,54,b5bb064996cf4d05a50b9d46bc8ebd6986798bd814d17221bf7c0e79e6af5998,8f2e1ff5802ea2ef3506f0c72819cd7f92e8857e81c3663fbc5805e9a86dfe2a,40160,0.0,0.0,0
R2_aB_m0,0,36,A,COMPLETED,9,63,6,3,54,7453def1d8e2b672b6dbaf075048e2e1619a35a9148fa4d1b253aa2bbd19661e,52d15fe9c71915955542f20746aa48fbd01ec8f5bf9153eb5e39fb12faed8e8a,38362,0.0,0.0,0
R2_aB_m0,0,36,B,COMPLETED,9,63,6,3,54,a25a5ec420a7a7e9559276dd1cc510e2ea9cfaa3c0050cd76ea137e0557ef7d0,04aa378dd8ab5a59600d1399ed6ced01cf1157a88b232de428e5ad027fa87936,38962,0.0,0.0,0
R2_aB_m0,0,36,C,COMPLETED,9,63,6,3,54,3a1e74d8d9b084c33ddf581ca66d6ea2782e0a0f766b52e189b1a410a1307d9a,eff98f1bb53e49026ffceb8a42b5afaf4d761388fcf5e99a14cc5cb4d9941acf,39435,0.0,0.0,0
R2_aB_m0,0,36,D,COMPLETED,9,63,6,3,54,cc8fcdc19875290a10e024d0c730cdd37dc3a3889203fd4c22b231a1b23ed41e,07e971d129f8dc4371fd06d4701f0121f74ef69b44b978ae92fdbc888725d274,39446,0.0,0.0,0
R2_aB_m0,0,36,E,COMPLETED,9,63,6,3,54,8d94e99a9ae27fbb3dfd2127fc28ec1a90345942bda45747e917f82904596d1d,d77aafc75abb7e71ba6cd00e0b28d1c047c293c10f4247c8e1d759de66f4ab98,40122,0.0,0.0,0
R2_aB_m0,0,37,A,COMPLETED,9,63,6,3,54,ed1dbb6ef39d1c97d6ba3d5e38ffcf0f20214284e3a50d6e119af5a168761a97,a7bc21ea1920d6d4ca0a831b9d774e82a2c0aa5d1b115a2a3335832cd96aa15b,38335,0.0,0.0,0
R2_aB_m0,0,37,B,COMPLETED,9,63,6,3,54,c2e49063fa5c30727d2fe6c1790927d31b206406a5288b53847dd1a37b79d80c,771d2083dd028674bcc7644739e297127e8ef3dc9e5a506a126398254c7812b3,38973,0.0,0.0,0
R2_aB_m0,0,37,C,COMPLETED,9,63,6,3,54,266504ed1a6f2bb447b4bb7b169a652f18513ee1740f48cec7fe5b359f10dcbd,dcf3dea46fcb67a63ed089de024c1a9e80f05f3d6426c89524b2bf223ed46409,39442,0.0,0.0,0
R2_aB_m0,0,37,D,COMPLETED,9,63,6,3,54,390599193e47d88a1ebf7285b2dd748293107528eb79476918f6ed114c38d0de,f59a7acdb48a91ec65e03dae1ce3c6121a3c35a336d6b61ea1eebbc6389bea04,39448,0.0,0.0,0
R2_aB_m0,0,37,E,COMPLETED,9,63,6,3,54,0ad97843b9a1c72afe4dd9f55f5b4f72d89d5db1e7a6427dbea51f15545818d8,32d07b49f8a3db95bbb4e6650ac5a7572764a40b29728f23acbec846e7427f62,40191,0.0,0.0,0
R2_aB_m0,0,38,A,COMPLETED,9,63,6,3,54,34533c56d912c84c25a02623ccbe5d3e6f46e7f54915e5933fbd655c5e1dcfe8,f7dd5eced9fa7c8f7d1f290244a09c43c7a21f15b0aaa35ae2059d3a2563231d,38386,0.0,0.0,0
R2_aB_m0,0,38,B,COMPLETED,9,63,6,3,54,545b110d3cc0fc2340d6a65c3cc89dbfef5191d30a435c57f72b6726bacbb0ad,e7232579354d1baaf651366b4774127e3855bfde06225f69fa5e2d7c57c62407,38902,0.0,0.0,0
R2_aB_m0,0,38,C,COMPLETED,9,63,6,3,54,e3060293e6c81dc779afa3c62a4ca5b91e55b29e5d68404bb8517d635355a94f,50498bfe9953dfebd9ab38d48ad19e7c76e34d9140437a92dabe13a6b2df28ff,39442,0.0,0.0,0
R2_aB_m0,0,38,D,COMPLETED,9,63,6,3,54,ed6b4006af2f1c3ed819c46e09e31ab25ae90ae918b8664c920b8e79937bc618,d5e3bfd7b099c54c9283a1cf2c323af6fa8d80a7b29d3a7f2cef5cc468cb7776,39402,0.0,0.0,0
R2_aB_m0,0,38,E,COMPLETED,9,63,6,3,54,d445f7be8f7884784c21783cb2cf3aff192e7940c0f6a4822f584be170f3662d,cb339c7c20dc30c10a747878ad9836b9db3e9d2575346d93d29b1376df52b617,40158,0.0,0.0,0
R2_aB_m0,0,39,A,COMPLETED,9,63,6,3,54,1514115d5783821965ac8d94e7aa552cd621bbc14e11979ee9d50aa8dd733cc9,0f053c9ec5b771792892a9b1171d4f41158ee4fd30b7782181321b81fca49790,38381,0.0,0.0,0
R2_aB_m0,0,39,B,COMPLETED,9,63,6,3,54,c359ed32c73a6ecfab68e50125032da41b39c7071156320dd6121dd31244411d,e63a72c9af2f77c6b729f64a722d75271bbb4d3feaeffca64a3d43f692203777,38969,0.0,0.0,0
R2_aB_m0,0,39,C,COMPLETED,9,63,6,3,54,ff226f266d7dbb8a4de761a2f98fff58d0ea39449dea44ee18ef904f3fced96b,c067eac267c9c9e3054b00288120c007782f4e6d44d5f0d67d16ade3b0158da6,39521,0.0,0.0,0
R2_aB_m0,0,39,D,COMPLETED,9,63,6,3,54,9f6e2da79ee5dcaa1b6aded1aea93d5e94d2519fd09f267c35f705b652288cee,d5e6be430aba478197bb01c61da896e412dc6b5742dc469b5f6e238e090fd297,39548,0.0,0.0,0
R2_aB_m0,0,39,E,COMPLETED,9,63,6,3,54,abc3416dc223c3bcddd99c19771aab915e0c014b9b56d9471d828dd0c12677a1,3b23bad449b00e45cf3206a207753a37138d32955a49577c8d19a716eae63888,40195,0.0,0.0,0
R2_aB_m0,0,40,A,COMPLETED,9,63,6,3,54,067e538e79626e1e05b04bae799d5f0ab147db6bc8286f0d9224d8c1cb2016d8,390bee23f6617693b167f8f5375905903dc2f776e25b29bda8cacf691a4cbae5,38351,0.0,0.0,0
R2_aB_m0,0,40,B,COMPLETED,9,63,6,3,54,4cbc0e7450c41cad5212a1267f7b146b7987fc6d77a2c4acb1a78406c58cc73a,8a3a8ad6bfcb2a4c60ddd585abfcb163e934b502e8333f939f1793b1d34b668a,38925,0.0,0.0,0
R2_aB_m0,0,40,C,COMPLETED,9,63,6,3,54,e8c8f3b8f7f6712127a5be93a7b64b047f718aae06f839dd00ece7c9c7fccd64,f036ef93183d1b1e203212fdd4ef24bba5fa48bdea26dd2f0cd9897286fd178a,39407,0.0,0.0,0
R2_aB_m0,0,40,D,COMPLETED,9,63,6,3,54,8021b8971e51f09569747bc3cecf79225bf6e9c05c53e4227b7adabc7afbbe8c,d98908ad97402b543911a72a3d53cea482e7aadcd0c4c1439a28a58dacf3d734,39470,0.0,0.0,0
R2_aB_m0,0,40,E,COMPLETED,9,63,6,3,54,cbb3f5cfa4d0cea613fcfafb6e59759ecc727508f21cc342d9c47a9f5e7949bc,526bef54b53453e95ca60f7454d014000ab6cf81587d8505db87b6f207b22d97,40166,0.0,0.0,0
R2_aB_m0,0,41,A,COMPLETED,9,63,6,3,54,5543b701e5a306ad1c9e8c41b2ecb321a38a51e0d823ca92ec2b40ad227e07e8,7f37e16bc8168594306ced43e81cfc3b75757719648fde65de603efd63dd8b56,38355,0.0,0.0,0
R2_aB_m0,0,41,B,COMPLETED,9,63,6,3,54,88e261d09ee45d0b31067164efe54bd94157267b8388413f1d516a0b1b68a0fa,aa4ebf9d512b36348e478ebf3328ffc4c00353e2c0c83f47528f43e6e930292d,38960,0.0,0.0,0
R2_aB_m0,0,41,C,COMPLETED,9,63,6,3,54,cf2d3a2ce86e483e1141b4ad3a4fe3ddf54e61e9c4639a95d1cc79e5b0e85517,71115e54de47bb476c6d8a31e475331a18180dd769c49af49ca9525ad662974b,39443,0.0,0.0,0
R2_aB_m0,0,41,D,COMPLETED,9,63,6,3,54,d98fd757ecbc63b6d11a0a21e3b7076a11f7f94fc77c5e734095d81bfd5e04b2,4dc3b8f6250b03af962d772177dc6599332567ff17bf382b2374f496fa566a35,39496,0.0,0.0,0
R2_aB_m0,0,41,E,COMPLETED,9,63,6,3,54,6f62f39ab7e07a9027cc9cd28ede1024683de5fe5fc594724d8650fea0efe84a,49805de5b168e3820049e8f64ad96e12544146e99e9c2823041f6cd81a02fe04,40136,0.0,0.0,0
R2_aB_m0,0,42,A,COMPLETED,9,63,6,3,54,61f42a18b8f966c5635d6f774eeb96fa2e71fc22e6450532bc401e2f7211368a,860a1eb12e5c09a1ba04f07c9af36abcb3517fe3da814dea45b8bc820b9e50bb,38337,0.0,0.0,0
R2_aB_m0,0,42,B,COMPLETED,9,63,6,3,54,c46aa8187c9382316657aecf3a97de0822aec5944f037d9e87040866b3883711,c5c0cfd53bdefa63bab13c31eebc89067b51283dfe3ea6fc25716b126a13048b,38898,0.0,0.0,0
R2_aB_m0,0,42,C,COMPLETED,9,63,6,3,54,f3f7fd8d0c67fa54ce8392a3354216d448cdb287e6c44e28728cb52223e439e4,59ca56f042b00bb011313068d4a2884b7c1a4d852eb10224fb05b6c7b7f04e92,39440,0.0,0.0,0
R2_aB_m0,0,42,D,COMPLETED,9,63,6,3,54,68539557f89dde0840f8ab750f685f5b37ebe687b7c8792a915b9139a6c81e38,8ba69f8240ede472cdf2e9d962fbe46c7492e08f5dc8f9f0a1e3b21b545d67c8,39417,0.0,0.0,0
R2_aB_m0,0,42,E,COMPLETED,9,63,6,3,54,a5c669f60b9c5c160c50a23221d5c20f2a6c6b4c8b0690a7c2368fdf9d052b31,89ec70646d5ea1e9410652cf4c86574d40d2aa51a68002390b1e52500353d1ba,40094,0.0,0.0,0
R2_aB_m0,0,43,A,COMPLETED,9,63,6,3,54,83c19a764219a459bbb5d6056864c1c822dffae89fe4189ba7ed4988198373c0,3fef556b1f1d177e0c90719b38983635078c5e895f7369bf7e10bb093461c614,38345,0.0,0.0,0
R2_aB_m0,0,43,B,COMPLETED,9,63,6,3,54,9ac660b8290db143e9937a0a4a86127b372ff538df8a693310d6ce9a991a605a,77c2ac3f788972403d9e5434582ef5dcc3ff3c4afdfe0c2ab546dd0993a8ed11,38910,0.0,0.0,0
R2_aB_m0,0,43,C,COMPLETED,9,63,6,3,54,2f4e2ea31199f9de5e5a257561ec7d7cc538285b14e7ad2d1acf4581e57fe146,396c6610319370b25b6301e36d6683354ef3c8edfc25bd3e2eebcbd36a21b3a8,39409,0.0,0.0,0
R2_aB_m0,0,43,D,COMPLETED,9,63,6,3,54,ff1944df1bdf9168196c33072e8a0c7c33a7f768483f916040102834bf94d1ce,90e150bb5358b99231a2c05eeb4e1dc348768163b1b0ef92560f66f940561cc6,39447,0.0,0.0,0
R2_aB_m0,0,43,E,COMPLETED,9,63,6,3,54,a01bd79cb40ef4f96cd320ad7160c498d65743ce19755c110cad6eea9826a4c0,897208bc01ad23ad72d71542dee7d73e53cd9514095025268f9b28e791874095,40117,0.0,0.0,0
R2_aB_m0,0,44,A,COMPLETED,9,63,6,3,54,55bab2e144e7141d25a0135d1d1b42157dfe0f8dcf0ccfbf222c7e8e8660c02d,630ca8a9ebd2d3cabd8cae14b8debc652207b0ccc610f0a81d06fda73c9fb21d,38298,0.0,0.0,0
R2_aB_m0,0,44,B,COMPLETED,9,63,6,3,54,6ba222f09218d96e16b258f916c7d2de9c344306197c26d07130e3e0768e4ae6,7366c57361530165147d009f96d168694612ffba7142902f18751f86e37a35c6,38978,0.0,0.0,0
R2_aB_m0,0,44,C,COMPLETED,9,63,6,3,54,92739b66f702aa2d57b387fb449ae3a471eeeb16eff3e15203a4845a44ae6b65,a913420bf41de6aba6b43c58ddeda5dabd84c45cede03b6fa171a75049415295,39377,0.0,0.0,0
R2_aB_m0,0,44,D,COMPLETED,9,63,6,3,54,d2123a1fb59f2d29180a9f98b56f82ce6f8326d03bbb5390301bcd5f9e29d9c5,63643eed482b3605e08050c66039ec46215964567c43b9b9c496a4bff5a24a69,39456,0.0,0.0,0
R2_aB_m0,0,44,E,COMPLETED,9,63,6,3,54,d736c8f500d07874e2b83ec4ea04652407f3223a5f9eedd30eee02d143a24cfd,e132e599c9be8d8ae0350b30e463eeb2b10fb40368a81f90875cd8bf4299de93,40143,0.0,0.0,0
R2_aB_m0,0,45,A,COMPLETED,9,63,6,3,54,70f6ef2d12734a9febd3b652f826bbf008a79b9a12f3bb3a887471436914ccfa,5e7077435fea1e7163963580a1b46070d119a54e1dc08e2fe2090008c83d634e,38380,0.0,0.0,0
R2_aB_m0,0,45,B,COMPLETED,9,63,6,3,54,0dc821c41512894686753752d2b8d810e729b036c8ef8810ca9b95c7f6402f1c,d6a59cee18a6e9bf7df5beb732aed79c201c07cc59e36796f5e02506524cc1ec,38970,0.0,0.0,0
R2_aB_m0,0,45,C,COMPLETED,9,63,6,3,54,5943f4dfa09f0f22e0b64bc26eb07a477db1c6cfed8e0b96a02746c599c36f1d,c44b92f74c807af0440e2ea3a7c8a20ca65717469185c1a408d37a39576bfa9b,39454,0.0,0.0,0
R2_aB_m0,0,45,D,COMPLETED,9,63,6,3,54,4076f78c837211f94733d50555918a1f2277bfe6cfe190e2f57a6a7cab20ecaf,a95e0354553b2aec15d286ac343c9edf7a2be5004c285be04d414c5671bd8b5e,39473,0.0,0.0,0
R2_aB_m0,0,45,E,COMPLETED,9,63,6,3,54,ad347b4fc9afbf1dc13d6a1f85e951d4fa3c65168eebd2eb40e8d4b2f5dcc9fa,2334e348ff179539a98a116615704c01893f37827f4d6d4fc2089b549b89b70f,40100,0.0,0.0,0
R2_aB_m0,0,46,A,COMPLETED,9,63,6,3,54,34ad90cf707b5a88a8b1b04ab260ef5d8c575fb441f69322381f59fe076864d7,5a0477b94287e2c1748225d529d2509da67d770245434d0fc54d2fef7972f9a4,38379,0.0,0.0,0
R2_aB_m0,0,46,B,COMPLETED,9,63,6,3,54,68f8a5c60465d06f35493c76ec1c4bb2d0c014b73b7ffdfb4a3d122685b2a073,d39f8de43b4ee4ff6ec946e23850a37ec13f8f73202c79b7693d1b3040906573,38942,0.0,0.0,0
R2_aB_m0,0,46,C,COMPLETED,9,63,6,3,54,696c6287e88c708c0d142f4806847be7a0e2beb1d83c61490305f69db69ebe26,0baf3519dc9693fea958095a2e919fef9c7be1534db4ed9d46cf0f57b7833c62,39480,0.0,0.0,0
R2_aB_m0,0,46,D,COMPLETED,9,63,6,3,54,aa589249cdb0bb911d0467d11d656098916c923ca500b7d83b78ecbdab3887c7,4eede5438293b81ee1c0403a6c488dafef37d974d68ea93d31ce3a06181c2d1b,39450,0.0,0.0,0
R2_aB_m0,0,46,E,COMPLETED,9,63,6,3,54,40b831ed1f97cded8c17ce62f0b9b518bb3879f02ea74079930e4b51cc85db1a,fe6f5bfd674ed29ec3600cec64d498d12d513c4e4dd298091008195e9530db9b,40153,0.0,0.0,0
R2_aB_m0,0,47,A,COMPLETED,9,63,6,3,54,d451f4c1b035848c36d37a2ce4097b03ec393df483e816b2085e09383bf3650d,6b1e6088d0b52f668273551fdffc4193f45c3c50487f44ee733d79b7070fb79f,38324,0.0,0.0,0
R2_aB_m0,0,47,B,COMPLETED,9,63,6,3,54,4f6b642e4fc561e3a061d83627d9ab540a4727e1bb17d08d613646399b14dcf9,e8f90337b29604e994990f9d9c16ee8beaa302c28303a4540f39874b2905b434,38973,0.0,0.0,0
R2_aB_m0,0,47,C,COMPLETED,9,63,6,3,54,d724e2b95e649b9b889cc9354de084266f398f7c4c09ec6233db0023cdf88a55,7aaadce3406c8d34e831d149ba2df3193f92b24635f747f491f70b97b8520a09,39425,0.0,0.0,0
R2_aB_m0,0,47,D,COMPLETED,9,63,6,3,54,798a04d754a430b7ca5923a0e13b739bea01e44107212f756fc76b66ec7148da,1d273623d93dd3a6c6ad0759ba4b3c56820994ceeebc6533413501782fc9b60f,39466,0.0,0.0,0
R2_aB_m0,0,47,E,COMPLETED,9,63,6,3,54,4a8a3539ab3dc115a330a1e32426095d297e326fe2db4dd064d60b1b64dfab0e,f5609398c8f4367b62f1ecde52b0f8e8885cce48ccad941c6f1a3a24619d5640,40157,0.0,0.0,0
R2_aB_m0,0,48,A,COMPLETED,9,63,6,3,54,242d170b971ffd3384ab253b4b8dc76b555e96d53a9c1f4caa93ecc9973326ca,7057a18f2c47b5da76866505c0dccdb080f2ea82d08f0ca106879bac681385ed,38367,0.0,0.0,0
R2_aB_m0,0,48,B,COMPLETED,9,63,6,3,54,67db4e9d170696ae059daead32ae7c8367be7f245ca3d05504ec72409cc4b9cf,c678958bfba4609b26e507dacc633656aef693151e4b315801e2917636dd1d9f,38882,0.0,0.0,0
R2_aB_m0,0,48,C,COMPLETED,9,63,6,3,54,9e9ecdc02df5b6b5b91ca2de1b4ce94fee43d6be58691df50df0bb48c5eb8703,7bd0973edbb149d335bdb5e1eb710567cb6f20bef9b06bcf07d3e626a5436c5e,39473,0.0,0.0,0
R2_aB_m0,0,48,D,COMPLETED,9,63,6,3,54,20d2ff3734de65af3cda3b56c547e8dad51a5d078d3278b1b32a76ae8b6b1df1,717a7de3df49e95bbf2eaf3634580509b4f212fcb4b47bd381dc30cada2b8f06,39416,0.0,0.0,0
R2_aB_m0,0,48,E,COMPLETED,9,63,6,3,54,31d3f5c50f034a6176c6b96f77601260eef8ecd025b18a1114ec64ff488034fe,d0ffaee437854dc7ccc5e0ef007fe18ac5fbace896d8216face5210c121266bf,40135,0.0,0.0,0
R2_aB_m0,0,49,A,COMPLETED,9,63,6,3,54,b75e1928c8c8b2b0d00dca3cfa5e3b687c169ddab375bb0380ab51fec5f2d41f,889d01561ae650954955b90cbf12a583a9050757637279aefbbc0c1cf575c739,38298,0.0,0.0,0
R2_aB_m0,0,49,B,COMPLETED,9,63,6,3,54,dc496112e7113b44ee42c39e450eb5769c2ef037aa46e688ce857d0ac3e3c3f4,84161b5d58840c8db1d63a736f5569d50cef7e9043da210c8a8da35e10347d7a,38935,0.0,0.0,0
R2_aB_m0,0,49,C,COMPLETED,9,63,6,3,54,2d5cbb84e3234c76ce851fe270ff436f791e834956b592f8cb8ef9c344deb5ff,081707ef8c234beaaaa8937cc9790901d20dd43ada3a60b9238d3600464bfdee,39417,0.0,0.0,0
R2_aB_m0,0,49,D,COMPLETED,9,63,6,3,54,1850a5966e29073e7100826c8e26ebd373834410ac808c7406a7eb6255cd38be,8cb60402105a538cb1ca6a3d8716077383e1507a844c9feda5dfb90b41ea8ee7,39546,0.0,0.0,0
R2_aB_m0,0,49,E,COMPLETED,9,63,6,3,54,a53fe9498721b05546e493fdb42a3f40a149910c148f30cb6a7c7bdcfae016a1,1293b047b793bc6b6c040833c552a8cdbba5f1faddaca203d298286b96ee1935,40139,0.0,0.0,0
R2_aB_m0,1,0,A,COMPLETED,9,63,6,3,54,d3f1c2ea63e8440601489a4cc240e0a3251ac74e3bdf2af4b439426827cddf9a,023b0cba4efe1d6debd4393fa51b2fcddcdf8ae4c66abee4ee87f5d0a92ce7a2,38308,0.0,0.0,0
R2_aB_m0,1,0,B,COMPLETED,9,63,6,3,54,d779aa53ce13af4903a2abbe8326d0e60b4b5ee7c8f4fc9a21d4e801c8dec564,fe30ca5cc23587a7b64cea269d3d94635c2d5376288a5b0d9ca38507a3d1243b,39012,0.0,0.0,0
R2_aB_m0,1,0,C,COMPLETED,9,63,6,3,54,665790846c8907f48cf20515a54913ea99f82e4c01b41af52028dedb1f4819ec,a35bff583e114db000f9d7d807c2c9c0f6b07a7897a3b0f78857b3203af45be6,39446,0.0,0.0,0
R2_aB_m0,1,0,D,COMPLETED,9,63,6,3,54,d1b37dbab4b7354e9a651c3a24c4795a1a2d9d7311002909bec484bfb1f25d48,8855856e49a13474d5d218de4f7138a38a509c7ba6e2b3e214bad654a26df51d,39432,0.0,0.0,0
R2_aB_m0,1,0,E,COMPLETED,9,63,6,3,54,f880608fa6a922006202aed51a4718f3c360a89aafa95ab75f884bd485e4702b,9b63d21ff9573ff43444893af28ef9510f389da2ca95c24dcc45de9bd3f40062,40151,0.0,0.0,0
R2_aB_m0,1,1,A,COMPLETED,9,63,6,3,54,e197016fbc2576c0407ec6e200249987c443dc77867862d4f73bf79589271607,495b625d2ec283855836fe1f321626f725f2c159506832269d8425190582ffae,38291,0.0,0.0,0
R2_aB_m0,1,1,B,COMPLETED,9,63,6,3,54,fba45949192412de54ee99cb3f4ea25b7be3918815540fed609031d226519d05,bf611d29d4e9b189c8457c9a89977f217d9c5af35c3f247cd878ce4af908095e,38903,0.0,0.0,0
R2_aB_m0,1,1,C,COMPLETED,9,63,6,3,54,850737bf6bce953bca765d298411fd28148fc626bba969cee2099f1fb623fce4,22e0e9b6fae1528452449846b98f35f0e28779fd4139627db744dc7bdb3cb1eb,39443,0.0,0.0,0
R2_aB_m0,1,1,D,COMPLETED,9,63,6,3,54,c78cc13892e39855ce16e49d1853d806d6dd4053de21e4ad38fba28d0f227c5a,070cc7bb3b6314303aad716c8dde8a5577f19e71f83ff133bce55170b3b0bfec,39420,0.0,0.0,0
R2_aB_m0,1,1,E,COMPLETED,9,63,6,3,54,1ad233dced75693b06593fae81b15338b41d1ed86ee32900077b567b6d65a103,f40361b162d9ff8f5797a3390e4496dc3559daf81ef0269d838b8df571737823,40188,0.0,0.0,0
R2_aB_m0,1,2,A,COMPLETED,9,63,6,3,54,eac737a4a801b8e335b0bdee735fc513d9f8478b71ba07e4af26b89e095e9759,d4281b8834507db9cdba8c843e0017c76eb61405ec260c76c2acd456269de992,38346,0.0,0.0,0
R2_aB_m0,1,2,B,COMPLETED,9,63,6,3,54,4d0495d0489c4593a98022cfd258741fd3164db46f8b6b4d11f44cfe03e68e25,dbd24d3271c2de42d40c67856b6e70dc92f4153d3dbea3e6a8471c7d3500d8bc,38921,0.0,0.0,0
R2_aB_m0,1,2,C,COMPLETED,9,63,6,3,54,6259f23343e52becb8345f18b082e66dcedb6bcec642a551c677af3018d3f695,b59c862d2715aa48c9797bfc11ee9baf78c2ac458c28b255e54df3ca6babf0d5,39456,0.0,0.0,0
R2_aB_m0,1,2,D,COMPLETED,9,63,6,3,54,b6dbbf139641570c737b04496fa6aa9860cbb25d1145c90c25a1d39aaa935330,b05cb7b95d9ce3e4aa3ecc1c9903872311336acb454e49b5f12199cc6eb0e9e4,39473,0.0,0.0,0
R2_aB_m0,1,2,E,COMPLETED,9,63,6,3,54,09bd903b3ce04e703a816b9609073106a00fe39fe38b5e9e61724e990a083452,a2d7185ee8f8273f20486c23085c9c651569556c0745aa50ee786a009bafc244,40140,0.0,0.0,0
R2_aB_m0,1,3,A,COMPLETED,9,63,6,3,54,5d75009e1464ccd9424d708552cf00bea6ceb529b2a011b1acc4a479c8b62cb0,fa428e4c83fcb3af918fe6676cee121af928758deeb129e10c1b828c6eb285ef,38297,0.0,0.0,0
R2_aB_m0,1,3,B,COMPLETED,9,63,6,3,54,88eafe625f6248f508423ee2b6bd911f80c59d1c28eb0dc1f38303bd688e8e10,55d3545e97bc7181ca0ef8401adebe860f85cd07b9bc067660083143aa4a5e97,38942,0.0,0.0,0
R2_aB_m0,1,3,C,COMPLETED,9,63,6,3,54,6fa65c723f68b7fda38d290339435f642f97083d21e277ec45e862d606f3572a,dccc8cb3fb4f50b0d3618544d26128eda588a5df7b3974ab1f6ab13294d2fbb6,39414,0.0,0.0,0
R2_aB_m0,1,3,D,COMPLETED,9,63,6,3,54,5ea0211870c55364f5ef0a830e3ef0addc3d4644c0cee770b8f1be8742e98ceb,07874dfd080258e3c61fc434a090ae8738411454d4ebff406a323f25959415e9,39416,0.0,0.0,0
R2_aB_m0,1,3,E,COMPLETED,9,63,6,3,54,00e247df30bcd3675ce61a0905d205e09ba7e01e9b30934c05c565fc3af74065,2c3b2ab336417396005f07beae3e0002925eca0663b7aa685f70e797ba2d20e2,40114,0.0,0.0,0
R2_aB_m0,1,4,A,COMPLETED,9,63,6,3,54,33d8bd3943bb1ddcea92ada1879eddfcf5b336bc4f9118540c1a3e8da32af7af,51dca54859270e7a42ac34347573ca54bbe00ce57294a6b9e427607648380c30,38293,0.0,0.0,0
R2_aB_m0,1,4,B,COMPLETED,9,63,6,3,54,d814e91b047233d061aac55039f2975a95c76e429057b2db9850833b46170cb1,ce6657837abfa89ce9d79b05a0f1385bbc94b2c0c1ed398f88fe65a43c092cfb,38955,0.0,0.0,0
R2_aB_m0,1,4,C,COMPLETED,9,63,6,3,54,d74ecf9bc33e435d4fec33b6f00258481eb69f3c3443996243b88d38c2b8729c,2083aecc44bd2a2ac2508f535ba126f408038377b25ea86aa0dcd7a7095d30d9,39444,0.0,0.0,0
R2_aB_m0,1,4,D,COMPLETED,9,63,6,3,54,469fe5b871bfa15ace7ca1b6b8a169fa915fc37894143866a914007a0857a6fb,b4b51df7aa7a8ac3ab7a998bf1df2e1bd9a567c546adacce37a11c23a95273c9,39467,0.0,0.0,0
R2_aB_m0,1,4,E,COMPLETED,9,63,6,3,54,15f3f355ae1d30e77da0ec38f751334224a94e8963cd37e9cd40ec25075390e6,1f58461b35cef40f61b813bcdb5212cdfc77e703b87f1a16c331e9afa13eb565,40149,0.0,0.0,0
R2_aB_m0,1,5,A,COMPLETED,9,63,6,3,54,af2a28569ce3d93d73b09c98e00b2df1bd7eabbf5ec41c5608963059fd86884e,ed484ddd4eec2b83477959eb8c77d356aa999ff70056aaf914fa9f4095b02f24,38345,0.0,0.0,0
R2_aB_m0,1,5,B,COMPLETED,9,63,6,3,54,46763a20aa0c4a074e3883abd61d7409fb69e588ab603d8a279e29c260479192,d939a0b424e5ee635a3c6291ddb41ee63426f29c0a9e470f94a0d83b581b1a3c,38991,0.0,0.0,0
R2_aB_m0,1,5,C,COMPLETED,9,63,6,3,54,8aeea7cf216fc054dca8af889bce91ed356fb26a2f49a0b69e23eed62da6c742,7ce4bb957e056019a5dc05a201d36517dc7436aefe914cdca1601661036900a5,39407,0.0,0.0,0
R2_aB_m0,1,5,D,COMPLETED,9,63,6,3,54,3f44a00e3df2aed5e7a9130c0d4cf4601b08f6622fbe875fe0218e3e4ee53da4,02f6618e11e54961975526bdeee69943a0899eb6155ae20d5265d6c85ebd5040,39487,0.0,0.0,0
R2_aB_m0,1,5,E,COMPLETED,9,63,6,3,54,0b50d419adab77a8bf421b5a7fc919bfee8eca59febf4623dd493235fa769f42,8d1d6c617d034e6cced7ed6328ed038c3260ba287323bec6d1a672b4357b2ba0,40107,0.0,0.0,0
R2_aB_m0,1,6,A,COMPLETED,9,63,6,3,54,9c5e5c42fea9522b4029d55deb7ba74608b7424f8e20c5cd8d558c9b83461571,49afbc851679d9dd8949c8a8f6b135b969cd7849333776250879569ca01d294d,38339,0.0,0.0,0
R2_aB_m0,1,6,B,COMPLETED,9,63,6,3,54,c077e0b02ecd9ead4ea5d34f2095c61d2dbdc1f73cbc48227da38dfae04bb1ea,b829fce528191a64bf56fc3340c688ea62f2f1336e15a57039496c2f8406e1f7,38854,0.0,0.0,0
R2_aB_m0,1,6,C,COMPLETED,9,63,6,3,54,410573d992ecd7e3fde3c3658991b3a016faeec37a607cf9a1164e15dda78ad7,21a7b8945c7f8eba11f5b63e0e22623ff5c83a688638779a00217a95808e968e,39398,0.0,0.0,0
R2_aB_m0,1,6,D,COMPLETED,9,63,6,3,54,3b5672c695576e184f37eaa3a4b4a377904eb38e5a1637fde475501f23512406,058376b0fc1da3b87aa502fece63a343c9967461ee9dc6b91dca309db22a3882,39433,0.0,0.0,0
R2_aB_m0,1,6,E,COMPLETED,9,63,6,3,54,a28458dce3302d564d638bf2e48763626e30780792888f3c339c1138cdbc41e5,c8083f0939365b5b078a195b119b0e0e021eae4653309f25f7a685657dce5946,40145,0.0,0.0,0
R2_aB_m0,1,7,A,COMPLETED,9,63,6,3,54,4a729e1abd5da3142b050c9dd6094f8808ba7e541a8983511d14a0e8c560e26e,5aa995090b74628033756f97b631551cacd2ab772d03a93392a95e17ab11135d,38310,0.0,0.0,0
R2_aB_m0,1,7,B,COMPLETED,9,63,6,3,54,e1e3a80d8366fd9c84a311bc85f8e2b3ed9153b5a1b94087e81d33882790cb7e,4663e4caf06cfaceaa92a4c5a62d8803cb6a685d9f1d85945baf33eafb9e0cf4,38909,0.0,0.0,0
R2_aB_m0,1,7,C,COMPLETED,9,63,6,3,54,58a022defe508c34250bce0bbd4d833be96a6bc71498c7c3acacf281f7319fb1,babe4fa4aa44bec94fc6f641dc1e22e3d5ad0a53cdfb84f421388f8908db5e56,39416,0.0,0.0,0
R2_aB_m0,1,7,D,COMPLETED,9,63,6,3,54,4d3cd6d2f950e6e9f221269f0e9c39915b2552111cc7def3a5a29b2d0f91b09b,fdda75943c2576d56b9e1c1c61272b5ca5a1bb50bfb74f383e57cb3ce295f454,39401,0.0,0.0,0
R2_aB_m0,1,7,E,COMPLETED,9,63,6,3,54,b65bae9fe9873b4edde9b8ae8ffc08146322dbe367c5c1cc93f6f92aa700d07d,83583bf6cf0b5282df1672fb11e19fe8c1cddfd4a0e4da40799615dc7ca796f8,40131,0.0,0.0,0
R2_aB_m0,1,8,A,COMPLETED,9,63,6,3,54,4fe2ab51aedcd11b51bd0df35c52ea84a8f1cc1d6b4228434ff945c3b667847b,3da19dbc0a200f25c7abb0cdc4a8ee0f09e7d2667f46ccb1e4c01afec10603ba,38389,0.0,0.0,0
R2_aB_m0,1,8,B,COMPLETED,9,63,6,3,54,53f37a636c368e55c7230bbda4efa959cb495e9e5e35154b1edd8365e8c278af,bfde0eae99a92ccaa67a4271bc0571f34e80aaf818c51517c0cbcad5de4bf3f7,38907,0.0,0.0,0
R2_aB_m0,1,8,C,COMPLETED,9,63,6,3,54,35e859e6675cb73e939971242005ce2dd6f705aba210ecc9fc0e88288c61be6d,de2dccb10419a8f3261b5b000e4aeefcde5260df6875f17ab35f84f684472b91,39500,0.0,0.0,0
R2_aB_m0,1,8,D,COMPLETED,9,63,6,3,54,59e903bc2ab2b7472cbd5ad4e69cb990619c8e773617e7cf22a5393fb7a99838,ed4d61f57449b34e1ba48fe2fac7f65a5d9a0f8f8fca0b7d9ccc1148257960b6,39387,0.0,0.0,0
R2_aB_m0,1,8,E,COMPLETED,9,63,6,3,54,5e7a67e86b56101eea4cd46ea5041aa8562ac6c317211f712832f778493d412a,2787ca2d5d465ddd17a802650fb2fe3fa67160bf9a757d11d48c2295204a7f23,40143,0.0,0.0,0
R2_aB_m0,1,9,A,COMPLETED,9,63,6,3,54,7c18d0ee0a346109216d9057c0af49f5723517459e7ac08b96574c734d02462c,de27c325f4d07f6423f3850483d1e5398103f54cb02ab9793c213a7665c67eae,38338,0.0,0.0,0
R2_aB_m0,1,9,B,COMPLETED,9,63,6,3,54,08d4ebca25f7e5a92c244e1b9f9fa5cf44a8a3c46ec3c5f5912299874501122e,695c715eb2887e22542b29978b01cf0ec140e1fe3be0810054d74b04f63cd1d3,38870,0.0,0.0,0
R2_aB_m0,1,9,C,COMPLETED,9,63,6,3,54,f7ade7e83992eee4015f6771c4752e151b7c1292e28e6f5ee115813d3a4650e7,5dcaf5c45400507b4968e408ff833e142273220541da1eb023b986a881b95368,39370,0.0,0.0,0
R2_aB_m0,1,9,D,COMPLETED,9,63,6,3,54,28ae213876cf3ac4d7095cb525aee748c56dd1ad23540877f973ecbf59cd5f6a,3574ed1de20ada074177ea956099404e2613269f52900abc480bda80ae449fe7,39408,0.0,0.0,0
R2_aB_m0,1,9,E,COMPLETED,9,63,6,3,54,1e7bf1abe46986d9f535181218e4943b875f644256e9d01a4057f1c722dca5a6,6db2c655ff0c36e879c7d451d8568788e75137d1b0cb797e0bd0bf8dda28bb5d,40070,0.0,0.0,0
R2_aB_m0,1,10,A,COMPLETED,9,63,6,3,54,19080a1477896e1a1d5961abcf39293da6a111710cfadc4db2df199578bd0783,b16a439125317eb4b61c926d7f186fa04a8f45df107a849dab3d3a0a8084c9de,38328,0.0,0.0,0
R2_aB_m0,1,10,B,COMPLETED,9,63,6,3,54,a4897a20269095d3c018d928a9d061a029b3d17cc29571a3bbef1fbac69723b1,73dcdcedb14d5cbc8f679916bf3c76eba9e4dfe3a8c2e7e995b99b99f920ec54,38922,0.0,0.0,0
R2_aB_m0,1,10,C,COMPLETED,9,63,6,3,54,a9a6ea214ceb5b29e7d966e01d5f35544abe1d92b3d2653012f92212dd6ce528,7d9bc093adf7d606c4f6362ed8201a0305d378878c8265fa9a01fd97994ddbd5,39400,0.0,0.0,0
R2_aB_m0,1,10,D,COMPLETED,9,63,6,3,54,178a44bef98eaa13d6c11b287f98bb8e9f057c6d5cfb63343b0bcef154e879a8,75d0310b61c77453f1f63adecc4a02104c9a9431028a514ed61415d68ff7f730,39428,0.0,0.0,0
R2_aB_m0,1,10,E,COMPLETED,9,63,6,3,54,983f1b6f4139bb41e630e1cd1afb243fa1f433eec9b9ea64c6d2bad94b5e24bd,92dd97b413094d3d99ce1d7a6a31d0f4aea28802fc8f167909f2836cceb24c67,40095,0.0,0.0,0
R2_aB_m0,1,11,A,COMPLETED,9,63,6,3,54,1df7261fb00eec851a9a0dc11f57fda11661a67007be6a6b49a86a02aaf90e29,b13d2afc3c5faf37a45a99f4de9144a0c94f938addc3929a5e98230ad1d38f94,38308,0.0,0.0,0
R2_aB_m0,1,11,B,COMPLETED,9,63,6,3,54,bdc66b7acf31dfe808c9b05eb84f8d86590f05067360f8bbbe67067d74ef96cd,573a4121d0da4e3f196998cbe33d073d72e68f957f5976c0f00b0b2784c4d409,38934,0.0,0.0,0
R2_aB_m0,1,11,C,COMPLETED,9,63,6,3,54,261df607277ad40a58a952eb26240707fe2353d31a5403265f5c02639c50ccd0,f65daa70c003ea76c4d9024501eb0aed30208b3f1a5bee20708932ccc4849a95,39449,0.0,0.0,0
R2_aB_m0,1,11,D,COMPLETED,9,63,6,3,54,744c716f397ec9eb1be29bcdb59bda947927c7ad88db3d795e94002587808c87,3e164d561370e3d25e39cdb120aad4196e8f899a3dfd7397103aa62c7b57a570,39440,0.0,0.0,0
R2_aB_m0,1,11,E,COMPLETED,9,63,6,3,54,68cefcd094386f8c273ddea72be0986f962b14c67fb1296059f38a091b576b4e,947ed53bb0792f04bc29810a06d2a3b31dfa604098bc754fff5c33e5231c9d52,40138,0.0,0.0,0
R2_aB_m0,1,12,A,COMPLETED,9,63,6,3,54,0014ef5fa4646f828dd434d0fdf290e73f579e7c359eae848e04fc6af595a14a,5a875a10761b120eee4ce6356fd13d46442d0981447e6e695db5bd54196fdba8,38299,0.0,0.0,0
R2_aB_m0,1,12,B,COMPLETED,9,63,6,3,54,6b8104f00a454fccf8a5b7d37ea9c4f8697ca70f69ed5eb16d48fb642df528f2,949a53231a8a71719a7a89b599bdb3641638d5f3ae6a116d9ef1b08cac0a0357,38943,0.0,0.0,0
R2_aB_m0,1,12,C,COMPLETED,9,63,6,3,54,9c56ffa466e2ef5d28c47fee5f065afd2122438a27d0e44061117da891198bc7,5942271bd6489e56cf1722855eb56ea76c65b5bf47618cc6731b50a873975b2d,39383,0.0,0.0,0
R2_aB_m0,1,12,D,COMPLETED,9,63,6,3,54,411b5e5532512fd5c356173126766d4f0498b9513ba41c8ba4b81ab7251276d8,757d91e141df5f2f93c5394ca4d0083ab71b62da0fdbcfd989cc163793c51f4e,39445,0.0,0.0,0
R2_aB_m0,1,12,E,COMPLETED,9,63,6,3,54,9d46f3a0bf06298c35d0c944543afe390fe9fa4eb95b2fa7f90062aef8cf8fec,573f870b79806bc3b8544e57372ea90295c25ae4c6c306afa1558641f330049d,40141,0.0,0.0,0
R2_aB_m0,1,13,A,COMPLETED,9,63,6,3,54,4e55943a4caf99a5935c0d1432fc27cac798fd7ee7fb37cc294f20381beda2aa,bed3e41cb2c114d2fe36925308f8248f8e0b316fa26fe705bed102c93c8e51cc,38376,0.0,0.0,0
R2_aB_m0,1,13,B,COMPLETED,9,63,6,3,54,a877e64e32a098fb5c98d4eb0579c953150cc385af52bc6263cc7eebbe627475,e575bd7192f1b5f94bc17959d3daa54b6139e0b1b0c9d8ea0a6792e295df9494,38922,0.0,0.0,0
R2_aB_m0,1,13,C,COMPLETED,9,63,6,3,54,9c63c0743f1405b50e41ab893d2dd7c9f64c342cf49e82c6eab896736d53ba86,f96e944a429c360f45294f0411124fcf81ca5fc0e955967db058071bff838c14,39450,0.0,0.0,0
R2_aB_m0,1,13,D,COMPLETED,9,63,6,3,54,00d2a9892ea11c429665e7a72b54bb29920fa392f4d7d1622a053b108e423f69,94eb1e90ab2abb2d6cfe0e1be38220e5e945b354c69a1fe25475e1474fe9ff89,39459,0.0,0.0,0
R2_aB_m0,1,13,E,COMPLETED,9,63,6,3,54,c3ba72092c91c6b19bc71ec1291de20d060f5be5228c1808032789853c64b412,3e826a85a06c77c2a586b0f14e2bd7b35e2760ee99e07a48ac3ac8cab50dbae4,40163,0.0,0.0,0
R2_aB_m0,1,14,A,COMPLETED,9,63,6,3,54,f2bb601a2e326ddaf591732c2b808e475252b6e8fcd5b50c07d3ce0b926060e9,8eff47bdb01267e0204b506df65803d2158bb169778fe979e0b39fda5901598d,38374,0.0,0.0,0
R2_aB_m0,1,14,B,COMPLETED,9,63,6,3,54,d3753debe1f59ef261243b31298141fcaef08d40097c044153a42f7c3eb0e1a9,27a12c6c246f235d9554ca94280ba8b302e025f48a728aea880a199bb3e0b3fa,38857,0.0,0.0,0
R2_aB_m0,1,14,C,COMPLETED,9,63,6,3,54,0288defd635ba85f40ce991bd4cf28ff5e6b5fbbce6eb2b493cbb91337683e95,378fef857088a8b4d68696fe1fe9965a561948af50cdcc9095c632a5ae678641,39472,0.0,0.0,0
R2_aB_m0,1,14,D,COMPLETED,9,63,6,3,54,e1736e730e21007ac8a2d5c81d85db07902e9175108047d6fd97f054700f9038,b9e42de01382704fe3cf1170cd0d63eea2c1c7cce5f0f065700cce875b153ab0,39446,0.0,0.0,0
R2_aB_m0,1,14,E,COMPLETED,9,63,6,3,54,75d1f938beabecfccd650b837e8a11f5ef384f3b40776fb55ce7b958a51945f3,1591a85716d37a972d7ecbeb3e86b1066535f361f79a136d2d08ad4709c9cf81,40188,0.0,0.0,0
R2_aB_m0,1,15,A,COMPLETED,9,63,6,3,54,0976972b92a23b96cec709acdd07a30618dbfa2ed93d53658b420ceeeb5ffbbb,723b410e3fd9adc4aaa97c9db90e36a1a8b4306f92c43ee7cff6a4b66547cb9b,38428,0.0,0.0,0
R2_aB_m0,1,15,B,COMPLETED,9,63,6,3,54,ca0235d219a7c20542dbdc7248ab7ad3234e1c8b1d694dcaeeecc324283fc0a8,945b77eb2a312b95a0346e649db7317a84dbe71ff4d24bb94c165bd5b5567f8d,38928,0.0,0.0,0
R2_aB_m0,1,15,C,COMPLETED,9,63,6,3,54,6c654c02ebd92eae0db17f50edb7cfca660ca61933b8347aedd9d3629678271b,d208d0d4466f4f600dd423aeec37ea6dfa676645df2bda685678cdf56f3a201f,39453,0.0,0.0,0
R2_aB_m0,1,15,D,COMPLETED,9,63,6,3,54,42a6abf8f5a59bd2d51f51e5a23d61e87136895dd220106b9fc58c88273f08c4,9d98c14535f0e16a5073f008fa5de0ae6a5b276f0582c9650c2828653901cc12,39388,0.0,0.0,0
R2_aB_m0,1,15,E,COMPLETED,9,63,6,3,54,1f56d9637cb19d14d3f4101a52ea328d40575c02d2b41cd50558de73c4dc0c47,9cc437b606cd9b67ae3ac033ec49177c3a3fb39f09fbdd99e4008dadd1bd8e02,40171,0.0,0.0,0
R2_aB_m0,1,16,A,COMPLETED,9,63,6,3,54,360df5f749329867ce8cc8bbaf3678184829a9cbf76ada8cc53582341033893e,3dc8c9ac4e478dcc7bed572b0df224d36a1c4c6c6f224d8f9ed93811aab6e35c,38365,0.0,0.0,0
R2_aB_m0,1,16,B,COMPLETED,9,63,6,3,54,8953dc5e71c2f89b17c8d2b654413af2ce679e8be90592bb8b8b6c442c0cc4de,519a2fe807ca1a7bbdc71ad09ba5c4ef74d8f39114069afa11d260500c5c730e,39011,0.0,0.0,0
R2_aB_m0,1,16,C,COMPLETED,9,63,6,3,54,5986bd2e4b2efd4d199cc9319dd223cce5f0195dde8b8e9da9ddc5930834da0d,c9f52a46961d82a3ea09dc44daefa68ca347a8cecaa84f27ad6032c9c5ed8d39,39400,0.0,0.0,0
R2_aB_m0,1,16,D,COMPLETED,9,63,6,3,54,a972a710ff90b7482dff749a21bc8ce5e808ad666c780f5e0753ac77848b8cd3,33b550aaf6a9e8dd8f6f1c4ba17b5498a7e555b6eb052b86f27a5e80656b6f75,39427,0.0,0.0,0
R2_aB_m0,1,16,E,COMPLETED,9,63,6,3,54,16dd5234c6b7d87731c197a2fd1a8e16dfcb286c8af15c802d45dafc4c7b3bc8,c9cf72f989adf4953bdfd4ddcffb0b43102bde1a58866907e3a7b0076740638f,40112,0.0,0.0,0
R2_aB_m0,1,17,A,COMPLETED,9,63,6,3,54,38317fbcb712d9657697ea9c9f6fc9cebae571ced6947518f7e25ed10e18de11,68deec7c0de3347a2175dc3d184631a377a823e8081346c90b9e223e1cdb9086,38343,0.0,0.0,0
R2_aB_m0,1,17,B,COMPLETED,9,63,6,3,54,7ac5ad381ca44d5bb9fcd46fe2937fb731416675efc0ada6d81bef94a9ca0f7a,ade00f49caa26a47bf211dbff6c3e7a3037055d76f729b029592282ac63f199c,38926,0.0,0.0,0
R2_aB_m0,1,17,C,COMPLETED,9,63,6,3,54,a190ff2603ae16cee1a5bacefc0e31bc93214ff728b99513c2b8e9a7bb067aa5,0c45e28129e35046320e0dc07ce6f3551f20a799c7e4014fb545e3d45ad8c138,39455,0.0,0.0,0
R2_aB_m0,1,17,D,COMPLETED,9,63,6,3,54,ba8a1c2c577544c48f71a757bc5daaff4248a8b5e81ca564ca1bc6fa3f1e7f61,fadcc2f20eabf5f464090bbed81447dcafdd655554cbfc7296ba709c0db0516c,39443,0.0,0.0,0
R2_aB_m0,1,17,E,COMPLETED,9,63,6,3,54,0ab5709ac44634e8f5439fce172d120a63639a5181f9675cafcbbbda89ca3e5a,4a6aaf8327d490879237344e570d5336c7ffb3778cb0b7b426b7934cf5a04a85,40133,0.0,0.0,0
R2_aB_m0,1,18,A,COMPLETED,9,63,6,3,54,01dc9953d9535e7fb54904c46bd8a4d6c9aaf34df0b3565246891dd22fdbb062,bf43c8332bb129fb2ee12c2f223b7ae1a437ccd9d51d45e057bf698ec9348cef,38339,0.0,0.0,0
R2_aB_m0,1,18,B,COMPLETED,9,63,6,3,54,6b115a73b373061dd6fe42dd6db4d8659e85d062a393c5e11f4d673ca4062a1b,f10db7fcf513ea3018f7c5094674898058865933871f3af9d542116171781189,38967,0.0,0.0,0
R2_aB_m0,1,18,C,COMPLETED,9,63,6,3,54,c8ecf3be28146b591129963dc7d983848bb18ee93dd18e00a9619b7412fd9a7e,92737b0d5bf07bbe85f4d9f110e9755757182bd2738457cdcbfae8b02c1da0e8,39433,0.0,0.0,0
R2_aB_m0,1,18,D,COMPLETED,9,63,6,3,54,fedf66c0c1519089cb37b44167044ad1b2153e072a5638c593918bcdf1d15a38,07ecd6c0893c37ae76b4d8c0a274969b579f940053dba34c245ca63f73b641b3,39513,0.0,0.0,0
R2_aB_m0,1,18,E,COMPLETED,9,63,6,3,54,cd6a2d546e2ff7fe627d6e40485db33b972fa1983cdca701ac4c02cc4071b63d,b6d12beb2f5554aef92f65b455f457d59fa2024d28131871682298667954ae0b,40115,0.0,0.0,0
R2_aB_m0,1,19,A,COMPLETED,9,63,6,3,54,fea678bbc85f0215813bd42459b04040382ee08e4773872f9d159fdd929ba1ef,d2c994c5780e301298eec3e772f67458ca215ffaa1094449c96a2f632ba4dca8,38319,0.0,0.0,0
R2_aB_m0,1,19,B,COMPLETED,9,63,6,3,54,2b8b54ad92f01adfb8edac40782cce5a9d1b3de62c670e380f96c934d3ea2ce3,0596ce86c63256cd48e3e2182ca54a095608a46cf1eecbf7ac23f96b2bbf2dfe,38889,0.0,0.0,0
R2_aB_m0,1,19,C,COMPLETED,9,63,6,3,54,c959a2e71eb013d091fdb2212cd72cc0693288c29f9f0f513b6287c97c91710e,dddf53c5cb1d52f5aaf5aa45564e1c5882e94b8de0a74d7dfc3f44d05d66e613,39433,0.0,0.0,0
R2_aB_m0,1,19,D,COMPLETED,9,63,6,3,54,79af4a32cac1676db5bfea12cd22063620685f1b9693bd3ac5925cb602629d49,c0da9e3cfd5ba9cc7122978321c451dc4fef4f832856b953168b8caa56bf2959,39434,0.0,0.0,0
R2_aB_m0,1,19,E,COMPLETED,9,63,6,3,54,b1858521e11210294726f293db17423e0893b75ead0ff40dba7fe5b90026eb13,c9df7edc67d0698c5c8fd8fa9008f1a01798101277ce7d5bbbe8c0a19bc10b9c,40118,0.0,0.0,0
R2_aB_m0,1,20,A,COMPLETED,9,63,6,3,54,c8b2e7fa8c96df30549497295f989a2defc54d262d101dbe7f06567c549cdc27,92039972930641cfb1e329ba39692ad9b7230bfa57e6bdd71e8a62b3f7ead498,38341,0.0,0.0,0
R2_aB_m0,1,20,B,COMPLETED,9,63,6,3,54,ad169789cfaf7e6e605a5d72724798171f05566f1d8a42772760f4207f31f88b,9b6ee85198b3edec0679ac048c94a376cc3a9f16030dac82c6ade1049bce01ab,38971,0.0,0.0,0
R2_aB_m0,1,20,C,COMPLETED,9,63,6,3,54,31ea79d9be3220fc289acb98de3f9e27abbbb839936213b1b1493d332bfc8706,9291a3b416d401ca00f2a0f66c9812640556dbf8f6c71c412bfe40253e164c3d,39396,0.0,0.0,0
R2_aB_m0,1,20,D,COMPLETED,9,63,6,3,54,1ffb0e33b4b9494f417223bdb3f056978c793aff7e6024b6ec2d33b220b60f05,ea2e33ccfe60b6ce98480d93db0f2a4a4ff7a671ff6e05c11657fe7d30eb59d2,39459,0.0,0.0,0
R2_aB_m0,1,20,E,COMPLETED,9,63,6,3,54,109318bab134514c1adcdde79c89cb27e1898308432cfba4269d068310ef567b,93b022bfc402fb3752f4a3112b82c242962fac1ee0b3dbf40472e91e2af859f2,40166,0.0,0.0,0
R2_aB_m0,1,21,A,COMPLETED,9,63,6,3,54,08a263b60bf230a923c3cdc2466f590bde7b9b6e15b43a9ef867a2d389c5404f,725b2530477da5ab917318b680645d61d41f1bafa192c73d4d884198f87f88b9,38354,0.0,0.0,0
R2_aB_m0,1,21,B,COMPLETED,9,63,6,3,54,bfb2ed2e4895b71092352cc4dd5352ec8e08f8a722639c38979112d45cefe795,b51c6ff5172f5f056870f2a38a880079ccd805eedb2627c4395eadcdc01a24f3,38894,0.0,0.0,0
R2_aB_m0,1,21,C,COMPLETED,9,63,6,3,54,d2912fe50eec462a28495e93fb2e985d6cb16b9bf8fcb069e5b771c106fa807c,471e71ba9defeca243d52b397a3dd539eaa6343f7e68a58d3ed6f582e5755d31,39457,0.0,0.0,0
R2_aB_m0,1,21,D,COMPLETED,9,63,6,3,54,2d95c7eae33110eecc4f4df43f301dd6513828664745559275cafadb5d8a8551,ada4e2cd6a557654714700753036c7ad1019691da78c6a244ef1b2a645243693,39409,0.0,0.0,0
R2_aB_m0,1,21,E,COMPLETED,9,63,6,3,54,27631015a34956f9d65e2223cd15ba47670cad1ee82848d85d17f66f7cee4d4e,41e26ac8f196127db557f433304eb9b40dca680fb55bef8ed08fdce909a0b061,40132,0.0,0.0,0
R2_aB_m0,1,22,A,COMPLETED,9,63,6,3,54,39ad86af9a6433059bd4650997afd9dd67f25f2e959a95e062838e57db853ed5,8cd49503e5a76d261211ace447ccb09313505d5b41e8f58c916e3aef1271e5fc,38374,0.0,0.0,0
R2_aB_m0,1,22,B,COMPLETED,9,63,6,3,54,68a938f5b3d820779e9888386008d62efe616cf00f077f6d85f1c3c0a5827a1b,1510a28dec1d0c9b7cd57f1ad67d4a324b355ec1c9754781ec56d98a22f673e0,38928,0.0,0.0,0
R2_aB_m0,1,22,C,COMPLETED,9,63,6,3,54,60ffad3274461ae686ad2b9d17f31c163367b3106f41b098acf86866c044619c,a17217f3ad7913ded220358622ef36a8711db372f234ac6c7c6001734fb6e403,39454,0.0,0.0,0
R2_aB_m0,1,22,D,COMPLETED,9,63,6,3,54,eea114bbe644653cf56d3cfd4b7f777e4408b4ea3815a394c7cd9b013e151dc7,7b68a1a0ae5d8a887dd26dedd35ffa50382147a72dbb182809c79d9ddcf0fb1a,39458,0.0,0.0,0
R2_aB_m0,1,22,E,COMPLETED,9,63,6,3,54,c3052b287cdb26bb5068ad0ea89f5f319fbef3cbe1d7a83482c8430cce57a538,876e0f60c23313896f20807305dd218f09d6a77b1668c3a5fa7930458b0c6683,40153,0.0,0.0,0
R2_aB_m0,1,23,A,COMPLETED,9,63,6,3,54,6dc288ca340a5435e4713c8a9540aad3a084e14c0d58edaab13a24f3daed6c84,945873287c506b51f6af37e3e76f87f6440748f4d5829badcd141b934007b713,38307,0.0,0.0,0
R2_aB_m0,1,23,B,COMPLETED,9,63,6,3,54,fd23bbcc1af86012017d8bb78d86a85838d664a3ce29301a3c3031be4ff69ee5,ecfdd47ebd2a9d5d0681fc3f6b54b52785eeac158f2fa3f8a67a06922e891a5b,38913,0.0,0.0,0
R2_aB_m0,1,23,C,COMPLETED,9,63,6,3,54,38292b5d66506f81d8759bccc3a491ab64e9d23ed59bedb30315c3e8abe30862,44dba71e1428fca983cfa69d4e67829054093a29a6dd0c7a3a3e202a7600e4b6,39415,0.0,0.0,0
R2_aB_m0,1,23,D,COMPLETED,9,63,6,3,54,6133305b789d2e7c8c649eaa2d713ff22a642bed30b7993ed720b0218f8d68b6,3447040fa6b6d55c1933993a7a02ee25b5d770a3a9884f167a3708b208182b35,39440,0.0,0.0,0
R2_aB_m0,1,23,E,COMPLETED,9,63,6,3,54,ffb8f8dd28acd1e9243e9a3c56e82ab47d9a8f6b40e32501b093f3f8edaa3b31,6468930e589e1c09df6adbe3b546ab9122d4db961df9149a2a720bbce7390a21,40100,0.0,0.0,0
R2_aB_m0,1,24,A,COMPLETED,9,63,6,3,54,adac5fa44b424354f1e137000a8f96c7b1f65d3dc02bacca4219d0b6256cf3a8,dc3d6f3ef8d9c147368b2551abcbdfa13092ca3b93bf7f186a6ed592f844c5fd,38322,0.0,0.0,0
R2_aB_m0,1,24,B,COMPLETED,9,63,6,3,54,e448f7e4118de5b376c03e49c588ab81ec42281e1845fc80b183d378d770a33f,c14c30fdf4fc53967e0ea55de87985fa1631328b96537b79d8a153fd74bcc33d,38937,0.0,0.0,0
R2_aB_m0,1,24,C,COMPLETED,9,63,6,3,54,7b25e586dd85e1c80d91350123c08bc234fd0096f07c26dc4207eb99e6ff6928,355d36ff214496d1550c3f96a808f6b1831708763d028ea6fb9dee5e231c3904,39461,0.0,0.0,0
R2_aB_m0,1,24,D,COMPLETED,9,63,6,3,54,98d37652f1a1453efbcc9f03fd5bc9b0605b74a1b323a4b9814f0888752f39bc,6d65f1d25491026befb1d58ea9c9146b54697f8aae6dc68e5861b9b349eb7d3c,39451,0.0,0.0,0
R2_aB_m0,1,24,E,COMPLETED,9,63,6,3,54,98f6932e08fe52bf396e99996e6e95e2d6a3ecb033022ae4628a42a31b63bc2b,698cd82b07ab52523d1db465c44ac199047e10bf28fda1323f460aa02a632626,40190,0.0,0.0,0
R2_aB_m0,1,25,A,COMPLETED,9,63,6,3,54,0a77df57194e4c40a72cecca72275cd6212ae76eddc28b6f8c3d37e074e52044,e992c53e0f39922ab52e38b04b5c0b1d7891897cd8b8336cee3c144cd5fea8d6,38352,0.0,0.0,0
R2_aB_m0,1,25,B,COMPLETED,9,63,6,3,54,eb1f4e2829a0aedd738d2dc653ca519ab9804e24b75a4d16eaa8b3dd40bdbcfd,c37f3310b57089ab2e67b6a5b737b09682e8cc45036d30bd179f77e5bd6f5779,38877,0.0,0.0,0
R2_aB_m0,1,25,C,COMPLETED,9,63,6,3,54,68651f85a00bf9d3097a10ab7d078ca0a0a68d34be2b604a0b7c1c8eacee6993,1b7e1ce53c3153eca3d312ef2c08c22a5271aa867ff861945d3f8e72785b95fd,39445,0.0,0.0,0
R2_aB_m0,1,25,D,COMPLETED,9,63,6,3,54,ea11a0b37201621f0c9c3202951bf75dcb3d957e1aabfd260a88442a6f4243da,c05a67917abb453895452a66383114f7bec9228ba452088ae064fcf0f2116d59,39509,0.0,0.0,0
R2_aB_m0,1,25,E,COMPLETED,9,63,6,3,54,2603ca549aaa39922a4f8cce8c993a6ca9cb13dc2bf295db506c1011109ecefb,86cd1f13bdbc45ddad431ab02cf46dcaab0b9283d1687dc55a1a1f36458282cb,40106,0.0,0.0,0
R2_aB_m0,1,26,A,COMPLETED,9,63,6,3,54,e720964df150a8d910842489cee686e2ec5d7a6c9723491297b2121390c60e6a,ca7ae8d202c0d0d0ddddf15bef52fc21df06683ddee3534cc5d9c8aba6e49894,38303,0.0,0.0,0
R2_aB_m0,1,26,B,COMPLETED,9,63,6,3,54,d7c5f5978dd906afc22cf3449ca7044d73bc14b8fc0e9fd59df360455014f4fb,07d7f5d474a3c3c1b4a29e91d1d909a7ad8b53bf741b6500508e45e150a63ea8,38986,0.0,0.0,0
R2_aB_m0,1,26,C,COMPLETED,9,63,6,3,54,da6636e574595a6c95efa83772797da291c832cc1e65a2bac8c41ee8b4035e48,5167cc422e7400a1cc8baf87bff96ce870fa12e2fe1bd58c368dc3496cb837b7,39485,0.0,0.0,0
R2_aB_m0,1,26,D,COMPLETED,9,63,6,3,54,86f37db2f54b292ddebfcd8ca1b7d054574586d36f762984b56d31054c9a1b37,473a5bcfb7e45eb32526a034278a95746d2ca969ad284a9275f4f3d4936046c8,39451,0.0,0.0,0
R2_aB_m0,1,26,E,COMPLETED,9,63,6,3,54,b43d3a41e3387f3b40f939966a493bd9737ec51f600d67684741eca53322d979,3f6ac99f2a6e172edbce5ad4665fc0d35836437a793722c719465115070958b0,40089,0.0,0.0,0
R2_aB_m0,1,27,A,COMPLETED,9,63,6,3,54,c21569509c97b7ef63848462fc5bb2cdd2691c94941e8c72739a7f50d2177786,404ca69c7d01e2ac62edd898a6bd665ee18953df6e26e7c5e7925b9bd7c3f846,38350,0.0,0.0,0
R2_aB_m0,1,27,B,COMPLETED,9,63,6,3,54,0d209c999fe28ad439741ca169f45cf968bae5869009e169c843a0e509b987a2,49a15bef8dc37c44b74d5b0ea88e567901c22cea5038d5fa142ad66f128000c1,38963,0.0,0.0,0
R2_aB_m0,1,27,C,COMPLETED,9,63,6,3,54,8d820ba8b3fec71e94ecf5221ae019e8eaba8cd672a83584b1d3619d29ff2a22,c382a503a1c387e30b711d462bb73580a05f2c07b182bc80a26caf71c16625a2,39479,0.0,0.0,0
R2_aB_m0,1,27,D,COMPLETED,9,63,6,3,54,5e5c55105b9d48c858ac054fde05c8a1782c815c3f66b1e0ffe6afc699a7c281,3126a80b951715907b47b10f4ae93dd59fac828f6e1de3394976cb13489d965a,39458,0.0,0.0,0
R2_aB_m0,1,27,E,COMPLETED,9,63,6,3,54,1579e7d6d61544e27995b5e3616c7f8e60edd213f6685e3ffa99f754bc0127d3,09a3f6c0895147b9fc41a530e55a31e4a2f032a1444143d5903dfca36dc94346,40109,0.0,0.0,0
R2_aB_m0,1,28,A,COMPLETED,9,63,6,3,54,544e4cf92ccc1c6d27f186d1195984e5bfc95ae522b4589430635911f6dabf64,d2c61fc9193f48da04554ecd7d6c2892260376f3b4eacd9e6f841be4bde0f35f,38353,0.0,0.0,0
R2_aB_m0,1,28,B,COMPLETED,9,63,6,3,54,2adbbd449de2fd70d7d7f8d4deecb8e49df493d764a26205b845f01c7b1313f6,695e38b0bf10ca62d9a1f14f80f37273a22e685310645eee74d5d70cfabb7883,38878,0.0,0.0,0
R2_aB_m0,1,28,C,COMPLETED,9,63,6,3,54,d38566e1ff7e6a2f7a4dcf06bccc1ee280df1c948277f3842fb2e08ac9e2706d,20c32075d1919e191acf3b8389141b52897216403667c1107042596ff313810b,39453,0.0,0.0,0
R2_aB_m0,1,28,D,COMPLETED,9,63,6,3,54,ad19f7bd7adf8eb7629fec607990048ade4c2deae0b88a7de707ae334b3c0e0c,1939ff1026e6bbe4416cffab93dc6fe3e1eb3d77c947f86a8753698c69706a5a,39463,0.0,0.0,0
R2_aB_m0,1,28,E,COMPLETED,9,63,6,3,54,bf802bde388a2ff15204f543389a4fa6e549cc1e3430fe85fa63509af274b099,10f4b24811c7bc225a6fad2dbd531d52a24d097227fdd5478a281d0de10a2a7e,40109,0.0,0.0,0
R2_aB_m0,1,29,A,COMPLETED,9,63,6,3,54,6cbdc99fd9421e6d65ed45ca3f10e607e0c21adc78b7f787c500317d5dec521a,7a6595b88b5c52d2a4ebf4113d9148d3a147fa8e6ac5f18fce2d2ca7f91b6ac5,38334,0.0,0.0,0
R2_aB_m0,1,29,B,COMPLETED,9,63,6,3,54,4f0ee6dcf2d6f657340b73725e447efdeca01f966381d233f3fc024657a8304f,b1508f8e08af4add4274ac6d9485c0e4cf4e11f9741f425688e6a7be4b36e7fd,38942,0.0,0.0,0
R2_aB_m0,1,29,C,COMPLETED,9,63,6,3,54,c6761da259e23cb7856625c280aaa0d9678ed2e7a25e73c35a6803295d134890,ab5e20de54656dd95060f13bad7c59cb6f6853d1dec047d115c69a0027e03466,39434,0.0,0.0,0
R2_aB_m0,1,29,D,COMPLETED,9,63,6,3,54,d5d6b1729ed4ba158377169d2aba566dbc3d4ef6e167fef522f1729a010b6d45,c2176e56a91e30a705f48cd2f12028df37f2e09f48f99e19160d6dfbfe7ef97a,39503,0.0,0.0,0
R2_aB_m0,1,29,E,COMPLETED,9,63,6,3,54,d87295148a750778b873bed5d6f0ef74edd43b9fe9c68a29362d153c9f5b6401,12390738c6367888e84093b6f4bcb2522d82ee685a7cd06957068a30b32e8515,40145,0.0,0.0,0
R2_aB_m0,1,30,A,COMPLETED,9,63,6,3,54,2fd2abc7a6a0e65fd972329d80ce27ef3eeac1d4b3fd6207c639346b0bb103f3,c9540a83de16ef0ddb63689accaefb33ce8ba7fe25d3da0c50c5cd3c9fe43514,38304,0.0,0.0,0
R2_aB_m0,1,30,B,COMPLETED,9,63,6,3,54,f5c6f0c13cd9cfad5ee3448e5d38f66ffe363d063c02ef21170c7cb8b6acd94b,5bccf95e7523a5bfccae51ace2c1e95eaebb865884211aa592dfe117b6a33318,38895,0.0,0.0,0
R2_aB_m0,1,30,C,COMPLETED,9,63,6,3,54,15a7b32c99957d932728106da512360848581249d172c70b78b8435beab85651,8c8408dbfdbec7d867addcb252dfccacd14cc23509af39738a7ee0d0e28ee896,39452,0.0,0.0,0
R2_aB_m0,1,30,D,COMPLETED,9,63,6,3,54,166f611a1aeff70f31f132319a199d19e16811c7aac6a120ec9326efedd0f8d4,d50dad3f5b838b70cf274feaef2e2f700d2e62b5a44218e4e9a23e9959541b09,39411,0.0,0.0,0
R2_aB_m0,1,30,E,COMPLETED,9,63,6,3,54,f9a5182aa75f1793283375822d450e0bd7ead89707392f3fbc5cc078c64583c5,57ca6b60a68d6cc6950b6ff544367ae77c3c710f54a1cb6307f8d1993776b523,40087,0.0,0.0,0
R2_aB_m0,1,31,A,COMPLETED,9,63,6,3,54,03b539fc4d0dd306c1166edd77ef9b343826028b8b28d9f8a787f4f6f4090448,10dc62cf4bb49a826e1ada702fed3c1877fe137d656bd701f3b75b394bb7d6da,38305,0.0,0.0,0
R2_aB_m0,1,31,B,COMPLETED,9,63,6,3,54,4189e1fb6173fc5cfe153163b1ae5c58714c0c2162ea6fdb782f627cd4c26837,99c8b7ef2a58e18645e19e7bd7738d7bb2b16642774342d2db46155b1d624f83,38887,0.0,0.0,0
R2_aB_m0,1,31,C,COMPLETED,9,63,6,3,54,f0c5ffb237d0e153ea2106969514d895cb12221515b7c21fb55bef78753877a5,7749a6b14425544a6f7a72445e19b871acc96016125a3214b7a426ad167c5147,39397,0.0,0.0,0
R2_aB_m0,1,31,D,COMPLETED,9,63,6,3,54,078e29082dc165894ba026ba48159297cad8200c57883e159ef64f77325cecdb,5676b5e7c8a2cd58be31827cb955bd81d99498496f7d3ccfc47f77546c4fbe77,39391,0.0,0.0,0
R2_aB_m0,1,31,E,COMPLETED,9,63,6,3,54,f3bd8d894d63e7e4f79d43f55f58ab17812baff8ec8415028ba980d7aad4cdee,1580e4f585ef7a5da8497f543dd4d29305c5508e2fb7f56fe3621681d5eeed1a,40136,0.0,0.0,0
R2_aB_m0,1,32,A,COMPLETED,9,63,6,3,54,c294e86582ea12161ddea9f44e37e98743db3e97133082bad9a8628993b53f47,fd4772722f19f34dcdd8bc2805971063f4bccf3bd4b7bd4d6027c68e36b6927c,38337,0.0,0.0,0
R2_aB_m0,1,32,B,COMPLETED,9,63,6,3,54,7d63724831712e23f2add9764980f8b18fa4a1a72f38ec7cbd5dc760b2b5c63e,8aa8e9d7e403349f52cb4376adb48ad0250a21f9f0da3c583ee685570e3b11d1,38917,0.0,0.0,0
R2_aB_m0,1,32,C,COMPLETED,9,63,6,3,54,a4cb8bd6ea81225a1057ce7289fe561c186dd759da67ed7275e0f777f7c64cfc,b7aa6d6ea0cad406e40cf541c55fe8ded1181a46dcbdd9dfa9b39f0f1116cbf6,39452,0.0,0.0,0
R2_aB_m0,1,32,D,COMPLETED,9,63,6,3,54,b58f6f26663d5c9ba6ea5e7814e3057780af862814d92e088b93439deb766f8e,5205d1a1afaa6986336975c9060f76a8a6e5d3f38f5ded772561bf96c429f5ae,39543,0.0,0.0,0
R2_aB_m0,1,32,E,COMPLETED,9,63,6,3,54,dbef15c32abeecee19bf9888d8661b012e8f1aecc30c69263f5095ab8a3ce99a,759c549b026402877eb31c9e2a89bbd8e4619fb2893c4949315d5effe90b2dcc,40152,0.0,0.0,0
R2_aB_m0,1,33,A,COMPLETED,9,63,6,3,54,40177df1c8ca602e26014011b14ba251cd75f89ebbd47adbf2647573c7423042,5406dfe2d77cf26ed6f087b941295705e974126db0963377fdf7aeb7afa1c383,38400,0.0,0.0,0
R2_aB_m0,1,33,B,COMPLETED,9,63,6,3,54,368356f5b10acbf76c68a0bd0802d9aab195ebec1dc67784aa4209d24ec5e360,004e6047c1cb29a72341724a9d27fb84cb7e2d3529af0b4bfdb4048cea786915,38909,0.0,0.0,0
R2_aB_m0,1,33,C,COMPLETED,9,63,6,3,54,3e5d7aae94d6fc01bfe3e5e0609d8e7819a2cda67a9ab98f659786c8b6197244,08844d5f176285d8d7aea27e8d47ff10fe8e099eb658fe61e23ecdd731fed5ca,39381,0.0,0.0,0
R2_aB_m0,1,33,D,COMPLETED,9,63,6,3,54,7486f4778e72a8379e31ee75de09982156699d709e9a9b5d5708ba2feb4e2d6a,cfaee59d7a596487c966455801abd1da9d389c106685d8cfac19fe4d1df09f8f,39434,0.0,0.0,0
R2_aB_m0,1,33,E,COMPLETED,9,63,6,3,54,aeccd7e75de9f1a1638e5e5578b57a8cbad3fe284834127b33c4218436043f67,5fc795a1c9967756c6d2d375e80c42c9f7df8b52b7a2a9e5738216e42eca1371,40115,0.0,0.0,0
R2_aB_m0,1,34,A,COMPLETED,9,63,6,3,54,3eb4ce3010517f897fec91e38a0550798eca4ac0a7390d89f9f6555ba421dce8,e43988f3826777353d2d91c5b2e25836591cd49c9aa1a80d384549f2348076c1,38347,0.0,0.0,0
R2_aB_m0,1,34,B,COMPLETED,9,63,6,3,54,51801a875ce3188269f863fcc2c7ba984b430062314150cd880c8a1096e54c59,577dc4ae76c86f8645eeff0b917a40963a8098cf4a8f6861ad1f51c39b965d6c,38889,0.0,0.0,0
R2_aB_m0,1,34,C,COMPLETED,9,63,6,3,54,1516d4d8274c98b32764f2552079fdd557d665b9ebb8eed283a3582042b190af,8b693224ecb03b060c08d0e3f46e41fdd37b24f13ffa38120c71487fc8695ce4,39428,0.0,0.0,0
R2_aB_m0,1,34,D,COMPLETED,9,63,6,3,54,8e8f546d75b2c2baa26635b2935582e25a4d940d8602fcfe5fe498a8826fe899,1ea36f1dedf317f3749a8ac3b6f4d6cacb90c747ee9739f68a46b40963e86c5d,39425,0.0,0.0,0
R2_aB_m0,1,34,E,COMPLETED,9,63,6,3,54,c2391a0e8d76d64d4c10f05c3023029c511ac5ca942da90d6ebd5a1924f959af,66ac1fb744889a48eb9d80fb22098172ca6d4b1536639c1bbe1edba4bcdf97bc,40106,0.0,0.0,0
R2_aB_m0,1,35,A,COMPLETED,9,63,6,3,54,e974625e812138f2cab5027fb07b08f9d6b5ff5e7bf5b181abf008f47a5cf854,8c6c9ba24b1814ada7f1fc5e0c04bd03a90bc488cc7a40ee99c46cf060e4e84e,38341,0.0,0.0,0
R2_aB_m0,1,35,B,COMPLETED,9,63,6,3,54,e013c4a1ee3f26d7fc696c78a0dff823c84ed522001a0ac675170af9423d6a03,060ec71b25852b8a0393a4f83084a9b3f5a06cec5aec56a072500f4df649dd56,38896,0.0,0.0,0
R2_aB_m0,1,35,C,COMPLETED,9,63,6,3,54,27f7030c969bca7e766825a12fa8adef341bbd204bf27413a6fc1f4f74982166,4f1df335ae8f4a728f2d64dbf3130e3213735219547cf8f5b9abafec7cc07e37,39408,0.0,0.0,0
R2_aB_m0,1,35,D,COMPLETED,9,63,6,3,54,7189f479b6e33128af63b6e366a4e6c739bd17efcb2258c4f96d376141738bd7,597d3b24abb836ea0fdbd07e9132dbc094a1b516421b1a000b0290258756ac00,39487,0.0,0.0,0
R2_aB_m0,1,35,E,COMPLETED,9,63,6,3,54,f5894d09665e3dab710e12e98525634b9a40cb000c7ec0f02cf192dd1c238bc8,7906ef0c37739c1e109bf5db13a41d582cb089aa0fd2c14bc12569ccf88a00b3,40093,0.0,0.0,0
R2_aB_m0,1,36,A,COMPLETED,9,63,6,3,54,81fc30c1eda1a29cc646444f7107176400042fc6f1b0be6d4d93dbcb77bc2945,eaeec8e2c24e9a75fb486e4e8f2f22fd7dd939a2c37b9e50fac35ae1876cb67b,38355,0.0,0.0,0
R2_aB_m0,1,36,B,COMPLETED,9,63,6,3,54,ae90df2d527ade67564f6b8259a4cb83878f37bf14b0be383a80456e24e56151,6fb94f6c10403604c9e73b9c53e9f72ab5c26b97b0911fdd6efdbb31624241cf,38940,0.0,0.0,0
R2_aB_m0,1,36,C,COMPLETED,9,63,6,3,54,9faae0f5ba093c119ca509e2d4f8600b8ff479ec638c559c8746ccfc761ec3c1,110e6079c7c9405e5cecebb4a777ed6e8e07cd439f307f276075d5e391e1295d,39446,0.0,0.0,0
R2_aB_m0,1,36,D,COMPLETED,9,63,6,3,54,93c2bbb964f9bee8bcbdac1844fc6f82f32cc3a90dfc9b9d548cd5f16d3d129c,c217e2e0cdcafdf8bcb8642029b244c5ace16204dbebd86e94e08c0f3357cbc6,39458,0.0,0.0,0
R2_aB_m0,1,36,E,COMPLETED,9,63,6,3,54,8d3ce129a8259bfbf1b0996622004826d773b9668ca7efd273c1600f39523251,8f6b0c293cdbfcd59daa739ec3e9c7da5f907fecd6f6c9a3f7542f600267c4f9,40158,0.0,0.0,0
R2_aB_m0,1,37,A,COMPLETED,9,63,6,3,54,c4efd6d48aa5521ee3df9ee1bb70f2dec6be7bc8e512106e5291b2d8c983e2bc,d3cd20fd16c4bcfc4d2a0a9b57773a68ae62beeafed86e423e631dc9cb1d0588,38373,0.0,0.0,0
R2_aB_m0,1,37,B,COMPLETED,9,63,6,3,54,ede84f2b4a982f4009b30bf0f8f10152b4eac6dcf45370ca5c2a6e275eeb2723,707c9dc1c3e39670e2daca8371f89416ddbe70839c8104baf888bf02296d8a06,38944,0.0,0.0,0
R2_aB_m0,1,37,C,COMPLETED,9,63,6,3,54,8dbfea1194df6369be36a98ae7bbb66b47ffbc9876e90e5f7cceaa7f7e832618,9608eb3123a6d36203ea1180f05f6c9d391c7163e7e6345f4466ab44e423561a,39433,0.0,0.0,0
R2_aB_m0,1,37,D,COMPLETED,9,63,6,3,54,586c97850a66d4676d827e9ab051a2052efdbe2d59541f63ea9130e58c104686,401eb9f4b7e6933816ed0f05208071d29ca61f3134017d4ab39f2dac421e59fb,39420,0.0,0.0,0
R2_aB_m0,1,37,E,COMPLETED,9,63,6,3,54,0f7caf233a99fd547f2c48a36f09891adf77d5de976d5c16196f8bd54c3cb167,5bc4c1284ee197a1cfb849cd4cbc2c00c3a28417c1a748ff36ff0a414d622031,40166,0.0,0.0,0
R2_aB_m0,1,38,A,COMPLETED,9,63,6,3,54,3a5e08e6b8eed9e3b68105ceac17fa91809d140c4339c6231606a29a63bf5f2e,aa8819f97a5a87c47ec65fa23dcb40a81ac8b7b3eab36182ded1902c4c0d8f19,38357,0.0,0.0,0
R2_aB_m0,1,38,B,COMPLETED,9,63,6,3,54,5ae9d2f2dfbc2092119156fd5b7bfe6591e78ba69c12540073aebe236934b4b5,5ed742031c5536d9551636a57a6ececf2703ec215609282f74bde9896fbdeeb7,38928,0.0,0.0,0
R2_aB_m0,1,38,C,COMPLETED,9,63,6,3,54,47176dcac1af020d07ccef6c8d6e4bcde94eb211d4cdd80f08ce7e26236a23a6,fcd4017c4f379f65011c831c14aff807d403d72394f3aaae086a6e8ad565bacf,39448,0.0,0.0,0
R2_aB_m0,1,38,D,COMPLETED,9,63,6,3,54,33cca9ef72ff42f70212bd0108804e95e67f5aac66cd7ae936d10feda032efef,8beac4794d686daa8160b548c6824410a6bf11821de17eb9bb0cbc5cc0990ac3,39447,0.0,0.0,0
R2_aB_m0,1,38,E,COMPLETED,9,63,6,3,54,8c1f00cb88969df917539a08bbf0b511e5b9a36ae74fba1f89e5a224334a0bc9,0988c852162ccfe0132b379c8a5a3aa49d3d264110bf1fb57ea45e9d76509220,40119,0.0,0.0,0
R2_aB_m0,1,39,A,COMPLETED,9,63,6,3,54,779926f1f0a3ccc46b85b7e922cffce88f18256524cf429be7f49365ff37c578,335a63866559f3613bddd04d5a9868f73cba6d5325e0146633dce8a50edbbfae,38362,0.0,0.0,0
R2_aB_m0,1,39,B,COMPLETED,9,63,6,3,54,f5560c5eeca20eb4ee14e88adcc02b620767d31cf50b217885c35c42d9cfac09,56a017bb63d6d00e44dd45434f01b67fa1eaa989492f3260195e8f907c3b9c5c,38980,0.0,0.0,0
R2_aB_m0,1,39,C,COMPLETED,9,63,6,3,54,633386d87d421487c1a4356435172ed7aca0db77f542358c24c372aa32600f00,14d1307783e950700a440e551ca528c06ab3dabbe38465f78db63428348265d2,39490,0.0,0.0,0
R2_aB_m0,1,39,D,COMPLETED,9,63,6,3,54,fb2821393fd25a96dbb3c8d235ae5bfa48c23e66566ead450ec8ef41af666daa,fbbaa5fe60ab76d5a634db2c153b665a07944c6999e3451b2b7657738451328c,39524,0.0,0.0,0
R2_aB_m0,1,39,E,COMPLETED,9,63,6,3,54,ea5085f01d13b90693e08307b52db5ed2a9645819f443d0c325482f4bd0ffe7c,205279765b7bcf0b5e939318a6d037b3beff558794fa9fe61736355d89e61e8e,40152,0.0,0.0,0
R2_aB_m0,1,40,A,COMPLETED,9,63,6,3,54,e63b50dcd00b70213bdddf00ccbe6c067d942eadc8611284a15137270c4a4087,eb4e62c272f5fd5c2d90968c79d659a83e65f7c2da1edba8c1c6f57e5f3b88d2,38376,0.0,0.0,0
R2_aB_m0,1,40,B,COMPLETED,9,63,6,3,54,9dcb11c6b2be708eaf8f3fbbc1e093cc10543b1aae4dd5491558ae8cde8c96a0,434729a9ea5846a829a4de0f93cc92a19f5d365c96a95adca38ae02f29fca250,39020,0.0,0.0,0
R2_aB_m0,1,40,C,COMPLETED,9,63,6,3,54,e6e1492980f33baad85712d09db94583fa257ddd681af3ae8860d1c3ea154882,f3f7995767a38f616ad49e1cee9b9519ef4f90aab7c619ee9f7955c006d6b5f7,39416,0.0,0.0,0
R2_aB_m0,1,40,D,COMPLETED,9,63,6,3,54,58ef9f947517882d34d36c4c142c0b60b3a3b39552035d7f9da998d835b02902,f4e0f2b91925a497a954d0a3a54260a2f5c20113d56af58d267ef784f4d83ed7,39473,0.0,0.0,0
R2_aB_m0,1,40,E,COMPLETED,9,63,6,3,54,2b027690637932182d6cafc697f1b04623a046a6c0f6ea4f5ae2325fb2d68f33,7815284acfb8071979c8286b064f363bf9a8877750753f746e9f13d89caba1ef,40173,0.0,0.0,0
R2_aB_m0,1,41,A,COMPLETED,9,63,6,3,54,d9376f3021b71049ca245eeda9ec9d21b48ef1e6c900ca30a37e887331c1e837,b7d4c027a25472438aeb62e7028a17c3d97a7fdddd6d5353a587d2fc8d31bb91,38346,0.0,0.0,0
R2_aB_m0,1,41,B,COMPLETED,9,63,6,3,54,c5ca45ac6e41a5ad12dd6d1f1bb112020656254e85eb7fac0806787a681b6c30,d4b2f0eeff2824604812263a22dcd23114df255dbb869386a797a20513b1aeeb,38900,0.0,0.0,0
R2_aB_m0,1,41,C,COMPLETED,9,63,6,3,54,9612686df6109a9c1ffc9f8a072c6cab28de1b76492259cc6bf5f94b5459c5b7,69f0fc072d2184b6630087eb33998cb26b86de1145ed7b1b269e2004446f4cfd,39435,0.0,0.0,0
R2_aB_m0,1,41,D,COMPLETED,9,63,6,3,54,c012c17cce20bddd0afe4280a1c20c208aa76725a85b6f3300f13da4bb302ede,4ec7aa0384a5f9909bc8fa9bcd1cc03392c79531f587378d1003ad391aa1c149,39405,0.0,0.0,0
R2_aB_m0,1,41,E,COMPLETED,9,63,6,3,54,7e466b2df0771df402358024dcd84520d444ef5ddee379e9b67c32d1f0f8c234,6c81cf9370e9d2f928d63cd5f8314f0c20a810a3ea3e6737ec90a756821ff2c8,40086,0.0,0.0,0
R2_aB_m0,1,42,A,COMPLETED,9,63,6,3,54,53e2c00936f38c32d2f28ad68c1b9c378eba8b36455ebf68bf758c5fd550b6d0,2b68cd6eaacb10891ef149eb5efaf05904c21b39c6a0f41457d578644ce3dfe1,38368,0.0,0.0,0
R2_aB_m0,1,42,B,COMPLETED,9,63,6,3,54,4d1df98a171dd5683b58c3123c94b9959a768f113808baed11893ccf6fe3fb8f,8f1b28044085c1fba53c337cca0da03e22d8b118428185d55b50d579c23ac0c2,38911,0.0,0.0,0
R2_aB_m0,1,42,C,COMPLETED,9,63,6,3,54,bebbcd0a6a13dfa1221afcf2d2d2eb352ac6e6678ea808c434919e8cec92f375,06d2c09c0282c55eb00a00d8560e90084ec7bb56f193116d5d78aae0251d7625,39463,0.0,0.0,0
R2_aB_m0,1,42,D,COMPLETED,9,63,6,3,54,9699162448145ba53710af7bb3d0318ed15b0be3b101824ac493a93afd6e74f4,59d71cf23d38bcdf83504cf3bf743bceea1297ccd42dd1cb2c9c140933d07243,39442,0.0,0.0,0
R2_aB_m0,1,42,E,COMPLETED,9,63,6,3,54,cd0a6c7a8a6b24534c87cfc64c1594d02fdf5494e1b99095daaa849f5aca651b,31b171b29090eac8717536e45af21a6c3d19621d2e242cf1dce013a42302b931,40151,0.0,0.0,0
R2_aB_m0,1,43,A,COMPLETED,9,63,6,3,54,6996b212ca1af5d96a9c000203b3cc9123f9b32a46190c8301ff91dcfde96274,b560ef5ab0ff0b1b375718ddd1827423635f09111426a74bc74f75ca31ad4ca6,38300,0.0,0.0,0
R2_aB_m0,1,43,B,COMPLETED,9,63,6,3,54,d67a0291fc3046380c375db67454462f9507f16822b4218d049debe766c30312,b3d10b6b1fee824b5e4c8ec71899c789a344b5c39aa2c0a8429e2c2eb746c314,38910,0.0,0.0,0
R2_aB_m0,1,43,C,COMPLETED,9,63,6,3,54,07ebd8e0f34bf326c3048b343fefcd9f59824bca981f3374f526a48242e947b0,e120762e5822f3d180c173cff4e719beaeb94c593658eb32c42d5a9f06cb9fe0,39396,0.0,0.0,0
R2_aB_m0,1,43,D,COMPLETED,9,63,6,3,54,2d4715b0323640064d4864d2390834d6ba37a541ec0d84cca59fb5e85963ed19,f49dd10e8e2170d172fdbbd2301552e6511f9a739ad505e6ac65bda482aab000,39509,0.0,0.0,0
R2_aB_m0,1,43,E,COMPLETED,9,63,6,3,54,768d16c8406bbb4c8473c7fc72089b2fc2e2ce90bd1f943606061044e1f6ed6d,2ba32f0286b942f0e77aba2d34e312099dd6b9adccc509f57912761e03372a7a,40109,0.0,0.0,0
R2_aB_m0,1,44,A,COMPLETED,9,63,6,3,54,ba858cd0a0748d9ea2594950e04539f0a8ff21cdfdcfe1dead67ab1fdb2a17bf,720f69d23f11258181b8794d6c5d99e6eabc756fdb10aaa0121cd13a6c2c0a47,38271,0.0,0.0,0
R2_aB_m0,1,44,B,COMPLETED,9,63,6,3,54,ea0c932a3f9ffefb59b8802288c40f11fda0cff4717cfd2ef858a4bf644ef469,ce106bdb6e00b378a79a615078bfb2890904a8d1472caa710a2d0077c7dd439e,38888,0.0,0.0,0
R2_aB_m0,1,44,C,COMPLETED,9,63,6,3,54,5816aebb14e5cc49dfd96c47e062540e77709e4d5dac4e9b84740f0b17e2f350,64f99909909ac05666f87408869ed53268c2f8653673c5cfdbe2c933733ebe5b,39407,0.0,0.0,0
R2_aB_m0,1,44,D,COMPLETED,9,63,6,3,54,2348a457975724d2ecc20894924ab513e0071059ce3092af721a122ddf435b5d,480fd95bbba0d4462eb9fca249ceecef6a9097fc1ac20af34b2aa908d2cfa9b2,39463,0.0,0.0,0
R2_aB_m0,1,44,E,COMPLETED,9,63,6,3,54,5a82923e9f253fc9f5d204419de16d3d02c875c3261b5d63a2bb3b4070aaaa8a,637e3d7a0c5bae20818f6afac32cad1cfa9c3a46b60b4d687478bb728dbc05c1,40109,0.0,0.0,0
R2_aB_m0,1,45,A,COMPLETED,9,63,6,3,54,22baa12daf37324a80e6b3cf2a278970b67b791f94bd191ed2c8b19715b40816,32273adb6ab39de5088bb28d4994beb6366c77838550bb18cf913a7309353b9a,38327,0.0,0.0,0
R2_aB_m0,1,45,B,COMPLETED,9,63,6,3,54,3734a49fc6b067ea603ab932167a8f6445c891c3317c4db8a78e49713ed5cd77,a0e59d5b08e6bd34b84079c205cc151b0824b48a05bba952256970b2a9a431fa,38906,0.0,0.0,0
R2_aB_m0,1,45,C,COMPLETED,9,63,6,3,54,df8fa60348785d3424be3dda3d563baa275df3a2e5e4e29e19249602b6173782,3e027bd5afa757f07969081d3112e34b0167c5c9b7aa347fb660266093426422,39442,0.0,0.0,0
R2_aB_m0,1,45,D,COMPLETED,9,63,6,3,54,e5fbdda43c8dca6a941fada084b18538ad369ae1b423e765998bcf84ab2bd2d3,12f371c534c8958d37cf68d3177502bd8aa16507593ddf32d5c4112183578f8d,39459,0.0,0.0,0
R2_aB_m0,1,45,E,COMPLETED,9,63,6,3,54,fb223eadc6c98e5a5949456ab9bef0b975d1c6e3c1999556b18abb5bb2eeb9c8,b54a425ada0b2eb78cf6d86a50cd9ee387757c188a3d04b29636a961e5da23c4,40061,0.0,0.0,0
R2_aB_m0,1,46,A,COMPLETED,9,63,6,3,54,2cccd2081965f8f92207cc6412b3bb1357282cef9524db3d2457ea8f4501148b,bb2953eb0eccb845f308a4a9d8477d23f4d45d8efd3e37795e8aef5518150865,38328,0.0,0.0,0
R2_aB_m0,1,46,B,COMPLETED,9,63,6,3,54,b729decb527d1afc07a54e59eb497c4bb77e58eaad23de0c16fc3ecd6c4c25eb,0eecf87bc158b68788aa640f6133cdfb2b59f31269ca4684fcb5f90bc94dae0c,38946,0.0,0.0,0
R2_aB_m0,1,46,C,COMPLETED,9,63,6,3,54,232ce078256554b4b010d525df54aa851d9ec01ae920e8074c61f77e535ffa74,c494f9c5327dd270047a6919e25ebdace5c9de000142bcb097e2339413f7776c,39407,0.0,0.0,0
R2_aB_m0,1,46,D,COMPLETED,9,63,6,3,54,293ac0f6f86a665b6a90b3001d06efcf34533fb5adbcda0f5de7013d80bf2def,3c049cbdae5e4ebf4e3ffd1af02d654d41c8a624766c10933457c9d8ddc65d84,39405,0.0,0.0,0
R2_aB_m0,1,46,E,COMPLETED,9,63,6,3,54,648e0d887eacd22090224e5f48fe1a79b596106efe7d527d5a6deadd575d0a9b,bcb175488626df011d466104660f2fefa3976b59fb29501e9b1f838b67f94108,40093,0.0,0.0,0
R2_aB_m0,1,47,A,COMPLETED,9,63,6,3,54,d4ff07eb46e97bfb2b5509d1e5800a1c2932fb374cb495804131c507365e6969,83ead05f9f9f1c4347693def2cb047392dad0aa1988a629ef89ad3ab6ded297d,38321,0.0,0.0,0
R2_aB_m0,1,47,B,COMPLETED,9,63,6,3,54,7d0a9f3a4f6933d5365828d4aa6e44e84d41bf4cb083c5f2962edea5c8419d94,0451541d0db7e6b685eb267f39a58f410cd84be3fa76a865a85ecc48ccd45e7c,38899,0.0,0.0,0
R2_aB_m0,1,47,C,COMPLETED,9,63,6,3,54,8117458bef76decaf8a74a437de915a5e68bfe0123bc58e2f958a5e4f81383c9,749ee407c6351dea0ea27a3ddebe88533d5492e9c6479d5ae53e1e02983b62ee,39397,0.0,0.0,0
R2_aB_m0,1,47,D,COMPLETED,9,63,6,3,54,0091c89657ff41b8d9c96a3d322fa116202947ebaae31841d57ae6aeacecfcb7,db1794a2b6f7706899bd5b3eac58ade1833383bcc4763d6c3a05cc013497d75d,39428,0.0,0.0,0
R2_aB_m0,1,47,E,COMPLETED,9,63,6,3,54,3838445fba36d1b2dcb9b638eff4f654e53de15484367a470a8a8bde0e2777c3,dc91d36063e8fc24cc324954eca5c6ee09134eb485fac3d9773e6a1b2a3803d2,40152,0.0,0.0,0
R2_aB_m0,1,48,A,COMPLETED,9,63,6,3,54,27c0e5b75dfddd4f77c62b678184abb4c6ce659bdb540eb54d03dfa1196dcc6b,90c2cb53c34feef9b8870f23acae2c9eec7372007d91acdaaa1335e486b49bd7,38349,0.0,0.0,0
R2_aB_m0,1,48,B,COMPLETED,9,63,6,3,54,a26dc6289e1ea2b126a03be28934d9f4860a16851c117c22f4f64001d1812ff1,aac809fa0055cab6348215ae7c4b0075af61de4820184f810af1a8cea72e4591,38947,0.0,0.0,0
R2_aB_m0,1,48,C,COMPLETED,9,63,6,3,54,6dd0438078ec1fd2dc8ee7084ff28cbfce29722a587623b4f42eb926836a7052,c8eb96c9a169aff5f6a9bb481d8f494a0061b070f2389929cf500fa2679c6933,39405,0.0,0.0,0
R2_aB_m0,1,48,D,COMPLETED,9,63,6,3,54,7be03b869d650b6ffc8765ab79350a3c8709d4f6e5f827a270aea5bf87b3f86a,7d20575465fc1e349c3115a3acce858a2211cba543629b5d0cefd1d50fc8ec79,39445,0.0,0.0,0
R2_aB_m0,1,48,E,COMPLETED,9,63,6,3,54,460968811b80d6701bcc1edf7c304cf248c6e549b6f18bb6ebf430e700fe5b27,452952ebd19403a356f55f5afcdf6f46b6c5368000530dfe667d51322669cbb1,40119,0.0,0.0,0
R2_aB_m0,1,49,A,COMPLETED,9,63,6,3,54,59b709bf5eb730a15e3be65232a12916869f2aaaab9021ff328b24ebf4116d52,99aedd3a8cf8c65b296eef402b5253293151c1e0bdf9534238becb5dfd73cbe3,38281,0.0,0.0,0
R2_aB_m0,1,49,B,COMPLETED,9,63,6,3,54,7bce40d3c5a46cfcc1fd99b7c9161e9aa3bd899fb4fc59054055264ba03885b9,dc6248eadfbed9f15efc2a597591f7d46d0975a7c1f0b726579bfcd34ff6bd05,38856,0.0,0.0,0
R2_aB_m0,1,49,C,COMPLETED,9,63,6,3,54,d68920dc20673353e3e7f3d1ee03e027b5e31309e45c3a5dd2f8f80b5c29ba19,13490154f60a468decb183f77764ab61368d3a9cd693cbe762b726c66a989029,39389,0.0,0.0,0
R2_aB_m0,1,49,D,COMPLETED,9,63,6,3,54,748f2f7fe678f0391a6540ff54b5ea6e16a6063cc110d69ae9cd5f5cecd82dab,6d4199a3be3874953381e63c7d83b97ad0519971b7e44f5b46dbbe1741d42532,39445,0.0,0.0,0
R2_aB_m0,1,49,E,COMPLETED,9,63,6,3,54,be78b391dbd0f0de386ddd5c4500bd56d250da46de0435ea25b5f3dc2c44ca5a,453c44759d98f75fb19f2c872f39fad7ee0e05c9d5912688b23157c16002aab9,40115,0.0,0.0,0
R2_aB_m0,2,0,A,COMPLETED,9,63,6,3,54,86386bda61158e9ed7a13f00377d5c52a19d74dc561a0005ea0fbb2bc8b51c82,20cf2dfb02fa041a8929cb1a31e12e27578a7562a08e35dbabcdf6484cee2202,38320,0.0,0.0,0
R2_aB_m0,2,0,B,COMPLETED,9,63,6,3,54,ef45286deb03f16e87fca390f1e1cab4bd2f89eed43f908483de204318855000,a3de4eb1b527f85977396036280a56888d98d71e06a079fc309ab05ab2e33d79,38914,0.0,0.0,0
R2_aB_m0,2,0,C,COMPLETED,9,63,6,3,54,0ee7b83df9fce99ccf2d0d98fec65226c586d0fa8280ef304b03e2fdb29df28d,7a5581f274ad3a152eec4204a1167368680ba852f67724b058715d77fad1a8b7,39444,0.0,0.0,0
R2_aB_m0,2,0,D,COMPLETED,9,63,6,3,54,b5dc13ca16994c27a669df89cece4e6f3be68e3f749b3df2877942629c298e60,03ed061b76dabdf698f1878a76024a7004674cc19a98cb32f852e3f6dcc959f6,39493,0.0,0.0,0
R2_aB_m0,2,0,E,COMPLETED,9,63,6,3,54,98e2fdeb1b4e644bee1b43379f1afb6dd697da74ea016309551266dde0dd61e4,0b82a8146d32bf730ceeb317467ea75fa4fd4eedc56f1fd9c5685edbf4f14136,40094,0.0,0.0,0
R2_aB_m0,2,1,A,COMPLETED,9,63,6,3,54,cbf05d3fcb38619756eac12d5b69549fab7627af4018ec80953f695541b974e8,4771d26e9b641fa7e96c7b4f06156fd81a3c111bc46d240e181c6a9bcfaf6d02,38320,0.0,0.0,0
R2_aB_m0,2,1,B,COMPLETED,9,63,6,3,54,3cc6e182a74e9278e83b98d7c80f1db8ed9ed5b007e37a41236df47fee709c28,aaca94369002a3784f256fd092a17ee92be0d3951cffd0503b1985fc61b26d6e,38991,0.0,0.0,0
R2_aB_m0,2,1,C,COMPLETED,9,63,6,3,54,f808def7cbcf0df3d4ed7530a0e934f31296e317e008f9714b47b1f8468af6b0,dc19738bb2a459f18f61f03c9417e1cd9a0e25be1e3ec85b537e075b36ec3320,39433,0.0,0.0,0
R2_aB_m0,2,1,D,COMPLETED,9,63,6,3,54,6a89513b27583758408a6701e78202189451abba2eaf87019c171c32cb28deb0,1903da4c4cd1ab973124fad3dbc834f1609126e47a492b70b8ae12672dacf607,39436,0.0,0.0,0
R2_aB_m0,2,1,E,COMPLETED,9,63,6,3,54,45cc44966e7dce7cb14fc713d0c82b21ca2f906dd437e069aaa90cb36dd5131c,7b0a6d68e582b45c8edd397f2db1ac89626d35daeb8c1865df53ccaa787e1dae,40209,0.0,0.0,0
R2_aB_m0,2,2,A,COMPLETED,9,63,6,3,54,01afa98bd3dc0b5cee7191cf9db108fc33eb6f0b78aebc2f9400c31adb7b2a57,1acb6524ba696e9afb3c05f18e7d6f05d66bc4e4f4516e0d00348bac786b219a,38326,0.0,0.0,0
R2_aB_m0,2,2,B,COMPLETED,9,63,6,3,54,534644eb873399311e7381bfb49921928e8eb84302a740c963e3d937acc94da1,6c5ee49b95ed3d83ab161a1c41f0ef4a79240807a117e0cda4deeaadbe09d35b,38894,0.0,0.0,0
R2_aB_m0,2,2,C,COMPLETED,9,63,6,3,54,fd293def762cab7d28ab348ab65958ef6e8141be662d077cde4c7d5bf068dab8,06440bf83de03fbd831fc6fb31c34d2d696be57012ed805453df8071ad5263db,39408,0.0,0.0,0
R2_aB_m0,2,2,D,COMPLETED,9,63,6,3,54,0521d94643e65744298b0d4af72d62fed7fb1a25d7f3a5a95fbab9dd236e4a1d,692f7f8707876e49b9b4d2d4e7eb46c30535438b1a87aac3cdc48802c8690556,39443,0.0,0.0,0
R2_aB_m0,2,2,E,COMPLETED,9,63,6,3,54,9f4aa2abe84c15e53b035b8174c014319206a425c37a899c50f908175795a998,0c14bf4fe6e14ac68d805c967554b2bb592442895643ea9416effbd53eb45dd6,40175,0.0,0.0,0
R2_aB_m0,2,3,A,COMPLETED,9,63,6,3,54,48b15f82ba0ad9c7b345afa2416915b341cc97af85ae627b2a5d910c01d6a4de,afad760a583d7c4b2859baad6c6836601be8504abacb62a27bc5e59fd6ba3e9e,38347,0.0,0.0,0
R2_aB_m0,2,3,B,COMPLETED,9,63,6,3,54,9c93870d1db3966430f0689efb9235b884a96ebc178af7d8f3c0f59ebe734615,aceb0432a2b20c1160aefaffb8e4941061b1041e2d4dd45bc1fab6be157ebbbc,38855,0.0,0.0,0
R2_aB_m0,2,3,C,COMPLETED,9,63,6,3,54,957c0d35c16ff0aacdb5618037de304b87152f958dc36199dc30451c08c3bc24,96564d0f287634bdce72a019f2fbb5c1f3dcc4ce9dcc178fd9a8be469d0c0030,39417,0.0,0.0,0
R2_aB_m0,2,3,D,COMPLETED,9,63,6,3,54,c87a3deacd1e13677e363b17bf824b319db898751113e4c5c98f4ed0513523ae,6cbdbf6233c567e57104f60503f209c21121ac9a1fa99dddbd48fb3a1616e503,39420,0.0,0.0,0
R2_aB_m0,2,3,E,COMPLETED,9,63,6,3,54,795d57554a813ca3412005bad876f067d7bc1a2b86d27258d52c6573c4a4b12b,b257dd417e0a16b01cd08ae5b0f2ee7465622bd7bd8cc1ef5f53fbb17b439b62,40174,0.0,0.0,0
R2_aB_m0,2,4,A,COMPLETED,9,63,6,3,54,e8b27a303f99f8193974e2f28990662f771e5e6d70ad75ea7b1cee5f1c23c90e,b1dcd6d09d1e5337419a5e0b133303cccb7abc72974cc25cf9b8d2f2e8dfb2a2,38312,0.0,0.0,0
R2_aB_m0,2,4,B,COMPLETED,9,63,6,3,54,dfcc38f10d3cd638fa28c47dc7a57181a4c3991ce2fac96a94f70979daab3616,f8b02870455df2f985cff203a4a05e80a27e444dd96789b1a23b1fb272ac9ca4,38871,0.0,0.0,0
R2_aB_m0,2,4,C,COMPLETED,9,63,6,3,54,307a14cc4a11b832e775111302ab6de9562ac678a096c360018d8f1352c992e1,b4da261c50c9e0a7800df3971c6dce0ca219e5c645aae786bd5944a1f3d02a1a,39398,0.0,0.0,0
R2_aB_m0,2,4,D,COMPLETED,9,63,6,3,54,bdbea530da56dbd987af0d827d3aadbc31b5e0b6a335e9260b5886083e9b4dac,03870fe79095644ce233bc81f66caaed5d9f94de0e3f901d8ef543c103941d60,39456,0.0,0.0,0
R2_aB_m0,2,4,E,COMPLETED,9,63,6,3,54,407695221a9c979e17a55d4183545625b414d11c93762b73f0e6320c649f9ac2,afa5eab255464232fc82066137b43a76ce82499b9df76e2a0cdff30bdbd202c1,40149,0.0,0.0,0
R2_aB_m0,2,5,A,COMPLETED,9,63,6,3,54,5d1d23341eec2516831081a1424b56102c7386ef8bdae78880aaba8125542296,c41140592717d010510149be77af17ae9649f3796cb8344a6d3d1414c6345e0b,38383,0.0,0.0,0
R2_aB_m0,2,5,B,COMPLETED,9,63,6,3,54,c742cef32de15e117a86a69d81a09b565c8aa0b4960d8d1ee9b6e357b7313853,df6d8a2432d5fcb8102bcf5e068a9771b5ac31cb81ca882ea62e03de57a5d1ea,38929,0.0,0.0,0
R2_aB_m0,2,5,C,COMPLETED,9,63,6,3,54,60b0e93a4433847dc9d168e20f4da1ab7ec371a536d4ecd39cf55a47f0b25a50,8c27482d349b471ed4128ede8eaad5519d5fdcf01566c8c25baba7fe7e86e8c1,39398,0.0,0.0,0
R2_aB_m0,2,5,D,COMPLETED,9,63,6,3,54,d8b310005842b3836f0ce0c16aeddf191d1444209d5336bef58d3897c104bbb1,ed5abd4d293d23e34bd4504985a77004f8a84a4f8a9cbb11fff37f29e5b42ef6,39476,0.0,0.0,0
R2_aB_m0,2,5,E,COMPLETED,9,63,6,3,54,c98ae517ed664688da0120c872de09aa52195b4263392d029b71b98dceb188ae,0efeb8faf090f0d8c903fed0d5ed798a139a4eb8bcfd63700d1c227eee1ca139,40082,0.0,0.0,0
R2_aB_m0,2,6,A,COMPLETED,9,63,6,3,54,f9865ef8eb54adde1f759eab9a99b19a00c752c6ccb81aea830197332827547d,ac7367595e36ef56243043c4ac212089a12a878315d9fc5c9730d0ab552c78de,38354,0.0,0.0,0
R2_aB_m0,2,6,B,COMPLETED,9,63,6,3,54,e72fe7e02b4f2f5e009700fd2ced39b68c185d79d563fe07bcd8a1c39eca7045,267a5dbba7fb8ed3253ae9366dc8d7b235de221cbe78f6962a2303fa4e54c059,38952,0.0,0.0,0
R2_aB_m0,2,6,C,COMPLETED,9,63,6,3,54,a3f384073604da4bbd5be88c765d6427ac7bae24da727de2f01a72e92d0e6f46,617c89a62b35b39d5af86f15df8189340c240671e0d81b065e1a4f0621740ea2,39409,0.0,0.0,0
R2_aB_m0,2,6,D,COMPLETED,9,63,6,3,54,6f1b16e061ff1cbc07c034fa8fcc49e08673e57239a2c3189394b6710ea597c8,027c5a78b37a8af01430e345768b4467761e2feeb080bfe8024b194872adb41c,39494,0.0,0.0,0
R2_aB_m0,2,6,E,COMPLETED,9,63,6,3,54,95c14f9dabb7911d73536dae0fb3623a495131d67f9ca9ec7c9fd5a617c58775,d25a4dc319b07a288d06f4a97107ca350894820425c7ed5762af13dad2aff4d2,40159,0.0,0.0,0
R2_aB_m0,2,7,A,COMPLETED,9,63,6,3,54,6177caa668fb602679d450647c6c2a70992e0140120ca355d654bf82a27d1b0a,6186f2bd8e7529c81be38926b12f21c6870e81c7509ca140acdc31d3ed0ed63b,38249,0.0,0.0,0
R2_aB_m0,2,7,B,COMPLETED,9,63,6,3,54,5c2ff14feb80c0390b07d3ace35375109a5e87a8e2328cbc105e915e8a3193eb,0edb91eaff619c7c20fe953f85cf8acbd3183fdb134e823e4a39ac0018972661,38787,0.0,0.0,0
R2_aB_m0,2,7,C,COMPLETED,9,63,6,3,54,34d490aa4a4c22eb869ba79096ac51019f9d35458dbabb3aedbf7352e626c5a2,4ffa6b6ed8cb9603dd06bed23212aa1e26eaf2eb8c59a0d0a54f54df6b10e577,39375,0.0,0.0,0
R2_aB_m0,2,7,D,COMPLETED,9,63,6,3,54,6a2495b4c1e11ccfee695337211ec7fa718a1c5c198953f243c90aee8c9b0557,c2d49b22f1d4ff1ff1e6b0af2ead79b5c1659aab3fc2329c41da0497fada65a5,39464,0.0,0.0,0
R2_aB_m0,2,7,E,COMPLETED,9,63,6,3,54,5b62622c14eeecfd3db380448b00971b6905f867e2f5413f421ef2376b3bdddd,901104ba4d76ea52fd4a746c025475de8cc65b287300eacbf2e25bbbdaa595e3,40116,0.0,0.0,0
R2_aB_m0,2,8,A,COMPLETED,9,63,6,3,54,51e3ead81b8700092346bebc5021b61474c1cec9ad2195b158e1d31bae2ad970,505e6e6790803c2ae5363e867ce60c83c15d1d627a0f5ef3bcaf3cf0da2c5f19,38366,0.0,0.0,0
R2_aB_m0,2,8,B,COMPLETED,9,63,6,3,54,99a5f2fc78fd7af5c0d14601e4282c9f42060d3207b2950bade45518ffedce94,a7337a4f22b176baf50f79d2c582e4322eed343705f5eabf3f8bad8bbf6f874b,38940,0.0,0.0,0
R2_aB_m0,2,8,C,COMPLETED,9,63,6,3,54,8bb09945e8291402c0b91e4c48cc64ea75456a5b921029edea9c4360306373a1,37a87fb81c4bb8ff510239e15c40a0e3e5b81e92692cecb0f8b9e30fd426bc4a,39466,0.0,0.0,0
R2_aB_m0,2,8,D,COMPLETED,9,63,6,3,54,d28c70f2bcadd81bf5d921e7ea0ef03ff7d11f2eec967e3a59729841f45c389f,f27611ba483886c73144f0ed6994430d3884c2e954f671ec5d9e07ee01bfa85f,39493,0.0,0.0,0
R2_aB_m0,2,8,E,COMPLETED,9,63,6,3,54,19ccc946270553c8e927871b0f11ff6404db48eae2075e15bc209679c1dec183,3bb9577af5d408f82b99d874ac8df7a96c5037d9e9b1bc96ffe49bf1a34ce6ca,40120,0.0,0.0,0
R2_aB_m0,2,9,A,COMPLETED,9,63,6,3,54,b2204138e94724d0f6ade6547b9f8d041a59af1dd4cea882eda9188ae90fed82,07df5e0e45b95725523fb1ccc5b24b67f58cf46a86a869ee033ad59c050acd0f,38346,0.0,0.0,0
R2_aB_m0,2,9,B,COMPLETED,9,63,6,3,54,c6234163a8eb9c1f0f6fbafe05472663582ae7ae606469421628900c8677eca9,31bb3ec1102de1294d814ded42f10c957deab3fe304c99dc5a3391643a6af09b,38820,0.0,0.0,0
R2_aB_m0,2,9,C,COMPLETED,9,63,6,3,54,5af9b9db6dcd40e6eb244ad6c1d06c72cd4c1e4fd1c44b379fbf590a3491e620,19a4fa33599f662273a53c391e306b50ae8c3d6003b930e26b359f3722d29695,39411,0.0,0.0,0
R2_aB_m0,2,9,D,COMPLETED,9,63,6,3,54,a010d9ad58d05e37e84cf7e7b77fd29ece8a21441170628f399843842e2465d7,25c66e54ec5fc171a7c4d95863afcba8345f94bb75561cde5a97b49736a9d747,39380,0.0,0.0,0
R2_aB_m0,2,9,E,COMPLETED,9,63,6,3,54,8671ea3a409969a5ff863762c0e85f1b2c86fd98c4ae0ca4d90b25e0e53b69c2,87365d607880108251c3548af0c4efc58d62038157f55a681de95003910f3743,40098,0.0,0.0,0
R2_aB_m0,2,10,A,COMPLETED,9,63,6,3,54,0f85ea149b49d5cc1ee57e3bee0934ae2c473fc0925e3bdafcca5a5924f117d3,469650b995049b32ba114bcf6b60b1ce4fca1bf38523442c706e705348d70a8e,38340,0.0,0.0,0
R2_aB_m0,2,10,B,COMPLETED,9,63,6,3,54,72759c98fa7d3ba4af4142e5e3b76fafda465691c4c69eb157059384458b5c88,83369fe09c298fc01ffd3a308b144f12cab9d98135cd6df171e1d021c3040831,38934,0.0,0.0,0
R2_aB_m0,2,10,C,COMPLETED,9,63,6,3,54,7f4cbaafcaec27cfdfb54f01ad64a931070204218e93eb307b2fad1bf05629b2,a831fb249b0bc191dfd5b7ba8d6c8777c8da61af9b79e3a7584a643bf2c464ad,39437,0.0,0.0,0
R2_aB_m0,2,10,D,COMPLETED,9,63,6,3,54,087b9f0afb01016700ceb0f80d0113652d5b7014b8861b061d0bf4cb3946acc2,f63fc0c28b1c34ef54e3adb443d429032e5838b875cf96154bf11b404dcccd3b,39452,0.0,0.0,0
R2_aB_m0,2,10,E,COMPLETED,9,63,6,3,54,ed93d6df9eec7f25b9a0f5228bc8cebeead2d33e796e4c6d612fcb045dfd06a4,eb48167a5b6bac374e7f54bd98c22781ddf48d4b042d6588fa7ba314b29a149d,40158,0.0,0.0,0
R2_aB_m0,2,11,A,COMPLETED,9,63,6,3,54,a6b7098cad124bf288ac35a8dff63a6ed0fa2cea60fd495cf122b981c998e80a,9ac54e1c090c6319d1a4b96f120c1704046186e79e9b8ee48252ccb1ceb04d1c,38355,0.0,0.0,0
R2_aB_m0,2,11,B,COMPLETED,9,63,6,3,54,13c4df1bc6ea0eacaa9a85873ab46d2b528febf24f096b1965f09497d198dd3b,2214363f6db93eba9dc4fa4869c20c5f98d18026a4afe4483f5a56973a1e0c49,38882,0.0,0.0,0
R2_aB_m0,2,11,C,COMPLETED,9,63,6,3,54,bb7d3d2c8361d1bf9ef074e42844d95d7c17d6fbf11ab064a601d04f95b96b4a,43c9536d87b379e633a37a1b13c6d19e9558a766d74af512151e263748930d2a,39432,0.0,0.0,0
R2_aB_m0,2,11,D,COMPLETED,9,63,6,3,54,bb545cc1ef63264df270974c62fc346bbce583f7837f4d4ee6aa1f155ea58f4d,b28e454587779dee260d399d8cbdb0982b3bbc6760d6bc48e5abae6bf23cf649,39438,0.0,0.0,0
R2_aB_m0,2,11,E,COMPLETED,9,63,6,3,54,cfbe92d862140c468fb3d28420de137a1c010c84eede0b83ef43bfedb2329e63,c9625e553835906d3f35b09696150079e17b05e8967a8890209b1fc298f46d68,40073,0.0,0.0,0
R2_aB_m0,2,12,A,COMPLETED,9,63,6,3,54,781ea1543c7468c29da1f80c702729fb4cc6274b6ceae0824f1bcf7142aca9cf,7454ba1f15e405cc1c541a0af57998ef2106fd6fa7e558aa065f69752496bce4,38302,0.0,0.0,0
R2_aB_m0,2,12,B,COMPLETED,9,63,6,3,54,427011fae918b8613a850f86dc0db59ffa27617de7aaf4d7ad83ec0e8f4ec8f6,ec8083a8a202bdf9dfe83a3a1705d5e5fe4cb0dbfe1e996352d3a4f1ae5c222d,38907,0.0,0.0,0
R2_aB_m0,2,12,C,COMPLETED,9,63,6,3,54,bedd77076d065304c9ebec5e7500767bd45c3c3044fdf294fef5f442cfffa573,95efa28891aab8a63c22e7f8e4622aeed9c9fcd42f90d2eb481c2c1c945486dd,39466,0.0,0.0,0
R2_aB_m0,2,12,D,COMPLETED,9,63,6,3,54,ecf33c5274dbe901e8de445ce1eca479d7d57e7cb8e9a1857ab3f75d63e97331,73c6fd1df8d026dabc05afeba1dbf8eee2dae2303dc820970c29b5a499c46cf0,39419,0.0,0.0,0
R2_aB_m0,2,12,E,COMPLETED,9,63,6,3,54,3ae0c551220c239b850a071ef6d46ab10bac726c5dcab7fb57271d567ffa9bee,57149834e9737bbeb9ab2ff22cf4e3dc453fb4f9e9ba400697655b37f5b9ac1a,40071,0.0,0.0,0
R2_aB_m0,2,13,A,COMPLETED,9,63,6,3,54,626cd48754f2f698f18e439438a1de19a6f9bc7f97b6a7554b8cbc5b0325a6c5,c261b9e756b2e856bba9679bb80c7c315e577d39be96889d544549de03dde778,38351,0.0,0.0,0
R2_aB_m0,2,13,B,COMPLETED,9,63,6,3,54,3b1d192fc711f7351e490208e48117aa4a1be1df6052431259b7190330086399,1945c5a1bcc76ce0268206ba978434984686418b3704f6dd14f59395a196985b,38942,0.0,0.0,0
R2_aB_m0,2,13,C,COMPLETED,9,63,6,3,54,7b549a435ba89d4a9eafe266b6aa38464b388290aeb193289bb387b030b4542e,46c03619e3bfa736d85fa081fa8afa27976b55c39df3afe796fbfe00157fc7d1,39473,0.0,0.0,0
R2_aB_m0,2,13,D,COMPLETED,9,63,6,3,54,892d54e93443282599060881efa628b0aa6ba300afb3e28be69c7f3df4292b78,9407a85d9d7d3d309eb845ca916fe677af192649b92b0d6d824829a90ae4db1d,39477,0.0,0.0,0
R2_aB_m0,2,13,E,COMPLETED,9,63,6,3,54,628869635673e3e83ac751e9499326e38627e0bfbcd93a5e93cc17ad1a3997bb,13bce7fedd2e7b4dd780d503eaad68481d7547af68aedee940d0ced674b59fa3,40124,0.0,0.0,0
R2_aB_m0,2,14,A,COMPLETED,9,63,6,3,54,0f77d599087fbc1b65e506fd1c5291eb2194b3bf1fb2b9fa9c9becdb4454e239,54a992da7a8895765866f20f961cdd3598e6cbf6877878699074534895fea61f,38391,0.0,0.0,0
R2_aB_m0,2,14,B,COMPLETED,9,63,6,3,54,bb64e35fdca9cb111063b89e4bdca07ab539ae5469422ca19df56bbdf44d837c,5cfa043c52e4ac70161ea07f8b01bef90920298204a030b71bfcdba297c4d274,38913,0.0,0.0,0
R2_aB_m0,2,14,C,COMPLETED,9,63,6,3,54,ffe5bb8873a7ebcfba59a7e990c60f1a0473c03fc0d0b480b8df0e5b9b7ff90b,686b3baf268a55842960d2fd2a9c6b9cea5667c1aa994fa069b1cea1ec05d7d9,39451,0.0,0.0,0
R2_aB_m0,2,14,D,COMPLETED,9,63,6,3,54,82764eeba42077ed2b05e57e1fc0dd5aa6164a33d59dcb8fb43cc5f179c8dee3,ee0d06b79de1a6e912499c24b6439aecfaf5e230a6964e2253c4e4a01a3d4506,39406,0.0,0.0,0
R2_aB_m0,2,14,E,COMPLETED,9,63,6,3,54,23065c0da81c1a89a2c7b342f7538be1fbce345960ed02dcdde39905abdc4ea1,a2a42a118d7dd9046efd6de1480cadec92e0d4419deeae3859212865e864365a,40129,0.0,0.0,0
R2_aB_m0,2,15,A,COMPLETED,9,63,6,3,54,7e26cb2c06e75725320e115f06d23f198b1ebed669ba8a693f0ade715d22883b,7a8fa676194b02ef94aecb2f7e76533e3c709575656b20947f2d9afc70a73a54,38339,0.0,0.0,0
R2_aB_m0,2,15,B,COMPLETED,9,63,6,3,54,bde4f978994d8baff712aec84029c06cb0cff014da10883e669d1a4872b05756,c5cc33fa5a454dd6ddd6c61b170b71aaf4fdda3d55e34c517b3d6c52b021e098,38939,0.0,0.0,0
R2_aB_m0,2,15,C,COMPLETED,9,63,6,3,54,45760ae202807a724e22b1077b128475a414594d0b03d3f1926e7ae368467c2c,d2c84af6a34ba1a7bec661b6170c91d59e0f830e007dcaac0658e293b2137bff,39446,0.0,0.0,0
R2_aB_m0,2,15,D,COMPLETED,9,63,6,3,54,cd76366c9c2f90a505ebc4b9ce80b7c9cfbb8e3f47074a6a999fb8ba8a33057c,32ce576f6e48df48ed2aa64de7ecdc437244e3eafeb44fb99ae01afde93e2eba,39488,0.0,0.0,0
R2_aB_m0,2,15,E,COMPLETED,9,63,6,3,54,c9bd04eb564ced527ba8f94face0991521d92cc2178e16369c5b3d03828667e0,13ec11fb0fff60680c08a5535acaaebbf81c27bee5e7eee889f7f18bb8d52b49,40148,0.0,0.0,0
R2_aB_m0,2,16,A,COMPLETED,9,63,6,3,54,794544968b9908af859bdf7ac1b28843756a4bf96a77ee92497bceea5fa9825e,ae28bc3cf060e485ace914ff088056ff0cc77716288ae098151f600a1bb5e0ce,38388,0.0,0.0,0
R2_aB_m0,2,16,B,COMPLETED,9,63,6,3,54,e0b9e4494299fcc98e887e43613b1d41b4bd746062f9b92d9062b85e95bb1ce2,af78a4df16ee53a33ad25508528fb3cbf2842742365ad373f8f51bb2cb3589dd,38951,0.0,0.0,0
R2_aB_m0,2,16,C,COMPLETED,9,63,6,3,54,f94cc7f7d47b38fd49fc9e254cd7f25a2cb609523cf24ef95a07a02384e27607,3fa7c8dac7689342def10da8ae688e4b2c2cd79e7f26c299ceef76918c6b3315,39444,0.0,0.0,0
R2_aB_m0,2,16,D,COMPLETED,9,63,6,3,54,5f3b57ba287798a60f81fbda1f32a50aa4aa704232fe181c0aae4f92524b9f34,2fe974aa926c970b41020f53d90e115818732b210224793fcfe1b67c2c694929,39446,0.0,0.0,0
R2_aB_m0,2,16,E,COMPLETED,9,63,6,3,54,e43ba5e630f64628e18100bc65d64bf9eec490dd226d608f13e4082c004f7b50,36fbd355b82e65e3ef33ed7f345121b889cbd85c049a018c33b55ceb63865783,40091,0.0,0.0,0
R2_aB_m0,2,17,A,COMPLETED,9,63,6,3,54,5234a31c5f55e993577c9811c7865ef9bc6961ece0b4b4f567328f3db1110b93,f4275c8d85682ff0dabab43bcf91b6df2e265f3d26a30ff8e4b93edbbd9a9236,38340,0.0,0.0,0
R2_aB_m0,2,17,B,COMPLETED,9,63,6,3,54,1697e46f91997f80a5788537dc617116c56a32892bc84f54af8d0f28a7c5a468,249c541069d4b9aee86aa061c4902c473974db1d2e6f6f7c7c547274a1926828,39030,0.0,0.0,0
R2_aB_m0,2,17,C,COMPLETED,9,63,6,3,54,de70f11ec3fe01116ae9acc17c6bfabf641deb9b35cef55f7b1502b8ef478606,4e50f9f108ddd7931ae4cf863d23f2f48ccf7a79bc6a033f0da3d50a2d8e118d,39426,0.0,0.0,0
R2_aB_m0,2,17,D,COMPLETED,9,63,6,3,54,a741d5a6061b73e2171d6c401b39980bab914ea522abd41ac6c61926ce9e16b1,114fdfabafce481c13cd3c24b00b0693f028487e6721f302915f9eb570266386,39491,0.0,0.0,0
R2_aB_m0,2,17,E,COMPLETED,9,63,6,3,54,1be793113899178d6cffb96d4cac632e26faee8b79c1eee920aa07aac29b3243,dfcc1b5c62df6b97168b02846e70a37091cda1c2f43da185fe5e0f2dd4ebd4c2,40166,0.0,0.0,0
R2_aB_m0,2,18,A,COMPLETED,9,63,6,3,54,b8269e7a3d2cdbf7fc3648ce23e943983fb6cb00ab18bcb77a6e26f0269171a5,9e38ac17689802b1447c2fde0d5c7745563f32be06248d947524ef6c75bd6dee,38353,0.0,0.0,0
R2_aB_m0,2,18,B,COMPLETED,9,63,6,3,54,9e159d1ffb94e5b4545a26b2833287a3f0a2d23c0182d785e8c3cd368d2ad205,3c4774392cc299bb33caef4e61394e81f5e8dbe5ac36f4d830247e3cdf403db7,38940,0.0,0.0,0
R2_aB_m0,2,18,C,COMPLETED,9,63,6,3,54,231e2599c91bde5e33d83ce708c7a7e83b95a114a7c97ad4e46a0fa8789f1f20,33727be2d3b78715eb9e120cd16398a753e95d49c939cc356bf142099e706392,39465,0.0,0.0,0
R2_aB_m0,2,18,D,COMPLETED,9,63,6,3,54,6c28b1ec3c7140bdcbca430e38e40035eb050bea0d0802e6f02d874174a86cf5,88a95e99ed5af8237b9d76742ecf9666a26fc6a988539a250715c33caaf1d2fa,39480,0.0,0.0,0
R2_aB_m0,2,18,E,COMPLETED,9,63,6,3,54,a54be0cf7a9c93919ce214fff10765b13aa78fa1c77902afe733844d07b35e01,bd51a4aacb86eb96b72aa85fab335146b35ca77d2bfdb2957db366359ef837c0,40145,0.0,0.0,0
R2_aB_m0,2,19,A,COMPLETED,9,63,6,3,54,2eb9ed0af528a5c85ddd88b8bd5a4419eeb244eec1786e419b021119cfaf254e,a015218af979924477fe016a9c326318d7d76525a244164bd87d2cc235a481d0,38254,0.0,0.0,0
R2_aB_m0,2,19,B,COMPLETED,9,63,6,3,54,c8ad812d988dc1ca45dd5b4d436c901ac26ab48559b4904a592cfecbb440c84e,93626c5db3cda4e81e1b9c73f2eb1285ea984940c4a736de670ec904e65fd200,38869,0.0,0.0,0
R2_aB_m0,2,19,C,COMPLETED,9,63,6,3,54,1546677856f3406b6b8e965f1f4277dc0bcd58f6827d5c19a57e449a7e4e0a60,88183a07662972b9af919eb7e035d182d04939766a64852a4d2dff8b90ade246,39443,0.0,0.0,0
R2_aB_m0,2,19,D,COMPLETED,9,63,6,3,54,d0c4a4021daefa29fd5ff646902630db75a8485dde237b190d99a3d4b29fd8c4,1513b780a67b590154fae1a5193cfad0e4fab9b28a1bc8418ed4a1b8d8dd4534,39469,0.0,0.0,0
R2_aB_m0,2,19,E,COMPLETED,9,63,6,3,54,24b0ca82d52024001829707a9db962b0e6127d1d72468182c5499486b95d258a,f2e0bd739a65b4d2a59c82efb2580856f29274c0a9072eff0d320c84a8b9c595,40160,0.0,0.0,0
R2_aB_m0,2,20,A,COMPLETED,9,63,6,3,54,8fd02cd78002d97949548cb4864966e11c8be60308b9585a9c3cbd9b4daada9f,7b00f43aa130161c3d22a6c08f2852a967f18237ab5a286eeeb81defc50e2b25,38337,0.0,0.0,0
R2_aB_m0,2,20,B,COMPLETED,9,63,6,3,54,f1da1f312d4eefbbddbe6a90721299ba8efd231c52a6a44e01aaa0f92ef41592,6ca4bfcb9cc7ec2169d5494cdeed6b570f0f67209d95578abf89514e2f324066,38903,0.0,0.0,0
R2_aB_m0,2,20,C,COMPLETED,9,63,6,3,54,12d24ba3f44d9d59d2f36b5da2bb56a689c80c21ad3cb2b6d2730dcf27256d7d,aa9d24dd7e3ee59338fef88b04c0a35e17139f1b64abc86f953d9bd852cb98fe,39455,0.0,0.0,0
R2_aB_m0,2,20,D,COMPLETED,9,63,6,3,54,62cb49c58ef2b0f4ce3251dd892680b871becc781fb02cf32aaaf7b33c69b93a,60f746c748dd3a22ad4975723ce272291dd99e0d9f0149a03b73ad8847d7043a,39466,0.0,0.0,0
R2_aB_m0,2,20,E,COMPLETED,9,63,6,3,54,366f1086c82166e75f04199297ea70c05d444b51dc3ef25c50b39404ce482506,ea14f954b3b2ee171a7a9f3510bcd75bca224beb5f3febd4ad92323799eca5c9,40117,0.0,0.0,0
R2_aB_m0,2,21,A,COMPLETED,9,63,6,3,54,d274cb9fc9863d9352ddcf17a96bfaf76b2526b3494cff4f7bfa0dc0fb0c618e,dccd8a43943539ba254f210553e42797aaba2e72f0ba0a63a0d9dc764be0c6cc,38348,0.0,0.0,0
R2_aB_m0,2,21,B,COMPLETED,9,63,6,3,54,dd81360415fcf84a55bc399ebd9f9f89631e2e746298d16b5d1d1fadfb1601ee,45a6f43d1a3964145d77921b911b90580b2b55a23c3420701fc57a39a177a7f3,38837,0.0,0.0,0
R2_aB_m0,2,21,C,COMPLETED,9,63,6,3,54,f0ff7ac41b54b6001a4b11f21443a189a94e920cce9f2bf0ae0c5e8270a1c7e0,a908cbbecf6c8e626e96ca5e64d69de77cf230ece39797ab19b5e6c1c585c358,39436,0.0,0.0,0
R2_aB_m0,2,21,D,COMPLETED,9,63,6,3,54,ced4ab14d0d17738195f44697069ce29937204e2e7ea0908ae2ad1e18369c7e1,0560cb51839e28fddfa157825514463061c8fee62afd589e3222eab4eed78c70,39493,0.0,0.0,0
R2_aB_m0,2,21,E,COMPLETED,9,63,6,3,54,10ae22f4066ef5e4f276a433b037466b077ae1054217ac8dd23951604be941b1,942605aaf63f0ff3c944c7f459758f6358f8b5c48dc8fc1901ae9edc1389baea,40127,0.0,0.0,0
R2_aB_m0,2,22,A,COMPLETED,9,63,6,3,54,f1eb25a4dc3dcc1d00a2f7168de447055adde1383880dfba2fe944d15ab4550c,2bc4c4b651e93858845dcffcc034a26a45e119eae69fc4044f48283aabfac203,38344,0.0,0.0,0
R2_aB_m0,2,22,B,COMPLETED,9,63,6,3,54,408a76202a9504630d6b4bba4046b4122f6d85e376ca3d89ebd0f9a93f1b6682,22387c15cb6ac631c6999c29bc49d4999acdaff457184e822cdac07e61ffd896,38947,0.0,0.0,0
R2_aB_m0,2,22,C,COMPLETED,9,63,6,3,54,15acd65584464ee12abac6a65b3e1f868c7ae274efcca27bf4d4f22a8727285d,98bbe9759776e8c0b5828934416568cf6dc4c1afb56d961cb13f042c822c4dbf,39468,0.0,0.0,0
R2_aB_m0,2,22,D,COMPLETED,9,63,6,3,54,170846524222ecc17313444629c3835aa4619950193a025d9f4bca4066cfa4e8,2dad6fc950af95641a215c376e41c9e80475023f8b3f15fde4394700fca35bbe,39519,0.0,0.0,0
R2_aB_m0,2,22,E,COMPLETED,9,63,6,3,54,6f9233d64e506a10255024eea903303356bd911113eff6935b51e245b311d1cb,a80964ad1ec71614d7a7535e064b8306ff97731d42c452a1df756c1f98c010a7,40144,0.0,0.0,0
R2_aB_m0,2,23,A,COMPLETED,9,63,6,3,54,f13c326d9a53b6f2654db83f201144e1dfb58680b7f0c83187d993e23edf0b01,81678b215588b975b518c6d52862c9bfae1facdc3075cbf2706feb57228e7508,38260,0.0,0.0,0
R2_aB_m0,2,23,B,COMPLETED,9,63,6,3,54,a3e54185564c74d3e2315a45c16cb356cdecc2d177d9ceb3f1a1caff01271204,4eb3408b4480aaa91024a183f6de99cddc04d8ab3a0c0f9a1d5a3e4a0c2bf12f,38903,0.0,0.0,0
R2_aB_m0,2,23,C,COMPLETED,9,63,6,3,54,63c4ae66969924813ad15779e1837334d3d142266fc72d31cfc2e6997a27e2e7,d2e0aa81cb3bc379b02baa5755635004298d4f6ecfcc80c1ebda645b2d3771bc,39421,0.0,0.0,0
R2_aB_m0,2,23,D,COMPLETED,9,63,6,3,54,aeeb32e38e960fabd5c3c9f15ddf7607955feb334be7c1e9499fa1e5cc71f226,0db0afcd7172f9acdc46898d08a5fd6431ead96a6c234f53e8ea44eb80a114b5,39420,0.0,0.0,0
R2_aB_m0,2,23,E,COMPLETED,9,63,6,3,54,9231ee1c3178db8b647e9893cfcb569928200b6dda8eb4aa4b366f35f07ffd4a,08f84157096fd69ece87eaceda2b3e810e2b00af5deac5089ab06736bde04932,40084,0.0,0.0,0
R2_aB_m0,2,24,A,COMPLETED,9,63,6,3,54,8b5b732ea380983f0ebb7f31756288e1d6e5cc6e35737794c49d10a1993d3bf9,bfe4c5116167ef4dae4ba7daaa72b296d2058c5a5ea0025d7df85c2778d65ad6,38360,0.0,0.0,0
R2_aB_m0,2,24,B,COMPLETED,9,63,6,3,54,46947677786beab24dc371b93592a90cc5cc3aba693672a120af6691b46c9927,d88bb810ed4b58d845c7e3ac6320df25c9a6553931816d0e82d487d33e5c2e79,38956,0.0,0.0,0
R2_aB_m0,2,24,C,COMPLETED,9,63,6,3,54,f4c40dd922f676682e619102ecf432c7f81b5cb8b37a49ac824a8305b46a6a25,21a48c57e18eeab071038fb2bf2f7911819017f841da79d5173e68a40a4b8cb1,39462,0.0,0.0,0
R2_aB_m0,2,24,D,COMPLETED,9,63,6,3,54,0bc98a42e5b14a1bc96801e37e91743b6a1ca96a3c801d53a9fe57190109dd92,bc318b3a5a590df7115b7376f3a1a9895911774cb7f2d61b0e3e7ac2c8176f68,39483,0.0,0.0,0
R2_aB_m0,2,24,E,COMPLETED,9,63,6,3,54,0301e82e3c0b4e37140335c6cf4507c941f146f23703f7a490c0b11a0295267e,bc0a4635f41735014893f28547cd4d80438a90babdc2ec570dbce194016c3627,40086,0.0,0.0,0
R2_aB_m0,2,25,A,COMPLETED,9,63,6,3,54,f6751a8c9e19ac53b6cbfe221341afc34d5363f957a52bdf389907dc1a6811be,bb0cf1bca26e0ee7e300bf820ea303fcf3649539fdc098ebdbf3d5c7ec8ca4b7,38338,0.0,0.0,0
R2_aB_m0,2,25,B,COMPLETED,9,63,6,3,54,e82254588fd871a698095cbeb3b886fd19fe969777b69f98725b015e091f9484,0fd04f71d0e0ac33ba95466929a34906b92c04a0787930b318c3d3e73aa3e430,38882,0.0,0.0,0
R2_aB_m0,2,25,C,COMPLETED,9,63,6,3,54,a3f410c29dfeb999562790f739b05e2b310be612698ffb9d409a9282d53ae506,39e79f8e3eea1cb965f44af6de31490bc2ac90091139bc9d469e8a4517c20afe,39408,0.0,0.0,0
R2_aB_m0,2,25,D,COMPLETED,9,63,6,3,54,9cb86ee0a97e512793766b678381c179b5e0f3c6522a858376638737fa67e537,b7dcbdaa8c1835f25e02ca1b9539f16126e970d89702e01a5b1b2482f153552d,39447,0.0,0.0,0
R2_aB_m0,2,25,E,COMPLETED,9,63,6,3,54,762b8594b815be1e7411cde5dd269ad7f65135aed8df9093e7ba243d68e6fa20,4a91e6eba95fd4979aa5d8a07414ad887c0c75d8cd908e89800c2956796c9a67,40136,0.0,0.0,0
R2_aB_m0,2,26,A,COMPLETED,9,63,6,3,54,85f2c58ea570f459a210de7be29d4b005f480d2c8ae473fdf6a8f6396982c54e,264d430e6426a3a50b25541924551eb9691094a9b9aba930f3db892fedee01fc,38327,0.0,0.0,0
R2_aB_m0,2,26,B,COMPLETED,9,63,6,3,54,8ff4e557b3730f4ab1fdbd382fb9427a798fb121b336afd8a61124def5fdccab,23fe4e756b986276c1369f559d881b255d639364bf5d7aa371d8dc15c90a29ce,38980,0.0,0.0,0
R2_aB_m0,2,26,C,COMPLETED,9,63,6,3,54,22cb1d73c16af498b48dcc14d87ac93d094ba54c58ea757d95d5cb8aacfde0c4,1ccf7bf999ed5dfeca2319bf4d60a0b82d94c80ed65dc9f34924c477dfc4d494,39458,0.0,0.0,0
R2_aB_m0,2,26,D,COMPLETED,9,63,6,3,54,c7046bb0aa3948843d2945fd41464a67d71d88782dd5a5359cf3730b11044667,7178c2d2f85a4fa35007fc379e53a6de71b807d82eb0675ddb855a79176d5a45,39444,0.0,0.0,0
R2_aB_m0,2,26,E,COMPLETED,9,63,6,3,54,cac98ecad540c833c8df76be6019e758e0a966c5efd1cb12bb35aed7522e0fd3,3b39f357f8d613dede89d4e6e7412d587237ea57aae8d7ff46b7de88a8ae3356,40117,0.0,0.0,0
R2_aB_m0,2,27,A,COMPLETED,9,63,6,3,54,542ad660cccabc1c24681508fef5b4274fc77d504ad5de31ce73c5dd2a42e843,fdd4e01b491104c73fd8e9b55b04bc29af628f6ee77170e26e59379a3ed02162,38283,0.0,0.0,0
R2_aB_m0,2,27,B,COMPLETED,9,63,6,3,54,f05471fb0351aac7b50d6f807c7eec71ec7194cdfd099bb046d13dde5ff75afd,4d047f918f72bf8e1ebf4095a1f8aa06578f962dd3b4860805b4f6ec9b3b1fcc,38932,0.0,0.0,0
R2_aB_m0,2,27,C,COMPLETED,9,63,6,3,54,d5d68063a416e5718fea4621b7120b9830649826eed9abe314c78256fd4d08cc,13cf1ccc0e3501380be99c5ab1f29439939e8b89edea79f8fc2560d35026efcc,39430,0.0,0.0,0
R2_aB_m0,2,27,D,COMPLETED,9,63,6,3,54,2eb963a59fb5f2efac31bb43b2b0129be696f6f1f08c1ec10b2e5bf80b8c8e6b,aa80940769ed8c5788c82928abf300e742217961ddb02d80f530458ffe8abb3d,39499,0.0,0.0,0
R2_aB_m0,2,27,E,COMPLETED,9,63,6,3,54,cbcd81ce00f26e9ae93fb4d95b91b4c3c2e8b1178d30a2e2275a59c3b8fe8ddb,9ec722dda7c5104cd09a4472d0a2040ac8eafca889adcc6c4601408d15edcbf6,40200,0.0,0.0,0
R2_aB_m0,2,28,A,COMPLETED,9,63,6,3,54,13fcef50aa66eb1695cb3668bcd4e492223c447aa010361bcefb20d7b92160c0,0737765d7f20abd90ad6ea5f51cb033c0f2717780e4506d31fcf321df132fce9,38375,0.0,0.0,0
R2_aB_m0,2,28,B,COMPLETED,9,63,6,3,54,77085be5594d8ef9a9a852e578c340452b3bfc6bd254fde71e4bc0c26bbea36e,5627e0ce5e75a9bf7bc2b46382881da0f123332d558ec91b99cd8781df9d7e93,38901,0.0,0.0,0
R2_aB_m0,2,28,C,COMPLETED,9,63,6,3,54,78ff6353fd3cde160e708521734dbbb5df5b9fa8b28b15310b9a1caea16b1b99,57a086b97fa34a7caf44c36096c33eba54856ae93666f93bcc493b2f0ab455aa,39386,0.0,0.0,0
R2_aB_m0,2,28,D,COMPLETED,9,63,6,3,54,37132afa5acf254d2e583b729a5a528216745992387b09ae2dbf7ed0e27250ad,6b28de331bdb2a0ad0c71357681d58bf2ccf2b5eacb7e3b221066c90f0a6913e,39467,0.0,0.0,0
R2_aB_m0,2,28,E,COMPLETED,9,63,6,3,54,7ee4b0c7c94fd8fe91240c6817c515d9fdeaffd2e5752e4e3258bdd0a24d51bb,417d6d4a5b701f17cb80c45f3e33d4b5bd69701798419db2f771130697e64b28,40152,0.0,0.0,0
R2_aB_m0,2,29,A,COMPLETED,9,63,6,3,54,6de046ef935e52ad56f8f80b3cec04edab6c7e92cfa77121273510550f40944d,336ad8a8f27053315eb70ae8c4dc770d64e3bfb6182a8e899df8c9eb45bea91b,38358,0.0,0.0,0
R2_aB_m0,2,29,B,COMPLETED,9,63,6,3,54,f044b64b79a4619d9fc9fa29590261800f463ce0beace4bc327c4c8e678161f1,3b891db45561fba75ec4e8ddc2305b66909a8b3dc215fd2615d46b9ed3b4e134,38975,0.0,0.0,0
R2_aB_m0,2,29,C,COMPLETED,9,63,6,3,54,d3e08f59e641c45e2fc7cdbdc7dddb7d4ba9d864988dee7c64911b6645f31ba8,b4a728eacf174269767fb53ea5ddec8b47061655999225ff4a3c1a449e62271c,39464,0.0,0.0,0
R2_aB_m0,2,29,D,COMPLETED,9,63,6,3,54,f4bc501aa5f982c3a42824a76c4d79623eb5770ef2ff4db6746503f8241ecc96,e168f4eff2aac86f79551b5d804bb6d3693ead4c8ecd11d92072c957a0b57636,39472,0.0,0.0,0
R2_aB_m0,2,29,E,COMPLETED,9,63,6,3,54,62a58753433cd8ea0f784520474091fa8a1fcfebe508e854893bf3b40e43e58e,3c6631821e0c24bb81f7aea1b89fd86823c0273b04802ad81c1a0133711deb00,40158,0.0,0.0,0
R2_aB_m0,2,30,A,COMPLETED,9,63,6,3,54,6b551fcb85ec0c3bc593024109a560d9f738d1c82257ae1d49617111aac95616,b18387cccada93533d665eca36cad1ce4a32d86265512e635d0dacd00f6112c6,38312,0.0,0.0,0
R2_aB_m0,2,30,B,COMPLETED,9,63,6,3,54,3d158750eb83244b20ec3c79cb6f00c20a0e70342b9820d00afdf13c6306eeba,69384adf0226341bb035332a3d31d4a5496919df52b836391b9414592a5b35e9,38911,0.0,0.0,0
R2_aB_m0,2,30,C,COMPLETED,9,63,6,3,54,8184fe52d9d1ee5b0cc0496e1a2c8fb2d3f555af3c2b8ebbcdf529efcf51fd16,3a45c752019d5f35293731770acf442e8a1de9ddc413c2a8c00af83b88f4fbe9,39387,0.0,0.0,0
R2_aB_m0,2,30,D,COMPLETED,9,63,6,3,54,9ad51fab9d30de15f3cd8a8caad3f76def10c10c7a0a4fe97c684be030204df5,58a9fa1852b754caa157f0b7a29f2e032acc33be5ff1cffacde276aba6f1ffd6,39477,0.0,0.0,0
R2_aB_m0,2,30,E,COMPLETED,9,63,6,3,54,168e5f7160554518599c6d49ef89aa7314270ad4dd866386877c8bf37186ba5f,7faf9e9c3a71cdb3f704d003315415473a68cfa15ed43a9dda6ceb6a057b9f5f,40104,0.0,0.0,0
R2_aB_m0,2,31,A,COMPLETED,9,63,6,3,54,149df899a4e7c925fb8c256655fd7e37dd354703ec6a3408700412baaab9a318,fb05b0456ea4a2f4b70929bb5b187870beddce580b4718ca8fd60fe84496158b,38332,0.0,0.0,0
R2_aB_m0,2,31,B,COMPLETED,9,63,6,3,54,8e3297d6192f421a5cb3932e231a4428ccbfc152ccbe9b566a701d0119a473e3,ffecc2a98d9c633675892b08ff7d4f5771a0b05de9f60f5cb765e7d1b85e5575,38885,0.0,0.0,0
R2_aB_m0,2,31,C,COMPLETED,9,63,6,3,54,52f569534dd5ba21a877689fce280ca419bd373da846be33db26e6f54bd36026,7219104b6f14c963bae78061e3603e03ca07016a0bcdb6b4f46d05d3928b199e,39407,0.0,0.0,0
R2_aB_m0,2,31,D,COMPLETED,9,63,6,3,54,a4b2986356c7dc7189923cba8d6e5dcb7d3de3504597c1746ca62e86e9b9cff4,f57f3c803fbc33d158404211e33d7b2af5fd09d52f15a9d8575f9004bdb43a8a,39452,0.0,0.0,0
R2_aB_m0,2,31,E,COMPLETED,9,63,6,3,54,bcd5788b4238b9b57790c46940af2dc85dcc61994b4af5e3f1d02d48306e4e94,e8d81ed4eb9f98173e33f49023c0cc76523325c4b830b268ff12700620eb6b1b,40110,0.0,0.0,0
R2_aB_m0,2,32,A,COMPLETED,9,63,6,3,54,38f8cd1868a3e4c474a8cac1bd3096c0abb2367bbc74278d3206aa153c978532,b3473f81f1215a60a9147b0431c57fc964626566e31e16437e5cd29d9afffbda,38300,0.0,0.0,0
R2_aB_m0,2,32,B,COMPLETED,9,63,6,3,54,d3c0196506e6b658b6208ce9e7eb540989e952beee953faad4c877ae86fdc143,dc53f00c7b47138e3e771f160b61f5820605b6c106395245230d768815d636dd,38911,0.0,0.0,0
R2_aB_m0,2,32,C,COMPLETED,9,63,6,3,54,80556d609e8e30e9cad56f74ad03a42fa7895926751b77092bbe118e59205b78,edf16f6989676919dcba58cecf43f8f8d06013472542b339bd4bb9f3d181367f,39435,0.0,0.0,0
R2_aB_m0,2,32,D,COMPLETED,9,63,6,3,54,8e8749ff8ff07df2855c654213a9a53df895199a66c5c2084187d50227a6101a,442a7a171dbf3b3c7b7c6012eb1b31b10aff8c70a7eac9d17ca4a333b0380688,39424,0.0,0.0,0
R2_aB_m0,2,32,E,COMPLETED,9,63,6,3,54,597c75bba3e536e3f3d29d4efcdd202d8c5f4dc3eee97a65834afd2d5da8fc5f,516043e7b5a87500533db5cb826f2afb1a58a502fbcf33ac0fca3b0e65f77ae6,40131,0.0,0.0,0
R2_aB_m0,2,33,A,COMPLETED,9,63,6,3,54,fe3ec4d919b7871c6aea8bbe9e4ad79419fe3161ef82eca7b3c4bfe9802baa6e,b4d85334246d411dd750efad901a308e5e3e64125eaf15b853f14ffd5742b702,38354,0.0,0.0,0
R2_aB_m0,2,33,B,COMPLETED,9,63,6,3,54,d4e9cd88454451912bd43053399590e0f4bd6415db78c39e7134eab82809f953,170508b4dd2d243bb4a58554553d7036297f8cf17746b85b6fc07f0710c1664e,38919,0.0,0.0,0
R2_aB_m0,2,33,C,COMPLETED,9,63,6,3,54,cbeb8a94d4af2d6c28d4733fc5b9f6081143bfbf65c5d8571e18d66d29f9f36d,cff3364fba3273e9f83f3cbd4404b1365b838260d48ae2aff34fc90d20da0a25,39480,0.0,0.0,0
R2_aB_m0,2,33,D,COMPLETED,9,63,6,3,54,c6ca73322316b6460284044babe0dbde33cb17fa6e721560c508ac22997059f1,b34eb06aa54f89f57f736376c03bd1ee424f7d3e1cd07d6b99e67357ab835e4c,39482,0.0,0.0,0
R2_aB_m0,2,33,E,COMPLETED,9,63,6,3,54,1fe6cfb972fca83abf4b7c413b45fb4d21b0df5ac516073040ef8935cc6604c8,70bab4f6ac7033aa132b76a6918b60e260937cbc4688b9f647be762763d988ad,40099,0.0,0.0,0
R2_aB_m0,2,34,A,COMPLETED,9,63,6,3,54,6b1c38c747f6f8212228dfd32e2fbf31eeaf4e30b386aa77a139a15371280098,e9f21dabbb83fc6759f8643085e058f6ee63d72150278f8ddef595c4de1fbbde,38276,0.0,0.0,0
R2_aB_m0,2,34,B,COMPLETED,9,63,6,3,54,866c2bbf0c482456370b1eb101d6cfb838bebf202f07b6f30a3519844bdfd7b1,4b7cde99cd01aa08d1fc722bf40e9360e214d623eeca8dc98f1c0e37948229b0,39012,0.0,0.0,0
R2_aB_m0,2,34,C,COMPLETED,9,63,6,3,54,28e045f7beb7dc50126fa7b6b424823d99694088913e41465aaa93795a9d5775,faef6a912c022298c41361a1b1462dc62610a978a2750f083b7c843000bfa56c,39469,0.0,0.0,0
R2_aB_m0,2,34,D,COMPLETED,9,63,6,3,54,a89de47a53df3648b92278edd342140bcd9d6cd43e88d0e4f5c25874a107415b,2ddce325ea63fa11e5c8914c0052b98281dfbaaf3893ffbdc5445732ef1b441e,39430,0.0,0.0,0
R2_aB_m0,2,34,E,COMPLETED,9,63,6,3,54,7003f84b8580d2068a808e8f10cc3d9e78b697e2e84fcd0062c20929aab21fa3,988d7ef224b3534cf839d0f925ff5f786f3d2b4bf80b5a771d6999d713522cf7,40133,0.0,0.0,0
R2_aB_m0,2,35,A,COMPLETED,9,63,6,3,54,77ae45f0897e1b3d180a75d7f08a3b9409ec12c377c4f91e2c0a40bff03116bf,0c4e210f14bef70abadf54e4182c9a36591023c33511bfead382b51219cd339a,38323,0.0,0.0,0
R2_aB_m0,2,35,B,COMPLETED,9,63,6,3,54,a5d773a60d5fea3d0555fc2d1ac7eb4fc0f1311813552fbd60a6e3beac3a8fcb,9f93220deb460e4bdbd640e0c82949de12018ca6f55aa2b23b129402a8122979,38951,0.0,0.0,0
R2_aB_m0,2,35,C,COMPLETED,9,63,6,3,54,c1e0d40f0fa683767fac931b193e68c8dda07655d7c7755d28ad7e2a5be380d2,88718589e6ee488e898c91131823e9f8f526407dfb982a5767b9d231ec90b7c9,39416,0.0,0.0,0
R2_aB_m0,2,35,D,COMPLETED,9,63,6,3,54,8fccca1e30bbe11915d71e8896094c83a4679e2855d6a335511bd4c274ee3faa,b26bbfd9b8ccf51ebec491ba1ba3b3c99b90130750b7e0394a97d51774d6a29f,39446,0.0,0.0,0
R2_aB_m0,2,35,E,COMPLETED,9,63,6,3,54,36bca4b12852bc49ed464b0741dfd6120cf847336b0031559b27a32b74110952,f6e7449d5c1e72e32aff2921320aa9f1556c3c2d91801d215bdb4ee995f6d79a,40090,0.0,0.0,0
R2_aB_m0,2,36,A,COMPLETED,9,63,6,3,54,9243721e1a7ce2db4de11e7ce8e6ff0c8bb6e52073d371b0133c2b9a7424da71,38fb689494f82fee9de29941a916c3d609df4bc1b6e27fd301752fc6b661583d,38396,0.0,0.0,0
R2_aB_m0,2,36,B,COMPLETED,9,63,6,3,54,5213421982b185feae6951c35d47db96f66df0caba8b59a876725939bc244c11,784dbb8235030c026db9a59437203e0cbe1495db76fd6cb11b433e05cc1f7525,39002,0.0,0.0,0
R2_aB_m0,2,36,C,COMPLETED,9,63,6,3,54,b27cd38a42b924bc1383a07e3300f416d95d6e33572e1ed8620ad8007eea80d6,e496a9574490d7db49756d754658e5adeb7c3ad908ea13eb26013ea56bf28649,39375,0.0,0.0,0
R2_aB_m0,2,36,D,COMPLETED,9,63,6,3,54,9f53857e343504ed5c1a7ef2a2f5efd25174ebd22d4643146176d7a5f10f9170,b65f4383a256b41ca4af0229a67378116f5c04b9271aeaccc8594db2441cf5b1,39492,0.0,0.0,0
R2_aB_m0,2,36,E,COMPLETED,9,63,6,3,54,c4061438f73e33086dd0a35e0064c92c38c263f96e8b1126986b4f72451ae366,e2fdab9ed487f279a66daa0a484724dd1a9e3e8c57bc11db3f23304b132ebf3f,40174,0.0,0.0,0
R2_aB_m0,2,37,A,COMPLETED,9,63,6,3,54,be7505796e7f4aa569904654bea7641d76465a35fecbd0783a7a67be84dd1af7,293c58dce3aef8ea8d406d6d16410edf6e267a32118519038e58bffd79ebd694,38349,0.0,0.0,0
R2_aB_m0,2,37,B,COMPLETED,9,63,6,3,54,ddfcfbb398c1057a66b5218279ae3f1277971d39f289e40e4897c31ff31545f2,7d0fa7c061e5da55a070421a02425e47133ad16a910c73a65c729ffa66a09121,38914,0.0,0.0,0
R2_aB_m0,2,37,C,COMPLETED,9,63,6,3,54,5d0672068ebda3ad12b192c044d6fd0ab59bb11248a5e219c6342d9602e9a70a,4dcdcc7d23a67032bc5d80035d9c7e3522bfcfc9e8f80c9409284ef77dfe7703,39478,0.0,0.0,0
R2_aB_m0,2,37,D,COMPLETED,9,63,6,3,54,00782ddc305e591bd4665e6f7fafe1f1eedf2d764f41a0d77d73a5c0fbc18054,aa88507ea1b9713cea61d869c44d0fd240d089d3dd700ec783e429f19866201d,39457,0.0,0.0,0
R2_aB_m0,2,37,E,COMPLETED,9,63,6,3,54,a285e8cda99170f3a27a001cac6f4e56212ec7806c6c0f63e3d4d3d722f707cb,fc02738555ab4e37420d7f602d0438e8a65ccd43c191dca04726757ba3581fa2,40157,0.0,0.0,0
R2_aB_m0,2,38,A,COMPLETED,9,63,6,3,54,f0746c74f9641be7ed03703fbb9ee793b714588e7f9246841fe55f9d0c3d66f5,d0f23c2f7641f1623a10db750ac027d2cc445b9d124acdd5bb98a767dc10f611,38347,0.0,0.0,0
R2_aB_m0,2,38,B,COMPLETED,9,63,6,3,54,d258ef66043a32ad676025720a0ebbe05e1a478b67611e61cf1f80a845ee5ee7,7575b5552ec8d3da5015c394637947091a6b3d82a9a8e8058279ba467c5e3f45,38955,0.0,0.0,0
R2_aB_m0,2,38,C,COMPLETED,9,63,6,3,54,3d406d3eb2036a72a4fe3001706dd25b4dd887e8e46302f17432db3388d593e9,6c353da578986b7e8d5e953157311fded955260ca069268d6deb99560b0f0503,39430,0.0,0.0,0
R2_aB_m0,2,38,D,COMPLETED,9,63,6,3,54,4cee501836c337072915a996d9e9235c78e5e70626728fad71db83e49dbfc909,deefb44e665eceba257f2d6abeada5a913deede0a184b03dd2871deecc29fb6c,39502,0.0,0.0,0
R2_aB_m0,2,38,E,COMPLETED,9,63,6,3,54,333178a46288f42bae8861fdf2748b21b8e2cb0e91d5d89162df2e48cb7f087c,9e16a27e2949d32d9d7abd682b8fb2b532f9686f2331142e4e4aa58738e21c50,40128,0.0,0.0,0
R2_aB_m0,2,39,A,COMPLETED,9,63,6,3,54,e603215e3c5890be4135af087ab7c16299faecb2d95b121047d5a535d614073c,740567f28458b1195871915989aaf7ec164637b06db80622b81ba0338048412b,38405,0.0,0.0,0
R2_aB_m0,2,39,B,COMPLETED,9,63,6,3,54,425428c1d7a6760c2276b592bd3d8db824a750c08be3159f4c7c2f848f5852eb,6fec2ef37543167de9d094ebbd402bd0b0995832460f2bebf237416cdcc9bb10,38996,0.0,0.0,0
R2_aB_m0,2,39,C,COMPLETED,9,63,6,3,54,6e327c7982f1d047c741f3dea89457283ad4e808fb534b6a85c9d0e93171244d,b61798da9a14e9e749eeaa545ab526a3e30d27babd77cd6e509a2463206a7d6a,39506,0.0,0.0,0
R2_aB_m0,2,39,D,COMPLETED,9,63,6,3,54,fde371a24c759c671fab0d14309ca9392d837168e525b5778d14de0241ca5d17,4b035ce6adb25913ad35d420fa18691e20eed21b0eb64c5d3c40f5d07dcb7a6e,39516,0.0,0.0,0
R2_aB_m0,2,39,E,COMPLETED,9,63,6,3,54,5d3f8b3d545e8d17df60f8b8df9ed45b542faad411b239d83d15306ed3a9503e,b1c0657a118246c43a388f9767c2267c4144f277c3f1e1216688794e73413047,40189,0.0,0.0,0
R2_aB_m0,2,40,A,COMPLETED,9,63,6,3,54,4c3c8d88fdc13c471d46b4b382d52070d859a8148a81ee575bfa30573aaec87e,dff1bd70297fe77a9f98b39d28a913f002ce2b08673ed3370816bccfd7f6c261,38347,0.0,0.0,0
R2_aB_m0,2,40,B,COMPLETED,9,63,6,3,54,ec829d9ea8be37cec730d499c9f4477a883f8d0c01574280682ff13bc3c8a2f8,32443325c48d490fc79fdadf2a3e24c5df7e0e4e210cf6bb223072272babae78,38987,0.0,0.0,0
R2_aB_m0,2,40,C,COMPLETED,9,63,6,3,54,8a004e8e5fe7e21ccd40aedcd58418db2f8747eb2c1f3f95f9f81a3894d44543,a58641c3d39bda57ed7e7f3d682b77786a7f3e727cfcabfda3d36de8d7776039,39431,0.0,0.0,0
R2_aB_m0,2,40,D,COMPLETED,9,63,6,3,54,3a6275f0f9857b3e28d7dd97ba85b5347c25b87219552130f48a5902ac709fda,db8e9d81e554fc0a034b04c0432ad506689edd79a8a5ac62b1f172e7cef39618,39471,0.0,0.0,0
R2_aB_m0,2,40,E,COMPLETED,9,63,6,3,54,650f508e1965fa16f61e0aeaf7520fe87436c0d00e3b272388f8b7a206f064c2,0d553c2f0dddcc1afbef2b5c1aa6513eb57aaa8b5ecc6082d448c006c1e0c051,40068,0.0,0.0,0
R2_aB_m0,2,41,A,COMPLETED,9,63,6,3,54,916a54edd039b15ec7c921a2b2b8955afd70e3b208797b1b9cd0244b04bb4930,4e7a4467654032c770aca42d9b052c30a2700d4e83cfa0e2fa9a33ecd85bc3f7,38324,0.0,0.0,0
R2_aB_m0,2,41,B,COMPLETED,9,63,6,3,54,495e2fcea59877ec48c8170fab95bac06faf88cdcffee82dabc5850d2837af1b,f788e378799597fe32a95f70ba8cd7d62c2aed9c5085ea3a66e9c20bf99251be,38935,0.0,0.0,0
R2_aB_m0,2,41,C,COMPLETED,9,63,6,3,54,1f6e5491924bbd874f88031bc5b558dd16cc7a08201eb3962fe30d604bbec8b0,a93d32f0a5a5afe1b92da7243b9856aface6952e4663314815ec732b0c82bb2d,39448,0.0,0.0,0
R2_aB_m0,2,41,D,COMPLETED,9,63,6,3,54,f5d96cf328399720352e122be76ca318406c838d73f2d41a4add7654dd557143,9390cac1f2aac52d80996fea444acd1487977d559899da93b3e67692f3036bbe,39451,0.0,0.0,0
R2_aB_m0,2,41,E,COMPLETED,9,63,6,3,54,d468fe0558b97dd3a017e9f06415a0c15226efe5966f5c4413ce2c37e8eba593,ec2d72411752a88758f72f7eff7384ed8fe6368f73e512816f9a113f3672b836,40109,0.0,0.0,0
R2_aB_m0,2,42,A,COMPLETED,9,63,6,3,54,fe9ac4afc7c1dc388ae2b43467df8fb28e59bdf0bc21a542e98bede6d92f05e0,e84afc3b0ca21ad5814cc76fcd7ea261cca219a669d205dd448253b9157195a2,38296,0.0,0.0,0
R2_aB_m0,2,42,B,COMPLETED,9,63,6,3,54,99ab3f4221d1036f023719307fa96f78ed88ac664529bc594d1dbb18d9913e74,06d5838e0011c9ec6fa6b2582844e5cdcfaba813554ed9fad154601aa5401829,38893,0.0,0.0,0
R2_aB_m0,2,42,C,COMPLETED,9,63,6,3,54,b2321fbe2b095a1db11daff2e47e4e149ca836e1d6de4d91209a92a3579de45c,434ddbaaebb69575a6f6fb294a800f80360bf17269dd73521090af5b411a097e,39413,0.0,0.0,0
R2_aB_m0,2,42,D,COMPLETED,9,63,6,3,54,7a391e90b129db4f31e3349b4ca6b40d450502142ac64296da6f1daf689a0dde,81b874087d7b59d478f31283d1a4dae5ee2c905c10ef5f5290972530c85bb9f4,39409,0.0,0.0,0
R2_aB_m0,2,42,E,COMPLETED,9,63,6,3,54,f0f2a858e631168c76a888bf86f49f5d2e50d49ccbcec8d348fc1008bd69fa28,6301ea8299593a3cbb293a09944087d78f8c01b2a66496d39f9b338bcc5742e6,40153,0.0,0.0,0
R2_aB_m0,2,43,A,COMPLETED,9,63,6,3,54,2dabae8f3501d8c94babf80c1dace71db13b1788eca081e16418d32aaae61a98,1d645341d8a5a8b3c7e53a822e7e3b4d8369ed8f6bbb7b414fae67d2cc0f7805,38340,0.0,0.0,0
R2_aB_m0,2,43,B,COMPLETED,9,63,6,3,54,e10012e8f5b353b2003df3d0205337dedb470c90892dbe4b9074e0626332ca03,b3b091e971deab03e11d7d1633db1809d0b334c72b25fc59c0d287bea8136d9e,38982,0.0,0.0,0
R2_aB_m0,2,43,C,COMPLETED,9,63,6,3,54,a57e80a81491e02b9a92e3617055a8349e6b3c04a5463c3d83d1ff70c402dd01,e8c1bad2ab4ca431913ec771d816d4bb19b4d3a16a7a954d5f799c853f8f7d89,39389,0.0,0.0,0
R2_aB_m0,2,43,D,COMPLETED,9,63,6,3,54,a99a576de9614200ea5fda7c6a788196bd71382288552f65b75711869dc815cc,a12e084d8322ea3feeaa5f58a4b0ce29ab6cdaedbfabca1fb2588f61ab563519,39477,0.0,0.0,0
R2_aB_m0,2,43,E,COMPLETED,9,63,6,3,54,3734095b44792118d7134d46be853d6943bf25e3692b078a7c6b8045e493b14c,a9cb607ade2209d2508eff900d9fcb6ffcaa7fe5729ad20c87225b1ae5cd8d44,40139,0.0,0.0,0
R2_aB_m0,2,44,A,COMPLETED,9,63,6,3,54,b6d6a1f7965d90e51d904f6c0f1da44f44d27b1b1fea210418d5d7117f384e8b,04f221b8598daf858d6386c95d195103a41b4a0a3e83b0747231cfc7f55ce8f4,38315,0.0,0.0,0
R2_aB_m0,2,44,B,COMPLETED,9,63,6,3,54,2e10de13cf1f690ec102da9f4314c5c76ee1d01d01bcaf043c2ace09314fc461,dedebae61a91afe2b73d43a58ecb3c69255550f8ed833cb8f194711a2e17e6be,38892,0.0,0.0,0
R2_aB_m0,2,44,C,COMPLETED,9,63,6,3,54,5a1d4cbd17e8b078732378c68edd39cad45328f2f59303b107e500858ff50d8e,5febe181c33d1c4247b2000209c9366e859c977994f417f297ce62ea1830c34e,39386,0.0,0.0,0
R2_aB_m0,2,44,D,COMPLETED,9,63,6,3,54,a347b7cd7b56825471d15d953ce04f18f553bce2013e4e3fcbc10ce086b95857,846291a054190d71b2a37dfac5fea82914347395cfd93df38d47201463b01f51,39446,0.0,0.0,0
R2_aB_m0,2,44,E,COMPLETED,9,63,6,3,54,5ea8af513665d7677eee0cb74ae73149620caddee39d04e9434e4dda07640a12,4637c8023b163afe82cf23123c1a246383dc4fb4cc7115a4804a22d97d155c6f,40133,0.0,0.0,0
R2_aB_m0,2,45,A,COMPLETED,9,63,6,3,54,fcff3b2b43239f640d32c2d5c9063caab7b04e0e13f3fa71f3946cfc97f239a1,0437a8f2072a0358d1b43635d801d78168b5195146db1b9e2aad7a5b96c14ab6,38338,0.0,0.0,0
R2_aB_m0,2,45,B,COMPLETED,9,63,6,3,54,3ac5ddaafda0a7f50f4ad85eb98c7d736b62362963d0e02ca4e6705297bccdcc,9859f2ed52a4e00a21900a40d5e37aaa30ef52c960bb0a1a69e336910ef45381,38909,0.0,0.0,0
R2_aB_m0,2,45,C,COMPLETED,9,63,6,3,54,7c52d29e88038a2bce65e201be418e1cc4ccd3052fa08f04ee8b9ac1f3e690df,a89a5ed3e8cf98fb6a1635ee742ce95aa3b1f624c0b7c27dd1ca7047fe1dfa9f,39378,0.0,0.0,0
R2_aB_m0,2,45,D,COMPLETED,9,63,6,3,54,b3a885eddbab836582e238bf4cfc7de81c3f18c9d85d4dc210e8104bdda055ef,3b7f8907c76e70208d285cf86c5c8e060c83f310ee57dfa4e3b08c561bbe957c,39441,0.0,0.0,0
R2_aB_m0,2,45,E,COMPLETED,9,63,6,3,54,e26f15ffed042d87c3cefbec70c88ccb9254fcd050df40d7a0d7c6330df26cb3,f79c1ec32fac93d5134c6122c76929f114c6576aebccd6fb4e5a680fad8ceca4,40126,0.0,0.0,0
R2_aB_m0,2,46,A,COMPLETED,9,63,6,3,54,e3c366779b43ffaafc6975f6ff25d2c6f6887364d66c36a0dc7d66d26590dd90,4378e43616d3fb68dfdadb0dcfbfc0ea73dabd28da2b540965f28527863e66ca,38362,0.0,0.0,0
R2_aB_m0,2,46,B,COMPLETED,9,63,6,3,54,e4980dc27189b3424b923071adac2ad11d2c8affcb4a962f24806995e837e919,ac95ea3fd60967978f628fe280a4858ad25ef3f848ec1eb78143a501b80c6c3c,38922,0.0,0.0,0
R2_aB_m0,2,46,C,COMPLETED,9,63,6,3,54,cff1268d90ab1436df81d35ba5294647ccb39f2731451796641ca0cf7edc4d5e,7d4273e2a810985ba07ddecb19ce93b937c2d4395069236bd463694cf56c55f1,39504,0.0,0.0,0
R2_aB_m0,2,46,D,COMPLETED,9,63,6,3,54,7013c044c5dfa5efb6dbfca81a2dbcfa72a1db27a238b2bbd2be9bb300a0336d,68bb43cd95574439be1431d9a0c6ea4b0760699b61ae8e442215d87c374c780a,39443,0.0,0.0,0
R2_aB_m0,2,46,E,COMPLETED,9,63,6,3,54,0cb599ed782b13721f7e038a5d01f091e56550ac2c36e5b1eed5823353d6570a,c401658ff0690053d8b53e4d8744ca98ffb7ba0956e6e07006e88570687d6daf,40141,0.0,0.0,0
R2_aB_m0,2,47,A,COMPLETED,9,63,6,3,54,7132c7c4512a5269421e3b5744a2c7c9e4ac7fa73efd67552a7a04b5ee0c51d8,9a8126c70e0b6e087015ed2ea58245177a9df6ffc9c40e4f96674f8345f12a34,38284,0.0,0.0,0
R2_aB_m0,2,47,B,COMPLETED,9,63,6,3,54,55de2639069f790f9074e93ae9a2c432e9c96762a041ec5246fbb9d1e28c3d28,e58932a7838b3b467136c24af8c15c18383a9692f876eeb2b96e389a76d0ada3,38919,0.0,0.0,0
R2_aB_m0,2,47,C,COMPLETED,9,63,6,3,54,fbdd590c62e6109dd9ad6b7b306ee1f5c0db59ef76c780593c737fee806f8a45,ae1ff5f96fd79fe630953f94ef84fdb6cc7e745157dbc0b41f74bff718ad1ffe,39430,0.0,0.0,0
R2_aB_m0,2,47,D,COMPLETED,9,63,6,3,54,e88b5fee6a2523f1ab42b01b185d6ddc6dee9990f834a3e5c6ab8ea86d82e39e,bcf083397916dd927f4646372cac856c6ea2a5ae296e4eacd48ebbef1475e91e,39489,0.0,0.0,0
R2_aB_m0,2,47,E,COMPLETED,9,63,6,3,54,614531f4215cbc24fa864edc73a03156b0814a7d1919d89edab6d3ce7c0d5fd5,729948a4250d689ac797423f242cf8502a4e4e81a7d0aebbd7a65d7a82794feb,40115,0.0,0.0,0
R2_aB_m0,2,48,A,COMPLETED,9,63,6,3,54,ba3bf9705d0198fc0e980f44f2106081dea5844494391b484de827324d10f7d8,fafb55a407adb6d2dc1c6af11622f14cb2db649eb3ab966d13b232deec9001f7,38272,0.0,0.0,0
R2_aB_m0,2,48,B,COMPLETED,9,63,6,3,54,9bfaf1f3c7b5bdcb408226452393cd4cf1d12c4ac3ffa9c765dca5fffc5e8bc0,69da9515205c17f80ac01555cfdb2bf0d665328eb39f5e8b0b5ab4b902be1e2d,38965,0.0,0.0,0
R2_aB_m0,2,48,C,COMPLETED,9,63,6,3,54,a6afc10694a2338cb3e34754c670dd7120c4141195b23a0929a0c3c5bcbcfb90,c970bd267e699347a1ab1176a0539d8120f84f3595b8e29dd251cd876cf52d1e,39386,0.0,0.0,0
R2_aB_m0,2,48,D,COMPLETED,9,63,6,3,54,e41e8b55c14f4fef4b4d301ff13aea6fcffb27bcd39d7a3a26fd8a6757dd292d,371a359d50e36eb603eba594002afd37837fd795bbfbe1282242a3325683d22e,39447,0.0,0.0,0
R2_aB_m0,2,48,E,COMPLETED,9,63,6,3,54,bedb85a9439159a6c3eeb0f1ffe618ce26c0fc653c3801276e07ea2f729737b1,3e68fd9dd1bc79955fb3deeb43e8990275ebc21969a0902139853678d2104c1c,40124,0.0,0.0,0
R2_aB_m0,2,49,A,COMPLETED,9,63,6,3,54,bfbd9896a11a94e445f20ba7349d24839d0834b56bbd46469a2418417ec39a7f,8b6fc9f24e3ff1ee5866a7a7ea3a5c06bf2c518b02b856d7be251c1f69868c25,38358,0.0,0.0,0
R2_aB_m0,2,49,B,COMPLETED,9,63,6,3,54,134f3c7d51aa24dbde4082aa1522f1efcfe0576420407420be0679e78efd1bab,72647c7200d6cce480644408e2219587a7b779252ed80af01b3d8d5eabedb24a,38865,0.0,0.0,0
R2_aB_m0,2,49,C,COMPLETED,9,63,6,3,54,423214c79d40e3058709ba6f7811f16f32a49bc59f21405af21fa43788f3568f,61bee4caacd0c53a569d985340d1712ca059dc561d0337da45e532cc0ab51e12,39421,0.0,0.0,0
R2_aB_m0,2,49,D,COMPLETED,9,63,6,3,54,555b6c597d041810dd249bf597412d5a3361823206a8f6398944b22c58053fb0,afb02c91e039891e4e75b10f6008bce4d269ffaeaa01f4359053bd5b38f16d6e,39498,0.0,0.0,0
R2_aB_m0,2,49,E,COMPLETED,9,63,6,3,54,7d64e169b7e0fd9c85444124ec2b66b23c64c6454633621772d2502d3e31aad9,2ceb38414bdd6fd852367818a4c4e33b66814712c223a666d115f55103083a9a,40101,0.0,0.0,0
R5_aA_m0,0,0,A,COMPLETED,12,90,12,0,78,ebea06971a909fa928de21efaf06e8ed0de4f24be0690a1622f51d3868a8d989,49e85129c55bf72583265584a2a8cfe2af7d4787708cfc55be15819bb1a8b9bb,45523,0.0,0.0,0
R5_aA_m0,0,0,B,COMPLETED,12,90,12,0,78,c33bc2020c3d347e70019cbe6cab7f0b0892c690f8abba906aecd1fcfc0e7e20,27c0d0cab27a4cdabf11fc00ff05c712c03813caf2b5b791e2e9a47162e2a740,46442,0.0,0.0,0
R5_aA_m0,0,0,C,COMPLETED,12,90,12,0,78,8b2d06464ef2b471bd9a1331f49a787da833f2a321190c44a91b2bb5f2b7b0c2,4069fedd9de297af69603e478fae41c3d0149591fc4d58bca2e9ad6010f6f727,47044,0.0,0.0,0
R5_aA_m0,0,0,D,COMPLETED,12,90,12,0,78,6c426533f84f88d2e36bb47ddbed33689e7c8544015675bc2c8b34a8b9e3827c,1220d6673522491889739673816eef9b521e765c1a623066252e2020c2990c79,46997,0.0,0.0,0
R5_aA_m0,0,0,E,COMPLETED,12,90,12,0,78,b6163f1d788735c7ae59421c9c283cb4b77105db27f982c36c3fd749066cdfc6,b52cc3b477674b210d94e9e8d7418586fce975f2038b6865316bed87c6d68531,47782,0.0,0.0,0
R5_aA_m0,0,1,A,COMPLETED,12,90,12,0,78,8a3f4e2b7300117c38d1545a30b099629166ea8b445c6d6e995d5067d82c5aa3,5a7974632f5a785d2a37ee7b370ae7430503de05de218a25660f1257b73e4a6c,45594,0.0,0.0,0
R5_aA_m0,0,1,B,COMPLETED,12,90,12,0,78,5211ae65d9387909db0915e7380a1d88d063ccb040eedfdd7ee1245db9c9399c,b4f83eeafb45510ade3086cefb754097c363d00470802cce414467c8345c6cc3,46459,0.0,0.0,0
R5_aA_m0,0,1,C,COMPLETED,12,90,12,0,78,cd4c027317da0ecaaf67602b8669c93b50d9e2f1e2a9bf1e739f37c13adf3c0f,1be07fdff1d219f3a8037188eb14ae02b6a4ea4394a0f57ce4795e569b0bf449,47022,0.0,0.0,0
R5_aA_m0,0,1,D,COMPLETED,12,90,12,0,78,70b1318906f5b978c2c42f2c4d935ad8ab64a20b78848a732250875d1f876aed,5f7a576861c045907c737dedbe7826b0bd5260f24c7776a4bcfc2dacb54f8c6e,47028,0.0,0.0,0
R5_aA_m0,0,1,E,COMPLETED,12,90,12,0,78,5b9c378c13fe8ba42002cf5f2e1e9565648bc364fc21d6db43d470589aff5482,30d58873816af940493afacd9a0557ef673523ed5bee4ceecb75dcaa5a0b7b53,47799,0.0,0.0,0
R5_aA_m0,0,2,A,COMPLETED,12,90,12,0,78,ac261e9663892be8131fbfc4847fb3d4d7f8ae263d947dd0cfe072e090ac9e00,f1e26a0a1b57a1ac9aa6464c27ee118f0dc2b750414aa91cada75265cf1b7750,45489,0.0,0.0,0
R5_aA_m0,0,2,B,COMPLETED,12,90,12,0,78,1155637a0e75a83c9fd9def8ae0eb3cec02f295c3db70d650b4e5acb326d2fbf,d4360f956cfd3ffc8466d80c5d61eb36399a31d9fb87c3362e5208570777b164,46493,0.0,0.0,0
R5_aA_m0,0,2,C,COMPLETED,12,90,12,0,78,b2a1669e323cbcc465ba8bc49b6f6722edfb7921b6e1af934aeb007181e5a02b,9fb36aecf38e1a3f3321384feb4918a6604ba9f3b4e394e1f029da060c101b9d,47032,0.0,0.0,0
R5_aA_m0,0,2,D,COMPLETED,12,90,12,0,78,fd0aa560844efa869331f695b75a266833244977952314073d6c5e6534894e29,41bf15f52c94734f5583ff6a6c1a689f3c10372b0f830bf7ffb17b111fa17742,47045,0.0,0.0,0
R5_aA_m0,0,2,E,COMPLETED,12,90,12,0,78,1cd03d0012697a07d6eb620894264d1805684a5965dc9effc8f59798b811386b,2da23762e9fff5074a3480f87d91e2d8400ce4a6bbb353057df8a160a4bd0a01,47785,0.0,0.0,0
R5_aA_m0,0,3,A,COMPLETED,12,90,12,0,78,7a21ed4235e4b9e23fb0de1810fc3e19721194ea9ca23b26f52ccea8693e9b50,53ad91c0be074550d541849c49646975948b9dbf1fdfdb11aec27bae2edb4219,45489,0.0,0.0,0
R5_aA_m0,0,3,B,COMPLETED,12,90,12,0,78,7fe4a340b8f4781f9413ba8df66b1d3e8dcf7ab8f8c8baf9e94bbb6209bee24c,be665c1d196b128c69a552f629aa3414a86299656502292b170e453675bbe683,46352,0.0,0.0,0
R5_aA_m0,0,3,C,COMPLETED,12,90,12,0,78,0bf2c3491b8d227a2c4abd40f613980cf71be95b4898eabb6a41d8e32a3d336e,156a388f519bf876495c2492838a7b01e9156a464f913173037ee2fa342614ef,47015,0.0,0.0,0
R5_aA_m0,0,3,D,COMPLETED,12,90,12,0,78,a41c0881fca9462b13d6b091fb8e2372776556afd90307ef17ace25641853899,9c66057b6d08969cfd3e249d52b23d8f3c09b69e8c650d9161586d8f5f8f6f9f,47049,0.0,0.0,0
R5_aA_m0,0,3,E,COMPLETED,12,90,12,0,78,9a4ba9c1f77688aeb6d379da225c419da4e1a6a00c2cc1f5f0f6c7d079e84bf8,910548d629b61aa92bee8b32c4580e45ededff86ed4a3d136b3abdccf7a47eb6,47701,0.0,0.0,0
R5_aA_m0,0,4,A,COMPLETED,12,90,12,0,78,7bd74c05f56c8e3517bf5f563733c5099215848ba1ce44d50799fd047161ee1e,5473d28709059f3d5f6b941756227713254b8f6996333194ed7f6ae656b36bf6,45460,0.0,0.0,0
R5_aA_m0,0,4,B,COMPLETED,12,90,12,0,78,d85075ddbf594425ebaf77902f3f8452e6a21c6ff2a5a370a211099ba9ac1d78,7c125c8046d2a20c1e39b8b90776dfa08b8dfeee12ca2372419065e1cc0322a3,46410,0.0,0.0,0
R5_aA_m0,0,4,C,COMPLETED,12,90,12,0,78,0d9350a25532aa56bab2d6204f6b1d0ff2c725a5e120c08195e67a5beea88214,0bc862b691f294836c22f0a3d6aeb790e394a5494ba9a5b0450e74e053315ad9,47002,0.0,0.0,0
R5_aA_m0,0,4,D,COMPLETED,12,90,12,0,78,6e0df38c09da8af1377775fea19455d5ff07fda41804b42ad8edf2c1a8cf0118,a62e3636cedd1f7dee4b17db922b96fe86fabe82204c12147c4a827506a9c17d,46995,0.0,0.0,0
R5_aA_m0,0,4,E,COMPLETED,12,90,12,0,78,d8093ca2bee162f528ed8b1dfeb085e7dbd8d920764145421f82c3ae5a61c7f0,2d99043b107f8126b4ed3b20ca790c96cf41537dee2a109609130376a2688977,47771,0.0,0.0,0
R5_aA_m0,0,5,A,COMPLETED,12,90,12,0,78,14b5e000217e96e5081d3fd6d706599afc6d810d72fd4e1fc826ed59da3323e8,5ad572f7b03b3515c2300115368eb2bfcd9cfcf5c71a494622fc28f7c1e9b91d,45498,0.0,0.0,0
R5_aA_m0,0,5,B,COMPLETED,12,90,12,0,78,a369f6751e1a73c7b204afc5a60d683716bd792c01a0c44d6558ae363196bc09,31d1e77ef7fcf399d9e151fbaff8302253361320107304c824bef07b01f33782,46367,0.0,0.0,0
R5_aA_m0,0,5,C,COMPLETED,12,90,12,0,78,d674939a21efab01ac30cf248a2655c33b1588cf2b5c50a4ee787d2a912cacac,b78842c90f61fcff252d45a55801a8ef995257fece8fe77f054ac50f088b85b3,47034,0.0,0.0,0
R5_aA_m0,0,5,D,COMPLETED,12,90,12,0,78,c7cda65338908d5a125291c2098543bf375e87be16524c311287c4575552ed27,73e3d57e5b62506243dbe64212853a827ff9e6aead3f21cc66f2f27eca584f82,47068,0.0,0.0,0
R5_aA_m0,0,5,E,COMPLETED,12,90,12,0,78,96bd965cf5838474b40dc4c7e9f641350bd0d246faf05a6b18c93c3a86e746b9,40b15a454540736adbd429e85388e0e43db58ea1bd28d63027edd0aa6e486803,47739,0.0,0.0,0
R5_aA_m0,0,6,A,COMPLETED,12,90,12,0,78,d79f158e87d56a6f719c07d51474d1f79212f99fedbe39a2fb7968c46912b886,d0775929a329ad2db727d4a958bd0cad9670e644e71576ff4e5f271a7f6c3680,45481,0.0,0.0,0
R5_aA_m0,0,6,B,COMPLETED,12,90,12,0,78,45583e4d8c7c6fc288421da81940a039368f23649e07fb705e389a1036857e8f,b42d5e3da1bf77e2dabfdd120b2438b2d6f65670bd8005448d23226c852538ed,46515,0.0,0.0,0
R5_aA_m0,0,6,C,COMPLETED,12,90,12,0,78,b3ef77910546bb1baba6ae18cc6b0df8ca2a9f206cb7d9eae3ce1a841c57eb3e,cba4194a15e067533472c49b172ada0c41975c08deaa53ab746f059bdfcb257a,46995,0.0,0.0,0
R5_aA_m0,0,6,D,COMPLETED,12,90,12,0,78,a94e670446561b020ad6425bfaaec380531e0ce865c3f46bad891f9605904b95,0db516ca661ff9619fcec0e3d55dcb44abb1dc87671e4fd595af57083a15cac8,47076,0.0,0.0,0
R5_aA_m0,0,6,E,COMPLETED,12,90,12,0,78,52425b7387e82eca7f6ccfbe35e4ad61811784154728498daa6f14e440594c1a,674b880aa0868aea4696e0d00326bc2d676fa8564f1103b9d5c662e9ad12878a,47749,0.0,0.0,0
R5_aA_m0,0,7,A,COMPLETED,12,90,12,0,78,33de1553a224e97f6943497ddba58b0fef7b25d00217928890aca5ee18277d8a,b98b62bade76be42f90b24cf5655429bb9298000ca152d38fbed38ae56326b70,45464,0.0,0.0,0
R5_aA_m0,0,7,B,COMPLETED,12,90,12,0,78,83c8fb79cfb2c409b316f66422ad97e25a09278071ee441a156a9e0d61384f34,4eb71a24b7b1bd096676cabc91726f0c3f4416b90f0c9910b58aeca79e8f89b9,46412,0.0,0.0,0
R5_aA_m0,0,7,C,COMPLETED,12,90,12,0,78,0bdbb08ef56796bf053f306ab5370b6bd4e558fa17c5d964fca76f4bdd2391b0,8cc99f339aa56b9a66292841a847aa40c4cc10fe8f8780943a707e4f87f93968,47065,0.0,0.0,0
R5_aA_m0,0,7,D,COMPLETED,12,90,12,0,78,896c231391ebbcbf4c549a0f92b8dce2240cf3f0ed99b661f593454c65a165ab,9023ed52eaee9b0f6c6db69f02b4fdbfa4cfd2928115709d2677932f4e6fc7ba,47042,0.0,0.0,0
R5_aA_m0,0,7,E,COMPLETED,12,90,12,0,78,9cd634f24727f45791b78b4f1884c73d31faa043fc7a8e805e82ae65c9c75075,8aff9c0b8a96ab3ec837bacda2a95bc41f99c777d17274ee2e003ca73b206ca1,47785,0.0,0.0,0
R5_aA_m0,0,8,A,COMPLETED,12,90,12,0,78,e9ddabf9c7d1cee4e468607973ac9b35db8c922acd9af961f5ef7b2a553adbdd,ccfd579ceed66211da3750f73aa82ee1e0ca63e38924ddb27b2d8fa3d32812bf,45483,0.0,0.0,0
R5_aA_m0,0,8,B,COMPLETED,12,90,12,0,78,d80883277ec9b72e561aa6e29eef43a91c17aa18934e55dd163ae710c4eb9a9a,046904dd6a77334523d8c379644b7bf35fcae76118455ff149be2c979ade5d97,46418,0.0,0.0,0
R5_aA_m0,0,8,C,COMPLETED,12,90,12,0,78,bce1feed8ff0485331a7d32eab7a34e86399d931716424e8ecccf66014454eab,f0a6f42b0530a93e4150ab6fb33ea9581e240165714e65b58f9bdffd1bdd6138,47063,0.0,0.0,0
R5_aA_m0,0,8,D,COMPLETED,12,90,12,0,78,65fac24f24d7a866884ea062f5f61891217cab974e01561aec51194c97b17a53,a5fda65bc2f6743fee7150b6d83f5204eaec1627592d2f04a0d9ad060bb01458,46997,0.0,0.0,0
R5_aA_m0,0,8,E,COMPLETED,12,90,12,0,78,bdece32af155916949865d0470d5223b9a3a48cd9cb008febed7b3fe74920f28,e2a8dd205973cce136e350fef8bb132901ecc7c73e1e8a590cf2c9faef34f191,47767,0.0,0.0,0
R5_aA_m0,0,9,A,COMPLETED,12,90,12,0,78,05a2a9ac0094a16d3e2a56ac16406da55fcb610b26f652002715b1620cbf03cb,84ef9bc924e64b1294ad05215226906614f77831bc31a4dfa5b1bacacc600a2a,45513,0.0,0.0,0
R5_aA_m0,0,9,B,COMPLETED,12,90,12,0,78,7563d08981f9f45cdb24183448e85c4fa34433a4d6ab5e955e3c09b3919272ab,7e3d3b9c991b438226a7f2bd4f32f7a768dcd79b81e7aa4a129571e5a2c45bc2,46472,0.0,0.0,0
R5_aA_m0,0,9,C,COMPLETED,12,90,12,0,78,f9f2e7fab6fe69c6f837d0c3b7c19681f07592da7a233c6a4d4820fb0c5ca7fa,cc5f098ef937d835c3183680e7194187904417fbd2503db3cbcd0b3de3345548,46986,0.0,0.0,0
R5_aA_m0,0,9,D,COMPLETED,12,90,12,0,78,66147a028240a73cebbce3ec848593f918c06d35e5630e081d2ab14f7e7cc5fa,9c428f51b18e1ff2cfc24e18dc33885d05a3134bcb694592dab5902507e32e82,47061,0.0,0.0,0
R5_aA_m0,0,9,E,COMPLETED,12,90,12,0,78,db52b0fbe1453e708dd11b0bbe9c3a6ae4b35d5eb4e841d6ed9408d7284aa46c,c4912864d265d141b394c0b376077fb18b840586dc7769b8a7e28140475e7c39,47745,0.0,0.0,0
R5_aA_m0,0,10,A,COMPLETED,12,90,12,0,78,c5cd6da3b482cb3b4be18a9288b12047170dca0890a11ad7e801337ac2258149,c9743993bed26e1110bd780358f40ac16e3b9c52595ba6813bdd7fc6e2853282,45517,0.0,0.0,0
R5_aA_m0,0,10,B,COMPLETED,12,90,12,0,78,ae4727ef7d9956bc92cc7854edb7739d6aab72ec19ae584a2bb70c6ae477a091,6574429941254d44644584185a2431f4c5833cede89a710bf6663a5244ef2bf2,46509,0.0,0.0,0
R5_aA_m0,0,10,C,COMPLETED,12,90,12,0,78,904385903972bc0cebfff2742883273869281abe7441b934e16de9cc0d48eb4e,95ec4ef860b4659ed7461d4568fbe16883b6f5761f1a90a925e17b75edb5057c,47029,0.0,0.0,0
R5_aA_m0,0,10,D,COMPLETED,12,90,12,0,78,1dbca98d56ee880f82ce5278338a5140f4db3f0768f3e7ba768d4be58ed8bbe3,e8373008113c08ef86f705fdf922de99ca1d66c32630cfc75675026b21f86506,47058,0.0,0.0,0
R5_aA_m0,0,10,E,COMPLETED,12,90,12,0,78,faf0e2ee5680d818e23330b8c5d616de5446e81184a3cdcf057da018caa392f4,1d414a12ea7d1491ae6b180563f08897ed63e6d100ea29c6fb17fd8d6ff043f4,47734,0.0,0.0,0
R5_aA_m0,0,11,A,COMPLETED,12,90,12,0,78,0f04b2ed32a2dd4fd700f0840f55a85dfd7201e743690e7fe1eca6f5c5bd5e2d,301bc5e4c9a9f57720a91faf57edbef70b6c529da39531fd04951f9456dd94d8,45479,0.0,0.0,0
R5_aA_m0,0,11,B,COMPLETED,12,90,12,0,78,29ddfbd140b89912f900ad42c00e020b35d2ef3aa3b467a0e52487942b20db41,33acfc917ab81eb0c95e0da68db56d752ff802252737c6da00d7a09dedd813f2,46462,0.0,0.0,0
R5_aA_m0,0,11,C,COMPLETED,12,90,12,0,78,1b0cc232a61b043c43d96bfb65e294d5aff08b431dca4cca4e13ab631a904873,8c1d384a3ebffdbcd1e34a6c238a58683ccf754f89d07af5cca93bc50511fc52,46984,0.0,0.0,0
R5_aA_m0,0,11,D,COMPLETED,12,90,12,0,78,2e8b15b46f7b9055d15c937cb03db2f09d7f1a58f7573d7e31bedeb9748cc081,050adadcf01e1a74a64522734f94a8265f483873b2d68999dcc649825d830fb4,47074,0.0,0.0,0
R5_aA_m0,0,11,E,COMPLETED,12,90,12,0,78,ace9d6270169f0752f5fb954b01c9ad467df0a1bb9a5af1f65c185ad310b69e0,f0e8662249cc6d6c9b51046425ef0e4a764c213e227bc65ff6975c81aa4113f2,47744,0.0,0.0,0
R5_aA_m0,0,12,A,COMPLETED,12,90,12,0,78,17422ce8e2b450c22d5dfe35e1b51270204d7544915b7e4d8dea17fe6a9652e6,28b18abc3eaadbb0d169c9b9ebf8d9d6e20ec99daf092a1dc27a7eb67d6d2019,45425,0.0,0.0,0
R5_aA_m0,0,12,B,COMPLETED,12,90,12,0,78,81f00e75256c552d1f682fe7cc90e441e6143ba1181ea0f0fdbea0c3bf8d86cc,0ed52b64617e7265f3869986649c5d41336432789ec328c296f3c44f5aa7130e,46407,0.0,0.0,0
R5_aA_m0,0,12,C,COMPLETED,12,90,12,0,78,61c63d19f0bdb0a1dc7b9648cd77bf87289f223ee1226290b8ebd9bda5fd9b2b,210aaa9b893941ed40586678f89f2a531f73f6cd27a98986982050181fa3ab59,47004,0.0,0.0,0
R5_aA_m0,0,12,D,COMPLETED,12,90,12,0,78,6d73da102a5379e3296e9b4c5d1aef0a21b580633950fa6335c3e3c5485794d2,c0d79f4f36bdd9469a5fc59679a1c31b4d27d55c2513e2810e03cbc13211e528,47076,0.0,0.0,0
R5_aA_m0,0,12,E,COMPLETED,12,90,12,0,78,3a43804f7e0bb6122da7d9a37b860de70754a03a969dca4a023ec7e695a5da30,4b01017545ff5416a95ca2acc3ab26f22d967e5ea044f768e948c9f25b97ed14,47756,0.0,0.0,0
R5_aA_m0,0,13,A,COMPLETED,12,90,12,0,78,77108844d2f5fa4f62a7bb572ac4d704260ca7d8246b410d9c05e49b6072047c,fce6577b72f859429b1c6529c27b44d7bd8082b66f5ee0fc4c236499fa96c8e5,45493,0.0,0.0,0
R5_aA_m0,0,13,B,COMPLETED,12,90,12,0,78,60971d9c51fbc070ee3bbc8a4b95dc9841553e8ad5536199ba2a206d4d5e6b83,1731c55c9fca4afbd041fac836874cd6ca03f5b5385774607a1993943f05dd95,46392,0.0,0.0,0
R5_aA_m0,0,13,C,COMPLETED,12,90,12,0,78,4615f0b876314690fdda49bda1875431669c3929261f42bd6cadded2adc34750,9c399c13bf0ca8140afb1957b7f2e9ff2aed310a4f7ae163b4ae05dc6ccf0a5d,47054,0.0,0.0,0
R5_aA_m0,0,13,D,COMPLETED,12,90,12,0,78,88f7b5d34c2d20fa91bbec8269ec5f6ed22499fb4cdf406558d2feb7fd523811,72d7404361f5186c12f9544257e9a25c680ec197f040ae2c5ccec366fe0d3ccf,47025,0.0,0.0,0
R5_aA_m0,0,13,E,COMPLETED,12,90,12,0,78,45b8deafd6a86405be7f3e449f70de9d72d5c36834fe14f4317aa16d284c6d42,9d9c38a876dea276ce2787e2edad2bd13e23fc10663e04ad39a246907698fb63,47729,0.0,0.0,0
R5_aA_m0,0,14,A,COMPLETED,12,90,12,0,78,89849ee97965d326e52735d6c1f1ed785234f37e9330e63f9690231e4946266c,6c91ca8d0a0ac0b0a4260e4ee045ef84363d78ce896ea4de577c5047e0a67155,45585,0.0,0.0,0
R5_aA_m0,0,14,B,COMPLETED,12,90,12,0,78,2b082dc5e7d313dc07609f722a794d0aaef50d5f6e2cee2a4b02ecbd58710602,a38f0130fccc91fb269ce38144d0849f04d4738ca8539de4dbe3be7d593163d5,46435,0.0,0.0,0
R5_aA_m0,0,14,C,COMPLETED,12,90,12,0,78,d40ebd933739a77eef2ad7b947a0f0bd60cfcc6174ec42e2a91ecddb526a5a48,61f982a7e2120e433457a2a59542ef9f88abe4ace39dc8c78bd51abacb587925,47150,0.0,0.0,0
R5_aA_m0,0,14,D,COMPLETED,12,90,12,0,78,77f6069731cd30f2d72ffaeb8e61e21b54802f404ef5627ae940e9e883219b21,38c5988cfbb3fe9fb92266500218dae9ce72d76a78cc253d778bc2ca47150123,47126,0.0,0.0,0
R5_aA_m0,0,14,E,COMPLETED,12,90,12,0,78,ed83c0005f160e88a1d17a0cea929a4fd662907ecdaafb24be348aaa5182fc8e,655e7c1819caaaf56fff3082e9cf63ce5029deb16f25812c9aa1bca71e7594a3,47706,0.0,0.0,0
R5_aA_m0,0,15,A,COMPLETED,12,90,12,0,78,dc4476f0a521d2b9771005d0997ce06e36356519cc3fdd9ca338c38012a7918a,edfa883f4f688bf4a44b40506d878d6d0380adc0e74fe7007bed52f4226fe9dd,45466,0.0,0.0,0
R5_aA_m0,0,15,B,COMPLETED,12,90,12,0,78,c52bbfbef483795c324c474e6c477d9a7709f7bb7927b7d5b8fafc12eed0e132,bb0ccb78ba95d7ce0a6c1454e4f13a7ae1bbde9bab63ce5bf3c71efda53ed960,46482,0.0,0.0,0
R5_aA_m0,0,15,C,COMPLETED,12,90,12,0,78,b7daf22743b4b4fefa6f4adb3d0b3aac285bc0e10a33cd76e8e997184624cc71,eaa4c821f4607a401f560dd013aaa744be65a354ac684e34ecdbe276b193bf94,46976,0.0,0.0,0
R5_aA_m0,0,15,D,COMPLETED,12,90,12,0,78,136bb37b9a3aa3740bfc15341bd18c30b05917a23b1ad0907b17a73fb3a65358,41061e1624ea2e77377851a5a19940c249f05a5488f239e2ea277dd42e008904,47027,0.0,0.0,0
R5_aA_m0,0,15,E,COMPLETED,12,90,12,0,78,18e26e1fe85209cecc7d90f4743d2477c3eb14416a366053cca9f6b3d68ecf6b,316db48646451a1cfc7ce1387157b50e04e671a96cc09c2699c67cdc901114e1,47820,0.0,0.0,0
R5_aA_m0,0,16,A,COMPLETED,12,90,12,0,78,1e166e49b5557c7e4b4ac0dcfe30642edf7a26e34e9843ddef05eab9a9e6b39b,05625b3a296b0717b1937e806c7193e48a927dcf50cad64f8697f49b48f61485,45540,0.0,0.0,0
R5_aA_m0,0,16,B,COMPLETED,12,90,12,0,78,283bfabc9e96033f2c83ef1034861c851fdb0659a9c99ad05ed1cf5819713ae0,7d1241149cb679ab941374106bc7743185f5cad752dc8be6c914057a101ee7da,46462,0.0,0.0,0
R5_aA_m0,0,16,C,COMPLETED,12,90,12,0,78,a0c60620bd0cc9f31c3be3fb8bb45f50d806406724d3e2266364796a6701815a,c94aa6fd13dfe0c4343a0a701ff0b8a4d65c747f4463b605a3912ac2da6b987f,47049,0.0,0.0,0
R5_aA_m0,0,16,D,COMPLETED,12,90,12,0,78,c4931a4a4e2128e0d21be83920983689ca9553c76219e0e69399f17d455cd1cf,5ffc6a87a1c2082e4bf55c0e296c0f65131d3c4f9268cbfc5253b3569b756645,47013,0.0,0.0,0
R5_aA_m0,0,16,E,COMPLETED,12,90,12,0,78,16c31fef03d6860ee3fd78ca8190719e05247292dc8cdc5d576e5794467e9140,f11fe67d8cc5f89aefc79189697f2fa659125316411271aa95951a21baadd39a,47775,0.0,0.0,0
R5_aA_m0,0,17,A,COMPLETED,12,90,12,0,78,39dac3d4c635def189794f2abf31d1060a7c7285d4c722bcc9e184ae3b9ef116,7bd986c55183b6cc80d16e080543fce586cdc716af9fb1364d2b33da44894020,45523,0.0,0.0,0
R5_aA_m0,0,17,B,COMPLETED,12,90,12,0,78,90ecc3fd9af04cde148b19f878cf853e572003112bb7eaa82cbe20764f1533cd,0149afe791f10ad4d21c9408cd836a47538d6cf70a85703061b304f7e6ae7265,46326,0.0,0.0,0
R5_aA_m0,0,17,C,COMPLETED,12,90,12,0,78,ec7d3b45283fafedfe961377a6e259b6dab510691351e9da0330769aaa015b2b,146e843259bb905bf7609e13cd59ec81b843e61a3d8d9e3e940ed057e18ef4e4,47075,0.0,0.0,0
R5_aA_m0,0,17,D,COMPLETED,12,90,12,0,78,7017a0de6ad54d8fa875211857df885b9120b82e909cf76fd1fab8e866d12532,2e2c4e1fcf29954dfd266748d22cf8ea1f6f39e3776d25b8ddd69ffab390b2f6,47088,0.0,0.0,0
R5_aA_m0,0,17,E,COMPLETED,12,90,12,0,78,b1a9fa82cdd849439b2d924df8276a7225791d80ebab021eed6c9632e01388da,dc1fa0025d8786fdac9ee0170b2eaa79db79d8b79ac0b5606ae4404713b1808a,47779,0.0,0.0,0
R5_aA_m0,0,18,A,COMPLETED,12,90,12,0,78,5e15e0fb165575c3f0da61d38caacf44a9d1d2c6c30745472bffb2091d51a28b,89914b410c90b38a5f817f18985f532d1f7771dea0c288c58e65ed97f9998f5e,45466,0.0,0.0,0
R5_aA_m0,0,18,B,COMPLETED,12,90,12,0,78,177b885034944c82f138f18dcadda658dd9ac9f91ca2123ad86b4b3f331198a6,98c9685ddbb5c46e939ba7b5eb17320dad3913ec343df2667548b658854cf7a6,46301,0.0,0.0,0
R5_aA_m0,0,18,C,COMPLETED,12,90,12,0,78,5eecad97d9c1a3e963b9b8419a317f0156dd2d5bcc86850bcca4fc78eadf5134,ceaa25930c7193f691f1d9606d2f3db44cc5b82af3dda2b60fde0883b7de5f26,47026,0.0,0.0,0
R5_aA_m0,0,18,D,COMPLETED,12,90,12,0,78,161c1055ecee45b8af49a64ca571b5c7cf58ad55e34b2c061ffb611962a68bb9,2bb030acf920eae6984c1f1d9e73fc2b24640fd6d5f2b9afd123fc49d41c27ee,47035,0.0,0.0,0
R5_aA_m0,0,18,E,COMPLETED,12,90,12,0,78,bc278419219a72586da98a6ac12b14f485a50316701738efef36109dd7915a55,04669465d2a3b0b4d6887a52ea9770748a2107f1fadbf648fb3d23eebba56bf0,47615,0.0,0.0,0
R5_aA_m0,0,19,A,COMPLETED,12,90,12,0,78,4581dec6845b88262735ad9cecd63287fadcc2e34bbdf90e748b5715bff67f34,2b46c0f3c766cac2c0b3c47096373ff619944b781f9c49989a307dc9d9ce1f4b,45533,0.0,0.0,0
R5_aA_m0,0,19,B,COMPLETED,12,90,12,0,78,b6dbf3ec31f3a5872b12c02b86576f8268b3ca5549c31437c06a483825f22f65,2148087f27485888342fe0382ca3dc6dacc0f4c0c55589ba34578aacece6e04d,46439,0.0,0.0,0
R5_aA_m0,0,19,C,COMPLETED,12,90,12,0,78,029d83b6326315c2f378caf3ff6ac9cab76c4debc0bb0f20689f4a13ee2e2292,d89c9285a711b1f1b186073acf8b31a674aa2acfebdfc62db4b2ca10688b39ba,46972,0.0,0.0,0
R5_aA_m0,0,19,D,COMPLETED,12,90,12,0,78,b6d905c27fda6ca627ab99f736ab5e9352e09a27be70842130355e94b57f0b7c,b787eefd170944bfe58977f10f008fa295c2134275821e448efae99c74f88d99,47021,0.0,0.0,0
R5_aA_m0,0,19,E,COMPLETED,12,90,12,0,78,b3fcde5e6d18ab11caef91b92be5e81b6e597f2cb1d7a1326f3ddb0a6e0113e5,1f1128a1584d8e496a605a4ec2a513fbef45073f2c88780f6ff0e3bee011902a,47785,0.0,0.0,0
R5_aA_m0,0,20,A,COMPLETED,12,90,12,0,78,d446434e03867729fde7821e0ae9ccec1e531860908fb1b03e6dbe31c2c1c95e,e74a15da20d3af5bdc5b1113d87154ca9bed1400d2a54c837c2a72db3913bd9b,45524,0.0,0.0,0
R5_aA_m0,0,20,B,COMPLETED,12,90,12,0,78,edb53e3457e10fedf346aa2cb204fc9ae9caa18dce908d193d80574faa6af0fc,5a17e688781e2784953ba966bda9da0a69674d006e5f6ec3549675d21d9aac07,46500,0.0,0.0,0
R5_aA_m0,0,20,C,COMPLETED,12,90,12,0,78,3dc34fd4840b34eb9bafc568a5ace5e6d89045839cd0fda35579981f83069380,075d0f23ff5be30b69400c5f530937aff847527b63330afa9eaf3fc1845087cb,47092,0.0,0.0,0
R5_aA_m0,0,20,D,COMPLETED,12,90,12,0,78,5cd445153b8efe2ce3edb94ff14b819d11cb457aae39dbeab383408259010f3b,01d0e3e0e9372c690df630c2bbc03fb32cf94a00c32c13be4d052fc1d033941f,46976,0.0,0.0,0
R5_aA_m0,0,20,E,COMPLETED,12,90,12,0,78,837445cbd58702d2b0c25d6db2d376c6b2678c9afbf9843d9499527d74b58c02,c91763e31a1d312e925bb819c048207bab5dcb84ed489c1a2302fd229cc2e8e2,47736,0.0,0.0,0
R5_aA_m0,0,21,A,COMPLETED,12,90,12,0,78,622206e47d09a80a7cf190a0954d69e19343dc3577c697bb3947465aa2613d9d,bbd7a1a155a0ba7246692cb8a6795ce0da783f5f9cc02410071e50b45a0e16f3,45458,0.0,0.0,0
R5_aA_m0,0,21,B,COMPLETED,12,90,12,0,78,85482f4ba3caf9c249b1d4766d54877f72e4a3e3a4b30506dd20feacc316b454,f98071d8d8fc5ecdd0fdea93bfc6f75d7837cf7354a5eb5f4bfb6206e3648200,46436,0.0,0.0,0
R5_aA_m0,0,21,C,COMPLETED,12,90,12,0,78,04f108f4eb4cd674b6f1b8f971afd99708e16f5f022993613a52a3a839e1a66f,0dcb99d11a06a9447db69c9829839fbd0836315c0550cc84dc76174a6dc4567d,47061,0.0,0.0,0
R5_aA_m0,0,21,D,COMPLETED,12,90,12,0,78,8e30907b74723edf318baa2e65fce46d430e38881e2f0e857762aabb51213dc4,67275f55f3d67092da3b0c7199bad54db9f911ea881b733d3183ec0e4ddfc59b,47035,0.0,0.0,0
R5_aA_m0,0,21,E,COMPLETED,12,90,12,0,78,d3a3a2cf4c7493213820747a6243f59650db44c450897ab8a4d1ab60443b30a8,db96a9d4a226fc8ffbe7a1cfc7a69925e4b1a229f13efed33a699baa45a01cd5,47693,0.0,0.0,0
R5_aA_m0,0,22,A,COMPLETED,12,90,12,0,78,b62fe3dec917e1a73495210b39d8801b2fe66aabdba884103c0ece097aedb318,a301b89a27c3e1b51aef029401988b713ef0e1ae17d290135adad90c264acbb0,45479,0.0,0.0,0
R5_aA_m0,0,22,B,COMPLETED,12,90,12,0,78,8cfc79d1ce6d5ab578656c777d48253c89efce2dbe85e979a5aced06675c5520,fcb5970ad9cb621100e03a5ca40c9c7278bf9650cfb1a637e78f8d0f8683ad5d,46433,0.0,0.0,0
R5_aA_m0,0,22,C,COMPLETED,12,90,12,0,78,12faf1478282cced36984670d6abd3911970fe61119f8d7555a86f79a4468232,d97de9f26b9ccf7ad78eb4b83f1ba1a8c9ed11ab94331b0b8c24af7801b4f135,47071,0.0,0.0,0
R5_aA_m0,0,22,D,COMPLETED,12,90,12,0,78,a464c4afedf29b3845842d84d17deafbdd2e6acae6ad6db290d7ebaa28a0fc47,88b870a8977cce3fb208a0c8a4a1874d013763e61c9b7632b8424d4ba7090885,47009,0.0,0.0,0
R5_aA_m0,0,22,E,COMPLETED,12,90,12,0,78,7ba0a80ab07a896730f4ad49040279aff3cf88d3f4512a5e6243ec5a73429e6d,e80c319153d70c6d8984159434a5a3131a12ab7edbdcae87413823d29f846dbe,47687,0.0,0.0,0
R5_aA_m0,0,23,A,COMPLETED,12,90,12,0,78,50950c51b7579570c368bb9c078986659fc3359a5542dc8aacc5c06e6277dee4,23009f43601331570e417da251bf090d2dc803c41ea46cb2c3fe27a56d892d81,45537,0.0,0.0,0
R5_aA_m0,0,23,B,COMPLETED,12,90,12,0,78,a881cd9af1319f087a80e87e4385b6773ae5dc38c9e0b3e6dfe327efcfbf0984,369b4095f1591a9baf66a422c49bb89eb1e5372ef4a0818d2b774b1c021356e1,46429,0.0,0.0,0
R5_aA_m0,0,23,C,COMPLETED,12,90,12,0,78,30e6335736d5a81878377bbc2f37773b75f5f137f50ca3078efa88a90b445920,5fa4d21c5bd4fb933f0f2946c040d19db821f5df9aec480df74eaa1e9bcb5f8d,46995,0.0,0.0,0
R5_aA_m0,0,23,D,COMPLETED,12,90,12,0,78,fdafaae4116ff34f69cabae8c397a1e3f910700de4d5b92ba33d3938fad0dd40,db794d351777dcad051ab0b5f1c59e52c7081c75ecf7e4aa744b5e9f2aae62e2,46995,0.0,0.0,0
R5_aA_m0,0,23,E,COMPLETED,12,90,12,0,78,bff45b78c49167d80cd735f99cf6f6f3c63b9bfb098ed6f02296de087100140f,94d868e6dbddd8dbe66b1dc960cea1ba52887a28b453807e4dfd79c2a4c21479,47822,0.0,0.0,0
R5_aA_m0,0,24,A,COMPLETED,12,90,12,0,78,3ba8290c99c37cbca58e3aedeb875352004968b8ad0491925d9986fa9dd39733,ffee9ae342fb605609a62018734ff468af45db62f440e4dac1926854c6a64d76,45448,0.0,0.0,0
R5_aA_m0,0,24,B,COMPLETED,12,90,12,0,78,e51d9eb1325c275002be8608928cd5e847a1d58ba701ded7b92004793e392340,871ba61941790d3ac91b44b8447277fccdb242eb7f4d482f14db52aec1378d85,46443,0.0,0.0,0
R5_aA_m0,0,24,C,COMPLETED,12,90,12,0,78,250fe11aad6daaa620effc20879df810d2747e4bb6a1875d6d3aee20acab9cb8,38bd8201538150008bb340691b8ea6c7400c458b4d6394b45d33899331efe8cb,47038,0.0,0.0,0
R5_aA_m0,0,24,D,COMPLETED,12,90,12,0,78,38589f9e009fdbb0d2af0d9ea21591a890621d54b09e4a418bf913417f7c1d65,4797c4ef5c48f08b296e490436415f99a362a9158ba1cc141c349b8f307f5382,47050,0.0,0.0,0
R5_aA_m0,0,24,E,COMPLETED,12,90,12,0,78,63343eee9a82a4b78c1cc88591a2740a18d1799dcdfa854ed80bc9e6af522976,fce0065557fb42272d1f9f9645c7183888909d714863d4c04a59ad3ac93fefcb,47779,0.0,0.0,0
R5_aA_m0,0,25,A,COMPLETED,12,90,12,0,78,90cde2276e2fc89995f9d83fdc93ca66df77eae95714edf2b7f71b2243ba472b,caae55d1ab25ab09bcea29f445c9468a4fb5978ebe524134533c573b3d8194d3,45493,0.0,0.0,0
R5_aA_m0,0,25,B,COMPLETED,12,90,12,0,78,79ade7682f0cce872a73b93e81e9f88b3dacdb12599f1d53adc33b14ef993e4f,1a08e49541efb9cdfc5e8412b5325903d30cb02a76cb42f6b3510b6066cc7961,46341,0.0,0.0,0
R5_aA_m0,0,25,C,COMPLETED,12,90,12,0,78,8337fa896df2030833b5d740e8573f7f85c237c6bfef551931ea00aff119bf54,78a43c001a1e9a6d2557e5b2fabfe4b03bfc7f929f735e9f053d4ab4fb590dc1,47007,0.0,0.0,0
R5_aA_m0,0,25,D,COMPLETED,12,90,12,0,78,c9bff968b1726bbaa4625ca2c23c2fd3441cdc0577d6d74c3c485a0060a4422e,237ae48e5a21cf8f6baf00d2a6fdf68849f3ce9e24b0827d1f15622fcb6b0228,47028,0.0,0.0,0
R5_aA_m0,0,25,E,COMPLETED,12,90,12,0,78,4ac1863749336f6f23fea93195f23aa686bfc92e8a48ac34967120b93c64c45b,8ddd7aee61858f00b4821ef9104c75b743266ee547c8de37e42214dcc566f234,47780,0.0,0.0,0
R5_aA_m0,0,26,A,COMPLETED,12,90,12,0,78,620b5f874357811001d90b8a54a879778ba42b0a57134d14b410b6fa1824800b,cfa4d7064dab4dda401efbd9ad9282a08f8fe6b7d2a9ba5d23f75c3bd583684f,45465,0.0,0.0,0
R5_aA_m0,0,26,B,COMPLETED,12,90,12,0,78,dc310c5372fecd99f24dab371c5f6d2980401a76c946f12bdbb20018f38d6f87,ca82352dd890ec9b990cbc9a0d59bc9c8b93204a25c35400cfff850ae2e7be93,46384,0.0,0.0,0
R5_aA_m0,0,26,C,COMPLETED,12,90,12,0,78,0797d4f2907168ce2ee7fbe6e5f1a106f4682dfa6b32bc130dd6efe7502bb4fb,d1aa499587f7f374abd16f9696577184a037a0eee7ddfb81d72145a9bd7eb40b,47025,0.0,0.0,0
R5_aA_m0,0,26,D,COMPLETED,12,90,12,0,78,cfc5082e31ba3e72c5492f4c567f9f6ac2789219586f7ccd14eddb80c48029a2,2302530a20dbae556531ac9ca08d94b38fb805e8e4767d6875a0e73d1233921c,46996,0.0,0.0,0
R5_aA_m0,0,26,E,COMPLETED,12,90,12,0,78,ef7bad6e3721642ec6a14f4f771833d9501b81c0d343fd5dd1a88948c7f74285,10d979ea13253bfe6545458ea9d3b271c9057f17ca809809bcb6923c10f206c3,47707,0.0,0.0,0
R5_aA_m0,0,27,A,COMPLETED,12,90,12,0,78,439a53c129f9ae234c58ea6c9591b7be44008b69fa30b50c3cc00453f1fc0959,f4c81b43b1c1174284d3e305fe10f0a9219a2bc735aa17e7c673d40eb2ca4c3a,45538,0.0,0.0,0
R5_aA_m0,0,27,B,COMPLETED,12,90,12,0,78,b4134a6e3b3f7f86d09675d90fad11eded6e53e32b481286944a27a9b8482f26,a958845da13ba07fe7497816d5efb961320cfb9efcaade594e73e85ff1882c81,46494,0.0,0.0,0
R5_aA_m0,0,27,C,COMPLETED,12,90,12,0,78,576afb6d522684fb95e6890748abd17fbf5629c083de927cb7f573986275ec72,e6e17b459845b638210fc159bb29f77efa106268e4b1c48a33400961da870778,46986,0.0,0.0,0
R5_aA_m0,0,27,D,COMPLETED,12,90,12,0,78,d48ed9170e156f7bdaea807ecfd4f23dad4eabcb82369bdc702a3257eaa5a5a8,8182993d1219940318792b5fd46fa4c139692db1e6ac534e65a5af4defa89d9b,47068,0.0,0.0,0
R5_aA_m0,0,27,E,COMPLETED,12,90,12,0,78,adf4af593fbc36dc2b33a2dddfd8c7d4b64c37f8676eea30b91607499a64ccd6,8c3c03cc6ace4c4b3df7caddf83039058331e76dcbd092781908358ed3eb14af,47747,0.0,0.0,0
R5_aA_m0,0,28,A,COMPLETED,12,90,12,0,78,4a56ef00fc4553d9e6ed2ce58b879e38e3b0d9b28da741f729de006843551726,da52d9290a88e302b085f0d92719c499e6f7bf89c0c25137a9bfd64b34eac4bc,45413,0.0,0.0,0
R5_aA_m0,0,28,B,COMPLETED,12,90,12,0,78,c0c2518b2e3145bb197c14770cc4e9ee3212edbad6089dde040c4608d4f025ce,20e1ef7cfebff281ec0c705a78667d3d83663edd54d98dbb68468b1853e2aa42,46430,0.0,0.0,0
R5_aA_m0,0,28,C,COMPLETED,12,90,12,0,78,0f739071e17b8a47d8b8e3b5bdfeb0f1e66f28f81b3733a1fc937264ed67320d,826bdcda4c606d70bd018c0c6d831e730bb23b9d608a095f961ec3cfcbc9fac6,47020,0.0,0.0,0
R5_aA_m0,0,28,D,COMPLETED,12,90,12,0,78,3e38773939924311866afec97ae8319c3c07bac2dd378bf69344dcb1c946c1f2,804d8ef513177665f32f8b35aafe47a7b19d53376ca5fdd444ffc7f4e318724b,47053,0.0,0.0,0
R5_aA_m0,0,28,E,COMPLETED,12,90,12,0,78,b5c6caf56fb124da027fac71d73b883e25bfe13104fe06ba1fa3894cc06a15e6,c1657ff72c8cfc5fb7d6c6248d272a198a94b17648e39fcead5de673e8c6c091,47793,0.0,0.0,0
R5_aA_m0,0,29,A,COMPLETED,12,90,12,0,78,85f170ce61e5a630275aa46b15ab89a9d15b9572d15d73e1a5d9a423fd16b2db,b086f51b3151f9f2159d6ce7903959081729328b9681e986c7b002a9e283d9f6,45462,0.0,0.0,0
R5_aA_m0,0,29,B,COMPLETED,12,90,12,0,78,26aa219710f531124b890e90c3d27f3f671c082b6e7ee12b9b701ec5415f64fe,01698748ce83b79f2e859f7d559b43f7124c3fe3ab0971b9fca123986b200509,46406,0.0,0.0,0
R5_aA_m0,0,29,C,COMPLETED,12,90,12,0,78,7f3df2fa02ea2379ec5ca33e42a5d0ab5ce17db66cd81dc03cdbf155ac06a3ed,050584806768fec96506a2cb24d14463881101f6611b44f818a2c4dbb8cf2e0e,47045,0.0,0.0,0
R5_aA_m0,0,29,D,COMPLETED,12,90,12,0,78,3e1283d2ef652a2f566551e02183eb3ea0a9d06ab8984d15601897f16411cc34,ce0b350421b0f9445f47281ed098049e4bb60aa0745aab76d6b921731d431d82,47039,0.0,0.0,0
R5_aA_m0,0,29,E,COMPLETED,12,90,12,0,78,3b3596a006864d53ea67e928b8adc03dfc277eac858b14af457bcae5ad9fbfb4,a8542da36cd81724cfde09ef6c8d77317fe1862c16ecc9d98cee4e0ad8165d53,47775,0.0,0.0,0
R5_aA_m0,0,30,A,COMPLETED,12,90,12,0,78,6829a7d0075ec8d7dc37d7548fb69555ae18ed1f074b65038886fa54a88269cf,aea5082c1181ad8c61807685307617bb53df85807d1899e54db296c712fc4b27,45526,0.0,0.0,0
R5_aA_m0,0,30,B,COMPLETED,12,90,12,0,78,c0d70d08fd14cc6dc0fa79ce0e85acda8eec6f1628c8fb9abc28e5cd85c49696,57c4068d85805db42b52594579eb885c57971fe3df2b14152a5ff20540f8d66c,46412,0.0,0.0,0
R5_aA_m0,0,30,C,COMPLETED,12,90,12,0,78,e3bcd9b0c40d3789a8d0f426f32690f7a24a8f9e33837f7f75f3e79a17d98d57,e68d4af506b1db9bf115b4616101e6e687c42d58b0e1d1fcf0595e44e28d0879,47044,0.0,0.0,0
R5_aA_m0,0,30,D,COMPLETED,12,90,12,0,78,7a2e251cf719abe68b9d11cb65a00fa6bebe0527b296d6bd57e3a099fbb46ca2,8a4c2e5690833e8b20aa2e67deba4c87483ff91e3938c4c4b2b7fda2ebdeb451,46965,0.0,0.0,0
R5_aA_m0,0,30,E,COMPLETED,12,90,12,0,78,7b6aabdb52de09b0912150487cd02dc8d4a99b801fbe9cff7f643a20269fd44e,4e4815e44a9ece69c7e73fc27299327542384802273f00f52ebb0e7100a71b50,47750,0.0,0.0,0
R5_aA_m0,0,31,A,COMPLETED,12,90,12,0,78,8a1f1879e564e3a7f101d8f9df5f500ef9831baaad6a99dd98900eda13ec863a,4591cb8b3eb696c50958250a8edfaaf277c2d63ca5b968a830674d8a08c596fb,45492,0.0,0.0,0
R5_aA_m0,0,31,B,COMPLETED,12,90,12,0,78,5af8defebbcc741a42565dd9c441c0e319a95f9855d8c6c2cf6835fa9ba2ab1c,15eb5afc113ac10c363320f0ae40f49f5ed4df3126f1975023bbe3f69a900fc0,46523,0.0,0.0,0
R5_aA_m0,0,31,C,COMPLETED,12,90,12,0,78,0362fb1a5370968f313a0f35e4db91a6128a72e3ce2794d280f02fbddb2ea461,ee4b4fbc337197ed646da8c988039303e34e12ebe021f7fe43974fc8b18cfcb0,47115,0.0,0.0,0
R5_aA_m0,0,31,D,COMPLETED,12,90,12,0,78,7871ccf8c0ac7525360f4199f67eabd27650f07b11a3d2955ed6c43db01ca84b,9e36a509c1f727a3078285216afa7d50da10691e5db054c103274a6994b7465d,47003,0.0,0.0,0
R5_aA_m0,0,31,E,COMPLETED,12,90,12,0,78,5b98312a69f9f1b6514270b3f06daf7bab86fff64a9a279d3c840cfba097345b,f783a14a97026dc3aac9eb9427ba11360a9657484fce6f7aecb131083b279903,47806,0.0,0.0,0
R5_aA_m0,0,32,A,COMPLETED,12,90,12,0,78,193819437a763e0256f6d6241aee4290525b7a191250c3865a2f300601a6e643,900f2c4a078ae9a2ac3adf7594f76ac3cbdf9269c7eff62bd5f959f7c9a3309f,45484,0.0,0.0,0
R5_aA_m0,0,32,B,COMPLETED,12,90,12,0,78,7f04b9d70ecbacc832a61e154ddcebf475ad379b60c1a0c1f0d29c3dfdcda5ce,ff5211e793c84f03ce40496c198551b55715ef2cafd617cc436f469967d4d493,46557,0.0,0.0,0
R5_aA_m0,0,32,C,COMPLETED,12,90,12,0,78,090a58180f3d9da82ff1fd20ee2c35984130a016f54825e2052fd79ea21a4e8e,4adbaabfd4e69eddf5f2381761b9a872de997c0d0e6c40b25859b5f685e57e45,47111,0.0,0.0,0
R5_aA_m0,0,32,D,COMPLETED,12,90,12,0,78,2a571b94dd5fc001455982a6b936c00a9a75aa29bbf9e504f7be5eb67d9de99d,876ee3937bff3c7143bf3729717329fa781f83095811f91440d40eff63b7b928,47099,0.0,0.0,0
R5_aA_m0,0,32,E,COMPLETED,12,90,12,0,78,5c4f543e58146cb195972440935cb10d7ff69736912aac155ff4fcb7e45ae98e,a1230dfcc19bf2c2646b6e86f8f9f4e599682d81769cd4a13def2529c78c8d2b,47818,0.0,0.0,0
R5_aA_m0,0,33,A,COMPLETED,12,90,12,0,78,a7fe4595cd813ab6bf031ffd93422659ccbe3c4839c53814ad896e5f74812952,df6253b0f60e1e0f65775cec3399d20b2b20ad72a235c599f4d11e8fd19a91d0,45497,0.0,0.0,0
R5_aA_m0,0,33,B,COMPLETED,12,90,12,0,78,86d73e8b190b1e2b6cdbaefea369dba1bca75c9c62c84033515ed2244b816bd3,4205dd53761ed4b98faf11502f3a663233fc2a5badde2779ada3c1c5addef05e,46458,0.0,0.0,0
R5_aA_m0,0,33,C,COMPLETED,12,90,12,0,78,7609ef50d431b8cde5294dc4b539567fc9f96daea4d8be808a8368d3e31b263b,d2e937d9855de4a14945b4949a6286253e30ec03fd6b154b225a99be1003b4e6,47033,0.0,0.0,0
R5_aA_m0,0,33,D,COMPLETED,12,90,12,0,78,3256a95a27ac882423fd4bb3f62cbb60becf1613b071220ba23623bd91a56586,82e1094cf5e3be3a8a08ca675302cabd4043bbe777a74ae30c6acd1dee544df0,47013,0.0,0.0,0
R5_aA_m0,0,33,E,COMPLETED,12,90,12,0,78,e54783120c9cba8c570747260cb24da7eed020fdee28aea7e0ed855cf74fcae9,f50ebd0c621c823d54da114cba02cde7febbb301c804f5ccdd1c1930c44442d2,47830,0.0,0.0,0
R5_aA_m0,0,34,A,COMPLETED,12,90,12,0,78,e08b8ef0ce88f7e8b4bbad021cfa00ec03da85f90e537b76e9fda0c95738bbc9,97d6b66d3cb28b38debcae38987f5995febaebe7e6a42dd49f8cbcd8efa5349f,45511,0.0,0.0,0
R5_aA_m0,0,34,B,COMPLETED,12,90,12,0,78,27eb292813f84e84dca86b8ad90542e917b5e8aa323c5c9593e7803fa66af157,208e6c9966f0df92f0db6924aa155362d13f0a996fd5051c7de2828b97460ed2,46387,0.0,0.0,0
R5_aA_m0,0,34,C,COMPLETED,12,90,12,0,78,2da1604ae486591e1e7becd28d00ae4022284478d322622d82b9c182920af3fe,a401e64c38082670391da908db2b6abae0dd3bcf5c83738ae750d71093ed512c,47021,0.0,0.0,0
R5_aA_m0,0,34,D,COMPLETED,12,90,12,0,78,30d77a5f05b5df795941c68d38ecf19ca833749d79453d3740c3fb3d00d6210d,c8d54b61e0b97581114b1ba66dca279f2fe3d9f39669b4d56d7fd2335762a240,47030,0.0,0.0,0
R5_aA_m0,0,34,E,COMPLETED,12,90,12,0,78,084abd6e0e6d585e3cf7386ee3f7a1460679e2670ee69b572a55869e6510983f,67facebb8ab0c08072044d4c063ab8f92c2e3e6f7c4a041ab05ef3e28021ba4b,47784,0.0,0.0,0
R5_aA_m0,0,35,A,COMPLETED,12,90,12,0,78,c00949418dbc25bcabf7d697fd1448f12cb5984ec3140571340ea0cf639e25d6,b80f533e1411cff904d729b48a4a7cbcc70582ae946c28ed95a3af0ee59a36e4,45558,0.0,0.0,0
R5_aA_m0,0,35,B,COMPLETED,12,90,12,0,78,b0ede600fc7ae516bdff1753998969c24ea230d3a812d34dcaa81d744c21c079,69465509b59ec02e6013133dd923558ed16c3f3666b3239731752ce11226dfc7,46492,0.0,0.0,0
R5_aA_m0,0,35,C,COMPLETED,12,90,12,0,78,9905375903419cdefadd3326c42e169ddf76f7226ab88761a5af491e1a76f454,11c27980a1add3de7752b1689dfb5730ee7e6c3c61efaecb6f3ba13b7c143efb,47019,0.0,0.0,0
R5_aA_m0,0,35,D,COMPLETED,12,90,12,0,78,e896b4b55d52e1f6f6f21274c489c5a53553261fa674296e46ab8da018a5adaf,6a189ac04fe72012264daf87889f252a797d80be359f6825d4c3540610b4ce24,47076,0.0,0.0,0
R5_aA_m0,0,35,E,COMPLETED,12,90,12,0,78,ea34f7ff23303a64df622fec78ef3a5bc4662caa11cfff60092da69dffbe0419,eea2354ab4d28146808ec671db34ca0336bf812e5ba95e1383f71722e916b7f2,47739,0.0,0.0,0
R5_aA_m0,0,36,A,COMPLETED,12,90,12,0,78,c5528999fc102716d5ca344a146f3320c9bd4d23c46ae7afb1b6789a46da8341,aee5bb5bb0de0d9d086197b91eb25889ac96cfc13b76f7b8209c7408e872aa0d,45516,0.0,0.0,0
R5_aA_m0,0,36,B,COMPLETED,12,90,12,0,78,d30e5a9d9f547678c79aec83b581c028cefa322c28b6434ff494d7a27f989835,9e9fc8c7d84ed91d250ff6fcc9c4bc07e6214b572a4114c5ee05f116c5af2e8a,46489,0.0,0.0,0
R5_aA_m0,0,36,C,COMPLETED,12,90,12,0,78,edc5616141e3708a60bdd9893aa3e3f7b48bc04da5b1e6445ef5b63515a699ed,7bb475209fdd55eb6e2284d27e690400e98d8b946b81ec2411fe8f362e96320e,47042,0.0,0.0,0
R5_aA_m0,0,36,D,COMPLETED,12,90,12,0,78,4ee1e12f2139479ab025085d53a82784bea5b8f5bfb665c69821f7dbe55b41e5,cad55b4d7fa16347034e0cc5975ce3c8eb4ca6883885601d06508de196977235,47112,0.0,0.0,0
R5_aA_m0,0,36,E,COMPLETED,12,90,12,0,78,ae14314f647fd7c4aa05bf19b94cc36e1d0aa84222d535860721ae8a93702b3e,9cc95974c0247c7c5dcc363c93f2606f728af6664dd2375acee95ae98c874cbb,47823,0.0,0.0,0
R5_aA_m0,0,37,A,COMPLETED,12,90,12,0,78,098bb35ad3534a91743cba6d47f9fec992caa60c2c2fb3888d7cfd69d0f91bcf,00edd19ec59ededc675b83303e25e90ee2ce5cc4e03c1c470a9c173fafa6f65d,45547,0.0,0.0,0
R5_aA_m0,0,37,B,COMPLETED,12,90,12,0,78,f5c6e984b4dbd375c98550c0a0055cef6dfbdea892eb888e979de051215af866,e82cbd3a8fbe423e85767ee72a13f274f4e4fb3368874490fd1e2193587fe722,46407,0.0,0.0,0
R5_aA_m0,0,37,C,COMPLETED,12,90,12,0,78,1777aad1d6c2877cf4c6b61afcbf051c4d8504fab296ab7f94591d7f5133c693,890ed91ae060ca1e3782ed5d9e480de8fb9c115dd6f14ed22cff54755a9a44d6,47055,0.0,0.0,0
R5_aA_m0,0,37,D,COMPLETED,12,90,12,0,78,eb2d41a0037d660bad5d429b60fef8d4096cb79c0b5150fb26dc3cad50e9a30f,f5392192550d8705a6be6704cdb198757094c2fab7aabfaa16f8e2c281c1a803,47100,0.0,0.0,0
R5_aA_m0,0,37,E,COMPLETED,12,90,12,0,78,74e533765171af017547c0222ac09dd3727dd3d2c4bfb6bd412ed69b1062ea05,dd9fc3010f983bfa9958b3a42826d5693cdff96cac4a46911ac387ea1388b863,47788,0.0,0.0,0
R5_aA_m0,0,38,A,COMPLETED,12,90,12,0,78,ef636bc5031fffe5452b943c04933a1c0f7fd5a5aea7fb74c7df0c94dcb937d3,36d4edacd79f1bc77734fb153e318178e6ddb550991a56357f6fc6bc770b28e9,45452,0.0,0.0,0
R5_aA_m0,0,38,B,COMPLETED,12,90,12,0,78,ee721b15dbb9b7e35fbf6624aa1b999b383d0bb39734b3ca45b5615669aa31b7,d343abfe864548e840ff4a597c72f4eb2bd877a032b38f3d70634a57d4afe8cc,46445,0.0,0.0,0
R5_aA_m0,0,38,C,COMPLETED,12,90,12,0,78,8bf99e67e2cfdab7257aa95f729d1d45786721acab6d65bc8acbc66d58bdf07b,bf35e3025380f13e2130ec5951905694006c10751662b90673ea84fd4efe33d0,47046,0.0,0.0,0
R5_aA_m0,0,38,D,COMPLETED,12,90,12,0,78,d3703a306ced33c86aebe1808c93c6c4526a587515217cea5c283441fd816841,a93a6c4192293d6c948cf70d41cf87477aba57a07d4738b026023963f9dc9c75,47017,0.0,0.0,0
R5_aA_m0,0,38,E,COMPLETED,12,90,12,0,78,4a51cabd7b5c5517c6c6873aa765b12caf0706ac1e92729d77e8eeb7391deb75,50aa26b33018fdc7c6cc3fe3fbf12af619ce6566baa2258311599143cd8e1367,47836,0.0,0.0,0
R5_aA_m0,0,39,A,COMPLETED,12,90,12,0,78,41a4ae568bce4ac00971ea639c9cf19df703d471e3cd1918a257d8c20e716b2c,78aa4bff036dd72b4a1ec5f271300b3e7515181a89a9fa96c4d8e48c62f11260,45435,0.0,0.0,0
R5_aA_m0,0,39,B,COMPLETED,12,90,12,0,78,a1635e767e34cdc94546909d12077b4869dff702681c79a23ab0fa1243f79d12,21a70f2c4992818ed2afcb0c09bb72231d0a8d054ef314bb20e64fc9b8cac09f,46481,0.0,0.0,0
R5_aA_m0,0,39,C,COMPLETED,12,90,12,0,78,7ccdc7215c040cecc97269f3cbf7c39e2fc1be4ee77155e2dbc08f357331c3e1,40bb2f13d27529443028ff172b90f5a6576d4757e6d8b34294626b661ebd90f0,47041,0.0,0.0,0
R5_aA_m0,0,39,D,COMPLETED,12,90,12,0,78,b9ede7c2d47875a2886593f954c78d2c90e2a83f25c2e357cd80572282b9ae57,7eb88154407ed8afb0b5667cae5df2efab34d1a4de8839748e4a8aaa36f9820b,47103,0.0,0.0,0
R5_aA_m0,0,39,E,COMPLETED,12,90,12,0,78,ccc4310f1890d29ccb8ad31bace47db4c12172401b19f1c5b85918d9481f15ed,8ed8a431019476b8be2d596965a1058ae010da0695828327a6b5a744e7ee0b75,47719,0.0,0.0,0
R5_aA_m0,0,40,A,COMPLETED,12,90,12,0,78,6ed41bec753518d4e4d1a4a3accf5d7c1424a67af572d020b0bf87585fccdf5a,90d73313efa77d29bc839c907f16b2a8d3e312565fe87e8abb93fda89fea3d9c,45510,0.0,0.0,0
R5_aA_m0,0,40,B,COMPLETED,12,90,12,0,78,a9f487a7dac068f4ffa82c0e89825bad9787510465e3d9d58a005c453080511d,c2897ce924821e181c36777f8c974583fd8fa5fca33b02414a76ec547a66ea41,46390,0.0,0.0,0
R5_aA_m0,0,40,C,COMPLETED,12,90,12,0,78,971ad28f225756e8dc7c8557d1af5d7e1895f2da90d237a3cf6e8cfd0567a42d,80addd6511b80e2bc4291b053dd962c9e006461b3bfec95a8024acf24db19b8c,47107,0.0,0.0,0
R5_aA_m0,0,40,D,COMPLETED,12,90,12,0,78,b8b3df141989457b88d08753467c27a9f11fe950832eedaf549f0b4ee4b82ecb,7cb245aea2157a68aeb94aa64d4977356586637201369594e41576003b9216a0,47067,0.0,0.0,0
R5_aA_m0,0,40,E,COMPLETED,12,90,12,0,78,884ecf58d960c37dd28e526c46c5b4ea8c92e45d08f126d8768390dac8e2ba83,6a79e50fdcdac12593c0bfbae0d73c07b820bc8ca53b6b1016296ac9ce070330,47828,0.0,0.0,0
R5_aA_m0,0,41,A,COMPLETED,12,90,12,0,78,f4a3c86b96cd772cb2216da21c3a43993f6e068a11f763d4defb34b2ac6cffc3,339d20eb2f82b4ba78b9eca215303f5abcc7be7a8eb2dd35a0dd42ad0779ebf2,45565,0.0,0.0,0
R5_aA_m0,0,41,B,COMPLETED,12,90,12,0,78,d0edd297c5499fdba28882e53ba6b541d71a5e0d0e4c184c000aa4b3645abccd,70e3599a9341989eebb50c877a7cc5c66459beb5935d7e7dfde113d35acbb189,46512,0.0,0.0,0
R5_aA_m0,0,41,C,COMPLETED,12,90,12,0,78,453b29cddb703f2ddd43bdeb2d12106d9e59adc329ba55d8b7548fad98e18b41,998926f8f20c4b901611f5f215f5235d160b8fc8d4b1c3cc6756f363a8056b7b,47043,0.0,0.0,0
R5_aA_m0,0,41,D,COMPLETED,12,90,12,0,78,5c037363fc53a1b9e1f48d1900d44b8739d7b5a4d146a7d106517566fa0a6d9d,611aa8c6145b90a66dcf17b710362471b69741268f85f3fc94bf8a6cee5ea6da,47079,0.0,0.0,0
R5_aA_m0,0,41,E,COMPLETED,12,90,12,0,78,1326d1320f2c9f38e9063e7a536b2d2b63edda2563b44b02d33f6c96ac329fac,42c581fe5519af8f49d3f18c4c1a476a26eefb2ead80873ae14b7bb1ae2b40ec,47783,0.0,0.0,0
R5_aA_m0,0,42,A,COMPLETED,12,90,12,0,78,28eb40790dc55a43519b7f9027c0002208a5c3f32d370cca7a254bbf88a6ad11,29b10bb0175eb5d994cd29a8f86707a3cd5f5c1a4018caae636414c464216516,45539,0.0,0.0,0
R5_aA_m0,0,42,B,COMPLETED,12,90,12,0,78,f25f85483131f5c8d4dcdf902bdb5c19c635ccc7cf5c537b3d16c71810404924,7cc86c93f99a9924db8e2fc7e8fe7cc197b51411ce89f6492d40a3ec26788ac2,46430,0.0,0.0,0
R5_aA_m0,0,42,C,COMPLETED,12,90,12,0,78,e36658136e369f12750f6177103e0e17044c93e0b9624a209d4c293d360e4733,36a624b4dbb953979c1a794ca76b0b6cc13ee84c2feecd3bd358186621542ae6,47015,0.0,0.0,0
R5_aA_m0,0,42,D,COMPLETED,12,90,12,0,78,3f47ad47ff18448169618c64f6f3b12692069e796619546a99de54ebfea3c29f,b1e810cb72a46b3c5e259e9e78765bc02cc2d932abddcbcd4ab28c3b8b8c517d,46960,0.0,0.0,0
R5_aA_m0,0,42,E,COMPLETED,12,90,12,0,78,b7b07fc9fd632a1454b96400f3d1d7589869c4e5c1a3ef58fa6ea2f8cc475b7b,4a43f92561267d39fc87fd86dcfd145d9e54d3898291ee0bc37b1f7b3298a996,47770,0.0,0.0,0
R5_aA_m0,0,43,A,COMPLETED,12,90,12,0,78,b6f5e7ae76005a16e6af52da29a28f5f4b203a7a7046ec85c4fd97b95b1ba484,8243fcbf3140c5b5453f84e6a258b30ab6965b83cbe05c07a9a07e76bac29bd3,45381,0.0,0.0,0
R5_aA_m0,0,43,B,COMPLETED,12,90,12,0,78,ccf7dd38d28db5695debc6fa2162365947dbc97c6ab20ed20f6f2523a5259c66,3c7b612b32f3db47e7fa3d6c240d505c86643169ab0f944d4c73dca957665ffd,46549,0.0,0.0,0
R5_aA_m0,0,43,C,COMPLETED,12,90,12,0,78,656c182ee8b02e6b871a9814b70dfba47e56a3ca6807056929718da95805a556,0292649a74491ecf5205e08b0fa30df7e51e19ca437463c091ce2db82e0fbc89,47001,0.0,0.0,0
R5_aA_m0,0,43,D,COMPLETED,12,90,12,0,78,823c39fa1735bbbf62edd3d18c07b88a7f23570f568a158bbdb7083636ed4f91,01ff074c32c87733ce71489a8c8a5a0154fbf3ab88b6df3aa6a111cf48e6adad,47031,0.0,0.0,0
R5_aA_m0,0,43,E,COMPLETED,12,90,12,0,78,c788698b0a26f1099b2495e2123235f04fc62c5ae2206e5ff940a300889cb96b,739b004a1689b3e6caf56e37c9a02daf2048679c6474e077987bdd61809c619b,47824,0.0,0.0,0
R5_aA_m0,0,44,A,COMPLETED,12,90,12,0,78,1ab33a3bc713e6e788b3a529487e8115e0f55ea2f2bfbe35dc3e4612a585421a,3e415b1c8e47be87c6772cb4a2402d6686ce667b3a20030becb59f97c5e046a7,45468,0.0,0.0,0
R5_aA_m0,0,44,B,COMPLETED,12,90,12,0,78,578a2217a490b0615a636dda2c6fcd115c181623a8d94db241da064aa6b389a7,d316ef9fc20cc1770cf36b0fd4a83522c9b821bd3649a299c853cb652bbb0a70,46380,0.0,0.0,0
R5_aA_m0,0,44,C,COMPLETED,12,90,12,0,78,3cf82cb98bd8d646e727bf820198b2206b6312f031b6c0e4ecd4a63e97d36877,ff87e727c4f1b97a297e308114a255d94c68b539fbee447b5fcf8b0b1b2f02af,47024,0.0,0.0,0
R5_aA_m0,0,44,D,COMPLETED,12,90,12,0,78,a1f5fb15ed2325b5dbd97f5dae01848da257997748a439b3d3d073bf51b5ff8b,470badb2a78a8d68ab2e2b300d8e39f3a0a1eca67b3db84688e8fcd9249fa117,47004,0.0,0.0,0
R5_aA_m0,0,44,E,COMPLETED,12,90,12,0,78,87019a60a6336086560eba7d8e113d01b4120df1f70186f7e98bd24e2cd2f62f,06022681effcf15bfd403520d42ca6a5a0f004efc47150ddb6e2838bb958cd1a,47737,0.0,0.0,0
R5_aA_m0,0,45,A,COMPLETED,12,90,12,0,78,8a7b78d9ac8b290c5fe01f75594a6ee3c731a73bfe97d57d4b6a9106c30f5df7,0a393eb4c20efbd08adcd87d1380aec1cdee2f9c487e5ece53e9d1f923e369a1,45505,0.0,0.0,0
R5_aA_m0,0,45,B,COMPLETED,12,90,12,0,78,fbe8c8d4757a0cd6090c30adc2996a464f808ffdc8fe70cb25d9c130ceece01a,3b05e298dd703bf32dc6a3d6cbccc3a427c963b19c9a991f293a8984fe7cfa45,46438,0.0,0.0,0
R5_aA_m0,0,45,C,COMPLETED,12,90,12,0,78,dfb65af51e39a303f724f6255eb07a81a88b04172c21e722502d1c28210462d6,ecf67681c4b02dc8936913e5bfe11cef6932f339f88e12e145311c616f2e71d8,47032,0.0,0.0,0
R5_aA_m0,0,45,D,COMPLETED,12,90,12,0,78,ab38e34b765bafcc321eeb7142e9748d39d382f222d89c28973194fbdfc669ed,e080cabc2b385d621d1e89011eb6669efdabd46444a60ba59253d6e47b1c6051,47032,0.0,0.0,0
R5_aA_m0,0,45,E,COMPLETED,12,90,12,0,78,b203650036531b25eb75985a7075523720aad3e6acbe49d0d7e9bfa6e3af5375,c50f39c6c87cf2229ac346d3089cd31236439ec02807be2b9342a2a682eee386,47790,0.0,0.0,0
R5_aA_m0,0,46,A,COMPLETED,12,90,12,0,78,f69b27c5616c89b684822af03e172ca61ae5582d4d92c7ceb6594ba951781341,6cd6ca719170e0a451f985c0801035c940219289206c35c0f80ac89eab64f5c8,45569,0.0,0.0,0
R5_aA_m0,0,46,B,COMPLETED,12,90,12,0,78,325de8abb762c0889e9ac6bd732f6400bafe007b3765a6e549b5fd2502a17425,d8bc8270f58f887dc2df628dddbb23cea970478b89b4f17caf122a1fdb809449,46383,0.0,0.0,0
R5_aA_m0,0,46,C,COMPLETED,12,90,12,0,78,d11ef35d5cbb1124001ebd307fce6b15859fcae6086bf3367c5c7b367536bc56,0978cb988c607bb4ecbf70ab6cb2ddaba47b92226844495afc992897a1bf11ac,47086,0.0,0.0,0
R5_aA_m0,0,46,D,COMPLETED,12,90,12,0,78,f715e8c49281d81384269e657b693cdb4a4c707415f8580eaa4d86b881fd298e,8840cfa58c2b1e65ce4a2f88b5ce9e5cb00f4015bb65dac3ba7dd5674b1cbeee,47044,0.0,0.0,0
R5_aA_m0,0,46,E,COMPLETED,12,90,12,0,78,e4f14f8a22b99099f52affc194ba4ae11db718a664b867ab31ac1f7043323ea8,0bc1027092cdcb64951c84b29dce554e1a19f6555e3de42e46299a1f16f3cf38,47832,0.0,0.0,0
R5_aA_m0,0,47,A,COMPLETED,12,90,12,0,78,68e7cf8feead8b3268a1fa13336e45dd6820e637bd40286601c039364bbf1e9f,a76e3d524d6e93a5e3619b94d02cdc00f83648e4560ff5e7d1c0fe4ff8d86f6d,45532,0.0,0.0,0
R5_aA_m0,0,47,B,COMPLETED,12,90,12,0,78,b31cbee4306f86e34b5810a34c3bfcff20f6c8dfa70aaa708a599b102113a778,847eeb35eaf9094d421878641d10ca6e7e24d739a7e025605b2def1131c639ea,46394,0.0,0.0,0
R5_aA_m0,0,47,C,COMPLETED,12,90,12,0,78,0a4cc04154b86ba5996165f29e5c64ca824fdad4ff0bd644ea6a14e5d8e9b04c,e462cd68acabbf81b08b409ed56595a94447875f80b5af68384db987eee33677,47067,0.0,0.0,0
R5_aA_m0,0,47,D,COMPLETED,12,90,12,0,78,98cb56f5042a54b72704b3103fd29d219209ceddd84e12f5a8fe6b5afaa24f23,16dd0c09076f47c93699afc4fff73d01c6cc99ce3dd1b8d505bae69f137891ec,47057,0.0,0.0,0
R5_aA_m0,0,47,E,COMPLETED,12,90,12,0,78,22b9c563f254040645de8d740d82da2a78968491fd18d85f5993b7d28fe0bff5,d173722dc64a3292a6221601a4471ff266089a1489a63bce6ea30ae4ba7bd7fb,47735,0.0,0.0,0
R5_aA_m0,0,48,A,COMPLETED,12,90,12,0,78,6d8ac138303ad50eb4d5acdacad502d68673a1d8c50e9515fc1adbeb4fda2f0d,c35c684bb313c84dd82e1f00ed1d2bcc4622f65c152499cebe58826109b40714,45477,0.0,0.0,0
R5_aA_m0,0,48,B,COMPLETED,12,90,12,0,78,57a789e1f51a2f0a6e798fb4a3ab43ed0d229715fdd525f99bfb599e3d4d517d,9b9a4933fb533dbd2d0fd59a96cb48dede30d56d567ecaab87372f27b7a43e60,46457,0.0,0.0,0
R5_aA_m0,0,48,C,COMPLETED,12,90,12,0,78,042f04ed1231e6274361c9fa15c9dc40bef4b6b6338f82b7ce89cdf1cf8efa94,bf69b8e2c68989b99983ee51e632eb3bc7f23fbdef5516203ac0a0c44bf6cc55,47010,0.0,0.0,0
R5_aA_m0,0,48,D,COMPLETED,12,90,12,0,78,c0c2eb9c31b0b55ff25bc9f1f3cd66adb7030f0857f7a5fd6812583e5fd7a284,15413533883689b7cd7bfb4aef0de7b6c0fa232b1c2b4307ac89a2bb0f7f20d3,47076,0.0,0.0,0
R5_aA_m0,0,48,E,COMPLETED,12,90,12,0,78,45cee7618d4d23d6aac4cdd017ef3a2e3fff31dfaf66275faffdb75c4dc9084f,31fd8b8def78504a125ed07f33a52df6293fcf672e9a089919cfb95d04f278a8,47733,0.0,0.0,0
R5_aA_m0,0,49,A,COMPLETED,12,90,12,0,78,81c1b42e89ce62cf2dcb4a691440369219f7345862f9694c6b5ae33dac52a2d4,c13b1adbc92019016e8fe76a0bac9672da85260727fa4ebfb7c14a19a60613ce,45442,0.0,0.0,0
R5_aA_m0,0,49,B,COMPLETED,12,90,12,0,78,1fe130f2d4d4b3e4220cd7ed81f36b8233abee08a1635b7f3e141e0f6db7373b,316df88306ec17f120485bc8f8a4cd1bdc7edcb43e4a95d89f694464af36d14f,46495,0.0,0.0,0
R5_aA_m0,0,49,C,COMPLETED,12,90,12,0,78,0567344ae1b35116bb420dd99c76ce620666ed8adc2369386cb8e70a4ab08d4f,3518a90a524694e1a0dce2c609bc6f3d7b6974d82911dd7b17baa8ff59220dfa,47024,0.0,0.0,0
R5_aA_m0,0,49,D,COMPLETED,12,90,12,0,78,35e962479616f0491db42448309ca223bbcdc54ce514e16cce1ede3a30dbf034,6a2b6bd7ea3bd20d381b7613ff058785867182f941349eda4f6a8d6ff25f78f0,47078,0.0,0.0,0
R5_aA_m0,0,49,E,COMPLETED,12,90,12,0,78,c17cfbab7ab1b0f663d8f19ed0ef37ced068bfcade2dbf6700743e6e4391f212,c5b9d7ebded005349698fc758442e383168c0ac39ea68ce9e24d66c069df00f6,47849,0.0,0.0,0
R5_aA_m0,1,0,A,COMPLETED,12,90,12,0,78,e32058fc6eb24bcd466dec2bf077881ea354af3592b70637797495cff37c4cb3,4fb9763d9ad011af6c487f045880ae3d03f52d933083a300928299aad4a72178,45527,0.0,0.0,0
R5_aA_m0,1,0,B,COMPLETED,12,90,12,0,78,bd3b6c3bfeccc9b7ae74453c6824b496eed04efaf07f371173d698ea46e24a62,9bd238aa7a8a56eb1bc3c782dce018d03fdc9f0072cb9945ddb3c32597f57b5e,46442,0.0,0.0,0
R5_aA_m0,1,0,C,COMPLETED,12,90,12,0,78,52e3b9a0ad838a426cef8f020111cb0fb9588f695714621c85624d7a54f36132,d0fff9dd07261bb8980be2596ce6030374d4e40a807ee97d347d1697c4ed0355,47033,0.0,0.0,0
R5_aA_m0,1,0,D,COMPLETED,12,90,12,0,78,30fe7ed7c241f9cb69c27ea10b63a5c6961920315c60aaa3d0f7156de61a1e9a,7af89e18c185e65c6384dfcc35da64bb0236b8a5079c8ba0c81cae9cb81fa785,47022,0.0,0.0,0
R5_aA_m0,1,0,E,COMPLETED,12,90,12,0,78,274b73c6de829267b16dc99e1dc4d09ece43fbd12d7dd4ab5e84ec63cd8816c3,bae063a7a6d41e81e69255503e49e196716ef0c6d65bf0de6adebd66b13346e3,47784,0.0,0.0,0
R5_aA_m0,1,1,A,COMPLETED,12,90,12,0,78,10bbb32205c2c73886bce2ee6d07bf213b965063ee27a2ceed57a611324d9b84,eab0e66f06faf63390df0fd9b2910fefa94b42be9e3bc1a598eb05cbf901ed73,45522,0.0,0.0,0
R5_aA_m0,1,1,B,COMPLETED,12,90,12,0,78,b858a9ca15c4ccc10154d805ac4f8e89262285ffed015621d1054501d19cf0bd,5a392a31552afc0e5afc8d96074e3664013e45691aa6c85c062eb52e43aa8bfb,46466,0.0,0.0,0
R5_aA_m0,1,1,C,COMPLETED,12,90,12,0,78,33b46c06cea2fa05030cbc34d463900ae7e65db1b3aeca23d6390ac2b3e64edb,78ccbff68c0b8f438b847d944d529ab1dcae09cbd1064344b779891940795ddd,47048,0.0,0.0,0
R5_aA_m0,1,1,D,COMPLETED,12,90,12,0,78,52d5adb9b78cfa32769a7e8bfa73205b7867536fb06862c29bda6ad70169fbdc,c7a701812387be9d981ce4546aff2195058a30690061fea56e13eb8ca5e60fa2,47070,0.0,0.0,0
R5_aA_m0,1,1,E,COMPLETED,12,90,12,0,78,1164afdf80cfa82950afa6f0559dfb2d58741aa8e06e817dde164e06536a6147,036a73b99b4fc5e0a26416757ef7f7ba00ccae52c822636a971f21687c5eee1c,47771,0.0,0.0,0
R5_aA_m0,1,2,A,COMPLETED,12,90,12,0,78,912651ebeb197ac53fda0bc8716f5e02d3a18a86b4f9bf5ea5d70f5a43d75e3f,aae52e912298fca128784a3595197658d73148d4e2f6c20e6491b49cb28a83c9,45450,0.0,0.0,0
R5_aA_m0,1,2,B,COMPLETED,12,90,12,0,78,6eb9d72237e543e4f3df8a3a14b75eb450cd98bb2beaa0e5938db8e287bb398b,e55153ee5b3738796434856c0fc618130408cbd253ed8aca87f7d6617e9046f3,46457,0.0,0.0,0
R5_aA_m0,1,2,C,COMPLETED,12,90,12,0,78,f0dca715f65346004ec4689f4f8ff237b9dd3df9a8dc294d3d2e22dd632fd1c5,0eae2b6c642836776bb6537594d5fc4c646c6e3ca7bb8ed2665fcac51a8ea722,46989,0.0,0.0,0
R5_aA_m0,1,2,D,COMPLETED,12,90,12,0,78,d543fb35e94c873b10bed4be43920f47e51dc72dad42b4a0f26bc0b5e105dc6f,f092f1e0f136f294a291db95cc3cc16b4af0618045ae204e510ad03b7050c7ac,46992,0.0,0.0,0
R5_aA_m0,1,2,E,COMPLETED,12,90,12,0,78,312953ff4347108037b3bebfa28e1289428a118e86d2d21cecb184a02604d66a,f325c9db5212286023e64bc2f6f5ed5faaf284f14318faf3b4af80796a3fbf42,47781,0.0,0.0,0
R5_aA_m0,1,3,A,COMPLETED,12,90,12,0,78,7ab8cfa49901fd2c6bb4f3f6d061199db10e5871aa69c4506363c4cae7880e9f,f3d03b1bf919170c49f187f7df556f27aa8a77ee43cedc6a9c946b3f9d656b23,45526,0.0,0.0,0
R5_aA_m0,1,3,B,COMPLETED,12,90,12,0,78,45b08fb6114d1ae30d2326daeb93f524b01226d27efe66452b2dc4d17be57090,834af3e278859ddb4092ca403f104e5253939a9026e7ebfffce6aed434651eaf,46427,0.0,0.0,0
R5_aA_m0,1,3,C,COMPLETED,12,90,12,0,78,51bc9f0c489f86cb57e836398d82896425a79cb1f005c58409b3bf51401fb32e,e0f38f84ae86417c89edd9c05b515e7a7d1f84a70fb97f6001f7cceafacdbc7c,46991,0.0,0.0,0
R5_aA_m0,1,3,D,COMPLETED,12,90,12,0,78,56d7deff8e7c16798cc87a5e6013b2ddf4b5a5f231c65bb187adb935e2c6419c,5c9244119f50b8623b748685d9eec3fa59d230c648da12ab78bc71174f0b3b12,46998,0.0,0.0,0
R5_aA_m0,1,3,E,COMPLETED,12,90,12,0,78,531a4207177f42db0ef058f843ff6c3c5f67d81032c96c7046f151055ea2d373,7db702383fb54538a5db6889fe215cdbd6c38e0cafeb26e51bdcc48be9d5a69a,47729,0.0,0.0,0
R5_aA_m0,1,4,A,COMPLETED,12,90,12,0,78,abcf3ff30d7afccd8c878ad048f60b979049a9124096fbefbee45f2adeed49cc,593a43663774315d057d7604ba57905db0c106c71de657a6c222037596c4f9df,45452,0.0,0.0,0
R5_aA_m0,1,4,B,COMPLETED,12,90,12,0,78,d66ffbec79b0c0675270d3fcfa00724be27b371a3e9c6b642173d0a02386a4b1,a86e29b5fa4665d508c79922db2c013e303def668bf8e867f70e08b82f2d37a7,46415,0.0,0.0,0
R5_aA_m0,1,4,C,COMPLETED,12,90,12,0,78,ca4019ae323bbfa0e623b268a87a8526797eabbd609afe1eb523f370db68c83d,c1a4bc61f0dcbe59010cceff3ffb63e15a6ed7d2a157b08eeb0cd51ce6665e2c,47006,0.0,0.0,0
R5_aA_m0,1,4,D,COMPLETED,12,90,12,0,78,99f2dcfde026ba236b9fd27b057eaf7f10214fe60acb049eb2675c6a2ab2e3e6,31d5026e39ccb9db5808692da133ad3197f47cd37d11810cee058291d12c9d50,47000,0.0,0.0,0
R5_aA_m0,1,4,E,COMPLETED,12,90,12,0,78,df7075f39b7fd0ef4568e3438954ef7e02916006463d01f7cd0055c4fbb00d8b,032f3bc6500139eb5741d15a4b8216579c9fe64f57405d382181b57f989b9af9,47741,0.0,0.0,0
R5_aA_m0,1,5,A,COMPLETED,12,90,12,0,78,d64981f3e51a318a4b2a8c532419d395ba6b9a2edcf447084ff7b697eab25403,2d87da88c5b4cb6e326e8ef47f76908356805b31ebfc63b94896cc098641949e,45465,0.0,0.0,0
R5_aA_m0,1,5,B,COMPLETED,12,90,12,0,78,a7e2c86107d2788a2dff3d7c9bc72c3cbba3c8c2f59de3f418dafc289830514c,2697b9d8101965519a62aa8632dc77beee74b4def1fb16830b23ca67514ccded,46355,0.0,0.0,0
R5_aA_m0,1,5,C,COMPLETED,12,90,12,0,78,26280c32473e2447f622a500e66bebd31243149d0039683a7efd3479b137e4e0,c23d02aa35fd7f09a8410dde45c3443f44939863af77d8ff1b701008da604f7c,47009,0.0,0.0,0
R5_aA_m0,1,5,D,COMPLETED,12,90,12,0,78,dbfcad283358153c6bf1554f4c32a2902a3f87dc8982aeb556424f1fbcdda15c,c6f287615a21ae399220b0dc07ff0204dab5c50d11808333c15544fd82d7c52d,47001,0.0,0.0,0
R5_aA_m0,1,5,E,COMPLETED,12,90,12,0,78,c7a11186137a92990e4c929b0003d4f507e9ab2afa3b247acb2117a559f4a457,146aef38dab6ecf3bc002b96c6637df0d0fab9723a17981f34cb28cbf2fd9aae,47661,0.0,0.0,0
R5_aA_m0,1,6,A,COMPLETED,12,90,12,0,78,ced9a2990c245260818e4bc1ee5a604b8dd48c4e667a2bcdddde515041d1195e,11c43d1ec6ac22b9c760064ccdda9d6d97ae82a82611710c3e76a0eb6c3c88e3,45504,0.0,0.0,0
R5_aA_m0,1,6,B,COMPLETED,12,90,12,0,78,7488e4d4c89775a846ab5ab635efaf9408c9b4ab083e2a864498865bcc2630f5,29c81265e3b44230a408c83843e20b6d20fbbd9d8aa4337c5ed5033890ffaaf4,46458,0.0,0.0,0
R5_aA_m0,1,6,C,COMPLETED,12,90,12,0,78,acce07c873c0afabd5bb79f469a4c77c57d8d8625f8a5fe38af544fe5f397302,98c9ef9330d22a588bc22dae69f994746a970aec260724fafd0cab50a4f30c27,46999,0.0,0.0,0
R5_aA_m0,1,6,D,COMPLETED,12,90,12,0,78,063abe0599b2413fdf098a2375887b3216e5653a53a8626c3241e391ba064dab,cf8c85f68ebe28f7c59b80054f5465c33f64b09e4044088bfa859ae97f3ea4dc,47036,0.0,0.0,0
R5_aA_m0,1,6,E,COMPLETED,12,90,12,0,78,0c8d4077f90d54d24d4fd376e9e4a34244d73cfa11f1bfd022676050ff572411,a80dbf0a2777e74161efeedf753f51d59183b400a0a1419781601420b027b6d8,47667,0.0,0.0,0
R5_aA_m0,1,7,A,COMPLETED,12,90,12,0,78,67a4f264807139b1228d30d305ab39f1f3174d06607131d1360cdc388551054e,d51cd0fcf169ca5b4c89a7cac65beabf370393ca1f074f7b06bd2b00b8c02d6c,45532,0.0,0.0,0
R5_aA_m0,1,7,B,COMPLETED,12,90,12,0,78,e7aedf65891075d27c4c71ef401245f3fe87a2022c3c6e269b1785ccb2bfd9c0,5b1a6b40a70055d01258e4d38676d4d110b38dcbb362f8a4fa57e49b06e73116,46515,0.0,0.0,0
R5_aA_m0,1,7,C,COMPLETED,12,90,12,0,78,2b71398c36b8fc57018d7d1d58a9c11e66a33c60f4528d4d45f5e5508a0e66f2,ccfe393266518d5834b5949e57b07f1ed33cd180b44ab95d2c5cccf14f6af8a2,47024,0.0,0.0,0
R5_aA_m0,1,7,D,COMPLETED,12,90,12,0,78,e323da137c4de0eeefb81f7a421d80d05929f6c3befb2b51abcdbcf385103196,2f691a126a719a26d011eb11d6b2c8f58f29bd4fffe34ee49159d9cdebcbbada,47003,0.0,0.0,0
R5_aA_m0,1,7,E,COMPLETED,12,90,12,0,78,cb73b95238fdeed0a494e059207c0428bc408c07524a4914eac23178fa49e8b1,074d13e2b48745c27ea262be722e5e61403e7905d6cc3b541cf1e7272a568be0,47762,0.0,0.0,0
R5_aA_m0,1,8,A,COMPLETED,12,90,12,0,78,1c4ce966014cdde40b6510150d1bc346eee12bbd511f61333d9ba942bff5f09d,83fa9e01f5ea8c53bb3f396e2f4b8a26683838fb421f8371dd94125a691f2243,45484,0.0,0.0,0
R5_aA_m0,1,8,B,COMPLETED,12,90,12,0,78,5d757fcbb16c01e6a2c07bd5ef4279aa76dd64dc9625fc69c4daf615b4566c27,261a6c76862242bcab0f8315801193ac509cc308a9dbff78924ba9523055eea1,46382,0.0,0.0,0
R5_aA_m0,1,8,C,COMPLETED,12,90,12,0,78,31951fc9024445c669d158f02037e4d26567b118fb474bf0a1958b7ba2bc4344,3b25b00cf7cb45ad140c8bb2e8a650cdad687c1588fa724da7e04593c014e34b,47000,0.0,0.0,0
R5_aA_m0,1,8,D,COMPLETED,12,90,12,0,78,f99c43842e4f37f3112ac369c70b58e4f66bef7a6350d1aa27cf06da3b18ac71,83b98918b05c27dbc946af5300757db346a59f6f7172fc9b69c280fd2ce59695,47019,0.0,0.0,0
R5_aA_m0,1,8,E,COMPLETED,12,90,12,0,78,180ea2b07ec12642f508c3a9b25d00265fb809dcbddb1e01d911b93ccdf8f8d6,dfe57383263605ce0569e70afcb46c17856e378a7943506d5cc3136799bac79f,47792,0.0,0.0,0
R5_aA_m0,1,9,A,COMPLETED,12,90,12,0,78,834b62149340b286a92a5ea0ed0ab52267d9c3f5817168191fefc34cd2cfce31,e5e57db970796fb1a135e50ee5d9d8523b57f5935f930fbd24aab77051e8b396,45483,0.0,0.0,0
R5_aA_m0,1,9,B,COMPLETED,12,90,12,0,78,23c8bdec5ceceb3e726849a17c419772e8f6288291b38f55e616fda74726f80d,55a4be7768a281b575d1d196c2e92dcd51b21495994859fda1d54ab4e5c2f880,46472,0.0,0.0,0
R5_aA_m0,1,9,C,COMPLETED,12,90,12,0,78,cc4619c574f7edaa4a7b92ca08b8b09d4f4bf88406c09477d1f2d83d590f4f3c,45f648cea7b9f525170070a3b35b6c9c9f07dd67780ba0f1e3e0997d5b9133f9,46977,0.0,0.0,0
R5_aA_m0,1,9,D,COMPLETED,12,90,12,0,78,85b3f9e3da8611d4eedd0eb724d38f9917f3c12eac3dd97f766cf9bf4a79e8be,ac30f82d996d8aef8c1083ae4432b87bb7d4079ef3a2c2efa557d2627f95e87a,47007,0.0,0.0,0
R5_aA_m0,1,9,E,COMPLETED,12,90,12,0,78,5ec81e30b1a937fa05f60f50c874845cc5804f3ae06925f6a51cea18c8b84bd7,e6fc3404df413728c1d9fa19ace20b5f133930d4cd9d5baca35b253a499db5db,47752,0.0,0.0,0
R5_aA_m0,1,10,A,COMPLETED,12,90,12,0,78,a03d0a39365e275fce0ba9f2a7edecf9df42aafd0f42a602b2193a5ce1474f8c,eb6f788f8b5b931c2dfd36641b811e5d4c6cdc5a3ef142964e577c4e9793da4c,45475,0.0,0.0,0
R5_aA_m0,1,10,B,COMPLETED,12,90,12,0,78,01ae141cc301b79899ffc764d70f4159db0bc7aab8c83bf3dd86bc119be6697b,e53274c7bfa1859c2ea837b7c11b979ac19a93dff8096486300c44d5136cb714,46336,0.0,0.0,0
R5_aA_m0,1,10,C,COMPLETED,12,90,12,0,78,e7065c8c1bf3d9a16ed27768dd3f3e6cd729b09583b98f40baac0cd6ff01b51c,5f470dcfb1e7f23b402f66c99b81e808b8b748df3490c2e87d15f05d629d542a,47031,0.0,0.0,0
R5_aA_m0,1,10,D,COMPLETED,12,90,12,0,78,9bf660042446fc66ef83a1b5f55cb0761a054b746770f44889dea9683bf7beba,ca717d9e4bff6cbdd61fb009954f4f1970be5085302179fde71f2f7ab8492623,47040,0.0,0.0,0
R5_aA_m0,1,10,E,COMPLETED,12,90,12,0,78,6efbbb44307251e36be424be4f23014bca3085e0fc6993ad5b713913414e53d6,194378e63c9567818c4147792f499678eda2bb5d1bedfe7f24f678931f341dce,47711,0.0,0.0,0
R5_aA_m0,1,11,A,COMPLETED,12,90,12,0,78,9bb58900acf4c8ea5c609a1aff9fb92f8fc39719693f5781984b5f6ba7527180,0ba7a94033e2035ef76e223930b586e8faad9d95b6ce2c0eb9bb314c0e2fb04b,45475,0.0,0.0,0
R5_aA_m0,1,11,B,COMPLETED,12,90,12,0,78,2cff562ebdb5a3acc8c641f61b57879b0fa862c40d0aae9504b03f5f5b2c479e,1135e9beadc51fa8ed7120355960a48e2aeea7f0291e7fb9e666eaed6187f0db,46439,0.0,0.0,0
R5_aA_m0,1,11,C,COMPLETED,12,90,12,0,78,d07e64933566c61850e0af830a2c72d0f45dc6dc81ee735ec52bbbd7d0a3a134,d88de14a64da7c9c92753c287b97f2095381cac1aaa9993f77193d8fa1172034,47009,0.0,0.0,0
R5_aA_m0,1,11,D,COMPLETED,12,90,12,0,78,51741ec99dcfe5b3586d1316370e96fa4c7c055738b87e57b9c46b9cfcac6c77,ee7477ede941324886b9fa3c4f29c1293abf83067845bab01998cb67cdc495fc,47033,0.0,0.0,0
R5_aA_m0,1,11,E,COMPLETED,12,90,12,0,78,05fa7885dbcf4e54d3c1120325469f2899dbd7f09d2a90ebb73d8b45e3b2d726,5b61f646806fdc4d47feb9315c606a798b1add10e1bd1a59b58cca227332880e,47768,0.0,0.0,0
R5_aA_m0,1,12,A,COMPLETED,12,90,12,0,78,c8b020e18ec4d50cd3e212c3ca43805f664f6d255194e7dbd78229f8a6377040,01f3986328ead71a0b751a53db05f72b418698a2c9aaf621a768a08282ef6200,45452,0.0,0.0,0
R5_aA_m0,1,12,B,COMPLETED,12,90,12,0,78,aae41d833a01476a41ff58259a10168591670d64a998e192c242d9847832c15b,1c186400553ec904b2459575c503d3630ec3e112fc815532e29c2df03348d257,46416,0.0,0.0,0
R5_aA_m0,1,12,C,COMPLETED,12,90,12,0,78,98a2e127be146e5f91a8ab9062184abba81b426cafba0898df4cbb5cea0779d3,e17b73ad58e70eb688bf078928820431732f922b7fccf16d7f070a937b326367,47040,0.0,0.0,0
R5_aA_m0,1,12,D,COMPLETED,12,90,12,0,78,8dc88f43f5b9d76d1d1deca05924f822d6ed3e8755f8c03d1292eac9105b5caf,96d0571b6b903deea35158abb37a82f761a71e0f1e06796da05f2014bda15bc1,47024,0.0,0.0,0
R5_aA_m0,1,12,E,COMPLETED,12,90,12,0,78,41181ccf15e48b7f388fe96a5942bb215d5558ad60ce7afc6d91dc6700bee1ca,54b0db018960859388bf6cc68fcab21b080438cb04d4c37c717a1e422319a9cd,47805,0.0,0.0,0
R5_aA_m0,1,13,A,COMPLETED,12,90,12,0,78,43ba9de8f8c94116817673dae668bc6d743ae587fed344c9b107a20cacee3f30,df13afa51845e9f702debd5a0d79af5f322ced65e944e4b3a22c0e4975a94a34,45502,0.0,0.0,0
R5_aA_m0,1,13,B,COMPLETED,12,90,12,0,78,150ce4e6bcb66f2bb73af0ea8618317c00d9143a4710101929726066623a6b00,ba7e67ed5e899858376631810922ab183cfed5472366b25da47cbd5895b32905,46426,0.0,0.0,0
R5_aA_m0,1,13,C,COMPLETED,12,90,12,0,78,4bb64fdaff2ced4bc60f8ab24914d34864e8b323951dbaac93e299371a054a36,dd86b2f66de34e6d8f4f1c785a4d433ef9041b1a8e6a5465fd1ce017ff7a2eaf,47033,0.0,0.0,0
R5_aA_m0,1,13,D,COMPLETED,12,90,12,0,78,c033b9370d8a6e947829439cd5c7b957500d02a3ded5e11068c75ceaee9a71bf,efab2a7910679658761dd4412a410cacc8a55a59e6861be1fd4a17bdbb7f220d,46964,0.0,0.0,0
R5_aA_m0,1,13,E,COMPLETED,12,90,12,0,78,7136b719f109df74b156e25616803d6a90252e7a84ed22208a5524eea6830324,b43b17358b7c9bda470a33b91c2dceb852f3c573832e47ed3fe1f7ca59229c91,47790,0.0,0.0,0
R5_aA_m0,1,14,A,COMPLETED,12,90,12,0,78,23f53c525e82e92a224d2daadfcfdf6c0caf6f5962ffff148edc89de039dd0c4,2dcf8a5b5cb4f2a9f7f3beab54353ad01af8f60a4bac7180c0e3ed0578c47b3f,45597,0.0,0.0,0
R5_aA_m0,1,14,B,COMPLETED,12,90,12,0,78,cec8abb100ce43d7a0a6a067aab74f4516c40e3a1dad6e1a2f830a5cd72256b9,a5b4dd3a374351f58cd0b9ece75825333c48ede24b3a669e4201653a53e8a80c,46529,0.0,0.0,0
R5_aA_m0,1,14,C,COMPLETED,12,90,12,0,78,ae66962abfd799086cafd902e2fd76874d0a94755e259f85b89cee05fa1e8461,1783da65b703865709dc94cbf838f5bcf7ffc95fd3137b86dac65ed7d0c355e6,47095,0.0,0.0,0
R5_aA_m0,1,14,D,COMPLETED,12,90,12,0,78,6cfec8e1b337b13011cdf43bf871819a9a3ace31250efef21e11c0279b7abb67,37dec9c5814c2ab1c874b3affd94b917a83639af9e79326066967d3514aa8c90,47101,0.0,0.0,0
R5_aA_m0,1,14,E,COMPLETED,12,90,12,0,78,40431b1b66df1a2f2aa82f8863efc0f2d3b5dac79c5a3c07f04f7043982c3690,59a1119c6468c99412f853dc534d63111dc1e953e7bd414befeb5f8abe92ebbb,47642,0.0,0.0,0
R5_aA_m0,1,15,A,COMPLETED,12,90,12,0,78,6fd2c96376de7cbb2477d0134d224a5a707a3b09898450d2e7ac00b430eadae8,b5a5596327bdbe009d6d1ba7f7d1db6dfd3f3c6fb96475e8440686d6970383df,45499,0.0,0.0,0
R5_aA_m0,1,15,B,COMPLETED,12,90,12,0,78,9fad8edeb860c10574b0f50b72017b468dc10b40ac88f6dc5d64040e8da9881b,81b5bfa6f7471964aec43bbc540195f3b1489830d908c8f72c23b34af82a5b1e,46491,0.0,0.0,0
R5_aA_m0,1,15,C,COMPLETED,12,90,12,0,78,0dbba309778dcd5be05181f3290d906c3d0e9134733b6b3cf3f2fff9f9e1552d,431a257ad62c8b5725d96de0489031b16e927b7b5363c73840f0b8fc06a841ea,47034,0.0,0.0,0
R5_aA_m0,1,15,D,COMPLETED,12,90,12,0,78,4c251d669d6502605f1b4bc8e74c159f29b3cb2baf594f3ddb90c04dd8f97c31,ec86dfe550f2561d4770936f72de4cc68632759f7eff1cee207e9437cfb1f251,47046,0.0,0.0,0
R5_aA_m0,1,15,E,COMPLETED,12,90,12,0,78,36877bee56446c7295b8f4075acc3c00ea9f5cd130f5f539ca22e9216a41c74e,e86dca25ab56dfd38dbae2ebdbc01b1bfc096c2560e6c00060ed50ceed9b3084,47739,0.0,0.0,0
R5_aA_m0,1,16,A,COMPLETED,12,90,12,0,78,a92d9148d3b27890031ae3c0c2cd4861fa02121c73d6c04c0a660508c56c6b42,69e8928b2404131b11501d5726ccf254bf3dc1df9a2a76b67a85b63ebe1e690c,45525,0.0,0.0,0
R5_aA_m0,1,16,B,COMPLETED,12,90,12,0,78,102a6e65d13be704fd81d5851f2d28653a31cdaa65513e64f4e96ae0d6632a09,719bf3b976ce398daff9f9166bd8bf8dfada54c4faf44cec339ba415dd05f8f0,46442,0.0,0.0,0
R5_aA_m0,1,16,C,COMPLETED,12,90,12,0,78,b5ca25a09da18e561b78db5fd178c96e4de029f1d96a6870e7a93a2cf40df052,a35bcd02e1746667c0f6cf35c5ca41136f2c461ed6e37d2e7f3032798ed0d5c4,47049,0.0,0.0,0
R5_aA_m0,1,16,D,COMPLETED,12,90,12,0,78,b34a0b4de09a73913783d8c3f4cca60d56b4d348e8593a91de6c80666e36cc5d,0c93c6f6a7c560690d77faad5f13ff68d687fe4e08527d69838785ffa07b342d,46963,0.0,0.0,0
R5_aA_m0,1,16,E,COMPLETED,12,90,12,0,78,845c5d4b143ea6290659dca6b98ff1b64ff5c6b952c55df05c949ef6e4af9d52,178b5b9de9600ed02899263d3b2832621c4d32ba96a369948b77dc9fb09532cb,47777,0.0,0.0,0
R5_aA_m0,1,17,A,COMPLETED,12,90,12,0,78,d2fb2e997b07e274f6453f85213fb8f5fe451aa4d24ec5b43d59b13a3f46056b,4e21e7b3e4c08cd7a60ddd9f75d5417813d3b12a5c5ff748e0b8fd5db51ea375,45484,0.0,0.0,0
R5_aA_m0,1,17,B,COMPLETED,12,90,12,0,78,a0c89cbb53a7420bd9f0aef231d4f2ef82947b505bae2341b1dbd5a4d5b0857c,e56a4e627d0dc48d03cca8da78c770e7ece9b895faa458f2c1c8d5221685c81b,46418,0.0,0.0,0
R5_aA_m0,1,17,C,COMPLETED,12,90,12,0,78,e756a7ef21e7ba343de73649fa1f0d0ef675e9aef3e070c1103843c4c60ae3eb,a1231b39531dffa5042a521156a7ec7a8743975ab692cf484079a1f03bea6e8b,46930,0.0,0.0,0
R5_aA_m0,1,17,D,COMPLETED,12,90,12,0,78,5b195cc2da2eb3ad9a44cd2ddc0904d19d5244de21a7020e45111a7cd199f9ed,ceb7cd42248a81e4faa83a197754fcc1280eb46c27b5f82e6d7f1f4aba5fb5b9,47098,0.0,0.0,0
R5_aA_m0,1,17,E,COMPLETED,12,90,12,0,78,0456217090700ddcc14501d10ac5ddc6f8ec340b10c683a03cc7cdaa667ea86b,033be0a2882f88f54292931c09f0c9e14322ef139c480351db3c5c6000ae652d,47708,0.0,0.0,0
R5_aA_m0,1,18,A,COMPLETED,12,90,12,0,78,3df27dbccf0c460693ac4c825c71c49825aad31c8f0bb717f0ca0d40650104ed,08c71f15bb43e6b718ebd68374ae11d7f1094d4f9d957d62a39d6e41925d7c56,45508,0.0,0.0,0
R5_aA_m0,1,18,B,COMPLETED,12,90,12,0,78,8869ea6759aaee576095834fff3f1f73876803b4a8ac312247f8d8cb44f3ca94,02f630dd915568afa9aec92f7c06d19c879c7349fe99b2db354a8ac61b03e341,46301,0.0,0.0,0
R5_aA_m0,1,18,C,COMPLETED,12,90,12,0,78,eecc12a4f4722ca3c0e60ec96daed1529337e8e368f21d855f78ecaaa4418bbf,a0d23883618f059852134a417a828b46a70dfab9f18b2f8ec4906a2a91cb60c8,47014,0.0,0.0,0
R5_aA_m0,1,18,D,COMPLETED,12,90,12,0,78,cbcc4bf691777af00e5e26226a48ee9a79f4a1eb80d124705fcb925b99636ff7,cf83cf2e8551d894c8f615803f61bba172c9753ba0068ef71b4a9571dfd27a7b,47021,0.0,0.0,0
R5_aA_m0,1,18,E,COMPLETED,12,90,12,0,78,afd0d78b614569d5926bc76ac8e04cf310fc183315d671718df06cd765b0c4e5,006ac66ac6088215153d49a9653899b390b80331da0375bb96f20e758eea6453,47704,0.0,0.0,0
R5_aA_m0,1,19,A,COMPLETED,12,90,12,0,78,845bed2368ba4ff9d34ba475eed410f96790829c62bf8cf956cf22894a4f761e,4168e5fa17b70c5b1013ee720c1bf584a2ecb62bc23be4c4f15db5e51eb5bf7b,45548,0.0,0.0,0
R5_aA_m0,1,19,B,COMPLETED,12,90,12,0,78,898c9e25e4eb128e5bd64b7b01bb1641c2566fdd8430421bf1b181e8877fe833,623a30f7e3ff26c95940f22373a2b1d121d4dd8049f005ceaa0fb9ba3fed76fd,46490,0.0,0.0,0
R5_aA_m0,1,19,C,COMPLETED,12,90,12,0,78,0f77e7fc7deedc3e70c8c27bbd4ef9070c1d40d38426b2d5ee481a109d64b754,3ce93f3deb0c26f4e9e32816721c1d0bbf24e29e5d5067beae37bdded44d49b0,46940,0.0,0.0,0
R5_aA_m0,1,19,D,COMPLETED,12,90,12,0,78,53837cd42fcbfb841190577e1b55ccc3c7def532ea6860d8feef0043ec812da7,a1d3aaabe928a9300c3dfa1560e19d192c0161209bfa5e185f41a1950c325318,47009,0.0,0.0,0
R5_aA_m0,1,19,E,COMPLETED,12,90,12,0,78,734d50367a9446d5bdfd90ff14cfa5bf4de3e400d2884935706241e13c64672e,250de1edf703bc6486c430e45a7e5cfa205a55ab5514327f18e09ed199ce1ce6,47730,0.0,0.0,0
R5_aA_m0,1,20,A,COMPLETED,12,90,12,0,78,0e8ad33eb4e9c70e40e98e9d2fabb4843a0d88dbe6ef93de88186b9fee3e673e,87dc8c30225dbc2cab8c978a9f1b043425c6e44a7b57ce9be9753e6a6ea2d25f,45434,0.0,0.0,0
R5_aA_m0,1,20,B,COMPLETED,12,90,12,0,78,4ec42f8aeef0bf4d000cb038483607b264c9fda4a9277dbea40daf4e7479e23f,822479b24164191b270d3bae97a1131f9fc607c0d00cd82c9b5b30b5792df820,46435,0.0,0.0,0
R5_aA_m0,1,20,C,COMPLETED,12,90,12,0,78,296dcfa72aee55782471e71979eb8f979db51bd98d848d8afc642b505522a584,0f3fd8468ae891ab8d9fa575ec8fcc1178fa464e09d2810fd2108dc4de05c5ce,46966,0.0,0.0,0
R5_aA_m0,1,20,D,COMPLETED,12,90,12,0,78,feb4b1289329a1441a4a0816e88efd0214bbfcd6d1ada6d225978d2e8627125f,e6d6264461e4fa2583723ad8a0d2dbb36960ce67c19bba2c816b1984d1105024,47003,0.0,0.0,0
R5_aA_m0,1,20,E,COMPLETED,12,90,12,0,78,e3fda955d51701277331b074946dfc212e1026fafbc58df449860eb2ca04dc48,30d0ff201570b87b26a7ddedff1426f4cfc301f3d585eb0f76399a496c1266b3,47754,0.0,0.0,0
R5_aA_m0,1,21,A,COMPLETED,12,90,12,0,78,1333a1bfad3b08bbab46ccef66475a54a1f3a872cd4737a1960d4904aa5d3c66,8ffa0839258a4d9d675223de1d105bdf392ac0dd5d9626ce6dedb554dfefb087,45519,0.0,0.0,0
R5_aA_m0,1,21,B,COMPLETED,12,90,12,0,78,fe0a4fce8a020df1faf9e850585d025d946ee98ec8297aa43bbb5a3e5ccdf393,718680c4d78fdbb7d43dc792225c7a49d531a6415c347d5372b4052c87759043,46447,0.0,0.0,0
R5_aA_m0,1,21,C,COMPLETED,12,90,12,0,78,d56b4a1dd6d8897ab587e9718177a4ca5acec05d28ccf6c2f1346d91dd5238d7,16166d092dde14a11ab5a274984d973f4a4564b49ba704afee340dbf1eda9c7e,47069,0.0,0.0,0
R5_aA_m0,1,21,D,COMPLETED,12,90,12,0,78,54dcc8d8a16d22e8a53ba9dc18b658bd75c426cad074a09044318b05b29c52a4,442c52801c71b7be0fa875f3ac01c64070dfe886a3ed6946051d8055e16d1321,47028,0.0,0.0,0
R5_aA_m0,1,21,E,COMPLETED,12,90,12,0,78,5e90ca9ccf8063b59c28d18e5ba0e0e671833928379bc0eeae36eccb96ee9aac,843843efe20b05b1922f80bec53b8ec907d61b06bd923443485df397b665ae91,47820,0.0,0.0,0
R5_aA_m0,1,22,A,COMPLETED,12,90,12,0,78,39aeaf165ac33b86e7d2cca5cae4db9676af8613162900199c0f8657a55a89da,0ae880e2fe7d7ec8bcf3af6d780447155945d02e848923ca14069c47af3a5c03,45437,0.0,0.0,0
R5_aA_m0,1,22,B,COMPLETED,12,90,12,0,78,983e0c3ebc697854e636a8dcc10b15dbc7219d66547450c9273e67fb13acbd13,fb0bfdf78242a5c9d900235a179aed751a89c9708bd3d4d081a0ab519ccab6db,46387,0.0,0.0,0
R5_aA_m0,1,22,C,COMPLETED,12,90,12,0,78,7aaaa852334b23d40da9eddb810a25704dbfb728c46e90d64c89c2299dca7a68,604617f94728089f059b3f5cff56003bec0cb1fd93d26df9c5ab62a97ccc32d4,47031,0.0,0.0,0
R5_aA_m0,1,22,D,COMPLETED,12,90,12,0,78,14590fcb295fde3a80f5701b2506ff6d5714b32786f5ea158b3094321dc0d065,5e2aa210dfa27fefd6833c95bf79f147c4235bc7d037300a5bb806c074c14b6a,47029,0.0,0.0,0
R5_aA_m0,1,22,E,COMPLETED,12,90,12,0,78,2aea2d2b619722470204f2d19b6f9fd70eb10c67b79153c4aea90be15ec16da2,b85cc1c2d06edfe3e7ad4063d39714f2eecfbabf0754470bef1f05abda399990,47703,0.0,0.0,0
R5_aA_m0,1,23,A,COMPLETED,12,90,12,0,78,dbdbb1aa693d98f5eb0e5109342d400ad5515c3679998ec9cbb12f6ccbeadc3d,472c8f83b96ce75a3b8e49a43fde6656e8b006a30faa2c73e7a2a83f67addaf7,45527,0.0,0.0,0
R5_aA_m0,1,23,B,COMPLETED,12,90,12,0,78,f8315da1f004822d5f1c1b2af5f29f3448106f141e91deacdf035870b81c5122,d68a0960e62c1248d51d9bcb4875c913b49f8fb1e96a9d290caa0144966e89e4,46463,0.0,0.0,0
R5_aA_m0,1,23,C,COMPLETED,12,90,12,0,78,6730db34a4dd9da2e16b264adf027e8e7cfd7ffc55234e7c948daf9cdf717728,a5176058688c4838ba790cf1f6f835e740ccf1418a6e2a4f55be709469e795ed,47016,0.0,0.0,0
R5_aA_m0,1,23,D,COMPLETED,12,90,12,0,78,5ab85ac619d474da8040f84ef5589a45070582eeda23f2c1d3c0bc50634c2285,162cb792fbd5233205cafc653c2095fd026f8cf9fcadca6207df35d98f8bb78e,47059,0.0,0.0,0
R5_aA_m0,1,23,E,COMPLETED,12,90,12,0,78,7ba1be18edac39718892fa27ac410550592aeacbafb946c8a3b576b11951e176,a8907616447393e5d9966fa21cb43b46f5c7e50847f08a0b897f541d1eca200c,47783,0.0,0.0,0
R5_aA_m0,1,24,A,COMPLETED,12,90,12,0,78,aedb0f378712df8627eceb3959b3bfc4c79b976a126f00b0a0c86cf1d5a9b6c7,ce9ac6b851640ae7e11e44e5de9aaae1f57f3127c6574a0bf465c1d1097b3967,45466,0.0,0.0,0
R5_aA_m0,1,24,B,COMPLETED,12,90,12,0,78,e598f711d7f187c432319759b918234745580514d661ec9488fe38768e2f4d72,7978c02787d8e2d27f16d9e9e02f085f6e2ea1e57d8668b05053864a66c101c4,46422,0.0,0.0,0
R5_aA_m0,1,24,C,COMPLETED,12,90,12,0,78,cba757342eb996eaa49b71ac7d97f4ca73cc379dc7bf1f2148846fd26fe9b3c1,9f7c592f4ca54a08e3a174f587d58cf984a936483dcdb669338e4cebb4d0d8d8,47024,0.0,0.0,0
R5_aA_m0,1,24,D,COMPLETED,12,90,12,0,78,442ba62ec6a713f3e3ff95e747b2e1a9b6f3a60c1a4d798b0cbb78be2bab97a6,1490b0b80b0687d99b24b24f1a9b7d3b9da6746d57edd5efd78d0c0f066e7ca7,46941,0.0,0.0,0
R5_aA_m0,1,24,E,COMPLETED,12,90,12,0,78,81ce1f062638826066b0148c3e8f6c5b966e3d3abd78d7e9e8fdcb18948d360e,82e0a155ca612a16cf268573d0ef576d2e375e294f94e5a36907da8a304ee30f,47673,0.0,0.0,0
R5_aA_m0,1,25,A,COMPLETED,12,90,12,0,78,058258110abd48d1b5d542be34ab30b71954219bcd995d4550c021b223246c42,212f514145fa46bac4baa0aed783cc853c549d7333987773d8e4e27b6c668b68,45426,0.0,0.0,0
R5_aA_m0,1,25,B,COMPLETED,12,90,12,0,78,a308282c55494abf5c799cb8a044f90f4aca72e7c132fb1ca9cad0b80755a140,df747873091a93acaba4849221de454ea71a03fd1ab0b627a0a7d17b412febff,46364,0.0,0.0,0
R5_aA_m0,1,25,C,COMPLETED,12,90,12,0,78,8c43fc94d02a35e7953478d73bdcb2a3bba986bdcdce920f816177401096be35,68b8c928613661bd816b52fffed9fa596abe151228c958e6f90d3b76f313ee12,47068,0.0,0.0,0
R5_aA_m0,1,25,D,COMPLETED,12,90,12,0,78,090b294c842b8c62a7f9a162e801876a607a516d98372379bbc8aabe984e88e8,37a71b537d84e9368a8a11ddfb209a4a26cffdc62089be179334538e5f639361,46977,0.0,0.0,0
R5_aA_m0,1,25,E,COMPLETED,12,90,12,0,78,4af120d9d269028df56b4d3d3f3bceeacc6a79c46609073eb9447764422ee436,767117bf015194a84a8fb12105b8a000f75895c7bad7071d21e22b94f9e125ec,47748,0.0,0.0,0
R5_aA_m0,1,26,A,COMPLETED,12,90,12,0,78,86aa832da0060a1bbf86025bf13e66809adbd5caa682d0008dc1b74e447d3268,e231abc41591d3369fff8d888c89cdd46e0b2f9b8d213fd3105c05dd7434e448,45413,0.0,0.0,0
R5_aA_m0,1,26,B,COMPLETED,12,90,12,0,78,d2c562fb7d304dd8ced12dd25cdb57cbedcd65d5fd4c28851190723bb6e79007,9ea661b6b757b72943a27b7b1ced7515d7291716699825f85899adef1b6bfbcf,46394,0.0,0.0,0
R5_aA_m0,1,26,C,COMPLETED,12,90,12,0,78,3ac5f4c618c48e2bb751c96e503f70400c3b08ca596c17701a36761111be1e3e,af03787449c39b9f404c7fbb77c87a7e5ba3e0972772d2e0d8111322b9029c8a,47036,0.0,0.0,0
R5_aA_m0,1,26,D,COMPLETED,12,90,12,0,78,d7d3cbb431395efe6bd7c7ea8e48057aac9e55a61145a9989e1dd608787f9303,bb3bb4a57c26a9fbc4e32f924946625806ea5d4a3d24e0b0a7c4a67a00a3adfb,47000,0.0,0.0,0
R5_aA_m0,1,26,E,COMPLETED,12,90,12,0,78,817327aaac571a73a37046414b43b9e7fe667c389c00f2f2bc01f7afa5765db4,f62d113a4ea272c3b4ac87b902a1927f4b8433c0542f0b6950a9dfdfacd34f12,47694,0.0,0.0,0
R5_aA_m0,1,27,A,COMPLETED,12,90,12,0,78,a8298bed60305c7a77588b4636c5c80d9ae3cabb09b6f8be2dc541c951c19386,e72239aa3988d6a4c1af2a005508d6a93aa99b9cc66244c1fd8d1b448a19dd80,45550,0.0,0.0,0
R5_aA_m0,1,27,B,COMPLETED,12,90,12,0,78,3c15d2db991998f42eb36ffe3073b615b038e54b10126bd2d18273038ac1f868,a8db2e80bab1b66d95be0fb3b1d87d82b319592f32a6077e60c0922d534d95d6,46450,0.0,0.0,0
R5_aA_m0,1,27,C,COMPLETED,12,90,12,0,78,4ab26dedd24b16977cf744210b6f4936642e4171c96365de862aba99ae455cf1,00d9bf21dae99e747934341d80cf9f78c7f454d0fa427087e2c0ed2006571c9b,47008,0.0,0.0,0
R5_aA_m0,1,27,D,COMPLETED,12,90,12,0,78,c443dab44644fe58ee76bc374b583e728e33c5ed0a9fb53329388645b3ec74ed,eca63d5a63f4745f96be58de75c25e05c1eef04e0253a7ea079aaed316f64c05,46987,0.0,0.0,0
R5_aA_m0,1,27,E,COMPLETED,12,90,12,0,78,063e2248ae73547b73a10d69801d92f4347a2af4055e2960594a0b95730040fd,a58d946f6047ba9e1a52fd1dd563946cf2f654906ab624c116a3c8918ee551c1,47721,0.0,0.0,0
R5_aA_m0,1,28,A,COMPLETED,12,90,12,0,78,21584a801459c54b0176a1edb3c38b90b99249338cf09682d72338dbf776d03e,e046a8b29df783d548ebae2b573f330e53b8df754f071cf6532ad208e696ab40,45481,0.0,0.0,0
R5_aA_m0,1,28,B,COMPLETED,12,90,12,0,78,1acf4261de96da58b118865a306dad4457c21b1b6c66b5bcbb78b188c3255e9c,60094e960aad860dd8be517be51165d8f428bd4496418a8c509009247c87d413,46381,0.0,0.0,0
R5_aA_m0,1,28,C,COMPLETED,12,90,12,0,78,db102bfd218e13b4f459f81fccb242ab6d2734b7fa1a94a928d4d38893f1aca9,5bfd6bfc47ecf3cbea000fea19f41dd7a73f14fac0a6c1b1a4bd0e55f56ee4e0,47004,0.0,0.0,0
R5_aA_m0,1,28,D,COMPLETED,12,90,12,0,78,3afc8540db278835d05c9f54cb7bf5a96412bf0034bb7afb3f8cd8ad78bf8b75,05448f3817229c250d6aef5575217189c134dff5f97efce74103a0eaee81039f,46947,0.0,0.0,0
R5_aA_m0,1,28,E,COMPLETED,12,90,12,0,78,b825a48a00eb29648c274568a1600901bf059976bb1a89f18d7c6323b13ccd7a,628120829b01211f3f321b967348587731fb8c060f25abce9e9a513ea4fad8c8,47739,0.0,0.0,0
R5_aA_m0,1,29,A,COMPLETED,12,90,12,0,78,3bf6bbf3632cf09ca793baf0e75a6d0c7a001b22e63c6449ea2c6ca857571e95,c13c248f1b2a30de45cc64976de2a8a16f2f9a59b334a037bc70b699e90eab01,45543,0.0,0.0,0
R5_aA_m0,1,29,B,COMPLETED,12,90,12,0,78,b59e261aeefc5a07d2ee075cbf0928de0b9ffa524d132cf1446077cfbdb1aea5,7ff8a99c5e534409a3ea071eb14c593fc1824283ab697fea63ff67ca2646588f,46401,0.0,0.0,0
R5_aA_m0,1,29,C,COMPLETED,12,90,12,0,78,d2acbe0331fe25421c17213a627a77597afa883cee69eee228927e5478e38609,957b721b27cb654a8eb2dba07d745dda3d7377cf6cabdef8ba17a22e0b523e91,47032,0.0,0.0,0
R5_aA_m0,1,29,D,COMPLETED,12,90,12,0,78,4ff825ca3094757e0dc60bec725e885a8359d1f347e765baa8b5a25a4ddc8419,f7e607dda86d7aecf1506eaf50c6e8cb06d4457a810bc9f4e28605a06ea6bf1e,46992,0.0,0.0,0
R5_aA_m0,1,29,E,COMPLETED,12,90,12,0,78,e84d264f64d2d9b2b08decc7bf7a3a54230e90b501b430ec746e4cd855877b5c,9d3261946392c500172e5be60d2d20483b7d89b984c54fe920652005c833aa30,47707,0.0,0.0,0
R5_aA_m0,1,30,A,COMPLETED,12,90,12,0,78,489593f3f0ef1cececbf533af2a28d1d2e927ca0afa92f2223d9a60e05223c33,17b59070cbcb3fe8f4eef7003fbd3332c055ff54a2869ab8af5ead8cccb665a2,45522,0.0,0.0,0
R5_aA_m0,1,30,B,COMPLETED,12,90,12,0,78,ebdc49b4a1c040d5dbc887d1e93bf4c1ed3d2900487d32f8316f042d5127524b,648061fd964fadfc00862633388474feefbf68d18c93595e506d37f0d4624892,46426,0.0,0.0,0
R5_aA_m0,1,30,C,COMPLETED,12,90,12,0,78,d3ad6a63bf4f5ea09db654f3ad067bd66a5fab489029d69583477ef1c293467d,c5baa6045edc600d72a9cf5da92afe4288a7224704f3c5ba16f1e16511c674cd,47068,0.0,0.0,0
R5_aA_m0,1,30,D,COMPLETED,12,90,12,0,78,9bd070a425814cc81b825560493c0ca19c3e188ecb85a48c89471962f86a197d,1472f3abe4875773aa5d754873412caa942592ef22513209b107534a03a4b1cf,46946,0.0,0.0,0
R5_aA_m0,1,30,E,COMPLETED,12,90,12,0,78,6829abc94b5fa88632528d296418dc1f4dfa2e01d4bd3777199f6267dd1b757f,fb19d2308ab8c508320f9bab4d02a3e8c13fa2e822820fda8729feb7e9a5faa8,47788,0.0,0.0,0
R5_aA_m0,1,31,A,COMPLETED,12,90,12,0,78,11671204a8c861ff24edf3f9ba46d0f3379ce3eed5b8c9c061f9f6b17b16ec45,028ca2d5f3d6e39c2fae8bab9ed0bd7d473adbccd44f0e973b2e3c1cfc14d1b6,45521,0.0,0.0,0
R5_aA_m0,1,31,B,COMPLETED,12,90,12,0,78,12e7b5470f922a943fc77f49b397b35fff22444c0422f523e2c74b672f416424,6c47cd9ab519d2ab9a79e91927afaddfc7f49f373de5ae65ad2458f8aaf1e4c0,46378,0.0,0.0,0
R5_aA_m0,1,31,C,COMPLETED,12,90,12,0,78,7e04bb8a3a9bb60390c905cf3bf5a97c2bf410f6a4254ba6d1cee961fd157b92,391dffe0aa025650d3459e8ea6ca198214bbaaaabce7b2b7958134ee0c7a0e2e,47011,0.0,0.0,0
R5_aA_m0,1,31,D,COMPLETED,12,90,12,0,78,f39775849c293f2a49df7c2781397d74805f20f96414655b052c7d2782bfd150,d66ac527dda798529cca8b41435540f7246e937c29e56761c2d566818819119d,47045,0.0,0.0,0
R5_aA_m0,1,31,E,COMPLETED,12,90,12,0,78,01e0acdd25318020c1b4ae74528d0e11bc6647f785e048bd93df6e42d5abe413,847c9dbd664e4654accc8387bb80d967ed1ea0a47578407032f7f63fdbdd3efe,47833,0.0,0.0,0
R5_aA_m0,1,32,A,COMPLETED,12,90,12,0,78,bb33c03d384f05b642c35309f748c4c785089e0cb6cc91fec88eccbf2d11bed8,835eb8f6bbe136f9dd6a494b4de7c332cce913286761eb0167b100a0018fd580,45459,0.0,0.0,0
R5_aA_m0,1,32,B,COMPLETED,12,90,12,0,78,bc281793931e7f231e42a8759cb5040e92e6a974d19a955ee67985fdc994e5ef,300e675f1df8f8223b42ab0f7f7524a27e745a3958cd3638afd45c7d91a81464,46543,0.0,0.0,0
R5_aA_m0,1,32,C,COMPLETED,12,90,12,0,78,d633d15a39c3cb74ea0de11f38d48de774bbbee7dbd0a74dc112f72acf3f57ed,a90a7987a6d7d61665c7b0087ad6c8e35833f7df110a7fce37b6cbbe6d23f458,47074,0.0,0.0,0
R5_aA_m0,1,32,D,COMPLETED,12,90,12,0,78,380ab38c888973d2e6ae081f8197e8acc7a18190a8df145923f7f6fceb2e03f6,90a98e21fa6f6263450564043899d97f824a1828e9b7a54401a7369868cefbb8,47026,0.0,0.0,0
R5_aA_m0,1,32,E,COMPLETED,12,90,12,0,78,1ddca0d299eaa6cc0be71570e88a145a0183c2243eb9081ba5525ccdf6860880,2d69324dbf78434c29b7f40cc7b050b59d30cc4a2b2b3e602685a213d2b66d2b,47819,0.0,0.0,0
R5_aA_m0,1,33,A,COMPLETED,12,90,12,0,78,051cd814bdcb1cab75b043ebe16dac47bfdb5905f5842cbacd6c3dff3de83722,b5ada164be811e006b70354b7345a5ca506542457c935a1bbdfe46ee56457f10,45518,0.0,0.0,0
R5_aA_m0,1,33,B,COMPLETED,12,90,12,0,78,413f6e127761859d8a999728c14751ad95870f685a955b3a2ace2ea79f93f4df,ff2619677172073878ddc8ae10f7978eb84a6a408b1e6ba2f13c663288803fa0,46445,0.0,0.0,0
R5_aA_m0,1,33,C,COMPLETED,12,90,12,0,78,ecdc0ecef5473816b077622ba249540cd16b648639b31f918a6675aa30ee1870,932aafa7d6bdd514c72060e4d62c21fc98157c41a3bfa8a23bc61f5ad537733f,47047,0.0,0.0,0
R5_aA_m0,1,33,D,COMPLETED,12,90,12,0,78,76a0bc3d4a62f72efd744aefae2ead10458a6b662c4a3aaabd39be2f07b7307c,d3e068b842e0210d3c9e2f32faac6fac721b746da3e311959cb4dc3ec69f5b55,47035,0.0,0.0,0
R5_aA_m0,1,33,E,COMPLETED,12,90,12,0,78,fbc405a3ea0774f1de703d61ab1823e6fad4ae2b0641b9e221f293b194dcae61,e2e4d91f5b1ce3c368c91accf17b9dd5cc162c5368f75f24d503e0f52dc10118,47860,0.0,0.0,0
R5_aA_m0,1,34,A,COMPLETED,12,90,12,0,78,fefebf515b3d982df71b6dec427ab1be2f1394d8e332d3d125e0b24566b47050,4e9d17585c89286b3e182bd4cf59dff43e250eeec23c22844b61a04b8b66d462,45499,0.0,0.0,0
R5_aA_m0,1,34,B,COMPLETED,12,90,12,0,78,e6c4573176df815e088a310f6efe3fd2d3398e386d0dba052a3518a788bbb0dd,f1573c95f9ee2efeff750452c8b54bbc1f797c576419e7ebac60fabd4fa32f69,46431,0.0,0.0,0
R5_aA_m0,1,34,C,COMPLETED,12,90,12,0,78,b853172a9b04b11217083eb3e10c4159f380f709d78fec5b77e4e6a61fe7c476,baf2b74240b66e442de6b8e6bba948f118c9029da7ca2dab80d7a3f06d049d4a,47087,0.0,0.0,0
R5_aA_m0,1,34,D,COMPLETED,12,90,12,0,78,67dafc448a5dec1304bbf7e300a815ec89118d9f07f19a022a83915624772d38,2db8bcb37034a040d1a2f2fcf35efd7421a9e9a33f031e8d2fcb4e0e54593eef,46994,0.0,0.0,0
R5_aA_m0,1,34,E,COMPLETED,12,90,12,0,78,72b32b413b3ec1fb5b52b11b67bf9b122792ef78fb94dd7f42202c5c3947a940,9fcd9198eae4143145d6ea926497ed96da1ef186d6d6002f22ac27d1d38ab936,47851,0.0,0.0,0
R5_aA_m0,1,35,A,COMPLETED,12,90,12,0,78,5a208365687690538e4c1f8d6348087939c62a0665136aa06e3059fc72e4ffd9,4a61e12c3ce7904b4cdabb2f920a61cb454355f6f76eebb79554a4e4922e2bea,45498,0.0,0.0,0
R5_aA_m0,1,35,B,COMPLETED,12,90,12,0,78,6afa07c3744ecd237803717eb24d5d39034c87796d24a9e85eefa0172b056a8e,8112eb3af83846d1cfd486918084d8a00b884e5a8fbb10756a0d009cc84e3386,46408,0.0,0.0,0
R5_aA_m0,1,35,C,COMPLETED,12,90,12,0,78,f64feb48fc5eb9f3e8bf75a8dec21b76451e4d78735bdfa91f96c5aaad38c59d,8a64c498a270c78c1c369249abf15bc384b9b560c7e9a033dc07ce618d8ee3c4,47022,0.0,0.0,0
R5_aA_m0,1,35,D,COMPLETED,12,90,12,0,78,482be4bc0013541703f4a1e979cbb1ea906e10f37fb10b8d67ed8bad3caa65e4,90a025f174e321f3e37aede065dc990a24f95cc7988eb58f548531ea4c338fd7,47053,0.0,0.0,0
R5_aA_m0,1,35,E,COMPLETED,12,90,12,0,78,98f037c9b49a9ffb2dabc78524b00dc23baf67397cbf88ed7ce32307e6295154,cbc37ca10c7b8e4b2e4eac97bcd5da218e6db531c960e14ea52a9b9de04039d7,47760,0.0,0.0,0
R5_aA_m0,1,36,A,COMPLETED,12,90,12,0,78,d229ec686b715ff94ae454cce7ed0bf528abda543c64cecb3d3c640f07c5a9a1,0ce270c995047bb097428cde1c4eae78dbc231e91306ca9f6f3ef326b364b88a,45508,0.0,0.0,0
R5_aA_m0,1,36,B,COMPLETED,12,90,12,0,78,0017a714ed55f51bdbdd36836b2c7d859f8282ede1e2892ff0385750c661e9e2,5cd8a716dee05f8b854610eb447161a62a96e93b54859eb56830e58127272d0e,46462,0.0,0.0,0
R5_aA_m0,1,36,C,COMPLETED,12,90,12,0,78,9af75e65d9fe23d2f377ccfaca8eeea156682cf16c46beefae2a3c946fd1f091,61e9dc7530e6da4e9ab07f14e6ef44fee125a1df7bef35532722af4e14384bc8,47125,0.0,0.0,0
R5_aA_m0,1,36,D,COMPLETED,12,90,12,0,78,9baa5ec25f4a780423cab378905e473c22d8e1efde9b09a18ee4fe80171e7884,81c9d88b4cc2634aade71ba5e411ef6c5b44f0408e1bedde69ff86664f37c30f,47081,0.0,0.0,0
R5_aA_m0,1,36,E,COMPLETED,12,90,12,0,78,8736168ed4dc136512353e13246b40510b45206d74f677b26b25a3c1db5e4b6b,15bbd3e20f0d51fce40d0b579ef8c2689e5e6f2defb73013f895bbfd99ebc71c,47811,0.0,0.0,0
R5_aA_m0,1,37,A,COMPLETED,12,90,12,0,78,861194963f263a313f1cbd3bb4a65238afe53ddc88ba8c29b400256c52c6629b,c40e8dc4ed3ab6c994dbdbe72553135e3116697fb0d7bddfb770d9535770ad9a,45437,0.0,0.0,0
R5_aA_m0,1,37,B,COMPLETED,12,90,12,0,78,e9997b2bdd1777beb20150de51da941390bb2394e4cc8cdeb697299c87d9ed99,d653ff6d8990d0890a76424563741d39f03b910651cb5c409f2233679663f9a6,46403,0.0,0.0,0
R5_aA_m0,1,37,C,COMPLETED,12,90,12,0,78,8e2ceef0bdff7b3be9bdbb6575d14fda22bbbfba07f07e504297ab6bff635695,25783d7079c56056df8f06ac2464045b10e807ab71c28d65570cda0d010b6cfc,46998,0.0,0.0,0
R5_aA_m0,1,37,D,COMPLETED,12,90,12,0,78,e1b2942407c8c73bf111d68d37a8be8456c57e9ed82a2127bf4b962aa9733072,f5bdce8230631496583b1f5f0cdf46cbc1a39d6d072d3fa7f756c46c9f87cbb0,47033,0.0,0.0,0
R5_aA_m0,1,37,E,COMPLETED,12,90,12,0,78,523a3c90385641847968f97448bbc97aa40b6170053f432843135bd763e6815d,bf4a162c9463fec98ab6b4d16bea7d6dc3b4988ad0aadee98917f683721402dc,47804,0.0,0.0,0
R5_aA_m0,1,38,A,COMPLETED,12,90,12,0,78,4a4337ba34a301c46e5a89e0ec3bddc10a9ab29aa2b9f706404fc999ac0effe3,204ea34f1a9917c0c70547b2d9cf89e66a37f1586d96381acaeede9b1ed3a69a,45473,0.0,0.0,0
R5_aA_m0,1,38,B,COMPLETED,12,90,12,0,78,b446e06f1a759e3ae31bf450f6c64d0b12af05a520bb061558edacb2b458c668,a2084841587e96864036c56844e9178e3690df607b2bce14f3765ef9be2934c4,46472,0.0,0.0,0
R5_aA_m0,1,38,C,COMPLETED,12,90,12,0,78,5e70923f25bfddb13a5a3d3d050f5620ae24738298cd4c368a5b84d9546366bd,45c9134597633e9cc44b3c7bccfa780659ca32969e2cb8cd44d9d4474d118d7b,47012,0.0,0.0,0
R5_aA_m0,1,38,D,COMPLETED,12,90,12,0,78,406b6ce5946cf348a98d5c55871773b16f736f4077dba4bc5cd37fbf8d0cf271,31d6d080f6bede963d868a4e6261a76aef6717365aab86438593d3c6691de592,47057,0.0,0.0,0
R5_aA_m0,1,38,E,COMPLETED,12,90,12,0,78,bc1370fce7ebae43a930fd4bee7d574357286def4f36daa60a606d95a478c7b6,b665e3afde21a466022c3937a3dc4c3a1fa6a92eeaecbbe83d8ce509b4df23b3,47826,0.0,0.0,0
R5_aA_m0,1,39,A,COMPLETED,12,90,12,0,78,175db5401b8084ddc97338d13d1a1e6580a08f906c1deb7827a2a99914c3e92c,fe9770385add45d89bae4ff1d8f82e0d7495d50431b5a69478a48be05daf043c,45472,0.0,0.0,0
R5_aA_m0,1,39,B,COMPLETED,12,90,12,0,78,38afd7bc5760cc9103a4117fbdd8096565ed6a1c39a79c49899b332ec0969161,8e24750422a7c9bcd6a94a9ac2a09285b1a39e1d6e81fe77b01f315d48e01528,46386,0.0,0.0,0
R5_aA_m0,1,39,C,COMPLETED,12,90,12,0,78,979a184fa46121703190b0b07182935901d597023142b9424c0eff2ced490724,144b494c9f278833058543300372bf158b53dc472ef4afbd0dc576a33b29bb60,47014,0.0,0.0,0
R5_aA_m0,1,39,D,COMPLETED,12,90,12,0,78,fab20d327bf954d7c94baaca61b1c2460a7146057e95437267b627480da6695d,66cfe47ef480bcb646129f1e4889971a6443937428fbf009ca143f06c32d815b,47053,0.0,0.0,0
R5_aA_m0,1,39,E,COMPLETED,12,90,12,0,78,abc63e0d8fc5d3991b788705ae3ed4d520f8562292fe92aeb620d0d408b742d7,70974d45fe6ca115069f0f1c4fd2e9ab4758ccff45260de4c1f297ee43b97a77,47798,0.0,0.0,0
R5_aA_m0,1,40,A,COMPLETED,12,90,12,0,78,9e45ac6535444242912bbe168fadd6f500b9595fa0659b3422417636e476eeec,a785636b87f28f8ad7c84f63414e1aa2a375ba138481aa6b80447254d02ea744,45522,0.0,0.0,0
R5_aA_m0,1,40,B,COMPLETED,12,90,12,0,78,0b2d2cae8eb28570f90bf16e6ef05240f510e666c42787687227c374ff2fadbe,5c1720733f5288e745065d3468de47ce8fa1e8d74d7c3e3409fbe8c68774a546,46359,0.0,0.0,0
R5_aA_m0,1,40,C,COMPLETED,12,90,12,0,78,c4159692f7e0a3c4045a83da6372034256986c6eb874e67674d2caa5b4556f73,9325a0f9e621bf5e41c658c3a4ecd243efbb37b733c2f54a404ba3e82e3fd4a0,47016,0.0,0.0,0
R5_aA_m0,1,40,D,COMPLETED,12,90,12,0,78,5f98615b7862cf256bcc2346e2a87a66541cc9c7c01aa197141961a320640165,1873f2c34210c745b6fe382bbd2115ffe14f64fe27462d6d3f31fe5aa46b3868,47021,0.0,0.0,0
R5_aA_m0,1,40,E,COMPLETED,12,90,12,0,78,82bbc8afa04023322888da08c24393c8e172728f56c73969adf66034aa28f473,e9da22118a6830dccdb720fd9fffc42b0f4a07b2c19b312bd9099fd2a6a6b3f4,47676,0.0,0.0,0
R5_aA_m0,1,41,A,COMPLETED,12,90,12,0,78,c70da56acb4bb87ff31407053d452ad0ea904c880c0b221a8717cc7fe2ad7839,b8df0c702937030e7a5d2fcfa2e218eeea2316001e79a59f085aa2ec1a151d73,45487,0.0,0.0,0
R5_aA_m0,1,41,B,COMPLETED,12,90,12,0,78,971efcba3f66fb9606b1d8d52ec98a5ca822d5c0ac2eb6596d3f29ec49ae80a0,c727501fd6f372abd19ca2bf4617eac28520a9a6eba21e80ed9bf872c76f41a5,46422,0.0,0.0,0
R5_aA_m0,1,41,C,COMPLETED,12,90,12,0,78,2da480a8df302fe1b3091516fdf6eba457e5cf9905969452f39184712396127b,668f6f946832561cb3d0992919b2eee0655987f6c9a8541f2605cc775618ebde,46948,0.0,0.0,0
R5_aA_m0,1,41,D,COMPLETED,12,90,12,0,78,6adc09b568d67c59020e264204b01a6a9c47c07a8a4942a8c80c7c5d26d89c35,14a9aaba64af5b98abe9018d23722bfd445fb2100e0287dc66a40f721a75ff50,47050,0.0,0.0,0
R5_aA_m0,1,41,E,COMPLETED,12,90,12,0,78,fc3da184f9bb991935fd70b42cb971488dd1a7b1205bf2b586e503349b25b545,c6830620d5abe866e398321a1cafdd7deb648c37b5d000d21ce05abb6d0b166a,47675,0.0,0.0,0
R5_aA_m0,1,42,A,COMPLETED,12,90,12,0,78,fdf272e5f04f22b0d2e2f819e2b234888550c2347951503b193685f36ac3234f,1b65549e544aa2af555042f1b77631bf74320ca9ec85bb7111741fda953a91a4,45545,0.0,0.0,0
R5_aA_m0,1,42,B,COMPLETED,12,90,12,0,78,4f0b90b349e857a3d127e7e0bd21a22dc52415ca7d65b2f70e86765f6f83ed9c,b237fffbfa265b8fcbcbaa207a0851388c1da97e6c2f9e2af243635974c06f55,46423,0.0,0.0,0
R5_aA_m0,1,42,C,COMPLETED,12,90,12,0,78,1ee65cc1bd40cc4407699ec6979a5a0cc3eeeb3919790b8cbf2cf3ceb42d3841,d120ef01bc89018707ea7afd2aca9b1faac4c75c613f05e9b2ef8c4ef8e6cb40,47031,0.0,0.0,0
R5_aA_m0,1,42,D,COMPLETED,12,90,12,0,78,56a453b193156bc4ec2d4471ef8b377c96acaa1b0e4758dea942e58245dab673,7890fe2c268968a03fa423f7c659beaa9a42eb310d71602b3cf51d5888ed446e,47056,0.0,0.0,0
R5_aA_m0,1,42,E,COMPLETED,12,90,12,0,78,6f86451196b07799627a2d04be16f68a83684974a17317d3e86d667984f43159,66f673f4b9c31a138cbc1428ff09b606770f7c8a1f20c98670e3acea29052d12,47808,0.0,0.0,0
R5_aA_m0,1,43,A,COMPLETED,12,90,12,0,78,ddb64188fadec0f068c150d673c38061a1843a254d97ef4ac294e025b9df7c3d,bc17a5c3f83057c9fce78f96dfe47fcbc705f180224872820d1e40741439db4b,45421,0.0,0.0,0
R5_aA_m0,1,43,B,COMPLETED,12,90,12,0,78,ffffaeb31a9c9431fb7a8a214cf9931b770b04a2f4c30ed9552ec51c6d9749d2,3cefa345013bb201c9a3dcb855aff935d1fa8b28936f84e23233b91d5540979c,46501,0.0,0.0,0
R5_aA_m0,1,43,C,COMPLETED,12,90,12,0,78,85d5211bee49c17c0576ad4a835e664b0bda81ba7b9e7ffb2344a80516e89702,bcd3b178a392ebb7c05d977c4372c91de01945a155de081ac22198431c76b193,47035,0.0,0.0,0
R5_aA_m0,1,43,D,COMPLETED,12,90,12,0,78,3ec6e6eff8f67ebad9e73aec4a93ce7707dffbe88bc9ca368bcca54a6240455b,9ee66a36c2e8412649ad678153b21f97d16acff757efbc25faf61ad5f798ca5e,47041,0.0,0.0,0
R5_aA_m0,1,43,E,COMPLETED,12,90,12,0,78,0d387acf364583b441104a092762b773f507321207f358b646524a04132e34ce,a372a2b5e5d981e2ba25d6a6c28f1ca96670d4520b55125bf0349b8af8fcae02,47785,0.0,0.0,0
R5_aA_m0,1,44,A,COMPLETED,12,90,12,0,78,53cd011b9495c4ee427a885780200199c3d36554f8d14b489c0cf05190be4220,a40b6908fa2ab74c9334c05f7ccb3563ad8458fc23ab7bb34966cca7e3503ba5,45503,0.0,0.0,0
R5_aA_m0,1,44,B,COMPLETED,12,90,12,0,78,12d6b4f04c6874d2123aeb0bdc0ee3149b69ea8403fc2a5f7f444fbc09ec173c,605cbd535e67029f6bd8b33808244942cd9c33934245f5d8f2535f4277c874da,46499,0.0,0.0,0
R5_aA_m0,1,44,C,COMPLETED,12,90,12,0,78,8e4df9f7f6eb876cc9d9faa9e38d177f59de5d4429d6faf1ebb9a55655334708,7246957f3bc3ac510cfcdae2473c10a53d3d57e45c82b54ecd32d81cc85bdd46,47015,0.0,0.0,0
R5_aA_m0,1,44,D,COMPLETED,12,90,12,0,78,e7c50bb4f13a4c3b157bb1d2a1551c496fb4c2f13742cf78f4a971ebbc223b1b,a1cab9de5cec562f23a7aeb5030c6b6ebe50374bc9cb5c2f77226edb129a1265,47042,0.0,0.0,0
R5_aA_m0,1,44,E,COMPLETED,12,90,12,0,78,e38bc9c3ea92f5677af56d74d5f9a7b8d85ba34ee42a320af1919086c976344f,522e8fc81b320b09417057b3be69678af7be8f1389874afe47dffdcb64102256,47747,0.0,0.0,0
R5_aA_m0,1,45,A,COMPLETED,12,90,12,0,78,ffe3ef94211f7573d5cb585a9256ed991f1a47842ceeb032dffe6c076dd746dd,9a14d536f0d5420e6e08f64a226a0298545f8af382742d6f525783f69761fe17,45448,0.0,0.0,0
R5_aA_m0,1,45,B,COMPLETED,12,90,12,0,78,83c69662367a9dd08bdf207e85e61495c2b282ea73d80d7ba1aa459dadd2ccfb,f1d21e446ae15cf983a8f0dc78b26b130bd95b89ac6bd46e864e330ad82b75ba,46405,0.0,0.0,0
R5_aA_m0,1,45,C,COMPLETED,12,90,12,0,78,13c8271c9035ba69e2e9f933f5c544569d977ac88c0c447abc10b70f82e6df8b,420567c51c547f0a6f5308cccfbf7007065afbc9e1d6609605ae3ba29d4eeb3e,47004,0.0,0.0,0
R5_aA_m0,1,45,D,COMPLETED,12,90,12,0,78,418408c9a015d26a8a70ad3660b19e5689cb3b37abfe362ac88756aea083e67e,768f7c10c0c18b38eeb03f9dbbc55b3df292e0d648c37ea9ddaa427443e6aca6,47008,0.0,0.0,0
R5_aA_m0,1,45,E,COMPLETED,12,90,12,0,78,6cbdcd57ffa5406831cf2d947347c529ffca966625541d91c8a7b915a0e4c4e8,af4ca602efcd6ba5ad4e54a4ed4b69b29f668a35ca3b52e17fa1718e18fa18c0,47790,0.0,0.0,0
R5_aA_m0,1,46,A,COMPLETED,12,90,12,0,78,e4e21fc01bd7340821cf02759a1397433bf756a27868fa475c8173b3a6ad13c3,4a4ac66147d61f636e448cd61cbb8e6d6f294f98c5eff2d2140e31c6921e8293,45511,0.0,0.0,0
R5_aA_m0,1,46,B,COMPLETED,12,90,12,0,78,c1ee43620084b4431ff425cc70e58b97526d468271b996c8a331a9f9483b8155,4e4e2c488ef0eaff53afad52806b217321ed41522f87fb891b07639221f8d923,46512,0.0,0.0,0
R5_aA_m0,1,46,C,COMPLETED,12,90,12,0,78,d03b75228949ad021d78044df56f3d551bcda9ed07eea67e54181e4f7d691b1b,da8517ba12a501a652612575f6045f0ccf41ad4b25558946ac6eee96ffa8bf16,47068,0.0,0.0,0
R5_aA_m0,1,46,D,COMPLETED,12,90,12,0,78,424c44c253917a8b2386d795a78988555eed660de40b789d185696f15054ff97,9c0839f3798cbb6b996553f0acf9f2e42434a4ec48044999c4fb8ea7428055db,47081,0.0,0.0,0
R5_aA_m0,1,46,E,COMPLETED,12,90,12,0,78,11874c99f5d208601996b6634578e4ec1444973f730d2fe0dd17bfd4a80f115c,7de69d73353f8431e9b2513b84f94a606c18cc67d62eacb3633336ef0a21bdd0,47739,0.0,0.0,0
R5_aA_m0,1,47,A,COMPLETED,12,90,12,0,78,430ed41524fed2cd05e9973fe943d630b7fc5b07145d0f747760715bfec87ded,d24841949d878ad30591919d41701c21fe4d7f70618e8113984d8d6ebf030e28,45497,0.0,0.0,0
R5_aA_m0,1,47,B,COMPLETED,12,90,12,0,78,a037bacc242451a15d0e49902bbc005b215fd81820be7a87ade6c42cc4c7edd8,28938f473558b78c2bebed7c93c21e3efe8eb05b1beae375badd5aa75d50f654,46468,0.0,0.0,0
R5_aA_m0,1,47,C,COMPLETED,12,90,12,0,78,96e62567b2b665ef7a95606afdb26408f644e073a03bb4ca12af7976b51e523e,fd0870ea45a834ffd310e0dc3e31d2df58371fc370f9413ee9535394e8fe47b0,47009,0.0,0.0,0
R5_aA_m0,1,47,D,COMPLETED,12,90,12,0,78,c00d397ce12d65f95320b54c24d5b0e528b37fe47992c15583dca211f101d955,26374187e5b14efca45fbbb42460448a0a87406eb2fa7f64d0ada0ef57efc8f4,46999,0.0,0.0,0
R5_aA_m0,1,47,E,COMPLETED,12,90,12,0,78,aca2946052d3a4e990701633f2064fd8aec50ee30858f693184383945d68e0a0,78fbfea3bedbd92ffe7ef1de2a9465ba004714697695d0555acca9fcb1e4101d,47757,0.0,0.0,0
R5_aA_m0,1,48,A,COMPLETED,12,90,12,0,78,35cbe50898450756260dba614267687ec93de7f42177ddf72c61b0e174f12dbe,e87e587ffa23490f373b99532a18faa85211e952361b89edaff0f7d351bffa50,45447,0.0,0.0,0
R5_aA_m0,1,48,B,COMPLETED,12,90,12,0,78,fd6883162d07830bf96aed6fd35e11212f244df297e39cf97a7c9a5af504cdf0,bca778fb97bbcb2ad9c14a91f9e62c18b1bd55578ebb490602008ebfefcc07c1,46380,0.0,0.0,0
R5_aA_m0,1,48,C,COMPLETED,12,90,12,0,78,df2845af796011e982f23e348d576b34146c3ea6c77ea4cb534baa96002e5623,39d9719c87a8502001e61df0217fd8084ecfcdaaeaae52da34faad3d8c881e4b,47064,0.0,0.0,0
R5_aA_m0,1,48,D,COMPLETED,12,90,12,0,78,db21961a0c87734eb73a13ac9989db45084f23d8204fba8253d582f84bed18e6,eae5edb8f76f805ca727a8316db3b500724c3576e4c45bbfc59f2ec755c91c97,47027,0.0,0.0,0
R5_aA_m0,1,48,E,COMPLETED,12,90,12,0,78,7eabeb85546a9eecb2faa83d0adf15da861363ac7ba95d83a1bbffcc9c9761b0,dcddf65a302d2f0855ad79c32970da7e26fe458633612c6f072ac14aa0121db7,47781,0.0,0.0,0
R5_aA_m0,1,49,A,COMPLETED,12,90,12,0,78,810baa60a4147d2079ef4f1c91f748406b98cc5218dbbd499cc0fb3bd5659360,a300082cf7e97a2990bd12854a3f64740e227ff9403318e162f116b91845d363,45503,0.0,0.0,0
R5_aA_m0,1,49,B,COMPLETED,12,90,12,0,78,32cad8a332ca8a823d4ee0ed4da4b372407fd1e0c84f7e9e925f559139070b34,95874a5e1c3fcb3319e013102cef651d32ee5160e3e852edd2eb714bfae4382d,46467,0.0,0.0,0
R5_aA_m0,1,49,C,COMPLETED,12,90,12,0,78,ab62b5b2ef76833d36ecc58b8a2b1cdd30e5756ef594b292daa529febdefb3cb,cf11dcb7fb3fb6cc4e13b3e307332e02aa0d9479aa70ec7070cf5785dd3779b3,47111,0.0,0.0,0
R5_aA_m0,1,49,D,COMPLETED,12,90,12,0,78,d73e91100c0f9c2ad19881b09b2ab93c74bafb8a5d12ded89e94066507a95315,afc530c329270b2d8226e51bf879227f829f563760b9432c269ffa34ebf86176,47036,0.0,0.0,0
R5_aA_m0,1,49,E,COMPLETED,12,90,12,0,78,0d007b8a162dc366ac05ad55fbe9043c4076501095d3ecf8f552f322439c0ff2,dd69e361b87769f35e8551e4a52b8c3761e362b2724c1695481df34afce04b8a,47806,0.0,0.0,0
R5_aA_m0,2,0,A,COMPLETED,12,90,12,0,78,ba7c15e71235da85ca6792d63d023c84bdd0d9b9f7965b59e967aff2ecae533e,e5a0191ced6600f911edc5a5e8a4e07d110b7c1ac23d34527dee19a637783fe1,45432,0.0,0.0,0
R5_aA_m0,2,0,B,COMPLETED,12,90,12,0,78,a14631441b6acee6c18d872c9d8d6ea1ed6b57dfae22cdb9f0dff04fb5562b34,372f9185e5fda9751ca7350fee4f920b465dbf34e0704645884934d576ab7559,46511,0.0,0.0,0
R5_aA_m0,2,0,C,COMPLETED,12,90,12,0,78,499abc550500dfa1061660e3dd893f0b5d75e689b119a63fc4711b6327d616da,a4ecec5d0d3826f2b7801da0d1067475c5b0388994bbef994183bdabcd354de9,47022,0.0,0.0,0
R5_aA_m0,2,0,D,COMPLETED,12,90,12,0,78,675423958f0f91f58072b84ab57a4f068da7cefa70a90781f0f6758bbdc341ab,9704cca30419b9692e6ea3e972aaa5a3b22576dd19d987a5c2d599ef91ef9c16,47100,0.0,0.0,0
R5_aA_m0,2,0,E,COMPLETED,12,90,12,0,78,b3aebd78bb1993abe26bebec0d1200f5eabc7868cbf685bbd6ddfac26cd3bd61,cf43a043bc22b0ff7871a1134145227a34aefa8b71035112f7253c1b49cb3714,47837,0.0,0.0,0
R5_aA_m0,2,1,A,COMPLETED,12,90,12,0,78,9170269d053392c7bcd2c111a9d14956f6ba2379697462dae310e8f6a7960f7a,0e9bd80a172f2b6629e0df7acebd14cd590ed34acc46823883e4e44f858671c7,45511,0.0,0.0,0
R5_aA_m0,2,1,B,COMPLETED,12,90,12,0,78,6260223ce58ece5ef371925b3de19cc249475e4da58ae438d2cda608bcea8598,1a669908e0c7a094344137026b3069e53955f9536abd162685741d70f9ff45b7,46333,0.0,0.0,0
R5_aA_m0,2,1,C,COMPLETED,12,90,12,0,78,991fb48ca6a540c51b1e2f434f03b04fd39130db3892e2993fded64a7603bef4,157dc233432b52aef863eade02516d74985931e7cc057bac307e1d664f22d1aa,47025,0.0,0.0,0
R5_aA_m0,2,1,D,COMPLETED,12,90,12,0,78,f6033df631653c48855d9636928c7e07c5a8c9f456af30d86a21bc1c2fe250ca,b4c9fa00140ac579f17e4bcc447429b0f57f3e8b5795b4c0ffb9c3c5524b2592,47028,0.0,0.0,0
R5_aA_m0,2,1,E,COMPLETED,12,90,12,0,78,610ad640f47c05277e74b07c3792840d12055e00d52724a4a91df6a7d46e4538,92255ad534c19dea72ed054e8932dcd0955daaabc38a01c7ec684d3f66da81e2,47772,0.0,0.0,0
R5_aA_m0,2,2,A,COMPLETED,12,90,12,0,78,79d3be8003dff06547bf9b1da10367c6505bda2822311b2a2a9d0459c75262db,22e063bf90d5c3f1e6f949f203ce05f3abada547ab9d54b4bb899546f990acc0,45482,0.0,0.0,0
R5_aA_m0,2,2,B,COMPLETED,12,90,12,0,78,733670b63b6ce7f471ad2e9908e2bb8208e916a74f023ea09911e9d930880e08,9f287af6d96168e63554651f6636131ce738dcc90c72048378ba2df88c3540b4,46443,0.0,0.0,0
R5_aA_m0,2,2,C,COMPLETED,12,90,12,0,78,bd9d428d6d5fa2bc6bd4f3a299dfae50f282efcebcd499f4f4e453670d023bf1,d0f6f0a6a35846118450304bf6bd197f9f870bd3d9c0047d1e63cc8bd041d9c2,47033,0.0,0.0,0
R5_aA_m0,2,2,D,COMPLETED,12,90,12,0,78,00d7bcbf87075802733f15350d8432e88651c9770ccb287f6979d717bcc10265,1120787c45a2465da096671f39552c5defea7db1ce9615c99c61f848762cba89,47039,0.0,0.0,0
R5_aA_m0,2,2,E,COMPLETED,12,90,12,0,78,71882c0efe6fd0566c71e0c4463d0019370a078af69a95dce53993d80185e814,c22a653a7df62e3782b7d2d2eed1b6dcc4bc47c1e092c8650679f796c807e7d1,47820,0.0,0.0,0
R5_aA_m0,2,3,A,COMPLETED,12,90,12,0,78,38b4a5da8f36f3bf0aa3893d7fd46707ddf4ed7fd0b2ad1c51b729bd1175f7a7,78e5e06e028f87420cedfbbf23da7befe83e6322cbec52d1384e263093f9fab0,45458,0.0,0.0,0
R5_aA_m0,2,3,B,COMPLETED,12,90,12,0,78,5b1c1f2c251ace486612ee5a2ca31ed672c1f6e0e2b389ca4bb0d1593fe08601,a8f0633e8f6a31a3fa3bdfeec66dc68664a561d9c48e553ff7a5208182647d34,46320,0.0,0.0,0
R5_aA_m0,2,3,C,COMPLETED,12,90,12,0,78,fdd40d0cac1863b2b1cf3ec5c08dda72c33efeafc3d92a5e5ec433f90ba65052,af54270b5b1dc9e8f21b67ad5e5b25902d4de5265c6407256adcb66e78000834,46925,0.0,0.0,0
R5_aA_m0,2,3,D,COMPLETED,12,90,12,0,78,eb296081b2e048bb98aa8ae91adff296e123d4935c88ca7e0bef7cb52490d445,1c7af7088e3d0a38b21571a2ea9be601a734397bb00687257167845890e6ca38,47004,0.0,0.0,0
R5_aA_m0,2,3,E,COMPLETED,12,90,12,0,78,da28e6ab89af4dba619f8c2d81a82d26e6f341f0dabe628ed18922532b9f213b,5659ccef02087b9c7d71fa78727bfd8719340b39d9482a0614509d9e0c15a0be,47682,0.0,0.0,0
R5_aA_m0,2,4,A,COMPLETED,12,90,12,0,78,7c8f01dcdc897124684eef0875ad7cb1d09242ced33eff97705bad5ebb69e84c,247ba6457287b738135e6229169028ecb87a02d084879b5ffe5c88f47790a989,45476,0.0,0.0,0
R5_aA_m0,2,4,B,COMPLETED,12,90,12,0,78,3ef019896c328f54c47c8ed0654bfad4d4e0e01047c0da872ee76cc2124ea6d0,e96b261cb0ad57dade57a08309029feca5af7baba10752cca1dcd5155aeac6cb,46357,0.0,0.0,0
R5_aA_m0,2,4,C,COMPLETED,12,90,12,0,78,59524ccc19c6b798a8c43e129abbeaa56b1be734ade62d9c37c0cc6ea4ca851c,fa1019043443da81886ea9d20c174734ff75c79120867a3b17eda108e09693ce,46993,0.0,0.0,0
R5_aA_m0,2,4,D,COMPLETED,12,90,12,0,78,3d5f827aeceda6ec63a7215c12bba1bc4b08750e00ffca1b4e86dd8217899e2f,04eeeeee4b3a66f9a86e80c0d1d8f2c849e19ed7f7aa47e5b0894b8d1635bce9,46971,0.0,0.0,0
R5_aA_m0,2,4,E,COMPLETED,12,90,12,0,78,aafde8e8cde4d04f3dbab11d97aa4a61527ea218cc2f26b82cac8563b629187c,10531d0e30489b0ef5fc286dae165ae4ef5298678bbb52528392cc4c12c466b7,47681,0.0,0.0,0
R5_aA_m0,2,5,A,COMPLETED,12,90,12,0,78,befa1b5e51b648c310ccc6a512b4dde037d10e1c7df94d9994748ef65915cdf0,e808c879e4c6da5a547509b940bdf9f633913429de4df1a93cc0a5ae2e163fcf,45462,0.0,0.0,0
R5_aA_m0,2,5,B,COMPLETED,12,90,12,0,78,18fc34d4769b801ef14f5267ba91615954603f4062903deb635f0c725cb1ab36,e57b33f02a26ca6b376cdd4a7e04bf3cc63497bedc0d2c37cb4cdd9566dea2f3,46261,0.0,0.0,0
R5_aA_m0,2,5,C,COMPLETED,12,90,12,0,78,2b1235ae8e5ea14226a59495b627c183a50e5ac535163036997a68757b0b4364,1b54c7c54004a7733ab67d56311fba95fbe52e57f6b9a7197d8b6464ba08da24,47029,0.0,0.0,0
R5_aA_m0,2,5,D,COMPLETED,12,90,12,0,78,ff7150a8e29768210a746eb46428451523622b407114359dbfcbbca4c4164ef3,5fdffdedbc253ff478067a7072d24e3717399b3cec265f602ab5896bf44b7b81,46975,0.0,0.0,0
R5_aA_m0,2,5,E,COMPLETED,12,90,12,0,78,46eebc9a8640ed4842943523d5f1f8b34f966f2a75d885b121e1cc3f21f4ee71,591f01749d4098e236c11718fa9c48e96570ceff56dadbd49d3359d476efc94d,47667,0.0,0.0,0
R5_aA_m0,2,6,A,COMPLETED,12,90,12,0,78,5cc9fc2a0d808baa4c891ed00a31efb5c1f2bf2efc6c9a9b7bbe7be5ef68c148,b6b3a3f0bc91794f56ce57ac686eb24f4e2be73b66b9aa85d162bfffa6166224,45570,0.0,0.0,0
R5_aA_m0,2,6,B,COMPLETED,12,90,12,0,78,3bdd6e4ac227c00cfe3111df1f181a7e743750642475aebbda2e1ae14f872b2b,1c662ff190f5b1e10a907ed917f62029b04462a48562ca5cc41f75aa003e2fb9,46357,0.0,0.0,0
R5_aA_m0,2,6,C,COMPLETED,12,90,12,0,78,d1124b30dcbe978b0a51741bddf6da26b7d8b6cd6851f5df94907e511d51ccda,489fe564dcd8be9973bcfb6cd4c089d71cbc7e9aad4a986267d0994953f58af3,47045,0.0,0.0,0
R5_aA_m0,2,6,D,COMPLETED,12,90,12,0,78,a7c5b1da49d8305c2f210dd6dc8d3da1861281758af027c829c574a89694165e,a8da616126a63edf7da5dd409aa3dc53c5f8c25f252f94a47875a98f4b88fbaf,47051,0.0,0.0,0
R5_aA_m0,2,6,E,COMPLETED,12,90,12,0,78,03fc4d8d2bbb63ecff515d75d74948273df723c5b9adb5ae5c2aa5a4c8249337,8339783eb54404df842e160fefced35c24643d2649cc58f1c391ce22daa3b2bd,47800,0.0,0.0,0
R5_aA_m0,2,7,A,COMPLETED,12,90,12,0,78,a6f3593170c98c5b4ae4fbf4ce9412a000a2666055e9122a2afa931c71eb373d,ef5449365ac36cfc1f883f2504ff40d658673a08afc93ab4dd3b41bfd55b0f49,45554,0.0,0.0,0
R5_aA_m0,2,7,B,COMPLETED,12,90,12,0,78,bed39bbf4f2a03ce143d63b2517f7a7228d269563bc09ec393d9e3367c8cc983,8555094d42e18f595fc1f5622f5268a1d18eebe26b64e1fc472a2319be5d1be7,46399,0.0,0.0,0
R5_aA_m0,2,7,C,COMPLETED,12,90,12,0,78,459c8e0a2fbdd4f1026db4269ec3d58fc32f78f4a3d601f43d848f02c5e9ff11,84c7e00c5ee364e04a16f520a78ea45566a9b789e646edbeb1e5e06e66a8e46b,47031,0.0,0.0,0
R5_aA_m0,2,7,D,COMPLETED,12,90,12,0,78,77cf0749080efc4540ef2ad3474b8a1b37188b85dff10fe445fa31340cd3d7e7,fc344a3ea2b249919f06d5b829f705f7bee89727db5851cb7b07a7e15ad760ad,47041,0.0,0.0,0
R5_aA_m0,2,7,E,COMPLETED,12,90,12,0,78,39129d003723806b58bd73b5db65a162ab3312372b72f50bdee6a597e985ef32,4320d312321238b8b6fcbb7519c5fe7feef136111a8f0b30f0f3ce5832675c29,47845,0.0,0.0,0
R5_aA_m0,2,8,A,COMPLETED,12,90,12,0,78,20c4fb6d7a479f007cb0a1f960ba5a1523d783103057dd637e568bfb0386b347,8c41ec43b7b4647813371bed1497eb5a188bb522dc1d9b183b259e274c45508d,45540,0.0,0.0,0
R5_aA_m0,2,8,B,COMPLETED,12,90,12,0,78,9ae594b6908095d8e9f00460f28149eaae2952f406e99480b5d82d5df4594138,e5b1ce5bc242b9bb19d453dddee206428fdd0c9a248a0bbb8987b559b187a734,46417,0.0,0.0,0
R5_aA_m0,2,8,C,COMPLETED,12,90,12,0,78,dd5ea891869b046dcec1411d5c8c54fc92b302265b773b8618154b1ccc67ca11,35d05d6c8cf2176aadb60c90674ba409a4a954256a765a7c2296221d5b703534,47023,0.0,0.0,0
R5_aA_m0,2,8,D,COMPLETED,12,90,12,0,78,3d8c5db615294a0169f4988cb910a8a184104cab68675196c583e0496b114425,094296437172c5165e0211bc5c013c3993604f9f2e5bd42d08153c3a582a974b,47043,0.0,0.0,0
R5_aA_m0,2,8,E,COMPLETED,12,90,12,0,78,541552adc5d4a21a5b3536bff353d501c83b6bd29b2fd524b21cc46da1870dcb,49944ce0edbc485582109664c5e1cbab742c416649dc73eec59e560401f61338,47770,0.0,0.0,0
R5_aA_m0,2,9,A,COMPLETED,12,90,12,0,78,e4a5bc6f31124eb42a4487522605e04e6ac54d4a4cc11763b19c9d03c3f8ab62,f4eb3b945921ae3b2de30dcd102f58656a06da25388438414072a33ee86e8fba,45535,0.0,0.0,0
R5_aA_m0,2,9,B,COMPLETED,12,90,12,0,78,ffccbe3002ab15b5c177ee4e3c5138d6fc573a3b78ae6c515390186b1febb668,cb614f07d04858c4a1649352266af03d4b61c25ba600af1467ecfabc9bb8e3e6,46443,0.0,0.0,0
R5_aA_m0,2,9,C,COMPLETED,12,90,12,0,78,b1b097217d3abfd71aba006a01814cb89ba0a309973c77f0315a1915eac22202,0f1473eb26118a1a5512fb2a47974e1b73f6388ad4b1dc557ce40d6b3459c9c6,47052,0.0,0.0,0
R5_aA_m0,2,9,D,COMPLETED,12,90,12,0,78,0d806b527c955a88b38f94481d17be56ae828e0c5faf5396e620b94b4e88620f,c09c3fec8885176a11c27a8297973201ff7b564ef18314cefb9aa96a43a5dd12,46995,0.0,0.0,0
R5_aA_m0,2,9,E,COMPLETED,12,90,12,0,78,f64a6330b4e5674ab7c3564db70f98c3845f28060eb8ffd444ed2ad0929c05cc,de4ab1a2bcd8bc56a3a4ac5c0adbd9c551143981ccd3aaf770631dd6a818bf57,47714,0.0,0.0,0
R5_aA_m0,2,10,A,COMPLETED,12,90,12,0,78,8dccd2e0bc1d967ecf86a1d0690ed26be48bae8d0bbbdb1693e5bb074db23082,9e952356cc6f0f01d21a7de16948dbd247c394af218f50f5302521cae05fd736,45532,0.0,0.0,0
R5_aA_m0,2,10,B,COMPLETED,12,90,12,0,78,95bafc4ed2ff21d965b7d54a3a682c506b4c141d8f2c83e8cf482b63663ae9c5,04c7b4ae14d3d7524942822967e6dfd77dce70c381026c59c8b676b1e77a3bf4,46369,0.0,0.0,0
R5_aA_m0,2,10,C,COMPLETED,12,90,12,0,78,d6746b19ad7334f75d547a49ac9912097a34aaf4459afa2fd3feda7e5d8dac31,0f4469c2616669891112b959c125790eed71e066925166a602d739533c1bcecc,47007,0.0,0.0,0
R5_aA_m0,2,10,D,COMPLETED,12,90,12,0,78,ebf707563fffaad71548f12860bba87bd4e638bc938d8e428c136f90c135b766,f5ac309b77be6914c0d7c725d4ea53810f7be2b702e52bcbf02813943d63aacb,47072,0.0,0.0,0
R5_aA_m0,2,10,E,COMPLETED,12,90,12,0,78,c43fbb557b49aed462236c2014cfa17dc1f1ec989071d6bd15f0df84ff363dee,b099043bb3733dec6c7df48a3ec816e5bd56385bcbc4bbb727130066e564324d,47649,0.0,0.0,0
R5_aA_m0,2,11,A,COMPLETED,12,90,12,0,78,7e07100798bf8f38b646807850d8ca4e7390a62d4d2047e9811e30046ef8c9d8,5b0268e2100560fa8d9508cda424667e5941b2981d5bd92c187d23882ac2c4ab,45496,0.0,0.0,0
R5_aA_m0,2,11,B,COMPLETED,12,90,12,0,78,786f5ed5116e1c1cd7bb99e14b7e37c4ee98723184b6b6f50aa03ae57f340b84,277abc30c47e55e12ec8df3ee248a813e9e49d935628f8329ee0a93c5a65621b,46403,0.0,0.0,0
R5_aA_m0,2,11,C,COMPLETED,12,90,12,0,78,bb73f5739410c8fe8e24f7c11bfee947f320f270d2ede70bbcb1e78b9a25f870,67c2d73c43a2c4a706acab8aafd5d04487fa53b6eb18035426b36b7d283629be,47029,0.0,0.0,0
R5_aA_m0,2,11,D,COMPLETED,12,90,12,0,78,504b9881f30cf037799c5d3b51d1abf2d70aa51cb11e4fc7fbf8db42ce0d9d68,bafadcd4e449b5af608978e47e35ea9c5e3899df5054472231667cdb333ff01b,46991,0.0,0.0,0
R5_aA_m0,2,11,E,COMPLETED,12,90,12,0,78,d5febe7816e83a791bd705109996d32a72138e21106ec73904eb61c524f88492,f0145c1a263900d8be51beca35d0e864e656b7b5d6222ca3b295a9e2a24e086d,47773,0.0,0.0,0
R5_aA_m0,2,12,A,COMPLETED,12,90,12,0,78,19afbdc71a414647bae2c0d1e18ef2869e175c9529509979d4acddd650f028a8,9617a76831702727088929a617d799e6f941a1571e730a81eb2e3f681257f257,45455,0.0,0.0,0
R5_aA_m0,2,12,B,COMPLETED,12,90,12,0,78,7054c27c172a16bb0d9c77e683279937b362681e45db92b47800481f8fbdbfdf,64952db3137fe269c14ab367b29fde3ddc95d7dd9fef0a9e6f7b5f7cc4b58c0d,46361,0.0,0.0,0
R5_aA_m0,2,12,C,COMPLETED,12,90,12,0,78,34807803c952136c279c39125d577a6c391512f72706dbda999291c022754961,fcf9cfbf9e85b7644b83d35a0eb096160aaeca1bf247815d04de7254595e4a26,46930,0.0,0.0,0
R5_aA_m0,2,12,D,COMPLETED,12,90,12,0,78,8cdbe2eb9ce1a4ee52dd41ecda12109749caf125a5ff2fc5d39ef9c8b0ae3a3d,cf19a50edd2d140fb296b524f992f2a1259cea1e49ae22994fede2e6bcf6e9a7,47017,0.0,0.0,0
R5_aA_m0,2,12,E,COMPLETED,12,90,12,0,78,ba60cb8678fdb27b0c6d15b775539e787b62d4a50ff2a0b4dc47f01fe265f7fb,ebd355fce554141ddfe0993331181ca3839f09a6926c6ae51bcdcef5b5915309,47562,0.0,0.0,0
R5_aA_m0,2,13,A,COMPLETED,12,90,12,0,78,262eb0a2345ca6b1b8fa3b821cc127420e3c03aab8757ffebb8f12acafdf138f,98a92a627bc3438e3228baf6266ce297d5114ef0ad87c73d061395a7d11c583d,45475,0.0,0.0,0
R5_aA_m0,2,13,B,COMPLETED,12,90,12,0,78,476ac357b5308b886fb855e3360ef18c68698fa7c02087a2f6637fb5893a77f7,ab536065804e0b583cf1fa6d1d84899b9e85e379607080757f355f1ee552d302,46441,0.0,0.0,0
R5_aA_m0,2,13,C,COMPLETED,12,90,12,0,78,38bd4eb4f39cfdec1072cb89ed278296d2a000f3b32340b427acacc4b72fb60a,6f95b1a2e1f08277eaf888cd925384a4acf13f867e5d900057434c8babe2b4a8,46971,0.0,0.0,0
R5_aA_m0,2,13,D,COMPLETED,12,90,12,0,78,b8ae7900af7b626e539fe981dd67658537c90164d5dcf0722fc544ad97726c7e,39ca7c3df260f66f0f70522839feb53e57d8efa22b13f2e6d0a8f75e317fcdc6,47044,0.0,0.0,0
R5_aA_m0,2,13,E,COMPLETED,12,90,12,0,78,576813c758fd5b0561d0c02e9aad14cb81053e57b4c6a929c3ca0fbb62a7871e,fd1b465f7a84b15ac3c5b750b463e263b246abf7a95ea364094d7f63ef64201d,47766,0.0,0.0,0
R5_aA_m0,2,14,A,COMPLETED,12,90,12,0,78,476c4a113581927af00cb7017f5280d546f1730287a438ef5b2c7ceee7091a0f,54d4f386a907346608365c1868b055b16cc898673de4acafc3a37d7fc7e6cc62,45590,0.0,0.0,0
R5_aA_m0,2,14,B,COMPLETED,12,90,12,0,78,f022269dcb33fe437c752023454aa291d345b8cdb90c5bbb63a7e4d53d537280,5d3743127447e68066be8071ad0368c33aae67dab087790474aecd1602469f45,46528,0.0,0.0,0
R5_aA_m0,2,14,C,COMPLETED,12,90,12,0,78,a80dad6183aec487cbc3d896bc8c52fa32252f5e1ffc267ae70572af422435b0,61a6e2f45b9a749aa5092a57c692084a8d9ece96b6e69a1e107f5325666928dd,47170,0.0,0.0,0
R5_aA_m0,2,14,D,COMPLETED,12,90,12,0,78,6ccc886c5b7f7ced4b19f15ce26ccf08dc6d62d073ba4f22da64ba94a4bf8568,ecdfc9da951477e0d68ac7e4e367de0951b95f52ea97cf80f1316ac5bde9a7dc,47129,0.0,0.0,0
R5_aA_m0,2,14,E,COMPLETED,12,90,12,0,78,ee74db7d4b38d67ca2b0fa5f7d19337f86bdb1c1365943766dcf4f4abc0abdd8,cd170a69226ab15ea3549be2033efbead6e22db659f9b7783fecc1e291e14c9e,47765,0.0,0.0,0
R5_aA_m0,2,15,A,COMPLETED,12,90,12,0,78,1fac2d149ef70f018698004986a50b79f0ec7ff0ed99ada1ba6f87d8d22d634a,98af48309037afd82c51edef3bafa6d6ea29ba950fc39441fda9a045920c7d62,45535,0.0,0.0,0
R5_aA_m0,2,15,B,COMPLETED,12,90,12,0,78,78c5810c1aafa4d01449ca7536a05a08bbfab5b36320e1dacc75424b297054d5,7d59d779996b8913669bdea0969703b7c9d530625129de01374631b566d1aa4e,46518,0.0,0.0,0
R5_aA_m0,2,15,C,COMPLETED,12,90,12,0,78,dfcc6605fe04bbfa276af68b9baa657ed9e3ba8847b3d819de9275b7160e9af4,f6e88b412c7b25e46e854a6f587abbf6f8853df8989e9258b937435e07630aed,46988,0.0,0.0,0
R5_aA_m0,2,15,D,COMPLETED,12,90,12,0,78,3729985a8026a8f2b7651c4b6a4e495e210f50148dc02558bdaf3058257dc569,f2b46cd9382c81fd16676a77d9d0acb6fff1249b355b5bfb0e32e8c85a6a3525,47013,0.0,0.0,0
R5_aA_m0,2,15,E,COMPLETED,12,90,12,0,78,fa55d2a9431941137d436b99286d4999ce1986fb4fc995c37f85ef5732405867,b7127008ee06db83a69163e7504e65341526ddae37732b55b3ab8482f7057295,47572,0.0,0.0,0
R5_aA_m0,2,16,A,COMPLETED,12,90,12,0,78,732efcbafb6fe95db84aa103dc526eabcbf986742b906f3258203c50b1c248d4,553ec5db812f9a172351d3029503d2d25239fe2fb42bd8fac7864b8a3e9443de,45461,0.0,0.0,0
R5_aA_m0,2,16,B,COMPLETED,12,90,12,0,78,d2bf7ac8faf75d52e4265217b0750e1bfba669afbdd59dbd7f3eaa237a944fb8,499d98dbe618da12f72a5cea71106eb05b173c0e683ba86e4f67b146cedfcd49,46449,0.0,0.0,0
R5_aA_m0,2,16,C,COMPLETED,12,90,12,0,78,dca113af52dfb69c66be544768b89b2b65c832825a9a345a957d636d519ac54a,e8a6c6a9d4fec7a061b9a57ea2859c29a52e5dd27303101b1fd8df9d244fb968,47047,0.0,0.0,0
R5_aA_m0,2,16,D,COMPLETED,12,90,12,0,78,8d289093cd28e6cd8a84ec0f4b3a57d1e0a5640651ece49f31d71f4e12b8e6a4,0e915f7bb80aa6f63b3d279be5cb2a6a2cf90fb3c5cfd94008e1f6749e543230,47007,0.0,0.0,0
R5_aA_m0,2,16,E,COMPLETED,12,90,12,0,78,7ed8704e88355f6092c14ebd9e4131a9e62a545e02f7b0e427f4d2390c9f109d,5b890883058496552a7574af3952cb5557ca1f3c3f6488cb517ee5f0ad1b0c80,47733,0.0,0.0,0
R5_aA_m0,2,17,A,COMPLETED,12,90,12,0,78,4408471431c892bc796438c8d51a4571bf76ec3b7af58e94fc0dbeac5667b7dc,92afac00cf892991d740994ba47477da819e3bb2dba72e80aefeda2ee1e7a981,45537,0.0,0.0,0
R5_aA_m0,2,17,B,COMPLETED,12,90,12,0,78,3e34b7aec646326066af7f9e0cd560764361358ba246c1b27067e6e3e3d8cdef,07a6863f9e5e64be72ec36a7a5f405985ff2d1988ac40695c605a5665427b9d0,46387,0.0,0.0,0
R5_aA_m0,2,17,C,COMPLETED,12,90,12,0,78,96b4f55e3ae5511bca5d1ced7ce7031de60a820a9a73254b66698f8aa6b2e0d1,117d4826c331e04d83707974242b3d8d8964370a7d2739f89d84b792006c5072,46971,0.0,0.0,0
R5_aA_m0,2,17,D,COMPLETED,12,90,12,0,78,56f85b2212c5a1a3273b2fc701bd5af7e2df28a32c7aab94bab7f05624f8d1a5,978230ddabd0cfc1824ad6d23028f770e47a86473bc9201e0dabee5bb067ceb3,47033,0.0,0.0,0
R5_aA_m0,2,17,E,COMPLETED,12,90,12,0,78,a95a4dcc365f6d7cb2a5664269b4e9d9166951ac7d5668d6ff6a023017625335,aefc6127c36d7d78955780bdb41089660e7dbf71d14f8bfda57389910e98a43e,47725,0.0,0.0,0
R5_aA_m0,2,18,A,COMPLETED,12,90,12,0,78,f6ef16dea82a5faadb4bd5346904989b6f3b7b06fb61831ab740402654e4b65e,ad3676c561fbcf58564e2f6c97506df7c5c8b0da9c80213579c788e5e5d5e155,45528,0.0,0.0,0
R5_aA_m0,2,18,B,COMPLETED,12,90,12,0,78,6b0d7c08541e30b2b2facfeddea5786f235aa9999e41b8f7ab25ff19b0c47d7c,a58716988d0e01fad29aac50b7ea48b07adcd78d2437b1ecb6b55f638f0afe33,46368,0.0,0.0,0
R5_aA_m0,2,18,C,COMPLETED,12,90,12,0,78,70e09141c4301ca0ea334a576c85db237281f79d7e51fe0f178e6975e1bc974d,453fbc7db4426ec1cd9f5bbfa53103feb56ed46abae71d0769b50f8794e50bca,47023,0.0,0.0,0
R5_aA_m0,2,18,D,COMPLETED,12,90,12,0,78,011c1f35fa8287f15555f9462632466c6b4e5b826430be3ea01bd793cf4de360,3801f01289408b83b70c891f2c8fc289305271c7da522781f3438b3acfd8c9cb,46987,0.0,0.0,0
R5_aA_m0,2,18,E,COMPLETED,12,90,12,0,78,6346c003a2ee951468a825154e11c232e16aa7130f4def419aa57e3b7c6f1f8a,49c6f15828c272f06026a139a711795b01283048f9c8cae8fd8e44d9e3083aa2,47659,0.0,0.0,0
R5_aA_m0,2,19,A,COMPLETED,12,90,12,0,78,d5281e73ebc5353ef74ed5944956aea21e8d9c912286f548178a860b47cf833f,ff815bd769414839a9a6084e16b13f556c8f77770e786f30adb443aea04a8b88,45492,0.0,0.0,0
R5_aA_m0,2,19,B,COMPLETED,12,90,12,0,78,1c0afc900cdda2f70e894071446c7f348291873a7164427588de4d7748f03df0,15845f2926dcfa99df0574dd1f4845b4451d933f03480e08c8c888a78ec5f2c6,46478,0.0,0.0,0
R5_aA_m0,2,19,C,COMPLETED,12,90,12,0,78,76355561f4742417f3f801c6ce8ee3d0a92e767f5c01c4e39a64cbbe28de3922,75ea002600e1f0aabeb14ce65b349256f4389614d9e96006972235b3a17f12ed,47095,0.0,0.0,0
R5_aA_m0,2,19,D,COMPLETED,12,90,12,0,78,25e041694a6b3a537fd9aac8b71cdc85dddc4dbcbeff6b5f73f0634c40fb15a9,1afad8579c7529f92ebe5b51d8d57f62e7f010888bbe637c75358d841c8198a3,47069,0.0,0.0,0
R5_aA_m0,2,19,E,COMPLETED,12,90,12,0,78,2a8f39647b350eebc0ebfc308dfa9b1c0ccf8aa4e32b6c579612a97f1a5fc4e5,086c5681b84cbf38850fd94fc6dcb729c97832e089fce547c52c4e06061745a9,47562,0.0,0.0,0
R5_aA_m0,2,20,A,COMPLETED,12,90,12,0,78,577a5dfbdd02927d058110dacfadd2d6054272cead4e5a5d3460d7f12d73ce1c,526290783ede42b896e53a11e6ffaa58691223c0addfa5ed2ee05d7095f89606,45464,0.0,0.0,0
R5_aA_m0,2,20,B,COMPLETED,12,90,12,0,78,4a1a8b6b8bda2b14d5be8b06fb6541ac5759888468f39e10fe539b5940258261,7bd1c12a368ec5a518c012989f40e54851ee55784c3a0d58f673725dcb1e62d8,46358,0.0,0.0,0
R5_aA_m0,2,20,C,COMPLETED,12,90,12,0,78,0a9d6f67288fbc5294a212af470881bb79c299c321245aafc04a5aac4f8b9919,89798482e4aaea3a83e8a4adb3cf426ff41444defb87bd323a3823f8c06448c7,47060,0.0,0.0,0
R5_aA_m0,2,20,D,COMPLETED,12,90,12,0,78,3285bf8d3227264852d076ae879fe105472d708a8d15b49810eb9b583668e328,8db1435e3852a1371ca89d3123e07cbf8a808fe67a7ba3f5e044572d7930fc5e,46990,0.0,0.0,0
R5_aA_m0,2,20,E,COMPLETED,12,90,12,0,78,d0290bf5d9e86479f7025f6605b3466848fe7d8534fee24738ce2cbb0d2d6cc5,b9242d8cf5d12ca1d45d7a4e4d69352779d4521098914fc1a2c76b39bd55e1e6,47807,0.0,0.0,0
R5_aA_m0,2,21,A,COMPLETED,12,90,12,0,78,5bfb62d23befea524b4b3d6b91a1d818cb92bfe5cdb54e67c6b5a4c80bec81ea,382e54a4adad8a55be5b6c7d00f8e65747718abd4cf43dbee6a5e1598cd6e206,45473,0.0,0.0,0
R5_aA_m0,2,21,B,COMPLETED,12,90,12,0,78,3921ec11b519ba855aa40e7b20163cbecb91716993af5ae69e58660653c117f2,4e33d5d4050b14091cbea0f66732c21476cd584214d9441de10677407702b10c,46432,0.0,0.0,0
R5_aA_m0,2,21,C,COMPLETED,12,90,12,0,78,4a1e5fc0ea0dfdeee8fd7c435c425f5ce5924b53164b633c6147699cfb7c5877,52796a414d4cc0ab9655aa7bd0ba94fa5e477018c643108e266a6ee6b9d9aa44,47052,0.0,0.0,0
R5_aA_m0,2,21,D,COMPLETED,12,90,12,0,78,09b7c5ddc04e181a7f0617dbd0a75c11caf7fbfb933a7b0dd8f3bd750f765810,55d2d2b1c7530e967091c58fd1b2f71dc551a867bf7205318ef204eecab10f2b,46960,0.0,0.0,0
R5_aA_m0,2,21,E,COMPLETED,12,90,12,0,78,d76632c1f030a10de5a47bafaf9884086c45a04ff429e5679fa0af0345b2e22e,ee322a4b0b7b3d97b4e44c93577de3d2efd5fb47b9beca78ef5bfdbce6d961e4,47658,0.0,0.0,0
R5_aA_m0,2,22,A,COMPLETED,12,90,12,0,78,cd4d69e28d9deedebd07d9af6721899ad7856ccffde68aea4b72b37dbd7c1126,60c056b67d76f54ea061268a6e9dfffb8e438d31459c253559fac8870729d402,45446,0.0,0.0,0
R5_aA_m0,2,22,B,COMPLETED,12,90,12,0,78,2fb7e98ea95fb6f9eddf2b8bf7d0a60503259424cf0abbeac40bce12afe48606,d0b1be7d97bd906afb6d89b71e0c1bf8dfac34e1c93702c31182ea57121b8fba,46456,0.0,0.0,0
R5_aA_m0,2,22,C,COMPLETED,12,90,12,0,78,3854053d22bd2773d8a8f566dae48839d3c8348d53e94fe6a05c0c8f14f2a369,0e51a4c2559c09965fa683b70691acf29afee9f17d5bcf961c59c0aaa3c9772b,47036,0.0,0.0,0
R5_aA_m0,2,22,D,COMPLETED,12,90,12,0,78,c96be553cee301a0f62643871d6f0d05547279ab2dd40f49fc292b5dadd0d541,0ca7fb9646883f1bbfb7c19ab42b2f250e9641faad44fb80b8f17547a00b23a7,47000,0.0,0.0,0
R5_aA_m0,2,22,E,COMPLETED,12,90,12,0,78,bc6f3d828c3c14c1b24044fcd9e4169ec6d7b55537410a74125c5d6141d2272d,e4e04a95ac1c6afd34e5d5aacdce5a6da1768803f81e5a0bf6258e9f9e8ea256,47859,0.0,0.0,0
R5_aA_m0,2,23,A,COMPLETED,12,90,12,0,78,564b603ab8f539a591994663f2499b68593cd936e4f4a3d7408d1532bb42b764,6eb01f89b432bcd97f4fcd548f676ee03c1e584bbd28298749763f9648d24e8a,45557,0.0,0.0,0
R5_aA_m0,2,23,B,COMPLETED,12,90,12,0,78,0df073a8d051fb40e64741a8bd97524069ddf0f38648ede78d994d26c97965a6,ba513624f3f46cfcc3999e5974a588edd63aec663ff44f05a14e0fd1359f80ae,46343,0.0,0.0,0
R5_aA_m0,2,23,C,COMPLETED,12,90,12,0,78,72269d56d83cc4614c033ca44890d64952eb0c78b14b8c174226ec34949942f1,019c46a9a9663f7bcde8d3d8dd34def984f66eab801597d71868b84c9ed90d49,47023,0.0,0.0,0
R5_aA_m0,2,23,D,COMPLETED,12,90,12,0,78,6b6712ff932e5cb1b23a27186c7d064c9e4d3bb0d53614a6b2d98a61e755423f,edc8be75dabfad3a8c47ebd8c19128faca7a3fa876519fcb8abe13abc56ea9a3,47029,0.0,0.0,0
R5_aA_m0,2,23,E,COMPLETED,12,90,12,0,78,2229289d0ede4cdc8c1eb67fa671e3037a309ce35cf827a7a40d8abcdb156b29,ed5966f6765dceb0338cd343b5fd7cd75a2fce96c4f19e179f9715a1ca467cfe,47509,0.0,0.0,0
R5_aA_m0,2,24,A,COMPLETED,12,90,12,0,78,b5d64eea0de54b9b1b17ecfc0fb25301296415c86246eb4241d68a49fed61810,c303608d627ad6d0e1c7b8b2d01d2ab464712eaf637b85aa246c3d3138db588e,45549,0.0,0.0,0
R5_aA_m0,2,24,B,COMPLETED,12,90,12,0,78,e4bbd864078abaf41d3cfc22921ba40e758e54c2fe3ee3296ac64cf9a7c1f5a5,36cbb1b9b2e05327dc84488f86db49c1fd686c592cb30777213a34e541c4b238,46310,0.0,0.0,0
R5_aA_m0,2,24,C,COMPLETED,12,90,12,0,78,5f9e95a5f9e27b76fa19e6456a34cda776f5db6e3268e89b848519792b7561cd,343eba2d98ca5abe3e04410c60426ab1e1013c2e552dab4890c2ffc6d25c6390,47042,0.0,0.0,0
R5_aA_m0,2,24,D,COMPLETED,12,90,12,0,78,c33d16a9b74c57dcccd9b34883743c58f2da89be465d647d78ab92202182360f,110cad17995f112d9983c2b19e8fa310413bc2efbbb17765a5630433e7eef610,47023,0.0,0.0,0
R5_aA_m0,2,24,E,COMPLETED,12,90,12,0,78,1e2f68092f00381ebc242352c0129dac41e147d85ff4ce9fdc84ef47611968dd,a676b3034c68154c2ac80b6f6d9375d9ded194fc367299cf47bede616c356656,47645,0.0,0.0,0
R5_aA_m0,2,25,A,COMPLETED,12,90,12,0,78,6cd8ddb5c517973c828ce468880bffdb22c2f807306c8fbe3bb2714759201a96,b7e10b15cc5aedd4da83287ed4e8d88437832d89bd169494ad9405d3091ceaea,45469,0.0,0.0,0
R5_aA_m0,2,25,B,COMPLETED,12,90,12,0,78,62f46055dccbcfbff2786ca7da040d0443ee84d543d6f7ce8a4f3136b7abd5cd,fdd86a13d59ad596244e418eb656054c1898fa0a04abb3ff6c4327d3ce467f15,46443,0.0,0.0,0
R5_aA_m0,2,25,C,COMPLETED,12,90,12,0,78,be21caecd3382166e36bb4545c132b5f353d65bbf641cd0ae9d922aac7373bb6,56eaf1b925d817ee5fb18eb6d88f4b9cf1ed2c5d36cb907a7755ff5214aab233,46998,0.0,0.0,0
R5_aA_m0,2,25,D,COMPLETED,12,90,12,0,78,b15dc18f5b68c66f02322526cf42ee70d3976a91cd9d265c36fa3bd467c36cd8,aabf479462e698b4ce7d8bdb4a2e3837a8bc1b8e90bca3d06b98d39fabf79b3e,47044,0.0,0.0,0
R5_aA_m0,2,25,E,COMPLETED,12,90,12,0,78,c999041d313db1ab0cf2b42d0948159bba88341e56febe4a31e880f7eb6489a4,cb264a8109ecdcdfbd75b0a034d265f4e3fda914eef77e1df9ed8e0f60eb40b2,47782,0.0,0.0,0
R5_aA_m0,2,26,A,COMPLETED,12,90,12,0,78,e0dafaee5bf7b79fecea609a1b432e3f465ab8e72433ae95a8f60355c01a6e4c,1f570a28f28608da1b6f58f74d1a1eed5a77e8621093fa8ce510b6bdddf451e0,45470,0.0,0.0,0
R5_aA_m0,2,26,B,COMPLETED,12,90,12,0,78,ec0095ae318f235c46d76d277179f4494b1987f3cfbc119c1a4083ffb83731be,d50ae20fab4b74d92e88d1c688df4e0be34c6f3278007045dd90ceec0676681b,46405,0.0,0.0,0
R5_aA_m0,2,26,C,COMPLETED,12,90,12,0,78,77acca26136948e56680101c603b58ed0ccb9f5a3ac5824651b61b425bb86c5c,3fbbf4baf431ae7dc710b33a351dba0a69a421fc755a4601f17f614dd65f2139,47002,0.0,0.0,0
R5_aA_m0,2,26,D,COMPLETED,12,90,12,0,78,798d6dfc5d8a96666fad54ceb1be799820a1ad7ee3fc3d57eeaff29e3aaf662c,67278db01df632f9c8fee1bd872af934d7e458de847966310d50e271f3102f09,46997,0.0,0.0,0
R5_aA_m0,2,26,E,COMPLETED,12,90,12,0,78,f349fe2ad9a9bc2aa0a17f9c795dd108fb36eea7b7562bc9e1a240f82a4686fb,61ca926753ee36e2211ee02f8a72cfe478f5080bf2962234996a1a115340420b,47814,0.0,0.0,0
R5_aA_m0,2,27,A,COMPLETED,12,90,12,0,78,ce00b2531d4694a00a2d79cc0acc935840dfb831b1ca31f3a025a5a4cc20fa64,1767d92a52741090ebb5c04f86e363604ca0127a47bc22d0ecdd62824e657761,45465,0.0,0.0,0
R5_aA_m0,2,27,B,COMPLETED,12,90,12,0,78,7faa8c7930e6e99b8f79fef8c442efac77d483a5fc823ce196dd380525e55039,05eb05d446131db2a114aaa7e2c67780d517260a877a94a1f92dea947889e39c,46430,0.0,0.0,0
R5_aA_m0,2,27,C,COMPLETED,12,90,12,0,78,89a7b4b98ff42e0dce2f63428eee4335d57ef4e4d69a43df850e0244202e0428,786059e3e486c8335a234492821b3cb94c5f972e31c8a573a0440480e566c4d2,47014,0.0,0.0,0
R5_aA_m0,2,27,D,COMPLETED,12,90,12,0,78,d3a7420161ba9eb1083e2d161f785482671bd0f7e6537165da5810e0dbc7d196,f88215864e0cd92635115f5a0cf36e9dd69de6f0e0b43db7415eb601950ad56e,47020,0.0,0.0,0
R5_aA_m0,2,27,E,COMPLETED,12,90,12,0,78,b927f324514a6aee3d7771b6f90c60503ad084e702b09c43df3d090e59a970b6,44df6a41bb4b6fce97dce65216a302672ad2316407893518db63afafa7c0f968,47841,0.0,0.0,0
R5_aA_m0,2,28,A,COMPLETED,12,90,12,0,78,a2df6d72ef4c42c55d70e82068ec59e1f2a9ec2f2262769a8f758740500ca160,77206c70b88fcf7185e6fbb96bef2695449bbf30d670b4f619c253f2d22ea9f5,45470,0.0,0.0,0
R5_aA_m0,2,28,B,COMPLETED,12,90,12,0,78,454efe63d1cc72ded28bb5a53c376363f833285e8ed6bc9d843c4df9cbc9ee8e,3c7ccee6962b3459c77f3db499aae20dca291fcb9747880b80ea3e29e2225301,46367,0.0,0.0,0
R5_aA_m0,2,28,C,COMPLETED,12,90,12,0,78,6f55065c07847fa86af730cfd87202ccc4269dcfb7247fcb40f39a8587727f34,66ec334f3a79eca6cb81cfea26583340816be285f04c81230436be7d36c7aa31,47032,0.0,0.0,0
R5_aA_m0,2,28,D,COMPLETED,12,90,12,0,78,fe82339822c3190a060255063e4e5b460c2e43b9c63261f97b682a2a8fff19a1,2d2d6423b1368431e0957266eb3eb06d0e3275f71d631b4ef5d8f8dacb811c38,47022,0.0,0.0,0
R5_aA_m0,2,28,E,COMPLETED,12,90,12,0,78,8eaa5752f29913c20f17a17b803bc436c0438787e4a8d8959a11731b8706953e,d831a5ef89b8117bb85c2420725cfb1ead7bf961fbd5091a3a0d9b3a55b6e005,47674,0.0,0.0,0
R5_aA_m0,2,29,A,COMPLETED,12,90,12,0,78,15d045c46e2e777172d4ef2a6d202bba3675ce046a155d78ea8133c70a80bcff,d3d26965f0bd2f81d0ba5ec668e8e301deaf3621039995f0462900261097d59a,45523,0.0,0.0,0
R5_aA_m0,2,29,B,COMPLETED,12,90,12,0,78,796a72d404929719e55d1c59e84e19fb98c7e22ddd01d60161953c458bf59062,629cd68ff405a8d7c4362c2d57050687b50be6152f8ffb93c9ab01252bd755b8,46264,0.0,0.0,0
R5_aA_m0,2,29,C,COMPLETED,12,90,12,0,78,fc30ac15e5a7e36ec7022e2e1c7f44c3f270ba67abba06bdccdd5576e3b42882,74e49e77908eaa04e48804c829705474693628469ad5f571c291b5c584988a9b,47030,0.0,0.0,0
R5_aA_m0,2,29,D,COMPLETED,12,90,12,0,78,31478543d51b10efeff59cce7c1eaf3458c24d734c7047e82b3491680b845e4d,d7e88b33cdc59e9e1e60f4f3b44076990bef3df653713b57590f3944a7a47ddc,47001,0.0,0.0,0
R5_aA_m0,2,29,E,COMPLETED,12,90,12,0,78,c8e49838adc16fba26dde20362175225dd0b0be8ef5b1842b0791b28443fce53,c3d356bd7ef4a2bacc3a114c2489a8c38dfe24aa894caee27b2921a81422d267,47633,0.0,0.0,0
R5_aA_m0,2,30,A,COMPLETED,12,90,12,0,78,45d595cd696e4e222cf2eed7b068b687935f88f74b0927016546cf1d1720eac8,b240b606736de0e9e3f6ab9c32c1f204a7bc3a19b49ba30057bee612108d7c88,45483,0.0,0.0,0
R5_aA_m0,2,30,B,COMPLETED,12,90,12,0,78,8bfffcac363d4be77270f43e8e1cbd43417dd483fdfe5ababcfb269cdf013b99,95c1122aa260008570c8454e6458d169ca9ebc5dd8c87f2a5fa42d4524917873,46471,0.0,0.0,0
R5_aA_m0,2,30,C,COMPLETED,12,90,12,0,78,e00d3072cac45d11a3d5dad819e8a34b78ab610de7d990d4dab3c4fb16dd596d,4640e817a1e15846247bee5f2b0444f371bded1e12a7b78728d39e4d47b64e9c,46957,0.0,0.0,0
R5_aA_m0,2,30,D,COMPLETED,12,90,12,0,78,2d48b50225cb4a6c725e84519a2b001781c747b3fbf11748bb7478743c4d62a9,18f384cdfcaef8dc9c8572ec26f16b7cd9dad3a0b258a64a279f0cf5ccf52636,47008,0.0,0.0,0
R5_aA_m0,2,30,E,COMPLETED,12,90,12,0,78,96a882876cb6111d7d23af2b4cc1ab05e1cbf9c6c186806ea78fb90f77cde782,23c5ebcd8c5b95799e034211d47f6c68409c2194741006f0bcea504ad35cd05c,47794,0.0,0.0,0
R5_aA_m0,2,31,A,COMPLETED,12,90,12,0,78,ce05ad81e87b782d73baf0f072b66d007a5ae744679b5c44afb55207007ff016,f8d9f46b0f201e355279094263fe1e5df578011022704ba31b0218f1159437b7,45384,0.0,0.0,0
R5_aA_m0,2,31,B,COMPLETED,12,90,12,0,78,178f1fdcd4bf7d7ffa0edc58c7ae923e573f6eee268e2290a11959ae94ecc120,812a5bfff73ab3df9007f0dcd670900734dcb7d81bed7aae40cfc839236cab18,46445,0.0,0.0,0
R5_aA_m0,2,31,C,COMPLETED,12,90,12,0,78,36732c7b11a62b6ea2bf1f84d6253a94f212f3974b1b9912bed61fb901edfc9d,6060a04d40853cb987b25f630aee3fba958aa1a44ed91459bd713c1638deb8f1,47074,0.0,0.0,0
R5_aA_m0,2,31,D,COMPLETED,12,90,12,0,78,8c036fd51756aa638e711a534f03532f6f8bc5be65d848b72c84d7fdfa397b75,481d07442b125e883c3901afe9eeeb6823e8348b1d0309ea08525d0d52c381d9,47012,0.0,0.0,0
R5_aA_m0,2,31,E,COMPLETED,12,90,12,0,78,660f82bef45be9a53dbddf636a3b477ab2b417b026fee1425fb47b42d06ff673,777d7e59943c117211a964e71b6c4ba3af33d394edbdff65b04fce8de229b747,47790,0.0,0.0,0
R5_aA_m0,2,32,A,COMPLETED,12,90,12,0,78,53a8fc0e6e01fe86e7d68968ca81b1f22ad0a3a48c4b0d981df5dda7b8dd17b9,60f4fb7e1d89b7c7ee472db7eb4835d130d2322300987007be61481d93f1aa8a,45508,0.0,0.0,0
R5_aA_m0,2,32,B,COMPLETED,12,90,12,0,78,dc5cb9777073b8b1cc3c71aff8d00d4dafd4ce2225789933cc420c33efff07e0,8d8a6200505ad28ea4fd10c7a8b0515ea07faca8f48a464e434c8ef25d704691,46451,0.0,0.0,0
R5_aA_m0,2,32,C,COMPLETED,12,90,12,0,78,806abb1051c7030644d33eee126fb9cb5b7a9ce2a207c9bffd4a39c5888f9f73,f3717e8f96e492af4bd1fea07ca5356ea2e57c13403282ddad32b6f798ad3b00,47070,0.0,0.0,0
R5_aA_m0,2,32,D,COMPLETED,12,90,12,0,78,5dd575626eacb8b6cb4249421fc13468e3fd7e6e173c531ed8953d246286784f,3e81fc870623fda302525534e4bf411cce35e42cf7473cb9f03948606c2ba664,47028,0.0,0.0,0
R5_aA_m0,2,32,E,COMPLETED,12,90,12,0,78,24c5b90576272097cf8e303ec82ff2cc1f8cc88d8c0f7bf3c553cb9352291a97,fb5ccb85c40af0e089521e2bb462d11929cc07f22a5f8d8a5c8c74bbced51306,47840,0.0,0.0,0
R5_aA_m0,2,33,A,COMPLETED,12,90,12,0,78,fd11db7cbbcf0e3d417b32f50d135036065c987b67c167ea445d47dbabbc026d,a9c150ae093b4c41a754bf51ce14103f683b12fadd580d65beb3fec6ffc41db3,45469,0.0,0.0,0
R5_aA_m0,2,33,B,COMPLETED,12,90,12,0,78,1ea4d93c9c62685d2b8fca9294f428029a62110ed0ba644747fe53a873fe3321,f53a12b2bd3956a27a866c44ec53c6c982d886dd0b52f021c353a58e6100f6af,46485,0.0,0.0,0
R5_aA_m0,2,33,C,COMPLETED,12,90,12,0,78,ce550710f8f781d9252635fd13b783b36dfd7ada8fb2a7b1eb02a81c8bedd0f9,435699d571932ae9ff0973f931a50f2e1ce47610b2af982af912e9a4f3f4abe8,47083,0.0,0.0,0
R5_aA_m0,2,33,D,COMPLETED,12,90,12,0,78,2db334964bf8b9865ff3986f28a74eb756905843a36a12eb18ff474e73fe588b,b6bbf21455cdb5b21805f5b4c033ec59a51c41b904dc8f20d5e1876f64a10c5e,46987,0.0,0.0,0
R5_aA_m0,2,33,E,COMPLETED,12,90,12,0,78,0d0ea601ea56c5112edf16050a13817d59f485c596e03d0b368a8cb3f02462d7,ff09a2496642e21252a3acb503af42f29a435d236bd9f142335f3ec8786c5d27,47835,0.0,0.0,0
R5_aA_m0,2,34,A,COMPLETED,12,90,12,0,78,d834cb465ddc2995b3053478b9f1ed154356756ae7c4b2086738fc565c067e15,35bf3fd6fdca4617cb8950295c485b9494cc4fe6f7d51182efbe18986fbc0bec,45475,0.0,0.0,0
R5_aA_m0,2,34,B,COMPLETED,12,90,12,0,78,2e99c55d61bb359ce878f2b46885e65a9bf3f45fb4bf566715faa3d250d89359,d775b8fefeef373a1a35007b928b0c61137d7064ae141a105744e59b1086b444,46455,0.0,0.0,0
R5_aA_m0,2,34,C,COMPLETED,12,90,12,0,78,4ee728f824ff40ad897340c59aaf85375ff60f461737c063e644f790dfc70b0a,caf620b8a94746347bc7548d34e9c82eba583a98282fb132a1dfa72aaa2bb1f4,47021,0.0,0.0,0
R5_aA_m0,2,34,D,COMPLETED,12,90,12,0,78,fdd82c29c8ea2ea262fe7e5267d4e9bbcafb0c8a27c2e18a569b341e19bc5ca1,bada0f66263e6963f6186b9ec8a5e5f263332e235fb70598fb0da2abe3ff6de8,46969,0.0,0.0,0
R5_aA_m0,2,34,E,COMPLETED,12,90,12,0,78,ed7849b56a4be5741c5ab6ad0f304ce5236a61f7e237d542af1839bf893cc979,d0a293e9fd53d2cbaba60c2a14537ed12cc7639f43574421ffb8230f76839adf,47730,0.0,0.0,0
R5_aA_m0,2,35,A,COMPLETED,12,90,12,0,78,a92b1dba73e1a72f90f55b6b2bf39dac5ef96f8b38a538400bef81be811484b3,49962afbb2c6322350a981608dfd1fa519c3a8766028cee7138c1d59b722a3e4,45500,0.0,0.0,0
R5_aA_m0,2,35,B,COMPLETED,12,90,12,0,78,48c38e99d9534674d00b9b48ca015e9c985919fa64ff8c0171f975e44e3e3ab7,63f98c629d08907c01f2353ea0b57fe217488f5b2ee080a9b4ffa014501dce00,46290,0.0,0.0,0
R5_aA_m0,2,35,C,COMPLETED,12,90,12,0,78,317ba091e8975ea6de8682bb9e61312c4e4ac2b70c057878054d307441ab2582,c1035b90c1ecd856a4ea1001801b12a0d464005d2c67665826dd232d5d54df74,47049,0.0,0.0,0
R5_aA_m0,2,35,D,COMPLETED,12,90,12,0,78,72c37971c95bd66f20a85cd8e01097772c116bf4b348316dc11e981b10d46543,49f7da36283fdb15b27e0b08d59409268b3d700f462863e88d7ef4a40ff67725,46982,0.0,0.0,0
R5_aA_m0,2,35,E,COMPLETED,12,90,12,0,78,9565158eca09824fc34a03a3eb1491095d6fcc21948a536296bead1f41fc3e5b,628157cf31b91a3ac181cd054c7c5004ab0ba25a8e69141ed0287a94a62f86cf,47568,0.0,0.0,0
R5_aA_m0,2,36,A,COMPLETED,12,90,12,0,78,54b94ffac26b44e048c9666e330a23cab08407e97f5b10957fcb835eb3108f00,776af7ad36b6f7009b07e918182c704cc1846c86e02f1b5edc43f9cfb2cebc61,45503,0.0,0.0,0
R5_aA_m0,2,36,B,COMPLETED,12,90,12,0,78,6206a403458ae141a7f8393fdf47d34a33d3469776eb0893b21e4c4a6a900723,9bcd841d985098ea6dbf01f254e28f35064e21268521bdcfe6507a4ceae0645f,46401,0.0,0.0,0
R5_aA_m0,2,36,C,COMPLETED,12,90,12,0,78,55b71067f9b010b08b94561589b95d7102bc373d3a946e69ea277f0f15d9e3eb,4fb3d0baa41213789ea6e3d8c02ed51500236a4032afa02f08cd439d17b9a008,47053,0.0,0.0,0
R5_aA_m0,2,36,D,COMPLETED,12,90,12,0,78,76d9390b8f0e83f2680d4ef6080d55f27c04d675c66afa0b313ee34c54bf8554,d47e45b212e19e9138d4ba1994307a4e169b47f9031938ec391d7bfcd2e8ac53,47063,0.0,0.0,0
R5_aA_m0,2,36,E,COMPLETED,12,90,12,0,78,17d75c23f2adbb399896fb2a1f9b514ee60e591e56071000712ec5f18f92d338,9c911eacd2fb4506b2edc8d1419558960d9732abc93bd921f95d78018761a28c,47689,0.0,0.0,0
R5_aA_m0,2,37,A,COMPLETED,12,90,12,0,78,29dc42e59c21ef22bb22ce6278a9ec22356d5e26d88a9016767b09f715bd22ce,54f3a38b2f0e35372c8a804b6b30a1457370f79558dee0482f84b5e4ced65c16,45522,0.0,0.0,0
R5_aA_m0,2,37,B,COMPLETED,12,90,12,0,78,9d02d347bc8ce0e76100ef4ffb711ce94765879ee23cc94b6e3d110fd72d41aa,58bdeec40b04e98dde1bd216d692d8d4458ae6d117ba485cb9fabce534703757,46336,0.0,0.0,0
R5_aA_m0,2,37,C,COMPLETED,12,90,12,0,78,77b9fcd1c388ea1eafc8175cc7dde420657dc2801b4af5bb474669a9bd6e8ebc,5c4adfb626509660540591bdbbeb7425e5ebc5c6b88184f75110554a29614591,47018,0.0,0.0,0
R5_aA_m0,2,37,D,COMPLETED,12,90,12,0,78,0a80c60c0aaf28fe2554be3c949f841cff0544f44c046c84d430402fea47855a,ca921676e56dc3f560b5c8a861c7ba07fae4ba1c90967939310b4dedd8794e1d,47004,0.0,0.0,0
R5_aA_m0,2,37,E,COMPLETED,12,90,12,0,78,6ffa03dcb940647a653b044e6e843bf950b6b85f3b68ced9a5a7ed9f98ea1a5c,5f1d68d65dd3b85f1e92700c15a95418a60df3e8e2a08bbaf85cb7710cb3aa3a,47564,0.0,0.0,0
R5_aA_m0,2,38,A,COMPLETED,12,90,12,0,78,5e60005dd3ce4c4b1b8f1598de3cf267902de4f894165097fc874b583422346a,ec9f09dae901fb0f8ed8bfaafdb66fa5b29c625153ef08b02c7d0857bdebbecc,45512,0.0,0.0,0
R5_aA_m0,2,38,B,COMPLETED,12,90,12,0,78,021d684c51daec4807d2f7d4763d0edb67e9792382f38671baaddadc8f65e559,6d3aed5088c580362901ef440e11f1d262cdae8d0e2eaf081a499e80d4a09ac0,46420,0.0,0.0,0
R5_aA_m0,2,38,C,COMPLETED,12,90,12,0,78,d108358245f2544ee60aa97e986048b86cc31c1231cf3954d84eb5ffb598e562,69d56bf35017b24ea6c2f74bef48748a0bb00c5b7952100c293eafe4b862a98a,47002,0.0,0.0,0
R5_aA_m0,2,38,D,COMPLETED,12,90,12,0,78,5a41641091fcbf4ddf60eb6d62a0df9e1432ae3ce6509ef246b39e75197c28cd,2c18b2b4c9751a1a7e561075d804df6d9033744306a7c4abc556c2cedf43e494,47053,0.0,0.0,0
R5_aA_m0,2,38,E,COMPLETED,12,90,12,0,78,3378af1658b1d51b2636aa29df70f007cd2f6ee2ade1deb13f0ff66488f20b0b,29624794c7cb2912d02ea90d050ab4708ed37c460136c2f8b41dae44ee1caec6,47793,0.0,0.0,0
R5_aA_m0,2,39,A,COMPLETED,12,90,12,0,78,9fbf6ac00492f18e95180a43135a82f32ee1232e1ed34405017ceb0c4bbb65a0,e22b384beaa10575bca6e61166c4a1180918273f54594f816937f68f1d28b2f9,45493,0.0,0.0,0
R5_aA_m0,2,39,B,COMPLETED,12,90,12,0,78,79533f315c2f01aa14dba04a3dcea1c5451f00a8138f002d7204c8b834fec92e,4f68a9b8f1b4062c6cdb2502d3dbf71bbe4179467662a19f3826188e394261a5,46462,0.0,0.0,0
R5_aA_m0,2,39,C,COMPLETED,12,90,12,0,78,baa726407a46144a6bc74a9da02073c133c3f46b0c7010d22a7dc518cafa6cbd,206c0f4f5567e17feb7a66e40c41d5cff0784b3ef026e2865f268f142aa01292,46968,0.0,0.0,0
R5_aA_m0,2,39,D,COMPLETED,12,90,12,0,78,c0156d95666c488eb97dede218a1863627bd62a57311451aee45bf13c1bdb69e,5e48f4fb90ecfc9edc84046772dc9826bdddac92cf8734b2273da4aee0c65887,46964,0.0,0.0,0
R5_aA_m0,2,39,E,COMPLETED,12,90,12,0,78,9fe66984317b44a0a8c277bcd4c1ae100407a29269f8945a7c83996e16b420e4,3a83ecfcbbc64055f258fc1cf355c2af55151d82d6b9ebbf0b20ec63c8cee11f,47825,0.0,0.0,0
R5_aA_m0,2,40,A,COMPLETED,12,90,12,0,78,3370d1cc845070371082d4c1def0e938e18a4c2ad4308b8ee27125b807012a0a,07548ea8321245a5bb8b1bdb3414888eec9f803111c8902fb7005c75591cf000,45506,0.0,0.0,0
R5_aA_m0,2,40,B,COMPLETED,12,90,12,0,78,db1ad7a13f6efe1694b5f9b77f40064ebe12230dc813aa87ba8008f06588b57c,70df33862cf912828c5803b358675b29d8dcaea09e4714b32f473aa9d79121f2,46468,0.0,0.0,0
R5_aA_m0,2,40,C,COMPLETED,12,90,12,0,78,189a14475d22ea1c8355e4a8efc772128e9cb6bf5f479babcf76e6c3b3a4c748,e8004cf78bddc6d8116795c52e12ae78ece8fa2ba9955bb67cb0b56abea43a58,47038,0.0,0.0,0
R5_aA_m0,2,40,D,COMPLETED,12,90,12,0,78,cd22f12ef3a82c438243c04acbcffc7d4acc3e626faa816b6961a19a002d504d,8a5afc4c6c93bc0827ac676ee539e6ba001aac1f54fdd5240a494a6c4cb3ac56,46979,0.0,0.0,0
R5_aA_m0,2,40,E,COMPLETED,12,90,12,0,78,f67a6f6c01ee20d4a56a23289fcb8d35e62b2f56265aecbb47e2bab51c7b79f8,b4566697f5d09f4ddb33d2b74b68a38238e70f72bb66cd7e5808ae6d1c9a3119,47648,0.0,0.0,0
R5_aA_m0,2,41,A,COMPLETED,12,90,12,0,78,65b03a6a7f1e29e14ec880f3da348ef41733f68a92c0b077b1ac7a7f813f70c1,661ac8d4e85fd6c644956fff48632da02494fc381751986885cb5e3be990626c,45572,0.0,0.0,0
R5_aA_m0,2,41,B,COMPLETED,12,90,12,0,78,7ae6551cfc75c197f4dac163efd88745740aaa5ca7561b52f04ae7b722d3f662,49c88217f940e57b462ef356f4e75728d2f964dd6239a52660c7da249ab9c411,46485,0.0,0.0,0
R5_aA_m0,2,41,C,COMPLETED,12,90,12,0,78,46ce721e1575d4ee12b1bd03930d51c2b8beec0c07836cc26889be26c3cf8cfa,0c7f4f2c537c2dbc61b1381b394855908dbc763a8537338e49be3dcfb861098e,47000,0.0,0.0,0
R5_aA_m0,2,41,D,COMPLETED,12,90,12,0,78,2c9d77e7f63534c9cb4ad79adc63bf1b367a6b000c46cc9ebf437be028f3a1c4,72e388c388dcc2dbc0289bfc0f4d7de70ce5502b74dd6769ac5f4f7624c9b590,46992,0.0,0.0,0
R5_aA_m0,2,41,E,COMPLETED,12,90,12,0,78,a3f551c2796dc465085cd5ccdf1eac40d54f554b3ecaa913fcb9eff02ea2e4c9,c875fbd1622a8bf0bc8b7d6cdc92646243a7043f57484a0a9e10d8ce7cd7f642,47720,0.0,0.0,0
R5_aA_m0,2,42,A,COMPLETED,12,90,12,0,78,ebcb40bc0211c4865ed0ca8c0ab99d64f94bc4759b9802d829be10d5012f9227,f89c0d483c234e429cda8a8c1162811aa466fc2b31e111bd3f2d994faada3720,45442,0.0,0.0,0
R5_aA_m0,2,42,B,COMPLETED,12,90,12,0,78,e92ab3b92868189e1a7641898572ac17713539c59622f913b4d9191aac5e1a49,8f5194527012b2e425c1b41bced376d70d5c2a9dcfbafad267224ebe2db5e6f1,46456,0.0,0.0,0
R5_aA_m0,2,42,C,COMPLETED,12,90,12,0,78,0cdf3f221f724517a7b6e782aaf3729d98a3efbd1b22762281eddd7a48f57e0b,e74dce6a0abac30247614d52876bfee58ea86e4ada8e432c03a9587f6079fba9,47000,0.0,0.0,0
R5_aA_m0,2,42,D,COMPLETED,12,90,12,0,78,e6c08285aa8063bf6d2d976ae1fda02d74ae1f161a9e3fb1d006d66cf35615a1,9c07e861fb8bc22e2b2e240c72fc61ec22c0d7eafb9f427f5c1f09b3f3cd1a09,47036,0.0,0.0,0
R5_aA_m0,2,42,E,COMPLETED,12,90,12,0,78,e8ae258aeb3601ae7b6dc869810195df647f6052a14f033c70388d8113242c49,4dfb62ade5bbe6dd1e0dab12a675227c93fd893a6b0f26fa342e0ca45fd1069c,47562,0.0,0.0,0
R5_aA_m0,2,43,A,COMPLETED,12,90,12,0,78,dee2489c5155cf2c09019e3d024304e56b39699af2f40ef74b2353151011d601,bcf2838cb0dc7c2943bdb15989c824caf918a1b7f8da490b72b2d022b2136f41,45454,0.0,0.0,0
R5_aA_m0,2,43,B,COMPLETED,12,90,12,0,78,f941a7f8e4e96e795bcabd06e51620c6f510ea18c88265aecc8173b74702aa47,99d58d5c872b239401ce11d3165914752a6524aa7ae1094a49cb6ce6dced90ac,46429,0.0,0.0,0
R5_aA_m0,2,43,C,COMPLETED,12,90,12,0,78,ade31b6d8f9bd2f79180e99cfa5372b9f577b8bd7b4230cf70dcca52e1a69669,6cec102774148a2b4c4e7977d90228ce039d9f6613edc9faef30acf70d3492ff,47023,0.0,0.0,0
R5_aA_m0,2,43,D,COMPLETED,12,90,12,0,78,3500d75575fcff95e91af68fb778cfcda43d31c07d16e6cdaa0783d204ccc693,a275ff261c1b4c8d3bf268a4377661768ee79fc2561e47d2316e18ff1b0fc14b,46980,0.0,0.0,0
R5_aA_m0,2,43,E,COMPLETED,12,90,12,0,78,e3d1c232ddeef635875139eb2ad2e19e7d1a9b0076a2732e2c4b8676ab216dae,880dfde4bc5b8de63a3a7dcad3ce3755a8a340e6e660633ff21b90e08a39129e,47817,0.0,0.0,0
R5_aA_m0,2,44,A,COMPLETED,12,90,12,0,78,a619f0da8117015c6ba4af78ed00944e7e99ff670c957ecb88bab4f593dba5b3,1ff46b6bb7ee9db9e9721523256ed22ec04be91aa24faf206d2511c693126949,45512,0.0,0.0,0
R5_aA_m0,2,44,B,COMPLETED,12,90,12,0,78,ca0256cf2ae5be529932b92c6136260916053366657eba9f0b80a2113c0cb641,a86c293df6bc09cdd0b804cb146c3e0da2f354d499a9b31bd1abe691c16ddfbd,46362,0.0,0.0,0
R5_aA_m0,2,44,C,COMPLETED,12,90,12,0,78,797328c2e9860718e8a0249e71e6de46d30a927a9d48220394e5946555ea2caf,aaf36d6e82298bc98e9220077f20a9048f371f1bfb4bf31467c1437cefff04d7,46982,0.0,0.0,0
R5_aA_m0,2,44,D,COMPLETED,12,90,12,0,78,7b9e54317cdca7927d44b2ef859c147331e2fa96e49a7f3246f1d2ec56c03e35,fb7d3db17630d0e76479cdd8db1c42d589a9ede3f59f4cd2b8903618d2d422fa,46987,0.0,0.0,0
R5_aA_m0,2,44,E,COMPLETED,12,90,12,0,78,b9590012d805e48576b6924608fd898f36988ff225e5b6b63a9b8c338626b719,8de2835042c009317095e6d5638f89484c045c9354af6e915ad82971bd83e7b0,47742,0.0,0.0,0
R5_aA_m0,2,45,A,COMPLETED,12,90,12,0,78,a99a8223babde8112d0dd062ee2d67428c970951db12f96221c218ea6d4db931,952a9531a54cdfcfb4fe517b8ed335c0d60f9ea3a74c596c775ff0b20e8ae518,45416,0.0,0.0,0
R5_aA_m0,2,45,B,COMPLETED,12,90,12,0,78,df8009e40616912ef843e8693ce210cc0ad321676b85f7e7cdfcfb5c6336d221,8f1fe00c317f6349be53cf0aca08c5a4d48ab8228f6a8a9c13f818f68bbff659,46374,0.0,0.0,0
R5_aA_m0,2,45,C,COMPLETED,12,90,12,0,78,c4bcf93f9ad02dd26d575cca7a429c0a11487c4aae6de815df0d577035165e02,5b51ee9e51d347acbf7aa363a84dd9e2a4ad216f6a767bc63949816ff4981a5b,46989,0.0,0.0,0
R5_aA_m0,2,45,D,COMPLETED,12,90,12,0,78,9146425c23d10165758b32495319e86314515a5e09b32ec3196205256ec34423,cee2e34247f80f806f6aabfd2d33d876cb53caa2198d9c6a3e473a3731018f45,47006,0.0,0.0,0
R5_aA_m0,2,45,E,COMPLETED,12,90,12,0,78,9ad0a13788ddf6e99d77d6ba3e4ea2812bb99dee464d7e1c130858b8444785ad,8f27babc32a8d5235f565fefc4ef72f123277139d6c33255beb58667e046c114,47853,0.0,0.0,0
R5_aA_m0,2,46,A,COMPLETED,12,90,12,0,78,c7ad4cdeb45fc23f84a0d3a16e9d885b53a234a5f542698f091bb5ba66bc9ae2,e110df808d0b23b99a0b3cc7c254f1f1971b6e506af4f92ac1455ed9873fdcae,45513,0.0,0.0,0
R5_aA_m0,2,46,B,COMPLETED,12,90,12,0,78,309036db9cbbf0453b97521107c471749772356bf67940794272e70a64074be5,c0b4ebcea808c186a341138b88d3555d1bdf5ec59a82ef78cf2dc9dfd2cf69ca,46492,0.0,0.0,0
R5_aA_m0,2,46,C,COMPLETED,12,90,12,0,78,399f2f5f6afe2d0f474693a25bff51ca2c5cf6c9530c795f9c8c8a034ae27968,2f97c88650b0338034391d1d50f3e23611cf036a0b64c0ba49e2574a71837f79,47043,0.0,0.0,0
R5_aA_m0,2,46,D,COMPLETED,12,90,12,0,78,e418bed90ff976c36e0b0b2a845f2f4d95d0a1b9f7588917136716df4dec8702,7faa30a34087c75be8a18518a7b264de12fbd65344ea95f25fbeabcf60a82a21,47078,0.0,0.0,0
R5_aA_m0,2,46,E,COMPLETED,12,90,12,0,78,6695b9305bb324a03ba6800b289321452dc891360f7ab052046d33f255b20a26,d745338c8303bfca0a472057e34c13724f5f41a2e9b73393c8b67a80e736c142,47821,0.0,0.0,0
R5_aA_m0,2,47,A,COMPLETED,12,90,12,0,78,1db84176a211617ded9cb4b00bd88d842d576fb6ecc0c8f9daeef5ea0f2ddcbd,ca241e6d64202859cdefd17b8762d8b8861b25f8a8fc5b4e0016fd1fece42c97,45493,0.0,0.0,0
R5_aA_m0,2,47,B,COMPLETED,12,90,12,0,78,e0116106d69b7aaf2376bc2f5dcf96e774ac5df4cfb7627d752a0d4b9477e0d5,2ae87adc2921b8b9025411d7718d07b7e1f7fdaa112e30190cb8ee32b713cd3a,46469,0.0,0.0,0
R5_aA_m0,2,47,C,COMPLETED,12,90,12,0,78,2405d3c096d78c20012d7496aeb96fd39c34db1832fb66f22e66a25948a67502,f9cee0e5e8e8882aa25e76b17d5abf7691e6b557b8c9c379e2b450c31677c39b,47018,0.0,0.0,0
R5_aA_m0,2,47,D,COMPLETED,12,90,12,0,78,00896bf9c4b755c25e7b70043ba3a598181e8a38fbea5ab544977fdd6521c5cb,470686c403e8154a2bf1ea9c75e4e0602ccc5d80d8f639f5cd1c9f8f7c9d854b,47037,0.0,0.0,0
R5_aA_m0,2,47,E,COMPLETED,12,90,12,0,78,5ed04faaf94e31f492bcfdbf8e89ffd963ec5647f68c4454cc4828f374558cca,5b42657075a5715ec304157576b7bd45a97abc5e811142c16f817c8dabe2b0a0,47810,0.0,0.0,0
R5_aA_m0,2,48,A,COMPLETED,12,90,12,0,78,1884ee40f8968c91a9d4087e62d12cf162256089385e1b4314e7356ca48a459a,2f09fc2fd4922fb08f80778dfb4c1f59cc52ae1f541b39bf4bbf9d9fdc78c8ef,45435,0.0,0.0,0
R5_aA_m0,2,48,B,COMPLETED,12,90,12,0,78,4ca32c6dff3259be513f42440dec8d6399b98be76d1e809099b87c3c56a62db8,1c883d77963b5f7ca66ddce21550ab31d626a2711fe2d1c183635aab5a0ca367,46465,0.0,0.0,0
R5_aA_m0,2,48,C,COMPLETED,12,90,12,0,78,bbe8181a6b0a71ff6606e117138a6523b1bc86d6d533a16e6c10da4dfd5f2220,1459ebfd9d2f2b409b9cff07bfcba70570d8d7319836b89a5b7e32aaae0030f0,47022,0.0,0.0,0
R5_aA_m0,2,48,D,COMPLETED,12,90,12,0,78,98da92708ca08b86662d4658c7d42bb60aaa2a9296e8940d9fc9a6ebbb693f03,cfd5ab918b708ee044df3a0b0e7f665e4716fcffbfa1c231cf8a1183afa4839a,47044,0.0,0.0,0
R5_aA_m0,2,48,E,COMPLETED,12,90,12,0,78,e9f0fdfd6500cf0cededbb8af2a532b4e1fefd64c5ae5e40c9578f47d1e6566e,508ab3610185a28bf48f5b18f56e9748f4a1802bbec00979afd0fcd0e0603c50,47764,0.0,0.0,0
R5_aA_m0,2,49,A,COMPLETED,12,90,12,0,78,199f5152bab44967223b3c965e677daf57f25dd05374f1be0ccafb7a42e45965,5d37cdf3e81a440ac0712bb7fcfed6945aa2eb8fa3aaa4187c7cc7ddb22c9962,45489,0.0,0.0,0
R5_aA_m0,2,49,B,COMPLETED,12,90,12,0,78,4c7b50442965a588b42d252b5decb370b0a03eb80b72609510558ae118434158,ad7b77e386c69bfe67c71171ede40fae4c21bbf6b4464c7f4c8cc87ebb4d42ae,46472,0.0,0.0,0
R5_aA_m0,2,49,C,COMPLETED,12,90,12,0,78,17f1af39e9d3e82f65227744673d61808cc92993be34259c169ee1889b6689e8,2c13b74b11326292d776ff4619738c2134aeb1505649b7c942b5007cb933755e,47038,0.0,0.0,0
R5_aA_m0,2,49,D,COMPLETED,12,90,12,0,78,b558dd32701152774b7d1a75dc29b3227eb5c7a5a50f2797754074550bf96a88,d3bba0b622ca280665c41a383323e66a8af0577d3a966e5aa0f12b16d7434939,47020,0.0,0.0,0
R5_aA_m0,2,49,E,COMPLETED,12,90,12,0,78,03c1e37f51bd5b032b878a0198555216460d67251d2bb1bbb82872a65139e55e,22bf5c7eac32e25932e81fea6c0ecfe48cf33f7eb68410a1d8819202c860d185,47836,0.0,0.0,0
R5_aB_m0,0,0,A,COMPLETED,12,90,12,0,78,e16f5ff78978aaa2d4dd2f4727212f0171a5f3175def90e8c408feeb742ee9a6,4c03e6bb987ea5abed569176bb37a06a287aa08e69c7b6332f7ff2d1f04365a1,45528,0.0,0.0,0
R5_aB_m0,0,0,B,COMPLETED,12,90,12,0,78,34b7843f63b07fb857465a0cc364bf004c4ccdf7dd201971ce15fe3e4130ce96,8ff7fbf9b80c49b97c03b192ce2efa149ed203783948000a78d92cfd6ee2b0be,46338,0.0,0.0,0
R5_aB_m0,0,0,C,COMPLETED,12,90,12,0,78,f7c0fa808feb80e069e84f8731c34923572a8560528d710fa901038693e10872,ea5df8a029e9a36251ce10e46377e292fd0be3e4551ab5b88833e6548fe69da1,46981,0.0,0.0,0
R5_aB_m0,0,0,D,COMPLETED,12,90,12,0,78,05fc1009a034bad346aa36ebfcc18cb8c98f978696377e11a6b47c3416e11825,e7d33b6d25e9b93e8a3a2d12e0db49ca09a2d56c1cb341b7e27af98c7bd43fa6,46946,0.0,0.0,0
R5_aB_m0,0,0,E,COMPLETED,12,90,12,0,78,8f632c4952f919e7c75d87140c6659a6693491614bc9c7971c5a8e3911d91713,79a1b4add93f52d2cb0da11c75d03ba998231d4dbed73760cbabee6dec1276d9,47629,0.0,0.0,0
R5_aB_m0,0,1,A,COMPLETED,12,90,12,0,78,f2cf4b54ec48f13de5a10dde8233304bb79485b4a226fe1246b592ed8b1a6f09,f84fcfe57a1d858582a94774f4edf230d8115b214506ca701af866c4d527cae2,45599,0.0,0.0,0
R5_aB_m0,0,1,B,COMPLETED,12,90,12,0,78,672e59300ae3336aeb3c087816744bf3461ed18d6d1ad5f83ee0209903dd9848,a28f5441863ea555f022ce8d91992049444e16006e93989fc2a0c33c710c2be3,46278,0.0,0.0,0
R5_aB_m0,0,1,C,COMPLETED,12,90,12,0,78,f5494b11559ad6e26c4e63bd93659c9fb373cf2c17094c85cba7060204426fd9,cfab0546599c7f0a8f8b0b8ce49f9d3badc72647d5d0050b9fbf44f7e3a81452,47013,0.0,0.0,0
R5_aB_m0,0,1,D,COMPLETED,12,90,12,0,78,28a326f548ebdda2c540edbe462a7467c77ce223fd0ef99f2d6e9395c663c6d3,3e4978c0f24e286d822cc05f7c8edf9f9a13574f13cd9191c86a2be19c93afb0,46992,0.0,0.0,0
R5_aB_m0,0,1,E,COMPLETED,12,90,12,0,78,de37e335797e6a8e4ab81fdcf2c730c1d3d3abb3481d489d2204d4cbc62943ee,925f284a5d18e21b6dd478e68095dc5c6f2d769e8ed0bbea3774a980d19a2ec8,47514,0.0,0.0,0
R5_aB_m0,0,2,A,COMPLETED,12,90,12,0,78,14a0fe4f3cd6dc8395339b4d415129d7fb3a44f9a565968ef642df3c4301e39c,d7241547daa19cc595d61ecff2364edcef5fd355b3975d0dc7dfcfff618d94a9,45494,0.0,0.0,0
R5_aB_m0,0,2,B,COMPLETED,12,90,12,0,78,ed9fa815c90a7064a0ae16a8fcc320c79a8eee80f6449ec0c66b7d0aa84f5de3,c2c0aa5f9072877bc8e26ba6662b83e4ec84fbd362547ce6561dae63464f1980,46311,0.0,0.0,0
R5_aB_m0,0,2,C,COMPLETED,12,90,12,0,78,5799726d7d65d1836dbe5f9780dd96a535f559d49eb0854c3a9ea06f129fe9b9,d6905068e8b81fd29ad0b873cab77dc48c36e7f90a6693e2ba989e20c83d9cda,47091,0.0,0.0,0
R5_aB_m0,0,2,D,COMPLETED,12,90,12,0,78,1cff3ed12cbc86ea7839267788639be5b82f5deb5ded19ab63724cafda3660cf,8ea101aa372860307daae2d6dd2c4f5a1f3bb625e5e14b40eb650eb857907d8d,47005,0.0,0.0,0
R5_aB_m0,0,2,E,COMPLETED,12,90,12,0,78,8ffa5cb7a780faadece9fb7befccdb7fe3ba04a7c36a4301f0392dc71802b9b1,4fbb9f0758fea697d687a7e71b5f250915524ef3156c75aaa4e7090fa1b48d77,47588,0.0,0.0,0
R5_aB_m0,0,3,A,COMPLETED,12,90,12,0,78,4f8e5a47a493647f83c530bcd004aae42793be452a7fc8980dd1be89d6e8a20b,8d64fcd92b4b1a6cd5ee4cc4c48ca70901ea738a8dea185b824d7fee0c770ad4,45494,0.0,0.0,0
R5_aB_m0,0,3,B,COMPLETED,12,90,12,0,78,be1770da99f66af4a2831150f5eb7762b124394df15a8d4d1d853f762a19bd16,635c49675381e3ff9aa1c7bf94a9d9c3933d71a4d59af788d0a316506ee0eeb9,46356,0.0,0.0,0
R5_aB_m0,0,3,C,COMPLETED,12,90,12,0,78,93e25440e58d3683589e7ba70426ad145e5ed97db6f73200acd5101f0b43aa49,7b7d30c7635326f9c38e8c00b8f957180c695d26b54fbda93056ef6461b8a93d,46935,0.0,0.0,0
R5_aB_m0,0,3,D,COMPLETED,12,90,12,0,78,ac3a07e8087fa350afe6e5fb218bad021879d6ff1fc31a1a6dd7bad58159f014,fb36762aa015fc9416a506e6ba2c98f6b49374b5cfa5bcc698ccdecaf1009190,46935,0.0,0.0,0
R5_aB_m0,0,3,E,COMPLETED,12,90,12,0,78,25e3cc52dc0ccd8101737dffc23f53156b1c68219a5cdb4dcf0e5b36847b0284,58cb81681e83bc001f523e8a3ece087d24743a2c711d28398ba79f92f0afef56,47508,0.0,0.0,0
R5_aB_m0,0,4,A,COMPLETED,12,90,12,0,78,b3a0db29cf1b460e90e6931f7e0eab278c787b782fe3771aaf7dd99b207cc461,87c9730969acf645f02bfb74ae34afa6919279c6b179cc01c2441ca087029d82,45465,0.0,0.0,0
R5_aB_m0,0,4,B,COMPLETED,12,90,12,0,78,88048fecc55de33bffb55e25f1de61816391a404e7e496f46ed795369d3f1d82,13170b33d9830b5e6cf2ee5572ee51c0d0783387134748974e66caa56c7e02fa,46198,0.0,0.0,0
R5_aB_m0,0,4,C,COMPLETED,12,90,12,0,78,ad79080e6dea747f8ed6819592e0c2c0f2aa075453e92907259f5878c1ba7b8f,ee96005602552b975304ec72f2d458a66d4a03e79338f98e5d7397af544ab9ab,46949,0.0,0.0,0
R5_aB_m0,0,4,D,COMPLETED,12,90,12,0,78,584e3492b0fc738c61e326a7cd0888cae4c75471d4da87f4b8f26ae90dd07c79,5f8beb48e0dd53fd3ba4fde91474620d98bb5cac814ce44dd50b00e2dd2342a6,46994,0.0,0.0,0
R5_aB_m0,0,4,E,COMPLETED,12,90,12,0,78,ac3dd699223c35c24e46f71d6b94b352a97c52ea9f070eecb88f0efb56b59ee4,d406acb5b1a9f29af2e9714de901e569c0524f9075f8c385740da73cc05a32df,47456,0.0,0.0,0
R5_aB_m0,0,5,A,COMPLETED,12,90,12,0,78,31bbcf0ad63dd107d5aa9782315399cbf970f67085a2c58bb5b2cb89a2f6914f,2989e0ec14ca702b424a7c92523cbefbd1533acb994723dd45e724b1120b8d36,45503,0.0,0.0,0
R5_aB_m0,0,5,B,COMPLETED,12,90,12,0,78,63c4b6239aaa3ed960ef07bc6d9752469d7e1245c11ecfd667c98ae1a6ce5291,355dbdf26ca854396a1d13d1f5a0d4f3ef601e389d5922d407d93cedd225ee95,46325,0.0,0.0,0
R5_aB_m0,0,5,C,COMPLETED,12,90,12,0,78,00771a6184c302c91fff530ae7f3c5f72f8e9abaf5554d43dfcc0470bac03fdd,0898ced463e5e630dd58f39f422408e54b0f57ab86dbd40d07da7ee8e7407869,47017,0.0,0.0,0
R5_aB_m0,0,5,D,COMPLETED,12,90,12,0,78,797ee674eb9976c612af197accdd572378374890b4ad711feeb0488891e05752,640ff7513220c548d1020eb1d682a5b29ce8a847cc5534e2a689f174b2fb36a9,46909,0.0,0.0,0
R5_aB_m0,0,5,E,COMPLETED,12,90,12,0,78,d691ebc1d7f1aae2aff33367f7feb3f660d18b1bcec0410f95da59d29cf3af15,6e28b2a8b70fb50c7bed22434d91056c23b8b8ce66bed7c8f993fa27060f9aa9,47572,0.0,0.0,0
R5_aB_m0,0,6,A,COMPLETED,12,90,12,0,78,8a6cd0c627858788c2fa1c83e58cdf7b06d4e48930413c370b70ddb182b57e9e,43c5e128113d31c2b8f63028a8c93920e791d985e58bb35e3341622a862f7d5f,45486,0.0,0.0,0
R5_aB_m0,0,6,B,COMPLETED,12,90,12,0,78,50c08b5be767722ac16ebff337f40ea3360ddcc913d849e6eb5ff9a9f2e6764e,f3f6aac85103679ac6981f8b2a670815fa6a3dab5b043357246e3b819bfab7ab,46392,0.0,0.0,0
R5_aB_m0,0,6,C,COMPLETED,12,90,12,0,78,e74c2fd7e05ea2a2ecc12f44a9bbc04c6fe4ac519a818c1ce16ad5c67f65ae78,a024cbd72ac4ce201ecab3ad7a3599018040de562a172b77d1cd61fe07e76ca9,47059,0.0,0.0,0
R5_aB_m0,0,6,D,COMPLETED,12,90,12,0,78,a0b32d0015e70720e664f3fe073c85f046563e7e1dbfe4359d6a3dfd400ffbc7,104e2f655ea5802248aef5fd20c144de84d575f5427f8a85d3ba804e8af77dc2,46935,0.0,0.0,0
R5_aB_m0,0,6,E,COMPLETED,12,90,12,0,78,73025c19814fda6c0dc344b2e4623cc3a922553b1c03b9a385d922588204d0fb,0143d1edbe1b7736baafcb5ec1dc1eb4cc2a7ab09a7462457e61876a55ad2859,47505,0.0,0.0,0
R5_aB_m0,0,7,A,COMPLETED,12,90,12,0,78,b5e1ef466c81546782e40a50f023d42506d5bfd647c6e063f89f709cfb99248a,d9195f1f4bb4818e0bf22a0b3757dcdaea504e30fa52de6f9975003a201325ff,45469,0.0,0.0,0
R5_aB_m0,0,7,B,COMPLETED,12,90,12,0,78,5f2323aedd4464ca4b2f1dcca27ae02b33e74184d016115209cda581fbe35787,7a5da8568e1d731316500650d2933289e3b4f5f3957f3e8a64256526c794b20d,46347,0.0,0.0,0
R5_aB_m0,0,7,C,COMPLETED,12,90,12,0,78,6f013b1aa5a3c2d44b9562cf3ca21efee9cbbafd1f0e339be12f6142a3d1c634,337f01778ff9427ca6e771fe76e886cc033f578663fef70d34036cdee8df4681,46956,0.0,0.0,0
R5_aB_m0,0,7,D,COMPLETED,12,90,12,0,78,c5ac4d686d5117db436dbb65c9fc47d6f3612e076e213d65ca7885d83b27c83a,e3d1a4101c3bbb7fed2404f9251875a411e26c6c61c838ade3e0d3e302081412,46993,0.0,0.0,0
R5_aB_m0,0,7,E,COMPLETED,12,90,12,0,78,ed936ae6877fea75a97cc4ce72f502a5c348dbd86f8644cfeb2d811453d82b56,30dd68f8d99bd86ea5e151f079a31c6632b1386ad1096afb8acda2161c3823ae,47608,0.0,0.0,0
R5_aB_m0,0,8,A,COMPLETED,12,90,12,0,78,22f94a4d18eae3714f730c4bf084d431667a099d7403cf95e7d6f9ebea2343c1,4dbd5a5b13d779683d1f9ba7fc05e7b955bd4b89113174eb4bc82b6da47c02a2,45488,0.0,0.0,0
R5_aB_m0,0,8,B,COMPLETED,12,90,12,0,78,13f7f4a9f90b19fbe91a16725b801fb8ab38a85aa92e1f8d6f972c65b1324a99,22e6440e4f46489b6a26fc0bba2a31bd8a31a636d00aea2347b5d0212976f7c9,46386,0.0,0.0,0
R5_aB_m0,0,8,C,COMPLETED,12,90,12,0,78,8d8d901be94b660686f6b8bf15ab0717333d7440cfc9e67daf76a4b307d0063f,577e9d3a5946eddcdc4dfbf681df812a5df184d5a4e71511d94f536a0618c3b8,46986,0.0,0.0,0
R5_aB_m0,0,8,D,COMPLETED,12,90,12,0,78,56ede47d2fb1f01b8b79d18b00a2baffc6117e0661e46a12eac52337ed069b33,5835f5d04dbc6df0199e6caf5b8c2ea07798ed23fe5860c0b77c6c4a78bc0ca4,47028,0.0,0.0,0
R5_aB_m0,0,8,E,COMPLETED,12,90,12,0,78,311683aa15c5969206379720be61082b724febb81264d4a80a881fdea4354bca,c15fe7020022f42ec286fc69e0dd2d2e6c28efd0af374e57f684a83e31379c9b,47549,0.0,0.0,0
R5_aB_m0,0,9,A,COMPLETED,12,90,12,0,78,736842ca2f81a8652fde72b1903f0f4bd3f594e1acdc0f6c8569d0ca61820b07,10ca1ae48ecda4322d485658278f458ed0eb59bd5e032eb6c910271166b650fc,45518,0.0,0.0,0
R5_aB_m0,0,9,B,COMPLETED,12,90,12,0,78,750935a7c4be164143358e0c277cb43c6f29dcaadcb191741cc91f91fcbb13ae,bcc3280e172cfc001e31c49f050860637b4c25672bc0d6309fa622fd7a2ae9bc,46337,0.0,0.0,0
R5_aB_m0,0,9,C,COMPLETED,12,90,12,0,78,c259cb8b4c306bc4e0d87b01f6ae5fabb39565d02503a1f497f54459ecaa67f4,603f0138fad829701529c60d86a610e6be97a718a902dcb7aa7fd32ff2154aae,47043,0.0,0.0,0
R5_aB_m0,0,9,D,COMPLETED,12,90,12,0,78,c52e3ea44227883cc20777c107f061fcd234e56ed2ae7adae0b58d6d894281c7,54c25bee747e1e4549118bbd78ccb98ab6424c1d1be6692a9495432a46151398,46941,0.0,0.0,0
R5_aB_m0,0,9,E,COMPLETED,12,90,12,0,78,4a71941efd81035bb039e7915837a93d84c51902548fd71833f3b95877c89a52,48e27b44b89300a7968b56868582c62d7625779ef1c54e02787d8b69ebdaebad,47576,0.0,0.0,0
R5_aB_m0,0,10,A,COMPLETED,12,90,12,0,78,4358f5ca5ecc2d86ecee7c59ceb61cf9a6252e3c7c1349e22bfe38a4152f8b9d,dab5311bd3a0da22073440b5a2452bae95a409cbd7ff6687a6bf6f87f31845f8,45522,0.0,0.0,0
R5_aB_m0,0,10,B,COMPLETED,12,90,12,0,78,073efa1bcd193166eb744c0e04e2a91beffea21204fda5d17f371d6b1781bb12,064d5c9e7d84f6db48cc897f8ea781392a0d3dacf810acb94ba1ac3f137fed69,46308,0.0,0.0,0
R5_aB_m0,0,10,C,COMPLETED,12,90,12,0,78,d5971d6f90e8d9aa9ad7e148a13f619fcb365d77cb77d10f4dd65154b5f31260,5ee538c53a04c1776aa9f1c6d31a96d8085d31fa081c32675a3a15fc7f38b7a9,47006,0.0,0.0,0
R5_aB_m0,0,10,D,COMPLETED,12,90,12,0,78,d3307a9871fbd20e02c97645eec411cb5b6f32dd14c9d7c5adc36b66010fb629,ddcb9504e08af87d5a947a880f6e641720215c20a8d76dec32688e37b0f09e9a,46999,0.0,0.0,0
R5_aB_m0,0,10,E,COMPLETED,12,90,12,0,78,731ec5a56902b2a027647b2b4ddc3029b3accea3c847d5fe59143c7b79f8c4a6,1395f193049a75e7dfcf798c41d799e544b49e107acf0ad44e644cc6a885a2e6,47584,0.0,0.0,0
R5_aB_m0,0,11,A,COMPLETED,12,90,12,0,78,a50c3c305acd13b9dfa6c7c1b131bb1c668cde219fc0665d7772def1a9c03178,21bf6511e309b51840cfb6caef3fde4decec5c635f6ce527f6378d8df99fcb7d,45484,0.0,0.0,0
R5_aB_m0,0,11,B,COMPLETED,12,90,12,0,78,8a1bae640d1d8dde8ea77532c94334fcf2bfe81df26b172debbc7deab730d5d6,ab0a605d2fbfc14f3177584176cd770e95fcafd9323107776a73f9d588c87df0,46402,0.0,0.0,0
R5_aB_m0,0,11,C,COMPLETED,12,90,12,0,78,fbb8474dcaf681c9edb91a87c7640dd8e91cbaeb29e006f4c5ca42874670511f,606734d225c2b207bda6aca7c191ed841ef5016f231cfeb059f40b265a6a7228,47001,0.0,0.0,0
R5_aB_m0,0,11,D,COMPLETED,12,90,12,0,78,c2214bb3b6acab9db15b168bbc1586b9417baf93292bb6f39599291166cf08b8,419007d3cfc4870f1518cf2ea0323d57de8830a05435b8123ca45a9397df23bf,46981,0.0,0.0,0
R5_aB_m0,0,11,E,COMPLETED,12,90,12,0,78,96fdd2093165c5484d21dd9081a562c06306fb98f4262593cfa046ef9ad5308f,c2357bba292913147fdbf253ffee3e6a24b27473a03b381a8a7894555a5bb42a,47539,0.0,0.0,0
R5_aB_m0,0,12,A,COMPLETED,12,90,12,0,78,73f100c7b66570ea4b1efa514410d3bbfbbd2cbedba8b8a8c17476c850e92716,647323a27cc97872c99182976405087e4efa2b15ec9ab306cc3f1a1aa97c5a7e,45430,0.0,0.0,0
R5_aB_m0,0,12,B,COMPLETED,12,90,12,0,78,189ffdf4a467b08bc8bbb3c8a782de940722a94e22be57d6e8c12a038fc95bcb,779691a5fa4e4c29be8d59021ae1f7c565f005d099693da04b700d109b560041,46367,0.0,0.0,0
R5_aB_m0,0,12,C,COMPLETED,12,90,12,0,78,25505327bc7b20c1e609af06b3d37375f9779411460020140ea926e9e4fa3e2d,03772e602047f989181c7677216d9ef007e5ffb0c5a9b56eedd7fc64649c969f,47012,0.0,0.0,0
R5_aB_m0,0,12,D,COMPLETED,12,90,12,0,78,25a98229b5b7647696ba0dccab1d7f121d4aab92ded8e2b2a841913c46fc3208,8fa97267a63e24949de613a9a8d4a5b7341401da48a02b0e9941dc193d21b718,47019,0.0,0.0,0
R5_aB_m0,0,12,E,COMPLETED,12,90,12,0,78,0a2f9c19a0ed77fb90f1214a46bc98d166ad6accc837fa96b745e6375b60e37d,ed024d30dc19263ff2bca2c1576683cda55dc53688b5c9882a3dce8dac6dba33,47524,0.0,0.0,0
R5_aB_m0,0,13,A,COMPLETED,12,90,12,0,78,71cbc3381c31424395e10384750a16510eb77e460eae58fe827b6b750c9650c8,5b193f743bf1a1f759df3ba5cc14bf8e38a5417d294d1a4d79f0cf01b276353c,45498,0.0,0.0,0
R5_aB_m0,0,13,B,COMPLETED,12,90,12,0,78,e915bf7316a6555fb0a303cae0bc8862b87d2992470849a1a4d4fb6308c5f978,6ef11b9e0f993d1186601a7c57b054a76de8af6fce06736747432adcf9dd9fb6,46359,0.0,0.0,0
R5_aB_m0,0,13,C,COMPLETED,12,90,12,0,78,2750824d9908d3c054f9482b9ad4f7237d84b5b8c6b0d54b018349390c8df529,9fc03552e89a30327b4cdd5cc08fac251d4a2ac3e2fb90890016aeda57742a1c,46998,0.0,0.0,0
R5_aB_m0,0,13,D,COMPLETED,12,90,12,0,78,c58a6945d6335a14be98afc6862457a8e74bc05328d62e5b616a11e890e3aeff,caf291356a1c86f3626b924e398befdd6f6f5b46237dd64d466370d456b5a2e6,46926,0.0,0.0,0
R5_aB_m0,0,13,E,COMPLETED,12,90,12,0,78,6490f22e16d2b84de40e45cc007bd4d9cc9b96dda360997200e42251fff5cd8b,844b4d7dd1408db3c7fa727f68af7e32248d7a64605d34646f2a9e84fc43d5ae,47612,0.0,0.0,0
R5_aB_m0,0,14,A,COMPLETED,12,90,12,0,78,2a26e94d0bd62a005f744f1cf55f3302d96990b05e7c44008daaad48388e2633,42aabb93ea5a02e4a4bd4a2e96f358f19a7e349b3c62254cfda6dc7704d73a91,45590,0.0,0.0,0
R5_aB_m0,0,14,B,COMPLETED,12,90,12,0,78,87741d39bcccfb55db45b282a54de8b8ca356636424674238b97f75b5303692e,355215c2b8d973064617c09896dd5e59322f8b2716374b601138a8d7ab1ed39e,46376,0.0,0.0,0
R5_aB_m0,0,14,C,COMPLETED,12,90,12,0,78,311ad0169d4166ecf682c1b3c16b0bf7d68959cf25fe25d6e08f1dad4ac6e9c7,2e44787772daee78cd67cf14a34a110e452c9a19d6b1075350079743b9c3cd5b,47130,0.0,0.0,0
R5_aB_m0,0,14,D,COMPLETED,12,90,12,0,78,d0a57db259de4d78affeb25060b1669f97e11a7d57e697eb38c5394484e207e3,47c51ae9fb540053c811efa0c3756f2470244e38aad390076c0ac40a97d659fb,47110,0.0,0.0,0
R5_aB_m0,0,14,E,COMPLETED,12,90,12,0,78,230ebc2bea27d6e210e84afb7fa2a58ba1ba8393bb34041b6fb2933e5734a766,042eaadeb704c64f4e2a5ff78e670d2e454c3df7f45d3f7b87af053f43c360e4,47652,0.0,0.0,0
R5_aB_m0,0,15,A,COMPLETED,12,90,12,0,78,817934320096a6e7da12cd66916effeeee18bb4c8e5e9ba7af56829607f1ce80,767fae87e14e7a703c24cd4444c423ac8d90af25a1941091180e090481df8ce2,45471,0.0,0.0,0
R5_aB_m0,0,15,B,COMPLETED,12,90,12,0,78,cc25d72b6e86f569a0b6ce1bc4aaccfe5b5feaa819ddc2a1f9e24d8c20563186,5ded6e231eed41d06e28ca14d55fe3b232f94dccb29d89d96abbec8afb6fecd4,46253,0.0,0.0,0
R5_aB_m0,0,15,C,COMPLETED,12,90,12,0,78,6fae1458ff96482b3fb3e88dc58876552720a87ed95719f737b9b33995b8f386,37355a5d5d0cade2378244b1912c8b2db17e2556b4b1ba723026068fae274fa0,47008,0.0,0.0,0
R5_aB_m0,0,15,D,COMPLETED,12,90,12,0,78,3425fad0169504c2ac781b15d241738ba6a426048fe94421b5aabad7dabc0693,e7e0a0deb0c0e4ae6bce97c1dd319544da072733a14d87a416555cbd0c39206d,47039,0.0,0.0,0
R5_aB_m0,0,15,E,COMPLETED,12,90,12,0,78,ff29c90c02f4939a7985d7cc0521567c9819540ef9bbaa09cdb41486a138685e,e6662bd19ab35be2caa03b7e3a2b1efccc38a8b36f1cdda08612eb443bd22406,47521,0.0,0.0,0
R5_aB_m0,0,16,A,COMPLETED,12,90,12,0,78,8328212ae551c003c8fbd02c39ee4a2bf90d4836c1ab727090f31dcf6ff9baf7,3811b4637b07b007ecebb915e7f86edae1744b70c24e3b259f262c4591011884,45545,0.0,0.0,0
R5_aB_m0,0,16,B,COMPLETED,12,90,12,0,78,3575aab0ad89d448e21902270735a41dad7169708127f6b68463bdd77890d14b,fa3a8260d0eceda436c57c10e73ad15b1fa2ae29ff9dd37037a9daf3f6a142d8,46387,0.0,0.0,0
R5_aB_m0,0,16,C,COMPLETED,12,90,12,0,78,ef3845330e26b026fe448ac2b5d610cf2ecda57f479c9f5002761b277ae3691d,2e788c94ca5790fe649c36fa19d15b8d1c8e5586a7cd4e07d056cf9cb45523f8,47037,0.0,0.0,0
R5_aB_m0,0,16,D,COMPLETED,12,90,12,0,78,f5062f405158d2999e899615ecbb41f214f61d5a8e4f6381694abbdb0af5fcfc,868454002e4d49393ce823819fe6247cd0c5734e53f6b61ce7d9b70b782c6c94,46975,0.0,0.0,0
R5_aB_m0,0,16,E,COMPLETED,12,90,12,0,78,ea6615630350969e5fb0839f9127c905ae4ec2eb9095a49e0548d58d2c460c86,478481eb559897e177cf66f9823364c3e6990bab3cd361971f2239013b172844,47496,0.0,0.0,0
R5_aB_m0,0,17,A,COMPLETED,12,90,12,0,78,9690b5b6d1ac6b3e99bd9c499877b810e5057d107fb4a6291d28d8df01e76ebc,72124e33accdff9beae5911ca4074e405e4c2d5ad3c3feb245567ec17097ca53,45528,0.0,0.0,0
R5_aB_m0,0,17,B,COMPLETED,12,90,12,0,78,a35b630db52b9280845215809932a955e530e7ff4dcb0219c396a167a8470b8e,d1e6348f5eaefbf2728b1b33ce496bae80c73d11d83bffa9e2898357434d6453,46321,0.0,0.0,0
R5_aB_m0,0,17,C,COMPLETED,12,90,12,0,78,794b1b69eaf4b4ab510220a3b192a5805c1104b4e7969761984603844c7f6b6a,13965faffb8368e37da7bc750bc3ffca89ada7571e18cb8ef09e2f867d6609d1,47063,0.0,0.0,0
R5_aB_m0,0,17,D,COMPLETED,12,90,12,0,78,c46904395b365f9745f8f8125de980e5f57558adf40b7984154f7901ba9f6613,81aada4a3e0137682d993e9fc67889849a074db397b4d11a4019b07cb00d344c,46950,0.0,0.0,0
R5_aB_m0,0,17,E,COMPLETED,12,90,12,0,78,2cfd6c470c62542cf9e7db38522be9ad88f97bc5d96a51e85022dd8544597b4d,fee87f7934bbd306ea961aedab94cd30c52f65a2604f0ed087561e105ffb9476,47498,0.0,0.0,0
R5_aB_m0,0,18,A,COMPLETED,12,90,12,0,78,c05a8785b64ab0b3cd22ca0bdcddc97a18143f2827413aada1db6bead4e4d7b2,e1a95aa72d112b0ffb861e0978317320a6149a94327bc38b8dde8a038978d749,45471,0.0,0.0,0
R5_aB_m0,0,18,B,COMPLETED,12,90,12,0,78,f4648c3e31bb87816e82157d877bde50793904cca27e6bfb2c520351758c61d0,75de05e907ec7a8960557cb85dbdbe5466e5f2295437c9bbc42e385381f0be74,46359,0.0,0.0,0
R5_aB_m0,0,18,C,COMPLETED,12,90,12,0,78,7ff42a3c3e447ccc8ffa2497a96065db0cc3b1e4510679cb2c8027b14e706a67,c7f1df80ccdbcd3c43a75d28be82dfa0db4cbd950f70903b9f79323462f36dc7,47018,0.0,0.0,0
R5_aB_m0,0,18,D,COMPLETED,12,90,12,0,78,c950faf3718359f885249cd9daaeabdbb73a620240a193319adb5b315ea85325,994fcf927097850e85352f632f343c6fc03bcbc20cc05d76612ec9f4a976f4f9,46914,0.0,0.0,0
R5_aB_m0,0,18,E,COMPLETED,12,90,12,0,78,c0182e0f0977d3978e60b8b88737a948a0485209fd00fdba856bf02c8525a337,7bc1456da79a978d592f8852b4f57e9e5c0b67bf66a5b3d1d317f223eaeb465d,47529,0.0,0.0,0
R5_aB_m0,0,19,A,COMPLETED,12,90,12,0,78,6a309fbe1164d3a25d408fa51d96867533fd90d1ea72c1ad5b17108ca599f917,c0ce0f9714d52a8598b0f52dcdc0d43ec4daf35002355bf2bba82cf6eedfad7c,45538,0.0,0.0,0
R5_aB_m0,0,19,B,COMPLETED,12,90,12,0,78,2acfdb8538faed6be4db79178937b11973fae5bf33320ec5b7eb413e652307ad,bacd3321ffee0c701c29f4c86581af62c32b4ad1e503db1840b8dcb250d69497,46263,0.0,0.0,0
R5_aB_m0,0,19,C,COMPLETED,12,90,12,0,78,9cde39fdb531f26a4da4e4ec7ae09b6457aebc2be0bb88ec3a6eeea8b11f71d8,64f36d497d5a577485b5862d5e64f62908014a9fb0582ffd9177928d95efdcad,46961,0.0,0.0,0
R5_aB_m0,0,19,D,COMPLETED,12,90,12,0,78,a9543149c0fd9c4079292ecfa1c4596c90167a2f94949d40752248a4f747cd6a,dbb57b97b9cdbde10968c0fb172ff5e7deefae9d068dabbbb00fb2b02b62aca8,46943,0.0,0.0,0
R5_aB_m0,0,19,E,COMPLETED,12,90,12,0,78,95085caa6d6b85e8b1e9322c7a93b461907c0fa16ce60baa3893800dd8484ecb,e8bbfae382f9170657b9d6ed3df3c07b8445d089dc9cea25d1f83cefd4188ad8,47421,0.0,0.0,0
R5_aB_m0,0,20,A,COMPLETED,12,90,12,0,78,fe47222c7a3f06b823cb126613702768544e5e9cc2fb4d9de991b2a108c922cb,c0190f3e5b872964493edaa717102031486225cc0f08b65684096a7ebcfab91a,45529,0.0,0.0,0
R5_aB_m0,0,20,B,COMPLETED,12,90,12,0,78,ae36f73a11e73ac7ebca49e75c34fde994d48aac9a73917dcfab464df4e4d6b3,bc5ccd622055c8e0860de3dd491968c35f63affff2cebefd10145e8ccad0b1f8,46337,0.0,0.0,0
R5_aB_m0,0,20,C,COMPLETED,12,90,12,0,78,a61c63c0bc3b731043a78f0fdbccd1656c6e2030a0ee9eca0a6ade4ee744e616,55f25ed2e6862993b326731e888a5c927885525f45bdb6f6f82c26da6d35ac4c,46985,0.0,0.0,0
R5_aB_m0,0,20,D,COMPLETED,12,90,12,0,78,0b2e12367be1f5a8cab1e87942403121cba7a4f0372baa07a7970504732abb59,2d0ddf69bf0996c63128547a08187060ddbec26f717d03c7d9172c7538ec687c,47040,0.0,0.0,0
R5_aB_m0,0,20,E,COMPLETED,12,90,12,0,78,69d594383c460809e15ceda85ce4420dae296a0367eeb9b492f29623205d782b,c8869765667f1c33b6a5f33b2f6c05bea12d416514a5b7b3129ac4c9318d9f50,47548,0.0,0.0,0
R5_aB_m0,0,21,A,COMPLETED,12,90,12,0,78,ba1ad17d4a964fcd5bfdadb3af8c5f76f38feb0de00e14ca4ee6e9e61dac8e0a,6a37f6d13f13ce7164ea3db67863a11ceaf7446e2473bdfe1bab27d0ec4ca5d4,45463,0.0,0.0,0
R5_aB_m0,0,21,B,COMPLETED,12,90,12,0,78,e4589557d3c83f8727416b41d50417535df588e6fd97e8a703490420e3ddb6dd,cb4144ab7d66baedbf295607aa44408cccf9b791c0590ae3271f7f0f5ddb7d97,46332,0.0,0.0,0
R5_aB_m0,0,21,C,COMPLETED,12,90,12,0,78,520a6299ae1bc4b88b472edc8aea45e1607598845917648ed5a11d74cb8652f4,a38e0dab122a60fced07c55ff7e6bf032231a8ba50f794cff06a3248cb078286,47046,0.0,0.0,0
R5_aB_m0,0,21,D,COMPLETED,12,90,12,0,78,f69c6266d79f3dddf2b0e13740fa1f5df66de8bb6ee24aa42bc15ad97f30e16f,534f80c66259b362f4bb708b57996a855fbdbf63d827583dd4a2658167a4c263,46919,0.0,0.0,0
R5_aB_m0,0,21,E,COMPLETED,12,90,12,0,78,64148d2b9859c4a279bee04781c327ff231f9924158f537e7d36dc72ac8167ee,64f93d0d13bd2e12866609960cb02dabb71e43b7086d57d94b8749c28e317b4f,47516,0.0,0.0,0
R5_aB_m0,0,22,A,COMPLETED,12,90,12,0,78,59d6f89323693cc56f22bd664fa667c52511ba05176ffbf86f76ae8b4332735d,0797212a54d46140adcd9c7f999de135d9b51a1a9e907217ae0f9a328441e2d9,45484,0.0,0.0,0
R5_aB_m0,0,22,B,COMPLETED,12,90,12,0,78,52aa25eec607cb39888bb10fafcded74209aaf1047ab17eccc1a0da3bf474ad8,c4546de3260bc9c3d7aece3cdbfd99cb981402fad0bf35d9e66d73cb6dc77d21,46369,0.0,0.0,0
R5_aB_m0,0,22,C,COMPLETED,12,90,12,0,78,ba391cb1465b01cf84780a84b100d784b41e13c70762c92a03a1bceb79f44509,b8664392c616eb4d7ed4cd569b710b41a5cd0db77d3faa08d4155fb4401d54b3,47006,0.0,0.0,0
R5_aB_m0,0,22,D,COMPLETED,12,90,12,0,78,c779d5a06f99fc8bc4989cd60cb50e9bfa0d84a64bee728ddea06f61c118a382,36a2d604bb54edfd889c3f10903069bead2782e56536c5ae3d0894d93dc317ff,46965,0.0,0.0,0
R5_aB_m0,0,22,E,COMPLETED,12,90,12,0,78,930e58b7205b949b8b2490692d9bfda6cef8c1faaa442e74329fbedc2f7e47f0,ccbfd4e0dd209d8b2f1ef5189e6c19118c98906f01a475818c37a9149e525606,47566,0.0,0.0,0
R5_aB_m0,0,23,A,COMPLETED,12,90,12,0,78,74ed864aa853c90ebd22a8813547ed92a900da8334afde4cda3eec4feb40d5f3,6104255f9c629b92115f6317011669fbe9cd0d0850b9bbd65502685b58379887,45542,0.0,0.0,0
R5_aB_m0,0,23,B,COMPLETED,12,90,12,0,78,f89234f8fcdbb0ce307a8f3566c939f907d6942182172ad67a6d786f18811fe0,e1b31ad8585b660b90603ecce9c45c29b538728685dc2f70bfdf201991b16e61,46238,0.0,0.0,0
R5_aB_m0,0,23,C,COMPLETED,12,90,12,0,78,5cf50139d7874a458a6c6e6c1612d58f07723922c2c05afaf8264705103491e6,7eea3ac388d1b59ad6f6012df7ca17907774d9b54f90dc92b3e7bbc8ceafb61c,46987,0.0,0.0,0
R5_aB_m0,0,23,D,COMPLETED,12,90,12,0,78,7bb4ce7c8855bc2f95988f5c410d85294f00e1d83279f69a8348a41bc3defe13,6e84a852cb7a17d1009783a760ea6b3aee42b306cf0f25560a82ab5cce21c172,46979,0.0,0.0,0
R5_aB_m0,0,23,E,COMPLETED,12,90,12,0,78,fe03d1b61e242e933a71a75cc4e9117dfd4278fa1f2df73f77666dc986ef3819,b499e7b9dfb5a080a2c1edfd092f27f73dba4c6d186f9584a8357478a6b3e349,47463,0.0,0.0,0
R5_aB_m0,0,24,A,COMPLETED,12,90,12,0,78,e5937afc849594f439d551227eae8768932643019bcf8f8bcdd9c4f1a6ed2205,f91185bf6e47f62ef448db0d193ff00bbc0084daa13b88ecc74eedfd96c79df6,45453,0.0,0.0,0
R5_aB_m0,0,24,B,COMPLETED,12,90,12,0,78,a6fd84176090ad82a976ef3ae5f868d4b503ab5241c3b25d9804133e3c4aff80,d1ff3778573a0c01b57d4a403b241541cf11c7f3565627c2b367db7906fa583e,46402,0.0,0.0,0
R5_aB_m0,0,24,C,COMPLETED,12,90,12,0,78,9fe29951defff9d61ebf17853a8b3a46c0663266ff4eb1d07a52e9b486d0f483,5ddba69869860f3ff12acdde313c3e1e63138a3f1250ddcdd9fd8ab9bc1c2476,46985,0.0,0.0,0
R5_aB_m0,0,24,D,COMPLETED,12,90,12,0,78,0e6f0c226ef952e73315c7edac107055cd638b1abdaa809eb50f3cf2a8a1e4ae,fbc193f4efd2d5ad9f22fa7903a2d20618248488159db6f07cd6e9102f59ff4b,46979,0.0,0.0,0
R5_aB_m0,0,24,E,COMPLETED,12,90,12,0,78,1040e98a8745055e9056af6b005f4665d8fcba5dc1ad0088cf9a8f76f0ab4803,dc459aafaed0d0de245d789e96b9e628cad6b092bd81f1c6163cc265bfcd2d74,47508,0.0,0.0,0
R5_aB_m0,0,25,A,COMPLETED,12,90,12,0,78,e6945b1aa938abdcfe0bc0ae7dc59810a46907167f7a6b012edbbed993c5ea77,1d1a7344f8cd5f2d61884ac52dfb07044df759a5434d8cf7145edb4325dff99b,45498,0.0,0.0,0
R5_aB_m0,0,25,B,COMPLETED,12,90,12,0,78,8954fa9f8951c9100c994b9a1bae3509786711f3276b0a91b96a6f7ba7f0a504,762fffc1091391976f34207eb19b0392f911a4c6e81e3cfa206343acd1a1a597,46249,0.0,0.0,0
R5_aB_m0,0,25,C,COMPLETED,12,90,12,0,78,451ca585ac738f97bb32277b6b51f4fbe8c853227115097fcb44b537c5af9f71,10cf336ae697f7cc47848cc014ae2dbe53f93b2f3a60eaa146da382b36130f95,47023,0.0,0.0,0
R5_aB_m0,0,25,D,COMPLETED,12,90,12,0,78,147b75dafc2ce74d1c8a0a3f5ec4a5b21dc2b778bfdb797951436483af86b13b,a351e41c5c3e3839dcad03d8d6d256fd6079060074ed284f295306ebb2f3304d,46954,0.0,0.0,0
R5_aB_m0,0,25,E,COMPLETED,12,90,12,0,78,582d1de5af13c68fc64df0166b9d2315f1867e6e39d66265a75dff0a9d8adc0f,31e910c6c5ece76b6cd810f50549dd179e90382c055d373648d511b2bb52e5f3,47537,0.0,0.0,0
R5_aB_m0,0,26,A,COMPLETED,12,90,12,0,78,576a84422ba993b50ffda91ad3265d3dec9912d8fc3dd7c051f1488ddd38eab0,2dca14a1aef5f0b8a429bf139e3b16565327e60945dae409c32e29ade97e9de6,45470,0.0,0.0,0
R5_aB_m0,0,26,B,COMPLETED,12,90,12,0,78,fe46a9dec1c396e0fa7053379c8ab5ed41d13159380da568b7d4551326780719,6985fdf1abc89a35de10bcbf8aad1ef18c15a04ee7897e206a581f0ee4ac20dc,46396,0.0,0.0,0
R5_aB_m0,0,26,C,COMPLETED,12,90,12,0,78,52cd21a1aa64a879f9837c8c842791ccc94da177ef80aefc944ef13fab509346,113a17cd4083a6707aa13d3eb6dacdda6c19dd7f4755a85b441fa92128fc7802,47062,0.0,0.0,0
R5_aB_m0,0,26,D,COMPLETED,12,90,12,0,78,4805919b663af7ce5be0f88a51bb436a6e38066fb39ab108a43cbc9b7ef26c2f,9aa849de57da21d0f81cf710234da9c1be84ee15326b0f1483b5da0a86021c6c,46958,0.0,0.0,0
R5_aB_m0,0,26,E,COMPLETED,12,90,12,0,78,4d603bbc68ba7fae10aab9adbac53eaef7977cd13d619ddc8d67092ae6fb68ba,c466fabbfa85a94c6b463b7f4b9c00273528f0928fc6efe12816b469e609cde6,47608,0.0,0.0,0
R5_aB_m0,0,27,A,COMPLETED,12,90,12,0,78,9e580753b16bdbf7fb6632156d416a914d833317411cdecda2963e078df0cd14,6febbbba7bf1b100fb758b80d1969ad5e2e68402994c68b711a4b73474d46f7d,45543,0.0,0.0,0
R5_aB_m0,0,27,B,COMPLETED,12,90,12,0,78,c9fe9522ad1dbcc1de1e82a45a8493776afb8bb777fe6f78f77f85bb52983745,860be3daa510cd0c33705440c9f0e5f4270269e0d55004f02b3287eef2515992,46351,0.0,0.0,0
R5_aB_m0,0,27,C,COMPLETED,12,90,12,0,78,0ff466fa93834fe7ea5e1dc3e8ecf919c66f622f27d702ade348d67af623595f,68767399f9b1f83c2623235ccb73a1016d01b4e0ed424130b423a242b3d2599d,47019,0.0,0.0,0
R5_aB_m0,0,27,D,COMPLETED,12,90,12,0,78,034e40a2f5d30013997fcbf05bd5bc50ebe5b01683837c1f10a7f0b02d4cc441,b180667b273a72c460a4933986a5e88d50111805223c381e15b62cc8da8c23f6,46985,0.0,0.0,0
R5_aB_m0,0,27,E,COMPLETED,12,90,12,0,78,783025858e65ea390f17e63f4a3048130d4890d4ce458fe2e1393ca93e969e12,b3bf10a6840e6f2344185fe7cdb25f1ad976f8eb2c316183e8582322212d8078,47481,0.0,0.0,0
R5_aB_m0,0,28,A,COMPLETED,12,90,12,0,78,c8b69292ecb771bc7d501a9bab46a7c3a46fc421d7835c68a5efd03c44ded2b5,5152a1739f71ce653915531b833d3e5b77a5e71d499e938cd90d27be017108c3,45418,0.0,0.0,0
R5_aB_m0,0,28,B,COMPLETED,12,90,12,0,78,ce7eca9633f27a3e6a7a4c39599be5e29e738a52f06e4c7172af2239c88f72e4,add52902a0125a8d8a56df86728430a358e038cfbc2b3f0c11f942bd690a5602,46330,0.0,0.0,0
R5_aB_m0,0,28,C,COMPLETED,12,90,12,0,78,0821b165839ea05e125ab1271f04aaca39d771e416a7d685706a35d2a55276cf,ef5df7d24f08b72e190971d672c795ff873baad9db8bf48af2e0dfbac74841a6,47038,0.0,0.0,0
R5_aB_m0,0,28,D,COMPLETED,12,90,12,0,78,80642244da6a50556bb7842f3d8e0f96b0bdd55306b0fdd5eeafdcf27562726d,8d3d5082cb48bc36c0022506cbbfba0160bbbf07bbcc05873aa9aeb395cfec2c,46919,0.0,0.0,0
R5_aB_m0,0,28,E,COMPLETED,12,90,12,0,78,a1b20710d3e6a4687b71aa70a472ffbcdf1c12296b5c0875bdd08eeb84bf80fb,37f9ba7b449da45c1caeaf1fe93a4787c7a725e38d4c6d3477b478fcc54f2235,47538,0.0,0.0,0
R5_aB_m0,0,29,A,COMPLETED,12,90,12,0,78,de658896cd0a867b49aa9aea05bd7512605ccb5405eb04cd30577bbc820ccff4,ccb89e860edd014a92b092790a807f14bc16e12c4d86baf98461f73dbb6d216d,45467,0.0,0.0,0
R5_aB_m0,0,29,B,COMPLETED,12,90,12,0,78,66ec76695894724e29d7cdcd4dfc2abb5f310be1e5ced59c54fc04cca18af3f2,87f1fc8cfecfc9f6cb5264f98b8836dbba369a061821d9d970e1e0ffae36f72c,46389,0.0,0.0,0
R5_aB_m0,0,29,C,COMPLETED,12,90,12,0,78,3a0f2572af0c6eeb9ea8135ce0409ee978a6605de076fe1e435bf87c49ae92d9,fce0049147b39feb9369781e6b503eaaa84666bcbfc7d16b0278eb7a689b1d03,46965,0.0,0.0,0
R5_aB_m0,0,29,D,COMPLETED,12,90,12,0,78,38f92048ff07237f7b097089608c83fe169be56f038c5c7097b9b0e7bc75f9bf,cbbc0e7df42385fa150e5e39e0b9c1e2019d20e2182c8aedbcfa26d5a00a68ec,46994,0.0,0.0,0
R5_aB_m0,0,29,E,COMPLETED,12,90,12,0,78,3922c3ea1a6b30d799a4f190d2a41bd912ea65f1efc3142ce743a6dab5410db0,d4f102dba337e1f29f76380ef5b8ae32a778ee2fc946ddd7b4fda7c6ffc7c8d4,47562,0.0,0.0,0
R5_aB_m0,0,30,A,COMPLETED,12,90,12,0,78,22d1841f06d1fdcc33e413de915801a584362b95d0c4b9f3f7d04ca6b508dce7,c51a0f6d3cfb747383172d57ce65c1c724f193e9d673034b82c36b99d6ff5a29,45531,0.0,0.0,0
R5_aB_m0,0,30,B,COMPLETED,12,90,12,0,78,a6f7214070ca45f111467c961f38da2886204054e783eb9fed6c8d78d8c96a02,ce53548058c0e38e38c35ec1586b7cf438b17b0102aac1e3347f7c659176e7f2,46325,0.0,0.0,0
R5_aB_m0,0,30,C,COMPLETED,12,90,12,0,78,93feba8bf6ffce6c5b53bf946dedd44c1e562402b3196e9e608df68fbc9d44cf,0d754744b081c4e6c1c54f8b3c0f3c0f5781ccba5b952cd6cb2fd202461740bb,46950,0.0,0.0,0
R5_aB_m0,0,30,D,COMPLETED,12,90,12,0,78,a40f49d82cd6e683a33f9f8fdaf76f0d9fb9787f9d371214e4505600dd336a59,74eb8f7822a4ccec0b5ef7ea5448d7fe9f836fa2a67ecd3931f1331973cb24bc,46945,0.0,0.0,0
R5_aB_m0,0,30,E,COMPLETED,12,90,12,0,78,b910ef6b8ad1a15da6f320a8967ce3682fb9a0e60d8025cc51ef48cf442664fd,17788b2c1e1c9b705d1b74400129715573a91324b953eb4f646d6b1ef6a22489,47595,0.0,0.0,0
R5_aB_m0,0,31,A,COMPLETED,12,90,12,0,78,6de6fca0d4197414e3808b0451c7d67ec26e20d277312c327a648545c74218b5,928693280a2fb30452dce882a43b2a7648d2503e1089e949deeffb4b4390435a,45497,0.0,0.0,0
R5_aB_m0,0,31,B,COMPLETED,12,90,12,0,78,6cdc3c421542082c3a3e1bbf881a9ee2e17492386d5166b62be2d268c95219e7,e0cb95aae39edcae0320217581318c5e1dcf997350845aa6c87dbc8f36a22216,46308,0.0,0.0,0
R5_aB_m0,0,31,C,COMPLETED,12,90,12,0,78,a2b39ea1f5a6cea6ee442ce4daaba33a8fb9ed0228e204d7cd68092d43105d17,93bec7e9402750afba3c422a1882a91e9bb98df4a0a577559e776be5b07dab35,47032,0.0,0.0,0
R5_aB_m0,0,31,D,COMPLETED,12,90,12,0,78,51ce052a7e397f01ce238d15c524ecd4eb059994da9bd5d6e489b3711d64c392,1e38f8b17e81295f6549039cd5c0a22148e833b01763a1b9a1994cb079745fdb,46952,0.0,0.0,0
R5_aB_m0,0,31,E,COMPLETED,12,90,12,0,78,95fa91180b202483f065351b991fdf6a7d51a82c181c2a3579ed9eee5cc5c5d8,e36ecf5210b83acfc4e1f55df42fb73a825eeee8d16814a6eb3df3ff7d2fc721,47567,0.0,0.0,0
R5_aB_m0,0,32,A,COMPLETED,12,90,12,0,78,a471586a1066c6d5b55823fee2d00999e4b6b50926583fa18c1a83242c72308e,6418472127eb2902f03af27ca40a0d7248c41ebcc4ba21b9c23b629b08a1659b,45489,0.0,0.0,0
R5_aB_m0,0,32,B,COMPLETED,12,90,12,0,78,0615b1344488a2c2c4f79e844729e88898eeac79eb9ede0dbf14bfd6fe37a035,6e3c306e82d450a83b3ee568d4779bcc2b8537fafd5919d8cf86709a58277a70,46364,0.0,0.0,0
R5_aB_m0,0,32,C,COMPLETED,12,90,12,0,78,14fbc84774ebaff8779bc2fd1da092dd3c2f570f0b9d2ff0582d3bf9d0cddbdc,d26fb272f8fb8a4a582f22f7522977af398795645112ca909bf483b78e06e1ba,46996,0.0,0.0,0
R5_aB_m0,0,32,D,COMPLETED,12,90,12,0,78,67bdf5000c63832541a37f293d8acc59d218c106b2315f351f7d0ec8fd4e0d14,8a3fc97533b175897ee97bb87ff84282419599af794309563f724ade137cb06e,46987,0.0,0.0,0
R5_aB_m0,0,32,E,COMPLETED,12,90,12,0,78,522d2fd4a90e9c59d7b423536322c70f7007ece9161b8a3a54327a2d30c5c7be,ac2b12a9b62ad53f3c59ac763f294fb05bab3a1bf1f276921ff8e4b2671ccd76,47502,0.0,0.0,0
R5_aB_m0,0,33,A,COMPLETED,12,90,12,0,78,31991eac16b735d350ed9c9f68b42cdb3944ddd3d7be17e624c02386c8f05309,6ff603620b8a02aeca872be6d4de0175cd85b28599735403673f2cb6b2edad74,45502,0.0,0.0,0
R5_aB_m0,0,33,B,COMPLETED,12,90,12,0,78,7335a11a38b499944d337f871fd724b162e9a148e8578e78a9a7ff5961ad00f8,02fe668c2c011a2dc295d0244d8e866fdb1e82a09323d465eeac4f41d42950dc,46309,0.0,0.0,0
R5_aB_m0,0,33,C,COMPLETED,12,90,12,0,78,383ccec4a194f23acd42c7f56de171cbc0e9a49f64bb3d12505f095d8ac50646,c7cae439393449fe1c5966c92c031e5956761062e84c7444d59f48921ccbba9a,47001,0.0,0.0,0
R5_aB_m0,0,33,D,COMPLETED,12,90,12,0,78,d85777cb68c6b28c6b39f7074d6a7ddc20912b9e26e5452b67bf3d200152b68a,0b581fbc933e586250f436e910eddd6ded5cea6bde42b05ccb2bba84dedbe734,47035,0.0,0.0,0
R5_aB_m0,0,33,E,COMPLETED,12,90,12,0,78,7de46cc4107464d98bca579c8233717ee078704bf772c76dee63ad3115741e43,868ceba9afe6d0569637d68e2a1cdf4bdd5e06c6a4949c2bb2a8fa179e468ce0,47597,0.0,0.0,0
R5_aB_m0,0,34,A,COMPLETED,12,90,12,0,78,f0a5b68386319e6131ab45c2b5e0ad54a682717e49fd9dccb9d4c1556730d00f,c56553b71dce4a9b187bf5a73e1a51de749b24ff0e155ff88f6f44209a0fccad,45516,0.0,0.0,0
R5_aB_m0,0,34,B,COMPLETED,12,90,12,0,78,a7cc4133c5f976f178d34e663724bc687a4193bc0ee740389f0e567176318a47,57f938b1961efa68761bbb4a88a9fe2bcf57f1328603bf33234923655cc44b95,46286,0.0,0.0,0
R5_aB_m0,0,34,C,COMPLETED,12,90,12,0,78,45aec573f7e750124f8f900334464ad5b35868ec484cef899aaf18b1a58f67a6,ef3e024fa46aa6fa52f3ad4bdca87d8e4964e465c01cf54c9099b071f726a195,47000,0.0,0.0,0
R5_aB_m0,0,34,D,COMPLETED,12,90,12,0,78,d0a67601f8c757efebab680a3db3b606123e22780c32e161dbf7bacd4ef4db6b,3deab205c1c0a12f14ab75264859cf46bbf0c9f257ed19400e6fa0cd780065fa,46927,0.0,0.0,0
R5_aB_m0,0,34,E,COMPLETED,12,90,12,0,78,ca4451653ac152892db1b3086ad692f4a16d89a454a3bbd00a7c6fa2ffbbf231,8857ea838ee2b3f76bacec0b00a938da2abd3f14a812ce354e4483d4b57e395e,47468,0.0,0.0,0
R5_aB_m0,0,35,A,COMPLETED,12,90,12,0,78,9a60714777f9ac0e41c260076b7a0fc9f69a370fd2c7ff880b6f5bff5349cb68,b60331442ece18a8907529a23d40966cc4f5def4abff58490ed6e6c401e896d3,45563,0.0,0.0,0
R5_aB_m0,0,35,B,COMPLETED,12,90,12,0,78,f05d11eda410ace18a7f367e0c2f6d2a559e0a0788c4f621ff074eda09cd5026,823a99ab90174afb9033b82b2f6b50ef33d148b4907b5ee7fdfdce0fe4062f87,46335,0.0,0.0,0
R5_aB_m0,0,35,C,COMPLETED,12,90,12,0,78,698a01cad2e39980fc88ca7152d42ab6870f60c343d3e4996dab3a2487b9d6ef,f2a165c7a1ed5dbc27acec7056197c710c6f166411c60a2596cb48c79de5ec43,47008,0.0,0.0,0
R5_aB_m0,0,35,D,COMPLETED,12,90,12,0,78,41c08b8850df74d5bf887272d3165ac78f0df3df0cad41fb81488d3455d592c6,4c4107a793c77327f0781c6ed31f70611724347c050bc474dae80383be29e7c5,46998,0.0,0.0,0
R5_aB_m0,0,35,E,COMPLETED,12,90,12,0,78,9958efe5087f6c11c5adf2ae52e9f5cfa95b1330d4f89d83882f6f17ae411ddf,60aabfd83d8a30bc8b0f95e79506981ed8a53643fffae530dea8d7c6b9469a27,47462,0.0,0.0,0
R5_aB_m0,0,36,A,COMPLETED,12,90,12,0,78,abb4da097b5f5f133fd2cc4b39863434ac535a952dc62603e8e2a0fb81afa6d1,eb667575947038a513afda8dec1bb6bea07b161f9a2f51af94146440e070a290,45521,0.0,0.0,0
R5_aB_m0,0,36,B,COMPLETED,12,90,12,0,78,16b2f4fb9252e2018476eba85550cac7737c1de8234d750c7882ee23374acd60,e9e2e5dafcb521c9bdb8d17370c32a95676c86e6936512cf946d9365c19a8e73,46284,0.0,0.0,0
R5_aB_m0,0,36,C,COMPLETED,12,90,12,0,78,11270cba902de3ffd1b0e8b7f1e1a0ca2c7cd8885b6dd8688de505226c763370,aa278b5ba0a887c9bce1bf029a270bb2b9207777cdbef48d7e14b5c0d7668313,47014,0.0,0.0,0
R5_aB_m0,0,36,D,COMPLETED,12,90,12,0,78,a15fbf2095a547d183f1520c148107077f1466240cde9d359f6ba08699f5bb94,dbd5a1f93fffc952ea6714ff75421009da3714e7dd968c6943e90080676ca32f,46849,0.0,0.0,0
R5_aB_m0,0,36,E,COMPLETED,12,90,12,0,78,ca4ba8449fb8ad80396763031391d599e3bc1ec217a494936e36dacf272d2b7c,ab47fd5dc4df259bbe1da6a742772899955b404301b8bf9efabab52b437467eb,47486,0.0,0.0,0
R5_aB_m0,0,37,A,COMPLETED,12,90,12,0,78,3c271002eea02af6207b9970e8a8a26e3cce4adb13e6664bcceb7087604d9dca,3c32dfe9c6013adcf39d1e79909e79e0ac6fab12dc44a9f0710f2e5031289b70,45552,0.0,0.0,0
R5_aB_m0,0,37,B,COMPLETED,12,90,12,0,78,715a1e04ece7d664afd80bb7712394370f5a0698f9c34da26cfc043b3a70450d,14d5b08d9814f7664c12632585f1b2baf2ab507c7ab1c22941960fc9e74c4535,46341,0.0,0.0,0
R5_aB_m0,0,37,C,COMPLETED,12,90,12,0,78,d5d2f7e521847d2d0e6887714925917e5e981b878a9e64f8850efe24a3acd894,cd7262b31492513257009fba3a514ac2c7f5119407e68a7c96a1024fc9a4e951,46980,0.0,0.0,0
R5_aB_m0,0,37,D,COMPLETED,12,90,12,0,78,c4e38c27562ea3e53f641f887d2b81b4bf72e0ea17c1ced4e4d36cf17e3a065b,3d21b4d15dae708dbdc415599bd637da8d1d18de4c1609b5f0dd1097aea77c3e,46902,0.0,0.0,0
R5_aB_m0,0,37,E,COMPLETED,12,90,12,0,78,2b4722c7b28389fa59d0095720a1dea234f8e124ac047d44e63966774f3c6eaa,27b143a4bd4d49cb1e2c495158befc271c3ed443a1fed00bba741f0cbfc9f847,47572,0.0,0.0,0
R5_aB_m0,0,38,A,COMPLETED,12,90,12,0,78,c0e0b9b40eea1e8e673f2d7c4a64eb7d01e682ba76d0e586bdc9988f90e0df56,84615b7431e65031c42d5644431f54c62feea011fb01535f63680497aed7bad0,45457,0.0,0.0,0
R5_aB_m0,0,38,B,COMPLETED,12,90,12,0,78,dd0cde520c6c6c9e9fdf25853c1b0a20aa148765b1be4419dc346ad2d7e3822a,f1416ddfe3ccc23fe47717fc3163717168c347f462b7858d7098be8092e14656,46386,0.0,0.0,0
R5_aB_m0,0,38,C,COMPLETED,12,90,12,0,78,860e9ee4f516460d17305952237ec808bc17101d67a8a526a3a6cf420aba6c78,d2f9dd17f803236d21294147dba4fb30e99e833fe6aefa4fcfecec12a600ca6b,47050,0.0,0.0,0
R5_aB_m0,0,38,D,COMPLETED,12,90,12,0,78,6b544430949b930fc5982cda566c9ef59793cb68861a3cc129f769bfcc0940d6,d10b04f6d6a6c4018a1e423356b957fae371aa3c2e56e3fea31dc470e21a921a,46954,0.0,0.0,0
R5_aB_m0,0,38,E,COMPLETED,12,90,12,0,78,24d913bb81ced1e7264fc546257bdc7b79348dffa38ba0148106e297d10384b0,ba6d925e480d8ab1c86951d2bbda583c5b0b8531039d1597c8012cd2658dcfdf,47554,0.0,0.0,0
R5_aB_m0,0,39,A,COMPLETED,12,90,12,0,78,09ea7da485a85159f43a503987061109595e5b01bc202c72e7930e6f0c890174,fd40259facbc0871e3cad4e7aba0dfd68323c390dd2cf52fabba8665dc5c8da6,45440,0.0,0.0,0
R5_aB_m0,0,39,B,COMPLETED,12,90,12,0,78,88781c3461d23dc268e379c564c680de7f5042e6be9da4fb9cdaabb90854d7c5,37d297e55997654abee6762cb5037dc521288cadeb3a0a7a1f2c5506d427c993,46416,0.0,0.0,0
R5_aB_m0,0,39,C,COMPLETED,12,90,12,0,78,7978dc59cf1d26bd345edcded6baa2c60d33890f838bb0db35e6ea0fcf7ef42b,795888f82b66ad75aa8d8010b6b85e5da83450c59e40908c5b4893ad30516053,46986,0.0,0.0,0
R5_aB_m0,0,39,D,COMPLETED,12,90,12,0,78,85fdb4cfc20397081c5ec459b532b8ff628a24473f16e77925e3b3e7dd7f714d,05af41fb4c674d8f0445a3e6f2ffec2470fa6deb979c4262c6af8f04331eb304,46943,0.0,0.0,0
R5_aB_m0,0,39,E,COMPLETED,12,90,12,0,78,d84f5c49bce061e19b9a87e333eab5c1e51614d5ff43d6a4d833492f80d423aa,c08fe5ae33f0024bc776ec1cb4deb604eca6e5e7003a21017ce707f7a2cae002,47505,0.0,0.0,0
R5_aB_m0,0,40,A,COMPLETED,12,90,12,0,78,b440220b953771059d5a1876b28508606b478835b22d9eb401823007090cbe9f,6097ff5063aceea75798dff8343f58a1308c1630fa03c0288efa0fafed354886,45515,0.0,0.0,0
R5_aB_m0,0,40,B,COMPLETED,12,90,12,0,78,7f174c9bfd883786947bc0956eb407a5ee5bf1dcbc57183eeecd1004e2f78475,0b8e090a0eaffc1314624f865b3035bb9a90c2746ef732518b2553239c00f769,46305,0.0,0.0,0
R5_aB_m0,0,40,C,COMPLETED,12,90,12,0,78,03cd26e55d75fb53098fc9d4575a3f10b0fe504b69dd73cfe9494c08b52116f3,bce5622c30223d77a04f4464c15d49edd54b85f02a150a76acf57710a60d5965,47054,0.0,0.0,0
R5_aB_m0,0,40,D,COMPLETED,12,90,12,0,78,892b4b4b4d8c93526c3df19fb88faa1b5307796b5eef8387ba50be7137b72b4a,f43ffb002267f6c009d66065ced87b1b3076dac8d7dfe79155d1c0c2e1c4e0a7,46993,0.0,0.0,0
R5_aB_m0,0,40,E,COMPLETED,12,90,12,0,78,7af30e45d8b2e2c96b33665f590cf37271932355a444b8c63e99e93133fd90cf,be1b83c5a5eca04f0026c1bfa2fbe96ef96329e2e8449438be6553bfc024f709,47521,0.0,0.0,0
R5_aB_m0,0,41,A,COMPLETED,12,90,12,0,78,1fd4b983dc83e40273a14ea0a739e5042f61788fba464c6352e30da131b3dcd8,ec23e880820b4cedc09cbd03e388387db20b67d2681b1112a0d5f517689a100e,45570,0.0,0.0,0
R5_aB_m0,0,41,B,COMPLETED,12,90,12,0,78,809cb4a9fa2b9fa1594060b7a4470c871709abd9571a9f578b7f002a713d0033,c6d4e714361cff5169aeff9833576e466c8c2d99bb780e853362b1c2bb0ddb6e,46371,0.0,0.0,0
R5_aB_m0,0,41,C,COMPLETED,12,90,12,0,78,7a325965f6a1933ec154ecf82c572b035ccbe4d4e7ec81ae9a9069ba71c206eb,1c1d7e06f1b24143c1be279409c2f6885e36e5396be46636f3843f1c70607fee,46999,0.0,0.0,0
R5_aB_m0,0,41,D,COMPLETED,12,90,12,0,78,f93135f2157342cfea19d39daa4a039b23631f35b8807507b2c2a55d68f87e49,af376301b3d4e06175dd78494b49fbf6a30002cabbda4840035193ed2b1bbaa7,47007,0.0,0.0,0
R5_aB_m0,0,41,E,COMPLETED,12,90,12,0,78,20e7496ca935612951c6ff13345e12158da8a21f91c4772a0908ce75461f4def,ac5ebe37bbbfaaf7b70aaefeae4bc268d5d774a79941113f0558ce7ca7022f89,47554,0.0,0.0,0
R5_aB_m0,0,42,A,COMPLETED,12,90,12,0,78,5dfcc42d6537cc25b2b7fddff86489bf4a3dddbc90cfbe418d457bacacfd4677,8e1e957591f8e381b2ab8e9494aef96eefea3c68f337cb076b4c4575741b0a21,45544,0.0,0.0,0
R5_aB_m0,0,42,B,COMPLETED,12,90,12,0,78,1a7b7079e210b696cc5ccda549fabb44126eb965e60ec182efc1ae74f94c4bfc,df398afda3905dd4a1caf0392e4bb4f70d853b6b6f5371498181b3ca231aa76e,46255,0.0,0.0,0
R5_aB_m0,0,42,C,COMPLETED,12,90,12,0,78,50ed5dca141dca466b82c7cf63267ee61628a941420e8eeb5fa1001b78a43ec8,323b5b321df421e83743b4e3b29e013cf66d4f786ee55ab99d4e3b673b8cc595,47026,0.0,0.0,0
R5_aB_m0,0,42,D,COMPLETED,12,90,12,0,78,ac19bae2221c2b0c1b48a5d3ab456a20788e18368df3b302e5fd91b69c3c64c0,158c3c3de1eb420c12d780ea4743f5a787203c814de5e912f91dd3445d456238,46967,0.0,0.0,0
R5_aB_m0,0,42,E,COMPLETED,12,90,12,0,78,167513d3fc322bc8ccad9840f3a3e327c2bb1920f5580ebc5bc78caeabc4a4d7,c80081dcd5a6a6f54412322398718e6f9a4ab92ae93d898cfb5507871da12ab5,47560,0.0,0.0,0
R5_aB_m0,0,43,A,COMPLETED,12,90,12,0,78,a6838800e387eac6f7471090bf4e9a6afcb88c9e14a117ba40957e3a628c87db,229ad7103eadcce1a4675645b97461f68c9d5335292d7888c8991b8bf675ec97,45386,0.0,0.0,0
R5_aB_m0,0,43,B,COMPLETED,12,90,12,0,78,6a8f218e8893b7fb663b830e9bdd4e1bf6a21c2cb31c2c68d5de2ba5bc701778,e676354bbec89be56cd184036acd8b03f94816ddbe5de06776ce144f51f5e314,46327,0.0,0.0,0
R5_aB_m0,0,43,C,COMPLETED,12,90,12,0,78,5f11a4ad0c2f4e0aba6434afe57ea760b3dfe93ed9c50dcb395a75ec967c3710,c57efbc1aaba6b7940fe0aa96e8eda67f205c571198258ac27f64330f62e311b,46978,0.0,0.0,0
R5_aB_m0,0,43,D,COMPLETED,12,90,12,0,78,2459bd63217e8a5dfcbf9081ce5ec8dbd6e3ab59aac1edf88a2dc0d289634d56,9020216d1b379f75877d5c80f9c7fbfaa078a9ed45ff10d522adc736251e4311,46953,0.0,0.0,0
R5_aB_m0,0,43,E,COMPLETED,12,90,12,0,78,ebc3604284e28ff3eabe932a514265fe7d74e38f5eabdbb7585e9b6ca6fb29b7,2095a3e3fa20e0c08d0954446a282ea09698fbc094937ffeea3eb85ec0723187,47512,0.0,0.0,0
R5_aB_m0,0,44,A,COMPLETED,12,90,12,0,78,01787ec91952765417cca79e9b805fc70c723a851c9ffd598355f781f784e9df,cad34b5ce8888ff7d41fb09b003ed8597d28f07abcf7d09d6982d3df429b4023,45473,0.0,0.0,0
R5_aB_m0,0,44,B,COMPLETED,12,90,12,0,78,3887f0bfdcbd8183ae2e24931a1b1e4a06da593f1db5ec9f7d5a40009249ab69,babaef7431fa554df60d205e5dd4efd304a4c5f0849d17e293fc6d58e4b9d911,46253,0.0,0.0,0
R5_aB_m0,0,44,C,COMPLETED,12,90,12,0,78,7b3a877d34d1df4fe19af4675a1214d1b9cb5e23698f02f296f3b3e4d730d037,3c067288bd83ef261c040bb8f7bfbca6e4a4b31d32a869e5c17d22d9db00fe07,46998,0.0,0.0,0
R5_aB_m0,0,44,D,COMPLETED,12,90,12,0,78,672f1c861121b9fde3ebbcee527cf2be5503272f9b7597f661212412aad5ba04,0f6fcd045453e77357d4f6e59b1f77c01488d8c03d060374edee5ffedbd81023,46966,0.0,0.0,0
R5_aB_m0,0,44,E,COMPLETED,12,90,12,0,78,4fdccd9192776386933f66a109108d9d735f768f94838a81adb37c426715e010,fab42fc942df414a78fb7f8414be236dcbc5c691aabdb605757d6b504c4f633a,47564,0.0,0.0,0
R5_aB_m0,0,45,A,COMPLETED,12,90,12,0,78,a23e45cb00d0e79e7738564790c1503eeab6f095bdca77295457c10328a02266,1ab38893af9038313aa5d58ae94cdbd8d9a2d955f2cbeccc3ebb9328fdc72af4,45510,0.0,0.0,0
R5_aB_m0,0,45,B,COMPLETED,12,90,12,0,78,6537209effd61c43afe1f6231629b1879a6f508a487720a3fdb8ee49095e84ba,ff80ddd40a676fc2f4ce95e948e59a3a524d8b208a88732d344c121569e0d144,46355,0.0,0.0,0
R5_aB_m0,0,45,C,COMPLETED,12,90,12,0,78,9b521a40f353865e195e5f0d14851c4642a57720bc6e69bdf0a4755ccbfd327c,082b2f0cf3a7a96c5f36a2b093e72fe3b60aa0b9d63e286ef237dcfa9aae784d,47009,0.0,0.0,0
R5_aB_m0,0,45,D,COMPLETED,12,90,12,0,78,8028878273b19cc2cac5cdaae7bfbdaf1eb5dbb80a24099fa5ad06d73eb533f4,d5c31b8b9288ed12d17114c25e5af009c96bcd63e70e6e7a96be1bac47ff6964,46864,0.0,0.0,0
R5_aB_m0,0,45,E,COMPLETED,12,90,12,0,78,73d002891af140e204663dad2c7cd19bb3f84846c2d611e642edc0e0e34f6b6d,f780fea9087e4890161b32eb1f5b8f0d4aa62038a7a068d8d047e415151c6a4e,47574,0.0,0.0,0
R5_aB_m0,0,46,A,COMPLETED,12,90,12,0,78,ecf82cf2b80dfdd5cd19153b0eeb5c9d9f150dafc9dcc72cc38edc01d842e9fb,372e163285db722fb122f898e3302648c6c38133ed3725343816eedf0a5fd390,45574,0.0,0.0,0
R5_aB_m0,0,46,B,COMPLETED,12,90,12,0,78,4ef6aaf2a13e3c3770c4d3a9d53d97c50e8b0917fc13168148c1cb37613d714c,b4e901de3693a1372ac575a2ca03d01b6b7485b705ab698f1995b6ad10963301,46370,0.0,0.0,0
R5_aB_m0,0,46,C,COMPLETED,12,90,12,0,78,c296fcd8541e7ddfd279e3ad21a1d407cd4978ab5f23835e9f8bca6977cf47b7,ad442887ba1f000f94a47a67ea730699f48c9185500b530b223638c0b2cefd05,47015,0.0,0.0,0
R5_aB_m0,0,46,D,COMPLETED,12,90,12,0,78,084816ff3924a901f47e2a8fde7e7da76281b33224e7e1da8752cb065a143878,3fdc05ffd973a9586f0ab6a77281e2280e1fc6a8f1147769f60eb0279b9a00b3,47110,0.0,0.0,0
R5_aB_m0,0,46,E,COMPLETED,12,90,12,0,78,b0c58c4163b762b88fcd197e464340e0f0e3436baee8980410912fe3b5d352a5,38cb53a05cadd2825de3cf531b322c4c0bf60c66c0b888bccce5a83559b58b98,47602,0.0,0.0,0
R5_aB_m0,0,47,A,COMPLETED,12,90,12,0,78,74a7b4c325987447ee889ff7dbf0049d16024d2b84ee422926f64731b6fcf83b,5ad668817c003e8a90229be03119cf6b554921233a79e349bef648b31cb019b0,45537,0.0,0.0,0
R5_aB_m0,0,47,B,COMPLETED,12,90,12,0,78,152dbb85c798d1f7515cc57f2820f21835e602772262cb146e48ceffaf3bd374,d4d03d7a750c9156cf255fb9133582fc270508c7cdbd2928d92f06f309b7dc61,46370,0.0,0.0,0
R5_aB_m0,0,47,C,COMPLETED,12,90,12,0,78,febc768760dc43f89bc8e214d50e5db63d4a7498362908e9a6d245d4b765edca,d73cbfd250c33f2b6666d192a73ef8bbd723bbe0beb00523fdf2218e9a339deb,46984,0.0,0.0,0
R5_aB_m0,0,47,D,COMPLETED,12,90,12,0,78,01c56584bf69a5846451df0b125b9a281cbbb22f8fb9c586959214584c42b389,854cca2c6dd53f3aaffc9d2b084fe1938655b2b75831c980a7c5354b83d2be2d,46980,0.0,0.0,0
R5_aB_m0,0,47,E,COMPLETED,12,90,12,0,78,4d536b019f8ecb1e121320c320b60b2f8a518ea8c928d89a1beb5b461d52807c,b81a4923d4f4325eaf9f464d1b642834285da675c3f79fc80e44322ffe7df877,47518,0.0,0.0,0
R5_aB_m0,0,48,A,COMPLETED,12,90,12,0,78,b07004a9127715d841652003a4402df4fdf123388c587372d666cd31923d94c1,131d58e3a822b0a99c32cc55153a66dc73f6ae6bc77bde1f8dd67a7e31eee3cf,45482,0.0,0.0,0
R5_aB_m0,0,48,B,COMPLETED,12,90,12,0,78,5a49204dafff9f8e867a897d31f09345753729f49f0c36b0acef78e4f3a67d1a,777b4c1000670833ba7ca7690c46bd628fae14b5ed6d69af576ceb3339c6781d,46382,0.0,0.0,0
R5_aB_m0,0,48,C,COMPLETED,12,90,12,0,78,3f89fee0fb00b710f565b5cc4fedc8f774ee031ea58676448d0c344fbe7ad2ce,2a576c62a3e29364fd8a9ed47d86e1ed33f7aa6871d6f344da954637451b4266,47053,0.0,0.0,0
R5_aB_m0,0,48,D,COMPLETED,12,90,12,0,78,75b007e24e30f974f2ec7ab934641ee5472a2ec9571c8da285a1476ed515f1b8,9ddc8abc567f6d9cd39b8f002a318e6140f1128e448e8b24bdac1143b8603fb4,46962,0.0,0.0,0
R5_aB_m0,0,48,E,COMPLETED,12,90,12,0,78,67d1d67a4e1af5085302717f90acc6e2fdea154a46e7ee6515be1deaaecb5b12,57291bdc3954dfb05ba47ebde0d2111c61e9f2429b5e27d5c0a32900f0fb63d4,47486,0.0,0.0,0
R5_aB_m0,0,49,A,COMPLETED,12,90,12,0,78,e63769f5b00dcf1c23ee86fdd6746246749265e357dd1aa8b27e24ed445c2ec7,779f19ecfaf36d061e10beebc73dcdda51b802be06d1c563442ea6161e60a4f7,45447,0.0,0.0,0
R5_aB_m0,0,49,B,COMPLETED,12,90,12,0,78,863f0eac7b05846b7242852d6286d4b7a54df4f95e3fc42af68e360a07c2c2ab,a0b97cd44cb6fb35c4d9e5c95d5fafd0a8d80b48a0ebf88a764f127a87e565cb,46362,0.0,0.0,0
R5_aB_m0,0,49,C,COMPLETED,12,90,12,0,78,da3876f962ac8df4a881f4065ded8f40815aec5731315b04b409888544a7bdd8,60254797b687d1b853a950204df43d26469b5e76522873c74d0acf5e97de3ac8,47006,0.0,0.0,0
R5_aB_m0,0,49,D,COMPLETED,12,90,12,0,78,33a2095d41ca16212d6bb39ae3f90fa764b25599366a9de18fa2424f146872c5,bc433863b913695a7d56c5e04690c2534cc5ba605485fd19756db380daeb5f70,46926,0.0,0.0,0
R5_aB_m0,0,49,E,COMPLETED,12,90,12,0,78,58133bc1ec7fd4f958e7fe477df257b69938876b37f023d87e90fd237f1c88c5,e3f0af56405357fe5e55d15403edeb2bbb0abcccae12c28edb9261e9792aef08,47550,0.0,0.0,0
R5_aB_m0,1,0,A,COMPLETED,12,90,12,0,78,f4c8fc641763b8fddbccb643c1fc0ce7aeb87769579090876fceb997ad80d37d,e567c086785cd689edc2a1709d5b8f08df432cca45463a8b4ea55ba4b409e302,45532,0.0,0.0,0
R5_aB_m0,1,0,B,COMPLETED,12,90,12,0,78,5f9b0dc48520e641fcce3d93fe0e76ebe208f1bfa822b18bfc91acca83c875cb,f0d8435bd19d745772ff6bb68c9b1c7ad9599377c6842ec476d7b482055f4476,46332,0.0,0.0,0
R5_aB_m0,1,0,C,COMPLETED,12,90,12,0,78,f92fd30ff2a3521f8aa477a9de9ca6c303f6b30db96fec2e93efd374a991c037,8460de6f6c278531d7d1b7f387b4769fd689c2989d2a229d55a5e97eff48b534,46961,0.0,0.0,0
R5_aB_m0,1,0,D,COMPLETED,12,90,12,0,78,fe51965415ddef7e7c7c7c716bcf85c5b999b35b6277832ea8c78235ded04d2d,6b1c4ed35ef008e3aeb17f006a39094f0ea517141a6d23d30eb2bcbf456cd06c,46913,0.0,0.0,0
R5_aB_m0,1,0,E,COMPLETED,12,90,12,0,78,1c39bfa9aff98d5ee35a041a0f945bfd4dad6fc4a80057db85026c4165c9695b,eb30845b1610b419c962c2e9392dd27e02cb634e944733c66966e25f5631b5aa,47555,0.0,0.0,0
R5_aB_m0,1,1,A,COMPLETED,12,90,12,0,78,6df7a49629656a837c7c6109c176855812bd523a69870979b7fecaf4ac127ebd,186ab8de09cbc18fd490a4cea8ccae4bc9623312fe642341138def904d614d2c,45527,0.0,0.0,0
R5_aB_m0,1,1,B,COMPLETED,12,90,12,0,78,10d3aab813882c5e2c767456b46f3701e3c3e13694eadfaac4eb7cf3027579fc,f21e10d6cd7df5052cf2c55a4573ef87082c9bd5892e1ea45c38657e7742ebc9,46295,0.0,0.0,0
R5_aB_m0,1,1,C,COMPLETED,12,90,12,0,78,50923b6c54812e280da7db6f5db93ce1477b7d426d64fd38beddf282d2337a5d,a39eab24ce697db9dd7c3df5c82a258e44c67cba3e209dbba26a8ae832bdf1e4,47006,0.0,0.0,0
R5_aB_m0,1,1,D,COMPLETED,12,90,12,0,78,5868fff2fd2c24cc97153136117306a969a37ba96e1a23fc915d37d4f5d12ef1,f58e708b30c9c20c09fb1185c435f37091ad2a16a33b2b1d2e21100e7cfdcb62,47016,0.0,0.0,0
R5_aB_m0,1,1,E,COMPLETED,12,90,12,0,78,5133ac29e0f128649eb7480be582dd491e243708df9271c75a1e59bebd940f01,1e928b17a6f82ea864d768cf0e600c177c0275b236e65f7ab33973a60f676ef0,47553,0.0,0.0,0
R5_aB_m0,1,2,A,COMPLETED,12,90,12,0,78,791df53445043ba53bc205a9efea7f0aa907725cd45676a647dc5e6a29185710,152c48dbd9335066249b26dceb71a19eb89b9e1b8ca208d2ab26d884198f2127,45455,0.0,0.0,0
R5_aB_m0,1,2,B,COMPLETED,12,90,12,0,78,82bcbae248af3664100c9650c6f423880e5d9c544a5d98c348db5cf03ed0f1c1,54050c2e0199451d0c3ac7f44fb94c56ecda425c5909e2c3e349a3b0afcc7f8c,46315,0.0,0.0,0
R5_aB_m0,1,2,C,COMPLETED,12,90,12,0,78,8eb96ec8cbdd318afa8c354451fe8c0a90d924ce88d47ea7f0ee312f4fc5b2d4,1b61c12fa19d990ea3f56b64b6c59038c59bc1bd216292fc236ab400a42396b4,46934,0.0,0.0,0
R5_aB_m0,1,2,D,COMPLETED,12,90,12,0,78,df0ac8e05f8adce6978af34bfd3337f3e932d9f4bd8ac4cf2e52e074be98e561,419228bb1d3dfc33972d72286fcc6b9fb57a68c9abdabc98980f028fc8c2d5fd,46984,0.0,0.0,0
R5_aB_m0,1,2,E,COMPLETED,12,90,12,0,78,607a240548f7bed97efdb515677b84a7400ab8476c4fd0fd0155cfbc107c23f1,abd35f1740cf7a3c6912646f9eb2903d1cd15ed055d9c35716da490f1f6480ec,47523,0.0,0.0,0
R5_aB_m0,1,3,A,COMPLETED,12,90,12,0,78,8efef69323d069be92367afb7d168301af912382e8793ef19e132dbeabdf8286,259f4ca150aee013985eb90359e81a2bbbe067002f5813ad17c428bf38ba9ccd,45531,0.0,0.0,0
R5_aB_m0,1,3,B,COMPLETED,12,90,12,0,78,93416f612b366db4aa5e07d705672c14b71c06bd5a42c61d33f1686dac7917c7,41b58eba2777a38f144fb52d968d00e3a2b5a8780850d4094f04fd3209fc99b7,46344,0.0,0.0,0
R5_aB_m0,1,3,C,COMPLETED,12,90,12,0,78,5dd1ffaca8203227c0a00231b201388f2c81b1f506c9d41d7611e16cf6e2763c,b1c860ea41b7def7286b8126a4d303f74d7cf856ac3c38eec2298cca949200e9,47050,0.0,0.0,0
R5_aB_m0,1,3,D,COMPLETED,12,90,12,0,78,a539ce381ddd316fb7353bd5a63f02c5c638622fc22064e65c90fa0227d2f270,5158630711414a6aa2cbcad77881d18b3cf081d8cf14078a45937e8f6b87546b,46966,0.0,0.0,0
R5_aB_m0,1,3,E,COMPLETED,12,90,12,0,78,0e3436413e95a89922de18d41796515d6549d0dbf8c4c56c42e88823f74ffb86,aba8e725527eb0b0d1217ecb0acd2d4355919206c15090b2dcc26f218eea4688,47556,0.0,0.0,0
R5_aB_m0,1,4,A,COMPLETED,12,90,12,0,78,ca295d1b66675fa950b8cdd7513fe626c6d1067278a103875aefe86fd0735202,136b432067faaacbc9d9c657baf0d1a426620965ee2b52929127d11a3d3d62a4,45457,0.0,0.0,0
R5_aB_m0,1,4,B,COMPLETED,12,90,12,0,78,a9e7d52276519f9448d315cacfb52a93ebb4569fd9feadc8a8583df5dadd3739,9c018d8f0bab62690b2a4cc9e701f37f6e1a45dcebd308ad1673a1e50a278c27,46236,0.0,0.0,0
R5_aB_m0,1,4,C,COMPLETED,12,90,12,0,78,2ad3d4ca21d7c88103101968497ef2c81de9aa4089f1a1ad233abd75905479d8,ce9bb844671f56af9a33b8aa9e6440c64653a8cfb4291df56633bbbfdc0eecc7,47042,0.0,0.0,0
R5_aB_m0,1,4,D,COMPLETED,12,90,12,0,78,a628527d431325e29988aadf1d797838b95556f0b40c8b78824d125b6d6d323c,ac930f36792adae31b717f7c770e56a4e29458e1ed6d6db9e35d265b1ee4d4a7,46962,0.0,0.0,0
R5_aB_m0,1,4,E,COMPLETED,12,90,12,0,78,525f1aa92e38b92a23689ba0462838127ff9ce2e41bb51668a775904efe9d721,a8242ab1b75f533e7de1a93e7a26b8fc5a77947e5b8f91c8293014e79101d2c7,47421,0.0,0.0,0
R5_aB_m0,1,5,A,COMPLETED,12,90,12,0,78,1ea9c47f863cff252682898c0faef39d92f49e5cfd0023f1743288b518ab5afa,705228dac2d8ec3951c4efcf5503f6ada3b40e686da15951b5ce9b98482b324f,45470,0.0,0.0,0
R5_aB_m0,1,5,B,COMPLETED,12,90,12,0,78,10ae7a377dbf4e7f0bd6e0120d8d3e07910c46a51a92adea792624705b148cb5,8fce23705f4343ba30ada3ab1a83c40b1136c6ab8196f73bdd1b136c3cc5c799,46275,0.0,0.0,0
R5_aB_m0,1,5,C,COMPLETED,12,90,12,0,78,de6fb69343007ed22492ab2e573f57355c68560d15915308f42be49366fcfefb,3a75a99e9e00e45bbc8c48249ebc83eb96283c1073fae20825c024f9e57c036e,46992,0.0,0.0,0
R5_aB_m0,1,5,D,COMPLETED,12,90,12,0,78,4caf2d448e0c34abcb8fd639a978b2413bb4432ff3e84daa8dd4bdab01e0b86e,fce5463f7bffe4ac8b9790674ebf040ed4d547c2fc5465f972ef908a484c3a29,46958,0.0,0.0,0
R5_aB_m0,1,5,E,COMPLETED,12,90,12,0,78,0d58ff5d0ac858abb683571640520337225f726e5c7b47297ed5c733b70c0d75,189c2195c8bc19a8f5a457988b2cc31f9732fd59ea1a98e9a09326b77897f836,47568,0.0,0.0,0
R5_aB_m0,1,6,A,COMPLETED,12,90,12,0,78,cd3a42003d10f30dbe13477feadca4490c77491d4075626b557984363062748a,b256b2f1bc5bd26d9bd6a8df14b6058ca1dc855a26e72055f14745df7990dc0c,45509,0.0,0.0,0
R5_aB_m0,1,6,B,COMPLETED,12,90,12,0,78,d2d180316399936c5a2170d9acb74429e163735729b96788afaa947d3db477bb,51284c31a5d23f1cf434390c1c44f0da139143d05cf31507d4f00f45d5d51532,46313,0.0,0.0,0
R5_aB_m0,1,6,C,COMPLETED,12,90,12,0,78,d3eb2f9236603e504c26bf3b1e30552b8c33549499da0a50aac0ad58763fdf57,b31909697ecd6b064ac7acbf51e4196c5dbd412cb801d3cdc75f82ddffc9f83e,47004,0.0,0.0,0
R5_aB_m0,1,6,D,COMPLETED,12,90,12,0,78,d4d34c0ff8e7cc7c0b6a0c4b4b6cbf1a92113e1a03d429a8634ac9b705ead9f4,c1fd6143110cc06c84083751fcf2160d231886cc25dc0ad682a404d7a1938879,46988,0.0,0.0,0
R5_aB_m0,1,6,E,COMPLETED,12,90,12,0,78,f5f2741e20da1cfe52a58a58f7f62a67775f16ad36d0d83363866f587c5a6481,f059afd287238e16d33f116fd4e8930127826593b5032c134fa90a8f62c51035,47597,0.0,0.0,0
R5_aB_m0,1,7,A,COMPLETED,12,90,12,0,78,e2262b24cde08a4ad43cab31f5583f05e5acf3b6ea61a857eda2428851c3bfa3,6e49f6793261d4cc880a6847c21ec367942effea14e4b52789f7e2ce25a08ee3,45537,0.0,0.0,0
R5_aB_m0,1,7,B,COMPLETED,12,90,12,0,78,4346fd2600e74356869526781e0acbd6f28ce692db4ec7fad70a8783ffd1506d,e4730995f23c7678cb025703f5b370f6189d8d4a28d0fc80821399d981006af0,46330,0.0,0.0,0
R5_aB_m0,1,7,C,COMPLETED,12,90,12,0,78,37d8a6b3470943557fd38b94b2bccc37259c18f3244cbbe69573bd2ae9f190b4,461aabbc98c59de16e4c077a7a58c7c910786f7140e5da57a34c67d53274b48f,46965,0.0,0.0,0
R5_aB_m0,1,7,D,COMPLETED,12,90,12,0,78,a38ea3f7282836c92da9c5e4424780039b7d8615fc97f719e65f90d372db5e6f,caff607aaee2b302462ce2ed944b64ca00d2f6397b1268c20c5c06b2083ef443,46986,0.0,0.0,0
R5_aB_m0,1,7,E,COMPLETED,12,90,12,0,78,b221904aa6ecb626109e61705e4478388213279b6eb255d064b586983d3cf8cf,c84b192e5b7fd3a15dcfdaaae5ae4a5ec4b11ccd4cdc50e9b938338b7196c25b,47620,0.0,0.0,0
R5_aB_m0,1,8,A,COMPLETED,12,90,12,0,78,e1d63229f17aa49c5b59016fc95f8f5f0b29c34ee04b9120ea32125e3e61700b,e619495eca1da0ef723541b967e49d7b68e003c049b317d9c900ee11c79dd985,45489,0.0,0.0,0
R5_aB_m0,1,8,B,COMPLETED,12,90,12,0,78,d7356fa468aa9193f6ba514b11b69d608e6ac935f5c00bb97bf90d7d331fa2cc,6e21b77f8861d01a42fdb20e4da3f7f9c804e7e8b610296db7cd9a94f2e3ecd7,46298,0.0,0.0,0
R5_aB_m0,1,8,C,COMPLETED,12,90,12,0,78,6e22d0c71f15a9b56c501c0202ab2bb6d9f3bc8ff0e47344f40f76d2ef98d66c,a4920b310c1cbc3f7f842d4f4aed53bb22079049c9c49fe97252ee47a6974dcf,46929,0.0,0.0,0
R5_aB_m0,1,8,D,COMPLETED,12,90,12,0,78,05b3daf2dec8b1d292e288d7a6c47af63d849de4d537e86c32ae5449c9ea32c6,344b7324e13a908f0790ddd60202fe7b8398c1363f53fa9af84ac287a413e52d,47014,0.0,0.0,0
R5_aB_m0,1,8,E,COMPLETED,12,90,12,0,78,c425034370dbcb4d5aa6c230962ef03cc330564e4c800d5ffca79f661bcd9552,eb3dc509adb20714ea0956bf8af0b279833429f9d13f93872878ea02c2373abb,47550,0.0,0.0,0
R5_aB_m0,1,9,A,COMPLETED,12,90,12,0,78,77eadc8cf2af89585b6b5e93c7730e47417e612d8e458a61350278d1110bbba8,e21ad4e6a05cad3522b1ed54c55e25668dfddf7a00690fbaa36ca07551593719,45488,0.0,0.0,0
R5_aB_m0,1,9,B,COMPLETED,12,90,12,0,78,3e6fb82c7f8c30e339b747406305aef2877f7691795e153968f6446e0ab3bdb0,386e830f3e9c76b22c58b5c179e083d65d5c842a74e5f4f7d06182b1b6b9ca35,46330,0.0,0.0,0
R5_aB_m0,1,9,C,COMPLETED,12,90,12,0,78,7a4c36b61becaebb8a2f2fab6890b019827836881480913743f31504486248aa,cd5b5537a5ee6820512d3befe50698fe1b650b78ea7cc110e2b4b26067bbc118,47004,0.0,0.0,0
R5_aB_m0,1,9,D,COMPLETED,12,90,12,0,78,919a0cf73b18fbd62900443c587dc0767499881f9b043e151ceaa7a04b5b8e08,577dd5db995c568672736235decf16ecdaeb33fac775547ad632c265506db173,46965,0.0,0.0,0
R5_aB_m0,1,9,E,COMPLETED,12,90,12,0,78,b21fc496be304a3c926826cd310a4dee2f5bc0189ed0cf610079d6422ab22955,cff8f92f4c9dc384a062394972d9589d7285c3e81c8bf8d7cc52aa3594b8a913,47504,0.0,0.0,0
R5_aB_m0,1,10,A,COMPLETED,12,90,12,0,78,0b8ae1b45ae071cd02b9352d8964e3468897844584ced312a2d287d044ebc43f,42d9c7fcdfa48087574848b00364ff33a0765c6e844f3920862862fa58c97827,45480,0.0,0.0,0
R5_aB_m0,1,10,B,COMPLETED,12,90,12,0,78,04e3995751f8dd5491aa884d4921985b836e17d0253bada7b57586785fd752f8,638ae34fbf861571ead7d83e7ca189dfbe183c32df1a158f5f3ec81b93e47e15,46274,0.0,0.0,0
R5_aB_m0,1,10,C,COMPLETED,12,90,12,0,78,bb148b0b9a4508eb177b3708452a505507cc3342aed8a21d6bb90f07168aa40d,d7688439ac6d615f27292d918d4079da013b7794a2a0e33adc705dc2f79236f7,47014,0.0,0.0,0
R5_aB_m0,1,10,D,COMPLETED,12,90,12,0,78,25191f025eec48b729de0a8ff1cbdce1e24f14a6ce775a13b12e7c4d6d806869,77c4af681bfb2154f6c11ffd0f70baca3c503049a41fd345a0ad844f898f0bd8,46913,0.0,0.0,0
R5_aB_m0,1,10,E,COMPLETED,12,90,12,0,78,b3b7239ea1710acc12f93a471d21f336e5a149bb98b489a2b3e5912f4413478a,7c144a1487a17c77f5c45a6cdada26c0910611df80e7fb2bbc51cc8aa6673b6b,47420,0.0,0.0,0
R5_aB_m0,1,11,A,COMPLETED,12,90,12,0,78,008c4053dd3988f3b09493aa19a74236a421e34f338604c45a304ae8fd422ec1,8facaacf95bccfde2cf0eb36b0a554901c34fc542a680966df34aba7ff603937,45480,0.0,0.0,0
R5_aB_m0,1,11,B,COMPLETED,12,90,12,0,78,730b119a5dbc1843e31f09c8e51cea4cb718d0ddc484b5c22e89725f281a01ac,915fae6f002b49a7bfe9b4dc8840eb4d9f4f03f0da8a7b964fb01b9796110ad0,46331,0.0,0.0,0
R5_aB_m0,1,11,C,COMPLETED,12,90,12,0,78,e087e0008195a094f3b0baee6a8c52035e1ae46345c4df8cc847241f7e3e9726,e15cfb47e1898402219245d5fef7f56c898a13c8a4afa626cb977c355a627e9c,46996,0.0,0.0,0
R5_aB_m0,1,11,D,COMPLETED,12,90,12,0,78,aefff266773217cf50043f69dab60d9b30a68a8234d890e4d2cfe723114f5450,f83a7c0d2637226cc33ddf574d9f103fff5ad970cb3edf4e1c6e8951df254e84,46977,0.0,0.0,0
R5_aB_m0,1,11,E,COMPLETED,12,90,12,0,78,90c5819466c7962ccf50119c4ab5ae9d50af4eb48223484940e67fdcf1475367,58406cc28d8bfc2a37cb69b98b2fa5b31407de01514663b097a97d360439b8bc,47583,0.0,0.0,0
R5_aB_m0,1,12,A,COMPLETED,12,90,12,0,78,2e9779cc232f47e7e331471c06ccbfd0771b3f726171721e9ea1b80e66482af8,8319ee3e93c57d95e257ef12957e370c2f789b132e96a9430dc5852efdaa9721,45457,0.0,0.0,0
R5_aB_m0,1,12,B,COMPLETED,12,90,12,0,78,60e0dfb9dcae5df54f038bef368a633059c9a6c30024617d5372518f6aa2c43f,dffaa686e599c28fbd39fd4e3e881ef5889c00b08ca433b424054ca774ce8856,46241,0.0,0.0,0
R5_aB_m0,1,12,C,COMPLETED,12,90,12,0,78,701146127c32a2f61d59bf6637e0da54b716da6f3da7edc862b2707a4a2d491b,4a45bb5377a91ecbd2e5ce77de6eb2468030734c8666e929272cffb4f819a86a,46966,0.0,0.0,0
R5_aB_m0,1,12,D,COMPLETED,12,90,12,0,78,ced9970be32bed07a0dc9a14fb1da9765d996b8080b20c883093c6bcbc0672d3,84dcf8d1e3b65172ffb69b71bdda73b69f282c5b20ff7a55ed1b6b95f13ffc36,46975,0.0,0.0,0
R5_aB_m0,1,12,E,COMPLETED,12,90,12,0,78,dbce9576e57e9757ef92802ca8d3e3b02a3ffe986df51695298a5554e75bb235,ce25bc0085d88432f845fbdeeece7b231971a456d134831a6bca37810e8963cc,47478,0.0,0.0,0
R5_aB_m0,1,13,A,COMPLETED,12,90,12,0,78,839e67252ad1d2a701f4bd68513a8ae87570929d7b0e0766b40f3369f787b037,865587d58c09df4bc766e4ab2b2357068bad3831186515fb4e2f79890dbd0c31,45507,0.0,0.0,0
R5_aB_m0,1,13,B,COMPLETED,12,90,12,0,78,fd932a2fbe98bfb960fd1a7eb3dfdd681e6cf9d5f087050af2845836e2fa4616,2b7a58bda97000cf66ddbf0c16053c2804886366412ba5baa170da75643dd777,46374,0.0,0.0,0
R5_aB_m0,1,13,C,COMPLETED,12,90,12,0,78,ceeca82f96aad55e0e6d4273f613e1b68ee2dfbae4549fe2a141e082608707ef,a77e358b5e9f06dd0e9d91b35b37edb8a61b19e4fa5ccde7339511f769c575ea,47018,0.0,0.0,0
R5_aB_m0,1,13,D,COMPLETED,12,90,12,0,78,a192a532e2705efdfe9f05fd628cc38ddbb6b02483f78fe19e04167aa70b420e,24a1396af86149c77267b4066164f82f421f766dceeaac51d1c5c241bcb70838,46914,0.0,0.0,0
R5_aB_m0,1,13,E,COMPLETED,12,90,12,0,78,17dd5c50cf86fa1629386573d132f8ddce0977d4f921288e99b61f477f6995db,fe73d760e276056b5cd9fecf31bd3c78cb58f5edc8fd0cce26caf264cef7b43a,47542,0.0,0.0,0
R5_aB_m0,1,14,A,COMPLETED,12,90,12,0,78,ef32d5ae8e3e591de39a5a0a4946ec130dfbb672923138fe479fc3ffec9166e1,d51ddc062143c2517df3b84a2c1227f1c88e0e709c03f8dbebcdfcce3a482526,45602,0.0,0.0,0
R5_aB_m0,1,14,B,COMPLETED,12,90,12,0,78,9f2c1183fe54d61e447c63e17e8901f77f9e4ac41f4742a609f46e67cf33d838,3cadcbabbc83e78bd9482db58f911a48faad963b41832e051b32015a5017d52e,46382,0.0,0.0,0
R5_aB_m0,1,14,C,COMPLETED,12,90,12,0,78,2c1e5b7ce10ad7e010e5fbb2b09a050e7a4957061913b8b10cdf6ced84ba2b68,fc9f4a9889b97a00be260f94ab6cf499188ff05a0775bc52f913d208967f3e47,47137,0.0,0.0,0
R5_aB_m0,1,14,D,COMPLETED,12,90,12,0,78,664eedc1923937014974c384de97162603f21d08aeda09f39348206b6b3a98c1,a57c506b7edafd923bf1ac192770510d54681a415e5b9b3360500dd829216849,47107,0.0,0.0,0
R5_aB_m0,1,14,E,COMPLETED,12,90,12,0,78,2696fef18eb8f29ea6d921f181bfa2d9c709e9b2a3d35b16d75e75ce2be0212d,ad89cf2fb5b8b9ff7c56a6c6522901d1d910a0fd916d3fc5149d9bfd51534f7d,47631,0.0,0.0,0
R5_aB_m0,1,15,A,COMPLETED,12,90,12,0,78,98e2b021a6f3456b7f89b293493a75afe28a4f53a36151510d3262e2f2910fc5,2d7624d8436e3d6a98675e5e63690342ba298f52d256017d4b7eb002cf3fd604,45504,0.0,0.0,0
R5_aB_m0,1,15,B,COMPLETED,12,90,12,0,78,716a1d89031588746d5f6f44030a2ce850b83c3cb4384391063b825b2319fed3,a5076d4eb96866517fe9ca31754787f7d99889e3e2bd07d13181eda4b8ae0326,46231,0.0,0.0,0
R5_aB_m0,1,15,C,COMPLETED,12,90,12,0,78,c44f8e113a6ac7bceb95c3f19692e4301fec72063b726b86986593c83227bcb4,e5ad5d8c8f90112f87fc8fc73625005fb5b7697b0846b951f25e6a8e28750b66,46993,0.0,0.0,0
R5_aB_m0,1,15,D,COMPLETED,12,90,12,0,78,e048e88718dbb3b697b9f97761e1d46d161b76fb95c5d550efb5457829b53bf9,aebe3269e27d30cfd3c272ac1eede2c1bf61eedb45c6948f89c4f6fd7d8d99b5,47014,0.0,0.0,0
R5_aB_m0,1,15,E,COMPLETED,12,90,12,0,78,62cd4405390dc1a407c7ea1266bd84fd0fdaa8c43209f23acddeee8618ea3fc0,3e901e196be4e87e9b5813714b74379c1788b58c602800ca45e1f364a30ddfb9,47573,0.0,0.0,0
R5_aB_m0,1,16,A,COMPLETED,12,90,12,0,78,a587e4da2c99b087ca70cbb7fe85e7a022d84b705135748b4bb94fa9a704807a,3af9ab3eaa2a92c8aab57fcd752896abede8b76d65c84f77901743d012b8020a,45530,0.0,0.0,0
R5_aB_m0,1,16,B,COMPLETED,12,90,12,0,78,0a9aee36fd5f389f785c32fb9373c8830575a03f55f6ca0a82f91395a856e2e8,5989653016815c50bbfab1f65d88edde3d51dc20a282c9b7309d20f1ff89b3bc,46383,0.0,0.0,0
R5_aB_m0,1,16,C,COMPLETED,12,90,12,0,78,04e4697eb54367f0ad7efe04192f5299836fbb9c660da464ddc71b407fc03555,78eeaca083412625f3caf60423545294850dce2adf40b74a026feb88f0cb97c8,46961,0.0,0.0,0
R5_aB_m0,1,16,D,COMPLETED,12,90,12,0,78,a7dd11d33516639e971a89ab03b8399f6a2c1239b02eecba3efcaaee98c65630,b104c6518c6b2d89edded3634ea4f868e5513b208f163a36f20e77a3b220f9a9,47010,0.0,0.0,0
R5_aB_m0,1,16,E,COMPLETED,12,90,12,0,78,705a3d903105e243c47e70e8561ebad1882aa94a4fc4aec21f25e9e004eb24a7,e7413f01fa87ba5dbe4da4261aa892eefe2f197f53c46197b87a84a50abbbc05,47548,0.0,0.0,0
R5_aB_m0,1,17,A,COMPLETED,12,90,12,0,78,0866d878e2cd8c506d1d1dce008df4c73a2cdf429b7e295915cff1bc564c5128,fe487edb47088a76978be2c8cfa7f5f2f5da29fe7df1731cbac9d8a9f30e2aee,45489,0.0,0.0,0
R5_aB_m0,1,17,B,COMPLETED,12,90,12,0,78,ebce2272f2103bf2031c713f8f98ea95d34a40dc8f9c569b5e5fbc78cbf31df3,41c420407a6d541941aec34e5520745960068476c7f1081482997157deea93b3,46241,0.0,0.0,0
R5_aB_m0,1,17,C,COMPLETED,12,90,12,0,78,bd2c3796871de3ec3f9fc53496b0655090876af40847f9af59ab526e2f1ead82,6821e27edc4ec76e3e6674bc4b0f9d3905a48ef52c5adfe3b20d7686f729b620,46965,0.0,0.0,0
R5_aB_m0,1,17,D,COMPLETED,12,90,12,0,78,1409a72fceb4be916d4982dbbe6989fda82b01ff49fb3f1359da6d8e239f7356,6c78f99149e770487863ef87936fdb0d853c7214f3951855739c6198fcf5e175,46999,0.0,0.0,0
R5_aB_m0,1,17,E,COMPLETED,12,90,12,0,78,1084cbec6d45ff6d7d0b7bce51a311f196695397ecaa9b508261e173f18872a6,32105f8f00a51bc94f791aa0dd823b4ce7f3b6cfe52f72919f67ab03ebd2a0bb,47561,0.0,0.0,0
R5_aB_m0,1,18,A,COMPLETED,12,90,12,0,78,41dc8a0a588a75019995a6dab0a2315de12e7dd667398be78348427dfda6d8fc,3785236640b5ed671997c546737de299ab92fb865d6f5f0420d8194cf51dba7f,45513,0.0,0.0,0
R5_aB_m0,1,18,B,COMPLETED,12,90,12,0,78,d991f55fa6a01960030a45f26d8d380f53804bc1243246e6546c40b5a92f61d5,b05d09c5d32447afe5ec4101172ff29f220c8a2bbf2b5c952390d9e74b9b076f,46346,0.0,0.0,0
R5_aB_m0,1,18,C,COMPLETED,12,90,12,0,78,98701f00763b59fe5bb083ab3e71783cb1c05e2f5cbce3cdb9d883f81277856f,6f85f4d21298606c08fb82e208c8d27176b1ddcfb689582dbfc0b691fd79c468,47007,0.0,0.0,0
R5_aB_m0,1,18,D,COMPLETED,12,90,12,0,78,0153f8db47942c99bec825071ac7d23b2e53c573f7b684fdc1b1898321520201,fe128679f0918a1cac19035cd551f39b13afe8d374cfc65009d75637bb99b13f,46943,0.0,0.0,0
R5_aB_m0,1,18,E,COMPLETED,12,90,12,0,78,951dcaa9845db5f5df8955d75393f3cceceb874c9a5537fa6f94392169d5479a,888b0b8bce18c13b5ec7a3dc641779fc16bc4d648e7e9d4d89cc8405c0013445,47641,0.0,0.0,0
R5_aB_m0,1,19,A,COMPLETED,12,90,12,0,78,98b387946fac98f3ca7ac351424ff1c738bf4104cd1660d42e158d3ad75efd5a,5912fc3c332681ecac7cc52520ebb1682b99be2b78be32af5b859aea8b08e557,45553,0.0,0.0,0
R5_aB_m0,1,19,B,COMPLETED,12,90,12,0,78,0d00cdc0c81e709c2eabe86eb0c5e364379ad5db1b963b56746dbe5ebc9bc1b3,f0d3e0b65a3ef98278b7ec3826b52ec2a9907b90f555fb573f216a99f3b5cf6f,46464,0.0,0.0,0
R5_aB_m0,1,19,C,COMPLETED,12,90,12,0,78,fa999f3c5396fd0fba4df931b9d9ae64bcec8edbcaf0018a55cc9a175c1b6f69,fcfbc51cee9666f5246e6d9045ed8aa6539b7aa888923aca637d8b70df85c094,47009,0.0,0.0,0
R5_aB_m0,1,19,D,COMPLETED,12,90,12,0,78,05231e3ce72426aac4a625d29844ac710a635658025520d8fe82021f05b98bf2,53e4cbeb06bc359c03729de52ff6e2e5c863499683be7f70569520151d5c6f6a,46986,0.0,0.0,0
R5_aB_m0,1,19,E,COMPLETED,12,90,12,0,78,2eccd6faf4ea74ce682d594939e14362304b79a0747cea87486ef03d6fa97419,fb3235f8f19602ec91d9905854c2077637d39b40187c61b03cbf3dd3f39fa026,47395,0.0,0.0,0
R5_aB_m0,1,20,A,COMPLETED,12,90,12,0,78,661ee0c6bb5e75d7d4058abf1ea4964c63962e34b1ecce88f92288f4a6c17eb9,7d7aa345668888aaf519b29f6882906b2f7ab45658a5598e868de0018eaed2d8,45439,0.0,0.0,0
R5_aB_m0,1,20,B,COMPLETED,12,90,12,0,78,9b46c7845e307d48b248afe6206199c7bd15be48c0aabee9310ca4543d6183be,f10b5b245b3f016303996ae71861dc281a68e747c25fec8647297e79b4a16fa6,46253,0.0,0.0,0
R5_aB_m0,1,20,C,COMPLETED,12,90,12,0,78,54737cee57c86aa018bf9c4a871c6ec42e20d14ceadec7f4e452771fe4d8d7c5,6c678270469eefa814b5c834d1580954cec82f72eaaaa4ec8e793bc3da7a2c4b,47028,0.0,0.0,0
R5_aB_m0,1,20,D,COMPLETED,12,90,12,0,78,40b368996a45cbf0ba074f02080fc25e0774c5a0d3e969cfc0f73603d2f54dff,1c8bcd137d3bce1032659759f28a48fff16c4f54dfbd4649365f86419c8f3033,46945,0.0,0.0,0
R5_aB_m0,1,20,E,COMPLETED,12,90,12,0,78,d34abe7930fddc37bd269cc91890aef29569c4a41ab910c1088c03898576cb15,df7c263279afdcfd22f6d0b2f324464b47b16a052bc61cbc83795c58ccfd14cf,47452,0.0,0.0,0
R5_aB_m0,1,21,A,COMPLETED,12,90,12,0,78,beaee12fcada5a607a8fe4eecbb5b6c38622d5d43d41011397860d9919e6a819,459b26fbd6b0a41122871113f0eddd51921a237d96594b4eb525cb61504b6219,45524,0.0,0.0,0
R5_aB_m0,1,21,B,COMPLETED,12,90,12,0,78,161bfd2b72d9e0ce8cf68565936ae079b56af5fc13599b7d26442701506024b7,273f47676a87473ca1bd1be73c2c0b6dd485c18defc7ee3602dcea70346af58c,46261,0.0,0.0,0
R5_aB_m0,1,21,C,COMPLETED,12,90,12,0,78,1e7d64fd5e209b0e39853c93088c4e92c503f8a400e2fb1255794c3d7fe305f9,fc174bd28f483e1efa4ea70dea615fd5cccfcfe1e25546f57da78af3782bb87d,46988,0.0,0.0,0
R5_aB_m0,1,21,D,COMPLETED,12,90,12,0,78,23505bb8287e281e0172d640ca40b21698cc132fc3441812c6ef00236364221c,74329a4eef3150a4a08e3fa865c441d13b378130c8e895275a85a05c664a1647,46952,0.0,0.0,0
R5_aB_m0,1,21,E,COMPLETED,12,90,12,0,78,f8e251b91484a0e8c9ee94b465b8bfa240bb495b7a68e6cefeb7d2c5ea1a9b18,9cb574df9436e87783d6cd7fa3da136d7aa8b14fa2639f9fbfaab3ff6b3c55d4,47508,0.0,0.0,0
R5_aB_m0,1,22,A,COMPLETED,12,90,12,0,78,72399b00029c4ff03dc21672be9967436581e90ba0db8e2bea8781dd891c521d,59c82403eb3aeea711bd1ce1ebdaac2cd8394a420d415db7ff30969f8eec8fb9,45442,0.0,0.0,0
R5_aB_m0,1,22,B,COMPLETED,12,90,12,0,78,833df0506fe56de693f88a390d58a04bedefcccf0a3ab9f755aac9acaff4c5ec,6583b40a416dbaa3a93a45f8105d2d012f88b446f0b20be61ec9252ddded11d1,46377,0.0,0.0,0
R5_aB_m0,1,22,C,COMPLETED,12,90,12,0,78,3ec78caae316d747a4e2de72a5ada9fdc256467e298637a2196fb33eb8fb7760,2930336c731a43666935e6e8fa7a805fd6a58f06f73d69315e5232662670b2ff,47010,0.0,0.0,0
R5_aB_m0,1,22,D,COMPLETED,12,90,12,0,78,55a64212791306681b4d0a69f144796e9125995ea09f8976363f3584f9160104,a80507cfa8a2016c5695e1e0021fd91c38e5cb819f69a5ddb167b5414fb74582,46934,0.0,0.0,0
R5_aB_m0,1,22,E,COMPLETED,12,90,12,0,78,793b73d8f46ebffc85871a9dba42a45c39a789bc5920d2537644c37073208e60,7ebcf6cad6a736abac312956ff7ab80bd3900f63c97981802834492225099543,47577,0.0,0.0,0
R5_aB_m0,1,23,A,COMPLETED,12,90,12,0,78,329cca01714757a28ec53ac25bf8ef2a8eb3c342410804aabcaf92f22eed835c,7395ed84844f951ed03c6e8a1545907f5730406c18b139a3ba1549b183978b71,45532,0.0,0.0,0
R5_aB_m0,1,23,B,COMPLETED,12,90,12,0,78,b1e18cf646068f4f49a32f15ad0fb17888558e1894fcbba31f4977707b89fef3,124123778a8dda6ad9db2d098e8852bb9dfac7717c586fd916a5caf9f74a37a7,46275,0.0,0.0,0
R5_aB_m0,1,23,C,COMPLETED,12,90,12,0,78,91abe05d40d78b060b93022ea47c529a1bbee1719e13aa5acab7b56842bed24a,854cfcc344fe7457de14e9a53523aa88d87fcc074fdf6ad60cbe331e8c646dfe,46989,0.0,0.0,0
R5_aB_m0,1,23,D,COMPLETED,12,90,12,0,78,9b5ce1671f63bb0484fca2972c60331d090d8856b272918dda347526982b267e,8fd28170d97e4d9e91257b39bdb1c44a3ec9f6afde2126bc22265ddfa975cd00,46920,0.0,0.0,0
R5_aB_m0,1,23,E,COMPLETED,12,90,12,0,78,51431975acc59386ec511d9f13abc3cdbbc479e0b76e87bec42eb3453c062065,c26e6238a0f480aa54197b6709d65ce7ea901f333cc3d2b7f6110e399f6a7b81,47428,0.0,0.0,0
R5_aB_m0,1,24,A,COMPLETED,12,90,12,0,78,d16c2d56b061645787c5177420a7f58532b33b6c97fd43e8c27fee7fef8b7ae8,c4b631e5c3154c5ff554b4f9a732880caf36c72ba69be8f63e5eeaa306d9ac5e,45471,0.0,0.0,0
R5_aB_m0,1,24,B,COMPLETED,12,90,12,0,78,bbd098954bb36840861f0c55837c2599c9339065526f14e8fbbb28f19f2d6a65,04132ca23ef752e228308aef1077a01c56d31eca115567c6cdee3eaa1122bfe6,46490,0.0,0.0,0
R5_aB_m0,1,24,C,COMPLETED,12,90,12,0,78,faa014fa19a9e5d59430187b64d6b1f1655d5d2ca387085b40248d013b37ad37,fb0b4bddb6edbdcb2256ebe778b3d1fcfd9b94f3551722d55366e630ab1d495f,46952,0.0,0.0,0
R5_aB_m0,1,24,D,COMPLETED,12,90,12,0,78,b236eed9de46694d584771411b608142fda969cfd97996e191ea5fa02da11714,830bcfb750d98b34c877e8f9647f282494054ca1590ca630a64538df4ad8751c,46996,0.0,0.0,0
R5_aB_m0,1,24,E,COMPLETED,12,90,12,0,78,4ed5ad7d28684d09b9ed45e4182b71f81c84999b52f49082a53185598d03d00b,d0997d2106511e85a9300ea2b29558bc2771cbb06c9a236e66947c69fd3c05a5,47705,0.0,0.0,0
R5_aB_m0,1,25,A,COMPLETED,12,90,12,0,78,c7160f5a563c827cd6e3c978a2f68e1a3c0e971f4d3fe1fb07baf1600a6f48a0,9a699253587b6b92769582911a8ba732b4e5ade6dc4bae82f89f23b89b4f896f,45431,0.0,0.0,0
R5_aB_m0,1,25,B,COMPLETED,12,90,12,0,78,82457a2d825bf414d948def0f2e467c442f8b5e6ceb20f831d3aef08871ded15,d46c2990b8279df6a57aa1d551c618a30ef6ffad155c43f8854673e67bc1b64a,46356,0.0,0.0,0
R5_aB_m0,1,25,C,COMPLETED,12,90,12,0,78,8548b4bfde3e1ea04920de0705761ab634f6d75e9c47ce4e31286c82fc927a05,f8b5917c70394c67e94453c853dcc7232f1dff79f77ffc21ceef316b2955ce96,46988,0.0,0.0,0
R5_aB_m0,1,25,D,COMPLETED,12,90,12,0,78,3b246b0caca597a8b36ca046da1e91b2d7d99cfd51fcdba340eb1de0e1261651,cc77557567e3a454fa14f8df046c16b353b79df39f5c19bd4234e4bdd15f1881,46904,0.0,0.0,0
R5_aB_m0,1,25,E,COMPLETED,12,90,12,0,78,3d179e3ff2c487d6600b44c1c29583e51ea49d6bc6e2fe8af65371d99a979d12,1954add457634451d707a7c50c88bb2a4f67e93be14e8c72ae287de8301ff725,47541,0.0,0.0,0
R5_aB_m0,1,26,A,COMPLETED,12,90,12,0,78,b3b0486b374f316109f72f6450a24b52392601b0a73eaae6d48af90d46392477,454bf4ed9f807763500061231716bf9e12291d5c7d4c8e20398d834a25c82b00,45418,0.0,0.0,0
R5_aB_m0,1,26,B,COMPLETED,12,90,12,0,78,3e2a9bc31e9b25557bcd00e826ce4ee381d732c49aee3f34e423c1b250dc7175,ff44eda81dee13b10d6125aa2860e2b5c2ad43aa63f66870840e189c07120b63,46348,0.0,0.0,0
R5_aB_m0,1,26,C,COMPLETED,12,90,12,0,78,2b5967dd657d42c7c5e48b17c801a2633a939b81485d87f37ceb494d60298365,4c3fc4650f18c82f045afbd24250b79760f4cbc165ca19f8bfd79a562dd6cde5,46976,0.0,0.0,0
R5_aB_m0,1,26,D,COMPLETED,12,90,12,0,78,1b82652752caef714fe27165eda5505a611583df3fb16483f805e953c6e9bf60,35748145df1021eea78e3be43abd15d6817b1af90b38f5c9eed9d258a820beeb,46912,0.0,0.0,0
R5_aB_m0,1,26,E,COMPLETED,12,90,12,0,78,e25ba511aa203c21bfd7ec28dc2876d6667a4d322fb9c263c697268aac292337,dc825ece951032b2f76e177a6a3c68febc08d0b50cffda436b89eac66cd6ba80,47535,0.0,0.0,0
R5_aB_m0,1,27,A,COMPLETED,12,90,12,0,78,12af2f78b1f45d1c436dd587692d9655c134063e20738f291301f9bb1902348f,872c6dbf3a03c5f3ab2c7fa576c119299746f1845027dc1bba3d94477cbcec7b,45555,0.0,0.0,0
R5_aB_m0,1,27,B,COMPLETED,12,90,12,0,78,ae3799408bb40cfc65c4507db197927b6f1c8a6d7c20d9c69606dbb161b55882,e9b527626bb8abe57c9f53f17c06fae88d676881032eca45a089daee0cd2e619,46338,0.0,0.0,0
R5_aB_m0,1,27,C,COMPLETED,12,90,12,0,78,fec45eee559dc254c48e6852224f8bfe9ca070c39196a1b9343a043e95cecce5,3ce52041670ee8ecbbbd2559078f077d9cf35131cc1c6503828df9a49996699a,46977,0.0,0.0,0
R5_aB_m0,1,27,D,COMPLETED,12,90,12,0,78,07bdd1cb5ea3c24ce9293f9a30b47a6585073570a96a81585f3e3fe0e43e5628,12be1f1d071e134dd890474564561708823c8af50a11b86195a985352b651da7,46977,0.0,0.0,0
R5_aB_m0,1,27,E,COMPLETED,12,90,12,0,78,5acff4789e9b1ac14e7c665a82b420f3cacbbf34714b1bfbf8fd1ce8ff35a87b,a7dea9e3014e82b8d5ed4d8c79d5aa065466d81551df9a5c97140f43248bc21b,47500,0.0,0.0,0
R5_aB_m0,1,28,A,COMPLETED,12,90,12,0,78,9fc12bba4854cc6d289906f11dcabcbada43a260cf38d8c1b2d7278e33b93221,0e64c3e5384774d60c07018d2854539041529b11fe72b1a1b24d065cbb62980d,45486,0.0,0.0,0
R5_aB_m0,1,28,B,COMPLETED,12,90,12,0,78,3f615dcd25c2592944230daab33cbfffa5be5136a610880d27616abe10a8932d,370e95191204e3e36c4ed62d852caef48e8681cbb1aaa324524a39a559befecf,46367,0.0,0.0,0
R5_aB_m0,1,28,C,COMPLETED,12,90,12,0,78,f7d34ff52582cb89f0567b0b2acc97971a68e71c36b69603194773fb87567762,df4dd8cdc0a6df83d66475e8856ba50cb333116df2a0989e1a8f55c5be02fd3a,46964,0.0,0.0,0
R5_aB_m0,1,28,D,COMPLETED,12,90,12,0,78,59cd43b713622cd26e774234622d400c4df2ce318e823c909ae8efe0cfd40f3c,79f5c59c142a2df63de53b51daea645fff9821d724c68becce95d631eac98f89,46966,0.0,0.0,0
R5_aB_m0,1,28,E,COMPLETED,12,90,12,0,78,b6a1f57d385b8879a1fda9c9f3e132f7c4587b36e22bd130711c0de6f7da394a,6ac287be5592ee360672dad35a3e473afacd428b767eb6b6a0c01d29bf1212cc,47536,0.0,0.0,0
R5_aB_m0,1,29,A,COMPLETED,12,90,12,0,78,776738050951ba9ad7e85c6fcc47fd94619119df263b3413613235692d3897d3,1a36eadfbbcdf4a196766c96ecfe5493a9bcdbd443bcbed703a02ed90121d518,45548,0.0,0.0,0
R5_aB_m0,1,29,B,COMPLETED,12,90,12,0,78,1afc02f591ccc6dd499c297b7c2d4665b55642fcee871d36f99d5e18891faa5a,62820decd236086ca28ca78a550613309aab65d9f6819f67743053031135ca30,46393,0.0,0.0,0
R5_aB_m0,1,29,C,COMPLETED,12,90,12,0,78,6db0dfe3bc3285e6dcadbf1989a4c16e90440a1fba1a20ccbdef4b0769fc9e87,4c1589b20708532751ee87debfa06424ba5ddc6c9cd67ffcc750c8436a2869f1,47078,0.0,0.0,0
R5_aB_m0,1,29,D,COMPLETED,12,90,12,0,78,14b2b801aa11f1336daea22e58bab409d042b5158a3f2af5f1589962d67c5f6e,63ed81b94e2a72a2e4d7191c0f33f0efdb355b1b9a372f5784d8ec3811385efe,46957,0.0,0.0,0
R5_aB_m0,1,29,E,COMPLETED,12,90,12,0,78,951afbffa1d2b71b534f1722897b8bbcd7e513d4be29ed9afcf22cd0d5fa7df8,ed3c3eb72d5deb6bd1b1fcf3aacec91670f36815f934c7aeca73a513a82439e9,47542,0.0,0.0,0
R5_aB_m0,1,30,A,COMPLETED,12,90,12,0,78,cd87859169aa24257821a33ae05c29dc0bc81f83d9b7dc8a8e7b41e461909a5a,8a90fc5093b07657d5bb5d3c9fe505f5ce6be3aeb3c1acb16f348e092f2f2945,45527,0.0,0.0,0
R5_aB_m0,1,30,B,COMPLETED,12,90,12,0,78,c4134ed387969bed2acf2e4abea1dc3ab6feeb56465ec6359821e791ade4fc09,2933fe9589660a567b862fe710f00b54412737f82b66d05c5746e8f19e80a4e0,46348,0.0,0.0,0
R5_aB_m0,1,30,C,COMPLETED,12,90,12,0,78,40e5ecc9d1e6cfe9ce610ee7560ffc671c8da4f45cd6f94a60e482ff3780c519,110962671a0c3ac50c67b92321f99bd0be8d654161fd37bd8708d822dbe05142,47018,0.0,0.0,0
R5_aB_m0,1,30,D,COMPLETED,12,90,12,0,78,7e3ae3eb2e62a21259790c9d9ad20f3e183af84b8fdfe9c0b6b2437c9f99a075,f8b48bf4e0ad65d94366bb0c5f2fccf12dd2be79576a09004d358b5f17a0249e,46922,0.0,0.0,0
R5_aB_m0,1,30,E,COMPLETED,12,90,12,0,78,7a5df557256b2fcbd15d629f569260a0dacd513a1c122a98d5fa2a1b9248d449,9140cd60068c41a4598500ddbc37b4cdbda69f4713fd2fc0e4f3f95fe630d22f,47625,0.0,0.0,0
R5_aB_m0,1,31,A,COMPLETED,12,90,12,0,78,c406ba1dc82fdfcf631de4ce1dd8e969b3d685f26137bb4f7c66239cc16ffc1e,f65ca5118622f66f3cccfb637fa33a881f1843922dd00bd3ce9f301eceaf7b68,45526,0.0,0.0,0
R5_aB_m0,1,31,B,COMPLETED,12,90,12,0,78,ac37931f74c5edaa1e44f22cc7162e423d1b31b18babff43ac3d0ad5200fb0ac,f39125f3be3b9a07ac4af44fa7b324a1d763c68af79db239fe1f8cb25721f2e8,46426,0.0,0.0,0
R5_aB_m0,1,31,C,COMPLETED,12,90,12,0,78,e51c3a32a287b68e0784a08d268c9ba838f0da3760e6ecfcbb8adf4d32ee27db,7fa9fbdc0eb89c23d9118ce4449b3b3aacd68004e2522f0563dc54ecb991e760,47002,0.0,0.0,0
R5_aB_m0,1,31,D,COMPLETED,12,90,12,0,78,aae4bbffa0f51be8a5af4c7d1917bf925e58bd57e8f17fc212ee07fe57736bed,1e44ad049b7453f71c999fed315d53d57da7cd7ac1facf144e16eca10069f3f7,46975,0.0,0.0,0
R5_aB_m0,1,31,E,COMPLETED,12,90,12,0,78,c3d7265651c18608201211c10f88f3549b17c96c02ff4347eae64d82d8e2176c,66eba9e3d630948146a235527584213a59bdab422a5ef5d31aa384844c6c5c33,47574,0.0,0.0,0
R5_aB_m0,1,32,A,COMPLETED,12,90,12,0,78,23a5fd5f97450e7db70caecd3153372d53179cdac0f3291bfd0d1eb91b61ccbf,baa0c84a4e8ca1c3bd2055987d3a06f66c790d540271c486094deb6f930848f4,45464,0.0,0.0,0
R5_aB_m0,1,32,B,COMPLETED,12,90,12,0,78,0b1a47f25c30e0bcb10b12b1e2914dd854d53536dcaef957e91a521864e96daa,df7585aeefb40e909f0935d9bf96a60424353002b4b283c347f26cfe40fcc4a8,46405,0.0,0.0,0
R5_aB_m0,1,32,C,COMPLETED,12,90,12,0,78,4ce3b550a9994ccf04784db795a05ebac370ad268618f5ac191746b262d5796a,75b1474f745bc1d8adce0665d8ac0f1b4b2c3b00cd11f2a0f43841ce2b8dd3d6,47121,0.0,0.0,0
R5_aB_m0,1,32,D,COMPLETED,12,90,12,0,78,c026319372bb3a802ed4e1dc8e6a46d571addca5c86bb741a19ed21f42b5db80,410c0a4b300b6783e2a54eb59a2b68659d993cb1060e50457de33a9194249eee,46933,0.0,0.0,0
R5_aB_m0,1,32,E,COMPLETED,12,90,12,0,78,4b666c163325be31a3eca0929d665bbb7c3486aee6c891291dac38ece55cd9f9,8f4a91b46b050333a6d98dee87f783aff30173f1243d87187153923d0cf00528,47565,0.0,0.0,0
R5_aB_m0,1,33,A,COMPLETED,12,90,12,0,78,78ffe3d79320fd5b3d55be1b7f6c100f6e47ddcbd424d48f199ed72087554c6b,df4aac1d07b3b06a4fa0d6f92010aea3639fec685d3ee88c8892a1093c299533,45523,0.0,0.0,0
R5_aB_m0,1,33,B,COMPLETED,12,90,12,0,78,5bf47c4b83b5fcf58b309a4a0a2a39b2c7cd126a494a074b4171d11c33741535,c5fffaa9bc9e02e0ad16734984958e9d581e9dbd3a03a0b0c610e4b6cd1e6d0e,46278,0.0,0.0,0
R5_aB_m0,1,33,C,COMPLETED,12,90,12,0,78,dc92b989afe32cb64c0da22d392d15dd32c90c8fbe5352096e1956e8e142f845,c7aab06a366c89a42287d27a1420a8a6644d419d76ef1a952a47dd7fa59b0790,47058,0.0,0.0,0
R5_aB_m0,1,33,D,COMPLETED,12,90,12,0,78,4d26d926c8b9302767c6d9fe0d89c1eaff7c72673b3e1721cdaf0ba81af7dada,233ec704af9ede769ce2c862cd8a3c21b6df892b07b754b967af5a5b6e4118c1,47028,0.0,0.0,0
R5_aB_m0,1,33,E,COMPLETED,12,90,12,0,78,f861144c93aac6c822a88c4f573c581ad2f8460c4237c2ed488c9e0a38bcada4,817967fef7d55b55e115e966626c87c1a14965078faf570ba0ae32afac1d60f5,47627,0.0,0.0,0
R5_aB_m0,1,34,A,COMPLETED,12,90,12,0,78,dc836b67e65f5794814be33c449b8a45dd59e6a9da2311c5210f5160d20e5da8,f3d1c4c83053956df4677e5ac07cb242f78f55846447ce91ae123791c9fbb010,45504,0.0,0.0,0
R5_aB_m0,1,34,B,COMPLETED,12,90,12,0,78,f15f4e83000cc422e240522bddb9d5e210a922a0b121039fc1865441edb703c0,38b99c1b8e6cce3472c83782e7b7dd1fe86673adc2d52eda22c695db968732c7,46259,0.0,0.0,0
R5_aB_m0,1,34,C,COMPLETED,12,90,12,0,78,8ebc810d4282d6abd3cb56c0d7517b82d44910513372d1206faa32af8bccef36,a20cb08c03ad4cfe5fa4f79b9970b2539d78fb2c9f7ec57e828e3bead157dec1,46923,0.0,0.0,0
R5_aB_m0,1,34,D,COMPLETED,12,90,12,0,78,271f7eb104327114b5e8cbc3b6a0ed74c29197e2364aba70db4ec07191c53f38,b25507dc7990a7b5a471f447c40f3ec2769493f70c0b657551b7e41655b03306,46896,0.0,0.0,0
R5_aB_m0,1,34,E,COMPLETED,12,90,12,0,78,26a9a782e7a6208189eec6339f7a3c337486e89569aefef9696d358cceb6935d,4d5b0f3c1f69a227b721a4309639cdaf8128ad556bc4ebd702e2bd33a6163f71,47501,0.0,0.0,0
R5_aB_m0,1,35,A,COMPLETED,12,90,12,0,78,ac89acf7ed160dbbf52f498bb34d5a27a3da35be377acb543f932b5275b5aca2,be7c5ff1bb9d95beac6cfc89fc7b5d5d315e569d6d0e391086cd45f095b10b9b,45503,0.0,0.0,0
R5_aB_m0,1,35,B,COMPLETED,12,90,12,0,78,629aa8858e8b5e49571cdee32489f47155b6f6cc2d733a23221c0b881c612ac8,47b3ed0a63bdb1ae0cae26756e4ea406ddd4ce2d63b8d9996334f5261613d334,46355,0.0,0.0,0
R5_aB_m0,1,35,C,COMPLETED,12,90,12,0,78,94b863716f744130c339bdd4058fb01123e4160aa6ed7e8dab311be9c2be18c1,ac6d8aa48f648cbc52d55a1e592c453332e7e7f0d3d269eec0a145d0e6b16d5d,46989,0.0,0.0,0
R5_aB_m0,1,35,D,COMPLETED,12,90,12,0,78,727a255c122a616a63dfd284f0b229ae85e80df087410905c471d6120bcdd79d,909ff42b7cb4df545667529f63bbe40e658bfdce22359a4dca8ab2ae99fbf9ec,47030,0.0,0.0,0
R5_aB_m0,1,35,E,COMPLETED,12,90,12,0,78,db06dca262d4a14a2209043dfae6223d78b2a614bc5241a303e27224c8a37755,27358d5d9c6d1b5ad0bb66755fac5d0268db658326ede6e674ca5b9638af7e85,47420,0.0,0.0,0
R5_aB_m0,1,36,A,COMPLETED,12,90,12,0,78,db48d35eeab3dff792718912bdc49ba9e58eb5369bab85a8b805ff69dfd56f9b,0e8a6b87dc2427ebdac287ca1d44a65c76f08cd7fdfef5b5bf567ad0e90ff12d,45513,0.0,0.0,0
R5_aB_m0,1,36,B,COMPLETED,12,90,12,0,78,9a35444a7868ed78008c3479862aa2597e38e020a487af7ad23c0d89db8d3c31,ed3acc7bf63dfcda0dbf6547fce78cc349b37316a252ab1886d90f2c0ce5251d,46250,0.0,0.0,0
R5_aB_m0,1,36,C,COMPLETED,12,90,12,0,78,32cef3560d24d3c85ae56261d9f1374ea281f3a445b50ce127592699eba3472a,b17befc5b59e3fe40e70a9013f638859d91d6d182558fb3eea321a2ed439e805,47002,0.0,0.0,0
R5_aB_m0,1,36,D,COMPLETED,12,90,12,0,78,c74c58d983155a6fa23de2c03c45cd9e1a8b5d11881f9c7e89dfc6532e5847f7,978c0a6baf96f0d472d2e747fa012fd8a06a2d72576d2cfe0f6e3d943a9dae18,47016,0.0,0.0,0
R5_aB_m0,1,36,E,COMPLETED,12,90,12,0,78,b455f0e579fa6b6e13b0e10983d5d6763ecd65191c04056abcff4dd79513ee21,694f06188002a7ac9f5474e3cfa4bb6448ad0a165239dcf223b4a1f688b823ac,47449,0.0,0.0,0
R5_aB_m0,1,37,A,COMPLETED,12,90,12,0,78,8b65e11ae81b462fabd998c4909ff379f6ea1ac774ad57ed9b3b3baa9eb9f966,d40fe6ec16483eaa6f261244e8f620f2915917b1c7fc9d1e35bd6fb99746d2a1,45442,0.0,0.0,0
R5_aB_m0,1,37,B,COMPLETED,12,90,12,0,78,a4f4bc3ce6a1b4fe6643bcbe982f8249e82e526f1ed44549ffb1d596259ef716,b9f839fbf2c8b3bbb036d5c6c3bea5c51b61630704cfe8ce9accd9ba477ed6da,46347,0.0,0.0,0
R5_aB_m0,1,37,C,COMPLETED,12,90,12,0,78,2bb9e08cffb19b78c23ca90b86e4f2c6a930882bbd5e118d6615890b0a160080,ee944c5a32fb72c543b29359ee01342a8d00cef36e7ace0ac3cae99848a1bcc3,46987,0.0,0.0,0
R5_aB_m0,1,37,D,COMPLETED,12,90,12,0,78,00aef1fd13b539946dc37b1f7c6b73bc6198099ab8445becbb622999d8451739,0a3893d9fa1ce932f1057d7eb53f0b6dbd6245a3794d948d9f3ecb37a98c159c,46977,0.0,0.0,0
R5_aB_m0,1,37,E,COMPLETED,12,90,12,0,78,319b54325fb075b42cb3ee5a155bd02a645315fc2ca3e490732f007b0669a706,b31904dec42305f3d4fb7c82be0e5c4b25b122b50c5e710adfa7c5b24597c9be,47543,0.0,0.0,0
R5_aB_m0,1,38,A,COMPLETED,12,90,12,0,78,e3d00bdd0c5b51a00bda083c9bac2bf8ac292b81d730a3a5657b044942e78760,a8b22b6aca2a73f981d459aa04c2fa41ff18352b8bcba417a4fdd8b1176ef838,45478,0.0,0.0,0
R5_aB_m0,1,38,B,COMPLETED,12,90,12,0,78,8e0a8e13df35753c32f1876757af266fe8a3f56a6ef62a526980fd0854d82720,67fa884449e109a9c1aff8cd584ee5907d9223a44354f8b00288b4d6a1962321,46366,0.0,0.0,0
R5_aB_m0,1,38,C,COMPLETED,12,90,12,0,78,d46383a4c2a966560a0dea72f9c4b53e3fe749e41fc153e3121af422e0a177c3,640f73f0675c450a37599c89543790d3ca9115bc5b7fe9375be4e3296d96a458,47037,0.0,0.0,0
R5_aB_m0,1,38,D,COMPLETED,12,90,12,0,78,75319a106b7964048720b441d1102771a70177369b08d35b0f5551135532ebde,95927e1853e97447b8effe72b2b94ea76ba48ce676a9b065184f2f09a539fe31,46936,0.0,0.0,0
R5_aB_m0,1,38,E,COMPLETED,12,90,12,0,78,8fd2907f78832b2fe53814cfe7439ffe888e49515f02aa606f23ce54b1c8be68,f3c69649a3835a201c0682f2f6a1585b4434212e9e24b9ed7a1d591ad7331967,47572,0.0,0.0,0
R5_aB_m0,1,39,A,COMPLETED,12,90,12,0,78,26bc98404daf04bf466e92f46f973cc40d3737a78839021cade3aac1dbef5c1b,16361e5514ad9b7891864c078874578a3a9b7c7de40ff401be52bd6fcab6de0c,45477,0.0,0.0,0
R5_aB_m0,1,39,B,COMPLETED,12,90,12,0,78,b8bb4c6a07b65ee10e1cb0bea5bf3950abe4f555da4aad4a0321827792b44fea,8efbb4db9162af6c961b4c886649711ff148af2a2ffe76c312999d3fcfcfc65f,46320,0.0,0.0,0
R5_aB_m0,1,39,C,COMPLETED,12,90,12,0,78,5cf18bc385f3aa1aaddd66d9b3d5e7f540743f80ee080a5a4168651c01a48ada,24e0d10b2d7c260a820193a6ba5942ca000a32ea5bf44965d001dd7959817d2d,46973,0.0,0.0,0
R5_aB_m0,1,39,D,COMPLETED,12,90,12,0,78,c1d931f7bfa9ac2ac8be97ee57d6f6871823f8d937394d3e209158d35927a3e9,072af5d56a0f18cba78174960e0664da092506d43d44cff26fe490728a5c4109,46952,0.0,0.0,0
R5_aB_m0,1,39,E,COMPLETED,12,90,12,0,78,1a7e6acdb7bfe5df1a6539f563e2dbf26565de1b8bcf5cef92b3f7e3a1fc7e7a,e0dca2ca8a50fe1bca1d5021ddcf4ca39d2230713b7a15e9a71413bfbcda09f9,47582,0.0,0.0,0
R5_aB_m0,1,40,A,COMPLETED,12,90,12,0,78,1b7d9c0a05af924f03818f33fdf81e1bd0ea8e920f7804c614665d34423e90b2,acec7576498281b97eccf00b4bdb34484d7fe53aae2242b3fa7103cb647afd6d,45527,0.0,0.0,0
R5_aB_m0,1,40,B,COMPLETED,12,90,12,0,78,d41cb69f2c7b4c49739b605a10c02c276e25d24747f25be0b41100b8ca301724,708dd5c7119c80ae1cf91ff5aabf0b11e09d7014d1ae107b8a16daa13dc06aad,46311,0.0,0.0,0
R5_aB_m0,1,40,C,COMPLETED,12,90,12,0,78,90aa50a79b37df2c4a334492fc9632d3a105ea2d2546fb595d9d9414fa2e883a,0307da240aea13ca800b867641302ed45afba65649151f638b9a887e65e0803d,46978,0.0,0.0,0
R5_aB_m0,1,40,D,COMPLETED,12,90,12,0,78,ac2e5cf622c73f4011a02d459b314914bd0c69e6c5bec657170210f6815159aa,72ca15752f29a8ed59559ed707b0ae279b56f1eaef66b2a2e17510384be87958,46994,0.0,0.0,0
R5_aB_m0,1,40,E,COMPLETED,12,90,12,0,78,ee42ea231fe715b290f0b669b1f3bdaa340bd9bdb263ccdec7565d24753c5276,4492c972da0e6000ae30f1e43d4432cfb4448fd8b9f96ec87e0b0408d9db70fa,47501,0.0,0.0,0
R5_aB_m0,1,41,A,COMPLETED,12,90,12,0,78,7a965bb4491fa832f35667b8d74882cfa722019d78e93de7535a1b1da17b3383,4c0c5741ba0520bdff068062ac347d9d281caeb1a944176163e8144a2da63cf5,45492,0.0,0.0,0
R5_aB_m0,1,41,B,COMPLETED,12,90,12,0,78,569bbd9e2d12dbae6b06e85e6981d94050ee410fa2d8c59c945a623b0f413df1,5b0aa05e479f77d2bc5e325d077e61f1cee59d83fb366a965ee7a00e45660457,46296,0.0,0.0,0
R5_aB_m0,1,41,C,COMPLETED,12,90,12,0,78,cc244e0166e0be9efe79a20a01a6c57ea1d0a7cb9fbd455747c46dbb7a897524,9c4071268a5f571ae1af45ce39d55e6cdc677e80c13a2a7f0e2348ab3acb9d39,46973,0.0,0.0,0
R5_aB_m0,1,41,D,COMPLETED,12,90,12,0,78,cc7600a8d65fd99209e887312f64f9fab7139eee0ecb9b58cc4f6b8c04c93871,fab054e3cd61a6d145c1ea155ae28b53791414a21025db5b05fb5c6ed42e85fe,47037,0.0,0.0,0
R5_aB_m0,1,41,E,COMPLETED,12,90,12,0,78,8ccbfef34436a22a5f15cbbbf90868e1297f8b031a0876a2c840ee56e204c640,b5349bf6d582f007bfcd98d150d079cc5d3455535cfe75008834e973d23acab4,47503,0.0,0.0,0
R5_aB_m0,1,42,A,COMPLETED,12,90,12,0,78,7a291bb7aa54405a6a0b917bee76db97b911ae21ec8249a6b9ee56e796f65eb8,fcfde8bed3a26331fc556b9057a03ed5bde767cd52d754d21f66648deba88581,45550,0.0,0.0,0
R5_aB_m0,1,42,B,COMPLETED,12,90,12,0,78,cfc81f5bfbcf0d7ec3aeb1ffe6eee09aa18ce0c7c52b212a53b51878cef5c13e,62e8d0e08dd6dc63e328c35f299df6621fb9c75ed797346d171e3a820837a05e,46362,0.0,0.0,0
R5_aB_m0,1,42,C,COMPLETED,12,90,12,0,78,335708b0237644f8bfa3bed03b1df53f247f0350935e9317e4229e3337cd8fbd,0423ff3231dbd0a28ec84b53a865df1c23036c0766edcfaadbab53de509de180,46969,0.0,0.0,0
R5_aB_m0,1,42,D,COMPLETED,12,90,12,0,78,8c96fd4594981c268c5d4eb33dc473ccb1c6b47b1bd30d54e0e2203bc4e81a7e,b05ef0a3d310fb39e334c07acde403fdc2aae56b218643345556e64c0254c058,46973,0.0,0.0,0
R5_aB_m0,1,42,E,COMPLETED,12,90,12,0,78,480d7d7f0d31084ba419be8ee1f412b47d2e04092a88c2ef2b838ee1e8947e52,7b5e556a5d0bda71605736990c21fc17e99307d8f9480534c38c0ca97b620620,47529,0.0,0.0,0
R5_aB_m0,1,43,A,COMPLETED,12,90,12,0,78,521c2d25d9dc3ab99710fb30e55dec216aa4bc7890822970dfc7ee2b6567c4a2,22cca852de9b3db197f8935a529ecd3a74d5f37384d197c01fa02c1d0ad8b946,45426,0.0,0.0,0
R5_aB_m0,1,43,B,COMPLETED,12,90,12,0,78,74d77a02794477c0f3db7ea83286a73b56d3276d588fb72ee57eb2a8f0447b7e,69e88ec857d13a47b64c2ca2f412aa4a7a115a188717ca6455b46b6b76f5fbf5,46392,0.0,0.0,0
R5_aB_m0,1,43,C,COMPLETED,12,90,12,0,78,797c6a61a3f0d3f5727567e869ed8550a998a8dc7cec9bd125bf3a6e43bbfb7b,bee48adde77a0153a96cf74311467c9761726770bef707812ccead401958be1b,47000,0.0,0.0,0
R5_aB_m0,1,43,D,COMPLETED,12,90,12,0,78,6f12634edd431eabc450339f46a6a45ad5e9310befff65c39e513468458ea9cd,54efa9dbb3cd9ba2e0b92c79d484dd095e6a6bc1c61018a88a46ac7ace8f1a92,46999,0.0,0.0,0
R5_aB_m0,1,43,E,COMPLETED,12,90,12,0,78,43816e627c7f0271fdf1641b69cc1a365d9c8dfb985cb362e52440abd331d0a1,1fd006fe0f03e87dccaa469622bc2c3d904475ba5fd95cfd3fbbcea887842966,47592,0.0,0.0,0
R5_aB_m0,1,44,A,COMPLETED,12,90,12,0,78,ef1968d75c4937fb5c97a10f787dda9b3c63016e714e370c0c63e762113156ec,fbde93de4b6350eb4cd27a540b6a7c75c665cf67eaa4a32efe7b3d4740fc8364,45508,0.0,0.0,0
R5_aB_m0,1,44,B,COMPLETED,12,90,12,0,78,b98b7b117de22bc059e086876d23f6ff11c22b6f7e1bb310e3f323b84a6d5440,7dbc9b21ac42f3f0547c34945b447683105b0f9e09b85e751032a44228350eea,46285,0.0,0.0,0
R5_aB_m0,1,44,C,COMPLETED,12,90,12,0,78,f6add2cd4b9946c9cee9ee0696165d62e317b970b25990d3095de7c5c10dcc2f,ea257bd50e73fdf1e9e1d9a1a792012eeae88213292332393b01d10779184ac0,46975,0.0,0.0,0
R5_aB_m0,1,44,D,COMPLETED,12,90,12,0,78,3d4371afdbb2207fcbce1d67efea4ef9c7a1923d06fa233fbb32c3131a21765b,cbf47df1bf8ffccc34e89ecd5166621ff5dec3c96fdfc964dbcbc6485e1371e0,46987,0.0,0.0,0
R5_aB_m0,1,44,E,COMPLETED,12,90,12,0,78,629631cfd761c94022d904e297e4f1c4ef9c243a5cf124315e23684bc918ccf0,8000d91067014090c53dd2d9d917be6a339eea2fd8b5cc6af097b794db7c0596,47480,0.0,0.0,0
R5_aB_m0,1,45,A,COMPLETED,12,90,12,0,78,13f87db8f0de4b28b4d2f4e7eca7300b84c2f2137aaf4fa8fa05c6646bc19a92,4a29812ad011a39e54de3615f16f56572793032b215aaf6090d64bf911ce6036,45453,0.0,0.0,0
R5_aB_m0,1,45,B,COMPLETED,12,90,12,0,78,6ef71cf450287e8a591d8f35bdd1c59e5c0997cdeee884de0c1bcf126ad5cadb,ae5903dd178ec9324f17e5d26f4b81e8c7cbecaf35213196bc5726b0cf49a026,46299,0.0,0.0,0
R5_aB_m0,1,45,C,COMPLETED,12,90,12,0,78,3d1fe2ea44e6e7190b640e99ea10a9c5bb8628a2a9937e2577e171f2b5ee0425,bfaa7678e49362fcd7d42d0d6e550670d49b6070b703ec5fce2c36fc12a3c9a9,47013,0.0,0.0,0
R5_aB_m0,1,45,D,COMPLETED,12,90,12,0,78,4928c69d800c2d880968610cd01f5c65ef8fca8a4c6cb7ef56470aa5273f7fcd,2b40cf5f5b2b2e1ccc727c6a4bc4e52e6a9ea26902f7fb0ef6d278c538f69ec9,46929,0.0,0.0,0
R5_aB_m0,1,45,E,COMPLETED,12,90,12,0,78,bfd78b07846db534d8ca312b9b6208fb31011c046fb80c36e1a4fe39099624d0,a6707494ebe5afb4ab68bab60027b81b2915ffe01a5ffd4d4c5b7a4a86fd6ac5,47531,0.0,0.0,0
R5_aB_m0,1,46,A,COMPLETED,12,90,12,0,78,9102cc8ae05a6d7344e9d09f18b3570cd3404b44d0f6c168fe38a8918c932e46,7b9ef6a0d451dcba46108d685ddbd72fd5a184757a222e5573484721094aae25,45516,0.0,0.0,0
R5_aB_m0,1,46,B,COMPLETED,12,90,12,0,78,96e951b87616dd224d177c4fadf28afc5556ce49520752f18a589e12be6456c1,ac6216e592b850513396bd78a4d6e36931578aff42c39c7966a45bd01e43c135,46361,0.0,0.0,0
R5_aB_m0,1,46,C,COMPLETED,12,90,12,0,78,110d1500686d20eace15d40fd940661fa0e8527df21f895e6f78b23a1008b1af,268505ccd2bde2d7eb030f291a1dc061b8f01e3039ac83cd903bd7e85d22ad6a,47090,0.0,0.0,0
R5_aB_m0,1,46,D,COMPLETED,12,90,12,0,78,21c23850b465415b66b6545dcb0177f2c77bd9df821bf0af61bdf997a14cfc09,eb2e53cda901c296cf891beed8b536be5cc21e94f327936afface69ee47b4fd3,47073,0.0,0.0,0
R5_aB_m0,1,46,E,COMPLETED,12,90,12,0,78,9ca16bca0e121d5fb023ecfbaa174fe5c636a6fba1780cd6ac49be945b1fa354,11f21070658d045a441b12181731d232c4f5cb9a0233a22b8040f2eccd51d083,47577,0.0,0.0,0
R5_aB_m0,1,47,A,COMPLETED,12,90,12,0,78,58ac18ca6599428830f0a34b76ab3bdc0035384122a01e30259114c0dbc6a658,4c0e494b8a2354917ae79b2dcf59364e03359be31d8c1a1e2d1d9630b318a61d,45502,0.0,0.0,0
R5_aB_m0,1,47,B,COMPLETED,12,90,12,0,78,be03abbef7ae1b1671b5fdfa80d7f83322f10a5a7eaf16bf09e099eb17af9c60,532560938825f40aba28f0cbe2e6bfde5f685ba653859e030c1004006d4c6f44,46281,0.0,0.0,0
R5_aB_m0,1,47,C,COMPLETED,12,90,12,0,78,5fcf188c0138db6cd8845e5dc7db64d0e3e5238c15a49d8f44efe3deb4dd3a86,c8ce664fa487e095511a783620ab12cc23ee5b89713c3842170adcba5bd94aa2,47009,0.0,0.0,0
R5_aB_m0,1,47,D,COMPLETED,12,90,12,0,78,951eac32297629c1edac56f946e3cb36920d42d74f08be138038b053eed35234,490be88e4aefc1a43d6e664e789eb85f9da36ee1b6f83dcd8d886435c189829c,46995,0.0,0.0,0
R5_aB_m0,1,47,E,COMPLETED,12,90,12,0,78,45b490971daa588064d5fdfee467edcaf54cc91104eb3032bf01bb7cc7fc32a3,c5b4f9b7e7ecef6caa3f738a974cb46333a910cee1d9f0eef7b026746fd9f068,47511,0.0,0.0,0
R5_aB_m0,1,48,A,COMPLETED,12,90,12,0,78,7fc537d00255ac4219f0e1eef0d4a253aaa00d40846376eadb759e276219ba6d,eab6285086e09e7b1fc98204f42efc7eee505e56a19b67a3873e7e2fcbbaabca,45452,0.0,0.0,0
R5_aB_m0,1,48,B,COMPLETED,12,90,12,0,78,4bd1aeeafbdd37cb4ec208f34316d987294776371994b5d7db6f50d1211064a5,db1eb69ef245ae98326f7411f0b177a9e457df6a7e2eed681b0a5dc087239056,46339,0.0,0.0,0
R5_aB_m0,1,48,C,COMPLETED,12,90,12,0,78,93782ae1bd3b7db66ca1f581cdbca72541d973568da87d68ede4d2cbc6ec0d02,ba1c0bf6603ff8868d2cd9ce57665f70434d3aeb3ffd85ddf44729758755f5de,47007,0.0,0.0,0
R5_aB_m0,1,48,D,COMPLETED,12,90,12,0,78,3b641c36d6e5d1060ef4fc1a323c78fc3a89d824742d8d3c35d02fcb76adf381,8e58bffa0994ae76098726dca6645cfef389af49df4bcd14cfb3f7dac73555f5,46949,0.0,0.0,0
R5_aB_m0,1,48,E,COMPLETED,12,90,12,0,78,6ef98a64a1bce80dc6a50e75fb75fe32d90e96756c7f94434e5939cdd29bdcad,08f140381d96cf9e2ceda1a427a8905e46d250f3737f998a2f655a063055f393,47420,0.0,0.0,0
R5_aB_m0,1,49,A,COMPLETED,12,90,12,0,78,22a88e60a55d2241667cfc00121f01c6d785bd89cc59a24afd9d77ade56ddacc,0635b7597b2df97a2b0b39b123cc74b789493e4309128232dc672e5b594ad4ff,45508,0.0,0.0,0
R5_aB_m0,1,49,B,COMPLETED,12,90,12,0,78,49dab9c0dd27d1440bc08fd075eb0381ccc0a863e7238789ae0e91746b0e4b5c,81262eacb871cbe36e0f437128e3bdc73889d9aa6eebc722e56a5df48584a6b1,46313,0.0,0.0,0
R5_aB_m0,1,49,C,COMPLETED,12,90,12,0,78,c18940c43aa913bb69aa51decaf04659445c246aa1c2a2c74f0ba1f3d3f98174,ef31bbc81226948f7e72b21afd1f6a87793b49212eedbc7651b163bfb9fde03c,46973,0.0,0.0,0
R5_aB_m0,1,49,D,COMPLETED,12,90,12,0,78,0f45beddabfe458c1e1b24ab9d704d8f773224f9458f304dc142f7d75b865957,daf4eac65e08bd08ac7ff0a8e768dec22c41fa85544e2048d78ff8ecff7246bb,46952,0.0,0.0,0
R5_aB_m0,1,49,E,COMPLETED,12,90,12,0,78,bca5da4b6863daa8f2bf765702c4236428c8c13b5ea753bb3b7b2d9cb11bc87b,fe955c9faabaa49cf8fd373aa381ceddfbc86ce8aeaba89e1d5a6a6f56ca1276,47469,0.0,0.0,0
R5_aB_m0,2,0,A,COMPLETED,12,90,12,0,78,2af9f2ee8d54fcc97decad44953ab73ddd8c297bce201a03b88c2a9374e1ca73,14e12c0dcdb2c0b3113d3af4cd5e6b7f123f817a37f3a8b444286fa836df232d,45437,0.0,0.0,0
R5_aB_m0,2,0,B,COMPLETED,12,90,12,0,78,8af53508233c4a65edb4e1be0665361d935f822c4802fe4c06e9809fcbc511dd,4b2e61e9b1719618795426b27ea1a4a8c30cab0918031077381aba208b4976f3,46316,0.0,0.0,0
R5_aB_m0,2,0,C,COMPLETED,12,90,12,0,78,c1481a52744d386b20ca2341a71244e562bf1d5897c8c5db2ef582442944b8c3,509ff3d35488d85f4d64c781ce76b0a8fff687511d56b1984e4b6641fd132ea6,47057,0.0,0.0,0
R5_aB_m0,2,0,D,COMPLETED,12,90,12,0,78,d7e6378a1dbc1fd4f93ff7a2edab297b569c8d5b16f29aaa42614240820e08a0,6d518b228eb60f586f0ea1ca6eca28cd7c13e64e7e8eb4699f20d25406dc53f9,46994,0.0,0.0,0
R5_aB_m0,2,0,E,COMPLETED,12,90,12,0,78,680b1fdf5861aba2d014e09da775bef65ce2246976a3172e291fa10e764213d8,80311d6f3a2e4c9273309fa4dda813ba65a06ec52bce03f8e4c16440e8de9183,47554,0.0,0.0,0
R5_aB_m0,2,1,A,COMPLETED,12,90,12,0,78,ceee62d0dd9a9c9d11815f23891a45a5f4e10cc3c1dd32eca1b1935ba11976a5,7bd691106479cefe56b7c4f7c872939f0a8328efdf123a4bd22625f6702d5a83,45516,0.0,0.0,0
R5_aB_m0,2,1,B,COMPLETED,12,90,12,0,78,d765d718de1d2884523da36f6f075409098996e9c047e846eb85c9ae742ef617,39537a18badc111ac59a376e63bc14dd35b4b5f17fe34d5edccc0fdce52c5ed1,46304,0.0,0.0,0
R5_aB_m0,2,1,C,COMPLETED,12,90,12,0,78,f8d1c211bfcb56457f8e3b71f5b6e4da00679ba5a6cb7c64a5f62bd24ab61b5b,17f7050c4562f5c61fed0ae9a8b78347482add23df676aba0f34f84ec5ab4aa0,47037,0.0,0.0,0
R5_aB_m0,2,1,D,COMPLETED,12,90,12,0,78,04b6bf1af98eb3b2d5a4ebf27d266755ce4a25fba3db68a1cdc036048f50e34b,3bde8d911a27493ae8ba9cc3f8c066508149f3ce69b06ea9a00b98d797c0755b,46981,0.0,0.0,0
R5_aB_m0,2,1,E,COMPLETED,12,90,12,0,78,96c41fec8433bfabb5b32681e57200139ef58296ff0e80d98b74c68a0e8b0e22,12833024e90a754b2caad5ee851af0aca497c2db2c12e9f8d245ef07cbc19a40,47517,0.0,0.0,0
R5_aB_m0,2,2,A,COMPLETED,12,90,12,0,78,b768c916a5bc32857a2a21c5db0d0bb57d057c19d38d5a7197c42892a043dec9,9b94b6fa69f00980db4d6f38a566a7a696e2c608ee7be3225fe0474fd3bcb585,45487,0.0,0.0,0
R5_aB_m0,2,2,B,COMPLETED,12,90,12,0,78,8a17522c11f8145624798da97ca470e8da7e7e5db1e8ef8334424aa137dac35a,af75c8af89cd4a0b84c18b6594e607a11a0665584f8ad629b0a839117206dd4d,46341,0.0,0.0,0
R5_aB_m0,2,2,C,COMPLETED,12,90,12,0,78,3927c008a3b2bf89c2543c6fae3b5335fa495e549fb485e61039dfe1ff37f035,8763a4dacca41f6cd3995913e1023fac7340107112eafa17372bebced75a61d1,46972,0.0,0.0,0
R5_aB_m0,2,2,D,COMPLETED,12,90,12,0,78,7b6d1f80cce5079544ba577afae95f7ad13e713f248c1cb1d3e709c9dc9d4683,554faffbb8866b7030e5591eb8cd6546f476941f037b81ed3816698bb386147a,46904,0.0,0.0,0
R5_aB_m0,2,2,E,COMPLETED,12,90,12,0,78,31dbec603a6da3eb30ec680fef68d40741e005fc0351abf70f25de78b5b6ac1c,fde3779350b6eff364287af539e0f3105a9352e63b1baa59d3148f4442049e78,47554,0.0,0.0,0
R5_aB_m0,2,3,A,COMPLETED,12,90,12,0,78,069348b054e625d2be421ffb5ca7c0ad5b850ec5051a841aaf33a07939bd512b,bbe2c515f806baeeda496698f5dfa0338cda37f9f50cb9cf52c8586c6b0c7d5b,45463,0.0,0.0,0
R5_aB_m0,2,3,B,COMPLETED,12,90,12,0,78,66e40011745fce3ddf8d9fa77c391ecf569c92569fb3e202fd588eee1670be36,4519e583b774d65c670e9b40909dcb6476463e898453a31ac1df5299ae7c4df4,46327,0.0,0.0,0
R5_aB_m0,2,3,C,COMPLETED,12,90,12,0,78,c6a1c8d315bb9b82dd26e0f1b0273139aec0cafaeccd4fd77b69adb6324bf86d,597d65e0f9ba868d069bf254a0c515ba0bf979bdb23f1f648b08bd427501ec1e,46924,0.0,0.0,0
R5_aB_m0,2,3,D,COMPLETED,12,90,12,0,78,ce3462f426eeba6ecd0cc06d1281e12a365a3328e22a3ea1bf2f4932698bcd08,78392e311ffeaf1a03e06e862c9ccbdf3e767d32d1bdc9a252c64e4ee864e1d7,46930,0.0,0.0,0
R5_aB_m0,2,3,E,COMPLETED,12,90,12,0,78,ca3332a1884fc3d98e2fa9513eb77c113f05a676664eb1a47a83abb732d7aa16,a253b38b7f4d559d48520504191c3d304036d16f707c1cb99f76332fbd32b3d7,47457,0.0,0.0,0
R5_aB_m0,2,4,A,COMPLETED,12,90,12,0,78,344ccb2f9739cac71a048385d414413f2a34999ff67aa18d6ee111c3a6274677,c19b64074852f67206e41e87e6ea3fd4233d4c0f1cd00107d547abb027573654,45481,0.0,0.0,0
R5_aB_m0,2,4,B,COMPLETED,12,90,12,0,78,49a89dfbf3826a51d33b0326f8d3db2bcdca2f412df46f56e743fc9222f5063f,21498be6931968518106b629d2ef052928b6eaf8935715e9f52efbd98f8859ee,46292,0.0,0.0,0
R5_aB_m0,2,4,C,COMPLETED,12,90,12,0,78,2788eef779d128ea1ad07c3cbfb43c5052b5029d49fad6d8791479baa4d0c904,22da4f04e2b1631cd6ca3c145c023859ecc4251e14ec7c5e670557d152e32cde,47045,0.0,0.0,0
R5_aB_m0,2,4,D,COMPLETED,12,90,12,0,78,1596703f5782c6c6d6f02398b90b735f0cae00891e64bc2165206aab9a622259,ffb8f3e29a09043c2dafdb0c82d19643bf3ced787f74f797dd5c721afcbd8101,46914,0.0,0.0,0
R5_aB_m0,2,4,E,COMPLETED,12,90,12,0,78,30f9de35ab00a8213098b013ae529fc83b9f68430977db81a69a83793de98c92,405c91fe89d98d7156b23638c6ad89c46a0c4648b632e6596c9dcb3c3faf5cd3,47477,0.0,0.0,0
R5_aB_m0,2,5,A,COMPLETED,12,90,12,0,78,92dc2886a3fc7d26cf0917c454c6fa6a41de1305fc8b3c99e5d404d689015aba,195a3c3d10d7d6c22891eb00c1981bcc86b081173800b94d2c2984065d7a29bb,45467,0.0,0.0,0
R5_aB_m0,2,5,B,COMPLETED,12,90,12,0,78,632c6d33987f520b616ad107bab3eccc7adda6a6850e8e2ebf54055f58d83db3,c80980050c5816b4e5d3c568dabf4b2f17af8b128bacf7f212e6017fcf938fa0,46374,0.0,0.0,0
R5_aB_m0,2,5,C,COMPLETED,12,90,12,0,78,c69b570ce9adcaf2c7b88bc895be62abfa59aa9881638b3d6c5b6beef6a5802e,2fa2921802e23ab5f80246e4ab046d80724e45ac2ac76bdc820d23943ed36df2,47023,0.0,0.0,0
R5_aB_m0,2,5,D,COMPLETED,12,90,12,0,78,53a62e19c4e8be12eac0959ed21136ae96b278cd58a9ac70c7f4b7f09ab426e3,e2fe3591064067b6b0a7638df6c44a61dd3e784a48f192f794ef5322bc3440fd,46919,0.0,0.0,0
R5_aB_m0,2,5,E,COMPLETED,12,90,12,0,78,3a70f8f07931161c8091038129ea52b649067157995fba64dc94f4eaa38d5cf8,d064a38724c4dcad4831b06a9ea5049984a0df783ae3c7dd0903b471657f19bf,47621,0.0,0.0,0
R5_aB_m0,2,6,A,COMPLETED,12,90,12,0,78,c3d3ee035491651e34e611ce5adb9f8c9056a149c725bd082241fe0955312f92,d11a65b9f2f0e6e01f19fc6418a31a4a77070a52094a61924d107d1571b7f126,45575,0.0,0.0,0
R5_aB_m0,2,6,B,COMPLETED,12,90,12,0,78,2c515453879c6419b6bb6220aaefb50defd4ef4c858eb8dbd9c3fadec4cff4a8,7da6bb09172c6c9c3dd78cc9990b0b2882a716dca85500772c5f952627341fa7,46382,0.0,0.0,0
R5_aB_m0,2,6,C,COMPLETED,12,90,12,0,78,3df91e860632ed33471bc6c660167e614d0514fd2b101d1f66c7f051eeec57ce,e567806cee7cbf072a097c5a3affccad259df79adff8dfc15063d710e515b0d0,47014,0.0,0.0,0
R5_aB_m0,2,6,D,COMPLETED,12,90,12,0,78,dbc8d2afafb46a9a39a9fc592bfe816eea334119c4fed8a9afee632c35751268,b68ba7565838aebcf73ac55b195652aa438c682f0a7b5a484d9abc4526f67d9b,46996,0.0,0.0,0
R5_aB_m0,2,6,E,COMPLETED,12,90,12,0,78,29f555f95553c26b26b1602bd5acd281a3d3c5d48216eae0768ab95779aea5a0,ecb2399d082e90c1b8e3e7b09258497be3b99e149055bfd8674f28b961359e90,47618,0.0,0.0,0
R5_aB_m0,2,7,A,COMPLETED,12,90,12,0,78,12b19b7d7103e695e08e6c58e094cda75273a88d21ef15beb64b97e63fa046e2,3d6b342c12b1f2fc624e746bd57b842d218317411e53364ad001a73b8eb02cee,45559,0.0,0.0,0
R5_aB_m0,2,7,B,COMPLETED,12,90,12,0,78,8849190f9166495a69d54abaa56d6a775dc640f74a9cca1e3be60dfa4cd1c02f,3f52eb8d432d23669db6151305d0208ae2e70073712bc9be7d8285134612de89,46336,0.0,0.0,0
R5_aB_m0,2,7,C,COMPLETED,12,90,12,0,78,e8350effe0721c344b788788cdc0fc804f4460fa403f949f7b6559374f2ac296,9b5259c696eecb24ddcf512a75e74559ff22dc28429772465399cf6e956569cb,46957,0.0,0.0,0
R5_aB_m0,2,7,D,COMPLETED,12,90,12,0,78,db5a8bb1baa7392e440dfaeadec7363098a842972b93db5ef2f4d0682b15a994,61df68f52cb23729918bb0122907ee0117bcac01ce1604be54db56d33d09fe4e,46907,0.0,0.0,0
R5_aB_m0,2,7,E,COMPLETED,12,90,12,0,78,0b6ad2004992c8b7f6a4cf081022f68c267dba83a87aa8efabc54210e56cf9c0,e3065a437567ae8103523d8892ee24baca8987836ad2ea9d298c93341b2fd08b,47570,0.0,0.0,0
R5_aB_m0,2,8,A,COMPLETED,12,90,12,0,78,de354f0eec479b8a148a2afe5636f868a09d57ae0bd03788c579a40332ca0017,aa03b0c86c87804f6f949b28795134908e8bba7117167eb393e87992852c47b6,45545,0.0,0.0,0
R5_aB_m0,2,8,B,COMPLETED,12,90,12,0,78,384bddd5e28783a36b4ca0ecc6e335d8947d10d923e68c2bd24eae1351706a45,3e7d35a96381f0206157b1f0e0bd415d0735c3996f9c9719f183ab85fa495386,46249,0.0,0.0,0
R5_aB_m0,2,8,C,COMPLETED,12,90,12,0,78,4a02e7d6d06a9355ddede6fddeac8b8375aceb35532b445b9a495fd8b1b8185c,b22b2ada75791d4151927dd91a1923e4abb6a065ec4c5c5a276e5df26b95ba0f,47020,0.0,0.0,0
R5_aB_m0,2,8,D,COMPLETED,12,90,12,0,78,b238c9ef15dffa86edd5aeb83032780bd3bcf08ba568ac23782ef12dc55435b8,b32813fde66251fb05542d573afadde5f2f9e32e0149d651e8f91dac7cbc8c7b,46962,0.0,0.0,0
R5_aB_m0,2,8,E,COMPLETED,12,90,12,0,78,c318de37d43a028b951a792fec2483904d952054c1f10b2c84e359a2e447fac8,bf84a6143f8d931fe4287c68625478aeffeb2c5743f108c8dbe1aacf34aeedd5,47482,0.0,0.0,0
R5_aB_m0,2,9,A,COMPLETED,12,90,12,0,78,11b1b299af541b846ea8848a2c27c8f2f8d06ce9ee79215dfdfc56c36267815e,787322a431aa3d9983deaf9cb742a09b285ef34b0f5dfa5a07b94bc6bdd66f82,45540,0.0,0.0,0
R5_aB_m0,2,9,B,COMPLETED,12,90,12,0,78,4c52597f22a125c86be5771e321ed24ae2acee4b4664f655bd34589e0712e5ad,dd51def5834f4fe3bd3e635782ba721c509250ed1b2ca0b581d8fc2e73411e97,46282,0.0,0.0,0
R5_aB_m0,2,9,C,COMPLETED,12,90,12,0,78,ad0b020e8d64374df1a9b254f6e133ef45484e9beef3d04873be451ee1f722de,4604d692e665eae57f0efffb23fbed1f53f443450fdad369df0aba9ebe59bb06,46981,0.0,0.0,0
R5_aB_m0,2,9,D,COMPLETED,12,90,12,0,78,ee8c645cba2bed8bfa4126e98251eabdf79e9f85ece58407c2cd2b335d421df5,0c3a2b557a62e5dcfc9e38f841efaa2dd84b65a7f9755f3c42cb08bc4b32cd17,46877,0.0,0.0,0
R5_aB_m0,2,9,E,COMPLETED,12,90,12,0,78,da3a38928f8a9e174086b1ea903c98f02df430dcb59dccfc2eaa81516077884b,d897aab083bf2d9eeac7f7ee7e27c6be763926d5311b56a4ba5c3d6a7ee1fa48,47547,0.0,0.0,0
R5_aB_m0,2,10,A,COMPLETED,12,90,12,0,78,4ef0f6d9b3fa09efd75f4d79c21f78256afacbb8a810a6fea2cb704ad54c636b,b5caf7a621c397e75ea7498665937b63bc3700631bb7bec9350f790f3e717902,45537,0.0,0.0,0
R5_aB_m0,2,10,B,COMPLETED,12,90,12,0,78,93a86f1f53be016990b49fac702f56dc84cb8da884256257f269d5c946a76d79,5d1a27c55c6a73cda956dff3c4726072b65faacefa5f23d88c9c4796a7150dc5,46287,0.0,0.0,0
R5_aB_m0,2,10,C,COMPLETED,12,90,12,0,78,29141a691f10f772bdf15bba4d1e66d9d719b97a52a1b89ef5e861c986b43da3,4fd74db54561530283e8cb5727ec107f77f9bb7657bcd3edf89ba43eb9bb5d73,47009,0.0,0.0,0
R5_aB_m0,2,10,D,COMPLETED,12,90,12,0,78,9d70b242ac4b425ca1b1660ca51f30fc029b4fadf6c4302b3bed21e5f558ae03,e1ae7af3cdb97df5ea8ff10de35512d2ae852f4d3aa9812ed9dff7c0c6adc963,46987,0.0,0.0,0
R5_aB_m0,2,10,E,COMPLETED,12,90,12,0,78,2793a42c5b99ff2cd445e393e90a25505311727c2b605bcc421724ec4d7938fe,bb1001be3d0f4367702a5160101d7f7d384702edc2acca1c5ec832fe70fe626b,47600,0.0,0.0,0
R5_aB_m0,2,11,A,COMPLETED,12,90,12,0,78,f398cd7352aff5ac4474db96e6e77283331870e430d67b26f03b93193cc886ec,a3a881f6f4016c4883e85f1d6d7567c1432395d2ee11e2e7d7173bcb1ddcc753,45501,0.0,0.0,0
R5_aB_m0,2,11,B,COMPLETED,12,90,12,0,78,d4184f0ebaf0b462d46db6a69e59ed573e3aed2d8ff7cfa651148a4f71460cc8,6732522a9111eb6b5eaef01aa57d5f6fa65971468f34989e22c8af6fe00757de,46314,0.0,0.0,0
R5_aB_m0,2,11,C,COMPLETED,12,90,12,0,78,4ff06d83e5e692fff80f9be6276244fca997257dbb13d0bb173550957ec54bb2,87690ef56a5747693e8cfaadc49b6ba78648c592271c3866b633c61c333661ed,46938,0.0,0.0,0
R5_aB_m0,2,11,D,COMPLETED,12,90,12,0,78,91aebc543add1fb9f4ab67425bbecdd4a4acdf76ea09e0b4cf52846046431593,57c9fa2b8ce59a8651c99318899271ce7b67a9c50ab96283c4873cd7ad9b0a87,47026,0.0,0.0,0
R5_aB_m0,2,11,E,COMPLETED,12,90,12,0,78,2226d8a5bca4587fd9f8e2f132063d22d6752bb224bc88cf1a2e2dc29da4a739,90ab045aefb1850f962e3ef5153f76d16aa1e458ecc5ee23bd24c3f3b1c06033,47515,0.0,0.0,0
R5_aB_m0,2,12,A,COMPLETED,12,90,12,0,78,8c6c6bf991a71d537fbd65afb674bb9c63af6bfebed32917e4b6f1cb1652c403,59c2abbaaee0db9c5c4d004d2b82cb6180e0d46adcffff7f9ed384cf05a2009b,45460,0.0,0.0,0
R5_aB_m0,2,12,B,COMPLETED,12,90,12,0,78,7e179159c181450def2d2bcc784213d3d0da21f006fad990e4ae24e74ac0fb75,587805b3457a8d65d77ec8e9a278bf0aff466778420d1633e99acdf9693a4fb7,46312,0.0,0.0,0
R5_aB_m0,2,12,C,COMPLETED,12,90,12,0,78,70c018d477c524599a5974205e2bc1608163da7eca0d7fae245a6d61a6edbc17,28f33ff4311cacae1586dded475413c2214b48e807b84c229d22e40a6ffae027,47006,0.0,0.0,0
R5_aB_m0,2,12,D,COMPLETED,12,90,12,0,78,fab74fbde7ae0ce3eb4a1955fe33da985afe4df6f112beed3b8e760fa60b3e8d,6fd99b9ac29329afc4c5ddf7eeab9546d58ee4af84d9b40bc887f69ea7c7986d,46982,0.0,0.0,0
R5_aB_m0,2,12,E,COMPLETED,12,90,12,0,78,a30aea26ed784a375354ec34ebe5d040fcd54eb49410fdb4effd16b6ae90b1c0,9810a265cf92112a7a890a5520e18fc805be5e62d44523ea041f2a478221d2a0,47508,0.0,0.0,0
R5_aB_m0,2,13,A,COMPLETED,12,90,12,0,78,da9b5827ad890f2ed3cf638bca20fb9aee8b327d911c9c06669fdec378fab0a9,352a014fdb6d7a050ceff45925a66aed3cddb4a05cdf3af90d35311d633540e3,45480,0.0,0.0,0
R5_aB_m0,2,13,B,COMPLETED,12,90,12,0,78,508337685925fdb962dd63190f6c0482df52a11da83acefbe3d7d45f97c7a4a9,100926cb34e3603531d8ae57b531889e0b43c117719d0ef32351128ed9a4fd64,46373,0.0,0.0,0
R5_aB_m0,2,13,C,COMPLETED,12,90,12,0,78,44fbbebff97c76e5af0b02a2e12172f35936fabf676e1a81e70c0b615a5a8183,4ea8897f8aa56f5fc428e3611bace086656988126f6c5f91cd3e8e89f41dc3f2,46969,0.0,0.0,0
R5_aB_m0,2,13,D,COMPLETED,12,90,12,0,78,3c672ca221a0dfe246d47265f6480ecbfe172e3d3886e929cbee1742d5cdb0df,c073468d40e4bd9db9ffdb3b3004fee0c16aa2f889387028c85ffe96ae5534b7,46963,0.0,0.0,0
R5_aB_m0,2,13,E,COMPLETED,12,90,12,0,78,6e2b85d2ee36a4ff0211566ae349c3d9e9c2bce0ee4099f743ed22c7e743b5d7,cec9c463ddc47810647c0aee152a9bb084e7d7b7087049fd210a72a9678b4226,47549,0.0,0.0,0
R5_aB_m0,2,14,A,COMPLETED,12,90,12,0,78,90d8a7589071eda30307e62c6a3d02e40fa27059a31d7c0268f9ab4860e2605b,b9f0ef258425851723f8e67fd283ffee55975ddae8e6ad0abe365fa361e27611,45595,0.0,0.0,0
R5_aB_m0,2,14,B,COMPLETED,12,90,12,0,78,788d9246e59a8cb4e162a502fef216a57423c5b96ce989dae593db970e95956c,4fb8297652e7b45e1e778b33e86254d167c31111a092c184af04dba90b8fecbd,46349,0.0,0.0,0
R5_aB_m0,2,14,C,COMPLETED,12,90,12,0,78,702625cb81c99950e09db5228642fe121f3a726ddc38ccb44dee27df83e1256e,5ba83a8b7ef9302f231534784460b1c5c78aecbc147faa41424499fdbcf817fe,47137,0.0,0.0,0
R5_aB_m0,2,14,D,COMPLETED,12,90,12,0,78,de4e86c52a783efaff5caefefa4e03c975fe757d09fb03138f619e1cbb18ee88,f2c06687ff6de00914637d92c06c5c988b752a897f76df8148c85e5fe95422b6,47086,0.0,0.0,0
R5_aB_m0,2,14,E,COMPLETED,12,90,12,0,78,38ca6cf099ff9b89bc393a55ce2388063796a7c0d1a3d872ce7278cfb21f511c,02f948639ba0973c40c3daa0e80b4b3a1ead88908ef03c6a8ce5ddeaba323f1f,47539,0.0,0.0,0
R5_aB_m0,2,15,A,COMPLETED,12,90,12,0,78,901acb7ab1d7b04ca92abdca7fc11069405c11d37309ed96aba2a310c991d0bb,e1b5f9c94cea793879a757e9040a80a2a1d6931ad7f7202012bac26fdea3c0a9,45540,0.0,0.0,0
R5_aB_m0,2,15,B,COMPLETED,12,90,12,0,78,abf41d8b63db15f177cfcf485e2c7cd9a63a49a468124db902f236e8a7570ac5,3329ae15d74d9e252e4f939f1bf9769565ce7d9cf65462391ef49a859ccad209,46303,0.0,0.0,0
R5_aB_m0,2,15,C,COMPLETED,12,90,12,0,78,dfc11e4b93e697dce24787b76b9fe9c2f0b000fad6a868495090404ba3beebdb,3c5de24f2432d3fee057391434cecff91a58083973c02dbd722be5f3f939b2e9,47038,0.0,0.0,0
R5_aB_m0,2,15,D,COMPLETED,12,90,12,0,78,ce7a7f88f743a234caf3a1ba71d81f0b8a2d57bd945aabd3ea74b606d49e7570,8e63e32b893cffd32b3252c9ee069a183c3be74e01951339181d841ea6b18fe4,46990,0.0,0.0,0
R5_aB_m0,2,15,E,COMPLETED,12,90,12,0,78,73e8b75eda41d21053c1de5e565e1c38993ecdaaee3dd44ae42a10b7c986d247,ecab3541b4c719c085ffd2260cb455215111340244933becd186b11956b0f0aa,47536,0.0,0.0,0
R5_aB_m0,2,16,A,COMPLETED,12,90,12,0,78,e8611633c46415c35587a6621e072daac7c53def788e2c2735fa904dd1d399be,1ba511e46a581b635e213cd8dc471d479252a3cae95d3b1ed1dfad45b21cdf01,45466,0.0,0.0,0
R5_aB_m0,2,16,B,COMPLETED,12,90,12,0,78,b8524bb5794c0bfe9072672861ba82b09376f096a62d3b76082fa3c786fba204,38eade7c0d2f88766dd290b79cdcc357d4d0e2fe41318d16df8d05e4dc635950,46361,0.0,0.0,0
R5_aB_m0,2,16,C,COMPLETED,12,90,12,0,78,99ee09ea2efaa995c9c47fe4493f6540e5f6ce406f80c207f18dcdf11765284d,135deca974448ff14e88ef65bae7a6b3a045a6da3141f6ec22e06fd0f3b1de2d,47038,0.0,0.0,0
R5_aB_m0,2,16,D,COMPLETED,12,90,12,0,78,9561393af46ff7e964f74110477ca3d03e14c6fc539b1dd5bd000b8c74547606,c3c12306c697339695d6982b07f758f9f2fda8656012953705b612d878bdaa07,46919,0.0,0.0,0
R5_aB_m0,2,16,E,COMPLETED,12,90,12,0,78,7288173318625442ca3379b4b37e8d7985a5952c329c199a2666e812a17682e2,5152aabf3888800ccbab4631aa4a8b579c4ddcac213f78db3e3af5419425b39b,47557,0.0,0.0,0
R5_aB_m0,2,17,A,COMPLETED,12,90,12,0,78,4ae319d30e6ce402d74735e19621529779db3579a88b30f3e29939ae774b961c,d8a3a1882c28bcc086096e2fc7ae0697052d68818edc950bd1f5eaea64774c4f,45542,0.0,0.0,0
R5_aB_m0,2,17,B,COMPLETED,12,90,12,0,78,63dd80b83167ffd0ae50f718dbd94e7e566f6f9157ad17ce4b925f6e230e3acc,bb94fbc77615e687310a0c3c0ef022c1768b72bde1c13a267b2cda07244c4d98,46260,0.0,0.0,0
R5_aB_m0,2,17,C,COMPLETED,12,90,12,0,78,acb075859c678dad637b6263fad38b1686207117eca4a7c9e169bfc9bed6932a,9c6182156a565fcfb0dcacb38365f689e867dd5be94b962ff0440045dcce1c90,47006,0.0,0.0,0
R5_aB_m0,2,17,D,COMPLETED,12,90,12,0,78,0f5f427dcab56afe0c1719657a5f25f1e4cbda613534528eb9571c2597b7ee6d,dedac5af41d53d71fd97e4d5d6131d3d986619fb5a678e3569bd63c0fc34241c,46954,0.0,0.0,0
R5_aB_m0,2,17,E,COMPLETED,12,90,12,0,78,93c002ccae55493cbde672b922deed483d46127091a386931ffa598dba30c1aa,f5fd6987db6595302410056491d992a2b0bfb8d3a6c722594177b17735384cc3,47524,0.0,0.0,0
R5_aB_m0,2,18,A,COMPLETED,12,90,12,0,78,cead2aec94feac45358bb5393059353ac3d8bdf1a2b138b13b0f3299c02d3947,708a2010554caeefd91f789e40aec5b0aa842719c9ced9def60a7f2bcc578f59,45533,0.0,0.0,0
R5_aB_m0,2,18,B,COMPLETED,12,90,12,0,78,17f205f221e1225cac7dd1277cfae529a89c5f44109e93e5b47dad6729e3d6cb,65664d0e829df3b399de407f0ec82a4f177cff4307565cdcffe429974aa6ad0d,46377,0.0,0.0,0
R5_aB_m0,2,18,C,COMPLETED,12,90,12,0,78,7e14a099a5f9bc93ca3624ed39a01e0708b0dd4807ad766b6d4a1cab66ad2a08,306a697ff1093d3543abdf2a2321663e64c55e9fe9367261936ff6be3b603005,46885,0.0,0.0,0
R5_aB_m0,2,18,D,COMPLETED,12,90,12,0,78,762cc3bfd1f4d3a5edde4d8f6036e185951cdabc769c98c1e5e69207d0d9f20c,59e869f33dffd43d5484209408a51408bc8c34201a423a4041955fa1188c74d6,47019,0.0,0.0,0
R5_aB_m0,2,18,E,COMPLETED,12,90,12,0,78,24fe2308a4aff665f469c442cc6cba42e1e8ed4d67fc900954f8d730e7c68cac,6fa033d7f1a3143e9460132c44aa628325724439ea40b887ea2a40a1eaaafa3e,47682,0.0,0.0,0
R5_aB_m0,2,19,A,COMPLETED,12,90,12,0,78,4471659b5acd1e7fc113032e9ec22409c5861dfedcce9afb2afb7fcc6b4af32b,ec7848b123012537f3bbc23a1a8e325dc74b2ad40b567d83cac2b0cc95570c0d,45497,0.0,0.0,0
R5_aB_m0,2,19,B,COMPLETED,12,90,12,0,78,a30d466987ebf6638352773640fa675bc7cd2a54e836d8d92a68baac5b2c764a,2baa8d04472805d26954dfa1fc05319955521dfff71f2ad3741425f1b26d20cc,46268,0.0,0.0,0
R5_aB_m0,2,19,C,COMPLETED,12,90,12,0,78,d5f8b6ef1d14088a34bb3da4d342f6e3dd5665c855b9d202a42b1972057dacf4,efad9d8b0cbc6d581e13bdaff1a6d7ecc98777821fb87266baeecc5b94fd4df9,46973,0.0,0.0,0
R5_aB_m0,2,19,D,COMPLETED,12,90,12,0,78,a451143678bcc7f2625819b980dea7eefc249cd3ac5a774172ffb40685383869,7b7c737aad6807265a4cc1ad2cdad9287db144e8e892f4a18740b0fc50c19c2e,47029,0.0,0.0,0
R5_aB_m0,2,19,E,COMPLETED,12,90,12,0,78,e0613be9b9a3f766867bc5d85874548b6052b5b05384475f9766b62cfd7cc266,937f93c602ebac0af9d672fec856e6ad423400a498cc266f0e71ce7066fa0391,47388,0.0,0.0,0
R5_aB_m0,2,20,A,COMPLETED,12,90,12,0,78,3b7b641ec3b7c08d601c34472573ded8dd7fa064139528033268e56051935e3e,a05f851bc25109e8df3a11e25483d2e35161d55668330a3223611d45a97fb385,45469,0.0,0.0,0
R5_aB_m0,2,20,B,COMPLETED,12,90,12,0,78,03b15d58abd83f0c607f62c69d83dd706219bca0a3d7ef71f22683bfdfc12817,ad02503176ed2b28a8b898458b1cc8c469a0c0e5b7c656e1d0e9ac9d1436460f,46333,0.0,0.0,0
R5_aB_m0,2,20,C,COMPLETED,12,90,12,0,78,443bd57a2c4d431b9f566bf9ab38f2e7db4894c72fc7a1491ccfcd282505a972,aba75f30d8bead362dc890304b37fed5ae159ea9eb437248a0e969d0ae2c0d8d,47059,0.0,0.0,0
R5_aB_m0,2,20,D,COMPLETED,12,90,12,0,78,92ae6272dee53c9d634ed53df48c65d2efad820645149ec77defd01b75857b70,aa3aba3f92e757efe258017aa66988082358d26ae687e3eeecb1f45b95ab8901,46928,0.0,0.0,0
R5_aB_m0,2,20,E,COMPLETED,12,90,12,0,78,cd88d46816f8850bf93363c8560cd0ffef1d565aa63dae288176da88933d9ac4,b1c0d41c121d07f2548db6d13579ed55e7379958fc9f0abb8d6089674c890f6c,47497,0.0,0.0,0
R5_aB_m0,2,21,A,COMPLETED,12,90,12,0,78,68c7e7a5811b9902c1c5f82a6d69b7f711f59c13128d941ad3a8aaf4890891a7,2ae3cf57f5a2fed49c79a8d10f678976c984f902de25e352daa2ba44788479e1,45478,0.0,0.0,0
R5_aB_m0,2,21,B,COMPLETED,12,90,12,0,78,91fc94a937a152590bf27f7f7bf7fd6dfcc145e7f46f0965daffb8c2f4df6027,2f1fc458fc7d2c2a290b53dbf321e36f8c6eb69f07cd0f1894fa5f75902d3800,46300,0.0,0.0,0
R5_aB_m0,2,21,C,COMPLETED,12,90,12,0,78,a54907b7fb208a69fb3b2a8a24ce1837fab6699c8d1e55646c6765b7deb082b3,ce96a0b0220f45c6930d91305774df69bd899219ad00a813ceaf114deaf29ce8,46989,0.0,0.0,0
R5_aB_m0,2,21,D,COMPLETED,12,90,12,0,78,9f19a8ecf1547426749099a82e0c9086724b81ed492719cc18116ff5b20a4dff,1f4f7230e4f213f45beb75f9e2a9fc96ec0743b563668265c8a338f432400b4d,46925,0.0,0.0,0
R5_aB_m0,2,21,E,COMPLETED,12,90,12,0,78,73b4bd3c27c5a4709681c714515b7ab59905daefbe181773204d1167df3c122c,0cfe0885746b8766f0447e4ead79311d9c7f8d5e111c883ad891b650e6aceaaf,47482,0.0,0.0,0
R5_aB_m0,2,22,A,COMPLETED,12,90,12,0,78,3626140a788489c6bf79457cc6f3ed4ae059b3d417f6e44bee223164460dcfbb,493c44be9b26961ca95ed06d298cc70e4727499718de34a44c795cc086c5e73a,45451,0.0,0.0,0
R5_aB_m0,2,22,B,COMPLETED,12,90,12,0,78,d28051e13bc241ea66734ffb891cbc18e30e3c694d0546ae04f057a7424c2d1f,94d7f43a9d08d9daebcfd5eb550893d3eba8af7716159d2a180f49a96bd393bd,46347,0.0,0.0,0
R5_aB_m0,2,22,C,COMPLETED,12,90,12,0,78,8879cada94357b77214e380a854e51a866b1ef370982bc50e2fa1131b814b766,864f927cc660aeec24f1dc3b89e585a244c075c665489c85b42ee4fff75f59df,46968,0.0,0.0,0
R5_aB_m0,2,22,D,COMPLETED,12,90,12,0,78,f27251aef9f420aeca9d05a22cee34850a44fb2785ce9d66538d43cec72e7f59,4694117092d671684d2fc713f2f775a5317ea0f60e33442346ac7299ee33d95f,46924,0.0,0.0,0
R5_aB_m0,2,22,E,COMPLETED,12,90,12,0,78,419420ea48d39c1b53ea7b3153d546f8777a9fc21127672962b5c416405b52ad,7f795ebb73dc28ed692c1d5d07ba9fbe0c38a8ed2b48d5c5a574983b0dea2ca6,47500,0.0,0.0,0
R5_aB_m0,2,23,A,COMPLETED,12,90,12,0,78,6eea3385dcdbbf1b63d6754734a769684a3e1ec054c4491cab3e85f1936a7f60,817211d2bb5e169c368ec3e85200108acc358ecc7952c3541f591b627859fb8f,45562,0.0,0.0,0
R5_aB_m0,2,23,B,COMPLETED,12,90,12,0,78,1837c48175272d6b526ffe819277ddced03a4d8b1a54a6d8bd36d1643a06087d,12913c7fd5581002e52916015da5e5fbb45807ca715a8101d79582242a006ddd,46327,0.0,0.0,0
R5_aB_m0,2,23,C,COMPLETED,12,90,12,0,78,614626ec9070e6dfd06749bf1f184b2bdc0fd901b674c82d9796323cc1d5a237,1f1bf112ca1c48efe924a62965a6572868e12f5f6633582df8300d5899595d1d,46949,0.0,0.0,0
R5_aB_m0,2,23,D,COMPLETED,12,90,12,0,78,90e6f4c2022e79577b149b45356002bbe3a6f9b9880b8d45df3d547c1cf88a59,2536d048246a5deca79547c545fd09f393584420c7efedebb7074f631ae76151,47003,0.0,0.0,0
R5_aB_m0,2,23,E,COMPLETED,12,90,12,0,78,d25890540d6ec73d838162d051d733e4133240571f700df5faf679644e92d1d1,490785304a8a13bdc6d1d6c2d2047d03fe4909c565a82f6e780d4251df6a38a1,47507,0.0,0.0,0
R5_aB_m0,2,24,A,COMPLETED,12,90,12,0,78,412be932cc48eb459aafd924ae4988c57a50fc8163a1cdcac024ad8d8823ce37,b0f25cb20c0f9f1cae02a07bc651118ac75ff57c7d2e48809765a3f44fcb2320,45554,0.0,0.0,0
R5_aB_m0,2,24,B,COMPLETED,12,90,12,0,78,49e8e42ec50c7c7be4dfda491d17ef770e731866a35baefa4ea2b862374aae9e,60d22b6bd105279fae063ee0831bf83ba8e6a8c5e92a5e816ca33bf8077c14b1,46371,0.0,0.0,0
R5_aB_m0,2,24,C,COMPLETED,12,90,12,0,78,d5fa31b5daca11661da6dafa10e160b549be63897a75ccbf3dd49fbdbadedc34,bc8bfd41c83384a3db0de29618e28a26f95c8e7f4fcb4f00fecebb61f51c3fb2,47019,0.0,0.0,0
R5_aB_m0,2,24,D,COMPLETED,12,90,12,0,78,e16f7f6b2c25856b6029d9eebc907ef444acac9d475cddedb3d996b7cf5fba4f,7fb2c6b8fc42a2b38dd7414e7729ccc0e43ba6668a30527d49f1a33d21c22481,46957,0.0,0.0,0
R5_aB_m0,2,24,E,COMPLETED,12,90,12,0,78,b2068fa76ab4d10fe13243fcc866674c78121981320cbbc274cd069eb1308e74,3e955392c1340b3089035fec5770bb1aee1383f399b13a36399f49ca100727dc,47588,0.0,0.0,0
R5_aB_m0,2,25,A,COMPLETED,12,90,12,0,78,ffbf7859f29632ffbc7819be4ecf082fb45db8a2e2e5101b32208272134705b8,76d766923118175af8c40e3be17a1dce6af30dc8ed28e05f213558413922d156,45474,0.0,0.0,0
R5_aB_m0,2,25,B,COMPLETED,12,90,12,0,78,8755c846dae2db8ae4980d70f8a1faa2d48ae84329fbbb9a983f936427c9607e,0418d209ae69376d88556c8e77d39a1fcce2ba158d52705f3fb9a6b9d23b8a79,46363,0.0,0.0,0
R5_aB_m0,2,25,C,COMPLETED,12,90,12,0,78,4fa0db585991a8421415375c2fa84c26573ebec554aba3fdf8fb8db83e652f3a,1a61cc15258a3e4eb48d0ca495d9acd75a68a0ae94c6dc72aebe2ae4ca6e08f2,47029,0.0,0.0,0
R5_aB_m0,2,25,D,COMPLETED,12,90,12,0,78,dbb40a2217901dba6d4f6ca5c81a3ba8fa96ac57489fc266293d12a586126e1f,d3ea2094f4a96b3ce24c51692c7b958536119bd9c05bf4c92350c9c3171d5db2,46947,0.0,0.0,0
R5_aB_m0,2,25,E,COMPLETED,12,90,12,0,78,46986f05f748cd404f7a1acbce10220ae611f1856b0916a4fef01010c9acd98a,6aafb4afb1b30722b1c82f78f942dcaa7ddf2d69af41e1d52906b10406561bbb,47531,0.0,0.0,0
R5_aB_m0,2,26,A,COMPLETED,12,90,12,0,78,bf75980443154586f789350612cfd6fbaae13ee9eab90f8b23eec02bbb664571,07e4d618c148f976ea7e97b0ccb105590184dd8e84c2e10727ea7e9e0f42b204,45475,0.0,0.0,0
R5_aB_m0,2,26,B,COMPLETED,12,90,12,0,78,d22ece35e99f2d71d6323a63e6d2f10d5a2aef9da3b25fe8ab435d69d3161ea2,0eb1a387aa6f0dfafecafc3a55af90b882c59201afb9704aefc853660a361ca8,46315,0.0,0.0,0
R5_aB_m0,2,26,C,COMPLETED,12,90,12,0,78,368ade9efedd711a0e4d9c752143a6a2e291b1e2272aaa83fef2fc66666c6900,f444b1f85fce41589d8e090a392734cdee0785e3a398160ec6b75fe27d1e73a4,46981,0.0,0.0,0
R5_aB_m0,2,26,D,COMPLETED,12,90,12,0,78,8b685c339fcb78971c2c87fa008a665720d91910acd1b3e1269cf8c0f1d93797,9f95526b2e4f6fa83dd9430897ab12b01e4d87e85378456759df123e3f489ef1,46915,0.0,0.0,0
R5_aB_m0,2,26,E,COMPLETED,12,90,12,0,78,27b2153941593a31e431f065ff2a6240697b6fc07e9c926f423a50bd15bb4a89,4c903c1ae4bc2f988290bf95b8e7b4afef6e86a715495d94f37125b7fe729383,47569,0.0,0.0,0
R5_aB_m0,2,27,A,COMPLETED,12,90,12,0,78,373c41f32df4f9e58dbc713eb8e9d06e5e2df42602632f386b40bcde6ea4ea0b,73b4702f63a7ecdfd2aea414ed0218f3fd63e4ab325626bd41154726617bfdcb,45470,0.0,0.0,0
R5_aB_m0,2,27,B,COMPLETED,12,90,12,0,78,c2e351bec78d1cd15b9db8c5527045a065b7075b1cd8d5eb4cb0b23ea3b587d9,01be3205dc758993793e46713b8f7193ec3f08050ab7cae0a1b53f6338869621,46303,0.0,0.0,0
R5_aB_m0,2,27,C,COMPLETED,12,90,12,0,78,dd89d2903f2d0e9265974dedff5ea30909e65e64c3bd416f4d9f3bca6c771fec,2f5241b40275a9fe58b574f2c9c55c15012b683f6a921eb74c84d492a9b688cc,47049,0.0,0.0,0
R5_aB_m0,2,27,D,COMPLETED,12,90,12,0,78,9e8652ead6c274f297790917569bc7e45e9339dd4150cfbcc5fb726f31f407dc,3692cdc95a89ce07e7afadacad74a74a5993ee8c30b79ab8a4fd9bdc99f4e1dd,46976,0.0,0.0,0
R5_aB_m0,2,27,E,COMPLETED,12,90,12,0,78,fa5755a4418a8e7398bf3f687222e6b63c5bc4ac0fcbfe1ca2807b53a98d2233,99d286244931b6caabf7db2f3608ea089514055f76d03a2fe5deea5c29382655,47502,0.0,0.0,0
R5_aB_m0,2,28,A,COMPLETED,12,90,12,0,78,0d955ce07472c237a9ddb820b8feb00b0051c3dd0f56689774f65fac1aa33086,9139a3d7684b776cd714d8179b8410822ddfaa780d0f8e9ce008d33bbde4927d,45475,0.0,0.0,0
R5_aB_m0,2,28,B,COMPLETED,12,90,12,0,78,16be0302f8b7884a76679a01df668d3a8dc00b3db9f0de4710f9bd79a34881ff,1c92d092872d89913f97a4160716f1964e44ea631c447af3a280e578c938767b,46343,0.0,0.0,0
R5_aB_m0,2,28,C,COMPLETED,12,90,12,0,78,2304c3a301de3dbfd23e91149b2fd294aec528537d628065d5160ff7d29771e8,498ec93043290711c55f754c3489d6f93369c0050b075a607ae7db06672fe7f1,46975,0.0,0.0,0
R5_aB_m0,2,28,D,COMPLETED,12,90,12,0,78,f52f390eea03f1fa18616a8c1ceb818056c0b66c54b246a4cca01e04ebf97c21,8e251a6d611589e70b6a19432fffd823c8f131c6c70788d0ae19a16dadb6b52c,46961,0.0,0.0,0
R5_aB_m0,2,28,E,COMPLETED,12,90,12,0,78,44ae85b70df3395c62d052a1901e6b6282951950dba0eb372d365cb8f7ca281d,b1bbe6654a8db3ee80e7756017c31f06ef28c2dd121bc7ed35d85396b9266493,47558,0.0,0.0,0
R5_aB_m0,2,29,A,COMPLETED,12,90,12,0,78,c59a997165a212bcec17af1f3915bd9ee772b447501a92e338c5780a18090647,114c7050f37ac248d4ec6d04a5c89a98bdc39dc8d1c1014a0f943fdc1bc0db71,45528,0.0,0.0,0
R5_aB_m0,2,29,B,COMPLETED,12,90,12,0,78,e3fcb32be3649f48cf541702cc88f648c1a6c8c0c00f4bd9706950ecc9157cd4,8451203de18da4295e8c3638930027eb564439c001b2778afa64dfe383762e03,46397,0.0,0.0,0
R5_aB_m0,2,29,C,COMPLETED,12,90,12,0,78,d8d37de3cb3061f5ae4af864c2f411eb0c527de7f443bce8bfe1e38e2bfc0c2f,d6fc3557195f845db4af480e9635660cc51607c40e7548a3392596e458594529,47032,0.0,0.0,0
R5_aB_m0,2,29,D,COMPLETED,12,90,12,0,78,31e1d14d832fff7d0cfd9cbc644316d714a42cf4ab37e392805e4d419e8516f1,ec7bda98db18d8f06b30026fadcf4237d84aac387ecf5d05ebc529af3464c41e,46958,0.0,0.0,0
R5_aB_m0,2,29,E,COMPLETED,12,90,12,0,78,5d5218ade61fdf3113a2bdcb93c258302f7767801f096c0a399ade33bbc5a0bc,82ac18d4aa194815016e2864f1e1cbb70b1b0f2f10a70106ef1df50b24462b88,47578,0.0,0.0,0
R5_aB_m0,2,30,A,COMPLETED,12,90,12,0,78,96a560409bdf5c32a1027c3fbc4acc37428abb1986dc55ef7bc1915dc2d3ed39,5ce75aae5926f13ea4a0e90a9f1c906e9fc04d9bcab328eaf06052d4fb9a730d,45488,0.0,0.0,0
R5_aB_m0,2,30,B,COMPLETED,12,90,12,0,78,5522685a4ade27dd0acc2e5b25c9b92568e1575a4eebf6ea705ab78a5bdfa471,22149f6d119a1612c9584c39f387a89fc3d309c64a5714c8e4d1cfce13ce48e3,46311,0.0,0.0,0
R5_aB_m0,2,30,C,COMPLETED,12,90,12,0,78,c32ffa92bac6e3097c4ca411d8121cd46dd40eeceb9bde8e94c42d52a961689c,c618502acb9b1b9687855fc7b864e79913c135c96b4799ca4c740c3747400cc7,47009,0.0,0.0,0
R5_aB_m0,2,30,D,COMPLETED,12,90,12,0,78,ffbc70313894f8cb132ad71750d1cc57f3fe6bb1236094d1d3cc58253d4b2ba0,bf0ac33e15e140ece2368f993de099ae004e2a2490dd5de6cd3e4fab9c6cc396,46936,0.0,0.0,0
R5_aB_m0,2,30,E,COMPLETED,12,90,12,0,78,c6849218fa44f03d10b66903790cfd7f15efb2c0910b277cc1be715bea714534,3440d2acfec187c1b97395483311eeb2a7c937f3620300a2b6614616aa5bc8ec,47497,0.0,0.0,0
R5_aB_m0,2,31,A,COMPLETED,12,90,12,0,78,681844cbeb05198ad82ee7e0673cee1562ca8adcda325ed04b8ae959f9451a37,3f20d42b87d10339ca27ae60ba599ec68286f0c3e039bd35616a119a63941ce6,45389,0.0,0.0,0
R5_aB_m0,2,31,B,COMPLETED,12,90,12,0,78,655f1bca5a5941f8f3d4bff4dbe62d373d32e3ee5597f38ad39e00ec46e921aa,9584b1cb78a02a391bd346099b004286644a667392191c763440e60050bd01aa,46323,0.0,0.0,0
R5_aB_m0,2,31,C,COMPLETED,12,90,12,0,78,95a372f7f05df0b62599bc10b39106727435559b553aa3e3aa7e075c39f313ce,4f5057a7c09e66c093ed57de50ece2e77a06fb205e16871bd46909736b7f95d3,46920,0.0,0.0,0
R5_aB_m0,2,31,D,COMPLETED,12,90,12,0,78,263c6cca585d847158b50bfa880d01c0d89e41bd1bc47ac4bd729384951948af,64c79625963b6aef88dc72c50b9bd25eea372e1aa1f881c8482837c1729130d9,47015,0.0,0.0,0
R5_aB_m0,2,31,E,COMPLETED,12,90,12,0,78,1f17e086e59113c6270fb227395128290e1d7826b6501f7448fcd796bb2a40ee,c904239aead2c49fc4688edf290e14ffe3d5d4731d8071427dba587ac14465d1,47518,0.0,0.0,0
R5_aB_m0,2,32,A,COMPLETED,12,90,12,0,78,9514e97ba6dfb98c074601457e25d4e486f178f8bfa1210af05213b64cdd07e7,b0815e11ca49f2fb54f2431b7935b8462af36307bd16d317cd29202a6027a82a,45513,0.0,0.0,0
R5_aB_m0,2,32,B,COMPLETED,12,90,12,0,78,26870e9cd93da91a4e7576a0bb508dad408fd01b6a726ae811e8eefa592d825e,699448bbb12af67b228e04017bb120888df7a6dcd91275d35b48b140f25f7696,46424,0.0,0.0,0
R5_aB_m0,2,32,C,COMPLETED,12,90,12,0,78,82923799552edd9f8ab9543480de932869ad37e89bc7d17919014275f6a9036b,ef1cad3a957448ea146ceae9c6acabebf0d1775f6d59fae0b37ab0d63007c7e6,47098,0.0,0.0,0
R5_aB_m0,2,32,D,COMPLETED,12,90,12,0,78,ab127cf82e55944f333e5e5873aeaef3ce745799c5f7625639504f8adae51622,50a98e90c12bc28d2e38771ab78195c31c5d6bed3a93811e3449b50962ca8f0e,46967,0.0,0.0,0
R5_aB_m0,2,32,E,COMPLETED,12,90,12,0,78,6ababaf168a08559c616f5c6cff05f116538f02d8a8d3a3d8eaf2e80ce1cbbdb,27a69ebd56832d928d5120ebb90498118035fcc0fdb5d6cebdccff6b8297fb7b,47597,0.0,0.0,0
R5_aB_m0,2,33,A,COMPLETED,12,90,12,0,78,a565e0b127a18197522b8a31b60907df038db695e6e9ffc783b00d6a7cc0540a,3f72c5825055877175785c80d07cf9b6b3b3f9d3bda69e4827123298b4938d4f,45474,0.0,0.0,0
R5_aB_m0,2,33,B,COMPLETED,12,90,12,0,78,a7591793a1e63f7da5823ab30cb5717ef95b21d7f1cc5b8b418d1c0703609659,242cfbe31d82c1cbaf3d0e3962c6ef188b9b261b3394da88c893014dc3114a44,46291,0.0,0.0,0
R5_aB_m0,2,33,C,COMPLETED,12,90,12,0,78,bae8bca47252077295cd2d11ed8eb04bd43d2c525562c48afe5b9c158215b960,4bdbfb40a8293268ddbe5b17453ff9cc7586aa85ca9100a9d2e0f9d67c0a2873,47048,0.0,0.0,0
R5_aB_m0,2,33,D,COMPLETED,12,90,12,0,78,ec6218ffa019936b9b79863825c8ea9d86d41505bb7c17e96bdc02d4bc1e6c90,6d7e2e8615653ecde2540efeae3cdefc44ded0cddd7e0caa2337a2e90090d0d9,47027,0.0,0.0,0
R5_aB_m0,2,33,E,COMPLETED,12,90,12,0,78,f068daaa1ed3284ea4837c35a5104e303b00923bb09fba9386e3ed79e5499413,68eb6d310f7940287c17353b4046b638cafbd96eb68e15c2e3a7820904959f89,47545,0.0,0.0,0
R5_aB_m0,2,34,A,COMPLETED,12,90,12,0,78,bf7af32a1b1635979e941ef780beb651009d4d57aac559232d1a922353a50729,dc4d245ec70ccc1eda5bf2830980adb48f268422161136a8a44cd1d9d2090366,45480,0.0,0.0,0
R5_aB_m0,2,34,B,COMPLETED,12,90,12,0,78,f1feee44c10b062b0f94c246ddf4ea5ffaa3e9e870e68b8f258c7b9b8d11d3b1,418b9af109451ac911e53d0204ffee0714d3c69366502cfac4d4cb9197233744,46355,0.0,0.0,0
R5_aB_m0,2,34,C,COMPLETED,12,90,12,0,78,7262bdbb4b5fa0325a811a24321f60d77edfe6a1abe3aa1338704eb52523f773,387d2b9c50d290463be369b9faf8b062b729c70a44227e11d4ea47222fe73925,46999,0.0,0.0,0
R5_aB_m0,2,34,D,COMPLETED,12,90,12,0,78,bded40b682e6e6f92d5032cfe8cf0a06bdccfb788717c36cae0df2e3b4a6dc43,dfb63d73f29c6671004a684c51092443052d4476a5144087e4aec6408f4ae005,47015,0.0,0.0,0
R5_aB_m0,2,34,E,COMPLETED,12,90,12,0,78,5a0b11873a5af164e20713f19c58024ad0811c442b7ddd5dbce7375497bc1cc4,1d0d15050030a72944ab20f39e8c1eafff62a2225659c2734b303702cf747223,47522,0.0,0.0,0
R5_aB_m0,2,35,A,COMPLETED,12,90,12,0,78,1a1c54a9416f59b32dccbed319199cd0616513ede93088bac4262494031b6461,2efe1c11f06a3b3790a4f1549eab47b77a5c3b43234ce761f9cd11fe67b8c528,45505,0.0,0.0,0
R5_aB_m0,2,35,B,COMPLETED,12,90,12,0,78,c2e22a7d54f2cc53cc295e529d76222218573f7acbe034fa0f5fed33b9953c09,5c12fe61b0ccb206c6dadeca60e8236a67732c360e0fd95e0b9996b7c1005e50,46276,0.0,0.0,0
R5_aB_m0,2,35,C,COMPLETED,12,90,12,0,78,11eabeeef120b5c721e1aaba03dcaecf88b19a8a2ac393b2028a5eeec0678a3b,76bf0263df740bb829e39c4402a98799dd13e4f850e5a1146dbcd8c1eb9de702,46974,0.0,0.0,0
R5_aB_m0,2,35,D,COMPLETED,12,90,12,0,78,4c40ff7d5306fb4a6c90176fd91f4655be9806b2cc474c4e0d83fcce1e5b3bbb,743727a025cf607ecf678303989b44944581b319ab96f94ab8357de098050b00,46966,0.0,0.0,0
R5_aB_m0,2,35,E,COMPLETED,12,90,12,0,78,3fece0293e901f54afe6763dc1357e3a28e5733d9e698bf5afc7433e07468cfa,d3ec9b2bc7ad1bcb8e5d8632feec30d376b64b7b213d70914e84eff6cdf85bea,47483,0.0,0.0,0
R5_aB_m0,2,36,A,COMPLETED,12,90,12,0,78,5dbb3ca9a32fe8429cad7e00e8abb2fbef04a9016184149d8614fd07e7313819,addd504d948034e3c9cd7d7581d0e4ac0bab765a094c18bc08879432bdcadf5b,45508,0.0,0.0,0
R5_aB_m0,2,36,B,COMPLETED,12,90,12,0,78,028cbdefa69cd9f30cf791be8a1240261c8d56931ed6c761bcebe7ca77bd0ac4,4a4fca577fa87bcb277212d0e7d4e282c72f14a147b1b1f695ce74df6840983c,46287,0.0,0.0,0
R5_aB_m0,2,36,C,COMPLETED,12,90,12,0,78,26f70a1b60e4cf1613a834f179e8a2d69edaab26f00b5ea364752d6e90dbc7fc,057ccebbd247929efdf756357d1a2b65306249c2ce8192f3d102378cf118e914,46997,0.0,0.0,0
R5_aB_m0,2,36,D,COMPLETED,12,90,12,0,78,0cedebd13cc88d2b4285ac6a21ca0aeb69af0c54db2180bd3a58ac54f0aa3654,74709408879b35531554c43711abb7439ab404bdd918bcb13fbd112274543a97,46982,0.0,0.0,0
R5_aB_m0,2,36,E,COMPLETED,12,90,12,0,78,8ae95d12b3a7d3ca453bef5041f221cb33e7f7c6becbf9a61aae38aa8f2890c8,740dc3e21d9dd045168851514ad753a192eb09427e568792b1b395583c6cf900,47440,0.0,0.0,0
R5_aB_m0,2,37,A,COMPLETED,12,90,12,0,78,e62ccfcb56d6951e68e0bdf406a434ba9d858fcf91d9ed7e2eb77d3eaf8ced48,0ae302db7bbd9cc2a9c43804498a79a0abf79591c52eaa77f08dca82f082e409,45527,0.0,0.0,0
R5_aB_m0,2,37,B,COMPLETED,12,90,12,0,78,5bfe633319ad24de3273b48617cacc94c45f74f57c2224c2a80c9162c5ef4c0f,ef09c694a786c6d4321bac19083eae26be4b3a16b5f32630b73673e16a8c8874,46407,0.0,0.0,0
R5_aB_m0,2,37,C,COMPLETED,12,90,12,0,78,9fd0775625cb2e11712d42560a65bcfdd979212de0d729352e24c761803cb8b6,cb0f52e2d7486e5cbdf0368b258fa2b5c2a0aa37f019985160d7f2952ff7039d,47017,0.0,0.0,0
R5_aB_m0,2,37,D,COMPLETED,12,90,12,0,78,35478de0bcd202dad364911328b9d187e60680b4d95ba41707728ebffd75ae39,cc3c0d940cafeb4769a5d1d5d0fbfbe8ed084cd7280ed95b0d0c9f61593ec016,46956,0.0,0.0,0
R5_aB_m0,2,37,E,COMPLETED,12,90,12,0,78,696214f61f7823152b9ac4376e45a0a235ade336c9b4cb9761158a324ff186d9,73efb5e630206633064726497b6254802f47a44229ef6aff55a8b56ca6f4ee1e,47512,0.0,0.0,0
R5_aB_m0,2,38,A,COMPLETED,12,90,12,0,78,399ab23172c73729a1d1d5f7ac5fb746f044d42ad3b9c7f7b97a02574a5bc051,ba2d120fa2a946161e8abbbf99a5da4dfcd5c45672ef9636ffaab88cbab520a8,45517,0.0,0.0,0
R5_aB_m0,2,38,B,COMPLETED,12,90,12,0,78,ffe7193119953c6aed284e31fbf791e493a0dc03da5836ab71e71dd74071d84a,abdaf180c9d4a89379bf937f31da4cb92c502a5161231c33316319d93c903b92,46409,0.0,0.0,0
R5_aB_m0,2,38,C,COMPLETED,12,90,12,0,78,8ff888c262bf4cc0ef360f48f8addb75f067637819759976194931e7af4c9335,7da7819c9b896eafe4b7e210204ce08ecb85ca3fe1ddf70632001e2bb699a3aa,46947,0.0,0.0,0
R5_aB_m0,2,38,D,COMPLETED,12,90,12,0,78,1424761163f54dbf8b8dfbf1d49ebd32bd4fb281c7998d27f8b283e16146adf2,b9a392b9e93cded0896d2b5fe999dd31bc176882a8101a985e4767157b0a6c56,46914,0.0,0.0,0
R5_aB_m0,2,38,E,COMPLETED,12,90,12,0,78,18eff1f4aaa3fbf7d72ca81391102555f1b2a3315b80ee158afebc282108bb70,31df4e13d4d350384be058170a640f41daf09b58cc77b57fa96f478972da8a9e,47590,0.0,0.0,0
R5_aB_m0,2,39,A,COMPLETED,12,90,12,0,78,8b0fe90dd185e2e37a4331aad6f173abd77e17c315e2ef2adecc6b413ad85057,5b92953b6be8cbc15ebf6438c809b9ea14860e9bb7d3911a3dba87942da94a8b,45498,0.0,0.0,0
R5_aB_m0,2,39,B,COMPLETED,12,90,12,0,78,338e7feaa87d8f6a16280afc8b32ce762d551c92e0a0544b353841b7c3bc077a,24c6991d939d90bde6d0ce43dd0d2f6c63cdc25ffceaf8388a1211be31f36c2f,46411,0.0,0.0,0
R5_aB_m0,2,39,C,COMPLETED,12,90,12,0,78,b83b855d8864f0033a7a78ce634b824d95db07f1bcac3d60b5582668ce3e8360,f47aee9318f68738434de8427c3c8f28709982e4969af3c992d7ea779be05efb,46968,0.0,0.0,0
R5_aB_m0,2,39,D,COMPLETED,12,90,12,0,78,22100465c3847d6f867fe6d07eba5ad683787c1e523481a69cdd05b26779d7c8,112168486e401aa723e1957a13ab4ea4817c25aaeb89700378e6326426fe2f2b,46983,0.0,0.0,0
R5_aB_m0,2,39,E,COMPLETED,12,90,12,0,78,c93f89cd8670345a6a1628d262a28b4bce92b15d4fc63c1226eaa39a3a8d3005,2029882b192fbe7d7ef7aadbea37dd70ba925fe4c97d20d180db2f3b6f0d5f98,47513,0.0,0.0,0
R5_aB_m0,2,40,A,COMPLETED,12,90,12,0,78,9fff378a2924c17766429e54958d65146eeac6b48eb56bf7634482485374f684,2a861302e2258b2bd521671878c32aefa5d423f4f41fca13c45dbeb9f3fee019,45511,0.0,0.0,0
R5_aB_m0,2,40,B,COMPLETED,12,90,12,0,78,2ef2cb4807ef2e4d4bb659b23fd6d19f6ca3839669e2ce53fcf869568f51b449,62afad1b2df84c1e9c85ebbbef64a06d866cae5fa856639eae568c73aff4d1ab,46283,0.0,0.0,0
R5_aB_m0,2,40,C,COMPLETED,12,90,12,0,78,92242365fc4cbebf6fd4240a07ff30b54fada5639ed3237dfa9131f9adbe7c8d,eaa165f7b28940ee4614138aa086306d9f4b7f29f13026a05cb9c48f95982523,46973,0.0,0.0,0
R5_aB_m0,2,40,D,COMPLETED,12,90,12,0,78,0813e58aee5787ceace8261cb7d103623aabd110d95b563f78e099478ba43d97,ba6654b78acc5348eefd53c023204fca1ead9008d97ca15acd1ca155a67a6a32,46946,0.0,0.0,0
R5_aB_m0,2,40,E,COMPLETED,12,90,12,0,78,378131fca87c69c7f91d80212a858f59b042b395ad8c88ac653474a5ceb470c6,d2757eb2607790a0b9c071e4c335b0f391667bda0f3b9d75dff9c62ed208a926,47589,0.0,0.0,0
R5_aB_m0,2,41,A,COMPLETED,12,90,12,0,78,052f7d2d4b89fbc9cdafa8fe5ba65d29bb0b8c4e48d6948deeb74da3008c5ee5,88e7c6d3dae2c78f08ddac78fbda9dd679f5a17ce23f919de4d5fc0a3fe01373,45577,0.0,0.0,0
R5_aB_m0,2,41,B,COMPLETED,12,90,12,0,78,ad998650bbb902d691a95781ed1ed6cbb29ee0de76ad5d08c938307a9aa47a21,a38f441094e1f6fd019319c1d92242a89b68ad11eb2813962745cc0090a197b7,46397,0.0,0.0,0
R5_aB_m0,2,41,C,COMPLETED,12,90,12,0,78,0c407ca10fa39a0ce5d4ab0a4e1b35ceda809fedc553aaca9cbd8b2551697acb,e476de58dda4f528ec6437139686c35322979c3646651ca74dcedbaf667f4204,47028,0.0,0.0,0
R5_aB_m0,2,41,D,COMPLETED,12,90,12,0,78,5317ebecf8d4f95195753b951d2eb41f5d6ac405401d5caaded95ab73b147b1b,00143c6fe31b718c3b541692d6cf6ec50cc7e9bec3fc47e563dc931ef0169093,47018,0.0,0.0,0
R5_aB_m0,2,41,E,COMPLETED,12,90,12,0,78,1f06d8f3f5d760ba3527114854f33460c167c06af198678794207f4f1e9eb598,6b46c9983bf82f672c258ff8aedb54a0f9b969330e0bd8a017129873090d3b12,47539,0.0,0.0,0
R5_aB_m0,2,42,A,COMPLETED,12,90,12,0,78,be78453ce175d3aec560cc5e982676df24f00e4fc543f5a278c1b8027b24e66a,e75679f7443b2a2fecef5077c8125a93ad83b93c51afa5e58e9063f8cc3bb58a,45447,0.0,0.0,0
R5_aB_m0,2,42,B,COMPLETED,12,90,12,0,78,8cf7ecaae10b28ed0658eca882f12adbf857a2b1ad45dd9cc7671cf1c3d9a267,c9cb127acbc5c380da8315a1f479601220cf2b82cf65316129a34ed000be3753,46435,0.0,0.0,0
R5_aB_m0,2,42,C,COMPLETED,12,90,12,0,78,ca87b86017a43c8fcea99376fc09a7a1097c095230179f8e49ffc972d093cae5,be0cde4257c98bac2ffcc46d92049ae1930583d10895f9178f263c9b77f7ae29,47055,0.0,0.0,0
R5_aB_m0,2,42,D,COMPLETED,12,90,12,0,78,8add3b3028273f5d134e469c853884bbc24636008d38c490bda8deee69398154,32b04b95874138ba9f512005526b10e81193afbcdf61a4de02b05275eff0ca83,46915,0.0,0.0,0
R5_aB_m0,2,42,E,COMPLETED,12,90,12,0,78,107cfefb21a0e0183bbb90a46b529f0721e77e5e02b8e243f6442e10572d3066,11e9f2c0269c9155e4374c906558b7b4e7adb0b425c240f48c6aa95e528217b9,47614,0.0,0.0,0
R5_aB_m0,2,43,A,COMPLETED,12,90,12,0,78,c1666fbb22ef32c1a2e7ba75829686481a28f2f4eb422c7f2f8fa76361a8e27f,a9c2d5d7fb52b75e0b806bbf19fb6e3febe96683fde86a1e1345c164436f5412,45459,0.0,0.0,0
R5_aB_m0,2,43,B,COMPLETED,12,90,12,0,78,3955729dfbcc3b73a71d96be4d2db613b10eba29d6841f4ddc444bbb55d78682,244bfd9da4b84f0c0b6c58f36c76922804dae6fbd69a474856d0d054346a6643,46263,0.0,0.0,0
R5_aB_m0,2,43,C,COMPLETED,12,90,12,0,78,3b5156c4488a159ea93bcaba4f86b9b80aefba427094c988f4f4f0d3850c5d13,cd83dc88b888c18a5fe3cf3cccf7b449739d6c37bb9e5f7a5752cff6b373be05,46944,0.0,0.0,0
R5_aB_m0,2,43,D,COMPLETED,12,90,12,0,78,14c4ec26a6fde36f95c442a121d2a3742eb73d38211d479f1f4c62744d2d72df,0f2704dd81412d52b86db3a8331befba88519741af0a4d45e3425e028375e293,47031,0.0,0.0,0
R5_aB_m0,2,43,E,COMPLETED,12,90,12,0,78,4ab91e6aa2d05cc869ecf05bd75ba1b6b94699e4fe234c95dff016c0069a7902,c53038e75a74c2841076f62491f915ad5ccf75510c712fda73ebf17905ca7202,47553,0.0,0.0,0
R5_aB_m0,2,44,A,COMPLETED,12,90,12,0,78,c5ca92ef3f98fd3b62fa119c20167b031a2c980b8e330805b484461d6769a75a,7c8229a15d6e643e30796555e8114cfbbc14de285665b419027f7a10aa74da88,45517,0.0,0.0,0
R5_aB_m0,2,44,B,COMPLETED,12,90,12,0,78,e3f9b7fdb3b6da16c701043202958dfc1c1876e5664c8b34f1c06e528b39357c,8961933e2678dad1e80a706a3c88f19820301c6c93b5bf903df5653fcd9bd375,46257,0.0,0.0,0
R5_aB_m0,2,44,C,COMPLETED,12,90,12,0,78,8c3a3b2b3b62ca0c94d948ee13bfffde8e12e0cbdeb545c2e129e04c73763028,696d441c8f5227b4d838b08db26eba975a765e6f0faba80c93986f7c0e09a4dc,46998,0.0,0.0,0
R5_aB_m0,2,44,D,COMPLETED,12,90,12,0,78,43a2f17e242d203e4432715897a2ce22f92c74a2021c392383f1deb022a21e39,3279233dc1c15bbd8882c5e1e6430156ce63641b2e48b812a273f640652b6e8e,46935,0.0,0.0,0
R5_aB_m0,2,44,E,COMPLETED,12,90,12,0,78,9f5d4987f00820b666366feab733056c19da65a6098e4658bb411497d895ce59,4ff20ee5a62aa8f4789710adea0db4d83b9af8f6483b943d950d2982be461beb,47475,0.0,0.0,0
R5_aB_m0,2,45,A,COMPLETED,12,90,12,0,78,3baf0fc37e12f5a5f09f97075ca97f0969978e7482866b5496b789ebe75e2722,b6f011dd5707b7865839d9030cb0c9827d800e08e6549e0efc71344a25eba6dc,45421,0.0,0.0,0
R5_aB_m0,2,45,B,COMPLETED,12,90,12,0,78,814b527d8e1e804d2184238d3fdaf2088a179aaf66edffae4e0281e76ed01552,963d4aaa77f3643537b433fde47d19050756797e481332feb35ba592320b65e4,46253,0.0,0.0,0
R5_aB_m0,2,45,C,COMPLETED,12,90,12,0,78,4d6365938c27f744d473e44c6deeb87775c47a556959f5086cb5dd92f4f29724,81fbc10bbeda577d9f22e141408473fdbff49cffcc0c90f79dac9ed62bd39883,46950,0.0,0.0,0
R5_aB_m0,2,45,D,COMPLETED,12,90,12,0,78,a5c0d64ff1bebe1169a91687d9618ab6ddf725e5522ca7858361f2c17e209d8b,05a8a72e029584f50586b91419ce718d9cab41d4e3798efded3f1ce8dfcf0861,46926,0.0,0.0,0
R5_aB_m0,2,45,E,COMPLETED,12,90,12,0,78,e9c9c7d070001ad350b964ffce97ba6b28c2e93b4db411d95b1a5f0d6a887d42,9d79166f009148bc1ac468bff8b041aec2f0f8d09cb88c39f4d686894e982835,47507,0.0,0.0,0
R5_aB_m0,2,46,A,COMPLETED,12,90,12,0,78,3a44d3aa1bf223ccdefdbbb14dc3dbc808a156235340a8a486eb41e0b3f9d040,8a74fc6764dc12af25edbb89dd5a24f8224ee0d5fa249b6b367796e0c5e7cccf,45518,0.0,0.0,0
R5_aB_m0,2,46,B,COMPLETED,12,90,12,0,78,ef8430bc3c8a715ae7390b7c74e1f96d89dfce0496c91b884218cffd4e9ded82,c7dc81b8b9eda4e5ae17a31fcbc2771921620eae6969a13298ff7f7805f73106,46383,0.0,0.0,0
R5_aB_m0,2,46,C,COMPLETED,12,90,12,0,78,27436802a24140242b10aad462170170bea73bba909f3e2aa55506f1b9101929,f93516bdd952d17e3a6daf0c0c5878c51d1365acdebc38386a2e99ef0646888b,47044,0.0,0.0,0
R5_aB_m0,2,46,D,COMPLETED,12,90,12,0,78,ab2a6ab3b110f114f55ff2a868a4484e209efbc2950ff63c89ae387df09a65d8,bdf298db4e29d9c1300c55808f8ccd0169042f847d7ee80c78778ed57ca166f5,47118,0.0,0.0,0
R5_aB_m0,2,46,E,COMPLETED,12,90,12,0,78,494ea362280ae1bf1a80b7cd0b2152faf8782aaa21332b2be374754f3be120ea,6cc349530c628f147f7027e5093c5dcfa5a35f65b392d82687dc540f3886b6f8,47589,0.0,0.0,0
R5_aB_m0,2,47,A,COMPLETED,12,90,12,0,78,5b26bb6e2cef55524e359f9b33f1e2823dcccba9d6841f50e4181bd1e424d9d0,8878afc193f17aad5f935152d9374777d44e7ac3f444ea9a8b67028a417582e7,45498,0.0,0.0,0
R5_aB_m0,2,47,B,COMPLETED,12,90,12,0,78,00b19d430c80b401798b45db572447a4e9f3912b1aa10ac6860f765847ffff25,8deccf55a8fe6dd0269b3ce51e314358222e4e6738eb8f682069f7037b3c9694,46270,0.0,0.0,0
R5_aB_m0,2,47,C,COMPLETED,12,90,12,0,78,d7fb81b16501f486953ecba999db294be5c968a2341a08c90d6b422b6dbf3eaf,c5d3081ff4deabfce686c817850bd9698d004494dee2c346d7ca4990f3ccaa2a,46948,0.0,0.0,0
R5_aB_m0,2,47,D,COMPLETED,12,90,12,0,78,18dbf71ae5345dc5789f011f394089726e2399ba62d40447274a7f051b1ba187,f6eb591c0cddecb98648a7bb11052787da3653862d1e6e070902b80f3337e349,46960,0.0,0.0,0
R5_aB_m0,2,47,E,COMPLETED,12,90,12,0,78,4810f6bc76bb289baf71798cbaa83aa883b03873d2ff008e31bc96078a5b7589,515ce44eb809a97994365dec5a85aa48f299b3d5402f9c6334ef2e63d8d5973e,47457,0.0,0.0,0
R5_aB_m0,2,48,A,COMPLETED,12,90,12,0,78,58d046070b6b61f77f162b6788ca9dff745db441feb275c431f937bed3f92dae,d202e1bcad1b1fe00ae4433eb10710bf6b7e80ffa324d825d4dc50404d8782a5,45440,0.0,0.0,0
R5_aB_m0,2,48,B,COMPLETED,12,90,12,0,78,ad07af6c23c0a398b910faadc871f5011450aeb9bfa7016b746ddb8a288f4c14,c15f19e82a0066f7b9fe75555280aa5ecf8085cb6b1198b5179e1668cc661512,46272,0.0,0.0,0
R5_aB_m0,2,48,C,COMPLETED,12,90,12,0,78,c8e355dec133c9f7eb294d37d98f840ed924f0368c3c3c3701e377de91bf2f63,cd472c993ab812b8ef440e81eaa4fa64eaa7082a9c4a624192f430ad35082f12,47017,0.0,0.0,0
R5_aB_m0,2,48,D,COMPLETED,12,90,12,0,78,0e8c53ccce75df7fa7d299cfab220be3dc207248bd1a81196b70e09aec9ee8fc,42642893fab19e7f0234faaaca2a020bbc719ef5acb0e506b89beaeebb5bc20a,46962,0.0,0.0,0
R5_aB_m0,2,48,E,COMPLETED,12,90,12,0,78,5713429a80b12aec5e3dd8e86bbfb8bc7752923f78597ca75fc2652fc89f7365,8476f52e576176b1eb48a443bc78257bdbe7bba2bc23db8f13e7ff03a9eb5f38,47515,0.0,0.0,0
R5_aB_m0,2,49,A,COMPLETED,12,90,12,0,78,1f78790e83aee57a2aa1b8877aaf81e44d8726202193506a58a4791f11c732c3,8943ee502ad148566dbf2dfddeecd21e5234f1732a56228b1e7976bcb237039b,45494,0.0,0.0,0
R5_aB_m0,2,49,B,COMPLETED,12,90,12,0,78,eefd2aa6ec45e57abf5ab641ae476d52d447d3a0555fd8a9c5eaec3a666573ce,2172470cd4c3b0ef525a910b5c2be5000eb711fc4a21bab8ea35e27b468870d0,46294,0.0,0.0,0
R5_aB_m0,2,49,C,COMPLETED,12,90,12,0,78,b8f7df25f9dc434fc3e8d89a6d9838e415185dea42846cf61fd6681410cb29cc,52d4774df7364a253473d394fc284f78f91225ea585288e757da390e9dc3342a,46996,0.0,0.0,0
R5_aB_m0,2,49,D,COMPLETED,12,90,12,0,78,be01b1b3ff64ffd47284f1bf052782f55a7a0e016f52b31ce99db4422da4bb16,e99c8a56ed98ff1ac6fbc681dd1c56f427af5e8ede45e5964e34e6259d473866,46919,0.0,0.0,0
R5_aB_m0,2,49,E,COMPLETED,12,90,12,0,78,43c2fd2bf0aa57a2cb77e216901354c91881b8cf6e5e47db182ef56bc784aa2e,c3779c5b3fd41498bab73dc664bc32bf1c2690063d901ffe7950b0b86beb16ca,47566,0.0,0.0,0
R4_aA_m0,0,0,A,COMPLETED,39,69,31,8,30,affade2c2b258fe1afe27348939cfa354b6e445697cd9dc8fedc56e16ec86061,21510d8a6cc98f2149d3821f7f24c2d8a0ef2a9f05a40a158d577e1db31fe7f4,108113,0.0,0.0,0
R4_aA_m0,0,0,B,COMPLETED,39,69,31,8,30,dd5bbde774f78998961f618afa4c3686a5ef19e2037317803c5355191c370d2f,01c4451ca0eb1e56e73f23bcc06705e6aff7dc8569dfa923d8ee6694af947cdd,110933,0.0,0.0,0
R4_aA_m0,0,0,C,COMPLETED,39,69,31,8,30,ece07ded5e9e600f3bf1dfb933b6262741aea61f12d42b69703995517122ed64,b33fd8069535a3a109ecd8a8467e97a5a6007ff093c29fb847dfd431a3009e31,112765,0.0,0.0,0
R4_aA_m0,0,0,D,COMPLETED,39,69,31,8,30,56d7f1b1b7a9a1717372497c7bfbdd9dc3bcf5507ef63ddcbe3ced875b74d97b,3b266f6d7120d66f21bd38b16fc9fb51028cd4f261f0dca11276b653a99d5f0b,112906,0.0,0.0,0
R4_aA_m0,0,0,E,COMPLETED,39,69,31,8,30,00c8301e7d7ec064355acd2c2b872ba3ca5b443e04b000c6ed46879d7b19caea,5c092f535e67199167f05ea909ce12302045a986273100eab086d058338a4364,113822,0.0,0.0,0
R4_aA_m0,0,1,A,COMPLETED,39,69,31,8,30,b88bc82a8aeef704414cf0e7a9b6ad5dcf54dbecc76b81de92babb4d2f5b4350,8c8e7e68f5e4e11e9c95138957e65545a857986e4592c5a9c2bba5adddd4406e,108010,0.0,0.0,0
R4_aA_m0,0,1,B,COMPLETED,39,69,31,8,30,1b09b26fa357d24a1510b84f1a2dbafc1cae349f2c896687a7fd80e2cbd1b729,1d7e23adaea94b0861fe30b96c941f41e1056bf10dc1b340d5dff37f41b30db7,110936,0.0,0.0,0
R4_aA_m0,0,1,C,COMPLETED,39,69,31,8,30,e56737a0f5725258afdf6d4bc5695f7ca9d66f709254d6d0f12e6469a0071065,3d29d35fb0a68e51a31dd63994fdb950bdb1cdd244b96d8466efe77645827276,112833,0.0,0.0,0
R4_aA_m0,0,1,D,COMPLETED,39,69,31,8,30,eec9bacca3bd20b90c80aae8ccc6a2d5e95f316d7770646024938cb1a9c87e9b,0e3de8a902694c620358a6436dfa120497a47a1ad9a6b3cae62715ca2a3fb827,112826,0.0,0.0,0
R4_aA_m0,0,1,E,COMPLETED,39,69,31,8,30,1e61c21dd231661f51401696fb9d9ec8b21a08512c0e3f85ec63046ebf819379,735487821039a2ca10d70b63ac3a5f5eb954941ba5d1cb3e38d963a2a240558c,113811,0.0,0.0,0
R4_aA_m0,0,2,A,COMPLETED,39,69,31,8,30,4051aebda992d266f5b3748bd7f0b07153a45a4635a707d991f066343b1fe2be,e9f1e1eac44c9b15fa416486c8b703d0fa366196fa89d74be3000bdbd8e27024,108063,0.0,0.0,0
R4_aA_m0,0,2,B,COMPLETED,39,69,31,8,30,a9a395a68b76b620f47a26a42d1b059f5d3fda39b390864849752f5f9a307d1f,c7e2559c438db6d45b47d8ad4065fee8b0b9a809f891968a0576c1722fdf0eb3,110950,0.0,0.0,0
R4_aA_m0,0,2,C,COMPLETED,39,69,31,8,30,ff337abb88cd954f28471af3c5fbd8e8aa6ae4d76698abbb8f66defa7cd98c5d,8df8adf58509d938b68d4dcc71bd63648ee55744c621604da80360caab1b32cb,113047,0.0,0.0,0
R4_aA_m0,0,2,D,COMPLETED,39,69,31,8,30,2a21af30122e72106d24c3728c9310e93f892a33e53f69f366276c23a300b48d,60414a80b16ffbc8fa198791a2537a9e0e1718a0da014579d7c18efe86d41bb4,112883,0.0,0.0,0
R4_aA_m0,0,2,E,COMPLETED,39,69,31,8,30,b97519ee728bfb5ffba146fdbce7009bb4ad535accf637802c1df2a00a7a27a7,6e48749ca912c3bf18a355752943d5a25a7a6b6408295c74c531f286ce204898,113797,0.0,0.0,0
R4_aA_m0,0,3,A,COMPLETED,39,69,31,8,30,3172dd676df0a3ab887c57b77cd437173539fc149fe152e23934ee91484581cd,cffa13376ef1bee608bccf990ce63986ceb80bb81c3bb1b666cd135cb0c85cb6,108203,0.0,0.0,0
R4_aA_m0,0,3,B,COMPLETED,39,69,31,8,30,929f79397aac9d0cd84825e973c6a6c3ceb0e3acfe2adfa9f1b77605f9c9b1a6,a49a1d9caf8eacccc760217105acd4f4656ad7d92d0883868070820e2549cf6c,111084,0.0,0.0,0
R4_aA_m0,0,3,C,COMPLETED,39,69,31,8,30,902d0a9146f25a5a868569d56b15a093915ae4f3bad09c65378636d4261b5532,8dc88b74c4e1d9da8635fd2fba5c2cc22c9a89338648084cb7d090a54d702bb6,112823,0.0,0.0,0
R4_aA_m0,0,3,D,COMPLETED,39,69,31,8,30,5dccf99cede449da01453740c5a0c7dc22994213965edd360e1ccd3a0d34d98a,badcae88ace4c5aa69ff8cb55fca8ffadb708e72886a3816492c0a41ccaf251d,112861,0.0,0.0,0
R4_aA_m0,0,3,E,COMPLETED,39,69,31,8,30,90614f3ca712fe33e8484b9ce79923343d6010cf5745861dcc1be8418799657d,49e719b3f2f07f812b7ff8379a50ac5f64776a4eac1796a2572f3b396a0f2409,113831,0.0,0.0,0
R4_aA_m0,0,4,A,COMPLETED,39,69,31,8,30,478f36b7e642c1e14fa8c4e1865f005bd79c832abd62befec03e89cb5472fb67,6f33501baee063b0dfe3270c57d29175939a10a2d49a3c720c16066b1c311a23,108048,0.0,0.0,0
R4_aA_m0,0,4,B,COMPLETED,39,69,31,8,30,eb1ef2ad0374619d0d913f76a3df81d20cdb2b6f3a063cfa84177f2e82f7ccd7,0d28e78bf538ea95435f4a3eb99d78e7e3c1c8703872b5bb80646617cd97d41d,110911,0.0,0.0,0
R4_aA_m0,0,4,C,COMPLETED,39,69,31,8,30,ca8cd61368e5b90938b95c57b95c16f7621bd32437a890121b70e3ee6eca325d,daa37a2d2adb4d76f1bb9e19270a53a2352aee38e3761696fa4e0450c7abd4ab,112823,0.0,0.0,0
R4_aA_m0,0,4,D,COMPLETED,39,69,31,8,30,d14f3b3a81193ac714fc8ae83d53e22e40b1de1dff3a0c4da68481fd35ab6fe6,a6b6efd1d07c2e349afc8d31b03d9388aa88fe583e93bf182e4eb6f2d5a0c94d,112817,0.0,0.0,0
R4_aA_m0,0,4,E,COMPLETED,39,69,31,8,30,6162e792418fadda4d31151afbb5e1311852a4f43610e81af2b12719a47fc495,b25c257a9ef6dc5f3cc5f4fe3700d701cf19d7fcd396dd979bdd9268aa68ae26,113722,0.0,0.0,0
R4_aA_m0,0,5,A,COMPLETED,39,69,31,8,30,3e063f539f07ef15f5af9b0ec867f1fc07c0e9d3e5bd20725a4dca4a91bbe2c1,49d7f1361cbcf2d44c18476f182e1b4e692baacffd5f6443b5c0ad7453fedb9b,107964,0.0,0.0,0
R4_aA_m0,0,5,B,COMPLETED,39,69,31,8,30,039a13bcad68d107424b21d5bf93e93f6c7d36ac6a20947ab8d5977e0747ea5e,5ce8184be3dd6523b4c33e52081dfb5d5c293ed49740c212d0d936010c3fd31e,110877,0.0,0.0,0
R4_aA_m0,0,5,C,COMPLETED,39,69,31,8,30,ee9d3a8b47b3d89f585885058250b223352068b06fdee11ec9850a7c619c6c8a,f6766c87a3b3c955267e4ee0d82afd291793b1bb58925b4644575aa77c29b48a,112885,0.0,0.0,0
R4_aA_m0,0,5,D,COMPLETED,39,69,31,8,30,777cafbad36aeca9d0bf6f7fb6a8ef4093abedbe12cd05578b25caf43245fe71,e7dc2e1c3e7f9a040fc9feeaee928de377ddc42a4045341721c60314d34a99fe,112977,0.0,0.0,0
R4_aA_m0,0,5,E,COMPLETED,39,69,31,8,30,ab9c476b83fa0b48567289e9a8c550984867b1e842fdcbd84a2b42756c53b74b,41900093a9d13b6e36c4c5f7274deca85289be3877b199085d0c2b13f2a389cd,113829,0.0,0.0,0
R4_aA_m0,0,6,A,COMPLETED,39,69,31,8,30,ae8e6a6997a9b8fac2ca479e668183db85002258334f622c02bc60f01c6e866f,26c2047e30d0516daa52e9fde381f215b42bedd7f0d1bf24c1bf6c1b6ee1ab16,108248,0.0,0.0,0
R4_aA_m0,0,6,B,COMPLETED,39,69,31,8,30,b8206ec47da296355721b56f64b5104a0f271c8f9634efc2590fed9a96d29d94,b2700187afcf3f2048c56a41e5e0f795a255dd3cdd9b9710a948560b8455205e,111210,0.0,0.0,0
R4_aA_m0,0,6,C,COMPLETED,39,69,31,8,30,279162be0f02d4b09f44d1e76fd332e22dc7784b6dbe53dd6a85ddd526e5b5de,d6ef31e12fc18ad4c5384f3e4f27266fb1d1df7af90a0a100de7931cf18454f6,112996,0.0,0.0,0
R4_aA_m0,0,6,D,COMPLETED,39,69,31,8,30,ac36e64442a28251f2f9ea4bf0a1f8c2e42d441447d1bd803e8819d2f180bbeb,b84866de0c7d2140d526e70a655a27e95a9c6923ba2192c1d4df405079e42555,113020,0.0,0.0,0
R4_aA_m0,0,6,E,COMPLETED,39,69,31,8,30,cbedfffa70f7080bf2b5c23daa1310dfefdbcaed496d95c648887925b7009b71,53893d56688cc7e57d00c8ad0d2ca6d411c1816b60aa8a29df2cea42075ea0f3,113841,0.0,0.0,0
R4_aA_m0,0,7,A,COMPLETED,39,69,31,8,30,dadfc8279349846f911b88e08a82b00bd182cbb1ac72379b7a5f6a355f8caf7f,29104a463501e5cac5817513b5f21a4c964226ec70adb588e824a31d904477b8,108213,0.0,0.0,0
R4_aA_m0,0,7,B,COMPLETED,39,69,31,8,30,b1364f1b193abced47df2c20dc1b9d8d63e97ab249372922b17af59c6e442dc6,9f6bc02b948c4d8f3c6147653d56474ea67ecfd75b9ce1a463de6d92360f9765,111126,0.0,0.0,0
R4_aA_m0,0,7,C,COMPLETED,39,69,31,8,30,9bd0d1dbc21807742b4d6c427814091f511959a8778275db9f52ab475109b584,fb3ed0c1efe38d1728f3a5f1eb3346f832b9f80a1a645175ee2fe74bd1e24a28,113013,0.0,0.0,0
R4_aA_m0,0,7,D,COMPLETED,39,69,31,8,30,0389f5f506874e470a420e9a6228f1df759454ed5ec6754aaa6e985c38de9923,9183e7b0a629a89f1d43e463d3e024606bed8e79c350dac4508ea1e25672eb73,113046,0.0,0.0,0
R4_aA_m0,0,7,E,COMPLETED,39,69,31,8,30,56d0cb46dd322c32d07713f7895cfe51f846d01344f7d667bfbe35591991adfe,f424694a0e776aaba96c4d71ff20279ba8b720a8167e44e091a8e6b58d76d5c8,113882,0.0,0.0,0
R4_aA_m0,0,8,A,COMPLETED,39,69,31,8,30,292099095bfd6899dfeb5686ac99b22f1fbfaf7411712ff70f4e448b7e43d414,f02bd8710cbf1263696a6726d1f93f83d898e79749a479342dbc7b4df7f0f251,108202,0.0,0.0,0
R4_aA_m0,0,8,B,COMPLETED,39,69,31,8,30,e1bd8f11760529566c11fbd93634b3be5ec0527a19183519df2971b783dd4b52,82cd20dc94923cd7cd312063961713275afce2bfaa203fed90b4e0e720b643bb,111023,0.0,0.0,0
R4_aA_m0,0,8,C,COMPLETED,39,69,31,8,30,c62eac5ab18c1b4543de1efc23e3cd4d595f12711bcc150c1969e9ce58cce4c1,8e0ac74245b47c4d667738392ef9850e26b5e84b3d698b0ad7fd7749a7f88008,112872,0.0,0.0,0
R4_aA_m0,0,8,D,COMPLETED,39,69,31,8,30,ec5b78381b9002cec58c46e810f948b8f367182329e4783285c5d36605057151,b7ce826a0ae9de6f3557f3f8c18c4845a85a9866eb0244278ff6ed7c79ba1307,112803,0.0,0.0,0
R4_aA_m0,0,8,E,COMPLETED,39,69,31,8,30,d3cdac503f5b60fa30b6e349aa195e0efe93d0529c90549c8f0a307b1b899e30,9d24c8ba783a76703074b8d9b47c0bc80ee52271dc09b1707d7cf216d6396d64,113684,0.0,0.0,0
R4_aA_m0,0,9,A,COMPLETED,39,69,31,8,30,dd6e36044a58a7284ee23f464a782e9e130e01902635880f1c69e7c148ce77f5,f7365027f53be5cd7aa36699491dc5b4a72373be59e267c6c00a053a04af0ff4,108254,0.0,0.0,0
R4_aA_m0,0,9,B,COMPLETED,39,69,31,8,30,057e1d6f811b0a737f0df69c54634200b8dab97e9a5e6d6e40f203c981f6b920,02c3b07cad5805ee541a2e145ced540419d2fc02ede13e6c5f103b761e96aa87,111008,0.0,0.0,0
R4_aA_m0,0,9,C,COMPLETED,39,69,31,8,30,40a9a84f9103ac92adb37b29a51c0a22b9aaca80c6fda4cd824b3bbf2c475cd5,17b35f9b44e704f027cca2645cb25cb63caa3c883f29e835819ee3edffdea9c3,112896,0.0,0.0,0
R4_aA_m0,0,9,D,COMPLETED,39,69,31,8,30,922d7e4ddef41bff3447111d950f5b0db2688dcd9f8457d15e2ccaa4b326ac10,19ddcc294dcef2ba9c598634b2e160bf691a1ac34c8464b1bf617108fda3b715,112870,0.0,0.0,0
R4_aA_m0,0,9,E,COMPLETED,39,69,31,8,30,190670ef2763ff7011bc936016fb33674f7fcde39ff4e3da0a5f837f9facac5b,899dd654d62b281090a845bdad3f9ca3d39cb2565f678224aa0044c1d9694a5f,113631,0.0,0.0,0
R4_aA_m0,0,10,A,COMPLETED,39,69,31,8,30,200a460d29109bb010261b8be6eb9a6d5eede96aa0b3845c20ea6677411f35ed,40e8ce1d5481229c910789b7d3d5c5b622654201d4d4f07a83f97355a9d51708,108085,0.0,0.0,0
R4_aA_m0,0,10,B,COMPLETED,39,69,31,8,30,012c2c72d3675774fbfabe422205bec64d8f12f2618d4d96b78130a1ddc7029d,910bc2eeefacb2ef7deca80c4e4fa4007924b166c125d836a9924776b1f3d0d8,111097,0.0,0.0,0
R4_aA_m0,0,10,C,COMPLETED,39,69,31,8,30,d3de8575f6de13754d6007ecb79699561e50f513671456f279f9ef330ee04d90,00cbe4d6938a092c6f4215475eb3c051e3c90da430aad99b0ea845b802872614,112818,0.0,0.0,0
R4_aA_m0,0,10,D,COMPLETED,39,69,31,8,30,2c786963de07f28b438e6ddbe4f1763e42e37443cbecda020d295805c817f60c,ecbbc840cabc052d40fc8f45dad32dacf8229aa68dada566166695af5000a0e4,112804,0.0,0.0,0
R4_aA_m0,0,10,E,COMPLETED,39,69,31,8,30,8e07af1d58656da0a62a714566d9628564edbe8c6f40296add14b568f7fb0a45,9beb8597ec8b8b91f9f5b0f45721ff70811d53e3ffa755c4435d5b5c67f7cbd1,113566,0.0,0.0,0
R4_aA_m0,0,11,A,COMPLETED,39,69,31,8,30,14dac2e3ddad65fe3fb9dc79d9abb868a2f9c66bad9d97dbbfc336e2cc0f5789,25464d23f961294b0ed97d0f576916634e913fd870213b952fda026f05523b49,108111,0.0,0.0,0
R4_aA_m0,0,11,B,COMPLETED,39,69,31,8,30,6025a5a9d98c52e40cfb528fce6b58cf132fe4fec3f4c19459f9d5143d71782f,2c656d8e4cc02a4f18a1fbc7a5bcbb9297577f36a0d02368d5281de23f38e341,111029,0.0,0.0,0
R4_aA_m0,0,11,C,COMPLETED,39,69,31,8,30,5b076997400df38338729ee78b355ab677d7a91cf5398dfa20405eea64ac341a,5734b4ddd8859dc320fbb98331b88a1991982b5abaff4dff438b0c7803c87233,112909,0.0,0.0,0
R4_aA_m0,0,11,D,COMPLETED,39,69,31,8,30,4564039dee1ec45150b1830ebfbfbdd3ccc3750e0b0056cf0916d5d47169a906,c4f462df3ff9f17bbb1cc88dee059047d4f489b26ac6a25a4c1b43f41068c452,112941,0.0,0.0,0
R4_aA_m0,0,11,E,COMPLETED,39,69,31,8,30,64099fe3589e91b73a745f2732d2f5f0691cd017a11c961b2896cf762330e626,08ca38115b81f49980d51c91c2e736faf2a6dea87246d2a1d021335b4c01874e,113628,0.0,0.0,0
R4_aA_m0,0,12,A,COMPLETED,39,69,31,8,30,e5b77becbf9488e0bc01e0cc2baf22957fd58051c730b916983ecc860a088d31,34ac17d20e63a8aa63c5d9a3f5cb301817f612aa57cc3520872a7e636b816129,108041,0.0,0.0,0
R4_aA_m0,0,12,B,COMPLETED,39,69,31,8,30,322bfb6b8d920b8edd4fc3769ed0b1a7fa8a5c7b03c6a0937403681a76a64135,0f9a177fc8324e35dfb492802d9ddd89457d1d7bda6f8ddfe6caa6e04d97869b,110926,0.0,0.0,0
R4_aA_m0,0,12,C,COMPLETED,39,69,31,8,30,b89cac2b70e10b0c9d168621498b131c1052acf417f0724e2f16e1a1160cec91,cba9c825c6bbc28dfaed299a80e77bfe57a59477b74905f462b15aeaadf5a648,112869,0.0,0.0,0
R4_aA_m0,0,12,D,COMPLETED,39,69,31,8,30,a24746d8d733320de368e8d74c00ec186d98d674f82de9e592c5e203458d0290,3d5ab65986c551e65f1165ebdb2f0d46e2fe3b8df60676f481a6d32a2df3353f,112837,0.0,0.0,0
R4_aA_m0,0,12,E,COMPLETED,39,69,31,8,30,125b7a1385b9483395f71c089cc41dce55b56d120f9ff73b8729708e24fa5966,94aca91ef6514b7b896fd903f2977cf042977ecd72dd0f23f470947e9ddbf3d1,113673,0.0,0.0,0
R4_aA_m0,0,13,A,COMPLETED,39,69,31,8,30,d33175dfc9fb8a5d012ad3c34ee072dfe49d994d9a9f3c77416ac951a4f72fc3,6ca1e6b2c8aab3401ed5332d2080f168ece14e21f12677db50b3e62f814d82bd,108048,0.0,0.0,0
R4_aA_m0,0,13,B,COMPLETED,39,69,31,8,30,163ef2da8273c99b721e908763147cba39d85830d02f38daa55d4e28e9123418,17e354e5b3900666650bdf169722f5d627ad3766a7ac9b213ace822567fe2e15,110901,0.0,0.0,0
R4_aA_m0,0,13,C,COMPLETED,39,69,31,8,30,4bb015279a16af59841a2b311a135769a225346adbd6a4eaa33ef8a7f5b317fb,5f1498bb61e99761ae750bb9a4cdaf1a235ab5a0b67f77489a53c03e220a8937,112886,0.0,0.0,0
R4_aA_m0,0,13,D,COMPLETED,39,69,31,8,30,1978086b011c540d27c6379f6a7729d312b4c9b73cc644ddfee1b6a318b5c017,3eb5e04ffb593e92b05778b94974ff98b324ccac234f214e2047c2f8f41142ad,112953,0.0,0.0,0
R4_aA_m0,0,13,E,COMPLETED,39,69,31,8,30,026e1fcd44c323bf932c1ee19fc4cfa42a29abb789ad7d5d18f863f017a0eb70,4f31be7627952475aac9ff569a69d90dd46efd5a87904542546c5985bd6d64da,113761,0.0,0.0,0
R4_aA_m0,0,14,A,COMPLETED,39,69,31,8,30,bbe4e6b33c2c26803437beccacd247500e32db693848f88c67b5fe9dab1c2623,dd84af16ca92ce0ca984d093abe39041567978ac4e929a98beef8d03878980c6,108343,0.0,0.0,0
R4_aA_m0,0,14,B,COMPLETED,39,69,31,8,30,111e6a4f3f8e984008df247f25f3fc8cfe8512c2a6ab72ca0eb4c357f62ea156,0c1005a23cce2943ab1ffea83cc0614fc993a1ae139a50df8235a1e89a94b76a,110985,0.0,0.0,0
R4_aA_m0,0,14,C,COMPLETED,39,69,31,8,30,676914325e5b0e646d1842b5d3f0ed1fb8b2a56caeb8186c519ef91e958a1b7a,7ee2eff3a12690fe23d7edb02c30ed0f1ad92bbf882e2ede6a0edcc3c7f1679f,112976,0.0,0.0,0
R4_aA_m0,0,14,D,COMPLETED,39,69,31,8,30,d0fd125b736def37594c5d375612df678aabca5387cee70979375964ed0be632,627c53aebb8a4dd6cf2e0d9c6ed9684148c6671555e7e66369be09aedd852b41,113047,0.0,0.0,0
R4_aA_m0,0,14,E,COMPLETED,39,69,31,8,30,0ef29a2eb340b5fa0d55fae5f1dac999b6b7c6d729cde407b67197fdbba8c0bd,f85474d0ebe43aebb14f78fa7f66750ef375f541d6627e56eaff926450a51f18,113738,0.0,0.0,0
R4_aA_m0,0,15,A,COMPLETED,39,69,31,8,30,346e1a5536091097133207fff2963847700225327bfa585f05b46ad0f9f94ab9,3fbe7cf32d7b123c51e95d1740890dfe5fee4a3321cc08f278496a7329cf5059,108175,0.0,0.0,0
R4_aA_m0,0,15,B,COMPLETED,39,69,31,8,30,3b0a42ed82fdfe230ac22f681d2332a3f03ba9294d2decbd0ce936de757d0c55,f0c8b68d947c4f591a36efd89c277c99adbb08d08722d99eb7262afa6842084e,110949,0.0,0.0,0
R4_aA_m0,0,15,C,COMPLETED,39,69,31,8,30,a7ffb202c1cbc06335dc2a95c3204f0d73fbde308fe8cc43a2e3df5211966175,e002e2d7543fb6f3c9226ebd633944007854b4828a617698158fbb1f4a4deeda,112920,0.0,0.0,0
R4_aA_m0,0,15,D,COMPLETED,39,69,31,8,30,5547260c367d5b3e333207cf9a1df6be087378a3f005f571f385165c2b2b64dd,2d8db312c115d59c65e8293e002034742b36e7060898a60d2c386bf15d0fe8bb,112876,0.0,0.0,0
R4_aA_m0,0,15,E,COMPLETED,39,69,31,8,30,ef8720193fa02820b5eae0789c0718d8c3baf0a269c0f34f0415d9d80c142d48,0009fab8fa477504827530abc0add6cc10daaaa6ce84541cc031a37614f0d419,113679,0.0,0.0,0
R4_aA_m0,0,16,A,COMPLETED,39,69,31,8,30,a7227026a8c366d88ce050545cf67c62b5d39564d231f80858e9dc2851694773,d9107347601c3a8c34155bd815802b3342c7c41b832b074dd8e61d2e1cadd18f,108139,0.0,0.0,0
R4_aA_m0,0,16,B,COMPLETED,39,69,31,8,30,e4fa10227d471a787047ffcd91aaaa65c39fdebbe2830f25b689b1fb318df0f0,01cf71325a781c037bd89bae8b194c26a1137a32871a58cf490cff611d9c718a,110851,0.0,0.0,0
R4_aA_m0,0,16,C,COMPLETED,39,69,31,8,30,0419bb3807e8a52cbce33d444332f462637d01cee4d33d01e0305f9e49cf2dcd,fecb3e216f5a781fc5642a72182f7c08686b70803aa33f8d7b4a0efa8239e7f1,112779,0.0,0.0,0
R4_aA_m0,0,16,D,COMPLETED,39,69,31,8,30,cb696c71e98a46722bbe6609aa70827ca59438eb5a6c934d04008b92ce534735,eba9c139571fe7ff52ba1a2a5df5bbd0fcbd97e8a4c377994e47b80991b6cf58,112939,0.0,0.0,0
R4_aA_m0,0,16,E,COMPLETED,39,69,31,8,30,1a8da107986433bd0cc12c4c93e2fa250a821a7da4374c11b5123a81ba52ce06,2b823dd5aa89c57e7558b54ac606525941ce0d400bc71990e026033ec9e18db9,113749,0.0,0.0,0
R4_aA_m0,0,17,A,COMPLETED,39,69,31,8,30,dc07134bf08a94596ac6e7a8081101309a098c2bec2018e720dd6ad7ad7ddb3e,e0f5620e7512ac453b0e372b8553e4767a546e9fffec480a75eba2d7f3914931,108202,0.0,0.0,0
R4_aA_m0,0,17,B,COMPLETED,39,69,31,8,30,946e1516582245b0e053877b289ce94b2c394def12c41e7a695b45a33459d3e7,5dbdd37255dd9b0166ade663db0e51b34dc7edbceada0e988ada86468ffda9a1,111019,0.0,0.0,0
R4_aA_m0,0,17,C,COMPLETED,39,69,31,8,30,315a0be40d0c5e70efc55fbf8e2fa4c66854128ed301cbd63816ee12fb94574a,7243247ca1454f0f6f0bb7cf8a4de10b17f017e97209776b10f92e9c155462e4,112797,0.0,0.0,0
R4_aA_m0,0,17,D,COMPLETED,39,69,31,8,30,93e7c7d49aa5eb0a31ff9676f210e6d8f193b53da1309f7a748f6ebfb80170f9,aa5e1bc1879a4f32943e26384038b1c38064ae4412fba00c6b6c1b68c16a7c50,112782,0.0,0.0,0
R4_aA_m0,0,17,E,COMPLETED,39,69,31,8,30,2bcf23e8a8ca756c47f888a048a889d7d83e7819170c4321fccbd6ddd7d872b4,d531c42d935b9e8d3c8d921e669061f864021fb89518674231d25df364573217,113705,0.0,0.0,0
R4_aA_m0,0,18,A,COMPLETED,39,69,31,8,30,1ff303c86d9e490b98ddfb7f3354f49d29bd0e92f0037f40f66b8eafd51e793a,c5c45749ce8c5f835afbceb6f6f0473126950933b54b3cbe7ce2ed5ad310a4db,107994,0.0,0.0,0
R4_aA_m0,0,18,B,COMPLETED,39,69,31,8,30,9d793c3ee90937f6d2ebb8de89e34091beeeafa913dcb1fcc95810c0811609ac,2e297d90dc03c20afd5ad8317dc554414085476c42ef98cfc4a1e25b7b42b687,110918,0.0,0.0,0
R4_aA_m0,0,18,C,COMPLETED,39,69,31,8,30,c5edd96591ff82adc2cbf1f091e34e601eb5c7c03c835f3128b3ba176f21fe86,723a92311962e06aff9f6ace1ec9e5f07ad10576d42bff148d55e500ca1a88dc,112844,0.0,0.0,0
R4_aA_m0,0,18,D,COMPLETED,39,69,31,8,30,8d796bf1c293e9c9046740662eeb6d484221a2ba47d4d0159caa4ad4296ddb29,dd7ce7220e427d57b5b501529de9471614dd70cbe9591ee019c95363ec679e9d,112951,0.0,0.0,0
R4_aA_m0,0,18,E,COMPLETED,39,69,31,8,30,aef32881dd0f42b6a639c575e23cd316cdf0df5ae5db799a0761a42a5637ea85,87db00e0ddf6c4b1af6dde618a7683314783ad26bdb93774d2e7711597592af3,113703,0.0,0.0,0
R4_aA_m0,0,19,A,COMPLETED,39,69,31,8,30,d6ac59f55d92d95e503e2e38f70aae9e37d95599cc4db88d32428999e7d4fa38,90433f3e4e94a8b7a891b4b624a8d9312d9a492af7f1a59c99b643e3392bd64c,108201,0.0,0.0,0
R4_aA_m0,0,19,B,COMPLETED,39,69,31,8,30,d272a006fe8f4a1eebae2526a905a5be150edafdde93e1ee0df9cb1be5335633,9e18bf937d9628ab2137c719ce3e954fe0866f20468038958b0f8ab5cf444b0b,110996,0.0,0.0,0
R4_aA_m0,0,19,C,COMPLETED,39,69,31,8,30,4cd59f7591123679fb4f5604f5777ae47b6caad26b57e892b80f7a64c94b95da,aa1c82092c62f13dbebe3549c52713ce824e25028f27f2ebce1f55fee3b19106,112672,0.0,0.0,0
R4_aA_m0,0,19,D,COMPLETED,39,69,31,8,30,ea01adc7ce39e997089277740d557c36ed99d7b56370a1e2a0bf4f850d812f66,acdd115a9caab52088a93ab0de9f2ac96d208691325cdf48dcfb4c7892a9104a,112824,0.0,0.0,0
R4_aA_m0,0,19,E,COMPLETED,39,69,31,8,30,202743df5af291d7b2516ad61c02b7e7bdaa98999866bc019407b696d1fd83f5,12e3204d0cb6767620a99d1a7f323492b02590376dae6b97d36fe8a868261653,113623,0.0,0.0,0
R4_aA_m0,0,20,A,COMPLETED,39,69,31,8,30,1bab78eeead53f25e70166e7be28501e9b751da907d749bf351ecda4a790c6b1,03c04db24115668f73a0795b3ccbec434567f0b9cd88ecc840a02720185a1c23,108150,0.0,0.0,0
R4_aA_m0,0,20,B,COMPLETED,39,69,31,8,30,55a8b6583c14a3535bb3d71ecd22b4dfcef6d284c2e4cb55644330e11dee2e69,8006e629df2eaf10a3ebf281b41e326b8fa8dab05c543c88940afbfef98efca9,110959,0.0,0.0,0
R4_aA_m0,0,20,C,COMPLETED,39,69,31,8,30,6cc140de8c3c59f907401aed494729ba3576bb5b0c70e520fb916d4505da8aaf,ec90ac347e5a17c34bc26d6edd7b9310fd7e4cd888f25d900dac7fd8ec9974e6,112850,0.0,0.0,0
R4_aA_m0,0,20,D,COMPLETED,39,69,31,8,30,2273b923fe7913ea1513843ab6c5b69f29520012e2565aeb1c76512d76ee4ac2,7c3df4d104dfc45eef0b28b7bec24b7b31d8d2147c784d76d83e636af0e03b65,113023,0.0,0.0,0
R4_aA_m0,0,20,E,COMPLETED,39,69,31,8,30,9e63b8584dfe332a63c86de4ffe248c4a5bd93a3362a352a3e6fb507b39f42f1,d3cd710eee8aa2cafe16fc4dbd50caeb3f24256caa4916141a4b6b94957a2753,113834,0.0,0.0,0
R4_aA_m0,0,21,A,COMPLETED,39,69,31,8,30,47cd53fc100d80c64acc6b3ed076e09aa87a5ff4300d2a0f59211cd494924e0a,5320c63145bd0dd4dc862b539eda1e0c336d1061f038e19ef7cea0b121d5f7bb,108302,0.0,0.0,0
R4_aA_m0,0,21,B,COMPLETED,39,69,31,8,30,364a108aaf81b8e880124ff7e3ef77ec35379bbaff27ae01452d08584cb20bdf,3ed6a3116d26ab5654d687f644d11256243f61b516353ebc64af2c36f77c316a,110902,0.0,0.0,0
R4_aA_m0,0,21,C,COMPLETED,39,69,31,8,30,17277efe7ec204dbd5210184fc91ee43e67531030ad8e484b68b38e56f976b19,bf72356b0cad7612624b9849b10026595e96dff8353ff39c9682bcbf6ca9fa17,112767,0.0,0.0,0
R4_aA_m0,0,21,D,COMPLETED,39,69,31,8,30,13c19f9265a898a274101ae528aee05d3aad83d98929275ce7053a014502978f,7fb242a90ced561c1b17747174b83b3155f53b84e4b50ecf91a496b967dc3c3d,113005,0.0,0.0,0
R4_aA_m0,0,21,E,COMPLETED,39,69,31,8,30,763431ff3a7b414a949cfbf7ea1bf8ae109141263b23911137805fa5d34ad300,321ac871471a9a3e98e74c8d5293f9c1d6a108dca0618f79f45c6b7c387910d7,113819,0.0,0.0,0
R4_aA_m0,0,22,A,COMPLETED,39,69,31,8,30,e7de6ac5929072ad46f0ae7a5aa69308fdb0274dc3a6dd3927eb5a462b2df138,25b48ea437648fafe76cfdcb899f072215ee87e4e416db721aaa7138179bde4c,107977,0.0,0.0,0
R4_aA_m0,0,22,B,COMPLETED,39,69,31,8,30,8040cdd24decbc00b3f1f3cf42c6eb6bd99865a2049065ab3f161de5df84781f,99724a4ef292c47d81eaa3f7f03d657ad4f7d9aeaf5929a9b3da4f5990fc2dd9,111055,0.0,0.0,0
R4_aA_m0,0,22,C,COMPLETED,39,69,31,8,30,50448ec7e6ab0d11e8eaf31019505b68377458e639e926c449c84f93d3a92858,cd3f51c183eb3ffb9262bfa26bfc2358ba4a2a66271513bc0f276833cd5f3170,112877,0.0,0.0,0
R4_aA_m0,0,22,D,COMPLETED,39,69,31,8,30,b2a1b367aaf362bb5d8c8672eea94f67b38b9076f08b01bdcaebe7eeaafa39c2,ae1829616d7ca81ff4bb5220d87c7166f8215c96f2ca343e380b53b33d1465c4,112720,0.0,0.0,0
R4_aA_m0,0,22,E,COMPLETED,39,69,31,8,30,093d934b1cf2384ad0c9c66458fc4b94b22a09f620633eb9d397c3b3b66d87b5,8fd2041754ee84321008cc3570a78b1c1b25cb8ca012d508db5405a4e37dc010,113700,0.0,0.0,0
R4_aA_m0,0,23,A,COMPLETED,39,69,31,8,30,039aff96d25241d02a7dac57c8afc0331368103ae88f542b00e9fe1699e2ca1a,9ae980ad6204f5734460e92d19993adc4dd5215a3dbadf58fa7d8e0bdfb981cd,108082,0.0,0.0,0
R4_aA_m0,0,23,B,COMPLETED,39,69,31,8,30,a68af3ebc1342f1c59bc1afaf5a47a0f719e135d6c91dce1cfec2983b91e98ed,3118ba670a1035261dc67b5d1f9272b4a8c3aab63570a7caedcd46573b48ccb4,111030,0.0,0.0,0
R4_aA_m0,0,23,C,COMPLETED,39,69,31,8,30,c8ed895665966769f66a7cef3ecd376f032ea78d97b49e901a78ceeed3e5e479,f303a44d846fda5e1c2289d751c160872fd231d7d538d319115868ce1388baee,112891,0.0,0.0,0
R4_aA_m0,0,23,D,COMPLETED,39,69,31,8,30,1684db9b7296a53be348a7e5889fca6c3c4d9b2041fcb8f8130e8ae8eb25ee26,b158e0c353ad7c704f891c5282a4d82dfb3108900eeb754332f2ab9ec5052bac,112818,0.0,0.0,0
R4_aA_m0,0,23,E,COMPLETED,39,69,31,8,30,73f6def542fc728392029fd52a9ab3dec056362e7245cc6a0981cdfd92780e5a,11a90530addccba29cd93ac7a3960507c5386e67060230272007161a9f849d36,113741,0.0,0.0,0
R4_aA_m0,0,24,A,COMPLETED,39,69,31,8,30,d81b017c70751803ec020e87df7a838818893ea8efdb9c5b483718f767afde43,5ca23a0069a7c6d5c04377351d63b03ce1164fe1289fd2acf4c3242dee8c9760,107953,0.0,0.0,0
R4_aA_m0,0,24,B,COMPLETED,39,69,31,8,30,6c68277cb06f75a4e15c2f398edc49107671e22e167758bf745cd51ea9caf77b,e2691e56e66f2cd4f58dac0c18539ae3e9769bc035dbd81d34736bcd38f74778,111188,0.0,0.0,0
R4_aA_m0,0,24,C,COMPLETED,39,69,31,8,30,1a769a70fe608d984a322c860d6a2e4fcc4db34ab052f8f5dd798139a04315b9,fa3030ee928071dd5064cba8a033dc31d0c06c3391c5c9daf1e4aa8a6682f4c8,112805,0.0,0.0,0
R4_aA_m0,0,24,D,COMPLETED,39,69,31,8,30,9dd51ebdbc3751a916a7ff9e9a969f53b4c99c310345d7630fa0bf032f918ea4,1936ab4381730cc5e562ded4d3b39aa3eb9fba98c2e2dfca9be9b08993319354,112953,0.0,0.0,0
R4_aA_m0,0,24,E,COMPLETED,39,69,31,8,30,4e3070fdd50d390c561ffd587af7329e296f10e2f47c1a3ac454c3c73b4433a0,d29221c31bf0616adf36d3d0886ba9cd99aa9052c3f4503b744eef1c04bdfe1e,113693,0.0,0.0,0
R4_aA_m0,0,25,A,COMPLETED,39,69,31,8,30,d706115d3dabc14987cea8b5bec0e0fab67bd29f31b0e8bef45d7e51149fa4ce,675d1ffa8703d92ccae5c2b96fda1e0f86b9eb66807eee8b992c86eee8ac61c5,108077,0.0,0.0,0
R4_aA_m0,0,25,B,COMPLETED,39,69,31,8,30,ab36a11c2c2d07a643b7b5d913fb951ef5a0367678ed7ce34b163ecb14d1a09e,cfbc86986ab818b44737e0c727684a2a52c10da637ce87cf1fe49b1a1d059db5,111056,0.0,0.0,0
R4_aA_m0,0,25,C,COMPLETED,39,69,31,8,30,2e0d8835f47f000ac92c081f38f9327d78563177b8bf32d102b041da7259b76d,93b57ff6716f2ad1e975b938a2a60b8c086a2753fd167262c823783cd2a3a2b4,112853,0.0,0.0,0
R4_aA_m0,0,25,D,COMPLETED,39,69,31,8,30,6904795bc893b97b290d80223c976ba5ac9bccd496240cf4aaef084b35353fb2,93ee12621394a1d755057079bed9e13faae30dda43476a615a51450afda73ae0,112919,0.0,0.0,0
R4_aA_m0,0,25,E,COMPLETED,39,69,31,8,30,493c79dc1d9307c46dddc687edbc7a59a81e54599f8e4642765a2c726be323ca,17dffee3b5faf628524088aec3e473da9ddcfc83643e0b0d3379d945c07435f6,113618,0.0,0.0,0
R4_aA_m0,0,26,A,COMPLETED,39,69,31,8,30,139bbf27207e408d37394cbc8fc62bd713db811e1b214dc53d83fa2cba8806a0,70a826537fe27028c05a5218f0f982c372b62493798eee9dbb208d31166eeeb8,108026,0.0,0.0,0
R4_aA_m0,0,26,B,COMPLETED,39,69,31,8,30,b37f8d2880d17c35f0fadecdec5f196c2658659d5930159301f48b02a4d3f41b,60bacd972dcb6f0dc332fbeb153f3cc880153908e7230ec47f73dc462b4235b0,111035,0.0,0.0,0
R4_aA_m0,0,26,C,COMPLETED,39,69,31,8,30,d45924c2d9cb362e3a151bfd00dd4655b08447858bfb477d1e2bbed4e1c47d80,e7dc81aeb26b046f6f2cb12952031c4f6151a96d8f240425b2ec578d3d2d3e0d,112941,0.0,0.0,0
R4_aA_m0,0,26,D,COMPLETED,39,69,31,8,30,2cceaac9fcc2415c9649325315e787e34bd3b1f7cf8e6ad7a1006066bb6ef3a2,5e9b1df82836041e2186ac71ad224a90f9e7fc3bb638cc20306160fa306836ed,112863,0.0,0.0,0
R4_aA_m0,0,26,E,COMPLETED,39,69,31,8,30,439fedb586aa39bba894a40e441fbd765abd54e49e374c785458c2997a640d28,695aac21aab9390b64aedd7aedb8f8423b2961ce599ce10ad43db5a5af3030b8,113735,0.0,0.0,0
R4_aA_m0,0,27,A,COMPLETED,39,69,31,8,30,4eee6adc0a97c1e46684198a29fc916f94ce186e6701dac2d098654da8e499f1,a471da48cba6aec8cfc8d1e70ab4818998d7c5cc03106eb001fae7922e4695d5,108081,0.0,0.0,0
R4_aA_m0,0,27,B,COMPLETED,39,69,31,8,30,632fd693bdc294efb8fcc78a741ffa87d972ecdc1d7fa52920a93bc0f14081cb,ff3df89115243b67d06767d71c0b33baa5a0016d0d06ec36a40091619f8d391e,111189,0.0,0.0,0
R4_aA_m0,0,27,C,COMPLETED,39,69,31,8,30,0c7fd8209aec8848de0ab1c4f9eaa9969a4acb01060c49540c840db4b233e228,405b25762d6f27c2741908f831fdf91c6e737ab6f63cec6c9466d4ee0e1b40f5,112807,0.0,0.0,0
R4_aA_m0,0,27,D,COMPLETED,39,69,31,8,30,6000d14015d81547f0459cf925559b21be784099943614045b17b0e09ac27f53,528c81d82fcd9c02ad086608092e72b9d1616bb5e94c123fb9a8344300844daf,112885,0.0,0.0,0
R4_aA_m0,0,27,E,COMPLETED,39,69,31,8,30,c12209ccae02b25ed71cf782bcd1c8ec612ddb48fbd6cd7b9550fa0a05b315bf,d686484a23d6eec123e56e71ee1e6e9606209ad1132170c6c087ea8303042c81,113651,0.0,0.0,0
R4_aA_m0,0,28,A,COMPLETED,39,69,31,8,30,edd133418a9b6e8cc8f58f8abc7d68ad70af453a9f95b947d7e833473d634b31,37774f1b41d3b9d058eadb7968504b442aa65d94d6368b33ef5a44eaefd6f139,108051,0.0,0.0,0
R4_aA_m0,0,28,B,COMPLETED,39,69,31,8,30,361161e7cd298655fa3e45ff973dc481dc8f65b947eb35bf3780666362920738,97bfa3766ffe9373dd938729e8d5e3beb08a0711c90bcd4c7d87c68de1775200,110920,0.0,0.0,0
R4_aA_m0,0,28,C,COMPLETED,39,69,31,8,30,770f98f4b9c07a756828fe1bb67f5bcc5c07601380c9230e7900c65bcab35890,b057deffb1da5ec3464bedad35ce284f54220588fb3fb02475db2f887be85a12,112813,0.0,0.0,0
R4_aA_m0,0,28,D,COMPLETED,39,69,31,8,30,32b868c1aed40fead03589941ae07bbb08f713b99cce3acc1ec0998c24c6b418,5f2a9a5321b9856129bbc8b80c6622787b16d4a28bd623aadb7ec710a3c67707,112991,0.0,0.0,0
R4_aA_m0,0,28,E,COMPLETED,39,69,31,8,30,c1476181e7c85392f54087a869b31bb77c8fea00da7f41c54597d8dfa74be13d,0705ef5c2de1724d4c71f2b3a531ff5d30c9d38295c3406ed2105e9e20e751e5,113657,0.0,0.0,0
R4_aA_m0,0,29,A,COMPLETED,39,69,31,8,30,cb6e49f7ff114b276f758315be8e2bf6533b45085683097de281f4f5674ad0f2,0bc3ca43201dc3413dc5d9de65df88442e09ad44a00c38673f98c5999c6b892b,108138,0.0,0.0,0
R4_aA_m0,0,29,B,COMPLETED,39,69,31,8,30,f4537e88e4e71bd4cd44f600c9237612ec74022ae04c9f242061f27a7e855a0e,6b07cc63a2a85ddf1ca9d148b2b054e2128549c2f3c0b70fe7ede5d2e7eb1372,110997,0.0,0.0,0
R4_aA_m0,0,29,C,COMPLETED,39,69,31,8,30,e91bb71ed4e1d764fea5b26aedd9ce2c9b608f566c74156b288fc268b290c756,5be2b59ed327d70044f2f3171c6c6f6d2fdfef833c2980d0369b84d74f5ca3c5,112829,0.0,0.0,0
R4_aA_m0,0,29,D,COMPLETED,39,69,31,8,30,6658929dd2b08227185d9339779fd27ebc93cb0155831bb31064c28051a522ce,07875d5fabfb445ba7b6cc8d46d35d08e8207b44609d499c80171a6bbf17437e,112829,0.0,0.0,0
R4_aA_m0,0,29,E,COMPLETED,39,69,31,8,30,887127df12fbb4f475e9e7efdb90f1d560c24f91f879abaa922b5c712606e549,e1ebab216964c3aa696f54c043cfd1b2dd0fbdaceaf984044b71ce658d5d7323,113674,0.0,0.0,0
R4_aA_m0,0,30,A,COMPLETED,39,69,31,8,30,4e6fc3b34bedc64f228f35580303ff9d2162f53953f9726f41209160be787140,e0c14417ac6a9f82beb4819b312a006507ab62967cd2f00497133126ed4a31b2,108020,0.0,0.0,0
R4_aA_m0,0,30,B,COMPLETED,39,69,31,8,30,c983312c3c56ba638c07f26e92d2324b9735b04ff6a6d9509e6fc39495188eba,6d96387f33f675a102c62191bcd4af2f8967b7217e2f14b5abe6c43b7bfe8cfc,111157,0.0,0.0,0
R4_aA_m0,0,30,C,COMPLETED,39,69,31,8,30,a9931b5efab5de9d98b4aa6534da0387445b588a8d65a9ab906bd01959ea15bf,0566380dc28f9d74a4095d5c1e7caa033b7b97143832d1b9bec98de11b4a9efa,112870,0.0,0.0,0
R4_aA_m0,0,30,D,COMPLETED,39,69,31,8,30,48947663b4c1b886a84959d2b430e8c3002ad8ec036d93cdea14a06f87f6e88f,4d52306a262761497cfbe8918e6cec6aac11357ee1c6179cecde2e4474c001fd,112951,0.0,0.0,0
R4_aA_m0,0,30,E,COMPLETED,39,69,31,8,30,e9ac55398f0d0e7ce848928aa4b30d28f430446c2fdb838ad7506d173fa90eda,59552e21cea3b9553e42ef14c6779abc803f9f61392c76154bed49ba781f8128,113742,0.0,0.0,0
R4_aA_m0,0,31,A,COMPLETED,39,69,31,8,30,a1fe26d1fccbaf90f8dd8ba383fa51ebdf051d4773f4457705982be2f4634c09,1b2c2cb7dac959e1e7e634ec1f9ec713128318cfe8dfbfd4567b790d4d211508,108082,0.0,0.0,0
R4_aA_m0,0,31,B,COMPLETED,39,69,31,8,30,4c56cf85f10ca41f3d69cea815ebd135c193cf634b0128e75ec652430d167f35,8c6b299320a1d693d07aee3c937042918720483bbacfbd6d007840e4786039e1,110827,0.0,0.0,0
R4_aA_m0,0,31,C,COMPLETED,39,69,31,8,30,183ea7f6fb5afea0d25703a564a49af29f1469fd15478c44cf382ef2aaca64b0,05275d49ac682b2a589f1957248152a940257e1770f7e6c6b0c605eca66d384b,112791,0.0,0.0,0
R4_aA_m0,0,31,D,COMPLETED,39,69,31,8,30,a16f13a77d8ae97640770a3621b0f2e6f860d4451b77243dbc86af3e05899948,6555d52d8c96f07f56843da8725aa9de74cf0ddf7160d69e1f3f4abde977e48b,112920,0.0,0.0,0
R4_aA_m0,0,31,E,COMPLETED,39,69,31,8,30,dc412e553f706dbba4b85ad51e560ef0e22bddadf900082b6b4047cc16009aad,bf077c7c3086574674efc2fddc1d9598d4617c873a8f727ad8d4483f95f991a5,113819,0.0,0.0,0
R4_aA_m0,0,32,A,COMPLETED,39,69,31,8,30,d3b8432c477b15a80f7d4568d39650fe67ee3817d6f97fcf1ebd8a3c1ea4b18e,40070a9f761b29ba27b49d9fa207d6b3051a5ec99624ee95fb5164b314fc813f,108200,0.0,0.0,0
R4_aA_m0,0,32,B,COMPLETED,39,69,31,8,30,31c7c6799da2096866274e8769e6c25331d3545abea76a7cfbc55f61b010707f,0442bb8a2451e02c2fdb8721533668575424408c3024df2c6fc075fc20d511b8,110926,0.0,0.0,0
R4_aA_m0,0,32,C,COMPLETED,39,69,31,8,30,5b3664061808bf9051c236d97dc1fe7ace601af95885cf53b8d3d88adafea5dd,39ea5115ee4db3d86e9a3bb29e54f453a0265b970d56ca867e7176d1e3e3f189,112855,0.0,0.0,0
R4_aA_m0,0,32,D,COMPLETED,39,69,31,8,30,72e633b688c4a4149e5a8ca32bdd047f3da44a0c79635a0586e5c21cce4eb97a,633bcc16b14a1980b87a4e6b87d255703891f5e11e5bd330c6b133cfebc35e59,112895,0.0,0.0,0
R4_aA_m0,0,32,E,COMPLETED,39,69,31,8,30,f6973f7e48292453a928d011775d3072b3155c7081c72a2f38f378289a64e050,74476b913c0ca8f394bb9db3fdbcf8ea8992d5c809c58d00d737cfbecb457a91,113645,0.0,0.0,0
R4_aA_m0,0,33,A,COMPLETED,39,69,31,8,30,d60b9bdfa18a924b77b196fa9f3ba1dd0b1e0a6895957753d6671f0155be6f08,387e7d8ada5d661b7266599888ee3b7770eb6ca772bcde75ab38b122372102a1,107920,0.0,0.0,0
R4_aA_m0,0,33,B,COMPLETED,39,69,31,8,30,b70c5fc69595b83bb4943288481149904378607b948d012379cde153ceb060f2,835d2577bd36ef6522a6719a6c0408298c01e162e266e2b94e08849438e71d66,111101,0.0,0.0,0
R4_aA_m0,0,33,C,COMPLETED,39,69,31,8,30,e2086a2af7c3e81f52f364c217a408c8c08fd2e2c32de580df7e56ba0591cf0e,c2af23689705e1d0d556598ad6353700d63992a6af6fcb560049665f1512b371,112870,0.0,0.0,0
R4_aA_m0,0,33,D,COMPLETED,39,69,31,8,30,58160c290e550d11c489bdc890b9b4195d7f74fabcdf67f0e77d2284bf1f68ad,3754b61c877702ed6d8bf702e1022d8515d21e0e09743f28e841d9d217c35042,112870,0.0,0.0,0
R4_aA_m0,0,33,E,COMPLETED,39,69,31,8,30,2525f93b05d1c2d5778394a6e26fd75dce8923e91c498fab90b3d5b42530a19d,e1566e8e938042aac13317306da104b3934bb7e6be52c2bb2ff37c18b6aa45f7,113664,0.0,0.0,0
R4_aA_m0,0,34,A,COMPLETED,39,69,31,8,30,119851ec7fb4c0671649fe84b79015635ed26a3d95c580bb6077a65f2c945198,91e55eb387add464a94940fc331307fefa97b27c35e98da1d64173a60a96fd9f,108083,0.0,0.0,0
R4_aA_m0,0,34,B,COMPLETED,39,69,31,8,30,a7437e44b0e3a2f0b5a9042e7b8cba3632e8583c740dd5e23a926afc9cc941d7,4b9828c9a4a6ebc7fc2f94933ab6372eb773e3e65b6a550c6016d83cd75de3d1,110908,0.0,0.0,0
R4_aA_m0,0,34,C,COMPLETED,39,69,31,8,30,b3428ac9626dc23f288fc9726587b1f13f52333c2c54640b9f2fc2127e228dd7,430df847f7c37993ea412bec1e8e8da8fd3e5132f0e7ebdfee99d91ae6650978,112876,0.0,0.0,0
R4_aA_m0,0,34,D,COMPLETED,39,69,31,8,30,c24339cd08de1ac6acade052471c5b55a9490e3f2558247c7da6a1a2e444bbb8,19e2147060ed3ba7e6460eb5ecad0f658d723578571f844c92cf13e7dd1356e3,112828,0.0,0.0,0
R4_aA_m0,0,34,E,COMPLETED,39,69,31,8,30,635a53fa29f2ecc0071106016c3f55942cc861315ad0bd6b47a5e14ced984a94,0d6f15e1913522c4fe1002ad15ea00c5a2a0bb6fed24e0cfb9211d0b674f894a,113635,0.0,0.0,0
R4_aA_m0,0,35,A,COMPLETED,39,69,31,8,30,afccfe106e103e2069e7178fab9c39408f240525cf9dbaf169c0447c9d2253a1,1a8413e264c339f915bff199d4deaa1e531a662b67d83bd3f4cf542e6fa3464f,108041,0.0,0.0,0
R4_aA_m0,0,35,B,COMPLETED,39,69,31,8,30,c53c902eacdbdb4852d5a74aad7947efb9d66b271c2588976c3421203148f184,9a6189ca01ab877566fe2812933b0e2dedda07127dbfb8c6f44b2152c71ee301,111071,0.0,0.0,0
R4_aA_m0,0,35,C,COMPLETED,39,69,31,8,30,d5fde727ceaea5e446c621952ee2eff9a790b6e0389c1d4c27f578912e9e3e48,f8a7c98444b6abe30f89d02b7017c2245cea525a599f0e3c53794940bd84f3f3,112912,0.0,0.0,0
R4_aA_m0,0,35,D,COMPLETED,39,69,31,8,30,e66d58776b434d20245b4b6136054629bca5362ba55a4b81abdd6b6a5af5b518,81f4b5165d69286e613befbd382e755963073b83e4e044ba05a434859a5561af,112929,0.0,0.0,0
R4_aA_m0,0,35,E,COMPLETED,39,69,31,8,30,fa854a02f62c3422692f778a6d122155fe579d5e8bfff870746df4596ec06079,a94d149f9fe39d768dbe8df3a3a4bb76a971aa6954c7976431d0da6a2b074264,113668,0.0,0.0,0
R4_aA_m0,0,36,A,COMPLETED,39,69,31,8,30,d99269a0b262700a70342f929a003fa2508d75854f8c0d6145c95d38fa1d9a63,f31921826ce6d39d84dee5ecda7a3c77c92b9ea04c98fe40433fa4eb73d53ada,108115,0.0,0.0,0
R4_aA_m0,0,36,B,COMPLETED,39,69,31,8,30,fbf3aefd70dfe603de6fd8619754d581c40a79f0a5645e235f88082c0bb02e3c,1cfc691c0175492a87ca45e27d592e16f9b4c66d95afbb6823a7aaa85f283928,110975,0.0,0.0,0
R4_aA_m0,0,36,C,COMPLETED,39,69,31,8,30,e665992146d273f674c28ad08e22db9f1cde645934474cabffc6c115b5ae42d8,598bdbd2e45fbe1705818627e25ed3c2228906493f6adc7af74ae384bd02fbd0,112858,0.0,0.0,0
R4_aA_m0,0,36,D,COMPLETED,39,69,31,8,30,65d52ec4f51b10c62c9260c3039eec5b23a94e81d2a030b6315ba8344e199873,0d46b5ee5c3e90f69cd47b85515ccb39f57c31c0a1b07591cb651a103f5aab26,112839,0.0,0.0,0
R4_aA_m0,0,36,E,COMPLETED,39,69,31,8,30,bac68eb2c35aad9457cf64b4426538566a408f935c3c790b8f0c48978d9fd53d,98d3cb8523ed5f245d940769b5aa70e2c53851767d09348410868736dbedff48,113898,0.0,0.0,0
R4_aA_m0,0,37,A,COMPLETED,39,69,31,8,30,3122d6ce19c1641a2d7e2bc0b34609d0ab44ea13aa0b54267b90b2b7591d3c23,eb47d74b916bfd0c79dc54994e792be35f7b47f820f49b202601b93e07391115,108149,0.0,0.0,0
R4_aA_m0,0,37,B,COMPLETED,39,69,31,8,30,dcdcd076837446a93fee4f1fb15b8abf61dbdbe3e06fbe18284187defba55e4a,414a34109bb84996bef494c52a7b41b87eaf0e52490e3a26aa553973474c5023,111000,0.0,0.0,0
R4_aA_m0,0,37,C,COMPLETED,39,69,31,8,30,c40af9ed5a8f1c314df7ba3078529203247f53a8d5824834f74244a84af025c6,990587cdc3a1eb5ad0a85b3bbe6cb601f42dbe84f64f6d30fdd3181e28afcf29,112879,0.0,0.0,0
R4_aA_m0,0,37,D,COMPLETED,39,69,31,8,30,d2946e573a9ada468c4a362f49bf7927d0ea3ab1df50708feccbdede8ca4f668,519e928617a7f880eb61dae8cffd9c868b35cdbe5887c9b598fee5f02d44c5f1,112824,0.0,0.0,0
R4_aA_m0,0,37,E,COMPLETED,39,69,31,8,30,554bfb8498d406207239fbc7ab7112ea0454755c8ce9cd8534e9797b8bacf8a4,630578af09c391b16c686e3e5b3afa63f55762f57b019a9d656456bd2efe624f,113640,0.0,0.0,0
R4_aA_m0,0,38,A,COMPLETED,39,69,31,8,30,e75282404b9ab2c6c5587a37395926bf01f30ebe0b97e71783a2a50ce6184fa5,1379b2704de6a5114521161fdec74fde3fe30fad20deb91023cc75e08d4c92e1,108033,0.0,0.0,0
R4_aA_m0,0,38,B,COMPLETED,39,69,31,8,30,7e4a58802775a36853e69d026332002c619a39eb3b81b2668c5dcdb8f0a32f3e,047b3196521df6e1f090b8bad7dba668142881f9a94c00a4e51be5c2799a3489,110938,0.0,0.0,0
R4_aA_m0,0,38,C,COMPLETED,39,69,31,8,30,386cbef3919d137baa8f6c98cf4ccc2c9243b94901b13ecd5efef40b8fa923a5,a6638d963f6942cf33d8064bc349b9d8018e68d97df676d7b6a1c576670142eb,112842,0.0,0.0,0
R4_aA_m0,0,38,D,COMPLETED,39,69,31,8,30,edb71b075a222fac34c1dcf968b13988efd9dcf0c88779909989d61824129cf7,e424f8440f69ed510f5b3236d73826fb11fc6d77655f0b7c274d20b3b28aaac8,112944,0.0,0.0,0
R4_aA_m0,0,38,E,COMPLETED,39,69,31,8,30,e64288ffe80c0172b653f7070b5316afa0325c83eacccfc1e0a6ac98c748c3ee,9e0df2f7a6fd16eb4a320913f67fe4443b8eee2c9482a50ae0404e5de6045f30,113803,0.0,0.0,0
R4_aA_m0,0,39,A,COMPLETED,39,69,31,8,30,910b996d3658799cadb68439d7bac1f0f004f1c16e9bdb194862b03b22019606,2e5c7fc760c521d3eb79029889c3614327c6effb7c7bc5261e10db5e95a1df6d,108095,0.0,0.0,0
R4_aA_m0,0,39,B,COMPLETED,39,69,31,8,30,6fe8a08aab62b044843074f29c2f103a8893c99a5c40b27d175b1edfa5c30cb5,5937f15e2130f2e791336c719d64da4ba89e4adc8bc0a4d83ec248cc1bdef074,110841,0.0,0.0,0
R4_aA_m0,0,39,C,COMPLETED,39,69,31,8,30,bac16f18e1d46448e573878da70cd870c4fb0d356ee9742d7a9a94d7433bf170,d70a859a164f95fe82ef16f14d31fd9599a3e72bc70c4ecd213b2ce855249160,112748,0.0,0.0,0
R4_aA_m0,0,39,D,COMPLETED,39,69,31,8,30,3048c7ecc59de90a5d28b5cb806e302a37e77c20999975f89af9a0938733c323,09d1a0677eaea8d8543efb1374d2d57b547d033d02afa8f77db4f3d9d0569d9c,112829,0.0,0.0,0
R4_aA_m0,0,39,E,COMPLETED,39,69,31,8,30,724da5510eac82ebee2fedc33f2e19682768b9ff573de2028c67d5bbd2a8f3bb,2e686642a2c28a15a2e01793282b6cabc7e16a463900ad28e3b3b5973f98f26f,113663,0.0,0.0,0
R4_aA_m0,0,40,A,COMPLETED,39,69,31,8,30,4796a946078b0536003e0d4e9e768a02435842c6647014251c5a69804bf9f85b,34b37224c06edbf5b8a2dee36864ec6dfc74e677273f4ddc42e192aff4132a0e,108109,0.0,0.0,0
R4_aA_m0,0,40,B,COMPLETED,39,69,31,8,30,ddc2842e3f0d71d9c00bed3f6e3c6ac158907cca8e7c9dc06e0b41a248eb7249,75c4b32889beeb34433e9a3935ab7db1736a8e660a7ea4199acc3b9e2d25deb8,110903,0.0,0.0,0
R4_aA_m0,0,40,C,COMPLETED,39,69,31,8,30,78396e7eef4a77f53865ce4ff571aef748bf4926666ce16ad663652befe41060,c76ed4eb50e7aaba35b94bfcf718362eb0f028078ac45b54d02ab39e95e961c7,112784,0.0,0.0,0
R4_aA_m0,0,40,D,COMPLETED,39,69,31,8,30,5338c91e5034caf2221368f5c6853aa2e4f7b48a302b6d40802888708ae19936,c99f2f97749921369a9c204159099f07eec6ee9419e7299b33fb312d79793e98,112829,0.0,0.0,0
R4_aA_m0,0,40,E,COMPLETED,39,69,31,8,30,d9a9ece1d147d92c6a7cc28907c23b293752d5b4a79da542f2a1015b98d53431,ddd40c63461de73fc803dd84382dfd842abc56644d50ff3dd15c34c4e0bab5fd,113699,0.0,0.0,0
R4_aA_m0,0,41,A,COMPLETED,39,69,31,8,30,cc6957432088abb2d1f2b244445992f51f4d4144b97e7ac3e4c13d0ec9f9adbe,219364950a49030bf3ccde7e409180a15650c16aa49f71e97cec37e5f55eb621,108129,0.0,0.0,0
R4_aA_m0,0,41,B,COMPLETED,39,69,31,8,30,3fd1b1ade40498c3994acb0a63053497ca9d59ea606383668636043fb9acb8f2,d3221aacb82a0e3e8e73dcb06fd7d8f0b4bdde51e8939bd85e40b15bfeec531b,111080,0.0,0.0,0
R4_aA_m0,0,41,C,COMPLETED,39,69,31,8,30,82ed94790f9cf130b8a2274851ae2a6120384e26a2f532983cf921d5c68bb338,84253f88496353f9f72dec1184031dc9728b0b6c99d358a09fa077db2b559c0d,112823,0.0,0.0,0
R4_aA_m0,0,41,D,COMPLETED,39,69,31,8,30,b24defbf9bf44cb4a444861be510e33a702ce42dc612f05ef10cf2f93174cad7,fb900a449c5ac7eb5191535413f49d93bcb7e71cfe95980cfa1207467320d4cb,112856,0.0,0.0,0
R4_aA_m0,0,41,E,COMPLETED,39,69,31,8,30,9061e3c84bafca0de549b12a3141b79e6eaeb799175bb79b87e88b36f06e8fa7,5ee0026a5c99d823599b4492eb1c63525d82f94ddb750efa34317e4b74bfffc3,113745,0.0,0.0,0
R4_aA_m0,0,42,A,COMPLETED,39,69,31,8,30,f753f080875172df601a27495cf209643f388d8cd9298a0677f8568fc7822770,054a581c323847a2d1dc04d4889744b2022e9a52d0ced76d4689ac61b5087e19,108157,0.0,0.0,0
R4_aA_m0,0,42,B,COMPLETED,39,69,31,8,30,3a88c0b9bb0b6afe2b5d10aa0d6f8b72fc9929ca66ce184ca837555c8f6926c0,b330c47da1d5139a902ac074d1e2e818cacee9cc87cf21dae59b259798401d31,111131,0.0,0.0,0
R4_aA_m0,0,42,C,COMPLETED,39,69,31,8,30,cae85368ee349c63e0cab50a1f41d5cb55da70bf5cc97cd733688ce43788195e,4db67b6339079dc555a32bf4107fe68cf0d2d81fbc416db2080d5957646455e0,113016,0.0,0.0,0
R4_aA_m0,0,42,D,COMPLETED,39,69,31,8,30,a389bd0620866700cb10c5cba4b29ade23ab12f3f1e4d569966332102ceeba0c,5dfcbca957ae262832fe6da443deb9551628a7a39e941347009d5ad2d946ba76,112893,0.0,0.0,0
R4_aA_m0,0,42,E,COMPLETED,39,69,31,8,30,fbe11032558d98d558103c09831e621241847429aa5c6920ff70936639d99e25,7791be5b2f7456e434caf8f5433e9880341032641f29c5c019bfc2b4bf7d9d9d,113767,0.0,0.0,0
R4_aA_m0,0,43,A,COMPLETED,39,69,31,8,30,8330651857b755e8c801acb5da893fe47f1ad2cbba46e1e087786c1838e0fb92,715d8e4b3079271f55c98a53aeed3f8cb3004b11c98061d44e3ef3626ef895e6,107999,0.0,0.0,0
R4_aA_m0,0,43,B,COMPLETED,39,69,31,8,30,94b927e7a776d96fa661ba0d4ae1aff6ca9fbe54326960925f25ac9f8dd9f709,a47f869a53c81e41336313d024e55d5be054fb0454a7f0a33aef4a07a4ffcb98,110878,0.0,0.0,0
R4_aA_m0,0,43,C,COMPLETED,39,69,31,8,30,742791993cf77b3fabf57371a754a32be4c38137d52dc686e6f6cda684023919,6e9ba0060605644fe99650cbc7f17db1e0c104683c810d9587eb37a10fdfddb7,112818,0.0,0.0,0
R4_aA_m0,0,43,D,COMPLETED,39,69,31,8,30,c81a45381f3c4f4857c86d4d9c3c93e7a16f08e7c6de366bf78c6d237946ce0f,585e6ec584793e79d8a7d7d652eef56abbb100cc6b93f7d14b340d10be900211,112829,0.0,0.0,0
R4_aA_m0,0,43,E,COMPLETED,39,69,31,8,30,9d04814b9a5555717b76b15d4c55f9bb0e9e4fbfda2b29f4aa94949e5eb59599,2fe0b26c59ccf6e3f78a93e9ab34ecaf484a190ffea28be978286b4c36ec5943,113683,0.0,0.0,0
R4_aA_m0,0,44,A,COMPLETED,39,69,31,8,30,5a6b449f08189dca76cb5eed9496983687f2059326bdff7ff8e8c1476dcd4c55,8d9fc7361a8d59751e016573b1e46b59b8eaf9375ef3fac1a12e8ff2e6b27dde,107854,0.0,0.0,0
R4_aA_m0,0,44,B,COMPLETED,39,69,31,8,30,49c3d15b92c3ea379c886fc3e8f6be32d2345d0ab1ba31db019a71e0f9626554,a7238eb275177477ff8aa720668bb4463c5584f678578896830a7ce1d7a9dcee,110940,0.0,0.0,0
R4_aA_m0,0,44,C,COMPLETED,39,69,31,8,30,3c1cc9697843001e9cde5d4042743f8aa4ed60f0559acfe2cdd895ab8735d413,678e0919549209357dcf819a0a4b48e6e99722f70e1e6a1d00b8e9ee2e31bda1,112944,0.0,0.0,0
R4_aA_m0,0,44,D,COMPLETED,39,69,31,8,30,221179fe429c81300edb991aecf7337821669ba4fdcac8b11b1f395ed4b58f66,2cf391b52948d88c6208125b341619bb0c531594f941276a761d59de45fda736,112810,0.0,0.0,0
R4_aA_m0,0,44,E,COMPLETED,39,69,31,8,30,2c84834ee59d1ea43378a8195af80b963d6c1019b4f8f7dfccc53a148c7e1f86,df6fd397ea0ef25ccd78991dbaa7e43f7c918dcc396da8d6d1e196bb84b683e2,113796,0.0,0.0,0
R4_aA_m0,0,45,A,COMPLETED,39,69,31,8,30,dad3bcda2ea8cca4c37420ab296b92be150560b524f1c31378d2dda3748017fa,a5afe448abcafead4e9fbfb126d7d10d79e9193aa29ed55a947794a8af76bc1d,108137,0.0,0.0,0
R4_aA_m0,0,45,B,COMPLETED,39,69,31,8,30,fb18d547d84e912428af18bd08147fb6233d20f5ce9b1e811b9a46fa11a2be64,369f817ed5bda7c5a428515c85fe738382caad154a2011c3607170eb561b95b0,111011,0.0,0.0,0
R4_aA_m0,0,45,C,COMPLETED,39,69,31,8,30,a704769730a0ad63ce8ea39212a34aea612d9c61f6c6dad4cf8589df893979a1,3519eb7e8c4f601c9f0269927f09002f23585521f41b6c8d5df575653ec30691,112912,0.0,0.0,0
R4_aA_m0,0,45,D,COMPLETED,39,69,31,8,30,233a10edbd6819db0d67dd2bc08b2172f6894c8ff1fc9fab69e1d1b9afdaa469,55821e72293ff5fa75ab83a8e664f72cc8ea1be62ef8de57a24a45c9c606c7fb,112999,0.0,0.0,0
R4_aA_m0,0,45,E,COMPLETED,39,69,31,8,30,8dbf3ae4d918f6f7063fbf64594a176786e2d1dbb027cdde222d199ca2a4692b,54e1af676cd7f2ac8c4ad95bdd5c7301238c9f1342acbc2ab4f8687315b6c40a,113792,0.0,0.0,0
R4_aA_m0,0,46,A,COMPLETED,39,69,31,8,30,5b2ae7ec2baf20e6ce1a331dea83927754f3993833893d18095654568ab2f0eb,68d401df08dfb3c9ac37d44220505dc676b8ef32bf4e0ec5d5d21af52d0fd9c2,108211,0.0,0.0,0
R4_aA_m0,0,46,B,COMPLETED,39,69,31,8,30,d5ae7e4f108e2f0417408706db08c540631cdfaf051f76adfd60b8c2a04c8026,ad86f03e60bdf90b74c0bd72f7fe5739f32b4b3e7915d122fca556ea1d9aa541,111021,0.0,0.0,0
R4_aA_m0,0,46,C,COMPLETED,39,69,31,8,30,cdf4fc0f5b25dcdf269e998fe0ae957b4a232730a0dd7b3f227b9868af70087b,71663236c138bf60cc8cdfd5c49ee9ad00d0fdd4a4b0e93e859d2d8d4ba1267f,112857,0.0,0.0,0
R4_aA_m0,0,46,D,COMPLETED,39,69,31,8,30,fe78e5390ed6d817af1ab996cbce9849766d63cd39a50c771548ead0f7169386,eca579114163dba2aff6d4d3cff280f794875d0429865aa89ffa87b482d76098,112909,0.0,0.0,0
R4_aA_m0,0,46,E,COMPLETED,39,69,31,8,30,80cfa5861424d1760818695913af1d3e0de0f315de68d1a2b5808ac24b8b3bd4,e55d9679efe6bb04642b8152f26556f01aa75fbb9c8946b274e7485047d81682,113661,0.0,0.0,0
R4_aA_m0,0,47,A,COMPLETED,39,69,31,8,30,46b35fa7d1a687f6f0f372f5e1123a394049209d8f1e868cfa32ed92079ba8a0,75641cec3e011b4e37a25eb1dae039c0de97031be24f23dcef54accce3c71f66,107991,0.0,0.0,0
R4_aA_m0,0,47,B,COMPLETED,39,69,31,8,30,b53a68c317decf3b09ab5c44d5184a99d3975b33eeafec3293beb3b5ec31c7a3,a8848ebecd0fb96f58f1790631b887b474b53a43b7dbd81e20e18f4b763c7e1c,110858,0.0,0.0,0
R4_aA_m0,0,47,C,COMPLETED,39,69,31,8,30,7955be3f5756f8252722c6f433144eca5a8e6edb63c1f7e58bb2da046c1318e4,5ac6794595681d8d4c8a75623a0aab2ee82c79e6beaf5e105f5b6c330f54e494,112927,0.0,0.0,0
R4_aA_m0,0,47,D,COMPLETED,39,69,31,8,30,4b2d44e0b702b42f75991c0008c562eb03c5d8f368c3e2b7d5d1271cb5c02ceb,d7d7d7b343ab20c48fb23c99cc7a3d736023d4be3fb7223d950c593fcf51f962,112868,0.0,0.0,0
R4_aA_m0,0,47,E,COMPLETED,39,69,31,8,30,e0d5d14f56b13b5d0459c9aebc472ae4bfed637b3fa3c364f94b0783d51a3e1c,6c9c839a626554306780a0f8688a9639c7eeadea053ba5f3ccdc8655d89ce107,113796,0.0,0.0,0
R4_aA_m0,0,48,A,COMPLETED,39,69,31,8,30,c421bad055c34597d8cb693727c22cc7a081d864fae7115553f63542c32d460e,cb4f274be9a3fc27111401872ae3a1b24482d0b5b1ea3b50598d8af4bac87912,107939,0.0,0.0,0
R4_aA_m0,0,48,B,COMPLETED,39,69,31,8,30,1461da9d290d659a6c2b5af48f9c65b613563b59344f2f33df2e6dbaca310bc7,6124d215af3ab131662f73a98f161a9467f63d3d4e31e2789e0aa6e9f070acd8,111022,0.0,0.0,0
R4_aA_m0,0,48,C,COMPLETED,39,69,31,8,30,923e8c26fce6236f3a1f4ee9201109be2509c962f2aef3bbda15d46c133a8f04,7019b08be3454cff5023b4cf41f71b4961422ccd7e93ae7a22edd1eec2f0ac5a,112887,0.0,0.0,0
R4_aA_m0,0,48,D,COMPLETED,39,69,31,8,30,32b2d8cfb4d250f70e01c7474a809dc06badcd025333fbdeb47d386c2134a6ab,1f32afb30c5fab5449bfc04ed5a6aef5fc468062302f06a185bc9e3d5521eee7,112841,0.0,0.0,0
R4_aA_m0,0,48,E,COMPLETED,39,69,31,8,30,a3a1488654f4715f41f71a09dfc4824ad1a44d6805eff9817aa485a683137a97,58b8962d840059c6c3d6ecdcada83c46068ffc8e62633eb54cba13e72d7e2ba7,113864,0.0,0.0,0
R4_aA_m0,0,49,A,COMPLETED,39,69,31,8,30,f60e03175bd127f25d18200ec03678d0bdb0b708ef5761353e77e0742824801b,42daadfff1630dc1fb1bed04151a3da75c409198fe544e215d16ffa318db79e0,107982,0.0,0.0,0
R4_aA_m0,0,49,B,COMPLETED,39,69,31,8,30,e3b77803e3060560d59d062f8294b1be0a20088137904679814e7a6f00c545bf,b466928f8309aeaf51c55b8564b877acc6c7acd25f10e4f72df9c8c506df492a,111114,0.0,0.0,0
R4_aA_m0,0,49,C,COMPLETED,39,69,31,8,30,005e6e6e4f45b1aa86b80aaaf99ff92c5dbcc8e2840605ebe95950d694ebb6ae,952403e504b9f7c9cc7f30a4c304c1d00399f685e16aaf1d4b5ae8ad95e3f054,112949,0.0,0.0,0
R4_aA_m0,0,49,D,COMPLETED,39,69,31,8,30,e164bdf847fe4c4a5ea12a249fc5b3496b345b0304bc6163335fd562cd082f7a,c6a045b34656ef4e7b5937e4a18163e0902f9a19ad2a90a06c00710dba683c28,112927,0.0,0.0,0
R4_aA_m0,0,49,E,COMPLETED,39,69,31,8,30,716cbd1965c3ceb71ff5c1c933966061826301d3a9c2c5b305cb0a43e1ed0388,5c16ab17c35da1a280a7c4be2e4dc9719d81826e6a10a9a057aa5f32f087cce1,113681,0.0,0.0,0
R4_aA_m0,1,0,A,COMPLETED,39,69,31,8,30,37faf492f3113e34305066a2908fcbebf3cf4e0eb8117f4500447c516e3f5d43,269efd7c2d57e58a473b4b838e8b6db97f6cf084681c2cf46f9f9f0275041f0e,108065,0.0,0.0,0
R4_aA_m0,1,0,B,COMPLETED,39,69,31,8,30,46ddd42b125b6f83a89679d8db480aa111808fe5f95bfbdc5db46dcc7cb0a8e3,7f2a667ba1170e6b8fab0ae1b282951701212eecb6b8b9b07cbfa936d21679f0,110959,0.0,0.0,0
R4_aA_m0,1,0,C,COMPLETED,39,69,31,8,30,1cd9cd97e0e0d71c04f9f06fcc947b19fa4b98cf6b271b5011bf32204eb67bf1,fa153ebda11c771f37681cb61f585007b4fd8313cacbb7acb355ea97cb2c68bd,112840,0.0,0.0,0
R4_aA_m0,1,0,D,COMPLETED,39,69,31,8,30,1b9fe45cd379d6e664f2f405d3515ee162321a1308c211865f3f02cd6938947d,a55661a8c99217231253017a5ba5edc9e71c1746a51cf17e26aa5b850a3f1996,112847,0.0,0.0,0
R4_aA_m0,1,0,E,COMPLETED,39,69,31,8,30,2b090d7b2469aa5217ee0d3d9f49030466e81b959adc0f15613b140be587df57,99b104574c655caa6c5e8ca7ff13ad4c4330d86e078384af6483423f9b78ad93,113723,0.0,0.0,0
R4_aA_m0,1,1,A,COMPLETED,39,69,31,8,30,bb41e578bb5891730a33cb43d268a454a897b06e648c09dd0e0cd12e0e3086f8,56346bd978d7444923e5cbf8989048d53db0a2974b56457e2fdec932b4964d05,108127,0.0,0.0,0
R4_aA_m0,1,1,B,COMPLETED,39,69,31,8,30,c2bffade291016010601d0c0b6e2ce4bd6334ae3e03a30189b961e249e313dba,a5af180ea8455ab75a756cc5711626410e234512b06d0aec8d44c798eabdb1b5,110837,0.0,0.0,0
R4_aA_m0,1,1,C,COMPLETED,39,69,31,8,30,24f16dd4c3b11faaf63d6fef96eab8484af4935207233c52efa802ce5ded5dc3,b2ae2b640fc3a4c1b5bc028d377594b52e8ea99f458f41d3b0facc06ae744470,112864,0.0,0.0,0
R4_aA_m0,1,1,D,COMPLETED,39,69,31,8,30,9cf4ace25bcc1fe186b7a5eebbcadab69ad7a71f1a3d84cd56779ae035a07b1b,94665400601bf0691dd3ef0460f4dea8d0a6a41d7d2493c6608ad58e557eb0a9,112927,0.0,0.0,0
R4_aA_m0,1,1,E,COMPLETED,39,69,31,8,30,6b7baba852d45c2afe4a02b9e3d689577b9c513f4673ed1abf163e2978edbed8,3caf903c54b0205dd19448223f0c92d6c53efce6fbe464c7687c1837838484de,113641,0.0,0.0,0
R4_aA_m0,1,2,A,COMPLETED,39,69,31,8,30,0f32a644956a6ff67efa939d4032a12384aa9a24ac01adfc4d8f61db834b47a3,cf88a1903bc42f46c9a8a814697250edcb7ac8a2f64dd87e95cc5608bc0c07da,108088,0.0,0.0,0
R4_aA_m0,1,2,B,COMPLETED,39,69,31,8,30,6d924b6a9b2c7d660812e3ad0061422814bbd0989ac96a3a57197a2c9c1cf759,18118f9e553b9b65de4fafd1ec4153c5fff07d42888819fa817d37a42d873834,110904,0.0,0.0,0
R4_aA_m0,1,2,C,COMPLETED,39,69,31,8,30,7b9c4f7201708ecf789b0e7edfbe521056166772b32c861646bf3e5985793daf,e8fa435d1f17e51e95187e80aa21f440b5e3bb753ffefe63c02ab875ecfc53bc,112773,0.0,0.0,0
R4_aA_m0,1,2,D,COMPLETED,39,69,31,8,30,c2ff12d48ab91774864d0e7824583e8c8ed4ad8b7634c272b4ddc297a858bad2,5c3eff4a66521aa0bc824dcb4b30bbdf38d15efc0a2fcf565990dbb104daec8b,112836,0.0,0.0,0
R4_aA_m0,1,2,E,COMPLETED,39,69,31,8,30,5db621738543ee2373f135fa8a12221ca70b9ceab1332c5222b0c11d9bd59bf8,0ff6cde50e8d5870b5116975f1f7fb73d86b78538c32c7b8a9523b83ab16367c,113806,0.0,0.0,0
R4_aA_m0,1,3,A,COMPLETED,39,69,31,8,30,09d8b8c5e7801c471f176a12d34f6962b89809e7d7f07eba09037b7224f01126,fe0e251ec43ca4ce655035ad78d3ad040b6fa2fc18798c6fe5eca069e2bc5afb,108099,0.0,0.0,0
R4_aA_m0,1,3,B,COMPLETED,39,69,31,8,30,5aeb0c86fa7ebd05f564e63771d58c8762fb587994daf794cb5cb942a73a5be9,3f4e736be0cf023ef46c8d39aa8964bea5c877be453dd3dcca1bcc75f8cfe67f,111112,0.0,0.0,0
R4_aA_m0,1,3,C,COMPLETED,39,69,31,8,30,e720f94366d43381b0f8a2a34450ed9af1858d85b0797dc066fac1fbafafafae,cf82aeb49d8662a6e644d1f520b0584a9e06a24b12b7e9c532bbbfa4f2c09762,112877,0.0,0.0,0
R4_aA_m0,1,3,D,COMPLETED,39,69,31,8,30,8263a8006b6f06fe073db5040eba617db8a7ae805c996326ccaa5c70e4a67a2b,5e4940ab385010fea1a8e54fbba8b96b715768db145b84cc8c2b4dc33a260b82,112879,0.0,0.0,0
R4_aA_m0,1,3,E,COMPLETED,39,69,31,8,30,788a10eaf6d07b1a93fcc4355a881c257e689930057f7446fdf81c53474d0038,93d4c627da58134e6b8dd868d02c3434103ef95c9ae18d429f923a6ddf9518d0,113726,0.0,0.0,0
R4_aA_m0,1,4,A,COMPLETED,39,69,31,8,30,1b060a26c5e5d6edb80b139045e90b30a5cd77cdc766cf7810a236af52b6dae8,fb019fbe2eb08359d72146f8540f2b8ab81c78f496e5be299c3c2d1cb9a1d6e3,108054,0.0,0.0,0
R4_aA_m0,1,4,B,COMPLETED,39,69,31,8,30,9230a57f93e7662d4a196bc8c2d47edd5e5cad6eb2fe751bc0671057d80f37d9,662bd71e430c70f98e3dc450ab73b56e8e6c9181d9a2baad2e30f928f80c9432,110923,0.0,0.0,0
R4_aA_m0,1,4,C,COMPLETED,39,69,31,8,30,be17176674f523bebf3c32aad73572f727f8e6fb022cb1f7a4fb03de3b76bd36,240c845d1734efdc611a7a7babcba3a73f639082f02e98c7d9217ddd29b31018,112718,0.0,0.0,0
R4_aA_m0,1,4,D,COMPLETED,39,69,31,8,30,3ce4cbb06f32369b8c12c25a2f569ea56ae2f6bcfa5c581a5ea3852e20f8c3a3,6b071501028a6c89d12a37fae0419911148be92105a900ef741065689f7e944f,112831,0.0,0.0,0
R4_aA_m0,1,4,E,COMPLETED,39,69,31,8,30,41e6179b19e5011ca55d24cd25dc0d0016ded8d1c16d6f379ab170d3c78ce3b2,2aca89ebe83890e6be29dc2f3cea3c48fb0eb2aaca5c693c6660da2188a948bb,113624,0.0,0.0,0
R4_aA_m0,1,5,A,COMPLETED,39,69,31,8,30,19791623ff7afa0909055c80a8c92a3199f181870ff753492fa67a8f5dc601a0,25dcf3e01ae01b3c789faba17d4ad171aa15a30794bfadb491ec712f17f32baf,108073,0.0,0.0,0
R4_aA_m0,1,5,B,COMPLETED,39,69,31,8,30,730ab8c84ae57de09332f8bf3f873ca9f1fc9f3d09bb6dd75b4fb42ddc115366,317dd5972ad0a920f024911d855e8cf08ff2a26746b42ddfc2380d1c85680f37,111008,0.0,0.0,0
R4_aA_m0,1,5,C,COMPLETED,39,69,31,8,30,191d15adb27a178c38e556d41c7b4963fe8ef81e0585ef4ab980aa90aa7d9605,9f9f5067e377038ef4c54fd0fdf12329145d83b0e46ea3eaffb1705a92086395,112840,0.0,0.0,0
R4_aA_m0,1,5,D,COMPLETED,39,69,31,8,30,c0647e3807fd20a36adb381be8bc5ee8936ea1db7e7c845adc7d8a0596043e9e,6f767c7e2b4b09735c1e6a468d69136fdcafa1e43a4c2e7a9a6346adcc89fe8d,112892,0.0,0.0,0
R4_aA_m0,1,5,E,COMPLETED,39,69,31,8,30,4d76a99688622eee6f69179e707cf691203bc48292156d39184e7b4d510f95f3,2454dd78894879bd6102be1b49309f22348154ffc7ea06c14dc2c97791b1fed7,113786,0.0,0.0,0
R4_aA_m0,1,6,A,COMPLETED,39,69,31,8,30,35a0a494bfe87c7ba0c3fc0876f1afb1913c71e83a73d2520a993e777a801cf5,52c9ee6ba7af399125e72ccf683471328ac7432cd479f414f67fa1e1e25f1efc,108109,0.0,0.0,0
R4_aA_m0,1,6,B,COMPLETED,39,69,31,8,30,6b3fd27f5b770552f23bd8cd575684927dbb638680cd33e63a126842ff8390ca,a65cb4347fda71586e9c5ad9af0855bd6b08ef4da37021a8509f4430d92d63f3,111109,0.0,0.0,0
R4_aA_m0,1,6,C,COMPLETED,39,69,31,8,30,8de6471370dcbc65675ce2996cb3cd6797878c3785d515ef1f7c51770886d783,5b7426dca55ebb9ff6ff423f43a7b88ef9fb508f6d526ae1705aabb6b9ec63f2,112904,0.0,0.0,0
R4_aA_m0,1,6,D,COMPLETED,39,69,31,8,30,59fb0ee3bb6e70831a0f79c9335c9c4eac5c4b6c71dd7cda135e52e9ed41d665,a169afcde88127b81df461d184e87b7eeec739c6f438c473b4465f5d1f641ed8,113097,0.0,0.0,0
R4_aA_m0,1,6,E,COMPLETED,39,69,31,8,30,c7093094c1b0e780553325de22e11629adb6b9194629f321e5b4f59bf25e78a5,b5ceda86e3f3ccca638c1068fb0cdc63946948d6362b0bbf94397d15d3c1d550,113734,0.0,0.0,0
R4_aA_m0,1,7,A,COMPLETED,39,69,31,8,30,227f1510e015e0c5a4f744a82c99142b0cdf096c07e689b7ec58d3f556b45640,1023e7b8a188db179d8c969809fb0329bfaa36f70bd1b080575a0f5477ccbe62,108167,0.0,0.0,0
R4_aA_m0,1,7,B,COMPLETED,39,69,31,8,30,15758044308ba022b5cbb645e3a54971c885efc2226a3c8902d7afea5a0100a7,ec096011770b692a9ea892249f574bba623eae428ff10556408c7e219d6d15fc,111023,0.0,0.0,0
R4_aA_m0,1,7,C,COMPLETED,39,69,31,8,30,d5ee32ce1b947a7388aa69d715e1a921787f9862bdc5ee8f3c67c8454e7e3f4a,bff8bf722a2c11862446f46f404a4135d679a2e3502bb5219d678e2ae828f37e,113033,0.0,0.0,0
R4_aA_m0,1,7,D,COMPLETED,39,69,31,8,30,8311e9c3673e94507da4463267e07088011e19f7e111012800c22e4cdcee4191,1196ae54f56ce4e17bfe89c0ab6d7fc35ffdd757c58b482cbd8935ad095b783f,112999,0.0,0.0,0
R4_aA_m0,1,7,E,COMPLETED,39,69,31,8,30,54a6a0075341d7ac6794f6dc69706d7ea89b648f44479be4e75c9d10fc5fab37,dacf7f9718347fa68086444f9734e5a318a4778683d34b35faf98845138437f1,113726,0.0,0.0,0
R4_aA_m0,1,8,A,COMPLETED,39,69,31,8,30,9b2978ad73aa6dec206bacfff3780146ebc8d4f92fb081797ee08904d002b692,90f3da25aaa1750884ad5c438593564b51d7af21d19282d0754c640cd2c4e4cc,108242,0.0,0.0,0
R4_aA_m0,1,8,B,COMPLETED,39,69,31,8,30,56fcbce811f8ebbbb00acb9ea6b9ba37b00c21c1a5a7098c5af0da91e55fc124,e23d9388e51c11c42ef9f0e6b3c267624031c20d6f2805405c951d6a4b3cbd43,110852,0.0,0.0,0
R4_aA_m0,1,8,C,COMPLETED,39,69,31,8,30,46ab227e1dd6ec5edae29750d6dc5f6c8cd3e2f5b9798e2fde1cd76e636e6d66,0c63eb76784c438b2cc37fef14a5ee96813de28cb005c4455f63e65c40b9f9be,112813,0.0,0.0,0
R4_aA_m0,1,8,D,COMPLETED,39,69,31,8,30,ed2f4f76caadd2ffac088ef3b331bad3e711eeb48e8f89278af6a8effde12d43,1f990a7e62c33bd6d3761ad9b9b571b05038616153fdb4c5e92ec22e5fd3ca34,112790,0.0,0.0,0
R4_aA_m0,1,8,E,COMPLETED,39,69,31,8,30,643821129f917b7d7872a4287ef4dd5bfc27e0444ed5b709532b42ef4f751f40,3bc958173219bb76b0337ea7547c33026a2fc103c1158ff573cca878caba98f5,113742,0.0,0.0,0
R4_aA_m0,1,9,A,COMPLETED,39,69,31,8,30,bd35f0b04bd2605078944118cdfe242b4e3942d91460bfd9cf248e59afb9d567,fdae384729d81d4ca82a5919b7e5612b352bbf054c2b764a0dc6c44371cf6c6c,108231,0.0,0.0,0
R4_aA_m0,1,9,B,COMPLETED,39,69,31,8,30,30be444009fc931e95e5479c37fb02162082260babc9ac6a87b64eb551312d1d,807d79fb1e5ec0231f37db7e7afa8f7b165af37413aac3f95ee292f77a247d72,110810,0.0,0.0,0
R4_aA_m0,1,9,C,COMPLETED,39,69,31,8,30,6f6aa5f066af0e9549ebbf747cd91ba5d3ab80ffa7f94598699ceb2ecacc32af,5dff7958d7169a3c6e7eddc9d0b1a2324713fdfed971e38e2b6096c56ad449f8,112927,0.0,0.0,0
R4_aA_m0,1,9,D,COMPLETED,39,69,31,8,30,68999934039e0e06f7807543a492ef11392063b5c0ff0b62fcc4212bc1c50385,2ef020b2fc1e9b966f28df5daa1b7143e221e9d01e4348b0becda56ccac81dc3,112760,0.0,0.0,0
R4_aA_m0,1,9,E,COMPLETED,39,69,31,8,30,0b1459bac508296175e6b9676c68e2030e0d6b06c818c7c6fbcf8bc5050a2fe0,e0ac29192da62533676486bb3c629a9f0eb688fe4cad9d10ba2e1b50894292df,113706,0.0,0.0,0
R4_aA_m0,1,10,A,COMPLETED,39,69,31,8,30,702b2b0351adcf116314cc00f27a79e301d856d7779e0587ec67d54be39451f4,11a33d161df308241870fe61cfb5cdd0badfc0a4002cfb6c6d98841d5419a635,108043,0.0,0.0,0
R4_aA_m0,1,10,B,COMPLETED,39,69,31,8,30,30df0e049d12224554bd0f9750b0e15fbee2cb58ad8790bc574dc2b76b5e593a,5b0850bc646cc59afe0bdeeca0d44c18adc278165ba1d8f2561b984c56b3631f,111108,0.0,0.0,0
R4_aA_m0,1,10,C,COMPLETED,39,69,31,8,30,8b9ff1de317d518964ae30d1fb1e11a9e4f9da68341e9dea05bc84c020bad6ea,be89224874b8c09a4dee83bf44b446059888e8fdf06c7cca695fad0be7f042c1,112793,0.0,0.0,0
R4_aA_m0,1,10,D,COMPLETED,39,69,31,8,30,d4ecf3dbb581560414a20fce504475df802ad9c1213d5bc12a7faf825331fa5c,9c5a6e027f54ec86862856ca34b57256b6b169a505bcc53321b24623e38cc5d8,112829,0.0,0.0,0
R4_aA_m0,1,10,E,COMPLETED,39,69,31,8,30,37ac8f39ebf90049124789a3cbe23249cb3babcce5874fa240dc5739b7bd6660,ce28b615ea75bcd8abbffab3e3c21290bcf4b1e4841a924901ad530515800923,113800,0.0,0.0,0
R4_aA_m0,1,11,A,COMPLETED,39,69,31,8,30,7280092ff45de620a5bdab1791576bd22ec60040efd50cf18c26ff00246b1d32,bbb78c5c9a89becdf51601da1ffcb2c72f3d4c7169341db6ecc090d831ee139d,108015,0.0,0.0,0
R4_aA_m0,1,11,B,COMPLETED,39,69,31,8,30,71e16f9cf0ce18fbd6fe2530ca30d2445d00e1f38c0a18408946ab502bd106fb,19b2f966ce2422935b9e26df74769a15fe1cb553eae931fa9dbd608786644130,110932,0.0,0.0,0
R4_aA_m0,1,11,C,COMPLETED,39,69,31,8,30,3147167d6fe2416aa418980bfe46a0f9fecdc02fe6ea54038121573df19da496,5457240abb022b0026fbde7f9618efd0407ea53c8f45210e89162a8fc74f41ef,112854,0.0,0.0,0
R4_aA_m0,1,11,D,COMPLETED,39,69,31,8,30,5e1f8f5274ca7ba8bfae8112aab2e160fc1c2b1b7fa7d786163a9e3e91f31e3c,0a6c9cf01c91969a09b47bf5e0912ab78d72cdebaf7d2ec5422c5bd6fcae078e,112834,0.0,0.0,0
R4_aA_m0,1,11,E,COMPLETED,39,69,31,8,30,f3c774142070e6044c1ae0574de6dcdc875c7eb8d1905f4e621fd199f924655f,f6ef4413640cfa7a05e311ced78fe83aedb6e568309a9b3478a7ac9598991551,113724,0.0,0.0,0
R4_aA_m0,1,12,A,COMPLETED,39,69,31,8,30,e0e25e401aadd2d2c088fc3ad8916605c78f9553b4319ddd2c0e2c6897e7a9bf,89b0cfecdd2755de1af247757bf768b6a824704abc99a3da0a447cf8e7aa8403,108112,0.0,0.0,0
R4_aA_m0,1,12,B,COMPLETED,39,69,31,8,30,4e8c21329b11853a7f87279842f8330c64747c689ef63288d88b7a4238b11509,5a100e21cf9fde21358ae2a6de1d8d90fbceb8bd9c7a609cd3e698dc2bc7c888,110988,0.0,0.0,0
R4_aA_m0,1,12,C,COMPLETED,39,69,31,8,30,d45188cae0a04584fa638e088d71f05309e200817bfc04305a7a6840d7d304ef,e6f7467d9db16a266a0b1e6e92fb7ccecdafcf4b8cf377d4de6ecd2c09ebf426,112734,0.0,0.0,0
R4_aA_m0,1,12,D,COMPLETED,39,69,31,8,30,2e572d03df94c536f7b8c627f08fbaf2342c5916224dda8dec1efde38435c2a1,d9c48ec6cb92fa8df34f337943a347c68b821f9999002a7fa45b5163f9642538,112716,0.0,0.0,0
R4_aA_m0,1,12,E,COMPLETED,39,69,31,8,30,a918e9b8da2412daca6bcb21077d240abb1778718cb7ba03474a220cd086165a,555083a6d57b11576a98e0b32d29ff43712f721f950e8e17c858e65a34079109,113561,0.0,0.0,0
R4_aA_m0,1,13,A,COMPLETED,39,69,31,8,30,1ea67fe63ad374e10b446c2ce5fd8b5e770b5f7468323bb27085654e708821a5,7777d75b3ab3267f8040454e66e90db1d2e23d0179e377472c8833b5af4b3a15,108038,0.0,0.0,0
R4_aA_m0,1,13,B,COMPLETED,39,69,31,8,30,1978fd757686b696accdd51a13bb06b41eda6e671aa69b223cb60a2db02836c6,ac2ffcf4e197622a474d44dca1a5c10d30f2114a6c25fa6db946195710555f17,110844,0.0,0.0,0
R4_aA_m0,1,13,C,COMPLETED,39,69,31,8,30,0230036412d4a1137a380ec0cfb692651eccc30ca952d4d7d68d8e56119cbeff,832e4045fcf42e8724f3d474041cd3fe6bf56ba0d3c363a5348e59b2a51c5734,112853,0.0,0.0,0
R4_aA_m0,1,13,D,COMPLETED,39,69,31,8,30,35826051592324beb74c3ccf81c5d7b3ec4b5f1b3c38dbb9d3adc19ca3e6f952,421ac6259580b756a2385fcc1fcfc2105b366d22ccce1d56a6fb241dedfa52eb,112827,0.0,0.0,0
R4_aA_m0,1,13,E,COMPLETED,39,69,31,8,30,d58792eaf236ef0a19ce805b361d63dcfb6723d3e25e5251f97a0ac11d9f1bc2,2aaef5f8882865b67abd15962835383b4e1e6ed4f607c55440bdad20e6cf2279,113744,0.0,0.0,0
R4_aA_m0,1,14,A,COMPLETED,39,69,31,8,30,555c5a25ce6bfc8644ce0f40f5f90e021640c8db969b766895ff237c6220d070,9a8cd9c0f67ecf51bb8ab632833aeb30d696d740fa1a62e5116fe59bc101c2ee,108241,0.0,0.0,0
R4_aA_m0,1,14,B,COMPLETED,39,69,31,8,30,3ec6c146b0507bab642df4b6b854739fddfece198ce0e5add8be5edbedf8f385,ae3f168925da29bb9539ed3946312f499ab4040ad1d546a2116536864e625fec,110999,0.0,0.0,0
R4_aA_m0,1,14,C,COMPLETED,39,69,31,8,30,ac92eea36fc8a9d2ebf23f6bb598228a0507545a6baa231534ffd0a14a1c63b5,67c989415964436a98ff8d61222e30c06757bfd58d5a64b56378dd8a36424242,112841,0.0,0.0,0
R4_aA_m0,1,14,D,COMPLETED,39,69,31,8,30,48df5c75159f8b16308c9cf49c44c64a6cdb624dccca6393deb4b6a7e86e6bbf,06bb11103b4cdc7cad6ccdf9c5b5233a0f2d0957cc27a9bcb9e2297b1f658d9e,112986,0.0,0.0,0
R4_aA_m0,1,14,E,COMPLETED,39,69,31,8,30,a4487ac25363c1bf9e283560762675fca71e18265e531e1c5e278dc2999f79ae,5c4ef0ca015b0b69f523a0ce8a48cf956bb8ce4ff08a1706c40cd00dac29c42e,113631,0.0,0.0,0
R4_aA_m0,1,15,A,COMPLETED,39,69,31,8,30,e3e6d0b020ddc9d85597c7563d4a47c2633e18ef7bee367e8319f4828e707f8b,40490a296ec1b954d8c77fb1f1c38ff9ad1a67193cc9904d7bed15b40963baf8,108079,0.0,0.0,0
R4_aA_m0,1,15,B,COMPLETED,39,69,31,8,30,48d277f47f2e22464a367d71979de1b51b19a8f32fc50d794b9b5ab80f5cf04d,e424cfc46f55ebb9cdc76cccd24066063acae6add9b78cb3770c9309187b8ee1,110966,0.0,0.0,0
R4_aA_m0,1,15,C,COMPLETED,39,69,31,8,30,d532a0f67b5a5bc33a05e8d0f237aaab64b846d95f777cf2490e9f86ec45c16f,b888a18fd9cf765d6bacebef05a9657fc0f83547bcfb6834199f87b731f1b055,112891,0.0,0.0,0
R4_aA_m0,1,15,D,COMPLETED,39,69,31,8,30,c3e9abd977336fd33146adaed779573a8970baae43af913511836103fbdd6c65,e50c10e736ddbcb2da6619cb8f21d6e5a8523c3d368b376e1f99fc72f74aee4d,112873,0.0,0.0,0
R4_aA_m0,1,15,E,COMPLETED,39,69,31,8,30,305f5ebf4a4e6915c75ce3d13ea96543894133e83b45e258d0b22b11257bd35f,a30c3a1390a0993aba432ec604598c2a4cf225c902eb887fc208c2a62112067e,113669,0.0,0.0,0
R4_aA_m0,1,16,A,COMPLETED,39,69,31,8,30,94e6fac783d75ba370777144c380ece151c970c37743a46212c3638c3489e7e9,23806ebb588b48c8b4dae431b4fb34cf3ba1f6f2dfd10b63450f2d47f1f73bd2,108166,0.0,0.0,0
R4_aA_m0,1,16,B,COMPLETED,39,69,31,8,30,11f06abd8afd63a5accb73229ab154b406723d6a1731c65cd850c9d1069b5482,da9e1d9c75e00bf5dfd82f6376058a5eaf86de2c43e1b19a79713934b5bcfdb1,111043,0.0,0.0,0
R4_aA_m0,1,16,C,COMPLETED,39,69,31,8,30,5fd442eac5038ea4c2d009d3588d53201184767d6e9935d749c9ab46cbe7eb8c,4c39c249e312a06ff55cb01edbc4a3d49d8939ed4cae911f4ae6464ad0f76941,112844,0.0,0.0,0
R4_aA_m0,1,16,D,COMPLETED,39,69,31,8,30,571f46e99c7e3e6393aaf25138682f211f9b1432067a91601ffc5423245a9e88,6a141ebb72649109a8e3cc0ec4bde68b7c1b41377adbf00f7917cd219a42d331,112931,0.0,0.0,0
R4_aA_m0,1,16,E,COMPLETED,39,69,31,8,30,6b7976fd61b7dab33a7ade09420901a920b096e0a4d39aa11b647f4742d702f4,1bad44c736672c2481ced0a466e1972b3cf4279433e4198818a602814699f126,113732,0.0,0.0,0
R4_aA_m0,1,17,A,COMPLETED,39,69,31,8,30,ecccd6b7659339e3cb9d840fc86955673ac3e56b152f6d166bdb6aaa2fd8f67d,ae14e58196995bd9115f74aa47ceffa1e123b77dc0dca046fd8ee75790fbd88d,108152,0.0,0.0,0
R4_aA_m0,1,17,B,COMPLETED,39,69,31,8,30,a4f1d3736008f12a9ef6707f7ff27995089ec2e7ff3431fe70e6ab98a9fee6a1,0e43086cc8fe320710cd467f7f6121dfeca101b77d7f1487c32b6f193e529990,110912,0.0,0.0,0
R4_aA_m0,1,17,C,COMPLETED,39,69,31,8,30,30910fa77d1b98b75759b1307252a6988f323e5ac1a719c9c46809e31414e112,56880bd85c24131ed6a9e46ff2a4e1c02cce7f4e34bee90d800ef4761cf12352,112842,0.0,0.0,0
R4_aA_m0,1,17,D,COMPLETED,39,69,31,8,30,b1d276c612c5013a167ad75bc566836b6876dab12900e7100821837ca44d0d9b,257c01999c8503ab7e8d54a48222dd1f5fe51b347124a3026fd2a142ba758c01,112847,0.0,0.0,0
R4_aA_m0,1,17,E,COMPLETED,39,69,31,8,30,b7f173a818e3aeb3aa72cba627a5fab2e6e6ee8a787d79978e35def20a9d326b,eec2730e70370f985a82996cac2efd6e5e3e566a21aed5e81fe78ca2f21feef2,113662,0.0,0.0,0
R4_aA_m0,1,18,A,COMPLETED,39,69,31,8,30,f79e62886934e4772e5eb2a3fde843b0a7490db9bdffea69d4f3eee884fd1c03,5777d6076c09b78887564c800151564ff2b6cf541731d1d985de3269c21adef6,108078,0.0,0.0,0
R4_aA_m0,1,18,B,COMPLETED,39,69,31,8,30,01299d8b92ef272bd058cb09eb9d9e2b81d3c5422a46fb2d6c9515dec9882814,b7d9ac041c87d3c91ee7bc09b3b5e440c9af2e8ed8e109cd862e259ad9e1a734,110973,0.0,0.0,0
R4_aA_m0,1,18,C,COMPLETED,39,69,31,8,30,9a6d0eb88c2877d6ad8f52069c3faa98b7a2e78ccffd6078b9625b2be904e9dc,82f5146a8fce9bd5185b24ec659406f06b2b9a8cbbdb5e47a29e0fed0b116b31,112815,0.0,0.0,0
R4_aA_m0,1,18,D,COMPLETED,39,69,31,8,30,9050713d2885b2f98297da9139807ff23c9f5aba1b85e9b5721a845b39f429dd,572578dcbd693d726f18e737478df4fc093c11aa349c45dd8173520141c63142,112977,0.0,0.0,0
R4_aA_m0,1,18,E,COMPLETED,39,69,31,8,30,0ebb09bf0f4362e76fe8369d665e0bdc7e11128ad829e797a623dccf5bcc3dac,a4b751602313a08961dc431b6e6230fc21c788f419ae0c280c69ec875b924d94,113761,0.0,0.0,0
R4_aA_m0,1,19,A,COMPLETED,39,69,31,8,30,dca6dbe7bd7b570671ca2237de884b6fe63919377fd78c2da3865983e86c8783,d43dd5b9f2a26e3f2faa33265d2c2d8718051f8b7e71c295a31e1a74166e52b3,108098,0.0,0.0,0
R4_aA_m0,1,19,B,COMPLETED,39,69,31,8,30,1b8bb6a0745621887d19da6fbeb5858aa3af03fe19da25676e710eb653221331,315f317159a0c6eab29dc1b47d441c77363c65c87ccbe88ca0b5b3744eee02c5,111023,0.0,0.0,0
R4_aA_m0,1,19,C,COMPLETED,39,69,31,8,30,be0311081eefdfa4f24289b52e89f812b135293e59ccf3d075d5bc8688e908e4,6e324ed18ee8fbab610a0eaa9db7dc5105bf09e0079d905f71bb600b600f3447,112705,0.0,0.0,0
R4_aA_m0,1,19,D,COMPLETED,39,69,31,8,30,4be67a3021864a2fdc57ecacfdb47a699b06e9adbab447e33f9b8ba30e5667d8,641d2034dd3e75e5c2b774ae4bf731339a5246402debcc7566ee9af89424b063,112811,0.0,0.0,0
R4_aA_m0,1,19,E,COMPLETED,39,69,31,8,30,6ec0fc8378d95fc0306c0a06f9b81c73f82d049dd6adb76d71a677b97b846e59,9beac5593fd9943c94919f56698ca64c18efdcc0920f0485f65cd61cca23ac5c,113702,0.0,0.0,0
R4_aA_m0,1,20,A,COMPLETED,39,69,31,8,30,3d17062c60d918586714458d80c0a2e0f6542ccd6fb4fff3a9069d08f84ff886,8f2d3b659d52b808eea9ad131514a9de709190f5785a13fd3269824a01f36aeb,108142,0.0,0.0,0
R4_aA_m0,1,20,B,COMPLETED,39,69,31,8,30,5ca5b33b4b2f40c128d8f57e21634f1fece4db8aed636e6183356ac3897c7e56,b65a1e717782505556afd1e697b817f6b530811bc533a0388596d73962f970b2,111083,0.0,0.0,0
R4_aA_m0,1,20,C,COMPLETED,39,69,31,8,30,b45dfc7d2bfe75d3be0a7d6128720abac97fecd217c9756daa309aeffe744996,009487028ca6c32c540f60add0b20d64078cf76a94d1a613375614bfbcce4877,112812,0.0,0.0,0
R4_aA_m0,1,20,D,COMPLETED,39,69,31,8,30,5f17797db065f851f1eeb19c6497f83bd64ca88d99d4266bf81fa25b5bc3fc0b,e9f6d5b700840105cf019f4c1879368b77715a8e3a00f0d40dd1a49475e6e201,112927,0.0,0.0,0
R4_aA_m0,1,20,E,COMPLETED,39,69,31,8,30,7d479add6279a722c3625b53f4c0064d3222e5892a6804b0642285018c153b74,cd42fce157d23006fedd17a182452462ed2dc2c7a1c1e1fe2f315061921674ee,113838,0.0,0.0,0
R4_aA_m0,1,21,A,COMPLETED,39,69,31,8,30,3a94c03fea6f34aa6c32ea730d953a9f1e6a90136cca7b1f707976182d854197,4ceb312e0f2d945cf15cb6052660c30f81e533c63e11dfefcad586f4ff74e640,108188,0.0,0.0,0
R4_aA_m0,1,21,B,COMPLETED,39,69,31,8,30,eba07bc89dcf84dcf6ed7c97d7208f15aacd97e5d3c2967658b04b1265532591,2f29fd1686f55348b467bba6c36910b704191507bbf428fe41ca4c5ab987627b,110955,0.0,0.0,0
R4_aA_m0,1,21,C,COMPLETED,39,69,31,8,30,59e1c114c4a3158a0fd239698f3d9b719f9d429dc3cc59b7838d7ce70eac8ff4,5f097e9102d1f7e842382b38e37f026c8f2fe4b95ebb5ae8a781884396f038ee,112764,0.0,0.0,0
R4_aA_m0,1,21,D,COMPLETED,39,69,31,8,30,1ae85d2dae090db81124612dde344fc5c364ef8e1bcd0e465ebda892b530ac8b,ea468cca899a7c7ff28835291bd3eb620353766bf7e52e2eb6c38e5630d07a25,112843,0.0,0.0,0
R4_aA_m0,1,21,E,COMPLETED,39,69,31,8,30,bd2e08f5f1fc89747090766d2121d663ac80ec8339c3ed5ff5b1c704da845b7f,95001efdb20e13e527f0a6dd7e39b91441eddb06f1537468b98a2657ad1d482b,113782,0.0,0.0,0
R4_aA_m0,1,22,A,COMPLETED,39,69,31,8,30,dc179571780c93ed667900ad8ca62a68fd97ec9bbd42fe3fa49c38b6262a4628,f58687609c72a7f53b2d18074551a55ff8c45561f2142e353763c65746cbe2b3,108046,0.0,0.0,0
R4_aA_m0,1,22,B,COMPLETED,39,69,31,8,30,1cc60e7d01150f31116c7a4ce98e23378f796d7cb9651cb3271399d194a801f9,064b0bd94aca4804a24593e97553689ec4e6190229455dde01595d9cca5e0853,110862,0.0,0.0,0
R4_aA_m0,1,22,C,COMPLETED,39,69,31,8,30,e6af7f8490601c9cb63a6caf1ea5db9041d654c8ccf5f9f17bc9a30372fa48be,c6d46466ffd1af0426036f2eb85033f0671f66886ddc161aa776d554a4059cad,112746,0.0,0.0,0
R4_aA_m0,1,22,D,COMPLETED,39,69,31,8,30,fd1f6de50acf859c3cf1482cf944da80d579a8cdf6e55b6dcb7ed090a9864840,92bfdf6f4bb02e63e8d32e408f8578cd6427c4d58deaf3e08cac4a1787aa3135,112834,0.0,0.0,0
R4_aA_m0,1,22,E,COMPLETED,39,69,31,8,30,afcb07579e15b52e56c39d34a8ddeee4f1686f46685003203037e836b21ad52a,618c1973f02243359f6f1c9684d642b04a565398e807297ac2902d6992e1abef,113731,0.0,0.0,0
R4_aA_m0,1,23,A,COMPLETED,39,69,31,8,30,fee6d0162a0bbb952e0657d22b9a5c804e8918b171b32ef2f10d8d6268af28cc,82e76122791c623d01fd9ced4bc49644964e0bc3bffa92834bd247a8488077b6,108090,0.0,0.0,0
R4_aA_m0,1,23,B,COMPLETED,39,69,31,8,30,948f54631ae1d0c85499537ef60dad04bd99d1e3042fcb16f04817bd69a28c46,a427f2718588e762f85ce6ff9704a82d94ee6bbfd6383b78c0e2c02acf27f2c1,111011,0.0,0.0,0
R4_aA_m0,1,23,C,COMPLETED,39,69,31,8,30,5dec9809596bddefbd680ee638985fb358d1b5ed1264fcc9c2dd14b183862497,e59c2eb96a8e2342e34996eed23284ad11bfa719b6265439f184b5cab4b8c8c3,112820,0.0,0.0,0
R4_aA_m0,1,23,D,COMPLETED,39,69,31,8,30,d012d01b3be74df31ebd5e0c1f931efd9204e9e9903b800a9686e0fb13cf21bc,a5ef379205f0b707659fbb3f71f556c3e75f87a51dfe9544123ac7c3ff37ba58,112879,0.0,0.0,0
R4_aA_m0,1,23,E,COMPLETED,39,69,31,8,30,8a815a4c6e85759c6976187aee478833c7505bf4d0df31b17dec309153f8f721,01a6dda46c7a8800ddb018387a6f017a2d089d34391b8d2f9022479a7b7ddf9d,113753,0.0,0.0,0
R4_aA_m0,1,24,A,COMPLETED,39,69,31,8,30,67df6eff34f2af8001be6ba6959c221c0c44492e6d2b65ce8e9547d242b5fd9e,7e4bb02ea0bc1667bd80f61e4bd917a86fe13912e358d0730c8ca8456e56e25c,108037,0.0,0.0,0
R4_aA_m0,1,24,B,COMPLETED,39,69,31,8,30,431b08eae0e522c9c0ecb590e0a7101862a73a61cf057eb92ce5043ad3a72ca2,e016488d3081eaf61c025392a2aa5233f01697eebfdf8550d5eddc3eda3fca7a,110991,0.0,0.0,0
R4_aA_m0,1,24,C,COMPLETED,39,69,31,8,30,739c4677460f4cbe7b62f8cb2137f889ae1a7c7d5f7a8f133d31d68329a358d1,b50603192da14bb5507e14c3de9d51ffc61c690e2226c9f2fe8010fb13eef6c5,112870,0.0,0.0,0
R4_aA_m0,1,24,D,COMPLETED,39,69,31,8,30,92c00baef280b1800de5205cce972d282358705783e581b71221b0a04e68bfd4,b04c36ade30a253c5ab680807ff4fffae8a2718f59550813a5d20eaa6c5e88f6,112841,0.0,0.0,0
R4_aA_m0,1,24,E,COMPLETED,39,69,31,8,30,8bef140ef298584d81d154aaaa9d73976f66b463b1d298864881728d288cfa7a,c7f0937a10fa3a129b510bb0c929fea7f5f934f2636dd259b5bb9bf38c1703a2,113687,0.0,0.0,0
R4_aA_m0,1,25,A,COMPLETED,39,69,31,8,30,8853729829ae239e06326e71567cb9228bca6fcba33d398eb95d5402ca1b962b,40908c62f7d624dabc9584257133a4942b2e743c9f55a80989a7f3da7c61aa7b,108024,0.0,0.0,0
R4_aA_m0,1,25,B,COMPLETED,39,69,31,8,30,ed061e1e85c5c6f1eeaf09f0df0a1595adf3f7af9aeed9d7b5d11757036bf1ff,b975f427576d06c2e84d955dcd24fe720fc34702f3eb1e60d6f33c2ce145d5d4,110947,0.0,0.0,0
R4_aA_m0,1,25,C,COMPLETED,39,69,31,8,30,81cb495e1a7d6b535f62533336753f8b23ea0ae695226068e13fd6f65b6ddde8,6fc5c78391b6c677a1d8e0d3551447e22307683f768119100a0e185787b92849,112811,0.0,0.0,0
R4_aA_m0,1,25,D,COMPLETED,39,69,31,8,30,fe6e6517aca6754efc8d4a3af1e320d4814025ae7faa29d0fbeda070523dac68,28c960b38a25021fbbbf244a713dac7862cab0454160e8e88994edadceef8688,112803,0.0,0.0,0
R4_aA_m0,1,25,E,COMPLETED,39,69,31,8,30,803ace5fa08d11ba8340dad5ebe288ef58619d13b1fa800802cbac949e7c8148,4d0aa791c54684bf9dceaaa79294f9f7cb489e58311a5618307a375eb534ad88,113751,0.0,0.0,0
R4_aA_m0,1,26,A,COMPLETED,39,69,31,8,30,6471d5555cfd8d7f8d6ac8588eb7fdee7de8fae82829236dc1ba857946dcc097,506123567eb9fe18cc9c6a1685c1638c6f23a36345512c18b46af661296428fa,107988,0.0,0.0,0
R4_aA_m0,1,26,B,COMPLETED,39,69,31,8,30,230d52ed5756aa77d5fb8a1c6c0da984f92df5494264dec3ad5fd6e6915fc890,e49a78c05f914db876e5c2a2dd658a43055cf4744c6d7120f6e671637a584e1d,110947,0.0,0.0,0
R4_aA_m0,1,26,C,COMPLETED,39,69,31,8,30,fc5f93b9410f2ba978e241aab70a2d1e2974da831b52957778770c3a2b5b1b33,9fe462ab69444b402208b9e75aac87542f5729dffa97a243ffe0159f90df7320,113021,0.0,0.0,0
R4_aA_m0,1,26,D,COMPLETED,39,69,31,8,30,317d42d7a736aeb5e9ed0b0f09260588c77e74343917ab0ccbd28d9799c3af6c,9dfc1483b1a48f1b45eace5aaf4b9a9bf65ce13509d39724a3668b22fec90e66,112882,0.0,0.0,0
R4_aA_m0,1,26,E,COMPLETED,39,69,31,8,30,25a38ef90b0e1a8f74672a3eef7ff58021700397c81e2b3e0a5ba8091eaf526b,1760dee86edf54fdf157c00bb0aec4b61cd11a92afc9e04c654619c83457f8be,113648,0.0,0.0,0
R4_aA_m0,1,27,A,COMPLETED,39,69,31,8,30,d112bf111d6c3d6a204fd25a994cb334ba8c0581e01e13cb9e955f2347cfac99,464920737f3b9a64c87fd59b8f7e14e60a6008807b3e93ee3db02e4554b2d30a,107949,0.0,0.0,0
R4_aA_m0,1,27,B,COMPLETED,39,69,31,8,30,8addcd72f145ca31e6d82c8b7230a6fa8a3ba446aed19143042c8e4f2aa8ca6b,4d6e16d302d19cab62a37bee70b21a4d2e7657aad297aadd0ca2c44f12211b74,110869,0.0,0.0,0
R4_aA_m0,1,27,C,COMPLETED,39,69,31,8,30,952a34b6c35cdb0af4b3c11588f542e75b93331e0583dd0695e6b9d09fe92512,c6c1cd512f94d7764f461bd456ea991690b726e57f5c0c1b8a6ea629442f7106,112792,0.0,0.0,0
R4_aA_m0,1,27,D,COMPLETED,39,69,31,8,30,1b48ef74e1bd8d38c204bf7d4cfd9f79f5eaca7d43e503a5738bee54d45b47f1,45773925f3f4eb00f8d1221d4aac33d17a1cd09aafdd0d55041dedc97fb21349,112718,0.0,0.0,0
R4_aA_m0,1,27,E,COMPLETED,39,69,31,8,30,8eabe3823318d26e65bf54698a2365049c787743e9189cd71cdd257d211e33a9,7a16a9d411a74c0f1f3be22f995e3e8721b5640599bdbb22abbdb34ed900eae5,113756,0.0,0.0,0
R4_aA_m0,1,28,A,COMPLETED,39,69,31,8,30,0773c693937b7deffcf7c2a95484a175657fc79c27a77a156acedde10b81284f,b4ccbb414f621a57aba75f9860a4180c6f760e15bdb86f6ab506a667fb16520c,108009,0.0,0.0,0
R4_aA_m0,1,28,B,COMPLETED,39,69,31,8,30,a8f4656e0b70340889d834b6412f6625a1e779db427f0a535455aed45900b5eb,6e95e29da7c0e967840db4f04ccb3ca89e4462427adf2e8a07d3b95b0b33703b,110937,0.0,0.0,0
R4_aA_m0,1,28,C,COMPLETED,39,69,31,8,30,92c85eceaf524d2ad97bda78174f1ac2f3496c5fab198c65159c2d374c964363,5f9e1e0e35dffe96fc496b5845e79e09025e5c258d62c5d6e164d369c715a7a3,112828,0.0,0.0,0
R4_aA_m0,1,28,D,COMPLETED,39,69,31,8,30,76104e5669ff84df1437ce8be0652aa74493e8188f2cfa758ecd45748a1de704,3e253852cad5113b7805e6775971c644139cb45e0a9ff03c7adfe1ff4cb04b31,112886,0.0,0.0,0
R4_aA_m0,1,28,E,COMPLETED,39,69,31,8,30,c4f6d56097f8f61df810f3cc2c550b350fc028d40df1d881dc1d8cabf37eb05a,ae7d20cf66251769c68833623b9af03ea61922cc3cec23aee2534e204584478f,113696,0.0,0.0,0
R4_aA_m0,1,29,A,COMPLETED,39,69,31,8,30,283e85070f189196efa41a7dd8f5cece7c46955fa3aaf723ae1b54e1ec849aee,ad977a53dc6ca66873c610f4cec3d39821442b6c7a5aff794bd27277c0eaeca4,108006,0.0,0.0,0
R4_aA_m0,1,29,B,COMPLETED,39,69,31,8,30,b140e74723971b2d001c605dee7a53cba4f3916daa00bba6172230cedfb2382d,cdb02a7be4b94ea2018a97b4bb0787d0ead45a5f0046574eaf222bf7d75ad747,111126,0.0,0.0,0
R4_aA_m0,1,29,C,COMPLETED,39,69,31,8,30,607252615e814264366bc132813f6a8679054fee7aa7ea92761388b81ac96ca2,a7edc31e68609455216fa8d8f147d6ea78013b6262b9ce83fd82ba08a6c494c7,112861,0.0,0.0,0
R4_aA_m0,1,29,D,COMPLETED,39,69,31,8,30,1ebddcf977072085ca94fb59eb7b91774e4f6c95d1abfaa223b8995c75a8f766,e235d3eb1f889f921113c9f8f35108fd2db5e7c140823a7c126f83fc7ec3342f,112781,0.0,0.0,0
R4_aA_m0,1,29,E,COMPLETED,39,69,31,8,30,91595e788b850940e6312d3cf9453d1419caba33ed59625b03a4c769b4e1a536,833c144c713823e4b24658e2901bc16adb7245952ba6aaba0e735424cf9cf533,113722,0.0,0.0,0
R4_aA_m0,1,30,A,COMPLETED,39,69,31,8,30,719e3d956922aa4a3a9e2ee9ff37434cb4d180e6fbebe26fdb20b241ce273841,fd008a41b3fa064df6c16c4db27e80f636820aaef7c9928c5e7a6c02ac83c1bf,108006,0.0,0.0,0
R4_aA_m0,1,30,B,COMPLETED,39,69,31,8,30,085a8305f083e1fa77862c8efc6ad095293b1dd6d0eb7363193b78807ba3cacb,890c1ab1b8ce207c5827965f6eddb4a75e25726a30e727da6d7802a82ff0448f,111095,0.0,0.0,0
R4_aA_m0,1,30,C,COMPLETED,39,69,31,8,30,d6b8e743afea5f1ee48b2254b1513324a326ffa7e1a9b6a7239ade3c747292f2,7024c68937e1ce9cda42d9a1199ca0e9feb0f6d4452e9ac17595fcd33b8a1cb0,112828,0.0,0.0,0
R4_aA_m0,1,30,D,COMPLETED,39,69,31,8,30,8327923675555d6b0d7cd5bf64a14f7cd771981d99201ad18413d4ac5765e1a6,250cd3f40886f9c497a312fc71e57969d8c0d682bf96f515c28b459963b101ec,112832,0.0,0.0,0
R4_aA_m0,1,30,E,COMPLETED,39,69,31,8,30,b3e221f8577b921209e52aaace90e6a9c3652deffe461ae9797825216298b3a0,b8d9071345b1a9014f636d236463871d9894e0ea4be6b0bc1f73b0e55835dfd3,113818,0.0,0.0,0
R4_aA_m0,1,31,A,COMPLETED,39,69,31,8,30,0fd170f6ae8a8f497b876c09b795033912818fc004f4320ef2ddf6902d3b3860,93fd82307fa4e806e1f2bf0de1f7a7fc9517bcb9ca2706ff2d626468f08f681b,108082,0.0,0.0,0
R4_aA_m0,1,31,B,COMPLETED,39,69,31,8,30,d53044947bd2e361d394d4f82d26372eb8388b6fc48ed5906cb3d7feaeb60bfd,a09491cedf26f49fa731d5e6e59ecf61baf7eaf860168e1f69ea87b8f9863d81,110926,0.0,0.0,0
R4_aA_m0,1,31,C,COMPLETED,39,69,31,8,30,1fdf5db1b106f373fe7376de84ca0b6c17c223b5a14548874b40e76f4bcbfb3e,faa5d3843c0f1f502b3ed1712ea9a30a244faca03d4c2a982448308fc523e8c8,112875,0.0,0.0,0
R4_aA_m0,1,31,D,COMPLETED,39,69,31,8,30,a6bc1146b019e5234419f4be1b2d8d5f8bf8c267cd5a21fad1c4d5bb2f62070a,eea04aacef7a24bcb0badf813e7db26abaf677b0e8d9f1f8880a8f174956e819,112837,0.0,0.0,0
R4_aA_m0,1,31,E,COMPLETED,39,69,31,8,30,1b1cb2af5c6eab0a06fee20ef4f4cc999642c769765536290650ee79d76cfb8e,af225e77021c7cd1bd32779d50919a88bec79e6e480c7b30353251406a28c582,113739,0.0,0.0,0
R4_aA_m0,1,32,A,COMPLETED,39,69,31,8,30,c3ee2f1fd25dd1a9ae06f532a2724a459a29095b2c6e3015e0a903169b83d567,c0b9a2c0605d7ea1e558960480cb5d6ce8615d30936c428b6dfd9eff71a93222,108191,0.0,0.0,0
R4_aA_m0,1,32,B,COMPLETED,39,69,31,8,30,3442d91afcc80f1a0a02cb843d84dbf3aeb95c4078aa5331a3663a183ddbdbd7,24e64e344fd8b0b0bf74717921131389af9ca1049b3602f797a78e2c35aa52ba,110931,0.0,0.0,0
R4_aA_m0,1,32,C,COMPLETED,39,69,31,8,30,a56c33e852c11285e209ce0c1c17065c4a542c05aa8ee9fa212c66e47757896e,7d8015fd58fd0fac53fedbaa3f549cc1e456563b35534380dcc234eec83c8e52,112756,0.0,0.0,0
R4_aA_m0,1,32,D,COMPLETED,39,69,31,8,30,f48f5df8f63dfb2592a08aa305ef9aa3281b97139bc3bb58eb7d2c1344e139ef,b68ca43da2812f904c0d286a8434481fd5929b62b651f1e4cdff6bac11ff193f,112918,0.0,0.0,0
R4_aA_m0,1,32,E,COMPLETED,39,69,31,8,30,61a713fe4e2d5bddce5fa5caa8766f670bd05856b12f737741136776b890fee4,33d84a8d85829e75013dc61064c8484ebb82c46337754db29cef0989803aeaff,113783,0.0,0.0,0
R4_aA_m0,1,33,A,COMPLETED,39,69,31,8,30,44becb9a057bd49ef6dc765a9105e13e299614467026aa3b43c951be7f5e34d2,2b04822a425441c428382a1c098ce4f49a727a99b8320fc48f42b66c251d9dec,108037,0.0,0.0,0
R4_aA_m0,1,33,B,COMPLETED,39,69,31,8,30,92fb08d01c44f34ac636af86d367fa90aaf1d3cd52123f6f0049ea8ee35ba25a,96807b82fc8f31ef290bedcbcdb83278488de9db959990314b9aae76beaca20f,111003,0.0,0.0,0
R4_aA_m0,1,33,C,COMPLETED,39,69,31,8,30,cebd96b70667d47335a514d18d77e71b020761c532d750125432cc2e6921fed2,c524a31b8c5e4b5bfd68ec806aeeb04731393b4229eede4c84d3ba13ecee7281,112847,0.0,0.0,0
R4_aA_m0,1,33,D,COMPLETED,39,69,31,8,30,147f56e674ff0a11fb430e74febe0d6ed5024260ce24caa2778ec4047427e6cf,75040645bb09a8072081bf8a156d3dfaf04ffe1ab1efc56a3209f53c119edbca,112868,0.0,0.0,0
R4_aA_m0,1,33,E,COMPLETED,39,69,31,8,30,1a21d9cc83c066cf9a4bc51d1cad604b238f343f0058e12f28ccc2edaa6af5a7,eda2677bf81fc8522f6d8152b3847f0fc17356fbed4d2586b75a3215b21eed5f,113630,0.0,0.0,0
R4_aA_m0,1,34,A,COMPLETED,39,69,31,8,30,46b9b1e50058569c04e2ca3104290c8fc4f5c2286d14a537161fb392069bf3d1,8d8bcc8c29d77a565adccca5d75712dea69dd0bda7d634b2040fad9d611803b8,108029,0.0,0.0,0
R4_aA_m0,1,34,B,COMPLETED,39,69,31,8,30,81630fcb0ce41d7dc569c81d3403b798ae6aa9835097c9ced46c81e4efd08a18,5b4fc9f9762a9d5b02241313c82ca3449ca9493016cb1f32c506d439d0ce4d42,111072,0.0,0.0,0
R4_aA_m0,1,34,C,COMPLETED,39,69,31,8,30,2909cb994f889630a5a8295a4c78316f8956de95261ae873c389466927f7f49f,cda67aac3f3a857d29dbdff3ea7f35a82d7b0e1172e42e58b60d403dc3af615a,112869,0.0,0.0,0
R4_aA_m0,1,34,D,COMPLETED,39,69,31,8,30,ade22a491ffcff2edab80ecc5c8d798c6153ece3554a4c0ef70f58fe5daeacad,eb85c6491443898ded59e34ccfe7aff3ad966826899e43a49d985ae2494b14bd,112850,0.0,0.0,0
R4_aA_m0,1,34,E,COMPLETED,39,69,31,8,30,34bde983801ad8fb8dd35d27df800adee4f7ae4ea114caf55b9a04ab303e5d78,98849670b4dff584493e8ee7671901d914bde9c0ea61cc9b28c8d26f378b6316,113663,0.0,0.0,0
R4_aA_m0,1,35,A,COMPLETED,39,69,31,8,30,cf6391f00c6a691412608ad02bc31bb9114a8896d398695d141eea03846193f9,519ac485052bc603e4e817931d96066667c4d8d86b23b9616e178494b87b01aa,108012,0.0,0.0,0
R4_aA_m0,1,35,B,COMPLETED,39,69,31,8,30,31dc082824420cd23b6b4f6f6f937d40e38516a41bfd3de19753d42df62aabf9,03bd8b16e2fb0702bb3c11f1883b75d85bf6e4d9f333a06c5c377f224374d2b7,110974,0.0,0.0,0
R4_aA_m0,1,35,C,COMPLETED,39,69,31,8,30,9bc26d1f29b31afa56f3b47fa7e78a1e437e194b869c0f60f1ed6a33370e6f9b,27a685549f2af57b19e0c4284fb747c3e37bb932b575cd66a87b4de78d01766d,113010,0.0,0.0,0
R4_aA_m0,1,35,D,COMPLETED,39,69,31,8,30,320154bca6f1c9eb17088fd90d56578c7ddecb0b10c58361f71a793405c2a9bf,9baf64db0b817c8758dcf594d4b60baea1f43efa3bd7fb8dd4e23f4f557bfca1,112801,0.0,0.0,0
R4_aA_m0,1,35,E,COMPLETED,39,69,31,8,30,00e4534ed6f538d6f970c6726c47cb46a1beb3dedacf432abe436208172436b3,a5d1c35904e2cee5fe06f9d6c211b362f83be2a92b09dac3c576d0a7675ad0f1,113589,0.0,0.0,0
R4_aA_m0,1,36,A,COMPLETED,39,69,31,8,30,02f6e2ec73871cfbd0c3fde55d9b5762cad2e3147f333c079b0e09bb360d820a,37edbf782a6c27fa7ba977d827901cf43c6751afc352886a3bd5d4ff8e90727d,108057,0.0,0.0,0
R4_aA_m0,1,36,B,COMPLETED,39,69,31,8,30,c3933d8b71eea21de5d2971fb11a1a813ff16b74bce37f549a3f181dbf1bf2c9,b6153a79184e07d6c5108e4ee056e9f83a8aaa93180c8e6c97cd01ed2381a9ea,110952,0.0,0.0,0
R4_aA_m0,1,36,C,COMPLETED,39,69,31,8,30,8456f8829fc90741f632c7e3cd36162252ddc969117f8740996a0afb19935ab0,7a656184b5fc4cfb5e678f00a4bd8422025efd3635377cd31ce08faa704cba93,112758,0.0,0.0,0
R4_aA_m0,1,36,D,COMPLETED,39,69,31,8,30,aa79253cf7c6e089ee17d60b919b62407047f00d1257e7d8817012000ff9d7af,f796535fee06b2755e5f4840f8fa43e46f647ea3c978ea0e3d387a8838ce25b8,112944,0.0,0.0,0
R4_aA_m0,1,36,E,COMPLETED,39,69,31,8,30,05b81a370b0205f2c48657fde42540e5c5446632ec053c2046df1a3726d6f841,f7451c589b20b47b602c786e18e7eca8dc6e226857792a4a461f427cb28c5c90,113693,0.0,0.0,0
R4_aA_m0,1,37,A,COMPLETED,39,69,31,8,30,883d73709f936ccb1c7502a6baea772e851528ad354cec0f4de57980bbeaeeae,ab6549b4d059b8dfc4600dc5a002435e09147979398e798a52fcb7a7b2a8c3cb,108092,0.0,0.0,0
R4_aA_m0,1,37,B,COMPLETED,39,69,31,8,30,6344ca85943138432a08d915382f0a7be26e06006afcdb1cdfa38ee7d466dec8,1addd7c2a423482681fd63c875a2b9228f53abfad2f242f5cf1e58fc38fd125d,111047,0.0,0.0,0
R4_aA_m0,1,37,C,COMPLETED,39,69,31,8,30,64cdffed677530f42b5148f2c8b84a56c1734f146e70fed678ed5343d75e51f2,989454b4e1971244b555a89ec87b4c73f3a0283acb8f63e01fffd75b6c2b1832,112861,0.0,0.0,0
R4_aA_m0,1,37,D,COMPLETED,39,69,31,8,30,f210ebd253b26467c5848dc8b8db62a349182cca6e9386f6bef1884efe3bfb5b,98d93b1a4c724d399902b6a271aae9e19eefeafb9d5e03dd201c4c687e784229,112776,0.0,0.0,0
R4_aA_m0,1,37,E,COMPLETED,39,69,31,8,30,47fbd2cd4aab94d8d02ed54c832f76df7db396a7c07316346900d839b49ad7fe,c0a4845dad0ab402c08bbb6ba7863617aa03fed6e2dc48777cd844f3a766e77b,113629,0.0,0.0,0
R4_aA_m0,1,38,A,COMPLETED,39,69,31,8,30,2385e976a98c9215c5e9659a3ea980877f5fcb8ee3129342e24bd45bc5331f1a,0948558da3567c688758111a754c86d3cda899e1f302f404c31b879992f4e1f2,108157,0.0,0.0,0
R4_aA_m0,1,38,B,COMPLETED,39,69,31,8,30,7d00520367191c9de3121d6ea5109841e96455f2b2e0f05854af6eacf720bd98,37894cae19b6be0b38ba0710a059cd23f6b4abb1d88d04539330f7b1f6adb5e2,111026,0.0,0.0,0
R4_aA_m0,1,38,C,COMPLETED,39,69,31,8,30,f890a3e7dedbda706229322e1b9990fd31e9f33ff002414cb47b7b76dc440314,61bcde3a105e146174cffbf6edb62b853eeb962bee6f088cd7ab1f3e4cecd95a,112807,0.0,0.0,0
R4_aA_m0,1,38,D,COMPLETED,39,69,31,8,30,be482b2b7c893fd7d75c07382f43e84e2944c0721c4b3d94bbd4ca2426a7ced0,2f7da53a88e4e3a5e410a2aeb4b57734cc36cfb85765619debccb6fafc21afbf,112805,0.0,0.0,0
R4_aA_m0,1,38,E,COMPLETED,39,69,31,8,30,3528e0c2b3526e26e8a2b5b114e3796f4726d531be9f1cc8194665922563935f,1e544ac189c3ea216e0deba96ba44a28c5234feb76676c067c05008297155985,113717,0.0,0.0,0
R4_aA_m0,1,39,A,COMPLETED,39,69,31,8,30,9192e41a15e1c06a4a888b180434b71925f1c4c7ce17c51d011b6de8b75260d8,777966b58fb675335fe41d4b647a1476893d22a5278eff9c4cb11ef21604b75c,107994,0.0,0.0,0
R4_aA_m0,1,39,B,COMPLETED,39,69,31,8,30,2681e7667c30d08e20ce630e33e6eff13be3bac36df37777992fe4bed574b80f,b5503b766a8bf54b942630d816863c7fd6c09972b318cac78acfef6dc2c7e70e,110885,0.0,0.0,0
R4_aA_m0,1,39,C,COMPLETED,39,69,31,8,30,b194a2879bb97d804291d5d57605d1d1d47da078637a5c3b65da0bc00b2f9550,489e1ee357e64b6944397271fa723f56c212359b20fd660fac4366e2f4e59092,112778,0.0,0.0,0
R4_aA_m0,1,39,D,COMPLETED,39,69,31,8,30,6d5a62ded72a18e62789dcba7bc7f2890e563a2983f88a7923f310c8dad2fd7b,58470402f1dd82942cea474be54bfb9f55fb82db56fad7bfc89af04e75b4f1b4,112815,0.0,0.0,0
R4_aA_m0,1,39,E,COMPLETED,39,69,31,8,30,73e02d00d1115bb9f4641a9a13123bcf1501bb499950d50a379587d0ec1cb4ae,32667c6e6de7379444454481ff16ad87e89ab99e0cbc5239b6955f89e6a01113,113585,0.0,0.0,0
R4_aA_m0,1,40,A,COMPLETED,39,69,31,8,30,5ec0e1490c99434805a1979d6580e2864ef4b899a249cb73639867fc0028b852,88893316aec9803695ce44e98e07c269f278af55425dad3fd2925646d2216d96,108011,0.0,0.0,0
R4_aA_m0,1,40,B,COMPLETED,39,69,31,8,30,2bdc7831d0483efa2378c22c0764180ecfb12bea904ed39c235acf02b0468fe3,03d337a18d224f68557c5f5654ecda88eaa169fc1c74ea9d576b7f8bc138385d,110811,0.0,0.0,0
R4_aA_m0,1,40,C,COMPLETED,39,69,31,8,30,dc4b047314a0f5e0c3292da6cb6debf8756ebe6ce61dadd979c1310bf4e438af,98d4182d1dd81cfa68895034985572317f73842e6c3f3a6dd8222b40730987aa,112803,0.0,0.0,0
R4_aA_m0,1,40,D,COMPLETED,39,69,31,8,30,e6f5ac4ba40c8db6fe8308b1e39491033eb5b1792a5927f1e5e138eccf08fc7a,f801e99ba78e837a866602798c45d1c0cb9f04af313ee6e2b02b9483021de29e,112732,0.0,0.0,0
R4_aA_m0,1,40,E,COMPLETED,39,69,31,8,30,34f54d2aa81c2ea57f6fee6423bb5e289d2107ffc687bf1eee3cf0ed7a3f8544,82f2485b7104f7f19cb9cb25092e606518ec835247a293f47a5360aacb20e1c1,113638,0.0,0.0,0
R4_aA_m0,1,41,A,COMPLETED,39,69,31,8,30,c5b98a24cfcd7e3140d467b3a7b1dddf9779fbfd034a56ed5001b4b052c1a539,ce424f7e9ef230950d6d9e65acb9c27368627210d98ebea221b929dc70e1bd71,108109,0.0,0.0,0
R4_aA_m0,1,41,B,COMPLETED,39,69,31,8,30,1a234f0f1d6c3ccc375c1986dccd08d9428e392fc79d3668734427dcfe08ee54,75642c66cd591127a74cc72b369baa767dae43a838316a151903b3d526b53488,110973,0.0,0.0,0
R4_aA_m0,1,41,C,COMPLETED,39,69,31,8,30,6fc586ac805565000122965639e7deb408543b085eea9222952c955687f9b1c0,d664730f4d82647d74567f8bb6a6765cc4eaf88e1df39852ebc7ea297d7fb436,112765,0.0,0.0,0
R4_aA_m0,1,41,D,COMPLETED,39,69,31,8,30,af7ec242849a800ed375eab853c9c9efac2bc50802698bbb9b27372f39351450,0948b43dc3386889e9bade73c649c11f1a26dd2913241383ee0fde5e9c315922,112810,0.0,0.0,0
R4_aA_m0,1,41,E,COMPLETED,39,69,31,8,30,2327c95c6d61f8b6ca8dfd836713ad725a224661e13c42f0f81c5eaf53420aaf,10b6e18a0491e12c183f8319c1d39026c9c3d72e01f57934ef47cc38b7813088,113696,0.0,0.0,0
R4_aA_m0,1,42,A,COMPLETED,39,69,31,8,30,b17e316ae541fb71ae6779dad605e0af566f4d479eb002badb7918afb1ea133c,4aee697ad497d310d7f009c137242f037d31d4a848f47591f671bd416bcdefc3,108162,0.0,0.0,0
R4_aA_m0,1,42,B,COMPLETED,39,69,31,8,30,bd8a2c670a0d94bd50bd176f020ed507d66710e206bba2355671a08f73f322ee,1a1db58deff4e769874f52db979caffabcc96d5ee8194f7ecee1d9d4de62c1a6,110986,0.0,0.0,0
R4_aA_m0,1,42,C,COMPLETED,39,69,31,8,30,76ef992c7529075be6db4bcc3ecf5156b54733edac82a92683eedf16945ec9fe,59ba2fd507c816c75c9f9f86d00c8bb46c9718d8c853b280ab0756148b3affe1,112929,0.0,0.0,0
R4_aA_m0,1,42,D,COMPLETED,39,69,31,8,30,c9cfcd198a419523318d750fe0a7d0e248646047d1de6316353a25644fdaf2b7,28527bfb25c624a38813109f78f4b6c0bcc984913c6b8e9807433445a7a5dbb8,112860,0.0,0.0,0
R4_aA_m0,1,42,E,COMPLETED,39,69,31,8,30,75434ad44f628b2fd36e495e27336b3c95fe29a84a80c73816cf8856b6f60ecb,ea1a9d6da2461d273627fe092f9b8454ded8427831a8dd28e867838f574b623c,113771,0.0,0.0,0
R4_aA_m0,1,43,A,COMPLETED,39,69,31,8,30,7689ed2099cb459c8f63dbbb0f36e6b3b9d3d61266aaa9dbcda7db26b04ad04a,e0187d9232c3a58b68bacc50cb424ae04002f768045fda7337d86d766a9bf7f9,107899,0.0,0.0,0
R4_aA_m0,1,43,B,COMPLETED,39,69,31,8,30,8e5187b715b9b3493872d7319356d9d025068f5369abf7c2530c5e319f2f5d99,7f9794a053359e379a6d5fc785b1bec3696f04491ae9c88bf0727f8128872a22,111034,0.0,0.0,0
R4_aA_m0,1,43,C,COMPLETED,39,69,31,8,30,c3b1e2261d395565f8e60425d867e8c3730f6c9d31ff4981f7c6917bdd09ff47,f46b2c3de8a1e6259f6bac4769d9d9792be151991774920a0550101051ea1b83,112804,0.0,0.0,0
R4_aA_m0,1,43,D,COMPLETED,39,69,31,8,30,254b266f7b39a9a89856790991372e6f36bb970073ffaa1a74f89b516fe9d222,48e7e4056bc8fe7de29a35b590016823bbb6e7b3bf3915906c90c9fd91b18519,112867,0.0,0.0,0
R4_aA_m0,1,43,E,COMPLETED,39,69,31,8,30,22cc8aa6402a81e2f4c70f335fd45eb248c3f2d63382aca784a7b9fff2a8e49e,0641697e7b3370b61a07ad2bb2d1063545131a3bd8d961f59b67b1d4dc78b0af,113602,0.0,0.0,0
R4_aA_m0,1,44,A,COMPLETED,39,69,31,8,30,2462548f6c194afbb5334edcc52cc9527e90a64f7b23b7d84e7a97594f1d5626,10377fbec8209ecbd0f91449d1e68c99aa35d62b1270926ae8f4410d1f63600d,107901,0.0,0.0,0
R4_aA_m0,1,44,B,COMPLETED,39,69,31,8,30,9ed4e1227822b21909b8c60ea207b3a0e34f4228e35442f531394fcf1d84a042,afa68fa30d5ac425f9a9381202af6637e33b690109bf4b61e2236ec29b5e8476,110936,0.0,0.0,0
R4_aA_m0,1,44,C,COMPLETED,39,69,31,8,30,e4afe392b38f4cc8945958084102945441a9403238bfb72c2eb25add8ff5a4f7,e5bbcbd9475dc2becf1d4605c92680671d4b664d9293feee845bf0609ae65066,112835,0.0,0.0,0
R4_aA_m0,1,44,D,COMPLETED,39,69,31,8,30,cf6749dc4f7ff233a7dc414e32c98c6c7b43f99ccf4697f63ca2fb13cd1c02d5,aeaee95694779c3dc89b2ec0b714c1f0bf57699e4be1628241c1369fd31f927a,112834,0.0,0.0,0
R4_aA_m0,1,44,E,COMPLETED,39,69,31,8,30,1ce9776107b751b72ed4e74b90bc0d554df021a19f409f6d17d6841fc2efb388,3602c2e43e7aae5682c33b34002bc793fd498f74c038e1aa396891046bb493ad,113739,0.0,0.0,0
R4_aA_m0,1,45,A,COMPLETED,39,69,31,8,30,a75bd0774d3a3e883e4e40a1284fd2d35fa0a3cab7e272336a2437b068828489,97fd5b6950798064e7afafb395605ff3e90c7e8e5ec903e8a32132a60b71da4f,107900,0.0,0.0,0
R4_aA_m0,1,45,B,COMPLETED,39,69,31,8,30,066e35cbcbf51c73f8fdff46d684e7dbdcc518a96135d9936ca4c3a29a6c04d5,d07b3073eb719009defcc300cb809993fa591ce44c87ecb7c1da7ae2b6c13830,110864,0.0,0.0,0
R4_aA_m0,1,45,C,COMPLETED,39,69,31,8,30,b3ba6bb48aacfdd896bceccb6162f9022471320922a053528c1c1009bb8aa5a5,a80cbbe4ab41f1c5c70c51cd91b35dd331511cc9d2ed3745d5622b019126be51,112873,0.0,0.0,0
R4_aA_m0,1,45,D,COMPLETED,39,69,31,8,30,a28c5cef0d8151db443e377dbe98e00895a6764723fc76bef864b95bb378f873,9e1fe9341bfeaacdb0b6c2feceb227c9aa0cd6a993d6d97941f1d90744d370f7,112901,0.0,0.0,0
R4_aA_m0,1,45,E,COMPLETED,39,69,31,8,30,eca66a72744e6895bb5b8633661bb6c0ef68d52689d5f4953ecef8c3eac4a0f3,76aeee6f879cd957afae8a787af22ac32e9b75afda5bb86aa39a2e35ee671399,113756,0.0,0.0,0
R4_aA_m0,1,46,A,COMPLETED,39,69,31,8,30,aa3c1530f1d662e42f238489daeb0c481145234ab50688d41d81f06a6327a034,3ca32e17c5a0c8e9dfc8afb8aa543c9e0e84595c6e782c24ded411c8d7d3b718,108228,0.0,0.0,0
R4_aA_m0,1,46,B,COMPLETED,39,69,31,8,30,84e6b2e8bde0be26a7861c60fa3c48c4ee183c2be8e70f4f01ac50641f2918e2,5e452aaa5131f110477bb766b7facd342fd8b46dd320478818fcc7b7fa7f7dbe,110924,0.0,0.0,0
R4_aA_m0,1,46,C,COMPLETED,39,69,31,8,30,1ef520bea1236ee659a0017a6b087ca18bad3e9ea2a55ed8513edbbf3693f83f,3d32e4b38be24ee7cf6b22f2a62fc59a8f7f6d5a6abda19a158cd2d59ea3ae4b,112874,0.0,0.0,0
R4_aA_m0,1,46,D,COMPLETED,39,69,31,8,30,545f2ea53400dfe35d5b34aebfadf5025252afe85f53ec187e71c18db9374c26,fa3acff84f7d68df7bfbd2b5bfc9fac1a38d4a3f152b4b59bbd9ba7138d37d2a,112799,0.0,0.0,0
R4_aA_m0,1,46,E,COMPLETED,39,69,31,8,30,e271ef62f5d1562a0636a5eeb282ff89a8960af8b25ca3c87365d4138f947834,f704e142fd66552edcbfa4e134192150c97d7a87d85b994d89f5b198126e5f3f,113803,0.0,0.0,0
R4_aA_m0,1,47,A,COMPLETED,39,69,31,8,30,70cad379d9aaca37cb0a96ca0cc8b0de6631c1d6a25e28d722b5955fdac67a57,f188bd4ccc5761b01245243efc4b6ceb525edc60e076760e56dbed8dd80884d1,108073,0.0,0.0,0
R4_aA_m0,1,47,B,COMPLETED,39,69,31,8,30,6d70eca687f425bc2cfc2faa3dffbdf375d3e59b05d2e02dca837f1f8f22cd9e,e7527de865901bd51f303440eb0cf5188fa33704abfed499964ee493d83474a0,111026,0.0,0.0,0
R4_aA_m0,1,47,C,COMPLETED,39,69,31,8,30,a3ebc74efd5db9afa1b69333028ad2dc07210f2f8c2fadd434de604e85fdca35,e70ae462bf5d03bf8f487a00a6d956e98155cc17fe509e89086e2fd54437b70f,112867,0.0,0.0,0
R4_aA_m0,1,47,D,COMPLETED,39,69,31,8,30,984394f3b5bf0276784a8a3907157ee9af43b3c8d23d95c41c1fc375293a143d,8dffb6ee3223a564e0ba1ec79fedb786b13ea1ba877fe4ad5f668db9a0bff7d1,112785,0.0,0.0,0
R4_aA_m0,1,47,E,COMPLETED,39,69,31,8,30,6ed27e82b69857a871bd483e6e099cf5908ea90981b31d35c45106d97b6c094e,693ac6f4f2afcc0e980afdba09bca9e03500ad9f87d043a8c9e516a908dbd1a8,113779,0.0,0.0,0
R4_aA_m0,1,48,A,COMPLETED,39,69,31,8,30,9b26188cf0d7aea9ec5cf6c42b96571943da05f947741fef1401adc84d3d266d,436fe0241e23368a203aea08807e7559b850a366a8b3db237db177631605c0de,107916,0.0,0.0,0
R4_aA_m0,1,48,B,COMPLETED,39,69,31,8,30,c1cd6468e26a063bac94f8440a918a09f9fd002882babb1fff7ca5702b697d72,6e70da7a1786a61751a72de73ddd5a6add80c32c98061e451430892e405a88a1,110935,0.0,0.0,0
R4_aA_m0,1,48,C,COMPLETED,39,69,31,8,30,abc950b401d2393f0e82f91b4482d10cb670767b5107869b4167116268d277e5,330e0991933f748f14d1f7d7be1009bcde1c4d647b7af2fbbf39d35befa8dd85,112841,0.0,0.0,0
R4_aA_m0,1,48,D,COMPLETED,39,69,31,8,30,34b0adcf1e9d313a931f016f7bc711d7beefd676a98022a472365d30177a3b90,eda25a3d91bbfd8a22da55dde76c155cc18b142275bdd6216c99743e5a2c73c1,112755,0.0,0.0,0
R4_aA_m0,1,48,E,COMPLETED,39,69,31,8,30,aab32fe2efca90b8d65ab52cc391fbfdf30f829288e877e88714e98407151b44,5e5f57f9b232b658b6ce94600934c385e8800223ef97eb0a1e97279226387882,113715,0.0,0.0,0
R4_aA_m0,1,49,A,COMPLETED,39,69,31,8,30,3eb18dc46ef64b932a62785bcba6556490910bbe52f802d36a3fe292e236a769,048e9797fe5109bdfece45c628a9f751bcdbff2144e53a57a54297fdbee674a7,107907,0.0,0.0,0
R4_aA_m0,1,49,B,COMPLETED,39,69,31,8,30,bc7189c0b82d1dcb4b998646abffb8b1ec74fec38c182438a4fe6ac2d4b397a6,124c38a603cffc94f92cd175cd69a2d15e3dcd1450d4cd1fd62e54b9e6871d61,111055,0.0,0.0,0
R4_aA_m0,1,49,C,COMPLETED,39,69,31,8,30,f633ec86cb2bd22f509efda2d7a2528c345fe57021ffcae2fb0dffcf0ac81c67,146fb396dae1321470fb65f1903fe45bcc1c0118215ea02e2c102029279eb414,112992,0.0,0.0,0
R4_aA_m0,1,49,D,COMPLETED,39,69,31,8,30,a59d6cfc2ac4387542cfc99b61ee7853022dcef36d5d418d1833b45c3de57c95,0c9bf3c4070656ebba33039116a02ee595d99eeb7ffb56db24c5f9ad9c16c9c1,112914,0.0,0.0,0
R4_aA_m0,1,49,E,COMPLETED,39,69,31,8,30,746581b6692e2f225fd03599a847e688885487d7980d4d0794023671842bf2a1,2792e864eccb6628c5019eea7f4e0b668e627edef22cc02ccf76fd3930400068,113727,0.0,0.0,0
R4_aA_m0,2,0,A,COMPLETED,39,69,31,8,30,b1938554f4e7b20970d51cd75ea0f57b75d6440a56f03c96e095b1d77d1b0620,e448f4fe794259d6a786b471f9a40eb1c9ecad273b408cc1cecc6ad6473e8621,107972,0.0,0.0,0
R4_aA_m0,2,0,B,COMPLETED,39,69,31,8,30,67711aba6f1d440345f419e74452e447c49aae0f9f4e4d06bb19703caaef108d,e853e8300ca1bedae66b500e6df5d2f4ae77902d4112b03fb9e155577d158a9f,111043,0.0,0.0,0
R4_aA_m0,2,0,C,COMPLETED,39,69,31,8,30,9defb2b0ac5b2775348b3d2fc62ffbf4c901b0b7d96878f077c93f0cfea8688a,25cad34647c28146a13c4e6b9be4a134eee100bd73325e05362fd2ee0bbd7c77,112865,0.0,0.0,0
R4_aA_m0,2,0,D,COMPLETED,39,69,31,8,30,59f53243504125667c2aaa74386e897f49b28ec162b80a63ceff11e916ca8928,be74a81f5e0707f5244ea062ad8cb0fb94e3ba1b4603a84dd8cdc113bac81c88,112827,0.0,0.0,0
R4_aA_m0,2,0,E,COMPLETED,39,69,31,8,30,6b9dcabb4a976ff5f2d2bd4a23217e43e2e36d19a0b47cc6aa17741f669d2d97,3a7e66372283d4b16f18e24a5b9995b93bb6c551426e74bd3279df8e99d6b230,113710,0.0,0.0,0
R4_aA_m0,2,1,A,COMPLETED,39,69,31,8,30,06bde1499464ef0ab9a13d7d52896ea63362994ddfa427ad117656538680e33d,efc58b603f4d04bafe40a2b51f804994d8f8be4a9fd73b53043523d018ceec7f,108101,0.0,0.0,0
R4_aA_m0,2,1,B,COMPLETED,39,69,31,8,30,f0cc05dfe79743cdc3bff23d4c2c73130bedd039e2e57aa6b335a350bf818b41,eece2512be95a25400827e9531279b775e7cdbd7952d37b59dd42ebb98d35d36,111084,0.0,0.0,0
R4_aA_m0,2,1,C,COMPLETED,39,69,31,8,30,f430efb068fc2f0b017fed357ea7d0d7b5be383fa5f872ba2ac720bce8ae94fb,3a193dcbc943887605d07563562747c743642996723ec33e27943c2fd6536751,112788,0.0,0.0,0
R4_aA_m0,2,1,D,COMPLETED,39,69,31,8,30,9e65084b044c8062cd7cb6322a23587a6ea4b2db375787a254d1d25b7669ebf2,9c02e7bd6940e7c0807c60c9f70e8c3d0b8e2bc077595627fbd44a4b81bbfac7,113021,0.0,0.0,0
R4_aA_m0,2,1,E,COMPLETED,39,69,31,8,30,7d264300198db29594042a1bf6d9c6d87a6a08809576f77dfa0fbf1334590123,7585dbe0d94e45f258997dbea898f918253e1cd21285d6c354ce3277345d32e6,113743,0.0,0.0,0
R4_aA_m0,2,2,A,COMPLETED,39,69,31,8,30,607aff071cf8a70d513cdfb3eec707718b106e1801a05a338256163daa55bbbc,68800886ee152c1b0b7a504814891932cd7d04400aff56c9985a5bbe9c837555,108039,0.0,0.0,0
R4_aA_m0,2,2,B,COMPLETED,39,69,31,8,30,1755fe4e515427c109655976b1b03319a587efe111085347e7873a6e755f1211,1e086daceb8868f3d25c9e90e6869bf24013bb117347e3641fbf268e98faa8aa,111050,0.0,0.0,0
R4_aA_m0,2,2,C,COMPLETED,39,69,31,8,30,6f92f8d6adb40cbf1cfa153f3e5acd2a66b39598a94aef88a594f8f88756915b,18ae1727bd037b950daf8d5b8bda6688d2e86ee328157018dcc2dc0ce1d60e3b,112855,0.0,0.0,0
R4_aA_m0,2,2,D,COMPLETED,39,69,31,8,30,f2c0289402c008cb605b55eda11dea055e7973eb070c19bb94aba40c22ce08e3,25326ddcbbe8432dc0f66f61a1c3f208c0ff7e8ca70bf2f0382442cfdb0a59dd,112752,0.0,0.0,0
R4_aA_m0,2,2,E,COMPLETED,39,69,31,8,30,c153ee06c3142024708d088175d73783130ff29c167a3b54bdb231f286f492db,df4f73c55b2d9820104b67bb8badf7f87141c145da1d9acd10c89da291fd07d6,113642,0.0,0.0,0
R4_aA_m0,2,3,A,COMPLETED,39,69,31,8,30,b37962843008015a8ec835fd29753b04dfbea8dd86d6aec9e636ebe72252ceec,210d08ab410729d1643e51ff4560d9d2da7454ae41364e6f010f8736a4fc9300,108124,0.0,0.0,0
R4_aA_m0,2,3,B,COMPLETED,39,69,31,8,30,f93c60d9cd9354f30efcacfc67c9ab60a58258d07242255beb1a5cafdd03606a,c477bbef9ec7a7a58ffdbfa7cfb08b9aca11ed96e772c27a485900833746844c,111050,0.0,0.0,0
R4_aA_m0,2,3,C,COMPLETED,39,69,31,8,30,a2732b328e4a2dc6aabc2cb3d663567a0a66b96d878bcf3b2ac06a647c1ce663,df7835394cd8ac7f39236b278cf39562e9cea96b79a74e7e3047b8016977fc97,112810,0.0,0.0,0
R4_aA_m0,2,3,D,COMPLETED,39,69,31,8,30,39b8822c0a020dd0eb7f1167f747986388f06ab05e79040e1c383673c8428b22,2287b7402d79456f779d79eb19165bb7b55c172ff683eadd22236b38b915792e,112814,0.0,0.0,0
R4_aA_m0,2,3,E,COMPLETED,39,69,31,8,30,613336cfddf8d07a5a41b0dd68e5a730632a149b9790e16bdddb431ad9ecb4a9,ef109ae99b2ca8601e24b4b62dec3dfa044dffbb164763807f5196930a49ad37,113654,0.0,0.0,0
R4_aA_m0,2,4,A,COMPLETED,39,69,31,8,30,1a01482a6aebbd1c0b50a3d9ab2fdff6172be072e0978d22a8e56b33814ca77c,8eedd7295d0bf05e13ce0916a6e232967f9899f7f841d9b37855db11ee1d145a,108233,0.0,0.0,0
R4_aA_m0,2,4,B,COMPLETED,39,69,31,8,30,f94ad8db477b8fc4904019c81df25637249e74170129c3dc17fbd8e3ee5afa3e,5d974cdb00b1a1403b56d5dbc4b1a4b1b3a69cb6ab9385b19ad873be35ac16fb,110827,0.0,0.0,0
R4_aA_m0,2,4,C,COMPLETED,39,69,31,8,30,4de8cfb6f25313c4786c9d81b9865f3b23fd18d61b8034c52a851478501c9876,19e7662d5ab532c0c137cca3dc3ef128649e63b66e5e68a77baadc580b6d9c00,112815,0.0,0.0,0
R4_aA_m0,2,4,D,COMPLETED,39,69,31,8,30,ca9ecf22e95a94973d56dc008054df5ff77dbaa2e4dc87c9364dfab5a884342e,a7b8902159c41b66ffdf2f9114a157bb139b52fcae5fc8475e4abe56fac817e9,112775,0.0,0.0,0
R4_aA_m0,2,4,E,COMPLETED,39,69,31,8,30,f9dd3fcf7d4856ab64b1f9733287cfbd530b27dded615988b3d499434f438442,c3fee16539845c59ca57266166f318c7a13e67eb77391b13f69bda5ffaaaf4d7,113559,0.0,0.0,0
R4_aA_m0,2,5,A,COMPLETED,39,69,31,8,30,6cabc79e3ae3bdff597a34fad900816ddf853547b84eb4a2e7fbba4ab767405f,9b99b11d7a904a4039fdbbd9e0872f8fc7fa901bbecb26f69541fb7057d5d877,108124,0.0,0.0,0
R4_aA_m0,2,5,B,COMPLETED,39,69,31,8,30,79c155e790b5c3898c655615d815d08b7111f70bd3770149e5820e404a98c1b7,a091e244acfe9c968a0f1898c28a31a89a93948ff8c9cadbd6ac40c5c3910bcb,110923,0.0,0.0,0
R4_aA_m0,2,5,C,COMPLETED,39,69,31,8,30,212a6865806851cc30bc0b4a3bdb845649a5c131f4cb5483d88d564996300965,e4da1fb661e74beef257adf241aa6943af961ee325bfe59692966fa457591fd4,112797,0.0,0.0,0
R4_aA_m0,2,5,D,COMPLETED,39,69,31,8,30,17a4f6f39a75115bcdfb7e516a40432b9a6aefa10635d9881e04e5b6b3c5f22c,53116887c5583f0d2fc19cc61b2f1a5eae373c1b5fc60e0c67c5eedafe5c9fff,112878,0.0,0.0,0
R4_aA_m0,2,5,E,COMPLETED,39,69,31,8,30,997d6d55b205d9dec01234410cded686824cd9965a58dd12cec55651dcda6376,bc87a07a51a7368e857836a4133fda9a47ee1a7317f44fd8b65ab16105a1910b,113814,0.0,0.0,0
R4_aA_m0,2,6,A,COMPLETED,39,69,31,8,30,1ba6e86ab326de98af244255255abed3a24bd4bf1a06825f4c6c1701285df41a,67d2115a13d49591270102f17c93eefb9ee6d80f969a2888fae795b69703bbcd,108051,0.0,0.0,0
R4_aA_m0,2,6,B,COMPLETED,39,69,31,8,30,827d2f28c7e6bb5ea9a307e9b05cc5af6de51feba13fe0518c6520762ab26760,980d395eac155913a2d7580bd6c5c52783cde5b82ed8004c9495c2288953aa04,111179,0.0,0.0,0
R4_aA_m0,2,6,C,COMPLETED,39,69,31,8,30,f1ddfadee5c19deb1aa48d34b31d9a2eac68fbb010816b8127aa009e866312d7,148d44f02618abdb69847f3113f8ff5c8d57309e357a2bdd4d1f4b8cef842592,112963,0.0,0.0,0
R4_aA_m0,2,6,D,COMPLETED,39,69,31,8,30,987e090aa49848dcf1b7a49f3eea2b909ebb9d344777b4476781017115688e6e,5f2b8bac11567465a7bbcdf3b35163df3fd65954763cb85af8dcb22c97a52d29,113224,0.0,0.0,0
R4_aA_m0,2,6,E,COMPLETED,39,69,31,8,30,371519aed012b5475ffacbc63f574114a0373ad4232ccb3caa705598be036bc9,79801282ca2b863a75dea367873307634fa10d3d7c73af9a7307b00cd5c09281,113863,0.0,0.0,0
R4_aA_m0,2,7,A,COMPLETED,39,69,31,8,30,ca0b92d9700d9ce1b2dda21692bec927931c75003979daa1b3281e3e4ac01c8f,ee9a83e7a1682b75d682ad2be583e41eb74daeb8b670aa0dfbc3ac55d72c0d7b,108021,0.0,0.0,0
R4_aA_m0,2,7,B,COMPLETED,39,69,31,8,30,35a0b2c1caea2331089ed3c8cc98eb35e7224b180aab73bc806cb7fb5cf05e5b,4cdb9f417f6a4392f1926113604749cd32e34f398de928fe1120f37ceda45ff5,111021,0.0,0.0,0
R4_aA_m0,2,7,C,COMPLETED,39,69,31,8,30,44d8ee6bb2a4d6b33b30ea58012bf654e56f8c11685c7ca632e106db681a11fe,252598b7f8573638d0219e837907bfd5f384608f715f166e6ef4697a4453d96f,112945,0.0,0.0,0
R4_aA_m0,2,7,D,COMPLETED,39,69,31,8,30,53667d31bb5dc414ec17e5ce2f01d3b7f6531aa1e1d870d774f10c29d0a8e520,ce6a5f71f600aecdf4b25665155ef043aa1a54a298c2c02bb66a0f6db171e2b2,112905,0.0,0.0,0
R4_aA_m0,2,7,E,COMPLETED,39,69,31,8,30,a682f4a31687ee5719de701d46eccf8891b792caa420d989a8e31c1ba485bb07,49f187e243d38f6751a1d1c8466f587652d31d014e7ce177078fe94863d7e809,113749,0.0,0.0,0
R4_aA_m0,2,8,A,COMPLETED,39,69,31,8,30,7bf911b0ecf370ffba9f4aa712d0be9c6e0caa737c327b3ba4df6fbae19188c5,8be668744e1d564f6d50cc00637d3f80e87e5955fd7e2543c3c4d9fd6d76287a,108184,0.0,0.0,0
R4_aA_m0,2,8,B,COMPLETED,39,69,31,8,30,f08174e2920ba9fa8947870b906c0ef48dd35536eb6d638362ad871fc531db13,c5c42d62d2676f6ea760cca456a10b6f81aec1dadbf9c62caa9df7e8a2c667e8,111077,0.0,0.0,0
R4_aA_m0,2,8,C,COMPLETED,39,69,31,8,30,f728264f1182e058b5ca7791915042cdd5307d82838536c52381cf4733314934,27b5554dca4e7d3d0a2c64639556fdd350d7d7f95d637e5819298ed504be61f3,112779,0.0,0.0,0
R4_aA_m0,2,8,D,COMPLETED,39,69,31,8,30,d8f7edd22447adb611326311f5ed08207215cc7530260f32fa5ef4459a2eaf49,74ff61dd8a35060fd215ab2344115c685a69640cb74873958d8c8c814f9f5ffb,112710,0.0,0.0,0
R4_aA_m0,2,8,E,COMPLETED,39,69,31,8,30,c86affdbc686ffaacd636c91e4d5be20a37a65326e6d2a21bd38fbf2be612ad9,88eebbe79fcadaeaa0d577a03cb2ebcd8a2e382d4860b89cbfa93e91a987e380,113672,0.0,0.0,0
R4_aA_m0,2,9,A,COMPLETED,39,69,31,8,30,8d8cf2feba815cb38f9f236c6257b31c28be554ee565af4512695c1892a8333b,b06cc2a1a51b9d3c1df652a48b948da97a1e52c63ac45d0ae5cbc8ddb4c26ea3,108152,0.0,0.0,0
R4_aA_m0,2,9,B,COMPLETED,39,69,31,8,30,f6d5de73e081e1ae125f71a90d4d786424287db4ea84340b8e2de6d3241132f3,ffeb86eef5f808361ceab4edc0d7b9e032ac4ebd90ebb6be7dff448a443a96b4,110977,0.0,0.0,0
R4_aA_m0,2,9,C,COMPLETED,39,69,31,8,30,364306227d7181298c889513fca4374a543c3a6ebad733539071eea9fc13a324,a15b0cd3319e1c22fafd46a84582e32fabbc3edeecb6ba8303031faa3ccd0fc3,112758,0.0,0.0,0
R4_aA_m0,2,9,D,COMPLETED,39,69,31,8,30,da372b171d976d218d14f330f1134a4c2a353804037399476b0333d9a68fdf3a,55eaee39d3039eed17afe087a9d5cd6c448fb3b0b1e2ec91128e9e94a92b7f19,112875,0.0,0.0,0
R4_aA_m0,2,9,E,COMPLETED,39,69,31,8,30,0421a436c9a52bdd2039a529c4d2fbca5e8b21a71d13132a59a015b14cf7c722,9f2ea216ec1386cf0bf97c8cd359a30fd7a11864dfc73b5bbdb897641f47678c,113705,0.0,0.0,0
R4_aA_m0,2,10,A,COMPLETED,39,69,31,8,30,951e59c85752ac1d80a51ebdbaa00eb694de4c45e1cbf8f590bde13636cd61ae,635baab21bf3f878602d26a7a3635340bafe9ef0bf8a793d3abe7139f69263c3,108156,0.0,0.0,0
R4_aA_m0,2,10,B,COMPLETED,39,69,31,8,30,8862154689de8083f7f7a0cd928ff8f3d83e51221f80d73c3ab32573bc35c47f,4ca4f7d2cb4cf7cfcac8344574affeee0f57c324af2cba1837f769e1a0ffb5e2,110946,0.0,0.0,0
R4_aA_m0,2,10,C,COMPLETED,39,69,31,8,30,545f9f1193166d4aaedea505e92c7a6d3e2e31bc03656d42060c3c0a3a6162d4,cd180818fc6f6fb1943eea9d83e436495754a504536c786929964d177b73ba77,112682,0.0,0.0,0
R4_aA_m0,2,10,D,COMPLETED,39,69,31,8,30,e74c9b71a2750f340abac07f879fdee0ee656a3f73bd4e1ab46f21d94f759fc4,b99b19bbb30f3c2ee880ad4e77285a460f80334a610716efcc869a3da46f26a2,112880,0.0,0.0,0
R4_aA_m0,2,10,E,COMPLETED,39,69,31,8,30,23360e7f3fba2a8060307b7082b0894cdb545e6b4574639384c63714f578d6ed,f5a818622a3bf399547254ccb743cbe9734f3c301996bcc9fbbc812524686a69,113734,0.0,0.0,0
R4_aA_m0,2,11,A,COMPLETED,39,69,31,8,30,9f84340b55f00ce814d66aa848e6a6d10f813453be2c1e0cd22b541afe447f55,cf33f4628bfa22cea8fd988bef1286f673e43cf83179d933c98cf2a511cf4673,108002,0.0,0.0,0
R4_aA_m0,2,11,B,COMPLETED,39,69,31,8,30,d34804b820c4f4b068575d3a4f2550d74241efdbf6b70a8bb81d40bfba67b5b8,51dcc311d9b2d135f3542b4a72c5214549c58891e9b4f0eba55459179ba72f21,110793,0.0,0.0,0
R4_aA_m0,2,11,C,COMPLETED,39,69,31,8,30,d8d9fb837ff97d2173d76598b1f7a4719de37418c35f1777614d56339edaf20a,dec3a132f9d8d17702c8c60f8ceac0d7ae6f88e28817ebe2815ea180788f225f,112754,0.0,0.0,0
R4_aA_m0,2,11,D,COMPLETED,39,69,31,8,30,a475e442d93172b5c90bc2932c0d89bc0142208776d4ef028d2cf8d838e875d9,74b75653fd1bcaedec30c29086dc255670750087270cc574aa0b5aa2949fb271,112768,0.0,0.0,0
R4_aA_m0,2,11,E,COMPLETED,39,69,31,8,30,4147f05d08c14ae2ca8ef0844f0ae77c7e8d73ff21d766e9e94c9ae8b359ebd7,67d743c4affbd3fa00df24590a64f36943d32bd56fe59d97c7f16f1c1a2f23fe,113706,0.0,0.0,0
R4_aA_m0,2,12,A,COMPLETED,39,69,31,8,30,a7855773365c3a6033529efde54aba9832b0db6b2c1cbb0a578eb1b6e804e4b3,4af1f2a4f0838a298b4cc06dea3fafcc125d016c7da20afef16207851e118b54,107976,0.0,0.0,0
R4_aA_m0,2,12,B,COMPLETED,39,69,31,8,30,76a92b1629d593d63ad208b95e1c548d94df210764cb00d76cbc9e8013202bf4,8c79b170e25834fd50b6b746ce8ca959202b74a6206bc5830966111c98218738,110758,0.0,0.0,0
R4_aA_m0,2,12,C,COMPLETED,39,69,31,8,30,800f45698dd23d94341a5d28bb5a5d37eda3a66773e69617e71ca35ffe272e0f,5e3f96629c7a96aa2ab5370ed97fa533c422664e95fec83df17d80bfd37c2e14,112830,0.0,0.0,0
R4_aA_m0,2,12,D,COMPLETED,39,69,31,8,30,09ffbb7d01e71ea2dd31bf10a601e027ab9fb374d5a6bcad940775811a38c7ae,fc23d7e47c555943c88fc7f932f2c8ac5f18a0ec3aab9c4ef8e765e3db6b0972,112865,0.0,0.0,0
R4_aA_m0,2,12,E,COMPLETED,39,69,31,8,30,2548d23b840caca80e78f3902fbb69068d90dcdaf5ea1ebb69f54c46fb8dfe8a,32d3c70b5d6b6939aa0af8e3448ad76f45818d48b5be484ef2f8aecaa9720d2f,113628,0.0,0.0,0
R4_aA_m0,2,13,A,COMPLETED,39,69,31,8,30,a1bf5a169fe5f352c3bb5e9b6d690ddd74406e8c46e9c26f58bb5e86419b6f7d,56e1da287984af3fce3ee4de0addfc53dcea0a2b110d570a7588c0d5c9768224,107943,0.0,0.0,0
R4_aA_m0,2,13,B,COMPLETED,39,69,31,8,30,4cf023f59fd3385bb8072b77bb2ba9ba1285d990a301c38ddb0ec36f9be7f169,58fe534b3a9569bbb6e92a680f9cb3c91b90cc5a9da7dc463df5bd5fc3a81794,110853,0.0,0.0,0
R4_aA_m0,2,13,C,COMPLETED,39,69,31,8,30,e1e2b44356d4eedae45e9ba3b48cf5842b84c05d5a8b5402cf153198a7a1d4ed,bf0ea2ea7915ab5c2afa8ccdb1e12733604e40d7e3dddb7307da8122930f2f69,112817,0.0,0.0,0
R4_aA_m0,2,13,D,COMPLETED,39,69,31,8,30,5753850e570e46f5ea8741b49f95628d16de0d170779d6cddad02cfe03f15e86,5c6568e5ace2d478570dc3c88120d38fc2fdefe5fa86f7b355801d56e7e0c0fd,112773,0.0,0.0,0
R4_aA_m0,2,13,E,COMPLETED,39,69,31,8,30,667339fa8319c0b94362287831dca51cc5f9bf0c450a83340edad4735c49cf66,7a46319c56264f44d3ba63be21a06f03e018a5c3019d7aa3c567a35fb7df93ab,113681,0.0,0.0,0
R4_aA_m0,2,14,A,COMPLETED,39,69,31,8,30,12eb28a34ffd39d6ac53953398e302d0a400c0f3ddb3eba5ca7b4e4ff9b51b7d,9bfaa6848482f5f1d9e14f8269be91466d23cc63f31d9a71528515fc94d88725,108245,0.0,0.0,0
R4_aA_m0,2,14,B,COMPLETED,39,69,31,8,30,9ee85efae91b1c3733699b392cafa5d8867de8292664ee255049c19cb8b2f000,6bc7689c0f035c4e15e6d8712d99c65a532fa03a1d78afeb520aff2d0de8ddc5,110965,0.0,0.0,0
R4_aA_m0,2,14,C,COMPLETED,39,69,31,8,30,b602972249ea71f2a8b63f62c686598901af7da2a82591a3bb87c33bb68253cd,bec821506ed007366ca01785341dc2540ba2f0f1a9f8f0ccb1fe10621af0ec1a,112874,0.0,0.0,0
R4_aA_m0,2,14,D,COMPLETED,39,69,31,8,30,f011605455c8f947800016602285a9b343ec01f68c3bf6aa322c4b27dd2b24c7,c461c3c1563dca26242c9a0a50c3b659a2fc57e2c1649a281b48d7064cc29bc0,112799,0.0,0.0,0
R4_aA_m0,2,14,E,COMPLETED,39,69,31,8,30,fab387498a05c4d5047f51e4098eb91f6067ef85dae3856c3eaccb7007eb0629,7484b853bb5eed81f8757ead8ad9fb664dda4169175a6f37c8230e27f38c6f02,113618,0.0,0.0,0
R4_aA_m0,2,15,A,COMPLETED,39,69,31,8,30,bb0ddf5fe4e700a5b257332a603a9bad2d78613467de034e3c20e32e5bae5673,5194eedb8468bb2ed83c27df30071ec698600c9c7b9bfbce2f23b0dcc126939a,108048,0.0,0.0,0
R4_aA_m0,2,15,B,COMPLETED,39,69,31,8,30,9c1b90f632dc3a66b96f046f210b1396af5576cebdb6632c54991b7d62edcd11,d5f9424dd32759f5eb15a905d0a76cf07726c6ed455d0dca532e6d052f22b8e5,111025,0.0,0.0,0
R4_aA_m0,2,15,C,COMPLETED,39,69,31,8,30,df33fea92a58bb0b1d1e74816ee5064480ad485b2606ffc7b2f815b0c0532392,b79075cbad3c93973a238370379dadcfd4d75b63fb850def301e2c2fead5b2bd,112850,0.0,0.0,0
R4_aA_m0,2,15,D,COMPLETED,39,69,31,8,30,b4775babe62f678b0f17a8e586f049e92dca95d15305632c3c79e6d9ec7da7ba,0d745ac835c47dbec5014fa9a3d64525429ec4fb9957f0576cbbf5c0dd1bfccd,112768,0.0,0.0,0
R4_aA_m0,2,15,E,COMPLETED,39,69,31,8,30,d96cb5858d574769f893198f6a9bed7f492df679afb7d09e83c77bc0ff6c87f1,5f0758b7d7f5d1a016a79ab6289371924785b09254e282e91ae34cc7670990ae,113757,0.0,0.0,0
R4_aA_m0,2,16,A,COMPLETED,39,69,31,8,30,623eb097a995f4749693268798256d1928d4c00ce5a334479a8aabfdce7a0da6,f13320f0062d1a553d57918698adc8a51c09657c113e876218c3471b8503ca83,108192,0.0,0.0,0
R4_aA_m0,2,16,B,COMPLETED,39,69,31,8,30,46e3047632e2fae5549dfd66297fbbde05b32c5700ae65ccab4fbda68f8fe3ef,e4757357eccff2784f8df558402da799320b4dfe316bee0a8af1849a9db77051,111039,0.0,0.0,0
R4_aA_m0,2,16,C,COMPLETED,39,69,31,8,30,511d4d6f475bb438c83d9d3c3a1dda01b9adbaca28d0fd682c1821824de94a5a,98c937c572231f3016daad032c12b47bcb8248d4d0a6ebff2fdbf03d8caf02eb,112775,0.0,0.0,0
R4_aA_m0,2,16,D,COMPLETED,39,69,31,8,30,232b1686b98d2000cb28008d07a989a1802acab1c9a577126fa1bbf5be6c4339,808479f70aa486ccaf77c969ae1c67f6e1c60d552a6706bbc3ab7ed52f285ec9,112890,0.0,0.0,0
R4_aA_m0,2,16,E,COMPLETED,39,69,31,8,30,b0a509cb92f06547ba6f6806691f0c9b3780d8aa283042f1e03e5e40736b0d1b,3a04a60242ba46c85629f5e2fb875105dc1cfe6a1fddcb4bbfc84c759ee22223,113702,0.0,0.0,0
R4_aA_m0,2,17,A,COMPLETED,39,69,31,8,30,1bd52cfbb4fd1a1e1177d9342b076e153b9c47e424e63791392260f2780ed5bd,586067d371899ab5983f6520fca3c0a8a8777855a54bce42cd26dd5eca213234,108171,0.0,0.0,0
R4_aA_m0,2,17,B,COMPLETED,39,69,31,8,30,8b4e9e2c11a63cc27e457fbf11b48056aee48f8d0fc7a136df2662461c93ec9a,b085cf36b9feb9ca77ffc9cfa180a914aabf317d623d252cb7849a8559da3b49,110926,0.0,0.0,0
R4_aA_m0,2,17,C,COMPLETED,39,69,31,8,30,4ecaa51e2c3a1cdc496814bea910bc6a7d47a6e290bc22e42b3d9d954a31a44d,b558b1f074d9a19d0aec4e07339b37d271fcebd889e594539cf480644e9ea99f,112764,0.0,0.0,0
R4_aA_m0,2,17,D,COMPLETED,39,69,31,8,30,eb5d94fc9d2edb7cf28c88d33a7ff5f8bffed0705d39db4264e654b1a1b02c27,842544ee28ca4e10342458f84b380cae22bd84e416779ccc22104319ce92dbc1,112932,0.0,0.0,0
R4_aA_m0,2,17,E,COMPLETED,39,69,31,8,30,8308e1c841501f87ce1eb8e6349db2a9d2a0b855282658b99d4e1f88ad6c8cee,2d500d8f3115588eac6145c4e48e64ce8ffb31d6eaefa2da4b667506af243eff,113547,0.0,0.0,0
R4_aA_m0,2,18,A,COMPLETED,39,69,31,8,30,ce6eedba2ac567a9ea74010155fb5a36e4cfde06599cb567cb45deeb7d419187,90c761ddfd5cd789f2830838e0f8cde0d7339e3d6f843e87bd0b5ccca3bbd2d0,108254,0.0,0.0,0
R4_aA_m0,2,18,B,COMPLETED,39,69,31,8,30,71bcfbfe95732adb8e80ded13ed9ad0245e08fa88fa93bc13f7149901ef3ccf6,0296b3379bf3cffde2aeecbe4325b88fe65c860d60ad705d2b6110580bf70e9d,111012,0.0,0.0,0
R4_aA_m0,2,18,C,COMPLETED,39,69,31,8,30,d182415207cc0d755da56d5fe5cdb9da98c247f13b868c7fdb60d1a05b4817ec,60436f9e451feeb47bc78dbb1c2aaedd99d0e9042e7c820a5adf6b497562cf07,112831,0.0,0.0,0
R4_aA_m0,2,18,D,COMPLETED,39,69,31,8,30,ab96b046ae9ba1243063e0a7de5704a1d0a115f2d88634f9a88906ef15ef4e5b,85e126a6869cc62cefc8dd1c9203f8e200d1808bea3d581b54147484a6d76ed9,112924,0.0,0.0,0
R4_aA_m0,2,18,E,COMPLETED,39,69,31,8,30,36cc286276ccbd166652b63f89d2d4ef1ebf20587b4bd7b6e26c20bd30799a30,440204ecbb7f0596ec3f394f62f34716b3d35011a879c63a63c172a536651169,113600,0.0,0.0,0
R4_aA_m0,2,19,A,COMPLETED,39,69,31,8,30,d424bc8bd72504b342069f07007b0d6b664d0e902ac22f05747808c51d22c227,1999d7980e2421a00a0991c045bf68c7b824986151437cc8c7538523fba7ff99,108062,0.0,0.0,0
R4_aA_m0,2,19,B,COMPLETED,39,69,31,8,30,9a7d7542f372dc08cccf55b4051d66ddbd9349af7f792edb60d271f119f690c9,049e17a02cafb1f1c2e0ab9e24267adfc92265d421a3207d9906158167457780,110899,0.0,0.0,0
R4_aA_m0,2,19,C,COMPLETED,39,69,31,8,30,3638b976a9fb0eb88374db1f2f5c2d0f9ca962858617c182d5da36d45268b2b3,14a1eec6da5847365061b3aca1f812b4b2d48471955b7975048e3ba32ff8b00c,112801,0.0,0.0,0
R4_aA_m0,2,19,D,COMPLETED,39,69,31,8,30,e9dfaec083aca3de84b57c53a19a2e76ced4784c93d70326ffb00224ad79d49b,83b91cd8b20eef6067a667e6dc525ebf184c4297fc720a2c7e9cf50f3cc0b3a3,112768,0.0,0.0,0
R4_aA_m0,2,19,E,COMPLETED,39,69,31,8,30,5b80e9f0b163b542a2f4e93a6e24b5e5366f4fd71a9b705d39eb41e20667108c,a2937418c9d317a0daf55cd7dfc64bd7cc60134fe2f261ae5c16c178ddf3c5a2,113603,0.0,0.0,0
R4_aA_m0,2,20,A,COMPLETED,39,69,31,8,30,57f767d7a8bbb3befdfa6411800e9f39ea45be4cdfdab07958fb8a9868de08f8,a63685f2f15e3139443dfa5c1cb574011dd64fb2712f6e208b21045ba20f2699,108006,0.0,0.0,0
R4_aA_m0,2,20,B,COMPLETED,39,69,31,8,30,85dfa0d795883ab5f5e84f93d2905bcc2d887ddc0e0921b77b1df2f52f9098ef,217c70f0e8d7b22dd7be0cd203670388a6a5ab53d960915406dcf9b38535f604,110953,0.0,0.0,0
R4_aA_m0,2,20,C,COMPLETED,39,69,31,8,30,548c1a30efe871ec23fbeb9971ab42c9d0ee453740cf7657573ac5968d96bcce,4f9a77def3c96fa5238985452bb36861b9c89aa751afd877373bd50ba649a80c,112880,0.0,0.0,0
R4_aA_m0,2,20,D,COMPLETED,39,69,31,8,30,1b46c9514159639216daa80a44aa8fd2a84e52573d8abcfd5aae7e75577682b5,12089452b1618b8d87cc0a642de97768ca3dd19f5e63b777c5d1bde8a0085692,112666,0.0,0.0,0
R4_aA_m0,2,20,E,COMPLETED,39,69,31,8,30,3a4eceb9f9e44111100d7be77829b5cd21e184f68a317bcff2d0d018c3a6b352,36250ad5b040468529ab91c3aae714fe6fea6a8fa725a26b63bb402bac43cd28,113695,0.0,0.0,0
R4_aA_m0,2,21,A,COMPLETED,39,69,31,8,30,016ecaf98dd9908a88f755c7a364a4cc16356fe6f1e8d96aabbf80f342b54e61,8ebdc76ec1af11d8bc8a665186727f0d0707f27b7179c135c7f253dc75cda51c,108172,0.0,0.0,0
R4_aA_m0,2,21,B,COMPLETED,39,69,31,8,30,4b3f7b57db312754eadd86339b5333455a3f7883119331c5162c666eb910f3a8,e996b1bb78294123cb71f81a8c387db2313e0d5c03c776dd1fa2702c706323e8,110957,0.0,0.0,0
R4_aA_m0,2,21,C,COMPLETED,39,69,31,8,30,aaf78427536899386b74a20e71ba46f976b7d8c88b47f154e65e8dd8823e7a60,67080581de558eeb50ee3aff002fd039d898b97ee46f256faaf3d455d85a97de,112693,0.0,0.0,0
R4_aA_m0,2,21,D,COMPLETED,39,69,31,8,30,f5d9d6d63964a8484eb17f17c4fc5ea22aa162b9f281357fd0b45ddd10fdbcd1,ff7f5394b8c98cae9411c4f070da6d0c801270ccb0ca46f49a4f14c35bf105e8,112708,0.0,0.0,0
R4_aA_m0,2,21,E,COMPLETED,39,69,31,8,30,f4db3477326d9e14f3e692002aafaa9891132ddabb88b0c69516d9d9c782f379,7475f732284ff7822c20bc930ed7b21ee3188e6e712f059377834a967d31367f,113795,0.0,0.0,0
R4_aA_m0,2,22,A,COMPLETED,39,69,31,8,30,caca5b753f35a2c33a1d0c774d29b82f8411081a59dcdb7d1c11518835189533,082bf9030a1c9679e5321d9ef3079511570d4758fb2b7b5cab0f5bdd47a11f69,108061,0.0,0.0,0
R4_aA_m0,2,22,B,COMPLETED,39,69,31,8,30,774b39cd640891d89b0d46815934ddc9a6113a844a51f8a31d3313607d1bdb4f,c2bb9f911b65b826a89f21f4601d1edddd4b856501b14ba417b237216c94bc0c,110906,0.0,0.0,0
R4_aA_m0,2,22,C,COMPLETED,39,69,31,8,30,231ce35716ef1f364fe37403e91b5db07532b695860a808b8f9655de30d281f3,8b44ff4b936bc3d4b02aa7cb2a886d473fc1dce31ec0542fad0294f0336fba8e,112941,0.0,0.0,0
R4_aA_m0,2,22,D,COMPLETED,39,69,31,8,30,c673b29f6c193f916c4ed2362ca8c57bb00c37e8167e15452b3c035ac37fa514,26bf49965055e2ff189781c46f02b8937c6143d1049ca962f43f43ac48ec4082,112848,0.0,0.0,0
R4_aA_m0,2,22,E,COMPLETED,39,69,31,8,30,b29b6ca8284f3d68b05ac868b96b78772080cf16adc27640f3763a72c35a3882,458e9208b7b3e043cb534932c31b7bedd53fc308edade7383a291f40aaaaea4d,113649,0.0,0.0,0
R4_aA_m0,2,23,A,COMPLETED,39,69,31,8,30,47db7392837ca6922f99763f072b155b508353001d57627d84e4e966501eb11b,83070b65a74f63b65b0cdfd556dab3352d3793f10b778ecdf799e9f263f01faa,108063,0.0,0.0,0
R4_aA_m0,2,23,B,COMPLETED,39,69,31,8,30,d4ef20d0b71b9277ab1983d08425c684888d8ec666486c603b29b975f4d11cbd,9d05c9b0bde7cf9e303a24974ad0b306b54080697e7323250f2890853f7ba9ea,110852,0.0,0.0,0
R4_aA_m0,2,23,C,COMPLETED,39,69,31,8,30,3840a015448ed9f1faa86664abc728185ac41e9f7377280ad036d6cd45739534,e7b4e9a8a5993d9f8cbebfc3851cb0d8a48a6c4be27cfb801794242960e1f207,112772,0.0,0.0,0
R4_aA_m0,2,23,D,COMPLETED,39,69,31,8,30,0c429f825c2924fc48378fadcfcec29cf3edc2f78812f2570bc2a0ff147e5434,6b64051c9b5929673acd7db993391f4bfe727b03b06d4e8d812fef7a276ad2a2,112779,0.0,0.0,0
R4_aA_m0,2,23,E,COMPLETED,39,69,31,8,30,2df1e7656c04301f171163dd5212956c4696fcb03fea43881624deb2b6357c90,a6ef2d8e4a282e2423775617a6a73afb81a65890195cde213a16f32184e0f401,113661,0.0,0.0,0
R4_aA_m0,2,24,A,COMPLETED,39,69,31,8,30,38f7a24205f921ec6f94daaf2aaf0b13c633bd4b029818bd7b8ee7c192c1cc92,b03cc1f408fb11afa7cf7414e318be26ec21964ac854f4943b37e6aa23568a8c,107926,0.0,0.0,0
R4_aA_m0,2,24,B,COMPLETED,39,69,31,8,30,0fb128089ce70ee7a441017a392fc03779545049533737a1fbd8461502bf10b6,8522162168619e1ba15d6ad91474d8d0468009622f3e37483bbf992e58b34dc7,110973,0.0,0.0,0
R4_aA_m0,2,24,C,COMPLETED,39,69,31,8,30,cbd84212e7a943cbb7d910efd85ad5f0fdcf7b169bc2ae8f60b2410961d6d753,71828cb056b0ca2de5716343381697a6c32536ce9a9367d55235a52eb4ef391c,112794,0.0,0.0,0
R4_aA_m0,2,24,D,COMPLETED,39,69,31,8,30,0d90f6faa56e0e82c49a1e69fdeea1ac96d20ff9205f11446a09d6be52587243,40a4a119eca48b5ccf28d71b871d76559f069f2dbd1adf1536ac875286f4a39e,112838,0.0,0.0,0
R4_aA_m0,2,24,E,COMPLETED,39,69,31,8,30,d649ff5e5a9f2c317d04572edae6f60996c3623be1281ff987ef1115293b699a,eba7dbe91c7586f52bf303ac6e1020a0fac0801a8c7da92a69d54a9cae6e63a3,113619,0.0,0.0,0
R4_aA_m0,2,25,A,COMPLETED,39,69,31,8,30,419835d81752d17acaf53f83f3032a86707549c9e62ee093d21d79ca735f8495,c27ac49342e3469ed3e8158180ae0db1c778073b87f81a68258021942ce5d266,107984,0.0,0.0,0
R4_aA_m0,2,25,B,COMPLETED,39,69,31,8,30,86208bc5e5e30c5d4d98ed30439ef4e07788d4fb755eefa4fa53cb18e2dbd4b4,f72b867aa8ffbe4db2e6967b2ee2ac8cecd30db4c2390f5f82820f4fd6647aa7,111035,0.0,0.0,0
R4_aA_m0,2,25,C,COMPLETED,39,69,31,8,30,2435b9de19152fc5a3abdd8908b6069d8a1a58029b290edfcc66379adff625e4,167d1f1ceb022f2dbb6d0fb6dfa0db7e5502dffcb547f1c412539f13842d1557,112817,0.0,0.0,0
R4_aA_m0,2,25,D,COMPLETED,39,69,31,8,30,5a780d6a08b96becfa710b699dae22a7a5e67a70c089a7123bb6d349184c141d,39c057ef2f3b3071225a5ffd8b780d24bc3a02349ddd32366741ec4f5b6fd08b,112890,0.0,0.0,0
R4_aA_m0,2,25,E,COMPLETED,39,69,31,8,30,bef5e634fdd09fbfb9ac1dc2d738d04cd8dd3484d29de667c9fcf77833df73bd,a303c12c87e6114f8220e354c11a11edd20f2e9514a36f9f1258e52e700a51b6,113601,0.0,0.0,0
R4_aA_m0,2,26,A,COMPLETED,39,69,31,8,30,3ffd0e6d9570dcd869c1d26ab186dfe16b25a10e2f9ea9deba8b5dcaba0c2924,d9b07f045285d92ad585c8ef42af3d2100b19f8f17d2a7bda6eb8cbabd6b4b91,107987,0.0,0.0,0
R4_aA_m0,2,26,B,COMPLETED,39,69,31,8,30,3d37750661af4c5ac9fea81e128096f9ae0bf04f2c0014d9b1b49b77c2d07add,9fab0ba9376353c31929958bf0adfec17920af5fea8a6f7a0e95e3018287887b,111057,0.0,0.0,0
R4_aA_m0,2,26,C,COMPLETED,39,69,31,8,30,35595953f59f3ec0fd78f5845b39d7c8235c6eccdfec2c79a770bf259fd56915,df70e7e65d3d299efe3e38a692fbd9f09717995f240c50c75c033fd268c0239a,112853,0.0,0.0,0
R4_aA_m0,2,26,D,COMPLETED,39,69,31,8,30,baca4203970b108c43ad18d6369e6dfa163b001243d105c4a983ef925981dffa,da3a9f664a73f555d6621048e9d094787e7557256345bcf00b16ea14857965c9,112966,0.0,0.0,0
R4_aA_m0,2,26,E,COMPLETED,39,69,31,8,30,e4c7700f4c106c2dcc202c9f688fefedb0f1861b9e712eba515493f4a016583c,0ea5ca14011b049f8e168e7252de626878feee170689c02d97b7c68de65a697a,113879,0.0,0.0,0
R4_aA_m0,2,27,A,COMPLETED,39,69,31,8,30,e9de84a914ab345fd849835338d4fb1c87838b747a3b7e9ed19cbdec30ea18f0,fcb073b5dcc9ce68429dd257e14a91274e3f3656419126bf7c1e53aadbb322a4,107928,0.0,0.0,0
R4_aA_m0,2,27,B,COMPLETED,39,69,31,8,30,da37f2faa5ef6ae9ef6d00af7cc365badf9a3724a2502155c38eccd2023bc649,ced6753be5ddf59833f5f77d39db61382adb424e636eac617e5b01a57b63aa36,110936,0.0,0.0,0
R4_aA_m0,2,27,C,COMPLETED,39,69,31,8,30,5bc73954fe0c46212f7f5aedb7f3710c3a73f3195ea0de6f8e69b0fa81f30cb9,616ad84ec6d36c905e0e62121b20e8b18e2d984543bf787521c95d2dff4594b1,112808,0.0,0.0,0
R4_aA_m0,2,27,D,COMPLETED,39,69,31,8,30,4f41b6dd38d04de695313ffaaeeff821942fe3ddd8444d55f0d838b117525a47,ffe2aa803bb605228ae424878c4782b4e10fe59fb6a3cd220be6f41af2db84b6,112858,0.0,0.0,0
R4_aA_m0,2,27,E,COMPLETED,39,69,31,8,30,195778119a61c1b74cf6b6c28d48c81c0a4d63bc418ae9aa19646957b377d0c2,840f16d4895ced3eb617ed76af946f674e4d6def7ec823f0d007017d1ac0b1ec,113764,0.0,0.0,0
R4_aA_m0,2,28,A,COMPLETED,39,69,31,8,30,466f38b724e834ff6a93f36e8644b7419684204b6b884d2bcde037f59fa1c4b8,59b2893456ff61c79d4f8d070596b95e8e4b2b1766102b295e58a94217d0072d,107960,0.0,0.0,0
R4_aA_m0,2,28,B,COMPLETED,39,69,31,8,30,16efc9cf5fa1a15dd6d894a7b7df79162f8edfc01835814e1c6fbc2e03963b27,95cfac6967b9fc52832ffe433703e1da4b23d2ae9b214e0621787de2db62ef5d,110980,0.0,0.0,0
R4_aA_m0,2,28,C,COMPLETED,39,69,31,8,30,23b7a943aa6590414504d0671c951891df86f386e64bfbd9af50d85b6ce4e1d7,bba7728cea6112a8b5c27f40d5cc63a5d4014371e94eb6a4476883f76d380454,112789,0.0,0.0,0
R4_aA_m0,2,28,D,COMPLETED,39,69,31,8,30,fb923088f7613c91c127362789f4df9bafefe9850de4c2bc121070026e9800d0,a2893ed0127fa6fe9aa8f9e51630c91870e97f411220cb34a288e17191fbd30a,112794,0.0,0.0,0
R4_aA_m0,2,28,E,COMPLETED,39,69,31,8,30,bf0b8b7fdaa2fb71f09394967dae75a8c4c26842e45b2fd99995c5c173be7e3e,df1dfa72f5051edbc257a939eb65d39ed132d3a4402691a95991f9969802a777,113634,0.0,0.0,0
R4_aA_m0,2,29,A,COMPLETED,39,69,31,8,30,95d938fffd73c16612c0df50036903e0a88af34e8f3bebf9e1fbc05f5d052db2,a38b383b8972849d5f46ed0f61d9adf9d10bc55b3c0562179381c0bbf9decbb6,108028,0.0,0.0,0
R4_aA_m0,2,29,B,COMPLETED,39,69,31,8,30,8db8f5c87a0668eba69892cf5275661885e527cfef2990696c3877f21c462273,94a8ef824b03a1866ea4033a8d95f71aef17079c0d5c4eeea6cb35996db57a33,110960,0.0,0.0,0
R4_aA_m0,2,29,C,COMPLETED,39,69,31,8,30,74ccd170f4ebf2ef3ecee91c2ee2e072fb6ca6fd26e08564fd986677f9c267c2,19a4f8223f6000c2ad9375ffcf5cdc4e5d9da00de21bd2e50f19164afe414afb,112863,0.0,0.0,0
R4_aA_m0,2,29,D,COMPLETED,39,69,31,8,30,5f0f4efc8a764562635ed5f7a08c5a484ec8068402ac9ed0f8864bc899753b41,8d1d57a85b671bd1dbcb7ff1e2ce345ad37ea8e3603c05e2f72b80a2f58a59b1,112958,0.0,0.0,0
R4_aA_m0,2,29,E,COMPLETED,39,69,31,8,30,42a04e4098268cc600cc1592ed84a19d08927ec24bf9a328ddf52e93c8785ca5,6ab112c5d9785f03b0d019fb53fa3814ce29e3e598208622d6096dc68b60f4f7,113727,0.0,0.0,0
R4_aA_m0,2,30,A,COMPLETED,39,69,31,8,30,8ec7888d79deec97c44a367e6521fcc87f71546694f86eeb51b8ece9443a8e84,cecb99637d5473c9fb5c628577ea68fef135932adacf0231926e894b1c7804b9,108099,0.0,0.0,0
R4_aA_m0,2,30,B,COMPLETED,39,69,31,8,30,551353240b9e9dfb06fdc2b819635d035fdd3e4b08ff4ea3fbb54afdf3e9f5bd,eaa5ee975ec67eaeb1f743f4597b7600e30d398d39eef53e8b6aaa392cc5556f,111054,0.0,0.0,0
R4_aA_m0,2,30,C,COMPLETED,39,69,31,8,30,012cc70df401568531c9c7b7a70934a8dd793565c2745fa8f4cfcff81ec6ad8c,1c7dd61e96850b7b1e9ff3b4c936f4cd2a268fc9606f668cb0d3aee465d93c55,112944,0.0,0.0,0
R4_aA_m0,2,30,D,COMPLETED,39,69,31,8,30,7069f143ffcfc4b0cf721aa8e426b1f101ed666c5298e86688d4754426b1b226,210d46e12d79ed7a8c3b5d61eca78b28de5059fa29f2d78639319f921242c0f6,112965,0.0,0.0,0
R4_aA_m0,2,30,E,COMPLETED,39,69,31,8,30,977396950332510dc813ca1b5a77a7f2adad021de6ba6c99a92603168a85fe17,0f49402efaa4d6ecc2a1360db21abd01cb99b08ac8ef9ff5a3898b73f8738fde,113643,0.0,0.0,0
R4_aA_m0,2,31,A,COMPLETED,39,69,31,8,30,e04ef5db0fb158d8f7d882de3f68ab5f37802682b1293d8c2852faef2d40af00,73349ceea4fa6bce8af452ed1b65cecfdeb8fa14bcd3faf7a76bba96db445092,108011,0.0,0.0,0
R4_aA_m0,2,31,B,COMPLETED,39,69,31,8,30,b62e4c4d62ab99a4083d327712381c93537d6dbc5974927bc6601f818e5c4d4c,c39fa0e27b342c0a9dcf1128eabe1b7b04aa2d80205a3d95221eaafa320cd369,110935,0.0,0.0,0
R4_aA_m0,2,31,C,COMPLETED,39,69,31,8,30,855d11db1e662d5bb7ac5f70b8f4f31d18315cfdf6a2163546bcbb1225e9093d,4d1f0384d23c7769221d6926d7cb9afc3b3bc157050cdde6389184f493910fb2,112744,0.0,0.0,0
R4_aA_m0,2,31,D,COMPLETED,39,69,31,8,30,c5813c9d1272937723b81c13d52bc9a059d03750eef12752370d924cf2604660,0a25e00383a3e08cfc6f3b32de614152c4ec6081f39a5ed001967685f86fde90,112785,0.0,0.0,0
R4_aA_m0,2,31,E,COMPLETED,39,69,31,8,30,d30ed2acc1bd8e7df0f8bf07fed2bfcf105d9c0afd3f07c759ac75baeb33133f,288bfb62bea31050310f33b08353f6501187a55026050cc26a0b95612ab6adb6,113703,0.0,0.0,0
R4_aA_m0,2,32,A,COMPLETED,39,69,31,8,30,b749109197e2688a82ecbc8e6ceddf4e20258d5c33292e8e9b02f3608e9997ff,10488d014efb8f88252d34360811e721e59c9698a3aefbd7d97964aecbe06d93,108213,0.0,0.0,0
R4_aA_m0,2,32,B,COMPLETED,39,69,31,8,30,f915b99cd5ccd75ef1e6b57bf55e5aa535121f5ed799ee0b7f3488eeeb5241bd,bd4eddc6d390c3285e02e3159128fbc1b231a10f32dcab797107e613e53d49b7,110840,0.0,0.0,0
R4_aA_m0,2,32,C,COMPLETED,39,69,31,8,30,03d3da9868199380252fb42bf595d9c00588637747c842e149dc5b1e054d09fe,1cc9e5809462eb2bc62e3c0bf79dc8321184381837c2548c4a105187daedf704,112777,0.0,0.0,0
R4_aA_m0,2,32,D,COMPLETED,39,69,31,8,30,81450bb19abcf7865db67d8822263cce7b3c6032d850cb7a2faa635444c86428,3f1636fc77e189c3aaadc310921ff425d69275f3cfc37c4274319789afebca8b,112791,0.0,0.0,0
R4_aA_m0,2,32,E,COMPLETED,39,69,31,8,30,0da9811890e58ae7d1680a489a506b1ab15c7528151e3f32bbc1c2c0c01b1426,2707c6cbcd4889d875dda4c0c66cba0e63e712034b4c0cb8f14196669902022f,113567,0.0,0.0,0
R4_aA_m0,2,33,A,COMPLETED,39,69,31,8,30,775601692022fa1285d9caa69209a30dcf26db86638b06f0a12051aa4e450f4e,cf40728e7fef7bef99e00b83b7c482955d401a98a21631a5dd42c2f9b0b34c30,108057,0.0,0.0,0
R4_aA_m0,2,33,B,COMPLETED,39,69,31,8,30,e6c9a974029c005609d69663c0830f6a6562a4af50d119d601979bd94e53a3ce,b329662bc1d74a3c879b479f83ec7c74c5fa6bbe0bb71bbaaf35214ae8970587,111042,0.0,0.0,0
R4_aA_m0,2,33,C,COMPLETED,39,69,31,8,30,b72b595b65e20b93b6cf5f4a3e85e101b1994e3710c4cf943c4f8fe9cd3c07c5,aa4af14807b656ca36fda6293c61ec233e2e5b4e281247dad9ac321106d84e39,112700,0.0,0.0,0
R4_aA_m0,2,33,D,COMPLETED,39,69,31,8,30,1440886a304c034cc243783480aeaa0788e5f931d37c9001639e23cc109d96bc,4d5600a55013b7cbbb88cf76283cbed4e31416226c75cfb0da6e7c345d1c86fb,112787,0.0,0.0,0
R4_aA_m0,2,33,E,COMPLETED,39,69,31,8,30,d7c55b2f5b5b9d216f0f6973c11ccb42c17684514ee4a4181f9b510047382378,5be6d2cce95b8dff24d60ed20cca274050d883c6d80e0cd3ab9d75aa42e6b519,113655,0.0,0.0,0
R4_aA_m0,2,34,A,COMPLETED,39,69,31,8,30,c73822ef09839b068a9f2d86ca142ce2b94f0fd7458a714f434ec74190153305,03e41e42ea38d7a7b8b76fe133c17262f13ee9f177b9d8cc0d31a047302cf1f4,107935,0.0,0.0,0
R4_aA_m0,2,34,B,COMPLETED,39,69,31,8,30,3b9a0a09db1c2c29b72b530ffceef947dd5a2ca145ac848142da6ff7e80eb382,c127af69fbc6ff40c41fb101189ab595a8ca14377743d61053aed63fdd51d839,110918,0.0,0.0,0
R4_aA_m0,2,34,C,COMPLETED,39,69,31,8,30,c0fad1b13da60d21bd0a16fa34b3cc773ee233b71345c21aa52354824bfbea0b,1b7fdf17dc516d4d4b7d39b33bc1d07def954e76bae81346a8d874a9fb271913,112817,0.0,0.0,0
R4_aA_m0,2,34,D,COMPLETED,39,69,31,8,30,05e5c0a6e802698f33e74aeaad7bd27b9615c8003823210378927f55636196a6,2f85ae24f52163836308e793214c82460d927c51d247ef8751102fb8131d4d8c,112746,0.0,0.0,0
R4_aA_m0,2,34,E,COMPLETED,39,69,31,8,30,fedd8ac368d9e9f71c417eadd5d75e0672280d8902b7bb337dff73fc9eebb4f0,7f6d18cb7509081c9ca3ae1022a29ce70285e49fcabe9d12c946cab96efed8f5,113607,0.0,0.0,0
R4_aA_m0,2,35,A,COMPLETED,39,69,31,8,30,b013f5aef22e78d6ad3e54dca621572358ef95d1d2013c832d35311d0e9b8b0f,0029a3ee87c5963db5fec76bb356742db14f9769a7d23f264df986390fcc078f,108006,0.0,0.0,0
R4_aA_m0,2,35,B,COMPLETED,39,69,31,8,30,1e9f7ec223da9af564dfaefa7ddd30313d40dfa42e2cf78932daeb0ecd11af80,926daef27a435b508b9975d2ea2add68a9a25bf347dbab7fbe3158c30b221fad,110866,0.0,0.0,0
R4_aA_m0,2,35,C,COMPLETED,39,69,31,8,30,06c37bf33c28a84aaf4d73ceb8e0e06094fc590c33d5acef999e5f5411ca84fd,1515e4d7dd2aeb7cad5f5d91f19e66b1344dc9726f951420e2c6d183b751f377,112778,0.0,0.0,0
R4_aA_m0,2,35,D,COMPLETED,39,69,31,8,30,bc797badccb5a637b8e0801ad7c87524397779d516760cb712c916e6ff85acff,32eaa874be2568c4133f095b12f5a541cbcef6c992f3382d0fd1b841c8f1295a,112732,0.0,0.0,0
R4_aA_m0,2,35,E,COMPLETED,39,69,31,8,30,8e6bdb01c24e13bc5ad2396e225e688ade572ff97a50c3f82bbcae5326bffd82,c53132411f12616c687a4300b04bb41ed05657b9db0cd9a9e5d49bf7f6fa1bf6,113684,0.0,0.0,0
R4_aA_m0,2,36,A,COMPLETED,39,69,31,8,30,c02b553deb7e8bedaa6cb504d20764f040d30843df39358989f1d5da63eff587,12b95a7f5aca5aca5374f8802f1c85630cd403061a0e45a1db7c8f0725ec49e0,108102,0.0,0.0,0
R4_aA_m0,2,36,B,COMPLETED,39,69,31,8,30,b39f4e453f63e623d30e4397b8642df0a1330408f5661d0567a17c1e59ae2b1d,5de442721c9481609b34dfa0e6480eeb692293ee1068d90646531ea966d48521,110834,0.0,0.0,0
R4_aA_m0,2,36,C,COMPLETED,39,69,31,8,30,85000ead791db4d0cfece7c47beb78f77f7def54948caf6e1b9ba5728c23273f,a148b96b05983ea1c7b8e92ab3cd7897971f883929a429d289e9b01079938331,112803,0.0,0.0,0
R4_aA_m0,2,36,D,COMPLETED,39,69,31,8,30,aa26a87e84780539efd921889511c459ac97b5f9c9f9f90c568d781b5ae75821,64d509d839ecb9ff24e263408f8e4e3e8b4539ed6d32e9a157b523c9eec6e298,112940,0.0,0.0,0
R4_aA_m0,2,36,E,COMPLETED,39,69,31,8,30,d3937f487ca62307c744db9484a64f7a2d03e7f5f7aaf8c31e23d99c3c5299be,c43ff2a958878d9211ef231f62a4174394a3fd12090c86dc55e9aafa549b819a,113723,0.0,0.0,0
R4_aA_m0,2,37,A,COMPLETED,39,69,31,8,30,a6eb1e2c1f556c1fa9cec05e22ae933de56fa24a5b9b5b62155ff461505283ce,c45dc6f3fb0dbc08fb9a21672ae1292d68631c42c4c86ffff9b135999a694934,108007,0.0,0.0,0
R4_aA_m0,2,37,B,COMPLETED,39,69,31,8,30,5967aec958733134764692f7d6938df048526b989dbb93103f0a56aa3c18fbe4,8b8847f3abe7d40aeab3685bef2c689198ea753fcc5f6785a13096740693a77e,110943,0.0,0.0,0
R4_aA_m0,2,37,C,COMPLETED,39,69,31,8,30,4ead2d1e790e68e6a72488d280b53c435f4ed27cb1c8f63841d47c3e1809db9e,96273e95f3c28892808a948e61df98dd0114abc6ffc86811bf5a9146202fe69d,112904,0.0,0.0,0
R4_aA_m0,2,37,D,COMPLETED,39,69,31,8,30,09ff131af1e24510b161941a7dc39378bc406b0e9159888f5c3c28aa534329a1,832597301dc009dfabc92220ea7f6067483f7f46fcb9ec6b88ceae32696cf362,112864,0.0,0.0,0
R4_aA_m0,2,37,E,COMPLETED,39,69,31,8,30,13adb9bebae530eaabfe53954cf325d34970b414de44bbfdb4e592d06d8a263f,e7fee3988966c19eec6ff6a002e2b2dfb7498fb6a551d85b6b29a276098a7ef3,113708,0.0,0.0,0
R4_aA_m0,2,38,A,COMPLETED,39,69,31,8,30,64d23c0d169ef5b9d405b0ce47a10eb4d4c0b1e0a9d367725d3b525d03d81350,4a4ea8502408f536e5d359a95ac0a008a4982e70cc3b876c28022d72b99e4667,108050,0.0,0.0,0
R4_aA_m0,2,38,B,COMPLETED,39,69,31,8,30,e5f975ae88d04298b3137029948ec6eb04d48764c6cffeb89e207ecec12d4691,bf47984f6a4c4084659175b74fc6dbaa57aefc4384d42fe4ff6f87c8677a299e,111110,0.0,0.0,0
R4_aA_m0,2,38,C,COMPLETED,39,69,31,8,30,707e72623d120c808bc409eebca1829cae14eeb3ebbdef6490e41030807a4710,b9ba34f6b007f99395c67a4e41338a2d8485488dc3cacad21b6802fb7bc1e48b,112818,0.0,0.0,0
R4_aA_m0,2,38,D,COMPLETED,39,69,31,8,30,a1da2f2f05b012f1d579c23b9dc2e5de69e4b32a600a4e801134b25e113efc85,384ec677488e8c4e12ba9a032fffc10065e535154d79859c9479773e3d594ed0,112831,0.0,0.0,0
R4_aA_m0,2,38,E,COMPLETED,39,69,31,8,30,bb690605caf756977f6c6fb1453c684c6380c88acd81fd96ccc1d1bc33df0c05,2359b60efe12ebb796bac054156576ae751d6a1c02648264c45a6ab0480b5c55,113691,0.0,0.0,0
R4_aA_m0,2,39,A,COMPLETED,39,69,31,8,30,40cc4e25f8e04fd17f1548878b2b0ed7cb3720314e2d96c3e4497844a5559735,d1e58c4c5797581c20576fe52d03a60603f8052b91b807305979a106c689cc21,107950,0.0,0.0,0
R4_aA_m0,2,39,B,COMPLETED,39,69,31,8,30,69f342d18d6396b9af7a8dcf85917b15fe0c7f77fa2cc540e74942f101bbfd76,ef36091988314328cda29c9ed46029ec9cfc0788313a0d73279ed88476c0ebe8,110889,0.0,0.0,0
R4_aA_m0,2,39,C,COMPLETED,39,69,31,8,30,6b463c52cf2599676853095f5da48138a2d05a3f10baa63ea5834117451c0001,2782fd96131285975155b6eac6ec2640a200ea553bb9d7519986768674a70010,112869,0.0,0.0,0
R4_aA_m0,2,39,D,COMPLETED,39,69,31,8,30,298f9101529376b87ba3781603fdfc76470863c2cc7036f0494ab7d1735ad246,16177cf14ec44aab32f40da99601828d6c691fe762e480244f69ce63639d93c5,112790,0.0,0.0,0
R4_aA_m0,2,39,E,COMPLETED,39,69,31,8,30,2b0a8a260948ffaa4fb8c1d1eb6eb2c322fadf50ebac8087e5179c6d4116da9c,d17be156ea0314557d18f16e994b29f92e14e64363922e8e3f634f1f7c034e99,113573,0.0,0.0,0
R4_aA_m0,2,40,A,COMPLETED,39,69,31,8,30,655829ab7dc800557d9b4b3bc08e7062f28385f95a796485481f7c2a127a4455,353b63e064354e3805567d9a704b4f8ed4cca9b9adae5ab77cc0d7bb80b79a1f,108032,0.0,0.0,0
R4_aA_m0,2,40,B,COMPLETED,39,69,31,8,30,3222a22bf1695160964bab42787a72a7d4d1c104b9cdcbcb5ada5ba3baa9eace,e0ae408fe433d4f689cfc04d0043fd41637a03646e4ab93069b306c13291e82a,110995,0.0,0.0,0
R4_aA_m0,2,40,C,COMPLETED,39,69,31,8,30,6f7237b548c477ad13d6803bce3dcb47f46f3c41677443ebb19486a16677e585,9d269efbd421299ff5467fcd7b34d110cad75f8476d0f207891d5e8e235bd966,112706,0.0,0.0,0
R4_aA_m0,2,40,D,COMPLETED,39,69,31,8,30,379ece024d6ac8d52bd472ff6872c57c2793709b704ca5692cf8ee004d1d0d54,4e54c88479fee69bd290b115ac2adf7331b8b69acb6be370bbf200d0ffd2d112,112786,0.0,0.0,0
R4_aA_m0,2,40,E,COMPLETED,39,69,31,8,30,640f3bf8e162acc1f635bdcedf005872ee49bcd3e5686e6189cb7d81c93f8471,92b1abe68a862128210be6efbf23badd57976780d7228de3c902bd8859741dd1,113552,0.0,0.0,0
R4_aA_m0,2,41,A,COMPLETED,39,69,31,8,30,c16a1f96f7f1fcfd969e4640a973e855ec290ccab549fe9fef9a388bb4e22127,30fd2b952ef89edd01cff27d7d25312a8e72ee15107f36e77f99515a00954d84,108039,0.0,0.0,0
R4_aA_m0,2,41,B,COMPLETED,39,69,31,8,30,7b21993fe51c85c8da78cfdf8ba361dfa36c34558d848bdcec5b37bca3a39f22,1f61c542f3c7b35d630af436cc16fc299bd82714115c01c27d233de5f61ca7c8,110989,0.0,0.0,0
R4_aA_m0,2,41,C,COMPLETED,39,69,31,8,30,f71e4531937093e453d9ef417ccd89792bbe991fc29ed1bd5efae1869f1f1dc0,8d14a139cd2a91cfc0479d2f7a4e1ad9221cf77890e3f901cb918f18f6c92a33,112738,0.0,0.0,0
R4_aA_m0,2,41,D,COMPLETED,39,69,31,8,30,c4eb65a3b453ba58b9ca89f6e3ae4f75612d11e6abfab5ea2ac5ac54a801d074,6e67ce713588f74fb633e37e34eba703e9b748ce7663c870a26dcc25ca23e0d2,112656,0.0,0.0,0
R4_aA_m0,2,41,E,COMPLETED,39,69,31,8,30,fde54c501886d9d2560605365a309d01e167b1ba4de4910bff316707f199b4e0,71c1c56230a168ccfdd29d201a1c874b36fcdf5b6f61ea813760fc57d59019c8,113597,0.0,0.0,0
R4_aA_m0,2,42,A,COMPLETED,39,69,31,8,30,bf55966c1cd2af100c65ec9be0fd7c36fca474294a9a62582e5afb4557b69b8c,c42c69f0c029cffda88223ef8c8b4201d08baf8ee01ed6f4c078e2ff51e60cd5,108209,0.0,0.0,0
R4_aA_m0,2,42,B,COMPLETED,39,69,31,8,30,7299c67a02e6e1c9281731d9b01066eb1fc0701b1bd8d2a2c50eef96cc015d1a,732cb8e26e300237a60d085d200cbe5b3610f3c0b042ab08d230197e82a77f10,110985,0.0,0.0,0
R4_aA_m0,2,42,C,COMPLETED,39,69,31,8,30,02788664e362519ae38f14855c88c053805cb28fd84a521f4452822d5e53fa8e,423dbba87ff1b07c3ef5211520ba15cfd0cbb49e8e89dc4b8f26a3d57b04571b,112904,0.0,0.0,0
R4_aA_m0,2,42,D,COMPLETED,39,69,31,8,30,8986558b5248e8643aa49fdca733423c4e91ba8815dfa836fe9dd4c79082fb97,4af8f806801ca6fe33d8d30ce77c7947471bc70d1ea24bd99a66469289808fc9,112844,0.0,0.0,0
R4_aA_m0,2,42,E,COMPLETED,39,69,31,8,30,f9908d36361569b51817444c414800e26e047a0f531265382695fa80c4198b04,bf1f2b7b75194c98417626deec09c97ee1ac0051617c657396917122a8812d06,113658,0.0,0.0,0
R4_aA_m0,2,43,A,COMPLETED,39,69,31,8,30,f26db27ba9ddc909b0ec3db47e1276aa3bbc1733c0f2819555ada3726f945e60,1fd856d9114067ecb19957971a806ff68b6088fe4e2ba3337c7fccd9f0c912f6,107904,0.0,0.0,0
R4_aA_m0,2,43,B,COMPLETED,39,69,31,8,30,9485623bf421ff39b54b3182867b24674370318d5b901508ec5ea1e5eeb59d2d,0a2ac6bc1e8c2175456dfb6fe64c8c3fafb80a32d2688f790ea97b9cf264abc1,111046,0.0,0.0,0
R4_aA_m0,2,43,C,COMPLETED,39,69,31,8,30,9d37c4f4c967517d6f008066261126e460179d908ca95695b64fde0317cf98f6,7704ef137741c7db1fa29f9e23206d58d239385f184b0ebf026bc047c5ec7dff,112698,0.0,0.0,0
R4_aA_m0,2,43,D,COMPLETED,39,69,31,8,30,c6d7b9a7b50fc7dbe6a65690ad584f3594027d6510bf5e6f06490c5322cf921b,f96a293958c930e220874a9602da2121219cdd1923aa7cbc6385e3c8811d050f,112988,0.0,0.0,0
R4_aA_m0,2,43,E,COMPLETED,39,69,31,8,30,460a0cdf6f48b1574c46cc3f7e712a4af291a5d0a0e874c297944e1f3a2660ff,afe582a5bab64c839522777835e4cd7ee9895201a5b132934c2fcbb0a7254b44,113705,0.0,0.0,0
R4_aA_m0,2,44,A,COMPLETED,39,69,31,8,30,f5db9e430d9034fac6bdb4a51e90f8a25521251d99b09a8abd1cd546b7682917,156b795397316b2bb8024cb0221e113bdf6ccbf5c8a8598a6fdb83ffbfbd8c3e,107872,0.0,0.0,0
R4_aA_m0,2,44,B,COMPLETED,39,69,31,8,30,b7a1ed38f9a03d1be3670e07ff48a3a2f2701424be52ca7463738f6be88f8669,131f26685eb42759434aa842ba9563b7c7ada21a98c83f2383a2293f8c86f66a,110823,0.0,0.0,0
R4_aA_m0,2,44,C,COMPLETED,39,69,31,8,30,cc1d3dd0a9eb77f102b13d43f56dcf6fc719e1a10ea82ae44bbca9104d972960,e3a7be6b149c8218536aad30f94a0b7edd49050f5f7f9087dd1e1bb73c07145e,112812,0.0,0.0,0
R4_aA_m0,2,44,D,COMPLETED,39,69,31,8,30,24db7d06edf9ca0d50303f6cbb4071e7c63892505af3d2b4b3f475603968db57,cbbd96647be47bd3185b6f5197bcbbfdddd03b28589c2820450c35d0312e911f,112871,0.0,0.0,0
R4_aA_m0,2,44,E,COMPLETED,39,69,31,8,30,c1ef1417d0e287273a55e178cc6b96863fdf37e238e6b88c8121ea8390433dd6,c019e5f6a12aa77d5b1482e0915a0c9d1f715be5769dc78707d646f0960a603d,113684,0.0,0.0,0
R4_aA_m0,2,45,A,COMPLETED,39,69,31,8,30,68a0e58ee096aee1b3d1ea585df66ea6cbc41f876f72ae5346aa29524e6cce83,847354e5beaa2d34c55fcb997ad82225e962fbce4286c5e01010691919ceeea6,107997,0.0,0.0,0
R4_aA_m0,2,45,B,COMPLETED,39,69,31,8,30,3b40a40feafb0e9886051e0293b52fff3dace275e9acee5e9361763b48652841,2399f9948eba4d2252d76d3594e7a22c3f6c07eea5721f9b938ea56a71f48931,111037,0.0,0.0,0
R4_aA_m0,2,45,C,COMPLETED,39,69,31,8,30,abd374a2ebe30a6c943b4724eb3ae491ccdf9750d1a71a02cb16608eb19d612c,bce1ff6d53089640950ad80de289d45d336ec4f4a3b93cb008376ac4ab81ff8b,112879,0.0,0.0,0
R4_aA_m0,2,45,D,COMPLETED,39,69,31,8,30,e01dbd39bdefd607f30b6b5c80884949322abf09872173dbafff88d851271302,8321b01e404b820872e9a1d090b122c5185a9611aa75b480e68754180f7f779c,112895,0.0,0.0,0
R4_aA_m0,2,45,E,COMPLETED,39,69,31,8,30,72cc92edaea94d787119ee1e9202c8952957cb5d5ed59056ee5c9c372eb58145,c4230f3ff2f36ab8c0b011db72b40edebe999a1ef449cf4caf1e885a6c5651b2,113792,0.0,0.0,0
R4_aA_m0,2,46,A,COMPLETED,39,69,31,8,30,48f64c62db0983cbeff7555e4dcc9746969fdec7a4b8043b0bd18ef11221a7b9,0456bfd2625df8d3cdf3a3c3c0afc411671f1a350425a6ea4ea5d46b938cf437,107986,0.0,0.0,0
R4_aA_m0,2,46,B,COMPLETED,39,69,31,8,30,3e31c8ff84ecc0401a19f47a114c2723d73ad564e322ba40043f920c04d72777,4cab66fea5be1055c13f32bd45e7a4582c81e605c1d4541094e36fb79e91cbec,110971,0.0,0.0,0
R4_aA_m0,2,46,C,COMPLETED,39,69,31,8,30,5679e6884f37b0dc365618472d4a42a147e9b2b7f27036944e6143ed5ef7224e,81c94215f9ed1091cef0b46fe52c652c4adbddf7d1ffec3bf77ea599e5c76b02,112850,0.0,0.0,0
R4_aA_m0,2,46,D,COMPLETED,39,69,31,8,30,91e917ee08637735e68fa054d5a0d05d0abcaba44f942f51710b196eb7907a03,1fb4491f11e3db6268231df606cd6f245f0b52f1c69ef3ba9e88782dbcece0fe,112862,0.0,0.0,0
R4_aA_m0,2,46,E,COMPLETED,39,69,31,8,30,27934a736c59a26e3e1ad6e64104156e7ae37536e477b170ce700f35c6966748,f3ed1440fb52f1abb64024f98db3ff14d80a2aeb162010ecaffe52b3f072eac8,113618,0.0,0.0,0
R4_aA_m0,2,47,A,COMPLETED,39,69,31,8,30,67cba3535660a2cc87a3611e2ac3ac2f2e8255777224bb5f180db4dc908f56ca,9abd302f3de6ed3ec822ccbfef72d75115c58c51ecc0c5d7ea6b22afa17122cf,107999,0.0,0.0,0
R4_aA_m0,2,47,B,COMPLETED,39,69,31,8,30,48aa4e86d0b4b7197ec05fda64254272aeedf63d2b18a5d04bba2fb76db04f5b,ae5b45cfab2e55f20182224d04aa5e052458db65cade99978c9e45697c3b9aed,110988,0.0,0.0,0
R4_aA_m0,2,47,C,COMPLETED,39,69,31,8,30,b25ea6526f52c286fa05495721f296a04772b3676cdd8596fd8ee0ac0e64d0ef,9184799987b5ddf788db93f31ddc93742d2818e7719f3b223cb60e50487f5a29,112619,0.0,0.0,0
R4_aA_m0,2,47,D,COMPLETED,39,69,31,8,30,82f74d2fba99aa4c1c1c537d39261386b2655c8744e14b8598967d6d01c83de8,8b63abab0dec791c47f6f2ba7a32e9034a1f048acdb09d7ffce9d3f538bbffcc,112823,0.0,0.0,0
R4_aA_m0,2,47,E,COMPLETED,39,69,31,8,30,2c8c95036fa057f184c7465ff9220ee5a3839d9e88ca731991d56cecb1143f51,5883ccbb3ebc37236399207bcf79bc0b96d7cbc551a224c6e6162c2138bd8387,113627,0.0,0.0,0
R4_aA_m0,2,48,A,COMPLETED,39,69,31,8,30,4eabe40934f621748132895ada90edfcba98fd5eeb024fd2b2583646b1b51c4d,b3e2fb2ff1e1529ee4ec9ffb1673f9d5f87906a50dd3415fa74d8598bb081dbe,107848,0.0,0.0,0
R4_aA_m0,2,48,B,COMPLETED,39,69,31,8,30,d8c622eb9c3e144208022f9d0f6d7f17f5deb986015f7465250489dd92083526,0a8aec1c6c095f4306c0c859e1a1e94018d9022bfa3ef370a6d3eb0721a4f0be,110986,0.0,0.0,0
R4_aA_m0,2,48,C,COMPLETED,39,69,31,8,30,de0721e182c53dce2db23bdde0de1894edeab9e16389c0a610eb201e1c553bf0,ba4a166aaf7a220d3ee2e5813446406cecb9a1170210987eddfa45c4257fcab6,112809,0.0,0.0,0
R4_aA_m0,2,48,D,COMPLETED,39,69,31,8,30,06daebddc39a2c96ec340436ce172670aae36ef6c42a51812eacc0396f8f02b2,90e24a3dccf219ca5198f12d14ac9255828fabd0c6b8a3d25d012f770c9a579d,112667,0.0,0.0,0
R4_aA_m0,2,48,E,COMPLETED,39,69,31,8,30,a44732ca6c91d31657559e01d931c503c108a54ffbf7359675bdb78eaf81f8d9,f8295af6b3349ffffdc495c79999f63be5d35603bdeb9bc2679ed5445452c970,113622,0.0,0.0,0
R4_aA_m0,2,49,A,COMPLETED,39,69,31,8,30,75856028b1036cf20a0dc98dad36c347db611341eaf74fbdeb4437ed7601f0c4,952ebbb38436c31e569b75826befcbfa12c1dbfa85707109093f0c1c2187123c,108050,0.0,0.0,0
R4_aA_m0,2,49,B,COMPLETED,39,69,31,8,30,f970679291a8f5f90ea07e64f3ee744e1f8cc20a74f4a58d5d71b7aa0c07a596,a19e82119798e889bddc8f51ffdc0a8bed1973cb318782d0db2cb1601fa39824,111061,0.0,0.0,0
R4_aA_m0,2,49,C,COMPLETED,39,69,31,8,30,5a2b5004aec5d3daea0347cb80a4115a99c75f1f0d9f23c62f17127d0ab0cbf2,c4bafc2968fa97a9fe2546455d6ae3b4d8534eb867a430ae41b0022e9c6f43a3,112903,0.0,0.0,0
R4_aA_m0,2,49,D,COMPLETED,39,69,31,8,30,ae419b1fddbdebb6538293f3b9a2e6415bd651318600d0be093e1edf6dbf0d20,99bc29cfe0fe9d46a2d9e87021d518cf90612b0dbf2d8dbd069e56d90c491852,112849,0.0,0.0,0
R4_aA_m0,2,49,E,COMPLETED,39,69,31,8,30,51e741c5dc8d85f219bc97fcf6768af5ac82c365dd965c4ffbe521e1ead58f78,62cdcfa9d2129bb2042e4088b67caba74a377e5004a3139983e46b702fe45111,113755,0.0,0.0,0
R4_aB_m0,0,0,A,COMPLETED,39,69,31,8,30,6791e5327b12640932db0a8f85e2167407e139dbbdf69c5bba9f40bf4a704530,4e87ab753986d426c6ef332a4d843e756dc63c1a36565a82e843a68aad239ff8,108092,0.0,0.0,0
R4_aB_m0,0,0,B,COMPLETED,39,69,31,8,30,5d05aad35e978deabc8913d9150e6cc4463ac1401d9258147d0fd7f8bb8d6260,11463e387731a0e067988a507bdbf5382a485f59f28fcf9c9076edc0d41df4ba,110988,0.0,0.0,0
R4_aB_m0,0,0,C,COMPLETED,39,69,31,8,30,47fbf6894dac90d45240b90a250beaaeb99884f2e80c2d9819edeb77e5e75451,6c0dbe3c67e9bf9976d246d9ac991879a988af4a206292cc603a0b661330917e,113046,0.0,0.0,0
R4_aB_m0,0,0,D,COMPLETED,39,69,31,8,30,02edd05d415a9a978dfcb8222ec625a4f69a6d278438b10227a374d2f8a8deaa,4e7f75f6564e2b2f4cfea078105f23794bf5a0b1f0b8bedfbdb19e3f7c92bb68,113027,0.0,0.0,0
R4_aB_m0,0,0,E,COMPLETED,39,69,31,8,30,957c0e7d1493beb839f5753f23e7292ff7e95ab68c234cdcd61cb15deec3692c,a55c8162e4bca4d5b0fe18eb967e52fcf31f5ca4a4838a5fb8d101ee4acf417f,113846,0.0,0.0,0
R4_aB_m0,0,1,A,COMPLETED,39,69,31,8,30,5ffb1cd6b80a81a9c6b92b75ae3a8a3074d8f922648e6d5d08ba81eb7e7e8552,a8959bcd735b4f40e6f94878d062b6148a6ce5ad722aa29b282efd308b1fbb44,107989,0.0,0.0,0
R4_aB_m0,0,1,B,COMPLETED,39,69,31,8,30,35a0ef347315892701c001ad886f949a372f1fe8fa8d748cc7022a5eb86fc4ad,2a45d9afe6c4ffe90a2f79da388ef4d7d027c38dde56e32b8a8b08e1833311a2,110922,0.0,0.0,0
R4_aB_m0,0,1,C,COMPLETED,39,69,31,8,30,7721cec5d87115bf7fdf6a7539f4b046e14e3c149a03800fd8221f30f1587f97,626d2421dff4fa138585f489f15aee8e9fbd41728a42693ba387d4b95672a765,112824,0.0,0.0,0
R4_aB_m0,0,1,D,COMPLETED,39,69,31,8,30,ae11c4a49aa7587663c59c7ad53f41b1a652e0b7d7d3cc3231beca4c3646e475,78163a3bba3bb61d345cf479113f3148d630f6f2e0999dba3d4fccb87bab7610,112946,0.0,0.0,0
R4_aB_m0,0,1,E,COMPLETED,39,69,31,8,30,6403c0d402b2b2677300940d44142d5018e6940d782e81769293f26a71061578,407bad15474583d7f2ce8fbfbe97d21164ebcc53c4ebaa5ee113c1829fd9f096,113696,0.0,0.0,0
R4_aB_m0,0,2,A,COMPLETED,39,69,31,8,30,8a15b0ecd7125984bba492d6770433985fb79b8c8f9a896eebb136c5fbb28529,5fb4583f16a76e67d99cf04f57f0e39bd52e23983a160fd24b6316d89f0ff426,108042,0.0,0.0,0
R4_aB_m0,0,2,B,COMPLETED,39,69,31,8,30,f8479ec7369ff22ac608378c4613e46793736bf37b0719ae4b7c9d90c0353049,55f5dc6b199c23c67ba8d27268fe2b7670bf1a7babcf62644aa4a260092c973e,110986,0.0,0.0,0
R4_aB_m0,0,2,C,COMPLETED,39,69,31,8,30,60906bb1e815d29ed5106851959ada9974ed73e7cf762e8552293e24442a6f36,66b7bc10e5a954aef64271073507ac04ee53cb32fd6e3c569279f683b23bd3d2,112999,0.0,0.0,0
R4_aB_m0,0,2,D,COMPLETED,39,69,31,8,30,d827729ac0ac192a24062d6edde912c2bb9728c19d3bf316187482affcee9476,5f60bd2211b9d1ab39612186826fca64299a50a3f863d58db37e5a1acf12abb5,112941,0.0,0.0,0
R4_aB_m0,0,2,E,COMPLETED,39,69,31,8,30,bc5c23e647df08c5e92332bc393f77ab0cf0f0a1040b9a04ee9c22260fa5fbee,6677531ddce1900ab32eb8bce112588fcc22e3d0518f0897954f59035b1f4de7,113784,0.0,0.0,0
R4_aB_m0,0,3,A,COMPLETED,39,69,31,8,30,d4623f2647747f4e1c4b15aacb7c7e690152ebe8f5f0350d1f1066ac8fb662bd,f780f87c9a405a86714f0dd3c01c254340e0ceb689ec11fa9955f6ee3fb47920,108182,0.0,0.0,0
R4_aB_m0,0,3,B,COMPLETED,39,69,31,8,30,dc6e1e4628aaaf1ba23651b801d45a516f4c08ba26d2386a4d8af8eda4f98d3e,d6023ec0b601512a87b6b080348a8f6227304a673cc0a87689c1da0a2055fc5e,110914,0.0,0.0,0
R4_aB_m0,0,3,C,COMPLETED,39,69,31,8,30,4a324d37b8683eccd5b9c7882c62fc1c9a879c434fd563db7b5ba9a567e9c58b,5e0651a5fcc843a7c8ead0af4932e74b5bdca5c4d4b7936a6dbf02ca22027565,113011,0.0,0.0,0
R4_aB_m0,0,3,D,COMPLETED,39,69,31,8,30,28b4db18e6802eb9b716299c783f77930341f2177ecea9db66bc60809ebd5974,2cc41ed4b7838df0de0a66ac7d59ccce82b27325ccb9de268841d138095b5921,112950,0.0,0.0,0
R4_aB_m0,0,3,E,COMPLETED,39,69,31,8,30,a5ae95784b348482dfb76fb4e5e0ec59132f7dc538c65a186c1c3556918e13c2,ffa737a9d2db7422abb5a9f038a7daa55e69cc4690c2b9e591b1efe30c1e7ac7,113792,0.0,0.0,0
R4_aB_m0,0,4,A,COMPLETED,39,69,31,8,30,f8fb59a1d03e8a3bff01523f6f438db64742826cd989b2d25c851e9b451e2352,9ddde3ad7fd704c70eee79c53dae7f5f8a894a5bc36f06464022eef56762d5de,108027,0.0,0.0,0
R4_aB_m0,0,4,B,COMPLETED,39,69,31,8,30,aa84c45e0ad66df3fde86cc9d2ecac33436144f9969b5c70c567f84014b2a7c4,04904b82651c5dd9776badafeaf6d33780acaa428dd1bda547a12dbea83bc2ea,110826,0.0,0.0,0
R4_aB_m0,0,4,C,COMPLETED,39,69,31,8,30,ce77339eb6e1f36285e1fc924703d4dbcba352f120886e2c06785317786e1f04,092e38d30cf9bcc86a07c8e04a25a2b6fea71e02dbd7952299d0096a606535c2,112928,0.0,0.0,0
R4_aB_m0,0,4,D,COMPLETED,39,69,31,8,30,f9c897eb22ac675ce27ad1a6e0ba7c08963457e8cd4f2dfa09aee8c5bef0564a,72e3832131532176a49f32988d571e33f8606973ccca216bb9dc8a595bb63c77,112909,0.0,0.0,0
R4_aB_m0,0,4,E,COMPLETED,39,69,31,8,30,48cb6ae260b28013ca914d61ac7197931bd1870eca9e22afcf40b621bdedd7de,0506b61ad0615d04636a7479a0a7511f2c7c3ce68fef3831bdc26c7dc12d1c86,113611,0.0,0.0,0
R4_aB_m0,0,5,A,COMPLETED,39,69,31,8,30,ca19fc98a8521385986b3eb086b3071af678179ebf50eb310d170231c5ed405f,9f597aaa370bf6011938dcba875bd6815ec3677793ca4317c08aeeab82fdff3f,107943,0.0,0.0,0
R4_aB_m0,0,5,B,COMPLETED,39,69,31,8,30,ba3790dbe48ad570b808ebb20c11fd071afc27e2c44034f8a8debe369fbe4db5,3a6ffe333238dd06a72ee84a047501993efc5e70cf304d84fda205d7d70de9f1,110844,0.0,0.0,0
R4_aB_m0,0,5,C,COMPLETED,39,69,31,8,30,9d357fcb90236a691939ec75c789d2440943157f8b56ce55d93ab85e2171f649,da92b2867061f37f96e41c96d09567ef578ca11544df862813c26cb4513f7703,112838,0.0,0.0,0
R4_aB_m0,0,5,D,COMPLETED,39,69,31,8,30,738a2319046a462134c8164fa20801f812e35e13ac0318fd048ab50ea0a2e856,f52b7e162278dcacc7d991e6003cdf56719d2d210f16ad6d069bd745751b6552,112969,0.0,0.0,0
R4_aB_m0,0,5,E,COMPLETED,39,69,31,8,30,4b36695b7bf003b36b6cf6d1961fb7bf798bbf6f8b7b1772b3e80188ebe0d481,52bc93043588114250dd84d62ace32c83f3d83ae7971a22aba87a04d54d580d5,113730,0.0,0.0,0
R4_aB_m0,0,6,A,COMPLETED,39,69,31,8,30,d4a15dc86de8755fb47f9e71e9151f61b21a759185760468ccd14efa67763dbb,6df3d04edb2668bdf277c4c94fe4b3c2ce52d30f546916841dfdbe1a6a720418,108227,0.0,0.0,0
R4_aB_m0,0,6,B,COMPLETED,39,69,31,8,30,c2acc2595982923e4f2a0e494cfecac8115993331881a3bc60195c7c7c26bad4,1394d266453073bada4c2698d35293d62bd23965d310ed9aed1947805dc5bd99,111104,0.0,0.0,0
R4_aB_m0,0,6,C,COMPLETED,39,69,31,8,30,65fcee2940df5d9a821438ef8456cb00734c6e3dd2ddf196a307931d63adaff9,d8a284c523e061c0917e13810057dcba0c9f77e8314c3151908454628f3d31dd,113010,0.0,0.0,0
R4_aB_m0,0,6,D,COMPLETED,39,69,31,8,30,6dd8224e204b284ea30c17b3b1c06b55a90d31ba179022ccb7aad7e1020733f1,176c71288c4878a50d535048e28a50492aa6bc519703605934105437fb1f9f76,113172,0.0,0.0,0
R4_aB_m0,0,6,E,COMPLETED,39,69,31,8,30,816363932ceb0a79c6363d88dd585b53135193117636118c324ecf83eebb62ae,01e2c934b381930369f4449129069cbb54675a5ebd2df5f61d2102a6e989a17d,113957,0.0,0.0,0
R4_aB_m0,0,7,A,COMPLETED,39,69,31,8,30,0138be9a061bce8ad954cfb8cdae860ff4a31ead2e8d094236181002cc60d25d,49941ae0fdb49a9493d7c63c0650ef2c8cbcb66eea798bf4a8ce008e354ebfa8,108192,0.0,0.0,0
R4_aB_m0,0,7,B,COMPLETED,39,69,31,8,30,a6c5b77f5589d0529d7d80ed8e952cdf810d6abc39269d8714158d8351625d5e,f6d124b0ce33aa60bc6d86011e091143ed78f1cbcc980ce8c26c914eb8d0c56b,111022,0.0,0.0,0
R4_aB_m0,0,7,C,COMPLETED,39,69,31,8,30,6b08eaaa64afead5942a295bc0232517d55bd70c167e547a8d219648e5b61776,7f85498369faebf3fd3e8db2013928342c992397cceb4af55e131463e627687f,113004,0.0,0.0,0
R4_aB_m0,0,7,D,COMPLETED,39,69,31,8,30,0a79aab843fe6bae6817fbf796396dbc195c27d5f294e04f515dde883def9971,8470c1b29924c9105dc8cd3da7498da3c2c11b749c39eb67f55a3eb54d466c7d,112985,0.0,0.0,0
R4_aB_m0,0,7,E,COMPLETED,39,69,31,8,30,903561a6526e90151905ca33594237418de56cf3f2de3ae5f9c8c2a84895a496,24346b78121ebcf911b1d1599555001441fd0ec2975fb68d3cdd580e8c2b319a,113821,0.0,0.0,0
R4_aB_m0,0,8,A,COMPLETED,39,69,31,8,30,46682154fde2aa7ecee03cc43b05d8a38c86f878ddd6b00693677ae389624c3c,8089be629b5536819d415f107bfe32f9c3c7ade95242dcd10dd2bde449f13f35,108181,0.0,0.0,0
R4_aB_m0,0,8,B,COMPLETED,39,69,31,8,30,9fb02468a2d9b6e0d9e7fa25c9567607c17949841ce28752e9b7c3cdba15f1c7,10d1f14b92e37ed3e0973aa624da28793b3e8f06759acdfb436052f3b630abd3,110784,0.0,0.0,0
R4_aB_m0,0,8,C,COMPLETED,39,69,31,8,30,faa063ecdcc10ad91ee7ee30cbe702ecffd2367edc8e34f180a6dfa7f5f870f6,2a340f33a16b7b9d0d56691acb91e962b1a77e4cde2edbc9b3ebe62cf98f1522,112931,0.0,0.0,0
R4_aB_m0,0,8,D,COMPLETED,39,69,31,8,30,7102043f4701fa9b6cdb72acdcc900c3231ceb971adfd13e4be4148145f169bf,6ca52887d70f6fa6f80f7cc514dcd71d404e6735ff038c001dd80e3edf47d660,112993,0.0,0.0,0
R4_aB_m0,0,8,E,COMPLETED,39,69,31,8,30,55e18793fc8fc3dbbe680b31b75e651b3e8b2db75a5beee5bf9f40f244493d1c,06977e44452be7607f1bbcb4b327248b5a8ccbcf10038680948c452a6db9dfde,113686,0.0,0.0,0
R4_aB_m0,0,9,A,COMPLETED,39,69,31,8,30,2f54dd1447fecb06d14c45186899912e9310f704a8da7488745d23040d83260d,1d80187581f0f783097ec6c2e085e66de1ee1b87ae85339f6447e55a5593600c,108233,0.0,0.0,0
R4_aB_m0,0,9,B,COMPLETED,39,69,31,8,30,91086d9090bfbf2317190e3c2995fba2815398c8937ff0d0d14522df3f5e5376,88b24fb0d8707bdc3b152563a8394623b15ac696b97410294b69d9618bd05077,110972,0.0,0.0,0
R4_aB_m0,0,9,C,COMPLETED,39,69,31,8,30,4315c657369ca27c484b749b628701d166cd8c9b447ece48cf5fb4ce01152382,4566c3d7e2def0a36461a8c5e29b6e5969cec70805c5d742cfed99d79852f499,113028,0.0,0.0,0
R4_aB_m0,0,9,D,COMPLETED,39,69,31,8,30,af7d9a54d0daec544a213248cbefbfeb681b41bc57342d5c9e9a86dbda1b61d2,eacc234d19200bacc04ee61ce5cb63275fc20c0160a704f2b70cfd2c4797d7a8,113001,0.0,0.0,0
R4_aB_m0,0,9,E,COMPLETED,39,69,31,8,30,b3449b97d921155be370c665b0923ec5f2d3860fd8e52bd7072e4fbf88c38b4e,f8fe35e9d73e217cbffe7748be2f5d8e8e56ce772094abc1eda83e6026cca184,113716,0.0,0.0,0
R4_aB_m0,0,10,A,COMPLETED,39,69,31,8,30,14648580c84da0eb72a0ef1224fa13475b5945977b830fc0db8ad5d07c54038c,04f7cf3db0304b79eb5a118131cbddd75fa82b15345c312eff5b663c1727aa19,108064,0.0,0.0,0
R4_aB_m0,0,10,B,COMPLETED,39,69,31,8,30,0d30aaf1993f403e804a42484ddf986f4ab3e63a752f40e8bde25fa10bb8ed10,e91f99408b32828073a80ddfeeec4438e34cf839fdca0208159cfb5c62c09bf7,110900,0.0,0.0,0
R4_aB_m0,0,10,C,COMPLETED,39,69,31,8,30,d5c6824b8773eebc9a42f0569df43bad553f341922eaf016b22262e23805b18c,257a5a7f39bda23394f6cbf50deb53c28593022596540467bc557dff5a06b3cc,112981,0.0,0.0,0
R4_aB_m0,0,10,D,COMPLETED,39,69,31,8,30,f201de30bc574a361dd0f2dee508b53786c3c81237d7cd96dfcc89adec6a209e,3964896965e9a68cfb885eaea3a45d099a1d1dc4adbc326afe0cf73727a9086f,112980,0.0,0.0,0
R4_aB_m0,0,10,E,COMPLETED,39,69,31,8,30,ad03b46f66fd479e2d766efd22de7fa6763817b178fd66b40203019215738b98,65dd77e8f3df78559f029553ab4a07510a18df3803c230a89fe32384c3e560cb,113665,0.0,0.0,0
R4_aB_m0,0,11,A,COMPLETED,39,69,31,8,30,f102f06508468b7b3802aa129b4462d4bb9ca4e9bb020fd97543d0ada0d0500c,cc3d21eaf1b1d38f6dda13b9343d34e91aa68954402399b43d4c1cd422514161,108090,0.0,0.0,0
R4_aB_m0,0,11,B,COMPLETED,39,69,31,8,30,fce94fa38c0e7844cf95cfad6fbb6cd19ea96494b635f80d5547be8cf8c00724,239ab3c0815f15acaef6c902f84fc1fd85c04b604da1b4faf09ac4a53a3c83ff,110940,0.0,0.0,0
R4_aB_m0,0,11,C,COMPLETED,39,69,31,8,30,547d280a0d53d441d01421bfc3603c2c88e39862d3e7086ed77225ec54b15d7d,9f7609f571fd1395ac9d8b2f913af8b49152ecfd0e51c018d000eb159dad3a04,113082,0.0,0.0,0
R4_aB_m0,0,11,D,COMPLETED,39,69,31,8,30,e1e250daaee4ec1ad94f3d861e6ddb166a143415e3bcf14cd185b544d0ab8fae,7bb262f57f4325c34dd8eed98dc6caabd2d705b813546f9166c775032c1a1bfe,113083,0.0,0.0,0
R4_aB_m0,0,11,E,COMPLETED,39,69,31,8,30,d267b80ba9a28fe8c0df718acefdf71675f219d9a57f9cc18bd04f2cfac01945,ccfcae2ff4a5df27c7efc1e1615453621e61c4c5590c96f03c58fd374e642958,113670,0.0,0.0,0
R4_aB_m0,0,12,A,COMPLETED,39,69,31,8,30,0aec78bf84706f65e74156365d1237554fced54eabf7aa93efe471c479eca713,3753ebc0df23a0611a2df7e43961fc6ac24f85f3fc2506bf6466b213437910c5,108020,0.0,0.0,0
R4_aB_m0,0,12,B,COMPLETED,39,69,31,8,30,ca3d7093e10557fdfd3790c451219af15846e0c7e0cf2cccb52c4351fd202af1,9792e06ac866e2239a47fb0990f03c6214f0b3d87710b49edd64302bd497288e,110866,0.0,0.0,0
R4_aB_m0,0,12,C,COMPLETED,39,69,31,8,30,957fe504440f9692ef6bf574380a1b064c9f688a0101f7138d2e105c01611970,91445ec763ada4d2aa22c1b3629a6843409dede711a40ca021eef6accbc0341b,112869,0.0,0.0,0
R4_aB_m0,0,12,D,COMPLETED,39,69,31,8,30,a65ce28fcbb80783768e1ad10583e7b1a29e4be8804948b181e84d26698303f9,c4792968a6cf16b447a0f35be2790028383d1bf336d03fef6632be8367d3240e,112955,0.0,0.0,0
R4_aB_m0,0,12,E,COMPLETED,39,69,31,8,30,193342ef613ee0a880ce90cd48e6c63d11081cbb153d442c3c94cd92e9f52c0e,f3778515fd384ab8ba1fbbe3caa29cd33c595dc65f74c057e6e7f015298e2f60,113625,0.0,0.0,0
R4_aB_m0,0,13,A,COMPLETED,39,69,31,8,30,7be8310a8224d402d369ac1459c12c0b0ff104330777494494bf6e5efd564ab9,358a1aa4af3f0c8d8cb331f54a73dd0d9ef557fa00e6b17172f78b338e4b1301,108027,0.0,0.0,0
R4_aB_m0,0,13,B,COMPLETED,39,69,31,8,30,546c709863ffa9a4b6551b220a3f2ceb87e3200a767260c94fa4f9c4e9dbcf29,903c1cf9f0c213522d0469b2310fc049664a35de44241ff7065e6d3e0039825d,110868,0.0,0.0,0
R4_aB_m0,0,13,C,COMPLETED,39,69,31,8,30,4c55c26a0bb11a732cd642e693060a2d51bb8ecd7fc02b4b7b0ff3f01e5a5f13,da5cdfd63222b1b74908b9bd71ce7218dffb9a97f2b1b243b897121e920f4c99,112968,0.0,0.0,0
R4_aB_m0,0,13,D,COMPLETED,39,69,31,8,30,3083ea06580e10e739f7f9ef83d24d6249a558e44b7dade8b8dfcb94bddee2f8,0d03939c1a35f387c785d4f88b0adfe96b4b905fef7b75ac4d87555cfaa164ea,113021,0.0,0.0,0
R4_aB_m0,0,13,E,COMPLETED,39,69,31,8,30,2eec7f674e7c17dd7cf448f78e2bf00a64fe96c33673c1dd7a44011f99e045e5,dbf86955800278f3d804a2d8568ec5c974eee6041c30f3fe28af1f10b261110c,113752,0.0,0.0,0
R4_aB_m0,0,14,A,COMPLETED,39,69,31,8,30,46177a4e428131b071236649c428a42c6f00cb15a1dd71d5fd0f477e15af56ee,fee363f22206e00aabe25f72054be119e2185d3a3c72a269a676bff1a6ca92e1,108322,0.0,0.0,0
R4_aB_m0,0,14,B,COMPLETED,39,69,31,8,30,ce43e27e667d997e4e8a14b8306f9d915746c9e3cc83250e0cc1d26cf1b1dcbf,adfb8d8497c0a043929deb8df85114944fe0f6f107de0429532e22b6f5ece7e3,110833,0.0,0.0,0
R4_aB_m0,0,14,C,COMPLETED,39,69,31,8,30,b820f432694b01e77c3127e3c5f4c52028900fa1dcdab69adce9a29acbf91b82,12a67aec61d76b53807d0795076ce8fc25da140255e67191715412757dd4c44f,113011,0.0,0.0,0
R4_aB_m0,0,14,D,COMPLETED,39,69,31,8,30,0fe57d0ef9ef02cc73479dbad2284b59275eb0e2f89fb587235c637578df8f30,15a074af21d11aae4c9fda5df00250d04dfebb948fe4959efdc48e0ee7dd6dd7,112999,0.0,0.0,0
R4_aB_m0,0,14,E,COMPLETED,39,69,31,8,30,1a66c4ac39be6f1394bea455991ea3454df1ca028a1a12dca5fc88cbd29b6979,4c3ca150d69d8083ceac62a9a7d8edfad7795251a7ebe3343a3050748e23b22d,113870,0.0,0.0,0
R4_aB_m0,0,15,A,COMPLETED,39,69,31,8,30,67bc6eb3994c29bf7745d344e394380f6329e492773853afba0cdb8ba90709f7,91f6b26ecca789d544bcffb2be83e3f19f9e08db70de101fe1b2a54897f90b52,108154,0.0,0.0,0
R4_aB_m0,0,15,B,COMPLETED,39,69,31,8,30,7d4c553b0415d94ddac9aeee29d4426a4b5fb58d1565bcf9f32943fffc66d23f,293b885f280bc2b5d487fc5b82221649f67ef80049d55e88ff37c4f62a04faec,110781,0.0,0.0,0
R4_aB_m0,0,15,C,COMPLETED,39,69,31,8,30,41208a0690b8d69789864b6ba463a49c5b00007e0dd317be3937492c9a17cf49,4f4a161d6faa0cd627138e2ef2a6c753ab14ce9022145f506d041f505c968044,112923,0.0,0.0,0
R4_aB_m0,0,15,D,COMPLETED,39,69,31,8,30,d04c40e30c2bef1efdbb67ff567d4bc5b8dc8f4c39454fc33bc4865a5ab1ec9a,2e04115a5e4a72e3034304c1de8cf3edf3bc77e356b3b051337829a823a3e453,112962,0.0,0.0,0
R4_aB_m0,0,15,E,COMPLETED,39,69,31,8,30,d7c8f7bd3f25ef515b1635a39faad1814211e79212ae809f09edc98e7bb6aae9,186a2bb08ad8cc7fed88cca6d019d0d60407e22f2b89ec192aecd5bf54ef43f2,113711,0.0,0.0,0
R4_aB_m0,0,16,A,COMPLETED,39,69,31,8,30,da74165a88b4ba82afad974988c75fb737afe2866cc1024aa028344d11367b6a,0af72fa95d98bac343d48e3d9fdb62c7e9e41c1ea60115ebf73baf1da3c45a89,108118,0.0,0.0,0
R4_aB_m0,0,16,B,COMPLETED,39,69,31,8,30,08e3a85e5f19f1eb12f07f27d9b12bbce9bf395d3779695b0d7d658bf167d874,f920865293a2d9dfb5e683d2638da5e30cea483376f5d3711ee6aea5db1314d0,110912,0.0,0.0,0
R4_aB_m0,0,16,C,COMPLETED,39,69,31,8,30,8b76c556b6490c3ea326faa1496a1028c65275dde6ae141ea12c6792d62cfc3e,2ba6c0b871ec0e6c69efd03444735a1b612d65844b324fb0e8a5e554a2314191,112971,0.0,0.0,0
R4_aB_m0,0,16,D,COMPLETED,39,69,31,8,30,2a3db84d27b7e03e1b8985e1aee05ff273c877e21f22f8f45495b44ed6ba69af,6a7b0d432987fd44343e26ae9d209db523ce11c10898d0c14306e7a852b42929,112905,0.0,0.0,0
R4_aB_m0,0,16,E,COMPLETED,39,69,31,8,30,5cb3ce0587a6799b426f71c8d4dd862e2400d1251f8bb4b8144fbfcf7051bbd4,8d3703f005574073a30087b06e23ea0071390f88aa08564a70269690cb5d7aa6,113728,0.0,0.0,0
R4_aB_m0,0,17,A,COMPLETED,39,69,31,8,30,d706057f7f08c0f85f53d2c93f0c43577ccaed1a130555334b60dca95a20478f,5f6fe1417c76f8d1870061d1e55962cd8c2cbbcc9c9afbc73b4f366b63f6a927,108181,0.0,0.0,0
R4_aB_m0,0,17,B,COMPLETED,39,69,31,8,30,aa91ae43f3fd6e8035a1f93f3495b7603c9d28fa474eeb38c71f1fb773ea0acf,e5b46913d87d8c6b23535349822e10b4c4611eed91e4ae50489fd28beaa7b8f6,110879,0.0,0.0,0
R4_aB_m0,0,17,C,COMPLETED,39,69,31,8,30,f695f00ee7481a781e3338e86e9ba3d8831a2965c947fc8d13a3e98de9b130d6,fe40453890174101fd2358f62e4cd37438df6ad86e3f4909863b7e85af60ef4f,112898,0.0,0.0,0
R4_aB_m0,0,17,D,COMPLETED,39,69,31,8,30,fd65961b8bc9a6ed0492bf9d9f2b3dc82265efff19254696a57bebe0fc63baa8,152c99cff1541941e7510c3dd929caefadba352257a7142b7e6e55fd891f4789,112963,0.0,0.0,0
R4_aB_m0,0,17,E,COMPLETED,39,69,31,8,30,e137fc9e4a93714a7d99ded68ea6af0975fb11372c6a0951ff58a0220a546e2b,e5a843f60830a319a9c464d26981425a6030efd07d2e3730a7dc579dc7214b0f,113783,0.0,0.0,0
R4_aB_m0,0,18,A,COMPLETED,39,69,31,8,30,1c75907fcadc73eff17d2b397bc3b0f22a90212e6be4828b174359ca6b9673a6,2c1380c82e1f6f49767e5d9b8749561f8b0a08f11f47407ec3661de109fa458d,107973,0.0,0.0,0
R4_aB_m0,0,18,B,COMPLETED,39,69,31,8,30,b7fa86b568a51fc240da90448234edd8a3252b8395f06f9b0d788799a8c793f0,46e3b9d73c9582ef565c7643cf8b91423c7474f3acf0c590798be723f45874d3,111057,0.0,0.0,0
R4_aB_m0,0,18,C,COMPLETED,39,69,31,8,30,4a1c0512d122123923adad28a13cfa6eb1e4250fb82e76b9191c7b2a49f01eca,965f4afd852293b6e7bdede2c25486254780fa37409d81274542eb45ee0ce4cc,113011,0.0,0.0,0
R4_aB_m0,0,18,D,COMPLETED,39,69,31,8,30,14fbbd753a23d4e17f118954c5d0fd80b0a64132054ca4266cb0676f797c6891,f4008e7a129aee743e40ae9abc80369ea63fe9930b350781fbe98e97b24a1e44,112992,0.0,0.0,0
R4_aB_m0,0,18,E,COMPLETED,39,69,31,8,30,ebca812261fe6db2ae01082478bd612dc2db6a0428653392142ab8a07b849de5,5d81c740822b8db5d3a4453695930aa654d08c71c5884f5f36a1ff8851d337d6,113764,0.0,0.0,0
R4_aB_m0,0,19,A,COMPLETED,39,69,31,8,30,d5085011f1af620abcd30b3d78f8453cea7b3f534125b5b08bc6fe00087b39d4,10627d3c65ef2c4ee6eb4e14520a5fc0db321d1771dc3b22b45ae0793b30a770,108180,0.0,0.0,0
R4_aB_m0,0,19,B,COMPLETED,39,69,31,8,30,02c9b2c2bd11b488ea2213752709f2d4d42667c7136a7994109def38bbfc201b,9be7421df8257a8ad541686d614190e952385172dd41c30811cc2d0b03dc71af,111034,0.0,0.0,0
R4_aB_m0,0,19,C,COMPLETED,39,69,31,8,30,e7335a9412f9da95484271185eb3ca73c2809ac86877b81300721043c91a8743,321f037a738736160f6a6148fc2ebddddcd89fd470a070454b92bef3d73fa219,112955,0.0,0.0,0
R4_aB_m0,0,19,D,COMPLETED,39,69,31,8,30,0e19bc4decc57cab9324bd784b67a64f18584aa8c82ae3da273f6a60e8cfb594,766e290e9585036b8867ae7d8beb4ab479696a6dc8b0e4a1f8d5289423d0b53f,112927,0.0,0.0,0
R4_aB_m0,0,19,E,COMPLETED,39,69,31,8,30,d6353e360046da0e7a25f7ce4e865af2381905d2890b4b7f72ffc5cca575d554,836d1f13e454161c6a71171fdec5da539091504e55fc0b5941518b8ece814fa0,113834,0.0,0.0,0
R4_aB_m0,0,20,A,COMPLETED,39,69,31,8,30,0f616ccf8ab7ace7b335d4a6576f7d609298d610667b7b655a70554534d26afa,40066e97091c4e9c17a13bcfe048ae6e26efae31d50f6205ff4a64e0f3cd27d7,108129,0.0,0.0,0
R4_aB_m0,0,20,B,COMPLETED,39,69,31,8,30,8f29d80cb302ae8220cbcd9fd8352a23242a81b13ee8749a93b025a7e9fa8e57,a4c5b25b45403ba46bdb510c1ceb35be9ba95bc69766c921094a2c0c177d1869,110974,0.0,0.0,0
R4_aB_m0,0,20,C,COMPLETED,39,69,31,8,30,a10bc2e1ea030b8d659d8a66ccb5763b4c35a04f0015271b4bbfd9b1ddfd6318,e3bd87450f316f52e885c979f803db361b7fc2dabd81dd925e4844593706e11f,112874,0.0,0.0,0
R4_aB_m0,0,20,D,COMPLETED,39,69,31,8,30,f3fa4180b0b8a65b5e2c03aeffdc91bcd2f5796e98d97b79918c940bf326f233,fb55601c94d7106e6a27d4b9ea27e715fe152d6230cbfff3abacb7cb7abe7096,113063,0.0,0.0,0
R4_aB_m0,0,20,E,COMPLETED,39,69,31,8,30,18172a6249dd2b3370d2a67e7621a1441836b064ede705f02980a5016870988c,606c46de01dfdab765f00bc7fc5ba55162ed74d8efaf9dd3db106a042c546e65,113699,0.0,0.0,0
R4_aB_m0,0,21,A,COMPLETED,39,69,31,8,30,23d7f3a1a0c3658e52dfb6c27b5a3466bfceeb6706674f5103812f0df15a07b9,73882b5d74969a5562a956a5304660272de45f4f18327ce3275728bb55573aae,108281,0.0,0.0,0
R4_aB_m0,0,21,B,COMPLETED,39,69,31,8,30,2b197c2c2b55bebe4165121c2a5c8baed0d52a26792527af9899b03436fbaf65,9519dcac4df98b9642d84ad2ccf527df591e6a2ed0f9091177f475e6245f81c0,110885,0.0,0.0,0
R4_aB_m0,0,21,C,COMPLETED,39,69,31,8,30,f8f24beba4294f7519f12245fcb3930ef2cd1068fcd9b1bf70a60d9f5f81f4c8,7cb87710d31c41ce3012dd05305caecb3495cecd48a3dbff87b111fa6ffe2ecd,112988,0.0,0.0,0
R4_aB_m0,0,21,D,COMPLETED,39,69,31,8,30,1494fa9ab89e18ed23f08d886b9a9968915cde052b2cadb00e3634a7774ab9e7,b6d6fdd0b262ee7b2208abd064ed76fa230b35964f5cd1564a5f0e2e94f0108f,113052,0.0,0.0,0
R4_aB_m0,0,21,E,COMPLETED,39,69,31,8,30,a1bfdd3b68df03a7cf39437d0e4e0733402e8a7b1982bb668e55c50c74bb34c6,8389698e85570c3d5fb3f95e175be39b2681d560a03fdfc912144f78cadf97de,113787,0.0,0.0,0
R4_aB_m0,0,22,A,COMPLETED,39,69,31,8,30,9ea5c92433265e47f0255e1ace8c3a6728a3e7b41e5c3490671fe23d70112031,a4adcc48efdec7c2a8752c7c1665fa0a6a0ab2a14044565dedb38e6960c82163,107956,0.0,0.0,0
R4_aB_m0,0,22,B,COMPLETED,39,69,31,8,30,79892780027bdd78c3f85b8e845476b7b558e877fc35fcac4052135d7f67a576,f1fd415736f7802ae4bc40920e58ace66c937faee8edb282d9c5ab4f18475e66,110881,0.0,0.0,0
R4_aB_m0,0,22,C,COMPLETED,39,69,31,8,30,75f54e3fe1a9fdedce95e3804d86d66d3401c77b4fe2c34fac3a328bf433aa6e,2ab68bd1cfa6665af2e2fc037c8be21677bb63b35a5a71f756861b489cac2dda,112933,0.0,0.0,0
R4_aB_m0,0,22,D,COMPLETED,39,69,31,8,30,1ea73c29bd7042ada8e9c3a970ab3029b7af6ce6d4d39224c076b264fe813234,9f5474c9f6bed06c14b8fb6d7503583164bbb97a387c0428c0609b7ec6b6dc1d,113028,0.0,0.0,0
R4_aB_m0,0,22,E,COMPLETED,39,69,31,8,30,e2420b5a0b84bfb5263396d32464c42c4190ddc6eb20d9548ccbbfad3a6e7c1a,3a92141f80471946f20ff8532a042cf378f23308c187e35fdbdba4bbffd147c1,113715,0.0,0.0,0
R4_aB_m0,0,23,A,COMPLETED,39,69,31,8,30,3fe271569a73b65c85f9d7a5a09da4009f2aef52072a6e229e57b5d2232b17c1,183b4d5157dea795d63524c6c3ece523ec5298e2d08fba6ec014b66a5a36c5d2,108061,0.0,0.0,0
R4_aB_m0,0,23,B,COMPLETED,39,69,31,8,30,210817e6c9b30fb3195908d3a11b82c3f1d1aecf7f6b6c43c074bdcf063c5eb3,2c60c907eb1c3828147fc637600a4b6bd4242e5cc9a4486cc08917aaf1dca7b0,110813,0.0,0.0,0
R4_aB_m0,0,23,C,COMPLETED,39,69,31,8,30,9f558c5a381f10926bbfc30bd6ed5a888c8b5d69b47cc23ea4d63bedfdf1c5e6,746d14451ad283731d137cbda2e49d8f6d75300e0a2b70684cf96b51bc717867,112913,0.0,0.0,0
R4_aB_m0,0,23,D,COMPLETED,39,69,31,8,30,ff38e1811345ca9ba61a8cf0d912aafe85bdb69ad541afb0622424e4ba13d4c8,67cd1135ccd4bd1e1b1989601eb0e2536daeaed9abebb401a6e732722b92355e,112984,0.0,0.0,0
R4_aB_m0,0,23,E,COMPLETED,39,69,31,8,30,0801e70fd43a43d9fa5640e458bf2f341bbd026208a9aa3bd8adff448fa2fed1,31f1a5187db0f0eb6faa09b1c76b287e79f9a691be01b4e92b80f7abcad8ca2d,113850,0.0,0.0,0
R4_aB_m0,0,24,A,COMPLETED,39,69,31,8,30,f0d7bebdbda7595a705f0bf5ca929969c12f91580bbee13d3b0df4da60628121,db83d8a1a577c0cf9f817d48fd3d9a055baaf11760b8d0eefb05a4ce6273242e,107932,0.0,0.0,0
R4_aB_m0,0,24,B,COMPLETED,39,69,31,8,30,f5bfc0f5946405efcc221d41a8b35841ed69c057936c19d93d6fcaa2d5aa1099,62de33bf48a446302d9c4596c1c3d471b854c4c91f04cf4b638d772b8a4d1a5f,110908,0.0,0.0,0
R4_aB_m0,0,24,C,COMPLETED,39,69,31,8,30,87a8ecbdab4110c2ce81eeba0ae32ffad3f90b265cc167ef1416231f64b6ab36,16251a563a10df962fc506df8f3bd972fe737b1f062527b1508e8bd34cf3a3ea,112991,0.0,0.0,0
R4_aB_m0,0,24,D,COMPLETED,39,69,31,8,30,5ae913c953895fde034e15b8be255d4f789c7a910dd188696873773fcd49e32a,054a10c545760b76d96cc4b003224390bf70dca5618fd22d769245a0a921a8ed,113020,0.0,0.0,0
R4_aB_m0,0,24,E,COMPLETED,39,69,31,8,30,df8c4a530625a59b9514b197d33f95cc75325d6dad19bda64f67c6f4e30b17e3,cf91e834dd31c0c5a4c36c89b71ba68bf0c14a457ea1d0acc3e4551bd29ad75a,113835,0.0,0.0,0
R4_aB_m0,0,25,A,COMPLETED,39,69,31,8,30,9e35d5cdd24a952aba9460d83e96cb6e799236da46df33ffa414d82caf9ccb87,9feb4ad190262d8c5a697786171d6c2d4ae76639a44db8d182869663e2713249,108056,0.0,0.0,0
R4_aB_m0,0,25,B,COMPLETED,39,69,31,8,30,15c829d4252950d2583a005d731349b7e2da4d96f12b65ed7f6558c433cbb768,f14afff46df6150783226ee92747d57ee9513d1c8f9bf6f5fa0c245049fd83ee,110976,0.0,0.0,0
R4_aB_m0,0,25,C,COMPLETED,39,69,31,8,30,9c77eed06725cf2280dbc96f8f5b6b2a83767708e9a7f3bbc9ebacf337b6a907,0ebb230a05023c072dc54f2ebd9702ace8ea7a8ee5c4383bd28030ce0877eee7,112954,0.0,0.0,0
R4_aB_m0,0,25,D,COMPLETED,39,69,31,8,30,8ea0ea432de9eef4f7a69a6f90dccdac3f54825e26b38f0da7792b806a2855eb,efa930895f2f87c3e9337d06fabd03fd9ea51be7ba1be2f73a3751a085026a25,112980,0.0,0.0,0
R4_aB_m0,0,25,E,COMPLETED,39,69,31,8,30,a59e117940f195cc15e6d8d9df31bf4b6d18b94ae8cc7c3a2af180719ca9da26,1403ca8dad8e8b9b7bdeb4babafbe952b5a3a669c55e3abb1d7534271492e3a8,113733,0.0,0.0,0
R4_aB_m0,0,26,A,COMPLETED,39,69,31,8,30,4f254792f305c46d70d8fed6269fd9ee44bbc0414e7b8f6cfd5570cc54beaebe,4ab7269f56932a82991f8746a39eb76dc9e79ab255ce980af1463743a8b9d837,108005,0.0,0.0,0
R4_aB_m0,0,26,B,COMPLETED,39,69,31,8,30,83fba5b7706b212e51ae73e0ac91a222af983eec30f74200efc5f855634f693d,23a131cf8a75e6cd555cfbbb5a4dad426c06ef0f52ad6418f91fd3ad72c678fb,111009,0.0,0.0,0
R4_aB_m0,0,26,C,COMPLETED,39,69,31,8,30,66f93dcca7dbdaf939ae817f77706704cf1484ad1566015c07b964c1b6d287d7,0d36b12e4ef14b5dc8292613fab9b85131faae7cbcf631ec91f6b0ba8d16f9ed,113048,0.0,0.0,0
R4_aB_m0,0,26,D,COMPLETED,39,69,31,8,30,9fb848367675e28d5f3b51d5c9aaf36261abdb36db28cdb380e9e5c3339b7e10,26de679f1a80b7b00e5f9e791d0e6cb87ec76214af96e05d2938d8c3192f00ea,113029,0.0,0.0,0
R4_aB_m0,0,26,E,COMPLETED,39,69,31,8,30,ba5274d4ff4fea8d47c55dfcce683f2d3ac1ec0ad0abd5809af29892e030ff30,51d24d7cf9c1f5f59f74f1616bea755edd578ac9af102fb48d409ff6aa262f4b,113601,0.0,0.0,0
R4_aB_m0,0,27,A,COMPLETED,39,69,31,8,30,f1c5bddf0decb7a5011d06bbd1821da9f6f2774e12caccbd4ab60005eacd4736,e4d46652598e51e464c6a41c02643467e93fc23a3fe735abeae3f459979fd768,108060,0.0,0.0,0
R4_aB_m0,0,27,B,COMPLETED,39,69,31,8,30,e11168548a9f47e795601b1c222f586532af75ad7c492c95dd0b4225b28a2259,fc4a69b14177a7156519245054e092e66b7a2a1f0e964afd07ea7151f7575647,110913,0.0,0.0,0
R4_aB_m0,0,27,C,COMPLETED,39,69,31,8,30,da8b1d9fbb6a271ddf05df53610f4e35e7e3a25368e27a477f2d38c390ea73c8,c5e057b7cc47854eb74049ad76cec26f646d2e28c430141aeb6d002ad59ed8f1,113093,0.0,0.0,0
R4_aB_m0,0,27,D,COMPLETED,39,69,31,8,30,6b2f5b709cb81c8b72ffa5ebfb7af59ac48df469bb5835596021d542447d70b3,7770f24ee8fe7a6ebb70884c459537c29d790047da5ff2abceebc1e785b222de,113069,0.0,0.0,0
R4_aB_m0,0,27,E,COMPLETED,39,69,31,8,30,4970281909020dea875c0e4a0b44a6e38a3ce801a00f108c94bb4673149360ad,f9c6d449037b77e80a5d81550f3153e716a318bb364293dffa4bb22afd0c2896,113790,0.0,0.0,0
R4_aB_m0,0,28,A,COMPLETED,39,69,31,8,30,ade9c46d5ad54c825b92dd3f4f62ec9082235d55a68a088e0c45681f04446ec8,662178ee2cd6e4d91622ff904d28145d7dd8c834bdaf531ad551505ce35dfd90,108030,0.0,0.0,0
R4_aB_m0,0,28,B,COMPLETED,39,69,31,8,30,9696b45e8a48f16f5fd011fc5cbbfde35dd20865b9d251a4bda4970d040a2edd,9effc09821ffc612b786466c9a42f2bada44df951b50a26e4e321a8c33edf922,110913,0.0,0.0,0
R4_aB_m0,0,28,C,COMPLETED,39,69,31,8,30,7cf09e29a1520f79edfc43e7bd959bb37f4b2f43b87ba16eda39d9a342da6594,f5931f6bca1a566169be55e0444cf4e1d7de3a122ebd61a1047b220fc8d2bf62,112878,0.0,0.0,0
R4_aB_m0,0,28,D,COMPLETED,39,69,31,8,30,be2dbd0452829c1f1587fb99ea83c838831be031d24f564807f8b6e973507e1a,90bdf38b2acde7e4d1914c1b32778adae963583e7f51d25adf7c83d7e763f255,113116,0.0,0.0,0
R4_aB_m0,0,28,E,COMPLETED,39,69,31,8,30,1754d4c811be6966766413bde4a6e999882569d04e8395d60723e2c61991abfc,c0e34238502f2acb0b441902c8801952e8bc6d84afd8543942ee623f60eaa573,113673,0.0,0.0,0
R4_aB_m0,0,29,A,COMPLETED,39,69,31,8,30,211b64c12e5dbe544a625ef420867c0f6262971d9ed6ccbf0147b1be6f567e9e,08e6e8b69f9ddd6bf880f89b7d24b606b9ebae8f379a46d088183fd838f60f15,108117,0.0,0.0,0
R4_aB_m0,0,29,B,COMPLETED,39,69,31,8,30,294cb69be4ce4e155f412ebf3fa25594d25d3f5fdd1a4fb6138e49a9dc1cb897,80a5f5dbc4538bb526fa392c5ebf4e77870490ddc6212e7dfdf14a99a372b07f,110847,0.0,0.0,0
R4_aB_m0,0,29,C,COMPLETED,39,69,31,8,30,a766fda87d26531c8fdb4ebc8c862508d991b519561ae74e83c16fcbaf7286a0,bd0130e17e7a1e44f7e75615a4e55777fad408b8324769fb7315c2112a067171,113022,0.0,0.0,0
R4_aB_m0,0,29,D,COMPLETED,39,69,31,8,30,8d58b09c7520759f69104ebd3aa37ea5550a3efb3f20ae734a6dd514bfa00e5f,eb1ad90fd3318e29616347bc014d179678289b3c76703dfac22c3ffb066ff3bf,112997,0.0,0.0,0
R4_aB_m0,0,29,E,COMPLETED,39,69,31,8,30,4e16639559fe3ae705ffd32987180e872627f2e9cf63dfc453e90eaa54e6afcf,1efcadd396da2603eec71c542d1127786f5b28ec4e2b1c098aa708d82a46f310,113916,0.0,0.0,0
R4_aB_m0,0,30,A,COMPLETED,39,69,31,8,30,02051bc8ad0fbb5a043a7eef86d3a7d3c88168e11c43b864cc3a17d9bd7d00b6,faea7d39b4f2f01949b2ce00582e7ef6bad208a653bedccc78ff41c92628e22a,107999,0.0,0.0,0
R4_aB_m0,0,30,B,COMPLETED,39,69,31,8,30,89956492acfe9e5cc42915dca068f7f61ab3c446089eb670fa97795a7c7a4a29,28282d43626196ef03e5b0aaeb2e0962cbb8ca3b14174a8e092609c551bdb7a2,111119,0.0,0.0,0
R4_aB_m0,0,30,C,COMPLETED,39,69,31,8,30,b47166ca1582a25398287049c9657fdbe3046421e582ad146b020728d5e047b0,13f5c3ddd36558bd7c0da603188846600795cf0ae9a02254ca35eac928e52898,113091,0.0,0.0,0
R4_aB_m0,0,30,D,COMPLETED,39,69,31,8,30,d9abf961d4a8885f47a64b9aefa9cfe0e1ff2c49979bb62d2f13a5218f69426e,da7deb43d3641f61b44f1c9e66fe596e013bfda23acd0231c2a0abff41a42c0e,112925,0.0,0.0,0
R4_aB_m0,0,30,E,COMPLETED,39,69,31,8,30,feba5b835e43f31f6249cb83f85204e95b0db3a029d4b307887afb9c338683fe,25b60124acae4298263098870f59d3be3c8484fa14eeaa187328a5e71c324bef,113975,0.0,0.0,0
R4_aB_m0,0,31,A,COMPLETED,39,69,31,8,30,0c01ba0ab3eab1fe01526a3106021a1796f699ff431432bc537fef0203d4fff3,f5030fd33d0ae1c71a389f125ac2944ed3c36c43bebb76fb9f132693b03e53a7,108061,0.0,0.0,0
R4_aB_m0,0,31,B,COMPLETED,39,69,31,8,30,ef266341c56ed92de5548a259636eb69dc45026c66bf182fa563f1dbca577ffa,56bfdd726118350f9ac1d2898f9038d15ae0331eb19a6e4a987e3c20c73ebe50,110928,0.0,0.0,0
R4_aB_m0,0,31,C,COMPLETED,39,69,31,8,30,e311748c5d7789da6f2d1d90c1d9793c4876b001c24ae0bd8ce8a910102ea598,71b0c5d673b0b7468460baedd8ee0027582d7f31683bfeca9d2a6a8704b69547,113055,0.0,0.0,0
R4_aB_m0,0,31,D,COMPLETED,39,69,31,8,30,8932bc7c92d8bdb8f2447d64de6f67c9c14b976c82a9baf64de4968ea3263af7,66d3182340341be0a0d1d79f73d1ea10247815cc7313a611282ddf95f11908ea,112963,0.0,0.0,0
R4_aB_m0,0,31,E,COMPLETED,39,69,31,8,30,326f9ff73e2281d60970a3e992bfe15622332a6b2fd1bad4924a2a2328340110,97114599cbf7d292f4929b2e8d45b03016657ce79cabf2a3f5ecbdf121869cd6,113639,0.0,0.0,0
R4_aB_m0,0,32,A,COMPLETED,39,69,31,8,30,2b4d98d73ab59400e1b17d56ec65e4c2a28ba74478813039bf5da7102d95d82c,71432fc94a649129d3fbba1669b94f75c9abb33021e30a9f7705f4df00720572,108179,0.0,0.0,0
R4_aB_m0,0,32,B,COMPLETED,39,69,31,8,30,2087215170c90655938a378c463bcf5bcd11a816a847b87e7e983e97a94de3da,9c7fd253aec9915c7356183303c4e5378a09e4a23a70a8a3e663d232992aeb7c,110803,0.0,0.0,0
R4_aB_m0,0,32,C,COMPLETED,39,69,31,8,30,35adfcb27dbfced2ad6507103b2c5d07625ccb7150ca3f9889cfeebf92c8b395,5ecff0173f891038674078bbbd5e810d8e98b7813c544c6ebbd58241009a5ac3,112980,0.0,0.0,0
R4_aB_m0,0,32,D,COMPLETED,39,69,31,8,30,fb7f568d40df9447a5c302a9aa2dc9eee096b2d3fe75df5ca8c89e26be057870,6f2139c12c7e83fff740e620bbfff5b74fb63942c452e90d8db0523911f6e8bf,113009,0.0,0.0,0
R4_aB_m0,0,32,E,COMPLETED,39,69,31,8,30,d87b871b332b4e54200e621603de67183e6b3a28ad9261cf16fae80a7c9b3cf7,cffe335721d8a84a8e8fa482a55dae3c911c3d8aba98ab694dcd44db381db4f0,113608,0.0,0.0,0
R4_aB_m0,0,33,A,COMPLETED,39,69,31,8,30,b8d3d48305cedbbcdf753eac73918823c0dfa59a1b0c6af8854196c79da52b75,0271d4535fa3ae03f92c584922f412ca54a7aab3fa946c9b67dc2cd1c206cf91,107899,0.0,0.0,0
R4_aB_m0,0,33,B,COMPLETED,39,69,31,8,30,b70d42caf75b0b64ce7a4742f497e3cc304ed65f9feaa982ad0d0b543461df2d,b22f9d3c16d31eb9fcb8bfef19b044da519031de5c6f683b33f9835c14d13bdb,110954,0.0,0.0,0
R4_aB_m0,0,33,C,COMPLETED,39,69,31,8,30,54c13e0b3ab56adeb6e3ba00d7d001a705882fc780f40dad3a72ae1cc361959a,f2fe2dad4121731b07fc3227443a0804154a48c2b4593dd1e37ea6bc6507a454,112867,0.0,0.0,0
R4_aB_m0,0,33,D,COMPLETED,39,69,31,8,30,9096a10ce0379a5bd4881e5eb01e9d7bfc1a294d770fa2950acca238c1136f20,339e3917a3bf63f830d75c63bfffb9c327df81573e4492053f49134d76040c25,112987,0.0,0.0,0
R4_aB_m0,0,33,E,COMPLETED,39,69,31,8,30,dfccc20e1573da75e13955a308764f8552c98e7fb8f38f27e7b93ae367e467a4,4bd39d9be236621972649accf01d3e720c92f502f5011c87f7de29849298ce99,113769,0.0,0.0,0
R4_aB_m0,0,34,A,COMPLETED,39,69,31,8,30,48d3439acae64ac8304e91f142a061f54962116c675a0ba8246dc452ee1b1164,0bd988e04f144eeb5b1142c63bb6a1c761c20046a96ff580106e6e07b1295dd7,108062,0.0,0.0,0
R4_aB_m0,0,34,B,COMPLETED,39,69,31,8,30,74df8d1028e077f163a122081a0bb120c771e99df8141e0a49ccf0948680c3c0,cca6e8d1db29bd6e4bbd9852bc9a4f147ece880718daaec400e11fc1dffaf650,110891,0.0,0.0,0
R4_aB_m0,0,34,C,COMPLETED,39,69,31,8,30,10b8672835f352c682edafb24b6cb534605ae3dfafc348dd0526b6c7e4f3ad3e,d0e3bded4daa0e40ccdf388b3639fbb4c7e5358b41dc87ad549eef9b462a3582,112887,0.0,0.0,0
R4_aB_m0,0,34,D,COMPLETED,39,69,31,8,30,07b38d1ffcf1a0210aacafec4dddc566b48031e2e795f1c984db5d0a250c5d9f,a7a442e004ac080a658039722a2b22d28a071600de8aacbebc77a8bbb3c7e0d1,112924,0.0,0.0,0
R4_aB_m0,0,34,E,COMPLETED,39,69,31,8,30,a7c86cc10e2f394a799b5921ea521bd24e20152c4e848eb54fbb170040dec882,d0353dc1dce34872fd12e8399f27584b6d9481811a255203ddaec7db8a2a48a5,113687,0.0,0.0,0
R4_aB_m0,0,35,A,COMPLETED,39,69,31,8,30,320ea195477d8d18cb392d73225bc65cc75648ef497a687944296c47d84b73cf,b39d0594eed566294c211646fdaa02b0c417b8bfbdc5f38972b775f2177f2df8,108020,0.0,0.0,0
R4_aB_m0,0,35,B,COMPLETED,39,69,31,8,30,74cecfbbe1a19856cc2475c85de2b8c978254681b4096f01856d3af9a6693fa1,8f3c79ba836b1661f293150641885d75d7613779f4f013330739b2621b64c85d,110959,0.0,0.0,0
R4_aB_m0,0,35,C,COMPLETED,39,69,31,8,30,fc630d97b30a825e40efc7ac0725502618dbdbef9a6faa5a914b5de135bf08f3,1623c072fac8813da58c7baf2a1e1ce469f666bb8c60ce19fe0e208594046a95,112956,0.0,0.0,0
R4_aB_m0,0,35,D,COMPLETED,39,69,31,8,30,9e66774befeaf4d8e69dc868016207f5f95850db3ac22c4a0789456954e0d922,823f9edc527f4b835335416e88e36e3e822984d85ccdf3b7f261643d1e4cfb9a,112970,0.0,0.0,0
R4_aB_m0,0,35,E,COMPLETED,39,69,31,8,30,16602e698f49e8bc230f9dc5f76ed0cf41a4add5f0b5aea13ef7969dbe305ed1,2983387191be69fbb4d6b01cf84ec64bfffa4fb504b6cfc6eac818359662f3f3,113805,0.0,0.0,0
R4_aB_m0,0,36,A,COMPLETED,39,69,31,8,30,c389392dccc91c00343ac2f4a30398d977d6ac623fe4e8b9213b3392b34d9c74,51f2941da8216860f8e9743c7fc8c3957950f13cbddd5946e2d31772bbd6a73f,108094,0.0,0.0,0
R4_aB_m0,0,36,B,COMPLETED,39,69,31,8,30,11114702d2de1e98a3e5f9f506b9882659297bdfd3f5246f81987d648cff88d8,f596857093fd5938209a70f61555aff55630063f3ae7efefd3c3aae786e4b77b,111100,0.0,0.0,0
R4_aB_m0,0,36,C,COMPLETED,39,69,31,8,30,39b358e5cae37535b4c4a3a862ee63c130609580cd03ef2d39a257797a8f54d3,5f833b73b17c01de0ccc659e95a3eb27eeceb51c9789aff4f511a6fedd8a3794,113031,0.0,0.0,0
R4_aB_m0,0,36,D,COMPLETED,39,69,31,8,30,6ff1d091ae88b994ed13d233dfadb315b0e7afb6a84c63ac4f701e8e4ab9dab3,5d346e66f58bfaadf4d17cf0c4f20224ad6c5bf5526ccc278719d13ecf6fc842,113101,0.0,0.0,0
R4_aB_m0,0,36,E,COMPLETED,39,69,31,8,30,6317b63caea28edbbc6835119a90e7818e7485e9c5efbba5b03a820ac9e2f10d,664e122ace77e8b6a5678bfcb7fb1263006f53409c094c228e55ea83b8b76a64,113901,0.0,0.0,0
R4_aB_m0,0,37,A,COMPLETED,39,69,31,8,30,865a753292ca9134144917d50e33819e2d36405e65ff54dd6f94bd06a6953372,b19c51e7b73cde39e493082dabf13f53046d6e15538e241a818a2622177fbde6,108128,0.0,0.0,0
R4_aB_m0,0,37,B,COMPLETED,39,69,31,8,30,90bb282a6d67afd9aa2a5de6f5c8245ab986697227c90bfd0bb519f68929af2a,a0668ceb5c2e035d8d2f49d6943688eda76243f9849861ead6c00e55188d8f9c,111029,0.0,0.0,0
R4_aB_m0,0,37,C,COMPLETED,39,69,31,8,30,8e0d0d42a62c4f8eef12c36933ea56042aa669f39528af34675741b28637d699,387032ff39a2df094ddb5bad45054d746247fccc11671bbbc673c5d72cd11b1e,112874,0.0,0.0,0
R4_aB_m0,0,37,D,COMPLETED,39,69,31,8,30,90d8f78333c71ee681bc167a5a0ff804d039b3893c439b167f3a1f670ae13e60,e61104fe95de18597fb9c31937dd051016d1289b8afbf633fe21040cdbca1b9a,112945,0.0,0.0,0
R4_aB_m0,0,37,E,COMPLETED,39,69,31,8,30,cfd761a7775ff3cd880ba9bc7ef6448e2470a927078f18e228fa71c21c843106,c65ab5e0fed8449f79a5dfe2f6591d27b847da7db1cb2bc8bad60d4bfac23225,113639,0.0,0.0,0
R4_aB_m0,0,38,A,COMPLETED,39,69,31,8,30,fcd37aeb8f5a39ba42a274c23ba48c9f63a98c80d4075e020a1c5fdf930b1258,ab60041a2bae29a541eaa822d0fe75603a856559fa72f046a4ae22aae6a03a04,108012,0.0,0.0,0
R4_aB_m0,0,38,B,COMPLETED,39,69,31,8,30,0ab943609a36ae77423a9aebed53875639f92ca07c0fcf849c8f6e7c5f8021a5,ab2576567b020a4c585bf2ebc5ac7ff6b2492d64107be1df58c1b3253035c327,110839,0.0,0.0,0
R4_aB_m0,0,38,C,COMPLETED,39,69,31,8,30,c61c834bb4a0004bf628920ee7611bc4dcbd148978922ffdd9ef8cfa277b45df,f66b7f2145f59575b0b5594708b64bb9e0eaad684611f008b6c746825eb24014,113035,0.0,0.0,0
R4_aB_m0,0,38,D,COMPLETED,39,69,31,8,30,3b3791cb3770b1d70c7506f41f58b06ae608ba8f7962c4b360e9827668c55c65,1507063a48d63197b6d60fb1d9877201720120d95f5cde282f868e1edc956eab,112998,0.0,0.0,0
R4_aB_m0,0,38,E,COMPLETED,39,69,31,8,30,639045f2dcf87b496d806fcda7394a063ea626fcfc6f006241c67402ad0ff206,b88b33265fc80f4a3153108e3a130a0cba27161ffe96644f39063c996d5f9cd2,113815,0.0,0.0,0
R4_aB_m0,0,39,A,COMPLETED,39,69,31,8,30,18163bd413674d274976da54fc8693d22b8cac4ccf3f5ea2a20314a9ceef1b78,0004f70592f3421a2aeecff9061bf137643f8bf83384876e9bb5fe58d7514f31,108074,0.0,0.0,0
R4_aB_m0,0,39,B,COMPLETED,39,69,31,8,30,b771f3accf83640893e085ddff62905876fb8b03255ae460fd8f0060e250c6c0,a2e014132d089abd84fe658d5fd92d5366c8a3792a2e14dcf18ca520c2ef1197,110739,0.0,0.0,0
R4_aB_m0,0,39,C,COMPLETED,39,69,31,8,30,59c3e1890ed611abdf3378de0bd9b61eeff2858e41c8d6963849cb14bfe97d52,39161c62517542ea4ce8dceb6ce9b7ad82125f489fd6fea608beedb496f67c88,112920,0.0,0.0,0
R4_aB_m0,0,39,D,COMPLETED,39,69,31,8,30,ec7620c0f50a2ebbd68b58e535b15aadd2bb991010999a82773f31cc6eda93f5,0e8a7300199d79c76efa3e5d28f1ada4efc7eb83ae27fc54091d0afba419b42b,113035,0.0,0.0,0
R4_aB_m0,0,39,E,COMPLETED,39,69,31,8,30,774c76fce2bf8ea7f8765104f6d007ebd17af74b30336e799e65b33fba5ae401,a469aaec473780c487f946745bc3efa880231f2899bb44c765eb1eebca299ac0,113800,0.0,0.0,0
R4_aB_m0,0,40,A,COMPLETED,39,69,31,8,30,d421a4ffcafa4755721378d8e81b478e9f830964243d30a50e71e34b5629c7a6,8753041ac1e1abd1f071de4adee812dc75c6a3b41f82044c690e81823c0cf7ae,108088,0.0,0.0,0
R4_aB_m0,0,40,B,COMPLETED,39,69,31,8,30,f7f1ac9921742a1642cd8b8c15112a0bc9a56a826dd3349b0f8ce67bd4bba1e5,1ea0a2c903f0973626def46fb3c16ba30d7464138f0fbdb1732b3e5b84fd57d8,111017,0.0,0.0,0
R4_aB_m0,0,40,C,COMPLETED,39,69,31,8,30,d5401f953193304d515f29acfef8e902bfaf5d26cef702a70779f37509446d2b,306b754fae55bed5c35ea70c2cb54717bdaf7ee6c07d02784ee16bf7ecc8396d,113017,0.0,0.0,0
R4_aB_m0,0,40,D,COMPLETED,39,69,31,8,30,586944f530ef6a72dbb747da74fa342bfcc9b8c796bda5a4df9c6614685ae3da,bed146f5c5fb4dabae15053f47ec4d06926432e7de2ee976a0bacf4e7d1a2afd,112991,0.0,0.0,0
R4_aB_m0,0,40,E,COMPLETED,39,69,31,8,30,3242cee94f7900ab8ef28b8bdc04a56e75b03bad9cb42bc1e960fbab227b6336,98e9bb73298fbf19907750b09d1192ebc44eefaff6f48b61ead90529d4c454d8,113747,0.0,0.0,0
R4_aB_m0,0,41,A,COMPLETED,39,69,31,8,30,87527cd6c64329c7e6194e40ad6dfbad6e0911978bce7f084d95a485205130ad,84a32dbc8ee33abd486aa308c555c25d77bc0d805cabe560333168905507e1a9,108108,0.0,0.0,0
R4_aB_m0,0,41,B,COMPLETED,39,69,31,8,30,1caef2d104ef97bd4af1ffb20707bd4bd6db7ff32557094953601e63876e2803,abce48fb5cecd0d4ce34725811677d9893713e9be0ef5bea8bcdbd5ba0dc691c,110829,0.0,0.0,0
R4_aB_m0,0,41,C,COMPLETED,39,69,31,8,30,40ba0297f69e617bb84e0ae8ae9010515b6b249d1955639d26c9dd90194e09c5,bb112a09fa795d83f239e85c3f25a755d6edac7713ce29c06bc0c0ef10c21a68,112975,0.0,0.0,0
R4_aB_m0,0,41,D,COMPLETED,39,69,31,8,30,95caffdc9222725c0e0bced4b7f71cf740566e743ad190e03e86d08618551c4f,4589505ee3ebfcf8f17170079be63d801f234f5b7fee4c11eba6add06eabf77c,113081,0.0,0.0,0
R4_aB_m0,0,41,E,COMPLETED,39,69,31,8,30,48b329668ff0d8abab445e0af502e3ac1efb3db1151c1736db5ad670af8a54ee,be742983aba25e2bd93b9a863f79e033cea612c2807dacf92d563ca59c17bc85,113723,0.0,0.0,0
R4_aB_m0,0,42,A,COMPLETED,39,69,31,8,30,9cb66b779a616c7f768295bb45b06e039d85e9534c82d0be71965fe6e3bdbd38,070c04d78e987cfb903cf246846ce7c2c00908a8b117914e567a5bdc40ad42c5,108136,0.0,0.0,0
R4_aB_m0,0,42,B,COMPLETED,39,69,31,8,30,2c8fd78951189e725bfd6c4bfb5def1a74bede99ab82930007c613726bc41cf7,bc2fd50cb04c9ed9c89798037d9ee5a29152628a421a71bf6cad8a1d8c71e4a6,110894,0.0,0.0,0
R4_aB_m0,0,42,C,COMPLETED,39,69,31,8,30,4d81141a12230f5ad0ffba850e59f13bf0e6562e5e999437df1e954099758068,e3a45b90658f065a2957473b707060a4f3176bead220198c94aab8c3d8ff9b59,112985,0.0,0.0,0
R4_aB_m0,0,42,D,COMPLETED,39,69,31,8,30,de17ae1935f4049209db7b6122bcfc8271c3f8680786ae6741061f49ebe8cd9a,c22cf123a7949eee112104a08200565081442809f65be6efaee1341beed16020,112954,0.0,0.0,0
R4_aB_m0,0,42,E,COMPLETED,39,69,31,8,30,81fd534832b9f1f9087bb9d0f43c5eb25183c192e163eab1e0c9a0bfce9e149e,b673b71538543b5cf8204d85015d7291440390a71bc6a236b6d06a641e7e3b03,113865,0.0,0.0,0
R4_aB_m0,0,43,A,COMPLETED,39,69,31,8,30,1ba81ec8024b11c0b9cd4135bae76e462ffbf4cf7df372e9e67ddbb8305f191d,7c24c960692041808d905bcb4737569600742d5d3f49fbce200201a879d49e08,107978,0.0,0.0,0
R4_aB_m0,0,43,B,COMPLETED,39,69,31,8,30,a079d997d9f9f94ee28a13a7673b413cc8b427c122dbeaeb83ff4774cc918a89,cdfbfe21b49b2d641503a96e1eb33da23debd3c3450b5da156fed2a26766d737,111004,0.0,0.0,0
R4_aB_m0,0,43,C,COMPLETED,39,69,31,8,30,aa93c051fbfcd0a3ab55a8d3cc391ef2a626cb9b300de5a1689176fcbadefb94,358a86162d019b3474e93862d001ff63f6f291f8b1a70e512e0762e3b35b3d16,113057,0.0,0.0,0
R4_aB_m0,0,43,D,COMPLETED,39,69,31,8,30,d9c58eec6c3eb43b97c26a78391200be0a282cb5037bc8a823fc071a2fd0d8ec,2bb7c03d87e6b066c81bc53989e8b8b485cc00b4ebbdb09b40006c884fd2329e,112943,0.0,0.0,0
R4_aB_m0,0,43,E,COMPLETED,39,69,31,8,30,7896d9257aa45f04c8f93396f847b7bdcde0585b30a051ff76e0c1b831f835b8,00fb0557db06e692f7cd404c6ef18dc9e25779dac8a8a2a7d5af5a3595564c7c,113776,0.0,0.0,0
R4_aB_m0,0,44,A,COMPLETED,39,69,31,8,30,0059f2868aa9b0f9ec697ab4a4fb8897dfc1a462de7878053436e3689912de54,65c49e1fa88a6990890cbbfc4a84e42199a272e8769ba5012465305f345190f4,107833,0.0,0.0,0
R4_aB_m0,0,44,B,COMPLETED,39,69,31,8,30,71b4607a110311b77cfdb271a28cf6edb2273d10f5a324d1c5c309a72d425334,326f5acee5e69f01562de566fddce0257947c178cc4e5ee0c6488651218e55f5,110841,0.0,0.0,0
R4_aB_m0,0,44,C,COMPLETED,39,69,31,8,30,259d00c8b9ef6f885893a682063d2869b817272afe42b2dcfa3a786726efe454,e2386c28f7f7e9d06d1e4fa641e4db7f1b2a7356168d6b52f401d6cb5fa9dd0a,112856,0.0,0.0,0
R4_aB_m0,0,44,D,COMPLETED,39,69,31,8,30,388c9116518b9942745fef4e87c51c7617dc6c3d0e688acc67b59b38331a5978,94241ab2f409652e23f25a30509d8a8aae9cc18f5c90b6172acff774b559b803,112894,0.0,0.0,0
R4_aB_m0,0,44,E,COMPLETED,39,69,31,8,30,941ee78c4f2cb6bcb7c6eac85f50e4a76a52905bdbbb3ff984f35c84abedb394,c66e8c8c3f7eb44b888f1eca6198a0d0b6c625b4bbb2478cf8b3f245d2e82007,113745,0.0,0.0,0
R4_aB_m0,0,45,A,COMPLETED,39,69,31,8,30,ce61865f23c0996dd660bd03abc78caa160cd5f1004df22bfc3d187cc306bc86,2c82d7d856a36b5f8b51e2e50370d9a1067cc1995abaf0f7ef772032d60f6b42,108116,0.0,0.0,0
R4_aB_m0,0,45,B,COMPLETED,39,69,31,8,30,f6a96771944d8ded71ceff44597b24a5e9dc7ee77029a11c055a36a8f1646d22,b5c59c7dc99cd83bdad61057ebeffec94c49dedce7928e0a42d65f4398dfc46e,110929,0.0,0.0,0
R4_aB_m0,0,45,C,COMPLETED,39,69,31,8,30,898304669d8211b475bf582647e6216f5a33ea8c65f225e8cab95f9f04bb5c47,908edb0eead6f61e165a9fb1e03bde178620f934cb8102da8999a6527c0f3c99,113010,0.0,0.0,0
R4_aB_m0,0,45,D,COMPLETED,39,69,31,8,30,cbf30d855606e740a1c5bbe7a14b65ea069d936402a944ba1f6ed7fbd3d41c5d,31c1a35bdaaae4a92b444cb9c593480fed7cd2f8f02d38eb9ea08eda0ce716c5,113024,0.0,0.0,0
R4_aB_m0,0,45,E,COMPLETED,39,69,31,8,30,3765f18e85f50fd023b667c134bc7a6a0a07f27cfd19bbe0cf7ca3b116ef9d67,2507b32add25846a90414ea17563777e41b7f5f726c7deab3054f5691a2dd4e4,113742,0.0,0.0,0
R4_aB_m0,0,46,A,COMPLETED,39,69,31,8,30,d34ea55ef269a22c168de4126eeb85bb1ea5af6fc8fd761d8c9626f8cc95d16c,d2d7c6d9ad2793e8483f17508bf0df4d38a8529504ba825fa22142a33745a2b4,108190,0.0,0.0,0
R4_aB_m0,0,46,B,COMPLETED,39,69,31,8,30,496f7eda7130111e7fdf296102abb5cf5206518c733fb0a74d3b579cdbe35a78,91f273e189e57414627d859ccbee72d0dbdd2e58b8d2a53440af69a925ca14b0,110874,0.0,0.0,0
R4_aB_m0,0,46,C,COMPLETED,39,69,31,8,30,0838f6b349f3671eee05807f5c7e4788d40f5443e772f5e876673519a8ee5c19,74af8d4d9207e562e7925d35863bae35a698bab5e9843f706b882bc17c517062,112942,0.0,0.0,0
R4_aB_m0,0,46,D,COMPLETED,39,69,31,8,30,2ae3752b7ce061045600b2d89123c6826e0545b67f5f46a93d605d3fd1049d2e,af4b25e0332ba49235458303b6f3276a6e3b3fd5dd0a1ca94df166cc0fab4814,112964,0.0,0.0,0
R4_aB_m0,0,46,E,COMPLETED,39,69,31,8,30,e03fe445dea72a59eada06d404ab5bf987344b68dc53cbc4eb19bf755d60650b,6b655727cbedf52a9694188bc197b47cec8cff859b41e85aadd922e3053ea053,113692,0.0,0.0,0
R4_aB_m0,0,47,A,COMPLETED,39,69,31,8,30,80d7c3df9087c0e37d1b66ca0a505fa5689442d958fda319c20f3f990f30e8c3,eaaab037895d3a7193d9a4b2ef13a5cdacf49ffa0dba7603a65c49563481478e,107970,0.0,0.0,0
R4_aB_m0,0,47,B,COMPLETED,39,69,31,8,30,7f4219268c55eef7574bf340876a5ab7f7a031304f4313ecf311283f097692ef,28e01fb5dfd4cbf4537c1975a65531b88396bd7d41c77e98ac3964dd59794881,110939,0.0,0.0,0
R4_aB_m0,0,47,C,COMPLETED,39,69,31,8,30,0cc317addf56aef8ced07fdedb4371485fd1cba6ecc87e2268806868c8dba480,66288f53dfbb7cfe7da550096ad36ab7ca948bd1a577786448ac2773696bd59c,112995,0.0,0.0,0
R4_aB_m0,0,47,D,COMPLETED,39,69,31,8,30,4c1719b2c6c5ec112406c1b84c9d7a1734e76d4e9d912abc01e0e8845fcda772,4245e779d12ab6c6a3caaf83cc52af101785a2974952e562b7dfbbdd139960c4,113017,0.0,0.0,0
R4_aB_m0,0,47,E,COMPLETED,39,69,31,8,30,a675f136473b3485457e0ef7074450e30e29c4a7e341adbde6381500544c86e2,fd9de857ffa2757a225bc4caefe416c614c8c5cc3a1fb71407bd5f923539370a,113700,0.0,0.0,0
R4_aB_m0,0,48,A,COMPLETED,39,69,31,8,30,1f1fbaef8694c3c2ff724e9a86ff9bafaa977e60a51e7432f94df142c554bd8c,8249569b3d747a59297e05d176adaf8e9e4663f66f49fca1d59dfb8cdbd410cc,107918,0.0,0.0,0
R4_aB_m0,0,48,B,COMPLETED,39,69,31,8,30,e5d6316075c3e32c8b7aaa57e92351070dd460fdd422ed7a67892454860cb65f,1ad760e52edac248bd8c5f6b51708c23faccecc9a5cc24591241242f9cb63949,110951,0.0,0.0,0
R4_aB_m0,0,48,C,COMPLETED,39,69,31,8,30,5f1234262692b5e8c7fbc6d9aecadb8564ff1cd1f39b7d30521d98d804540901,61762022797e830acdc25b357d745e2711046439ab64d73af1b7554332ad5532,112892,0.0,0.0,0
R4_aB_m0,0,48,D,COMPLETED,39,69,31,8,30,554aeab8a2daef73a883fe4589c78ac3242f0b8e85e316a7458298d6eacdf836,55bc7870b41c738064fb49d97a04997502cd195a49c4a59df85f3b7c2424d7d8,112991,0.0,0.0,0
R4_aB_m0,0,48,E,COMPLETED,39,69,31,8,30,f045693d3c6be7275c9bcf6c6b93b9a248d00ac3d477ff743fe1ba9b3a53f05c,798fb35a1b9483fc6d66d0e68a305ee7a11c8205d1f2e26cc6f3ef3a1a66cdce,113679,0.0,0.0,0
R4_aB_m0,0,49,A,COMPLETED,39,69,31,8,30,4826b90fccf26bd81597c1cf70690954f66681fd0eff54f52be1642b60466239,e24e317ec13ea4471517b69d7d1e533657b86779cb0e76944356e17139792d8a,107961,0.0,0.0,0
R4_aB_m0,0,49,B,COMPLETED,39,69,31,8,30,18f372cb1e6e96ef8d2d8d58c999c41361978caefd7353788aa305779e88c0ce,82fbfaeccc23f8fbbed60a2b792a1bee9ae11a06ca53179000209df104f642e9,111001,0.0,0.0,0
R4_aB_m0,0,49,C,COMPLETED,39,69,31,8,30,4dd20f81632e93bfa1174cab70bca82e65ba1898b05f83f6c8076ce0965b0ae5,ecc4294eab1bfcb3067f0ba67a59b394fee52a4f1a77d4a6ab57d7039a26099f,112889,0.0,0.0,0
R4_aB_m0,0,49,D,COMPLETED,39,69,31,8,30,c5b21fcd5d713a7124ca55b5d36077eedb3ec0f5e5291524906b9da4d655463f,c0f54541061b440daa667b47e5eb13d56e15f38a701f3d0faa67922341f28ee3,112902,0.0,0.0,0
R4_aB_m0,0,49,E,COMPLETED,39,69,31,8,30,9754746093a076f2945707ec34801fce97c0ee9ac6a82a049f72d93ac9b73dde,59d1a98b102d3ad7fce674fa1211d22a14e082f34874f53016c5bdba60af17dc,113678,0.0,0.0,0
R4_aB_m0,1,0,A,COMPLETED,39,69,31,8,30,fdff66e1c34d02a80e3ab642970e7f8656bc20b5a37dfc8b5fd0ba74dc9b9aab,72d4a7f38536c89cd76589b272b8a1ee58904f698ebd80b27aca2a8fb3893346,108044,0.0,0.0,0
R4_aB_m0,1,0,B,COMPLETED,39,69,31,8,30,d0aaac7b5f376fb093da222d4d4b338d3d8d32f2f8ed22d9e1f77759adb35680,c33c0034b3b8ee49e8a1732490faa8542a96076ad14d5dc59465d1cf228e9442,110995,0.0,0.0,0
R4_aB_m0,1,0,C,COMPLETED,39,69,31,8,30,6343e2bfa7aae5141804467b60a25f04d2928e5278a4ef0e5a043172470f9402,43241c2be5cb4de97eefbd81ef222c95cee0044eb33ad65a5c6ad626423479bd,112945,0.0,0.0,0
R4_aB_m0,1,0,D,COMPLETED,39,69,31,8,30,e34844a2946b3fbac9ed06281fd55c094c4595cac2e26d40d2a0964079dc5056,20ed81ef5365904d66d9d1741d356181a60ed7d2d2c22a39f5c1e747a7489390,113089,0.0,0.0,0
R4_aB_m0,1,0,E,COMPLETED,39,69,31,8,30,a2f19d8926d86bc3cb0f9df5d3f4504e75b4933abcc7cca213c13dfae9a9c6d7,142b29b6f53abb79d7ab34e4734f79b95b35fade878dfba56d7fb6b286a54123,113762,0.0,0.0,0
R4_aB_m0,1,1,A,COMPLETED,39,69,31,8,30,c75e7b821d5b759f7d2e47d0152847a83a6aeab039f86492409cc86749659d26,3cd8949c29eae6b007eac179f9ff347f34059787076083b4ddb06e34e66ce948,108106,0.0,0.0,0
R4_aB_m0,1,1,B,COMPLETED,39,69,31,8,30,b451c22753aefcaed6e239ee291faa5d5eb7b24c6d117bf433207c172261ea02,7f7ed39cc5de2b4476e29dba20beb127b947c2734321cff16694d4dc76615d3d,110881,0.0,0.0,0
R4_aB_m0,1,1,C,COMPLETED,39,69,31,8,30,c77b8c1e53fa88c54c1ca2e68e68751184cb163bc06e2e890e6c025b144f4075,1c50d011eb7b6e63381fd503ec0f8a0b9b7a687aac5a7acef004738aa01d5b7d,112793,0.0,0.0,0
R4_aB_m0,1,1,D,COMPLETED,39,69,31,8,30,aae7a8beabe96d8f34e404bd2d88b9b10362f45cef127901f1fc2e920aeac20e,1281f330893072ef8418f548cf081d006038b899194fc4cf23676c1da1530a52,112867,0.0,0.0,0
R4_aB_m0,1,1,E,COMPLETED,39,69,31,8,30,9ee74e6cd9a9807adad2791770766f1f41f08317896382b52142761f7a1d64bd,b9fc28d7a8e6ac9545ec5472cd17f4124d86e5d2ed0828c1ae3f6c94528559fa,113676,0.0,0.0,0
R4_aB_m0,1,2,A,COMPLETED,39,69,31,8,30,392fb98f907016b12c8acff170ddd810a587e747b99a312f05f675478b613284,06d784b9f1df48eb3bcacce2f8b4ecb58ffce9c9a2c12b83a2e90c72f5c4ca82,108067,0.0,0.0,0
R4_aB_m0,1,2,B,COMPLETED,39,69,31,8,30,4d15bcbfe2038909af6ae3208fb0bb6b72a0b2362239be2411fcea40e5c83c51,fca0239661f8728af407a0aeb60b650e6e3a3d47f8495893b19e11cc3ccd1000,110866,0.0,0.0,0
R4_aB_m0,1,2,C,COMPLETED,39,69,31,8,30,c12b180b72799e9783884f81724bb64d44946378e2ebdd5d558cc9b360962429,8e1aa4000b02d0accddd28b08c7946be0f0ba64cd05520119c66d06ec90fd08c,113015,0.0,0.0,0
R4_aB_m0,1,2,D,COMPLETED,39,69,31,8,30,9035f3b467023bce67ed83eda7053e33fd8c2b7e98502fe154a2cc251331b51e,8de61c5b18787ce70b713a91fe7448cf8b6435e1ad19b97d29a357a6c3fffe1b,112819,0.0,0.0,0
R4_aB_m0,1,2,E,COMPLETED,39,69,31,8,30,8164245692d5dd378f9a7dd71bc595b79768fcb681a4db5c61aa95a37fb167e7,f4020b40a0664cbbe81c6ae3fe4b1573c8aed2527dab57476ffc3f96ef61fade,113721,0.0,0.0,0
R4_aB_m0,1,3,A,COMPLETED,39,69,31,8,30,57e5193d7936bbf4fcea4779325b57cb67ee0c6ea36c7c755480bc8a5f373835,5a18b649fbc3306c1f1824b98609d8d642775e3b05de4033cf61049fae94a803,108078,0.0,0.0,0
R4_aB_m0,1,3,B,COMPLETED,39,69,31,8,30,fe2b2a5bc9af3a79552cf269a91804de5688b84c0661cdd10d5074cabc39fa20,dcfcca0871d0ac48da0c2cc1a1d5988129d7bf52ae558c7448e4fb672068a4a1,110771,0.0,0.0,0
R4_aB_m0,1,3,C,COMPLETED,39,69,31,8,30,6ee24de00b5fc975100b110a2baa9c1a67ad8a2a0e4b4b10f2784cf0064a7185,a724eed0f229c988a8d69663b64dbda7761dbd0c456180a0de4b2cfaa9216c46,112932,0.0,0.0,0
R4_aB_m0,1,3,D,COMPLETED,39,69,31,8,30,688872e28ff5f6202ce81db27ff1d483dfdfe1177f65be9d07578bfb87ea6c33,440ff1e31f40d3b36cf819c862f259bcb6ef3c3dafa4817eee6a75d9dd27a788,112958,0.0,0.0,0
R4_aB_m0,1,3,E,COMPLETED,39,69,31,8,30,443a14d42bb0ea884955fbc5d070b20280705603d0a20ba7d252f352f88adca8,502aab83593f3d34c9d2c1472f2e4da01952a8950dd5b7bd5cf6fb237bc9b571,113770,0.0,0.0,0
R4_aB_m0,1,4,A,COMPLETED,39,69,31,8,30,5d4b786d1f0f88e074dc52dfdece993333354690d7cadaf3f6081823fa6a2219,7bcb164f1f70053280abd159bdb0ac18bd775b5acb85ba6963b7d6a125864467,108033,0.0,0.0,0
R4_aB_m0,1,4,B,COMPLETED,39,69,31,8,30,fa76c875e07fe49d1c412e105ff4531ebe5e439006a280105688a7ee6ef0fe63,239008d06f26caea6b6153e607803bcb3ec7c000699e682dd3bc06ed5e810a17,110975,0.0,0.0,0
R4_aB_m0,1,4,C,COMPLETED,39,69,31,8,30,87589cb0398341cfc5629fa53d0e8f4034657d9da200f644ad690cd74bab5068,bf37c40982ee09c0c12e87f11a934dcf54b652a24f565f3ede05824576ca359f,113042,0.0,0.0,0
R4_aB_m0,1,4,D,COMPLETED,39,69,31,8,30,b2a10676f8718583776a8d82c6ac00af54cedb7e1b5dbaed87d0a5a335d0bef9,dcb1eecee8a4e6d8ed56fdc1bcd0b609ab9cc02f6119e8639241c60d35082112,112974,0.0,0.0,0
R4_aB_m0,1,4,E,COMPLETED,39,69,31,8,30,e60395df4e99bf6d15192d8ffd6f59226f6974f7d09927bf3009727406299f59,813783272b5f45243109dda7aa9e83fca4b1cb4ff1ce8873ba2658e1bad1839e,113718,0.0,0.0,0
R4_aB_m0,1,5,A,COMPLETED,39,69,31,8,30,ad2b2906db8cff7f79f41987e2840450be7bc4dc984bf7e4f44c9d96372e7111,602ee866c6130b90949b7aa1b485a6902a0ac7a2f1b7102443a10e5caa5a80dd,108052,0.0,0.0,0
R4_aB_m0,1,5,B,COMPLETED,39,69,31,8,30,904f8cf9f03ebbc662f841dd48f3cd1759b8ad50e7aedfb6f71b5546ebeefceb,35a157b9787d62714beae591eae514bbaa3c86e6d801600122828f1ee1b6c890,111038,0.0,0.0,0
R4_aB_m0,1,5,C,COMPLETED,39,69,31,8,30,3b54fb96ed13b08971763f751d5902baaddf0dad1928ce63d2065102f2aa71f3,9f8758138a2eaa0a20bfdc50fbd9cd318d1cbc371febf6cf87117e5b329a9520,112953,0.0,0.0,0
R4_aB_m0,1,5,D,COMPLETED,39,69,31,8,30,6252307dfcebd22ae4b66dcb4259e6455553f27881a08b844dfdfd115703a55c,243e9da04a1041a3f78a727a792266eadb4f91abc67ebf5c283da37ae8b048d2,112967,0.0,0.0,0
R4_aB_m0,1,5,E,COMPLETED,39,69,31,8,30,60b9687cef8faa05c24ae3d8411a7286d1cec294d5e8e949e0353614e0643c49,22e7f5ac60625fd5ccb44336787151f99fe522095d238d7ed3f1608ddb403e8f,113690,0.0,0.0,0
R4_aB_m0,1,6,A,COMPLETED,39,69,31,8,30,32b4da209114080afe64d8e0e223189cacf67dd205f19e426370eb113a8b6f40,d64ea967afd7162868b13c9a7f1a8315988546e3a1bed49b1bc8a4b5c80f4c24,108088,0.0,0.0,0
R4_aB_m0,1,6,B,COMPLETED,39,69,31,8,30,bf59599c97b9ae7dc01221eeb7c4b30a4009106ed9f5f6c43477b8b72cdcfb8e,33126ec095dc9e1b8ee8709c18b3759b07596d562df5ad6fca812ba5743918bc,110899,0.0,0.0,0
R4_aB_m0,1,6,C,COMPLETED,39,69,31,8,30,2484a36402127045b4f3ae2db9ece79e1b8d0186fae130ee4590b706534cce45,d14d2c84cfcd1dd79a0cebe062dc923903bbdfe540f99b733f217297463e7fe7,113146,0.0,0.0,0
R4_aB_m0,1,6,D,COMPLETED,39,69,31,8,30,527165a82b6299c658c937dd011d7f2f2ff5b0eeef1870513f3efa9d2204491b,d46fd7c68cf00c888cb75628f63fb94b9ea3e915008c63cb00a83d9c2e4ede3d,113037,0.0,0.0,0
R4_aB_m0,1,6,E,COMPLETED,39,69,31,8,30,f656b67dbde874b955268911ffcca22c490fea2a19a408401c11945217d4d953,f24131cd5381a67c39a2075ce78bd835a81703cf5f6974b00354b7453d03d918,113742,0.0,0.0,0
R4_aB_m0,1,7,A,COMPLETED,39,69,31,8,30,0968765de1ec0889ddcb689a82d923a1cf17bad7fb0328022be11fc4c6f8a058,a9b323bbe1220e687dd6b51e179d0371d4384bbf6fcce2734992254aead10413,108146,0.0,0.0,0
R4_aB_m0,1,7,B,COMPLETED,39,69,31,8,30,115d1c937f9e53d409739306704ac77df6c03810a4ee227142ff5303e0287089,a47f22a71273074716e4feff29149737ce4150735de9af5e081a0583cab26b4c,110768,0.0,0.0,0
R4_aB_m0,1,7,C,COMPLETED,39,69,31,8,30,556abd65f90d2a8aeb89987714d80d584e6962b2456ae99cc38888453cb3ff56,e2b18e8ddd9595b2d5825f9fe99a8a9e3298e09948d63df95a779ae44bffe69a,113037,0.0,0.0,0
R4_aB_m0,1,7,D,COMPLETED,39,69,31,8,30,b22b2a0457c2e082c3ed107a4fe2f080a8079c000d72f34ea295737179edf18c,f207a6c9076d77597e6148716b800db9262a7427094527da0a9fd164181b6be4,113046,0.0,0.0,0
R4_aB_m0,1,7,E,COMPLETED,39,69,31,8,30,5b6a4247d5304aa14fcdda7f6b2794f00649411336ef2d67ba9bdea956774e07,587690abaca56db691e1381cf6298f3c86d44d5d4f88f75bef2a6139d281fd81,113787,0.0,0.0,0
R4_aB_m0,1,8,A,COMPLETED,39,69,31,8,30,689e529a6889bd4815c8bd33aa8c6728bbfc2ae5ce11207a3fd6856069ca1e39,948c8191509f007aed8b50765ccf01b64990bc0623036811085a5b05cb22c7db,108221,0.0,0.0,0
R4_aB_m0,1,8,B,COMPLETED,39,69,31,8,30,db654beae617b65d8eb352c00975bbcb35dddd2f7e7508b0dee198f89f2d9557,88f8665e3b0072c360c7f035534ec659f885bc59ea96a98485342dd908b4f77a,110780,0.0,0.0,0
R4_aB_m0,1,8,C,COMPLETED,39,69,31,8,30,70b3eb529a4e0f5793214e36c56d328b20c65815616558e3fbe0466fc97d2a48,59e99a78e1ab4f8e4f2f5a2efeba81caf7e23ca259878a586e4763d380efbdf6,112876,0.0,0.0,0
R4_aB_m0,1,8,D,COMPLETED,39,69,31,8,30,fd4ed32023991c99bf3f6acb241b0c46a13e5008cf9edf98c52c38ae10a0c6a8,c0d66f84a32824ed78c5e220c797d31639b3eb2c3d9c7a9e360f456851957e84,112887,0.0,0.0,0
R4_aB_m0,1,8,E,COMPLETED,39,69,31,8,30,c75e234e983191d6c3af2fd7dc271c635c8458df1e23d4f74b64ee2d30b88a0d,c311a0ec991c04dd4a89791889c124f74571375d0d429f9dbff62c1b6ac91e77,113642,0.0,0.0,0
R4_aB_m0,1,9,A,COMPLETED,39,69,31,8,30,721e9cf2589c20eab6ac39b71f53db137129fb549710ebe4d9ed07877583c4ae,19ff3e40c88991088f3cc9d4412677e55d73b943fe6492c5fd6c4714fcbd6f6f,108210,0.0,0.0,0
R4_aB_m0,1,9,B,COMPLETED,39,69,31,8,30,a82e2bc68f31882ec1c42558b05b24dd931c70650cc7c2538016436bb7b41500,888a7e8e3558092c5d158a97caedb95b7e77e02e5bfdcbb98080179449f6715d,110988,0.0,0.0,0
R4_aB_m0,1,9,C,COMPLETED,39,69,31,8,30,00d7c17175bc9fa4aa77151bfff1fb84f705aa2f8d615976c1bd133e01d70ff5,91cbfbcf40a83bdccb3f0ae7847a3b46ca0025afedbb319c21a2068a7db394e7,112830,0.0,0.0,0
R4_aB_m0,1,9,D,COMPLETED,39,69,31,8,30,9ad29f70cfcdec378b6e5a42239d8a7bff77785af17de4e0f8e8a9f1bcab6e2d,7ae391b94e53ddaf01c7b590ffe77d15495709872ecadc4ff0d5ae97491eae14,112944,0.0,0.0,0
R4_aB_m0,1,9,E,COMPLETED,39,69,31,8,30,d88b2edbb299c4784677beb4ba5311b6f047b43455d51e5c2c624358e6cb3401,74beb0675c8882e8946afc2a2d1069e8aeec929f92c7c5b133b7436d426dd901,113637,0.0,0.0,0
R4_aB_m0,1,10,A,COMPLETED,39,69,31,8,30,6d6e01bd6bd7ed17476ffcc1cdc30e49794b22a15c9df7b1687b5c704df4820b,256c16ef4bf906b53903fee1b96805bd707dbf96e4289b95b06c0f58f3fb7845,108022,0.0,0.0,0
R4_aB_m0,1,10,B,COMPLETED,39,69,31,8,30,ebf2f8274c2165fdd9dfcf112c882e862e92e6b93a82d3ffd31006f7c1899542,952c2bb9dfaca79c6a4c9240d7cb406f9782e9fcbbf41fdc9c6c742dc22890d2,110827,0.0,0.0,0
R4_aB_m0,1,10,C,COMPLETED,39,69,31,8,30,c77b58930139cf9679c02c2feb0eff0ea98503b6c6246670005008ceb22bcef8,518cf3203adc5411307819b5a22306da0af1adbe9f744088646a2d44ae154d82,112796,0.0,0.0,0
R4_aB_m0,1,10,D,COMPLETED,39,69,31,8,30,94807479560e831344841a2af57b5a21ebac6b204f7c9df0bf8edd9976511ea4,8d42ae2dbdd24cc451328a11ecb9452fc08ae60db89f22b1ea23e10f4e124766,112866,0.0,0.0,0
R4_aB_m0,1,10,E,COMPLETED,39,69,31,8,30,c596da68f1a5edac76e1e0b456e8b32fa9bc2a5cdc6dde1f95587edb1940ce3f,00036e4f8bf065f86d9936aebce0e3a3dba5f75d0cd3e62facc5a69c10ae84fb,113775,0.0,0.0,0
R4_aB_m0,1,11,A,COMPLETED,39,69,31,8,30,0fc19d372e8f40fa4e46024dc2e398112a4c22c39030dd2c5861c62b21703435,d622c65461b42357b542cd6e8e86328684e384c6f8d4a3a059d309aa88d5e8a9,107994,0.0,0.0,0
R4_aB_m0,1,11,B,COMPLETED,39,69,31,8,30,c342187a4e718372894babc94c51069794f3c559ade878d3bec4ac4773857e6c,46228d03f1974dfb56938bf3173c58230487f02dc6d1f11f48fa7847596e3760,110885,0.0,0.0,0
R4_aB_m0,1,11,C,COMPLETED,39,69,31,8,30,fb667728b551e2b755fdaf571e47ec17cbfd4042ab6a54c9440963ad47687df2,2ef1c9d99f883941f45646db289442a0ed84eafad8cf39469e91f379f6d69f2a,112929,0.0,0.0,0
R4_aB_m0,1,11,D,COMPLETED,39,69,31,8,30,a527f65263646911a0696fea817d517fffb57a794e57652853f50e870e2b25e2,b691fed4e0cf88c8072b19b083782cc39140c5ca9f305fa0217ae459c39c6fc8,113009,0.0,0.0,0
R4_aB_m0,1,11,E,COMPLETED,39,69,31,8,30,fdd7fda17602bbb6b3259e2e93fc8fd8af8c84073edce881c10851b088f6b1a4,6c1f2c4dc726e9f2856b14a13fba9c5a6ac0da79ebb8cdcd5a60b29833f58a0f,113582,0.0,0.0,0
R4_aB_m0,1,12,A,COMPLETED,39,69,31,8,30,20a8ee159211e1b2a0b27d3b58fb67d7ea3de50b6f780135a3f10f7ffb79d5da,7c25807222392e15abb53f085bbe0d48ad2b1de573af7612b9261043d8237fda,108091,0.0,0.0,0
R4_aB_m0,1,12,B,COMPLETED,39,69,31,8,30,2871ff88ce35bdb2b887903da2c68aeb93b8b3d6aede12b8b4f5d08b0fb97beb,5f6149cf940507c6434ea8160b96f46d0eb36a2368f781f3dcfc911fd8fd0df4,110890,0.0,0.0,0
R4_aB_m0,1,12,C,COMPLETED,39,69,31,8,30,fd1ace125c44b71713b9b7f52f835795d1d8ab2630bf8da05ccb110d1014dd61,49788e4d1b99d2dc28b42a6490aadd6c1c382a0e983d1cc6c10a92165b68a782,113012,0.0,0.0,0
R4_aB_m0,1,12,D,COMPLETED,39,69,31,8,30,53f59f24c47f7d1be78f1b4fc18020fe0cdcfbde10ccfb40f55ff8bfbad4dec6,5d9def1a71d78cefe7da2357251eab4cdad9c3893b8617370d222098ef4e4a38,112925,0.0,0.0,0
R4_aB_m0,1,12,E,COMPLETED,39,69,31,8,30,e0213f56ecb7f8afe66ea0ca85a27c3bf6ca28d60a8d3b8f55a04b17745d1563,7d9f8d15995d58ff14fc3d5b3da4dbca6c219aa1a11e5331a20989dc5f95e20a,113682,0.0,0.0,0
R4_aB_m0,1,13,A,COMPLETED,39,69,31,8,30,8c02bdeacd8196546016f69324e43199325df3f7ba6245c1ad6f9e59759245b0,126e22f50cdfcfaebe83cf33a28626d83a7f5b42e72bb45d34a1952570763d03,108017,0.0,0.0,0
R4_aB_m0,1,13,B,COMPLETED,39,69,31,8,30,8b221be24d0c6bed667d89071f7c18dfa526189524c48595895aa37877859159,48724dd9c0e364aeb422777afae987ec234ae3a6ed8f89002705ceff089a2713,110863,0.0,0.0,0
R4_aB_m0,1,13,C,COMPLETED,39,69,31,8,30,3563875c9356f0f7e88c877ea4483adece7c4746fe964d30eb33cbaca026b52e,0737baaecef38bb19415907997cf3d9b72a02d0ec6cce1fe4e79d144e90f41c1,112906,0.0,0.0,0
R4_aB_m0,1,13,D,COMPLETED,39,69,31,8,30,3ae945810e71007ec3bf6619876d7b5b924a32622085b8797cb324644e5470e5,2b2f4e56802a599df42422f73a74cc30208cb370c2eaa831d0433d2cc89d5d4c,112951,0.0,0.0,0
R4_aB_m0,1,13,E,COMPLETED,39,69,31,8,30,a66918f406c435adf3b66b34b6106921b0a208fd53a6b788569312b4a91dedd0,6c2d7c316ca374ffe6926cbb227869d6fe08bcc80a54bb22d3c27714d71e7fc0,113623,0.0,0.0,0
R4_aB_m0,1,14,A,COMPLETED,39,69,31,8,30,6fb397a556f8803040014d4b80ea72db41c7a6cc38a5d01a758f8a2569648828,a935422212863a390f3a682b4c1ccad3d75f5f485956373a710a7ed15c3155b2,108220,0.0,0.0,0
R4_aB_m0,1,14,B,COMPLETED,39,69,31,8,30,027fabffe231cb7d80f48400d769c3bfd93562ce4c017b9adbc64168590a16e8,0300b12178406a75acad3ec3c07fe889ec394a335fef82a00291e9a5661ab93a,110846,0.0,0.0,0
R4_aB_m0,1,14,C,COMPLETED,39,69,31,8,30,3311540cd518787d35c2f6e8bb4c132b9d54ed2e145438235d6f6b0d51dc5d14,56b3d421d0cc821160df1acf5ed34dd16ff657e0c454c5084356d3d7125739d7,112969,0.0,0.0,0
R4_aB_m0,1,14,D,COMPLETED,39,69,31,8,30,dabaad9949cbd24659c6623a5e704e0dd0ccab77da0ac42a76698db5a46f8c98,575a0605b8edddd67a79c38c404a28f3bd50a870582f3637809d5d5073259780,112942,0.0,0.0,0
R4_aB_m0,1,14,E,COMPLETED,39,69,31,8,30,5ae8c0eee0c6287ab3162fd2618a928ceebebf62ad343b28c666010acd64554e,c7f94d7729d706cf7283780e3199dd837b0f78f91a3bd55b04dfdcc9e40bd8fa,113734,0.0,0.0,0
R4_aB_m0,1,15,A,COMPLETED,39,69,31,8,30,9a3c9782f7bfa1cd24f65b6ac8fe26d5c976a46306a79b4cb93098caf40c9ab9,83df1340c909ad571e17a70cef53986bcdaa2176bb0bf4a3511831ae1b58718c,108058,0.0,0.0,0
R4_aB_m0,1,15,B,COMPLETED,39,69,31,8,30,178b2c0307217713a87eb576b1e36da538eb1d7514677db69530a4da1022e84c,d2ed63db7d36f6e2eae0c83dc048f019c59db5dc09239fbe3be9b90b7f40d243,110843,0.0,0.0,0
R4_aB_m0,1,15,C,COMPLETED,39,69,31,8,30,ac2fa20db74d9297c5e6443fb75457cfe8226ccd7ad2864b4ffb9bd409f68580,75991b2d677bcaa2d675bd4ea9d6761aca4c56d1023d05a31622bc390295a90a,112949,0.0,0.0,0
R4_aB_m0,1,15,D,COMPLETED,39,69,31,8,30,1c3b66bd56a03d697c54b5b93abb7f6a17c7e5ce434487e6ac5a41c837a96cea,9f811f6866ec819914927b887dda4c2d438e61b76f86b64a50fc8d2944132424,112853,0.0,0.0,0
R4_aB_m0,1,15,E,COMPLETED,39,69,31,8,30,1e75cf6c293123e2d7775c93e4e073b121e177264a48560ead2e3c6c10896b28,691124fa3648514b4fb9b4460e51fd6f2a8f2370e7225bb83a26716a5edc9d0d,113691,0.0,0.0,0
R4_aB_m0,1,16,A,COMPLETED,39,69,31,8,30,c157000e65756c7a002919a560960ccb6e8ffb662f6a3e9af78b17b7cd45605c,dc47a9ce36499119d933bc38014b5207856e8a6f440b1bc115a8d4956272257b,108145,0.0,0.0,0
R4_aB_m0,1,16,B,COMPLETED,39,69,31,8,30,72d998de159b4a7ae54943ecee35e4b4ecac977c0f8549c8305afcce0c355222,ebcf9e031539766342f530b22b08946850c4b0e1b72b5339d4bcb114fcb1e1ce,111023,0.0,0.0,0
R4_aB_m0,1,16,C,COMPLETED,39,69,31,8,30,516230dbf26d909b3d2a734fbb57a6b8a955c2409c4c91aa37eb1560d6752ea1,cd27493cd8581249816e9d3b1c487d8748f69ebd6668f22b43971822b5db4995,112937,0.0,0.0,0
R4_aB_m0,1,16,D,COMPLETED,39,69,31,8,30,070e0dd7173a0f5aff7919732290d24918a4396aafa05d0cd3537a0f87a411e5,2ef3b901d7f9b14a4e999c420a1a90cbe47546e31518941ec6928c43b323acf0,112961,0.0,0.0,0
R4_aB_m0,1,16,E,COMPLETED,39,69,31,8,30,604ba87efe35882b663b2a8b5a63a1fa9fae660e87afcadf39892f1c2c43f2c5,52c96a4482d0f38b176bbfedb7dd4283508a47448d243a08808dbd70ff3fe922,113662,0.0,0.0,0
R4_aB_m0,1,17,A,COMPLETED,39,69,31,8,30,74b3e8e150aaa292676ce4c1c0108289972496b4c9d2222765dde024c690bb49,a63439356a3f453b898be974dc625995d8ba1f0da03ad24f66b20aa5f44a7f8a,108131,0.0,0.0,0
R4_aB_m0,1,17,B,COMPLETED,39,69,31,8,30,7e06f6ce9054daaa8e81d7971572af4e4f71c79838c0e3880e1e4f451471f875,65b2d0519ebbf796446ec37888b538354e141cd2679b20d10d85aed684728451,110916,0.0,0.0,0
R4_aB_m0,1,17,C,COMPLETED,39,69,31,8,30,171d3cb31a86aebc7d89ad8bd244aab1bac31035fdb65237f41c07243d094d43,08684be0bb250099fd6eacbdbe3a4284dac72ffbe4baef95fd50d760318c343f,112863,0.0,0.0,0
R4_aB_m0,1,17,D,COMPLETED,39,69,31,8,30,8036f56ca2e0280cf52d3eda527211be842f8982ffe09f08debddd570387cebe,0613a56d033896165c1f96aa6e0d746b77dff1718c150ed1b24724c08a01e17b,112983,0.0,0.0,0
R4_aB_m0,1,17,E,COMPLETED,39,69,31,8,30,77ba61fc2c3fbd6a2f9f3d9cb64d289277d9d0bf2cf2ae162df83657e03a7d3d,629ab818b11e6eed380deb3fbd76d578e0b417c13a89854594c43cff8958ed26,113763,0.0,0.0,0
R4_aB_m0,1,18,A,COMPLETED,39,69,31,8,30,43fad7a2097bd280bf549d47fcff6f0d4e4895b155b2b39f486113da55a4198f,0dc08d25b6e045e50652270cb9919de81df3a4e6dea8d2ed05feb853aae606f1,108057,0.0,0.0,0
R4_aB_m0,1,18,B,COMPLETED,39,69,31,8,30,677f119533903db0e8d6aaa935eae79709f9275a57ac65ec6876a589b91305a7,7a8615d38d386a35e0d45e802abc343cfc1ef854cab99208f6efc7e419542a22,110966,0.0,0.0,0
R4_aB_m0,1,18,C,COMPLETED,39,69,31,8,30,3d6caf3b56991917f4e084ca38965d440b48e1964149948dc51f6d682936b5ad,da255a81eeed0f80ccecef4892c5a2390e5f4bfc85d006617d0432742d8ae585,112918,0.0,0.0,0
R4_aB_m0,1,18,D,COMPLETED,39,69,31,8,30,86e01711477c69799d176e48fe431f7a036746bb56843fa52c28857b99eaaa0e,b3d42ffd9f27607061bc7aaf4497c0365587cacfd4e62c55360156137d999026,112943,0.0,0.0,0
R4_aB_m0,1,18,E,COMPLETED,39,69,31,8,30,ceb6ddfd0da14ac79d4a22a2a1c5cc2889d8201a3dbbd700e3ca4876245948f7,cf1416a7308eb353e363377232d012a6b3dd5fa5c19b99827aacec26f4f622d4,113622,0.0,0.0,0
R4_aB_m0,1,19,A,COMPLETED,39,69,31,8,30,7fe191e8ad9965874835f0b2a2a2db520dce10d0d5f20708a23104959b1c73b6,3703d6659ccd8745dfd26c40ba10f3b524c0d1a88a049eb2b4afb47a5b77bbbb,108077,0.0,0.0,0
R4_aB_m0,1,19,B,COMPLETED,39,69,31,8,30,118c174e04662e4e07e0334ec3a3c2454704742b4a2376c752854fa72bdbe007,d9898b0634686c73a6c6f6b9925c3dafcf9667c175c9641c4240d59c061466c3,110902,0.0,0.0,0
R4_aB_m0,1,19,C,COMPLETED,39,69,31,8,30,c99373bb21b6dc025edbcdd51f0b72bd95b5e4d6f61b84bc40e0bc64b57bf3e6,586f452f11aecb1939d48b8fc5b5111823e06e13588532e75f9ab5a3def1317e,112886,0.0,0.0,0
R4_aB_m0,1,19,D,COMPLETED,39,69,31,8,30,eab072edc106d7ea318d60e4768682171215afe4b03d4979a44d11565c93d72d,22a4a6d0889784a11b3d9b367d0207a799c30c47bc8eeaefe00733bd6fe3c86e,112906,0.0,0.0,0
R4_aB_m0,1,19,E,COMPLETED,39,69,31,8,30,96c8ebaa21934dec06000a4ffeeb495a14ecdb4d212854d84a306f9e555cc9e1,1e9b95d91521ea78589361cec8b25417ac940140bfde8800d68212840f5c341d,113693,0.0,0.0,0
R4_aB_m0,1,20,A,COMPLETED,39,69,31,8,30,0fdb0467b5adc0f4908f7bf08c31906bf808fdcd2a8d60ede576adbcce85e4f9,6da0572c86ee0f3b578516f859b1dff07ef61cac7bf876deec3ece855da66233,108121,0.0,0.0,0
R4_aB_m0,1,20,B,COMPLETED,39,69,31,8,30,6780805ad127cdb452a0bb30e6177d684ed59be7c7970494e86436e4abae7100,9289440bbd2d82ab3513094022421f8df16d168e3645d10440e3893a1c31556e,111004,0.0,0.0,0
R4_aB_m0,1,20,C,COMPLETED,39,69,31,8,30,3dee75c5dbc899ec07033b3a18cdaa43b7c161faa46046c9c1f4db8488eaeee3,df5ae440a42ce204cf8f29c1d177a9dc39977bdaa82c87311af7a74b2da60fd0,112904,0.0,0.0,0
R4_aB_m0,1,20,D,COMPLETED,39,69,31,8,30,73347abdd05ea02bc1bfe911321c422e29fd6f206999908188ef69f94e11838e,2899402b892cf4b51cbc8ce5bcf2574403639c49490e9f2e2d386643f39315cb,112851,0.0,0.0,0
R4_aB_m0,1,20,E,COMPLETED,39,69,31,8,30,55c4847e548908f4bc485ffafd4e24988946dec0450e6e42948b3c060a939f38,73f401365a83205f2dd91b0b8d7cfe73929430a101cefda111861382ad9674f0,113811,0.0,0.0,0
R4_aB_m0,1,21,A,COMPLETED,39,69,31,8,30,8a5445eb9bbeaf66793bbb35ac3427d803d8ee50b2d14895fc600f4e3d37beba,1d48a708e519ba6a6408b8bc6ddc37f85cab7a3037f6158c55bee7aff449163b,108167,0.0,0.0,0
R4_aB_m0,1,21,B,COMPLETED,39,69,31,8,30,d4dd96c42cb6281225204b226e353505ab19156cef1f86df0f337e9f018ef6d8,3f0dfe3e955689072ae28a93e5c113fce313d0ee63cd61c7d20d14e9264defd4,110835,0.0,0.0,0
R4_aB_m0,1,21,C,COMPLETED,39,69,31,8,30,eb091904468f821a05963eb20382b4765b2010646bbefa64185f1ec0c022a98a,340da29c8b6b6049ed6390ea9b59a09f353feb57756d29b9262af9a8935e5a2d,112937,0.0,0.0,0
R4_aB_m0,1,21,D,COMPLETED,39,69,31,8,30,76ee592697bd63f642704929fdcad4a7c01458e04c13484028377ea7d97932f8,9795a9edfab4a552a85761f968d6c67c2ca3af803cf6f6f868fb6a1c598f1cea,112937,0.0,0.0,0
R4_aB_m0,1,21,E,COMPLETED,39,69,31,8,30,21350b7efe07ff9c92cdf773103350abc665f1f8555d52f5eeac1e20b751bea1,a402e7503d427b23d4cd8f94d8896f8d8c67c6d5459d301c23af174aea9b9ae3,113732,0.0,0.0,0
R4_aB_m0,1,22,A,COMPLETED,39,69,31,8,30,4ffab0aad1c110010922aa10f1205b360f7b64d89c959654c04a6a8b6a0434cb,19bd9c7ce9729f85e2e12866c8b261d7c5ca54c7e4212d7d15b303e955820ac7,108025,0.0,0.0,0
R4_aB_m0,1,22,B,COMPLETED,39,69,31,8,30,844977e85fa69505043dc9b281a9eec668babbfab76666e86f5a1510d50b076b,6bdc692e548843db25da3757d275f8915615ad4984024908ba66fb55ab023416,110882,0.0,0.0,0
R4_aB_m0,1,22,C,COMPLETED,39,69,31,8,30,bb8e6840f98090bd255c146a03aecc19fb8b923a4e0102b20894b38e172c1e3e,bd643329f642be51f929e98dcf3a2da518b3ef080c9e0c53fdab8a160c05e365,112930,0.0,0.0,0
R4_aB_m0,1,22,D,COMPLETED,39,69,31,8,30,9221b5ea31e9d3dbc124edf5f1e058375ac201026d2a39d5d0d369d82e4f39b5,602dcde5d276b5cc9b14d884dd12a25ac166041b95116476d1711f0eaeadd64a,112875,0.0,0.0,0
R4_aB_m0,1,22,E,COMPLETED,39,69,31,8,30,1ccf3eb3b41cec71eac9fe51b05e4ca6ee715e25f93f8dae16f25e2c349db0f9,c3e95bee858255320e83a2714b3e6f1ad795e67cf6c36240a779786a2e2ef044,113601,0.0,0.0,0
R4_aB_m0,1,23,A,COMPLETED,39,69,31,8,30,73bad8ed2d57f474e0d39bafcd51b9aed8109e2595b86fa3c64ab1611b61b711,0dac0d62ec3d8c42e79dfe4f300633c6740c035817e3cdb34994399c0179b0bc,108069,0.0,0.0,0
R4_aB_m0,1,23,B,COMPLETED,39,69,31,8,30,b6a990582b679d0e483f10b36c240e5860e38f517a50e5a7f7fa4b30adb2ba1a,0c2beed2eb071392d18c2c82d529cfbb225679e2a7ed4e4b7f78fabc3d7076a1,110908,0.0,0.0,0
R4_aB_m0,1,23,C,COMPLETED,39,69,31,8,30,07483cd34137458c59031283a5d6258e19fd253075ba3ebe334edc524abeddbf,eb1982c014195ef6e485e4581f0c7f14c2219c8235f3cc57036e86044d9e2796,112952,0.0,0.0,0
R4_aB_m0,1,23,D,COMPLETED,39,69,31,8,30,3d625a3accdfc8d8b1a79ad0f2c7d9bb65d82420032aacea9ef3f84262c67283,df1502063c864efd76cc3fcacc4f3a765316222159f1c623bef262a21be27cfe,112885,0.0,0.0,0
R4_aB_m0,1,23,E,COMPLETED,39,69,31,8,30,4cae44c76a0e8f52484967a67b5621893011f4ef326cf842878e39a58eb62bb6,4e941e9add0487f88ba75152a69bea42b6312d4a94aac883b6b8c856b88b49c3,113812,0.0,0.0,0
R4_aB_m0,1,24,A,COMPLETED,39,69,31,8,30,efba9ad59bdf88b8d20ed961a9612d6d111fbd7f802a8c3fa50bc99a07987d58,760ec0b3611b37d716362b70ab67c58dc4fe58bbc5b17c44341143d18c96f70d,108016,0.0,0.0,0
R4_aB_m0,1,24,B,COMPLETED,39,69,31,8,30,1f5641edb0ae286fc233a1a38fe59308afca613ade9954be7a9dd2faf0362469,2c628f08eab2e2e277ff6b21c4f37d41cb56b8f848102c159450c8543e76bfce,110906,0.0,0.0,0
R4_aB_m0,1,24,C,COMPLETED,39,69,31,8,30,fbf88b3d622821ae79cf2c68c202360d207fbfbd7875cd6f89c38119b515b2c4,2956e9272facb8d480469e827718076951dc1915e3397c6c9e86818c4076ebf8,112900,0.0,0.0,0
R4_aB_m0,1,24,D,COMPLETED,39,69,31,8,30,4997c00ecdffa8c587ebeaad49f730bd54dfb5b18fa7f81ca4e2f5ebbd4bcf7e,f69db65e18ae0540457c8c512c42b1c6143f253a3f2aca3aafb27a05dc0b23f6,112892,0.0,0.0,0
R4_aB_m0,1,24,E,COMPLETED,39,69,31,8,30,a592ebc92228a7e1b4265536f152d29df83ec756fc0b6cde1e2adf10fe9d5871,41cecd5af6e7587d88d3e442c7ab9265dbfad074cadfcbb03fe28c7873385125,113698,0.0,0.0,0
R4_aB_m0,1,25,A,COMPLETED,39,69,31,8,30,cbfdf3c47676fd1b573a739eaccfc56289651b4cb817e0d8146283fd07951a69,aa227ead5663bd021e9afababbeac6ca3e917d8fff737669a4af9fa7818cd6fa,108003,0.0,0.0,0
R4_aB_m0,1,25,B,COMPLETED,39,69,31,8,30,bcc19759640502e7dccf5c5bec214cc334d3e892d60d2e5ba819388ff996cec0,e43a1c4d40936ceabd29b3b47983069ab2bf35fb6c780cc0ea63d9b4c667017d,110824,0.0,0.0,0
R4_aB_m0,1,25,C,COMPLETED,39,69,31,8,30,79f9397260e76db60ef2d7036d8a8e5800fc7a9be00961cb6e8fd548a5955907,f0cd20b120ea03ed9c103266d35da9bf9b30456db7d07593cda4bd322dccc641,112926,0.0,0.0,0
R4_aB_m0,1,25,D,COMPLETED,39,69,31,8,30,e27e3c58ea21cde81d21274b4d2c639fd4a1526008f579ec0fc05d7995004221,d5fa39791067cf2778e993d2bb6c6924deabbea8fb75e9f30a15213d7df407ae,112940,0.0,0.0,0
R4_aB_m0,1,25,E,COMPLETED,39,69,31,8,30,adb7e7a721694c52e6ec26012bdf6214f8c6cff27cfdda7d7c0dfffa83ed0fce,1d5967557e5d1046f87d4c0e68fb3be53e2cc869580dc41716390ac852b9c2be,113743,0.0,0.0,0
R4_aB_m0,1,26,A,COMPLETED,39,69,31,8,30,8c381dfc5412f3432755c3ca11227f9f258dcbf974c52af75cdeadee961b96d8,f858778440f59fb20690fec453fe3530c7f329a3942b0047846ff5e5ba3aca59,107967,0.0,0.0,0
R4_aB_m0,1,26,B,COMPLETED,39,69,31,8,30,109a651e54d93f5ee07eab520ec8e05dcd46e3913c7bdfda461b470aa14d1223,2951354d374cc60cbdba6156669d0aee2d98eed776df60d11583a0f105114040,110967,0.0,0.0,0
R4_aB_m0,1,26,C,COMPLETED,39,69,31,8,30,d46f9e400be2f12146fec11bc5deaf686d83798b44dab948804e42ece01cec97,500e0ceff8369693079613e9f881335e00c9627952be05a418c2d835293ffb66,112870,0.0,0.0,0
R4_aB_m0,1,26,D,COMPLETED,39,69,31,8,30,29fb1bd7048afb95c8f74d7e477b3ee6b4e574b50b653e048ed5be74054cf839,8f9c230688c06a9f0610030ca9f6a2513850fe076185a0885a1a2c9215175a0e,112967,0.0,0.0,0
R4_aB_m0,1,26,E,COMPLETED,39,69,31,8,30,3a22fd4a3e1b91f5429b8aef4490ec67ee3bc289e9cdf04749a26e72f3d06c1b,3937f65f7bcc44535d09c322b01828d6921e46b4e7285388a383bf3f1a9b37a2,113680,0.0,0.0,0
R4_aB_m0,1,27,A,COMPLETED,39,69,31,8,30,6a988642a8535d52d62f551e87d8f38976024911d069464e9b46fdae4e83692e,55eb3e4d5502ea1ec57457f49f73867fd719703aed63dcc1e9ebcf9a0aa10d49,107928,0.0,0.0,0
R4_aB_m0,1,27,B,COMPLETED,39,69,31,8,30,8d7fa85f857ae3319a416923c87b79451ad6c47aed2f31eae0e53b44eea7c0ca,fedd50915ecc3d821256baa0d125a16a66688a778638b2c2e876bb9f36f9d9ee,110900,0.0,0.0,0
R4_aB_m0,1,27,C,COMPLETED,39,69,31,8,30,3cf4026fd7e3bf0c73a4452316e0e9fde8bb7079c6bcd63c4e65ff2c02c8740b,bb9788da782dad305e3c7dbd669415ef5c16a70ef5be043824497f8efcdc0ebc,112983,0.0,0.0,0
R4_aB_m0,1,27,D,COMPLETED,39,69,31,8,30,73801bed1c0a98b6a9ffe963f1117f654cd87afd9e7aead6a06dd6e0a027bdfb,ce4fbe3a4257b66ec2fc6abdbcd50d3703ea59c15aebbdeafa145d4a39c7ecff,113058,0.0,0.0,0
R4_aB_m0,1,27,E,COMPLETED,39,69,31,8,30,c4c2e48fd7ae166ad7aec746589e5f7ac0d5835c24a14cdadff8fb475d422a29,f70d16c023e717e3ac6d5dcb3b80e291ab267db26ac6b4fae5dacc320a26fb73,113778,0.0,0.0,0
R4_aB_m0,1,28,A,COMPLETED,39,69,31,8,30,32dc885ddf6945e9790a0182618ae4340555af355385464e0a1a3861b03f710f,7525a2a98d1f668bb511a8bfd7434fc846204c34d17938dadb8a92c2262a5a2b,107988,0.0,0.0,0
R4_aB_m0,1,28,B,COMPLETED,39,69,31,8,30,997c6ba64c526cfe82f56ece6be612623d46b5ca8c6646a0f3b369d6d99e154b,8449fa5a4ef9d5f0f9f427649ae42e65086960970f488c26e97db8ccc30a6893,110852,0.0,0.0,0
R4_aB_m0,1,28,C,COMPLETED,39,69,31,8,30,e89f897a2e85100ed407bb3d55d190dd8ccaf8ec4d8923295e7d718cf6ceac1a,0fbd48aa51fb579cd0fbd4ad99168f42b9c772151e26edbd2a73ccfa62ff46e7,112907,0.0,0.0,0
R4_aB_m0,1,28,D,COMPLETED,39,69,31,8,30,246400e84ec6c60df4eb1dc72918d1b0b9daa74a92df961c6ca9783653ed9d86,41b26f975aa59b9e2ea9eadc07e0c76288a4c09d94287dff62a27822c172d322,113012,0.0,0.0,0
R4_aB_m0,1,28,E,COMPLETED,39,69,31,8,30,0782da517d557cf5e24dec461022511d2899ea8855a2d48a1eb4f11dca7452ef,c84ca28928672380beb64c4fe9484ef9900c9ad3d5d3279a594088919b416075,113730,0.0,0.0,0
R4_aB_m0,1,29,A,COMPLETED,39,69,31,8,30,bc2cb6c8c0148d2da7975ff811c0efce8c3b053bbf38d4278483ab3bead70461,1737b8ec19fbab97842f46ce9aeabe277dd3c405ce68a5fd149952f203671fcb,107985,0.0,0.0,0
R4_aB_m0,1,29,B,COMPLETED,39,69,31,8,30,d9b53d5b4b733eefccdd5aeb10cd1f2500f985b37e3eafe2324a4a08eec92146,4df9e4d8f8ca98c9d80ce39c472cee58381a205c8a7220af985c5cfeb322baf7,110884,0.0,0.0,0
R4_aB_m0,1,29,C,COMPLETED,39,69,31,8,30,2fe903eb9dbdeabd1103f8c80f6815e1a953512c57e87e0fb26866f5a2f0b7dc,793fdd3ef6605a6e4240babf88792f97aae1f59f3c3d0dc157c5fd39f867162f,113039,0.0,0.0,0
R4_aB_m0,1,29,D,COMPLETED,39,69,31,8,30,88c70af757c08398aa43b77bfe31da8f7b88ec718f75acc45d635e9a8d3482d8,7eaa893ecb6c456d0b27c989c3cef9cbbca946ed30eafb8bec4bc0560dc8862c,112939,0.0,0.0,0
R4_aB_m0,1,29,E,COMPLETED,39,69,31,8,30,49f2eb7147f99ec818be59f5a156b43b9ffc65522f5f54e4fa2b4d727477ea71,6628ec16b31ce17a7e94ce46801a13ceb0ce2de5935abfee546a6f7f1cc5869f,113837,0.0,0.0,0
R4_aB_m0,1,30,A,COMPLETED,39,69,31,8,30,bbda81bcd7ebc8146c6a077c954f90bb65d993789a3f0f17589648e96a7c0b09,7a4fe9f145017330ab6be8359669f0d44ea6d1b7c92df1f1cb572d44a61b5349,107985,0.0,0.0,0
R4_aB_m0,1,30,B,COMPLETED,39,69,31,8,30,e56b26ad6ed372aab80b3ba1ac5068356fd8c904c48deaefb3fb13edcbf02613,7346d82fb549f23ca78bf785eecea1571b61700142f0e663d654a409fa3c8b77,110962,0.0,0.0,0
R4_aB_m0,1,30,C,COMPLETED,39,69,31,8,30,f0a9be9e00731054e69167271b11d7ad64d45650e05a799d4344b2a6629024e4,697f4eeda265fa8de529812907e79c35abbb4f703c503c1eef09e637f9d40b3a,113009,0.0,0.0,0
R4_aB_m0,1,30,D,COMPLETED,39,69,31,8,30,40dd3ba6fef0ada22753cfac9b4aba57f753bfc9660511f17136ad23ad3f362a,833a837469608514a1ae243789d25935c7fec0c3836c7b6ce27397f9990ec939,112993,0.0,0.0,0
R4_aB_m0,1,30,E,COMPLETED,39,69,31,8,30,f0b583255df69b17eff9567f9a1c272aefb3c0f8c403d5c8910b6682dc419658,e7af01949bca27027bdd3154300bcf5c6ce64bcc116b5e5961be8308b318d3e0,113909,0.0,0.0,0
R4_aB_m0,1,31,A,COMPLETED,39,69,31,8,30,3af33f374d8892a95043c732dcb06826c6695d0c707ee17bf19ee68d101fe4a6,d140845a6ccb52caa0cf3d3843952791e42e049db659d1bee62e0c8a86d24caf,108061,0.0,0.0,0
R4_aB_m0,1,31,B,COMPLETED,39,69,31,8,30,2a1618e66ce29728e2fbea034fa54fd7c7f181bb549a25a0f68a1e5b7fbc5774,0ccf0c1ddef0045f7bc44942b84f1642db31b6a4df84a96b5973fcfdd4e1c6c9,110867,0.0,0.0,0
R4_aB_m0,1,31,C,COMPLETED,39,69,31,8,30,95d3cab9a2b91888478ddd15f1368718aff5b3af7b77e1a778c874efb7956ccf,4125a3e85e8c86c0c2224b057c51c85cdbb44cda0657f9c22344e850f0a1b9f4,112890,0.0,0.0,0
R4_aB_m0,1,31,D,COMPLETED,39,69,31,8,30,c1522c966f9a4f18adc85726e7b608bd2989134d7177f2a7a711d0f13946ce22,86317d20a752ea63774dfdacca29ea8e40dfdbd12e158edfa2cabdb639d565e1,112935,0.0,0.0,0
R4_aB_m0,1,31,E,COMPLETED,39,69,31,8,30,571eea5fd79e1df6da0364dff7a85b5f404dc6aed66c2b566698ee9dff161beb,ed94142661ffb88121a123ccf167f5a38da6eaa6f19e714724eea41ce2d6cc9a,113731,0.0,0.0,0
R4_aB_m0,1,32,A,COMPLETED,39,69,31,8,30,5ff0e5aee634ac6cdc46e90fa62da5393ea825a568ad2cd9186651ba06b6013e,add0d73ed19fef472e3e0d7dbb4bc7824d59291c569e844ad9fe40b32c56fe02,108170,0.0,0.0,0
R4_aB_m0,1,32,B,COMPLETED,39,69,31,8,30,1af859875687cec42597fbe9e819563a1d01c657cdee49667c6ca0a24d0246df,280cfd65f187b0e391ee8720789d5e0f7eba7eb48d620007dd0f7c9dfa8106df,110863,0.0,0.0,0
R4_aB_m0,1,32,C,COMPLETED,39,69,31,8,30,a0028003b0924f86045c3d9b0c6ce8dfb7430d28a44d8465fd0fa9a9d218e29d,4130978a2700f14897da76771628c992dbe04a97097df95fcd4524c04697a502,113012,0.0,0.0,0
R4_aB_m0,1,32,D,COMPLETED,39,69,31,8,30,df733c86ef80f232db671def115fcaa81374a29492b83dee95b962475bb72ab2,32a7548324d9b4f271f3beb7a41ca1ee8355e5d6dfb5b2eb096ce907c8d332c5,113041,0.0,0.0,0
R4_aB_m0,1,32,E,COMPLETED,39,69,31,8,30,2dc5930450fe98f1859a622a1e34ccfaf1367becddeddf9f8a02eeba87865402,89d990b18282ee5cdbfc4d14d87d455700962ee72742a353fa8c39397c7b0802,113637,0.0,0.0,0
R4_aB_m0,1,33,A,COMPLETED,39,69,31,8,30,0cfe7183b8fe37a7b00e7ff9372eef329c9b22eeca870881b666caad605add65,daaddd1f8248c68feff7678cd209e2ee169af1637ddf614c8507984a326d5528,108016,0.0,0.0,0
R4_aB_m0,1,33,B,COMPLETED,39,69,31,8,30,4a17ca7c4ade0d0490730a66a3c97dd19548bc0b86c9f107cb9a644ecc2982bb,8533f5ab515e22dae9753ec456c49d9dd0559a54e498c5cc071c798967ef651b,110871,0.0,0.0,0
R4_aB_m0,1,33,C,COMPLETED,39,69,31,8,30,e275c0f76baf77ba6d75a4a7885cac0252af56fe34eb627db752a9e5406743ed,daf13bcd7826aa5d044b5dcbb8772633e85929318be72e0374baefa7611b36e0,112961,0.0,0.0,0
R4_aB_m0,1,33,D,COMPLETED,39,69,31,8,30,074d35cf2c3e53b8682b45706396195694c08741f4a239d8713d556272c7ffd9,725e59f7d0a7fb89f97196ae9cbb7b59aa91a8fd97d9a6e310894133e1edf944,113021,0.0,0.0,0
R4_aB_m0,1,33,E,COMPLETED,39,69,31,8,30,888651a9278d90975282aa16004884fb5e326f6d6cd4b7994d6a826b50bb51e6,50c85d5494927dd8e54aca6256119f5a9ff911d9c4bc10bebe7bfbf221cc5d4c,113715,0.0,0.0,0
R4_aB_m0,1,34,A,COMPLETED,39,69,31,8,30,f9027ca2d633cac35366c825229c30ad1837997cb3019bf970aec8e12c0cb7d0,4402c5dba864423b9d3bd99b98968c2c6361e10c868b70b37cffd4fc4ceb4909,108008,0.0,0.0,0
R4_aB_m0,1,34,B,COMPLETED,39,69,31,8,30,9b7d09e81ec987eaabbd85b874d45be6f7ef52755aa3fa33f7c58f183d4445d9,532b5ecfc39bc64fd1fbce90ba4d1fa8c01151394349a4aa73ca636b12f4b12b,111024,0.0,0.0,0
R4_aB_m0,1,34,C,COMPLETED,39,69,31,8,30,adbc59448068a785ab2988ca2dbd09cdbcc1b7358fe79b1bfa191db812cedb80,856699049e866028eeb9c29cd8945863e479815f2e3211e9e327e2655c22d2f8,112863,0.0,0.0,0
R4_aB_m0,1,34,D,COMPLETED,39,69,31,8,30,f6c91bbd76d488345f04727ded3f92a1c3b10219f48da34ad4237aca6a71d408,eeb42171452e3c97365e1c06c2e79d307737425509d4ff6c7f9447a28478249f,112928,0.0,0.0,0
R4_aB_m0,1,34,E,COMPLETED,39,69,31,8,30,9bd287ac90293cd74a2546c8308eadcd78dd36be45625a7ad684f90c5dd6527a,2587ed5234fae2700b778bba53c5df8a9b1f60270cef715d7c5ecd69d29008a3,113697,0.0,0.0,0
R4_aB_m0,1,35,A,COMPLETED,39,69,31,8,30,dcd23ff8c55b42d26054124b60e03917cf2bdb249bd858050e5aebbdd94d197b,12e251026e29b2bd04b5de3b60e54ae5875732f43b8db777c233966444d0e824,107991,0.0,0.0,0
R4_aB_m0,1,35,B,COMPLETED,39,69,31,8,30,1518a17cdb7db073fe48d5058a90c9391c0cc18d8e87c11bf7487051a1afdca9,44e67d17b1b4783a4a8fb90320f5e310022ae1040855a87c84d9613d8463244e,110814,0.0,0.0,0
R4_aB_m0,1,35,C,COMPLETED,39,69,31,8,30,b9a1df912f2ab9e437b38e1e9aa15e57753d34193b97c92a23bd05c36e2a48ee,b37700315ae376ffead2d22772d8f199010e2e1fc00bf2cd14a228644937875f,112952,0.0,0.0,0
R4_aB_m0,1,35,D,COMPLETED,39,69,31,8,30,9f04459b722e5d5ad0305ea8a6e1d63c6b1b94e7d63187a32c00217d21af0b61,048bbfd9c865eddf738ef0cf345c886f84d9db04a59b5166b334df3189022065,112874,0.0,0.0,0
R4_aB_m0,1,35,E,COMPLETED,39,69,31,8,30,2bd22614a984b7c3ccf2e1499c35a8395d97e7d78b770a8ac2dc5cf38caea616,68f0d5845c5d6b40f9eca1532a14b44ccd3c5534ee3ddb30cc45efcfa1728592,113801,0.0,0.0,0
R4_aB_m0,1,36,A,COMPLETED,39,69,31,8,30,58d908f0a8a55aa5736d236527aff97849e03068eec170df81e9e32332ba4336,c4df436202645f54e45f32faf857af2b14871e5c8f9cd5075e74e2782243bff8,108036,0.0,0.0,0
R4_aB_m0,1,36,B,COMPLETED,39,69,31,8,30,5c01152a61bac5ced9550cb2d0e116ad761163c68c262cbf9d5828e51ebfc0a0,9c85323228382f499948e9a4e391f3b1d5f7f2fe50007b85747e6120f5c857ee,111106,0.0,0.0,0
R4_aB_m0,1,36,C,COMPLETED,39,69,31,8,30,3271181db57336616f1395274fb56ba71620fa1768d28c2876ec4b7756ad17ce,489e038fed04898e653db5e57c88efa5f42a836fa111711d4058510f316eb623,112901,0.0,0.0,0
R4_aB_m0,1,36,D,COMPLETED,39,69,31,8,30,244813c372c61b39b655580b9b71dfb28db0938b20a1cd25984e109897735bde,c6820e8548e494f77921d36675a6917f88c6d1221ad9d8f4ca625b9a1113e4bf,112924,0.0,0.0,0
R4_aB_m0,1,36,E,COMPLETED,39,69,31,8,30,e94436e117f5411e7964d073a87de9746bd9f9b386d028c1bc9302919267943f,9b454cab5da09cc1f93702351e27722606b9cb7352c71705a8750b81b1d142a7,113730,0.0,0.0,0
R4_aB_m0,1,37,A,COMPLETED,39,69,31,8,30,5d2807f363a56c35af8606b9b0f35561b54a8492c4416d0ea039daf0f5189e58,b9ebfd3ca220df1d5447b41a1ab58cd125329d6abeeb2c2be45a925d7d59580f,108071,0.0,0.0,0
R4_aB_m0,1,37,B,COMPLETED,39,69,31,8,30,d9f319d1dc681c047d6a0c0cc2547108ca463188a6f6238c8f424ed45d4c651b,762b28b233b3f05a1abd21b5523b2f2fbae033140cba0fa659a0a16d8d6fbcfa,110931,0.0,0.0,0
R4_aB_m0,1,37,C,COMPLETED,39,69,31,8,30,6ca18bee08653773545ad3d93fb3b43bdab822c29f6c89ed7290cbf4e927b5f1,fdb84e568eee88debb04f95ec45a9180f9ea6e3745d7760164ef11c7ac0064a8,112934,0.0,0.0,0
R4_aB_m0,1,37,D,COMPLETED,39,69,31,8,30,a040ffe18fc719af19320806321eb6ce3f722945cce04508fc8df03f7715f95e,271dac0e9aad764b7d7158ac80f1673c9b591c7780f36424934e19c5acb356ea,113091,0.0,0.0,0
R4_aB_m0,1,37,E,COMPLETED,39,69,31,8,30,f42808a97c62a581960a1bc986cfb9d866dab183a92c42f0ca12e1d3a426283d,1cb3de12e45990f2db03b38f567822219bd4f368c780ab249a3125e7efb4612e,113705,0.0,0.0,0
R4_aB_m0,1,38,A,COMPLETED,39,69,31,8,30,1bc0685ee78c6ec915c6c5065b65094862814d4a9dd03c07e2e0b5261628655e,d897d6da9fbd38fd93224acc923aa27514f849c11266540c351e39e63753438b,108136,0.0,0.0,0
R4_aB_m0,1,38,B,COMPLETED,39,69,31,8,30,bca52f25be4763013b35399ab465147b93c68095fd287d7ec5430fae2419c3e2,57a0b90d15386ed68feb983bdf30409994939cb0f1891e8dfcaffe7c697dcf67,110827,0.0,0.0,0
R4_aB_m0,1,38,C,COMPLETED,39,69,31,8,30,98d0625277705b135aaa4a0341a4dda8104a535c2564d25cc18f52f2f6c1f602,cf2bfd9f98e4e54a6657ec28ed162f3c55fbd5abac2018a5d4c6781e40ace506,112984,0.0,0.0,0
R4_aB_m0,1,38,D,COMPLETED,39,69,31,8,30,0bc56b2736eed8c25bd5005f3497a46f0d98d80a477f8fc344436e13a9173e6c,a7a8c132bcda4d2d2797ea8458fdd8e53e393bd512e8e45736d6f9f47c363c2b,112814,0.0,0.0,0
R4_aB_m0,1,38,E,COMPLETED,39,69,31,8,30,1c2ed0896f6224f1c11d86c0d56f5d2b2daccdcc391319758d15ee3af4ca18c9,4f7c3bd67670d750dcd5da1d528d8d55339d4c26421f2088833a6297ec115f6b,113823,0.0,0.0,0
R4_aB_m0,1,39,A,COMPLETED,39,69,31,8,30,4eb4aae28f2c5eb9db6209b8d11fc2787360cb48dd4cb8d76d151219fdafd9d0,20aeb2b6a172070f07f6bcc83811f8f35bf53efdd03832f55732d5e1d3d80f60,107973,0.0,0.0,0
R4_aB_m0,1,39,B,COMPLETED,39,69,31,8,30,b0f41fb9dd2483aeae1d8c37b5ecd6f59c0e427bcf15581d19db5ae5334f8001,71463f8102ae45bee3fad51e9e0d76cc64e3082e4cc0a6c4b55892be8919e5fa,110839,0.0,0.0,0
R4_aB_m0,1,39,C,COMPLETED,39,69,31,8,30,052d3b1122f2135c2210e73528cfadabf20a51aa64461e60f473c504e4cadd9b,c28000872975265c278cfa016a4bacdcf15ed17f469766f02c852f23ca2276fd,112874,0.0,0.0,0
R4_aB_m0,1,39,D,COMPLETED,39,69,31,8,30,2b623984640f4f0b3e46e8c66a8d8ec3851a45d869fcf1395a97ac7739213de0,a98ad671a7ceb077fc5db772e94155cc812ebb655b8fe0f77e2087cf39005bda,112916,0.0,0.0,0
R4_aB_m0,1,39,E,COMPLETED,39,69,31,8,30,9bb73630a9f997d2255e9bf14467fc9647212c9cf711ca041eab8bf976e0b31e,3c19dba8ff1f6a98ae79227d7a5da7c0f38cd881542819723e789d2353748ac3,113823,0.0,0.0,0
R4_aB_m0,1,40,A,COMPLETED,39,69,31,8,30,fd57b3b60ca184637bdc42461e02589f3b2c1bb8a5dd5c69311659fe09c78cd1,c72ba0e7444fd8c50d73bf28e0593421a61bff66f0edfefcc4108c5e606e5061,107990,0.0,0.0,0
R4_aB_m0,1,40,B,COMPLETED,39,69,31,8,30,d914a90ab13a3cf7a2bbf7a21e35367c34ec68d1ec9e971885a2647426e79244,4a40e2ac4e43e3df84ab0d2658236c5bc4544e8fb4703d397984c70e80c92c7c,110942,0.0,0.0,0
R4_aB_m0,1,40,C,COMPLETED,39,69,31,8,30,8b6a04107e982657aff5dad9a55da1b0f7e37f56e6d96433f81dd7faee285b51,d4f8722294b0de44988fb8d2d6eced865e08dbceb951deb80598f51c347004c6,112907,0.0,0.0,0
R4_aB_m0,1,40,D,COMPLETED,39,69,31,8,30,49e00f54ba9e4998c958242b22d566824a709c5ed27e11c69210a6a0be9cfa8a,f1373dec79dcb89fd25a37308d45a41dd4e4bd851a8afc6c9c555327ad18869d,112904,0.0,0.0,0
R4_aB_m0,1,40,E,COMPLETED,39,69,31,8,30,0effdb4512b6fc575e6c68cac3676d4716fcb09a8e9b868febb9637ecc81b29d,32380e70aa656cd30f54c06a725d651c2521e5bd5554536e1b38bf32251054fa,113679,0.0,0.0,0
R4_aB_m0,1,41,A,COMPLETED,39,69,31,8,30,85f9541ed0d7d4c6060a8846b36819aad68d999b946d12bbf1c4487da9018251,e94bbce5e25284aa45751843c2955efbaff7972eafb0edf9c733b81d8f8a6330,108088,0.0,0.0,0
R4_aB_m0,1,41,B,COMPLETED,39,69,31,8,30,6e5cd3d3e929b3cf1469932a0a236bf55665cc458b2aee2256504e88fb9eb001,d3993111cda10206c9620f1f194ed6bf5752fbdf6e9bb0e96b0ded34c22defee,110891,0.0,0.0,0
R4_aB_m0,1,41,C,COMPLETED,39,69,31,8,30,96da8b2f38fca94f14487f1747be5cfbda3e0b47e7a265b44d5ad3584af41a54,b726b35071a3836d60e7a4c1588415540f16e842191bef5d4d5d63aa4df60638,112971,0.0,0.0,0
R4_aB_m0,1,41,D,COMPLETED,39,69,31,8,30,ae92e86943421bad76349c45650cc6e0b14814fc5f2f36ba335376f24a3e65f6,547b08bc8634778a3271274308a3f1fa2bc0746d5b9e52f95ba19edd2980e6ac,112957,0.0,0.0,0
R4_aB_m0,1,41,E,COMPLETED,39,69,31,8,30,9239c4502d5cda3300a0bc050c53c295b6aa162fc248d025fc1bc2867edb47b7,fbc795428e55819b9c62f27cf6499c02476cdec36e71a2040306b02a373223f5,113740,0.0,0.0,0
R4_aB_m0,1,42,A,COMPLETED,39,69,31,8,30,4e4ffcbef1de237968df2096b4f4d1b52f7508252730e703a7caa63c9ca439e0,4d2bf39d8ee35e9d55cb1a5ab9b38aa1b49ea70511da7405e7a49f7e0b01d17d,108141,0.0,0.0,0
R4_aB_m0,1,42,B,COMPLETED,39,69,31,8,30,7f27e74d8233c4e5d5a531a6101fa8e2e34bf23b6e496c5042d434e8569be191,b71ba37fbc53688ea8efdb2d7637ece6e2471e430ba0e866dfdf01330780a697,110784,0.0,0.0,0
R4_aB_m0,1,42,C,COMPLETED,39,69,31,8,30,7c2b1ac79ccb2a6da97fe24e24ede9450f73ad13a951bd8f3465f9a0b16972f3,1753263776755bd26467c70faf3192b535eb86329a40d8ad6095827987204d03,113041,0.0,0.0,0
R4_aB_m0,1,42,D,COMPLETED,39,69,31,8,30,661bfc3c225a2daf09a4bfe9a8a2555c4f2ca3d33b9f6d966fe9601b27befa54,79f93be74d0b9be04b865078afcc752ce2e57e07d5d63f740de6f4917ccfda59,112964,0.0,0.0,0
R4_aB_m0,1,42,E,COMPLETED,39,69,31,8,30,1f6b7b49499081f2ba900c07bc9e00e296b33d3544f2cfebb6a28f4d025a668e,fdc155f33975f72e4d6eb6a0cdc810cba285d1ef461b0c2be025d16e0e131075,113855,0.0,0.0,0
R4_aB_m0,1,43,A,COMPLETED,39,69,31,8,30,791daccd4e0a6ceae6add6419fbf44815f6eb7346e5208170c6604fbe0fb18d5,6fb57cfb8d216a3df6e9adffaf090bd4e76962d28d9b0190093b2496f90620e7,107878,0.0,0.0,0
R4_aB_m0,1,43,B,COMPLETED,39,69,31,8,30,7c0eee26c9fb6b27fc92cbc269117a109c68a550be7c53594d94f791588219b1,f82d7af79c687e85ad15c697cc101b58faa4ef19dea5a88c82ed902848341f49,110904,0.0,0.0,0
R4_aB_m0,1,43,C,COMPLETED,39,69,31,8,30,b8e807d0296a68b33a6f9dbea344847706d8943d140457ce134f35b8941d7e19,a01ad4aeb2eb8a08b3e7853648558512c419b206fdf30975c5039dfefdd60847,112987,0.0,0.0,0
R4_aB_m0,1,43,D,COMPLETED,39,69,31,8,30,6a7e905dea78c04b168a39f745c376cb770406dd164b65af5923e3f1d1f66884,a156dfc2d9d0e6d894a10d262a33a5b85bc333b6a0a36985b305fc897081fa09,112948,0.0,0.0,0
R4_aB_m0,1,43,E,COMPLETED,39,69,31,8,30,10e81b402cc931bad992bcabd4500f031e4ca02a951d7dd0ac7c938a370232ac,6154ee85c6876880d8e1b132dfeb8c51fc033913c053a44e0f0caf38195feb41,113769,0.0,0.0,0
R4_aB_m0,1,44,A,COMPLETED,39,69,31,8,30,892013f80c70997f5056515938f90651e4503ecec8d9c5f96a2a2cbebe3ffcb1,4dc27275e605c84fea8ab31071cbfb7b027ebb3d12243c105125a6c948cda628,107880,0.0,0.0,0
R4_aB_m0,1,44,B,COMPLETED,39,69,31,8,30,1600985424ce1d721fb640ca801c8eaf19c30328a817589ab6e2dfa1d17b2533,913e941c0f8c8df926eb0351940635d0ab62de48613f6335eb068d310d2062bf,110881,0.0,0.0,0
R4_aB_m0,1,44,C,COMPLETED,39,69,31,8,30,92638fd20b1ce2ff9133fff4e8e3714d6d56a62f6c0212b6e64e3cfb4970c566,d5d59123531f0e8f1c9281f15c429ba66be1934929dc4463c4efd8ab69701811,112902,0.0,0.0,0
R4_aB_m0,1,44,D,COMPLETED,39,69,31,8,30,b3a2d5eadbe75d45a79b15eb539cd828a48f85904de02adfe887f2b65748ce88,a4e3f526a912cf6df34c801616d08b1f1a2e57356b0e038e11fb662b08c7f62d,112973,0.0,0.0,0
R4_aB_m0,1,44,E,COMPLETED,39,69,31,8,30,4faa209d7d0c31feb7168697bf127bc04b9d7a0c7dc3e2cd6bb767f778502fbf,b22439735e7cef6db1e85cc5bf293d95acac416085f8bc36bf0a313bd4cdacfe,113776,0.0,0.0,0
R4_aB_m0,1,45,A,COMPLETED,39,69,31,8,30,5814e60096250a2f6dabd7f38de5e8e8342d5752bef36c14747d68251d5a424a,f8da7b9cf58d2a96b53eae2bc040a43a434256a295c3a74e543dce7216605702,107879,0.0,0.0,0
R4_aB_m0,1,45,B,COMPLETED,39,69,31,8,30,63c3c468a7c830adaf876b74c090e9e44f0268256838960bc322b07bb0f8e886,a142e240319e852e101bf47e7decdac4adee5644111b12ac03b4236077f694d1,110901,0.0,0.0,0
R4_aB_m0,1,45,C,COMPLETED,39,69,31,8,30,a48656387fa6a40b15977c18c5385329501a9dd97e301eb27b63996cf1cd2b56,4756d05377e90265cfbf964ffd5d62e0de938294495a74909cb49cd1e240edcc,112930,0.0,0.0,0
R4_aB_m0,1,45,D,COMPLETED,39,69,31,8,30,addaea587e0efbee44fadc2c28542030fc95dc335cde3e1c5f9107ffd83f59d0,813a0fd56c81e8a27f08b6b6a4fa8b268d5c7bfa427a0174685c90b9c073d135,112883,0.0,0.0,0
R4_aB_m0,1,45,E,COMPLETED,39,69,31,8,30,fc4aacd472668d5683a8fa407c02d461d3d4317e607d1d5b1350c2015b36628a,63bc8519cdfc109053eaa54a45148ff43463d05b5a821a6d3cd4ca362c13ef70,113580,0.0,0.0,0
R4_aB_m0,1,46,A,COMPLETED,39,69,31,8,30,3852d772cb1de9fce10d3c67a5f1fc884afd5162f1c6db91bc48ba05949965cd,405e4f01cc08e9ff32ffb10c4cbb6970a4718299893cade38868c0b5a6778297,108207,0.0,0.0,0
R4_aB_m0,1,46,B,COMPLETED,39,69,31,8,30,f9adba43e6a54a2c7ba2c18bf102088f6dd9d77f8a4e6f93802accd88fb242c6,da8ad98875743ec0520ff42310e718403f37e862ae3422588779a1076a72e99f,110934,0.0,0.0,0
R4_aB_m0,1,46,C,COMPLETED,39,69,31,8,30,7b09413b161c87d0c0117ef0f024ca658092554deaa726346984627c9d008665,b61e4047ef72759d0329f424b34b603697007449c2260ba042c4300835b4715e,113099,0.0,0.0,0
R4_aB_m0,1,46,D,COMPLETED,39,69,31,8,30,9d9fab97f08205aa0c1f50ece3e2b4e97518bf6e30ed049d9c0515f56fceb301,183f1dbac200675983db5f8220415910ffb471f3a500a23c8ab98859e4bfa756,113084,0.0,0.0,0
R4_aB_m0,1,46,E,COMPLETED,39,69,31,8,30,f8e02ff5381600450eac6356d07ed86ee7a056e57a82ce093f7062629cacc084,3233a425e6a2d28e89512ec98ce99adde6605f3f5dea0e8d2abc804c0c887211,113704,0.0,0.0,0
R4_aB_m0,1,47,A,COMPLETED,39,69,31,8,30,862fe9638b5bc7d9f9c174fddcc7bd46f71c0d164160217ce8e0b16a0e126922,e9f1daf4230c53d711dec224cf8baa817f8b31231124ae62802021c693173cfb,108052,0.0,0.0,0
R4_aB_m0,1,47,B,COMPLETED,39,69,31,8,30,30dedf3cf741c92ad76c43287fbd210258ced19dcaead42cd234d152e4edd67a,7dffa7afb7bc4d3d47f74d487c177d55fe372813b56612b7134e9c5156b8ea9c,110887,0.0,0.0,0
R4_aB_m0,1,47,C,COMPLETED,39,69,31,8,30,0afa3bbfe26eb158af597d8adcaf6a5e9e090012aabd2fd79a552e2b5154a315,edcd7b29ffc8efec384846eaa962f4652b235c2aa0288331a941a5bcff6e3259,112908,0.0,0.0,0
R4_aB_m0,1,47,D,COMPLETED,39,69,31,8,30,04435d373b0cd075da8341e9ab06142c0e3dc114aa8385125c7af81e74086c5e,6143ff40332bde20059a2901280b0c0335f9cec72ebc735e2599d6e92b66b1ee,112949,0.0,0.0,0
R4_aB_m0,1,47,E,COMPLETED,39,69,31,8,30,84cc532fd5b2d622f867803c98e750725fb323d1fc5de80798c3988d72905cae,6db9c1988d1c708a8b8a01be1594eb35c431740efe5a8633a9b8876af9f5188f,113683,0.0,0.0,0
R4_aB_m0,1,48,A,COMPLETED,39,69,31,8,30,6869ece31a0faafb88b8f6b702b24328baca8916b95779e74ffeeb830fc1653f,dfcc746ac75aba34b25d7f66eac291f0aa479f516ffc79fa49035ba299b6f271,107895,0.0,0.0,0
R4_aB_m0,1,48,B,COMPLETED,39,69,31,8,30,9a034325d2e6f9faf9a60f9f26a15982fdc30f69bdfe294f444d9ea1393b1c2a,6d34885caf5005a34d0cc9a1d351f3d3e93e76ee075aac583fce9f3fe6900ba3,110733,0.0,0.0,0
R4_aB_m0,1,48,C,COMPLETED,39,69,31,8,30,1b32aac8e5ac593a8a1d4027c14e797b9b433f309dc28ac3d45c64e321b5d07b,4b5d935395e5efa2626517ce1a880eb6a3ea068051c677b66dd1c84758adba4a,112934,0.0,0.0,0
R4_aB_m0,1,48,D,COMPLETED,39,69,31,8,30,81c0fdc55fa2845706d15c53cecca6ad6d172469094dade6162fe124a329d9dc,8cfedbaacddc403c65613f79635bbf6c05ac975d0794d1e80034f6142cf262e1,112951,0.0,0.0,0
R4_aB_m0,1,48,E,COMPLETED,39,69,31,8,30,0e8b917d65a5c53c86b1d54a233c3d0d0a6a1dfb4d2421b57fbff99c324c7e6f,cd783507c62b45c70e0b2111cbc0780e45907b69c590f4e8e5d030d98a9913e5,113794,0.0,0.0,0
R4_aB_m0,1,49,A,COMPLETED,39,69,31,8,30,bea3ca7a56427bc219a81d38411c2296d620ace4596a8c5c8ae032d5ed3bfab5,bff7526b072a4979f06d898dc3fa3ce86d7bb05b311725bf2724c99679fbacf4,107886,0.0,0.0,0
R4_aB_m0,1,49,B,COMPLETED,39,69,31,8,30,a998f56e936f1e7588f23d1d9431e3220c62dbd5b85560bad3ca8735f1eb4ceb,f22e3cb39dbcb91427fd2ee4e878de57e91979557000d8a41a7fd0f16e52fc62,110914,0.0,0.0,0
R4_aB_m0,1,49,C,COMPLETED,39,69,31,8,30,228917afcd56ba92a691f1caa7279de0196d20aff7af75e8eda0896b9991fb16,976e50f8e47db01121e150ebc01a264964251f94a65e735826df794ad4b40747,112881,0.0,0.0,0
R4_aB_m0,1,49,D,COMPLETED,39,69,31,8,30,1a439f1e199d90ef090da982edc2ca10827c1fb4e58f26e08b25bb5862fadebc,9996cef3a40e4b2fe8b35123f197268e5018daebcff31368236bf610e6e02ba9,112878,0.0,0.0,0
R4_aB_m0,1,49,E,COMPLETED,39,69,31,8,30,28784828968d7855bd192152e7b8a55240803d7d86e48ee3ee09ddc1f66b6ab9,e6340e302fb5141914daa8fdc55a97835f0425b1ce910d5de0dbc4c97c7aa92d,113634,0.0,0.0,0
R4_aB_m0,2,0,A,COMPLETED,39,69,31,8,30,6bb8642e93a3d88375fa39672adc8d2b6e0e1a46287086bc4b44a7490bd69d62,af474cbf1793def2069f4b5997360854a11826d7b3a3549c504ac1152905dcf2,107951,0.0,0.0,0
R4_aB_m0,2,0,B,COMPLETED,39,69,31,8,30,b6846ca1238afefda7108fea6cdc61630ceb5e86ef26696fe3d20fca7a5abd37,b8c4166680e299c76801d16bd9fb1cd5f37d6ede1db1a001ce451725401de612,110998,0.0,0.0,0
R4_aB_m0,2,0,C,COMPLETED,39,69,31,8,30,f43043a414a90f1845e8a6fb1527698908a171e621e0c4957f29a68fd64055e2,cc3475adb20ceebd77239024e389f7d5019f7e0c63f7a5b2e758f971aa9e32a9,112942,0.0,0.0,0
R4_aB_m0,2,0,D,COMPLETED,39,69,31,8,30,862d721a1580ae26430877a03445e54fd35ff9c1228c6dacc54c23048a383ae2,9579b87666586f24dc96a44c73f24bac85323361c9bee89b5e8a8e0add70eccc,112948,0.0,0.0,0
R4_aB_m0,2,0,E,COMPLETED,39,69,31,8,30,d31a528adb3d679d8847796c3d334604dce223390a26fb16297163fa9ee0cd3e,658d150ca421cd8d39086ad1b46a9793ec644e7b9afbb5ad3956e7017f624e35,113751,0.0,0.0,0
R4_aB_m0,2,1,A,COMPLETED,39,69,31,8,30,3c59e138dba8b2aeff05d25a924d45cb1243963fba94aad89151ef2d9def9690,06bd213200755a8a6ffd35e41bad35f3b0a48d9f82ea74c7b6fe72e6c94b695d,108080,0.0,0.0,0
R4_aB_m0,2,1,B,COMPLETED,39,69,31,8,30,dba43e29d67d38310831763e6e1949fad74691246bcb1f518d908a3cae60deeb,477722bee4974ee0dbcffa7df71d3e7a7af49970d6690f99ad451161fdd1a88b,111063,0.0,0.0,0
R4_aB_m0,2,1,C,COMPLETED,39,69,31,8,30,2b48e8d10de8e89754780165f1228f7101e5c59e7cbdbe21be0f97066c22155a,61090e9f0ab1d9573513f2558775e28b6cfe5a51144b565f4b2bb67aa71c8072,112916,0.0,0.0,0
R4_aB_m0,2,1,D,COMPLETED,39,69,31,8,30,b21e0e8b0b3ee8f213e1642f41c083af62312ca9d1ae7a019abd90f36db4630c,4067d78745f3ccc901f57fda44ff0604c3eadfdf267057c5b3eb0f94712f2acd,112968,0.0,0.0,0
R4_aB_m0,2,1,E,COMPLETED,39,69,31,8,30,c7e47c438f07186470453c74eea14c2f1c93eb1a52e0c6cdb30d4788468fa192,93a376b39bc22ae287b96a0cd05ec2a16413aa787245dcb4fa39aeff4193b269,113606,0.0,0.0,0
R4_aB_m0,2,2,A,COMPLETED,39,69,31,8,30,e633ce9326a87c228870ebe38b5d07b3019b6ad3eb39aed2210b589b3f0136e1,ef0c3fe63248c39cc54aa7b2f3125869eb2bb07e0b8333e7ead98761c8b7c5a9,108018,0.0,0.0,0
R4_aB_m0,2,2,B,COMPLETED,39,69,31,8,30,710d720b088f9ae726a257fe41764e1052ad72ade831de3c8ac56592170ed609,771326b2195eed8c7f63f40708ab04e31ee1eba8e662ad31692ad670fdba4bf5,110818,0.0,0.0,0
R4_aB_m0,2,2,C,COMPLETED,39,69,31,8,30,8129a173e419d8fe8cb2adb8671226f7d6598dced3b328572fd287d0759472b8,324bf92897d3e10ed1a7ad1073c47ad9192501647a507f67d1d5b1975f3e321b,112905,0.0,0.0,0
R4_aB_m0,2,2,D,COMPLETED,39,69,31,8,30,deffb908b114c3132389907ab9a1f42833042f5ef7e93ee1a0b7bbab1837b61c,612b9e831c002546c500ecd3161e79e2910b57dd1a9cfa3a34b0acb118c32808,112782,0.0,0.0,0
R4_aB_m0,2,2,E,COMPLETED,39,69,31,8,30,e7b5d540ccb9180d57495e7c8a9609ef877677e4d83a354772f9a09ff43da2e1,d9818897561d44d9969b2965ad6dd0346f9b7c270b2a5515834e7ffeac21802c,113684,0.0,0.0,0
R4_aB_m0,2,3,A,COMPLETED,39,69,31,8,30,9f0b5f2edfbe581d504ddf5fec1d27f1bec84376aca02fba29ddc3e51b533c2d,0da913c88a71f487f356d579c48636da1312227699ff23513d7288a076d4d20d,108103,0.0,0.0,0
R4_aB_m0,2,3,B,COMPLETED,39,69,31,8,30,e10167ef2f35bff4b17c71dc2e5f4a8173f31edbed787087fff671d6d6b90900,e8005e5672f4b5fc3bea0b2ce8ed3e891e8b29534a5f0733aaf4c3cce28d0b1b,111113,0.0,0.0,0
R4_aB_m0,2,3,C,COMPLETED,39,69,31,8,30,53e656258d270b5d546e607c95f3d3a9ed5b680b389410d410085934f0cf6c4f,a13f66e5b21a46cf36c6c19af4e5f1ad46de3edc569d72c4ec6df2ee1df35321,112848,0.0,0.0,0
R4_aB_m0,2,3,D,COMPLETED,39,69,31,8,30,82446ef6befebc13393871238ba03f05923dbcfa99c356b2bc789db784fd006e,baa0864163f3760e7688a8560b70cc647003752415185b068c0bd112d2da8b92,112959,0.0,0.0,0
R4_aB_m0,2,3,E,COMPLETED,39,69,31,8,30,01712a85adad28f4b2529504ebb49ea2952e1de8cf00ce5a51df8af3bf87a3a0,496b9c86a8dede5479460e55d0d6db49324311f2c30f46ec661828b790baa48f,113673,0.0,0.0,0
R4_aB_m0,2,4,A,COMPLETED,39,69,31,8,30,5e916a23d3ce66ae0adc86a007b5f36a11cc45b604a20e2bff934c5d379783ce,0564f24644dd88e5ea2e819ffee93dbfa4b611830b377b2b151943d60d78e5de,108212,0.0,0.0,0
R4_aB_m0,2,4,B,COMPLETED,39,69,31,8,30,8893cb7310f818dedd578b4d118dda96127cd06626c4f672e1cf0f7a6b45f9d2,2d7677eacd077779b227105fd0c9279febf4de96a76d5191f0adf8722f8224bc,110904,0.0,0.0,0
R4_aB_m0,2,4,C,COMPLETED,39,69,31,8,30,548d99c76da59dff9261165a8c1681505f1a351930abaafe030ed8c30b50672d,2ba8f7b528633035cfb3907be96c11bd62c69ca9e82806c0534c277fa1febe25,112832,0.0,0.0,0
R4_aB_m0,2,4,D,COMPLETED,39,69,31,8,30,f7baeaef1ce9a53dc7628a763d318ca9262f44abb840e827728f63d2c5d0246c,4ec84cc2eaf684d5782d62e05021b29c2e7c2611424e6aa1403273fdbd449d38,112932,0.0,0.0,0
R4_aB_m0,2,4,E,COMPLETED,39,69,31,8,30,a3b89e79d8c487707dda7b44ac0df0c4ace4c85ba58dbf93a858d00741a12fc5,b1c02312e22af01bf47072d7fe1dd4914590a96277386675bb17d16bb06f8d07,113617,0.0,0.0,0
R4_aB_m0,2,5,A,COMPLETED,39,69,31,8,30,7fa2c1c534b8bbc9fb868a80ca23ae1a8b2d524244b1a1c704423d0cecb071f9,66e5aa6f4f05149f17bfe35d51150a97853dde83aab3d386bd47ec6d3c407057,108103,0.0,0.0,0
R4_aB_m0,2,5,B,COMPLETED,39,69,31,8,30,f9b46a98a029fc022441e41eeff7f60cbecf697601b1dc440885634cd41e48a7,65d56dd1e805c140b0518b4b36faedc3c1429f9d05a50b36a42affe70a2464bd,110980,0.0,0.0,0
R4_aB_m0,2,5,C,COMPLETED,39,69,31,8,30,17209f68e04045e8d42cd69b106c6fb1774b12c94feb2052549fd23fcab41a92,293015a0cae61afad95791fd27bcbb868d0f08ce7e6ca10cb138b9c163cc1197,112791,0.0,0.0,0
R4_aB_m0,2,5,D,COMPLETED,39,69,31,8,30,611b09a29cfaf9ed668bd5868b2a948443356b6fa4bc5ccd25337cf3fff16208,ffe19b11798ebe91bfe1e5e54c425603b8dbe92bc6e601bb8a45e309094c6722,112931,0.0,0.0,0
R4_aB_m0,2,5,E,COMPLETED,39,69,31,8,30,fe3ad1edcf8f4c038504e53d65a43d1689257692e52b210e29a79265f58020a2,a2af5396dacc4551d2577a3ada8529461472cabf3c5bea4d93f5198e9d7fa648,113621,0.0,0.0,0
R4_aB_m0,2,6,A,COMPLETED,39,69,31,8,30,ee8ecdef11d035786009636b93b520ec6ac615babafdbb7f775424763abae222,7fbc06f7878cb436defdecf13fbbd7114c0355df014929ce76fb92c71b809b2f,108030,0.0,0.0,0
R4_aB_m0,2,6,B,COMPLETED,39,69,31,8,30,9eb4b55d824943e4923738c1c8228f01f85edbbc7a091f07d09d3f888cc0b8db,7950e9965770080d034238f5ee541435e28be1fa17b3c977375aaea8be09bd7f,110994,0.0,0.0,0
R4_aB_m0,2,6,C,COMPLETED,39,69,31,8,30,131ddcc73c40344ab8c01472cf2c94e8df11de231bc96a6d2063abdf1d443329,a9447a11d1be00957a7cc6aedc01025095dc8029438c9dfb776efc8a55f333cf,113025,0.0,0.0,0
R4_aB_m0,2,6,D,COMPLETED,39,69,31,8,30,48a815fbbe7bafb58975cf187ba3c86ae0f0086dd18e9c6c2de0920e6fc756b3,8b7a407655f294426ae35034ca1efcbda43b56e300fa0ea5e4b5adaa38a49649,113162,0.0,0.0,0
R4_aB_m0,2,6,E,COMPLETED,39,69,31,8,30,dc8c7cd7140f2d4f90bca0f9bcd0f7537c3cb014376d15676bb270a053bf2655,2f4248668ee9981c3b8d0338a2170f80f507da42f4adbbcf5259c41dd0a38b56,113709,0.0,0.0,0
R4_aB_m0,2,7,A,COMPLETED,39,69,31,8,30,421ca5f30ca4c22ca645f8c212a4a3e52b4cd4fff13789644acb6485ad3cd9e6,5d6c6328a9b65e212e6f5e56ea800f622eb14debc07baa1d610c7396263c6354,108000,0.0,0.0,0
R4_aB_m0,2,7,B,COMPLETED,39,69,31,8,30,26bb88be91e4e2399f2497459f087424408d1ad7ca5164b764d4b55135f0863a,b5b81b0e2c20d6a11d6011aefee147923d203dca17bb8f5a5534d4af4e176658,110997,0.0,0.0,0
R4_aB_m0,2,7,C,COMPLETED,39,69,31,8,30,7993e2f8ea20d8495a9a42df42a314ffae62e48206400d40e990a0002055c0e2,6077bbec01505fccbc75f8b772a05c64243851d00b06b5226bb904271148c867,112946,0.0,0.0,0
R4_aB_m0,2,7,D,COMPLETED,39,69,31,8,30,9a0fe555ae75b1079e7554ae62a67fbf22355d12c8aae37d1ae44bc3f067f37d,f66586ab76cb183fa741d2dc0b25f2a829e1520460194ef8d71def6abd78096e,112935,0.0,0.0,0
R4_aB_m0,2,7,E,COMPLETED,39,69,31,8,30,4e45dd6c23f1cf0db0dbbd5dfc0024fe7d8872600b2220eb38a403779e6e1a2d,0d64e58416eb252f336d072f6e7fb0891d5c3b0b6ede5afc4966d4bfbbf2c7de,113766,0.0,0.0,0
R4_aB_m0,2,8,A,COMPLETED,39,69,31,8,30,3b34ec7422c7a4715fc230a54e66f4b5817ebe2767b604947d762953136a89b5,e5a22429ddbc49e60da7ae6a09fea39d00de97df0c4e03cb25c7eb4c3ff802af,108163,0.0,0.0,0
R4_aB_m0,2,8,B,COMPLETED,39,69,31,8,30,a81d79a414e804112b572004336e7ee1d0e9ccb1b619d5ec9d9faf6153a4e490,0a53f0fd11965ef3983465ba8e9f856232c6f6deb328508b769d90f550835a6e,110816,0.0,0.0,0
R4_aB_m0,2,8,C,COMPLETED,39,69,31,8,30,6d33dd3e0a6cf5f91f0f3b4dc45c359c2e41ae1cc21e3707530fbb25cc49dd49,2d3c9d2de88402e470e8fb08496ca0a446ee7db840144008dd2f9b7515d5dbd8,112954,0.0,0.0,0
R4_aB_m0,2,8,D,COMPLETED,39,69,31,8,30,5bf10195e3ecaadabbd7699cc4cae5e405bbb43c75f1c66526305d521fccee93,33328c5201e5ec1b927209df9c1345a1df5b8be3ce0a5ea16eff510458834f41,112812,0.0,0.0,0
R4_aB_m0,2,8,E,COMPLETED,39,69,31,8,30,6f210ce1d2059dfede982c0bce98298ccc93563efd20950d1923533099c7a17c,a59daee1ad7d5093d58827dc6334516d08219ff4ea3c16b6556669981b13d85d,113786,0.0,0.0,0
R4_aB_m0,2,9,A,COMPLETED,39,69,31,8,30,9b07f6ddf95f2cca3bf5cca55dfea86e7ff500254b3bf17edf5b14a17dc15793,9b8f313f59c76d18c2fe69b4df6de71aa2addae1f93b769aba4f17293e144811,108131,0.0,0.0,0
R4_aB_m0,2,9,B,COMPLETED,39,69,31,8,30,0e2529f2951c7b9028cd4e0342d04afe2629a2d259c24066a08d00bfa517194f,8e8c67999ba19b930bb9582d66d65a070b6236f76ed5cc48dc78004df0e5e4db,110982,0.0,0.0,0
R4_aB_m0,2,9,C,COMPLETED,39,69,31,8,30,ce68695a002ee96e58f6955eae402e56a10db2cbd4cf5526ec31293b1f481cc7,2b26512c812fe81ce23261c8ec6c7fbecc17cedd38e731601213f4742f2b9622,113019,0.0,0.0,0
R4_aB_m0,2,9,D,COMPLETED,39,69,31,8,30,728d85b7572d3a7f4945da4f49ca917cd1a6588db9b33171344ef9631a5b8738,66d55d60ab093942f50667a2353d376bf474f6ac39b530d8fa769702a33619d4,112957,0.0,0.0,0
R4_aB_m0,2,9,E,COMPLETED,39,69,31,8,30,ade1aa21b71b880da0573d9b8257968f57a834156fac44d8681a61c4f9e173d8,40df1be0fcfca72babc31fafb1c05a57ecf2461375da98ec44c7ce5f50e349a4,113716,0.0,0.0,0
R4_aB_m0,2,10,A,COMPLETED,39,69,31,8,30,23ceb6b03e7b745dbd63187f9b861675f7843925feccc675389fd5278a98a861,ab1894e94267502a891a345269733642f990e5d2a5aceac6374fba387bec1d6d,108135,0.0,0.0,0
R4_aB_m0,2,10,B,COMPLETED,39,69,31,8,30,3b426551123459e02bd16b903085d05a42d5e7df85fdeee92e8c95578e71c5b7,8961b2a0cd84d4a5723e6db34eaca8c40a143499f9d5b692897f535a469358ae,110807,0.0,0.0,0
R4_aB_m0,2,10,C,COMPLETED,39,69,31,8,30,346af76d57e499c14e6cb3618c54a6301cb4b93452fd1f8097633f6e7425a2b8,4650c586e6f6fac26b194f1eb3955c2b61596366de526daf66ccf2119bb6aced,112761,0.0,0.0,0
R4_aB_m0,2,10,D,COMPLETED,39,69,31,8,30,1a16baec2cdc0863a7fb93eab3008704dce1cfe1a90301c976cac94761211aa3,5a3ece36fa7e5a4fa3e4958968f430881c5af7b8375c79aa8767241f48474e8b,112879,0.0,0.0,0
R4_aB_m0,2,10,E,COMPLETED,39,69,31,8,30,e8c1eeff18e724d2df39ae121b33bfa6aae5735cd6efa6845307a1164e057143,01b5e578c42a37e9f9d06fa746c7da4614a877de1dba58e04984c75a46f05bb0,113723,0.0,0.0,0
R4_aB_m0,2,11,A,COMPLETED,39,69,31,8,30,b5472f7d3ace457ea1fd3d69864f76f5244c444daa36c96732b5f832257af07a,aaa762da647fb8e93b1d2b0e6cf79fccfe329e6ad7598bae1dc682e2ac4f2dd7,107981,0.0,0.0,0
R4_aB_m0,2,11,B,COMPLETED,39,69,31,8,30,bc692ad92a91338e0d9be48f7584ba42d64b8f1010c28ebde44a9446b2fd12c7,863afd8ff7db7b78c3052ad4f060a21bb7ca9b7eef93415821c8b85182bdbcdb,110813,0.0,0.0,0
R4_aB_m0,2,11,C,COMPLETED,39,69,31,8,30,bf15876f446c5ea57b484dca2db4fb51ab85fd6f62b63b907a5b372869acbb45,7e282d536d08a33cc445f16d07dbec647c9bd4cd2469f6d90ce6360cbe9c1fb2,112865,0.0,0.0,0
R4_aB_m0,2,11,D,COMPLETED,39,69,31,8,30,e28a03b29abaa6ea0185e3142da0d9bb8c8bf9caa06e25444ee10c19c12a440b,6d6dad03e05cbb47dfe1b37e66eaac1fbb2370cc9c8e377570d6461fe05e576a,112836,0.0,0.0,0
R4_aB_m0,2,11,E,COMPLETED,39,69,31,8,30,2dd0ae4e8b808610457b4eb5668a58d2cfe0a550eb3fceb057e75597e2fe1165,0370ac07164cd21a905f1997b36ad048a81604400cb630fb964f88f858a1271b,113724,0.0,0.0,0
R4_aB_m0,2,12,A,COMPLETED,39,69,31,8,30,c8a90b9704870b1748365e632ba10a3ff264cdc8c52e31ea85678d6b9052f52c,de38bd82fdd35010e15e031993db61b30127ccf5d2967887b15fc67b44c401a4,107955,0.0,0.0,0
R4_aB_m0,2,12,B,COMPLETED,39,69,31,8,30,4616a0c83823a888a6ec839e8179ec1f2a1213fc36efd28b910df69c479f0cc8,536fe49b39a83d386de18a10e41dc9067d849225a9f20d9793536cf8ddeb0cd9,110794,0.0,0.0,0
R4_aB_m0,2,12,C,COMPLETED,39,69,31,8,30,b54a53f05da0e4f42474c7c212e89611f6b127057a0216d5f3ec08983e88595c,3709f28908159d9a9f4bb37d29399f2a120fd005dee7cf6d65f517179af25630,112934,0.0,0.0,0
R4_aB_m0,2,12,D,COMPLETED,39,69,31,8,30,c6c5654f0f145d6da64defd9869b50b93e26fb458b34b26c1daee2a2648e1854,128e1d3571aadf9e569d27fe385ae141a8a925e702dde0eee6afdc97bae1343d,112958,0.0,0.0,0
R4_aB_m0,2,12,E,COMPLETED,39,69,31,8,30,021051df5de438b9b50d9c366c344eb26dc26371f15df8e75ff5575981c5b9ef,c45e9e72cca8f93fe8a914892de2946299b417e8ad7aa7b1143e1e6b836ee954,113742,0.0,0.0,0
R4_aB_m0,2,13,A,COMPLETED,39,69,31,8,30,1362b570484e92a614efda554baf9713c7815ee758b605dc15be0a4b04cb9592,86b6bdbedad44fe2279e4b56629c1ec071d7926a3d8bac3c47cbd69a0ddaf7ec,107922,0.0,0.0,0
R4_aB_m0,2,13,B,COMPLETED,39,69,31,8,30,351af3a4a0738caa6b4c4a6429b3b2236435e1c7e5812d54cb1142a42a72f5a0,f4e020badbe964297a7b867bd75122e28d62733bd18349791bb89e4625e7075f,110806,0.0,0.0,0
R4_aB_m0,2,13,C,COMPLETED,39,69,31,8,30,12fa03ea40ff73bb7b447cb264d63f16b3cf1fac753f87101e60591f89a841ee,a9fb4277975fdb351f751527299c28b9bb2a0870c5c2911ee7807969fffd8dee,112860,0.0,0.0,0
R4_aB_m0,2,13,D,COMPLETED,39,69,31,8,30,822f77c2f0470faca13a742c65af65c019ba799fc676834ef93c3dabdc4382f8,f1ea92c4c0d502f4a7455a81d39eb8613fd0988fa6077f294764c62585cd9396,112864,0.0,0.0,0
R4_aB_m0,2,13,E,COMPLETED,39,69,31,8,30,9e71b649ee78ce002e76e5972e827c0ec39779bd50264b7b9d3a2de5462753df,526c117a8cc624e13befa214b3bae1df36b46b1e9b486015ab37843d689a7ae7,113672,0.0,0.0,0
R4_aB_m0,2,14,A,COMPLETED,39,69,31,8,30,15b538fd0d928e05e9f230bd394b64e4b0ce1aab3d0f20b7a7cb2db4b575008c,8641b51357edc3e340bc233f51548adda8417e7cb624a9a45c657c422d417753,108224,0.0,0.0,0
R4_aB_m0,2,14,B,COMPLETED,39,69,31,8,30,c493631790b40f0c14948e8e041d546f6fdedb24cf6c4846a7ee4f6c7ced08cb,057f9245891fe75c784aab7e8e949e0df6dac8cb0da34c5f44ed52307e50f8ef,110976,0.0,0.0,0
R4_aB_m0,2,14,C,COMPLETED,39,69,31,8,30,dbf1c30a54b314340bcf3a1ac31bd139de045f1948f4b3b8e44fe2065f7941c7,712dd283dad94c3b1f3b6d71f43e87bee18d0fc665836798381be0c75fba25d7,112913,0.0,0.0,0
R4_aB_m0,2,14,D,COMPLETED,39,69,31,8,30,1aa5672d87682fb72329ff347ed03e563487335fa7e704411c20feef4c1550a3,cede1137fc50c99305dcb7f020e5bf09cadea9411ed0cee9a6f76e7b44c7650d,112875,0.0,0.0,0
R4_aB_m0,2,14,E,COMPLETED,39,69,31,8,30,48efb53407c9bfd5569664cb6f27c13a6b19582635ac272146867d2bdcd7ce69,42a68f659eea3bea37b425dd950575e3bcde6db323f0cb8fc5e040f7dcfb5df4,113723,0.0,0.0,0
R4_aB_m0,2,15,A,COMPLETED,39,69,31,8,30,5cd15ac345b5eddc354824b8ed0fa66a5bbd74cc17806d22af2216f8e47230ec,d3273afd875b46d8a2ac5c015dbdb61d373ef1573f6e131cd53628892ee7b740,108027,0.0,0.0,0
R4_aB_m0,2,15,B,COMPLETED,39,69,31,8,30,6adecb3cca3107c99900c8fcf55dd197107de98a6e035adee715bd026fb2410a,2c00c256e7763758658e70169b4483fa766806c16679384862055cf3ba7bda34,110926,0.0,0.0,0
R4_aB_m0,2,15,C,COMPLETED,39,69,31,8,30,56787eaa2e914e99cf733094e6bd604cc6aba9da18b54a554c352de418928e6b,9115f9cca717060dbb38b1b688b331f62445d1b06014b723cefdfc1b6202c854,112891,0.0,0.0,0
R4_aB_m0,2,15,D,COMPLETED,39,69,31,8,30,61445faa4b3b8d600aa8683325708638a17d8f0773b2e2417a32f0c22a9d96f1,e221ad21c8bb49cc05d05520aacf0628df4e1b72a9a3dea3d1fe86b4cc17e3ad,112971,0.0,0.0,0
R4_aB_m0,2,15,E,COMPLETED,39,69,31,8,30,d9a0f803287e643e49114e101b73a6df0aafc0409dc950f5f22d7958482bf3e1,2fb39b07efa396ed7aa6902a4bcb8ac0ce5432ac9cc1fb154e38054964d6e4f3,113662,0.0,0.0,0
R4_aB_m0,2,16,A,COMPLETED,39,69,31,8,30,8b387c298d20d75bd8b7e9453de6182de8ac67ffbeb1cabc831523a944f9189b,f133d5af51c26a0eb5cdb0c4ed7926963671f2dcb5c3150d6821b56aa08bdb7c,108171,0.0,0.0,0
R4_aB_m0,2,16,B,COMPLETED,39,69,31,8,30,85383003a4d02d469d0fe2838f9a9e6086a291b3f6ffa4b401ca9e670f455ff6,7fc198b4fabafea4c360e0b7eb38334481a3e5a4f47d32c7f51403c760a94a36,110904,0.0,0.0,0
R4_aB_m0,2,16,C,COMPLETED,39,69,31,8,30,9a1cbcda5727462637c72a4c78b4a5d9be98bb661abdd16c0fa13d4c669ba4a2,8f00fb613c9afdbc6c23d5a3b5ee8b83ca0f85b0543e330861304206f02ce549,112879,0.0,0.0,0
R4_aB_m0,2,16,D,COMPLETED,39,69,31,8,30,8ad00ea82f9945fd5943f62585370814c7361dea6e988929bfe526fe48e593bd,ec2e828bd852a6e814f5636c24233a45ad902a0026662cc3c421d58539998d6b,112975,0.0,0.0,0
R4_aB_m0,2,16,E,COMPLETED,39,69,31,8,30,7b5fdbafbc01452b03c151b62c31f6eecde90f0524fccceea9bdb0ebeacc12c8,cc2146da4f636804c9c17ee6c7a407e86da839a5fbb09c57d2d6aadaadf2e0ba,113596,0.0,0.0,0
R4_aB_m0,2,17,A,COMPLETED,39,69,31,8,30,f68261ab7ac0dde093959740f8a13eca0ef9fe3d20017cd60247b36909b73144,207f90fd3ceca26c730b7e56ebb2923560a89f1b3c65880ccef66b72319b9711,108150,0.0,0.0,0
R4_aB_m0,2,17,B,COMPLETED,39,69,31,8,30,93177d0b36fcc871d0fad5f5925c4b7874834c682b41259fae9b4314d0413515,d7527cf4db73ae350c31c055b7e842e68b35b9e70f1009e3d950149d6eec0844,110867,0.0,0.0,0
R4_aB_m0,2,17,C,COMPLETED,39,69,31,8,30,e683718415a05566ce5b476b84ea955bf2a03f4bd8c4fe66cd1be7d893bb6ba6,0570288e2315d017f743a27fb634ca5fa28baadc9398cfc8d89b2eef240f732d,112932,0.0,0.0,0
R4_aB_m0,2,17,D,COMPLETED,39,69,31,8,30,21ecbb59eff05f83f5e2fe3c2b5b85dec273d3c5eeaa5eaead274f32ba5488df,dc295589398e33ce4af65bee8c0fc9e4afe3ac92db5cd06ea728f35005d90cbb,112868,0.0,0.0,0
R4_aB_m0,2,17,E,COMPLETED,39,69,31,8,30,424240d4593262c77c59553a35e702dedc60adb62ac50ecd0a6313f6b334a015,702765dd45f4f1c9a012f6f8ae9670c3fc36a7033a957e76e94bc23fa2230f8f,113712,0.0,0.0,0
R4_aB_m0,2,18,A,COMPLETED,39,69,31,8,30,2f1691233b60f70af12efd7f0cca995bf60f382213fa3e587ca021839ce9f896,1455b8d781a135215adc571e7942cdd11dbc57391dedfe043a7e687b45bd41f4,108233,0.0,0.0,0
R4_aB_m0,2,18,B,COMPLETED,39,69,31,8,30,bbe7ad171844a4c15187e247797c48e77a35a40d6da7b69529e0025c2d33400a,c0a0209eaed9336e38b9b2872da1e3805b936fe2ea2732653a93432f34a0fc4f,110910,0.0,0.0,0
R4_aB_m0,2,18,C,COMPLETED,39,69,31,8,30,cdb0e40fa146a4f8601830b4911bfcc93c166ec8fb216a9b6fca89191ffd44ce,e3f90c3a24ff68b5ee9cc3c109d36ba9f1028a332b0b5adcafb8f624fe766efd,112898,0.0,0.0,0
R4_aB_m0,2,18,D,COMPLETED,39,69,31,8,30,d3ced1a5a46c34a7649270c2053becf353a9d6eb36f51c6469f51e873dee9de0,a1099be5e94947300279f2f8361d798b5b1298ff2ce68a3fd03476cb003874db,112953,0.0,0.0,0
R4_aB_m0,2,18,E,COMPLETED,39,69,31,8,30,abc5d91fb5db72e0e7c41359718a012f34ae33e836bb52018cef71b583307d2b,de732e2e955bffc8fd29accd77316a0f474504de0125bb88480cbce2f4da4ac9,113571,0.0,0.0,0
R4_aB_m0,2,19,A,COMPLETED,39,69,31,8,30,66c2bdc9e387606de17dae3c024715dee083658963fbfefc6f812e7029d3f405,ce68c7fbc464e121979d27b6e5184b558779356ac19600a8807cfce827fcb860,108041,0.0,0.0,0
R4_aB_m0,2,19,B,COMPLETED,39,69,31,8,30,6a2d75c719c3dfa74d1965720130df5179bfdb2f2f0d9cc06238526e7d991ba8,e52236fab5bafe73fd9ebff8d56aadb4cf896b2c800a4eff1f37f1f21f2ad155,110992,0.0,0.0,0
R4_aB_m0,2,19,C,COMPLETED,39,69,31,8,30,fdb4736df16066317789106bfb0f42720dc28e120c08c0aba01f17cf5bc51958,0e43cd4a6ace92947234a5cc4a059f2ae10f37042b388ec385208a6721777726,112818,0.0,0.0,0
R4_aB_m0,2,19,D,COMPLETED,39,69,31,8,30,1953b5e01f9e707995503fb3a495ccbbe5cb2e89c304d7dd5380a7076760ebdc,93c59ca523b2113242add63febc5bb7f57204a0e554ab4e0ec7effefb90d006b,112909,0.0,0.0,0
R4_aB_m0,2,19,E,COMPLETED,39,69,31,8,30,70f2f20c7cff62bb2a5d81a2bab9b5646e2feb0aab66eb57fce22e76eeab86d1,cdf3f090cebb276827086375f93fa66f47f20b4272a1129df406b888f83bd783,113674,0.0,0.0,0
R4_aB_m0,2,20,A,COMPLETED,39,69,31,8,30,363df3ccc725bedd1568c5f8b3af1795869d1cc767d0ad4fad6c561cbc51ba68,488a12de0d865960a58b239ca19c37bba0a5568cd73b53faaa6b1594f288f407,107985,0.0,0.0,0
R4_aB_m0,2,20,B,COMPLETED,39,69,31,8,30,c9382c0768a9d03e7ed3ae61bfc74e51723b4bc9ac4fc1525a09967ce5deddfc,c14d382f6d0e87ba31a2c47f6923b99407e0853b0e39f250455d11575aa0a7ea,110884,0.0,0.0,0
R4_aB_m0,2,20,C,COMPLETED,39,69,31,8,30,ed94f00819e3547e459027806daf9935b30894620af1be310cbfa537db94f4e5,4b18261ee536a862d059430552628a6ef045e0d019ee1fb09a600128e4cd05a3,112837,0.0,0.0,0
R4_aB_m0,2,20,D,COMPLETED,39,69,31,8,30,e227c4cef5a966e4e32447cdd5f0b010dca0f9563ebd35fcff837fd2df30977c,d7b039fe806d9edbac0bc3b8fdaffa6639f83e39e62034a44111a1607ba72a07,112947,0.0,0.0,0
R4_aB_m0,2,20,E,COMPLETED,39,69,31,8,30,d7210e11e4deac8a424fc311a64e8f3b3cd8510b27299c0acaf10430f2382ac2,6f4c073ee06c3b14db6aad6a4ecb3ea15346b29459b30462b5960df324c4ca57,113738,0.0,0.0,0
R4_aB_m0,2,21,A,COMPLETED,39,69,31,8,30,d0eda19912825bc154b72db4a712a043bf54e36283b9863d4be506e094206ad0,cb9427be5f169d9945039f91ada045c1c352ac59691abb7b684fb04812554f81,108151,0.0,0.0,0
R4_aB_m0,2,21,B,COMPLETED,39,69,31,8,30,aeb3152a438e64e81a97899d1de565bf9522afb0584817ff2fa618fd0d9e0914,5416a2af97723b106142fd64484b57089598de3f573eb42b1db2cf6b4e0b289a,110744,0.0,0.0,0
R4_aB_m0,2,21,C,COMPLETED,39,69,31,8,30,66dda999acd313df01546ce53b186ca80dae141066dd5cabbab2e3d91dad6b1a,42b24b144f4ee455ce4e71043fa1db46d10623e39040b34c168c973a7d0547bb,112794,0.0,0.0,0
R4_aB_m0,2,21,D,COMPLETED,39,69,31,8,30,bf8fcbb283d81785727ba90f28923a849cb2878ae05688951ddaaf462a930a14,6975467b9979bc9f1782d91d0b44e8bc4f36ed4d0390a2069eb43476483bda7f,113001,0.0,0.0,0
R4_aB_m0,2,21,E,COMPLETED,39,69,31,8,30,4baf1bba03f046fc39f436aecabb7b0f4d05f5adbbaadd22c0d9f4b649c07bc0,5e48649e212981170117bbfa56fddb4d6c7e7341d7ad44056dc1409cd5988aaf,113884,0.0,0.0,0
R4_aB_m0,2,22,A,COMPLETED,39,69,31,8,30,367407e22999a790e987521a70cfcf9df7e9ac19285e9920ce8bb6d3fd494a7f,2777592c33898683efc31c175a8e26fb4fca5aaf33f68fe936d131631a5b78fa,108040,0.0,0.0,0
R4_aB_m0,2,22,B,COMPLETED,39,69,31,8,30,df18203f448c145694252750cdd3d583b4f7fb4fb56a8ad3832707ee8cabffdb,db747ba5945b55b8374bbefed55cf16e169613cb2387a7b3da29ef0a82ff398d,110858,0.0,0.0,0
R4_aB_m0,2,22,C,COMPLETED,39,69,31,8,30,5f2f6141967def53a9f535b0dd6e7060057f832489996aa96b9448c418fce103,23c9173b42b56172735641feb2a85de5eefe65eee4c98bda05b3439b8724a950,112845,0.0,0.0,0
R4_aB_m0,2,22,D,COMPLETED,39,69,31,8,30,099164d3acbbf0dc0751c24aee006589f5b2ab489b6283764f6e2605191e1fee,99efab44709ba0cea1a276dd3e43bc2adc864e81c50078d3f2265065388b9e75,112916,0.0,0.0,0
R4_aB_m0,2,22,E,COMPLETED,39,69,31,8,30,c49d4f8ca2f81f051a99508fd0fcc80670b50b94b806be77302465f5f026f4ca,250343e63d81cc4b684dd50ce87a6e15b2e9bb5de6f9fbc93c8487225df6646d,113644,0.0,0.0,0
R4_aB_m0,2,23,A,COMPLETED,39,69,31,8,30,37461b52897133cf1cad48a30f24e886135f7ea151dd1ffeb6ad09e313ec9273,98fe5aa791169c44976a9e65d29e05942fc56825e52d20f0461722989bfb1aa0,108042,0.0,0.0,0
R4_aB_m0,2,23,B,COMPLETED,39,69,31,8,30,b7423d2af3361492653925494b8ca6ca12536b2ffdf09245b48ac1a61c2b124e,875dd3d49d56b3f30f4e4878d2fc7f8ec7a0cc61ce15f328d2ad730f5f130780,110934,0.0,0.0,0
R4_aB_m0,2,23,C,COMPLETED,39,69,31,8,30,0516d7e78b764f1fb35a27fb611ff8280ac48278ecc43b1dfd7886a305bf27ca,160c4a9cf31e7cbfd544f1ade14ede5bf84d6351ff5380fd077b054947af92be,113081,0.0,0.0,0
R4_aB_m0,2,23,D,COMPLETED,39,69,31,8,30,6b26855780fbe3451f3eb7544a9db2285dac40768461b47b2166000302680368,fece577516a3ef054c401ca7fe4a3cd438809a2744bb10f9286b2b0a5472d9e6,112920,0.0,0.0,0
R4_aB_m0,2,23,E,COMPLETED,39,69,31,8,30,9be35bcf9c0ffd34c1b5cd47f7489c2b999b8c1622f81ab131f2f30b9be8ffb3,d71e1f2e254535d8aa6cec6cf9e94db0007cfb2836f3aa95073c11d9142f0e69,113722,0.0,0.0,0
R4_aB_m0,2,24,A,COMPLETED,39,69,31,8,30,361b938496c29b5f9b4c4a30a5f78b88711926a1db7466eadceedd5e84d68aef,d2d4e3471c5977195e80dea409c936efa3df6b35d525f9583d40579f90218701,107905,0.0,0.0,0
R4_aB_m0,2,24,B,COMPLETED,39,69,31,8,30,ff984331b5a298035abefcfac05311b478f51e5467d2f557a19c0104f2875a7a,d69f2b2f23953ed7ad00fc826b366f28d9f73bec3cf60205c80d6ada342ace86,110902,0.0,0.0,0
R4_aB_m0,2,24,C,COMPLETED,39,69,31,8,30,84cc1220895687c6d67d2a79e05ecf399a7a539c7e5d3e73c8053296235ca91e,01858b2d7f4066a69e32339fe84f3da84e6f2f2cf192d6eb7d2d98c8621bcaf5,112855,0.0,0.0,0
R4_aB_m0,2,24,D,COMPLETED,39,69,31,8,30,91e6982218b169d84a1b4388079a80145f99837cefc20ac98bf29349761c5cf7,13c70aa0d1932922cbc57839bd1b10da7c6ba851a9029980cd319d39c12874dc,112855,0.0,0.0,0
R4_aB_m0,2,24,E,COMPLETED,39,69,31,8,30,2317af6bf692999d32c3142085f3df42eacce6251a4c8932cc0e4f7cefeb72ae,5bc8af0426fe1638fb4509cf1efd3fd3699898f07e106e834e53851224c31eeb,113722,0.0,0.0,0
R4_aB_m0,2,25,A,COMPLETED,39,69,31,8,30,60264ef259a6b96109233abfa14088f962770b6103a949d41d48cbc00441819e,cfebf95a9181e8e746701193ead62eb0a9dd89d435bcbb481cbe26a9663cb0bc,107963,0.0,0.0,0
R4_aB_m0,2,25,B,COMPLETED,39,69,31,8,30,9bb0aaeadd934c48435f4acca41d78eaab11ff81fa0621ed7b5c825a40bf2ac4,8b1676356dadbc9e18c78cc15d250e99f912a1b2cfd356cebf7efefc41120569,110807,0.0,0.0,0
R4_aB_m0,2,25,C,COMPLETED,39,69,31,8,30,a2cdc41dfa487022311b28fd52aa030605e7e881a10a8dae2d7f1a8eaf60f163,6a39f343255eace63d0667a07e69a85766c0dcb0a8990192ed191465e2360f67,112802,0.0,0.0,0
R4_aB_m0,2,25,D,COMPLETED,39,69,31,8,30,612ffb510ff9e1d32763159810c594a81d1ca41b2a6d08eef28c3f55f6898cef,be5d78b6b88beec584ba49a563259ed323ffb11c94b04d08116c052611110cc7,112976,0.0,0.0,0
R4_aB_m0,2,25,E,COMPLETED,39,69,31,8,30,f16bb198cb7d41e77f01dddf4fc935c8400e61a76e2567a34879d47894e12e2b,e9489d306aa9fd9913ac48313331fdc247afdcf2f9aed74dc2f69a61004cc909,113714,0.0,0.0,0
R4_aB_m0,2,26,A,COMPLETED,39,69,31,8,30,818427d7dbedd2c0a946a1c84d7652e4a69376a50d2deb03c6b88ff8bc92062c,2c7f817676d7c72ed0071a6b808cd619a874099bdcd48e43345b59f9bdbe50f1,107966,0.0,0.0,0
R4_aB_m0,2,26,B,COMPLETED,39,69,31,8,30,789820cfa59c5059a4a475bef9b93e6c2b00672808e8ca7e25909eedfd75f751,22c206f10aefea5376051a293dfeeb333d7bcfd7b6aedff61bac00b1b641ac85,111030,0.0,0.0,0
R4_aB_m0,2,26,C,COMPLETED,39,69,31,8,30,be6ba3eb896b383ecf02f3e2b33c707c78cf168721833e2f1745a3f8447edaa0,9a13df3bb3903388e4ab8c091a41ed00c14d4f37b3c25219c072e260a5587c15,112828,0.0,0.0,0
R4_aB_m0,2,26,D,COMPLETED,39,69,31,8,30,fd135f31b5e2463f9fec112a4489bae528ee9603e4d24c2a940f8656e402d0e1,e1ad47d68f9e65c024349bc61dc09d4192dd64231ef7f1458b8fb07596ac8cb3,112898,0.0,0.0,0
R4_aB_m0,2,26,E,COMPLETED,39,69,31,8,30,989b8caace64915b4c811631c3a1348213d677a5b384faaf7b0fc1f06a57ea99,22b757a2492ed9940e79eac04295494791bcc28ba1a463cd0576dc2bb617c4e0,113581,0.0,0.0,0
R4_aB_m0,2,27,A,COMPLETED,39,69,31,8,30,73383deda487f5341b797f32b3e29db242d6917bcc357a4dec5178aa6197437b,e6af063260dc658213e1ea1d773706c6d041c2b68fdf194f1767e06b1f0fb3fa,107907,0.0,0.0,0
R4_aB_m0,2,27,B,COMPLETED,39,69,31,8,30,ecaada9d8bf883502a573fb07f981977d0cc13957651d841bf0c5dcdb9c70748,f8538033b329402fad3c6d079c5dcb3fc8e841a7c1b6194a7cf5bc80130fa34c,110934,0.0,0.0,0
R4_aB_m0,2,27,C,COMPLETED,39,69,31,8,30,d26bdba0f58a20b6c5df59fc9a28d8b3a0425c92d7cc2618ed8cc6da41a234d8,dde597fe778990842efbcc2e0f5b3c15d2f402389577085347b7bb3484c11268,112794,0.0,0.0,0
R4_aB_m0,2,27,D,COMPLETED,39,69,31,8,30,f2066704137173211fc4779aa625ca20bc6bf6b81c6516d3dee455bb039e3d39,bd80a1369402fc25570807d1d963a8d101b6ec3c5dc547f2ecc1ecd20a66f1e0,113056,0.0,0.0,0
R4_aB_m0,2,27,E,COMPLETED,39,69,31,8,30,360ad1ef119ee87f78467ff14f341696bedbbbaf84265cee62e069343e7ac989,9dfc8898587a977b98d63c4ce079032c2b33807f991960926ff694988fbcdd3d,113800,0.0,0.0,0
R4_aB_m0,2,28,A,COMPLETED,39,69,31,8,30,a8a54e76d391ead55c0b79213815629832c89923073ff5f043361613a1aa6b56,6cfaa1da2f3538b2a86b741227e5a543223a0a668761d6b32ad1e625027a9213,107939,0.0,0.0,0
R4_aB_m0,2,28,B,COMPLETED,39,69,31,8,30,375e834ef84b948e59ea0a5d0b298edf18da4eff4da2be296be3b26b99d8a32d,235d1c24fc0357b287470f70633281204aef903afd2c6a4d1c4b9ebcb9f7ab08,110762,0.0,0.0,0
R4_aB_m0,2,28,C,COMPLETED,39,69,31,8,30,d58096f19a3f884fc488a135d15b60ce73f9c0a0ab3976840de4265d17a74e78,0bd642112b65cb487b6f1e70022b9d0152be06f58683aa88d663ef9e61d2371d,112892,0.0,0.0,0
R4_aB_m0,2,28,D,COMPLETED,39,69,31,8,30,1f7394d3200282114790f9b132704b81804ff13c2bdd9575cdef559157ab2436,50736661f23e1588cd9d5194cc8cf04f20f76ca064d833462adce43bb3c75fe1,112954,0.0,0.0,0
R4_aB_m0,2,28,E,COMPLETED,39,69,31,8,30,610bc8cc52ddd709209f368bc934b69245670acec261505af66f940b3d38cd1e,7fdaee198a4043502b4784c642214bce445992c7668fa6704d449fe500d04bbd,113628,0.0,0.0,0
R4_aB_m0,2,29,A,COMPLETED,39,69,31,8,30,09831f47a4024474c70286f09a0c5aa33e9d3c98edba232486cbcaa28b2c2a2b,17ebbc0ffb2b9c16dad6cff376f30c978f3e1206c1643a183c937e02f2891952,108007,0.0,0.0,0
R4_aB_m0,2,29,B,COMPLETED,39,69,31,8,30,de3bd12ab2021e216f4dc6d01bd7ebae62f7b470c6507628bd05a63c4cc78135,3b605bfa593fc95b7a8a88344beb8828798b3c432d966698b769d5306cb438e9,110976,0.0,0.0,0
R4_aB_m0,2,29,C,COMPLETED,39,69,31,8,30,b5f157243426fd1d4a568adfa68ad6e1499175d71d9eb3f10c615d044ab5d9e1,52e2e9ddf23439b74504b71bd7a707a90f90980b8fca70674fe527f8f0d1a9f9,112971,0.0,0.0,0
R4_aB_m0,2,29,D,COMPLETED,39,69,31,8,30,961aeb2d98d70a1c085f357af1ccb1c98b8cf3ade1f299fc6d0f78561bccb896,741c05e34edf195cb7610287e748b3c93f5c2a4357da2e2465308e14261407dd,112994,0.0,0.0,0
R4_aB_m0,2,29,E,COMPLETED,39,69,31,8,30,eac247449c3523f9d4780ad0268d94d9368396d64515a90ad59ea8f209342ef0,d69013a5ab96b7e8ea9a5ee8ebc39db8c882f7060177acab426b1a137c01a399,113675,0.0,0.0,0
R4_aB_m0,2,30,A,COMPLETED,39,69,31,8,30,093e5c7e9e0aab1d6c1cbb22a27c56265178b5b1ef3e212841c90f73662528f5,2346915f8a4676bbac73ffcfc4b37e94c8e6387123449376940f39f338b89736,108078,0.0,0.0,0
R4_aB_m0,2,30,B,COMPLETED,39,69,31,8,30,040c23ecef7b82bfc29d946b225f18b286a021eec9f0273be108951aa4abdd97,1678797e8588bf5366f9602f6e81409951dad8d5319b9c83402ee651ad57bf79,110964,0.0,0.0,0
R4_aB_m0,2,30,C,COMPLETED,39,69,31,8,30,260736c7f5f6092c96784884347296634de2034c8303c3a469830df6453a7e23,ba7fbf10bed3d4115c50537d90f44d4f204fe759a77ba414bcbf519b4c21032a,112999,0.0,0.0,0
R4_aB_m0,2,30,D,COMPLETED,39,69,31,8,30,3ebafb977118c334a1dafde6fccae98c27d1d338f625991336541c05d74cf219,6cc89a474cd96dc3fb9ac6dad905f3037ebafe16da9f74d7697975449c5bc588,113000,0.0,0.0,0
R4_aB_m0,2,30,E,COMPLETED,39,69,31,8,30,6f68718b3eec70c5230b094188e2280a8f801a808b99e1a45d798d1f60372978,c89725c2d786fca1964348f9903cb522387ad98342b622df0ea3e9b4a21dab44,113915,0.0,0.0,0
R4_aB_m0,2,31,A,COMPLETED,39,69,31,8,30,5c1a7ec15908ce0ee05baf8d446b5d0fd24f64a046ac20f6d85b1a597a92ccaa,4d7df0bb3831d815666c603bcfad4a72c32fd3e42733f8feff9419ee85931b9d,107990,0.0,0.0,0
R4_aB_m0,2,31,B,COMPLETED,39,69,31,8,30,df65ddea8a556071ce22323d3eaabd9f541a442feee7ed1f451d89abf78a8027,c66a08d759614a1bd9442d49f2c72d670c05c78a811a52eb6b1a2b11f153f311,110854,0.0,0.0,0
R4_aB_m0,2,31,C,COMPLETED,39,69,31,8,30,40784c258c3ee60fe14915f139ad6bc53faecdbdabc4f601b569175dbc21bd01,9edaf01d807357c78e74c4b64e8c300cd52bde0412e17e0ca2ae73370e07b247,112759,0.0,0.0,0
R4_aB_m0,2,31,D,COMPLETED,39,69,31,8,30,b2cc1236a120fa0fb13d008753421e3ee80a016459d6eb1957ba5f06004201d4,cf192ed9d2fcf916db77fdd49088f840bf733199c207ff757f83df04462df096,112916,0.0,0.0,0
R4_aB_m0,2,31,E,COMPLETED,39,69,31,8,30,85bea944e12f83aad29fec28e276b00043660fe6823adfe3eb3315ff76a6f9bd,f25472fcfbd87534100c03b0a58483865cfa39c996261b4c9d3ce4500e06962b,113702,0.0,0.0,0
R4_aB_m0,2,32,A,COMPLETED,39,69,31,8,30,365af179f454ea9c599e8668f7fb9886d2978b70acf75646e86f165e924a6f28,0b1fbc62b9871e36035a33a9730cf7c03d6bb0b502bf910489d76dea1e0287cb,108192,0.0,0.0,0
R4_aB_m0,2,32,B,COMPLETED,39,69,31,8,30,2167ad73130e2a51621d9cca63b1ee497f70845833109fdd98af1b602f41b62a,0dd5c56b5210cb877c42ff5f3036bcaf1da523d5fdd840829a6245b5e4b6ecb6,110911,0.0,0.0,0
R4_aB_m0,2,32,C,COMPLETED,39,69,31,8,30,32a756c20c577befe41a08d70c016abccacf417fa2b78b6a1256887d9a24b4d8,2f9f06bb5fceb85c0398863403f4a21374a8197195d422240ba34ce55e7a9ce6,112988,0.0,0.0,0
R4_aB_m0,2,32,D,COMPLETED,39,69,31,8,30,8f64a3e6971f749637966b875b39d0cfecf31d97b064e69977d5d2fd584ccaa8,f77bbc0ae00a9ee8f8840895616890c15f1854f30c55dd4ee400a04499c06aeb,112993,0.0,0.0,0
R4_aB_m0,2,32,E,COMPLETED,39,69,31,8,30,b3f046c1ff36dc34601331dc33c01079e1b55182af71c5156e3f6f45ea4aec2e,1a0570fabd40a8da3331b36d2f98b465d69fc83deb45623e1f02d812c5ddcbb7,113729,0.0,0.0,0
R4_aB_m0,2,33,A,COMPLETED,39,69,31,8,30,186fd8bf170db63cdc3d057a52dde6e9beec832e405f2946823d29bbaeec6ebe,1e49a67ed99c4ebb473dcfe5c0b9d28a62b914d733362a02d6915fbf7df48276,108036,0.0,0.0,0
R4_aB_m0,2,33,B,COMPLETED,39,69,31,8,30,cc1024bb0c211f245c7fd71aa55e0547300240ea0c121628ec8fa05fa905de88,76357231340cb4c3ff21f6b4106ccb1f14aef3f773413555c13e043b26dbc2a4,110832,0.0,0.0,0
R4_aB_m0,2,33,C,COMPLETED,39,69,31,8,30,64ad6d80abc6bf364e04692b6a26e3c4b000c1dbee73b903ec35cc98ccfe21ff,d025c9afd00a3f65014c39cca1d3c9663066b355f87f0ad501566eac811ad5d8,112845,0.0,0.0,0
R4_aB_m0,2,33,D,COMPLETED,39,69,31,8,30,dc6e064524f9aa9504bfce09c5d5aee8aed2d2a9b70ad55616900e6fed5c2b2f,05c9f9f18a0f6fb3579fd715770d2fd360d42e5a1a7ea309162d09afc91a8f0a,112894,0.0,0.0,0
R4_aB_m0,2,33,E,COMPLETED,39,69,31,8,30,ec729d0a390de478803ca95bf374d7167b75a4566ed5397804902e2bc76980a2,fdc3b5601bf2a43ed412963f5336ec5fff29ce0ad647f9dc14e8a741552e725c,113740,0.0,0.0,0
R4_aB_m0,2,34,A,COMPLETED,39,69,31,8,30,721057417aeaeeec2cc8fe1e19b46e25ddad767eac1ed03c13ffcfbd9ac475fb,b967bf5b3c1caf2822f2651cf2b3c377b8914eb839b3153ddf74ac119a0dcbf5,107914,0.0,0.0,0
R4_aB_m0,2,34,B,COMPLETED,39,69,31,8,30,a8b2adccf2d78a0f21937ec61868ffe4d97bbab3bfb79e58438e063c197cfcc0,1cda8141afb598498debb8cd5b2a6ef6e307e930714fa819f8304d1a99981308,110808,0.0,0.0,0
R4_aB_m0,2,34,C,COMPLETED,39,69,31,8,30,3482297028c789ad88c9055b80dd853ce30e8e6d7de0913c06e2526467365901,066abfcdb9b1685c056a1022a07108e0cf339045da0384e9cb1a698aa583a328,112787,0.0,0.0,0
R4_aB_m0,2,34,D,COMPLETED,39,69,31,8,30,4cf9354c7d374fd79306ff47ae26c2b63a166d4aae8b8513e7c73dc3a5cb749d,86161e2a786bbc6b465d1010e19912bc31a6bb0ee937662b0ef23ee085335e16,112960,0.0,0.0,0
R4_aB_m0,2,34,E,COMPLETED,39,69,31,8,30,62fbe6791119a70d8b73f0bc4338dd3e969addbd2243331cbb97792e72dc8555,ee5a0eef00cba0452387c05222e29fef03355cf0ad0371353ffce48ed4966177,113722,0.0,0.0,0
R4_aB_m0,2,35,A,COMPLETED,39,69,31,8,30,99947c2bd688bb49233a3e2c296c475441d810c1b9bc4569d56e824a931ad194,cc60c1cb1cec70add9786169ff88b09a00527f5735ababe8065bd2b3fa73cc67,107985,0.0,0.0,0
R4_aB_m0,2,35,B,COMPLETED,39,69,31,8,30,a3af102980d846c97fc1ef2ff405f43ef3b0161e72202e7a7655ffa6891a0834,166dbf0269fcce8a302087aef9eb74b41f2092cd0c569604a7a7ac795062208d,110732,0.0,0.0,0
R4_aB_m0,2,35,C,COMPLETED,39,69,31,8,30,3f95d7b44bf208067b8736c37ab7a046acc9b9f1bd58c35ad27425bc13308c54,8e963b586673b566f2503be6613ff4ec54f4962dc315f28824129a8c034d1dd0,112866,0.0,0.0,0
R4_aB_m0,2,35,D,COMPLETED,39,69,31,8,30,2e4ea3184aab8438f38ef5327deec024ec6b219685c0b7aa7055b0a35812df23,5efb209b89086c7f20dca7b4e1c42929edc69f72b37c5a6433ac39746ee54693,112896,0.0,0.0,0
R4_aB_m0,2,35,E,COMPLETED,39,69,31,8,30,521e57c49d57036acbc411ff4e94236a605a252e6dee8b58605fe67ebd7a5cd8,0d23a50cf818cdb860d4c8936ae20a29ada12724a6aaedf41fc233ec4472e457,113753,0.0,0.0,0
R4_aB_m0,2,36,A,COMPLETED,39,69,31,8,30,352c22ec02f51e0906b30b55f7f019b60d49a127617ce5a5d1fe3a8d5114d27f,501acbb0e4a9787f31135e84ca36cc821c776b5321ce7c78bfa75ab09f263239,108081,0.0,0.0,0
R4_aB_m0,2,36,B,COMPLETED,39,69,31,8,30,c7b5bcfeaaf8f43dfe239f706666857b40fd0d45b61f7e2e35acec23e8195598,641f537e03cf095b148af262b6685217ac98e561b61f98082410dab9d0568c59,111018,0.0,0.0,0
R4_aB_m0,2,36,C,COMPLETED,39,69,31,8,30,eaabd38079e44d4573c9d1464276003791984d1f6e885114ed6f32d1570a26b3,b080df5ae6de7932972be5e7b3edb8839166e687b4071eb47e623d86a9c8649f,112913,0.0,0.0,0
R4_aB_m0,2,36,D,COMPLETED,39,69,31,8,30,5c7601bec4126506ed8b170fbbab471615571840d18d18ed56658103e0e2f0f2,fb12ea138a7d00fe99d83845d679857a1fe2f56c8d9ce17905093e3951d4f2c0,112933,0.0,0.0,0
R4_aB_m0,2,36,E,COMPLETED,39,69,31,8,30,cae61c2a26a9c2ebf6361f9df22d48ae66c87942b7a2c8b9c7a403c242431799,6de1c14e5acf0425bcd6a48fc45e653d0215d7d2092ac523a36c082b218f4ffc,113742,0.0,0.0,0
R4_aB_m0,2,37,A,COMPLETED,39,69,31,8,30,39d8129e4ccd24cd5ee9c2ef5ceb806188224aebe0258a3a1e7d48df7c283d95,2f2395ff52a03632ea4252c37b35b2f3a03d1a8df94534ea5ee3ce36cee23357,107986,0.0,0.0,0
R4_aB_m0,2,37,B,COMPLETED,39,69,31,8,30,ebc1e42ff8deb8cff0fc182c9677223af63a2c714ca38e233bd8ab9fd4d3c957,d8cdb33532b46113511232f7c4a7320f3b8bcf410777a51c21bcc660e3dfcf76,110825,0.0,0.0,0
R4_aB_m0,2,37,C,COMPLETED,39,69,31,8,30,ad8ec75ae9c917f733291fd1699f0b40d09a9b53c34b4886ae7fc866d3c08ef5,0b1ca6bbcd530fd116f145653570f6eba0e14ea471e19e7f18b62cc3be70af93,112885,0.0,0.0,0
R4_aB_m0,2,37,D,COMPLETED,39,69,31,8,30,d0fcaddf87837c6f16571a99051c65e34b11997a7279a04b8199326a897fb902,a8db8564d91e0b0fb666ccd96f83aa8298011b020f076025ab1c08307cb71322,113052,0.0,0.0,0
R4_aB_m0,2,37,E,COMPLETED,39,69,31,8,30,99eaf4066577762ea263476c7121727bcf481b50cb9b3e67e96491e168f02c4e,06080d59a207074df5d868dbe227ad1027534366d59a584ea049c02ccc6975a2,113932,0.0,0.0,0
R4_aB_m0,2,38,A,COMPLETED,39,69,31,8,30,3c6041fe74a257639a1dd44d7214b41ead634d76363bee55d4f6ed222c429774,20148b5c90e7d2c9186de809d63e07344cdf7d0d1fa1cd960e6100eabb2b07e7,108029,0.0,0.0,0
R4_aB_m0,2,38,B,COMPLETED,39,69,31,8,30,5c49afb7772e2d85fdb8f0fdd7949e0cb9237e76869f4435d471d6d852f2ad56,010216d3ae8e863cbe2d8cfb6e44df1d3ab17f19e4773e5e5640da027fa165e4,110887,0.0,0.0,0
R4_aB_m0,2,38,C,COMPLETED,39,69,31,8,30,b0972886ea68dcfba008766e69810d450dd72a72cecb395300b26cdb07f0a12d,b8ac190646a97e28bc8091f5bec4b407f10eb9d270eb369cb5401a913fa2dc4a,112985,0.0,0.0,0
R4_aB_m0,2,38,D,COMPLETED,39,69,31,8,30,15d0ce5c15e5b540ede5da99fdabd34f9f63ff179c49152f0313fb108aa45a20,8a729d935b5696c434b29ebf05d00b4dae67aec840899b2e2cd37be88989551e,112895,0.0,0.0,0
R4_aB_m0,2,38,E,COMPLETED,39,69,31,8,30,0e88ef8ae41ba3dcbd0285f2fc5a66b932e8f1c4198359b0baec4ca0bbf89269,444838e386dad6e51720ca7ae159445605156b5835e0a2fbe6b97afd99554d06,113696,0.0,0.0,0
R4_aB_m0,2,39,A,COMPLETED,39,69,31,8,30,a8933289b58cc64cf02656b14405a1399e117d9c5415ada7f5df4707453eb6e7,702665e3b1d2354e0d567b67d4bdbe47541df025fe4125bdca7a8929b49a72f5,107929,0.0,0.0,0
R4_aB_m0,2,39,B,COMPLETED,39,69,31,8,30,6f897c21e41adef627e0b20f8e205457d1981936dbac493154724a8986413ed8,367fd50c7197e51158851cbd750bbc08981480651b65275dc3998415c2781874,110921,0.0,0.0,0
R4_aB_m0,2,39,C,COMPLETED,39,69,31,8,30,ae9b2a9193b5da4f576e95c5aef3066a3efed72b802212ff30ae4d0e0410a818,49f8c0c242df8d9d04b015e118d4987b905124f380783bb9571d02dc997afe15,112932,0.0,0.0,0
R4_aB_m0,2,39,D,COMPLETED,39,69,31,8,30,77a9693852bd34448b8ab85e41fb0ea78a65ab6e74941df89bb6a63bed91e46f,b93857b4ba1a4508fd672caf0510e1a4c37e7ff319b8850899d376c22da29d9a,112826,0.0,0.0,0
R4_aB_m0,2,39,E,COMPLETED,39,69,31,8,30,ef6703cb9dfdb4378b48b2e587358bb3fff16ad1f22c42074e5e24b6e71575f1,0e9be2fd20e9e39204aeff88a538ddd301dcfd26d1bf278addc2c423f30c4f33,113798,0.0,0.0,0
R4_aB_m0,2,40,A,COMPLETED,39,69,31,8,30,659ecbf519032b4bda16a5662683d2caadba0b58aa7b1264016c573e2eab8d08,37b703e434764140cfd1ad97c4159e63dce6b87b769af08c10bdbfb2b4f4b4c0,108011,0.0,0.0,0
R4_aB_m0,2,40,B,COMPLETED,39,69,31,8,30,656772b867974cf3fe3bf7d5e8633f11198bdacdd6e0671a9a5caa8a694aae60,475379f361907a9281cd613afc6d3e6a0a328e502a93703c17d6398089a2cac0,111022,0.0,0.0,0
R4_aB_m0,2,40,C,COMPLETED,39,69,31,8,30,84a295be978997358f9f4880fba089338b47fd57a709bb805fcd79803a125b23,3315189c61f37e46df30b52090ae8f496528b501161333d76718003f628418d4,112802,0.0,0.0,0
R4_aB_m0,2,40,D,COMPLETED,39,69,31,8,30,c530d7a68840abb79352e6058d1fdd21876c9addcf4ac247c341639d7c1c45ab,90936f63e390f840b387bb082b72996e5df9626613739a2deaad761299dccc49,112870,0.0,0.0,0
R4_aB_m0,2,40,E,COMPLETED,39,69,31,8,30,0a869a8e3a7a369812f1c27f57cd3b5ef464cda5257cc6b6fb07d053e34bd2fc,329ebc78c10be91ab51ef2b89455d9552fc70c88c8499fb3e9f67b224035ece3,113719,0.0,0.0,0
R4_aB_m0,2,41,A,COMPLETED,39,69,31,8,30,2ff8bee250be8b8e0f1a81c3eb0c05226e1c5460f2b9bb05ddb3fa56664bf320,d0e1e0fbae46440714781e1cf7c69c7e39a1ce15f0688d93c61d2e0bc832d5f0,108018,0.0,0.0,0
R4_aB_m0,2,41,B,COMPLETED,39,69,31,8,30,4db53c71aa59dae61d92a5277545f059fb30f68552c1d8c6f4e77f9d2663fdb4,1bb5ae32bf6d5a4b41b4c57cf9e1516548e69af26751b27f6e030a95b006fe0d,110875,0.0,0.0,0
R4_aB_m0,2,41,C,COMPLETED,39,69,31,8,30,cc373483ec31b88a38945db2b622488de372550a77800cf5c1458300aa2e088c,291e3cabde8f9a6bb3341ef65c51618facfec09d6de268c6c825dc2b4863a7d7,112821,0.0,0.0,0
R4_aB_m0,2,41,D,COMPLETED,39,69,31,8,30,e79d6b404de0fa5da9e4f7bb12b85b518a267f32ecf108d384be1d2579107bfa,4f79a821b6c6bd4b2d7950ed0cdff4c8cf89303a0ecd59932c1fc5e669a61b6a,112960,0.0,0.0,0
R4_aB_m0,2,41,E,COMPLETED,39,69,31,8,30,a21c160101812145e5524b4087901cbf9fd73d633efb9adfa19f051a75f89f23,6b671d10031ee566bd7da1a901e514cb832356710509552d572769fb9694edaf,113663,0.0,0.0,0
R4_aB_m0,2,42,A,COMPLETED,39,69,31,8,30,ac5d264a7a9a2e9463372c51d13c09eb2de71a5af48ad3be558a28de60790b68,d759fd2e7646314feb23758da48bd69d75ec3aee7339c07ef77176c2243675fd,108188,0.0,0.0,0
R4_aB_m0,2,42,B,COMPLETED,39,69,31,8,30,967e685088156c9cfd4d133f7d0b8fc88bd1ca49dd0cfcd1f5f72f5c30bc6f1b,452adf1a1c0b1da85b766739080b63ad65032236ac5f58344c33282de45ca338,111178,0.0,0.0,0
R4_aB_m0,2,42,C,COMPLETED,39,69,31,8,30,9d0f4b75aca12a42f2bdb8b1108a3a996ad2927adf149d97f81d3980dc148f46,8edb109afb3aaa80594b0a0d90de186a73936e229ff9f7db134dd90e5320264b,113087,0.0,0.0,0
R4_aB_m0,2,42,D,COMPLETED,39,69,31,8,30,f4e4dffc8e1f14be307744cbc5b5e2a585cd4947dada5ed59fe0e554b4f4b754,46dbb396768d8690b09d53a4d08d59889bc907868012e26cc7c7750b650ce0af,113080,0.0,0.0,0
R4_aB_m0,2,42,E,COMPLETED,39,69,31,8,30,bd9585165bdf4222ba9139457926e6d865b1108e14aa626713302e5a5726f6ed,cf3505f119e5ff7960b44b4e60222102d989706d118f19e34b0eeca089d8b3ff,113787,0.0,0.0,0
R4_aB_m0,2,43,A,COMPLETED,39,69,31,8,30,4705eaef85417a8c415dc618a783d46ac9f7910d3757b0cf66b31d69ddf9683e,6beaacf53d8f59d56a956ac1caa35886037b4479cab069ea9733bb4b658c06b6,107883,0.0,0.0,0
R4_aB_m0,2,43,B,COMPLETED,39,69,31,8,30,db46650021cf4d648a211ff6241a7268a3f0afaf957395485255f4e1f7c47770,ea29552ac3181241716faf5bb213c68a5647ad4b5e17d1dd32ed8b739bf73bfb,110821,0.0,0.0,0
R4_aB_m0,2,43,C,COMPLETED,39,69,31,8,30,78a1b3b6e20ea2ca2749859b9a3b1c3aaea9856212b7bb3679df983636b62699,26b04770d13f13b6d907564999298213be83d1ea9621472972d6590c90dc58bc,112948,0.0,0.0,0
R4_aB_m0,2,43,D,COMPLETED,39,69,31,8,30,4bbac9f9287a7fa25c3c47586ccf66176915f635390d6c8ebe894183c834d56c,fbc9baa458f621db1fb3ea1e5bf42db26723a1be99611b6057eee067bce26770,112754,0.0,0.0,0
R4_aB_m0,2,43,E,COMPLETED,39,69,31,8,30,3ca982a468455a08d54742d46512ac588d28caba1b0659fb84f3a022bde76be7,7aa997267f22b463874b2be1c7f6dabb05b0911f939c9bd8aba7177c5a9eebaa,113668,0.0,0.0,0
R4_aB_m0,2,44,A,COMPLETED,39,69,31,8,30,9724fad31fe0ff2ca8ac2770a36dc4c30dfdc32b27e93aba9ed709b9fe1c548f,92d1a5587e09683a170b43d2045c0a8ff816a20fe201b92f120008d853e5e718,107851,0.0,0.0,0
R4_aB_m0,2,44,B,COMPLETED,39,69,31,8,30,01ef3ea893a6517e0fbba6c679b8c2ed73d79a33ed79d36ebcff5e31f89436c1,025d9d1157b32aba3643cd255d675ea68610aa5de63ee89db88b709f4f5c4409,110932,0.0,0.0,0
R4_aB_m0,2,44,C,COMPLETED,39,69,31,8,30,4a7444ed677c892f77a9f4c62647537613dd6a34910171f334411707b2d5f77b,589b3d6b5b2fadeac10fd1d523ba21a18d3d03caf2bf0080a132d5bb70e95753,112840,0.0,0.0,0
R4_aB_m0,2,44,D,COMPLETED,39,69,31,8,30,f6f4bb52cfaaa1ee8c7d9d695f49a5f42e09958738005e8ed9cdf95a8bdb472e,92f2a6f4562815cc23ab46cad9a61e06d234573f2c0f695d386e729c5cef958d,112975,0.0,0.0,0
R4_aB_m0,2,44,E,COMPLETED,39,69,31,8,30,cb9510323764879d4fcc0c905f21571c2b0b6903cd25ceb178876d62a26bb556,d8204e0661b1107c474af303f4878976aecd9430708264dedc65722496262ecb,113709,0.0,0.0,0
R4_aB_m0,2,45,A,COMPLETED,39,69,31,8,30,3b8e8825829ee43f25ade6d902aa3aae7e568ad537f44657e325a90fb6939bb8,3ba29bee0833b5bc7942ed13bbf00e75618713b48dba1bdfd2c1ecf15e9299e2,107976,0.0,0.0,0
R4_aB_m0,2,45,B,COMPLETED,39,69,31,8,30,556dabf127462a234cae009e751f232225b076111d64d9a63c5366903ec9658d,47ff0f3b97bf3b77ce324e336d9030f7351d38dda11ad80b3c7c339b4f13dff6,110938,0.0,0.0,0
R4_aB_m0,2,45,C,COMPLETED,39,69,31,8,30,a93f319fc21328a0c38fdb5d2486c99e1fe2379a6ee3d4eadf8954aec466450e,cfaea4d0dd3b28f45fb731590dc7600f0b6d4daf69f46c19b12692b2085f7cce,112756,0.0,0.0,0
R4_aB_m0,2,45,D,COMPLETED,39,69,31,8,30,e27a4bdc57f28fa6a3b2b792f1bda98323af43bd1912056f7205f713c82f22a8,9abfa119c330fba242f37afc6e1a862dbaba44052d3c1f1a1e9f92d294f81d0b,112866,0.0,0.0,0
R4_aB_m0,2,45,E,COMPLETED,39,69,31,8,30,ac88fb392a7310acc06860099418b2c0fdca68c84dd60571cca91029e37b9015,a2fb7c6dc3a59108883a6a5a27a50bb738afb53e8e3acf9e2d3e752c07e49904,113719,0.0,0.0,0
R4_aB_m0,2,46,A,COMPLETED,39,69,31,8,30,7d59b4415acc0b729fd96fac4e181197fd7f6bba883e7a7ee8eb60cef51f9326,0d99acfdfaad55daec44709ac5f07666dc6281c36e72aae83aa159e4fb2ad94e,107965,0.0,0.0,0
R4_aB_m0,2,46,B,COMPLETED,39,69,31,8,30,3ac76f87361c034a1ea93b0dd36d9194e2ccd86d0990416beb39c248fb5f5d31,60be68070bb7347231d300c64109b80b31eed35eca83bb2fff30ee2d6d3872ff,110809,0.0,0.0,0
R4_aB_m0,2,46,C,COMPLETED,39,69,31,8,30,b54d36e8044030fa63907233828f22feee495a052c3df95cc32c2b65a6c491dc,447fa360069e5ce612152c0cd11a1788b6da2f2da93dc0a478f99c04626d3696,113018,0.0,0.0,0
R4_aB_m0,2,46,D,COMPLETED,39,69,31,8,30,63bbfdd17b53723eafdc98b52fbf7cd59d5a996a17f7c25a7283f58b573d7d97,92aaeb706fee2f15597317e98ff1d537e339b73f1d82437b47eb8cb009ec421f,112988,0.0,0.0,0
R4_aB_m0,2,46,E,COMPLETED,39,69,31,8,30,b415f14bba184e314ff12415da574e7bc53a67861577b41590d92862f56a7705,1f70c6bd07dfdc30f555e3bf4e16ed57ffc52f88915f33b66a03f15f288767e2,113722,0.0,0.0,0
R4_aB_m0,2,47,A,COMPLETED,39,69,31,8,30,003dc4a6e4451550418e8c9b97a39b993d57bb557bfa7f14cc97ef26d1438d94,f2c5e47402713fd333ab83321c8d3cc1bdaa01244c93faffce7a2bb0651d2c54,107978,0.0,0.0,0
R4_aB_m0,2,47,B,COMPLETED,39,69,31,8,30,8633b7abc95ab21fce8c1711ab7eff4a2b824c02d211cdc3d09cf2ef881cebda,3c85d6ec2c4c03e81301ff2b613d63d1bd234e475a42244d7ec02fe9cc42bb58,110901,0.0,0.0,0
R4_aB_m0,2,47,C,COMPLETED,39,69,31,8,30,69991b603fac4afc02fd9dc8090f485217add1cac3e3947f8d1f4c10733aff8d,15e043577c6c52635f54954195c11d17068d640bef82cf7c13d5502e01d91083,112818,0.0,0.0,0
R4_aB_m0,2,47,D,COMPLETED,39,69,31,8,30,75050eb7547812a59aed038a265669f6ec08e0cbf56ee09326efd63780e104d4,bf43e62534d1404221608695262305945a7fdb24cccab2afdb05422faac1970f,112911,0.0,0.0,0
R4_aB_m0,2,47,E,COMPLETED,39,69,31,8,30,6eb04d0ef07c293261da0d2b64303f4cc8630afc225fd52930b0d4fb276ed4c0,9b9af665fe70a4dab4fefa837a7f227c9d97b5198b37319e65c5fc96ce914994,113628,0.0,0.0,0
R4_aB_m0,2,48,A,COMPLETED,39,69,31,8,30,5efc6efe64a9b2dca3fcad635fd2c01d535a38df492b6d65a85d44cb5aac720b,26f117f05a02837b2b6af7dd980df504748116c97b506f29b46a18fefcc8fbc7,107827,0.0,0.0,0
R4_aB_m0,2,48,B,COMPLETED,39,69,31,8,30,c5892fd2ffac393187f30c71fcfe7724d789ba7ede7ce7a7aaa18d12b25845c0,c32ea4cf12f7e2b30b84b3f4f8addc8baa62110e96d2419e7c0cf340d78df241,110786,0.0,0.0,0
R4_aB_m0,2,48,C,COMPLETED,39,69,31,8,30,a9a7d8e54fda6c0551744803c24edcc841a4047b3d364fb76fdd62fcede189d4,058fb7437cb779ba77099143a7d75ca32faf721f8cfa16c146e3440f5d87f720,112904,0.0,0.0,0
R4_aB_m0,2,48,D,COMPLETED,39,69,31,8,30,008267232e530e95441cc1a1d5e3cc8194f5b69fb7722e2e70f49d0900fc4e77,018c37a265247b08709f5855896a9264d8bd5f1a47786715a3bf9e7d465815d8,112829,0.0,0.0,0
R4_aB_m0,2,48,E,COMPLETED,39,69,31,8,30,3576ca46bf03f1488bbf28b568fccc065d0b636c56ad136d33bc3db005a1d142,4c8605fbe122c583e10f696697d9f873ed3d006edb6b4fa6bc2a17400a4a1b97,113622,0.0,0.0,0
R4_aB_m0,2,49,A,COMPLETED,39,69,31,8,30,c6943cb451820eeb3068a8f093374b6e74900d1652f104133ede9d069bf1dc0c,bd7eed974513aabe03aaa9b7810ceda789279a644839eeda5b136655645f3d08,108029,0.0,0.0,0
R4_aB_m0,2,49,B,COMPLETED,39,69,31,8,30,bf5494542928d336adf0ab59b745ab4e41d29ebcdc1c12833a83691be628742b,4a101ac988769e2cdbfe456de43842fb041315abcfb3f80b2d4054d9f0bc12be,110764,0.0,0.0,0
R4_aB_m0,2,49,C,COMPLETED,39,69,31,8,30,86b2890267c358961e581f2b526fed6cbaeb288c255c6d77942d1221d5fb2195,d080fe35b5ab45116a3c42d15ebac13ae7417a8d320d5140841bfbcd36a66296,112923,0.0,0.0,0
R4_aB_m0,2,49,D,COMPLETED,39,69,31,8,30,6096c16c117b4bc5a2cba66edee4279993b23ffc7d803d56b95a8483af733f8f,436b7f13f526f09e72d729aee262533bb0aa6f63afc63757b85d05871731cd9d,112819,0.0,0.0,0
R4_aB_m0,2,49,E,COMPLETED,39,69,31,8,30,255622f973c53150e19a99bb70298e2839c58c588ec7ebafab5a5327ea06a02d,0f6d21c43dde6b2d1a21d5d36fdd5c17c6ab23aec6c0c3ce27ce586206535655,113634,0.0,0.0,0
R2_aA_m45,0,0,A,COMPLETED,9,63,6,3,54,2ff6b5ed4d7e8ad4689c5b103bcef651675e07f78d4bbacc98f1ee0494b0c0b2,9634fb96bb892214eaf934b7129501cf858d410bf322258f950be491acaacea9,38358,0.0,0.0,0
R2_aA_m45,0,0,B,COMPLETED,9,63,6,3,54,5618cdd2d00c5c8a994e98ddcc647df103e0c9b266f01cc33013ad0c4fd01fdd,d8c671c90b8387662c87d18790374b2b0c86e6f13135c2c8f1d60fffa8b45afd,39072,0.0,0.0,0
R2_aA_m45,0,0,C,COMPLETED,9,63,6,3,54,4c3be7e118fd3dfa0503c052753f2bed007694f79b0ed6d6bb776fa0fd7196b0,eb6f9b4fe3c0a4b93b3e6b4fa948a945df54fb7d69db8d915f582a21a3c1711a,39466,0.0,0.0,0
R2_aA_m45,0,0,D,COMPLETED,9,63,6,3,54,8689d1037865e1d75eb331c9fcd83cac13def67804466c3345eb666c6fa78a3a,7a41fa85b281b2db8935f5d01486879ce3afe65651b71f79da0657429c2e8b80,39419,0.0,0.0,0
R2_aA_m45,0,0,E,COMPLETED,9,63,6,3,54,e229aff3af2ce4bc9a1ae95e5c088178b4ce7b219cccf006c994b8a1a8cad5a0,c47e38218eaa2bf4c39b248227ec06d1c87000dd39d7ed600e7fe11a838ee011,39967,0.0,0.0,0
R2_aA_m45,0,1,A,COMPLETED,9,63,6,3,54,bd1d0c9100ee5f7ae31a957bd4e49568c2cfcc4ff565b6108b16167b3bd88784,e7eada21f2885f96c9be5533d0fe849b04e48bf67359412629c48348ad166340,38379,0.0,0.0,0
R2_aA_m45,0,1,B,COMPLETED,9,63,6,3,54,6d92a592ef9075cbf89fd02b7566aa2b883405c9276e07aa2f29f247d693f47c,f1062712c625f448f39f16c80230aee9328e3cd809e64fabbc04c37c03e73a20,39006,0.0,0.0,0
R2_aA_m45,0,1,C,COMPLETED,9,63,6,3,54,ce47ce5376db5908b1b49bdb27b2890776e951c504ed8be9633d097ff0bacfaa,4a8548ae28ee8bc623d5a07a938a2c3aecc764af51de87340103ec5337a8dc59,39462,0.0,0.0,0
R2_aA_m45,0,1,D,COMPLETED,9,63,6,3,54,d48bd9f75b6a4f608754b682c5706327a470109191c9361b90b2c92956102e90,42f5f5be3c47e3a09d12a74672116e156c619d3f64389f7326fd2d20d251cd25,39420,0.0,0.0,0
R2_aA_m45,0,1,E,COMPLETED,9,63,6,3,54,31bb857799813f45cd9861caffa9648bf4a0249cd0b0c1ae803988221bf39b86,89c1d89a1ac4f4d08ddb578ad50b9ebfb2bd7190f4502a5ee19fba1a1203a589,39929,0.0,0.0,0
R2_aA_m45,0,2,A,COMPLETED,9,63,6,3,54,d5d816a6a55e84218bba809c9cca558faeb24634a62b18caff3abbcadc43f9b4,8d19abd154d60c037c6dd852e13578b0f1112e4c72f0b9062bdb67e65b3888f8,38352,0.0,0.0,0
R2_aA_m45,0,2,B,COMPLETED,9,63,6,3,54,ad11e2d6ccec3194a6b1c700e41904ea6e43a2cbe9d5dcd1bdbceed12a27ef5e,b96d0681617c7b781009d894dcf84524dd0e0ede9b7ff0da01ca2094d21098f5,39075,0.0,0.0,0
R2_aA_m45,0,2,C,COMPLETED,9,63,6,3,54,3fb6917e05c78c19e1437ba6c2830002bcf03847579e1dfbbfbe720abdd1b73f,7c6e11e188b887a0268bd48d3a7dafcc1438bcd25f07de70355dabb90154600c,39414,0.0,0.0,0
R2_aA_m45,0,2,D,COMPLETED,9,63,6,3,54,89d5f3513aa3ba73235d216727451aeae15518cf291163431fdf217cfc7dd391,a1b291e1d5daac7fdb310ea0f12d3032dcaa39f7f38fe9d02a8c2bd9582b090f,39438,0.0,0.0,0
R2_aA_m45,0,2,E,COMPLETED,9,63,6,3,54,9e3ff487ca9b5c42be458cf18874cae777e3bfb61f24c0ffb6344a2fc99ee1b4,b73e4cf7704b0be4c3fe1cf46c7342bb941dbd109c764e82b033870d1e85e4ed,39956,0.0,0.0,0
R2_aA_m45,0,3,A,COMPLETED,9,63,6,3,54,79685721ea0085f24470eec6a828d70c4a1ecaea3389c787b338a6db77443386,3b448092e6929965c9e451dfc8ef86b96cddd8697604287ebb9c58fef9d738d8,38322,0.0,0.0,0
R2_aA_m45,0,3,B,COMPLETED,9,63,6,3,54,d1109a250d8fc4d58e6d8aa418952448558f268f6ece32599ed4508ec8848d2c,823788bb8a81baafbe5496f8cef4aa0eeb6eb0fdb3a708918430ff41d7861ddf,38989,0.0,0.0,0
R2_aA_m45,0,3,C,COMPLETED,9,63,6,3,54,5eab768776fc13017b1518528b4c331cf1be46743e9007045580a4999fc5070e,eeeb9a5e18534d129ce6e157bf1390834e3c7277815ce7b2584dca7c7ee16216,39468,0.0,0.0,0
R2_aA_m45,0,3,D,COMPLETED,9,63,6,3,54,e4d1bc92d1567cd56e80e020a8c1b79a53500330ec837828610d24ade03e1512,b74be397469be05717e9c64f5f5ee40a9e69dc85e7b657a057cd16d5fc648d7d,39495,0.0,0.0,0
R2_aA_m45,0,3,E,COMPLETED,9,63,6,3,54,5b853b5313f29e9d6d5fe58bddf70e492da90e050227f2a567b94c4dc5149c0a,08e4b5a25ee6d79d62b8ad46e64b66d95dbc47106041b6b70dd1a86da2d73751,39995,0.0,0.0,0
R2_aA_m45,0,4,A,COMPLETED,9,63,6,3,54,3ce79da221929de0c8c11d8e75e1b670ea0a640f29dfa1ee946b9ee3749a6d18,7c2a9b5524990d9b4a3cb8ccd01849c777360c2fa32525e6563b9f30f48520a2,38322,0.0,0.0,0
R2_aA_m45,0,4,B,COMPLETED,9,63,6,3,54,c56b9a99d8dc7e043ec6cfbb2221a8bfb1987f2e8fd854fedaa67e5898f2f107,cb80887a088fdcde62951d23746d87d115267c70d055d519967aab51859548b0,39032,0.0,0.0,0
R2_aA_m45,0,4,C,COMPLETED,9,63,6,3,54,a37b851ca3b867923797037bc5cae639f58d0c6484e88c4f9dec5d15ea579223,ad1864a07bbd3326c004ad337d43e16e103c168c6a553b9e382511a4c710887a,39479,0.0,0.0,0
R2_aA_m45,0,4,D,COMPLETED,9,63,6,3,54,1912761797503337799b466fd547f7529f04756525565197281165687444d5b7,df516e713b63bb653d9930692226b0e2990d4e8f8bad99791fd3ed2857d4482b,39464,0.0,0.0,0
R2_aA_m45,0,4,E,COMPLETED,9,63,6,3,54,c176c90f0a16ff3d879742b4bba0f5938a799d5d9abfa0463ae5945ccbc7a5bb,8e5af46e43c4c04290dd1070b149519aee408e3b47715b733e456adc0587210f,39980,0.0,0.0,0
R2_aA_m45,0,5,A,COMPLETED,9,63,6,3,54,72912266c84bfd71ff351ec983449b93223fca89d90513505352c5a6cbeea6c7,dcf1d29764edacbd71dba99f74f9dddcccb81be7d0876c0dc1a9ae335bb55d77,38263,0.0,0.0,0
R2_aA_m45,0,5,B,COMPLETED,9,63,6,3,54,a0d63e3e9023ce263dd457a43e34fa7f9723bc03dbc33035f8486e076962dd66,d69dad451dd488ee8efc853a2e16dadca852969a5445833f31b33d9cf665b06a,39016,0.0,0.0,0
R2_aA_m45,0,5,C,COMPLETED,9,63,6,3,54,ff1d00c9f580f48ff919d264b635a42b6a5963cf68136c332abe231e0b83ffae,7156c0bf9846e190cf8a1fd9892b9f15aed3ff2a3f813cb48b6206547943d737,39406,0.0,0.0,0
R2_aA_m45,0,5,D,COMPLETED,9,63,6,3,54,a1cd964f01b8aea6ba126d3b70232388205acdd873d2d36fb41127d7eb0f85f9,cf611e9197a405b44f2a202813fb5e21f121c09d88176d107844aa0b464131f8,39481,0.0,0.0,0
R2_aA_m45,0,5,E,COMPLETED,9,63,6,3,54,e4954884173a9360288b3af98f7b721383da5bc7751b6d4f51ea9ee2c1963ce0,e6af4a078b9f05fef16869e53be4c7a539c3229cbce1b8298a0ddde17d2d2d75,39949,0.0,0.0,0
R2_aA_m45,0,6,A,COMPLETED,9,63,6,3,54,325b992fff1045f35fe8efe3687bf3004e170092a2f8e6fa694b07dbbcfcc19f,7e784422bb8b1c4c20b5e60d13be6708c288c1d338c908436c22da4093b2e0f7,38333,0.0,0.0,0
R2_aA_m45,0,6,B,COMPLETED,9,63,6,3,54,18a77b683be7f3adc7567d358d956e229c751c006c45c474f1e177d0cae6c874,7fcd2aab05ff2d5e62940f3e09605c7b5c92618dfc01ecd5465c8ca563fa138f,39007,0.0,0.0,0
R2_aA_m45,0,6,C,COMPLETED,9,63,6,3,54,1657d327e6dcabbee6d17600bca794242dc1d01803f1e3beee6d7b00a7d0f5e1,bb2bc0ec25553f5c206a14065410d703c092785e4bdb21a4112f2a0c44df544b,39405,0.0,0.0,0
R2_aA_m45,0,6,D,COMPLETED,9,63,6,3,54,25ee75afc83d7fd731d42f69de4b4de0c9946277e6b16b1e929a951ae96fb4cd,ee03b299720ac330c1f6d09df378ef56d5fa02ddca7c10e4ec355f69253b6509,39433,0.0,0.0,0
R2_aA_m45,0,6,E,COMPLETED,9,63,6,3,54,cc87a96ab46afb1f59e87d853da8779b445399ad6a2b66356fc11a6fd7c618c5,e71a6f46cc038c7ff1465aba9d8597d3b29910d1d87a4319b35a8ca77ba85c55,40017,0.0,0.0,0
R2_aA_m45,0,7,A,COMPLETED,9,63,6,3,54,3ec22d096c076de0966098b93818f29184938762ce20ed3c4c0a6622b78b6878,30b1a30c5164d49386d1053934240b92362b056286c7776652a315bc14855e68,38354,0.0,0.0,0
R2_aA_m45,0,7,B,COMPLETED,9,63,6,3,54,dbceac14ba2808e6a7ccaf394e3c8ed3d3fa34e4ca743b772abdb41f33079743,99469d34da4793d65c5275a652827134f1058557622a9ee44edeeb5430a38a8e,39027,0.0,0.0,0
R2_aA_m45,0,7,C,COMPLETED,9,63,6,3,54,e019731a2613442f78cac635d0386dfe4a8c6f71a18ca5dd5d961980c16a33ff,32de72f92e66904ccf5c5782261a0de0e9be58ff36d26dc4107fbff4a38c2ebe,39398,0.0,0.0,0
R2_aA_m45,0,7,D,COMPLETED,9,63,6,3,54,0ac2ea169da450e604e024e6285d05318b67ec60c85ab7bdc4f1f84808c65b11,69dd238f5b58c4e3dd179ca1dd547bfd977693ba5b45fb88989078d908a9dbe2,39471,0.0,0.0,0
R2_aA_m45,0,7,E,COMPLETED,9,63,6,3,54,d0f8b4da7b92dcba8884c709610e2a68c70232a2f6c24e265736d1b3ed4ded4c,7dcca0603a3bb3d88eed472d6fa3d9acf9aa588516d7e28f066af0569bb1f799,39971,0.0,0.0,0
R2_aA_m45,0,8,A,COMPLETED,9,63,6,3,54,5f6e0eb9446fdc49ea30377014a6e5767558429947053fb129186e1d391afc5f,685b25df71f6a9e94b15ecb66121a6caf090a5ca113b22475e3c91d901f69bd8,38384,0.0,0.0,0
R2_aA_m45,0,8,B,COMPLETED,9,63,6,3,54,b62da93de155dd4f0a40e88b1bdaea8770b37088e6d7ec9aa02164ad450202c7,301f7dac6c583a61656ca9938728251206f8a82b07aba8e02fd1935c8b84da7b,39039,0.0,0.0,0
R2_aA_m45,0,8,C,COMPLETED,9,63,6,3,54,afd7ae3f366eb9bc73f6827d8c624354617e7cd38682f6702fd08bf62bf93d26,a1ac3b6185f08970dcacbea1feb659d22f749f0e5d8523af477132bdf87c6236,39503,0.0,0.0,0
R2_aA_m45,0,8,D,COMPLETED,9,63,6,3,54,c7a2554a10dcd82a752f1e75135cb468feda07c90537c8b6c25c05b0eaac32f9,0412fa0198de3c477ac23fbc34e49d3563e27cb15fe3d31c53c602be916bf959,39449,0.0,0.0,0
R2_aA_m45,0,8,E,COMPLETED,9,63,6,3,54,974dc0796fab517627c0a50c711351b2b5f7f526df201c67c74e87eff12ffc02,523130e2e4d5569f1ef7464d0814f50162fce8e9f720daec955d57d6cae0a553,39993,0.0,0.0,0
R2_aA_m45,0,9,A,COMPLETED,9,63,6,3,54,5c059def0c23c941ed889cfe0ee0f2a5f57fb28b89289580ffefcec7cc1a27e2,d51a975070f154162fc48eca965fa7b7ecf43f5c36a40ea22b1cf3036d668f34,38313,0.0,0.0,0
R2_aA_m45,0,9,B,COMPLETED,9,63,6,3,54,c41a9d3dbebe4411ff60f41cea2e19323b94b944ae70fdbdf0974b115329a2ba,8118e9f5a7e382c587a093b708ca337fee1dbba34964ad5764cdfc61a8bf46d1,38991,0.0,0.0,0
R2_aA_m45,0,9,C,COMPLETED,9,63,6,3,54,550d1e95a9167aa341153802b3e621bb0cf23e22579b1469dc0f782b6a920aa6,21f179af1c10844e2c784c12b251673a62c8e3e22c1862720223308f798afe28,39502,0.0,0.0,0
R2_aA_m45,0,9,D,COMPLETED,9,63,6,3,54,99e545a0730fb11e8c2a20f9e3a5b34b62b3c3003a75043f2c5b45f5af6c9785,5d2fccaddb87f3051ff01c761aabf46e0a3950e258dc13d3db2866f2d7063b38,39458,0.0,0.0,0
R2_aA_m45,0,9,E,COMPLETED,9,63,6,3,54,1fbda81279e0739cb3d5e7cd93275b415dc5a97af504c4b42e58d2a475773d3b,39ea22eb029799a8a83c6a13b3a380f1c476dfd7a98a7826c8b7b15fea341117,39911,0.0,0.0,0
R2_aA_m45,0,10,A,COMPLETED,9,63,6,3,54,44550d441bd3c56a3df35f3b340813aedd365494e96053f3713cf60812146392,5533b75e9bbcc73da4614fe36022dcc37254d0890b2f74ad634df897d2e20967,38380,0.0,0.0,0
R2_aA_m45,0,10,B,COMPLETED,9,63,6,3,54,6b7efc9419a75193a309a55187308f193a484a9c4d9da8ced1ca26ece18185cd,a85b4b0ee91bba72140bf075cf61ce2c0e06722945fb8cea6abdc6230456e1c5,39015,0.0,0.0,0
R2_aA_m45,0,10,C,COMPLETED,9,63,6,3,54,5043e8bd09cbe7c367676ef76246f5e67224365d4ffab9e67b5e431846529f17,d3537a090927db83e91747dfaf9f4d91b2ebebff6b6e3a6ceaaa829d9048c360,39412,0.0,0.0,0
R2_aA_m45,0,10,D,COMPLETED,9,63,6,3,54,ec262c207f9080ab475a09d0a453d0dcf87c479c2a76b35aab03baa9cdd1dc5f,9539478053a443380b241b673da6b84b02463ebbcbf98e6efa43fab79b753d7a,39486,0.0,0.0,0
R2_aA_m45,0,10,E,COMPLETED,9,63,6,3,54,cfcf23158709e71a6df8b038f1b502797dcb0b68e075f56ec444a9d2f30cbf8e,c2be9fbadcb07bc2781d95a51bd34bd4f3c3cc1c35ca03bc4575e9f3edb8185d,39971,0.0,0.0,0
R2_aA_m45,0,11,A,COMPLETED,9,63,6,3,54,6f46e46bad341e26100d8380b7a3bb1232156e2bd06705cca72e55e9192bea0a,271d1800cdc461f29d0ceb10e80a2dfdd4bd2727f34e8cdac904d45d19ab0c93,38314,0.0,0.0,0
R2_aA_m45,0,11,B,COMPLETED,9,63,6,3,54,03ea2300c9ed0e5e0abb830dba7b9a33323b309cc5c2c1fb257d4613088aa819,173adb62bcca2215d3ec33075566520f80ad63948b6af37ffc70dec797a3cfc3,38979,0.0,0.0,0
R2_aA_m45,0,11,C,COMPLETED,9,63,6,3,54,a78fa338523e890b88045ccae8b9a66bd885b90e2f483f7ccc78b77603d4314c,4efc2078e20de08a9f7bd617e7833b4c9d515bcac67f35f47e61877e4150dbea,39394,0.0,0.0,0
R2_aA_m45,0,11,D,COMPLETED,9,63,6,3,54,f9ece2be51a1ef7212eec143e23c583385629b3426f2479c9fc81bff38a64d75,1c98efdc6549b173da8aea3528b0114ce6e7c5fba1d9cf8e2ae71eea6c16aeff,39437,0.0,0.0,0
R2_aA_m45,0,11,E,COMPLETED,9,63,6,3,54,ac7d463b20df0ab5eebd62a958b35d0c17c82cf01eb23654c7689bf24b370e09,4f8ed0d75e1201e7b4b8d1f1ca931f380a8e15f132f8868fbc88a8c81c004735,39961,0.0,0.0,0
R2_aA_m45,0,12,A,COMPLETED,9,63,6,3,54,052556edf3c86d1235d3cd9af62c10c81fff128c1315eb388ef007f0b7139d28,a57d3569479daf7bfbc99d3826ed7a6feddb45eafc36e4d508b4d6294a56c930,38409,0.0,0.0,0
R2_aA_m45,0,12,B,COMPLETED,9,63,6,3,54,2b6acb59cfe24c5d87bf226229c5b134a255b2565299e7423d249583be2e67df,6a090c8444fd78445bd3c83521c45e234940ead80c6b8c4d5f9211f1a637f3f6,39013,0.0,0.0,0
R2_aA_m45,0,12,C,COMPLETED,9,63,6,3,54,801d24d7989daebf7d8a2828d785543aa646fe370f848a689d228bc32197f377,7912a47c83c145b4f57fc2a5cff78d61c47b44edcbf9695caf900d0a55fdaa45,39416,0.0,0.0,0
R2_aA_m45,0,12,D,COMPLETED,9,63,6,3,54,ab4f5750390aba0a6d6dd3458710d571a069dfdddc970f18fda753d8ac3df05a,2c3d02e4828521dac0aeae13d71ea6afe56acb843f88083c1363c9944521ae96,39431,0.0,0.0,0
R2_aA_m45,0,12,E,COMPLETED,9,63,6,3,54,b566e0e0f2c9de5ca04ba207333acdf7e02cdb7a8e7f78d233237bb9598e1e6c,8c8be84fc84dca18944a0440e21090237773684b272b425e674a76a0c88bca56,39943,0.0,0.0,0
R2_aA_m45,0,13,A,COMPLETED,9,63,6,3,54,88020e23eb63abeccc12d1cec4079623292512a0e8d07e84c5c2b40df48ca349,6ce0b73b517f815193bf660715bfc8749c219ec172d8044e41a9952881c6380e,38376,0.0,0.0,0
R2_aA_m45,0,13,B,COMPLETED,9,63,6,3,54,3834dda039d2c59aae08f506adf7d1bf08659b04fabdafede1194be5d366b288,d1387ca0cb23bfa379ee35198bca599182893b6eecc7088fca4f72cf3ea4a451,38985,0.0,0.0,0
R2_aA_m45,0,13,C,COMPLETED,9,63,6,3,54,e2baa0eb811a86b4cbad413c0a31d84e2eae870e6d33b5fc180d2a705c7f5ce5,6f968a4fd8765d02b37f3448bbcc64976f109a1fefd5eb3b3d19742208cb1e72,39412,0.0,0.0,0
R2_aA_m45,0,13,D,COMPLETED,9,63,6,3,54,4b648171ddccc1d305a8a9f6352a0a485f3de0b091e4a0c39480692f0370d046,5c5e995aa13ea0639a233eb2225cb9b3807134cbf71400c1127040b55c2d9c4e,39416,0.0,0.0,0
R2_aA_m45,0,13,E,COMPLETED,9,63,6,3,54,186266cac56305dba855b2b13e56273816336101241791c2fb891d244c61abe9,e015a8f0664014964b7f51f60a38366aefea1f8bed89fd9f556157e50ef8edbf,40010,0.0,0.0,0
R2_aA_m45,0,14,A,COMPLETED,9,63,6,3,54,3a007a5cfd4767e239deb4b1bc751dfdd78df28fc39485a983cb703abe9d4545,ef0f19dd954a3e6e5bfbc1b95520243a950c9d6f88d31982790a5891b1effff9,38364,0.0,0.0,0
R2_aA_m45,0,14,B,COMPLETED,9,63,6,3,54,46d7423b9ca17b666f007e15eaed33567d405e6e04f1f3303093c689ca8c165f,87d63631ef31e614c42fe33fd36a87cf898c0dcc70aefd1caceb95bcd7bb928f,39025,0.0,0.0,0
R2_aA_m45,0,14,C,COMPLETED,9,63,6,3,54,62a215b2646f075e2221ac5fcd4f3dfeeec7c1c2b207bc8a04d37e488a063c9f,cc92eb71e6f95f365eb1e9a535dd72293ce105ee27d4ec857f9feb971a8ce85d,39397,0.0,0.0,0
R2_aA_m45,0,14,D,COMPLETED,9,63,6,3,54,a785e32c3fe95cfa97c9eaaeba236da5ff6daf9f72eb708dc398bee8ca5e330e,1fad3367461c3b468e444b4b480941403d5869acdc3d9c3429d40befac1605be,39421,0.0,0.0,0
R2_aA_m45,0,14,E,COMPLETED,9,63,6,3,54,11ff2997a060ade244ee6de66210bee8b759a8c388c87fd0b0b8463d9fbd4b59,9760d02b1d6f1215be9c2b04e283e6c4a50872939aa32393fdb3123a5d928542,40008,0.0,0.0,0
R2_aA_m45,0,15,A,COMPLETED,9,63,6,3,54,37f4e5ee13e6b24372e5dd0db4f0eac42deba6adcf13a24633d5b7f2cabaa8c5,9e977536d0af0cf99500307646acfa888500ad1318d28d7b1e4b0dc111b49507,38336,0.0,0.0,0
R2_aA_m45,0,15,B,COMPLETED,9,63,6,3,54,6aa329ac4739b3f183bb80759070181bf95b21a67ee715dfc58cf5c5d08b80c2,5cd4448183792b5878f3914b45dce3fe8334df8d8174c05284108c0c4373f9c3,39011,0.0,0.0,0
R2_aA_m45,0,15,C,COMPLETED,9,63,6,3,54,a10db846c385aa561d0e21bdce43d039082167b8a79b74ff1ad11ed64b968f8c,aec6da535655f81a19891a7419ca3fc1fe9237fc62268c3a7e7355106a987c65,39419,0.0,0.0,0
R2_aA_m45,0,15,D,COMPLETED,9,63,6,3,54,e9ece8ca25318cf0aed4c68cc4f03ad2a32916a008a4713d9cd0bf9d8f01f35b,f55d6185dbea339c51661665295c5a06e495b92f216b5f29a073c1cfc31922da,39396,0.0,0.0,0
R2_aA_m45,0,15,E,COMPLETED,9,63,6,3,54,417ea8ddc936a63a6879b2cb9f47d9b815ff2b0e34765f983283d34dbf9ead93,74d713784cfb3d507af2a0db86dc1cbea3fa1d19f777aaf6de49e538b60badda,39996,0.0,0.0,0
R2_aA_m45,0,16,A,COMPLETED,9,63,6,3,54,be340a522b6949702e3cc6bedac9de92f807510fc87a89b90b21413f04152f97,6c2a1fdadc9c220d1f947f5913f4e642ec8232c6a099d73d5da37b40fc573641,38371,0.0,0.0,0
R2_aA_m45,0,16,B,COMPLETED,9,63,6,3,54,46da0eedbbd454e353714fafe754ad69b17ff77e39436b093395f46ee2aae474,d55fb6cbf22e9cd6c048c7be293ab698afeafcc8ba5cfaa0d186c75012aa7258,39143,0.0,0.0,0
R2_aA_m45,0,16,C,COMPLETED,9,63,6,3,54,de214505c49cbe810a14d0d5495373e0413c78429341b9568e9a68d98333d026,8a59fb29977718e32629e102339a99338a53bb3f256540b98ae4c484ef926c41,39423,0.0,0.0,0
R2_aA_m45,0,16,D,COMPLETED,9,63,6,3,54,8f7e4097b7afa63b47ade57c4eff3d0198d6b8dfde756dcfe6652b4d344a3b1c,c6e205208564eb2e452ff34b61de6be89ad2a808b3df00550e2f703fa089dfe0,39462,0.0,0.0,0
R2_aA_m45,0,16,E,COMPLETED,9,63,6,3,54,39576e3e8c668631ef046f6f085672af77ea5db4cb610a410012b1b0389e0a3f,4a03a913bed61d1920dd280d74289ac01ec5d1af9a936cca8b77ac746397d573,40005,0.0,0.0,0
R2_aA_m45,0,17,A,COMPLETED,9,63,6,3,54,21d7283594badafca706f2a1d7dfb68dc7be4c7abfb40f9303e19064112c32ef,5955d58e33a18782b4a8c6e9ba1dfcae635766bfd27017f1cec5a9e96e74a558,38360,0.0,0.0,0
R2_aA_m45,0,17,B,COMPLETED,9,63,6,3,54,cd4ecef440120dafaf6e6bb883bb7e39931d1b5541c0cc0eb18b1c60b33e7bc1,8b7a55e32bb0a0408d22e6e8ef6493758c9098f5e9f18dc857280f64b5d458f2,38932,0.0,0.0,0
R2_aA_m45,0,17,C,COMPLETED,9,63,6,3,54,ce60f2beff432dbb4ccf36ff6ec2ddd6e5d82765c6ed3c2088605442a18c42c6,0ff959181bf89f1b8fb679083be156b5b8eaaf48c3257f2b82f74632c7cfc91f,39407,0.0,0.0,0
R2_aA_m45,0,17,D,COMPLETED,9,63,6,3,54,8d9182ee0298e4d03ddb3b341023c4274eac0b987321b9b8063c77c934eeb1ea,1daa04707c3ff9b6a8accc8d38205bbed0afed0b0b03046e76f49a75e4acfab5,39411,0.0,0.0,0
R2_aA_m45,0,17,E,COMPLETED,9,63,6,3,54,0ae94cefe5c51ac0fc8f2f742c6abcb29d6451e1d2362da8d808f5cf2735dd60,a6b591739ca3d19abbce96caa073c0c6c67435a5af72af29b35e26258f63b5e9,40017,0.0,0.0,0
R2_aA_m45,0,18,A,COMPLETED,9,63,6,3,54,48077532ed741841b2ccc4a4068497b5d48aae7655bde05e14b6ee836b1e318f,aadd9af43fc055f4fa98236a1505f601e8ff61e1c3950e00009e7c43c24b2ac0,38341,0.0,0.0,0
R2_aA_m45,0,18,B,COMPLETED,9,63,6,3,54,b6375e780357026bb39f83c7f24c897030d6882235fbf09cf5959c014945bacf,054c898488272b71e9acd0ef4ef27439a37ce5fcb1b112d35599429d217a9ea6,38970,0.0,0.0,0
R2_aA_m45,0,18,C,COMPLETED,9,63,6,3,54,b8cc8707c7ed0585dfb782d5ed5865208a658a33b26566d28151846468ec6d1b,e6a3895b32046051c7cca6363845df6cd7cefd74e00dc3b5a2c177d5df3b71ca,39495,0.0,0.0,0
R2_aA_m45,0,18,D,COMPLETED,9,63,6,3,54,11712206647564c1777654f027f1441f4486271dbb6b5a298914613a01113da4,19d37323a6a7705cf03a1a2e56a31a31120a6e4a796ec15b067ea3532d6e607e,39413,0.0,0.0,0
R2_aA_m45,0,18,E,COMPLETED,9,63,6,3,54,ef91afde8fd587a41942a300190483c594ce93a479c045d5aa3f272aceb90c81,aaccc9671320c187cb9de500308baf69f96e3738dc566a47de5066c8eefcd7f2,40010,0.0,0.0,0
R2_aA_m45,0,19,A,COMPLETED,9,63,6,3,54,03114f1384952739f1cc4d695f64a3be6743bc8f51033ea572630ca8be570880,8cf63241cc46e9ecde279e8e90c1ec3e54b888fe1d7c902ff9ce0ea835b514b6,38334,0.0,0.0,0
R2_aA_m45,0,19,B,COMPLETED,9,63,6,3,54,65620c6ea32910761149e6a829b189a3472f046c8ea112c896f4475edb6da394,f5def7be1b9c943c4717e3188449d7dd54b245bda31ef410daa0f8a1e76b4ee4,39061,0.0,0.0,0
R2_aA_m45,0,19,C,COMPLETED,9,63,6,3,54,7cc4fe98c60551ebee45867dcd02f0161ca2dd84f531ba32935e05ea87566ce3,079f77a880de858b9c7406967d0370baead4ddeb6e84d6f3768826d8bcde7cf7,39458,0.0,0.0,0
R2_aA_m45,0,19,D,COMPLETED,9,63,6,3,54,a85d9ce3dc83c8358e7f288fb18593a19624b661413c41dc7e753c49989624af,3e9061a55fd6a97942afe287eb208fbd96a3d3ea84cea9e4150fe234660a3eeb,39426,0.0,0.0,0
R2_aA_m45,0,19,E,COMPLETED,9,63,6,3,54,072a229e7a6c1d55dd20604a90d585e918b6807e39b9fed1ad90ad8d653705f0,79fabbe8866b736e4b5025e87f88cb07f00581b6e159ca246c1d3ee2f184c474,39992,0.0,0.0,0
R2_aA_m45,0,20,A,COMPLETED,9,63,6,3,54,fefc49abd40647a672d521b1f3e5acf520374f44c192310774a7158531a888d9,90cfa1bedb28042d65aa9f50f9fc40138669b84de9191c80854778140efba35c,38285,0.0,0.0,0
R2_aA_m45,0,20,B,COMPLETED,9,63,6,3,54,3458d036e0a577ccb281aef569b3dd3b1c2cdb81674be0af86972de974b0f39e,efe267cce32f68d2bcbe8718189ab24d1be467bd877f5dc780a5cf11207d7692,39074,0.0,0.0,0
R2_aA_m45,0,20,C,COMPLETED,9,63,6,3,54,cad570985d5397c3af12ecbd816ae758639b8bbd746473120a7f4f1513f119d4,6fc8719cc402e71d0b9249eb5493950d7b1932790f772d8e6fb2ec88a9d87a7e,39387,0.0,0.0,0
R2_aA_m45,0,20,D,COMPLETED,9,63,6,3,54,ddf769d1b14bec27750d193db2c81a5c4b36a37181a9dc2786575c23515d1c25,88adec015140a4a95cbd7995495c8fd5e268dd0644e5ee3ff7df21d729b82b36,39467,0.0,0.0,0
R2_aA_m45,0,20,E,COMPLETED,9,63,6,3,54,acb2eea76a3307a2a90ae5d48dc7bbed2810527ebe79e816bbd606431ba9de78,5010e648b945ad03dac07164258f82322baf8170f52a2dd4e13c1000b08502c3,39949,0.0,0.0,0
R2_aA_m45,0,21,A,COMPLETED,9,63,6,3,54,541acf164a989535c8deccd2024d9d9227e21bc57c06d62885b68220b93d8546,abc640fa85e3b6739320f9bf5be7911205e8ce9a0589622556dc8bf384c2a0d7,38396,0.0,0.0,0
R2_aA_m45,0,21,B,COMPLETED,9,63,6,3,54,b7d1cd4a1564f622205a26ef7e43212e38a89a301e3f79da26203db734704148,de0709909c52fc53f4d25e4b3888d6f8b8feef721c6916cdb90e10f4c572f8e2,39041,0.0,0.0,0
R2_aA_m45,0,21,C,COMPLETED,9,63,6,3,54,8b7638ed6cde3f770d82d30e7c62d18147ae9eef2c20e6e27244f538cf1b66d7,73ff5f01d433ecedbde17ba408351b474c73496bc3927d67ad1ed279f08031d4,39433,0.0,0.0,0
R2_aA_m45,0,21,D,COMPLETED,9,63,6,3,54,ff928c7b0f4666ec45a7a2477ebc06342610622405826f2d872fea86963fd40e,c14203b9a72cace1862867c8a83901fc5237d51d7b11f77c50504b21cf08e73b,39475,0.0,0.0,0
R2_aA_m45,0,21,E,COMPLETED,9,63,6,3,54,47ab01e6546b80cf48f26090aae00d226b0f256b9fe44a5f33c63cb542961d97,b44fbcbf65eae9b6c4cf5ddf71492c9c181ccbdd21523857e6af8eb17889e6d4,40051,0.0,0.0,0
R2_aA_m45,0,22,A,COMPLETED,9,63,6,3,54,a9b74f1bb82839240e8d02bbbacd19d09fd745446434d49244629f276bd1bb8f,abe62cf30bd88f9913bd109d4cb97c608e2d8f30a7c7bd94c85f60577505be64,38324,0.0,0.0,0
R2_aA_m45,0,22,B,COMPLETED,9,63,6,3,54,e89fd5b5d3dab1e59b7e8713dc7fcf079665b7f06e494bc9c479849921bf7594,0d20bb3c23922dc55417d727fa7961f05fe42b9ac8a71387e1125b327d34ec2a,38940,0.0,0.0,0
R2_aA_m45,0,22,C,COMPLETED,9,63,6,3,54,ace97df798d1c39edfa80dfa930d087303f1753f870b3954daa089ecee8bb056,1d7059c9822735e28f24c11294deed95428ef68ec570784aeeae5838c41c1f02,39440,0.0,0.0,0
R2_aA_m45,0,22,D,COMPLETED,9,63,6,3,54,d8432d8d89ce2892c971dbcdbb8a8013e72813e1d3e88c92e536edd81c8309f9,31fcdcd13d887c572f863cc4cd8a86beb36615a7dc84ea3e3a10394f70563cd4,39445,0.0,0.0,0
R2_aA_m45,0,22,E,COMPLETED,9,63,6,3,54,171f29ef6beebd4751ea92f7f971035dc90c52324f72442a7cbb078bd7cec48a,bfe537aee5fad3807fe9258c9827a2a3aa2d57be6dd132af8133564942b7bd20,40009,0.0,0.0,0
R2_aA_m45,0,23,A,COMPLETED,9,63,6,3,54,f022c6e111521ad580644a056f27126785b21b8f6efa54ff7620d5a7c89e838b,1a61a48fe2060c908733d5d88a8e4d50f5876c4788d0e2d498524b40dbe8ee40,38321,0.0,0.0,0
R2_aA_m45,0,23,B,COMPLETED,9,63,6,3,54,641a27071e611f5a5fb539634ed5656350b0b197b93b1bf0bbfb4a041264d6c2,d3960153ae57a44081129ee20b51c4dcc9c06de49369f545ba883c0dbd591917,38991,0.0,0.0,0
R2_aA_m45,0,23,C,COMPLETED,9,63,6,3,54,4e81622c9d362b0b8a4908e7b3d259f5a1a13587d6a2401294731cf90867be35,3eda542dce0ac22fb8f04f6b11d31c1445b75c516775a3cbc56b5ef90e365211,39453,0.0,0.0,0
R2_aA_m45,0,23,D,COMPLETED,9,63,6,3,54,bfc5d3150619489241e6327d9bc8b1251ebe53adf233313d0f9ed4b7b7923621,a5280651171655b26eba54bd0d002966170ffa251f9ce2cd83fd9eb0a2d7e7bb,39417,0.0,0.0,0
R2_aA_m45,0,23,E,COMPLETED,9,63,6,3,54,e8d43c6e765b859a68469d380b88d7612a642e9a9073b39d3269d20dd35e5822,a1c2108018d1fc891fbe7ba720c06beca15c4531499aeee302abfad685fd8874,39981,0.0,0.0,0
R2_aA_m45,0,24,A,COMPLETED,9,63,6,3,54,bf86b9c0150580ce1892eb80d8d614dc7b9dbaf489dc039aab1f1c8bdda90369,f6eb41bea7503280c020f7552f4c3c7e5585eaff71f63c5f4724aff6292813c7,38290,0.0,0.0,0
R2_aA_m45,0,24,B,COMPLETED,9,63,6,3,54,0363f901d28cc50af55ca131f38400e4fb42fdaf4fcc8c675066af9bf4471501,abafc10c1347000dc18c0150f14c05b87c42c7887de5465d535d9b9d322ca29b,38973,0.0,0.0,0
R2_aA_m45,0,24,C,COMPLETED,9,63,6,3,54,26014a35d6590cc9b7b5ffae49f2e6dcc4e7e4a068613b7a541c6fcd31b90ef8,53d8f13a4efcfd42ea3164cbcd23711a9599cefd1544166082ddbe6714619fa6,39475,0.0,0.0,0
R2_aA_m45,0,24,D,COMPLETED,9,63,6,3,54,7fa9f94c89965ec51aa006e25ee2c9e04272c64f18ff52b37d61c913c659d1f2,72ca2d3963e31b38369cf3ba3d48df1e0394b0c097384e815ee3d2741c770749,39467,0.0,0.0,0
R2_aA_m45,0,24,E,COMPLETED,9,63,6,3,54,7c9602c01f9a7a05cba9168fc491634f17d6511c6a8f0d4a5da3a749a5a75549,354f5f6b5f5a0f8b8333b5b3e8951284fb61766f3af51740d76917d4c349a670,39975,0.0,0.0,0
R2_aA_m45,0,25,A,COMPLETED,9,63,6,3,54,220fd68a63bec46bf5c8cdb651d3ac0fa97c43722520ed8d2c571c1cf4742217,93306416718f73f9d1459bad7c48afcf4acafb5238d7e99c1e8dc295d8e51438,38402,0.0,0.0,0
R2_aA_m45,0,25,B,COMPLETED,9,63,6,3,54,727486f9ecb45bfe452a156738c887b14ec6fe2e41d43f6f45d5ad0e9ce800c6,36c1da9ba2e083f1cd5f53660a6cb0cd828f8eccd0e5a4084e66e4820c53cb8b,39011,0.0,0.0,0
R2_aA_m45,0,25,C,COMPLETED,9,63,6,3,54,a6b63934ac9557c724710e5cd535474dbdf48e6ac9b4a220580550cd49730715,1dc3184e6fe8eabbce9e8629832be624f588f15049178cf2a45264a217cedc47,39458,0.0,0.0,0
R2_aA_m45,0,25,D,COMPLETED,9,63,6,3,54,d691a12808812e8d511826284cfffa7a4e8d26213c8c0ed9ff56ec31d261a04c,42e3e76a28fd437bde582782364b157880da1fc24d9903c3dfc49259176f60d0,39422,0.0,0.0,0
R2_aA_m45,0,25,E,COMPLETED,9,63,6,3,54,477063d7278c59002f8593753ac492e65959ad11c4052b88f86674b701a2b6ae,ff5841209567ebada596cd8cd7e2fba75a25074944223462d22c3ac9078aa6aa,39978,0.0,0.0,0
R2_aA_m45,0,26,A,COMPLETED,9,63,6,3,54,fa1d5161bcdbc8f02d8f0c2dfb345f48fdff1b77ab3c45b8f87a8dff0a698f6c,98c98d822b233a6b655a6b27203bd36237b51d6d2abeaae547bf9a5ede4794bf,38301,0.0,0.0,0
R2_aA_m45,0,26,B,COMPLETED,9,63,6,3,54,c9b8d01c503302615707ccb5298207c5efb38ed1cca9dfdbf035f2cbc8b2acf5,1ca3952c630ad9e4cdb0b8417480bf2abde9adca42c6f642d33912aebd270b6b,39005,0.0,0.0,0
R2_aA_m45,0,26,C,COMPLETED,9,63,6,3,54,f1fc52869e694a1099396b36a6cb55610f80a97a926b0530f6c2ccc8e8dca7be,50cbcf30030f051ce7ac33a6cad118d2ee66727c70fd7351089de2651bf3de6c,39456,0.0,0.0,0
R2_aA_m45,0,26,D,COMPLETED,9,63,6,3,54,6da68174270bbfc9756ba5de1d37ccd00ff453a4bf7a30639768166f79b41234,0e5e62a8e30ccc104023f937d9f01413ea861151165158bc72f53f71dfd648a2,39419,0.0,0.0,0
R2_aA_m45,0,26,E,COMPLETED,9,63,6,3,54,6bf5648664085df10e781fc672f951c24b8f84d318f57a8c45dd8153fff1778f,4639c7fe43b4f74493e1338191e32912ecd32fbc97f4e66fe6bd140de22a80a8,39974,0.0,0.0,0
R2_aA_m45,0,27,A,COMPLETED,9,63,6,3,54,ac428a621495364422e39f7d1c4b195ba9f53d4a7625ea7b72d85439ad51daaa,1dafb9292dd54a9a3c669f862b229dd68ba006037a88a4c28d55ef545618c827,38394,0.0,0.0,0
R2_aA_m45,0,27,B,COMPLETED,9,63,6,3,54,020f038f1232d2814aa0a75d1c04f02c70695e8a11322048a24cd157ec3c0576,7974d634a0cd3ce5db9daa25825ad4454e29abb4b42c09a57e959fec2e91bbe1,39036,0.0,0.0,0
R2_aA_m45,0,27,C,COMPLETED,9,63,6,3,54,23b8bcfe8a0d0178a3d9bdd91f92370a1c05feafa18dfd6f43cc26d5f3221150,8dca60866380868da50ef54104509719fbd5d0f39a61255490c328b6b43b6f21,39467,0.0,0.0,0
R2_aA_m45,0,27,D,COMPLETED,9,63,6,3,54,d1a580b2b5ddf4bec84ecfb92e6001b1482766e3bf51f1b34717e8c8aaa6277d,c1906b6990c0901b0928d6b0b03468a50c32553558e054a5fd6ed2d719e88df1,39421,0.0,0.0,0
R2_aA_m45,0,27,E,COMPLETED,9,63,6,3,54,f7bb50206d893f7f9785a8b5e6b36046ce3df6e4c483e334d3a9c9b6e000ac14,1c31687cf7e6c97f75330ae47ada11695e62790a73a1f213dd18212d15bc7204,39993,0.0,0.0,0
R2_aA_m45,0,28,A,COMPLETED,9,63,6,3,54,c4775f042ceff849e5dbe0f45ec158133901e2fc84ff0d5b0964b6e95f123b5e,79d31dfd336121e2d4b11a1283a250d569218d9dd88c9949351e0624b0dec08b,38364,0.0,0.0,0
R2_aA_m45,0,28,B,COMPLETED,9,63,6,3,54,751d5402befbed1438e604a2207f26f391c1e60156b2036dcb8269b337993b54,e76313eb519ff1e8bcd0296fddfed527ae6794982a7c313676e20e25c52eab16,39009,0.0,0.0,0
R2_aA_m45,0,28,C,COMPLETED,9,63,6,3,54,fc325374efba8a68b97636715e6d354bd3c3b19fb78f630ef8a645dcbd4726db,1c7f305d456e6d1e1fb7259da60ddf591c69f6b5ae201528b365e6c740d0214a,39494,0.0,0.0,0
R2_aA_m45,0,28,D,COMPLETED,9,63,6,3,54,95f3f66ccb95b4c2eba855b1fba5609e79446c7ec118c1a8eba5eda3edd542d3,8f8c34d814dbe9da8dd3397cc2a5eb223c6bb7087edb9326a306950f6d53ff5b,39462,0.0,0.0,0
R2_aA_m45,0,28,E,COMPLETED,9,63,6,3,54,4afb2516d5072d82d48decb274bccf52e81f908904375187c00112fa61e51d48,a61dd3f16a399e0bd0d43598e3fc9f69e4e247b97675eadf458c2c217cb2b27e,40020,0.0,0.0,0
R2_aA_m45,0,29,A,COMPLETED,9,63,6,3,54,75b0b36af14fc850db9a7a3eff8b46755766bf9120fb256d0174fe5e2e903fea,813029c1e1249da1aa4af4a65490310f4fcb911cf8684c8a356941e23275281b,38408,0.0,0.0,0
R2_aA_m45,0,29,B,COMPLETED,9,63,6,3,54,f5c937d470596f6a246a642c39985973f68d0c163ccad6c3ed281ff8f2156aa9,85baadfd5ca820db98c1936ceb1178ba798eb071f6ef8719ac8ff378523219a2,38984,0.0,0.0,0
R2_aA_m45,0,29,C,COMPLETED,9,63,6,3,54,9afcf9e7e1a9d361803d7964bf60c8e88bd8dbf881765882d565d4045dad03ef,4ba5ad4b0474c492565ac865dd88ef2be56879fd5fba79631cce67c98cdbba79,39428,0.0,0.0,0
R2_aA_m45,0,29,D,COMPLETED,9,63,6,3,54,c3dd799883273367c3587f45a0adb6bd1ef52253614c4700d1c2260f723fba91,e4fc775fd1adac2d930f207052899510ea74062c31126e85f736b29c657ef3ac,39501,0.0,0.0,0
R2_aA_m45,0,29,E,COMPLETED,9,63,6,3,54,2bf67e71ee3c656ad1d5cb4119abc5107ccaa3319cd51a5b28efb03ea6a25008,22342469dea96ef8ec074dd46eea39388a02e9667bb3bbef7e624c3d12b82666,39981,0.0,0.0,0
R2_aA_m45,0,30,A,COMPLETED,9,63,6,3,54,5e9605e9aabd44697756e1163631b50d2fcb23eefebeda6204c541e7d2bc9976,0abb306a8446d31bde8501088210393656f761c21e3393a6c1f95ecb4e06438c,38352,0.0,0.0,0
R2_aA_m45,0,30,B,COMPLETED,9,63,6,3,54,4f50c088fc461b1274c91468522e2ed80c1722f1ab84db383e9a51d942650818,09ea57dff974021f4b6372ed11b419fa0b475dacede98abb39d81fde9f5476a9,38955,0.0,0.0,0
R2_aA_m45,0,30,C,COMPLETED,9,63,6,3,54,aa1a32f8bab2fd7e68038f43096f26936b7262033f05295d5a0b4b71061585d0,c24884b2904a9f40303c23c8b75cf3441e6db9443d8134b1fb69f4fd6399e98a,39433,0.0,0.0,0
R2_aA_m45,0,30,D,COMPLETED,9,63,6,3,54,aa7fdeee6b2a0839fa4fba302f98aeed07fd30aa9d373989d54e9bd2c240f12c,b141ed4b1632aed1f5dfe5c7034ce0588c0948759be6d6267f8c1efa91e20e9e,39424,0.0,0.0,0
R2_aA_m45,0,30,E,COMPLETED,9,63,6,3,54,96954c2fed4887711366a85cbd47ac60005b82239dfe1e30cbeb6aed52ae4a04,5d4b6fdc4ce68ff1b1c27f11d54e74b8423dfdbf47a11826c07281dd577e5f20,40003,0.0,0.0,0
R2_aA_m45,0,31,A,COMPLETED,9,63,6,3,54,4255d11c9102c3dc59188aefd6fb7f472d770020073dd863d276b8c327b63147,a9100ce7e8d013d52603726e750c76f6dbb6ca6eae4a3e7791058b5f46ea136b,38358,0.0,0.0,0
R2_aA_m45,0,31,B,COMPLETED,9,63,6,3,54,41725b824e1db2e3413f261c2516cd78e2a0db2bee602ccbdaf9d7855867f3f0,947eadbfcbe0b1764921c12e90be0d8ee6e403b32c9f6c0e428d61a0b3221c31,39021,0.0,0.0,0
R2_aA_m45,0,31,C,COMPLETED,9,63,6,3,54,4ad11bd305e90964222f652ca9a09edf9a63547953e7dcb1f738dd57bf17a5fa,4a51556a250f219cbe5e0210af438968a319db61c1b556cf3c6e3ab54f93e320,39407,0.0,0.0,0
R2_aA_m45,0,31,D,COMPLETED,9,63,6,3,54,4a7b0085391b0703db847ba3bd38c30cef519f467d818bb203b846c1a4d7bd83,74257812a042a9fc427b506c41b7941cf4c932f9a9b015cade41cac3c7cadda5,39426,0.0,0.0,0
R2_aA_m45,0,31,E,COMPLETED,9,63,6,3,54,d147c76eb8b1500d2754df367a90a01d4932eeaaa6b1115311e82ffd57169311,b36e90667bb4c168912f1cf0705cab1f8c3b10bb3288e79e8e7d29f394297529,39985,0.0,0.0,0
R2_aA_m45,0,32,A,COMPLETED,9,63,6,3,54,db369d6a338a7e6e23e458f549f4910e1d468a618977d846d98d9aa84b5d5981,9ec04f81e309580e637401a55bab41409966d8104331ffe5a769dd329dce4749,38355,0.0,0.0,0
R2_aA_m45,0,32,B,COMPLETED,9,63,6,3,54,cee552375c481c37245b80b7334719683c270cefcb2e51351d371561abdd74ca,ce79326c7f12b8156ab5e2909567dbccc53e429f3adc60d93b2d16f08f25c56b,39037,0.0,0.0,0
R2_aA_m45,0,32,C,COMPLETED,9,63,6,3,54,bb426ea26f2303b0c9debcb1be05df383d64305b0520e3f65fedf906c49d70d7,7d041434cc69aba7e2e988be75b85dbe4bad66127a9a019d6e9710f27dff3e09,39444,0.0,0.0,0
R2_aA_m45,0,32,D,COMPLETED,9,63,6,3,54,75a0fcaac7cd80f7afdf460e920cdfd46496759b3ceaf8b5cbb522ca1e77e67e,a63d05c30eacc172d28e293bd865e757f31209f3a483a3f6b75fa6c0efa9cc0a,39438,0.0,0.0,0
R2_aA_m45,0,32,E,COMPLETED,9,63,6,3,54,f51353b96ad372bc7298988f16f95e7577f453de8b545cbce5d25bf113f29b80,fcf08a6f39f1c0e0e66a7ce8b64fcbf4fc392dd396fc2d468637b9cd53ad3afb,39954,0.0,0.0,0
R2_aA_m45,0,33,A,COMPLETED,9,63,6,3,54,c79b00061a540217e8ec77a678164de60536c8728dee4890349d79c1946cb67f,86eafba775b0bb61f5873b8ca691e40e8e02472891efb280ff97fef25c9cc581,38332,0.0,0.0,0
R2_aA_m45,0,33,B,COMPLETED,9,63,6,3,54,743a4b8fd38a5779178b97359984d33d3b8a747711bf72bb2691adb0a6b210a6,082e7d66555563ac96d7a210276c6760d9e8af0da2f37f20af8f090a31408f74,39028,0.0,0.0,0
R2_aA_m45,0,33,C,COMPLETED,9,63,6,3,54,82d844fce3bd04c5dfc27b34bab25f768dbdcb654aaae6b24cc9def200752cb6,abc5a6d778cd985b036caf98f2e818f28f2f70935499f2f87d7aecd9d9b0b4cc,39436,0.0,0.0,0
R2_aA_m45,0,33,D,COMPLETED,9,63,6,3,54,07ca22f8619c97925df85f31b957f1bfc02d9cae8621a952b3bf4ca650b9acc9,0e994f48c613398f0f5a298418129faeac9f1469c758e2d62c1cc847e995e24f,39498,0.0,0.0,0
R2_aA_m45,0,33,E,COMPLETED,9,63,6,3,54,b5f65f4d6ac74f5b2b6f98b1405fb6667eaf15dc15c4f4e1d388a494b452d0df,235641ee89ffa7b42fe84bc4f9da01df7ea6e9f65a2391523f3dea4a554f7f8a,40016,0.0,0.0,0
R2_aA_m45,0,34,A,COMPLETED,9,63,6,3,54,26f3f0272f179a8752b386b479534009e551ba73fd40f2e593d1331341d65969,5ddde828b887377967ffd64024ef0f8223fef4440513d34a5e3cf004c2b59c16,38318,0.0,0.0,0
R2_aA_m45,0,34,B,COMPLETED,9,63,6,3,54,5888863e2c6ff3c9bf5b6d2511ad2147ffacb3cf0de8dc599e5cd264b44a2f8b,344d9d7ac43c60ec14ebae869392487a0c178ae45259e3f4c8ef5229d9238a98,39043,0.0,0.0,0
R2_aA_m45,0,34,C,COMPLETED,9,63,6,3,54,d92cad19dad1233ecb2aff98b79ab185db730c780791731a291b4ad7abce237e,9c9583fcee8fd12cf73f9fa69c608f68b9d9d17bb53c8ccf74e54a4aac86d495,39419,0.0,0.0,0
R2_aA_m45,0,34,D,COMPLETED,9,63,6,3,54,73e48c8ab57b6793d5c8087806b679a3d28a5ad4e5e51f3e09689ca515fc3b61,29dfaba8061de86f4610ff3380c17bcf37d07c01beb6b173ea8998f5f59e2161,39455,0.0,0.0,0
R2_aA_m45,0,34,E,COMPLETED,9,63,6,3,54,e28d1353520628f8b5e442b53b10c77e3f7a2b8dbf86dae02953ac2da5a852b3,6eff415a63feee5acb883b5cc9756a714a9f023bf624a73555833f005783b479,39908,0.0,0.0,0
R2_aA_m45,0,35,A,COMPLETED,9,63,6,3,54,afb9f03e5418c121dc9235d90fb3f3a8cf72ae8a414fff0dc8f9c424e37992c9,9334b60addfb895a3afa0aa267111f51456db51c8eb54f644c9bd5c14e3c88c5,38304,0.0,0.0,0
R2_aA_m45,0,35,B,COMPLETED,9,63,6,3,54,c756c7386c51ca4644a862d149d4075b408dbf3bc6de420ae97a633585b47d04,4c38aff2a4aac4051b2210ce8301e9396a2c6da10ef54924598e30208057fec4,39016,0.0,0.0,0
R2_aA_m45,0,35,C,COMPLETED,9,63,6,3,54,662156a58b19b5ed920932df929be54036d7046a832732d7ae1f0b037f5474d3,62a8260ee0cbe446c16de6cfed1053c602fd188d5a45013fe4c9495c0d8af417,39401,0.0,0.0,0
R2_aA_m45,0,35,D,COMPLETED,9,63,6,3,54,232544cafef424adfcdb14e59de677cc5f66d606dbbee13aa1e289efeb05f39c,98ea0ef2b4efe78da8c2a44c31d021552ce57022f8e77ae48471968f3396e0ee,39408,0.0,0.0,0
R2_aA_m45,0,35,E,COMPLETED,9,63,6,3,54,72306c0164a619bf06a5a8087b00818ba1ffb5470578324fe2617cae0c019156,e830cfb617cb520ac8994f892bdb462502added7c473281ff99f75a82d4f2689,39890,0.0,0.0,0
R2_aA_m45,0,36,A,COMPLETED,9,63,6,3,54,e5180c655dc719cba32111ea6971bb3eff9a3c14e7433147b4ffdbcd9ff778b4,67b0f838a00dbcab5b3603aa9a13995c42d798778e4397fd7e43507a4076b6ee,38369,0.0,0.0,0
R2_aA_m45,0,36,B,COMPLETED,9,63,6,3,54,fab3ad0f0ec352c6a7c7b5e97347c6026bb1bce9eb954548debe0f4bb1a7056d,80ba1bb8b99cfdd6834ddb47c6a6cae9eb2bcde4a06573ebe5486b52b5ab402c,39064,0.0,0.0,0
R2_aA_m45,0,36,C,COMPLETED,9,63,6,3,54,3e779a3dae5ffb2c965ed84bf81203aae514a442871b4b9744f319f248012abc,6b451630d1d6d455ead5c70a2ae8b68a8da3ee37cfe6d871fc483b150fb89ac7,39460,0.0,0.0,0
R2_aA_m45,0,36,D,COMPLETED,9,63,6,3,54,e8227e97ac9c2c1d94dd00f959242fa352268be3452e71e45e261ca58c978e21,4cf368d3a973a79da45f8c545140295a56d8f3194be9f9aa2795747b68b3f30b,39452,0.0,0.0,0
R2_aA_m45,0,36,E,COMPLETED,9,63,6,3,54,71cadc1e9290114dedd31f5b6373a6b5d08fade693af27e667b135c031941b6f,dcf100549b22f7f3beb31d9f0cdfaaf4f432126709377f549edf8727763c4706,40016,0.0,0.0,0
R2_aA_m45,0,37,A,COMPLETED,9,63,6,3,54,f86fab44dbe6f4df1ca0b1acd535a87a7d9e91e90544c7a85c741d87878abc8d,46efe22ebfad454aa3b4853fdc50a3123681f1f2b12c51abe4683746599fb7ef,38342,0.0,0.0,0
R2_aA_m45,0,37,B,COMPLETED,9,63,6,3,54,d8820547fb94f779629ea5afed601bb9aea35dfd8aa0c1c87aba910082eaeb9e,eca4e705071b123cc2b90cfaaf8d4f0d06d5f0748fc280d31af88949b1404b9b,39082,0.0,0.0,0
R2_aA_m45,0,37,C,COMPLETED,9,63,6,3,54,64e31b137652f8069f3b89903e251019ce49ab86ae30825c61ba33514757b61c,8b51648dcca07431a841ca395c567ea58934ed4a2804cafee31cccbe31356913,39419,0.0,0.0,0
R2_aA_m45,0,37,D,COMPLETED,9,63,6,3,54,1892f764a3c6eab97db72e0e3b29adad0bdc7fae9821c8e569ac9d4cf7a9ddd2,5190ef2684d5ae1c55db0476b9c30247b24ae56f5bd3d1b162180af96d714275,39461,0.0,0.0,0
R2_aA_m45,0,37,E,COMPLETED,9,63,6,3,54,8f7505eb2475fe8cbdc0b0bf306a5a0bc585034d6733bf75ce2ba5b481e56e4d,26ce42ffcf4df1a48f64ad7142185ed7f9180d46557ad59e599182f91f56608b,39958,0.0,0.0,0
R2_aA_m45,0,38,A,COMPLETED,9,63,6,3,54,b4c33ccc9f4112fbc359c3744b08c403c244745fc5b84c8a7286bbf961ac730b,f55b216b48a9f8ef6a9d04b4cc3b4e8404a22cdcf9f051e1ba0306995c604986,38393,0.0,0.0,0
R2_aA_m45,0,38,B,COMPLETED,9,63,6,3,54,9b39de133bec5d8ec08beeb2fcaf186539d700f44c826befe354b7cd976fdbf4,4b1f62860dfeb2f541f977800135991a101185ade70bd076b8ca4bd5a68a8ad0,39015,0.0,0.0,0
R2_aA_m45,0,38,C,COMPLETED,9,63,6,3,54,f290d199c94272591d0b5b1285c0e5b26fe0a667d0c9040d35e2ee9054626261,041f6322f6f49c9e2aaf636c1fe8b829732ad8d2189e7db7c9a23254bdc044fb,39429,0.0,0.0,0
R2_aA_m45,0,38,D,COMPLETED,9,63,6,3,54,cdaede75665e276c4b3bb2e650ae5af397cf805e44f80a072cad5ea6c6d5f83c,0cc448fe303060c6e11f16cf4e15b0dd78b41e2f17494181e8084218a6735f09,39520,0.0,0.0,0
R2_aA_m45,0,38,E,COMPLETED,9,63,6,3,54,347152fc9da3fc6daa7206634b35e6ddbcbe65e6a92c7b91cb4f621cf9a72a59,5fabb700abbeca7f17e06ef029f0e1206d57be1f133a2be43f24e395dd891b00,39922,0.0,0.0,0
R2_aA_m45,0,39,A,COMPLETED,9,63,6,3,54,f87c3671ffd66b165ecd880beb9f14719a670313d1ba0f5c9e44af1a26ae363d,4092c75bbbe09abb3d67bbdbbf22d01e338d4a6e86bb0dd6f1b792c2e8b2aa4b,38388,0.0,0.0,0
R2_aA_m45,0,39,B,COMPLETED,9,63,6,3,54,5ddaa30bf95d5d86bb5ab63c4c81363265fd6310e41666f84dc16a07493c11a6,d1acf6150e2a98808713624e1c78c38a0cf416aedf78d70475d0d70c02e4f22d,39061,0.0,0.0,0
R2_aA_m45,0,39,C,COMPLETED,9,63,6,3,54,0d4a5dc54fbe3f9752ae8d582d8956d6f1c1933fa126eacbc2330547d4262c1f,6b547fe2edda177275de146b187bf48bbeacc0fda7da30c3e2e65558a1b51061,39422,0.0,0.0,0
R2_aA_m45,0,39,D,COMPLETED,9,63,6,3,54,daf13ed7586039ee2a3f2cb0bfc6f915831857d708031522bcd502b7ad85ca4c,7a9c85807bf34fc25facfc1afcb4d960b824f3268a6b9fcc2cf9feed60a6d666,39584,0.0,0.0,0
R2_aA_m45,0,39,E,COMPLETED,9,63,6,3,54,b92551bd999ab92b841d0d59eb99b3e3f02e920567867f03fa30aa3b9bad2587,2ae52ab1a97546fbe483290d0cb80577f2a262d3a0ddb038e1731e9db6a0b73b,40071,0.0,0.0,0
R2_aA_m45,0,40,A,COMPLETED,9,63,6,3,54,c80259f45ffb649e7b98a891e7bdfff5241859fc025c87e0ad53f98ff8aa0767,ecec59cc5359d5dab85df1493e91ab9e5bd0eb2be06add9b112dad079db2dd62,38358,0.0,0.0,0
R2_aA_m45,0,40,B,COMPLETED,9,63,6,3,54,d6c3263872da55f7982987bed31aac0b17bf7d3f78957e11ef36c902f2e5abde,c58d555d43e98b7c5f06b98c5715760f7a120ae0e625149ad23acdfbea1d420f,38988,0.0,0.0,0
R2_aA_m45,0,40,C,COMPLETED,9,63,6,3,54,faba781c724af4fea53ea41471869a991ce8cdbbb0325fbc85d93ea681c47088,41e634076de01f017fc91ebc94d725ca53658adb21a5d3b5dbbe5104809fee0e,39473,0.0,0.0,0
R2_aA_m45,0,40,D,COMPLETED,9,63,6,3,54,e1f7f1c6d75e2c19982ca3a8752c1600457129587a9adc82cd3343fb23d19f50,1d123bda8e5c49bba14caaedffd1547bc879d73b0449a365123be569ea8d7f2f,39462,0.0,0.0,0
R2_aA_m45,0,40,E,COMPLETED,9,63,6,3,54,17b763d7982fddf9568c371ac8059bb7f48d3968c483f129fa18dd4941d8f20e,82b301b3761c8f5e1d806b4363f0bd798e360bcb52513c8ace85b9f18a700497,39977,0.0,0.0,0
R2_aA_m45,0,41,A,COMPLETED,9,63,6,3,54,798a48d983f7c111dacc0e847066e5971dfa4b076e24de17edd91adc8ca9a6c1,afe89a5ffcf1f43559ca22728caf16663a7d27809fbc7582f25efb44e992eb63,38362,0.0,0.0,0
R2_aA_m45,0,41,B,COMPLETED,9,63,6,3,54,5589471f6a98913197b28dc82295124d068be37d0436358169967e234c975a26,8ef987a19a976c565fda631c8e1dda68f40f06c99ced0a7abea2311239913b10,38982,0.0,0.0,0
R2_aA_m45,0,41,C,COMPLETED,9,63,6,3,54,f0dd4502914288ef44ad16b7972b10489ccdf937b75caf1ae39dbf8c028dd7e7,9d26916c84de17e169f711ce834830779f2e727135cf6192e379ccf96d4121ab,39402,0.0,0.0,0
R2_aA_m45,0,41,D,COMPLETED,9,63,6,3,54,d1fa829f992ff185377d322fa505f117f329e6ed7f8e7b0729290a287503bba8,b34dc04908144b22b8a7aa16105f053c3b5670af22c653ce61a17c190c1f4439,39451,0.0,0.0,0
R2_aA_m45,0,41,E,COMPLETED,9,63,6,3,54,af7e66e7da5312a3fc0ae5963b5c67819ec2e8bbcd2b268630446c206e5bf17f,23af94d0878ba640e022ca1c8317919cd04a2fea7d8dab19cca9af2154b0a53d,40075,0.0,0.0,0
R2_aA_m45,0,42,A,COMPLETED,9,63,6,3,54,b4f6c77aec30ea51ff81a892d12d29c69f3a22bade1557151f22d19b3c647249,182a43c2d16a11d3eaeeb6c092faa3af38802ca4e82e20987c0e0d269b0d1b54,38344,0.0,0.0,0
R2_aA_m45,0,42,B,COMPLETED,9,63,6,3,54,eac31526bd5336bf7cf967baf9248fa4f2f41a33d37eef4477e999124d1e0e0c,4c4597333c357b7096e28b7a5b9adc5ee94b8caf457a962f983f756b92d574ea,38971,0.0,0.0,0
R2_aA_m45,0,42,C,COMPLETED,9,63,6,3,54,4a28278ed4b99529a40fd692ac86ea5687a638ae870193bca3f793eca23052cd,04d0b0ffe411ea471b1ac1cf451d7ef6e781395d91e82c4783705e39a1a26319,39415,0.0,0.0,0
R2_aA_m45,0,42,D,COMPLETED,9,63,6,3,54,de73992e1c6358be4af9da8910cd1d6b1b2767d055e1e08e253fc81bf6a1f965,13a4a5ec9c290ca235046ae987a26889e4e3f7d3a2e3dc9392d7ea0cd94f804c,39443,0.0,0.0,0
R2_aA_m45,0,42,E,COMPLETED,9,63,6,3,54,d65f2b171caad01f9f2796cdfb02de73fa2f85aa38353b4da5579e5b6ec48639,ebcf45d684ad379cf3319342a4229def2ead7e8dd4a931caab64194946f0e31c,39939,0.0,0.0,0
R2_aA_m45,0,43,A,COMPLETED,9,63,6,3,54,fd2f8bb09197d1f8295ad70688be0894363e8d05f2f2616acf9f9f072aa46f9a,eed099f3b1c57a22b8797d51e2125aa32b31740405509b3585112d18f9d73440,38352,0.0,0.0,0
R2_aA_m45,0,43,B,COMPLETED,9,63,6,3,54,7208e3ca13ea4ba3f19ff961127824dc8e1e3ad8e76cbde6d8312f60a092e644,8d4d435d6f746616749c45b5b29d684161061838b305513b409b46d03251bd95,39024,0.0,0.0,0
R2_aA_m45,0,43,C,COMPLETED,9,63,6,3,54,e0e7586488e254fe815d6fd400c0671c1c4146a14ec9648fe23e32b09db7b354,48d24ac565f416ceea891c966f726468cbddae9bd1043991d862fc5979f9de48,39432,0.0,0.0,0
R2_aA_m45,0,43,D,COMPLETED,9,63,6,3,54,d0d160db5fc4f5165952f0b079e9307ebf8506c5780d08b821b54f74953a7e9c,c0d2d592d7ce1d4f58d4a0c731161e8f354081621dfb6a523b3fb57391b9fb8f,39477,0.0,0.0,0
R2_aA_m45,0,43,E,COMPLETED,9,63,6,3,54,d5b221cc813b84dbda120fc1174083e773560dc8981fedf87594aff53532a322,ea6bce3b4824258b073455538638c3a435ab6a37b0a6d6117ceaab9a60c92c6e,40016,0.0,0.0,0
R2_aA_m45,0,44,A,COMPLETED,9,63,6,3,54,e72ad9c2cf4e420536fb344cc1c45cb52e560740a8a96fa9b3a0572ce26e9038,fce1e1eee9b5e7ea4a8af2e0aef7af266a296b1be37f703aee2cfabb7bfea2e1,38305,0.0,0.0,0
R2_aA_m45,0,44,B,COMPLETED,9,63,6,3,54,bbdff18fa179e8dad499a8b1666d151f70c8debc0dcd33733213959010b0301b,8e4a968b57f543422e8a99aceb92f3adcdac19d17aedd610cdf6b429e0e3abbb,39070,0.0,0.0,0
R2_aA_m45,0,44,C,COMPLETED,9,63,6,3,54,ba59078a28f273e6b2f230f6217e936875b2e2a57ad2bdc164628bb08a4363af,d848d6559538d2b11c84cdca882458a405aa8b02f90288ae21fdb1ec4ca61ea9,39455,0.0,0.0,0
R2_aA_m45,0,44,D,COMPLETED,9,63,6,3,54,6365b0e578e6ada9d8b9db19df75b8a75f2a28bc7567e0037fc423a60d60eff2,9f97b4fe45cf811f7379ec2938dbfdfe0d1cffad22ee7862682cbea14ce4d58d,39387,0.0,0.0,0
R2_aA_m45,0,44,E,COMPLETED,9,63,6,3,54,4996cdc18b481ebc4d13801aca93e7de1407114cb060e51a2bcacbb72c83975d,745db8b3447536e30fd1086612074b2e6299ecc22cbd9810040f185ef3bb8e7b,39997,0.0,0.0,0
R2_aA_m45,0,45,A,COMPLETED,9,63,6,3,54,9d5162842b66d1fe24e63c04504dc515a61d2106bdfad8e8a976e298726a42a5,7c9d8963d89d71028637a6c239c8cad3043f58bcd68dbad491e366ad6c49f5ea,38387,0.0,0.0,0
R2_aA_m45,0,45,B,COMPLETED,9,63,6,3,54,a89b701c17dabb29581bbe5a2a591cd1f712d29bf8e666aa6ccdf263323ee851,f1de53f0e2ad0d056ac7f9c0354e205c57223df25f253c1fe73320e181488d98,39045,0.0,0.0,0
R2_aA_m45,0,45,C,COMPLETED,9,63,6,3,54,01e0e1847572ab6d0ae2eca0dbf9e63ae55f6f8c8f4fd2c98e43f4cd96bbdde2,1f14c27436437c01d72b7b37b93aa01635cbebb8f40786aa5b15ebbb13e3c7c1,39443,0.0,0.0,0
R2_aA_m45,0,45,D,COMPLETED,9,63,6,3,54,2da17fed6c3637a887c1b27064c4f0b801a64803c229b4b4154a34a03495b052,586f05ecde33c7688d294b94e961fa9fcb601fa94db65e33db51605bad2a062b,39457,0.0,0.0,0
R2_aA_m45,0,45,E,COMPLETED,9,63,6,3,54,22e10b4b9c830077d127ffb2564574d87941b7616a4f0abf907826db3fdf9a8a,1d3846733643129bc1d703888bc2573d3a45e482944a2f8cc50dd37dc085e27e,40012,0.0,0.0,0
R2_aA_m45,0,46,A,COMPLETED,9,63,6,3,54,7a5f5458ae3095b853bce23f864b4b24209db38604eefaf15a2614cd209b8f7c,6340ce2084ad63620c17da66771e01964f7783350fbc3c119fce4ea21da31026,38386,0.0,0.0,0
R2_aA_m45,0,46,B,COMPLETED,9,63,6,3,54,35a1123fa6ca0c055bbed8af45f2fbaea3e4ad53671f31c997c252ff1c4e1b6b,04fbe37dd75308691d6bbc4ddb15503ed59785560d3a29f48649f8f8aa7080f5,39043,0.0,0.0,0
R2_aA_m45,0,46,C,COMPLETED,9,63,6,3,54,394e55cf1ba1c3bb932c7764ace4d243e42f58fe163bf535effd41ea68304e37,e0b7c371c05f552427a78bfa2abb68faaeb3cef0c75eb40e66109e6a13fd97fc,39415,0.0,0.0,0
R2_aA_m45,0,46,D,COMPLETED,9,63,6,3,54,a000304047b181467aac98f1d71cebb972e86ac5a408f74f33596c113d6f8bb6,fdbf5a7a28c952d8278fe729efc27bd0d4855fb96036827dc4b41bfee1018bc6,39431,0.0,0.0,0
R2_aA_m45,0,46,E,COMPLETED,9,63,6,3,54,81cb32eefe52a4e5d7b652ec3949ecbb1725be8c48d04f7bf9d895cada5a1c7d,6d27f0e03c6cb7cd1e485f91f03a383a33234af50aa87573d1e4211c5756a174,39979,0.0,0.0,0
R2_aA_m45,0,47,A,COMPLETED,9,63,6,3,54,f2cad3a9974c2b5ad0ad4d6df4e17ff5f6ed3c103af2f3dd8cce92699b3377db,6a8988df7cd3214a0799e104e9ac2ec2ed14fc90a4f4f3bc95ea9b48f0d80d3f,38331,0.0,0.0,0
R2_aA_m45,0,47,B,COMPLETED,9,63,6,3,54,d64eae756a48f168697f8b6608c81e8eb3591fa7339757537f1e4a81269bb5a1,be8a62b9102e740b530a09e3fe1c67db913f30d6859ca764880513cfa3524c2a,39023,0.0,0.0,0
R2_aA_m45,0,47,C,COMPLETED,9,63,6,3,54,e0894952c33847d9672c2df8e2a613a254154bb1721256e0bfa15a74bc4263e1,581d8e4daac92172f72d967937a232da97dcf0a23ca05c4672b348439a82a128,39461,0.0,0.0,0
R2_aA_m45,0,47,D,COMPLETED,9,63,6,3,54,82c345b51c608ac6e71b303f9d143e807bda6fbc654de1f4d2b926711211cec2,6c02f4c22f5147fcb257cec57792140da7cdea0d967279c6f7986736e9b27d92,39481,0.0,0.0,0
R2_aA_m45,0,47,E,COMPLETED,9,63,6,3,54,ef31bcecd0cc4595ad9e9bc408d5125e1253e092e460da569eb801eb8159f173,bdf37c0e2c06c5849e6d13b92e97961d9533aec9e18e4382d622d3a9199a2932,39994,0.0,0.0,0
R2_aA_m45,0,48,A,COMPLETED,9,63,6,3,54,9fb706b28e9963294994ebb943bcf3123b4b9106b40f7b85a5309cd69bbbff52,4b68cf53234a337c3a1845b5b39b3d592befd36bd945d2368f9154727b795c0b,38374,0.0,0.0,0
R2_aA_m45,0,48,B,COMPLETED,9,63,6,3,54,f478cbb2431d9487638a6063e861436ccd51cd489680a06fdaee8913e5f7abcd,8a8cb4108756744d9ca92c47e673423e005d35009f9d08d92cc8851305cb2783,39055,0.0,0.0,0
R2_aA_m45,0,48,C,COMPLETED,9,63,6,3,54,a59d4f8602178dd086d1eaa51fc5c5a588c00d3c36e366808b02129cbfaa8673,ce51a4952a8927422b0e0460fe400878afe381e685208e0d5f07205cbdef053c,39459,0.0,0.0,0
R2_aA_m45,0,48,D,COMPLETED,9,63,6,3,54,68a6acf59008efe7502e29f102993c7b51a8c4819c8937b41db1e7c79d416556,b9dea602383852e34f68e2373fc4f4880db2d73f27d6036f7f3e65d72766116b,39490,0.0,0.0,0
R2_aA_m45,0,48,E,COMPLETED,9,63,6,3,54,fc4a7bb152e269cf463dba0dc694e09ed3447895038993c4dc623b26be1e6aeb,7ce76a617143cc6de9a9c844ed095c3b6e8b1c455e241763fe20649a6d1fec44,39964,0.0,0.0,0
R2_aA_m45,0,49,A,COMPLETED,9,63,6,3,54,eb18c819b74a0c694678019104a32a3fcde8eee7784fc599fc0718fff238af00,d5a408f49faf81cac885584522e26bb9b4dca57e3685ce9b7c8daffec2e5fc70,38305,0.0,0.0,0
R2_aA_m45,0,49,B,COMPLETED,9,63,6,3,54,87a74a5b528084ba5dfae7af958d6ae020330f4ce18d61b3117305e46c00156d,d93c1ee3f37d4c6a124c046f3d996648c5fd7874ed444478826cb003d00c335d,38966,0.0,0.0,0
R2_aA_m45,0,49,C,COMPLETED,9,63,6,3,54,f6e597733a7ff6075edce22abd7aa4a5efcb10345e20b9a7fe752e010e718dab,9ab801ce28c755945bbc596ab84982ba16c0de0df36ec2874dae60149497a90d,39446,0.0,0.0,0
R2_aA_m45,0,49,D,COMPLETED,9,63,6,3,54,dc3276971c18cf5c5bccfc34f2ecde5a8c2af4154a4a6d9e3c71a77de58e85cb,95390d77dda0528bc26033deb38142cb6e30ef923b441d86eed12c6203735e8d,39453,0.0,0.0,0
R2_aA_m45,0,49,E,COMPLETED,9,63,6,3,54,9b0472951de17c3c87bc79fa7a849f7cdd5a3c2d2d6f87aee3a6f6c786adfbf5,e919621d340d6c22d50a5e84d48ec006d864b6ad39f3526c5da87dda5bd46e6b,39942,0.0,0.0,0
R2_aA_m45,1,0,A,COMPLETED,9,63,6,3,54,c0b7e9fb1a4b35487f7153ec8475e84c758013c0a127cba242326929d357d217,b248962aec31693675c7921d8275d21528ba5feccf5daa0a3806ab6c21a23b97,38315,0.0,0.0,0
R2_aA_m45,1,0,B,COMPLETED,9,63,6,3,54,380e6b411963b44d0b4993abd3e6d96ae82cbff169b1b2e0cfe43efdf318dfe4,3c58599d0929f716be0a3d42f72f7b5121b7030aacc58e0aca81d8afc84bcd2b,38968,0.0,0.0,0
R2_aA_m45,1,0,C,COMPLETED,9,63,6,3,54,6fab060034ac7247990e72864f94471a21e95f9bcf72a7ba10dd4b7e47172d88,d5b4473b72de126109e6289d7003d2e6458bac070b11acd8d8b9ad87fe928664,39454,0.0,0.0,0
R2_aA_m45,1,0,D,COMPLETED,9,63,6,3,54,e312b72c7c86bdfdf447fc9b8df44bf39f7493841b2466a6c480082d0d4c8f28,41c35f518dc69287f629fb9e7fb39ce3293bec98bca3d8688c0bd18f419fb662,39491,0.0,0.0,0
R2_aA_m45,1,0,E,COMPLETED,9,63,6,3,54,32bbc827b964dab96f102dc50ff66d2f64685da4cac26eadf2586a28f25d8c98,14a0bf44818e2d1be5fc4255793e467986caa4c7cd0dcaddc910c5ba3a203030,39939,0.0,0.0,0
R2_aA_m45,1,1,A,COMPLETED,9,63,6,3,54,c14e4af61e24eea447f668a639d339e28852fa3cfe77e53693fc42f3ba606dd3,d7c6e7a2cf92796b82ca232cb1535877088c0488a8746e7c714173d42a0f2273,38298,0.0,0.0,0
R2_aA_m45,1,1,B,COMPLETED,9,63,6,3,54,7c07beb108729412594ceed3a5c16aa05263438faa21f472cdda3df362d17034,8bce76b73e6b897b6ee4519afb9d0ba4d7b28eeac95ea1257f785db7bc4047a0,38915,0.0,0.0,0
R2_aA_m45,1,1,C,COMPLETED,9,63,6,3,54,66bc4621a077a82362b4a989c6ad92800d12de1f0159325130a24dc6bce1e151,6d708c8bfc5dce74be47e8ec6ae160502a9c788f24fff3595f09f6a30ae0c783,39406,0.0,0.0,0
R2_aA_m45,1,1,D,COMPLETED,9,63,6,3,54,915f9ba91eb7a763b6411492320a5277084baeda37a7fc3c948dcd3cc333418f,e195d065ce814d2a6feb18d508a8890161bf15ee1772ef8e15d636be828094d8,39405,0.0,0.0,0
R2_aA_m45,1,1,E,COMPLETED,9,63,6,3,54,64910ebf801fd3dfdc196542505600ca46d10e048f7ad771ca484b2d20149a0a,e5d87f399a66c9b4db07712d51a5c37e6e11a5390e06c790b3d7a19664432259,39956,0.0,0.0,0
R2_aA_m45,1,2,A,COMPLETED,9,63,6,3,54,aae271e217cffaca52c52cb1eba3d28deb8dac1690e01e5029025cdd6398f479,6b8f8689005c144e8686be69bb4e46bfdec8974789e9214bf6181367b9dfe91b,38353,0.0,0.0,0
R2_aA_m45,1,2,B,COMPLETED,9,63,6,3,54,9c58197b24551103d39fd412b58677853cbe89c3e4a4e264e81c161318f36742,52b74da3f38dba95d26a62008994d1c85ebda4add9aadee133434b14daa09e2b,38907,0.0,0.0,0
R2_aA_m45,1,2,C,COMPLETED,9,63,6,3,54,c403cdc6ccef5f94bfc371bc3584ea11285b35ca5140990b32215df4b9af58df,1bde458bf28f2a691cb8057954f573141c33e87652162e35bb89a01d8b95ddfb,39413,0.0,0.0,0
R2_aA_m45,1,2,D,COMPLETED,9,63,6,3,54,6194237af2ea2ee3dc1be0041036ce35153299343db6a6bbc155c05a6b72b58a,676275f7be70f31633aad442ce0d408b8dacff40902bc970405c4e6258f25eab,39450,0.0,0.0,0
R2_aA_m45,1,2,E,COMPLETED,9,63,6,3,54,032e5f54a37d60b1e9757c5fc48ce703b3ee62cbcbdd1c7343cd09e5400ef289,ed040696c8b16b563b3c22ad13ba29566cb5629b46f6d5cf60411b3858556f45,40001,0.0,0.0,0
R2_aA_m45,1,3,A,COMPLETED,9,63,6,3,54,ae15b70335238201a878601f3af7f8216e7de020f858546beeae0bc2fdb9fa8b,8e191e524483109222ba8bf9946dd1246e5cbc8411e38ca951a2278bb452033e,38304,0.0,0.0,0
R2_aA_m45,1,3,B,COMPLETED,9,63,6,3,54,b93eccdad4d01af7cffe386aafa659b43ca3b01a00f77170657f72e60f01b184,c6d9eaf11380e9a911e4b92790731c96fb84dd8afa56d43c36c039bbbb455aec,39017,0.0,0.0,0
R2_aA_m45,1,3,C,COMPLETED,9,63,6,3,54,110a7bacd6a0b5fdacbfc3a52674b1727ae48da826ca4565ed8bbb6db423374c,1a166ea6c837e0cd508691d4c4b90ff69f494b25e6b0478e694dc00c8ab620c7,39408,0.0,0.0,0
R2_aA_m45,1,3,D,COMPLETED,9,63,6,3,54,01670df608f67b75d71942e602df91393a891d738f904cc5707e051e4e0503e6,dc5e4ab4e9d8861d4eaf8850c6beed3f6d8cbfc1506afa9e82745a76a5c1bfcf,39401,0.0,0.0,0
R2_aA_m45,1,3,E,COMPLETED,9,63,6,3,54,828e84a44c9cc56330938dc215e46dc6f14ca75e41884678bb059d09e8d7bbd9,7272f67d509a934fa929209281910061ecda5518f5179864f1ac030bb6c026fd,39948,0.0,0.0,0
R2_aA_m45,1,4,A,COMPLETED,9,63,6,3,54,4b29d48530117efe6e9b667473831e11a9700c4fddf9d729b29ec5cfce4ae78e,d0ef8aa72d6119117927c8dd08289c85488ebce67adb4bee4bf85155a6439e08,38300,0.0,0.0,0
R2_aA_m45,1,4,B,COMPLETED,9,63,6,3,54,c0dedc154df1d4978614402ca5ed3c569100e02fdf81183ced009a054d8fea4e,079b9555851e42e644d5479ef25c3cdd6b46fb2efda33b79449e5ed5522e91f6,39012,0.0,0.0,0
R2_aA_m45,1,4,C,COMPLETED,9,63,6,3,54,9d15058719a18d7c263fd2cf162bb23e515fa37abcb92812aded0c7e0567c52c,e7d967dbf47f8e7b95329b9b8ed20560f352ab602aefb04a23bc9edab42a5a29,39439,0.0,0.0,0
R2_aA_m45,1,4,D,COMPLETED,9,63,6,3,54,b5bb1b24e8af52b109a5bbd8e81d9d1d3cf9057e38a1972b4879134528320a79,3ab0552cd22c6a731ac960fbb43edaf263bd648f8d2c7b4ccea3613df899f6e3,39441,0.0,0.0,0
R2_aA_m45,1,4,E,COMPLETED,9,63,6,3,54,c6cca90fefc3cc0387fe6243ffcb46e769140db03e08e2c4848123ee5b4c4cce,5b60c135e1ce9063bb48f1827014949cc708fcbc1e6f257703642ed15e212298,39956,0.0,0.0,0
R2_aA_m45,1,5,A,COMPLETED,9,63,6,3,54,7d7ddcd2c7117d11977f81e8db4c47f4df9b87581c99a3ddda644601edf16130,8e3ada995a44a1e97e19a53481e1741088998dc203c76d547ad3bc0eea11cbb5,38352,0.0,0.0,0
R2_aA_m45,1,5,B,COMPLETED,9,63,6,3,54,3aa78f6cd9f922e782ac0eaf35acd51fbe0fcfe096d33baa65a27736008c75c8,3aea762a4817bfe48a9d02462af1e3bf0ae84e7d62a5f34fb8d79074f560b851,38978,0.0,0.0,0
R2_aA_m45,1,5,C,COMPLETED,9,63,6,3,54,dcae29bb0f51909ac55aaaad5ace1bf7300ebf95b84bb651dc1119dbf626a580,cc487f8333ca3656fefce56c45a6198a46d2c93891aa64ee5deeb201dfe4cc61,39413,0.0,0.0,0
R2_aA_m45,1,5,D,COMPLETED,9,63,6,3,54,f0810dd8c77f0346ff6939217fa19ac8c6539b97277f6acbc2439ac8aafa9fc3,3a6a92d1d6a3c0f725ef98edbe25306ff1d75cf8396da3395ae14f5b6510b225,39491,0.0,0.0,0
R2_aA_m45,1,5,E,COMPLETED,9,63,6,3,54,2af522884f0d775d5d248e406de1bc6690a330cf21e8ac2ae999094bf671fd76,636e2640ffffedf15fc8b5b2435bfe2a3dd6216200675245b406f641e4676801,40020,0.0,0.0,0
R2_aA_m45,1,6,A,COMPLETED,9,63,6,3,54,e563075d38478de9bae51a3d2da5fba75ebce6174cb4e75d26f300c70f1b89a9,176423bc84675fb73eec198eb42b896790a7c709fd53b24550243bc8eb7110fc,38346,0.0,0.0,0
R2_aA_m45,1,6,B,COMPLETED,9,63,6,3,54,6681aa7b76fe74a25a14b51c085925be3775fd4c032053318e1e1fa480d8b33e,9ef2309692c4b8335352d1d611ee7f6a5a28bae9dfc4604a50ba4a6ed7445c9c,39026,0.0,0.0,0
R2_aA_m45,1,6,C,COMPLETED,9,63,6,3,54,27e954877edbb5a0ec5129490d9bdd56fab4d78c7ece6cf10172469009b11d1a,195dee9a165fa643aa1e38743b2b8fcf9c9c6ed9d1c0ec28a7c620bf8c8f8f30,39454,0.0,0.0,0
R2_aA_m45,1,6,D,COMPLETED,9,63,6,3,54,d30ad096fd4140c019c6c487825424ef2a1a3fa2c78b1e59cd62a0a91bc9d4ad,1a70312cfd2266abb87d965a780bdd351bbc133e14bb0a55b82bc4dad15c5fb0,39505,0.0,0.0,0
R2_aA_m45,1,6,E,COMPLETED,9,63,6,3,54,0f4559b8064aff2a8227fe9809ecb28d01f0afd2225e66c51a6100ff7e98a6bb,da03be5138815fb48f0a787c1561ce354f05bfc690494f435b0e7f7ff5850cdd,39965,0.0,0.0,0
R2_aA_m45,1,7,A,COMPLETED,9,63,6,3,54,cebcf5afb5dd5e08abdbfdc28888c3f7d234e77ade77ccefcadfdee11ada8132,a25eaa11cad485cf155ab6329270e7db085f1f0285a101a73d83b3dba6a9555d,38317,0.0,0.0,0
R2_aA_m45,1,7,B,COMPLETED,9,63,6,3,54,9c3d57c74a17885f216da735e39cc270a01cbe24af35be5c9d24831ecc643a91,1053d4b9bbc80f5bea2269c64bdc42131bfe04d4406007925bb879777828085d,38960,0.0,0.0,0
R2_aA_m45,1,7,C,COMPLETED,9,63,6,3,54,25249423d2061a4db7e10d8c8b56bcd7fcd224de1e3a5fcac2eef24e6405a354,775e30c00745647594f5325ea5610cc1b4f851f1baeb13337901b6f0833f6b4e,39443,0.0,0.0,0
R2_aA_m45,1,7,D,COMPLETED,9,63,6,3,54,7aa8bb9dfef47f9bbe7b9cd6e442babb45b414b411afc8f71d2ab2e260337ffb,287bc524de109eba0aa340694891a376cf5a7d61885acbed43ea5f1e989a9c72,39431,0.0,0.0,0
R2_aA_m45,1,7,E,COMPLETED,9,63,6,3,54,226fdaec8fc45917d14a8a75c5ba2edaba0b96a34f11e1c2276d704a14568777,789034f4278f4a57b62e69546855bd4fe0c5136474c60e8e3cbb04a7ff83eeb7,39945,0.0,0.0,0
R2_aA_m45,1,8,A,COMPLETED,9,63,6,3,54,26c8d47b662b9aca34e7398e3f63b63e70a127ef812c9114d23139431b1bc090,8ad613901d25b54b41c9294ce3beb0d4e96ea150c11c37b8db79e3f038cfa721,38396,0.0,0.0,0
R2_aA_m45,1,8,B,COMPLETED,9,63,6,3,54,439f602229df35b4ee5f1b16afd4d64420f767e148f1c622f62ae05d2d5d06b4,77baaa172c965062d5c2f5ecb564a19c20c733d6ea849853ecba387b5a13616e,39016,0.0,0.0,0
R2_aA_m45,1,8,C,COMPLETED,9,63,6,3,54,c6c701ef8c0d57774866c961cfe15d160470f63bd77d6eae2ddb38a1419c19e4,670c655a498c92b51321607989b806c8f85a68922182614e60f90d5afb9780f6,39485,0.0,0.0,0
R2_aA_m45,1,8,D,COMPLETED,9,63,6,3,54,9aa2e28768962c191ddcc059658c4cde23db656f35e0537ab0346d55fd133c28,87864d4537b92b92f38551af738ddf1e30204a03175a8160dadfb7cbba9b6424,39483,0.0,0.0,0
R2_aA_m45,1,8,E,COMPLETED,9,63,6,3,54,ee5f560907cec03928d960edc3b173fab9bc9ed68b364a773145c6026c5f9c38,17c21db1c131990fbf98cbe258ce7ad4e25c8938b8b3efe8d04e504636112114,39936,0.0,0.0,0
R2_aA_m45,1,9,A,COMPLETED,9,63,6,3,54,d558bc3d165720200e6a416afdee143ce1cf13f68bcc6e228056b567ad8ed236,9dbaafeb3583468eed934701e0521868fc1f648400f7463fc6e3149805841bb7,38345,0.0,0.0,0
R2_aA_m45,1,9,B,COMPLETED,9,63,6,3,54,a2eee1082133e5e991b316a4da8564d3887177a371eb6a79bd5f6f3fb67cafde,04e9503a433acaf59aff7cf7ff2dd519d1d28b7047aa0e8ce973957aee280d88,38958,0.0,0.0,0
R2_aA_m45,1,9,C,COMPLETED,9,63,6,3,54,3973588f13be797de918d9114a37201d2c65cf435e547e335d20e31820cd5d59,b3190a49de5c200545043518d795c7bf6a23578d5fb8f4889fe86ebc3a7f1976,39389,0.0,0.0,0
R2_aA_m45,1,9,D,COMPLETED,9,63,6,3,54,4469d93b5d3634b586b9b746c6f2724e271df2044f573d006af15362a75935f2,50bcf9b94ea0c06a1a8f4d0554a9ad3901b1f9238f428b48715eeba148935bf1,39477,0.0,0.0,0
R2_aA_m45,1,9,E,COMPLETED,9,63,6,3,54,b320740d7e6c4923ad532b1edab519d08096688d44ed7640faab5d716aaa210f,785b84ed32bd7d4a357506b6f747602554173963e3466321c65d9574721f814c,39951,0.0,0.0,0
R2_aA_m45,1,10,A,COMPLETED,9,63,6,3,54,9679a30ffe2b27deb2b1e6ce50c2604a1f21720c198cfce7ae2b850a4506d44b,067c215e9c603f144ebf3bf7f7baa4499160658876af5497b325a32aecb5fdcf,38335,0.0,0.0,0
R2_aA_m45,1,10,B,COMPLETED,9,63,6,3,54,38b776736a6c12a3ff587153c8be5eb4dcf52344f650c748f2e66c4a44d0965e,d1900a47726806d23f7f75da18e65ef690ecf710869832e1a359558b667d9996,39053,0.0,0.0,0
R2_aA_m45,1,10,C,COMPLETED,9,63,6,3,54,931ad1e8783fe70f1864632b5b36a8f4c45a1342d07158b933d99a86d632098d,14d2ffc1eae83881a53fec1231ed28a43f16ba3cdbd5c195a94efde04fef9344,39411,0.0,0.0,0
R2_aA_m45,1,10,D,COMPLETED,9,63,6,3,54,ebc426e29551779055e29c470aa45b47cc5c95c306e65bcefba161a7c23bbc31,aeba8014599e66ca04876b097dce01bb8f92c2f602596d3cf9b9ce9707215196,39468,0.0,0.0,0
R2_aA_m45,1,10,E,COMPLETED,9,63,6,3,54,c187d3634c3a32d11f1f2d1371b36631ae98e174a591ebfe6f25a0c46460c140,9c88e3d452d21c455f1e102ce0ac0691f4346d022f4b9da53c3da88c76ce5927,39983,0.0,0.0,0
R2_aA_m45,1,11,A,COMPLETED,9,63,6,3,54,e22a132523bc564f31aa3afbb839316afb952ccc7f1982971433f7e00c3b0d0a,a18a9100d4316d0d58803dda5ff1d55bdb5d3f43cb72e32d7f66716811cdca66,38315,0.0,0.0,0
R2_aA_m45,1,11,B,COMPLETED,9,63,6,3,54,9e0a42cd004247c29c6ac8bb4e4e2ccc34d5c454edb66ea39cddc17368f89d28,bb6e0939f43e7b8d1e5837833d6e6b853b88021545f677ddeaa2b0cb5385ba3b,39009,0.0,0.0,0
R2_aA_m45,1,11,C,COMPLETED,9,63,6,3,54,5e07dd42657cb6223d7658b2671f8d89aa8448b3d0f23f7c5361b5f39015812c,cb9920ba84e5b7e7a91bf3f49d1de3414ea510b92a5a7c933b3196cc839c2543,39426,0.0,0.0,0
R2_aA_m45,1,11,D,COMPLETED,9,63,6,3,54,7e9eb41b633d95bd54b40a4d1e580a0477591ab78a30defb5e64f8cf5661eb51,17b01c2778987ffcc058fb5bb4259db0227a990190d13c3524148c08e31996bb,39425,0.0,0.0,0
R2_aA_m45,1,11,E,COMPLETED,9,63,6,3,54,958d301fdc0b9c78a9ef1a4ec907fde34ef7524d2232c177f8b21b58498d3b93,916a7074fc602f7a5ed0948e1ef4c49fdbf664766bc5e7ecfb6463965bc5f2a4,39973,0.0,0.0,0
R2_aA_m45,1,12,A,COMPLETED,9,63,6,3,54,5b36bc971505aadafa389d9bd9dd3a9ca6bae154f4560f28909ec9df86cd8556,65c20160926ee9a84967ea5f177d3569195dbc85dd2a9f8f8ddc1e796d1b068f,38306,0.0,0.0,0
R2_aA_m45,1,12,B,COMPLETED,9,63,6,3,54,68a43dd6a5da1ef394e29cdea2690563fe70af72dc8d143543b829baea6acdbf,7b6c92152dceab0e811476a25aa2850a9064062ea42398238d9821511c3dd0d8,39050,0.0,0.0,0
R2_aA_m45,1,12,C,COMPLETED,9,63,6,3,54,eced30797e826b3d4622121d2a43035c14ade2d91b981edd0214e21a95dc3d50,aabc6872ec913761276741f551437bbe69c3ea16e813e786e06add9ec284b56c,39431,0.0,0.0,0
R2_aA_m45,1,12,D,COMPLETED,9,63,6,3,54,2706182174466d5d3238b0196c34033d36f66d33af8420c40c6ec2a146f773ee,c23fbcc61cfa4097e258b86b6aec5338aa57bc470c603d39742f0b65149f0f21,39437,0.0,0.0,0
R2_aA_m45,1,12,E,COMPLETED,9,63,6,3,54,6cf596109370091d15b28ac6957b1b648399e61ff593b743771a16af2f5fee2a,ee495e0587784785d9ce675741d17fca37035c47fcd55400b9b6bacfa21529bc,39935,0.0,0.0,0
R2_aA_m45,1,13,A,COMPLETED,9,63,6,3,54,dffac047a453437bdd7c532a480baacb59896659546c2c7011af3a905205c0a6,47c0adf4251919137dfd7bc5a4d96238eb4784f850b5df859850cd779f2d5cf0,38383,0.0,0.0,0
R2_aA_m45,1,13,B,COMPLETED,9,63,6,3,54,c359ec44312a2513858777fa22893c489594bb7b517fa46a57b2ef7a2f6d1803,db40ee373ac293ca2d016e3dfb773baba9ece201d2df2d61e061cb3f5d096abd,38974,0.0,0.0,0
R2_aA_m45,1,13,C,COMPLETED,9,63,6,3,54,22bcadbe1e9c0e1577eb459c565c160ff941fb0c2f002ec8cc835e8460e56149,5b8cf012f825960ff5863c6ac60fcb043339174fe5ed91f5747eae05878babeb,39425,0.0,0.0,0
R2_aA_m45,1,13,D,COMPLETED,9,63,6,3,54,fc7a3c5c5c61d3e9153b23592d15a1809a051ba5a0a8e290bff55a8c1247bf2b,68454b3149b858ddb1001689060d1691183d320767613b8cece40833b9f0a088,39478,0.0,0.0,0
R2_aA_m45,1,13,E,COMPLETED,9,63,6,3,54,d32e1375e4e38eb5857103c1662a239da89b04819b83f08384dd2b6ebd761cb2,146ee4a9aa0826c216feb7ac5a6bd2b5fc9ba4273475d1da54665296559bfde8,39982,0.0,0.0,0
R2_aA_m45,1,14,A,COMPLETED,9,63,6,3,54,7e4fddbf7c6cd73ba1b8815e69b181fb433b18d63b8f0446f4355a0a4e862510,633612290475e5bf793cd739ab1e93929516ac0d6e7e79e9dff22355b514c339,38381,0.0,0.0,0
R2_aA_m45,1,14,B,COMPLETED,9,63,6,3,54,be4dbf6e6bc5d0d67cba4ccfb016dfe8afd760b4587da6976111484f971c767a,a663d7022a7e50c722875e50d4082336ce780d138f43142e58a9a9ee6f3ef198,39008,0.0,0.0,0
R2_aA_m45,1,14,C,COMPLETED,9,63,6,3,54,208b91ee961cdc8f0ba4c36b2392a1174003ced7ce5d0abad4edf0463a7099c5,97aa022e277c4db806688eb58b067df230fd29d98863bb7b83203f2e9dc60abe,39404,0.0,0.0,0
R2_aA_m45,1,14,D,COMPLETED,9,63,6,3,54,2c494fab612e4dd12edce98c617ea780d885b35ad5d35dd8febfc695a6a63bad,ddc3350a489efae93865b55b050bb5dd4380ef5b0cbdbbf3ae90599fc8e8edea,39402,0.0,0.0,0
R2_aA_m45,1,14,E,COMPLETED,9,63,6,3,54,7fa23e828fa245793cda91df40ac876d73f24d092ffec507beabbf81391babdf,decde1057bc3ade3fcf90cf993abb3f6b5f27276114213083e19a331b4b502c0,39953,0.0,0.0,0
R2_aA_m45,1,15,A,COMPLETED,9,63,6,3,54,0483a6205e933ff38a305c7963521ed9b2c7d3d179305433fc70b51525d22ce0,b9f7f142895f60305c37dc03199ea4a6a4ba94435a914f61504f2e89c0ecf085,38435,0.0,0.0,0
R2_aA_m45,1,15,B,COMPLETED,9,63,6,3,54,a66e7f21c5b6f34f7627c41267fc8d76f9f567974f5bcf3110ba41757bb47316,e67c98f2bdd68219ee4505b32c46c24225ac787b7351b91a84cfe1a21b57ec1e,38976,0.0,0.0,0
R2_aA_m45,1,15,C,COMPLETED,9,63,6,3,54,3bec5dd63a5732af7496e5141bc13a2c0c8fce9b19e2c6c49c6f3f113ab55094,b177a786559b61744a6994e52248816c6e9c6a9cc9ca9fdce0627e8e01d9ce7c,39430,0.0,0.0,0
R2_aA_m45,1,15,D,COMPLETED,9,63,6,3,54,3605977b750e6e462061ffb3cd15ef7c52b9e1861cd597f2c02258fb56cebba0,e8a858c269c70110365acd356175fcedbddee6569cac217d7c66aa9aa269712a,39470,0.0,0.0,0
R2_aA_m45,1,15,E,COMPLETED,9,63,6,3,54,a4c46ecc25dcef9baeb0bf9129795acd98092e8f2a7163916dc213c603a78f8b,c3d6e40d99340895c901f000ce716ed8cfac452685fd29cefa7c84b66e49844d,39992,0.0,0.0,0
R2_aA_m45,1,16,A,COMPLETED,9,63,6,3,54,6adfa89069841020268413f951d27516360c10a95fc093af8565f3cc65fa1057,88e3664bfcfe4d95d9e6372a32f9cb1237fde6fa5f0f15675eb777f85c9b074c,38372,0.0,0.0,0
R2_aA_m45,1,16,B,COMPLETED,9,63,6,3,54,65c12eac233cc053ac94cc1674f5064e84379b6f4c8a597f11ca1e98a61565cf,c5dcdab21c4a6dbad524f08d6655c6b9835c7d5af62ef81095f9c593228d7d74,39038,0.0,0.0,0
R2_aA_m45,1,16,C,COMPLETED,9,63,6,3,54,7ae65b4636e44e42b46d5414d1c498489bcea4deb19c6c132829f4c8459a373c,f97eb3665659f0feb326c08f27022416d8c6756b57d8ac60e0fa7c6cc106a8c2,39411,0.0,0.0,0
R2_aA_m45,1,16,D,COMPLETED,9,63,6,3,54,8a8d026b81da01c5010c63e268560061275d1a5797ed68f1dd744d1fac36028f,5c1374ac84efac0bbaa240bbc7ec10b3800263febd44bd819c06a7b796b281dc,39463,0.0,0.0,0
R2_aA_m45,1,16,E,COMPLETED,9,63,6,3,54,a08843ff55742487dbc938de263803b9e462249d81e75a8519ac50f0aabb2af2,052f42f041f82d05cacb6ede8340de6e2169305ac06b622e70ce0516c2a56e79,40041,0.0,0.0,0
R2_aA_m45,1,17,A,COMPLETED,9,63,6,3,54,84b51fe2edc94088f39aea1a36cfa593a2be4c62a531df0613d7d06435267177,b558cbfe479032ff5d886b45571b2fdfa38664a52571d70250de68a5614548f6,38350,0.0,0.0,0
R2_aA_m45,1,17,B,COMPLETED,9,63,6,3,54,7765ead344748d884a538501398e600d40391717eec657b74311be74b9d4082b,1c1af83471dce1a6b117586f875085a8f39a5ef52cc911daab2d6fa9dfe0882c,39042,0.0,0.0,0
R2_aA_m45,1,17,C,COMPLETED,9,63,6,3,54,30ca25a941a288671037c551353d47e5887cab1259b15a2ebddcd94e4f7e4dfd,bbb9643af61aefd116dde18c36fd851f44a19caf5ca49bea199c11cc25b3d2d2,39414,0.0,0.0,0
R2_aA_m45,1,17,D,COMPLETED,9,63,6,3,54,5fb2d57ab53408fef7b4613652dbc5ad9aafb6b9769cd9fc0d242320413afa7c,bf786cd1cecc9ddd28a53b9a47e018d6cec85c120cc9a2d64e2dd076af5cf0fd,39426,0.0,0.0,0
R2_aA_m45,1,17,E,COMPLETED,9,63,6,3,54,1a2607207b66818389dbc1e84604333262fe47210e58c556f336bcfd5e68718f,fa5735cf26f8aa1ec36ec771a4b84bcab41260b70613db37a96b0ffbdde90325,39996,0.0,0.0,0
R2_aA_m45,1,18,A,COMPLETED,9,63,6,3,54,65f00b67364c4bb74f624d79756f3cf50d78146e6b136254b70bcac87615f29f,dfefe568b1e1151b24950d3cb040e7bd8ba0552c1a5501b2e475d7f76a468633,38346,0.0,0.0,0
R2_aA_m45,1,18,B,COMPLETED,9,63,6,3,54,9cf317bcfff2f6a25785aec4002f3fb0030bd71e8bd72f4fb28586d78516257c,e8e180ba751862ecc0d2d039e00a30fb5c172725301e9b2597507bb92b6fe330,38976,0.0,0.0,0
R2_aA_m45,1,18,C,COMPLETED,9,63,6,3,54,e1dab7af22099ae5bbf03e7487e0046770bf2a3eb732316afbe40aeb1d5bfa74,d2e0cd3391e83f736486cabb5d86c3e2d1ff5880159e5f549dcc2a2453fd82d2,39442,0.0,0.0,0
R2_aA_m45,1,18,D,COMPLETED,9,63,6,3,54,7e9e10295043fae7788be4296edb171c5435dbe37aad0b3eca12eb70d1f4df1c,c611670bc36375c910d6de4c90b7f506d0c874c4db24ddbba0d96b19c0fa278c,39463,0.0,0.0,0
R2_aA_m45,1,18,E,COMPLETED,9,63,6,3,54,075188fe31bf506071d0afacdd377daa8c7283a8df8f91d435c24b55ac2e632b,5951ac100eecda38ff0a86740ec9b4c1c4cd9318071d1ebff32602d06a300e75,39964,0.0,0.0,0
R2_aA_m45,1,19,A,COMPLETED,9,63,6,3,54,04724f6770c63e241397f79c04b97be0e1a9fbd284df69b6c372522da3672814,241b1f8afa9d2ce5794fd578cab3fb27f53458e110c2fc61134327da27f6d6cf,38326,0.0,0.0,0
R2_aA_m45,1,19,B,COMPLETED,9,63,6,3,54,5f1aef74839df96f7ec102ba9f41f03f49b8ef585bcab7f06b467e680a1f27f2,45d5a779293df932e777800e1df3fe0e55a2727964f54bc0fe649344292de761,38969,0.0,0.0,0
R2_aA_m45,1,19,C,COMPLETED,9,63,6,3,54,5cd152191e145eb53878561b6a97fca30b84b3eb05c37b3575a5e09305174390,3c93d5735644f7b8b85d4e01e1d358253dadbb7e0e3c2b4fc9f545473096a82e,39399,0.0,0.0,0
R2_aA_m45,1,19,D,COMPLETED,9,63,6,3,54,7ba789d2d69eb813807c665d6dfc8cc7585277dbfff0893d6e0ac7d233d05390,8baadf15ffc38ff111c738fb4fb8830723cd1b0142318f844e1ddb15152a88c1,39453,0.0,0.0,0
R2_aA_m45,1,19,E,COMPLETED,9,63,6,3,54,bf776bee9ad3a19040c4ffa88620b9c7b377eeac554a2bfeb14cec0d81ce4f1d,e34518594372f77543a281d3ac1e8cdaaf8f039bc3fa3fcd03dbb52c63d9f5f4,39983,0.0,0.0,0
R2_aA_m45,1,20,A,COMPLETED,9,63,6,3,54,2780d582d62d321bd9d9506cfc89878368061a996d57a0c032c13f1b2ace6010,f799c79ef4dd30e096293cc9f42a8753a76ad119e7d6f390a8fd8faf503562cb,38348,0.0,0.0,0
R2_aA_m45,1,20,B,COMPLETED,9,63,6,3,54,6acb73492a66d3079cb98214117a6e7011c2d1133372cbc0896ed4484e491363,e91ff89260d8760f78ec24ecbb2488a31883bc0286c93815aa61f51111229109,39023,0.0,0.0,0
R2_aA_m45,1,20,C,COMPLETED,9,63,6,3,54,54dfd0d9605b6425ff2ce1cf2d9ee2fbf63122a80b02f27589a9d23a1bfdac23,7b77f3e2e06399454c4976aac6af33890ab5480855da1c0531449632f12c3452,39407,0.0,0.0,0
R2_aA_m45,1,20,D,COMPLETED,9,63,6,3,54,f878f65a676437db5254a68d0cc28cedeb24f69199d1821f70f5d0a6ce573aa3,edbd1362565540439fed9b0cccd41eb718dde86f63105799871268e0a99375b5,39447,0.0,0.0,0
R2_aA_m45,1,20,E,COMPLETED,9,63,6,3,54,3a96a72532b2432f32b76d5ad00f9632e61170988208ce936f19d808c86b7065,d5c836cb13890f5ab40de5c2bf0d47f7a487313234792333e029e7ab42c241fb,40005,0.0,0.0,0
R2_aA_m45,1,21,A,COMPLETED,9,63,6,3,54,b05a0e7a2b70466df1ed192228f0a9b99b18bed0271cdc5fe083f7d7527f4950,c4d2fddc489eccd5b432f0437a4c1421cb824014394ded8d3e90800f8d2b1608,38361,0.0,0.0,0
R2_aA_m45,1,21,B,COMPLETED,9,63,6,3,54,10cfcc1f2c7dafde154901f7726004f2d3a8f46ece9145b7a795ea4fdeebfcbd,604e8190c537a5f875367099b2a8bc5cb86204890359041bbc1b22c451b340b9,39028,0.0,0.0,0
R2_aA_m45,1,21,C,COMPLETED,9,63,6,3,54,fabc422238cfe14a3c1f42736d0d74bd51c6fce279f2f1fc42557af0f1be7aee,af593e3eedff08f7df551e26daf41217bdc8e0f40cd981199bfd65857844f6d1,39382,0.0,0.0,0
R2_aA_m45,1,21,D,COMPLETED,9,63,6,3,54,01b7b0925e04b831503f64294581fd9134673bce8a6f9c123a262021528ed2c1,89c6dd839fd8c15256e9ab7123757730247880db4e0ea9300b1f89c1db282988,39454,0.0,0.0,0
R2_aA_m45,1,21,E,COMPLETED,9,63,6,3,54,8cd01a1180d2edba405f056e742cca74d9a31cf50fbe73354f4df938cf4932ab,9e0101a381557b966ba022bb6ae83be906a952bc85cec8a9e9e1e30e5b73282c,40005,0.0,0.0,0
R2_aA_m45,1,22,A,COMPLETED,9,63,6,3,54,7afd5598765b9fdb72af0fc7a98da5a4c7deb626cbee422b53e2847febb62ee4,3a95f1e60c850d533588290598cba6b532099f695f52827a99412617cd3bcb34,38381,0.0,0.0,0
R2_aA_m45,1,22,B,COMPLETED,9,63,6,3,54,b51cd63f4bce6a392e21deee2ee4c3e19ac7b504c788e76482d4bf9d5600fa41,2a004f51b68784db4db46c6ff79781e807a7d948e4a8375559456a7e55f68596,39004,0.0,0.0,0
R2_aA_m45,1,22,C,COMPLETED,9,63,6,3,54,b0cfb5e9dba8e0542ce60be792d9259bce9e6d8d0f2318d015d35b110c40197d,d048cdc203a894bdda1882de7ae0bc4e479bf34439de1956843b3f62470810d8,39420,0.0,0.0,0
R2_aA_m45,1,22,D,COMPLETED,9,63,6,3,54,c6315e779ceccdd1ae41178d9d10717ab232e174c5a945e5089cde55611a7e63,d39531bef1ef6c137ff4e0e13bad5e56e154fb89983791bf6065c966e0e9bce2,39490,0.0,0.0,0
R2_aA_m45,1,22,E,COMPLETED,9,63,6,3,54,0975f16963bf39b8d85193d6eab362a5120ebdd0c3ecdfc9d722a4c2537c397c,8a444ea17156674a9ff48c028fb61bd631fa5a3842315e216b195cdc53981ba1,39980,0.0,0.0,0
R2_aA_m45,1,23,A,COMPLETED,9,63,6,3,54,4aa3293e5418f2dcbf518422d7ee62cba08a82de17e70d4110c442ca7b108baf,c73b3429166d9353457165452a2bc5a1a72498f5498b8cd7a4beca53a0926fc9,38314,0.0,0.0,0
R2_aA_m45,1,23,B,COMPLETED,9,63,6,3,54,c04176a50d48108fe9cdea20dc0c2244cb05e78a2dc7cc75e9ed92c30664ff08,aceb8ac782fd76897ec389afb8e7cc9f3b3ef7e8cbed41254783a54db269ecdf,39005,0.0,0.0,0
R2_aA_m45,1,23,C,COMPLETED,9,63,6,3,54,bcc46f667f243f1a9aed5e9271268cfae11ceb24567d255e7222ef73f269e7bc,9f5e5ff3abefe66da7f6ccd612d1440f6e6b12e38a67ddc936e6830ea17fcbc8,39381,0.0,0.0,0
R2_aA_m45,1,23,D,COMPLETED,9,63,6,3,54,67ef2e87eb6e703314fa5dc3f73d165081bace4633c680754902a6bef2676f2b,eaf5386eff833063a1a2208ed1dfd77651269b75e8742401f2326c5a89c3b400,39467,0.0,0.0,0
R2_aA_m45,1,23,E,COMPLETED,9,63,6,3,54,e30e17ccac34ea559abe25cd0a579a6108eec044b07437cd2124575bbcc48103,72ab43aea81e98c6bed84cb4a1aa3f9c185f5fe2eb83bc61ff96ead50f1c627f,39982,0.0,0.0,0
R2_aA_m45,1,24,A,COMPLETED,9,63,6,3,54,ef995d5d5a6826ddc5eae588d21f62a2eb0c342522df584ab14cf7c76f27c6f7,0519fd61876d6895c6137fb60b0d0de784f0b1681e8b18710b6d029e884f0810,38329,0.0,0.0,0
R2_aA_m45,1,24,B,COMPLETED,9,63,6,3,54,6fa2b2008890f28adce1cce7e9105dd29d4da26ee7761e46ce8c91d5d7c09e97,087498c84132ab6f27aa3c136c7cf4ec357078dcd4767df1f895d1c608fc4e54,39002,0.0,0.0,0
R2_aA_m45,1,24,C,COMPLETED,9,63,6,3,54,fdf6cd6774401b2c39982c79973928b068a09433b61058848c648362f6a85320,27bb8675c6ae2c1c10b41c1c2d56a9ca303c8e649dc8ac7fa8c5e1c365c523c6,39448,0.0,0.0,0
R2_aA_m45,1,24,D,COMPLETED,9,63,6,3,54,77726d7a69a68c078cda2dda0d15cfbdce58207469e5306bb6f9a4f19f92d420,4df4fb2cd8a7d44296a4920a05af6c4490d9d4c40dc0bfa242d408f03f24966a,39439,0.0,0.0,0
R2_aA_m45,1,24,E,COMPLETED,9,63,6,3,54,f51eca1479fecd5da170638529c1cafcffcc9423e890b7771272cbe67718c976,4cbe090c649a7b0c40456189020f81bbc30062e9376e521138bc6de4bc9d375f,40026,0.0,0.0,0
R2_aA_m45,1,25,A,COMPLETED,9,63,6,3,54,8b25422f858fb73f193c97e8299958e4b5fcddc7d04868697c844e9b65716aca,d8ce0315cd940657bddce6e9f9980d0d57f8799652938a67439b75e5b4a4a8b1,38359,0.0,0.0,0
R2_aA_m45,1,25,B,COMPLETED,9,63,6,3,54,93b2ca7cd853b1b06b5dd08b782fbf26ed5ece29d4360cf44346a1bdea2ec3d2,8f84cac830da2cbfb9ef7e5cfe561d17c695daaf1161321330f2fa0f4413378b,38930,0.0,0.0,0
R2_aA_m45,1,25,C,COMPLETED,9,63,6,3,54,644eeabc0d1023c14285da6c601e76fc4f6919f7aef101e51263e8b9864cea0b,4b756b2ead0ea297c5e1cf7810f6055e36242fe37916f4a04b65de5c733da14c,39455,0.0,0.0,0
R2_aA_m45,1,25,D,COMPLETED,9,63,6,3,54,d79ea59dab49412f39e9a7f9ead1d2e3ddab2ecef134b1c81cbbe9493f878b5c,318adc5c3ae7b2800226d0857831d00e2c411c0d66e8c5b2f06636dbfaf4fa4f,39419,0.0,0.0,0
R2_aA_m45,1,25,E,COMPLETED,9,63,6,3,54,c4a8eb2707b6ae7d2af1b3845d12a8fb9ed113f90fa013d80e002905eb7c97fc,0c47c532db7d0926f8f2d97ea2ea7bbe4d4feeb93e94b3853551cf2ce873bd32,40028,0.0,0.0,0
R2_aA_m45,1,26,A,COMPLETED,9,63,6,3,54,e1a4b91b56410181bfe112718a727366fd099a7c57f22e3d1bf0c1c0a4228c20,8f92e13bb09b81c4b7e2886fb80fef7824a70c279787e08f939d77483798180e,38310,0.0,0.0,0
R2_aA_m45,1,26,B,COMPLETED,9,63,6,3,54,8ab052abfdc038735cf45a4a82cf26f2cf7b72c2337d73b292f99dedf3e7b0de,5e4a4253ad847b0a49df0ca380654a5f5c0dbbef53f334dcba3b0720bb8a9cf0,38955,0.0,0.0,0
R2_aA_m45,1,26,C,COMPLETED,9,63,6,3,54,f73f8b012dfe1f52b3746d540a0a2bbebbe80f045e7bf4d79187f384b786dd93,a6c7c93e46640bb51b0ca05eb36eb806c8992dc3f327d6967762edbf9c0aee46,39459,0.0,0.0,0
R2_aA_m45,1,26,D,COMPLETED,9,63,6,3,54,779cabe830d39ed17b79052712e303f1ca7a0026bc89d7c86afbaccb1c9558f3,ccc367a333bc57a80b9efacba01156b12cb7da0faf5fb2f57c90d5b7516b9859,39481,0.0,0.0,0
R2_aA_m45,1,26,E,COMPLETED,9,63,6,3,54,fa7b8d8ca18e02c12ce6aa74a2ad560b90cee4c13e0b7bf18ff862107cb88476,b12b3837a487705b7d837f1a5d52d922e3a0929e972de84c595833f659ea0891,39991,0.0,0.0,0
R2_aA_m45,1,27,A,COMPLETED,9,63,6,3,54,6f67a380ec6963ccbaf33bcb1d9e2620ded188623d7ee5dd3a4833a1d14f1221,491f82cb79731e3a511ee789ad7386be288b44ad8e511d67d2a062ea4a0d0645,38357,0.0,0.0,0
R2_aA_m45,1,27,B,COMPLETED,9,63,6,3,54,c9d6debb528e077c6bd9d37ed241c08cb8c1297941cded1b41352f10996c43ad,427f2464976eaa34a2723a694b6bdb5921d2b245ea543e3708ee15fd083c15de,39000,0.0,0.0,0
R2_aA_m45,1,27,C,COMPLETED,9,63,6,3,54,8d8ae443ac085fbb26e23bfed0c05b86da47104a8c78fb8eb321e8f1ee9377f1,e6d7eeed368d3da95bcece12e2da53640ea4b34db2d29f46b649eab946a5d8eb,39469,0.0,0.0,0
R2_aA_m45,1,27,D,COMPLETED,9,63,6,3,54,31097fb8940575865ecb61e8e9de3a06a7898d954ae0249e866b6faadd4e165c,d1960faef442374505ed599ee7cd276356e765b6b90fa6710ceac874cd425bc3,39461,0.0,0.0,0
R2_aA_m45,1,27,E,COMPLETED,9,63,6,3,54,71216a3b6eb5cc7af39af2dbbfce099e9d14e62667396f3b9c1e638f8f461d0f,e61850c74cf12a504d2514cc91be02525ebff63ffecc33ef1c40c4e5ed80ed27,40009,0.0,0.0,0
R2_aA_m45,1,28,A,COMPLETED,9,63,6,3,54,4f15a3a7df9ce2c34ace84a05fc6ddb6ae874cc60e162928dd79a81dad0cd8d4,0af929e437d068b7ba5652afcfe1b01706dfeea9f752a06d129b061c1caa9053,38360,0.0,0.0,0
R2_aA_m45,1,28,B,COMPLETED,9,63,6,3,54,c8cebb2e97ed2edf68628abfd5bfd7b05a61c8082f2dea9349a5f3a9204ce160,f36f816e51549078a04ce393b5fab53cca580291c238e8cd9919187486382374,38996,0.0,0.0,0
R2_aA_m45,1,28,C,COMPLETED,9,63,6,3,54,39f1532ef7c03ddcfecd8f0b9393852b7cd083b688c2483685efa68a1c1ea048,80e9c994fa4ed82db397a8f01b97cbd2acfd54b4c8c2e9854ae4defde165b178,39374,0.0,0.0,0
R2_aA_m45,1,28,D,COMPLETED,9,63,6,3,54,5c9b54eb8c2f6df8f472831a5aa962d98ec709b3fa2b6a8620d1f86f5b605093,c9eb3938cd2eb5a92e980ce67c7b9881c769a2c19691c3e8175af2ef332b9164,39423,0.0,0.0,0
R2_aA_m45,1,28,E,COMPLETED,9,63,6,3,54,8c64ca4c152abbf3ea7123e5903346c7162d2565c625bf66c87f24b7eb177e5e,b2e41258f1fd237a3f9985f37512fa4eb8268480d3cda336b3f7ad0ed3bf4ed7,40020,0.0,0.0,0
R2_aA_m45,1,29,A,COMPLETED,9,63,6,3,54,935fa6e0d3a9e23dc599b0df92c091d55a2e83188e6fdb0d506800d278dd4aaf,0fc0064812f7531ce86d91ac54ae1931643ccd50eceea8e8226c5017492e21d0,38341,0.0,0.0,0
R2_aA_m45,1,29,B,COMPLETED,9,63,6,3,54,86408e1c5b4d265899774ccc490eb6b858272ce4193f802481806d1f4d30466f,7f2d5c5dc97b0f10c03f4a52d1f11159630f5f254be69885cad22d8805a31101,39026,0.0,0.0,0
R2_aA_m45,1,29,C,COMPLETED,9,63,6,3,54,904c7feeb51cc2ca87af70e882ab4efff1c9a3601879189c38b2ae18ae07f8d0,6cf69e3664b4af2e35c6a3999e4bc9557ae2e753b25031d587195aaba578d9b1,39446,0.0,0.0,0
R2_aA_m45,1,29,D,COMPLETED,9,63,6,3,54,d7129678f758f16ddefd9e78ac6647c28f73970befae6057fc65a647278bfb67,aae907a276ab974b75a728d0b2b6b65cbff94f68c1cec5692074b1d620575d57,39457,0.0,0.0,0
R2_aA_m45,1,29,E,COMPLETED,9,63,6,3,54,411e724c3c02b1a9b0d763b374541234533853cb12243396e1be1484fb16ed55,da9d301afcfd1a456e2bb0e5f3bed7c02f383eba495a42d7e7cba1ce3c431626,40020,0.0,0.0,0
R2_aA_m45,1,30,A,COMPLETED,9,63,6,3,54,0f8546ca9bac880bdacc81b23e1425126a51069aad2eaa48633ea09fcac5552d,ba0983f405e221aa4f13864c7fc2cedc4e1408921832b568106a9befb86c82f2,38311,0.0,0.0,0
R2_aA_m45,1,30,B,COMPLETED,9,63,6,3,54,308088f819d1d81e08994e3b73bd66e32ae42f21b3ba9c66af04c6303f1a690f,24d094d5390fc9dcafcd5da887a9f17995beb93937d7772a4a0e972fbcca9772,39052,0.0,0.0,0
R2_aA_m45,1,30,C,COMPLETED,9,63,6,3,54,4104474cf9a53923fe45605fa0479e34751ad06ae978b960f9ba7fb40a9d3c65,d501fc08db1699a5021650b69f711a52476f0a289030ae1bd689cd1d246cbbf5,39439,0.0,0.0,0
R2_aA_m45,1,30,D,COMPLETED,9,63,6,3,54,da0b688b3664a6136d0f197501268e4cb75387fe42782c6b362727ae1f902505,423c6d26f1b51fd482476c51ec02e94d00240f30ebc93c9471717cd2635872cb,39481,0.0,0.0,0
R2_aA_m45,1,30,E,COMPLETED,9,63,6,3,54,8a7977d7b88ecb0c26ef03b86345ed8fd6c8f0b2acfd86ee2eef75c73f50a52a,b13e61fa31e97b192c424a304d7b9e3d707d1ef7eccf87f865ee6788e175c2b3,39996,0.0,0.0,0
R2_aA_m45,1,31,A,COMPLETED,9,63,6,3,54,e7847f77a628d7251cb01829b26bdce0c80148f8875e71a386c7cd9a0a643d68,ba59ddeed863825dd6f56256ad850507f0c12c61cae227de55d94b4deaaf1054,38312,0.0,0.0,0
R2_aA_m45,1,31,B,COMPLETED,9,63,6,3,54,5f2524e81b6cf41c27ece9aa3401ff6ddae6886467cb32175f962a3a87f070b7,aa4514acb3bcedee9831f427b50272b69e1522233ffad4e7e9f9c7b8d2cdb0d3,39032,0.0,0.0,0
R2_aA_m45,1,31,C,COMPLETED,9,63,6,3,54,5beda72530edd5a8091c3250c62e96fde4ff901f50a654ba4eecbbe62fd6418b,46c64410ec5ec4a40a53491d5226312134bda2ee99bbc415a17450d59408b9b6,39395,0.0,0.0,0
R2_aA_m45,1,31,D,COMPLETED,9,63,6,3,54,7fab359ff3f72e2ee6fa20270390c09b7c9198d5f0ad1382c20ca20050205a11,03609065eb2b0d0c318fee59abdeb64ca11cd16d5c057252e783c643a8699e4a,39442,0.0,0.0,0
R2_aA_m45,1,31,E,COMPLETED,9,63,6,3,54,46aadb005affbfed5b3e2fa21c89c8b7c62a08a2a9cc4fd1640a8630ed858d69,45a9a343ece46a90375120a9fe5094a9f7202caca3d002a76fe99f6592acd8bd,39914,0.0,0.0,0
R2_aA_m45,1,32,A,COMPLETED,9,63,6,3,54,e3a12d77852b14fbad464211b0c6bb99cbbd36f24840133fff22a4023a45d16f,1c99db3d73ec7d5e5aa06d8c598b6111d81ef0cb63ec5bc6e7f54abbe0e250ae,38344,0.0,0.0,0
R2_aA_m45,1,32,B,COMPLETED,9,63,6,3,54,e870c4ecbaca94cf46128709c153d7fc11b4410eaacc5bdb4265f99850287525,1812e55327d41c37716ad5f91a5dac1c297687fd79af38315b510e1177302f38,39059,0.0,0.0,0
R2_aA_m45,1,32,C,COMPLETED,9,63,6,3,54,1d2094fe10b83e573735de599243539e65a9f98a6bd69c1b96ad893de9766cd6,48f54c467515ade1760235122b52f6e2a13f3c4495f404d599bee145bb88f080,39393,0.0,0.0,0
R2_aA_m45,1,32,D,COMPLETED,9,63,6,3,54,b24b885c46bb7d5d797c62486bbd27ab1d833fb62f80a0991bafeb4202640d3b,8b6828b7db4dd335d155330ac319266a66ce346247d35b91595deca9a9154153,39409,0.0,0.0,0
R2_aA_m45,1,32,E,COMPLETED,9,63,6,3,54,b99beac57c4fb362875bc7813de6d1080c833e15727afb083b71af58fe2291e8,3bb14a9be936cb5323a2218750e65a399da1dba04d6b811fac9f3350b280c0a6,39959,0.0,0.0,0
R2_aA_m45,1,33,A,COMPLETED,9,63,6,3,54,6c33fbd71424fbefaab6bbebd687f17f4a387426914094389a39cb69868be414,3d3c055ab2770f4bc2aa5dbe3090de6cae09d9f4bc0a09b05b904f3995cf613e,38407,0.0,0.0,0
R2_aA_m45,1,33,B,COMPLETED,9,63,6,3,54,8efcb2ab19839f3330a9a0d7e3931aec429f4ddfcbebffc3eb4dffd17701d9b9,9e1ad63cbc47572310e165df5787b3f15fed8ff32b50c8d167e331dae9eb80a0,38958,0.0,0.0,0
R2_aA_m45,1,33,C,COMPLETED,9,63,6,3,54,408d0f7be760ee9394c6c760c9566556e5876bc181e862cb84a06ec7c6ccce21,4deda9ad0dc6168f47921d9f71fb13fca04fe9b759568a600a0bc24b2eb4ab01,39493,0.0,0.0,0
R2_aA_m45,1,33,D,COMPLETED,9,63,6,3,54,16dece95ca9179105ca49da8732f64723120813740db7595d27a8590dfc77f52,b6bd4e54afc0a0a299de1d8602028b47f35dd015e31b632fe6149669bc23b59a,39446,0.0,0.0,0
R2_aA_m45,1,33,E,COMPLETED,9,63,6,3,54,fba7028adf9de1b557fecfaf2622e4813b6cb2d43acd678cd96137fa88e4e076,9fc57a58b2ae2a311b5c634f352e424844fbef1fad13e7d5ba1a0f01e85ebf3b,40053,0.0,0.0,0
R2_aA_m45,1,34,A,COMPLETED,9,63,6,3,54,470d8f1236304b8006be7c0e6dc3db5606534c3a8bfe1cd624d59dd1ee19c3a6,ea44bc3a729da6c17d3bd41d3711990997dc3b65a88ea3be149daa27ada83e98,38354,0.0,0.0,0
R2_aA_m45,1,34,B,COMPLETED,9,63,6,3,54,034a68f9f4bdb11054e604cc3a212a4bb58b6dfd04f294953ac4b4e0f0511ba1,1f6aa7bfe9cd47ca1f0c363aa1942bc661de7c894395a416eb49f3205cacb4b6,39000,0.0,0.0,0
R2_aA_m45,1,34,C,COMPLETED,9,63,6,3,54,ca4985f938e29f4f941dc6c265f31cc76af23c64ad425b9301e2dbab0db74665,b795ae43acebfa7690c9be65d647426caa9234fff21403b07f2ea5ef901eecb5,39420,0.0,0.0,0
R2_aA_m45,1,34,D,COMPLETED,9,63,6,3,54,41bafa0990fafc042c74350bc2dd9338a37b774a45a340c5c9602b2853318f12,5e06f21b5043f29f2e8a567023e96666d9d951c471e9c205c377df73638f39b0,39408,0.0,0.0,0
R2_aA_m45,1,34,E,COMPLETED,9,63,6,3,54,5f4021be196f53853e039950df9a61c9928f4b630f1018526dffac125d8bc101,5b22ff7ae7e325ad17908a619ee84330c5c8f1363500e7930e5bab4cb0f49759,39990,0.0,0.0,0
R2_aA_m45,1,35,A,COMPLETED,9,63,6,3,54,de646ed6b40be1618d3766fd233c9194d481907f2bcc12f62608c108b4b1efcc,6e2e6291401feafb9dc16df04236e817cef040225c6e8df3fe0c6a35395702f0,38348,0.0,0.0,0
R2_aA_m45,1,35,B,COMPLETED,9,63,6,3,54,80497538ccebc07202dcdccdcabbb8d1ea4ee84a878e171dbf7986f5f101f576,2b6c04e40063b681357e52f9176269f81baf609a14db25b0fdff7c44e14a6471,39038,0.0,0.0,0
R2_aA_m45,1,35,C,COMPLETED,9,63,6,3,54,a1ebd7326bae0bfa23aa2c7a344b541294917a83a132d47346984e8fe8b5111b,886ee91ca70f7d022bd4919cdccf1cbab343bd1942e6d363bf0c0359681c7f81,39445,0.0,0.0,0
R2_aA_m45,1,35,D,COMPLETED,9,63,6,3,54,5ae3aeddb9fa1a2805ee9ed28e6801b42d3b3af5408f6696fbdb38c46701b2e0,abeb290a8466777d0dfe154b6530fa891e62e78b8dedac17b67922006a6653dc,39448,0.0,0.0,0
R2_aA_m45,1,35,E,COMPLETED,9,63,6,3,54,a429f1c846a8f97a924daf7ed03bb5cf1a350511cedc57e2220b128de4fe87fb,685dd79ebaa3485379efbd26831b4e33113ad335d05c0d4d91178129d0ace8ef,39972,0.0,0.0,0
R2_aA_m45,1,36,A,COMPLETED,9,63,6,3,54,6126a174de9e07751242b627143461def3571a53fea3eeedc16a8c203c6ebb8e,986b4e801bab878ea4c0ae7b91c05c2a596b4b91b0d50b85761a85793840e171,38362,0.0,0.0,0
R2_aA_m45,1,36,B,COMPLETED,9,63,6,3,54,98ff56781b8a244dbab2aacf31aee15ab54efd5feff9feeb6f9f9db0fdc082f0,a2179072976f8c56800c2c8e49c9d6479127e1a56b2ad6dcc866a86350cbf107,39119,0.0,0.0,0
R2_aA_m45,1,36,C,COMPLETED,9,63,6,3,54,91153d7250d04521210fd26878c3e04b50c01622700c41423fa02ed40b000539,6881cbaa3a31946bd0a9a936a3bec4924e8466696b4944f20e7b7580e1df0f9b,39487,0.0,0.0,0
R2_aA_m45,1,36,D,COMPLETED,9,63,6,3,54,95b11bb555743508dc04febd696e20a19ec9ce2cb63073b5f005cbd82dcd4efd,75c0f9c1034d7ad7c7a4e436972f1668d6049c25c24a5594265ddc5cbb7774e4,39463,0.0,0.0,0
R2_aA_m45,1,36,E,COMPLETED,9,63,6,3,54,b6d4f2d0486f02618da678e3b1bbc2ad87419e05b6f630b5ee148959bd771538,e40c087a8687d96aa6b3c51840a53b57a02d524d435d2793bd5389c8ab54f8ea,39940,0.0,0.0,0
R2_aA_m45,1,37,A,COMPLETED,9,63,6,3,54,2279e6044232835a15ef782cac9e7fdc8b4010ff188472f08d09aa823dcc337f,da9e267d99fad3fbf7ad018108c93fc2eedb54813dd4ed7056e80690ad03c97c,38380,0.0,0.0,0
R2_aA_m45,1,37,B,COMPLETED,9,63,6,3,54,3892f4732bb9a514793177456f8864d25f71de65aca7fc17efe3deb4ff26c3f1,004ef9cf3a6a49e43cee1a26c98303bc259857d618ab96849c2fa69953cce237,38998,0.0,0.0,0
R2_aA_m45,1,37,C,COMPLETED,9,63,6,3,54,75957dc64b241876edf395df3f829cc28a5df315d0355311cad5980618b71742,50e7e76fbacc123a1b1685d99fe1aad631e82aedf4e9a017623965ae5dbf94cd,39424,0.0,0.0,0
R2_aA_m45,1,37,D,COMPLETED,9,63,6,3,54,e6f8adde60f77423d2fd66d55e8688c2a6b7a66eb985b5ec6e5504aad8057807,19c641d31a9710962bcdea9cda37bdadf8b7d0a058d40831f4b023901f861bc5,39457,0.0,0.0,0
R2_aA_m45,1,37,E,COMPLETED,9,63,6,3,54,9da1303d7eec6642e71c3b6a4c10a63594eea1001b39a07c7d426f3e35687541,9ecf006e7ca387d2f38f760eb68b8b9001f9d9c169ecf099e0248825299f7bb1,39941,0.0,0.0,0
R2_aA_m45,1,38,A,COMPLETED,9,63,6,3,54,31559c046d9b75583c2b4e78b566d823861318172e29bfa22b6bde1e47a98155,8b4fa4674d15e6f624f023e47c152eb75271a19096566f74f09c6b818f55bd1a,38364,0.0,0.0,0
R2_aA_m45,1,38,B,COMPLETED,9,63,6,3,54,e3a3f0a401173d641a5727bbd5ad751f8235e3fdffcb89da23abbc97e6c49045,1a90205575794fe006875d4874ea8e244fa25224d01720f3d431d03ceb9f108a,38993,0.0,0.0,0
R2_aA_m45,1,38,C,COMPLETED,9,63,6,3,54,e19418b5dbc65d57582c5ca47788e423d26413e75cfe585103ec3166ee22047f,5de3fbbd82a6a2987c41c7b356baeaced6a51627ea8279ec458e3ff18195cb2a,39473,0.0,0.0,0
R2_aA_m45,1,38,D,COMPLETED,9,63,6,3,54,b87b89a32585750704cfbb2e20ba383ea50e5d281709c6bf1f84d3fa0b7f0c13,5f28ea72c36bf222ad0d7a8a72e53ac4f8db62c950b327b82dc21d4d38f13598,39478,0.0,0.0,0
R2_aA_m45,1,38,E,COMPLETED,9,63,6,3,54,1743c6ac24eab1d9c1bb6437f844a17a8c587f0cb09f7c1205e3bc920e89ba90,20432261fc928e7c618037cbe9433931e77cfd25a750fdee985230dc0a484e59,39985,0.0,0.0,0
R2_aA_m45,1,39,A,COMPLETED,9,63,6,3,54,33ff50e7837cfd7cc1f1c189fb0f649b5d4f2d39f7680aa87ffa1acf02c9a0f2,e2df6da84ce63f3530494a642add42c703830f228d42cc60a68b9453b895dfb5,38369,0.0,0.0,0
R2_aA_m45,1,39,B,COMPLETED,9,63,6,3,54,de8dd39e8a386ca86428d74c1dbd3ddcaee7edf2b5258f8a7995ffb14ac0a515,1908fc29c5c313badce1d91b2ed902ac409fd5db2d788ae30b9ecd67bf567d64,39043,0.0,0.0,0
R2_aA_m45,1,39,C,COMPLETED,9,63,6,3,54,3efac21ed64250fc80766d964662b39d3aaf77734bc5f6ca11bca4146bddb975,8d15448527d907f681870a485c53ee648c30b0c3bd45e37bc386b29f083a9fc0,39487,0.0,0.0,0
R2_aA_m45,1,39,D,COMPLETED,9,63,6,3,54,6db4a8b53844b5b62adb03de05285e05d20eedd918c59d321aadd48ddc044dd1,c1874ad198828f58d173c89b08b60ed33facdc16c8d75434af62d386c9e190d3,39554,0.0,0.0,0
R2_aA_m45,1,39,E,COMPLETED,9,63,6,3,54,405c1aee74df0202e536c2d953f442242d070ae6647d283fb09de77fb587c03b,1255b6c51f5b0152fa5c6d31418f5b5d54d1d5e80d4277e35880db97dfb63239,40085,0.0,0.0,0
R2_aA_m45,1,40,A,COMPLETED,9,63,6,3,54,5526af2b2ee7febe6cc32358969849526e60ae8a141ae0b522ce2158a60d803c,727a8a1b65fcb46d6a9b4fd5a4df8c7322a26219dae9f99f779c48063383a832,38383,0.0,0.0,0
R2_aA_m45,1,40,B,COMPLETED,9,63,6,3,54,1b0cd062555cbf2eabef20f1a5d6c04da9a49f4bc4d84e15a58308571d36ed80,9fa706fa4d3479feb2d34703702449db658fd67709ecc63599d4f008a96af7df,39038,0.0,0.0,0
R2_aA_m45,1,40,C,COMPLETED,9,63,6,3,54,c569c18ffa642598213d3dd1f437b3ad95a7c0db4cc4b7458de1ecad9b699eb3,f88c54cbf88d102a7c3db76aefafc348b3647892578b49a52e8d74f472044d97,39415,0.0,0.0,0
R2_aA_m45,1,40,D,COMPLETED,9,63,6,3,54,b06c58256cec0f997324a9e7cffccfd816637354c692f90828b2437ac0f81a4c,ce538f4dd73cf6ac7cf1052df2275f3802578ab75ab1a2e63cd13e546de5ad33,39390,0.0,0.0,0
R2_aA_m45,1,40,E,COMPLETED,9,63,6,3,54,7d95e794f7569283984e3316b5d7038caed4c3ed5ede90872cb1545332b158f8,40634818e334ad7fc4e6a3a515d5310ee8c3e0dc50531319572e2aff4f1b4aee,40013,0.0,0.0,0
R2_aA_m45,1,41,A,COMPLETED,9,63,6,3,54,c652fd38975c1d6ee0652c4728dfcb1e2d0b2775ff7f7414dc0147f1c283cebb,1c1834d4b661c0f26ddc5f1da64345441e2c8ccbcb9d5d3480f3c293efb607a4,38353,0.0,0.0,0
R2_aA_m45,1,41,B,COMPLETED,9,63,6,3,54,87bfd5b9fc8d54b815940d73ee8360583afbbb2cb8900a4fa30001ad78c56b57,a7cb6853f2f2ce7da2b0e0f4346cecf24ddcc5199bcacd0580ee193d19bf8417,38970,0.0,0.0,0
R2_aA_m45,1,41,C,COMPLETED,9,63,6,3,54,88e0770c4439d7be9e27ffaade27b7d956d309ba50c27c613ca423e1a806d41f,6921212b27f15748dda495e3cfc50b509c79c1fc40be9168e788a5f4acfd3a54,39428,0.0,0.0,0
R2_aA_m45,1,41,D,COMPLETED,9,63,6,3,54,2ccc4425e4ec2b4f86d9c76491cf0b244f108ff5191a42918553f92ee7962134,c204ac227c3ad79ee1d105e24c56d554153389586c0a7d8ba71384fd05cfbbc7,39423,0.0,0.0,0
R2_aA_m45,1,41,E,COMPLETED,9,63,6,3,54,7ccd8eedebca6afc0c18129cb6acafdc843354bb64f0067f51b99af51c8d72eb,c498a9393c56f8877d2ef4ed5495df0401b699ad69550cb070dab5f3b2d150cb,40003,0.0,0.0,0
R2_aA_m45,1,42,A,COMPLETED,9,63,6,3,54,13bd74c717623c84765323c22d85ed66a845f19fdf5713a36ba83202f4134814,a02380cad9678ee4698df87a6d38e2ae56e3b6b54551742861cadf3d1089693e,38375,0.0,0.0,0
R2_aA_m45,1,42,B,COMPLETED,9,63,6,3,54,24e6a0e2a94eb291bf447b71b45d23dccd7532695c33cf78d09f7a92bbe2d4f9,37ac3c204c84c0651e7633d4f6fae0851a6ed2d091178767329a04396f3f3df6,38982,0.0,0.0,0
R2_aA_m45,1,42,C,COMPLETED,9,63,6,3,54,28f3709334248ee35f65cac983db000832d38495cc7a6bb68804b3cd00812f60,91777cb822d699fd16ca011bcf989330cfe71daf940c8f10a8e045430ccb4626,39421,0.0,0.0,0
R2_aA_m45,1,42,D,COMPLETED,9,63,6,3,54,967ad97e28ac3c0b28a5af9c0175376acbc0c0adb992f14b0717f4f6b71b5f0f,24b28d79a6a2c7f418b4619b2a7b2e6434e378b773a0f4e64e782e6f9e1ef840,39441,0.0,0.0,0
R2_aA_m45,1,42,E,COMPLETED,9,63,6,3,54,da4ca3a267254c2de508eb2d87d57678f0530b601346fb4c4be04ce53d34c4cd,20c514a677d1821da6ae310d23fc85c1280b03350439570fe4588b12ebd17a00,39970,0.0,0.0,0
R2_aA_m45,1,43,A,COMPLETED,9,63,6,3,54,a1fe3ce92196ea7601f7f24c3e9673e16b8f43f85e0f78142499477440012ab3,5eea9bcb2300c5d239d48ff6c886b6dbc3758d5a7917f2fe156b8ba7afc3be64,38307,0.0,0.0,0
R2_aA_m45,1,43,B,COMPLETED,9,63,6,3,54,098455b8a809a85a27afe04749c3f7ccbc99858420b48ce167403af4150c5589,de8ff24cfc475cf4026c70eaf7cc6cdd3458c974cab030b9618f8cebab6e1879,39051,0.0,0.0,0
R2_aA_m45,1,43,C,COMPLETED,9,63,6,3,54,0ff7ba054333a998023902f3070609335a35b82de4389ba6b084038bf0e58c18,e7dfa7416e44f1a39800e19505f55cf1a2f4bbd4c353d30e9b9f805d1f49cfe6,39391,0.0,0.0,0
R2_aA_m45,1,43,D,COMPLETED,9,63,6,3,54,faec639caccdee8b3e15852beb26765b2182c49f27e33e3b9beefa20bbd43fc0,eb5c6937c7f3972e2f68d2c299016f4ca40addba165e09e3aca7d082a7b44352,39431,0.0,0.0,0
R2_aA_m45,1,43,E,COMPLETED,9,63,6,3,54,985048cb244a051ef377ff09f7c60179e549dcc19df7536b735390265fd03285,5f0607da3079a927070f2ec86747e0ae51a7b011be2c3683e3041e5eb2a8d19c,39992,0.0,0.0,0
R2_aA_m45,1,44,A,COMPLETED,9,63,6,3,54,6cff549809789a8aecc58583a919cd3370d313902740d4478462f066f0f83068,a040ee7c0e8c2fcc467e82f3ddbb2cd12f7ab9aef2bab124178648720fcc3c30,38278,0.0,0.0,0
R2_aA_m45,1,44,B,COMPLETED,9,63,6,3,54,80cd8b5780a1b900ce6923d6573ac5ce7cbc746d308979e229cddd5772fe5ddc,a3d3b427f77ccbd767756c34e2624a55a56a747d893f51fdb76193e5e8046602,39055,0.0,0.0,0
R2_aA_m45,1,44,C,COMPLETED,9,63,6,3,54,ac62ab8433f4cc39dbb71ea8ca4f10a6d56f4acea7002f82278c08271037c6e8,a6c6b2c52888e974e4680f35bc98cfeae17a44250c1532d214a1ceda95740045,39431,0.0,0.0,0
R2_aA_m45,1,44,D,COMPLETED,9,63,6,3,54,a9fe2f568d43fe0a94cf57bafe031f5c1815caa770fc6b2c842fcd51e806ef5b,629fd869fb0113d64065a13b4c8485d06a691b8742cdbe6dfc5a3502153c4e77,39398,0.0,0.0,0
R2_aA_m45,1,44,E,COMPLETED,9,63,6,3,54,1c2356d6ff3ebb34b59c2feba34d0eace414b5683a37038c7afed005e0d7c11b,9cad6a9cb8afcafb7b119c88e7ec8ff8de14e16b406cbedff1573ccf7f1b57cd,40020,0.0,0.0,0
R2_aA_m45,1,45,A,COMPLETED,9,63,6,3,54,c75c53dafb5c8ca4b201a0619daf849efa3a28dc6067db6c5568d6b66fc1606b,dae5b7f7b7249d45dd19ce0496c8844d58fd7fecdc5b7104a03d23e8d5bb01a9,38334,0.0,0.0,0
R2_aA_m45,1,45,B,COMPLETED,9,63,6,3,54,5102f7c4ce0bcb572fa10a404302e6a4f0d6429633c4e84bb4a37b6913807ee3,e141dd0456d7cd6990316135d69633a84d7880d93628b0180f04f9c88800704c,38962,0.0,0.0,0
R2_aA_m45,1,45,C,COMPLETED,9,63,6,3,54,41cf0ef7ff40190473dfad87f43dc3134d197cd650ba63ab5b40c6b404bd91cb,73f1a6c6c1f15a139a38909c814b9a5b22e6909ddf9b9f7e89a7ae91b2edd812,39391,0.0,0.0,0
R2_aA_m45,1,45,D,COMPLETED,9,63,6,3,54,2e7f162f1c8ba23f10e0ec23f8823d3e19efc020cb19b093dd3d1767781bdce7,d703ec8d81642355700a784110f7bd4b60eb10c6cd180164a2a39f0dada77177,39399,0.0,0.0,0
R2_aA_m45,1,45,E,COMPLETED,9,63,6,3,54,816ebac45da0c8ee15c850c1723d22536ca50dbd6af25dc5fbc4c05a8dd0d856,e2e2267aca9d5298ced46a1a153223fc378d1a90fac85fd3f443d2e1d1089eeb,39933,0.0,0.0,0
R2_aA_m45,1,46,A,COMPLETED,9,63,6,3,54,3c6ba35da24cd7ba176288979893025924608f2e27a46071af5c339676ef5264,2187b0558444a1567be94af80713be514c24f3ae9d95a590face4729c4672a27,38335,0.0,0.0,0
R2_aA_m45,1,46,B,COMPLETED,9,63,6,3,54,c233b0b10864fbf207dea12728443b65dd04e6944fb5a23a70153c1c9e43f04f,dc8ba1586e24c0edb21defe4e977dda153e7d3e7c999596dc52cfd4bb656c170,38970,0.0,0.0,0
R2_aA_m45,1,46,C,COMPLETED,9,63,6,3,54,e41bf15c674ed09c2a6f5b7b5bd42a98b64abc33eccedc7b1bc26fd00d9982a8,0bdcd388ffc0d9ec9f25345c5dc1e4e5cd007e99fcc11f74c398bf27484815c9,39447,0.0,0.0,0
R2_aA_m45,1,46,D,COMPLETED,9,63,6,3,54,2a0280fcbbc3fcbc504f61cc192c806ff1dab93b2ec8febd5b0b245e446349ac,d2522b76232163e646ce74e7bf9dc0b23dee2c8e9a13758967a2963d0ea71c87,39415,0.0,0.0,0
R2_aA_m45,1,46,E,COMPLETED,9,63,6,3,54,c1e809422c40ca9327ef29f36f68172a38083a7e8d880c4d0da7032362b78297,00b052de18ddf034f9b296291906d1d69b436ab767d518622f2661f29d0d6392,39985,0.0,0.0,0
R2_aA_m45,1,47,A,COMPLETED,9,63,6,3,54,0d58b9e501c1e867bcc7e25e07d52340b3a2c71370709491b7134a9127e6d78f,4b986bac6e59a04856ef62de6265305484e23d4700ce7f1cb49784e38f6655b1,38328,0.0,0.0,0
R2_aA_m45,1,47,B,COMPLETED,9,63,6,3,54,7b9fbafc17597c8422a5140e3057bedd8dca729ef6b897cdc21b866363385624,53e882ee9388533361c30d4711f0237f0ce9a86e900f3781fed726e50fecd420,38971,0.0,0.0,0
R2_aA_m45,1,47,C,COMPLETED,9,63,6,3,54,7b84354d3b0d9cc9083dcb88e30994d282a19f959fafe1ff00bebf0e6a7dc1b1,6bebe2a57fac45042090f99845e208e7f2540bcbb3682c91519a10094a9d2545,39464,0.0,0.0,0
R2_aA_m45,1,47,D,COMPLETED,9,63,6,3,54,b62153e5dc8063dc2fc29e75a097b8456763707ef6304d4e217a71842dcdc4cf,dec19c315e160da2d445ba80929c4ce2857891914f880ef9b0f9325e6711ad72,39473,0.0,0.0,0
R2_aA_m45,1,47,E,COMPLETED,9,63,6,3,54,81aac0c54c33aa87800bd24902a736c891dc21b2b3b06912cea01c0743c9377d,d0b26aed3cc6271e564f9d6f165cfedf18cea8016d5414df6349d4153fc606cf,39974,0.0,0.0,0
R2_aA_m45,1,48,A,COMPLETED,9,63,6,3,54,90feeee38abeeffe6a3d052d94c01109f4a9713f1c3f9ea7376a70b3f993ab59,df61caa2a9c58636915d594ff7b654b211006c38fcb3db9e4e1731777cd97938,38356,0.0,0.0,0
R2_aA_m45,1,48,B,COMPLETED,9,63,6,3,54,c801d2728d883acfae588b3e4d8dfe3d6ad634175ea7aeac5a0086e281032a58,fe4d014b9f4eaa91886c56083def61547e01f92bf81a90ca989fdee1b92a1702,39067,0.0,0.0,0
R2_aA_m45,1,48,C,COMPLETED,9,63,6,3,54,41f9b259aacc854bdc6dbae97d39daf6fa88c64ada0703f7f577ed6cb201e3ad,fc146c55c3621af83f9841ed20281af05c7b97d9604476796c7b494b264e04f7,39447,0.0,0.0,0
R2_aA_m45,1,48,D,COMPLETED,9,63,6,3,54,e81a3ecc53e53f5e0faab96ea98ca24cb7ba052416e89cb298144f82cba23e7d,17795a4bb2f770e1963cb1926ef68d8deb39ef8d27fb7065bb07b8390105a911,39426,0.0,0.0,0
R2_aA_m45,1,48,E,COMPLETED,9,63,6,3,54,5792015c2d92825ecdd5c0e2b145b4b6bde0f528645b3067b634a944c5580ada,5b23da4135b381e458150411973ebe3c6ae79f5ec079ca4631b8518b143343c9,39937,0.0,0.0,0
R2_aA_m45,1,49,A,COMPLETED,9,63,6,3,54,c7d164c029afb82b79be00b741fad9dc198dedcdeda36db5e141de6ac9cb02c5,d23ed59ace0443f89043b6db5ee84a2e601ddc9376a674b76c1cec3203cf9227,38288,0.0,0.0,0
R2_aA_m45,1,49,B,COMPLETED,9,63,6,3,54,6ee1d7b6558100137afcd85c8734032b67cd7e23be5a8261a65795b1125629c3,16cf7f9bb1814965368383af6ebcb5fe45e7911d2d0132b17402af9bb869f1e9,38999,0.0,0.0,0
R2_aA_m45,1,49,C,COMPLETED,9,63,6,3,54,5572dbb17c79a18af321edd2d308fa435be0a5d6a4b93b07e420d468d4b57e0e,5ee98cb703ffe6140c55b88cad92ce56b1959d89b5de88014795c9f695e127f8,39377,0.0,0.0,0
R2_aA_m45,1,49,D,COMPLETED,9,63,6,3,54,bb545cb36c38547ad7390015c713aeca26dac92e6d004e660c030fd618c34ad5,b92bd48295492ad59e7cae3fb11018581cf7da3c27eda86083661d681b38c568,39479,0.0,0.0,0
R2_aA_m45,1,49,E,COMPLETED,9,63,6,3,54,1a13a7238af4000e911613a21d61d181218ade136b8a1f6acb665dd52ef64ca9,6c33202d711adb5759f968ad64af8fb601ac1548f13917842fdb62251037473f,39939,0.0,0.0,0
R2_aA_m45,2,0,A,COMPLETED,9,63,6,3,54,40e362651ce9e58c726f3169bcbcc220cf6e544f63b05a15001fe4c2ab01665e,9dec10aa0a2d1a56a2e4d6ccb0e97f70f6d1407a352ac43c89efca1c77e5e261,38327,0.0,0.0,0
R2_aA_m45,2,0,B,COMPLETED,9,63,6,3,54,ce86ec3d5533a37ca3a8ba14b01b1c2339568ca20ea9cf9b6de271047fed5bcd,bd710fd9ab9535184a3b5956367ab1f39f030b5393d829f27ab87d261d7507b6,39048,0.0,0.0,0
R2_aA_m45,2,0,C,COMPLETED,9,63,6,3,54,482918a0e08bb6fd63bf167b2dd884ba3b0bf68712a3f8555cac1e4b9aed9843,c75fc38822a61cba24cf82b380b4a328f36e5eac9d679711788db4e5e8357c3d,39474,0.0,0.0,0
R2_aA_m45,2,0,D,COMPLETED,9,63,6,3,54,68408fb7702507ce08b62c19b9efa14771d9cea0f56116517778f849e0068e82,04f4b7d2f8851e47f3f981175911d55be0b40066cafdd0e19e3a4cb24ec5b6d5,39410,0.0,0.0,0
R2_aA_m45,2,0,E,COMPLETED,9,63,6,3,54,c65ac043e0de4007925b303aaeeb70b07ab12fe8cab00ab3d011301a424b0a32,1c7db4b8207609dd05e75c56827e068770073e4953f135a0733a707aca7b660f,39975,0.0,0.0,0
R2_aA_m45,2,1,A,COMPLETED,9,63,6,3,54,57b226cca29d1ee2f7d45aee67820fb6081d6f91cdf0c95194bcba58b561521d,e28d5c80370aca98101c824f9d7f14d92d37e2794f5b8deb3ea9b2fbb3f29289,38327,0.0,0.0,0
R2_aA_m45,2,1,B,COMPLETED,9,63,6,3,54,99ab7fe6bcad4ab7f64bb7ea29f1ac9d4eec349022ded8b95ee2875d99fdda51,dd79ab7bde7d7d048fbf77317b3e6da951f502c7d05b5422c9e1d8cb7af5cd6f,39087,0.0,0.0,0
R2_aA_m45,2,1,C,COMPLETED,9,63,6,3,54,4390b155c177ffa78599c597a112860a43f97000e79eb3b3374f1ca09c45a0e3,505ffc5acffb92d3016632e3a604bf7cd8fd18c864d283d7e62d6ecbf6934c4b,39457,0.0,0.0,0
R2_aA_m45,2,1,D,COMPLETED,9,63,6,3,54,fc1cc85e37bc4e2a09bb8fab2862c9de0a7eb008f512809b63f89c8679863798,c1589ad81b0522d4c8b1a206cd49123e1fbc9afc72d053db07be4f708c981330,39472,0.0,0.0,0
R2_aA_m45,2,1,E,COMPLETED,9,63,6,3,54,e712d01c87a6285367cf07cab9aaca2c133b1ece7214bf5ab326a106ab89c3f5,4d2f9148bc3ef2b82e1d3470d419f8c03e3edd55f3921babb9b474e3fb917a83,39971,0.0,0.0,0
R2_aA_m45,2,2,A,COMPLETED,9,63,6,3,54,e1dd3e04b868aecf96c9eb7c9d83f150516b0312621043a1a6f778a9ab67e32e,8d238284a9fe9921c9234e2ec27c430e1c3fc8c200d1eeab41e5c077aa7ec8ef,38333,0.0,0.0,0
R2_aA_m45,2,2,B,COMPLETED,9,63,6,3,54,cfcfea3c16bf01286adef1692c5613dd2de499ffbf111fdfa16aa5692994e2c9,b8ec64eeb4c52ce616270b39ac7430b891f9a24a0d86273852ffdff649321975,39032,0.0,0.0,0
R2_aA_m45,2,2,C,COMPLETED,9,63,6,3,54,17a88dac84c29b884e57a641205bd784a462c79fdb7c083bd5a6308a654f38f1,6f0034d1c13914fa0effa2ce06780b48b2916d895f28311bf2e5a1586dd5fc67,39417,0.0,0.0,0
R2_aA_m45,2,2,D,COMPLETED,9,63,6,3,54,cba590d5b963cad5521f2d7999de337bdd9dd7c92bcc029c8e85362eae5188dc,07fbd4ff4aeafb2a88a52e1fdc10398a79681297752b64096478e0df4bc3bc9f,39484,0.0,0.0,0
R2_aA_m45,2,2,E,COMPLETED,9,63,6,3,54,acdbbbb43ca69c7bbe688207215c0ac1856e9f213f811805e7ba51842ede1762,6e4534b3db5596bc2ecf6ce6972ee22e1ab2549cb1f4b0b3a8f03c9d0cfda60e,39956,0.0,0.0,0
R2_aA_m45,2,3,A,COMPLETED,9,63,6,3,54,f85cbfa0630ee3ec897a6b6f947c1eb3e4075d282593cc391ae7cd5778b7e04f,1000d8f5d9cb28ea444eb259e7e3addd26206eaf0e948134a248f568d7c5c4f6,38354,0.0,0.0,0
R2_aA_m45,2,3,B,COMPLETED,9,63,6,3,54,740203be913667cacfd1f488df3f5892f6b05b618279aa5b8228c28167ef63fc,3f65713d6b463d121e77aee90a249d0f6120a367e9b537b1898b0bf278902ea7,38876,0.0,0.0,0
R2_aA_m45,2,3,C,COMPLETED,9,63,6,3,54,c3e040d4e6f0698d14078c7ff00775e738b43a60e430d068eedfae8eee45baea,a08b533ecba37b8d33319e3c4ebe73b656c919a0adfd35471d226a32d08100a9,39419,0.0,0.0,0
R2_aA_m45,2,3,D,COMPLETED,9,63,6,3,54,34bbe444bd10cf406b6190c53176fb8f6aa5bc87899198b2483d287d413d9793,d31ec6a9e64f7cb600c81717346bf2fd40dbb617fb58da7db84dcd8de37e7bdc,39390,0.0,0.0,0
R2_aA_m45,2,3,E,COMPLETED,9,63,6,3,54,a50b9e84c5a1d5c6cc761b49311b34d4f90c6d49fc848f6a55f1becda7ba61e3,8024d5c1331c85a927304b2672f5e2d61366893da30255cb650549aaa59a5856,40004,0.0,0.0,0
R2_aA_m45,2,4,A,COMPLETED,9,63,6,3,54,ad730b0c3b5d10084cc03fe5913621f3e36eb16de43ed03ad1489fddbed48afb,a9bf1f04e88f5e7939450c37a0997e2ba9d6a4568585c494d5920a43cdba7ab8,38319,0.0,0.0,0
R2_aA_m45,2,4,B,COMPLETED,9,63,6,3,54,3c39929c2c9ec01a46ee69982a2a58ae7c02972fd8036a8f89ce14a8a04c30ee,16d1e26e678e034fdf812a10fd3c2c6f7e329c1414acde52c7d60f3b8921e49a,39039,0.0,0.0,0
R2_aA_m45,2,4,C,COMPLETED,9,63,6,3,54,e5b4b00f6ed6561a4478c05f7cf1d24fbda2c985e7c98fc16cd492d8f7ddec96,eda4a161e7db193890806deee4eba225a65ed0037444c6483c7cf530a5d33594,39468,0.0,0.0,0
R2_aA_m45,2,4,D,COMPLETED,9,63,6,3,54,12add3372d88d5fc36428aa2264114a2537575cb62c713051b7c45c3192a5415,2d4d735c4e33ac85308248cf2dc4aafbab66d9e5becbfc32b9ccfb21cfb397e3,39394,0.0,0.0,0
R2_aA_m45,2,4,E,COMPLETED,9,63,6,3,54,dafbca375e78c0a97252963f00ec41d3e906f4072d1df9d0a2fdcaea05e85ee1,d3b9d2fd0cade14910d5d636df5aceabba153e253f150665ad7304954c45b666,39918,0.0,0.0,0
R2_aA_m45,2,5,A,COMPLETED,9,63,6,3,54,6e9ebb4ad608c9d67dee66518d21c6884c4f2d57835b0d48770145c35fcf2b6c,4fdcb680028efbc8151b39b49e27665d1be327150e5a4ab6bc00b3111bc58e2b,38390,0.0,0.0,0
R2_aA_m45,2,5,B,COMPLETED,9,63,6,3,54,e071971a10b27123b8721c164c6eeb98c9df9d4f0c5d668903325d334fa89062,48e506d212928b4e608fabc52480516179a11f63be6237a8556838c576aa7f03,38939,0.0,0.0,0
R2_aA_m45,2,5,C,COMPLETED,9,63,6,3,54,ee20cd343a4310bf80a4f0d00d282b24937e01890b9f1571024999c0cad3c968,352fd5946774236b1faa964e8685e7ea605bb041b86568e6d340888b499588dd,39411,0.0,0.0,0
R2_aA_m45,2,5,D,COMPLETED,9,63,6,3,54,87f535def4613b5bd6ba2f4aaadb31df217980ce1a9549504e7062ee509ec04e,b63e79498f4a30fd03a81ee1a8d39eb9354a5455cde2cc993072bf4ad3f06d40,39436,0.0,0.0,0
R2_aA_m45,2,5,E,COMPLETED,9,63,6,3,54,df18e50b4af916a5b2a7826f1ba71c3607ff39e7ce6e7056fba8b2e03399936d,e7b5f88ed87a37f80a0f00cba17391ad67b963edefecf28aad37b700b95c6d19,39996,0.0,0.0,0
R2_aA_m45,2,6,A,COMPLETED,9,63,6,3,54,fe1d5d540f00c70b96eeafd2d9defd58f4ada0b8cf16ed418f624d56864a1ab1,5f511e792b9bc3eb0e5a2d535d357f5db050fb2116b9fe8816a3c5462f1136fb,38361,0.0,0.0,0
R2_aA_m45,2,6,B,COMPLETED,9,63,6,3,54,768c2a743a1acc4ee139b6c25bbdce110a67ccd2ff5ac07b859a68b95ed3eefe,c37af105045e56f9418a41146eaa55b96b906b59efda8bc731e211aafda79dbe,38995,0.0,0.0,0
R2_aA_m45,2,6,C,COMPLETED,9,63,6,3,54,aab18e00698caadfaa9ae77bef6e2f42f474d0f47c4ac01eec6dfb8b28b326ba,4ea16455ba72d0f9328bedc1707adbd2a2f0eb19a4babf887861c588ea48af5b,39382,0.0,0.0,0
R2_aA_m45,2,6,D,COMPLETED,9,63,6,3,54,60cc21583fe1045c275ad04aca5736c5326c06d27cb5bfc4a9f1eb5cefcffce4,66c236e66f7d7c452233f6990dd0cf8b416d106a3708c420e76fe80ec9623e79,39473,0.0,0.0,0
R2_aA_m45,2,6,E,COMPLETED,9,63,6,3,54,82e18cf3145e70ae6fae7dfef7c811f24013823d5811e902307456e106529c2e,69060e62c65a30b396a304aef91aebaa5abc18e6af7ae4ad32b0d34fbcb32e63,40015,0.0,0.0,0
R2_aA_m45,2,7,A,COMPLETED,9,63,6,3,54,842f6f7a08512770318529714fd559793d48b30f11e27b5b18de5af32db83805,a7bdfd001174256099ccde007369e1f019342ff06b7c3bd1ae0bcda45ad6c9e4,38256,0.0,0.0,0
R2_aA_m45,2,7,B,COMPLETED,9,63,6,3,54,4b4c08b23c383a0dd7e35c21948ec7bebd54a8b4314df1418117eac92e1921b9,03f791064ee1e9e748bc3453f75a7d5ee1bb2d78659273decf21471e38c3fa9e,39080,0.0,0.0,0
R2_aA_m45,2,7,C,COMPLETED,9,63,6,3,54,d2c7415ea70d20a904eca83bcbc5bf0b5002f621af4b4040f375aefbde89d667,d9e127bcc16030ec8b70fed93e8d1194048815ae5fad236d71edb337a30eaeb3,39403,0.0,0.0,0
R2_aA_m45,2,7,D,COMPLETED,9,63,6,3,54,160599a5c9878532b6adf3dfac9be8938ba2d73f9a2648af2f0f1cbc57292620,b12849c7004316d749c3c4726b1134adcde394c029fed8b1096e52f901af4a75,39476,0.0,0.0,0
R2_aA_m45,2,7,E,COMPLETED,9,63,6,3,54,ddbff765afbdfdae6b1c3bade881575621ff43d54a80019218ad3ddbf5ae7006,a433e4c85bdfc367c120f3bb52a49d109fe72c74536bd3693a78d10b49311c8e,39990,0.0,0.0,0
R2_aA_m45,2,8,A,COMPLETED,9,63,6,3,54,64ce02a7e68df0b5e568c2166cc58ef4fc86078501a43cb1b78c68ecb7306ac1,ab708cfb349f66f3011b07a5e4c97b870eefedcb7ed436d37246454efd542892,38373,0.0,0.0,0
R2_aA_m45,2,8,B,COMPLETED,9,63,6,3,54,14bab36b57fdcc16c62f5a1507497a782d03014a3ca2f5edcc95f52578f7e66c,fa632e9b847fdc560b5a4551e62cbf8b97ce17c398f14f1b3278d9f5485b8e60,39036,0.0,0.0,0
R2_aA_m45,2,8,C,COMPLETED,9,63,6,3,54,daaad704bbd655cc97bcad4115fbe8836c2dba4bfd510b70215da5f151ca73ee,8048e9fd20836e3735e5e29d1f5d8dae3f56fc428e2a00173227f8b8280a08a5,39392,0.0,0.0,0
R2_aA_m45,2,8,D,COMPLETED,9,63,6,3,54,26519c14a0ab4061802cc9a6687ebc757bbaaf748559366c911878a2540e73ab,55492d04449a7ec61461f82d128832c6b6b0e163a2e80a5275e9e4f48cdbccde,39465,0.0,0.0,0
R2_aA_m45,2,8,E,COMPLETED,9,63,6,3,54,1f242025bfe742e0a9ece823b317590aa0123bd3c356adfb6f87255b2f44e7a2,adeeaed06daf958af74ef2f3d1b24697f097430054751803c9473cb6cf5ee784,40028,0.0,0.0,0
R2_aA_m45,2,9,A,COMPLETED,9,63,6,3,54,c2164c72379dd65eaa71a387a4a85a45b5f46d0e54bb2a084dc55ac5cee53e69,4f7d12b1aa5fbce24768c00ea0f0f74ca61a77802d946fb7f71287d6a60f6b8b,38353,0.0,0.0,0
R2_aA_m45,2,9,B,COMPLETED,9,63,6,3,54,a821f62b15d8383e23b7a43972a5eb94ffe12c4bd7789ec4397ecb0ea6596359,5179e3b96074db2eb7d436b06e1f17be78c669d750abfc1d3f19463ba19adf65,39004,0.0,0.0,0
R2_aA_m45,2,9,C,COMPLETED,9,63,6,3,54,cc8a524708b4e26edbdc5b9da84bec56464c383ca748c9c2d82807f200d124b5,833c571d04f7c20fcbc435ed7799809ba9e77bb2f464083abcbcb75918d0d62b,39414,0.0,0.0,0
R2_aA_m45,2,9,D,COMPLETED,9,63,6,3,54,a00c2893af6feeebf2de14052fb2c5fecd5cb2eb5686192ce05b0a47f8a70194,72e0ece118df86ba4f252dad1c993c5db94c8f2f2606ce6597bdc56fceb0fed7,39436,0.0,0.0,0
R2_aA_m45,2,9,E,COMPLETED,9,63,6,3,54,591ec865a996e3248151009907e6ad61fc4752b143da6b2f9f03207519205873,166a4e549f35948ae644dda10920de4797a6fd03321348ac9262a86616fa2904,39927,0.0,0.0,0
R2_aA_m45,2,10,A,COMPLETED,9,63,6,3,54,945d302a3a5ec314c589f77a69e1a737b652891142e8e3cb45bab1f38870c5ce,555f308ac6332124e7ade2c15cd092ee4538175e3cc10e8e374ab38f2a52f429,38347,0.0,0.0,0
R2_aA_m45,2,10,B,COMPLETED,9,63,6,3,54,2566b756c31e0709a082126604465d6aff806b6e91320bb39778afbf9dd4dc20,ef3c852bce4f9e4a3b7b71976059a9351117af0c50bf87203d0db7f26ae0e4f2,38950,0.0,0.0,0
R2_aA_m45,2,10,C,COMPLETED,9,63,6,3,54,1e7e8434d03c0bb3c5516be33ac3dfbd6dbb625261129a4683dd5d2c46d185d5,9840759f67936868633958e73129e31f629de531f144accbc7d07fa2a470a9f1,39425,0.0,0.0,0
R2_aA_m45,2,10,D,COMPLETED,9,63,6,3,54,122306f370b9811a0897277751e5b664ec600bc4ee73ad5517b8e14804c9007e,ff0ee4fe0a052b0affd9b825d59337015cc7a85670ec452b3d0a32a06871252c,39457,0.0,0.0,0
R2_aA_m45,2,10,E,COMPLETED,9,63,6,3,54,c17e56ef2d928003e3cdde9b78df0a1387a3843380e9cc981671787d5b1274d9,2daf4a2c6f742fdfa03f36656d6fd5ed22d0f6e41962f125f55f1fbccaa2606a,39967,0.0,0.0,0
R2_aA_m45,2,11,A,COMPLETED,9,63,6,3,54,8596ba8021dcd694bd38e37440838682a1278645a39f9b6b58ffe1e30d487c9d,28b8704f08d3835c46abe191728c4f3df487c314dbca263e96d73df16ca00cdc,38362,0.0,0.0,0
R2_aA_m45,2,11,B,COMPLETED,9,63,6,3,54,e39dd2e53023a60d364fe2aeac3835b5299d1418bcc72a1914f49eb6c7124043,0b32420416822aa31d930652a1e37a738c73ffb93a466f3f32db09c16403848a,38980,0.0,0.0,0
R2_aA_m45,2,11,C,COMPLETED,9,63,6,3,54,cc3d4e75be06381cc091f6dd26a2306fa923f6ac84643df1ca7ecd50b491070d,5655a997d66c127de542b16ebfa81a4e3257f2e0440924aa39b933060e17a6d8,39434,0.0,0.0,0
R2_aA_m45,2,11,D,COMPLETED,9,63,6,3,54,2eb65329c86b4c995af6ca77d6ed775e2ae6b55b41fc535bc2702e8d76e36a09,e987ca02b99a1addda460fe3b7580d90919d123af2adea779c4bea9938a86f17,39454,0.0,0.0,0
R2_aA_m45,2,11,E,COMPLETED,9,63,6,3,54,8b4e99881e1e025eac07748e72a5cf43e26cf9556aa69c4d283b8ee71fe1a261,362de725f8e0e81a0e85ea28fa1b7fdce6d9cb8c5d11756061080704c319dc99,39982,0.0,0.0,0
R2_aA_m45,2,12,A,COMPLETED,9,63,6,3,54,6eb460ac0d987b1d17fdc8950d06ef3054993eac2c52a183fffe53d78170d01c,e9b2a2dd442c7ccf7a885c03001a5eb536ed1207fdacae1e433e772782cd40ab,38309,0.0,0.0,0
R2_aA_m45,2,12,B,COMPLETED,9,63,6,3,54,c113567afae443ae8ad1bf84f6335e20a2b959885e0a23d0067d0921efb17a69,5fb50381176b05611e784d21cbc605ea4c33d1c39227a431211498210bd1c0af,38946,0.0,0.0,0
R2_aA_m45,2,12,C,COMPLETED,9,63,6,3,54,fb23bb5fe336886bf55da4b82661a4a895d0bc5f658708ad9613cc139291afc5,9ee8a05edc90a549b700cdfa6f446816882b4003a443f0fc76ca7ba51c0b0106,39367,0.0,0.0,0
R2_aA_m45,2,12,D,COMPLETED,9,63,6,3,54,4acf57bfaa2db4f18ee4ffb22905d8aefd247e33e0bcb97a3a2ea23092497c11,2d3ac748b1cca96c245d1b3acd0fc625af694e028fe18b9466024668d0ca7640,39425,0.0,0.0,0
R2_aA_m45,2,12,E,COMPLETED,9,63,6,3,54,1789e4badc5beba20c525aa58474cca691f26f62f56614f914e36555d9d55eeb,22a0d49709cc55103e330b997a881f471bd96164eac49233b58bc0fe8f9d93ce,39965,0.0,0.0,0
R2_aA_m45,2,13,A,COMPLETED,9,63,6,3,54,2ae1e548875f7bb51dbae11e91a3f4b45d66e50a8e312b1f685b842a4d921fec,2c4602ad4557e18fdf7515fdbb49c8542928e9a7e998cdebad7369a822ebb7eb,38358,0.0,0.0,0
R2_aA_m45,2,13,B,COMPLETED,9,63,6,3,54,7c475af3deac3bab44a06d4dc52c5b4c280b92f0196017dfdd199d326b3a4d69,d89bb9d71d8bccaa95b1a08bd0f03ac775c4b7be78404aad84950e843892ded0,39006,0.0,0.0,0
R2_aA_m45,2,13,C,COMPLETED,9,63,6,3,54,ccbcf92869648a42f745847dc90f0ce188706b9ed568c98ef148624ecafdab5c,31639f9cc94ef2ca81b75f8411a6560b1e62dde27a90ae40d67c15b9bfe84823,39396,0.0,0.0,0
R2_aA_m45,2,13,D,COMPLETED,9,63,6,3,54,7d345e81c053b9d015683b3f38cfed8fb9329b362b0c55a0bda84fbf0464fc9c,c9e4484f75f374b1b5c53d3007b178e80f8143b64a92d5757b0490ed2bfc8ebd,39442,0.0,0.0,0
R2_aA_m45,2,13,E,COMPLETED,9,63,6,3,54,5b5a5e27cead81083b72de8839ccadc36f72826813f62907ceee418aa9c2763f,265bb05b95f8c9fa576303038d804b6734136035f5981853d6af1658c86c45d0,40006,0.0,0.0,0
R2_aA_m45,2,14,A,COMPLETED,9,63,6,3,54,c5fbe8e4375468979de4e5c9fd3d124609f157fb71edaafe08e9652dca6c855d,fef3307cd0daa765dc1f3fdf7a23037c8ab18c63838cc85e3016e271bcb56e07,38398,0.0,0.0,0
R2_aA_m45,2,14,B,COMPLETED,9,63,6,3,54,8208882c68f3d519e774b953ab33dea2c34a9dfab295f31805538d6c75fed95f,5545196acc441038e5cb6e0156e58fc15aec8fc99bfc3c7e23fb10c5a5e3bb93,39006,0.0,0.0,0
R2_aA_m45,2,14,C,COMPLETED,9,63,6,3,54,b7ee9b7643c9cc27c3f36e694d09b0ad1d88e88076abf44fe08693caaeb3e078,25d3032055e59f505184825363ec23c427ddf4706e629f50525b072a0b3fd761,39434,0.0,0.0,0
R2_aA_m45,2,14,D,COMPLETED,9,63,6,3,54,25e76e30fdc6f916b440f5594d6243d24542462e112842ec6f6a5a608f7606d7,5b6f87c2885cabaf97da4e82705bbd5fa811aa4a67c5fd0d475d36cba222abdb,39451,0.0,0.0,0
R2_aA_m45,2,14,E,COMPLETED,9,63,6,3,54,144e3971e65b648d90c7b4d9225e99f45386462e28eb40cdab2b38fdf277039b,49a931b49148b2a0c3f9f64b1ffdf24df9eac5ce963cfa521028db6025c44a1f,39996,0.0,0.0,0
R2_aA_m45,2,15,A,COMPLETED,9,63,6,3,54,26d5b53ac8a2db9dccec8bb91e601322431f070c768ae67268ec13451e46f763,38a90f542bfefafd7159d55cd97ed8c654a99d46451c174cceea7db7afdcc5e9,38346,0.0,0.0,0
R2_aA_m45,2,15,B,COMPLETED,9,63,6,3,54,190e9e3f4125f635bb2fc309ac47319cb7f4214a7ec3654550fe85ba2a7a7263,89a6888c358150f53c197476b2b47aeea8765b896920a482403d126140e65737,39009,0.0,0.0,0
R2_aA_m45,2,15,C,COMPLETED,9,63,6,3,54,4190e8b47bfdc672c83faa21ee6f62c56df80a179a9486f172b846e989427d82,d31abeb2ad4b1bbc79bfe028a6da008c073dbb50d655edf8f2ec66eda966d8c5,39413,0.0,0.0,0
R2_aA_m45,2,15,D,COMPLETED,9,63,6,3,54,df2e2dca3f0cf14db977465f83f253eacc1813c6b4beb11d353c96adfd16548a,037fb5371d712d908ab091fbc25a1b0e32a89fe3a6d61ff03469945560f2f797,39452,0.0,0.0,0
R2_aA_m45,2,15,E,COMPLETED,9,63,6,3,54,05ce85a57fd1977976a570dec783223634ab9663d135a4cf970a810262cf91c4,9baca0cb71fb5a386f35b93e41ef9ea2b7e7170675764e68b6410f63a786d9a9,39979,0.0,0.0,0
R2_aA_m45,2,16,A,COMPLETED,9,63,6,3,54,8cec2785581a0f2af3fc613512d7fd242d1169da7cc6d8802aa051ccddc6fe9c,f48c4bd993dcb615fa73f43ec2add027111834da39bea2af1ad5988cf4037435,38395,0.0,0.0,0
R2_aA_m45,2,16,B,COMPLETED,9,63,6,3,54,9b46fa8760cdc9d798d13d55b83762284351d72a0a4d9b16a0f6b36e84c79a7d,0e16a03a0510e7c0c72c75bbb49acd72e20221aecf487de05ee95a7bf5433d08,39073,0.0,0.0,0
R2_aA_m45,2,16,C,COMPLETED,9,63,6,3,54,28f8b9b8035d034c9db215a4c14d6f1254f26b1c2020cdd357ea13243a9811d7,b560d64f235af517350b31b2492a64129bd3b809dc7e83e54bacbeed5c381486,39495,0.0,0.0,0
R2_aA_m45,2,16,D,COMPLETED,9,63,6,3,54,4c229b12fe3f864c9ede2dd67472426c50b36cb7c75453ae9c997a9da0d52ee9,ec0c9870d525f81486b5da50409921a6c37df862bda84d63717e8e15c8677402,39486,0.0,0.0,0
R2_aA_m45,2,16,E,COMPLETED,9,63,6,3,54,e223ccf105f3ac613b07e55c9993e9c09ddab107793b527673ecd82b4881d1eb,9e3282e3b4d171ad1f59616ab3975457828769d23ed3fb3e2f834d615ed3bcfb,40006,0.0,0.0,0
R2_aA_m45,2,17,A,COMPLETED,9,63,6,3,54,9fc976f8c4ff9463976b75cb115bd2b8a88e4b74a302f53dca6c9d87205e8bcb,32341b0b8aee9c5b5afda66540f3c9dda951a14b2ecff9fd18b7a8066b86c31c,38347,0.0,0.0,0
R2_aA_m45,2,17,B,COMPLETED,9,63,6,3,54,2c4c649df28ebff4af0c5080855c8ed240bd8800b0a884d1555a9d5b21be5762,8a96d2a5213ece05d668694b54e0f1bcdf8d1eaf750729428cc59892c72d4380,38930,0.0,0.0,0
R2_aA_m45,2,17,C,COMPLETED,9,63,6,3,54,76267da1c2b4a678cfec3953c9dacf78008cb84aaf4ec886fa03b92bebb5c9a9,16a7f69dfcfe6b24dcc81762837fa9f86540b0104f564de7dd5e70d9464c38fb,39463,0.0,0.0,0
R2_aA_m45,2,17,D,COMPLETED,9,63,6,3,54,7c14880f7c7c3be5105df2215d60aa0a2a118cf5eac378036c268545a14e463c,d9ec089b42835e48b941dbac125fa366d22e043aa4604d7f9046b6fa0ee8831c,39411,0.0,0.0,0
R2_aA_m45,2,17,E,COMPLETED,9,63,6,3,54,16bb1b91e1501fc37694c98e01bc961f4953c11b7a7e26e3c0d39c1c3decab51,6b773a7b289d5479a8190164b8347e4e25ee73d6759a602c95832fae0a7fa2dd,39952,0.0,0.0,0
R2_aA_m45,2,18,A,COMPLETED,9,63,6,3,54,72c1a11f6f2416b0c3d33a5a8aa54284f398fb1e27d7750b152721cda5f87855,d6b0691683d154ef10160a7c8949ecb3b34012693b76e65bee9d63c887a8b90f,38360,0.0,0.0,0
R2_aA_m45,2,18,B,COMPLETED,9,63,6,3,54,1f7a7e9369bb69da6284fe1ae581efd36c85f9b9182961a1bcf5a4b9bd16e3f0,f8ad2e55ec97c9aceff56ed0c7e9305514d51152149d69bd17e27b963e93b8c6,39014,0.0,0.0,0
R2_aA_m45,2,18,C,COMPLETED,9,63,6,3,54,3860d6c2976914557a4a729b230954d272a6014283c4db18f82ddc9a16fca0c1,1951b4ca9ec0532d22f9cf6a9e434c2969ed4005f7ba439de4d4f35263467a5c,39402,0.0,0.0,0
R2_aA_m45,2,18,D,COMPLETED,9,63,6,3,54,596e3b14106952b06d137cadbec847488c2b0b3cdd5674c4ff35af1c0edc3095,684e979c5cca0ce23e095ab479398e0f91c420fd6f555acf6b408ec2a4b12757,39403,0.0,0.0,0
R2_aA_m45,2,18,E,COMPLETED,9,63,6,3,54,722e73e3aa138677ac829400d1f0933bf97e3ab3c1887ce96f19f90c938fa922,e5c25a45464513de1adc7ff658088e1d1fcbc0ee91fd3390a1b35371fb111b1f,39972,0.0,0.0,0
R2_aA_m45,2,19,A,COMPLETED,9,63,6,3,54,5ecbc0c525e3c63bd2781464a0f345c1941e7a4f51b8128f06c585d54f085a5f,a2b00e4b370c6dd6204169a94707d629e875972536db345039570e7a7c983665,38261,0.0,0.0,0
R2_aA_m45,2,19,B,COMPLETED,9,63,6,3,54,74669785b8ab26ce700cbd2e4efdcb20a30863fa1b1ad719c68f817e0f82b5c0,1a80fe63e56a6fb6cb6bb4a1ffd2f46c8b20f75f37cca38378f193c3c629038c,38960,0.0,0.0,0
R2_aA_m45,2,19,C,COMPLETED,9,63,6,3,54,c78f3fb0a43af38c83c66d53d1d0b825afdb8c8d392684f112525a9b302f340d,00d2ab38dede046bf394c0de89c5f1973f07d5dbda6b218ceb8d80040e8bd476,39410,0.0,0.0,0
R2_aA_m45,2,19,D,COMPLETED,9,63,6,3,54,f1ccd6df88c931f300cf303221558d28e29e42021c46d7d9222655a97b818bf7,891d64cc4a0604677c8b243d3eb4d6b66140648cb4e91ee67ec25d275e0d2e9b,39461,0.0,0.0,0
R2_aA_m45,2,19,E,COMPLETED,9,63,6,3,54,2374674a35b6e78c669afe34fe1c9edc05c83ec6cc8ac2681f5a203fa3812493,693c9b2bff6265506f9609dc8dfa163e52935fd84b552a4e38f63efad82b849b,39993,0.0,0.0,0
R2_aA_m45,2,20,A,COMPLETED,9,63,6,3,54,7662584cd4de030d0dc26748cb7f3918f28877174ada3edd9b76ec7668cd07d5,f0383d3a026d9e786ff3a5d1fb3ea20d7e0552b01394a0e423149e1e38075b85,38344,0.0,0.0,0
R2_aA_m45,2,20,B,COMPLETED,9,63,6,3,54,75ad6e7865c4f12527722c3783e0f28f693fe3395e773eb62cc86a0b8ae66e4b,b0c38681484f0acd7047fd6a9e29ebb59bca8cd7971267ebb9fdc10aa7843204,38969,0.0,0.0,0
R2_aA_m45,2,20,C,COMPLETED,9,63,6,3,54,e446f1372c5732f971f3785c2d6ad4024c91c73f4a76211d851a8cdde19dd72e,10d251890de09ea461d41320a1f3f12290721754c6bd13dbb89a8add2176da86,39438,0.0,0.0,0
R2_aA_m45,2,20,D,COMPLETED,9,63,6,3,54,29b49dabc8bc24f0a7023834726a8134e39572a70108027b0ff39d46349700fc,1f1d7950d53002bb12e5c43abb0e9e663cac11525b688fec2340ee8f91f419d3,39417,0.0,0.0,0
R2_aA_m45,2,20,E,COMPLETED,9,63,6,3,54,71101419e25822f12928d03e3cebf23713dfda971bcb706217c582769b7dab58,e16b1152c1b4370519e840b0cbaa3a5e81cf7feb8b124b40b349b798786d6883,39973,0.0,0.0,0
R2_aA_m45,2,21,A,COMPLETED,9,63,6,3,54,c575d321544f554f3d80a671a1052e0e36bff286bce6ee8d183728ff94cfb467,c33ee1cde55a72130fc1381843d5b1878998cb64e80f61909ea32f861b6f3c57,38355,0.0,0.0,0
R2_aA_m45,2,21,B,COMPLETED,9,63,6,3,54,c4ede66c51daafdaea08c8faa9ede8156b58c292664625be794d49323bacf86a,b09c1c7bbb9f6d5d5d1343b1ad3113ab6b31e787aef4612a1b549c56701ac717,39007,0.0,0.0,0
R2_aA_m45,2,21,C,COMPLETED,9,63,6,3,54,021f7c7133a80648ebe6937f34a69b78a19ba05c088bd21f14e14ed4cb5f62b2,0a5e72b93ed15fc77d676bc676dc691bc905ec6d101c3f1fecaea444493d1f3f,39455,0.0,0.0,0
R2_aA_m45,2,21,D,COMPLETED,9,63,6,3,54,c18e4bef9ff4d1b40661bb9628b85e7fe39fd8c84473926bfe15a06226fe8091,617a3b7f124ef7f72569a79dba3a28bf3572d357700dc35bcc14dba5eee877d5,39432,0.0,0.0,0
R2_aA_m45,2,21,E,COMPLETED,9,63,6,3,54,e3b593c02f14b978c4e2c616f229d0e4bc58e694a4575685e14f2d503e02d5ed,fba21d7c36450f9a9a3833b67a6d481f02b63370232221e83968c402501810b8,40014,0.0,0.0,0
R2_aA_m45,2,22,A,COMPLETED,9,63,6,3,54,e574c014b16e40d40d49345f98547d57dc12cb3aca7857695e1ac1c6158e1365,5cc7356c3696961b4c6e29e311a9bccacc94720a2a88296a60d79f7100ef4126,38351,0.0,0.0,0
R2_aA_m45,2,22,B,COMPLETED,9,63,6,3,54,53e9fd9927e05690339e8cd2b4baca5a31863ee70eceda5aaabb65161f1e75fc,c75614da3c3cf39b660440c7e999441ae9ace0a62d720ed114094d1080f43c77,38953,0.0,0.0,0
R2_aA_m45,2,22,C,COMPLETED,9,63,6,3,54,d7af98ba5c5c6599b1dbbf20e0ced74853399e026ae89c6660d415a6b870256f,0b3a8305b1d46c185a60f772b6cf3470e5903706733e5e4128ef882c1c7dbe50,39419,0.0,0.0,0
R2_aA_m45,2,22,D,COMPLETED,9,63,6,3,54,14e2534e02ca9d936984af152b17242fb16390e2d00d93b1d0c235766c6e7156,ab90ee93c24e4c87f130f28989464051464e0027188cbdb678d37b0b1219e701,39465,0.0,0.0,0
R2_aA_m45,2,22,E,COMPLETED,9,63,6,3,54,c2f237193b9ca1682ede16174fcf1b8e705775f58e04295517f8921f419ee99a,f7308ecbe70771996d9b939510ff59ae8b45e3eb9283b00d2d2241502a18eec4,39934,0.0,0.0,0
R2_aA_m45,2,23,A,COMPLETED,9,63,6,3,54,3a3530d3f5fe127ea875d631cff76f7d649fa3944aca964995e905594cb91929,f6bcafd2c8dcdcc048b850bbf83bfeef09a2e79473eac19438e0fa5fdfc7e95f,38267,0.0,0.0,0
R2_aA_m45,2,23,B,COMPLETED,9,63,6,3,54,126b39246ed78e4ab27bc9914dcdbaed021b2b7252aeffbfd9307617d0db6b0e,f91359a76e2132d4d500c55204fdd615fd7a9f34f7d3bcad181e4252079af11c,39008,0.0,0.0,0
R2_aA_m45,2,23,C,COMPLETED,9,63,6,3,54,ef2fa2530a36ece8cbf5a73ed94dae95468d32080ae3a559b90a6a7d876dc2a9,b6b4ea109b681cc6601caa9ff57db39f41ebabe832656c3113f7d61869cc9dba,39377,0.0,0.0,0
R2_aA_m45,2,23,D,COMPLETED,9,63,6,3,54,a17125e783181a9895ecb2efcf055819f61753ec57415c085aa94899194928d5,fd680cedf43518582a9a60b2dad9e981512513488a972d3bc84921564d3bd9ce,39436,0.0,0.0,0
R2_aA_m45,2,23,E,COMPLETED,9,63,6,3,54,9ebf8316010eea6576d3f8dcfe93eaab94381b84030e1fbd050a2b4d1e35b77b,3a521e41c913185e91bc66c82bbae5470b7f3ce98c086b89521988a95dbda7f5,39984,0.0,0.0,0
R2_aA_m45,2,24,A,COMPLETED,9,63,6,3,54,5c62488b14aa4e2c8b8d9863056725ec81503cf8d41c851f63f4308039a0da04,6e8c0c9ed941135a9c81a831cb8bc4b9f24a21f16bb3de8729d8706715ba78e5,38367,0.0,0.0,0
R2_aA_m45,2,24,B,COMPLETED,9,63,6,3,54,487d12a56e1eca3d31c8c4108f1b54567e9d246b56e7b392eb19bf4a477dd221,a065599c9d55850c58aab872a6bfdfdab95a6227a928073eb72fbb5f42e1ac51,39010,0.0,0.0,0
R2_aA_m45,2,24,C,COMPLETED,9,63,6,3,54,1cd6416dd3e55fec0576139159b0cf28ee60bf385f00785297b68feff96976d5,22d982bbdf45591ab242b81168dfa3b80e08ec9968fd1f91b5cd86a169b4d4a8,39476,0.0,0.0,0
R2_aA_m45,2,24,D,COMPLETED,9,63,6,3,54,4537d754df2dca02f24d13552a563b2412a533e5b3f9c27187c75d7fe0909917,082e49bd99dc15cf6e4795a00cb4e6b2322da9ae01ac8b7fb184c5bad79745bf,39463,0.0,0.0,0
R2_aA_m45,2,24,E,COMPLETED,9,63,6,3,54,1a494be9d77812ae366101cac657f646b347955318d2f2df5a1749e642459311,0658e04d4021d9f9eb981bdd8309fecbc9a37644280403e76a8d0cde97d006ee,39979,0.0,0.0,0
R2_aA_m45,2,25,A,COMPLETED,9,63,6,3,54,3b2195191b204f74efdc60819642851a502de38bbf440d1e4a7167226b3eda6c,8a6c44be016dd87b290a5d964d0977cc4e6e1e619cdf1bacb52488bb824f7f67,38345,0.0,0.0,0
R2_aA_m45,2,25,B,COMPLETED,9,63,6,3,54,6e478f990ffa9ed515e1afec59491aad177e452f80dbae867264fc67e9f6446a,30b5e9c22302a97a501ae12bd40c99c75d45410ace9bc0c3ae525000485d3969,39002,0.0,0.0,0
R2_aA_m45,2,25,C,COMPLETED,9,63,6,3,54,aec32f5bc42567993edffe04a95a36ba938df74637e5e3262342039be06c2f11,039cd14f6fd62edaf03955c8404384d55cf6eea60b382b77d6b3d66d98540498,39445,0.0,0.0,0
R2_aA_m45,2,25,D,COMPLETED,9,63,6,3,54,966793fcbc59fe310f355c19a65600b4270eab2b3ab13341aa1b1c709c6b1fcb,5e04aad2bd8a960b47255ef48196b55b032a17b87e0f7a51a8d3bd8557003afa,39414,0.0,0.0,0
R2_aA_m45,2,25,E,COMPLETED,9,63,6,3,54,0b10f89c6959101adaad12e7ce9738e0b73c3787ea5a1b3599f0e9b25f3ca6a0,869cd3d179f22b77c79d73943760d8000146bf7afe6739299341bde759f78ae1,39992,0.0,0.0,0
R2_aA_m45,2,26,A,COMPLETED,9,63,6,3,54,ad1493fedbdce188265822393b282e006479acecf23553dd2de1dda30feb07ae,254b58de6c1a8446273bf9c93112486b27a323ba360bf63e174c89ab5bc9e0b5,38334,0.0,0.0,0
R2_aA_m45,2,26,B,COMPLETED,9,63,6,3,54,16f91fffe9a34c23a0f699fc85a17bbef109ca7868569b10f46d4d3de806412b,0a84a54dccca1a5cab6efb4e43774ab4ea8f064c6be2c38558e58b4555849b0d,39061,0.0,0.0,0
R2_aA_m45,2,26,C,COMPLETED,9,63,6,3,54,a7e9effc532383b3d0f76f89c07366ffefd5b62e9955357a74285ac0b327f3ca,b087d2bb19747e6eac9b693f3addf4d0c51deb1fdb90533a381c0d6f5010ede5,39434,0.0,0.0,0
R2_aA_m45,2,26,D,COMPLETED,9,63,6,3,54,e3d0b9ba6d93109e51383a102a2bdef4384d785483b7af782a3d4503314f8743,9fd5cc3d46503bced63246e11009f19606409962af69a9912825332ff5a25c7b,39437,0.0,0.0,0
R2_aA_m45,2,26,E,COMPLETED,9,63,6,3,54,ebabed87cdf334df6e174290777f88c9d1af4e345c62b3cba0f7d8bd368e5ad5,ab0b3baf6814f9bdbfced52b9415bd3698bb355967c0a55b11b474b0c05ac211,39957,0.0,0.0,0
R2_aA_m45,2,27,A,COMPLETED,9,63,6,3,54,838091c0de4f62dbcb74c08ed82d25e9b3a59819efa2d64db8e1112871f4143b,691d5f640661bc2b2fe3dbd08c264723ec2057a1052e7ecb32261d4e8d0a342a,38290,0.0,0.0,0
R2_aA_m45,2,27,B,COMPLETED,9,63,6,3,54,9c6c0f6f3d912a7378d4dda7d68cdbd6ac53be7b883888533aca740fc9e05370,44f8c873c08afcaf55652f0ed7336be9c421428f24e5e92b802410f5a70d47e1,39058,0.0,0.0,0
R2_aA_m45,2,27,C,COMPLETED,9,63,6,3,54,f86b15aba470f091d501869cb4dc7508179e5ef599d46ccf8618876a6734e512,842e32fc8dfc564079d4e247154d70e69ac01f840b2c2ed6408b8c9369cbd2e8,39382,0.0,0.0,0
R2_aA_m45,2,27,D,COMPLETED,9,63,6,3,54,ae259813135bbbe2898fbff26e954e285b5d6eb556dbaa2c12eaa672a5431cef,46d5ab15e29459d6b29edc979b456bd5afdc6eef97fc87c5aa66c540ef025eee,39496,0.0,0.0,0
R2_aA_m45,2,27,E,COMPLETED,9,63,6,3,54,0179edffb64c9b9741f92e39dc9d73a813436b0a4789d3cf886e83df94e49618,49d2a3b5fde07d762b3f858430048787f9c129c25ba010415140169556d7bb8b,40009,0.0,0.0,0
R2_aA_m45,2,28,A,COMPLETED,9,63,6,3,54,f644cc1c788ae8be3c4a324437ebbf4a72fa26cd33aec828a12b455969a7ddaf,a9eadc407c68c15fb5775ff0e4401175cb997327a7846502111b3fbba91f07ba,38382,0.0,0.0,0
R2_aA_m45,2,28,B,COMPLETED,9,63,6,3,54,0f3c32310c7ec81fc689fee786ed2cb6211eaa7ca0f443ac30f64fa302b7afbf,7d1e2839d39711d973e7ccff359f8875e2d6288ed212be2fefa5710b83132ec3,38990,0.0,0.0,0
R2_aA_m45,2,28,C,COMPLETED,9,63,6,3,54,7d851266506958b2678bb607cd22833d26be3554f37a03c9bfa45c7d4f49d858,3341b664e53c8a39f5b91a9d87fbf1280b2c61357703e70ba35505273745670c,39442,0.0,0.0,0
R2_aA_m45,2,28,D,COMPLETED,9,63,6,3,54,13d492f033f30a6d346551214afa89761613c416bb2f590afa2fa38ff1178a33,a294b8cf3620653380fe32c654e3efee073d68d404195a618a2c8107f534a47e,39449,0.0,0.0,0
R2_aA_m45,2,28,E,COMPLETED,9,63,6,3,54,da4af1b6c396f0c2e151c8e76e33faad9a725723ede5ce2d2418444dbfe42f1d,3e54dfd7a75106154caecf20663dc5b55137f50ac725ddc6c4ebab236950d59b,39988,0.0,0.0,0
R2_aA_m45,2,29,A,COMPLETED,9,63,6,3,54,96ee781eeff68653df9ae1fe88f11437e6b5c0d892c474e09962282a9ad307cc,e6c1ecebdeedf75efc60f9f68b8a42dfd8bfbd4ab3fcf8a123023f3070d3c8d0,38365,0.0,0.0,0
R2_aA_m45,2,29,B,COMPLETED,9,63,6,3,54,5e39a683315729ac0a3aa6bdecd097167b3f66f976ec6f450fec12104cf27327,12c6c99575eed7cba08ec155406425e51f02f86feae12837f29ec4070fc2f13e,39006,0.0,0.0,0
R2_aA_m45,2,29,C,COMPLETED,9,63,6,3,54,6c2060468cfb84e59c89c6f82f81d686c559118f33ff50752d9811a497841898,4be7daa42e41d2fbe6d7ed5af3996aae30665acbd85da65f626651125f593f1b,39427,0.0,0.0,0
R2_aA_m45,2,29,D,COMPLETED,9,63,6,3,54,8738f3284a4a766ef8c4af0b63ecf6f13d5ac00cb5f5aa8c3b7e8a615cc28094,469bd2172ca8985079bc2b5cb9a2fa453f54ca09877fb4a7fc34ce865cf14969,39434,0.0,0.0,0
R2_aA_m45,2,29,E,COMPLETED,9,63,6,3,54,2ee9c6dded580564311470941c06f91073f05fb9b3960478a7387168c9670dab,f89e2600572f9dcc36b829e5239dfe5b61676a8a744d7da794a7d103c9dfe717,39974,0.0,0.0,0
R2_aA_m45,2,30,A,COMPLETED,9,63,6,3,54,63681246328ca3f7b6d7596ef0aac69f9d5cc0e7635628a713105649e92e7aa2,672279b8dfd4e663bcbcffe426d0dde5dde7cb81e784c45a624c8e59d11803f8,38319,0.0,0.0,0
R2_aA_m45,2,30,B,COMPLETED,9,63,6,3,54,e417ab6a246108f8314fe2080e94f4cedf421572a9ebec751aeb43bcfcae4a29,19d2eaa6b1c9d7582cecdb7187d41afbbd59974154f5a4c208685eb4b359b125,39045,0.0,0.0,0
R2_aA_m45,2,30,C,COMPLETED,9,63,6,3,54,e935a88ce2a3fbe7c88ac6f7c65befb6f365ffb8fed4b82bde007c3209e91071,4626320d6f4504c7b4563555549402c208dc96c995d865221b996fb80bccdf9b,39398,0.0,0.0,0
R2_aA_m45,2,30,D,COMPLETED,9,63,6,3,54,6e876aaa03ef1ca3453f98239bf65f3fb30f148fd356b83af68cbd34a446a2e2,8b9da6294a158754a00d3f6d3ed1399a5551e940dfd3617763ed1c2fe4937968,39467,0.0,0.0,0
R2_aA_m45,2,30,E,COMPLETED,9,63,6,3,54,85000f4f32a8989841d05aafa1e2428ca02bcc390c48116f2801d8d0cd3a4b86,878fb093afe0cc89f743d2e65776130868221189a08094df058fd5dcc49895dc,39971,0.0,0.0,0
R2_aA_m45,2,31,A,COMPLETED,9,63,6,3,54,2f6b90411d9a07e596e8c2aef6b4a6efcd829ff0eef941c5018b2eaf1c935def,5058fa51f875f08cfd1952a5754aaee51fff9365e6f7305778e55114532a0fbd,38339,0.0,0.0,0
R2_aA_m45,2,31,B,COMPLETED,9,63,6,3,54,7703943b0539ed5986249c32f63b16bb462424320585d08bffd29b84a1e79789,8ccf13d7bef2a9a2d40c58bfbb2a1faa04e545397ef735cc0dae3e130823250c,39025,0.0,0.0,0
R2_aA_m45,2,31,C,COMPLETED,9,63,6,3,54,07d14356265b0c176865d9a0358b7612cfde1e0a6b87da4c60c1946da0c39400,f6c003b77e39e8084f795d6b7575af6eda2969368db6f2098a4b52606377aefb,39403,0.0,0.0,0
R2_aA_m45,2,31,D,COMPLETED,9,63,6,3,54,7ac9b5867a5403833c2730728dd36e09773ac90fcee03964b3680cd82a831a0e,4b723c523ad53a89d269c2f14febb00ae4a92c2f7338ef198677dc066832d4a6,39414,0.0,0.0,0
R2_aA_m45,2,31,E,COMPLETED,9,63,6,3,54,b8c488d289c5dac7f0985992f44d20dbb5850a51ed8d7350caad718db23d0416,1cc5eda250fd7fa58fc5c1abe73a2097f7bf51ff32fbd7f36b9344d82b981f52,39970,0.0,0.0,0
R2_aA_m45,2,32,A,COMPLETED,9,63,6,3,54,65f2978b303a88b039e114e8bc305d8196460d34b7b71cc96d9fa3378bf40f3c,131f2114bfa57e6674bc52dd09738de9290a2b3b6d1717146f9fa3dae95d48ba,38307,0.0,0.0,0
R2_aA_m45,2,32,B,COMPLETED,9,63,6,3,54,a32daf8a05344ef9b5a92ee2c4e742d2c6a4106c8dfc4bce6e96d1ab305d58ed,d8bc1ed118287e66eff4a411ceba0a772ad531e4be20ae44f44135cfbbc803ba,38993,0.0,0.0,0
R2_aA_m45,2,32,C,COMPLETED,9,63,6,3,54,4deaad09fbaa25542c3c26ac202afad15862eb7a62104aaa9d80cdad99261e6d,658159df58aaf667659a7f1ffe28c3bd6944ff9d476f66cc53c2cba87c31889a,39429,0.0,0.0,0
R2_aA_m45,2,32,D,COMPLETED,9,63,6,3,54,d3745929442b95482289bad7b1d747d7b097630bd0b61a20299a1a11df4ed4bb,5e9cbe51eac46b307c466845bb549f31f63c0edcf13e161744e360e154bee3d8,39404,0.0,0.0,0
R2_aA_m45,2,32,E,COMPLETED,9,63,6,3,54,579bf31a316e91ff98a6ebaaec1219fa1d3bd5403b770720e7ea520c0065eea1,1384768134bc6d8b77878752bb767bb8c23052a1bcb26004ca4c8b6fa5029322,39917,0.0,0.0,0
R2_aA_m45,2,33,A,COMPLETED,9,63,6,3,54,bd27d06349da147880df67c9d5f30dfad7f40349b1e79bb5f325944f1244cb03,7928c40ab53c0d18d1b6e197e83fca311234fc7f2d0fb1067cefe48acccb191f,38361,0.0,0.0,0
R2_aA_m45,2,33,B,COMPLETED,9,63,6,3,54,e33a73cf5905db181a623bffdf73da899273663e50b5197fe1cf0588cc471e16,c5704a92749c55d7815c7736fd83c8e93e6dc7da9a9c85b3927295a43482ec25,39048,0.0,0.0,0
R2_aA_m45,2,33,C,COMPLETED,9,63,6,3,54,97d7f9a6e1e6ab7c43f436f7e6c0d2603f51363268d3f0624b9aff157964ef9a,9f23c69117ec4625b645a7019c6111824d43c6bde1e7609912d2dae0ad59491c,39431,0.0,0.0,0
R2_aA_m45,2,33,D,COMPLETED,9,63,6,3,54,c197556dd6878768d8439f085bb42ed5e524ca6f8e07b883ae5b317ea464e1a2,5b0543d7cdc47a11791c5eea02c0140930c2688b6cad66e13786f6fefd38ed11,39465,0.0,0.0,0
R2_aA_m45,2,33,E,COMPLETED,9,63,6,3,54,edc2d0db2924f73f113ce3fbae603c22fc08981fefc8345025f25aae1f8aff1e,f1e0dae5b324de782b9063cfbd53cd70ad55836a07a3a6f6e50ebd9e7084a6e8,40018,0.0,0.0,0
R2_aA_m45,2,34,A,COMPLETED,9,63,6,3,54,f45fac27981c47cac57cae2b325b1dad8d18de8c1b43fc5d9f4b710eff03c3a6,2e3bacdda2c1a7bae039d003aa4f8ca94e6ca2e70b75cf058357dbc5fda334f6,38283,0.0,0.0,0
R2_aA_m45,2,34,B,COMPLETED,9,63,6,3,54,973150422f76b4f77e133f44b513604748c7edd2d4bdd8e9def5d35883dace9d,520077fc60317bf1b53be9b81781105ab26460873ba3b7c20487eef08e7b9170,39003,0.0,0.0,0
R2_aA_m45,2,34,C,COMPLETED,9,63,6,3,54,936ee5941ff251d0d7d8d1e0a307a6815f10a614e38f69ba2ec28353edcaac1e,dd149415fd2f46e0bf61437291331b419f3566c86e7c718295e471a2c6255b12,39427,0.0,0.0,0
R2_aA_m45,2,34,D,COMPLETED,9,63,6,3,54,3005c3db1c4402696fbb0e7626b910b12c8f11f4ccc20085e5e1f71e233e38fb,71cae7071fc4d2ee21cd2c4c015ec83439542645aafa9ec2693d23af230b03af,39418,0.0,0.0,0
R2_aA_m45,2,34,E,COMPLETED,9,63,6,3,54,7f2aa34d47a407c16b0fcc5640e8e7bbfbb180bd68ee5539109a5b891e9ac99c,05a57ab1c0a94b2c5e0bfad0c75b2bc26059d3d7f8a223ce380e4aed432deaa5,39968,0.0,0.0,0
R2_aA_m45,2,35,A,COMPLETED,9,63,6,3,54,82b63f058fe9dad725baa8d98869320c4c33bb41a34f8a51329bc6a47f0783cb,1457cc8399211588778442eb14b835aef65828e01e3965dda3cd8b33e4856e42,38330,0.0,0.0,0
R2_aA_m45,2,35,B,COMPLETED,9,63,6,3,54,2564f54294fba624cbd3b230c6dbdf9a0d4ec178dbf6a56349a1594aac5fa72c,ce4e214f2990ce697342efbc28840323754e4e61b6be7b9f0d662490ea0c3054,38951,0.0,0.0,0
R2_aA_m45,2,35,C,COMPLETED,9,63,6,3,54,8527d415a91ca0cfe04503ba8c7e8403ec36e96e99fca8118fc1e23a02f267f4,234093cfa156691021be7980f904fbe0ce202af89afb85651fc5f3577abc70dd,39389,0.0,0.0,0
R2_aA_m45,2,35,D,COMPLETED,9,63,6,3,54,0736bc70dc7db61731186b60c9c7e0e6e364976de1b322d0628599545b34e429,7b1e6f78b10aee1c11d304b4c1f4994e7c4bb7ac61982e63d8a32ba0b0fc6893,39474,0.0,0.0,0
R2_aA_m45,2,35,E,COMPLETED,9,63,6,3,54,c28d37619c045b35587b7b646e00fcab7101517d40f20c26bf9efb354d7d5024,3a855f2bfa0022a48d0e57a3e46cdeb1d18a52554898a7c4dce6c9a47d7ab1fd,39958,0.0,0.0,0
R2_aA_m45,2,36,A,COMPLETED,9,63,6,3,54,de5079e22251c9d722f36cbac01590ffbc74800f2b4a97510079c4cfdd5cec8a,9b494166fafc10f0ddd96cfbe859e36f6b07e7378407487fcd9576c650e652da,38403,0.0,0.0,0
R2_aA_m45,2,36,B,COMPLETED,9,63,6,3,54,750f54de4ada7c51128bba3b8c81211af6ab1fcac830984a559b5c56a4982bf1,bf1a20e499ebae15ea77b93c1183f4560858ad97666cb50a4d7e10cf695f1209,38934,0.0,0.0,0
R2_aA_m45,2,36,C,COMPLETED,9,63,6,3,54,e3dc4cda2ca4e2579c50147f133a50dda4219c47aef40ee23f864163f8046415,823931b07229b18a3917d633345088e1fd008648e181328248df72825bc0d47d,39415,0.0,0.0,0
R2_aA_m45,2,36,D,COMPLETED,9,63,6,3,54,2e82aa768ed7e2fc2da6477ef035c09c5fa52637a94ef63f574bf17a142a8eb3,ba495c3c6a143b5f93179e4420d2cc2684f6651f9e7efeb672e101f49a98a9bb,39439,0.0,0.0,0
R2_aA_m45,2,36,E,COMPLETED,9,63,6,3,54,04afd5666a930fe3c0d099421ae321a58caae0d8dc275e22fc0c6f412ebf47e8,bd1529c3e658a09b28f357ab455a64436d6b7224a81583c1b713949ce5745e14,39967,0.0,0.0,0
R2_aA_m45,2,37,A,COMPLETED,9,63,6,3,54,8d1d2aba737c530c6fc7fb8ef274c420858dfd5651829fd552f66c269fe5b2e8,04e79187efbe130f77843e584561f380b0ea74a4a39f1c63471448ade40e82af,38356,0.0,0.0,0
R2_aA_m45,2,37,B,COMPLETED,9,63,6,3,54,25057d095bf0268fbd9d0eb1e0e7f5fdf27ad342def320e078654c006454f63c,3ae600c292771938920decbd79bc61625762dc0f5a262ac63d928ac0ddb479d8,39011,0.0,0.0,0
R2_aA_m45,2,37,C,COMPLETED,9,63,6,3,54,4eb0c0708eaf60440ec019d7f86174c56bdc7c18c290caf739dad78dd5faccbb,fc7e90090e51d14ce9e4cfef75b93a92a036bc67a459239f7f96f4eab3a4fa79,39419,0.0,0.0,0
R2_aA_m45,2,37,D,COMPLETED,9,63,6,3,54,4a2bfcb32f20b8356e3388153cf435eeef74efeae36d7bc43bf982167099802b,0d8f2b14c8bc74232a6cc0578b6ec4719682c7bd29685df00c9cb2f91182c22a,39442,0.0,0.0,0
R2_aA_m45,2,37,E,COMPLETED,9,63,6,3,54,395961ba5637b6be92c536921f5f0428b3dee1f4d5d148518d2c6c57e48f9f96,907bd0c3b800de9e97d3fb6c659717585b58f814bd8fb0823bf229a38b5c584c,39935,0.0,0.0,0
R2_aA_m45,2,38,A,COMPLETED,9,63,6,3,54,b96976bc683454f11d793181b0aadec6af6ab90abe4e77fcb2dff3e78b5674a5,8c14bf6fa3c1e7d70e2a3cfd67839ec601bd3676c072c4edd8a439246c63258a,38354,0.0,0.0,0
R2_aA_m45,2,38,B,COMPLETED,9,63,6,3,54,47c235c6cb40cec2c11ff57f483a349c1d6884edc4a1705fc3f0629b5aa77e71,e667044a2de9cc44bea82b1d397eb8afef209b591f25438ee6045d42df08dc41,38987,0.0,0.0,0
R2_aA_m45,2,38,C,COMPLETED,9,63,6,3,54,1ffc6f8a05197544fcea40b737a1fbe5bdcb1cdcd421320c9f94e3b31678e097,29e8bfca26dc4f59ee08f81758e8a639ce7ad5f9e8515ccbbc02b0e52d11f71f,39421,0.0,0.0,0
R2_aA_m45,2,38,D,COMPLETED,9,63,6,3,54,de9587f89b43eea6428f66843f78cec10e3c403d828933610b2880f42ea8513f,6def15efae5d57d5eca3b18cd8615d4f8429dd05a9d220f4ee7d8b6befa1d91f,39472,0.0,0.0,0
R2_aA_m45,2,38,E,COMPLETED,9,63,6,3,54,26fff64902e8f8e85cdef1b6c849603902640855dce9ca2b577d97e8dcfcf1a2,325f6534a3c4d7b27ffd3e08a5c1d30ef7628ae366e53a8ec92cf69a5712c26b,39957,0.0,0.0,0
R2_aA_m45,2,39,A,COMPLETED,9,63,6,3,54,e86e33437b8ea6404406bf69a16ae290322ddf6ff4ef5e5a34134f09397d5b01,aab47d5d919a3b169d678d0a45584e78b1bd1c0e1635c3a2cffc2bb1199a8c3f,38412,0.0,0.0,0
R2_aA_m45,2,39,B,COMPLETED,9,63,6,3,54,74690d834b19733ffe451f56c315f03c62709f4b4d72e1e0e9922ebe8e3ce0b4,e1081be46110c9db28b2c51fbe485ecdc7d16f1d8d8f1580f8a4413c80b640c9,39126,0.0,0.0,0
R2_aA_m45,2,39,C,COMPLETED,9,63,6,3,54,eec557ea85120468013ca1d175a8a53441ae384ff1b155b2986ddea27ee780b5,adc62ba3cc238de442575117d3785aead7fd9dba47a3349535268159ef276bb5,39526,0.0,0.0,0
R2_aA_m45,2,39,D,COMPLETED,9,63,6,3,54,c4898c8decc4168cf93e558fe17a0ae6a305218b72a47a59a29ccce22d85b5b1,674b6ea54fea8163604f2a61020f374df7ea77aa30162fa7430de06b1f1c3019,39558,0.0,0.0,0
R2_aA_m45,2,39,E,COMPLETED,9,63,6,3,54,1126081d5966d93dc9c296e511f9a0192aad9d78e698d44a36cc8597a39e5da1,8b695162b82f409bb1512d55387d891a897f63253d8ff68faf36390d1e3a4bee,40076,0.0,0.0,0
R2_aA_m45,2,40,A,COMPLETED,9,63,6,3,54,64941ba3123889ec54e2cd5fb4d0abac662c988154c464e779d00a3417d1de0b,1875fe5786a09a5407f67a8a2d16243d1b098204199612317c160df2997403b8,38354,0.0,0.0,0
R2_aA_m45,2,40,B,COMPLETED,9,63,6,3,54,565850b3f73156e51c304c23cf0524f73af4488197b78d2368e7921ac6acfa71,774e5de237bb5c1447841153f873d26b609d24ab83fea6830e3cc6990360b06f,38902,0.0,0.0,0
R2_aA_m45,2,40,C,COMPLETED,9,63,6,3,54,d4c5ba4ab20ba5f61145dfe70e3a943b5d9b746df30c5966db69d04d1e3cb3e5,dd11a631d724a34f667caad8c9e16e2bb7a8bdfcd0f91d7f66f82d3679c8a97a,39399,0.0,0.0,0
R2_aA_m45,2,40,D,COMPLETED,9,63,6,3,54,d9b66f0f346acdf17ed5b229a01b8d49a9812c3114bf52125fca5e017d5a7b6d,c416bf2acb78a9446ec47ad38474a357b6aeca33e0a94b3f8a5032a96dca0aea,39430,0.0,0.0,0
R2_aA_m45,2,40,E,COMPLETED,9,63,6,3,54,5ffa416ac83cacccbc44ef8d77ba8f97fec38e5cf0c7a1e26c2e6354e4c451c8,7b36daa55919529e66448119d10eee85eb7e86931f0a8f24522ac6609d69aec2,40019,0.0,0.0,0
R2_aA_m45,2,41,A,COMPLETED,9,63,6,3,54,37845d141422758da9ea7c0285f910df735a260f12627dc59a15a7a00fe7cc03,d5f753d26143f16ec9f63dfe87ea398763fdc172fe14f484e2d86dc25788b016,38331,0.0,0.0,0
R2_aA_m45,2,41,B,COMPLETED,9,63,6,3,54,5ae575c7c4ccaf2907a8033f2b2e6a7583f9000b6eac555f039b885039c327aa,a3ead39e2f7f3e98843b555a68c18a793ee271f6801e09b663f453937e14e4e2,38982,0.0,0.0,0
R2_aA_m45,2,41,C,COMPLETED,9,63,6,3,54,3593165b282e30bc4a3ef10207d2a0f80cd187a8a7909729a1df7da2cff34f1a,e0b0839b01e6d3d23b36938534abd0f0b28af3bb5d9085395523cc0e0423ad03,39467,0.0,0.0,0
R2_aA_m45,2,41,D,COMPLETED,9,63,6,3,54,16ec1b8645d4b6034892b4c27cc6faaec9e07939793de15ed5aefbda650af117,7cf212249c7a4da8760feef3f2f665b8046ddb41ef2ba7b3aef56d2e2a9aa7ab,39428,0.0,0.0,0
R2_aA_m45,2,41,E,COMPLETED,9,63,6,3,54,b9c640cc1156947917bc92f4f0455bb330d853b34f2ac2e02968e3c29d019a28,b6b071aff08e1cef536ee0f6020923c1bc7bca2ebaae0ece2fe7a3256b2210b3,39999,0.0,0.0,0
R2_aA_m45,2,42,A,COMPLETED,9,63,6,3,54,ed91290a930630b5c9bd6a1f7bd0b016355975c550894d79e73f027646e51c88,1c93551f82bb1ce9810ed68aae818b66c30d72230a201203c3d2b54f0744561c,38303,0.0,0.0,0
R2_aA_m45,2,42,B,COMPLETED,9,63,6,3,54,2234650ed603f5bad492514cac4700b8a4a3b4e157d5a71ad8ddd318c7f6bc21,a5ee95d98271f19ba56fb0967f242f6dcecda03d3920fc1d515d5e1a27a32b55,39007,0.0,0.0,0
R2_aA_m45,2,42,C,COMPLETED,9,63,6,3,54,3dfd7dcc8f1994a7fcd0360ce9266b3ed07c2b1c799fdd3af8a2fb13322aac42,a4d608a565afef59f6c7f4a92f0bb9ee81696d9700f8094224e0d66898f5acba,39429,0.0,0.0,0
R2_aA_m45,2,42,D,COMPLETED,9,63,6,3,54,b17a47ab2c61d4c800ffef9e8b4664faa42ec6c389bd1b6fc28cd934c5364e92,631fae80976e1f512b3e42e12230607b312c53245fbef2536797bfe642812e24,39507,0.0,0.0,0
R2_aA_m45,2,42,E,COMPLETED,9,63,6,3,54,89807f6d22658ad9c33e28fecda2898ee26a7390b7670b3bdb9d168249d22689,85b6cda6c743ec6ce7e73bed5bdb12f018e3ac9ff6ff0ba992a66ccca7aea839,39980,0.0,0.0,0
R2_aA_m45,2,43,A,COMPLETED,9,63,6,3,54,09e42a925624086f025102fade2e21c49827c5281fcb377fbfc01d422f603cdb,c930ba11c45fd40b8b3b1227c251e07c251048875d5f168b2eb5c46558207949,38347,0.0,0.0,0
R2_aA_m45,2,43,B,COMPLETED,9,63,6,3,54,2040d045cc7b353551063d42e1dcbc0416b2fa342236b99e89a83a53d7ae9ca8,401ecf927f9598ca23090d01db011e262ac858ef40047a2189239e8daa3e8822,39014,0.0,0.0,0
R2_aA_m45,2,43,C,COMPLETED,9,63,6,3,54,85927a581a064932d125444739bc011b6c4f44acdf11d22d64ab3e24e60c584e,ac6842b0ce9717f0e6a97b94e56d7ebb9f70c0c22aa85beef168e71388f6413b,39432,0.0,0.0,0
R2_aA_m45,2,43,D,COMPLETED,9,63,6,3,54,ccb3ba6e460c5475af00996fe85dae251743b6b85d5c10d8d350ae3d011a7db5,6122981618ceb8b41ddb3acf43d4573bad3065119dbe4f0354cedf87a426a1a7,39472,0.0,0.0,0
R2_aA_m45,2,43,E,COMPLETED,9,63,6,3,54,928fedd7e3a9cbb218bc4a3ba3af19fa6e98ff9bbd837cac503fef99b761d594,e3864e8003c16c918bf7aa4ac6291196d1d536c1a5cd27706f67a5d722cb1e70,39951,0.0,0.0,0
R2_aA_m45,2,44,A,COMPLETED,9,63,6,3,54,9b3c5e063d678cbbe2617dfffd1c8d04122baf14bfc3887b51a4c764065cea45,3143e35a7e0e48e7dfd67a1d73c15c06074af352aef87e1e00230864c5ae2ac4,38322,0.0,0.0,0
R2_aA_m45,2,44,B,COMPLETED,9,63,6,3,54,cfe4bb0c3de7945ced87b60d32cad6703213b2356f397f28b51b881b2f1605e0,77221a5ee86cadcd96d52494dc5096feeb97a2ffbd1ceeb644206e72c4b1528b,38989,0.0,0.0,0
R2_aA_m45,2,44,C,COMPLETED,9,63,6,3,54,551b530398cc8eb6a56812cd8d57ab3966e3f7c863ffd184d2a0c820b13e9364,d0fee5f6307cc0c64c9a1927399471cf839dbeef5c98e55b6f8a804b60ba4d76,39467,0.0,0.0,0
R2_aA_m45,2,44,D,COMPLETED,9,63,6,3,54,ea80d03e98ecba97d9bb6a0a232fea91273698f0b4e9599e3d21f15a12820c39,efd8a08921166a47d31deb2f51698b89b13b53a930ee25155ca1c571134b7835,39465,0.0,0.0,0
R2_aA_m45,2,44,E,COMPLETED,9,63,6,3,54,0e43cceffc691fbedf5f9596556ddbe7932ab63c29a7810728663ac206ec9037,d7f935139b0879b4ed8a564e777db3b7f433e2301aed9f386ccfacf52d1a8f8e,40002,0.0,0.0,0
R2_aA_m45,2,45,A,COMPLETED,9,63,6,3,54,0827030f817a6431598bb6e0143f3c463b33e57a6ccc39dec9b6a7a21c479412,e946230dd3b62af4691b4e36eff01b2263ffdf93f777d57285f15a6aa0f1f7d3,38345,0.0,0.0,0
R2_aA_m45,2,45,B,COMPLETED,9,63,6,3,54,62ee9741046c7e3d609958c067b0dce9f3fd101b6242c3dbe98ed3f65f935d86,17140d6a94686d6bf7b5acc35e965fe079cff5b4b95e9e192d7d4d715e3c2a25,39057,0.0,0.0,0
R2_aA_m45,2,45,C,COMPLETED,9,63,6,3,54,277c37904560da0b085d7b33d19b8082eb2a12f3cc82194d8d076005cd687a9b,565ba9849ca3f400698bcee934ce30adf65e9bcb0da635e059b6b30316a61286,39425,0.0,0.0,0
R2_aA_m45,2,45,D,COMPLETED,9,63,6,3,54,7c81cbc1bf473603bcc7ee2b8c1ac5687d517381d5c232054fa47fff7a585f53,dee2dd88c64e25a727b7588321c9dfa0c4ad2064693cd54a18b4167f4043630f,39375,0.0,0.0,0
R2_aA_m45,2,45,E,COMPLETED,9,63,6,3,54,228de1f63ab460963e99a3481eef682eb6f4015bab41571871f9954a190c890f,3496011ac16c96409892d82b0883f7de2726b39d2059b290569fd7138243712c,39927,0.0,0.0,0
R2_aA_m45,2,46,A,COMPLETED,9,63,6,3,54,6faeb0de2662e062479c65dda2309e4ff41f1a439c942dda5210749a8f1f35f8,1e6eccc08a02001711672ad356781e6371db1e2a2749b5c9485bc8df989ab0fd,38369,0.0,0.0,0
R2_aA_m45,2,46,B,COMPLETED,9,63,6,3,54,554b5bbe852fd1627198944f601709fc2c90c275732dd24c80bb8778a00833c0,1216949403b3bcc88b889f65555e3801916c5da05849690d8cbcf38cb3c292b4,39014,0.0,0.0,0
R2_aA_m45,2,46,C,COMPLETED,9,63,6,3,54,66aac8fc0761ef0c3feebd76d08543630272e75b54bebe990361ada38c3c2944,44131cc8f061e0cfe6a85c998851de1403329747035e04775ab2b6e66c3465fa,39390,0.0,0.0,0
R2_aA_m45,2,46,D,COMPLETED,9,63,6,3,54,3e0b9eb1b6cd4a27c230f1a3303f285759b35f97a5af632b3b2eee2cad336486,7297a1c3225a14a97834b80bb8ea696aaf37c2e25bb571ba5c77a81161383ab4,39455,0.0,0.0,0
R2_aA_m45,2,46,E,COMPLETED,9,63,6,3,54,9bfa81c8bd463f34218cc5fdc34e22178d6d6d6a632a4ac25e26daef284082a7,86aa4bbdffcae36439f11d6539a34ddb313f99fd5d2145d86510fc905e89b6ca,39968,0.0,0.0,0
R2_aA_m45,2,47,A,COMPLETED,9,63,6,3,54,897df5a9e50efba819c65f65271c89233b8f6309c9f8adb7dad4da925621abdd,73158c2b0e5e251a8ab58d653d6c12757b5ee0975d290ab70cd55ced8b4659f4,38291,0.0,0.0,0
R2_aA_m45,2,47,B,COMPLETED,9,63,6,3,54,1862b3543972bdd862b8cce974ab1d0f0055d078a92391aa6ebf9be20d32a854,f42ad9de4c87de72507412d682140531fe373384d96b4a9b86183efffa47347d,39018,0.0,0.0,0
R2_aA_m45,2,47,C,COMPLETED,9,63,6,3,54,0240c7aa8f984a11f69f758ce76df4752e3bfd4a493a3be2370dc52a57b599de,4a5fb2f910a913690937e4a0b207f46bdf0d4ea7ed3a10ff739851f58b353eec,39415,0.0,0.0,0
R2_aA_m45,2,47,D,COMPLETED,9,63,6,3,54,4ebd7825ac7c678e1e1f19caf906fffe63033f0e09152af6282b5addc46b31f1,77572af2b7fdf8a8d49951eb89ecf1e5f84701190645814b5b8a6b15a3f8b5fd,39424,0.0,0.0,0
R2_aA_m45,2,47,E,COMPLETED,9,63,6,3,54,46315248b01ca466fe9f00a1985e838218233e5007e4f8d7ea5cb0dbb1898368,0c060bce8fdfb09f04a2ae6fdad08d1c9629bcf8c80ebb0d4eed0d0bbf91e8e0,40013,0.0,0.0,0
R2_aA_m45,2,48,A,COMPLETED,9,63,6,3,54,a4f8f23c331a328944a22a978ca028544bf4e893bcc84e323d899e61540e5a74,94617b56f384d1da2bc512628a8a0c0c68be3426c61f605acec467e6fe283a10,38279,0.0,0.0,0
R2_aA_m45,2,48,B,COMPLETED,9,63,6,3,54,e222d71dd7e0cd35ea6729571afa4dbf9ee5a5c573fca48aadb67323738ab644,8ea828167c78620ff1f521e4439418a22ea8fb6a4771bcebd97e130b71240f24,39025,0.0,0.0,0
R2_aA_m45,2,48,C,COMPLETED,9,63,6,3,54,522fa6184430807e4ac39a84fb07afd9384c7a4d790efd821028f3b03a094e0f,b66acfe47bf592fb0f03c6765adc62c8c1c7c4ee2538fbe1fc81c2cd4e2a01cb,39418,0.0,0.0,0
R2_aA_m45,2,48,D,COMPLETED,9,63,6,3,54,01390360f4cfc5a511d867f0ea2aab96e4d3a9ef7920b9b59a5457833de28916,8cac36dcbb0686dddc6a5697b372ab915fa3597fe53c4ef4c9cb656346242031,39460,0.0,0.0,0
R2_aA_m45,2,48,E,COMPLETED,9,63,6,3,54,58703ef1d7ab59acbe81047d31ab7ad67fefad3503a6336f9a7342b2316168e8,f948526654d3197f445f862a55dd4b8ce153694da0f18aeac0f315f91217bdcb,39953,0.0,0.0,0
R2_aA_m45,2,49,A,COMPLETED,9,63,6,3,54,cdbce716f81912d4231d241329d7607ca0abed7fd9b450af661da253dbecc7f9,c4eb655086769e9667df8e6f9249e123ce567718dc700db3bbe44ec00715f79b,38365,0.0,0.0,0
R2_aA_m45,2,49,B,COMPLETED,9,63,6,3,54,204b16db923fe75c57fb9da88f87a635214db3256149fdbeeb929a01e180fdd7,de70995ef81b4dee5f70a6da570856e814a63bc658c5737014bf39a65a08e021,39037,0.0,0.0,0
R2_aA_m45,2,49,C,COMPLETED,9,63,6,3,54,2f447569eb9c8f567c42de631195ab8c489597a07bc819c7778010a711cb2805,f3c542f0f938dc6e1d0b5bb63ccdf70174ec117b0ca3ec6033515af3195b3935,39438,0.0,0.0,0
R2_aA_m45,2,49,D,COMPLETED,9,63,6,3,54,b5b96286e081f36908a376a502d8790fc1cf6fa4410cfb5995abf4ef4827a7c8,b180b8708d39d3e2425885fb2c071c8bef1d2f36f0db64a8253a09663b2bdfab,39427,0.0,0.0,0
R2_aA_m45,2,49,E,COMPLETED,9,63,6,3,54,c5ce64304b8280e611730550715f4a5ed9a1faab53f1bfa91a2baaff8095d37e,37b0726afc74377e8f4c5cbf0b1ada30a1f3b5eaba5f252e1a93ec595163eee6,39935,0.0,0.0,0
