5 anchor-B positions
jit_kernel_write(): could not link cache file "/home/kms/.drjit/6e364df62086a639bebe8ba2131e5b67.llvm.bin" into file system: File exists
jit_kernel_write(): could not link cache file "/home/kms/.drjit/2e8a4f029a43ba10c04fa9b65ae37da4.llvm.bin" into file system: File exists
jit_kernel_write(): could not link cache file "/home/kms/.drjit/2e8a4f029a43ba10c04fa9b65ae37da4.llvm.bin" into file system: File exists
jit_kernel_write(): could not link cache file "/home/kms/.drjit/fd1ff2faadd576198e3d3b5afb460602.llvm.bin" into file system: File exists
jit_kernel_write(): could not link cache file "/home/kms/.drjit/d575b5252fe262a309279e63a717a1bd.llvm.bin" into file system: File exists
jit_kernel_write(): could not link cache file "/home/kms/.drjit/f54258cc91c0965869ce66240a98c606.llvm.bin" into file system: File exists
jit_kernel_write(): could not link cache file "/home/kms/.drjit/a3416543e1ffa9117ff9d33af493a615.llvm.bin" into file system: File exists
jit_kernel_write(): could not write compiled kernel to cache file "/home/kms/.drjit/80b763fb3535ed3113d3f15d52fe4de1.llvm.bin.tmp": File exists
jit_kernel_write(): could not link cache file "/home/kms/.drjit/4b79789c48e3b2ce16d27ff015973cde.llvm.bin" into file system: File exists
jit_kernel_write(): could not link cache file "/home/kms/.drjit/378b548d0fc8aa864d0a8b84d8f62d1c.llvm.bin" into file system: File exists
jit_kernel_write(): could not link cache file "/home/kms/.drjit/439e83deeb96d1634e4ac629fcaf23d3.llvm.bin" into file system: File exists
jit_kernel_write(): could not link cache file "/home/kms/.drjit/439e83deeb96d1634e4ac629fcaf23d3.llvm.bin" into file system: File exists
jit_kernel_write(): could not link cache file "/home/kms/.drjit/378b548d0fc8aa864d0a8b84d8f62d1c.llvm.bin" into file system: File exists
jit_kernel_write(): could not link cache file "/home/kms/.drjit/378b548d0fc8aa864d0a8b84d8f62d1c.llvm.bin" into file system: File exists
jit_kernel_write(): could not link cache file "/home/kms/.drjit/42bc9b1d00c295d4dc25c799ef71aa05.llvm.bin" into file system: File exists
jit_kernel_write(): could not link cache file "/home/kms/.drjit/42bc9b1d00c295d4dc25c799ef71aa05.llvm.bin" into file system: File exists
jit_kernel_write(): could not link cache file "/home/kms/.drjit/42bc9b1d00c295d4dc25c799ef71aa05.llvm.bin" into file system: File exists
jit_kernel_write(): could not link cache file "/home/kms/.drjit/0608d42f8dc7b035096cd30ff119a464.llvm.bin" into file system: File exists
jit_kernel_write(): could not link cache file "/home/kms/.drjit/c130240c0b22e956d229a42a2fbf8851.llvm.bin" into file system: File exists
jit_kernel_write(): could not link cache file "/home/kms/.drjit/0608d42f8dc7b035096cd30ff119a464.llvm.bin" into file system: File exists
jit_kernel_write(): could not link cache file "/home/kms/.drjit/c130240c0b22e956d229a42a2fbf8851.llvm.bin" into file system: File exists
jit_kernel_write(): could not link cache file "/home/kms/.drjit/c130240c0b22e956d229a42a2fbf8851.llvm.bin" into file system: File exists
jit_kernel_write(): could not link cache file "/home/kms/.drjit/3839086e0063c56ae463063c6744fd8d.llvm.bin" into file system: File exists
jit_kernel_write(): could not link cache file "/home/kms/.drjit/00c06f90cece8ae475d267bb7a6daa6b.llvm.bin" into file system: File exists
jit_kernel_write(): could not link cache file "/home/kms/.drjit/3839086e0063c56ae463063c6744fd8d.llvm.bin" into file system: File exists
jit_kernel_write(): could not link cache file "/home/kms/.drjit/3839086e0063c56ae463063c6744fd8d.llvm.bin" into file system: File exists
jit_kernel_write(): could not link cache file "/home/kms/.drjit/827936b254958f8083a2b9cfb6d9fd69.llvm.bin" into file system: File exists
jit_kernel_write(): could not link cache file "/home/kms/.drjit/827936b254958f8083a2b9cfb6d9fd69.llvm.bin" into file system: File exists
jit_kernel_write(): could not link cache file "/home/kms/.drjit/827936b254958f8083a2b9cfb6d9fd69.llvm.bin" into file system: File exists
jit_kernel_write(): could not link cache file "/home/kms/.drjit/a47e2c2c9e416829e948b1b91f6b5dda.llvm.bin" into file system: File exists
jit_kernel_write(): could not link cache file "/home/kms/.drjit/49eb50b4a21b9dda61f1cb36e80dcab7.llvm.bin" into file system: File exists
jit_kernel_write(): could not link cache file "/home/kms/.drjit/49eb50b4a21b9dda61f1cb36e80dcab7.llvm.bin" into file system: File exists
jit_kernel_write(): could not link cache file "/home/kms/.drjit/49eb50b4a21b9dda61f1cb36e80dcab7.llvm.bin" into file system: File exists
jit_kernel_write(): could not link cache file "/home/kms/.drjit/b1b593623bed507589efcb04acc3a911.llvm.bin" into file system: File exists
jit_kernel_write(): could not link cache file "/home/kms/.drjit/b1b593623bed507589efcb04acc3a911.llvm.bin" into file system: File exists
jit_kernel_write(): could not link cache file "/home/kms/.drjit/921f87868c245153be019032b92b14f9.llvm.bin" into file system: File exists
jit_kernel_write(): could not link cache file "/home/kms/.drjit/921f87868c245153be019032b92b14f9.llvm.bin" into file system: File exists
jit_kernel_write(): could not link cache file "/home/kms/.drjit/921f87868c245153be019032b92b14f9.llvm.bin" into file system: File exists
jit_kernel_write(): could not link cache file "/home/kms/.drjit/0c13850ca963db4aaf62c7f57de78a9b.llvm.bin" into file system: File exists
jit_kernel_write(): could not link cache file "/home/kms/.drjit/0c13850ca963db4aaf62c7f57de78a9b.llvm.bin" into file system: File exists
jit_kernel_write(): could not link cache file "/home/kms/.drjit/305a2797a770447ea9a5a4f294d78b55.llvm.bin" into file system: File exists
jit_kernel_write(): could not link cache file "/home/kms/.drjit/305a2797a770447ea9a5a4f294d78b55.llvm.bin" into file system: File exists
jit_kernel_write(): could not link cache file "/home/kms/.drjit/305a2797a770447ea9a5a4f294d78b55.llvm.bin" into file system: File exists
jit_kernel_write(): could not link cache file "/home/kms/.drjit/88c9230ba9f9a2288083a1f1ea1114ec.llvm.bin" into file system: File exists
jit_kernel_write(): could not link cache file "/home/kms/.drjit/88c9230ba9f9a2288083a1f1ea1114ec.llvm.bin" into file system: File exists
jit_kernel_write(): could not link cache file "/home/kms/.drjit/93821ed104881b22199fb57a6db14040.llvm.bin" into file system: File exists
jit_kernel_write(): could not link cache file "/home/kms/.drjit/93821ed104881b22199fb57a6db14040.llvm.bin" into file system: File exists
jit_kernel_write(): could not link cache file "/home/kms/.drjit/93821ed104881b22199fb57a6db14040.llvm.bin" into file system: File exists
jit_kernel_write(): could not link cache file "/home/kms/.drjit/f6662e237db51c8bb848777169fbf024.llvm.bin" into file system: File exists
jit_kernel_write(): could not link cache file "/home/kms/.drjit/f6662e237db51c8bb848777169fbf024.llvm.bin" into file system: File exists
jit_kernel_write(): could not link cache file "/home/kms/.drjit/903f90e16e803d255c05f345621b8df5.llvm.bin" into file system: File exists
jit_kernel_write(): could not link cache file "/home/kms/.drjit/903f90e16e803d255c05f345621b8df5.llvm.bin" into file system: File exists
jit_kernel_write(): could not link cache file "/home/kms/.drjit/903f90e16e803d255c05f345621b8df5.llvm.bin" into file system: File exists
jit_kernel_write(): could not link cache file "/home/kms/.drjit/8ea49814968e11591ae0325dac453f4d.llvm.bin" into file system: File exists
jit_kernel_write(): could not link cache file "/home/kms/.drjit/8ea49814968e11591ae0325dac453f4d.llvm.bin" into file system: File exists
jit_kernel_write(): could not link cache file "/home/kms/.drjit/8ea49814968e11591ae0325dac453f4d.llvm.bin" into file system: File exists
jit_kernel_write(): could not link cache file "/home/kms/.drjit/2d201155f1d323d6fd4a42aafac2ccc7.llvm.bin" into file system: File exists
jit_kernel_write(): could not link cache file "/home/kms/.drjit/2d201155f1d323d6fd4a42aafac2ccc7.llvm.bin" into file system: File exists
jit_kernel_write(): could not link cache file "/home/kms/.drjit/5d19d8ccc76aab3dee7e0b274844d67b.llvm.bin" into file system: File exists
jit_kernel_write(): could not link cache file "/home/kms/.drjit/5d19d8ccc76aab3dee7e0b274844d67b.llvm.bin" into file system: File exists
jit_kernel_write(): could not link cache file "/home/kms/.drjit/5d19d8ccc76aab3dee7e0b274844d67b.llvm.bin" into file system: File exists
jit_kernel_write(): could not link cache file "/home/kms/.drjit/ea4125648bccd9eb1377cc958c5724dc.llvm.bin" into file system: File exists
jit_kernel_write(): could not link cache file "/home/kms/.drjit/fbd3c2e9dc1ac251f96ce0c72a55d7a7.llvm.bin" into file system: File exists
jit_kernel_write(): could not link cache file "/home/kms/.drjit/e523a701bb5a1b116d36e0150be80470.llvm.bin" into file system: File exists
jit_kernel_write(): could not link cache file "/home/kms/.drjit/e523a701bb5a1b116d36e0150be80470.llvm.bin" into file system: File exists
jit_kernel_write(): could not link cache file "/home/kms/.drjit/c5f2b3e4e4900c068537cd1ee0f35874.llvm.bin" into file system: File exists
jit_kernel_write(): could not link cache file "/home/kms/.drjit/c5f2b3e4e4900c068537cd1ee0f35874.llvm.bin" into file system: File exists
jit_kernel_write(): could not link cache file "/home/kms/.drjit/c5f2b3e4e4900c068537cd1ee0f35874.llvm.bin" into file system: File exists
jit_kernel_write(): could not link cache file "/home/kms/.drjit/d1e298ae07a5f9229b06e46ff0a7c4dd.llvm.bin" into file system: File exists
jit_kernel_write(): could not link cache file "/home/kms/.drjit/d1e298ae07a5f9229b06e46ff0a7c4dd.llvm.bin" into file system: File exists
jit_kernel_write(): could not link cache file "/home/kms/.drjit/d1e298ae07a5f9229b06e46ff0a7c4dd.llvm.bin" into file system: File exists
jit_kernel_write(): could not link cache file "/home/kms/.drjit/d2d3cea2bf4e33bb83759809c2c9d437.llvm.bin" into file system: File exists
jit_kernel_write(): could not link cache file "/home/kms/.drjit/d1e298ae07a5f9229b06e46ff0a7c4dd.llvm.bin" into file system: File exists
jit_kernel_write(): could not link cache file "/home/kms/.drjit/ef3ba4a74cba26f9fd66772a8c6074aa.llvm.bin" into file system: File exists
jit_kernel_write(): could not write compiled kernel to cache file "/home/kms/.drjit/ef3ba4a74cba26f9fd66772a8c6074aa.llvm.bin.tmp": File exists
jit_kernel_write(): could not link cache file "/home/kms/.drjit/ef3ba4a74cba26f9fd66772a8c6074aa.llvm.bin" into file system: File exists
jit_kernel_write(): could not link cache file "/home/kms/.drjit/dbcba6c1de23fd92f0d8a6cdf3597105.llvm.bin" into file system: File exists
jit_kernel_write(): could not link cache file "/home/kms/.drjit/ef3ba4a74cba26f9fd66772a8c6074aa.llvm.bin" into file system: File exists
jit_kernel_write(): could not link cache file "/home/kms/.drjit/43bad1dd5942e8de404349f2154e26f4.llvm.bin" into file system: File exists
jit_kernel_write(): could not link cache file "/home/kms/.drjit/43bad1dd5942e8de404349f2154e26f4.llvm.bin" into file system: File exists
jit_kernel_write(): could not link cache file "/home/kms/.drjit/43bad1dd5942e8de404349f2154e26f4.llvm.bin" into file system: File exists
jit_kernel_write(): could not link cache file "/home/kms/.drjit/43bad1dd5942e8de404349f2154e26f4.llvm.bin" into file system: File exists
jit_kernel_write(): could not link cache file "/home/kms/.drjit/c79ef887359d3dbcb4d9117dbfdb1f88.llvm.bin" into file system: File exists
jit_kernel_write(): could not link cache file "/home/kms/.drjit/5a4c855ff49b7723f77525e133cabc30.llvm.bin" into file system: File exists
jit_kernel_write(): could not link cache file "/home/kms/.drjit/5a4c855ff49b7723f77525e133cabc30.llvm.bin" into file system: File exists
jit_kernel_write(): could not link cache file "/home/kms/.drjit/5a4c855ff49b7723f77525e133cabc30.llvm.bin" into file system: File exists
jit_kernel_write(): could not link cache file "/home/kms/.drjit/5a4c855ff49b7723f77525e133cabc30.llvm.bin" into file system: File exists
jit_kernel_write(): could not link cache file "/home/kms/.drjit/3572cd63d2dfc4a57015e303b4b69400.llvm.bin" into file system: File exists
jit_kernel_write(): could not link cache file "/home/kms/.drjit/4bb098ed34eacbc6140cbbd10662b210.llvm.bin" into file system: File exists
jit_kernel_write(): could not link cache file "/home/kms/.drjit/4bb098ed34eacbc6140cbbd10662b210.llvm.bin" into file system: File exists
jit_kernel_write(): could not link cache file "/home/kms/.drjit/4bb098ed34eacbc6140cbbd10662b210.llvm.bin" into file system: File exists
jit_kernel_write(): could not link cache file "/home/kms/.drjit/4bb098ed34eacbc6140cbbd10662b210.llvm.bin" into file system: File exists
jit_kernel_write(): could not link cache file "/home/kms/.drjit/b0805a462fccf598b280366861c3dcb8.llvm.bin" into file system: File exists
jit_kernel_write(): could not link cache file "/home/kms/.drjit/0a3429a58ab3e45a2ec706a040ce7466.llvm.bin" into file system: File exists
jit_kernel_write(): could not link cache file "/home/kms/.drjit/0a3429a58ab3e45a2ec706a040ce7466.llvm.bin" into file system: File exists
jit_kernel_write(): could not write compiled kernel to cache file "/home/kms/.drjit/0a3429a58ab3e45a2ec706a040ce7466.llvm.bin.tmp": File exists
jit_kernel_write(): could not link cache file "/home/kms/.drjit/0a3429a58ab3e45a2ec706a040ce7466.llvm.bin" into file system: File exists
jit_kernel_write(): could not link cache file "/home/kms/.drjit/fd49022ae547f64bd819e225c4a8bb3a.llvm.bin" into file system: File exists
jit_kernel_write(): could not link cache file "/home/kms/.drjit/8d70911d85134094dfa3eeac1d86c30f.llvm.bin" into file system: File exists
jit_kernel_write(): could not link cache file "/home/kms/.drjit/8d70911d85134094dfa3eeac1d86c30f.llvm.bin" into file system: File exists
jit_kernel_write(): could not link cache file "/home/kms/.drjit/8d70911d85134094dfa3eeac1d86c30f.llvm.bin" into file system: File exists
jit_kernel_write(): could not link cache file "/home/kms/.drjit/8d70911d85134094dfa3eeac1d86c30f.llvm.bin" into file system: File exists
jit_kernel_write(): could not link cache file "/home/kms/.drjit/689fa5cb9fad5ee5eae914de269cc262.llvm.bin" into file system: File exists
jit_kernel_write(): could not link cache file "/home/kms/.drjit/689fa5cb9fad5ee5eae914de269cc262.llvm.bin" into file system: File exists
jit_kernel_write(): could not link cache file "/home/kms/.drjit/7f1e235232ac6edd7ff145c49130b0e9.llvm.bin" into file system: File exists
jit_kernel_write(): could not link cache file "/home/kms/.drjit/689fa5cb9fad5ee5eae914de269cc262.llvm.bin" into file system: File exists
jit_kernel_write(): could not link cache file "/home/kms/.drjit/689fa5cb9fad5ee5eae914de269cc262.llvm.bin" into file system: File exists
jit_kernel_write(): could not link cache file "/home/kms/.drjit/b1433b71f4adeaeadbfac9348e947e42.llvm.bin" into file system: File exists
jit_kernel_write(): could not link cache file "/home/kms/.drjit/b1433b71f4adeaeadbfac9348e947e42.llvm.bin" into file system: File exists
jit_kernel_write(): could not link cache file "/home/kms/.drjit/021bf949a413e60d854cb00d86170b94.llvm.bin" into file system: File exists
jit_kernel_write(): could not link cache file "/home/kms/.drjit/b1433b71f4adeaeadbfac9348e947e42.llvm.bin" into file system: File exists
jit_kernel_write(): could not link cache file "/home/kms/.drjit/021bf949a413e60d854cb00d86170b94.llvm.bin" into file system: File exists
jit_kernel_write(): could not link cache file "/home/kms/.drjit/021bf949a413e60d854cb00d86170b94.llvm.bin" into file system: File exists
{"tag": "x2.0000_y0.4500", "status": "OK", "paths": 63, "unmatched": 0, "seconds": 26.72}
{"tag": "x7.0000_y-0.4500", "status": "OK", "paths": 63, "unmatched": 0, "seconds": 25.94}
jit_kernel_write(): could not link cache file "/home/kms/.drjit/c554a7b5c460a1a47da3125c7789f5fb.llvm.bin" into file system: File exists
{"tag": "x13.0000_y0.0000", "status": "OK", "paths": 63, "unmatched": 0, "seconds": 27.24}
jit_kernel_write(): could not link cache file "/home/kms/.drjit/c554a7b5c460a1a47da3125c7789f5fb.llvm.bin" into file system: File exists
{"tag": "x17.5000_y-0.4500", "status": "OK", "paths": 63, "unmatched": 0, "seconds": 26.65}
jit_kernel_write(): could not link cache file "/home/kms/.drjit/c554a7b5c460a1a47da3125c7789f5fb.llvm.bin" into file system: File exists
{"tag": "x10.0000_y0.4000", "status": "OK", "paths": 63, "unmatched": 0, "seconds": 26.38}
jit_kernel_write(): could not link cache file "/home/kms/.drjit/08c9c06cfd2e9af33b2316c9f448b025.llvm.bin" into file system: File exists
jit_kernel_write(): could not link cache file "/home/kms/.drjit/90b2b0b051da1f73d1414a33b04d80b2.llvm.bin" into file system: File exists
jit_kernel_write(): could not link cache file "/home/kms/.drjit/e4097005172dba93cf427b693d1c703a.llvm.bin" into file system: File exists
jit_kernel_write(): could not link cache file "/home/kms/.drjit/400f5cbafe4c4279c414513334e2e8f0.llvm.bin" into file system: File exists
jit_kernel_write(): could not link cache file "/home/kms/.drjit/08c9c06cfd2e9af33b2316c9f448b025.llvm.bin" into file system: File exists
jit_kernel_write(): could not link cache file "/home/kms/.drjit/2e69ae3531ffee9037f5714357118c91.llvm.bin" into file system: File exists
jit_kernel_write(): could not link cache file "/home/kms/.drjit/08c9c06cfd2e9af33b2316c9f448b025.llvm.bin" into file system: File exists
jit_kernel_write(): could not link cache file "/home/kms/.drjit/08c9c06cfd2e9af33b2316c9f448b025.llvm.bin" into file system: File exists
{"position": 3, "bin": 0, "done": 1, "of": 257, "seconds": 3.9, "last_paths": 63}
{"position": 4, "bin": 0, "done": 1, "of": 257, "seconds": 3.9, "last_paths": 63}
{"position": 0, "bin": 0, "done": 1, "of": 257, "seconds": 4.3, "last_paths": 63}
{"position": 1, "bin": 0, "done": 1, "of": 257, "seconds": 4.7, "last_paths": 63}
{"position": 2, "bin": 0, "done": 1, "of": 257, "seconds": 4.4, "last_paths": 63}
jit_kernel_write(): could not link cache file "/home/kms/.drjit/4617eb81f9471ee23daba1937bec1033.llvm.bin" into file system: File exists
jit_kernel_write(): could not link cache file "/home/kms/.drjit/4617eb81f9471ee23daba1937bec1033.llvm.bin" into file system: File exists
jit_kernel_write(): could not link cache file "/home/kms/.drjit/4617eb81f9471ee23daba1937bec1033.llvm.bin" into file system: File exists
jit_kernel_write(): could not link cache file "/home/kms/.drjit/74f7d7a29fe43af2ec358eafc6664f5e.llvm.bin" into file system: File exists
jit_kernel_write(): could not link cache file "/home/kms/.drjit/74f7d7a29fe43af2ec358eafc6664f5e.llvm.bin" into file system: File exists
jit_kernel_write(): could not link cache file "/home/kms/.drjit/74f7d7a29fe43af2ec358eafc6664f5e.llvm.bin" into file system: File exists
jit_kernel_write(): could not link cache file "/home/kms/.drjit/74f7d7a29fe43af2ec358eafc6664f5e.llvm.bin" into file system: File exists
jit_kernel_write(): could not link cache file "/home/kms/.drjit/73ad751ff0b18ea19810babd3d6c1889.llvm.bin" into file system: File exists
jit_kernel_write(): could not link cache file "/home/kms/.drjit/ff72c1371cd14f456901d720cf85ca08.llvm.bin" into file system: File exists
jit_kernel_write(): could not link cache file "/home/kms/.drjit/ff72c1371cd14f456901d720cf85ca08.llvm.bin" into file system: File exists
jit_kernel_write(): could not link cache file "/home/kms/.drjit/ff72c1371cd14f456901d720cf85ca08.llvm.bin" into file system: File exists
jit_kernel_write(): could not link cache file "/home/kms/.drjit/552b8780840053b68ac9ce1b601cd3ed.llvm.bin" into file system: File exists
jit_kernel_write(): could not link cache file "/home/kms/.drjit/552b8780840053b68ac9ce1b601cd3ed.llvm.bin" into file system: File exists
jit_kernel_write(): could not link cache file "/home/kms/.drjit/3cb81ba517503bd851bb1cb4cdafb487.llvm.bin" into file system: File exists
jit_kernel_write(): could not link cache file "/home/kms/.drjit/3cb81ba517503bd851bb1cb4cdafb487.llvm.bin" into file system: File exists
jit_kernel_write(): could not link cache file "/home/kms/.drjit/3cb81ba517503bd851bb1cb4cdafb487.llvm.bin" into file system: File exists
jit_kernel_write(): could not link cache file "/home/kms/.drjit/3cb81ba517503bd851bb1cb4cdafb487.llvm.bin" into file system: File exists
jit_kernel_write(): could not link cache file "/home/kms/.drjit/8592e64f90ad8c76ccd5aaa7b317a800.llvm.bin" into file system: File exists
jit_kernel_write(): could not link cache file "/home/kms/.drjit/8592e64f90ad8c76ccd5aaa7b317a800.llvm.bin" into file system: File exists
jit_kernel_write(): could not link cache file "/home/kms/.drjit/8592e64f90ad8c76ccd5aaa7b317a800.llvm.bin" into file system: File exists
jit_kernel_write(): could not link cache file "/home/kms/.drjit/8592e64f90ad8c76ccd5aaa7b317a800.llvm.bin" into file system: File exists
jit_kernel_write(): could not link cache file "/home/kms/.drjit/b1fba7ac4eae8dc7bdb16c87f89bc972.llvm.bin" into file system: File exists
jit_kernel_write(): could not link cache file "/home/kms/.drjit/2a379ea33c2c9303fb4620ab844ca757.llvm.bin" into file system: File exists
jit_kernel_write(): could not link cache file "/home/kms/.drjit/2a379ea33c2c9303fb4620ab844ca757.llvm.bin" into file system: File exists
jit_kernel_write(): could not link cache file "/home/kms/.drjit/2a379ea33c2c9303fb4620ab844ca757.llvm.bin" into file system: File exists
jit_kernel_write(): could not link cache file "/home/kms/.drjit/9c4221464bb8759c06f41db755a8b1f2.llvm.bin" into file system: File exists
jit_kernel_write(): could not link cache file "/home/kms/.drjit/cea4210ee67c6da72ecb8f4fa64059e3.llvm.bin" into file system: File exists
jit_kernel_write(): could not link cache file "/home/kms/.drjit/cea4210ee67c6da72ecb8f4fa64059e3.llvm.bin" into file system: File exists
jit_kernel_write(): could not link cache file "/home/kms/.drjit/cea4210ee67c6da72ecb8f4fa64059e3.llvm.bin" into file system: File exists
jit_kernel_write(): could not link cache file "/home/kms/.drjit/8b47920ccabe3c24fc92776c6b95722c.llvm.bin" into file system: File exists
jit_kernel_write(): could not link cache file "/home/kms/.drjit/8b47920ccabe3c24fc92776c6b95722c.llvm.bin" into file system: File exists
jit_kernel_write(): could not link cache file "/home/kms/.drjit/8b47920ccabe3c24fc92776c6b95722c.llvm.bin" into file system: File exists
jit_kernel_write(): could not link cache file "/home/kms/.drjit/e39bc35a2f43f238b29588d1bc78ae29.llvm.bin" into file system: File exists
jit_kernel_write(): could not link cache file "/home/kms/.drjit/a21fc11cb87efba88abd4929c145ea40.llvm.bin" into file system: File exists
jit_kernel_write(): could not link cache file "/home/kms/.drjit/4906c97aa323fcf2af9cdc4d8898d528.llvm.bin" into file system: File exists
jit_kernel_write(): could not link cache file "/home/kms/.drjit/4906c97aa323fcf2af9cdc4d8898d528.llvm.bin" into file system: File exists
jit_kernel_write(): could not link cache file "/home/kms/.drjit/4906c97aa323fcf2af9cdc4d8898d528.llvm.bin" into file system: File exists
jit_kernel_write(): could not link cache file "/home/kms/.drjit/b4cc1cf3f436a7ad0da53e823bf961a8.llvm.bin" into file system: File exists
jit_kernel_write(): could not link cache file "/home/kms/.drjit/9e840cf73bbc5041a4f71074ad738109.llvm.bin" into file system: File exists
jit_kernel_write(): could not link cache file "/home/kms/.drjit/9e840cf73bbc5041a4f71074ad738109.llvm.bin" into file system: File exists
jit_kernel_write(): could not write compiled kernel to cache file "/home/kms/.drjit/9e840cf73bbc5041a4f71074ad738109.llvm.bin.tmp": File exists
jit_kernel_write(): could not link cache file "/home/kms/.drjit/9e840cf73bbc5041a4f71074ad738109.llvm.bin" into file system: File exists
jit_kernel_write(): could not link cache file "/home/kms/.drjit/76a9f3107838e739035901792c02acdc.llvm.bin" into file system: File exists
jit_kernel_write(): could not link cache file "/home/kms/.drjit/52cc64e4204ca7fbe904a4bd71c0f8b1.llvm.bin" into file system: File exists
jit_kernel_write(): could not link cache file "/home/kms/.drjit/63ae163790d242ef2b28175ac903679f.llvm.bin" into file system: File exists
jit_kernel_write(): could not link cache file "/home/kms/.drjit/192402ea317f42585bc361b8dd87ba74.llvm.bin" into file system: File exists
jit_kernel_write(): could not link cache file "/home/kms/.drjit/52cc64e4204ca7fbe904a4bd71c0f8b1.llvm.bin" into file system: File exists
jit_kernel_write(): could not link cache file "/home/kms/.drjit/52cc64e4204ca7fbe904a4bd71c0f8b1.llvm.bin" into file system: File exists
jit_kernel_write(): could not link cache file "/home/kms/.drjit/efe7920e4df3cb5e44b856994a1e16dc.llvm.bin" into file system: File exists
jit_kernel_write(): could not link cache file "/home/kms/.drjit/efe7920e4df3cb5e44b856994a1e16dc.llvm.bin" into file system: File exists
jit_kernel_write(): could not link cache file "/home/kms/.drjit/cf26bb318686e6272c12b0091a6db501.llvm.bin" into file system: File exists
jit_kernel_write(): could not link cache file "/home/kms/.drjit/cf26bb318686e6272c12b0091a6db501.llvm.bin" into file system: File exists
jit_kernel_write(): could not link cache file "/home/kms/.drjit/cf26bb318686e6272c12b0091a6db501.llvm.bin" into file system: File exists
jit_kernel_write(): could not link cache file "/home/kms/.drjit/cf26bb318686e6272c12b0091a6db501.llvm.bin" into file system: File exists
jit_kernel_write(): could not link cache file "/home/kms/.drjit/163169dbec01ef890570e08e77b50edc.llvm.bin" into file system: File exists
jit_kernel_write(): could not link cache file "/home/kms/.drjit/ff0d9c0d6d22e3aa3c8cb489d18d60d9.llvm.bin" into file system: File exists
jit_kernel_write(): could not link cache file "/home/kms/.drjit/ff0d9c0d6d22e3aa3c8cb489d18d60d9.llvm.bin" into file system: File exists
jit_kernel_write(): could not link cache file "/home/kms/.drjit/ff0d9c0d6d22e3aa3c8cb489d18d60d9.llvm.bin" into file system: File exists
jit_kernel_write(): could not link cache file "/home/kms/.drjit/ff0d9c0d6d22e3aa3c8cb489d18d60d9.llvm.bin" into file system: File exists
jit_kernel_write(): could not link cache file "/home/kms/.drjit/171e58d9d343df2c2ffcd5004f82d14a.llvm.bin" into file system: File exists
jit_kernel_write(): could not link cache file "/home/kms/.drjit/9facc1b4bc6dd4bd43d222660b77c3c9.llvm.bin" into file system: File exists
jit_kernel_write(): could not link cache file "/home/kms/.drjit/9facc1b4bc6dd4bd43d222660b77c3c9.llvm.bin" into file system: File exists
jit_kernel_write(): could not link cache file "/home/kms/.drjit/9facc1b4bc6dd4bd43d222660b77c3c9.llvm.bin" into file system: File exists
jit_kernel_write(): could not link cache file "/home/kms/.drjit/9facc1b4bc6dd4bd43d222660b77c3c9.llvm.bin" into file system: File exists
jit_kernel_write(): could not link cache file "/home/kms/.drjit/6991b1f3692bde3be686b6e31251d6db.llvm.bin" into file system: File exists
jit_kernel_write(): could not link cache file "/home/kms/.drjit/6991b1f3692bde3be686b6e31251d6db.llvm.bin" into file system: File exists
jit_kernel_write(): could not link cache file "/home/kms/.drjit/010b1dfcaf5e744caf2a903c9ddefc48.llvm.bin" into file system: File exists
jit_kernel_write(): could not link cache file "/home/kms/.drjit/010b1dfcaf5e744caf2a903c9ddefc48.llvm.bin" into file system: File exists
jit_kernel_write(): could not link cache file "/home/kms/.drjit/010b1dfcaf5e744caf2a903c9ddefc48.llvm.bin" into file system: File exists
jit_kernel_write(): could not link cache file "/home/kms/.drjit/010b1dfcaf5e744caf2a903c9ddefc48.llvm.bin" into file system: File exists
jit_kernel_write(): could not link cache file "/home/kms/.drjit/1cd1604056a108876d2310fa2ad1c875.llvm.bin" into file system: File exists
jit_kernel_write(): could not link cache file "/home/kms/.drjit/1cd1604056a108876d2310fa2ad1c875.llvm.bin" into file system: File exists
{"position": 0, "bin": 16, "done": 17, "of": 257, "seconds": 65.8, "last_paths": 63}
{"position": 2, "bin": 16, "done": 17, "of": 257, "seconds": 65.8, "last_paths": 63}
{"position": 3, "bin": 16, "done": 17, "of": 257, "seconds": 66.5, "last_paths": 63}
jit_kernel_write(): could not link cache file "/home/kms/.drjit/a12f9ecbae725186697feec4c20bfd30.llvm.bin" into file system: File exists
{"position": 1, "bin": 16, "done": 17, "of": 257, "seconds": 67.6, "last_paths": 63}
jit_kernel_write(): could not link cache file "/home/kms/.drjit/e47adcd0a7b4b7595773d18d0dbfe589.llvm.bin" into file system: File exists
jit_kernel_write(): could not link cache file "/home/kms/.drjit/e47adcd0a7b4b7595773d18d0dbfe589.llvm.bin" into file system: File exists
{"position": 4, "bin": 16, "done": 17, "of": 257, "seconds": 67.6, "last_paths": 63}
jit_kernel_write(): could not link cache file "/home/kms/.drjit/07d39ab8a6af263fdc6f966ffc225bde.llvm.bin" into file system: File exists
jit_kernel_write(): could not link cache file "/home/kms/.drjit/07d39ab8a6af263fdc6f966ffc225bde.llvm.bin" into file system: File exists
jit_kernel_write(): could not link cache file "/home/kms/.drjit/07d39ab8a6af263fdc6f966ffc225bde.llvm.bin" into file system: File exists
jit_kernel_write(): could not link cache file "/home/kms/.drjit/13bd1a339c8b59ca67547a96eab81c5c.llvm.bin" into file system: File exists
jit_kernel_write(): could not link cache file "/home/kms/.drjit/13bd1a339c8b59ca67547a96eab81c5c.llvm.bin" into file system: File exists
jit_kernel_write(): could not link cache file "/home/kms/.drjit/13bd1a339c8b59ca67547a96eab81c5c.llvm.bin" into file system: File exists
jit_kernel_write(): could not link cache file "/home/kms/.drjit/13bd1a339c8b59ca67547a96eab81c5c.llvm.bin" into file system: File exists
jit_kernel_write(): could not link cache file "/home/kms/.drjit/9a7d819b0b471e7698363dfb7e308146.llvm.bin" into file system: File exists
jit_kernel_write(): could not link cache file "/home/kms/.drjit/9a7d819b0b471e7698363dfb7e308146.llvm.bin" into file system: File exists
jit_kernel_write(): could not link cache file "/home/kms/.drjit/9a7d819b0b471e7698363dfb7e308146.llvm.bin" into file system: File exists
jit_kernel_write(): could not link cache file "/home/kms/.drjit/3eb670a3cce744560d0029e04eb68b43.llvm.bin" into file system: File exists
jit_kernel_write(): could not link cache file "/home/kms/.drjit/3eb670a3cce744560d0029e04eb68b43.llvm.bin" into file system: File exists
jit_kernel_write(): could not link cache file "/home/kms/.drjit/3644d123b386a8ad8ea84c414aeece92.llvm.bin" into file system: File exists
jit_kernel_write(): could not link cache file "/home/kms/.drjit/3644d123b386a8ad8ea84c414aeece92.llvm.bin" into file system: File exists
jit_kernel_write(): could not link cache file "/home/kms/.drjit/3644d123b386a8ad8ea84c414aeece92.llvm.bin" into file system: File exists
jit_kernel_write(): could not link cache file "/home/kms/.drjit/c4b613cca58d060c76a865a37c911681.llvm.bin" into file system: File exists
jit_kernel_write(): could not link cache file "/home/kms/.drjit/c4b613cca58d060c76a865a37c911681.llvm.bin" into file system: File exists
jit_kernel_write(): could not link cache file "/home/kms/.drjit/c4b613cca58d060c76a865a37c911681.llvm.bin" into file system: File exists
jit_kernel_write(): could not link cache file "/home/kms/.drjit/94bab122ddfe5dc419b7f3993ef46b10.llvm.bin" into file system: File exists
jit_kernel_write(): could not link cache file "/home/kms/.drjit/94bab122ddfe5dc419b7f3993ef46b10.llvm.bin" into file system: File exists
jit_kernel_write(): could not link cache file "/home/kms/.drjit/94bab122ddfe5dc419b7f3993ef46b10.llvm.bin" into file system: File exists
jit_kernel_write(): could not link cache file "/home/kms/.drjit/94bab122ddfe5dc419b7f3993ef46b10.llvm.bin" into file system: File exists
jit_kernel_write(): could not link cache file "/home/kms/.drjit/d5e2a1eaae8f6301ae91975a919b85cd.llvm.bin" into file system: File exists
jit_kernel_write(): could not link cache file "/home/kms/.drjit/d5e2a1eaae8f6301ae91975a919b85cd.llvm.bin" into file system: File exists
jit_kernel_write(): could not link cache file "/home/kms/.drjit/9ccec64ebb5cb535fb4432b443c6d338.llvm.bin" into file system: File exists
jit_kernel_write(): could not link cache file "/home/kms/.drjit/9ccec64ebb5cb535fb4432b443c6d338.llvm.bin" into file system: File exists
jit_kernel_write(): could not link cache file "/home/kms/.drjit/9ccec64ebb5cb535fb4432b443c6d338.llvm.bin" into file system: File exists
jit_kernel_write(): could not link cache file "/home/kms/.drjit/9ccec64ebb5cb535fb4432b443c6d338.llvm.bin" into file system: File exists
jit_kernel_write(): could not link cache file "/home/kms/.drjit/1e9a5c663db4ba864aedc809b2c88a1d.llvm.bin" into file system: File exists
jit_kernel_write(): could not link cache file "/home/kms/.drjit/1e9a5c663db4ba864aedc809b2c88a1d.llvm.bin" into file system: File exists
jit_kernel_write(): could not link cache file "/home/kms/.drjit/0dde93ecbf063045b1fa9db733070c76.llvm.bin" into file system: File exists
jit_kernel_write(): could not link cache file "/home/kms/.drjit/0dde93ecbf063045b1fa9db733070c76.llvm.bin" into file system: File exists
jit_kernel_write(): could not link cache file "/home/kms/.drjit/0dde93ecbf063045b1fa9db733070c76.llvm.bin" into file system: File exists
jit_kernel_write(): could not link cache file "/home/kms/.drjit/0dde93ecbf063045b1fa9db733070c76.llvm.bin" into file system: File exists
jit_kernel_write(): could not link cache file "/home/kms/.drjit/6a8fe7f41e0b146f7959e05552ff8750.llvm.bin" into file system: File exists
jit_kernel_write(): could not link cache file "/home/kms/.drjit/a12ebd5ff2093fd31d604c7ac939b448.llvm.bin" into file system: File exists
jit_kernel_write(): could not link cache file "/home/kms/.drjit/a12ebd5ff2093fd31d604c7ac939b448.llvm.bin" into file system: File exists
jit_kernel_write(): could not link cache file "/home/kms/.drjit/a12ebd5ff2093fd31d604c7ac939b448.llvm.bin" into file system: File exists
jit_kernel_write(): could not link cache file "/home/kms/.drjit/a12ebd5ff2093fd31d604c7ac939b448.llvm.bin" into file system: File exists
jit_kernel_write(): could not link cache file "/home/kms/.drjit/14a49cb1017062d9a7159f276458cd9d.llvm.bin" into file system: File exists
jit_kernel_write(): could not link cache file "/home/kms/.drjit/14a49cb1017062d9a7159f276458cd9d.llvm.bin" into file system: File exists
jit_kernel_write(): could not link cache file "/home/kms/.drjit/14a49cb1017062d9a7159f276458cd9d.llvm.bin" into file system: File exists
jit_kernel_write(): could not link cache file "/home/kms/.drjit/48943978c36e45b3bd4dd048fff05236.llvm.bin" into file system: File exists
jit_kernel_write(): could not link cache file "/home/kms/.drjit/332460e8b0a8924c1556631c6fc0c291.llvm.bin" into file system: File exists
jit_kernel_write(): could not link cache file "/home/kms/.drjit/332460e8b0a8924c1556631c6fc0c291.llvm.bin" into file system: File exists
jit_kernel_write(): could not link cache file "/home/kms/.drjit/332460e8b0a8924c1556631c6fc0c291.llvm.bin" into file system: File exists
jit_kernel_write(): could not link cache file "/home/kms/.drjit/332460e8b0a8924c1556631c6fc0c291.llvm.bin" into file system: File exists
jit_kernel_write(): could not link cache file "/home/kms/.drjit/7614dfaa68761e3b7b7289cb66763102.llvm.bin" into file system: File exists
jit_kernel_write(): could not link cache file "/home/kms/.drjit/7614dfaa68761e3b7b7289cb66763102.llvm.bin" into file system: File exists
jit_kernel_write(): could not link cache file "/home/kms/.drjit/2de74be338a73f19e25ebac96a48b2f7.llvm.bin" into file system: File exists
jit_kernel_write(): could not link cache file "/home/kms/.drjit/2de74be338a73f19e25ebac96a48b2f7.llvm.bin" into file system: File exists
jit_kernel_write(): could not link cache file "/home/kms/.drjit/2de74be338a73f19e25ebac96a48b2f7.llvm.bin" into file system: File exists
jit_kernel_write(): could not link cache file "/home/kms/.drjit/2de74be338a73f19e25ebac96a48b2f7.llvm.bin" into file system: File exists
jit_kernel_write(): could not link cache file "/home/kms/.drjit/a78e6fc13bd2635a584118d4088f79b1.llvm.bin" into file system: File exists
jit_kernel_write(): could not link cache file "/home/kms/.drjit/a78e6fc13bd2635a584118d4088f79b1.llvm.bin" into file system: File exists
jit_kernel_write(): could not link cache file "/home/kms/.drjit/0233be1c9303d12dd9f2878ea5dd95de.llvm.bin" into file system: File exists
jit_kernel_write(): could not link cache file "/home/kms/.drjit/0233be1c9303d12dd9f2878ea5dd95de.llvm.bin" into file system: File exists
jit_kernel_write(): could not link cache file "/home/kms/.drjit/0233be1c9303d12dd9f2878ea5dd95de.llvm.bin" into file system: File exists
jit_kernel_write(): could not link cache file "/home/kms/.drjit/0233be1c9303d12dd9f2878ea5dd95de.llvm.bin" into file system: File exists
jit_kernel_write(): could not link cache file "/home/kms/.drjit/2843e2b48d1fa1b51b28a739baedf05a.llvm.bin" into file system: File exists
jit_kernel_write(): could not link cache file "/home/kms/.drjit/2843e2b48d1fa1b51b28a739baedf05a.llvm.bin" into file system: File exists
jit_kernel_write(): could not link cache file "/home/kms/.drjit/78495967c47574d1319e3008e8fa0320.llvm.bin" into file system: File exists
jit_kernel_write(): could not link cache file "/home/kms/.drjit/78495967c47574d1319e3008e8fa0320.llvm.bin" into file system: File exists
jit_kernel_write(): could not link cache file "/home/kms/.drjit/78495967c47574d1319e3008e8fa0320.llvm.bin" into file system: File exists
jit_kernel_write(): could not link cache file "/home/kms/.drjit/78495967c47574d1319e3008e8fa0320.llvm.bin" into file system: File exists
jit_kernel_write(): could not link cache file "/home/kms/.drjit/fef691854153997b01232a4371ace9a8.llvm.bin" into file system: File exists
jit_kernel_write(): could not link cache file "/home/kms/.drjit/fef691854153997b01232a4371ace9a8.llvm.bin" into file system: File exists
jit_kernel_write(): could not link cache file "/home/kms/.drjit/fef691854153997b01232a4371ace9a8.llvm.bin" into file system: File exists
jit_kernel_write(): could not link cache file "/home/kms/.drjit/fef691854153997b01232a4371ace9a8.llvm.bin" into file system: File exists
jit_kernel_write(): could not link cache file "/home/kms/.drjit/e22ee468820ade4396583f03dd115373.llvm.bin" into file system: File exists
jit_kernel_write(): could not link cache file "/home/kms/.drjit/5b013494bf3a3971bc7d1caab2276ad7.llvm.bin" into file system: File exists
jit_kernel_write(): could not link cache file "/home/kms/.drjit/5b013494bf3a3971bc7d1caab2276ad7.llvm.bin" into file system: File exists
jit_kernel_write(): could not link cache file "/home/kms/.drjit/5b013494bf3a3971bc7d1caab2276ad7.llvm.bin" into file system: File exists
jit_kernel_write(): could not link cache file "/home/kms/.drjit/2b6eaa0f3e35266d4570425f6f2ffab4.llvm.bin" into file system: File exists
jit_kernel_write(): could not link cache file "/home/kms/.drjit/2b6eaa0f3e35266d4570425f6f2ffab4.llvm.bin" into file system: File exists
{"position": 3, "bin": 32, "done": 33, "of": 257, "seconds": 120.7, "last_paths": 63}
{"position": 2, "bin": 32, "done": 33, "of": 257, "seconds": 120.8, "last_paths": 63}
{"position": 4, "bin": 32, "done": 33, "of": 257, "seconds": 120.9, "last_paths": 63}
{"position": 1, "bin": 32, "done": 33, "of": 257, "seconds": 121.5, "last_paths": 63}
jit_kernel_write(): could not link cache file "/home/kms/.drjit/cc9da18b0734088af0197c9d020cb333.llvm.bin" into file system: File exists
{"position": 0, "bin": 32, "done": 33, "of": 257, "seconds": 121.4, "last_paths": 63}
jit_kernel_write(): could not link cache file "/home/kms/.drjit/cc9da18b0734088af0197c9d020cb333.llvm.bin" into file system: File exists
jit_kernel_write(): could not link cache file "/home/kms/.drjit/50df80811e77d087bedc9197ad30454a.llvm.bin" into file system: File exists
jit_kernel_write(): could not link cache file "/home/kms/.drjit/50df80811e77d087bedc9197ad30454a.llvm.bin" into file system: File exists
jit_kernel_write(): could not link cache file "/home/kms/.drjit/50df80811e77d087bedc9197ad30454a.llvm.bin" into file system: File exists
jit_kernel_write(): could not link cache file "/home/kms/.drjit/50df80811e77d087bedc9197ad30454a.llvm.bin" into file system: File exists
jit_kernel_write(): could not link cache file "/home/kms/.drjit/351b32c48240033d4696f6ef6221bf2d.llvm.bin" into file system: File exists
jit_kernel_write(): could not link cache file "/home/kms/.drjit/351b32c48240033d4696f6ef6221bf2d.llvm.bin" into file system: File exists
jit_kernel_write(): could not link cache file "/home/kms/.drjit/97feb27794aeee0bc7d98dc9fff42e5f.llvm.bin" into file system: File exists
jit_kernel_write(): could not link cache file "/home/kms/.drjit/97feb27794aeee0bc7d98dc9fff42e5f.llvm.bin" into file system: File exists
jit_kernel_write(): could not link cache file "/home/kms/.drjit/97feb27794aeee0bc7d98dc9fff42e5f.llvm.bin" into file system: File exists
jit_kernel_write(): could not link cache file "/home/kms/.drjit/97feb27794aeee0bc7d98dc9fff42e5f.llvm.bin" into file system: File exists
jit_kernel_write(): could not link cache file "/home/kms/.drjit/741a4550ca48ddc69daa0f3695e5214c.llvm.bin" into file system: File exists
jit_kernel_write(): could not link cache file "/home/kms/.drjit/741a4550ca48ddc69daa0f3695e5214c.llvm.bin" into file system: File exists
jit_kernel_write(): could not link cache file "/home/kms/.drjit/c11bcf2edfdda03698b0945ffbe08268.llvm.bin" into file system: File exists
jit_kernel_write(): could not link cache file "/home/kms/.drjit/c11bcf2edfdda03698b0945ffbe08268.llvm.bin" into file system: File exists
jit_kernel_write(): could not link cache file "/home/kms/.drjit/c11bcf2edfdda03698b0945ffbe08268.llvm.bin" into file system: File exists
jit_kernel_write(): could not link cache file "/home/kms/.drjit/c11bcf2edfdda03698b0945ffbe08268.llvm.bin" into file system: File exists
jit_kernel_write(): could not link cache file "/home/kms/.drjit/7654c58dc8f0eec0463c753116fb4eea.llvm.bin" into file system: File exists
jit_kernel_write(): could not link cache file "/home/kms/.drjit/7654c58dc8f0eec0463c753116fb4eea.llvm.bin" into file system: File exists
jit_kernel_write(): could not link cache file "/home/kms/.drjit/56ba6684f5a818f2d89cf01e5bc1f07b.llvm.bin" into file system: File exists
jit_kernel_write(): could not link cache file "/home/kms/.drjit/56ba6684f5a818f2d89cf01e5bc1f07b.llvm.bin" into file system: File exists
jit_kernel_write(): could not link cache file "/home/kms/.drjit/56ba6684f5a818f2d89cf01e5bc1f07b.llvm.bin" into file system: File exists
jit_kernel_write(): could not link cache file "/home/kms/.drjit/56ba6684f5a818f2d89cf01e5bc1f07b.llvm.bin" into file system: File exists
jit_kernel_write(): could not link cache file "/home/kms/.drjit/79ed010ecd460629b967388d2d097d7c.llvm.bin" into file system: File exists
jit_kernel_write(): could not link cache file "/home/kms/.drjit/79ed010ecd460629b967388d2d097d7c.llvm.bin" into file system: File exists
jit_kernel_write(): could not link cache file "/home/kms/.drjit/505ce8c86201cd1d58660ecf63d4256d.llvm.bin" into file system: File exists
jit_kernel_write(): could not link cache file "/home/kms/.drjit/505ce8c86201cd1d58660ecf63d4256d.llvm.bin" into file system: File exists
jit_kernel_write(): could not link cache file "/home/kms/.drjit/505ce8c86201cd1d58660ecf63d4256d.llvm.bin" into file system: File exists
jit_kernel_write(): could not link cache file "/home/kms/.drjit/505ce8c86201cd1d58660ecf63d4256d.llvm.bin" into file system: File exists
jit_kernel_write(): could not link cache file "/home/kms/.drjit/3c960ca407b1f825e9e3c77e0607730c.llvm.bin" into file system: File exists
jit_kernel_write(): could not link cache file "/home/kms/.drjit/3c960ca407b1f825e9e3c77e0607730c.llvm.bin" into file system: File exists
jit_kernel_write(): could not link cache file "/home/kms/.drjit/e8c0f511a9bf76c282de226d4fd617ae.llvm.bin" into file system: File exists
jit_kernel_write(): could not link cache file "/home/kms/.drjit/e8c0f511a9bf76c282de226d4fd617ae.llvm.bin" into file system: File exists
jit_kernel_write(): could not link cache file "/home/kms/.drjit/e8c0f511a9bf76c282de226d4fd617ae.llvm.bin" into file system: File exists
jit_kernel_write(): could not link cache file "/home/kms/.drjit/e8c0f511a9bf76c282de226d4fd617ae.llvm.bin" into file system: File exists
jit_kernel_write(): could not link cache file "/home/kms/.drjit/1a3cf884d8f8d931ffe10bebcfeaf4f9.llvm.bin" into file system: File exists
jit_kernel_write(): could not link cache file "/home/kms/.drjit/608d36ff8e58d18b20febbda50581a0a.llvm.bin" into file system: File exists
jit_kernel_write(): could not link cache file "/home/kms/.drjit/608d36ff8e58d18b20febbda50581a0a.llvm.bin" into file system: File exists
jit_kernel_write(): could not link cache file "/home/kms/.drjit/608d36ff8e58d18b20febbda50581a0a.llvm.bin" into file system: File exists
jit_kernel_write(): could not link cache file "/home/kms/.drjit/608d36ff8e58d18b20febbda50581a0a.llvm.bin" into file system: File exists
jit_kernel_write(): could not link cache file "/home/kms/.drjit/505b8842617f800ba9d43b65d04ef5cf.llvm.bin" into file system: File exists
jit_kernel_write(): could not link cache file "/home/kms/.drjit/505b8842617f800ba9d43b65d04ef5cf.llvm.bin" into file system: File exists
jit_kernel_write(): could not link cache file "/home/kms/.drjit/a7be8978e90af37d2455bca998d9b13c.llvm.bin" into file system: File exists
jit_kernel_write(): could not link cache file "/home/kms/.drjit/a7be8978e90af37d2455bca998d9b13c.llvm.bin" into file system: File exists
jit_kernel_write(): could not link cache file "/home/kms/.drjit/a7be8978e90af37d2455bca998d9b13c.llvm.bin" into file system: File exists
jit_kernel_write(): could not link cache file "/home/kms/.drjit/a7be8978e90af37d2455bca998d9b13c.llvm.bin" into file system: File exists
jit_kernel_write(): could not link cache file "/home/kms/.drjit/0c4798e63a96d96d3d2b35755dfbdb82.llvm.bin" into file system: File exists
jit_kernel_write(): could not link cache file "/home/kms/.drjit/0c4798e63a96d96d3d2b35755dfbdb82.llvm.bin" into file system: File exists
jit_kernel_write(): could not link cache file "/home/kms/.drjit/20509f065cf006c96ca5aefb7b967224.llvm.bin" into file system: File exists
jit_kernel_write(): could not link cache file "/home/kms/.drjit/20509f065cf006c96ca5aefb7b967224.llvm.bin" into file system: File exists
jit_kernel_write(): could not link cache file "/home/kms/.drjit/20509f065cf006c96ca5aefb7b967224.llvm.bin" into file system: File exists
jit_kernel_write(): could not link cache file "/home/kms/.drjit/20509f065cf006c96ca5aefb7b967224.llvm.bin" into file system: File exists
jit_kernel_write(): could not link cache file "/home/kms/.drjit/2cf21e4248ac0d1e06467db5fffdf992.llvm.bin" into file system: File exists
jit_kernel_write(): could not link cache file "/home/kms/.drjit/2cf21e4248ac0d1e06467db5fffdf992.llvm.bin" into file system: File exists
jit_kernel_write(): could not link cache file "/home/kms/.drjit/2cf21e4248ac0d1e06467db5fffdf992.llvm.bin" into file system: File exists
jit_kernel_write(): could not link cache file "/home/kms/.drjit/cc75d66ff6ae835cdde2d3b0beda5fd3.llvm.bin" into file system: File exists
jit_kernel_write(): could not link cache file "/home/kms/.drjit/cc75d66ff6ae835cdde2d3b0beda5fd3.llvm.bin" into file system: File exists
jit_kernel_write(): could not link cache file "/home/kms/.drjit/cc75d66ff6ae835cdde2d3b0beda5fd3.llvm.bin" into file system: File exists
jit_kernel_write(): could not link cache file "/home/kms/.drjit/cc75d66ff6ae835cdde2d3b0beda5fd3.llvm.bin" into file system: File exists
jit_kernel_write(): could not link cache file "/home/kms/.drjit/f8015505ab4e1eb726fea2722857d18d.llvm.bin" into file system: File exists
jit_kernel_write(): could not write compiled kernel to cache file "/home/kms/.drjit/f8015505ab4e1eb726fea2722857d18d.llvm.bin.tmp": File exists
jit_kernel_write(): could not link cache file "/home/kms/.drjit/f8015505ab4e1eb726fea2722857d18d.llvm.bin" into file system: File exists
jit_kernel_write(): could not link cache file "/home/kms/.drjit/08ee87cf4d9f8b504c12976a73598a55.llvm.bin" into file system: File exists
jit_kernel_write(): could not link cache file "/home/kms/.drjit/08ee87cf4d9f8b504c12976a73598a55.llvm.bin" into file system: File exists
jit_kernel_write(): could not link cache file "/home/kms/.drjit/08ee87cf4d9f8b504c12976a73598a55.llvm.bin" into file system: File exists
jit_kernel_write(): could not link cache file "/home/kms/.drjit/08ee87cf4d9f8b504c12976a73598a55.llvm.bin" into file system: File exists
jit_kernel_write(): could not link cache file "/home/kms/.drjit/63102fb99da054fdd1c3ea7194cecd93.llvm.bin" into file system: File exists
jit_kernel_write(): could not link cache file "/home/kms/.drjit/63102fb99da054fdd1c3ea7194cecd93.llvm.bin" into file system: File exists
jit_kernel_write(): could not link cache file "/home/kms/.drjit/63102fb99da054fdd1c3ea7194cecd93.llvm.bin" into file system: File exists
jit_kernel_write(): could not link cache file "/home/kms/.drjit/07829926c24d758967a530cc48f39425.llvm.bin" into file system: File exists
jit_kernel_write(): could not link cache file "/home/kms/.drjit/07829926c24d758967a530cc48f39425.llvm.bin" into file system: File exists
jit_kernel_write(): could not link cache file "/home/kms/.drjit/07829926c24d758967a530cc48f39425.llvm.bin" into file system: File exists
jit_kernel_write(): could not link cache file "/home/kms/.drjit/07829926c24d758967a530cc48f39425.llvm.bin" into file system: File exists
jit_kernel_write(): could not link cache file "/home/kms/.drjit/90d5def58778bcc529c578cf1909a5a4.llvm.bin" into file system: File exists
jit_kernel_write(): could not link cache file "/home/kms/.drjit/90d5def58778bcc529c578cf1909a5a4.llvm.bin" into file system: File exists
jit_kernel_write(): could not link cache file "/home/kms/.drjit/c7a96fb4818917b0a1cc199a8f1e76c9.llvm.bin" into file system: File exists
jit_kernel_write(): could not link cache file "/home/kms/.drjit/c7a96fb4818917b0a1cc199a8f1e76c9.llvm.bin" into file system: File exists
jit_kernel_write(): could not link cache file "/home/kms/.drjit/c7a96fb4818917b0a1cc199a8f1e76c9.llvm.bin" into file system: File exists
jit_kernel_write(): could not link cache file "/home/kms/.drjit/c7a96fb4818917b0a1cc199a8f1e76c9.llvm.bin" into file system: File exists
jit_kernel_write(): could not link cache file "/home/kms/.drjit/a8844fdeebc50a2cfbf6c955061802bc.llvm.bin" into file system: File exists
jit_kernel_write(): could not link cache file "/home/kms/.drjit/a8844fdeebc50a2cfbf6c955061802bc.llvm.bin" into file system: File exists
jit_kernel_write(): could not link cache file "/home/kms/.drjit/53944a47b66a855c7c8f11d51de70c8e.llvm.bin" into file system: File exists
jit_kernel_write(): could not link cache file "/home/kms/.drjit/53944a47b66a855c7c8f11d51de70c8e.llvm.bin" into file system: File exists
jit_kernel_write(): could not link cache file "/home/kms/.drjit/53944a47b66a855c7c8f11d51de70c8e.llvm.bin" into file system: File exists
jit_kernel_write(): could not link cache file "/home/kms/.drjit/53944a47b66a855c7c8f11d51de70c8e.llvm.bin" into file system: File exists
jit_kernel_write(): could not link cache file "/home/kms/.drjit/7cf603936b627540c017045001c87cd2.llvm.bin" into file system: File exists
jit_kernel_write(): could not link cache file "/home/kms/.drjit/7cf603936b627540c017045001c87cd2.llvm.bin" into file system: File exists
jit_kernel_write(): could not link cache file "/home/kms/.drjit/7cf603936b627540c017045001c87cd2.llvm.bin" into file system: File exists
jit_kernel_write(): could not link cache file "/home/kms/.drjit/b3bae2b1e9484e0effd919e60ca8a70b.llvm.bin" into file system: File exists
jit_kernel_write(): could not link cache file "/home/kms/.drjit/b3bae2b1e9484e0effd919e60ca8a70b.llvm.bin" into file system: File exists
jit_kernel_write(): could not link cache file "/home/kms/.drjit/b3bae2b1e9484e0effd919e60ca8a70b.llvm.bin" into file system: File exists
jit_kernel_write(): could not link cache file "/home/kms/.drjit/b3bae2b1e9484e0effd919e60ca8a70b.llvm.bin" into file system: File exists
jit_kernel_write(): could not link cache file "/home/kms/.drjit/22ef8a6173d0afe504a57da92cd40c8a.llvm.bin" into file system: File exists
jit_kernel_write(): could not link cache file "/home/kms/.drjit/22ef8a6173d0afe504a57da92cd40c8a.llvm.bin" into file system: File exists
jit_kernel_write(): could not link cache file "/home/kms/.drjit/22ef8a6173d0afe504a57da92cd40c8a.llvm.bin" into file system: File exists
jit_kernel_write(): could not link cache file "/home/kms/.drjit/22ef8a6173d0afe504a57da92cd40c8a.llvm.bin" into file system: File exists
{"position": 3, "bin": 48, "done": 49, "of": 257, "seconds": 164.3, "last_paths": 63}
{"position": 2, "bin": 48, "done": 49, "of": 257, "seconds": 164.3, "last_paths": 63}
{"position": 1, "bin": 48, "done": 49, "of": 257, "seconds": 165.0, "last_paths": 63}
jit_kernel_write(): could not link cache file "/home/kms/.drjit/8f52cc8ef47ceab4200009b53771c251.llvm.bin" into file system: File exists
{"position": 4, "bin": 48, "done": 49, "of": 257, "seconds": 164.9, "last_paths": 63}
{"position": 0, "bin": 48, "done": 49, "of": 257, "seconds": 165.2, "last_paths": 63}
jit_kernel_write(): could not link cache file "/home/kms/.drjit/7cd478a4e992aa9353aba43ea0a708b4.llvm.bin" into file system: File exists
jit_kernel_write(): could not link cache file "/home/kms/.drjit/7cd478a4e992aa9353aba43ea0a708b4.llvm.bin" into file system: File exists
jit_kernel_write(): could not link cache file "/home/kms/.drjit/7cd478a4e992aa9353aba43ea0a708b4.llvm.bin" into file system: File exists
jit_kernel_write(): could not link cache file "/home/kms/.drjit/7cd478a4e992aa9353aba43ea0a708b4.llvm.bin" into file system: File exists
jit_kernel_write(): could not link cache file "/home/kms/.drjit/ad2e5da33a553d31a659051b4507a733.llvm.bin" into file system: File exists
jit_kernel_write(): could not link cache file "/home/kms/.drjit/ad2e5da33a553d31a659051b4507a733.llvm.bin" into file system: File exists
jit_kernel_write(): could not link cache file "/home/kms/.drjit/5d7b59f8b26dd4ce007b207c99b4d1cd.llvm.bin" into file system: File exists
jit_kernel_write(): could not link cache file "/home/kms/.drjit/5d7b59f8b26dd4ce007b207c99b4d1cd.llvm.bin" into file system: File exists
jit_kernel_write(): could not link cache file "/home/kms/.drjit/5d7b59f8b26dd4ce007b207c99b4d1cd.llvm.bin" into file system: File exists
jit_kernel_write(): could not link cache file "/home/kms/.drjit/5d7b59f8b26dd4ce007b207c99b4d1cd.llvm.bin" into file system: File exists
jit_kernel_write(): could not link cache file "/home/kms/.drjit/25bf74264e4306b5aa0fb403ce0ceefe.llvm.bin" into file system: File exists
jit_kernel_write(): could not link cache file "/home/kms/.drjit/25bf74264e4306b5aa0fb403ce0ceefe.llvm.bin" into file system: File exists
jit_kernel_write(): could not link cache file "/home/kms/.drjit/b40a4d9e62dea597c0edf98e72694236.llvm.bin" into file system: File exists
jit_kernel_write(): could not link cache file "/home/kms/.drjit/b40a4d9e62dea597c0edf98e72694236.llvm.bin" into file system: File exists
jit_kernel_write(): could not link cache file "/home/kms/.drjit/b40a4d9e62dea597c0edf98e72694236.llvm.bin" into file system: File exists
jit_kernel_write(): could not link cache file "/home/kms/.drjit/b40a4d9e62dea597c0edf98e72694236.llvm.bin" into file system: File exists
jit_kernel_write(): could not link cache file "/home/kms/.drjit/acf59c4197444cb6fd9a8baed58dfa7d.llvm.bin" into file system: File exists
jit_kernel_write(): could not link cache file "/home/kms/.drjit/acf59c4197444cb6fd9a8baed58dfa7d.llvm.bin" into file system: File exists
jit_kernel_write(): could not link cache file "/home/kms/.drjit/9dcd3a55effef545db62b6989e346736.llvm.bin" into file system: File exists
jit_kernel_write(): could not link cache file "/home/kms/.drjit/9dcd3a55effef545db62b6989e346736.llvm.bin" into file system: File exists
jit_kernel_write(): could not link cache file "/home/kms/.drjit/9dcd3a55effef545db62b6989e346736.llvm.bin" into file system: File exists
jit_kernel_write(): could not link cache file "/home/kms/.drjit/9dcd3a55effef545db62b6989e346736.llvm.bin" into file system: File exists
jit_kernel_write(): could not link cache file "/home/kms/.drjit/81bbe49ea8548cb5a9ba44fc1f6b6621.llvm.bin" into file system: File exists
jit_kernel_write(): could not link cache file "/home/kms/.drjit/81bbe49ea8548cb5a9ba44fc1f6b6621.llvm.bin" into file system: File exists
jit_kernel_write(): could not link cache file "/home/kms/.drjit/f3383636be2e2fb1721a3e53c3e30cac.llvm.bin" into file system: File exists
jit_kernel_write(): could not link cache file "/home/kms/.drjit/f3383636be2e2fb1721a3e53c3e30cac.llvm.bin" into file system: File exists
jit_kernel_write(): could not link cache file "/home/kms/.drjit/f3383636be2e2fb1721a3e53c3e30cac.llvm.bin" into file system: File exists
jit_kernel_write(): could not link cache file "/home/kms/.drjit/f3383636be2e2fb1721a3e53c3e30cac.llvm.bin" into file system: File exists
jit_kernel_write(): could not link cache file "/home/kms/.drjit/ed1f2745d24a2783c52ca8339caa8f8b.llvm.bin" into file system: File exists
jit_kernel_write(): could not link cache file "/home/kms/.drjit/ed1f2745d24a2783c52ca8339caa8f8b.llvm.bin" into file system: File exists
jit_kernel_write(): could not link cache file "/home/kms/.drjit/08254ac5865f3fd7994f419153b106f7.llvm.bin" into file system: File exists
jit_kernel_write(): could not link cache file "/home/kms/.drjit/08254ac5865f3fd7994f419153b106f7.llvm.bin" into file system: File exists
jit_kernel_write(): could not link cache file "/home/kms/.drjit/08254ac5865f3fd7994f419153b106f7.llvm.bin" into file system: File exists
jit_kernel_write(): could not link cache file "/home/kms/.drjit/08254ac5865f3fd7994f419153b106f7.llvm.bin" into file system: File exists
jit_kernel_write(): could not link cache file "/home/kms/.drjit/79e5046c088dd49a85c99ebf91ea931e.llvm.bin" into file system: File exists
jit_kernel_write(): could not link cache file "/home/kms/.drjit/33d94d82d6a781127465f7c3eac6b5fe.llvm.bin" into file system: File exists
jit_kernel_write(): could not link cache file "/home/kms/.drjit/33d94d82d6a781127465f7c3eac6b5fe.llvm.bin" into file system: File exists
jit_kernel_write(): could not link cache file "/home/kms/.drjit/33d94d82d6a781127465f7c3eac6b5fe.llvm.bin" into file system: File exists
jit_kernel_write(): could not link cache file "/home/kms/.drjit/33d94d82d6a781127465f7c3eac6b5fe.llvm.bin" into file system: File exists
jit_kernel_write(): could not link cache file "/home/kms/.drjit/9837b65808f36cac4223cc2d2f8eb170.llvm.bin" into file system: File exists
jit_kernel_write(): could not link cache file "/home/kms/.drjit/9837b65808f36cac4223cc2d2f8eb170.llvm.bin" into file system: File exists
jit_kernel_write(): could not link cache file "/home/kms/.drjit/9837b65808f36cac4223cc2d2f8eb170.llvm.bin" into file system: File exists
jit_kernel_write(): could not link cache file "/home/kms/.drjit/1cd60e9b53c89ff8ea4515db5ec8411c.llvm.bin" into file system: File exists
jit_kernel_write(): could not link cache file "/home/kms/.drjit/1cd60e9b53c89ff8ea4515db5ec8411c.llvm.bin" into file system: File exists
jit_kernel_write(): could not link cache file "/home/kms/.drjit/1cd60e9b53c89ff8ea4515db5ec8411c.llvm.bin" into file system: File exists
jit_kernel_write(): could not link cache file "/home/kms/.drjit/1cd60e9b53c89ff8ea4515db5ec8411c.llvm.bin" into file system: File exists
jit_kernel_write(): could not link cache file "/home/kms/.drjit/8bd09416186cbae8847335ec6fabc8e7.llvm.bin" into file system: File exists
jit_kernel_write(): could not link cache file "/home/kms/.drjit/8bd09416186cbae8847335ec6fabc8e7.llvm.bin" into file system: File exists
jit_kernel_write(): could not link cache file "/home/kms/.drjit/da86373323705bfc853fd609f71c86ea.llvm.bin" into file system: File exists
jit_kernel_write(): could not link cache file "/home/kms/.drjit/da86373323705bfc853fd609f71c86ea.llvm.bin" into file system: File exists
jit_kernel_write(): could not link cache file "/home/kms/.drjit/da86373323705bfc853fd609f71c86ea.llvm.bin" into file system: File exists
jit_kernel_write(): could not link cache file "/home/kms/.drjit/da86373323705bfc853fd609f71c86ea.llvm.bin" into file system: File exists
jit_kernel_write(): could not link cache file "/home/kms/.drjit/550564bc660160ecd9ef3c3122a2a766.llvm.bin" into file system: File exists
jit_kernel_write(): could not link cache file "/home/kms/.drjit/550564bc660160ecd9ef3c3122a2a766.llvm.bin" into file system: File exists
jit_kernel_write(): could not link cache file "/home/kms/.drjit/697039b36d28aef9e71f031513f54a62.llvm.bin" into file system: File exists
jit_kernel_write(): could not link cache file "/home/kms/.drjit/697039b36d28aef9e71f031513f54a62.llvm.bin" into file system: File exists
jit_kernel_write(): could not link cache file "/home/kms/.drjit/697039b36d28aef9e71f031513f54a62.llvm.bin" into file system: File exists
jit_kernel_write(): could not link cache file "/home/kms/.drjit/697039b36d28aef9e71f031513f54a62.llvm.bin" into file system: File exists
jit_kernel_write(): could not link cache file "/home/kms/.drjit/7e8f1257f56571bbd9abe178b8c8f757.llvm.bin" into file system: File exists
jit_kernel_write(): could not link cache file "/home/kms/.drjit/7e8f1257f56571bbd9abe178b8c8f757.llvm.bin" into file system: File exists
jit_kernel_write(): could not link cache file "/home/kms/.drjit/7e8f1257f56571bbd9abe178b8c8f757.llvm.bin" into file system: File exists
jit_kernel_write(): could not link cache file "/home/kms/.drjit/33ccd0a73a52c89fd888743ad9e5f2ea.llvm.bin" into file system: File exists
jit_kernel_write(): could not link cache file "/home/kms/.drjit/33ccd0a73a52c89fd888743ad9e5f2ea.llvm.bin" into file system: File exists
jit_kernel_write(): could not link cache file "/home/kms/.drjit/33ccd0a73a52c89fd888743ad9e5f2ea.llvm.bin" into file system: File exists
jit_kernel_write(): could not link cache file "/home/kms/.drjit/33ccd0a73a52c89fd888743ad9e5f2ea.llvm.bin" into file system: File exists
jit_kernel_write(): could not link cache file "/home/kms/.drjit/d8d0fbab67732eed0423864ee0f8e617.llvm.bin" into file system: File exists
jit_kernel_write(): could not link cache file "/home/kms/.drjit/d8d0fbab67732eed0423864ee0f8e617.llvm.bin" into file system: File exists
jit_kernel_write(): could not link cache file "/home/kms/.drjit/9397fb4067dd006a09b8c65bee39bb69.llvm.bin" into file system: File exists
jit_kernel_write(): could not link cache file "/home/kms/.drjit/9397fb4067dd006a09b8c65bee39bb69.llvm.bin" into file system: File exists
jit_kernel_write(): could not link cache file "/home/kms/.drjit/9397fb4067dd006a09b8c65bee39bb69.llvm.bin" into file system: File exists
jit_kernel_write(): could not link cache file "/home/kms/.drjit/9397fb4067dd006a09b8c65bee39bb69.llvm.bin" into file system: File exists
jit_kernel_write(): could not link cache file "/home/kms/.drjit/cbb54220c9e2bf3f67d52f46688281f5.llvm.bin" into file system: File exists
jit_kernel_write(): could not link cache file "/home/kms/.drjit/cbb54220c9e2bf3f67d52f46688281f5.llvm.bin" into file system: File exists
jit_kernel_write(): could not link cache file "/home/kms/.drjit/cbb54220c9e2bf3f67d52f46688281f5.llvm.bin" into file system: File exists
jit_kernel_write(): could not link cache file "/home/kms/.drjit/e7f8a06030d568ef76c920d6c402ab1a.llvm.bin" into file system: File exists
jit_kernel_write(): could not link cache file "/home/kms/.drjit/e7f8a06030d568ef76c920d6c402ab1a.llvm.bin" into file system: File exists
jit_kernel_write(): could not link cache file "/home/kms/.drjit/e7f8a06030d568ef76c920d6c402ab1a.llvm.bin" into file system: File exists
jit_kernel_write(): could not link cache file "/home/kms/.drjit/e7f8a06030d568ef76c920d6c402ab1a.llvm.bin" into file system: File exists
jit_kernel_write(): could not link cache file "/home/kms/.drjit/fe8dab7ad69dcd21b85e4a999049d1d3.llvm.bin" into file system: File exists
jit_kernel_write(): could not link cache file "/home/kms/.drjit/fe8dab7ad69dcd21b85e4a999049d1d3.llvm.bin" into file system: File exists
jit_kernel_write(): could not link cache file "/home/kms/.drjit/ad936b1e03dd91a1feac9aff3ac6ba34.llvm.bin" into file system: File exists
jit_kernel_write(): could not link cache file "/home/kms/.drjit/ad936b1e03dd91a1feac9aff3ac6ba34.llvm.bin" into file system: File exists
jit_kernel_write(): could not link cache file "/home/kms/.drjit/ad936b1e03dd91a1feac9aff3ac6ba34.llvm.bin" into file system: File exists
jit_kernel_write(): could not link cache file "/home/kms/.drjit/ad936b1e03dd91a1feac9aff3ac6ba34.llvm.bin" into file system: File exists
jit_kernel_write(): could not link cache file "/home/kms/.drjit/e7cce15063533bc2bf12631815d0e47e.llvm.bin" into file system: File exists
jit_kernel_write(): could not link cache file "/home/kms/.drjit/e7cce15063533bc2bf12631815d0e47e.llvm.bin" into file system: File exists
jit_kernel_write(): could not link cache file "/home/kms/.drjit/e7cce15063533bc2bf12631815d0e47e.llvm.bin" into file system: File exists
jit_kernel_write(): could not link cache file "/home/kms/.drjit/e7cce15063533bc2bf12631815d0e47e.llvm.bin" into file system: File exists
jit_kernel_write(): could not link cache file "/home/kms/.drjit/98a294c3fb33a9e9b25bab24cfcf0ef4.llvm.bin" into file system: File exists
jit_kernel_write(): could not link cache file "/home/kms/.drjit/98a294c3fb33a9e9b25bab24cfcf0ef4.llvm.bin" into file system: File exists
jit_kernel_write(): could not link cache file "/home/kms/.drjit/98a294c3fb33a9e9b25bab24cfcf0ef4.llvm.bin" into file system: File exists
jit_kernel_write(): could not link cache file "/home/kms/.drjit/98a294c3fb33a9e9b25bab24cfcf0ef4.llvm.bin" into file system: File exists
jit_kernel_write(): could not link cache file "/home/kms/.drjit/2ddc98ad83017309c45d404ccd54568f.llvm.bin" into file system: File exists
jit_kernel_write(): could not link cache file "/home/kms/.drjit/2ddc98ad83017309c45d404ccd54568f.llvm.bin" into file system: File exists
jit_kernel_write(): could not link cache file "/home/kms/.drjit/2ddc98ad83017309c45d404ccd54568f.llvm.bin" into file system: File exists
jit_kernel_write(): could not link cache file "/home/kms/.drjit/2ddc98ad83017309c45d404ccd54568f.llvm.bin" into file system: File exists
{"position": 3, "bin": 64, "done": 65, "of": 257, "seconds": 207.5, "last_paths": 63}
{"position": 1, "bin": 64, "done": 65, "of": 257, "seconds": 207.8, "last_paths": 63}
{"position": 0, "bin": 64, "done": 65, "of": 257, "seconds": 207.6, "last_paths": 63}
{"position": 2, "bin": 64, "done": 65, "of": 257, "seconds": 207.7, "last_paths": 63}
{"position": 4, "bin": 64, "done": 65, "of": 257, "seconds": 207.9, "last_paths": 63}
jit_kernel_write(): could not link cache file "/home/kms/.drjit/0a45ce39659d36ab204c5c3e085c21ff.llvm.bin" into file system: File exists
jit_kernel_write(): could not link cache file "/home/kms/.drjit/0a45ce39659d36ab204c5c3e085c21ff.llvm.bin" into file system: File exists
jit_kernel_write(): could not link cache file "/home/kms/.drjit/0a45ce39659d36ab204c5c3e085c21ff.llvm.bin" into file system: File exists
jit_kernel_write(): could not link cache file "/home/kms/.drjit/1c430d8e3069ea0a0c291fb8c4213960.llvm.bin" into file system: File exists
jit_kernel_write(): could not link cache file "/home/kms/.drjit/1c430d8e3069ea0a0c291fb8c4213960.llvm.bin" into file system: File exists
jit_kernel_write(): could not link cache file "/home/kms/.drjit/1c430d8e3069ea0a0c291fb8c4213960.llvm.bin" into file system: File exists
jit_kernel_write(): could not link cache file "/home/kms/.drjit/1c430d8e3069ea0a0c291fb8c4213960.llvm.bin" into file system: File exists
jit_kernel_write(): could not link cache file "/home/kms/.drjit/bfa85aea7a8c19a6ed5709aa8c62766f.llvm.bin" into file system: File exists
jit_kernel_write(): could not link cache file "/home/kms/.drjit/bfa85aea7a8c19a6ed5709aa8c62766f.llvm.bin" into file system: File exists
jit_kernel_write(): could not link cache file "/home/kms/.drjit/bfa85aea7a8c19a6ed5709aa8c62766f.llvm.bin" into file system: File exists
jit_kernel_write(): could not link cache file "/home/kms/.drjit/70d24da53cec02a4cd76e10ee448a0b2.llvm.bin" into file system: File exists
jit_kernel_write(): could not link cache file "/home/kms/.drjit/70d24da53cec02a4cd76e10ee448a0b2.llvm.bin" into file system: File exists
jit_kernel_write(): could not link cache file "/home/kms/.drjit/70d24da53cec02a4cd76e10ee448a0b2.llvm.bin" into file system: File exists
jit_kernel_write(): could not link cache file "/home/kms/.drjit/70d24da53cec02a4cd76e10ee448a0b2.llvm.bin" into file system: File exists
jit_kernel_write(): could not link cache file "/home/kms/.drjit/ee97e2b8d3f6d927f5eb78e392abe5fe.llvm.bin" into file system: File exists
jit_kernel_write(): could not link cache file "/home/kms/.drjit/ee97e2b8d3f6d927f5eb78e392abe5fe.llvm.bin" into file system: File exists
jit_kernel_write(): could not link cache file "/home/kms/.drjit/ee97e2b8d3f6d927f5eb78e392abe5fe.llvm.bin" into file system: File exists
jit_kernel_write(): could not link cache file "/home/kms/.drjit/a42b398f251d381c84fb0da497f0cf19.llvm.bin" into file system: File exists
jit_kernel_write(): could not link cache file "/home/kms/.drjit/a42b398f251d381c84fb0da497f0cf19.llvm.bin" into file system: File exists
jit_kernel_write(): could not link cache file "/home/kms/.drjit/a42b398f251d381c84fb0da497f0cf19.llvm.bin" into file system: File exists
jit_kernel_write(): could not link cache file "/home/kms/.drjit/a42b398f251d381c84fb0da497f0cf19.llvm.bin" into file system: File exists
jit_kernel_write(): could not link cache file "/home/kms/.drjit/877518feced9ba41f8309f2403a937fb.llvm.bin" into file system: File exists
jit_kernel_write(): could not link cache file "/home/kms/.drjit/877518feced9ba41f8309f2403a937fb.llvm.bin" into file system: File exists
jit_kernel_write(): could not link cache file "/home/kms/.drjit/877518feced9ba41f8309f2403a937fb.llvm.bin" into file system: File exists
jit_kernel_write(): could not link cache file "/home/kms/.drjit/877518feced9ba41f8309f2403a937fb.llvm.bin" into file system: File exists
jit_kernel_write(): could not link cache file "/home/kms/.drjit/ac87bd74fdc23e47e0a5d88b25f56cb3.llvm.bin" into file system: File exists
jit_kernel_write(): could not link cache file "/home/kms/.drjit/ac87bd74fdc23e47e0a5d88b25f56cb3.llvm.bin" into file system: File exists
jit_kernel_write(): could not link cache file "/home/kms/.drjit/ac87bd74fdc23e47e0a5d88b25f56cb3.llvm.bin" into file system: File exists
jit_kernel_write(): could not link cache file "/home/kms/.drjit/ac87bd74fdc23e47e0a5d88b25f56cb3.llvm.bin" into file system: File exists
jit_kernel_write(): could not link cache file "/home/kms/.drjit/94c11ab2b3401b6f40018119c1b88958.llvm.bin" into file system: File exists
jit_kernel_write(): could not link cache file "/home/kms/.drjit/94c11ab2b3401b6f40018119c1b88958.llvm.bin" into file system: File exists
jit_kernel_write(): could not link cache file "/home/kms/.drjit/94c11ab2b3401b6f40018119c1b88958.llvm.bin" into file system: File exists
jit_kernel_write(): could not link cache file "/home/kms/.drjit/94c11ab2b3401b6f40018119c1b88958.llvm.bin" into file system: File exists
jit_kernel_write(): could not link cache file "/home/kms/.drjit/ce3b5cf68de7fa8de59961a780f0aa7f.llvm.bin" into file system: File exists
jit_kernel_write(): could not link cache file "/home/kms/.drjit/ce3b5cf68de7fa8de59961a780f0aa7f.llvm.bin" into file system: File exists
jit_kernel_write(): could not link cache file "/home/kms/.drjit/ce3b5cf68de7fa8de59961a780f0aa7f.llvm.bin" into file system: File exists
jit_kernel_write(): could not link cache file "/home/kms/.drjit/ce3b5cf68de7fa8de59961a780f0aa7f.llvm.bin" into file system: File exists
jit_kernel_write(): could not link cache file "/home/kms/.drjit/409d216ff55e7b57c5aeecb8c61435f2.llvm.bin" into file system: File exists
jit_kernel_write(): could not link cache file "/home/kms/.drjit/409d216ff55e7b57c5aeecb8c61435f2.llvm.bin" into file system: File exists
jit_kernel_write(): could not link cache file "/home/kms/.drjit/409d216ff55e7b57c5aeecb8c61435f2.llvm.bin" into file system: File exists
jit_kernel_write(): could not link cache file "/home/kms/.drjit/409d216ff55e7b57c5aeecb8c61435f2.llvm.bin" into file system: File exists
jit_kernel_write(): could not link cache file "/home/kms/.drjit/fb557fe19ca84808a7e026710bc365dc.llvm.bin" into file system: File exists
jit_kernel_write(): could not link cache file "/home/kms/.drjit/fb557fe19ca84808a7e026710bc365dc.llvm.bin" into file system: File exists
jit_kernel_write(): could not link cache file "/home/kms/.drjit/fb557fe19ca84808a7e026710bc365dc.llvm.bin" into file system: File exists
jit_kernel_write(): could not link cache file "/home/kms/.drjit/fb557fe19ca84808a7e026710bc365dc.llvm.bin" into file system: File exists
jit_kernel_write(): could not link cache file "/home/kms/.drjit/572e5c44658963460d1b2ff86bac6ba7.llvm.bin" into file system: File exists
jit_kernel_write(): could not link cache file "/home/kms/.drjit/15b09e29ef1bee3c9a8737d7af3409bc.llvm.bin" into file system: File exists
jit_kernel_write(): could not link cache file "/home/kms/.drjit/15b09e29ef1bee3c9a8737d7af3409bc.llvm.bin" into file system: File exists
jit_kernel_write(): could not link cache file "/home/kms/.drjit/15b09e29ef1bee3c9a8737d7af3409bc.llvm.bin" into file system: File exists
jit_kernel_write(): could not link cache file "/home/kms/.drjit/15b09e29ef1bee3c9a8737d7af3409bc.llvm.bin" into file system: File exists
jit_kernel_write(): could not link cache file "/home/kms/.drjit/b6f867fd770b4f13aaf852bcb22141ee.llvm.bin" into file system: File exists
jit_kernel_write(): could not link cache file "/home/kms/.drjit/b6f867fd770b4f13aaf852bcb22141ee.llvm.bin" into file system: File exists
jit_kernel_write(): could not write compiled kernel to cache file "/home/kms/.drjit/b6f867fd770b4f13aaf852bcb22141ee.llvm.bin.tmp": File exists
jit_kernel_write(): could not link cache file "/home/kms/.drjit/b6f867fd770b4f13aaf852bcb22141ee.llvm.bin" into file system: File exists
jit_kernel_write(): could not link cache file "/home/kms/.drjit/4c528c27e2d46a427ec1d0ac98685137.llvm.bin" into file system: File exists
jit_kernel_write(): could not link cache file "/home/kms/.drjit/4c528c27e2d46a427ec1d0ac98685137.llvm.bin" into file system: File exists
jit_kernel_write(): could not link cache file "/home/kms/.drjit/8e3cf933bf8743bcbc6ba082c484778e.llvm.bin" into file system: File exists
jit_kernel_write(): could not link cache file "/home/kms/.drjit/8e3cf933bf8743bcbc6ba082c484778e.llvm.bin" into file system: File exists
jit_kernel_write(): could not link cache file "/home/kms/.drjit/8e3cf933bf8743bcbc6ba082c484778e.llvm.bin" into file system: File exists
jit_kernel_write(): could not link cache file "/home/kms/.drjit/8e3cf933bf8743bcbc6ba082c484778e.llvm.bin" into file system: File exists
jit_kernel_write(): could not link cache file "/home/kms/.drjit/3a5362a9d0a206fd21e6fe08e7dbe121.llvm.bin" into file system: File exists
jit_kernel_write(): could not link cache file "/home/kms/.drjit/3a5362a9d0a206fd21e6fe08e7dbe121.llvm.bin" into file system: File exists
jit_kernel_write(): could not link cache file "/home/kms/.drjit/8dce65d013b5884c9b72697fbbd52bc8.llvm.bin" into file system: File exists
jit_kernel_write(): could not write compiled kernel to cache file "/home/kms/.drjit/8dce65d013b5884c9b72697fbbd52bc8.llvm.bin.tmp": File exists
jit_kernel_write(): could not link cache file "/home/kms/.drjit/8dce65d013b5884c9b72697fbbd52bc8.llvm.bin" into file system: File exists
jit_kernel_write(): could not link cache file "/home/kms/.drjit/8dce65d013b5884c9b72697fbbd52bc8.llvm.bin" into file system: File exists
jit_kernel_write(): could not link cache file "/home/kms/.drjit/22a07f212603e6ed4dc364ec78e07b73.llvm.bin" into file system: File exists
jit_kernel_write(): could not link cache file "/home/kms/.drjit/22a07f212603e6ed4dc364ec78e07b73.llvm.bin" into file system: File exists
jit_kernel_write(): could not link cache file "/home/kms/.drjit/22a07f212603e6ed4dc364ec78e07b73.llvm.bin" into file system: File exists
jit_kernel_write(): could not link cache file "/home/kms/.drjit/9e8bf5c8bb99f339d4b1249ff7dcad4c.llvm.bin" into file system: File exists
jit_kernel_write(): could not link cache file "/home/kms/.drjit/9e8bf5c8bb99f339d4b1249ff7dcad4c.llvm.bin" into file system: File exists
jit_kernel_write(): could not link cache file "/home/kms/.drjit/9e8bf5c8bb99f339d4b1249ff7dcad4c.llvm.bin" into file system: File exists
jit_kernel_write(): could not link cache file "/home/kms/.drjit/9e8bf5c8bb99f339d4b1249ff7dcad4c.llvm.bin" into file system: File exists
jit_kernel_write(): could not link cache file "/home/kms/.drjit/5518425fdda49f5d6cc8b81859038aef.llvm.bin" into file system: File exists
jit_kernel_write(): could not link cache file "/home/kms/.drjit/5518425fdda49f5d6cc8b81859038aef.llvm.bin" into file system: File exists
jit_kernel_write(): could not link cache file "/home/kms/.drjit/5518425fdda49f5d6cc8b81859038aef.llvm.bin" into file system: File exists
jit_kernel_write(): could not link cache file "/home/kms/.drjit/5518425fdda49f5d6cc8b81859038aef.llvm.bin" into file system: File exists
jit_kernel_write(): could not link cache file "/home/kms/.drjit/b9dcf785970014c9e1cdcef1e01cea0a.llvm.bin" into file system: File exists
jit_kernel_write(): could not link cache file "/home/kms/.drjit/b9dcf785970014c9e1cdcef1e01cea0a.llvm.bin" into file system: File exists
jit_kernel_write(): could not link cache file "/home/kms/.drjit/441b106bde6968df8ce90f5023034a5b.llvm.bin" into file system: File exists
jit_kernel_write(): could not link cache file "/home/kms/.drjit/b9dcf785970014c9e1cdcef1e01cea0a.llvm.bin" into file system: File exists
jit_kernel_write(): could not link cache file "/home/kms/.drjit/b9dcf785970014c9e1cdcef1e01cea0a.llvm.bin" into file system: File exists
jit_kernel_write(): could not link cache file "/home/kms/.drjit/a682ccc4c161b42e755b266fcb366ad9.llvm.bin" into file system: File exists
jit_kernel_write(): could not link cache file "/home/kms/.drjit/a682ccc4c161b42e755b266fcb366ad9.llvm.bin" into file system: File exists
jit_kernel_write(): could not link cache file "/home/kms/.drjit/a682ccc4c161b42e755b266fcb366ad9.llvm.bin" into file system: File exists
jit_kernel_write(): could not link cache file "/home/kms/.drjit/a682ccc4c161b42e755b266fcb366ad9.llvm.bin" into file system: File exists
jit_kernel_write(): could not link cache file "/home/kms/.drjit/f0c7788fddf0551ec5550337a9da73a8.llvm.bin" into file system: File exists
jit_kernel_write(): could not link cache file "/home/kms/.drjit/f0c7788fddf0551ec5550337a9da73a8.llvm.bin" into file system: File exists
jit_kernel_write(): could not link cache file "/home/kms/.drjit/f0c7788fddf0551ec5550337a9da73a8.llvm.bin" into file system: File exists
jit_kernel_write(): could not link cache file "/home/kms/.drjit/f0c7788fddf0551ec5550337a9da73a8.llvm.bin" into file system: File exists
jit_kernel_write(): could not link cache file "/home/kms/.drjit/d8da42ca4a878fc041565f5512cace11.llvm.bin" into file system: File exists
jit_kernel_write(): could not link cache file "/home/kms/.drjit/58b2c2435cfb99898bb87c12c29cde16.llvm.bin" into file system: File exists
jit_kernel_write(): could not link cache file "/home/kms/.drjit/58b2c2435cfb99898bb87c12c29cde16.llvm.bin" into file system: File exists
jit_kernel_write(): could not link cache file "/home/kms/.drjit/58b2c2435cfb99898bb87c12c29cde16.llvm.bin" into file system: File exists
jit_kernel_write(): could not link cache file "/home/kms/.drjit/58b2c2435cfb99898bb87c12c29cde16.llvm.bin" into file system: File exists
jit_kernel_write(): could not link cache file "/home/kms/.drjit/cc273fd93ef731089c90a0e038eeae01.llvm.bin" into file system: File exists
jit_kernel_write(): could not link cache file "/home/kms/.drjit/d7e83a190076cd28d6bef3936921315e.llvm.bin" into file system: File exists
jit_kernel_write(): could not link cache file "/home/kms/.drjit/d7e83a190076cd28d6bef3936921315e.llvm.bin" into file system: File exists
jit_kernel_write(): could not write compiled kernel to cache file "/home/kms/.drjit/d7e83a190076cd28d6bef3936921315e.llvm.bin.tmp": File exists
jit_kernel_write(): could not link cache file "/home/kms/.drjit/d7e83a190076cd28d6bef3936921315e.llvm.bin" into file system: File exists
jit_kernel_write(): could not link cache file "/home/kms/.drjit/74db5527c98f9221dd9191e2cf69cf4c.llvm.bin" into file system: File exists
jit_kernel_write(): could not link cache file "/home/kms/.drjit/74db5527c98f9221dd9191e2cf69cf4c.llvm.bin" into file system: File exists
jit_kernel_write(): could not link cache file "/home/kms/.drjit/74db5527c98f9221dd9191e2cf69cf4c.llvm.bin" into file system: File exists
jit_kernel_write(): could not link cache file "/home/kms/.drjit/74db5527c98f9221dd9191e2cf69cf4c.llvm.bin" into file system: File exists
{"position": 4, "bin": 80, "done": 81, "of": 257, "seconds": 251.7, "last_paths": 63}
{"position": 3, "bin": 80, "done": 81, "of": 257, "seconds": 252.1, "last_paths": 63}
{"position": 1, "bin": 80, "done": 81, "of": 257, "seconds": 252.5, "last_paths": 63}
{"position": 2, "bin": 80, "done": 81, "of": 257, "seconds": 252.2, "last_paths": 63}
{"position": 0, "bin": 80, "done": 81, "of": 257, "seconds": 252.3, "last_paths": 63}
jit_kernel_write(): could not link cache file "/home/kms/.drjit/2e87e70bb258edffb1b1c6e4fb628a2a.llvm.bin" into file system: File exists
jit_kernel_write(): could not link cache file "/home/kms/.drjit/3a430b3ab92e7ec0865062d8019340c1.llvm.bin" into file system: File exists
jit_kernel_write(): could not link cache file "/home/kms/.drjit/3a430b3ab92e7ec0865062d8019340c1.llvm.bin" into file system: File exists
jit_kernel_write(): could not link cache file "/home/kms/.drjit/3a430b3ab92e7ec0865062d8019340c1.llvm.bin" into file system: File exists
jit_kernel_write(): could not link cache file "/home/kms/.drjit/3a430b3ab92e7ec0865062d8019340c1.llvm.bin" into file system: File exists
jit_kernel_write(): could not link cache file "/home/kms/.drjit/9aac7446d92a10e6fae6c7b07f0fa3d5.llvm.bin" into file system: File exists
jit_kernel_write(): could not link cache file "/home/kms/.drjit/9aac7446d92a10e6fae6c7b07f0fa3d5.llvm.bin" into file system: File exists
jit_kernel_write(): could not link cache file "/home/kms/.drjit/9aac7446d92a10e6fae6c7b07f0fa3d5.llvm.bin" into file system: File exists
jit_kernel_write(): could not link cache file "/home/kms/.drjit/9aac7446d92a10e6fae6c7b07f0fa3d5.llvm.bin" into file system: File exists
jit_kernel_write(): could not link cache file "/home/kms/.drjit/ddd4bad1c12022dec8f9ba5a4422f865.llvm.bin" into file system: File exists
jit_kernel_write(): could not link cache file "/home/kms/.drjit/ddd4bad1c12022dec8f9ba5a4422f865.llvm.bin" into file system: File exists
jit_kernel_write(): could not link cache file "/home/kms/.drjit/ddd4bad1c12022dec8f9ba5a4422f865.llvm.bin" into file system: File exists
jit_kernel_write(): could not link cache file "/home/kms/.drjit/ddd4bad1c12022dec8f9ba5a4422f865.llvm.bin" into file system: File exists
jit_kernel_write(): could not link cache file "/home/kms/.drjit/6d0f32b70829497997ccdf48780a7faf.llvm.bin" into file system: File exists
jit_kernel_write(): could not link cache file "/home/kms/.drjit/6d0f32b70829497997ccdf48780a7faf.llvm.bin" into file system: File exists
jit_kernel_write(): could not link cache file "/home/kms/.drjit/6d0f32b70829497997ccdf48780a7faf.llvm.bin" into file system: File exists
jit_kernel_write(): could not link cache file "/home/kms/.drjit/cf0f57660b4979b14ac17812ed2fbcfc.llvm.bin" into file system: File exists
jit_kernel_write(): could not link cache file "/home/kms/.drjit/cf0f57660b4979b14ac17812ed2fbcfc.llvm.bin" into file system: File exists
jit_kernel_write(): could not link cache file "/home/kms/.drjit/cf0f57660b4979b14ac17812ed2fbcfc.llvm.bin" into file system: File exists
jit_kernel_write(): could not link cache file "/home/kms/.drjit/cf0f57660b4979b14ac17812ed2fbcfc.llvm.bin" into file system: File exists
jit_kernel_write(): could not link cache file "/home/kms/.drjit/b6499a1691d31f557ca64802ba5a006c.llvm.bin" into file system: File exists
jit_kernel_write(): could not link cache file "/home/kms/.drjit/b6499a1691d31f557ca64802ba5a006c.llvm.bin" into file system: File exists
jit_kernel_write(): could not link cache file "/home/kms/.drjit/b6499a1691d31f557ca64802ba5a006c.llvm.bin" into file system: File exists
jit_kernel_write(): could not link cache file "/home/kms/.drjit/b6499a1691d31f557ca64802ba5a006c.llvm.bin" into file system: File exists
jit_kernel_write(): could not link cache file "/home/kms/.drjit/1d3963f5dd15bb411ef28d2b77f66cd2.llvm.bin" into file system: File exists
jit_kernel_write(): could not link cache file "/home/kms/.drjit/1d3963f5dd15bb411ef28d2b77f66cd2.llvm.bin" into file system: File exists
jit_kernel_write(): could not link cache file "/home/kms/.drjit/1d3963f5dd15bb411ef28d2b77f66cd2.llvm.bin" into file system: File exists
jit_kernel_write(): could not link cache file "/home/kms/.drjit/1d3963f5dd15bb411ef28d2b77f66cd2.llvm.bin" into file system: File exists
jit_kernel_write(): could not link cache file "/home/kms/.drjit/981d29c897fc5589762042b7f2807783.llvm.bin" into file system: File exists
jit_kernel_write(): could not link cache file "/home/kms/.drjit/981d29c897fc5589762042b7f2807783.llvm.bin" into file system: File exists
jit_kernel_write(): could not link cache file "/home/kms/.drjit/981d29c897fc5589762042b7f2807783.llvm.bin" into file system: File exists
jit_kernel_write(): could not link cache file "/home/kms/.drjit/981d29c897fc5589762042b7f2807783.llvm.bin" into file system: File exists
jit_kernel_write(): could not link cache file "/home/kms/.drjit/9423e9ed74797422ec28960711792d86.llvm.bin" into file system: File exists
jit_kernel_write(): could not link cache file "/home/kms/.drjit/9423e9ed74797422ec28960711792d86.llvm.bin" into file system: File exists
jit_kernel_write(): could not link cache file "/home/kms/.drjit/9423e9ed74797422ec28960711792d86.llvm.bin" into file system: File exists
jit_kernel_write(): could not link cache file "/home/kms/.drjit/9423e9ed74797422ec28960711792d86.llvm.bin" into file system: File exists
jit_kernel_write(): could not link cache file "/home/kms/.drjit/08473270e94e23eea8bafa0e6fc8037f.llvm.bin" into file system: File exists
jit_kernel_write(): could not link cache file "/home/kms/.drjit/08473270e94e23eea8bafa0e6fc8037f.llvm.bin" into file system: File exists
jit_kernel_write(): could not link cache file "/home/kms/.drjit/08473270e94e23eea8bafa0e6fc8037f.llvm.bin" into file system: File exists
jit_kernel_write(): could not link cache file "/home/kms/.drjit/08473270e94e23eea8bafa0e6fc8037f.llvm.bin" into file system: File exists
jit_kernel_write(): could not link cache file "/home/kms/.drjit/7d98d9ad44c2f8bb61c8cd654a537e5b.llvm.bin" into file system: File exists
jit_kernel_write(): could not link cache file "/home/kms/.drjit/7d98d9ad44c2f8bb61c8cd654a537e5b.llvm.bin" into file system: File exists
jit_kernel_write(): could not link cache file "/home/kms/.drjit/7d98d9ad44c2f8bb61c8cd654a537e5b.llvm.bin" into file system: File exists
jit_kernel_write(): could not link cache file "/home/kms/.drjit/7d98d9ad44c2f8bb61c8cd654a537e5b.llvm.bin" into file system: File exists
jit_kernel_write(): could not link cache file "/home/kms/.drjit/4a15fce4f3e96340b22be7ed2de0464b.llvm.bin" into file system: File exists
jit_kernel_write(): could not link cache file "/home/kms/.drjit/4a15fce4f3e96340b22be7ed2de0464b.llvm.bin" into file system: File exists
jit_kernel_write(): could not link cache file "/home/kms/.drjit/4a15fce4f3e96340b22be7ed2de0464b.llvm.bin" into file system: File exists
jit_kernel_write(): could not link cache file "/home/kms/.drjit/6a26a164c87ae41dc0630a5454708b51.llvm.bin" into file system: File exists
jit_kernel_write(): could not link cache file "/home/kms/.drjit/6a26a164c87ae41dc0630a5454708b51.llvm.bin" into file system: File exists
jit_kernel_write(): could not link cache file "/home/kms/.drjit/6a26a164c87ae41dc0630a5454708b51.llvm.bin" into file system: File exists
jit_kernel_write(): could not link cache file "/home/kms/.drjit/6a26a164c87ae41dc0630a5454708b51.llvm.bin" into file system: File exists
jit_kernel_write(): could not link cache file "/home/kms/.drjit/47ab03e19d72500ba6f3ffb8ce5fb35a.llvm.bin" into file system: File exists
jit_kernel_write(): could not link cache file "/home/kms/.drjit/47ab03e19d72500ba6f3ffb8ce5fb35a.llvm.bin" into file system: File exists
jit_kernel_write(): could not link cache file "/home/kms/.drjit/cc91f2635a1bd4ecf8a228d1b66b993c.llvm.bin" into file system: File exists
jit_kernel_write(): could not link cache file "/home/kms/.drjit/cc91f2635a1bd4ecf8a228d1b66b993c.llvm.bin" into file system: File exists
jit_kernel_write(): could not link cache file "/home/kms/.drjit/cc91f2635a1bd4ecf8a228d1b66b993c.llvm.bin" into file system: File exists
jit_kernel_write(): could not link cache file "/home/kms/.drjit/cc91f2635a1bd4ecf8a228d1b66b993c.llvm.bin" into file system: File exists
jit_kernel_write(): could not link cache file "/home/kms/.drjit/cf7f6730559974378e747603750a51b4.llvm.bin" into file system: File exists
jit_kernel_write(): could not link cache file "/home/kms/.drjit/cf7f6730559974378e747603750a51b4.llvm.bin" into file system: File exists
jit_kernel_write(): could not link cache file "/home/kms/.drjit/cf7f6730559974378e747603750a51b4.llvm.bin" into file system: File exists
jit_kernel_write(): could not link cache file "/home/kms/.drjit/cf7f6730559974378e747603750a51b4.llvm.bin" into file system: File exists
jit_kernel_write(): could not link cache file "/home/kms/.drjit/53c6368384addcc74443cc65494f66d7.llvm.bin" into file system: File exists
jit_kernel_write(): could not link cache file "/home/kms/.drjit/53c6368384addcc74443cc65494f66d7.llvm.bin" into file system: File exists
jit_kernel_write(): could not link cache file "/home/kms/.drjit/53c6368384addcc74443cc65494f66d7.llvm.bin" into file system: File exists
jit_kernel_write(): could not link cache file "/home/kms/.drjit/53c6368384addcc74443cc65494f66d7.llvm.bin" into file system: File exists
jit_kernel_write(): could not link cache file "/home/kms/.drjit/9bf9647ef36bbf45a8c348e4a49d7b58.llvm.bin" into file system: File exists
jit_kernel_write(): could not link cache file "/home/kms/.drjit/13808719a81672d97e259a5aeed89926.llvm.bin" into file system: File exists
jit_kernel_write(): could not link cache file "/home/kms/.drjit/13808719a81672d97e259a5aeed89926.llvm.bin" into file system: File exists
jit_kernel_write(): could not link cache file "/home/kms/.drjit/13808719a81672d97e259a5aeed89926.llvm.bin" into file system: File exists
jit_kernel_write(): could not link cache file "/home/kms/.drjit/13808719a81672d97e259a5aeed89926.llvm.bin" into file system: File exists
jit_kernel_write(): could not link cache file "/home/kms/.drjit/2c88df74239a095fb9ccab11f414e40c.llvm.bin" into file system: File exists
jit_kernel_write(): could not link cache file "/home/kms/.drjit/2c88df74239a095fb9ccab11f414e40c.llvm.bin" into file system: File exists
jit_kernel_write(): could not link cache file "/home/kms/.drjit/a64bf2129472f59f28eb51f98e8a01e0.llvm.bin" into file system: File exists
jit_kernel_write(): could not link cache file "/home/kms/.drjit/a64bf2129472f59f28eb51f98e8a01e0.llvm.bin" into file system: File exists
jit_kernel_write(): could not link cache file "/home/kms/.drjit/a64bf2129472f59f28eb51f98e8a01e0.llvm.bin" into file system: File exists
jit_kernel_write(): could not link cache file "/home/kms/.drjit/a64bf2129472f59f28eb51f98e8a01e0.llvm.bin" into file system: File exists
jit_kernel_write(): could not link cache file "/home/kms/.drjit/29ab70d1b7f6838589253b2be65ee723.llvm.bin" into file system: File exists
jit_kernel_write(): could not link cache file "/home/kms/.drjit/29ab70d1b7f6838589253b2be65ee723.llvm.bin" into file system: File exists
jit_kernel_write(): could not link cache file "/home/kms/.drjit/29ab70d1b7f6838589253b2be65ee723.llvm.bin" into file system: File exists
jit_kernel_write(): could not link cache file "/home/kms/.drjit/29ab70d1b7f6838589253b2be65ee723.llvm.bin" into file system: File exists
jit_kernel_write(): could not link cache file "/home/kms/.drjit/ad0677daa74218ec486ea06fc9083d87.llvm.bin" into file system: File exists
jit_kernel_write(): could not link cache file "/home/kms/.drjit/ad0677daa74218ec486ea06fc9083d87.llvm.bin" into file system: File exists
jit_kernel_write(): could not link cache file "/home/kms/.drjit/ad0677daa74218ec486ea06fc9083d87.llvm.bin" into file system: File exists
jit_kernel_write(): could not link cache file "/home/kms/.drjit/ad0677daa74218ec486ea06fc9083d87.llvm.bin" into file system: File exists
jit_kernel_write(): could not link cache file "/home/kms/.drjit/5d5b036b2faf449c2a9b433377cab651.llvm.bin" into file system: File exists
jit_kernel_write(): could not link cache file "/home/kms/.drjit/2c92b6e12b01a4f15df78b802b88bb55.llvm.bin" into file system: File exists
jit_kernel_write(): could not write compiled kernel to cache file "/home/kms/.drjit/2c92b6e12b01a4f15df78b802b88bb55.llvm.bin.tmp": File exists
jit_kernel_write(): could not link cache file "/home/kms/.drjit/2c92b6e12b01a4f15df78b802b88bb55.llvm.bin" into file system: File exists
jit_kernel_write(): could not link cache file "/home/kms/.drjit/2c92b6e12b01a4f15df78b802b88bb55.llvm.bin" into file system: File exists
jit_kernel_write(): could not link cache file "/home/kms/.drjit/bbfe84b27bc26fb673f03569a594c145.llvm.bin" into file system: File exists
jit_kernel_write(): could not link cache file "/home/kms/.drjit/bbfe84b27bc26fb673f03569a594c145.llvm.bin" into file system: File exists
jit_kernel_write(): could not link cache file "/home/kms/.drjit/bbfe84b27bc26fb673f03569a594c145.llvm.bin" into file system: File exists
jit_kernel_write(): could not link cache file "/home/kms/.drjit/bbfe84b27bc26fb673f03569a594c145.llvm.bin" into file system: File exists
jit_kernel_write(): could not link cache file "/home/kms/.drjit/4c99486bb9c9f38804edd47cc9fa9d85.llvm.bin" into file system: File exists
jit_kernel_write(): could not link cache file "/home/kms/.drjit/8337153ade4ce11c9c5a57db04aa2fc0.llvm.bin" into file system: File exists
jit_kernel_write(): could not link cache file "/home/kms/.drjit/6ae73b2eb30529054801be2c38bb450c.llvm.bin" into file system: File exists
jit_kernel_write(): could not link cache file "/home/kms/.drjit/4c99486bb9c9f38804edd47cc9fa9d85.llvm.bin" into file system: File exists
jit_kernel_write(): could not link cache file "/home/kms/.drjit/4c99486bb9c9f38804edd47cc9fa9d85.llvm.bin" into file system: File exists
jit_kernel_write(): could not link cache file "/home/kms/.drjit/4c99486bb9c9f38804edd47cc9fa9d85.llvm.bin" into file system: File exists
jit_kernel_write(): could not link cache file "/home/kms/.drjit/13d8a1247c7b981d9fb3a9de2c9309d7.llvm.bin" into file system: File exists
jit_kernel_write(): could not link cache file "/home/kms/.drjit/b10affc98d2223e14c6834191d58fd95.llvm.bin" into file system: File exists
jit_kernel_write(): could not link cache file "/home/kms/.drjit/b10affc98d2223e14c6834191d58fd95.llvm.bin" into file system: File exists
jit_kernel_write(): could not link cache file "/home/kms/.drjit/b10affc98d2223e14c6834191d58fd95.llvm.bin" into file system: File exists
jit_kernel_write(): could not link cache file "/home/kms/.drjit/b10affc98d2223e14c6834191d58fd95.llvm.bin" into file system: File exists
jit_kernel_write(): could not link cache file "/home/kms/.drjit/0f924b72dcccb5c1cc7b5bfec9b7d1fd.llvm.bin" into file system: File exists
jit_kernel_write(): could not link cache file "/home/kms/.drjit/0f924b72dcccb5c1cc7b5bfec9b7d1fd.llvm.bin" into file system: File exists
jit_kernel_write(): could not link cache file "/home/kms/.drjit/0f924b72dcccb5c1cc7b5bfec9b7d1fd.llvm.bin" into file system: File exists
jit_kernel_write(): could not link cache file "/home/kms/.drjit/0f924b72dcccb5c1cc7b5bfec9b7d1fd.llvm.bin" into file system: File exists
{"position": 3, "bin": 96, "done": 97, "of": 257, "seconds": 301.7, "last_paths": 63}
{"position": 2, "bin": 96, "done": 97, "of": 257, "seconds": 301.8, "last_paths": 63}
{"position": 4, "bin": 96, "done": 97, "of": 257, "seconds": 301.9, "last_paths": 63}
{"position": 0, "bin": 96, "done": 97, "of": 257, "seconds": 301.9, "last_paths": 63}
{"position": 1, "bin": 96, "done": 97, "of": 257, "seconds": 302.3, "last_paths": 63}
jit_kernel_write(): could not link cache file "/home/kms/.drjit/cece4a9d214d5b43a90926b11bb04601.llvm.bin" into file system: File exists
jit_kernel_write(): could not link cache file "/home/kms/.drjit/cece4a9d214d5b43a90926b11bb04601.llvm.bin" into file system: File exists
jit_kernel_write(): could not link cache file "/home/kms/.drjit/cece4a9d214d5b43a90926b11bb04601.llvm.bin" into file system: File exists
jit_kernel_write(): could not link cache file "/home/kms/.drjit/cece4a9d214d5b43a90926b11bb04601.llvm.bin" into file system: File exists
jit_kernel_write(): could not link cache file "/home/kms/.drjit/2e88df2acec01a2f664eaff878a8e94b.llvm.bin" into file system: File exists
jit_kernel_write(): could not link cache file "/home/kms/.drjit/2e88df2acec01a2f664eaff878a8e94b.llvm.bin" into file system: File exists
jit_kernel_write(): could not write compiled kernel to cache file "/home/kms/.drjit/2e88df2acec01a2f664eaff878a8e94b.llvm.bin.tmp": File exists
jit_kernel_write(): could not link cache file "/home/kms/.drjit/2e88df2acec01a2f664eaff878a8e94b.llvm.bin" into file system: File exists
jit_kernel_write(): could not link cache file "/home/kms/.drjit/e2cd8f1da50d9830c25803d24e5bbca3.llvm.bin" into file system: File exists
jit_kernel_write(): could not link cache file "/home/kms/.drjit/e2cd8f1da50d9830c25803d24e5bbca3.llvm.bin" into file system: File exists
jit_kernel_write(): could not link cache file "/home/kms/.drjit/e2cd8f1da50d9830c25803d24e5bbca3.llvm.bin" into file system: File exists
jit_kernel_write(): could not link cache file "/home/kms/.drjit/e2cd8f1da50d9830c25803d24e5bbca3.llvm.bin" into file system: File exists
jit_kernel_write(): could not link cache file "/home/kms/.drjit/bcfa8013f1f19541eb4c5f05dbdd0b33.llvm.bin" into file system: File exists
jit_kernel_write(): could not link cache file "/home/kms/.drjit/bcfa8013f1f19541eb4c5f05dbdd0b33.llvm.bin" into file system: File exists
jit_kernel_write(): could not link cache file "/home/kms/.drjit/bcfa8013f1f19541eb4c5f05dbdd0b33.llvm.bin" into file system: File exists
jit_kernel_write(): could not link cache file "/home/kms/.drjit/bcfa8013f1f19541eb4c5f05dbdd0b33.llvm.bin" into file system: File exists
jit_kernel_write(): could not link cache file "/home/kms/.drjit/55a67bb8e4ec8b2683abfbeb50733f5c.llvm.bin" into file system: File exists
jit_kernel_write(): could not link cache file "/home/kms/.drjit/55a67bb8e4ec8b2683abfbeb50733f5c.llvm.bin" into file system: File exists
jit_kernel_write(): could not link cache file "/home/kms/.drjit/588c87087b5a0e3447d398a6d2b95976.llvm.bin" into file system: File exists
jit_kernel_write(): could not link cache file "/home/kms/.drjit/588c87087b5a0e3447d398a6d2b95976.llvm.bin" into file system: File exists
jit_kernel_write(): could not link cache file "/home/kms/.drjit/588c87087b5a0e3447d398a6d2b95976.llvm.bin" into file system: File exists
jit_kernel_write(): could not link cache file "/home/kms/.drjit/588c87087b5a0e3447d398a6d2b95976.llvm.bin" into file system: File exists
jit_kernel_write(): could not link cache file "/home/kms/.drjit/a318172c719f3cbd80bbf5d6f1584ba5.llvm.bin" into file system: File exists
jit_kernel_write(): could not link cache file "/home/kms/.drjit/a318172c719f3cbd80bbf5d6f1584ba5.llvm.bin" into file system: File exists
jit_kernel_write(): could not link cache file "/home/kms/.drjit/744b4d70485f1fc85ff42c2bfccad9fa.llvm.bin" into file system: File exists
jit_kernel_write(): could not link cache file "/home/kms/.drjit/dc1fe1b7b1090a4db4f61c7412a0ff97.llvm.bin" into file system: File exists
jit_kernel_write(): could not link cache file "/home/kms/.drjit/744b4d70485f1fc85ff42c2bfccad9fa.llvm.bin" into file system: File exists
jit_kernel_write(): could not link cache file "/home/kms/.drjit/744b4d70485f1fc85ff42c2bfccad9fa.llvm.bin" into file system: File exists
jit_kernel_write(): could not link cache file "/home/kms/.drjit/744b4d70485f1fc85ff42c2bfccad9fa.llvm.bin" into file system: File exists
jit_kernel_write(): could not link cache file "/home/kms/.drjit/1069b5dff45d4deee057f84a50ad866a.llvm.bin" into file system: File exists
jit_kernel_write(): could not link cache file "/home/kms/.drjit/1069b5dff45d4deee057f84a50ad866a.llvm.bin" into file system: File exists
jit_kernel_write(): could not link cache file "/home/kms/.drjit/1069b5dff45d4deee057f84a50ad866a.llvm.bin" into file system: File exists
jit_kernel_write(): could not link cache file "/home/kms/.drjit/d4447148264307f24d4196decf31277e.llvm.bin" into file system: File exists
jit_kernel_write(): could not link cache file "/home/kms/.drjit/d4447148264307f24d4196decf31277e.llvm.bin" into file system: File exists
jit_kernel_write(): could not link cache file "/home/kms/.drjit/d4447148264307f24d4196decf31277e.llvm.bin" into file system: File exists
jit_kernel_write(): could not link cache file "/home/kms/.drjit/d4447148264307f24d4196decf31277e.llvm.bin" into file system: File exists
jit_kernel_write(): could not link cache file "/home/kms/.drjit/b28ccd0ba6f56777ec586b3f69be51fe.llvm.bin" into file system: File exists
jit_kernel_write(): could not link cache file "/home/kms/.drjit/b28ccd0ba6f56777ec586b3f69be51fe.llvm.bin" into file system: File exists
jit_kernel_write(): could not link cache file "/home/kms/.drjit/b28ccd0ba6f56777ec586b3f69be51fe.llvm.bin" into file system: File exists
jit_kernel_write(): could not link cache file "/home/kms/.drjit/b28ccd0ba6f56777ec586b3f69be51fe.llvm.bin" into file system: File exists
jit_kernel_write(): could not link cache file "/home/kms/.drjit/c480cf857ae6df1efbf161f0b8437a09.llvm.bin" into file system: File exists
jit_kernel_write(): could not link cache file "/home/kms/.drjit/c480cf857ae6df1efbf161f0b8437a09.llvm.bin" into file system: File exists
jit_kernel_write(): could not link cache file "/home/kms/.drjit/c480cf857ae6df1efbf161f0b8437a09.llvm.bin" into file system: File exists
jit_kernel_write(): could not link cache file "/home/kms/.drjit/c480cf857ae6df1efbf161f0b8437a09.llvm.bin" into file system: File exists
jit_kernel_write(): could not link cache file "/home/kms/.drjit/8bd5d044d5af72b4f454148eaaebf081.llvm.bin" into file system: File exists
jit_kernel_write(): could not link cache file "/home/kms/.drjit/3d5bfb5c2361d7146a5cc6175ed38877.llvm.bin" into file system: File exists
jit_kernel_write(): could not link cache file "/home/kms/.drjit/3d5bfb5c2361d7146a5cc6175ed38877.llvm.bin" into file system: File exists
jit_kernel_write(): could not link cache file "/home/kms/.drjit/3d5bfb5c2361d7146a5cc6175ed38877.llvm.bin" into file system: File exists
jit_kernel_write(): could not link cache file "/home/kms/.drjit/3d5bfb5c2361d7146a5cc6175ed38877.llvm.bin" into file system: File exists
jit_kernel_write(): could not link cache file "/home/kms/.drjit/b3af9ab283c9ac17ae698002676cd66f.llvm.bin" into file system: File exists
jit_kernel_write(): could not link cache file "/home/kms/.drjit/b3af9ab283c9ac17ae698002676cd66f.llvm.bin" into file system: File exists
jit_kernel_write(): could not link cache file "/home/kms/.drjit/b3af9ab283c9ac17ae698002676cd66f.llvm.bin" into file system: File exists
jit_kernel_write(): could not link cache file "/home/kms/.drjit/b3af9ab283c9ac17ae698002676cd66f.llvm.bin" into file system: File exists
jit_kernel_write(): could not link cache file "/home/kms/.drjit/1c3abf5b11289c5d47a3fd2abdb98168.llvm.bin" into file system: File exists
jit_kernel_write(): could not link cache file "/home/kms/.drjit/1c3abf5b11289c5d47a3fd2abdb98168.llvm.bin" into file system: File exists
jit_kernel_write(): could not link cache file "/home/kms/.drjit/1c3abf5b11289c5d47a3fd2abdb98168.llvm.bin" into file system: File exists
jit_kernel_write(): could not link cache file "/home/kms/.drjit/1c3abf5b11289c5d47a3fd2abdb98168.llvm.bin" into file system: File exists
jit_kernel_write(): could not link cache file "/home/kms/.drjit/df966dd22f292d759c64fdb3c55d57c2.llvm.bin" into file system: File exists
jit_kernel_write(): could not link cache file "/home/kms/.drjit/df966dd22f292d759c64fdb3c55d57c2.llvm.bin" into file system: File exists
jit_kernel_write(): could not link cache file "/home/kms/.drjit/df966dd22f292d759c64fdb3c55d57c2.llvm.bin" into file system: File exists
jit_kernel_write(): could not link cache file "/home/kms/.drjit/df966dd22f292d759c64fdb3c55d57c2.llvm.bin" into file system: File exists
jit_kernel_write(): could not link cache file "/home/kms/.drjit/066b14400ba31103d40e4790cce6ad8f.llvm.bin" into file system: File exists
jit_kernel_write(): could not link cache file "/home/kms/.drjit/066b14400ba31103d40e4790cce6ad8f.llvm.bin" into file system: File exists
jit_kernel_write(): could not link cache file "/home/kms/.drjit/066b14400ba31103d40e4790cce6ad8f.llvm.bin" into file system: File exists
jit_kernel_write(): could not link cache file "/home/kms/.drjit/066b14400ba31103d40e4790cce6ad8f.llvm.bin" into file system: File exists
jit_kernel_write(): could not link cache file "/home/kms/.drjit/35ce94807bacec54a0a26a4b95a4c106.llvm.bin" into file system: File exists
jit_kernel_write(): could not link cache file "/home/kms/.drjit/35ce94807bacec54a0a26a4b95a4c106.llvm.bin" into file system: File exists
jit_kernel_write(): could not link cache file "/home/kms/.drjit/35ce94807bacec54a0a26a4b95a4c106.llvm.bin" into file system: File exists
jit_kernel_write(): could not link cache file "/home/kms/.drjit/35ce94807bacec54a0a26a4b95a4c106.llvm.bin" into file system: File exists
jit_kernel_write(): could not link cache file "/home/kms/.drjit/9d933c2e017a6c6eea2e6400731df9e6.llvm.bin" into file system: File exists
jit_kernel_write(): could not link cache file "/home/kms/.drjit/9d933c2e017a6c6eea2e6400731df9e6.llvm.bin" into file system: File exists
jit_kernel_write(): could not link cache file "/home/kms/.drjit/9d933c2e017a6c6eea2e6400731df9e6.llvm.bin" into file system: File exists
jit_kernel_write(): could not link cache file "/home/kms/.drjit/9d933c2e017a6c6eea2e6400731df9e6.llvm.bin" into file system: File exists
jit_kernel_write(): could not link cache file "/home/kms/.drjit/e2c65530ecbec1dfe70add6af0ef5bf6.llvm.bin" into file system: File exists
jit_kernel_write(): could not link cache file "/home/kms/.drjit/e2c65530ecbec1dfe70add6af0ef5bf6.llvm.bin" into file system: File exists
jit_kernel_write(): could not link cache file "/home/kms/.drjit/e2c65530ecbec1dfe70add6af0ef5bf6.llvm.bin" into file system: File exists
jit_kernel_write(): could not link cache file "/home/kms/.drjit/e2c65530ecbec1dfe70add6af0ef5bf6.llvm.bin" into file system: File exists
jit_kernel_write(): could not link cache file "/home/kms/.drjit/991b53a92e0d0242c92e3a501c0e4bde.llvm.bin" into file system: File exists
jit_kernel_write(): could not link cache file "/home/kms/.drjit/991b53a92e0d0242c92e3a501c0e4bde.llvm.bin" into file system: File exists
jit_kernel_write(): could not link cache file "/home/kms/.drjit/991b53a92e0d0242c92e3a501c0e4bde.llvm.bin" into file system: File exists
jit_kernel_write(): could not link cache file "/home/kms/.drjit/991b53a92e0d0242c92e3a501c0e4bde.llvm.bin" into file system: File exists
jit_kernel_write(): could not link cache file "/home/kms/.drjit/faf133a141b07c14050eb918bdf01cfe.llvm.bin" into file system: File exists
jit_kernel_write(): could not link cache file "/home/kms/.drjit/faf133a141b07c14050eb918bdf01cfe.llvm.bin" into file system: File exists
jit_kernel_write(): could not link cache file "/home/kms/.drjit/faf133a141b07c14050eb918bdf01cfe.llvm.bin" into file system: File exists
jit_kernel_write(): could not link cache file "/home/kms/.drjit/faf133a141b07c14050eb918bdf01cfe.llvm.bin" into file system: File exists
jit_kernel_write(): could not link cache file "/home/kms/.drjit/f2509ade12b56c16f4497f65d7250e57.llvm.bin" into file system: File exists
jit_kernel_write(): could not link cache file "/home/kms/.drjit/f2509ade12b56c16f4497f65d7250e57.llvm.bin" into file system: File exists
jit_kernel_write(): could not link cache file "/home/kms/.drjit/f2509ade12b56c16f4497f65d7250e57.llvm.bin" into file system: File exists
jit_kernel_write(): could not link cache file "/home/kms/.drjit/f2509ade12b56c16f4497f65d7250e57.llvm.bin" into file system: File exists
jit_kernel_write(): could not link cache file "/home/kms/.drjit/8632b201a7da9a81b9c63c01bb6279a1.llvm.bin" into file system: File exists
jit_kernel_write(): could not link cache file "/home/kms/.drjit/8632b201a7da9a81b9c63c01bb6279a1.llvm.bin" into file system: File exists
jit_kernel_write(): could not link cache file "/home/kms/.drjit/8632b201a7da9a81b9c63c01bb6279a1.llvm.bin" into file system: File exists
jit_kernel_write(): could not link cache file "/home/kms/.drjit/8632b201a7da9a81b9c63c01bb6279a1.llvm.bin" into file system: File exists
jit_kernel_write(): could not link cache file "/home/kms/.drjit/9649b08880f4269add88dba94a640664.llvm.bin" into file system: File exists
jit_kernel_write(): could not link cache file "/home/kms/.drjit/9649b08880f4269add88dba94a640664.llvm.bin" into file system: File exists
jit_kernel_write(): could not link cache file "/home/kms/.drjit/9649b08880f4269add88dba94a640664.llvm.bin" into file system: File exists
jit_kernel_write(): could not link cache file "/home/kms/.drjit/9649b08880f4269add88dba94a640664.llvm.bin" into file system: File exists
jit_kernel_write(): could not link cache file "/home/kms/.drjit/62c5e99bf9f5707acd615fd559348934.llvm.bin" into file system: File exists
jit_kernel_write(): could not link cache file "/home/kms/.drjit/62c5e99bf9f5707acd615fd559348934.llvm.bin" into file system: File exists
jit_kernel_write(): could not write compiled kernel to cache file "/home/kms/.drjit/62c5e99bf9f5707acd615fd559348934.llvm.bin.tmp": File exists
jit_kernel_write(): could not link cache file "/home/kms/.drjit/62c5e99bf9f5707acd615fd559348934.llvm.bin" into file system: File exists
jit_kernel_write(): could not link cache file "/home/kms/.drjit/c1b2b7b9166746bd0c5f1c9dd9c58fbf.llvm.bin" into file system: File exists
jit_kernel_write(): could not link cache file "/home/kms/.drjit/c1b2b7b9166746bd0c5f1c9dd9c58fbf.llvm.bin" into file system: File exists
jit_kernel_write(): could not link cache file "/home/kms/.drjit/c1b2b7b9166746bd0c5f1c9dd9c58fbf.llvm.bin" into file system: File exists
jit_kernel_write(): could not link cache file "/home/kms/.drjit/c1b2b7b9166746bd0c5f1c9dd9c58fbf.llvm.bin" into file system: File exists
jit_kernel_write(): could not link cache file "/home/kms/.drjit/df70ecd141481a277a0df99a9cd2ca09.llvm.bin" into file system: File exists
jit_kernel_write(): could not link cache file "/home/kms/.drjit/df70ecd141481a277a0df99a9cd2ca09.llvm.bin" into file system: File exists
jit_kernel_write(): could not write compiled kernel to cache file "/home/kms/.drjit/df70ecd141481a277a0df99a9cd2ca09.llvm.bin.tmp": File exists
jit_kernel_write(): could not link cache file "/home/kms/.drjit/df70ecd141481a277a0df99a9cd2ca09.llvm.bin" into file system: File exists
jit_kernel_write(): could not link cache file "/home/kms/.drjit/ebaaaacad7749f2ffd3de5985fba91d5.llvm.bin" into file system: File exists
jit_kernel_write(): could not link cache file "/home/kms/.drjit/ebaaaacad7749f2ffd3de5985fba91d5.llvm.bin" into file system: File exists
jit_kernel_write(): could not link cache file "/home/kms/.drjit/ebaaaacad7749f2ffd3de5985fba91d5.llvm.bin" into file system: File exists
jit_kernel_write(): could not link cache file "/home/kms/.drjit/ebaaaacad7749f2ffd3de5985fba91d5.llvm.bin" into file system: File exists
{"position": 2, "bin": 112, "done": 113, "of": 257, "seconds": 348.2, "last_paths": 63}
{"position": 0, "bin": 112, "done": 113, "of": 257, "seconds": 348.3, "last_paths": 63}
{"position": 4, "bin": 112, "done": 113, "of": 257, "seconds": 348.4, "last_paths": 63}
{"position": 1, "bin": 112, "done": 113, "of": 257, "seconds": 348.8, "last_paths": 63}
{"position": 3, "bin": 112, "done": 113, "of": 257, "seconds": 348.6, "last_paths": 63}
jit_kernel_write(): could not link cache file "/home/kms/.drjit/1686fe4d4f74671a383d6ea623a7d569.llvm.bin" into file system: File exists
jit_kernel_write(): could not link cache file "/home/kms/.drjit/1686fe4d4f74671a383d6ea623a7d569.llvm.bin" into file system: File exists
jit_kernel_write(): could not link cache file "/home/kms/.drjit/1686fe4d4f74671a383d6ea623a7d569.llvm.bin" into file system: File exists
jit_kernel_write(): could not link cache file "/home/kms/.drjit/1686fe4d4f74671a383d6ea623a7d569.llvm.bin" into file system: File exists
jit_kernel_write(): could not write compiled kernel to cache file "/home/kms/.drjit/bfec175bd91ccb2302db8bade72668d2.llvm.bin.tmp": File exists
jit_kernel_write(): could not write compiled kernel to cache file "/home/kms/.drjit/642d2750407f1e8460096ca7b0096eaa.llvm.bin.tmp": File exists
jit_kernel_write(): could not write compiled kernel to cache file "/home/kms/.drjit/69f69dfc1cfedd0c38ef9be88898a9e8.llvm.bin.tmp": File exists
jit_kernel_write(): could not link cache file "/home/kms/.drjit/bfec175bd91ccb2302db8bade72668d2.llvm.bin" into file system: File exists
jit_kernel_write(): could not link cache file "/home/kms/.drjit/bfec175bd91ccb2302db8bade72668d2.llvm.bin" into file system: File exists
jit_kernel_write(): could not link cache file "/home/kms/.drjit/bfec175bd91ccb2302db8bade72668d2.llvm.bin" into file system: File exists
jit_kernel_write(): could not link cache file "/home/kms/.drjit/5ec8388a372eb5efe61b900c20f35f76.llvm.bin" into file system: File exists
jit_kernel_write(): could not link cache file "/home/kms/.drjit/5ec8388a372eb5efe61b900c20f35f76.llvm.bin" into file system: File exists
jit_kernel_write(): could not link cache file "/home/kms/.drjit/5ec8388a372eb5efe61b900c20f35f76.llvm.bin" into file system: File exists
jit_kernel_write(): could not link cache file "/home/kms/.drjit/5ec8388a372eb5efe61b900c20f35f76.llvm.bin" into file system: File exists
jit_kernel_write(): could not link cache file "/home/kms/.drjit/b4f03d7dba5e4fbb1786547ead67e4b3.llvm.bin" into file system: File exists
jit_kernel_write(): could not link cache file "/home/kms/.drjit/ece1d1270419669f361d36038c45a4e1.llvm.bin" into file system: File exists
jit_kernel_write(): could not link cache file "/home/kms/.drjit/b4f03d7dba5e4fbb1786547ead67e4b3.llvm.bin" into file system: File exists
jit_kernel_write(): could not link cache file "/home/kms/.drjit/b4f03d7dba5e4fbb1786547ead67e4b3.llvm.bin" into file system: File exists
jit_kernel_write(): could not link cache file "/home/kms/.drjit/b4f03d7dba5e4fbb1786547ead67e4b3.llvm.bin" into file system: File exists
jit_kernel_write(): could not link cache file "/home/kms/.drjit/0cd05fecc5ba77de41b84a7c14b507f4.llvm.bin" into file system: File exists
jit_kernel_write(): could not link cache file "/home/kms/.drjit/0cd05fecc5ba77de41b84a7c14b507f4.llvm.bin" into file system: File exists
jit_kernel_write(): could not link cache file "/home/kms/.drjit/0cd05fecc5ba77de41b84a7c14b507f4.llvm.bin" into file system: File exists
jit_kernel_write(): could not link cache file "/home/kms/.drjit/0cd05fecc5ba77de41b84a7c14b507f4.llvm.bin" into file system: File exists
jit_kernel_write(): could not link cache file "/home/kms/.drjit/d88ccef1dfebd74466665cf81b727ee2.llvm.bin" into file system: File exists
jit_kernel_write(): could not link cache file "/home/kms/.drjit/0cebe78d50b470f4960280a3cbb6fb34.llvm.bin" into file system: File exists
jit_kernel_write(): could not link cache file "/home/kms/.drjit/d88ccef1dfebd74466665cf81b727ee2.llvm.bin" into file system: File exists
jit_kernel_write(): could not link cache file "/home/kms/.drjit/d88ccef1dfebd74466665cf81b727ee2.llvm.bin" into file system: File exists
jit_kernel_write(): could not link cache file "/home/kms/.drjit/d88ccef1dfebd74466665cf81b727ee2.llvm.bin" into file system: File exists
jit_kernel_write(): could not link cache file "/home/kms/.drjit/2389b6b412982e58c6a627a478ee3c16.llvm.bin" into file system: File exists
jit_kernel_write(): could not link cache file "/home/kms/.drjit/2389b6b412982e58c6a627a478ee3c16.llvm.bin" into file system: File exists
jit_kernel_write(): could not link cache file "/home/kms/.drjit/2389b6b412982e58c6a627a478ee3c16.llvm.bin" into file system: File exists
jit_kernel_write(): could not link cache file "/home/kms/.drjit/2389b6b412982e58c6a627a478ee3c16.llvm.bin" into file system: File exists
jit_kernel_write(): could not link cache file "/home/kms/.drjit/5761487827595e74b3c7329a9d3adfcb.llvm.bin" into file system: File exists
jit_kernel_write(): could not link cache file "/home/kms/.drjit/5761487827595e74b3c7329a9d3adfcb.llvm.bin" into file system: File exists
jit_kernel_write(): could not link cache file "/home/kms/.drjit/789071ccd7fbef0c51bfa3eda7d7c276.llvm.bin" into file system: File exists
jit_kernel_write(): could not link cache file "/home/kms/.drjit/f015b9a106d418b8d310de16c39af01d.llvm.bin" into file system: File exists
jit_kernel_write(): could not link cache file "/home/kms/.drjit/f015b9a106d418b8d310de16c39af01d.llvm.bin" into file system: File exists
jit_kernel_write(): could not link cache file "/home/kms/.drjit/5761487827595e74b3c7329a9d3adfcb.llvm.bin" into file system: File exists
jit_kernel_write(): could not link cache file "/home/kms/.drjit/5761487827595e74b3c7329a9d3adfcb.llvm.bin" into file system: File exists
jit_kernel_write(): could not write compiled kernel to cache file "/home/kms/.drjit/a4b0a12efd353c46ed0661dd0a407424.llvm.bin.tmp": File exists
jit_kernel_write(): could not link cache file "/home/kms/.drjit/a4b0a12efd353c46ed0661dd0a407424.llvm.bin" into file system: File exists
jit_kernel_write(): could not link cache file "/home/kms/.drjit/a4b0a12efd353c46ed0661dd0a407424.llvm.bin" into file system: File exists
jit_kernel_write(): could not link cache file "/home/kms/.drjit/a4b0a12efd353c46ed0661dd0a407424.llvm.bin" into file system: File exists
jit_kernel_write(): could not link cache file "/home/kms/.drjit/5116e6921d2e1faf9ed85e329f51ae2c.llvm.bin" into file system: File exists
jit_kernel_write(): could not link cache file "/home/kms/.drjit/5116e6921d2e1faf9ed85e329f51ae2c.llvm.bin" into file system: File exists
jit_kernel_write(): could not link cache file "/home/kms/.drjit/5f70962203bde2ab74f6a812f2961ab3.llvm.bin" into file system: File exists
jit_kernel_write(): could not link cache file "/home/kms/.drjit/5f70962203bde2ab74f6a812f2961ab3.llvm.bin" into file system: File exists
jit_kernel_write(): could not link cache file "/home/kms/.drjit/1d68855528559604447b6b13e3acdf1c.llvm.bin" into file system: File exists
jit_kernel_write(): could not link cache file "/home/kms/.drjit/5116e6921d2e1faf9ed85e329f51ae2c.llvm.bin" into file system: File exists
jit_kernel_write(): could not link cache file "/home/kms/.drjit/5116e6921d2e1faf9ed85e329f51ae2c.llvm.bin" into file system: File exists
jit_kernel_write(): could not link cache file "/home/kms/.drjit/ddc2af40347f522fa4cab0db75f6703a.llvm.bin" into file system: File exists
jit_kernel_write(): could not link cache file "/home/kms/.drjit/ddc2af40347f522fa4cab0db75f6703a.llvm.bin" into file system: File exists
jit_kernel_write(): could not link cache file "/home/kms/.drjit/ddc2af40347f522fa4cab0db75f6703a.llvm.bin" into file system: File exists
jit_kernel_write(): could not link cache file "/home/kms/.drjit/ddc2af40347f522fa4cab0db75f6703a.llvm.bin" into file system: File exists
jit_kernel_write(): could not link cache file "/home/kms/.drjit/d7f50772a40bc3f8eddaad1e8e61a731.llvm.bin" into file system: File exists
jit_kernel_write(): could not link cache file "/home/kms/.drjit/d7f50772a40bc3f8eddaad1e8e61a731.llvm.bin" into file system: File exists
jit_kernel_write(): could not link cache file "/home/kms/.drjit/ecd46923810d12915259340e575dd292.llvm.bin" into file system: File exists
jit_kernel_write(): could not link cache file "/home/kms/.drjit/ecd46923810d12915259340e575dd292.llvm.bin" into file system: File exists
jit_kernel_write(): could not link cache file "/home/kms/.drjit/d7f50772a40bc3f8eddaad1e8e61a731.llvm.bin" into file system: File exists
jit_kernel_write(): could not link cache file "/home/kms/.drjit/31c12cef71e1954c0ce7da9560efc6f0.llvm.bin" into file system: File exists
jit_kernel_write(): could not link cache file "/home/kms/.drjit/d7f50772a40bc3f8eddaad1e8e61a731.llvm.bin" into file system: File exists
jit_kernel_write(): could not link cache file "/home/kms/.drjit/0bf2a4866d8fa2f9a4f8e0146ad157f5.llvm.bin" into file system: File exists
jit_kernel_write(): could not link cache file "/home/kms/.drjit/0bf2a4866d8fa2f9a4f8e0146ad157f5.llvm.bin" into file system: File exists
jit_kernel_write(): could not link cache file "/home/kms/.drjit/0bf2a4866d8fa2f9a4f8e0146ad157f5.llvm.bin" into file system: File exists
jit_kernel_write(): could not link cache file "/home/kms/.drjit/0bf2a4866d8fa2f9a4f8e0146ad157f5.llvm.bin" into file system: File exists
jit_kernel_write(): could not link cache file "/home/kms/.drjit/d7b8e53f533c12f26b23c5565bad8af5.llvm.bin" into file system: File exists
jit_kernel_write(): could not link cache file "/home/kms/.drjit/d7b8e53f533c12f26b23c5565bad8af5.llvm.bin" into file system: File exists
jit_kernel_write(): could not link cache file "/home/kms/.drjit/c04d788b58275412715826b17c5c3510.llvm.bin" into file system: File exists
jit_kernel_write(): could not link cache file "/home/kms/.drjit/d7b8e53f533c12f26b23c5565bad8af5.llvm.bin" into file system: File exists
jit_kernel_write(): could not link cache file "/home/kms/.drjit/c04d788b58275412715826b17c5c3510.llvm.bin" into file system: File exists
jit_kernel_write(): could not link cache file "/home/kms/.drjit/d7b8e53f533c12f26b23c5565bad8af5.llvm.bin" into file system: File exists
jit_kernel_write(): could not link cache file "/home/kms/.drjit/8b0d24b9d7b3ef0fd0b4b622da9bf511.llvm.bin" into file system: File exists
jit_kernel_write(): could not write compiled kernel to cache file "/home/kms/.drjit/8b0d24b9d7b3ef0fd0b4b622da9bf511.llvm.bin.tmp": File exists
jit_kernel_write(): could not link cache file "/home/kms/.drjit/8b0d24b9d7b3ef0fd0b4b622da9bf511.llvm.bin" into file system: File exists
jit_kernel_write(): could not link cache file "/home/kms/.drjit/8b0d24b9d7b3ef0fd0b4b622da9bf511.llvm.bin" into file system: File exists
jit_kernel_write(): could not link cache file "/home/kms/.drjit/87b6476fdc8b216841d6bb08a1867d2f.llvm.bin" into file system: File exists
jit_kernel_write(): could not link cache file "/home/kms/.drjit/87b6476fdc8b216841d6bb08a1867d2f.llvm.bin" into file system: File exists
jit_kernel_write(): could not link cache file "/home/kms/.drjit/b39aca9498235103f3e725357df039b0.llvm.bin" into file system: File exists
jit_kernel_write(): could not link cache file "/home/kms/.drjit/87b6476fdc8b216841d6bb08a1867d2f.llvm.bin" into file system: File exists
jit_kernel_write(): could not link cache file "/home/kms/.drjit/4be3946d622940af5f59d277d017f26e.llvm.bin" into file system: File exists
jit_kernel_write(): could not link cache file "/home/kms/.drjit/4be3946d622940af5f59d277d017f26e.llvm.bin" into file system: File exists
jit_kernel_write(): could not link cache file "/home/kms/.drjit/87b6476fdc8b216841d6bb08a1867d2f.llvm.bin" into file system: File exists
jit_kernel_write(): could not write compiled kernel to cache file "/home/kms/.drjit/a32874d9ac114500634b55be97973ef5.llvm.bin.tmp": File exists
jit_kernel_write(): could not write compiled kernel to cache file "/home/kms/.drjit/a32874d9ac114500634b55be97973ef5.llvm.bin.tmp": File exists
jit_kernel_write(): could not link cache file "/home/kms/.drjit/a32874d9ac114500634b55be97973ef5.llvm.bin" into file system: File exists
jit_kernel_write(): could not link cache file "/home/kms/.drjit/a32874d9ac114500634b55be97973ef5.llvm.bin" into file system: File exists
jit_kernel_write(): could not write compiled kernel to cache file "/home/kms/.drjit/93d730c14ce5d5b23b395a4299aebf92.llvm.bin.tmp": File exists
jit_kernel_write(): could not link cache file "/home/kms/.drjit/93d730c14ce5d5b23b395a4299aebf92.llvm.bin" into file system: File exists
jit_kernel_write(): could not link cache file "/home/kms/.drjit/93d730c14ce5d5b23b395a4299aebf92.llvm.bin" into file system: File exists
jit_kernel_write(): could not link cache file "/home/kms/.drjit/90181ad602ab78734604bf47da8d79ec.llvm.bin" into file system: File exists
jit_kernel_write(): could not link cache file "/home/kms/.drjit/90181ad602ab78734604bf47da8d79ec.llvm.bin" into file system: File exists
jit_kernel_write(): could not link cache file "/home/kms/.drjit/90181ad602ab78734604bf47da8d79ec.llvm.bin" into file system: File exists
jit_kernel_write(): could not link cache file "/home/kms/.drjit/1d5595aab3769951c4130c6069ef4fc5.llvm.bin" into file system: File exists
jit_kernel_write(): could not link cache file "/home/kms/.drjit/1d5595aab3769951c4130c6069ef4fc5.llvm.bin" into file system: File exists
jit_kernel_write(): could not link cache file "/home/kms/.drjit/1d5595aab3769951c4130c6069ef4fc5.llvm.bin" into file system: File exists
jit_kernel_write(): could not link cache file "/home/kms/.drjit/93d730c14ce5d5b23b395a4299aebf92.llvm.bin" into file system: File exists
jit_kernel_write(): could not link cache file "/home/kms/.drjit/af63094d873cd0dca7630de943b1a088.llvm.bin" into file system: File exists
jit_kernel_write(): could not link cache file "/home/kms/.drjit/af63094d873cd0dca7630de943b1a088.llvm.bin" into file system: File exists
jit_kernel_write(): could not link cache file "/home/kms/.drjit/af63094d873cd0dca7630de943b1a088.llvm.bin" into file system: File exists
jit_kernel_write(): could not link cache file "/home/kms/.drjit/af63094d873cd0dca7630de943b1a088.llvm.bin" into file system: File exists
jit_kernel_write(): could not write compiled kernel to cache file "/home/kms/.drjit/fb900f3e68239aa5067916d82af0fb63.llvm.bin.tmp": File exists
jit_kernel_write(): could not link cache file "/home/kms/.drjit/fb900f3e68239aa5067916d82af0fb63.llvm.bin" into file system: File exists
jit_kernel_write(): could not link cache file "/home/kms/.drjit/fb900f3e68239aa5067916d82af0fb63.llvm.bin" into file system: File exists
jit_kernel_write(): could not link cache file "/home/kms/.drjit/fb900f3e68239aa5067916d82af0fb63.llvm.bin" into file system: File exists
jit_kernel_write(): could not link cache file "/home/kms/.drjit/d5bdc4e457b660ad118422ce2d8670ca.llvm.bin" into file system: File exists
jit_kernel_write(): could not write compiled kernel to cache file "/home/kms/.drjit/d5bdc4e457b660ad118422ce2d8670ca.llvm.bin.tmp": File exists
jit_kernel_write(): could not link cache file "/home/kms/.drjit/d5bdc4e457b660ad118422ce2d8670ca.llvm.bin" into file system: File exists
jit_kernel_write(): could not link cache file "/home/kms/.drjit/d5bdc4e457b660ad118422ce2d8670ca.llvm.bin" into file system: File exists
jit_kernel_write(): could not link cache file "/home/kms/.drjit/7a234e05090d3a0b1723c2382aaa431d.llvm.bin" into file system: File exists
jit_kernel_write(): could not link cache file "/home/kms/.drjit/7a234e05090d3a0b1723c2382aaa431d.llvm.bin" into file system: File exists
jit_kernel_write(): could not write compiled kernel to cache file "/home/kms/.drjit/7a234e05090d3a0b1723c2382aaa431d.llvm.bin.tmp": File exists
jit_kernel_write(): could not link cache file "/home/kms/.drjit/b58cdef2223f1dd4528e0217fee9a57a.llvm.bin" into file system: File exists
jit_kernel_write(): could not link cache file "/home/kms/.drjit/7a234e05090d3a0b1723c2382aaa431d.llvm.bin" into file system: File exists
jit_kernel_write(): could not link cache file "/home/kms/.drjit/456035ec686bb20dd677fb2d41caccd4.llvm.bin" into file system: File exists
jit_kernel_write(): could not link cache file "/home/kms/.drjit/456035ec686bb20dd677fb2d41caccd4.llvm.bin" into file system: File exists
jit_kernel_write(): could not link cache file "/home/kms/.drjit/456035ec686bb20dd677fb2d41caccd4.llvm.bin" into file system: File exists
jit_kernel_write(): could not link cache file "/home/kms/.drjit/456035ec686bb20dd677fb2d41caccd4.llvm.bin" into file system: File exists
jit_kernel_write(): could not link cache file "/home/kms/.drjit/a67ea9432d0a8f1988ae23c2079a8a8e.llvm.bin" into file system: File exists
jit_kernel_write(): could not link cache file "/home/kms/.drjit/a67ea9432d0a8f1988ae23c2079a8a8e.llvm.bin" into file system: File exists
jit_kernel_write(): could not link cache file "/home/kms/.drjit/a67ea9432d0a8f1988ae23c2079a8a8e.llvm.bin" into file system: File exists
jit_kernel_write(): could not link cache file "/home/kms/.drjit/a67ea9432d0a8f1988ae23c2079a8a8e.llvm.bin" into file system: File exists
jit_kernel_write(): could not link cache file "/home/kms/.drjit/328810c14acc1f0b2004074415f6b35d.llvm.bin" into file system: File exists
jit_kernel_write(): could not link cache file "/home/kms/.drjit/328810c14acc1f0b2004074415f6b35d.llvm.bin" into file system: File exists
jit_kernel_write(): could not link cache file "/home/kms/.drjit/328810c14acc1f0b2004074415f6b35d.llvm.bin" into file system: File exists
jit_kernel_write(): could not link cache file "/home/kms/.drjit/328810c14acc1f0b2004074415f6b35d.llvm.bin" into file system: File exists
jit_kernel_write(): could not write compiled kernel to cache file "/home/kms/.drjit/0a4ee79358e977fdaa0bd7fba85e594f.llvm.bin.tmp": File exists
jit_kernel_write(): could not link cache file "/home/kms/.drjit/0a4ee79358e977fdaa0bd7fba85e594f.llvm.bin" into file system: File exists
jit_kernel_write(): could not link cache file "/home/kms/.drjit/0a4ee79358e977fdaa0bd7fba85e594f.llvm.bin" into file system: File exists
jit_kernel_write(): could not link cache file "/home/kms/.drjit/e1f39c9ce81ea6ab12cc1ead4aae9e5c.llvm.bin" into file system: File exists
jit_kernel_write(): could not link cache file "/home/kms/.drjit/0a4ee79358e977fdaa0bd7fba85e594f.llvm.bin" into file system: File exists
jit_kernel_write(): could not link cache file "/home/kms/.drjit/e1f39c9ce81ea6ab12cc1ead4aae9e5c.llvm.bin" into file system: File exists
jit_kernel_write(): could not link cache file "/home/kms/.drjit/e1f39c9ce81ea6ab12cc1ead4aae9e5c.llvm.bin" into file system: File exists
jit_kernel_write(): could not link cache file "/home/kms/.drjit/5ba995356f2db4bbb3559a2120aa7092.llvm.bin" into file system: File exists
jit_kernel_write(): could not write compiled kernel to cache file "/home/kms/.drjit/5ba995356f2db4bbb3559a2120aa7092.llvm.bin.tmp": File exists
jit_kernel_write(): could not link cache file "/home/kms/.drjit/5ba995356f2db4bbb3559a2120aa7092.llvm.bin" into file system: File exists
jit_kernel_write(): could not link cache file "/home/kms/.drjit/5ba995356f2db4bbb3559a2120aa7092.llvm.bin" into file system: File exists
jit_kernel_write(): could not write compiled kernel to cache file "/home/kms/.drjit/13201f83738df9c5d438b2c1f019a122.llvm.bin.tmp": File exists
jit_kernel_write(): could not write compiled kernel to cache file "/home/kms/.drjit/13201f83738df9c5d438b2c1f019a122.llvm.bin.tmp": File exists
jit_kernel_write(): could not link cache file "/home/kms/.drjit/13201f83738df9c5d438b2c1f019a122.llvm.bin" into file system: File exists
jit_kernel_write(): could not link cache file "/home/kms/.drjit/13201f83738df9c5d438b2c1f019a122.llvm.bin" into file system: File exists
jit_kernel_write(): could not link cache file "/home/kms/.drjit/e83a706e2809757140f153fd4a10506f.llvm.bin" into file system: File exists
jit_kernel_write(): could not write compiled kernel to cache file "/home/kms/.drjit/e83a706e2809757140f153fd4a10506f.llvm.bin.tmp": File exists
jit_kernel_write(): could not link cache file "/home/kms/.drjit/e83a706e2809757140f153fd4a10506f.llvm.bin" into file system: File exists
jit_kernel_write(): could not link cache file "/home/kms/.drjit/e83a706e2809757140f153fd4a10506f.llvm.bin" into file system: File exists
jit_kernel_write(): could not link cache file "/home/kms/.drjit/baf997f5f01a7fa1658cf2cb20bd4013.llvm.bin" into file system: File exists
jit_kernel_write(): could not link cache file "/home/kms/.drjit/baf997f5f01a7fa1658cf2cb20bd4013.llvm.bin" into file system: File exists
jit_kernel_write(): could not write compiled kernel to cache file "/home/kms/.drjit/baf997f5f01a7fa1658cf2cb20bd4013.llvm.bin.tmp": File exists
jit_kernel_write(): could not link cache file "/home/kms/.drjit/baf997f5f01a7fa1658cf2cb20bd4013.llvm.bin" into file system: File exists
jit_kernel_write(): could not link cache file "/home/kms/.drjit/78a968364facdd15784b34a38fa371f7.llvm.bin" into file system: File exists
jit_kernel_write(): could not link cache file "/home/kms/.drjit/1a043e1e90a1659c6d4307deda6cdbf9.llvm.bin" into file system: File exists
jit_kernel_write(): could not link cache file "/home/kms/.drjit/1a043e1e90a1659c6d4307deda6cdbf9.llvm.bin" into file system: File exists
jit_kernel_write(): could not link cache file "/home/kms/.drjit/1a043e1e90a1659c6d4307deda6cdbf9.llvm.bin" into file system: File exists
jit_kernel_write(): could not link cache file "/home/kms/.drjit/1a043e1e90a1659c6d4307deda6cdbf9.llvm.bin" into file system: File exists
jit_kernel_write(): could not link cache file "/home/kms/.drjit/ba52ecc5a3be46d4d7edabe5830e4758.llvm.bin" into file system: File exists
jit_kernel_write(): could not link cache file "/home/kms/.drjit/ba52ecc5a3be46d4d7edabe5830e4758.llvm.bin" into file system: File exists
jit_kernel_write(): could not link cache file "/home/kms/.drjit/ba52ecc5a3be46d4d7edabe5830e4758.llvm.bin" into file system: File exists
jit_kernel_write(): could not link cache file "/home/kms/.drjit/2f739d38115a3968a4c9536d7d7d51e2.llvm.bin" into file system: File exists
jit_kernel_write(): could not link cache file "/home/kms/.drjit/ba52ecc5a3be46d4d7edabe5830e4758.llvm.bin" into file system: File exists
{"position": 1, "bin": 128, "done": 129, "of": 257, "seconds": 391.7, "last_paths": 63}
{"position": 3, "bin": 128, "done": 129, "of": 257, "seconds": 391.5, "last_paths": 63}
{"position": 2, "bin": 128, "done": 129, "of": 257, "seconds": 391.3, "last_paths": 63}
{"position": 4, "bin": 128, "done": 129, "of": 257, "seconds": 391.4, "last_paths": 63}
{"position": 0, "bin": 128, "done": 129, "of": 257, "seconds": 391.4, "last_paths": 63}
jit_kernel_write(): could not link cache file "/home/kms/.drjit/90a43fedd6d738511dd23ece9d0a56b3.llvm.bin" into file system: File exists
jit_kernel_write(): could not link cache file "/home/kms/.drjit/90a43fedd6d738511dd23ece9d0a56b3.llvm.bin" into file system: File exists
jit_kernel_write(): could not link cache file "/home/kms/.drjit/90a43fedd6d738511dd23ece9d0a56b3.llvm.bin" into file system: File exists
jit_kernel_write(): could not link cache file "/home/kms/.drjit/90a43fedd6d738511dd23ece9d0a56b3.llvm.bin" into file system: File exists
jit_kernel_write(): could not link cache file "/home/kms/.drjit/faf3ad7814ee119cfbd31995b0f215a4.llvm.bin" into file system: File exists
jit_kernel_write(): could not link cache file "/home/kms/.drjit/faf3ad7814ee119cfbd31995b0f215a4.llvm.bin" into file system: File exists
jit_kernel_write(): could not link cache file "/home/kms/.drjit/faf3ad7814ee119cfbd31995b0f215a4.llvm.bin" into file system: File exists
jit_kernel_write(): could not link cache file "/home/kms/.drjit/0ec536aa3a4ee2c2c0fc411dd27745fd.llvm.bin" into file system: File exists
jit_kernel_write(): could not link cache file "/home/kms/.drjit/faf3ad7814ee119cfbd31995b0f215a4.llvm.bin" into file system: File exists
jit_kernel_write(): could not link cache file "/home/kms/.drjit/e2b4f020b2599d608f91bf468f97d4f9.llvm.bin" into file system: File exists
jit_kernel_write(): could not link cache file "/home/kms/.drjit/e2b4f020b2599d608f91bf468f97d4f9.llvm.bin" into file system: File exists
jit_kernel_write(): could not link cache file "/home/kms/.drjit/e2b4f020b2599d608f91bf468f97d4f9.llvm.bin" into file system: File exists
jit_kernel_write(): could not link cache file "/home/kms/.drjit/e2b4f020b2599d608f91bf468f97d4f9.llvm.bin" into file system: File exists
jit_kernel_write(): could not link cache file "/home/kms/.drjit/6d06018dfb76a55928a0eef1709d0a74.llvm.bin" into file system: File exists
jit_kernel_write(): could not link cache file "/home/kms/.drjit/6d06018dfb76a55928a0eef1709d0a74.llvm.bin" into file system: File exists
jit_kernel_write(): could not link cache file "/home/kms/.drjit/0168830fb28d89c70f7ae13307f3cd03.llvm.bin" into file system: File exists
jit_kernel_write(): could not link cache file "/home/kms/.drjit/6d06018dfb76a55928a0eef1709d0a74.llvm.bin" into file system: File exists
jit_kernel_write(): could not link cache file "/home/kms/.drjit/6d06018dfb76a55928a0eef1709d0a74.llvm.bin" into file system: File exists
jit_kernel_write(): could not link cache file "/home/kms/.drjit/eca50964c71c2a87d1fc34a257befff6.llvm.bin" into file system: File exists
jit_kernel_write(): could not write compiled kernel to cache file "/home/kms/.drjit/eca50964c71c2a87d1fc34a257befff6.llvm.bin.tmp": File exists
jit_kernel_write(): could not link cache file "/home/kms/.drjit/eca50964c71c2a87d1fc34a257befff6.llvm.bin" into file system: File exists
jit_kernel_write(): could not link cache file "/home/kms/.drjit/eca50964c71c2a87d1fc34a257befff6.llvm.bin" into file system: File exists
jit_kernel_write(): could not write compiled kernel to cache file "/home/kms/.drjit/e28ff88d836112e1b7be8d8cafe0a1ef.llvm.bin.tmp": File exists
jit_kernel_write(): could not link cache file "/home/kms/.drjit/e28ff88d836112e1b7be8d8cafe0a1ef.llvm.bin" into file system: File exists
jit_kernel_write(): could not link cache file "/home/kms/.drjit/e28ff88d836112e1b7be8d8cafe0a1ef.llvm.bin" into file system: File exists
jit_kernel_write(): could not link cache file "/home/kms/.drjit/e28ff88d836112e1b7be8d8cafe0a1ef.llvm.bin" into file system: File exists
jit_kernel_write(): could not link cache file "/home/kms/.drjit/9f05da3f888f5c023605d70e834afa45.llvm.bin" into file system: File exists
jit_kernel_write(): could not link cache file "/home/kms/.drjit/9f05da3f888f5c023605d70e834afa45.llvm.bin" into file system: File exists
jit_kernel_write(): could not link cache file "/home/kms/.drjit/9f05da3f888f5c023605d70e834afa45.llvm.bin" into file system: File exists
jit_kernel_write(): could not link cache file "/home/kms/.drjit/f99fce4c26e7c0da153fdbcf9f569043.llvm.bin" into file system: File exists
jit_kernel_write(): could not link cache file "/home/kms/.drjit/f99fce4c26e7c0da153fdbcf9f569043.llvm.bin" into file system: File exists
jit_kernel_write(): could not link cache file "/home/kms/.drjit/f99fce4c26e7c0da153fdbcf9f569043.llvm.bin" into file system: File exists
jit_kernel_write(): could not link cache file "/home/kms/.drjit/f99fce4c26e7c0da153fdbcf9f569043.llvm.bin" into file system: File exists
jit_kernel_write(): could not link cache file "/home/kms/.drjit/70e32a7bc5fa7d8db664d705e6f5b36f.llvm.bin" into file system: File exists
jit_kernel_write(): could not link cache file "/home/kms/.drjit/70e32a7bc5fa7d8db664d705e6f5b36f.llvm.bin" into file system: File exists
jit_kernel_write(): could not link cache file "/home/kms/.drjit/70e32a7bc5fa7d8db664d705e6f5b36f.llvm.bin" into file system: File exists
jit_kernel_write(): could not link cache file "/home/kms/.drjit/70e32a7bc5fa7d8db664d705e6f5b36f.llvm.bin" into file system: File exists
jit_kernel_write(): could not link cache file "/home/kms/.drjit/441f123b934f5be7ae8f650b8cebd87d.llvm.bin" into file system: File exists
jit_kernel_write(): could not link cache file "/home/kms/.drjit/97d365eeba53f869669cdafd21c4e075.llvm.bin" into file system: File exists
jit_kernel_write(): could not link cache file "/home/kms/.drjit/441f123b934f5be7ae8f650b8cebd87d.llvm.bin" into file system: File exists
jit_kernel_write(): could not write compiled kernel to cache file "/home/kms/.drjit/441f123b934f5be7ae8f650b8cebd87d.llvm.bin.tmp": File exists
jit_kernel_write(): could not link cache file "/home/kms/.drjit/441f123b934f5be7ae8f650b8cebd87d.llvm.bin" into file system: File exists
jit_kernel_write(): could not link cache file "/home/kms/.drjit/7456631cb666c8b10e625a460e68c4e0.llvm.bin" into file system: File exists
jit_kernel_write(): could not link cache file "/home/kms/.drjit/72fcf6d62d11f3ad4562c950ea76f52c.llvm.bin" into file system: File exists
jit_kernel_write(): could not write compiled kernel to cache file "/home/kms/.drjit/72fcf6d62d11f3ad4562c950ea76f52c.llvm.bin.tmp": File exists
jit_kernel_write(): could not link cache file "/home/kms/.drjit/72fcf6d62d11f3ad4562c950ea76f52c.llvm.bin" into file system: File exists
jit_kernel_write(): could not link cache file "/home/kms/.drjit/72fcf6d62d11f3ad4562c950ea76f52c.llvm.bin" into file system: File exists
jit_kernel_write(): could not link cache file "/home/kms/.drjit/cf596c4e850e84d57068dd0d4797845b.llvm.bin" into file system: File exists
jit_kernel_write(): could not write compiled kernel to cache file "/home/kms/.drjit/cf596c4e850e84d57068dd0d4797845b.llvm.bin.tmp": File exists
jit_kernel_write(): could not write compiled kernel to cache file "/home/kms/.drjit/cf596c4e850e84d57068dd0d4797845b.llvm.bin.tmp": File exists
jit_kernel_write(): could not link cache file "/home/kms/.drjit/cf596c4e850e84d57068dd0d4797845b.llvm.bin" into file system: File exists
jit_kernel_write(): could not link cache file "/home/kms/.drjit/d7909ce355808bf01a8d7da939ecc43e.llvm.bin" into file system: File exists
jit_kernel_write(): could not link cache file "/home/kms/.drjit/16c78595511514241ab113fd34fc7423.llvm.bin" into file system: File exists
jit_kernel_write(): could not link cache file "/home/kms/.drjit/16c78595511514241ab113fd34fc7423.llvm.bin" into file system: File exists
jit_kernel_write(): could not link cache file "/home/kms/.drjit/16c78595511514241ab113fd34fc7423.llvm.bin" into file system: File exists
jit_kernel_write(): could not link cache file "/home/kms/.drjit/16c78595511514241ab113fd34fc7423.llvm.bin" into file system: File exists
jit_kernel_write(): could not link cache file "/home/kms/.drjit/440ed3bf46a289a9b1ac1d5e5727a623.llvm.bin" into file system: File exists
jit_kernel_write(): could not link cache file "/home/kms/.drjit/440ed3bf46a289a9b1ac1d5e5727a623.llvm.bin" into file system: File exists
jit_kernel_write(): could not link cache file "/home/kms/.drjit/440ed3bf46a289a9b1ac1d5e5727a623.llvm.bin" into file system: File exists
jit_kernel_write(): could not link cache file "/home/kms/.drjit/4d1ed6e840e34b425ab49809be8fe31e.llvm.bin" into file system: File exists
jit_kernel_write(): could not link cache file "/home/kms/.drjit/440ed3bf46a289a9b1ac1d5e5727a623.llvm.bin" into file system: File exists
jit_kernel_write(): could not link cache file "/home/kms/.drjit/6ef85ad65d62de62cd5339d73a87acb1.llvm.bin" into file system: File exists
jit_kernel_write(): could not link cache file "/home/kms/.drjit/6ef85ad65d62de62cd5339d73a87acb1.llvm.bin" into file system: File exists
jit_kernel_write(): could not link cache file "/home/kms/.drjit/6ef85ad65d62de62cd5339d73a87acb1.llvm.bin" into file system: File exists
jit_kernel_write(): could not link cache file "/home/kms/.drjit/6ef85ad65d62de62cd5339d73a87acb1.llvm.bin" into file system: File exists
jit_kernel_write(): could not link cache file "/home/kms/.drjit/7be1fae2b6825235e1aff400df8e9027.llvm.bin" into file system: File exists
jit_kernel_write(): could not link cache file "/home/kms/.drjit/fbf6d340a75b5c484ee89d010c5213dd.llvm.bin" into file system: File exists
jit_kernel_write(): could not link cache file "/home/kms/.drjit/7be1fae2b6825235e1aff400df8e9027.llvm.bin" into file system: File exists
jit_kernel_write(): could not link cache file "/home/kms/.drjit/7be1fae2b6825235e1aff400df8e9027.llvm.bin" into file system: File exists
jit_kernel_write(): could not link cache file "/home/kms/.drjit/d11d36ba85c1ec7f2f2a4a0aab5b55c1.llvm.bin" into file system: File exists
jit_kernel_write(): could not link cache file "/home/kms/.drjit/7be1fae2b6825235e1aff400df8e9027.llvm.bin" into file system: File exists
jit_kernel_write(): could not link cache file "/home/kms/.drjit/3dd8dd9e6747bc4252c855e91973737a.llvm.bin" into file system: File exists
jit_kernel_write(): could not link cache file "/home/kms/.drjit/3dd8dd9e6747bc4252c855e91973737a.llvm.bin" into file system: File exists
jit_kernel_write(): could not link cache file "/home/kms/.drjit/3dd8dd9e6747bc4252c855e91973737a.llvm.bin" into file system: File exists
jit_kernel_write(): could not link cache file "/home/kms/.drjit/3dd8dd9e6747bc4252c855e91973737a.llvm.bin" into file system: File exists
jit_kernel_write(): could not link cache file "/home/kms/.drjit/eb49d7dff47b1cbf21e9b224429d9466.llvm.bin" into file system: File exists
jit_kernel_write(): could not link cache file "/home/kms/.drjit/eb49d7dff47b1cbf21e9b224429d9466.llvm.bin" into file system: File exists
jit_kernel_write(): could not write compiled kernel to cache file "/home/kms/.drjit/eb49d7dff47b1cbf21e9b224429d9466.llvm.bin.tmp": File exists
jit_kernel_write(): could not link cache file "/home/kms/.drjit/eb49d7dff47b1cbf21e9b224429d9466.llvm.bin" into file system: File exists
jit_kernel_write(): could not link cache file "/home/kms/.drjit/c71fa90e8b70edf203167f0cce9b08bf.llvm.bin" into file system: File exists
jit_kernel_write(): could not link cache file "/home/kms/.drjit/c71fa90e8b70edf203167f0cce9b08bf.llvm.bin" into file system: File exists
jit_kernel_write(): could not write compiled kernel to cache file "/home/kms/.drjit/c71fa90e8b70edf203167f0cce9b08bf.llvm.bin.tmp": File exists
jit_kernel_write(): could not link cache file "/home/kms/.drjit/c71fa90e8b70edf203167f0cce9b08bf.llvm.bin" into file system: File exists
jit_kernel_write(): could not link cache file "/home/kms/.drjit/44a3d9316168b26921262a9d524e05c7.llvm.bin" into file system: File exists
jit_kernel_write(): could not link cache file "/home/kms/.drjit/4d3bd15d29fa487f13d80c80827e3208.llvm.bin" into file system: File exists
jit_kernel_write(): could not write compiled kernel to cache file "/home/kms/.drjit/44a3d9316168b26921262a9d524e05c7.llvm.bin.tmp": File exists
jit_kernel_write(): could not link cache file "/home/kms/.drjit/44a3d9316168b26921262a9d524e05c7.llvm.bin" into file system: File exists
jit_kernel_write(): could not link cache file "/home/kms/.drjit/44a3d9316168b26921262a9d524e05c7.llvm.bin" into file system: File exists
jit_kernel_write(): could not link cache file "/home/kms/.drjit/e4b3f2f6c2da53b6b013dc45a2d554ee.llvm.bin" into file system: File exists
jit_kernel_write(): could not link cache file "/home/kms/.drjit/e4b3f2f6c2da53b6b013dc45a2d554ee.llvm.bin" into file system: File exists
jit_kernel_write(): could not link cache file "/home/kms/.drjit/e4b3f2f6c2da53b6b013dc45a2d554ee.llvm.bin" into file system: File exists
jit_kernel_write(): could not link cache file "/home/kms/.drjit/e4b3f2f6c2da53b6b013dc45a2d554ee.llvm.bin" into file system: File exists
jit_kernel_write(): could not link cache file "/home/kms/.drjit/61ea3b9e27ff4cd72cffdcd68bf25cb8.llvm.bin" into file system: File exists
jit_kernel_write(): could not link cache file "/home/kms/.drjit/61ea3b9e27ff4cd72cffdcd68bf25cb8.llvm.bin" into file system: File exists
jit_kernel_write(): could not link cache file "/home/kms/.drjit/61ea3b9e27ff4cd72cffdcd68bf25cb8.llvm.bin" into file system: File exists
jit_kernel_write(): could not link cache file "/home/kms/.drjit/61ea3b9e27ff4cd72cffdcd68bf25cb8.llvm.bin" into file system: File exists
jit_kernel_write(): could not link cache file "/home/kms/.drjit/0e7224e48e78d198ade7108f88b62d32.llvm.bin" into file system: File exists
jit_kernel_write(): could not link cache file "/home/kms/.drjit/0e7224e48e78d198ade7108f88b62d32.llvm.bin" into file system: File exists
jit_kernel_write(): could not link cache file "/home/kms/.drjit/0e7224e48e78d198ade7108f88b62d32.llvm.bin" into file system: File exists
jit_kernel_write(): could not link cache file "/home/kms/.drjit/0e7224e48e78d198ade7108f88b62d32.llvm.bin" into file system: File exists
jit_kernel_write(): could not link cache file "/home/kms/.drjit/2549e1bc9e5fc8298e92d1ba8c243ccf.llvm.bin" into file system: File exists
jit_kernel_write(): could not link cache file "/home/kms/.drjit/2549e1bc9e5fc8298e92d1ba8c243ccf.llvm.bin" into file system: File exists
jit_kernel_write(): could not write compiled kernel to cache file "/home/kms/.drjit/2549e1bc9e5fc8298e92d1ba8c243ccf.llvm.bin.tmp": File exists
jit_kernel_write(): could not link cache file "/home/kms/.drjit/2549e1bc9e5fc8298e92d1ba8c243ccf.llvm.bin" into file system: File exists
jit_kernel_write(): could not link cache file "/home/kms/.drjit/ecac8aa262117df9f476e71171df551b.llvm.bin" into file system: File exists
jit_kernel_write(): could not link cache file "/home/kms/.drjit/ecac8aa262117df9f476e71171df551b.llvm.bin" into file system: File exists
jit_kernel_write(): could not link cache file "/home/kms/.drjit/ecac8aa262117df9f476e71171df551b.llvm.bin" into file system: File exists
jit_kernel_write(): could not link cache file "/home/kms/.drjit/ecac8aa262117df9f476e71171df551b.llvm.bin" into file system: File exists
jit_kernel_write(): could not link cache file "/home/kms/.drjit/1e768a38d480b3be94593fadc73359c5.llvm.bin" into file system: File exists
jit_kernel_write(): could not link cache file "/home/kms/.drjit/3c1057c9e750ad4837c11cf32ccd864e.llvm.bin" into file system: File exists
jit_kernel_write(): could not link cache file "/home/kms/.drjit/1e768a38d480b3be94593fadc73359c5.llvm.bin" into file system: File exists
jit_kernel_write(): could not link cache file "/home/kms/.drjit/1e768a38d480b3be94593fadc73359c5.llvm.bin" into file system: File exists
jit_kernel_write(): could not link cache file "/home/kms/.drjit/1e768a38d480b3be94593fadc73359c5.llvm.bin" into file system: File exists
jit_kernel_write(): could not link cache file "/home/kms/.drjit/f14014386a39bed6f29227558481156c.llvm.bin" into file system: File exists
jit_kernel_write(): could not link cache file "/home/kms/.drjit/f14014386a39bed6f29227558481156c.llvm.bin" into file system: File exists
jit_kernel_write(): could not link cache file "/home/kms/.drjit/f14014386a39bed6f29227558481156c.llvm.bin" into file system: File exists
jit_kernel_write(): could not link cache file "/home/kms/.drjit/f14014386a39bed6f29227558481156c.llvm.bin" into file system: File exists
jit_kernel_write(): could not link cache file "/home/kms/.drjit/96b516e944a20574604c6712038d2ba5.llvm.bin" into file system: File exists
jit_kernel_write(): could not link cache file "/home/kms/.drjit/14f0910261de1c7fb3d45d6fdfa32886.llvm.bin" into file system: File exists
jit_kernel_write(): could not link cache file "/home/kms/.drjit/96b516e944a20574604c6712038d2ba5.llvm.bin" into file system: File exists
jit_kernel_write(): could not link cache file "/home/kms/.drjit/96b516e944a20574604c6712038d2ba5.llvm.bin" into file system: File exists
jit_kernel_write(): could not link cache file "/home/kms/.drjit/96b516e944a20574604c6712038d2ba5.llvm.bin" into file system: File exists
jit_kernel_write(): could not link cache file "/home/kms/.drjit/70908f8f65883c34b548c58d6d265899.llvm.bin" into file system: File exists
jit_kernel_write(): could not link cache file "/home/kms/.drjit/70908f8f65883c34b548c58d6d265899.llvm.bin" into file system: File exists
jit_kernel_write(): could not link cache file "/home/kms/.drjit/70908f8f65883c34b548c58d6d265899.llvm.bin" into file system: File exists
jit_kernel_write(): could not link cache file "/home/kms/.drjit/70908f8f65883c34b548c58d6d265899.llvm.bin" into file system: File exists
jit_kernel_write(): could not link cache file "/home/kms/.drjit/4ef892c8a64b61696818b7bf8509a210.llvm.bin" into file system: File exists
jit_kernel_write(): could not link cache file "/home/kms/.drjit/4ef892c8a64b61696818b7bf8509a210.llvm.bin" into file system: File exists
jit_kernel_write(): could not link cache file "/home/kms/.drjit/4ef892c8a64b61696818b7bf8509a210.llvm.bin" into file system: File exists
jit_kernel_write(): could not link cache file "/home/kms/.drjit/4ef892c8a64b61696818b7bf8509a210.llvm.bin" into file system: File exists
jit_kernel_write(): could not link cache file "/home/kms/.drjit/3a7c057f4300195ffa0f219cbe8fb5b3.llvm.bin" into file system: File exists
jit_kernel_write(): could not link cache file "/home/kms/.drjit/3a7c057f4300195ffa0f219cbe8fb5b3.llvm.bin" into file system: File exists
jit_kernel_write(): could not link cache file "/home/kms/.drjit/3a7c057f4300195ffa0f219cbe8fb5b3.llvm.bin" into file system: File exists
jit_kernel_write(): could not link cache file "/home/kms/.drjit/3a7c057f4300195ffa0f219cbe8fb5b3.llvm.bin" into file system: File exists
jit_kernel_write(): could not link cache file "/home/kms/.drjit/59e7dde8a1441e5ac6bd77754b49d29c.llvm.bin" into file system: File exists
jit_kernel_write(): could not link cache file "/home/kms/.drjit/59e7dde8a1441e5ac6bd77754b49d29c.llvm.bin" into file system: File exists
jit_kernel_write(): could not link cache file "/home/kms/.drjit/59e7dde8a1441e5ac6bd77754b49d29c.llvm.bin" into file system: File exists
jit_kernel_write(): could not link cache file "/home/kms/.drjit/59e7dde8a1441e5ac6bd77754b49d29c.llvm.bin" into file system: File exists
jit_kernel_write(): could not link cache file "/home/kms/.drjit/1e67ca9be2c6d667091a37b1ec8b21d4.llvm.bin" into file system: File exists
jit_kernel_write(): could not link cache file "/home/kms/.drjit/1e67ca9be2c6d667091a37b1ec8b21d4.llvm.bin" into file system: File exists
jit_kernel_write(): could not link cache file "/home/kms/.drjit/1e67ca9be2c6d667091a37b1ec8b21d4.llvm.bin" into file system: File exists
jit_kernel_write(): could not link cache file "/home/kms/.drjit/1e67ca9be2c6d667091a37b1ec8b21d4.llvm.bin" into file system: File exists
{"position": 3, "bin": 144, "done": 145, "of": 257, "seconds": 434.4, "last_paths": 63}
{"position": 1, "bin": 144, "done": 145, "of": 257, "seconds": 434.6, "last_paths": 63}
{"position": 2, "bin": 144, "done": 145, "of": 257, "seconds": 434.3, "last_paths": 63}
{"position": 4, "bin": 144, "done": 145, "of": 257, "seconds": 434.4, "last_paths": 63}
{"position": 0, "bin": 144, "done": 145, "of": 257, "seconds": 434.3, "last_paths": 63}
jit_kernel_write(): could not link cache file "/home/kms/.drjit/b70c79ff3672a454cbaca444d32ab42d.llvm.bin" into file system: File exists
jit_kernel_write(): could not link cache file "/home/kms/.drjit/1fcedabddb10469f510aeaac6978740b.llvm.bin" into file system: File exists
jit_kernel_write(): could not link cache file "/home/kms/.drjit/90d6fa8d082b01cd2bb3b45e6fe6400d.llvm.bin" into file system: File exists
jit_kernel_write(): could not link cache file "/home/kms/.drjit/b70c79ff3672a454cbaca444d32ab42d.llvm.bin" into file system: File exists
jit_kernel_write(): could not link cache file "/home/kms/.drjit/b70c79ff3672a454cbaca444d32ab42d.llvm.bin" into file system: File exists
jit_kernel_write(): could not link cache file "/home/kms/.drjit/b70c79ff3672a454cbaca444d32ab42d.llvm.bin" into file system: File exists
jit_kernel_write(): could not link cache file "/home/kms/.drjit/bb93ac30737521555c2c3d35c3b30939.llvm.bin" into file system: File exists
jit_kernel_write(): could not link cache file "/home/kms/.drjit/bb93ac30737521555c2c3d35c3b30939.llvm.bin" into file system: File exists
jit_kernel_write(): could not link cache file "/home/kms/.drjit/bb93ac30737521555c2c3d35c3b30939.llvm.bin" into file system: File exists
jit_kernel_write(): could not write compiled kernel to cache file "/home/kms/.drjit/bb93ac30737521555c2c3d35c3b30939.llvm.bin.tmp": File exists
jit_kernel_write(): could not link cache file "/home/kms/.drjit/16ea94153bb20fe1d536c0f3b1639f13.llvm.bin" into file system: File exists
jit_kernel_write(): could not link cache file "/home/kms/.drjit/dd50c1a8532f101e7179e0cff80ea146.llvm.bin" into file system: File exists
jit_kernel_write(): could not link cache file "/home/kms/.drjit/16ea94153bb20fe1d536c0f3b1639f13.llvm.bin" into file system: File exists
jit_kernel_write(): could not write compiled kernel to cache file "/home/kms/.drjit/16ea94153bb20fe1d536c0f3b1639f13.llvm.bin.tmp": File exists
jit_kernel_write(): could not link cache file "/home/kms/.drjit/16ea94153bb20fe1d536c0f3b1639f13.llvm.bin" into file system: File exists
jit_kernel_write(): could not link cache file "/home/kms/.drjit/4bd0bf86b3732356471430a602a3f281.llvm.bin" into file system: File exists
jit_kernel_write(): could not link cache file "/home/kms/.drjit/4bd0bf86b3732356471430a602a3f281.llvm.bin" into file system: File exists
jit_kernel_write(): could not link cache file "/home/kms/.drjit/4bd0bf86b3732356471430a602a3f281.llvm.bin" into file system: File exists
jit_kernel_write(): could not link cache file "/home/kms/.drjit/4bd0bf86b3732356471430a602a3f281.llvm.bin" into file system: File exists
jit_kernel_write(): could not link cache file "/home/kms/.drjit/e4130137ca88bb265c1fadfc92cca936.llvm.bin" into file system: File exists
jit_kernel_write(): could not link cache file "/home/kms/.drjit/e4130137ca88bb265c1fadfc92cca936.llvm.bin" into file system: File exists
jit_kernel_write(): could not link cache file "/home/kms/.drjit/e4130137ca88bb265c1fadfc92cca936.llvm.bin" into file system: File exists
jit_kernel_write(): could not link cache file "/home/kms/.drjit/e4130137ca88bb265c1fadfc92cca936.llvm.bin" into file system: File exists
jit_kernel_write(): could not link cache file "/home/kms/.drjit/d1e6157ed452112ace83cad56279e796.llvm.bin" into file system: File exists
jit_kernel_write(): could not link cache file "/home/kms/.drjit/d1e6157ed452112ace83cad56279e796.llvm.bin" into file system: File exists
jit_kernel_write(): could not link cache file "/home/kms/.drjit/d1e6157ed452112ace83cad56279e796.llvm.bin" into file system: File exists
jit_kernel_write(): could not link cache file "/home/kms/.drjit/d1e6157ed452112ace83cad56279e796.llvm.bin" into file system: File exists
jit_kernel_write(): could not link cache file "/home/kms/.drjit/c6be243cec2010452df7c81d22e79cf2.llvm.bin" into file system: File exists
jit_kernel_write(): could not link cache file "/home/kms/.drjit/c6be243cec2010452df7c81d22e79cf2.llvm.bin" into file system: File exists
jit_kernel_write(): could not link cache file "/home/kms/.drjit/c6be243cec2010452df7c81d22e79cf2.llvm.bin" into file system: File exists
jit_kernel_write(): could not link cache file "/home/kms/.drjit/c6be243cec2010452df7c81d22e79cf2.llvm.bin" into file system: File exists
jit_kernel_write(): could not write compiled kernel to cache file "/home/kms/.drjit/e15575c8b15b1650cebfeed5ea49c7bb.llvm.bin.tmp": File exists
jit_kernel_write(): could not link cache file "/home/kms/.drjit/e15575c8b15b1650cebfeed5ea49c7bb.llvm.bin" into file system: File exists
jit_kernel_write(): could not link cache file "/home/kms/.drjit/e15575c8b15b1650cebfeed5ea49c7bb.llvm.bin" into file system: File exists
jit_kernel_write(): could not link cache file "/home/kms/.drjit/e15575c8b15b1650cebfeed5ea49c7bb.llvm.bin" into file system: File exists
jit_kernel_write(): could not link cache file "/home/kms/.drjit/72f669297d4303d3ef94de265d9bec96.llvm.bin" into file system: File exists
jit_kernel_write(): could not link cache file "/home/kms/.drjit/72f669297d4303d3ef94de265d9bec96.llvm.bin" into file system: File exists
jit_kernel_write(): could not link cache file "/home/kms/.drjit/72f669297d4303d3ef94de265d9bec96.llvm.bin" into file system: File exists
jit_kernel_write(): could not link cache file "/home/kms/.drjit/72f669297d4303d3ef94de265d9bec96.llvm.bin" into file system: File exists
jit_kernel_write(): could not link cache file "/home/kms/.drjit/196560eb7acba2d1ee0742359959aa96.llvm.bin" into file system: File exists
jit_kernel_write(): could not link cache file "/home/kms/.drjit/65f5d63300a31961552a85eb9d5d67f7.llvm.bin" into file system: File exists
jit_kernel_write(): could not link cache file "/home/kms/.drjit/196560eb7acba2d1ee0742359959aa96.llvm.bin" into file system: File exists
jit_kernel_write(): could not link cache file "/home/kms/.drjit/196560eb7acba2d1ee0742359959aa96.llvm.bin" into file system: File exists
jit_kernel_write(): could not link cache file "/home/kms/.drjit/196560eb7acba2d1ee0742359959aa96.llvm.bin" into file system: File exists
jit_kernel_write(): could not link cache file "/home/kms/.drjit/fce3c6ff4ebc095699da91106f84f1d5.llvm.bin" into file system: File exists
jit_kernel_write(): could not link cache file "/home/kms/.drjit/fce3c6ff4ebc095699da91106f84f1d5.llvm.bin" into file system: File exists
jit_kernel_write(): could not link cache file "/home/kms/.drjit/fce3c6ff4ebc095699da91106f84f1d5.llvm.bin" into file system: File exists
jit_kernel_write(): could not link cache file "/home/kms/.drjit/fce3c6ff4ebc095699da91106f84f1d5.llvm.bin" into file system: File exists
jit_kernel_write(): could not link cache file "/home/kms/.drjit/34861dcc5a92aca556f2ed9b841a3a2d.llvm.bin" into file system: File exists
jit_kernel_write(): could not link cache file "/home/kms/.drjit/34861dcc5a92aca556f2ed9b841a3a2d.llvm.bin" into file system: File exists
jit_kernel_write(): could not link cache file "/home/kms/.drjit/34861dcc5a92aca556f2ed9b841a3a2d.llvm.bin" into file system: File exists
jit_kernel_write(): could not link cache file "/home/kms/.drjit/2a021cf77db3b4653fef6f488ff95077.llvm.bin" into file system: File exists
jit_kernel_write(): could not link cache file "/home/kms/.drjit/2a021cf77db3b4653fef6f488ff95077.llvm.bin" into file system: File exists
jit_kernel_write(): could not link cache file "/home/kms/.drjit/34861dcc5a92aca556f2ed9b841a3a2d.llvm.bin" into file system: File exists
jit_kernel_write(): could not link cache file "/home/kms/.drjit/4489bd9b1e4faaf0c37e29490a67111f.llvm.bin" into file system: File exists
jit_kernel_write(): could not link cache file "/home/kms/.drjit/4489bd9b1e4faaf0c37e29490a67111f.llvm.bin" into file system: File exists
jit_kernel_write(): could not link cache file "/home/kms/.drjit/4489bd9b1e4faaf0c37e29490a67111f.llvm.bin" into file system: File exists
jit_kernel_write(): could not link cache file "/home/kms/.drjit/fbcae61fe4aac05eccd6d54496bf382d.llvm.bin" into file system: File exists
jit_kernel_write(): could not link cache file "/home/kms/.drjit/4489bd9b1e4faaf0c37e29490a67111f.llvm.bin" into file system: File exists
jit_kernel_write(): could not link cache file "/home/kms/.drjit/e7c8268b2a20d7916c8fccf4229599ce.llvm.bin" into file system: File exists
jit_kernel_write(): could not link cache file "/home/kms/.drjit/e7c8268b2a20d7916c8fccf4229599ce.llvm.bin" into file system: File exists
jit_kernel_write(): could not link cache file "/home/kms/.drjit/e7c8268b2a20d7916c8fccf4229599ce.llvm.bin" into file system: File exists
jit_kernel_write(): could not link cache file "/home/kms/.drjit/e7c8268b2a20d7916c8fccf4229599ce.llvm.bin" into file system: File exists
jit_kernel_write(): could not write compiled kernel to cache file "/home/kms/.drjit/1fb0fdcfd4d7fccfa8f6bf82751d02b8.llvm.bin.tmp": File exists
jit_kernel_write(): could not link cache file "/home/kms/.drjit/1fb0fdcfd4d7fccfa8f6bf82751d02b8.llvm.bin" into file system: File exists
jit_kernel_write(): could not link cache file "/home/kms/.drjit/4b2d8cf43c665a67e7b5ef9bc61e1ea5.llvm.bin" into file system: File exists
jit_kernel_write(): could not link cache file "/home/kms/.drjit/4b2d8cf43c665a67e7b5ef9bc61e1ea5.llvm.bin" into file system: File exists
jit_kernel_write(): could not link cache file "/home/kms/.drjit/f7f69d7cf12809f1357f978792ab380d.llvm.bin" into file system: File exists
jit_kernel_write(): could not link cache file "/home/kms/.drjit/f7f69d7cf12809f1357f978792ab380d.llvm.bin" into file system: File exists
jit_kernel_write(): could not link cache file "/home/kms/.drjit/1fb0fdcfd4d7fccfa8f6bf82751d02b8.llvm.bin" into file system: File exists
jit_kernel_write(): could not link cache file "/home/kms/.drjit/1fb0fdcfd4d7fccfa8f6bf82751d02b8.llvm.bin" into file system: File exists
jit_kernel_write(): could not write compiled kernel to cache file "/home/kms/.drjit/47ad8b3d32772073b773f0dab0d8bca3.llvm.bin.tmp": File exists
jit_kernel_write(): could not link cache file "/home/kms/.drjit/47ad8b3d32772073b773f0dab0d8bca3.llvm.bin" into file system: File exists
jit_kernel_write(): could not link cache file "/home/kms/.drjit/47ad8b3d32772073b773f0dab0d8bca3.llvm.bin" into file system: File exists
jit_kernel_write(): could not link cache file "/home/kms/.drjit/47ad8b3d32772073b773f0dab0d8bca3.llvm.bin" into file system: File exists
jit_kernel_write(): could not link cache file "/home/kms/.drjit/57afb721e8727387fcc8ec402acfc0ce.llvm.bin" into file system: File exists
jit_kernel_write(): could not link cache file "/home/kms/.drjit/57afb721e8727387fcc8ec402acfc0ce.llvm.bin" into file system: File exists
jit_kernel_write(): could not link cache file "/home/kms/.drjit/8c299ad32a10cafff9a8a3b079f1d726.llvm.bin" into file system: File exists
jit_kernel_write(): could not link cache file "/home/kms/.drjit/8c299ad32a10cafff9a8a3b079f1d726.llvm.bin" into file system: File exists
jit_kernel_write(): could not link cache file "/home/kms/.drjit/69f735819b7cd9227be2d133459a3eed.llvm.bin" into file system: File exists
jit_kernel_write(): could not link cache file "/home/kms/.drjit/69f735819b7cd9227be2d133459a3eed.llvm.bin" into file system: File exists
jit_kernel_write(): could not link cache file "/home/kms/.drjit/57afb721e8727387fcc8ec402acfc0ce.llvm.bin" into file system: File exists
jit_kernel_write(): could not link cache file "/home/kms/.drjit/57afb721e8727387fcc8ec402acfc0ce.llvm.bin" into file system: File exists
jit_kernel_write(): could not link cache file "/home/kms/.drjit/baa0eb438f6665fed1c8faeadda02c01.llvm.bin" into file system: File exists
jit_kernel_write(): could not link cache file "/home/kms/.drjit/baa0eb438f6665fed1c8faeadda02c01.llvm.bin" into file system: File exists
jit_kernel_write(): could not link cache file "/home/kms/.drjit/baa0eb438f6665fed1c8faeadda02c01.llvm.bin" into file system: File exists
jit_kernel_write(): could not link cache file "/home/kms/.drjit/baa0eb438f6665fed1c8faeadda02c01.llvm.bin" into file system: File exists
jit_kernel_write(): could not link cache file "/home/kms/.drjit/056d5fc7dc8da1aa1ccf70f27e3952e0.llvm.bin" into file system: File exists
jit_kernel_write(): could not link cache file "/home/kms/.drjit/056d5fc7dc8da1aa1ccf70f27e3952e0.llvm.bin" into file system: File exists
jit_kernel_write(): could not link cache file "/home/kms/.drjit/9bde6e9a6d6c9c05b5bfc770cfe8b8de.llvm.bin" into file system: File exists
jit_kernel_write(): could not link cache file "/home/kms/.drjit/f7b66ce105a4be521aa6e342f354d225.llvm.bin" into file system: File exists
jit_kernel_write(): could not link cache file "/home/kms/.drjit/f7b66ce105a4be521aa6e342f354d225.llvm.bin" into file system: File exists
jit_kernel_write(): could not link cache file "/home/kms/.drjit/056d5fc7dc8da1aa1ccf70f27e3952e0.llvm.bin" into file system: File exists
jit_kernel_write(): could not link cache file "/home/kms/.drjit/056d5fc7dc8da1aa1ccf70f27e3952e0.llvm.bin" into file system: File exists
jit_kernel_write(): could not link cache file "/home/kms/.drjit/02026b256e894c1175fb0ecf8d2f5a08.llvm.bin" into file system: File exists
jit_kernel_write(): could not link cache file "/home/kms/.drjit/02026b256e894c1175fb0ecf8d2f5a08.llvm.bin" into file system: File exists
jit_kernel_write(): could not link cache file "/home/kms/.drjit/02026b256e894c1175fb0ecf8d2f5a08.llvm.bin" into file system: File exists
jit_kernel_write(): could not link cache file "/home/kms/.drjit/02026b256e894c1175fb0ecf8d2f5a08.llvm.bin" into file system: File exists
jit_kernel_write(): could not link cache file "/home/kms/.drjit/d67bbfe432bb2bb5e1c3aaad30f95672.llvm.bin" into file system: File exists
jit_kernel_write(): could not link cache file "/home/kms/.drjit/d67bbfe432bb2bb5e1c3aaad30f95672.llvm.bin" into file system: File exists
jit_kernel_write(): could not link cache file "/home/kms/.drjit/3c8e836be378ba88305b7467e4b0e9f2.llvm.bin" into file system: File exists
jit_kernel_write(): could not link cache file "/home/kms/.drjit/d67bbfe432bb2bb5e1c3aaad30f95672.llvm.bin" into file system: File exists
jit_kernel_write(): could not link cache file "/home/kms/.drjit/d67bbfe432bb2bb5e1c3aaad30f95672.llvm.bin" into file system: File exists
jit_kernel_write(): could not link cache file "/home/kms/.drjit/cfb8a93eac489b2e3e2119f5f70c4497.llvm.bin" into file system: File exists
jit_kernel_write(): could not link cache file "/home/kms/.drjit/cfb8a93eac489b2e3e2119f5f70c4497.llvm.bin" into file system: File exists
jit_kernel_write(): could not link cache file "/home/kms/.drjit/cfb8a93eac489b2e3e2119f5f70c4497.llvm.bin" into file system: File exists
jit_kernel_write(): could not link cache file "/home/kms/.drjit/cfb8a93eac489b2e3e2119f5f70c4497.llvm.bin" into file system: File exists
jit_kernel_write(): could not link cache file "/home/kms/.drjit/38441883f54232392df0511bc58e089b.llvm.bin" into file system: File exists
jit_kernel_write(): could not link cache file "/home/kms/.drjit/38441883f54232392df0511bc58e089b.llvm.bin" into file system: File exists
jit_kernel_write(): could not link cache file "/home/kms/.drjit/38441883f54232392df0511bc58e089b.llvm.bin" into file system: File exists
jit_kernel_write(): could not link cache file "/home/kms/.drjit/38441883f54232392df0511bc58e089b.llvm.bin" into file system: File exists
jit_kernel_write(): could not link cache file "/home/kms/.drjit/d7469be5c24e1cd903d8758358746bac.llvm.bin" into file system: File exists
jit_kernel_write(): could not link cache file "/home/kms/.drjit/d7469be5c24e1cd903d8758358746bac.llvm.bin" into file system: File exists
jit_kernel_write(): could not link cache file "/home/kms/.drjit/d7469be5c24e1cd903d8758358746bac.llvm.bin" into file system: File exists
jit_kernel_write(): could not link cache file "/home/kms/.drjit/d7469be5c24e1cd903d8758358746bac.llvm.bin" into file system: File exists
jit_kernel_write(): could not link cache file "/home/kms/.drjit/0e1a4d6924986d6ac08133503a750e34.llvm.bin" into file system: File exists
jit_kernel_write(): could not link cache file "/home/kms/.drjit/0e1a4d6924986d6ac08133503a750e34.llvm.bin" into file system: File exists
jit_kernel_write(): could not link cache file "/home/kms/.drjit/0e1a4d6924986d6ac08133503a750e34.llvm.bin" into file system: File exists
jit_kernel_write(): could not link cache file "/home/kms/.drjit/0e1a4d6924986d6ac08133503a750e34.llvm.bin" into file system: File exists
jit_kernel_write(): could not link cache file "/home/kms/.drjit/72b5115122136e9b4c52dc0ed636c02a.llvm.bin" into file system: File exists
jit_kernel_write(): could not link cache file "/home/kms/.drjit/72b5115122136e9b4c52dc0ed636c02a.llvm.bin" into file system: File exists
jit_kernel_write(): could not link cache file "/home/kms/.drjit/72b5115122136e9b4c52dc0ed636c02a.llvm.bin" into file system: File exists
jit_kernel_write(): could not link cache file "/home/kms/.drjit/72b5115122136e9b4c52dc0ed636c02a.llvm.bin" into file system: File exists
jit_kernel_write(): could not link cache file "/home/kms/.drjit/701aa7768933dc444ffc065b92e7a66e.llvm.bin" into file system: File exists
jit_kernel_write(): could not link cache file "/home/kms/.drjit/701aa7768933dc444ffc065b92e7a66e.llvm.bin" into file system: File exists
jit_kernel_write(): could not link cache file "/home/kms/.drjit/701aa7768933dc444ffc065b92e7a66e.llvm.bin" into file system: File exists
jit_kernel_write(): could not link cache file "/home/kms/.drjit/701aa7768933dc444ffc065b92e7a66e.llvm.bin" into file system: File exists
jit_kernel_write(): could not write compiled kernel to cache file "/home/kms/.drjit/ced18aa76e19c23c6ab593c40302c623.llvm.bin.tmp": File exists
jit_kernel_write(): could not link cache file "/home/kms/.drjit/ced18aa76e19c23c6ab593c40302c623.llvm.bin" into file system: File exists
jit_kernel_write(): could not link cache file "/home/kms/.drjit/ced18aa76e19c23c6ab593c40302c623.llvm.bin" into file system: File exists
jit_kernel_write(): could not link cache file "/home/kms/.drjit/ced18aa76e19c23c6ab593c40302c623.llvm.bin" into file system: File exists
{"position": 1, "bin": 160, "done": 161, "of": 257, "seconds": 476.3, "last_paths": 62}
{"position": 0, "bin": 160, "done": 161, "of": 257, "seconds": 476.0, "last_paths": 62}
{"position": 2, "bin": 160, "done": 161, "of": 257, "seconds": 475.9, "last_paths": 62}
{"position": 4, "bin": 160, "done": 161, "of": 257, "seconds": 476.1, "last_paths": 62}
{"position": 3, "bin": 160, "done": 161, "of": 257, "seconds": 476.4, "last_paths": 62}
jit_kernel_write(): could not link cache file "/home/kms/.drjit/09788620a02d76c58ec1a2fc49b77d60.llvm.bin" into file system: File exists
jit_kernel_write(): could not link cache file "/home/kms/.drjit/09788620a02d76c58ec1a2fc49b77d60.llvm.bin" into file system: File exists
jit_kernel_write(): could not link cache file "/home/kms/.drjit/09788620a02d76c58ec1a2fc49b77d60.llvm.bin" into file system: File exists
jit_kernel_write(): could not link cache file "/home/kms/.drjit/09788620a02d76c58ec1a2fc49b77d60.llvm.bin" into file system: File exists
jit_kernel_write(): could not link cache file "/home/kms/.drjit/c22dd1863783c123b440b1a8b767c16e.llvm.bin" into file system: File exists
jit_kernel_write(): could not link cache file "/home/kms/.drjit/c22dd1863783c123b440b1a8b767c16e.llvm.bin" into file system: File exists
jit_kernel_write(): could not link cache file "/home/kms/.drjit/833cdea6f8c1315e9e7f58ac5f0e917e.llvm.bin" into file system: File exists
jit_kernel_write(): could not link cache file "/home/kms/.drjit/833cdea6f8c1315e9e7f58ac5f0e917e.llvm.bin" into file system: File exists
jit_kernel_write(): could not link cache file "/home/kms/.drjit/c22dd1863783c123b440b1a8b767c16e.llvm.bin" into file system: File exists
jit_kernel_write(): could not link cache file "/home/kms/.drjit/c22dd1863783c123b440b1a8b767c16e.llvm.bin" into file system: File exists
jit_kernel_write(): could not link cache file "/home/kms/.drjit/0b812da71265a4a056ea36220db1bcd9.llvm.bin" into file system: File exists
jit_kernel_write(): could not link cache file "/home/kms/.drjit/0b812da71265a4a056ea36220db1bcd9.llvm.bin" into file system: File exists
jit_kernel_write(): could not link cache file "/home/kms/.drjit/0b812da71265a4a056ea36220db1bcd9.llvm.bin" into file system: File exists
jit_kernel_write(): could not link cache file "/home/kms/.drjit/0b812da71265a4a056ea36220db1bcd9.llvm.bin" into file system: File exists
jit_kernel_write(): could not link cache file "/home/kms/.drjit/b32d3468b937f25ef679183846d33576.llvm.bin" into file system: File exists
jit_kernel_write(): could not link cache file "/home/kms/.drjit/b32d3468b937f25ef679183846d33576.llvm.bin" into file system: File exists
jit_kernel_write(): could not link cache file "/home/kms/.drjit/1e8463bf7c80f9967536759fe719928a.llvm.bin" into file system: File exists
jit_kernel_write(): could not link cache file "/home/kms/.drjit/1e8463bf7c80f9967536759fe719928a.llvm.bin" into file system: File exists
jit_kernel_write(): could not link cache file "/home/kms/.drjit/b32d3468b937f25ef679183846d33576.llvm.bin" into file system: File exists
jit_kernel_write(): could not link cache file "/home/kms/.drjit/f2ae29d133c1958d7eb1421451922ed0.llvm.bin" into file system: File exists
jit_kernel_write(): could not link cache file "/home/kms/.drjit/f2ae29d133c1958d7eb1421451922ed0.llvm.bin" into file system: File exists
jit_kernel_write(): could not link cache file "/home/kms/.drjit/b32d3468b937f25ef679183846d33576.llvm.bin" into file system: File exists
jit_kernel_write(): could not link cache file "/home/kms/.drjit/a363842dff5e9e58bac42adbbccc7a4c.llvm.bin" into file system: File exists
jit_kernel_write(): could not link cache file "/home/kms/.drjit/a363842dff5e9e58bac42adbbccc7a4c.llvm.bin" into file system: File exists
jit_kernel_write(): could not link cache file "/home/kms/.drjit/a363842dff5e9e58bac42adbbccc7a4c.llvm.bin" into file system: File exists
jit_kernel_write(): could not link cache file "/home/kms/.drjit/a363842dff5e9e58bac42adbbccc7a4c.llvm.bin" into file system: File exists
jit_kernel_write(): could not link cache file "/home/kms/.drjit/a31d490480f0d22e9852535998eb5276.llvm.bin" into file system: File exists
jit_kernel_write(): could not link cache file "/home/kms/.drjit/a31d490480f0d22e9852535998eb5276.llvm.bin" into file system: File exists
jit_kernel_write(): could not link cache file "/home/kms/.drjit/a31d490480f0d22e9852535998eb5276.llvm.bin" into file system: File exists
jit_kernel_write(): could not link cache file "/home/kms/.drjit/94e0259ee99edd2a1901f95669240de7.llvm.bin" into file system: File exists
jit_kernel_write(): could not link cache file "/home/kms/.drjit/94e0259ee99edd2a1901f95669240de7.llvm.bin" into file system: File exists
jit_kernel_write(): could not link cache file "/home/kms/.drjit/94e0259ee99edd2a1901f95669240de7.llvm.bin" into file system: File exists
jit_kernel_write(): could not link cache file "/home/kms/.drjit/e296d3d9db244a80d1f2226df4011556.llvm.bin" into file system: File exists
jit_kernel_write(): could not link cache file "/home/kms/.drjit/e296d3d9db244a80d1f2226df4011556.llvm.bin" into file system: File exists
jit_kernel_write(): could not link cache file "/home/kms/.drjit/a31d490480f0d22e9852535998eb5276.llvm.bin" into file system: File exists
jit_kernel_write(): could not link cache file "/home/kms/.drjit/8469981cb51d226d3b9d4a08fc40d60b.llvm.bin" into file system: File exists
jit_kernel_write(): could not link cache file "/home/kms/.drjit/8469981cb51d226d3b9d4a08fc40d60b.llvm.bin" into file system: File exists
jit_kernel_write(): could not link cache file "/home/kms/.drjit/8469981cb51d226d3b9d4a08fc40d60b.llvm.bin" into file system: File exists
jit_kernel_write(): could not link cache file "/home/kms/.drjit/8469981cb51d226d3b9d4a08fc40d60b.llvm.bin" into file system: File exists
jit_kernel_write(): could not link cache file "/home/kms/.drjit/5267579ebad78ee2488ecc542f29d019.llvm.bin" into file system: File exists
jit_kernel_write(): could not link cache file "/home/kms/.drjit/5267579ebad78ee2488ecc542f29d019.llvm.bin" into file system: File exists
jit_kernel_write(): could not link cache file "/home/kms/.drjit/5267579ebad78ee2488ecc542f29d019.llvm.bin" into file system: File exists
jit_kernel_write(): could not link cache file "/home/kms/.drjit/3223d18022087ba01412d67b7704f574.llvm.bin" into file system: File exists
jit_kernel_write(): could not link cache file "/home/kms/.drjit/3223d18022087ba01412d67b7704f574.llvm.bin" into file system: File exists
jit_kernel_write(): could not link cache file "/home/kms/.drjit/3223d18022087ba01412d67b7704f574.llvm.bin" into file system: File exists
jit_kernel_write(): could not link cache file "/home/kms/.drjit/5267579ebad78ee2488ecc542f29d019.llvm.bin" into file system: File exists
jit_kernel_write(): could not link cache file "/home/kms/.drjit/ecda69ca3fb417a7ced54f6132aa096c.llvm.bin" into file system: File exists
jit_kernel_write(): could not write compiled kernel to cache file "/home/kms/.drjit/ecda69ca3fb417a7ced54f6132aa096c.llvm.bin.tmp": File exists
jit_kernel_write(): could not link cache file "/home/kms/.drjit/ecda69ca3fb417a7ced54f6132aa096c.llvm.bin" into file system: File exists
jit_kernel_write(): could not link cache file "/home/kms/.drjit/ecda69ca3fb417a7ced54f6132aa096c.llvm.bin" into file system: File exists
jit_kernel_write(): could not link cache file "/home/kms/.drjit/094979b2d43c72a5937099ee4292fdc3.llvm.bin" into file system: File exists
jit_kernel_write(): could not write compiled kernel to cache file "/home/kms/.drjit/094979b2d43c72a5937099ee4292fdc3.llvm.bin.tmp": File exists
jit_kernel_write(): could not link cache file "/home/kms/.drjit/094979b2d43c72a5937099ee4292fdc3.llvm.bin" into file system: File exists
jit_kernel_write(): could not link cache file "/home/kms/.drjit/392238959ffbf5333827016272914f59.llvm.bin" into file system: File exists
jit_kernel_write(): could not link cache file "/home/kms/.drjit/094979b2d43c72a5937099ee4292fdc3.llvm.bin" into file system: File exists
jit_kernel_write(): could not link cache file "/home/kms/.drjit/3f7533d5494519c087f22b9e9476fe6d.llvm.bin" into file system: File exists
jit_kernel_write(): could not link cache file "/home/kms/.drjit/3f7533d5494519c087f22b9e9476fe6d.llvm.bin" into file system: File exists
jit_kernel_write(): could not link cache file "/home/kms/.drjit/3f7533d5494519c087f22b9e9476fe6d.llvm.bin" into file system: File exists
jit_kernel_write(): could not link cache file "/home/kms/.drjit/3f7533d5494519c087f22b9e9476fe6d.llvm.bin" into file system: File exists
jit_kernel_write(): could not link cache file "/home/kms/.drjit/a74d41a038835b15a7f268db665e411f.llvm.bin" into file system: File exists
jit_kernel_write(): could not link cache file "/home/kms/.drjit/a74d41a038835b15a7f268db665e411f.llvm.bin" into file system: File exists
jit_kernel_write(): could not link cache file "/home/kms/.drjit/a74d41a038835b15a7f268db665e411f.llvm.bin" into file system: File exists
jit_kernel_write(): could not link cache file "/home/kms/.drjit/d51498a40c16d31834a46d77d5f56c2c.llvm.bin" into file system: File exists
jit_kernel_write(): could not link cache file "/home/kms/.drjit/a74d41a038835b15a7f268db665e411f.llvm.bin" into file system: File exists
jit_kernel_write(): could not link cache file "/home/kms/.drjit/ed3f4f4b392bccb7aa49969539c80d22.llvm.bin" into file system: File exists
jit_kernel_write(): could not link cache file "/home/kms/.drjit/ed3f4f4b392bccb7aa49969539c80d22.llvm.bin" into file system: File exists
jit_kernel_write(): could not link cache file "/home/kms/.drjit/ed3f4f4b392bccb7aa49969539c80d22.llvm.bin" into file system: File exists
jit_kernel_write(): could not link cache file "/home/kms/.drjit/ed3f4f4b392bccb7aa49969539c80d22.llvm.bin" into file system: File exists
jit_kernel_write(): could not link cache file "/home/kms/.drjit/7b805125fa0662afc58d0fe43680f3d4.llvm.bin" into file system: File exists
jit_kernel_write(): could not link cache file "/home/kms/.drjit/7b805125fa0662afc58d0fe43680f3d4.llvm.bin" into file system: File exists
jit_kernel_write(): could not link cache file "/home/kms/.drjit/68252b6ba140c0c83a0b5b6a364c55e6.llvm.bin" into file system: File exists
jit_kernel_write(): could not link cache file "/home/kms/.drjit/7b805125fa0662afc58d0fe43680f3d4.llvm.bin" into file system: File exists
jit_kernel_write(): could not link cache file "/home/kms/.drjit/ab69ad36266270a4730b8e303b7f9400.llvm.bin" into file system: File exists
jit_kernel_write(): could not link cache file "/home/kms/.drjit/7b805125fa0662afc58d0fe43680f3d4.llvm.bin" into file system: File exists
jit_kernel_write(): could not link cache file "/home/kms/.drjit/df3905a1f3b8cb915621d4071010c0e8.llvm.bin" into file system: File exists
jit_kernel_write(): could not link cache file "/home/kms/.drjit/df3905a1f3b8cb915621d4071010c0e8.llvm.bin" into file system: File exists
jit_kernel_write(): could not link cache file "/home/kms/.drjit/df3905a1f3b8cb915621d4071010c0e8.llvm.bin" into file system: File exists
jit_kernel_write(): could not link cache file "/home/kms/.drjit/df3905a1f3b8cb915621d4071010c0e8.llvm.bin" into file system: File exists
jit_kernel_write(): could not link cache file "/home/kms/.drjit/f82deb40f5bc0018837ae02f3f569541.llvm.bin" into file system: File exists
jit_kernel_write(): could not write compiled kernel to cache file "/home/kms/.drjit/f82deb40f5bc0018837ae02f3f569541.llvm.bin.tmp": File exists
jit_kernel_write(): could not link cache file "/home/kms/.drjit/f82deb40f5bc0018837ae02f3f569541.llvm.bin" into file system: File exists
jit_kernel_write(): could not link cache file "/home/kms/.drjit/8fb08c8f6302747b728b148f18610701.llvm.bin" into file system: File exists
jit_kernel_write(): could not link cache file "/home/kms/.drjit/8fb08c8f6302747b728b148f18610701.llvm.bin" into file system: File exists
jit_kernel_write(): could not link cache file "/home/kms/.drjit/f82deb40f5bc0018837ae02f3f569541.llvm.bin" into file system: File exists
jit_kernel_write(): could not link cache file "/home/kms/.drjit/bf53981911e81eb278246a31519e68ef.llvm.bin" into file system: File exists
jit_kernel_write(): could not link cache file "/home/kms/.drjit/bf53981911e81eb278246a31519e68ef.llvm.bin" into file system: File exists
jit_kernel_write(): could not link cache file "/home/kms/.drjit/bf53981911e81eb278246a31519e68ef.llvm.bin" into file system: File exists
jit_kernel_write(): could not link cache file "/home/kms/.drjit/bf53981911e81eb278246a31519e68ef.llvm.bin" into file system: File exists
jit_kernel_write(): could not write compiled kernel to cache file "/home/kms/.drjit/79cc3998dc31983743b0f1fc8f085300.llvm.bin.tmp": File exists
jit_kernel_write(): could not link cache file "/home/kms/.drjit/79cc3998dc31983743b0f1fc8f085300.llvm.bin" into file system: File exists
jit_kernel_write(): could not link cache file "/home/kms/.drjit/79cc3998dc31983743b0f1fc8f085300.llvm.bin" into file system: File exists
jit_kernel_write(): could not link cache file "/home/kms/.drjit/4a4424c5c0bf28881a89cbc0869b3e85.llvm.bin" into file system: File exists
jit_kernel_write(): could not link cache file "/home/kms/.drjit/4a4424c5c0bf28881a89cbc0869b3e85.llvm.bin" into file system: File exists
jit_kernel_write(): could not link cache file "/home/kms/.drjit/79cc3998dc31983743b0f1fc8f085300.llvm.bin" into file system: File exists
jit_kernel_write(): could not link cache file "/home/kms/.drjit/88c272100364407f7dd0db73cb47c230.llvm.bin" into file system: File exists
jit_kernel_write(): could not link cache file "/home/kms/.drjit/88c272100364407f7dd0db73cb47c230.llvm.bin" into file system: File exists
jit_kernel_write(): could not link cache file "/home/kms/.drjit/88c272100364407f7dd0db73cb47c230.llvm.bin" into file system: File exists
jit_kernel_write(): could not link cache file "/home/kms/.drjit/88c272100364407f7dd0db73cb47c230.llvm.bin" into file system: File exists
jit_kernel_write(): could not link cache file "/home/kms/.drjit/12d2311ab1f73fef97632f5c42e51bf3.llvm.bin" into file system: File exists
jit_kernel_write(): could not link cache file "/home/kms/.drjit/12d2311ab1f73fef97632f5c42e51bf3.llvm.bin" into file system: File exists
jit_kernel_write(): could not link cache file "/home/kms/.drjit/9f783f6de1f3341e0d99a993cd525227.llvm.bin" into file system: File exists
jit_kernel_write(): could not link cache file "/home/kms/.drjit/12d2311ab1f73fef97632f5c42e51bf3.llvm.bin" into file system: File exists
jit_kernel_write(): could not link cache file "/home/kms/.drjit/12d2311ab1f73fef97632f5c42e51bf3.llvm.bin" into file system: File exists
jit_kernel_write(): could not link cache file "/home/kms/.drjit/5aef36c264426f4eca9bd1e7eeccc45d.llvm.bin" into file system: File exists
jit_kernel_write(): could not link cache file "/home/kms/.drjit/5aef36c264426f4eca9bd1e7eeccc45d.llvm.bin" into file system: File exists
jit_kernel_write(): could not link cache file "/home/kms/.drjit/5aef36c264426f4eca9bd1e7eeccc45d.llvm.bin" into file system: File exists
jit_kernel_write(): could not link cache file "/home/kms/.drjit/5aef36c264426f4eca9bd1e7eeccc45d.llvm.bin" into file system: File exists
jit_kernel_write(): could not link cache file "/home/kms/.drjit/bfe5e04c5b57ad02b1b2c4d5b6a49d81.llvm.bin" into file system: File exists
jit_kernel_write(): could not link cache file "/home/kms/.drjit/bfe5e04c5b57ad02b1b2c4d5b6a49d81.llvm.bin" into file system: File exists
jit_kernel_write(): could not link cache file "/home/kms/.drjit/8d3365f2b6612897962e29ddf225e243.llvm.bin" into file system: File exists
jit_kernel_write(): could not link cache file "/home/kms/.drjit/bfe5e04c5b57ad02b1b2c4d5b6a49d81.llvm.bin" into file system: File exists
jit_kernel_write(): could not link cache file "/home/kms/.drjit/8d3365f2b6612897962e29ddf225e243.llvm.bin" into file system: File exists
jit_kernel_write(): could not link cache file "/home/kms/.drjit/bcaace6fdb48068026fa6cbbea9658f1.llvm.bin" into file system: File exists
jit_kernel_write(): could not link cache file "/home/kms/.drjit/bcaace6fdb48068026fa6cbbea9658f1.llvm.bin" into file system: File exists
jit_kernel_write(): could not link cache file "/home/kms/.drjit/bcaace6fdb48068026fa6cbbea9658f1.llvm.bin" into file system: File exists
jit_kernel_write(): could not link cache file "/home/kms/.drjit/bfe5e04c5b57ad02b1b2c4d5b6a49d81.llvm.bin" into file system: File exists
jit_kernel_write(): could not write compiled kernel to cache file "/home/kms/.drjit/0edc128bf091547943a36e719bbfcb09.llvm.bin.tmp": File exists
jit_kernel_write(): could not write compiled kernel to cache file "/home/kms/.drjit/0edc128bf091547943a36e719bbfcb09.llvm.bin.tmp": File exists
jit_kernel_write(): could not link cache file "/home/kms/.drjit/0edc128bf091547943a36e719bbfcb09.llvm.bin" into file system: File exists
jit_kernel_write(): could not link cache file "/home/kms/.drjit/0edc128bf091547943a36e719bbfcb09.llvm.bin" into file system: File exists
jit_kernel_write(): could not write compiled kernel to cache file "/home/kms/.drjit/3c94671cc6bf00f3e870533fd4b92c4d.llvm.bin.tmp": File exists
jit_kernel_write(): could not link cache file "/home/kms/.drjit/3c94671cc6bf00f3e870533fd4b92c4d.llvm.bin" into file system: File exists
jit_kernel_write(): could not link cache file "/home/kms/.drjit/3c94671cc6bf00f3e870533fd4b92c4d.llvm.bin" into file system: File exists
jit_kernel_write(): could not link cache file "/home/kms/.drjit/953622e0ce6db85dfe1809c9b3414e96.llvm.bin" into file system: File exists
jit_kernel_write(): could not link cache file "/home/kms/.drjit/953622e0ce6db85dfe1809c9b3414e96.llvm.bin" into file system: File exists
jit_kernel_write(): could not link cache file "/home/kms/.drjit/953622e0ce6db85dfe1809c9b3414e96.llvm.bin" into file system: File exists
jit_kernel_write(): could not link cache file "/home/kms/.drjit/47bda3810a9949e2d62efb3b465bce81.llvm.bin" into file system: File exists
jit_kernel_write(): could not link cache file "/home/kms/.drjit/47bda3810a9949e2d62efb3b465bce81.llvm.bin" into file system: File exists
jit_kernel_write(): could not link cache file "/home/kms/.drjit/3c94671cc6bf00f3e870533fd4b92c4d.llvm.bin" into file system: File exists
jit_kernel_write(): could not write compiled kernel to cache file "/home/kms/.drjit/d9b3212250c047d33f030f6019b1ab32.llvm.bin.tmp": File exists
jit_kernel_write(): could not link cache file "/home/kms/.drjit/d9b3212250c047d33f030f6019b1ab32.llvm.bin" into file system: File exists
jit_kernel_write(): could not link cache file "/home/kms/.drjit/d9b3212250c047d33f030f6019b1ab32.llvm.bin" into file system: File exists
jit_kernel_write(): could not link cache file "/home/kms/.drjit/d9b3212250c047d33f030f6019b1ab32.llvm.bin" into file system: File exists
jit_kernel_write(): could not write compiled kernel to cache file "/home/kms/.drjit/85bb72a43610380b72b7d7e846b84e76.llvm.bin.tmp": File exists
jit_kernel_write(): could not link cache file "/home/kms/.drjit/85bb72a43610380b72b7d7e846b84e76.llvm.bin" into file system: File exists
jit_kernel_write(): could not link cache file "/home/kms/.drjit/50285fc4678dea1e978bdae2389f048d.llvm.bin" into file system: File exists
jit_kernel_write(): could not link cache file "/home/kms/.drjit/85bb72a43610380b72b7d7e846b84e76.llvm.bin" into file system: File exists
jit_kernel_write(): could not link cache file "/home/kms/.drjit/50285fc4678dea1e978bdae2389f048d.llvm.bin" into file system: File exists
jit_kernel_write(): could not link cache file "/home/kms/.drjit/0b1635f9224e59d9cb934bd61d4085f1.llvm.bin" into file system: File exists
jit_kernel_write(): could not write compiled kernel to cache file "/home/kms/.drjit/0b1635f9224e59d9cb934bd61d4085f1.llvm.bin.tmp": File exists
jit_kernel_write(): could not link cache file "/home/kms/.drjit/0b1635f9224e59d9cb934bd61d4085f1.llvm.bin" into file system: File exists
jit_kernel_write(): could not link cache file "/home/kms/.drjit/85bb72a43610380b72b7d7e846b84e76.llvm.bin" into file system: File exists
jit_kernel_write(): could not link cache file "/home/kms/.drjit/f6da19780c51083ca5e69c5c9bdfcf4b.llvm.bin" into file system: File exists
jit_kernel_write(): could not link cache file "/home/kms/.drjit/f6da19780c51083ca5e69c5c9bdfcf4b.llvm.bin" into file system: File exists
jit_kernel_write(): could not link cache file "/home/kms/.drjit/f6da19780c51083ca5e69c5c9bdfcf4b.llvm.bin" into file system: File exists
jit_kernel_write(): could not link cache file "/home/kms/.drjit/f6da19780c51083ca5e69c5c9bdfcf4b.llvm.bin" into file system: File exists
jit_kernel_write(): could not link cache file "/home/kms/.drjit/ba018063a217a8d8994cae41d7ed710f.llvm.bin" into file system: File exists
jit_kernel_write(): could not link cache file "/home/kms/.drjit/ba018063a217a8d8994cae41d7ed710f.llvm.bin" into file system: File exists
jit_kernel_write(): could not link cache file "/home/kms/.drjit/ba018063a217a8d8994cae41d7ed710f.llvm.bin" into file system: File exists
jit_kernel_write(): could not link cache file "/home/kms/.drjit/e4261d5908764e56d59a5e9995da5aa5.llvm.bin" into file system: File exists
jit_kernel_write(): could not link cache file "/home/kms/.drjit/e4261d5908764e56d59a5e9995da5aa5.llvm.bin" into file system: File exists
jit_kernel_write(): could not link cache file "/home/kms/.drjit/4a8dfbb38403286072470d243bdbd926.llvm.bin" into file system: File exists
jit_kernel_write(): could not link cache file "/home/kms/.drjit/4a8dfbb38403286072470d243bdbd926.llvm.bin" into file system: File exists
jit_kernel_write(): could not link cache file "/home/kms/.drjit/4a8dfbb38403286072470d243bdbd926.llvm.bin" into file system: File exists
jit_kernel_write(): could not link cache file "/home/kms/.drjit/ba018063a217a8d8994cae41d7ed710f.llvm.bin" into file system: File exists
jit_kernel_write(): could not write compiled kernel to cache file "/home/kms/.drjit/fdbcbf435a575a8d712199e22f2033f8.llvm.bin.tmp": File exists
jit_kernel_write(): could not link cache file "/home/kms/.drjit/fdbcbf435a575a8d712199e22f2033f8.llvm.bin" into file system: File exists
jit_kernel_write(): could not link cache file "/home/kms/.drjit/fdbcbf435a575a8d712199e22f2033f8.llvm.bin" into file system: File exists
jit_kernel_write(): could not link cache file "/home/kms/.drjit/fdbcbf435a575a8d712199e22f2033f8.llvm.bin" into file system: File exists
jit_kernel_write(): could not link cache file "/home/kms/.drjit/83a743f4eb2d3e2b1fc627892f39c75f.llvm.bin" into file system: File exists
jit_kernel_write(): could not link cache file "/home/kms/.drjit/83a743f4eb2d3e2b1fc627892f39c75f.llvm.bin" into file system: File exists
jit_kernel_write(): could not link cache file "/home/kms/.drjit/97419d893ba4f3983d9873394c9f8352.llvm.bin" into file system: File exists
jit_kernel_write(): could not link cache file "/home/kms/.drjit/83a743f4eb2d3e2b1fc627892f39c75f.llvm.bin" into file system: File exists
jit_kernel_write(): could not link cache file "/home/kms/.drjit/97419d893ba4f3983d9873394c9f8352.llvm.bin" into file system: File exists
jit_kernel_write(): could not link cache file "/home/kms/.drjit/4bfa2fd4b08cd82c6cbe1c315a5dceef.llvm.bin" into file system: File exists
jit_kernel_write(): could not link cache file "/home/kms/.drjit/4bfa2fd4b08cd82c6cbe1c315a5dceef.llvm.bin" into file system: File exists
jit_kernel_write(): could not link cache file "/home/kms/.drjit/4bfa2fd4b08cd82c6cbe1c315a5dceef.llvm.bin" into file system: File exists
jit_kernel_write(): could not link cache file "/home/kms/.drjit/83a743f4eb2d3e2b1fc627892f39c75f.llvm.bin" into file system: File exists
jit_kernel_write(): could not link cache file "/home/kms/.drjit/841561fe1be5177cefc6d9c9dccb2dac.llvm.bin" into file system: File exists
jit_kernel_write(): could not link cache file "/home/kms/.drjit/841561fe1be5177cefc6d9c9dccb2dac.llvm.bin" into file system: File exists
jit_kernel_write(): could not link cache file "/home/kms/.drjit/841561fe1be5177cefc6d9c9dccb2dac.llvm.bin" into file system: File exists
jit_kernel_write(): could not link cache file "/home/kms/.drjit/337f1747698e7b7902d57493b02f05f9.llvm.bin" into file system: File exists
jit_kernel_write(): could not link cache file "/home/kms/.drjit/337f1747698e7b7902d57493b02f05f9.llvm.bin" into file system: File exists
jit_kernel_write(): could not link cache file "/home/kms/.drjit/337f1747698e7b7902d57493b02f05f9.llvm.bin" into file system: File exists
jit_kernel_write(): could not link cache file "/home/kms/.drjit/d252d7dba107b656889ee666a0b48a73.llvm.bin" into file system: File exists
jit_kernel_write(): could not link cache file "/home/kms/.drjit/d252d7dba107b656889ee666a0b48a73.llvm.bin" into file system: File exists
jit_kernel_write(): could not link cache file "/home/kms/.drjit/d252d7dba107b656889ee666a0b48a73.llvm.bin" into file system: File exists
jit_kernel_write(): could not link cache file "/home/kms/.drjit/841561fe1be5177cefc6d9c9dccb2dac.llvm.bin" into file system: File exists
{"position": 1, "bin": 176, "done": 177, "of": 257, "seconds": 519.6, "last_paths": 62}
{"position": 0, "bin": 176, "done": 177, "of": 257, "seconds": 519.3, "last_paths": 62}
{"position": 2, "bin": 176, "done": 177, "of": 257, "seconds": 519.3, "last_paths": 62}
{"position": 4, "bin": 176, "done": 177, "of": 257, "seconds": 519.4, "last_paths": 62}
{"position": 3, "bin": 176, "done": 177, "of": 257, "seconds": 519.6, "last_paths": 62}
jit_kernel_write(): could not link cache file "/home/kms/.drjit/e22b8ac4835925c2cf81338025ad52bd.llvm.bin" into file system: File exists
jit_kernel_write(): could not link cache file "/home/kms/.drjit/e22b8ac4835925c2cf81338025ad52bd.llvm.bin" into file system: File exists
jit_kernel_write(): could not link cache file "/home/kms/.drjit/e22b8ac4835925c2cf81338025ad52bd.llvm.bin" into file system: File exists
jit_kernel_write(): could not link cache file "/home/kms/.drjit/e22b8ac4835925c2cf81338025ad52bd.llvm.bin" into file system: File exists
jit_kernel_write(): could not write compiled kernel to cache file "/home/kms/.drjit/94b16f2546f86326fb90a92d3c7ebbf2.llvm.bin.tmp": File exists
jit_kernel_write(): could not link cache file "/home/kms/.drjit/94b16f2546f86326fb90a92d3c7ebbf2.llvm.bin" into file system: File exists
jit_kernel_write(): could not link cache file "/home/kms/.drjit/94b16f2546f86326fb90a92d3c7ebbf2.llvm.bin" into file system: File exists
jit_kernel_write(): could not link cache file "/home/kms/.drjit/b8706a9e9d8cbf0c7d5530edc107a288.llvm.bin" into file system: File exists
jit_kernel_write(): could not link cache file "/home/kms/.drjit/b8706a9e9d8cbf0c7d5530edc107a288.llvm.bin" into file system: File exists
jit_kernel_write(): could not link cache file "/home/kms/.drjit/b8706a9e9d8cbf0c7d5530edc107a288.llvm.bin" into file system: File exists
jit_kernel_write(): could not link cache file "/home/kms/.drjit/b274ec3e108fbad9a24b2c7a28868efe.llvm.bin" into file system: File exists
jit_kernel_write(): could not link cache file "/home/kms/.drjit/b274ec3e108fbad9a24b2c7a28868efe.llvm.bin" into file system: File exists
jit_kernel_write(): could not link cache file "/home/kms/.drjit/b274ec3e108fbad9a24b2c7a28868efe.llvm.bin" into file system: File exists
jit_kernel_write(): could not link cache file "/home/kms/.drjit/94b16f2546f86326fb90a92d3c7ebbf2.llvm.bin" into file system: File exists
jit_kernel_write(): could not link cache file "/home/kms/.drjit/5727c2fd5a8ab044b1b836a3edd4b026.llvm.bin" into file system: File exists
jit_kernel_write(): could not write compiled kernel to cache file "/home/kms/.drjit/5727c2fd5a8ab044b1b836a3edd4b026.llvm.bin.tmp": File exists
jit_kernel_write(): could not link cache file "/home/kms/.drjit/5727c2fd5a8ab044b1b836a3edd4b026.llvm.bin" into file system: File exists
jit_kernel_write(): could not link cache file "/home/kms/.drjit/5727c2fd5a8ab044b1b836a3edd4b026.llvm.bin" into file system: File exists
jit_kernel_write(): could not link cache file "/home/kms/.drjit/8c9945e3fe31df170cd99990db461db7.llvm.bin" into file system: File exists
jit_kernel_write(): could not link cache file "/home/kms/.drjit/8c9945e3fe31df170cd99990db461db7.llvm.bin" into file system: File exists
jit_kernel_write(): could not link cache file "/home/kms/.drjit/8c9945e3fe31df170cd99990db461db7.llvm.bin" into file system: File exists
jit_kernel_write(): could not link cache file "/home/kms/.drjit/d1740a2b2cc5c79bfca29a8525b4bd07.llvm.bin" into file system: File exists
jit_kernel_write(): could not link cache file "/home/kms/.drjit/d1740a2b2cc5c79bfca29a8525b4bd07.llvm.bin" into file system: File exists
jit_kernel_write(): could not link cache file "/home/kms/.drjit/d1740a2b2cc5c79bfca29a8525b4bd07.llvm.bin" into file system: File exists
jit_kernel_write(): could not link cache file "/home/kms/.drjit/88b08266ecb9b8aedb4ed3c89eac8b0b.llvm.bin" into file system: File exists
jit_kernel_write(): could not link cache file "/home/kms/.drjit/88b08266ecb9b8aedb4ed3c89eac8b0b.llvm.bin" into file system: File exists
jit_kernel_write(): could not link cache file "/home/kms/.drjit/88b08266ecb9b8aedb4ed3c89eac8b0b.llvm.bin" into file system: File exists
jit_kernel_write(): could not link cache file "/home/kms/.drjit/8c9945e3fe31df170cd99990db461db7.llvm.bin" into file system: File exists
jit_kernel_write(): could not link cache file "/home/kms/.drjit/040e59b1f9bc0a87b09de92d12e3c3ee.llvm.bin" into file system: File exists
jit_kernel_write(): could not link cache file "/home/kms/.drjit/040e59b1f9bc0a87b09de92d12e3c3ee.llvm.bin" into file system: File exists
jit_kernel_write(): could not link cache file "/home/kms/.drjit/040e59b1f9bc0a87b09de92d12e3c3ee.llvm.bin" into file system: File exists
jit_kernel_write(): could not link cache file "/home/kms/.drjit/040e59b1f9bc0a87b09de92d12e3c3ee.llvm.bin" into file system: File exists
jit_kernel_write(): could not link cache file "/home/kms/.drjit/896fc2fb3c645affb72f1a065378012b.llvm.bin" into file system: File exists
jit_kernel_write(): could not link cache file "/home/kms/.drjit/896fc2fb3c645affb72f1a065378012b.llvm.bin" into file system: File exists
jit_kernel_write(): could not link cache file "/home/kms/.drjit/896fc2fb3c645affb72f1a065378012b.llvm.bin" into file system: File exists
jit_kernel_write(): could not link cache file "/home/kms/.drjit/e7832d42c2f632dd96c8b3c3fe8b0d96.llvm.bin" into file system: File exists
jit_kernel_write(): could not link cache file "/home/kms/.drjit/e7832d42c2f632dd96c8b3c3fe8b0d96.llvm.bin" into file system: File exists
jit_kernel_write(): could not link cache file "/home/kms/.drjit/e7832d42c2f632dd96c8b3c3fe8b0d96.llvm.bin" into file system: File exists
jit_kernel_write(): could not link cache file "/home/kms/.drjit/53dd4ce16b649b12692e866357975d87.llvm.bin" into file system: File exists
jit_kernel_write(): could not link cache file "/home/kms/.drjit/53dd4ce16b649b12692e866357975d87.llvm.bin" into file system: File exists
jit_kernel_write(): could not link cache file "/home/kms/.drjit/53dd4ce16b649b12692e866357975d87.llvm.bin" into file system: File exists
jit_kernel_write(): could not link cache file "/home/kms/.drjit/896fc2fb3c645affb72f1a065378012b.llvm.bin" into file system: File exists
jit_kernel_write(): could not link cache file "/home/kms/.drjit/a84e402e8f429e8b45323c9fab16066f.llvm.bin" into file system: File exists
jit_kernel_write(): could not link cache file "/home/kms/.drjit/a84e402e8f429e8b45323c9fab16066f.llvm.bin" into file system: File exists
jit_kernel_write(): could not link cache file "/home/kms/.drjit/a84e402e8f429e8b45323c9fab16066f.llvm.bin" into file system: File exists
jit_kernel_write(): could not link cache file "/home/kms/.drjit/a84e402e8f429e8b45323c9fab16066f.llvm.bin" into file system: File exists
jit_kernel_write(): could not link cache file "/home/kms/.drjit/12415fc9a10d80de9608ecaaa619a608.llvm.bin" into file system: File exists
jit_kernel_write(): could not link cache file "/home/kms/.drjit/12415fc9a10d80de9608ecaaa619a608.llvm.bin" into file system: File exists
jit_kernel_write(): could not link cache file "/home/kms/.drjit/12415fc9a10d80de9608ecaaa619a608.llvm.bin" into file system: File exists
jit_kernel_write(): could not link cache file "/home/kms/.drjit/8fef16ce6ff0e9417be65cf87307aed6.llvm.bin" into file system: File exists
jit_kernel_write(): could not link cache file "/home/kms/.drjit/8fef16ce6ff0e9417be65cf87307aed6.llvm.bin" into file system: File exists
jit_kernel_write(): could not link cache file "/home/kms/.drjit/8fef16ce6ff0e9417be65cf87307aed6.llvm.bin" into file system: File exists
jit_kernel_write(): could not link cache file "/home/kms/.drjit/1caadec0f5e5c2759a5bf9154d0b554b.llvm.bin" into file system: File exists
jit_kernel_write(): could not link cache file "/home/kms/.drjit/1caadec0f5e5c2759a5bf9154d0b554b.llvm.bin" into file system: File exists
jit_kernel_write(): could not link cache file "/home/kms/.drjit/12415fc9a10d80de9608ecaaa619a608.llvm.bin" into file system: File exists
jit_kernel_write(): could not link cache file "/home/kms/.drjit/5ab49efe4ee247ca52706c872cd10348.llvm.bin" into file system: File exists
jit_kernel_write(): could not link cache file "/home/kms/.drjit/5ab49efe4ee247ca52706c872cd10348.llvm.bin" into file system: File exists
jit_kernel_write(): could not link cache file "/home/kms/.drjit/5ab49efe4ee247ca52706c872cd10348.llvm.bin" into file system: File exists
jit_kernel_write(): could not link cache file "/home/kms/.drjit/5ab49efe4ee247ca52706c872cd10348.llvm.bin" into file system: File exists
jit_kernel_write(): could not write compiled kernel to cache file "/home/kms/.drjit/d350a8163fa91fcc36af7984c78c18a2.llvm.bin.tmp": File exists
jit_kernel_write(): could not link cache file "/home/kms/.drjit/d350a8163fa91fcc36af7984c78c18a2.llvm.bin" into file system: File exists
jit_kernel_write(): could not link cache file "/home/kms/.drjit/0dc032c8e6f14bf41430f8b0653ea9ca.llvm.bin" into file system: File exists
jit_kernel_write(): could not link cache file "/home/kms/.drjit/d350a8163fa91fcc36af7984c78c18a2.llvm.bin" into file system: File exists
jit_kernel_write(): could not link cache file "/home/kms/.drjit/20308a0378c7583fc7b5b42559113ed1.llvm.bin" into file system: File exists
jit_kernel_write(): could not link cache file "/home/kms/.drjit/0dc032c8e6f14bf41430f8b0653ea9ca.llvm.bin" into file system: File exists
jit_kernel_write(): could not link cache file "/home/kms/.drjit/20308a0378c7583fc7b5b42559113ed1.llvm.bin" into file system: File exists
jit_kernel_write(): could not link cache file "/home/kms/.drjit/d350a8163fa91fcc36af7984c78c18a2.llvm.bin" into file system: File exists
jit_kernel_write(): could not link cache file "/home/kms/.drjit/8631076c1858358a7fed6ebc372dcfd9.llvm.bin" into file system: File exists
jit_kernel_write(): could not link cache file "/home/kms/.drjit/8631076c1858358a7fed6ebc372dcfd9.llvm.bin" into file system: File exists
jit_kernel_write(): could not link cache file "/home/kms/.drjit/8631076c1858358a7fed6ebc372dcfd9.llvm.bin" into file system: File exists
jit_kernel_write(): could not link cache file "/home/kms/.drjit/8631076c1858358a7fed6ebc372dcfd9.llvm.bin" into file system: File exists
jit_kernel_write(): could not write compiled kernel to cache file "/home/kms/.drjit/ce5a7de3a9853c43b63e10d04f1d8012.llvm.bin.tmp": File exists
jit_kernel_write(): could not link cache file "/home/kms/.drjit/ce5a7de3a9853c43b63e10d04f1d8012.llvm.bin" into file system: File exists
jit_kernel_write(): could not link cache file "/home/kms/.drjit/ce5a7de3a9853c43b63e10d04f1d8012.llvm.bin" into file system: File exists
jit_kernel_write(): could not link cache file "/home/kms/.drjit/8de7ef39c9ebbf2167450e96aabc0582.llvm.bin" into file system: File exists
jit_kernel_write(): could not link cache file "/home/kms/.drjit/8de7ef39c9ebbf2167450e96aabc0582.llvm.bin" into file system: File exists
jit_kernel_write(): could not link cache file "/home/kms/.drjit/a423c5e04629f84f2beaa5b40ac49933.llvm.bin" into file system: File exists
jit_kernel_write(): could not link cache file "/home/kms/.drjit/a423c5e04629f84f2beaa5b40ac49933.llvm.bin" into file system: File exists
jit_kernel_write(): could not link cache file "/home/kms/.drjit/a423c5e04629f84f2beaa5b40ac49933.llvm.bin" into file system: File exists
jit_kernel_write(): could not link cache file "/home/kms/.drjit/ce5a7de3a9853c43b63e10d04f1d8012.llvm.bin" into file system: File exists
jit_kernel_write(): could not link cache file "/home/kms/.drjit/35ad2f7174ef9cc5b144abac5b7d43b0.llvm.bin" into file system: File exists
jit_kernel_write(): could not write compiled kernel to cache file "/home/kms/.drjit/35ad2f7174ef9cc5b144abac5b7d43b0.llvm.bin.tmp": File exists
jit_kernel_write(): could not link cache file "/home/kms/.drjit/35ad2f7174ef9cc5b144abac5b7d43b0.llvm.bin" into file system: File exists
jit_kernel_write(): could not link cache file "/home/kms/.drjit/35ad2f7174ef9cc5b144abac5b7d43b0.llvm.bin" into file system: File exists
jit_kernel_write(): could not write compiled kernel to cache file "/home/kms/.drjit/113a414459bf5614c95bbfc9e3cdc571.llvm.bin.tmp": File exists
jit_kernel_write(): could not write compiled kernel to cache file "/home/kms/.drjit/113a414459bf5614c95bbfc9e3cdc571.llvm.bin.tmp": File exists
jit_kernel_write(): could not link cache file "/home/kms/.drjit/113a414459bf5614c95bbfc9e3cdc571.llvm.bin" into file system: File exists
jit_kernel_write(): could not link cache file "/home/kms/.drjit/46194dd80d8f4132448d142278fa6e01.llvm.bin" into file system: File exists
jit_kernel_write(): could not write compiled kernel to cache file "/home/kms/.drjit/46194dd80d8f4132448d142278fa6e01.llvm.bin.tmp": File exists
jit_kernel_write(): could not link cache file "/home/kms/.drjit/46194dd80d8f4132448d142278fa6e01.llvm.bin" into file system: File exists
jit_kernel_write(): could not link cache file "/home/kms/.drjit/3e3ac3e70aa028b68a5c2c7a83a03eab.llvm.bin" into file system: File exists
jit_kernel_write(): could not link cache file "/home/kms/.drjit/113a414459bf5614c95bbfc9e3cdc571.llvm.bin" into file system: File exists
jit_kernel_write(): could not link cache file "/home/kms/.drjit/a155985a37d77bb4d23a3181ad3babce.llvm.bin" into file system: File exists
jit_kernel_write(): could not write compiled kernel to cache file "/home/kms/.drjit/a155985a37d77bb4d23a3181ad3babce.llvm.bin.tmp": File exists
jit_kernel_write(): could not link cache file "/home/kms/.drjit/a155985a37d77bb4d23a3181ad3babce.llvm.bin" into file system: File exists
jit_kernel_write(): could not link cache file "/home/kms/.drjit/a155985a37d77bb4d23a3181ad3babce.llvm.bin" into file system: File exists
jit_kernel_write(): could not write compiled kernel to cache file "/home/kms/.drjit/c5566733319a23842383e429b0572759.llvm.bin.tmp": File exists
jit_kernel_write(): could not link cache file "/home/kms/.drjit/c5566733319a23842383e429b0572759.llvm.bin" into file system: File exists
jit_kernel_write(): could not link cache file "/home/kms/.drjit/c5566733319a23842383e429b0572759.llvm.bin" into file system: File exists
jit_kernel_write(): could not link cache file "/home/kms/.drjit/175160cbb458b50f0f93414b0104222a.llvm.bin" into file system: File exists
jit_kernel_write(): could not link cache file "/home/kms/.drjit/175160cbb458b50f0f93414b0104222a.llvm.bin" into file system: File exists
jit_kernel_write(): could not link cache file "/home/kms/.drjit/175160cbb458b50f0f93414b0104222a.llvm.bin" into file system: File exists
jit_kernel_write(): could not link cache file "/home/kms/.drjit/66880a4d696f30812e8ba64390609466.llvm.bin" into file system: File exists
jit_kernel_write(): could not link cache file "/home/kms/.drjit/66880a4d696f30812e8ba64390609466.llvm.bin" into file system: File exists
jit_kernel_write(): could not link cache file "/home/kms/.drjit/66880a4d696f30812e8ba64390609466.llvm.bin" into file system: File exists
jit_kernel_write(): could not link cache file "/home/kms/.drjit/c5566733319a23842383e429b0572759.llvm.bin" into file system: File exists
jit_kernel_write(): could not link cache file "/home/kms/.drjit/6ed3103573651a635fb03c086fae1516.llvm.bin" into file system: File exists
jit_kernel_write(): could not link cache file "/home/kms/.drjit/6ed3103573651a635fb03c086fae1516.llvm.bin" into file system: File exists
jit_kernel_write(): could not link cache file "/home/kms/.drjit/6ed3103573651a635fb03c086fae1516.llvm.bin" into file system: File exists
jit_kernel_write(): could not link cache file "/home/kms/.drjit/6ed3103573651a635fb03c086fae1516.llvm.bin" into file system: File exists
jit_kernel_write(): could not write compiled kernel to cache file "/home/kms/.drjit/2e60bbc31aeb99114737f5c85b00efaf.llvm.bin.tmp": File exists
jit_kernel_write(): could not link cache file "/home/kms/.drjit/2e60bbc31aeb99114737f5c85b00efaf.llvm.bin" into file system: File exists
jit_kernel_write(): could not link cache file "/home/kms/.drjit/979b11d4480176da6c785f256e7d7d2d.llvm.bin" into file system: File exists
jit_kernel_write(): could not link cache file "/home/kms/.drjit/979b11d4480176da6c785f256e7d7d2d.llvm.bin" into file system: File exists
jit_kernel_write(): could not link cache file "/home/kms/.drjit/2e60bbc31aeb99114737f5c85b00efaf.llvm.bin" into file system: File exists
jit_kernel_write(): could not link cache file "/home/kms/.drjit/540655f60bf5a7812e92a9bc9d70adc6.llvm.bin" into file system: File exists
jit_kernel_write(): could not link cache file "/home/kms/.drjit/540655f60bf5a7812e92a9bc9d70adc6.llvm.bin" into file system: File exists
jit_kernel_write(): could not link cache file "/home/kms/.drjit/2e60bbc31aeb99114737f5c85b00efaf.llvm.bin" into file system: File exists
jit_kernel_write(): could not link cache file "/home/kms/.drjit/44971bb2314d7f3f40e7111dfd15d227.llvm.bin" into file system: File exists
jit_kernel_write(): could not link cache file "/home/kms/.drjit/44971bb2314d7f3f40e7111dfd15d227.llvm.bin" into file system: File exists
jit_kernel_write(): could not link cache file "/home/kms/.drjit/44971bb2314d7f3f40e7111dfd15d227.llvm.bin" into file system: File exists
jit_kernel_write(): could not link cache file "/home/kms/.drjit/44971bb2314d7f3f40e7111dfd15d227.llvm.bin" into file system: File exists
jit_kernel_write(): could not link cache file "/home/kms/.drjit/26f953a74ba465d76511516c4de70476.llvm.bin" into file system: File exists
jit_kernel_write(): could not link cache file "/home/kms/.drjit/26f953a74ba465d76511516c4de70476.llvm.bin" into file system: File exists
jit_kernel_write(): could not link cache file "/home/kms/.drjit/f8395ef40ee503bdcdb4531c544672a6.llvm.bin" into file system: File exists
jit_kernel_write(): could not link cache file "/home/kms/.drjit/f8395ef40ee503bdcdb4531c544672a6.llvm.bin" into file system: File exists
jit_kernel_write(): could not link cache file "/home/kms/.drjit/0186173fa9379ff4ad1c029adda967f9.llvm.bin" into file system: File exists
jit_kernel_write(): could not link cache file "/home/kms/.drjit/26f953a74ba465d76511516c4de70476.llvm.bin" into file system: File exists
jit_kernel_write(): could not link cache file "/home/kms/.drjit/0186173fa9379ff4ad1c029adda967f9.llvm.bin" into file system: File exists
jit_kernel_write(): could not link cache file "/home/kms/.drjit/26f953a74ba465d76511516c4de70476.llvm.bin" into file system: File exists
jit_kernel_write(): could not link cache file "/home/kms/.drjit/9171e5c8e9215adfba40fbbf44289f97.llvm.bin" into file system: File exists
jit_kernel_write(): could not link cache file "/home/kms/.drjit/9171e5c8e9215adfba40fbbf44289f97.llvm.bin" into file system: File exists
jit_kernel_write(): could not link cache file "/home/kms/.drjit/9171e5c8e9215adfba40fbbf44289f97.llvm.bin" into file system: File exists
jit_kernel_write(): could not link cache file "/home/kms/.drjit/9171e5c8e9215adfba40fbbf44289f97.llvm.bin" into file system: File exists
jit_kernel_write(): could not write compiled kernel to cache file "/home/kms/.drjit/a4eba636bbd763f82399797f42439ef4.llvm.bin.tmp": File exists
jit_kernel_write(): could not link cache file "/home/kms/.drjit/a4eba636bbd763f82399797f42439ef4.llvm.bin" into file system: File exists
jit_kernel_write(): could not link cache file "/home/kms/.drjit/a4eba636bbd763f82399797f42439ef4.llvm.bin" into file system: File exists
jit_kernel_write(): could not link cache file "/home/kms/.drjit/b3b18c23d80b6b36e8c0bb77024e3e1e.llvm.bin" into file system: File exists
jit_kernel_write(): could not link cache file "/home/kms/.drjit/b3b18c23d80b6b36e8c0bb77024e3e1e.llvm.bin" into file system: File exists
jit_kernel_write(): could not link cache file "/home/kms/.drjit/b3b18c23d80b6b36e8c0bb77024e3e1e.llvm.bin" into file system: File exists
jit_kernel_write(): could not link cache file "/home/kms/.drjit/b3459e4bc9fb241592e5a33de7c4bcfd.llvm.bin" into file system: File exists
jit_kernel_write(): could not link cache file "/home/kms/.drjit/b3459e4bc9fb241592e5a33de7c4bcfd.llvm.bin" into file system: File exists
jit_kernel_write(): could not link cache file "/home/kms/.drjit/b3459e4bc9fb241592e5a33de7c4bcfd.llvm.bin" into file system: File exists
jit_kernel_write(): could not link cache file "/home/kms/.drjit/a4eba636bbd763f82399797f42439ef4.llvm.bin" into file system: File exists
jit_kernel_write(): could not link cache file "/home/kms/.drjit/1dfb2c652ab3a7824bfa3d7d33cd93ab.llvm.bin" into file system: File exists
jit_kernel_write(): could not link cache file "/home/kms/.drjit/1dfb2c652ab3a7824bfa3d7d33cd93ab.llvm.bin" into file system: File exists
jit_kernel_write(): could not link cache file "/home/kms/.drjit/1dfb2c652ab3a7824bfa3d7d33cd93ab.llvm.bin" into file system: File exists
jit_kernel_write(): could not link cache file "/home/kms/.drjit/1dfb2c652ab3a7824bfa3d7d33cd93ab.llvm.bin" into file system: File exists
jit_kernel_write(): could not link cache file "/home/kms/.drjit/bf69f1f8ed436292460f83319a360651.llvm.bin" into file system: File exists
jit_kernel_write(): could not write compiled kernel to cache file "/home/kms/.drjit/bf69f1f8ed436292460f83319a360651.llvm.bin.tmp": File exists
jit_kernel_write(): could not link cache file "/home/kms/.drjit/bf69f1f8ed436292460f83319a360651.llvm.bin" into file system: File exists
jit_kernel_write(): could not link cache file "/home/kms/.drjit/2258fc7a03c6aa129420aa28a3f2b654.llvm.bin" into file system: File exists
jit_kernel_write(): could not link cache file "/home/kms/.drjit/2258fc7a03c6aa129420aa28a3f2b654.llvm.bin" into file system: File exists
jit_kernel_write(): could not link cache file "/home/kms/.drjit/2258fc7a03c6aa129420aa28a3f2b654.llvm.bin" into file system: File exists
jit_kernel_write(): could not link cache file "/home/kms/.drjit/16f1f47772e1baba911e5ee3a5f9a168.llvm.bin" into file system: File exists
jit_kernel_write(): could not link cache file "/home/kms/.drjit/16f1f47772e1baba911e5ee3a5f9a168.llvm.bin" into file system: File exists
jit_kernel_write(): could not link cache file "/home/kms/.drjit/16f1f47772e1baba911e5ee3a5f9a168.llvm.bin" into file system: File exists
jit_kernel_write(): could not link cache file "/home/kms/.drjit/bf69f1f8ed436292460f83319a360651.llvm.bin" into file system: File exists
jit_kernel_write(): could not write compiled kernel to cache file "/home/kms/.drjit/251678fdb87d320589e318dee4f60793.llvm.bin.tmp": File exists
jit_kernel_write(): could not write compiled kernel to cache file "/home/kms/.drjit/251678fdb87d320589e318dee4f60793.llvm.bin.tmp": File exists
jit_kernel_write(): could not link cache file "/home/kms/.drjit/251678fdb87d320589e318dee4f60793.llvm.bin" into file system: File exists
jit_kernel_write(): could not link cache file "/home/kms/.drjit/251678fdb87d320589e318dee4f60793.llvm.bin" into file system: File exists
jit_kernel_write(): could not write compiled kernel to cache file "/home/kms/.drjit/f5cefd40a0bc29dd34389f5a41aa3dc6.llvm.bin.tmp": File exists
jit_kernel_write(): could not link cache file "/home/kms/.drjit/f5cefd40a0bc29dd34389f5a41aa3dc6.llvm.bin" into file system: File exists
jit_kernel_write(): could not link cache file "/home/kms/.drjit/f5cefd40a0bc29dd34389f5a41aa3dc6.llvm.bin" into file system: File exists
jit_kernel_write(): could not link cache file "/home/kms/.drjit/93f07f9555ab2d6e5ab8e577d500086a.llvm.bin" into file system: File exists
jit_kernel_write(): could not link cache file "/home/kms/.drjit/93f07f9555ab2d6e5ab8e577d500086a.llvm.bin" into file system: File exists
jit_kernel_write(): could not link cache file "/home/kms/.drjit/25dc2130c7bff5612568fa8e9bc10f10.llvm.bin" into file system: File exists
jit_kernel_write(): could not link cache file "/home/kms/.drjit/25dc2130c7bff5612568fa8e9bc10f10.llvm.bin" into file system: File exists
jit_kernel_write(): could not link cache file "/home/kms/.drjit/25dc2130c7bff5612568fa8e9bc10f10.llvm.bin" into file system: File exists
jit_kernel_write(): could not link cache file "/home/kms/.drjit/f5cefd40a0bc29dd34389f5a41aa3dc6.llvm.bin" into file system: File exists
jit_kernel_write(): could not link cache file "/home/kms/.drjit/7d1d998736b5c55454b5f8eccf62c6fa.llvm.bin" into file system: File exists
jit_kernel_write(): could not link cache file "/home/kms/.drjit/7d1d998736b5c55454b5f8eccf62c6fa.llvm.bin" into file system: File exists
jit_kernel_write(): could not link cache file "/home/kms/.drjit/7d1d998736b5c55454b5f8eccf62c6fa.llvm.bin" into file system: File exists
jit_kernel_write(): could not link cache file "/home/kms/.drjit/7d1d998736b5c55454b5f8eccf62c6fa.llvm.bin" into file system: File exists
jit_kernel_write(): could not link cache file "/home/kms/.drjit/c69ccc998784a34ecffc543797f2453d.llvm.bin" into file system: File exists
jit_kernel_write(): could not link cache file "/home/kms/.drjit/c69ccc998784a34ecffc543797f2453d.llvm.bin" into file system: File exists
jit_kernel_write(): could not link cache file "/home/kms/.drjit/c69ccc998784a34ecffc543797f2453d.llvm.bin" into file system: File exists
jit_kernel_write(): could not link cache file "/home/kms/.drjit/b2e9971355a9d0528b1411d33787c3bf.llvm.bin" into file system: File exists
jit_kernel_write(): could not link cache file "/home/kms/.drjit/b2e9971355a9d0528b1411d33787c3bf.llvm.bin" into file system: File exists
jit_kernel_write(): could not link cache file "/home/kms/.drjit/cb7cac454e55e9f8ca1ec0b0faed35ab.llvm.bin" into file system: File exists
jit_kernel_write(): could not link cache file "/home/kms/.drjit/cb7cac454e55e9f8ca1ec0b0faed35ab.llvm.bin" into file system: File exists
jit_kernel_write(): could not link cache file "/home/kms/.drjit/c69ccc998784a34ecffc543797f2453d.llvm.bin" into file system: File exists
jit_kernel_write(): could not link cache file "/home/kms/.drjit/cb7cac454e55e9f8ca1ec0b0faed35ab.llvm.bin" into file system: File exists
jit_kernel_write(): could not link cache file "/home/kms/.drjit/26f810a0e6eb2bd32a737e145bd0baf2.llvm.bin" into file system: File exists
jit_kernel_write(): could not link cache file "/home/kms/.drjit/26f810a0e6eb2bd32a737e145bd0baf2.llvm.bin" into file system: File exists
jit_kernel_write(): could not link cache file "/home/kms/.drjit/26f810a0e6eb2bd32a737e145bd0baf2.llvm.bin" into file system: File exists
jit_kernel_write(): could not link cache file "/home/kms/.drjit/26f810a0e6eb2bd32a737e145bd0baf2.llvm.bin" into file system: File exists
jit_kernel_write(): could not write compiled kernel to cache file "/home/kms/.drjit/d3572de868035e632361b1208fc1fff5.llvm.bin.tmp": File exists
jit_kernel_write(): could not link cache file "/home/kms/.drjit/d3572de868035e632361b1208fc1fff5.llvm.bin" into file system: File exists
jit_kernel_write(): could not link cache file "/home/kms/.drjit/4a94c228ec48ffee1e34f7d01c1b4bfa.llvm.bin" into file system: File exists
jit_kernel_write(): could not link cache file "/home/kms/.drjit/d3572de868035e632361b1208fc1fff5.llvm.bin" into file system: File exists
jit_kernel_write(): could not link cache file "/home/kms/.drjit/d3572de868035e632361b1208fc1fff5.llvm.bin" into file system: File exists
jit_kernel_write(): could not link cache file "/home/kms/.drjit/13ff311069bb1328b9d4a11db01015b3.llvm.bin" into file system: File exists
jit_kernel_write(): could not link cache file "/home/kms/.drjit/4a94c228ec48ffee1e34f7d01c1b4bfa.llvm.bin" into file system: File exists
jit_kernel_write(): could not link cache file "/home/kms/.drjit/13ff311069bb1328b9d4a11db01015b3.llvm.bin" into file system: File exists
jit_kernel_write(): could not link cache file "/home/kms/.drjit/b6bc15309cd96ca5bcf1de6635a64c45.llvm.bin" into file system: File exists
jit_kernel_write(): could not write compiled kernel to cache file "/home/kms/.drjit/b6bc15309cd96ca5bcf1de6635a64c45.llvm.bin.tmp": File exists
jit_kernel_write(): could not write compiled kernel to cache file "/home/kms/.drjit/b6bc15309cd96ca5bcf1de6635a64c45.llvm.bin.tmp": File exists
jit_kernel_write(): could not link cache file "/home/kms/.drjit/b6bc15309cd96ca5bcf1de6635a64c45.llvm.bin" into file system: File exists
jit_kernel_write(): could not link cache file "/home/kms/.drjit/d54888dc2bd0a118345b891b301f7f20.llvm.bin" into file system: File exists
jit_kernel_write(): could not write compiled kernel to cache file "/home/kms/.drjit/10e42e190916304addadae77946ea9f7.llvm.bin.tmp": File exists
jit_kernel_write(): could not link cache file "/home/kms/.drjit/10e42e190916304addadae77946ea9f7.llvm.bin" into file system: File exists
jit_kernel_write(): could not link cache file "/home/kms/.drjit/10e42e190916304addadae77946ea9f7.llvm.bin" into file system: File exists
{"position": 1, "bin": 192, "done": 193, "of": 257, "seconds": 563.1, "last_paths": 62}
{"position": 0, "bin": 192, "done": 193, "of": 257, "seconds": 562.8, "last_paths": 62}
{"position": 3, "bin": 192, "done": 193, "of": 257, "seconds": 562.9, "last_paths": 62}
{"position": 2, "bin": 192, "done": 193, "of": 257, "seconds": 562.7, "last_paths": 62}
{"position": 4, "bin": 192, "done": 193, "of": 257, "seconds": 562.8, "last_paths": 62}
jit_kernel_write(): could not write compiled kernel to cache file "/home/kms/.drjit/b9921858ac85c100f8384d714893a581.llvm.bin.tmp": File exists
jit_kernel_write(): could not write compiled kernel to cache file "/home/kms/.drjit/b9921858ac85c100f8384d714893a581.llvm.bin.tmp": File exists
jit_kernel_write(): could not link cache file "/home/kms/.drjit/b9921858ac85c100f8384d714893a581.llvm.bin" into file system: File exists
jit_kernel_write(): could not link cache file "/home/kms/.drjit/b9921858ac85c100f8384d714893a581.llvm.bin" into file system: File exists
jit_kernel_write(): could not write compiled kernel to cache file "/home/kms/.drjit/e2a4f727b63afd820989cdd8cfadf1bf.llvm.bin.tmp": File exists
jit_kernel_write(): could not write compiled kernel to cache file "/home/kms/.drjit/e2a4f727b63afd820989cdd8cfadf1bf.llvm.bin.tmp": File exists
jit_kernel_write(): could not link cache file "/home/kms/.drjit/e2a4f727b63afd820989cdd8cfadf1bf.llvm.bin" into file system: File exists
jit_kernel_write(): could not link cache file "/home/kms/.drjit/e2a4f727b63afd820989cdd8cfadf1bf.llvm.bin" into file system: File exists
jit_kernel_write(): could not link cache file "/home/kms/.drjit/8df9cf3b27cc3cde4a21697b1ac623d6.llvm.bin" into file system: File exists
jit_kernel_write(): could not write compiled kernel to cache file "/home/kms/.drjit/8df9cf3b27cc3cde4a21697b1ac623d6.llvm.bin.tmp": File exists
jit_kernel_write(): could not link cache file "/home/kms/.drjit/8df9cf3b27cc3cde4a21697b1ac623d6.llvm.bin" into file system: File exists
jit_kernel_write(): could not write compiled kernel to cache file "/home/kms/.drjit/464f48fe2cf90e7a66e36b775dae0bf2.llvm.bin.tmp": File exists
jit_kernel_write(): could not write compiled kernel to cache file "/home/kms/.drjit/464f48fe2cf90e7a66e36b775dae0bf2.llvm.bin.tmp": File exists
jit_kernel_write(): could not link cache file "/home/kms/.drjit/464f48fe2cf90e7a66e36b775dae0bf2.llvm.bin" into file system: File exists
jit_kernel_write(): could not link cache file "/home/kms/.drjit/464f48fe2cf90e7a66e36b775dae0bf2.llvm.bin" into file system: File exists
jit_kernel_write(): could not link cache file "/home/kms/.drjit/cc7bce0132a53e70643f63176843fe85.llvm.bin" into file system: File exists
jit_kernel_write(): could not link cache file "/home/kms/.drjit/cc7bce0132a53e70643f63176843fe85.llvm.bin" into file system: File exists
jit_kernel_write(): could not link cache file "/home/kms/.drjit/cc7bce0132a53e70643f63176843fe85.llvm.bin" into file system: File exists
jit_kernel_write(): could not link cache file "/home/kms/.drjit/cc7bce0132a53e70643f63176843fe85.llvm.bin" into file system: File exists
jit_kernel_write(): could not link cache file "/home/kms/.drjit/1887e86f97ee94f43fe35936c6132038.llvm.bin" into file system: File exists
jit_kernel_write(): could not link cache file "/home/kms/.drjit/1887e86f97ee94f43fe35936c6132038.llvm.bin" into file system: File exists
jit_kernel_write(): could not link cache file "/home/kms/.drjit/1887e86f97ee94f43fe35936c6132038.llvm.bin" into file system: File exists
jit_kernel_write(): could not link cache file "/home/kms/.drjit/c54e47f80ad8c6dcb40132ac6f90d233.llvm.bin" into file system: File exists
jit_kernel_write(): could not write compiled kernel to cache file "/home/kms/.drjit/c54e47f80ad8c6dcb40132ac6f90d233.llvm.bin.tmp": File exists
jit_kernel_write(): could not link cache file "/home/kms/.drjit/c54e47f80ad8c6dcb40132ac6f90d233.llvm.bin" into file system: File exists
jit_kernel_write(): could not link cache file "/home/kms/.drjit/c54e47f80ad8c6dcb40132ac6f90d233.llvm.bin" into file system: File exists
jit_kernel_write(): could not write compiled kernel to cache file "/home/kms/.drjit/faf3615fb7160ad0b75ebc69982a59ea.llvm.bin.tmp": File exists
jit_kernel_write(): could not link cache file "/home/kms/.drjit/faf3615fb7160ad0b75ebc69982a59ea.llvm.bin" into file system: File exists
jit_kernel_write(): could not link cache file "/home/kms/.drjit/faf3615fb7160ad0b75ebc69982a59ea.llvm.bin" into file system: File exists
jit_kernel_write(): could not link cache file "/home/kms/.drjit/faf3615fb7160ad0b75ebc69982a59ea.llvm.bin" into file system: File exists
jit_kernel_write(): could not link cache file "/home/kms/.drjit/8c5d666cff8b1db4fcc887e554ad4a46.llvm.bin" into file system: File exists
jit_kernel_write(): could not link cache file "/home/kms/.drjit/8c5d666cff8b1db4fcc887e554ad4a46.llvm.bin" into file system: File exists
jit_kernel_write(): could not link cache file "/home/kms/.drjit/7dc7889ba152c8761dca110457c71d5d.llvm.bin" into file system: File exists
jit_kernel_write(): could not link cache file "/home/kms/.drjit/28e6999896622338650c5709de8b010e.llvm.bin" into file system: File exists
jit_kernel_write(): could not link cache file "/home/kms/.drjit/28e6999896622338650c5709de8b010e.llvm.bin" into file system: File exists
jit_kernel_write(): could not link cache file "/home/kms/.drjit/28e6999896622338650c5709de8b010e.llvm.bin" into file system: File exists
jit_kernel_write(): could not link cache file "/home/kms/.drjit/28e6999896622338650c5709de8b010e.llvm.bin" into file system: File exists
jit_kernel_write(): could not link cache file "/home/kms/.drjit/33d0f293937cf7d4eb78d90a700b2f77.llvm.bin" into file system: File exists
jit_kernel_write(): could not write compiled kernel to cache file "/home/kms/.drjit/33d0f293937cf7d4eb78d90a700b2f77.llvm.bin.tmp": File exists
jit_kernel_write(): could not link cache file "/home/kms/.drjit/33d0f293937cf7d4eb78d90a700b2f77.llvm.bin" into file system: File exists
jit_kernel_write(): could not link cache file "/home/kms/.drjit/69e1f6b1965285cf5054bd5c6f635f96.llvm.bin" into file system: File exists
jit_kernel_write(): could not write compiled kernel to cache file "/home/kms/.drjit/e5aefd4d50ccfd17e751896183f76249.llvm.bin.tmp": File exists
jit_kernel_write(): could not link cache file "/home/kms/.drjit/e5aefd4d50ccfd17e751896183f76249.llvm.bin" into file system: File exists
jit_kernel_write(): could not link cache file "/home/kms/.drjit/e5aefd4d50ccfd17e751896183f76249.llvm.bin" into file system: File exists
jit_kernel_write(): could not link cache file "/home/kms/.drjit/33d0f293937cf7d4eb78d90a700b2f77.llvm.bin" into file system: File exists
jit_kernel_write(): could not write compiled kernel to cache file "/home/kms/.drjit/ae84db2f7e7b8fb8a4c105fe2c4d5f44.llvm.bin.tmp": File exists
jit_kernel_write(): could not write compiled kernel to cache file "/home/kms/.drjit/ae84db2f7e7b8fb8a4c105fe2c4d5f44.llvm.bin.tmp": File exists
jit_kernel_write(): could not link cache file "/home/kms/.drjit/ae84db2f7e7b8fb8a4c105fe2c4d5f44.llvm.bin" into file system: File exists
jit_kernel_write(): could not link cache file "/home/kms/.drjit/ae84db2f7e7b8fb8a4c105fe2c4d5f44.llvm.bin" into file system: File exists
jit_kernel_write(): could not link cache file "/home/kms/.drjit/52217fd62f8a9540a9a1e104a3b7a2cc.llvm.bin" into file system: File exists
jit_kernel_write(): could not write compiled kernel to cache file "/home/kms/.drjit/52217fd62f8a9540a9a1e104a3b7a2cc.llvm.bin.tmp": File exists
jit_kernel_write(): could not link cache file "/home/kms/.drjit/52217fd62f8a9540a9a1e104a3b7a2cc.llvm.bin" into file system: File exists
jit_kernel_write(): could not link cache file "/home/kms/.drjit/52217fd62f8a9540a9a1e104a3b7a2cc.llvm.bin" into file system: File exists
jit_kernel_write(): could not link cache file "/home/kms/.drjit/3ad3189f38bf8b834e3429eff3b4c26b.llvm.bin" into file system: File exists
jit_kernel_write(): could not write compiled kernel to cache file "/home/kms/.drjit/d6f2fd00bb040ade5a3494f5c0ae6ea8.llvm.bin.tmp": File exists
jit_kernel_write(): could not link cache file "/home/kms/.drjit/d6f2fd00bb040ade5a3494f5c0ae6ea8.llvm.bin" into file system: File exists
jit_kernel_write(): could not link cache file "/home/kms/.drjit/d6f2fd00bb040ade5a3494f5c0ae6ea8.llvm.bin" into file system: File exists
jit_kernel_write(): could not link cache file "/home/kms/.drjit/d6f2fd00bb040ade5a3494f5c0ae6ea8.llvm.bin" into file system: File exists
jit_kernel_write(): could not link cache file "/home/kms/.drjit/cf1d8677a21dbb78c8813bd76bf1363a.llvm.bin" into file system: File exists
jit_kernel_write(): could not write compiled kernel to cache file "/home/kms/.drjit/cf1d8677a21dbb78c8813bd76bf1363a.llvm.bin.tmp": File exists
jit_kernel_write(): could not link cache file "/home/kms/.drjit/cf1d8677a21dbb78c8813bd76bf1363a.llvm.bin" into file system: File exists
jit_kernel_write(): could not link cache file "/home/kms/.drjit/cf1d8677a21dbb78c8813bd76bf1363a.llvm.bin" into file system: File exists
jit_kernel_write(): could not link cache file "/home/kms/.drjit/84cc0c5b1f9fa0a27769bd35056f2f9d.llvm.bin" into file system: File exists
jit_kernel_write(): could not link cache file "/home/kms/.drjit/3929754514dc72fb1ae8c11530ec9529.llvm.bin" into file system: File exists
jit_kernel_write(): could not link cache file "/home/kms/.drjit/3929754514dc72fb1ae8c11530ec9529.llvm.bin" into file system: File exists
jit_kernel_write(): could not link cache file "/home/kms/.drjit/3929754514dc72fb1ae8c11530ec9529.llvm.bin" into file system: File exists
jit_kernel_write(): could not link cache file "/home/kms/.drjit/3929754514dc72fb1ae8c11530ec9529.llvm.bin" into file system: File exists
jit_kernel_write(): could not link cache file "/home/kms/.drjit/c881dad4ee3de5ca68d14bdea330e68c.llvm.bin" into file system: File exists
jit_kernel_write(): could not write compiled kernel to cache file "/home/kms/.drjit/c881dad4ee3de5ca68d14bdea330e68c.llvm.bin.tmp": File exists
jit_kernel_write(): could not link cache file "/home/kms/.drjit/c881dad4ee3de5ca68d14bdea330e68c.llvm.bin" into file system: File exists
jit_kernel_write(): could not link cache file "/home/kms/.drjit/c881dad4ee3de5ca68d14bdea330e68c.llvm.bin" into file system: File exists
jit_kernel_write(): could not link cache file "/home/kms/.drjit/9d9784d43036b707df8d0ef4a85f2765.llvm.bin" into file system: File exists
jit_kernel_write(): could not link cache file "/home/kms/.drjit/4fd64af3bb660a746f6d8fe01afc93f9.llvm.bin" into file system: File exists
jit_kernel_write(): could not link cache file "/home/kms/.drjit/4fd64af3bb660a746f6d8fe01afc93f9.llvm.bin" into file system: File exists
jit_kernel_write(): could not link cache file "/home/kms/.drjit/4fd64af3bb660a746f6d8fe01afc93f9.llvm.bin" into file system: File exists
jit_kernel_write(): could not link cache file "/home/kms/.drjit/9bae4240504e5a6eb80d560e007d98a4.llvm.bin" into file system: File exists
jit_kernel_write(): could not link cache file "/home/kms/.drjit/9bae4240504e5a6eb80d560e007d98a4.llvm.bin" into file system: File exists
jit_kernel_write(): could not write compiled kernel to cache file "/home/kms/.drjit/9bae4240504e5a6eb80d560e007d98a4.llvm.bin.tmp": File exists
jit_kernel_write(): could not link cache file "/home/kms/.drjit/9bae4240504e5a6eb80d560e007d98a4.llvm.bin" into file system: File exists
jit_kernel_write(): could not link cache file "/home/kms/.drjit/822112ae5736ee84847277c1c0ff302b.llvm.bin" into file system: File exists
jit_kernel_write(): could not link cache file "/home/kms/.drjit/822112ae5736ee84847277c1c0ff302b.llvm.bin" into file system: File exists
jit_kernel_write(): could not write compiled kernel to cache file "/home/kms/.drjit/822112ae5736ee84847277c1c0ff302b.llvm.bin.tmp": File exists
jit_kernel_write(): could not link cache file "/home/kms/.drjit/822112ae5736ee84847277c1c0ff302b.llvm.bin" into file system: File exists
jit_kernel_write(): could not link cache file "/home/kms/.drjit/f3e3a1b85e66bdfc2d48f82cc9e5e27c.llvm.bin" into file system: File exists
jit_kernel_write(): could not link cache file "/home/kms/.drjit/1c7607db03e94a0a0aef18a240ea94bf.llvm.bin" into file system: File exists
jit_kernel_write(): could not link cache file "/home/kms/.drjit/1c7607db03e94a0a0aef18a240ea94bf.llvm.bin" into file system: File exists
jit_kernel_write(): could not link cache file "/home/kms/.drjit/1c7607db03e94a0a0aef18a240ea94bf.llvm.bin" into file system: File exists
jit_kernel_write(): could not link cache file "/home/kms/.drjit/c037b385f0e1743f887b5794af048b52.llvm.bin" into file system: File exists
jit_kernel_write(): could not write compiled kernel to cache file "/home/kms/.drjit/c037b385f0e1743f887b5794af048b52.llvm.bin.tmp": File exists
jit_kernel_write(): could not link cache file "/home/kms/.drjit/c037b385f0e1743f887b5794af048b52.llvm.bin" into file system: File exists
jit_kernel_write(): could not link cache file "/home/kms/.drjit/c037b385f0e1743f887b5794af048b52.llvm.bin" into file system: File exists
jit_kernel_write(): could not link cache file "/home/kms/.drjit/34d4753911e00fcd38eed1bcf8850e89.llvm.bin" into file system: File exists
jit_kernel_write(): could not write compiled kernel to cache file "/home/kms/.drjit/34d4753911e00fcd38eed1bcf8850e89.llvm.bin.tmp": File exists
jit_kernel_write(): could not link cache file "/home/kms/.drjit/34d4753911e00fcd38eed1bcf8850e89.llvm.bin" into file system: File exists
jit_kernel_write(): could not link cache file "/home/kms/.drjit/34d4753911e00fcd38eed1bcf8850e89.llvm.bin" into file system: File exists
jit_kernel_write(): could not link cache file "/home/kms/.drjit/a84bd74cc836107e9a1aaf63941982fa.llvm.bin" into file system: File exists
jit_kernel_write(): could not link cache file "/home/kms/.drjit/a84bd74cc836107e9a1aaf63941982fa.llvm.bin" into file system: File exists
jit_kernel_write(): could not link cache file "/home/kms/.drjit/a84bd74cc836107e9a1aaf63941982fa.llvm.bin" into file system: File exists
jit_kernel_write(): could not link cache file "/home/kms/.drjit/3d3639c48d3d394dfbe5549c24b98002.llvm.bin" into file system: File exists
jit_kernel_write(): could not link cache file "/home/kms/.drjit/3d3639c48d3d394dfbe5549c24b98002.llvm.bin" into file system: File exists
jit_kernel_write(): could not link cache file "/home/kms/.drjit/3d3639c48d3d394dfbe5549c24b98002.llvm.bin" into file system: File exists
jit_kernel_write(): could not link cache file "/home/kms/.drjit/3d3639c48d3d394dfbe5549c24b98002.llvm.bin" into file system: File exists
jit_kernel_write(): could not link cache file "/home/kms/.drjit/30a43a64f53350a073805c65654ef45c.llvm.bin" into file system: File exists
jit_kernel_write(): could not link cache file "/home/kms/.drjit/30a43a64f53350a073805c65654ef45c.llvm.bin" into file system: File exists
jit_kernel_write(): could not link cache file "/home/kms/.drjit/30a43a64f53350a073805c65654ef45c.llvm.bin" into file system: File exists
jit_kernel_write(): could not link cache file "/home/kms/.drjit/30a43a64f53350a073805c65654ef45c.llvm.bin" into file system: File exists
jit_kernel_write(): could not link cache file "/home/kms/.drjit/b1e4c08ad27be921bcec81e4dc753241.llvm.bin" into file system: File exists
jit_kernel_write(): could not link cache file "/home/kms/.drjit/b1e4c08ad27be921bcec81e4dc753241.llvm.bin" into file system: File exists
jit_kernel_write(): could not link cache file "/home/kms/.drjit/b1e4c08ad27be921bcec81e4dc753241.llvm.bin" into file system: File exists
jit_kernel_write(): could not link cache file "/home/kms/.drjit/b1e4c08ad27be921bcec81e4dc753241.llvm.bin" into file system: File exists
jit_kernel_write(): could not link cache file "/home/kms/.drjit/d53c54d1ccf1a9b8df4980b6c29bf990.llvm.bin" into file system: File exists
jit_kernel_write(): could not link cache file "/home/kms/.drjit/d53c54d1ccf1a9b8df4980b6c29bf990.llvm.bin" into file system: File exists
jit_kernel_write(): could not link cache file "/home/kms/.drjit/d53c54d1ccf1a9b8df4980b6c29bf990.llvm.bin" into file system: File exists
jit_kernel_write(): could not link cache file "/home/kms/.drjit/d53c54d1ccf1a9b8df4980b6c29bf990.llvm.bin" into file system: File exists
jit_kernel_write(): could not link cache file "/home/kms/.drjit/87ff13ec2ce3ed110188c575cb38fd56.llvm.bin" into file system: File exists
jit_kernel_write(): could not link cache file "/home/kms/.drjit/afb39c631103c1601bb7c43ae09e9093.llvm.bin" into file system: File exists
jit_kernel_write(): could not write compiled kernel to cache file "/home/kms/.drjit/afb39c631103c1601bb7c43ae09e9093.llvm.bin.tmp": File exists
jit_kernel_write(): could not link cache file "/home/kms/.drjit/afb39c631103c1601bb7c43ae09e9093.llvm.bin" into file system: File exists
jit_kernel_write(): could not link cache file "/home/kms/.drjit/afb39c631103c1601bb7c43ae09e9093.llvm.bin" into file system: File exists
jit_kernel_write(): could not link cache file "/home/kms/.drjit/f04bd5932ee140f4e1db9fd3571e7e21.llvm.bin" into file system: File exists
jit_kernel_write(): could not link cache file "/home/kms/.drjit/f04bd5932ee140f4e1db9fd3571e7e21.llvm.bin" into file system: File exists
jit_kernel_write(): could not link cache file "/home/kms/.drjit/f04bd5932ee140f4e1db9fd3571e7e21.llvm.bin" into file system: File exists
jit_kernel_write(): could not link cache file "/home/kms/.drjit/f04bd5932ee140f4e1db9fd3571e7e21.llvm.bin" into file system: File exists
jit_kernel_write(): could not link cache file "/home/kms/.drjit/d01b007bd9380cc4234d97b9cce7c6b0.llvm.bin" into file system: File exists
jit_kernel_write(): could not link cache file "/home/kms/.drjit/d01b007bd9380cc4234d97b9cce7c6b0.llvm.bin" into file system: File exists
jit_kernel_write(): could not link cache file "/home/kms/.drjit/d01b007bd9380cc4234d97b9cce7c6b0.llvm.bin" into file system: File exists
jit_kernel_write(): could not link cache file "/home/kms/.drjit/faa1a3e5bd64ddea89014782c212b586.llvm.bin" into file system: File exists
jit_kernel_write(): could not link cache file "/home/kms/.drjit/d01b007bd9380cc4234d97b9cce7c6b0.llvm.bin" into file system: File exists
jit_kernel_write(): could not link cache file "/home/kms/.drjit/869254abfeb561fcd375946447ae19a0.llvm.bin" into file system: File exists
jit_kernel_write(): could not link cache file "/home/kms/.drjit/869254abfeb561fcd375946447ae19a0.llvm.bin" into file system: File exists
jit_kernel_write(): could not link cache file "/home/kms/.drjit/869254abfeb561fcd375946447ae19a0.llvm.bin" into file system: File exists
jit_kernel_write(): could not link cache file "/home/kms/.drjit/869254abfeb561fcd375946447ae19a0.llvm.bin" into file system: File exists
jit_kernel_write(): could not write compiled kernel to cache file "/home/kms/.drjit/f260fd9b6d73b263be8e06f5397190cb.llvm.bin.tmp": File exists
jit_kernel_write(): could not link cache file "/home/kms/.drjit/f260fd9b6d73b263be8e06f5397190cb.llvm.bin" into file system: File exists
jit_kernel_write(): could not link cache file "/home/kms/.drjit/f260fd9b6d73b263be8e06f5397190cb.llvm.bin" into file system: File exists
jit_kernel_write(): could not link cache file "/home/kms/.drjit/99b434806f41c987216eed9a875c6e3d.llvm.bin" into file system: File exists
jit_kernel_write(): could not link cache file "/home/kms/.drjit/99b434806f41c987216eed9a875c6e3d.llvm.bin" into file system: File exists
jit_kernel_write(): could not link cache file "/home/kms/.drjit/99b434806f41c987216eed9a875c6e3d.llvm.bin" into file system: File exists
jit_kernel_write(): could not link cache file "/home/kms/.drjit/b2b92e23fa1f23a6d3d8a6f7cc39b2a6.llvm.bin" into file system: File exists
jit_kernel_write(): could not link cache file "/home/kms/.drjit/b2b92e23fa1f23a6d3d8a6f7cc39b2a6.llvm.bin" into file system: File exists
jit_kernel_write(): could not link cache file "/home/kms/.drjit/f260fd9b6d73b263be8e06f5397190cb.llvm.bin" into file system: File exists
jit_kernel_write(): could not link cache file "/home/kms/.drjit/b2b92e23fa1f23a6d3d8a6f7cc39b2a6.llvm.bin" into file system: File exists
jit_kernel_write(): could not write compiled kernel to cache file "/home/kms/.drjit/f7f5c422830438c8efa0e51fbd983582.llvm.bin.tmp": File exists
jit_kernel_write(): could not link cache file "/home/kms/.drjit/f7f5c422830438c8efa0e51fbd983582.llvm.bin" into file system: File exists
jit_kernel_write(): could not link cache file "/home/kms/.drjit/f7f5c422830438c8efa0e51fbd983582.llvm.bin" into file system: File exists
jit_kernel_write(): could not link cache file "/home/kms/.drjit/f7f5c422830438c8efa0e51fbd983582.llvm.bin" into file system: File exists
jit_kernel_write(): could not link cache file "/home/kms/.drjit/ade71667d9c706b310d3589d4ba5717f.llvm.bin" into file system: File exists
jit_kernel_write(): could not link cache file "/home/kms/.drjit/ade71667d9c706b310d3589d4ba5717f.llvm.bin" into file system: File exists
jit_kernel_write(): could not link cache file "/home/kms/.drjit/ade71667d9c706b310d3589d4ba5717f.llvm.bin" into file system: File exists
jit_kernel_write(): could not link cache file "/home/kms/.drjit/ade71667d9c706b310d3589d4ba5717f.llvm.bin" into file system: File exists
jit_kernel_write(): could not link cache file "/home/kms/.drjit/898261870c1d841cd8fcd33ae3507a9c.llvm.bin" into file system: File exists
jit_kernel_write(): could not link cache file "/home/kms/.drjit/898261870c1d841cd8fcd33ae3507a9c.llvm.bin" into file system: File exists
jit_kernel_write(): could not link cache file "/home/kms/.drjit/898261870c1d841cd8fcd33ae3507a9c.llvm.bin" into file system: File exists
jit_kernel_write(): could not link cache file "/home/kms/.drjit/24fb189ee8b47169e17cbd88a48adb74.llvm.bin" into file system: File exists
jit_kernel_write(): could not link cache file "/home/kms/.drjit/24fb189ee8b47169e17cbd88a48adb74.llvm.bin" into file system: File exists
jit_kernel_write(): could not link cache file "/home/kms/.drjit/24fb189ee8b47169e17cbd88a48adb74.llvm.bin" into file system: File exists
jit_kernel_write(): could not write compiled kernel to cache file "/home/kms/.drjit/7fbb99c1dd807ca387e0684c7d561746.llvm.bin.tmp": File exists
jit_kernel_write(): could not link cache file "/home/kms/.drjit/7fbb99c1dd807ca387e0684c7d561746.llvm.bin" into file system: File exists
jit_kernel_write(): could not link cache file "/home/kms/.drjit/7fbb99c1dd807ca387e0684c7d561746.llvm.bin" into file system: File exists
jit_kernel_write(): could not link cache file "/home/kms/.drjit/7fbb99c1dd807ca387e0684c7d561746.llvm.bin" into file system: File exists
jit_kernel_write(): could not link cache file "/home/kms/.drjit/b5c47b8a67f4a094013656c0b6ae245a.llvm.bin" into file system: File exists
jit_kernel_write(): could not write compiled kernel to cache file "/home/kms/.drjit/b5c47b8a67f4a094013656c0b6ae245a.llvm.bin.tmp": File exists
jit_kernel_write(): could not link cache file "/home/kms/.drjit/b5c47b8a67f4a094013656c0b6ae245a.llvm.bin" into file system: File exists
jit_kernel_write(): could not link cache file "/home/kms/.drjit/e1ecc6527b42149dddb91b63db39c76e.llvm.bin" into file system: File exists
jit_kernel_write(): could not link cache file "/home/kms/.drjit/b5c47b8a67f4a094013656c0b6ae245a.llvm.bin" into file system: File exists
jit_kernel_write(): could not link cache file "/home/kms/.drjit/e1ecc6527b42149dddb91b63db39c76e.llvm.bin" into file system: File exists
jit_kernel_write(): could not link cache file "/home/kms/.drjit/e1ecc6527b42149dddb91b63db39c76e.llvm.bin" into file system: File exists
jit_kernel_write(): could not link cache file "/home/kms/.drjit/50f7f2c48da43653264588846beba3e2.llvm.bin" into file system: File exists
jit_kernel_write(): could not link cache file "/home/kms/.drjit/50f7f2c48da43653264588846beba3e2.llvm.bin" into file system: File exists
jit_kernel_write(): could not link cache file "/home/kms/.drjit/50f7f2c48da43653264588846beba3e2.llvm.bin" into file system: File exists
jit_kernel_write(): could not link cache file "/home/kms/.drjit/50f7f2c48da43653264588846beba3e2.llvm.bin" into file system: File exists
{"position": 1, "bin": 208, "done": 209, "of": 257, "seconds": 606.5, "last_paths": 62}
{"position": 4, "bin": 208, "done": 209, "of": 257, "seconds": 606.2, "last_paths": 62}
{"position": 0, "bin": 208, "done": 209, "of": 257, "seconds": 606.1, "last_paths": 62}
{"position": 2, "bin": 208, "done": 209, "of": 257, "seconds": 606.1, "last_paths": 62}
{"position": 3, "bin": 208, "done": 209, "of": 257, "seconds": 606.3, "last_paths": 62}
jit_kernel_write(): could not link cache file "/home/kms/.drjit/58099e9ca48a92ac12cae6097b7ef8a9.llvm.bin" into file system: File exists
jit_kernel_write(): could not link cache file "/home/kms/.drjit/58099e9ca48a92ac12cae6097b7ef8a9.llvm.bin" into file system: File exists
jit_kernel_write(): could not link cache file "/home/kms/.drjit/58099e9ca48a92ac12cae6097b7ef8a9.llvm.bin" into file system: File exists
jit_kernel_write(): could not link cache file "/home/kms/.drjit/58099e9ca48a92ac12cae6097b7ef8a9.llvm.bin" into file system: File exists
jit_kernel_write(): could not link cache file "/home/kms/.drjit/003bdf047cac09719d7be1c844cc67a0.llvm.bin" into file system: File exists
jit_kernel_write(): could not link cache file "/home/kms/.drjit/003bdf047cac09719d7be1c844cc67a0.llvm.bin" into file system: File exists
jit_kernel_write(): could not link cache file "/home/kms/.drjit/003bdf047cac09719d7be1c844cc67a0.llvm.bin" into file system: File exists
jit_kernel_write(): could not link cache file "/home/kms/.drjit/ebbcf878dcf374e505c0d404022cdf47.llvm.bin" into file system: File exists
jit_kernel_write(): could not link cache file "/home/kms/.drjit/003bdf047cac09719d7be1c844cc67a0.llvm.bin" into file system: File exists
jit_kernel_write(): could not link cache file "/home/kms/.drjit/26471dd8327d02accaf346717d7f9213.llvm.bin" into file system: File exists
jit_kernel_write(): could not write compiled kernel to cache file "/home/kms/.drjit/007b4fe17b25a17c1c6ba62078cb6f6a.llvm.bin.tmp": File exists
jit_kernel_write(): could not link cache file "/home/kms/.drjit/007b4fe17b25a17c1c6ba62078cb6f6a.llvm.bin" into file system: File exists
jit_kernel_write(): could not link cache file "/home/kms/.drjit/007b4fe17b25a17c1c6ba62078cb6f6a.llvm.bin" into file system: File exists
jit_kernel_write(): could not link cache file "/home/kms/.drjit/007b4fe17b25a17c1c6ba62078cb6f6a.llvm.bin" into file system: File exists
jit_kernel_write(): could not link cache file "/home/kms/.drjit/09ee8b743131c1c14660b2e71f5941a2.llvm.bin" into file system: File exists
jit_kernel_write(): could not link cache file "/home/kms/.drjit/09ee8b743131c1c14660b2e71f5941a2.llvm.bin" into file system: File exists
jit_kernel_write(): could not write compiled kernel to cache file "/home/kms/.drjit/09ee8b743131c1c14660b2e71f5941a2.llvm.bin.tmp": File exists
jit_kernel_write(): could not link cache file "/home/kms/.drjit/09ee8b743131c1c14660b2e71f5941a2.llvm.bin" into file system: File exists
jit_kernel_write(): could not link cache file "/home/kms/.drjit/6fc66ba33786ad27badc0b4fa1fc72ea.llvm.bin" into file system: File exists
jit_kernel_write(): could not link cache file "/home/kms/.drjit/6fc66ba33786ad27badc0b4fa1fc72ea.llvm.bin" into file system: File exists
jit_kernel_write(): could not link cache file "/home/kms/.drjit/6fc66ba33786ad27badc0b4fa1fc72ea.llvm.bin" into file system: File exists
jit_kernel_write(): could not write compiled kernel to cache file "/home/kms/.drjit/6fc66ba33786ad27badc0b4fa1fc72ea.llvm.bin.tmp": File exists
jit_kernel_write(): could not link cache file "/home/kms/.drjit/5f451367631c4302eb7910a12e5a9cb0.llvm.bin" into file system: File exists
jit_kernel_write(): could not write compiled kernel to cache file "/home/kms/.drjit/5f451367631c4302eb7910a12e5a9cb0.llvm.bin.tmp": File exists
jit_kernel_write(): could not link cache file "/home/kms/.drjit/5f451367631c4302eb7910a12e5a9cb0.llvm.bin" into file system: File exists
jit_kernel_write(): could not link cache file "/home/kms/.drjit/5f451367631c4302eb7910a12e5a9cb0.llvm.bin" into file system: File exists
jit_kernel_write(): could not link cache file "/home/kms/.drjit/c3c7bee215a76acebb8bbce8eb2042ea.llvm.bin" into file system: File exists
jit_kernel_write(): could not write compiled kernel to cache file "/home/kms/.drjit/c3c7bee215a76acebb8bbce8eb2042ea.llvm.bin.tmp": File exists
jit_kernel_write(): could not link cache file "/home/kms/.drjit/c3c7bee215a76acebb8bbce8eb2042ea.llvm.bin" into file system: File exists
jit_kernel_write(): could not link cache file "/home/kms/.drjit/c3c7bee215a76acebb8bbce8eb2042ea.llvm.bin" into file system: File exists
jit_kernel_write(): could not link cache file "/home/kms/.drjit/6923c527f3b62607111814dc8d4fdcd5.llvm.bin" into file system: File exists
jit_kernel_write(): could not link cache file "/home/kms/.drjit/70a088b494d1b7a6cea648e208efaae7.llvm.bin" into file system: File exists
jit_kernel_write(): could not link cache file "/home/kms/.drjit/70a088b494d1b7a6cea648e208efaae7.llvm.bin" into file system: File exists
jit_kernel_write(): could not link cache file "/home/kms/.drjit/70a088b494d1b7a6cea648e208efaae7.llvm.bin" into file system: File exists
jit_kernel_write(): could not link cache file "/home/kms/.drjit/70a088b494d1b7a6cea648e208efaae7.llvm.bin" into file system: File exists
jit_kernel_write(): could not write compiled kernel to cache file "/home/kms/.drjit/14d15cab5172ecf4d8a14a0736a16580.llvm.bin.tmp": File exists
jit_kernel_write(): could not link cache file "/home/kms/.drjit/14d15cab5172ecf4d8a14a0736a16580.llvm.bin" into file system: File exists
jit_kernel_write(): could not link cache file "/home/kms/.drjit/14d15cab5172ecf4d8a14a0736a16580.llvm.bin" into file system: File exists
jit_kernel_write(): could not link cache file "/home/kms/.drjit/14d15cab5172ecf4d8a14a0736a16580.llvm.bin" into file system: File exists
jit_kernel_write(): could not link cache file "/home/kms/.drjit/7ff021ac706195cd909b17426d6ceb02.llvm.bin" into file system: File exists
jit_kernel_write(): could not link cache file "/home/kms/.drjit/7ff021ac706195cd909b17426d6ceb02.llvm.bin" into file system: File exists
jit_kernel_write(): could not link cache file "/home/kms/.drjit/7ff021ac706195cd909b17426d6ceb02.llvm.bin" into file system: File exists
jit_kernel_write(): could not link cache file "/home/kms/.drjit/90c6b32e9a816932ecd77e329e77693e.llvm.bin" into file system: File exists
jit_kernel_write(): could not link cache file "/home/kms/.drjit/90c6b32e9a816932ecd77e329e77693e.llvm.bin" into file system: File exists
jit_kernel_write(): could not link cache file "/home/kms/.drjit/90c6b32e9a816932ecd77e329e77693e.llvm.bin" into file system: File exists
jit_kernel_write(): could not link cache file "/home/kms/.drjit/7ff021ac706195cd909b17426d6ceb02.llvm.bin" into file system: File exists
jit_kernel_write(): could not link cache file "/home/kms/.drjit/4f17956eeee4c9023416fc908094c765.llvm.bin" into file system: File exists
jit_kernel_write(): could not link cache file "/home/kms/.drjit/4f17956eeee4c9023416fc908094c765.llvm.bin" into file system: File exists
jit_kernel_write(): could not write compiled kernel to cache file "/home/kms/.drjit/4f17956eeee4c9023416fc908094c765.llvm.bin.tmp": File exists
jit_kernel_write(): could not link cache file "/home/kms/.drjit/4f17956eeee4c9023416fc908094c765.llvm.bin" into file system: File exists
jit_kernel_write(): could not link cache file "/home/kms/.drjit/45bc2746de639eb8316bc1a03331e305.llvm.bin" into file system: File exists
jit_kernel_write(): could not write compiled kernel to cache file "/home/kms/.drjit/45bc2746de639eb8316bc1a03331e305.llvm.bin.tmp": File exists
jit_kernel_write(): could not link cache file "/home/kms/.drjit/45bc2746de639eb8316bc1a03331e305.llvm.bin" into file system: File exists
jit_kernel_write(): could not link cache file "/home/kms/.drjit/45bc2746de639eb8316bc1a03331e305.llvm.bin" into file system: File exists
jit_kernel_write(): could not link cache file "/home/kms/.drjit/7e1608032ef284e1b43b347ce5abb6d8.llvm.bin" into file system: File exists
jit_kernel_write(): could not link cache file "/home/kms/.drjit/3977625f86971592379c309b5eb4ea80.llvm.bin" into file system: File exists
jit_kernel_write(): could not link cache file "/home/kms/.drjit/3977625f86971592379c309b5eb4ea80.llvm.bin" into file system: File exists
jit_kernel_write(): could not link cache file "/home/kms/.drjit/3977625f86971592379c309b5eb4ea80.llvm.bin" into file system: File exists
jit_kernel_write(): could not link cache file "/home/kms/.drjit/3977625f86971592379c309b5eb4ea80.llvm.bin" into file system: File exists
jit_kernel_write(): could not link cache file "/home/kms/.drjit/7431e0de5e12e317bd3ae91ed05b5e46.llvm.bin" into file system: File exists
jit_kernel_write(): could not write compiled kernel to cache file "/home/kms/.drjit/7431e0de5e12e317bd3ae91ed05b5e46.llvm.bin.tmp": File exists
jit_kernel_write(): could not link cache file "/home/kms/.drjit/7431e0de5e12e317bd3ae91ed05b5e46.llvm.bin" into file system: File exists
jit_kernel_write(): could not link cache file "/home/kms/.drjit/7431e0de5e12e317bd3ae91ed05b5e46.llvm.bin" into file system: File exists
jit_kernel_write(): could not link cache file "/home/kms/.drjit/60d2e965bcf33e984d5b18bb9c98383b.llvm.bin" into file system: File exists
jit_kernel_write(): could not link cache file "/home/kms/.drjit/60d2e965bcf33e984d5b18bb9c98383b.llvm.bin" into file system: File exists
jit_kernel_write(): could not link cache file "/home/kms/.drjit/60d2e965bcf33e984d5b18bb9c98383b.llvm.bin" into file system: File exists
jit_kernel_write(): could not link cache file "/home/kms/.drjit/8895ac41536dff151a28c770dd53feba.llvm.bin" into file system: File exists
jit_kernel_write(): could not write compiled kernel to cache file "/home/kms/.drjit/8895ac41536dff151a28c770dd53feba.llvm.bin.tmp": File exists
jit_kernel_write(): could not link cache file "/home/kms/.drjit/8895ac41536dff151a28c770dd53feba.llvm.bin" into file system: File exists
jit_kernel_write(): could not link cache file "/home/kms/.drjit/8895ac41536dff151a28c770dd53feba.llvm.bin" into file system: File exists
jit_kernel_write(): could not link cache file "/home/kms/.drjit/fe5dbe71e0cc7bc583cdabc45e42da04.llvm.bin" into file system: File exists
jit_kernel_write(): could not link cache file "/home/kms/.drjit/fe5dbe71e0cc7bc583cdabc45e42da04.llvm.bin" into file system: File exists
jit_kernel_write(): could not link cache file "/home/kms/.drjit/fe5dbe71e0cc7bc583cdabc45e42da04.llvm.bin" into file system: File exists
jit_kernel_write(): could not link cache file "/home/kms/.drjit/fe5dbe71e0cc7bc583cdabc45e42da04.llvm.bin" into file system: File exists
jit_kernel_write(): could not link cache file "/home/kms/.drjit/148b1e755fb3dd20b634ca3cd1d58de7.llvm.bin" into file system: File exists
jit_kernel_write(): could not link cache file "/home/kms/.drjit/148b1e755fb3dd20b634ca3cd1d58de7.llvm.bin" into file system: File exists
jit_kernel_write(): could not link cache file "/home/kms/.drjit/148b1e755fb3dd20b634ca3cd1d58de7.llvm.bin" into file system: File exists
jit_kernel_write(): could not link cache file "/home/kms/.drjit/de9cd49e15b48d1b48828f43b5a21f05.llvm.bin" into file system: File exists
jit_kernel_write(): could not link cache file "/home/kms/.drjit/de9cd49e15b48d1b48828f43b5a21f05.llvm.bin" into file system: File exists
jit_kernel_write(): could not link cache file "/home/kms/.drjit/de9cd49e15b48d1b48828f43b5a21f05.llvm.bin" into file system: File exists
jit_kernel_write(): could not link cache file "/home/kms/.drjit/de9cd49e15b48d1b48828f43b5a21f05.llvm.bin" into file system: File exists
jit_kernel_write(): could not write compiled kernel to cache file "/home/kms/.drjit/14a0ca4df66fa004d6e439f8565c346f.llvm.bin.tmp": File exists
jit_kernel_write(): could not link cache file "/home/kms/.drjit/14a0ca4df66fa004d6e439f8565c346f.llvm.bin" into file system: File exists
jit_kernel_write(): could not link cache file "/home/kms/.drjit/14a0ca4df66fa004d6e439f8565c346f.llvm.bin" into file system: File exists
jit_kernel_write(): could not link cache file "/home/kms/.drjit/14a0ca4df66fa004d6e439f8565c346f.llvm.bin" into file system: File exists
jit_kernel_write(): could not write compiled kernel to cache file "/home/kms/.drjit/56bc607624c821f825dda090de034f10.llvm.bin.tmp": File exists
jit_kernel_write(): could not link cache file "/home/kms/.drjit/56bc607624c821f825dda090de034f10.llvm.bin" into file system: File exists
jit_kernel_write(): could not link cache file "/home/kms/.drjit/56bc607624c821f825dda090de034f10.llvm.bin" into file system: File exists
jit_kernel_write(): could not link cache file "/home/kms/.drjit/56bc607624c821f825dda090de034f10.llvm.bin" into file system: File exists
jit_kernel_write(): could not link cache file "/home/kms/.drjit/91e3c156ab3cd53d049e093a41a847fe.llvm.bin" into file system: File exists
jit_kernel_write(): could not link cache file "/home/kms/.drjit/91e3c156ab3cd53d049e093a41a847fe.llvm.bin" into file system: File exists
jit_kernel_write(): could not link cache file "/home/kms/.drjit/91e3c156ab3cd53d049e093a41a847fe.llvm.bin" into file system: File exists
jit_kernel_write(): could not link cache file "/home/kms/.drjit/36048e4966d48abc4fe36c167b9c7519.llvm.bin" into file system: File exists
jit_kernel_write(): could not link cache file "/home/kms/.drjit/36048e4966d48abc4fe36c167b9c7519.llvm.bin" into file system: File exists
jit_kernel_write(): could not link cache file "/home/kms/.drjit/36048e4966d48abc4fe36c167b9c7519.llvm.bin" into file system: File exists
jit_kernel_write(): could not link cache file "/home/kms/.drjit/36048e4966d48abc4fe36c167b9c7519.llvm.bin" into file system: File exists
jit_kernel_write(): could not link cache file "/home/kms/.drjit/4b55b126f4ed68e1cf24a24dda307a1c.llvm.bin" into file system: File exists
jit_kernel_write(): could not link cache file "/home/kms/.drjit/4b55b126f4ed68e1cf24a24dda307a1c.llvm.bin" into file system: File exists
jit_kernel_write(): could not link cache file "/home/kms/.drjit/4b55b126f4ed68e1cf24a24dda307a1c.llvm.bin" into file system: File exists
jit_kernel_write(): could not link cache file "/home/kms/.drjit/c55fa0702d008365675187de32833079.llvm.bin" into file system: File exists
jit_kernel_write(): could not link cache file "/home/kms/.drjit/4b55b126f4ed68e1cf24a24dda307a1c.llvm.bin" into file system: File exists
jit_kernel_write(): could not link cache file "/home/kms/.drjit/813464b88b5e7fbf1017f5cbff8b5718.llvm.bin" into file system: File exists
jit_kernel_write(): could not link cache file "/home/kms/.drjit/813464b88b5e7fbf1017f5cbff8b5718.llvm.bin" into file system: File exists
jit_kernel_write(): could not link cache file "/home/kms/.drjit/813464b88b5e7fbf1017f5cbff8b5718.llvm.bin" into file system: File exists
jit_kernel_write(): could not link cache file "/home/kms/.drjit/813464b88b5e7fbf1017f5cbff8b5718.llvm.bin" into file system: File exists
jit_kernel_write(): could not link cache file "/home/kms/.drjit/7302f9d374a82c38614f412d2d05ec4b.llvm.bin" into file system: File exists
jit_kernel_write(): could not link cache file "/home/kms/.drjit/7302f9d374a82c38614f412d2d05ec4b.llvm.bin" into file system: File exists
jit_kernel_write(): could not write compiled kernel to cache file "/home/kms/.drjit/7302f9d374a82c38614f412d2d05ec4b.llvm.bin.tmp": File exists
jit_kernel_write(): could not link cache file "/home/kms/.drjit/7302f9d374a82c38614f412d2d05ec4b.llvm.bin" into file system: File exists
jit_kernel_write(): could not write compiled kernel to cache file "/home/kms/.drjit/d668726e41f1a38980ae644dd325fbad.llvm.bin.tmp": File exists
jit_kernel_write(): could not link cache file "/home/kms/.drjit/d668726e41f1a38980ae644dd325fbad.llvm.bin" into file system: File exists
jit_kernel_write(): could not link cache file "/home/kms/.drjit/d668726e41f1a38980ae644dd325fbad.llvm.bin" into file system: File exists
jit_kernel_write(): could not link cache file "/home/kms/.drjit/d668726e41f1a38980ae644dd325fbad.llvm.bin" into file system: File exists
jit_kernel_write(): could not link cache file "/home/kms/.drjit/4e2dad5adf03a0fad6c3f8dde940b984.llvm.bin" into file system: File exists
jit_kernel_write(): could not write compiled kernel to cache file "/home/kms/.drjit/4e2dad5adf03a0fad6c3f8dde940b984.llvm.bin.tmp": File exists
jit_kernel_write(): could not link cache file "/home/kms/.drjit/4e2dad5adf03a0fad6c3f8dde940b984.llvm.bin" into file system: File exists
jit_kernel_write(): could not link cache file "/home/kms/.drjit/4e2dad5adf03a0fad6c3f8dde940b984.llvm.bin" into file system: File exists
jit_kernel_write(): could not link cache file "/home/kms/.drjit/7c743bec5629c748837838754e2c659e.llvm.bin" into file system: File exists
jit_kernel_write(): could not link cache file "/home/kms/.drjit/7c743bec5629c748837838754e2c659e.llvm.bin" into file system: File exists
jit_kernel_write(): could not link cache file "/home/kms/.drjit/54520b1a957f8f360a3607bdc77efbd5.llvm.bin" into file system: File exists
jit_kernel_write(): could not write compiled kernel to cache file "/home/kms/.drjit/54520b1a957f8f360a3607bdc77efbd5.llvm.bin.tmp": File exists
jit_kernel_write(): could not link cache file "/home/kms/.drjit/54520b1a957f8f360a3607bdc77efbd5.llvm.bin" into file system: File exists
jit_kernel_write(): could not write compiled kernel to cache file "/home/kms/.drjit/41d3d148f199a754e2c746a7bb52b55a.llvm.bin.tmp": File exists
jit_kernel_write(): could not link cache file "/home/kms/.drjit/41d3d148f199a754e2c746a7bb52b55a.llvm.bin" into file system: File exists
jit_kernel_write(): could not link cache file "/home/kms/.drjit/41d3d148f199a754e2c746a7bb52b55a.llvm.bin" into file system: File exists
jit_kernel_write(): could not link cache file "/home/kms/.drjit/41d3d148f199a754e2c746a7bb52b55a.llvm.bin" into file system: File exists
jit_kernel_write(): could not link cache file "/home/kms/.drjit/af8fac8cf3508e8c50dd46c32776abc0.llvm.bin" into file system: File exists
jit_kernel_write(): could not write compiled kernel to cache file "/home/kms/.drjit/af8fac8cf3508e8c50dd46c32776abc0.llvm.bin.tmp": File exists
jit_kernel_write(): could not link cache file "/home/kms/.drjit/af8fac8cf3508e8c50dd46c32776abc0.llvm.bin" into file system: File exists
jit_kernel_write(): could not link cache file "/home/kms/.drjit/dc71d501e1a278f761cd5088f742d9ec.llvm.bin" into file system: File exists
jit_kernel_write(): could not link cache file "/home/kms/.drjit/dc71d501e1a278f761cd5088f742d9ec.llvm.bin" into file system: File exists
jit_kernel_write(): could not link cache file "/home/kms/.drjit/dc71d501e1a278f761cd5088f742d9ec.llvm.bin" into file system: File exists
jit_kernel_write(): could not link cache file "/home/kms/.drjit/af8fac8cf3508e8c50dd46c32776abc0.llvm.bin" into file system: File exists
jit_kernel_write(): could not link cache file "/home/kms/.drjit/0a40a45bace4f71a11fc4a4802a2eee8.llvm.bin" into file system: File exists
jit_kernel_write(): could not link cache file "/home/kms/.drjit/0a40a45bace4f71a11fc4a4802a2eee8.llvm.bin" into file system: File exists
jit_kernel_write(): could not link cache file "/home/kms/.drjit/0a40a45bace4f71a11fc4a4802a2eee8.llvm.bin" into file system: File exists
jit_kernel_write(): could not link cache file "/home/kms/.drjit/0a40a45bace4f71a11fc4a4802a2eee8.llvm.bin" into file system: File exists
jit_kernel_write(): could not link cache file "/home/kms/.drjit/77b4f61a74062ec6626987894a5180ec.llvm.bin" into file system: File exists
jit_kernel_write(): could not link cache file "/home/kms/.drjit/1735080734479816ac2741796f1b8404.llvm.bin" into file system: File exists
jit_kernel_write(): could not link cache file "/home/kms/.drjit/77b4f61a74062ec6626987894a5180ec.llvm.bin" into file system: File exists
jit_kernel_write(): could not link cache file "/home/kms/.drjit/77b4f61a74062ec6626987894a5180ec.llvm.bin" into file system: File exists
jit_kernel_write(): could not link cache file "/home/kms/.drjit/77b4f61a74062ec6626987894a5180ec.llvm.bin" into file system: File exists
jit_kernel_write(): could not link cache file "/home/kms/.drjit/2bc19e73129f70c00b0651144bbb3ebf.llvm.bin" into file system: File exists
jit_kernel_write(): could not write compiled kernel to cache file "/home/kms/.drjit/b5c1176fd9a7d1397e55955a9a89e576.llvm.bin.tmp": File exists
jit_kernel_write(): could not link cache file "/home/kms/.drjit/b5c1176fd9a7d1397e55955a9a89e576.llvm.bin" into file system: File exists
jit_kernel_write(): could not link cache file "/home/kms/.drjit/b5c1176fd9a7d1397e55955a9a89e576.llvm.bin" into file system: File exists
jit_kernel_write(): could not write compiled kernel to cache file "/home/kms/.drjit/b5c1176fd9a7d1397e55955a9a89e576.llvm.bin.tmp": File exists
jit_kernel_write(): could not link cache file "/home/kms/.drjit/4bf23b414064e3db402a65d4e35b20b6.llvm.bin" into file system: File exists
jit_kernel_write(): could not link cache file "/home/kms/.drjit/4bf23b414064e3db402a65d4e35b20b6.llvm.bin" into file system: File exists
jit_kernel_write(): could not write compiled kernel to cache file "/home/kms/.drjit/4bf23b414064e3db402a65d4e35b20b6.llvm.bin.tmp": File exists
jit_kernel_write(): could not link cache file "/home/kms/.drjit/4bf23b414064e3db402a65d4e35b20b6.llvm.bin" into file system: File exists
jit_kernel_write(): could not link cache file "/home/kms/.drjit/a090676d72bce6f0d34c96f65de62421.llvm.bin" into file system: File exists
jit_kernel_write(): could not link cache file "/home/kms/.drjit/1a4b40e024ba974a7a1e1f3b496f654f.llvm.bin" into file system: File exists
jit_kernel_write(): could not link cache file "/home/kms/.drjit/1a4b40e024ba974a7a1e1f3b496f654f.llvm.bin" into file system: File exists
jit_kernel_write(): could not link cache file "/home/kms/.drjit/1a4b40e024ba974a7a1e1f3b496f654f.llvm.bin" into file system: File exists
jit_kernel_write(): could not link cache file "/home/kms/.drjit/1a4b40e024ba974a7a1e1f3b496f654f.llvm.bin" into file system: File exists
jit_kernel_write(): could not link cache file "/home/kms/.drjit/46398bb5089ad2f3ee76635a40338e7a.llvm.bin" into file system: File exists
jit_kernel_write(): could not link cache file "/home/kms/.drjit/46398bb5089ad2f3ee76635a40338e7a.llvm.bin" into file system: File exists
jit_kernel_write(): could not link cache file "/home/kms/.drjit/ae5d8db8f8ec29b980303cd9723d8b10.llvm.bin" into file system: File exists
jit_kernel_write(): could not write compiled kernel to cache file "/home/kms/.drjit/46398bb5089ad2f3ee76635a40338e7a.llvm.bin.tmp": File exists
jit_kernel_write(): could not link cache file "/home/kms/.drjit/46398bb5089ad2f3ee76635a40338e7a.llvm.bin" into file system: File exists
jit_kernel_write(): could not link cache file "/home/kms/.drjit/1ab09f88541ed62f1be5aa1465826d6d.llvm.bin" into file system: File exists
jit_kernel_write(): could not link cache file "/home/kms/.drjit/1ab09f88541ed62f1be5aa1465826d6d.llvm.bin" into file system: File exists
jit_kernel_write(): could not link cache file "/home/kms/.drjit/1ab09f88541ed62f1be5aa1465826d6d.llvm.bin" into file system: File exists
jit_kernel_write(): could not link cache file "/home/kms/.drjit/9fe105191fdd1dc96aa1e681785995ea.llvm.bin" into file system: File exists
jit_kernel_write(): could not link cache file "/home/kms/.drjit/1ab09f88541ed62f1be5aa1465826d6d.llvm.bin" into file system: File exists
jit_kernel_write(): could not link cache file "/home/kms/.drjit/545661eb9f29c56be0bf6cd1f307d30a.llvm.bin" into file system: File exists
jit_kernel_write(): could not link cache file "/home/kms/.drjit/545661eb9f29c56be0bf6cd1f307d30a.llvm.bin" into file system: File exists
jit_kernel_write(): could not link cache file "/home/kms/.drjit/545661eb9f29c56be0bf6cd1f307d30a.llvm.bin" into file system: File exists
jit_kernel_write(): could not link cache file "/home/kms/.drjit/545661eb9f29c56be0bf6cd1f307d30a.llvm.bin" into file system: File exists
{"position": 1, "bin": 224, "done": 225, "of": 257, "seconds": 649.8, "last_paths": 62}
{"position": 2, "bin": 224, "done": 225, "of": 257, "seconds": 649.5, "last_paths": 62}
{"position": 3, "bin": 224, "done": 225, "of": 257, "seconds": 649.6, "last_paths": 62}
{"position": 4, "bin": 224, "done": 225, "of": 257, "seconds": 649.6, "last_paths": 62}
{"position": 0, "bin": 224, "done": 225, "of": 257, "seconds": 649.5, "last_paths": 62}
jit_kernel_write(): could not link cache file "/home/kms/.drjit/dc7e04a6648c8239a141d798f5787190.llvm.bin" into file system: File exists
jit_kernel_write(): could not write compiled kernel to cache file "/home/kms/.drjit/dc7e04a6648c8239a141d798f5787190.llvm.bin.tmp": File exists
jit_kernel_write(): could not link cache file "/home/kms/.drjit/dc7e04a6648c8239a141d798f5787190.llvm.bin" into file system: File exists
jit_kernel_write(): could not link cache file "/home/kms/.drjit/dc7e04a6648c8239a141d798f5787190.llvm.bin" into file system: File exists
jit_kernel_write(): could not link cache file "/home/kms/.drjit/77104bbbaeac9996b7e8f2b90347b410.llvm.bin" into file system: File exists
jit_kernel_write(): could not link cache file "/home/kms/.drjit/77104bbbaeac9996b7e8f2b90347b410.llvm.bin" into file system: File exists
jit_kernel_write(): could not link cache file "/home/kms/.drjit/77104bbbaeac9996b7e8f2b90347b410.llvm.bin" into file system: File exists
jit_kernel_write(): could not link cache file "/home/kms/.drjit/77104bbbaeac9996b7e8f2b90347b410.llvm.bin" into file system: File exists
jit_kernel_write(): could not link cache file "/home/kms/.drjit/f1f50cb4bf89a8eb0d92b5048b505006.llvm.bin" into file system: File exists
jit_kernel_write(): could not link cache file "/home/kms/.drjit/f1f50cb4bf89a8eb0d92b5048b505006.llvm.bin" into file system: File exists
jit_kernel_write(): could not link cache file "/home/kms/.drjit/f1f50cb4bf89a8eb0d92b5048b505006.llvm.bin" into file system: File exists
jit_kernel_write(): could not link cache file "/home/kms/.drjit/f1f50cb4bf89a8eb0d92b5048b505006.llvm.bin" into file system: File exists
jit_kernel_write(): could not link cache file "/home/kms/.drjit/75aab4c6041628e240239ef9e229dd0f.llvm.bin" into file system: File exists
jit_kernel_write(): could not link cache file "/home/kms/.drjit/75aab4c6041628e240239ef9e229dd0f.llvm.bin" into file system: File exists
jit_kernel_write(): could not link cache file "/home/kms/.drjit/75aab4c6041628e240239ef9e229dd0f.llvm.bin" into file system: File exists
jit_kernel_write(): could not link cache file "/home/kms/.drjit/75aab4c6041628e240239ef9e229dd0f.llvm.bin" into file system: File exists
jit_kernel_write(): could not link cache file "/home/kms/.drjit/2d4330c98c915d21d278341a45862735.llvm.bin" into file system: File exists
jit_kernel_write(): could not link cache file "/home/kms/.drjit/2d4330c98c915d21d278341a45862735.llvm.bin" into file system: File exists
jit_kernel_write(): could not link cache file "/home/kms/.drjit/2d4330c98c915d21d278341a45862735.llvm.bin" into file system: File exists
jit_kernel_write(): could not link cache file "/home/kms/.drjit/2d4330c98c915d21d278341a45862735.llvm.bin" into file system: File exists
jit_kernel_write(): could not link cache file "/home/kms/.drjit/d679549e3f401f61d88c2bfe9f6d761a.llvm.bin" into file system: File exists
jit_kernel_write(): could not link cache file "/home/kms/.drjit/d679549e3f401f61d88c2bfe9f6d761a.llvm.bin" into file system: File exists
jit_kernel_write(): could not link cache file "/home/kms/.drjit/d679549e3f401f61d88c2bfe9f6d761a.llvm.bin" into file system: File exists
jit_kernel_write(): could not link cache file "/home/kms/.drjit/d679549e3f401f61d88c2bfe9f6d761a.llvm.bin" into file system: File exists
jit_kernel_write(): could not link cache file "/home/kms/.drjit/2bded37057a00de3c6ed5d4473772e5c.llvm.bin" into file system: File exists
jit_kernel_write(): could not link cache file "/home/kms/.drjit/2bded37057a00de3c6ed5d4473772e5c.llvm.bin" into file system: File exists
jit_kernel_write(): could not link cache file "/home/kms/.drjit/2bded37057a00de3c6ed5d4473772e5c.llvm.bin" into file system: File exists
jit_kernel_write(): could not link cache file "/home/kms/.drjit/2bded37057a00de3c6ed5d4473772e5c.llvm.bin" into file system: File exists
jit_kernel_write(): could not link cache file "/home/kms/.drjit/28b003a53a95be8065e1d96009200252.llvm.bin" into file system: File exists
jit_kernel_write(): could not link cache file "/home/kms/.drjit/28b003a53a95be8065e1d96009200252.llvm.bin" into file system: File exists
jit_kernel_write(): could not link cache file "/home/kms/.drjit/28b003a53a95be8065e1d96009200252.llvm.bin" into file system: File exists
jit_kernel_write(): could not link cache file "/home/kms/.drjit/28b003a53a95be8065e1d96009200252.llvm.bin" into file system: File exists
jit_kernel_write(): could not link cache file "/home/kms/.drjit/6872cf717580c8c7ab34166ebbd22d92.llvm.bin" into file system: File exists
jit_kernel_write(): could not link cache file "/home/kms/.drjit/6872cf717580c8c7ab34166ebbd22d92.llvm.bin" into file system: File exists
jit_kernel_write(): could not link cache file "/home/kms/.drjit/6872cf717580c8c7ab34166ebbd22d92.llvm.bin" into file system: File exists
jit_kernel_write(): could not link cache file "/home/kms/.drjit/6872cf717580c8c7ab34166ebbd22d92.llvm.bin" into file system: File exists
jit_kernel_write(): could not link cache file "/home/kms/.drjit/0d88bf3aa9f0610776cb5ea5cfb0de2b.llvm.bin" into file system: File exists
jit_kernel_write(): could not link cache file "/home/kms/.drjit/0d88bf3aa9f0610776cb5ea5cfb0de2b.llvm.bin" into file system: File exists
jit_kernel_write(): could not link cache file "/home/kms/.drjit/0d88bf3aa9f0610776cb5ea5cfb0de2b.llvm.bin" into file system: File exists
jit_kernel_write(): could not link cache file "/home/kms/.drjit/0d88bf3aa9f0610776cb5ea5cfb0de2b.llvm.bin" into file system: File exists
jit_kernel_write(): could not link cache file "/home/kms/.drjit/0fb31c84ef891db3d621a208870c1f93.llvm.bin" into file system: File exists
jit_kernel_write(): could not link cache file "/home/kms/.drjit/0fb31c84ef891db3d621a208870c1f93.llvm.bin" into file system: File exists
jit_kernel_write(): could not link cache file "/home/kms/.drjit/0fb31c84ef891db3d621a208870c1f93.llvm.bin" into file system: File exists
jit_kernel_write(): could not link cache file "/home/kms/.drjit/0fb31c84ef891db3d621a208870c1f93.llvm.bin" into file system: File exists
jit_kernel_write(): could not link cache file "/home/kms/.drjit/6d454d613eed929ed3f28af0321d178a.llvm.bin" into file system: File exists
jit_kernel_write(): could not link cache file "/home/kms/.drjit/6d454d613eed929ed3f28af0321d178a.llvm.bin" into file system: File exists
jit_kernel_write(): could not link cache file "/home/kms/.drjit/6d454d613eed929ed3f28af0321d178a.llvm.bin" into file system: File exists
jit_kernel_write(): could not link cache file "/home/kms/.drjit/6d454d613eed929ed3f28af0321d178a.llvm.bin" into file system: File exists
jit_kernel_write(): could not link cache file "/home/kms/.drjit/3141dc847a40be3920b76445609b51ca.llvm.bin" into file system: File exists
jit_kernel_write(): could not link cache file "/home/kms/.drjit/3141dc847a40be3920b76445609b51ca.llvm.bin" into file system: File exists
jit_kernel_write(): could not link cache file "/home/kms/.drjit/3141dc847a40be3920b76445609b51ca.llvm.bin" into file system: File exists
jit_kernel_write(): could not link cache file "/home/kms/.drjit/3141dc847a40be3920b76445609b51ca.llvm.bin" into file system: File exists
jit_kernel_write(): could not link cache file "/home/kms/.drjit/b5a53d07e18eef830f2d0821a77785d1.llvm.bin" into file system: File exists
jit_kernel_write(): could not link cache file "/home/kms/.drjit/b5a53d07e18eef830f2d0821a77785d1.llvm.bin" into file system: File exists
jit_kernel_write(): could not link cache file "/home/kms/.drjit/b5a53d07e18eef830f2d0821a77785d1.llvm.bin" into file system: File exists
jit_kernel_write(): could not link cache file "/home/kms/.drjit/b5a53d07e18eef830f2d0821a77785d1.llvm.bin" into file system: File exists
jit_kernel_write(): could not write compiled kernel to cache file "/home/kms/.drjit/2670d761c36696421ffea22bcf9cad0b.llvm.bin.tmp": File exists
jit_kernel_write(): could not link cache file "/home/kms/.drjit/2670d761c36696421ffea22bcf9cad0b.llvm.bin" into file system: File exists
jit_kernel_write(): could not link cache file "/home/kms/.drjit/2670d761c36696421ffea22bcf9cad0b.llvm.bin" into file system: File exists
jit_kernel_write(): could not link cache file "/home/kms/.drjit/2670d761c36696421ffea22bcf9cad0b.llvm.bin" into file system: File exists
jit_kernel_write(): could not link cache file "/home/kms/.drjit/721c06c1f3f2546c75ab7e4d85e74b58.llvm.bin" into file system: File exists
jit_kernel_write(): could not link cache file "/home/kms/.drjit/721c06c1f3f2546c75ab7e4d85e74b58.llvm.bin" into file system: File exists
jit_kernel_write(): could not link cache file "/home/kms/.drjit/721c06c1f3f2546c75ab7e4d85e74b58.llvm.bin" into file system: File exists
jit_kernel_write(): could not link cache file "/home/kms/.drjit/721c06c1f3f2546c75ab7e4d85e74b58.llvm.bin" into file system: File exists
jit_kernel_write(): could not write compiled kernel to cache file "/home/kms/.drjit/c2bcfaec2ba7670a360b9d0afa30af41.llvm.bin.tmp": File exists
jit_kernel_write(): could not link cache file "/home/kms/.drjit/c2bcfaec2ba7670a360b9d0afa30af41.llvm.bin" into file system: File exists
jit_kernel_write(): could not link cache file "/home/kms/.drjit/c2bcfaec2ba7670a360b9d0afa30af41.llvm.bin" into file system: File exists
jit_kernel_write(): could not link cache file "/home/kms/.drjit/c2bcfaec2ba7670a360b9d0afa30af41.llvm.bin" into file system: File exists
jit_kernel_write(): could not link cache file "/home/kms/.drjit/2e2edad3a7a2e55501f9291354f34483.llvm.bin" into file system: File exists
jit_kernel_write(): could not link cache file "/home/kms/.drjit/2e2edad3a7a2e55501f9291354f34483.llvm.bin" into file system: File exists
jit_kernel_write(): could not link cache file "/home/kms/.drjit/2e2edad3a7a2e55501f9291354f34483.llvm.bin" into file system: File exists
jit_kernel_write(): could not link cache file "/home/kms/.drjit/2e2edad3a7a2e55501f9291354f34483.llvm.bin" into file system: File exists
jit_kernel_write(): could not link cache file "/home/kms/.drjit/6428d9dad44cb0604af9b3e4a23fe9a1.llvm.bin" into file system: File exists
jit_kernel_write(): could not link cache file "/home/kms/.drjit/6428d9dad44cb0604af9b3e4a23fe9a1.llvm.bin" into file system: File exists
jit_kernel_write(): could not link cache file "/home/kms/.drjit/6428d9dad44cb0604af9b3e4a23fe9a1.llvm.bin" into file system: File exists
jit_kernel_write(): could not link cache file "/home/kms/.drjit/6428d9dad44cb0604af9b3e4a23fe9a1.llvm.bin" into file system: File exists
jit_kernel_write(): could not write compiled kernel to cache file "/home/kms/.drjit/7392a88cdc6f76db930773a3350584ed.llvm.bin.tmp": File exists
jit_kernel_write(): could not link cache file "/home/kms/.drjit/7392a88cdc6f76db930773a3350584ed.llvm.bin" into file system: File exists
jit_kernel_write(): could not link cache file "/home/kms/.drjit/7392a88cdc6f76db930773a3350584ed.llvm.bin" into file system: File exists
jit_kernel_write(): could not link cache file "/home/kms/.drjit/7392a88cdc6f76db930773a3350584ed.llvm.bin" into file system: File exists
jit_kernel_write(): could not link cache file "/home/kms/.drjit/c7281eac93b6b02a9b7231ec309e50ed.llvm.bin" into file system: File exists
jit_kernel_write(): could not link cache file "/home/kms/.drjit/c7281eac93b6b02a9b7231ec309e50ed.llvm.bin" into file system: File exists
jit_kernel_write(): could not link cache file "/home/kms/.drjit/c7281eac93b6b02a9b7231ec309e50ed.llvm.bin" into file system: File exists
jit_kernel_write(): could not link cache file "/home/kms/.drjit/c7281eac93b6b02a9b7231ec309e50ed.llvm.bin" into file system: File exists
jit_kernel_write(): could not link cache file "/home/kms/.drjit/8e22cc8f80fa16ec1a4171787ce10669.llvm.bin" into file system: File exists
jit_kernel_write(): could not link cache file "/home/kms/.drjit/8e22cc8f80fa16ec1a4171787ce10669.llvm.bin" into file system: File exists
jit_kernel_write(): could not link cache file "/home/kms/.drjit/8e22cc8f80fa16ec1a4171787ce10669.llvm.bin" into file system: File exists
jit_kernel_write(): could not link cache file "/home/kms/.drjit/8e22cc8f80fa16ec1a4171787ce10669.llvm.bin" into file system: File exists
jit_kernel_write(): could not write compiled kernel to cache file "/home/kms/.drjit/90045a11cee7bc0c3949461f3ef3467c.llvm.bin.tmp": File exists
jit_kernel_write(): could not link cache file "/home/kms/.drjit/90045a11cee7bc0c3949461f3ef3467c.llvm.bin" into file system: File exists
jit_kernel_write(): could not link cache file "/home/kms/.drjit/90045a11cee7bc0c3949461f3ef3467c.llvm.bin" into file system: File exists
jit_kernel_write(): could not link cache file "/home/kms/.drjit/90045a11cee7bc0c3949461f3ef3467c.llvm.bin" into file system: File exists
jit_kernel_write(): could not link cache file "/home/kms/.drjit/79d263b57094daa0f5af24581eb338fa.llvm.bin" into file system: File exists
jit_kernel_write(): could not write compiled kernel to cache file "/home/kms/.drjit/79d263b57094daa0f5af24581eb338fa.llvm.bin.tmp": File exists
jit_kernel_write(): could not link cache file "/home/kms/.drjit/79d263b57094daa0f5af24581eb338fa.llvm.bin" into file system: File exists
jit_kernel_write(): could not link cache file "/home/kms/.drjit/79d263b57094daa0f5af24581eb338fa.llvm.bin" into file system: File exists
jit_kernel_write(): could not write compiled kernel to cache file "/home/kms/.drjit/53d884280eced1bad7ee171885a42602.llvm.bin.tmp": File exists
jit_kernel_write(): could not link cache file "/home/kms/.drjit/53d884280eced1bad7ee171885a42602.llvm.bin" into file system: File exists
jit_kernel_write(): could not link cache file "/home/kms/.drjit/53d884280eced1bad7ee171885a42602.llvm.bin" into file system: File exists
jit_kernel_write(): could not link cache file "/home/kms/.drjit/53d884280eced1bad7ee171885a42602.llvm.bin" into file system: File exists
jit_kernel_write(): could not link cache file "/home/kms/.drjit/bd63523c6a62b9a105a03e8ef85a2016.llvm.bin" into file system: File exists
jit_kernel_write(): could not link cache file "/home/kms/.drjit/bd63523c6a62b9a105a03e8ef85a2016.llvm.bin" into file system: File exists
jit_kernel_write(): could not link cache file "/home/kms/.drjit/bd63523c6a62b9a105a03e8ef85a2016.llvm.bin" into file system: File exists
jit_kernel_write(): could not link cache file "/home/kms/.drjit/bd63523c6a62b9a105a03e8ef85a2016.llvm.bin" into file system: File exists
jit_kernel_write(): could not link cache file "/home/kms/.drjit/15193ef871d336fd1a34b0faafe4c5eb.llvm.bin" into file system: File exists
jit_kernel_write(): could not write compiled kernel to cache file "/home/kms/.drjit/15193ef871d336fd1a34b0faafe4c5eb.llvm.bin.tmp": File exists
jit_kernel_write(): could not link cache file "/home/kms/.drjit/15193ef871d336fd1a34b0faafe4c5eb.llvm.bin" into file system: File exists
jit_kernel_write(): could not link cache file "/home/kms/.drjit/15193ef871d336fd1a34b0faafe4c5eb.llvm.bin" into file system: File exists
jit_kernel_write(): could not link cache file "/home/kms/.drjit/38fcb932403fada1ee5477444487cea5.llvm.bin" into file system: File exists
jit_kernel_write(): could not link cache file "/home/kms/.drjit/38fcb932403fada1ee5477444487cea5.llvm.bin" into file system: File exists
jit_kernel_write(): could not link cache file "/home/kms/.drjit/38fcb932403fada1ee5477444487cea5.llvm.bin" into file system: File exists
jit_kernel_write(): could not link cache file "/home/kms/.drjit/38fcb932403fada1ee5477444487cea5.llvm.bin" into file system: File exists
jit_kernel_write(): could not link cache file "/home/kms/.drjit/723d3d10f907921ce5196491ad8cc76b.llvm.bin" into file system: File exists
jit_kernel_write(): could not link cache file "/home/kms/.drjit/723d3d10f907921ce5196491ad8cc76b.llvm.bin" into file system: File exists
jit_kernel_write(): could not link cache file "/home/kms/.drjit/723d3d10f907921ce5196491ad8cc76b.llvm.bin" into file system: File exists
jit_kernel_write(): could not link cache file "/home/kms/.drjit/723d3d10f907921ce5196491ad8cc76b.llvm.bin" into file system: File exists
jit_kernel_write(): could not link cache file "/home/kms/.drjit/707d00dbacce929a0162c2e353e41102.llvm.bin" into file system: File exists
jit_kernel_write(): could not write compiled kernel to cache file "/home/kms/.drjit/707d00dbacce929a0162c2e353e41102.llvm.bin.tmp": File exists
jit_kernel_write(): could not link cache file "/home/kms/.drjit/707d00dbacce929a0162c2e353e41102.llvm.bin" into file system: File exists
jit_kernel_write(): could not link cache file "/home/kms/.drjit/707d00dbacce929a0162c2e353e41102.llvm.bin" into file system: File exists
jit_kernel_write(): could not link cache file "/home/kms/.drjit/5bdbd3da0d0a3999c3142bb238e22e10.llvm.bin" into file system: File exists
jit_kernel_write(): could not link cache file "/home/kms/.drjit/5bdbd3da0d0a3999c3142bb238e22e10.llvm.bin" into file system: File exists
jit_kernel_write(): could not link cache file "/home/kms/.drjit/5bdbd3da0d0a3999c3142bb238e22e10.llvm.bin" into file system: File exists
jit_kernel_write(): could not link cache file "/home/kms/.drjit/5bdbd3da0d0a3999c3142bb238e22e10.llvm.bin" into file system: File exists
{"position": 1, "bin": 240, "done": 241, "of": 257, "seconds": 693.0, "last_paths": 62}
{"position": 2, "bin": 240, "done": 241, "of": 257, "seconds": 692.9, "last_paths": 62}
{"position": 0, "bin": 240, "done": 241, "of": 257, "seconds": 693.0, "last_paths": 62}
{"position": 4, "bin": 240, "done": 241, "of": 257, "seconds": 693.0, "last_paths": 62}
{"position": 3, "bin": 240, "done": 241, "of": 257, "seconds": 693.1, "last_paths": 62}
jit_kernel_write(): could not link cache file "/home/kms/.drjit/f78533f535dcd4f0f047f215d55c7f3e.llvm.bin" into file system: File exists
jit_kernel_write(): could not link cache file "/home/kms/.drjit/f78533f535dcd4f0f047f215d55c7f3e.llvm.bin" into file system: File exists
jit_kernel_write(): could not link cache file "/home/kms/.drjit/f78533f535dcd4f0f047f215d55c7f3e.llvm.bin" into file system: File exists
jit_kernel_write(): could not link cache file "/home/kms/.drjit/f78533f535dcd4f0f047f215d55c7f3e.llvm.bin" into file system: File exists
jit_kernel_write(): could not link cache file "/home/kms/.drjit/fc7f2e382d78a9adb0b54808626dc8b1.llvm.bin" into file system: File exists
jit_kernel_write(): could not link cache file "/home/kms/.drjit/fc7f2e382d78a9adb0b54808626dc8b1.llvm.bin" into file system: File exists
jit_kernel_write(): could not link cache file "/home/kms/.drjit/fc7f2e382d78a9adb0b54808626dc8b1.llvm.bin" into file system: File exists
jit_kernel_write(): could not link cache file "/home/kms/.drjit/fc7f2e382d78a9adb0b54808626dc8b1.llvm.bin" into file system: File exists
jit_kernel_write(): could not link cache file "/home/kms/.drjit/9fcb0df6b1533ac4c064e92a2d694c68.llvm.bin" into file system: File exists
jit_kernel_write(): could not link cache file "/home/kms/.drjit/9fcb0df6b1533ac4c064e92a2d694c68.llvm.bin" into file system: File exists
jit_kernel_write(): could not link cache file "/home/kms/.drjit/9fcb0df6b1533ac4c064e92a2d694c68.llvm.bin" into file system: File exists
jit_kernel_write(): could not link cache file "/home/kms/.drjit/9fcb0df6b1533ac4c064e92a2d694c68.llvm.bin" into file system: File exists
jit_kernel_write(): could not write compiled kernel to cache file "/home/kms/.drjit/e562d6dcaf91be446d4dd1daa2c163b2.llvm.bin.tmp": File exists
jit_kernel_write(): could not link cache file "/home/kms/.drjit/e562d6dcaf91be446d4dd1daa2c163b2.llvm.bin" into file system: File exists
jit_kernel_write(): could not link cache file "/home/kms/.drjit/e562d6dcaf91be446d4dd1daa2c163b2.llvm.bin" into file system: File exists
jit_kernel_write(): could not link cache file "/home/kms/.drjit/e562d6dcaf91be446d4dd1daa2c163b2.llvm.bin" into file system: File exists
jit_kernel_write(): could not write compiled kernel to cache file "/home/kms/.drjit/768820ee6e9b681337ba7d7d13773af5.llvm.bin.tmp": File exists
jit_kernel_write(): could not link cache file "/home/kms/.drjit/768820ee6e9b681337ba7d7d13773af5.llvm.bin" into file system: File exists
jit_kernel_write(): could not link cache file "/home/kms/.drjit/768820ee6e9b681337ba7d7d13773af5.llvm.bin" into file system: File exists
jit_kernel_write(): could not link cache file "/home/kms/.drjit/768820ee6e9b681337ba7d7d13773af5.llvm.bin" into file system: File exists
jit_kernel_write(): could not link cache file "/home/kms/.drjit/4d12c23704c8c2494890078615a1160b.llvm.bin" into file system: File exists
jit_kernel_write(): could not write compiled kernel to cache file "/home/kms/.drjit/4d12c23704c8c2494890078615a1160b.llvm.bin.tmp": File exists
jit_kernel_write(): could not link cache file "/home/kms/.drjit/4d12c23704c8c2494890078615a1160b.llvm.bin" into file system: File exists
jit_kernel_write(): could not link cache file "/home/kms/.drjit/4d12c23704c8c2494890078615a1160b.llvm.bin" into file system: File exists
jit_kernel_write(): could not link cache file "/home/kms/.drjit/b66c4f60cc806175bb0a520e5ef1285a.llvm.bin" into file system: File exists
jit_kernel_write(): could not link cache file "/home/kms/.drjit/b66c4f60cc806175bb0a520e5ef1285a.llvm.bin" into file system: File exists
jit_kernel_write(): could not link cache file "/home/kms/.drjit/b66c4f60cc806175bb0a520e5ef1285a.llvm.bin" into file system: File exists
jit_kernel_write(): could not link cache file "/home/kms/.drjit/b66c4f60cc806175bb0a520e5ef1285a.llvm.bin" into file system: File exists
jit_kernel_write(): could not write compiled kernel to cache file "/home/kms/.drjit/cd9d38cf225394d25317d7848fd14f57.llvm.bin.tmp": File exists
jit_kernel_write(): could not link cache file "/home/kms/.drjit/cd9d38cf225394d25317d7848fd14f57.llvm.bin" into file system: File exists
jit_kernel_write(): could not link cache file "/home/kms/.drjit/cd9d38cf225394d25317d7848fd14f57.llvm.bin" into file system: File exists
jit_kernel_write(): could not link cache file "/home/kms/.drjit/cd9d38cf225394d25317d7848fd14f57.llvm.bin" into file system: File exists
jit_kernel_write(): could not write compiled kernel to cache file "/home/kms/.drjit/57aab9a4188d84d5801f079d456e48b6.llvm.bin.tmp": File exists
jit_kernel_write(): could not write compiled kernel to cache file "/home/kms/.drjit/57aab9a4188d84d5801f079d456e48b6.llvm.bin.tmp": File exists
jit_kernel_write(): could not link cache file "/home/kms/.drjit/57aab9a4188d84d5801f079d456e48b6.llvm.bin" into file system: File exists
jit_kernel_write(): could not link cache file "/home/kms/.drjit/57aab9a4188d84d5801f079d456e48b6.llvm.bin" into file system: File exists
jit_kernel_write(): could not link cache file "/home/kms/.drjit/484f94c60fecb4f040d8daa215e01850.llvm.bin" into file system: File exists
jit_kernel_write(): could not link cache file "/home/kms/.drjit/484f94c60fecb4f040d8daa215e01850.llvm.bin" into file system: File exists
jit_kernel_write(): could not link cache file "/home/kms/.drjit/484f94c60fecb4f040d8daa215e01850.llvm.bin" into file system: File exists
jit_kernel_write(): could not link cache file "/home/kms/.drjit/484f94c60fecb4f040d8daa215e01850.llvm.bin" into file system: File exists
jit_kernel_write(): could not link cache file "/home/kms/.drjit/6731a9199d84e0dbce2afb55bc5d3e55.llvm.bin" into file system: File exists
jit_kernel_write(): could not link cache file "/home/kms/.drjit/6731a9199d84e0dbce2afb55bc5d3e55.llvm.bin" into file system: File exists
jit_kernel_write(): could not link cache file "/home/kms/.drjit/6731a9199d84e0dbce2afb55bc5d3e55.llvm.bin" into file system: File exists
jit_kernel_write(): could not link cache file "/home/kms/.drjit/6731a9199d84e0dbce2afb55bc5d3e55.llvm.bin" into file system: File exists
jit_kernel_write(): could not link cache file "/home/kms/.drjit/acf8fd543d6ed837324d8135a83a5f7d.llvm.bin" into file system: File exists
jit_kernel_write(): could not write compiled kernel to cache file "/home/kms/.drjit/acf8fd543d6ed837324d8135a83a5f7d.llvm.bin.tmp": File exists
jit_kernel_write(): could not link cache file "/home/kms/.drjit/acf8fd543d6ed837324d8135a83a5f7d.llvm.bin" into file system: File exists
jit_kernel_write(): could not link cache file "/home/kms/.drjit/acf8fd543d6ed837324d8135a83a5f7d.llvm.bin" into file system: File exists
jit_kernel_write(): could not write compiled kernel to cache file "/home/kms/.drjit/302af3cd82d659e65373682a4c11f786.llvm.bin.tmp": File exists
jit_kernel_write(): could not link cache file "/home/kms/.drjit/302af3cd82d659e65373682a4c11f786.llvm.bin" into file system: File exists
jit_kernel_write(): could not link cache file "/home/kms/.drjit/d77b2ec9c957638a393bc59a49491cbb.llvm.bin" into file system: File exists
jit_kernel_write(): could not link cache file "/home/kms/.drjit/a504dd9eb66d07625bf7b9a7c137c517.llvm.bin" into file system: File exists
jit_kernel_write(): could not link cache file "/home/kms/.drjit/d77b2ec9c957638a393bc59a49491cbb.llvm.bin" into file system: File exists
jit_kernel_write(): could not link cache file "/home/kms/.drjit/d77b2ec9c957638a393bc59a49491cbb.llvm.bin" into file system: File exists
jit_kernel_write(): could not link cache file "/home/kms/.drjit/d77b2ec9c957638a393bc59a49491cbb.llvm.bin" into file system: File exists
jit_kernel_write(): could not link cache file "/home/kms/.drjit/9f88b954ce52e9f4cd7f3262f17e5ce8.llvm.bin" into file system: File exists
jit_kernel_write(): could not link cache file "/home/kms/.drjit/9f88b954ce52e9f4cd7f3262f17e5ce8.llvm.bin" into file system: File exists
jit_kernel_write(): could not link cache file "/home/kms/.drjit/9f88b954ce52e9f4cd7f3262f17e5ce8.llvm.bin" into file system: File exists
jit_kernel_write(): could not link cache file "/home/kms/.drjit/9f88b954ce52e9f4cd7f3262f17e5ce8.llvm.bin" into file system: File exists
jit_kernel_write(): could not link cache file "/home/kms/.drjit/ede540e669c7a9edea337478e5d7c10e.llvm.bin" into file system: File exists
jit_kernel_write(): could not link cache file "/home/kms/.drjit/ede540e669c7a9edea337478e5d7c10e.llvm.bin" into file system: File exists
jit_kernel_write(): could not link cache file "/home/kms/.drjit/ad9ac92017e429ec0e4b539ffe48405b.llvm.bin" into file system: File exists
jit_kernel_write(): could not link cache file "/home/kms/.drjit/ede540e669c7a9edea337478e5d7c10e.llvm.bin" into file system: File exists
jit_kernel_write(): could not link cache file "/home/kms/.drjit/ede540e669c7a9edea337478e5d7c10e.llvm.bin" into file system: File exists
jit_kernel_write(): could not link cache file "/home/kms/.drjit/1db3fdf09a9b2c13b28bb5159ebc7e65.llvm.bin" into file system: File exists
jit_kernel_write(): could not link cache file "/home/kms/.drjit/1db3fdf09a9b2c13b28bb5159ebc7e65.llvm.bin" into file system: File exists
jit_kernel_write(): could not link cache file "/home/kms/.drjit/0785dd109309c78d05c9a4931a5c2667.llvm.bin" into file system: File exists
jit_kernel_write(): could not link cache file "/home/kms/.drjit/0785dd109309c78d05c9a4931a5c2667.llvm.bin" into file system: File exists
jit_kernel_write(): could not link cache file "/home/kms/.drjit/0785dd109309c78d05c9a4931a5c2667.llvm.bin" into file system: File exists
jit_kernel_write(): could not link cache file "/home/kms/.drjit/0785dd109309c78d05c9a4931a5c2667.llvm.bin" into file system: File exists
jit_kernel_write(): could not link cache file "/home/kms/.drjit/18d7c503be7233cb366a178225f068c1.llvm.bin" into file system: File exists
jit_kernel_write(): could not link cache file "/home/kms/.drjit/18d7c503be7233cb366a178225f068c1.llvm.bin" into file system: File exists
jit_kernel_write(): could not link cache file "/home/kms/.drjit/18d7c503be7233cb366a178225f068c1.llvm.bin" into file system: File exists
jit_kernel_write(): could not link cache file "/home/kms/.drjit/18d7c503be7233cb366a178225f068c1.llvm.bin" into file system: File exists
jit_kernel_write(): could not link cache file "/home/kms/.drjit/6fe8457475a6c77383eff8062d6d4019.llvm.bin" into file system: File exists
jit_kernel_write(): could not link cache file "/home/kms/.drjit/6fe8457475a6c77383eff8062d6d4019.llvm.bin" into file system: File exists
jit_kernel_write(): could not link cache file "/home/kms/.drjit/6fe8457475a6c77383eff8062d6d4019.llvm.bin" into file system: File exists
jit_kernel_write(): could not link cache file "/home/kms/.drjit/6fe8457475a6c77383eff8062d6d4019.llvm.bin" into file system: File exists
jit_kernel_write(): could not link cache file "/home/kms/.drjit/cd3809acd1e8c768dc73b409c21a3556.llvm.bin" into file system: File exists
jit_kernel_write(): could not link cache file "/home/kms/.drjit/cd3809acd1e8c768dc73b409c21a3556.llvm.bin" into file system: File exists
jit_kernel_write(): could not link cache file "/home/kms/.drjit/cd3809acd1e8c768dc73b409c21a3556.llvm.bin" into file system: File exists
jit_kernel_write(): could not link cache file "/home/kms/.drjit/cd3809acd1e8c768dc73b409c21a3556.llvm.bin" into file system: File exists
jit_kernel_write(): could not link cache file "/home/kms/.drjit/8a8e0641f597a20db774aad3ced8f1d7.llvm.bin" into file system: File exists
jit_kernel_write(): could not link cache file "/home/kms/.drjit/8a8e0641f597a20db774aad3ced8f1d7.llvm.bin" into file system: File exists
jit_kernel_write(): could not write compiled kernel to cache file "/home/kms/.drjit/8a8e0641f597a20db774aad3ced8f1d7.llvm.bin.tmp": File exists
jit_kernel_write(): could not link cache file "/home/kms/.drjit/8a8e0641f597a20db774aad3ced8f1d7.llvm.bin" into file system: File exists
jit_kernel_write(): could not link cache file "/home/kms/.drjit/daf3a843130d6850cd487fed2db650ee.llvm.bin" into file system: File exists
jit_kernel_write(): could not link cache file "/home/kms/.drjit/daf3a843130d6850cd487fed2db650ee.llvm.bin" into file system: File exists
jit_kernel_write(): could not link cache file "/home/kms/.drjit/daf3a843130d6850cd487fed2db650ee.llvm.bin" into file system: File exists
jit_kernel_write(): could not link cache file "/home/kms/.drjit/daf3a843130d6850cd487fed2db650ee.llvm.bin" into file system: File exists
jit_kernel_write(): could not write compiled kernel to cache file "/home/kms/.drjit/eb90b666123fa05d89126310829d8b13.llvm.bin.tmp": File exists
jit_kernel_write(): could not link cache file "/home/kms/.drjit/eb90b666123fa05d89126310829d8b13.llvm.bin" into file system: File exists
jit_kernel_write(): could not link cache file "/home/kms/.drjit/eb90b666123fa05d89126310829d8b13.llvm.bin" into file system: File exists
jit_kernel_write(): could not link cache file "/home/kms/.drjit/eb90b666123fa05d89126310829d8b13.llvm.bin" into file system: File exists
jit_kernel_write(): could not link cache file "/home/kms/.drjit/58751b16a36d463c02de2b538ab77897.llvm.bin" into file system: File exists
jit_kernel_write(): could not link cache file "/home/kms/.drjit/58751b16a36d463c02de2b538ab77897.llvm.bin" into file system: File exists
jit_kernel_write(): could not link cache file "/home/kms/.drjit/58751b16a36d463c02de2b538ab77897.llvm.bin" into file system: File exists
jit_kernel_write(): could not link cache file "/home/kms/.drjit/58751b16a36d463c02de2b538ab77897.llvm.bin" into file system: File exists
jit_kernel_write(): could not link cache file "/home/kms/.drjit/70435a4d623b0366995020fa995fa505.llvm.bin" into file system: File exists
jit_kernel_write(): could not link cache file "/home/kms/.drjit/70435a4d623b0366995020fa995fa505.llvm.bin" into file system: File exists
jit_kernel_write(): could not link cache file "/home/kms/.drjit/70435a4d623b0366995020fa995fa505.llvm.bin" into file system: File exists
jit_kernel_write(): could not link cache file "/home/kms/.drjit/70435a4d623b0366995020fa995fa505.llvm.bin" into file system: File exists
jit_kernel_write(): could not link cache file "/home/kms/.drjit/bc031f73b12f15393ec44211b99ab650.llvm.bin" into file system: File exists
jit_kernel_write(): could not link cache file "/home/kms/.drjit/bc031f73b12f15393ec44211b99ab650.llvm.bin" into file system: File exists
jit_kernel_write(): could not link cache file "/home/kms/.drjit/bc031f73b12f15393ec44211b99ab650.llvm.bin" into file system: File exists
jit_kernel_write(): could not link cache file "/home/kms/.drjit/bc031f73b12f15393ec44211b99ab650.llvm.bin" into file system: File exists
jit_kernel_write(): could not link cache file "/home/kms/.drjit/7d8fde469aeb37277c37541a3e03cac1.llvm.bin" into file system: File exists
jit_kernel_write(): could not link cache file "/home/kms/.drjit/7d8fde469aeb37277c37541a3e03cac1.llvm.bin" into file system: File exists
jit_kernel_write(): could not link cache file "/home/kms/.drjit/7d8fde469aeb37277c37541a3e03cac1.llvm.bin" into file system: File exists
jit_kernel_write(): could not link cache file "/home/kms/.drjit/7d8fde469aeb37277c37541a3e03cac1.llvm.bin" into file system: File exists
jit_kernel_write(): could not link cache file "/home/kms/.drjit/a82964aebf195e9fa5713d6d740e4c58.llvm.bin" into file system: File exists
jit_kernel_write(): could not link cache file "/home/kms/.drjit/a82964aebf195e9fa5713d6d740e4c58.llvm.bin" into file system: File exists
jit_kernel_write(): could not link cache file "/home/kms/.drjit/a82964aebf195e9fa5713d6d740e4c58.llvm.bin" into file system: File exists
jit_kernel_write(): could not link cache file "/home/kms/.drjit/a82964aebf195e9fa5713d6d740e4c58.llvm.bin" into file system: File exists
jit_kernel_write(): could not link cache file "/home/kms/.drjit/3ae5e40f322a2cd7732e59a84b5be3d9.llvm.bin" into file system: File exists
jit_kernel_write(): could not link cache file "/home/kms/.drjit/3ae5e40f322a2cd7732e59a84b5be3d9.llvm.bin" into file system: File exists
jit_kernel_write(): could not link cache file "/home/kms/.drjit/3ae5e40f322a2cd7732e59a84b5be3d9.llvm.bin" into file system: File exists
jit_kernel_write(): could not link cache file "/home/kms/.drjit/3ae5e40f322a2cd7732e59a84b5be3d9.llvm.bin" into file system: File exists
jit_kernel_write(): could not link cache file "/home/kms/.drjit/7c0b652c6d53bbd1f924eeb45bc8557b.llvm.bin" into file system: File exists
jit_kernel_write(): could not link cache file "/home/kms/.drjit/7c0b652c6d53bbd1f924eeb45bc8557b.llvm.bin" into file system: File exists
jit_kernel_write(): could not link cache file "/home/kms/.drjit/7c0b652c6d53bbd1f924eeb45bc8557b.llvm.bin" into file system: File exists
jit_kernel_write(): could not link cache file "/home/kms/.drjit/7c0b652c6d53bbd1f924eeb45bc8557b.llvm.bin" into file system: File exists
{"position": 1, "bin": 256, "done": 257, "of": 257, "seconds": 736.2, "last_paths": 62}
{"position": 2, "bin": 256, "done": 257, "of": 257, "seconds": 736.0, "last_paths": 62}
{"position": 4, "bin": 256, "done": 257, "of": 257, "seconds": 736.1, "last_paths": 62}
{"position": 3, "bin": 256, "done": 257, "of": 257, "seconds": 736.2, "last_paths": 62}
{"position": 0, "bin": 256, "done": 257, "of": 257, "seconds": 736.0, "last_paths": 62}
{"done": true, "position": 1, "pathsolver_calls": 1799, "elapsed_s": 736.43, "seconds_per_call": 0.4094, "mean_paths": 62.568093385214006}
{"done": true, "position": 2, "pathsolver_calls": 1799, "elapsed_s": 736.19, "seconds_per_call": 0.4092, "mean_paths": 62.568093385214006}
{"done": true, "position": 4, "pathsolver_calls": 1799, "elapsed_s": 736.31, "seconds_per_call": 0.4093, "mean_paths": 62.568093385214006}
{"done": true, "position": 3, "pathsolver_calls": 1799, "elapsed_s": 736.39, "seconds_per_call": 0.4093, "mean_paths": 62.568093385214006}
{"done": true, "position": 0, "pathsolver_calls": 1799, "elapsed_s": 736.27, "seconds_per_call": 0.4093, "mean_paths": 62.568093385214006}
