delivery,source_path,repository_or_data_path,status,bytes,sha256,purpose
GITHUB,D:\codex\raytracing_modules\rt_cp_uwb\rt_cp_uwb_py\__init__.py,rt_cp_uwb_py/__init__.py,EXISTS,3556,88da50390757504c102a6569d70fc803934dbd8b0de99d85a05cb6f1c3010620,package import dependencies; preserve package layout
GITHUB,D:\codex\raytracing_modules\rt_cp_uwb\rt_cp_uwb_py\analysis.py,rt_cp_uwb_py/analysis.py,EXISTS,3615,85c75893b9698ec5f6bffa90b1d952c47493d19b2a5b2e3cf930d326ee495203,package import dependencies; preserve package layout
GITHUB,D:\codex\raytracing_modules\rt_cp_uwb\rt_cp_uwb_py\antennas.py,rt_cp_uwb_py/antennas.py,EXISTS,24146,54cf1d01d5cc0c2b498c6f33523f3d2e807337a0dd5eacb567a8612ec3852551,package import dependencies; preserve package layout
GITHUB,D:\codex\raytracing_modules\rt_cp_uwb\rt_cp_uwb_py\block_c_backend_degradation.py,rt_cp_uwb_py/block_c_backend_degradation.py,EXISTS,4747,f9930f4f08c78986a8a363fad40aa6433f145ecb80ec7f330a8edf24f20e4913,package import dependencies; preserve package layout
GITHUB,D:\codex\raytracing_modules\rt_cp_uwb\rt_cp_uwb_py\block_c_gates.py,rt_cp_uwb_py/block_c_gates.py,EXISTS,9501,5e4e29492299670967415b7871253ef034423183396c5cc6db53cbe2f3ea5f3f,package import dependencies; preserve package layout
GITHUB,D:\codex\raytracing_modules\rt_cp_uwb\rt_cp_uwb_py\block_c_hw_imperfection.py,rt_cp_uwb_py/block_c_hw_imperfection.py,EXISTS,4382,9151ccfb61b3e5a311b4df869fe1c7d17f350a442a902f746bfbb016cafe455d,package import dependencies; preserve package layout
GITHUB,D:\codex\raytracing_modules\rt_cp_uwb\rt_cp_uwb_py\block_c_step4_validation.py,rt_cp_uwb_py/block_c_step4_validation.py,EXISTS,11475,9d09fcee6d6ef03ad9eb1ddbf88b7c8b6786a83ca8c53d75b5be0c3ad85815d7,package import dependencies; preserve package layout
GITHUB,D:\codex\raytracing_modules\rt_cp_uwb\rt_cp_uwb_py\bprime_tworay.py,rt_cp_uwb_py/bprime_tworay.py,EXISTS,7495,1d4d9db2fc320711b12be4779bdc32176d012aff2116382afab87bdb0fd1a602,package import dependencies; preserve package layout
GITHUB,D:\codex\raytracing_modules\rt_cp_uwb\rt_cp_uwb_py\c1_c3_geometry.py,rt_cp_uwb_py/c1_c3_geometry.py,EXISTS,11309,8ff9450ea96f13fece05b281d64f3194351181791b68a8d4fa299eaf9e3d2d17,package import dependencies; preserve package layout
GITHUB,D:\codex\raytracing_modules\rt_cp_uwb\rt_cp_uwb_py\c1_c3_producer.py,rt_cp_uwb_py/c1_c3_producer.py,EXISTS,5420,3ed0213aaa7b61fbb4aa2d95827e83e89744c00e57ed4619dfd5424b852ee38c,package import dependencies; preserve package layout
GITHUB,D:\codex\raytracing_modules\rt_cp_uwb\rt_cp_uwb_py\c1_c3_rigid_geometry.py,rt_cp_uwb_py/c1_c3_rigid_geometry.py,EXISTS,5922,6e380df6c170d4cd5908734e59abd5393e0b674cc09d33786f4324205ac09526,package import dependencies; preserve package layout
GITHUB,D:\codex\raytracing_modules\rt_cp_uwb\rt_cp_uwb_py\channel.py,rt_cp_uwb_py/channel.py,EXISTS,16287,ac63d42f43cc43ddbafe2457042a49e80e1905163b8e4cbd887f58fbf4b5848e,package import dependencies; preserve package layout
GITHUB,D:\codex\raytracing_modules\rt_cp_uwb\rt_cp_uwb_py\cli\__init__.py,rt_cp_uwb_py/cli/__init__.py,EXISTS,49,d5fa6ba1b01766e7294cd950177f2bd300b9b8c15178fc9cbda6df066d04dfdc,package import dependencies; preserve package layout
GITHUB,D:\codex\raytracing_modules\rt_cp_uwb\rt_cp_uwb_py\cli\run_full_migration_compare.py,rt_cp_uwb_py/cli/run_full_migration_compare.py,EXISTS,720,03dd77d7befaa5f0b58dd1e14dcfb124320418880d1409133a140cf837e9dcaa,package import dependencies; preserve package layout
GITHUB,D:\codex\raytracing_modules\rt_cp_uwb\rt_cp_uwb_py\cli\run_one_case.py,rt_cp_uwb_py/cli/run_one_case.py,EXISTS,703,2dd1cb22121f63780293c8184bbec6a300e97c4c22ea091e9a46da6a9612c058,package import dependencies; preserve package layout
GITHUB,D:\codex\raytracing_modules\rt_cp_uwb\rt_cp_uwb_py\cli\run_operation.py,rt_cp_uwb_py/cli/run_operation.py,EXISTS,1362,cece4f23e553147f1dde1141cefcbe298b41fee27673c6dea86ed747480ef73d,package import dependencies; preserve package layout
GITHUB,D:\codex\raytracing_modules\rt_cp_uwb\rt_cp_uwb_py\cli\run_parity_suite.py,rt_cp_uwb_py/cli/run_parity_suite.py,EXISTS,861,1e972d2b747d5c2fc46094b80e0b53910912ba0a8cacfab597abc8bacec60395,package import dependencies; preserve package layout
GITHUB,D:\codex\raytracing_modules\rt_cp_uwb\rt_cp_uwb_py\cli\run_remote_parity.py,rt_cp_uwb_py/cli/run_remote_parity.py,EXISTS,864,abf630914fd28067fe956431fa6d851daedaecd0789d55601beafd487661604a,package import dependencies; preserve package layout
GITHUB,D:\codex\raytracing_modules\rt_cp_uwb\rt_cp_uwb_py\cli\run_remote_sim_new_cp_va_slam.py,rt_cp_uwb_py/cli/run_remote_sim_new_cp_va_slam.py,EXISTS,11404,c7dc203a37f738c7e2f6b5fe05796f3bde43d5c6eac066441966a7cc045617af,package import dependencies; preserve package layout
GITHUB,D:\codex\raytracing_modules\rt_cp_uwb\rt_cp_uwb_py\cli\run_sweep_batch.py,rt_cp_uwb_py/cli/run_sweep_batch.py,EXISTS,1229,5620bf23c11be6d8874915bee64b01cf5fe9f3a29b253bfdf9a9041ed59aaf0b,package import dependencies; preserve package layout
GITHUB,D:\codex\raytracing_modules\rt_cp_uwb\rt_cp_uwb_py\config.py,rt_cp_uwb_py/config.py,EXISTS,2932,1b8bc0e60ee159af3821b5325c6172e4a972f8d9f4befd754c4cdf808ebc6c7f,package import dependencies; preserve package layout
GITHUB,D:\codex\raytracing_modules\rt_cp_uwb\rt_cp_uwb_py\core.py,rt_cp_uwb_py/core.py,EXISTS,15929,4b1b0629b87b5084fb9bf5f7530cc9a812da1e7658ea2da5a1f1cb258d392fe5,package import dependencies; preserve package layout
GITHUB,D:\codex\raytracing_modules\rt_cp_uwb\rt_cp_uwb_py\cp_consumer_action_replay.py,rt_cp_uwb_py/cp_consumer_action_replay.py,EXISTS,11245,06c669c1c510ad06049f0e1f636a4d89b074aaf465acd58873e1fca52a8865bd,package import dependencies; preserve package layout
GITHUB,D:\codex\raytracing_modules\rt_cp_uwb\rt_cp_uwb_py\cp_consumer_action_support_recovery.py,rt_cp_uwb_py/cp_consumer_action_support_recovery.py,EXISTS,11064,5367b883698b217b665cd06fef8c391e6b8a4cc02075232c38853e79ac9f0875,package import dependencies; preserve package layout
GITHUB,D:\codex\raytracing_modules\rt_cp_uwb\rt_cp_uwb_py\cp_consumer_association.py,rt_cp_uwb_py/cp_consumer_association.py,EXISTS,33825,9a08cbd9155c81a981308d31e231e2ffa0fe474ec094231b4527a3de7fcd8c57,package import dependencies; preserve package layout
GITHUB,D:\codex\raytracing_modules\rt_cp_uwb\rt_cp_uwb_py\cp_consumer_contracts.py,rt_cp_uwb_py/cp_consumer_contracts.py,EXISTS,9621,3594e2988baa022932158a2b2d7384c9ee2a325a2ddeae0b210ff013b714c902,package import dependencies; preserve package layout
GITHUB,D:\codex\raytracing_modules\rt_cp_uwb\rt_cp_uwb_py\cp_consumer_control.py,rt_cp_uwb_py/cp_consumer_control.py,EXISTS,5294,36f674a0483ebfdb9bd717579b672e20173ad4e04c41711043b9b18d3e3b120b,package import dependencies; preserve package layout
GITHUB,D:\codex\raytracing_modules\rt_cp_uwb\rt_cp_uwb_py\cp_consumer_integration.py,rt_cp_uwb_py/cp_consumer_integration.py,EXISTS,18060,ce9c30bd07f37fbc07974cd9889a04c444f33a483d60e70bf051e74b1ba080c7,package import dependencies; preserve package layout
GITHUB,D:\codex\raytracing_modules\rt_cp_uwb\rt_cp_uwb_py\cp_consumer_lifecycle.py,rt_cp_uwb_py/cp_consumer_lifecycle.py,EXISTS,16585,5f8a722ef459e84600329e359f2da9f5ba1c1722b6fd78fe9720047dfa3c6491,package import dependencies; preserve package layout
GITHUB,D:\codex\raytracing_modules\rt_cp_uwb\rt_cp_uwb_py\cp_consumer_persistent_identity.py,rt_cp_uwb_py/cp_consumer_persistent_identity.py,EXISTS,20535,b49334ef50389d592b0f66bc1d8abe0626cf589bcfd8de20c2d3cc63381e4725,package import dependencies; preserve package layout
GITHUB,D:\codex\raytracing_modules\rt_cp_uwb\rt_cp_uwb_py\cp_consumer_statistics.py,rt_cp_uwb_py/cp_consumer_statistics.py,EXISTS,5245,ff27715e6940800aa4ad917c574935f75aff3c72b5572eb629d5d7dbe7bc5c79,package import dependencies; preserve package layout
GITHUB,D:\codex\raytracing_modules\rt_cp_uwb\rt_cp_uwb_py\cp_consumer_thread2_common.py,rt_cp_uwb_py/cp_consumer_thread2_common.py,EXISTS,11110,b9bc349be06e9785e6f04ab28e1b8741e8c17e666f759734d743ed495e522580,package import dependencies; preserve package layout
GITHUB,D:\codex\raytracing_modules\rt_cp_uwb\rt_cp_uwb_py\cp_consumer_trust.py,rt_cp_uwb_py/cp_consumer_trust.py,EXISTS,7426,79ee7368691fdb85f77354d9da128725c5716f0b8288f8a13a07089411625e37,package import dependencies; preserve package layout
GITHUB,D:\codex\raytracing_modules\rt_cp_uwb\rt_cp_uwb_py\cp_mdn_runtime.py,rt_cp_uwb_py/cp_mdn_runtime.py,EXISTS,40543,b8684c8e24faa5e71cc04af2261a94d30d526d3c58a18fb7bf35957b6c2fb01c,package import dependencies; preserve package layout
GITHUB,D:\codex\raytracing_modules\rt_cp_uwb\rt_cp_uwb_py\cp_physics_contracts.py,rt_cp_uwb_py/cp_physics_contracts.py,EXISTS,9746,1c581f173fab435007827b1d66b0b4ad776e19fc6e42e7d0f0417f67e9b37d55,package import dependencies; preserve package layout
GITHUB,D:\codex\raytracing_modules\rt_cp_uwb\rt_cp_uwb_py\cp_physics_labels.py,rt_cp_uwb_py/cp_physics_labels.py,EXISTS,2785,45d17b4d8b48082a7f0cfd50b836736a83d502a81c04e4645b8468408d71e2b5,package import dependencies; preserve package layout
GITHUB,D:\codex\raytracing_modules\rt_cp_uwb\rt_cp_uwb_py\cp_polarization_transforms.py,rt_cp_uwb_py/cp_polarization_transforms.py,EXISTS,3067,dc5086b12908deb6b11e7bc76440e47e150f3f97118e4f1750a4d89c27174c13,package import dependencies; preserve package layout
GITHUB,D:\codex\raytracing_modules\rt_cp_uwb\rt_cp_uwb_py\cp_replacement_gain.py,rt_cp_uwb_py/cp_replacement_gain.py,EXISTS,3351,415e8ea9a510f151a6f02d74f47dcb124d4ec6befef26c521266cd598b996c1f,package import dependencies; preserve package layout
GITHUB,D:\codex\raytracing_modules\rt_cp_uwb\rt_cp_uwb_py\cp_vavail.py,rt_cp_uwb_py/cp_vavail.py,EXISTS,2899,e13c072dac89f93f83d3b9c3f922a575475462526db6060d9dbe1a8ae06b9272,package import dependencies; preserve package layout
GITHUB,D:\codex\raytracing_modules\rt_cp_uwb\rt_cp_uwb_py\cp_vmix.py,rt_cp_uwb_py/cp_vmix.py,EXISTS,2842,2389ba4410e1117e8f2a9897b53bb4b4f782103dd964ec854e5dd437d02da214,package import dependencies; preserve package layout
GITHUB,D:\codex\raytracing_modules\rt_cp_uwb\rt_cp_uwb_py\cp_vspec_features.py,rt_cp_uwb_py/cp_vspec_features.py,EXISTS,2165,af389e68197ae2b75852cbeadd10e28aa36d352e8958b0934aa8b60876c85e33,package import dependencies; preserve package layout
GITHUB,D:\codex\raytracing_modules\rt_cp_uwb\rt_cp_uwb_py\cp_vspec_labels.py,rt_cp_uwb_py/cp_vspec_labels.py,EXISTS,6915,fc1cc094b4c21314ec8c3fceccada06711c67833ab3e2e3d23a1332bb4309c33,package import dependencies; preserve package layout
GITHUB,D:\codex\raytracing_modules\rt_cp_uwb\rt_cp_uwb_py\designed_stress.py,rt_cp_uwb_py/designed_stress.py,EXISTS,119477,aad766f48d6bae6df918057ab30a40a8d379b20a0505ad9f2a897b102a5c7fc4,package import dependencies; preserve package layout
GITHUB,D:\codex\raytracing_modules\rt_cp_uwb\rt_cp_uwb_py\ds1_hfss_cad.py,rt_cp_uwb_py/ds1_hfss_cad.py,EXISTS,15149,9773d4ea52f4b6c09f453076ef6bcd0170b9c0f09abd36484ac2f0c28ed1a0c0,package import dependencies; preserve package layout
GITHUB,D:\codex\raytracing_modules\rt_cp_uwb\rt_cp_uwb_py\ds1_measurement_readiness.py,rt_cp_uwb_py/ds1_measurement_readiness.py,EXISTS,21772,9dd2bd062ffc287a2be1aa5012fa7d7206deeb7f40a950c6a8c52c19e291a4df,package import dependencies; preserve package layout
GITHUB,D:\codex\raytracing_modules\rt_cp_uwb\rt_cp_uwb_py\ds1_v5_multipath.py,rt_cp_uwb_py/ds1_v5_multipath.py,EXISTS,27285,4da76ca0a8a16d71a90b8cfd9bb0d261104fdd8a3d29dc19c9f943decf807cd8,package import dependencies; preserve package layout
GITHUB,D:\codex\raytracing_modules\rt_cp_uwb\rt_cp_uwb_py\ds1v5_ansys_import.py,rt_cp_uwb_py/ds1v5_ansys_import.py,EXISTS,11096,ab9f4c2d465d6409ebe429037a39f2b4a977abeae7014c0f6f8b1b63fb23cd56,package import dependencies; preserve package layout
GITHUB,D:\codex\raytracing_modules\rt_cp_uwb\rt_cp_uwb_py\ds1v5_bridge_schema.py,rt_cp_uwb_py/ds1v5_bridge_schema.py,EXISTS,14634,352ad3a66888a6a08b8db6e4e58731affb093e02fe0b00fe058dc7e259d2ce32,package import dependencies; preserve package layout
GITHUB,D:\codex\raytracing_modules\rt_cp_uwb\rt_cp_uwb_py\ds1v5_classification.py,rt_cp_uwb_py/ds1v5_classification.py,EXISTS,19657,9dd53e71e479f0121693baca2144d5a1fb8028ba1f0d3305bbf4c88cd667c098,package import dependencies; preserve package layout
GITHUB,D:\codex\raytracing_modules\rt_cp_uwb\rt_cp_uwb_py\ds1v5_common_features.py,rt_cp_uwb_py/ds1v5_common_features.py,EXISTS,9641,517639f9f24efd0ad7620dc198be7c0597db7faa3b1b3238a9e9f1b04af0398a,package import dependencies; preserve package layout
GITHUB,D:\codex\raytracing_modules\rt_cp_uwb\rt_cp_uwb_py\ds1v5_python_channel_export.py,rt_cp_uwb_py/ds1v5_python_channel_export.py,EXISTS,4007,d7b1d890de88798489fddf3541cc15295ffe00e990f9440d11ce925c05fd104d,package import dependencies; preserve package layout
GITHUB,D:\codex\raytracing_modules\rt_cp_uwb\rt_cp_uwb_py\ds1v5_qclean.py,rt_cp_uwb_py/ds1v5_qclean.py,EXISTS,4102,92b3f005ac7b80da1a202e1e578e547f01f54c8cf4ed3dad43b53b4e4d3802df,package import dependencies; preserve package layout
GITHUB,D:\codex\raytracing_modules\rt_cp_uwb\rt_cp_uwb_py\feature_discovery.py,rt_cp_uwb_py/feature_discovery.py,EXISTS,60158,78a602e64a95d9d82f34f79c61c73ab987835260fc3bfdfed8f31facc2be308f,package import dependencies; preserve package layout
GITHUB,D:\codex\raytracing_modules\rt_cp_uwb\rt_cp_uwb_py\features.py,rt_cp_uwb_py/features.py,EXISTS,24178,a5702d81e2067fc2415cae367e4b0dc9396a418ed2af1be849e12d58e9267ee0,package import dependencies; preserve package layout
GITHUB,D:\codex\raytracing_modules\rt_cp_uwb\rt_cp_uwb_py\ffd_spectral.py,rt_cp_uwb_py/ffd_spectral.py,EXISTS,1107,6b72c7da3cb3c810c27316ca9db28be3f4b8293c5ba4cc7f09fd858b7813a3fb,package import dependencies; preserve package layout
GITHUB,D:\codex\raytracing_modules\rt_cp_uwb\rt_cp_uwb_py\first_cluster_oracles.py,rt_cp_uwb_py/first_cluster_oracles.py,EXISTS,3550,b508aba513c2c6afd446daca644b4167fb1dd6d5f58b7207d45d9eda68922fb9,package import dependencies; preserve package layout
GITHUB,D:\codex\raytracing_modules\rt_cp_uwb\rt_cp_uwb_py\g2_native_channel.py,rt_cp_uwb_py/g2_native_channel.py,EXISTS,2044,a9b1ccf59288d5dad18229f4e20aa3cd234931dd7ab8660f8a8a036d7ea5ef5d,package import dependencies; preserve package layout
GITHUB,D:\codex\raytracing_modules\rt_cp_uwb\rt_cp_uwb_py\g2_native_geometry.py,rt_cp_uwb_py/g2_native_geometry.py,EXISTS,4046,e06847a618ac25bae1c6d66f8787e84521337511cf1f9dd0596f105efbea85f7,package import dependencies; preserve package layout
GITHUB,D:\codex\raytracing_modules\rt_cp_uwb\rt_cp_uwb_py\g2_native_summary.py,rt_cp_uwb_py/g2_native_summary.py,EXISTS,2843,26f586751e419308d3bb863c015e119b50b9682dcec210aa636262c22c6dad53,package import dependencies; preserve package layout
GITHUB,D:\codex\raytracing_modules\rt_cp_uwb\rt_cp_uwb_py\g2_relocated_inputs.py,rt_cp_uwb_py/g2_relocated_inputs.py,EXISTS,6270,c5ccc072017cabe4176fb4c0a46ba3ff1d7931c6ff9187839899980b6ceaf007,package import dependencies; preserve package layout
GITHUB,D:\codex\raytracing_modules\rt_cp_uwb\rt_cp_uwb_py\g2_scoped_channel.py,rt_cp_uwb_py/g2_scoped_channel.py,EXISTS,4042,55d30ed71dd7834cb2c892aae1e01297d064c8b6a08ad08eaed7d892c2369410,package import dependencies; preserve package layout
GITHUB,D:\codex\raytracing_modules\rt_cp_uwb\rt_cp_uwb_py\h10b_channels.py,rt_cp_uwb_py/h10b_channels.py,EXISTS,11781,d83d8b13c870f06a081b24fbb47cccdff869a75b66120c5c9ae87d48d2d95242,package import dependencies; preserve package layout
GITHUB,D:\codex\raytracing_modules\rt_cp_uwb\rt_cp_uwb_py\h10b_e6_splits.py,rt_cp_uwb_py/h10b_e6_splits.py,EXISTS,13664,07763ed34f820d914587b0590a8755671184781e95ea0d33e9851b14911b4e3f,package import dependencies; preserve package layout
GITHUB,D:\codex\raytracing_modules\rt_cp_uwb\rt_cp_uwb_py\h10b_ffd_predictor.py,rt_cp_uwb_py/h10b_ffd_predictor.py,EXISTS,11629,7947463850fefc660f26bcf330ca11a842c5333c3312cbabef2504bca672c62d,package import dependencies; preserve package layout
GITHUB,D:\codex\raytracing_modules\rt_cp_uwb\rt_cp_uwb_py\h10b_proximity_doa.py,rt_cp_uwb_py/h10b_proximity_doa.py,EXISTS,43021,e5faa51dfbd9f3a0673687be13332e24fee09f084a8147212bf84f011e9759f2,package import dependencies; preserve package layout
GITHUB,D:\codex\raytracing_modules\rt_cp_uwb\rt_cp_uwb_py\h10b_qclean.py,rt_cp_uwb_py/h10b_qclean.py,EXISTS,7068,a4fb29ea9fd7a17c7ab69392762e3059e6d66f2486742f39ae01efacea698497,package import dependencies; preserve package layout
GITHUB,D:\codex\raytracing_modules\rt_cp_uwb\rt_cp_uwb_py\h10b_range_factor.py,rt_cp_uwb_py/h10b_range_factor.py,EXISTS,28211,2d8455a98b1a14091ba2c353090513753619e7e5eec8202f044ab015227efb7a,package import dependencies; preserve package layout
GITHUB,D:\codex\raytracing_modules\rt_cp_uwb\rt_cp_uwb_py\h10b_sim_label_generator.py,rt_cp_uwb_py/h10b_sim_label_generator.py,EXISTS,18978,7aa6baebba06acc5fb9b73d48fc6d9beb134a852500bc285d3ef0fa3a279bf36,package import dependencies; preserve package layout
GITHUB,D:\codex\raytracing_modules\rt_cp_uwb\rt_cp_uwb_py\h10b_solver_input.py,rt_cp_uwb_py/h10b_solver_input.py,EXISTS,7791,d71ea56d244bc194e8393dcbc333e09c47181cc292c849d00fdb9c54fd3489c4,package import dependencies; preserve package layout
GITHUB,D:\codex\raytracing_modules\rt_cp_uwb\rt_cp_uwb_py\h10b_vector_likelihood.py,rt_cp_uwb_py/h10b_vector_likelihood.py,EXISTS,9782,9b1cf9ae3b5f395beed05612f532e43e3e261f8169cd81fa096ab298de68e428,package import dependencies; preserve package layout
GITHUB,D:\codex\raytracing_modules\rt_cp_uwb\rt_cp_uwb_py\l1_l2_rf_synthesis.py,rt_cp_uwb_py/l1_l2_rf_synthesis.py,EXISTS,7263,7bdc6c6d7f366d595ba85d0a37fa459575ebc7f1bc3e962b086a8d5d220e1167,package import dependencies; preserve package layout
GITHUB,D:\codex\raytracing_modules\rt_cp_uwb\rt_cp_uwb_py\localization.py,rt_cp_uwb_py/localization.py,EXISTS,15519,b9e42129a5c374ec5f58bf18a23b700db6ff89b3adb300fb90ee87072df100b1,package import dependencies; preserve package layout
GITHUB,D:\codex\raytracing_modules\rt_cp_uwb\rt_cp_uwb_py\localization_policies.py,rt_cp_uwb_py/localization_policies.py,EXISTS,7921,f375462def023a11540f8e4484f627ba5ec0eacfd22f665c6074bc02834bd7f3,package import dependencies; preserve package layout
GITHUB,D:\codex\raytracing_modules\rt_cp_uwb\rt_cp_uwb_py\lut_selection.py,rt_cp_uwb_py/lut_selection.py,EXISTS,11156,f5b9fba800ca5918437178979aa64c6c9c9b73d05f45b40d08ae8f884f963d4b,package import dependencies; preserve package layout
GITHUB,D:\codex\raytracing_modules\rt_cp_uwb\rt_cp_uwb_py\ma_candidate_audit.py,rt_cp_uwb_py/ma_candidate_audit.py,EXISTS,5899,779ec89f03707e9fc0c9efbcdfdf79c530554015f4785dcb6a677f44800df7a5,package import dependencies; preserve package layout
GITHUB,D:\codex\raytracing_modules\rt_cp_uwb\rt_cp_uwb_py\materials.py,rt_cp_uwb_py/materials.py,EXISTS,1050,926e1985062fba91c178964ed0cc26727c2bd7a1af00a3e5beb7f51f13a6b8fb,package import dependencies; preserve package layout
GITHUB,D:\codex\raytracing_modules\rt_cp_uwb\rt_cp_uwb_py\matlab_rng.py,rt_cp_uwb_py/matlab_rng.py,EXISTS,3126,bd9b2a86995cef2806c1c1b9df77a056eb7ae603cea04783cd0120decf9ee338,package import dependencies; preserve package layout
GITHUB,D:\codex\raytracing_modules\rt_cp_uwb\rt_cp_uwb_py\measured_lp_cp.py,rt_cp_uwb_py/measured_lp_cp.py,EXISTS,17628,687107d62606bbf12634a67f1a67f5f03ab40e9bcb29933be71f57f7aea6131c,package import dependencies; preserve package layout
GITHUB,D:\codex\raytracing_modules\rt_cp_uwb\rt_cp_uwb_py\migration.py,rt_cp_uwb_py/migration.py,EXISTS,5595,1d35a577d0eb520f982cb976194195c864b0e6e6a8ce2e7117513dbd6dace641,package import dependencies; preserve package layout
GITHUB,D:\codex\raytracing_modules\rt_cp_uwb\rt_cp_uwb_py\n3_physics_conditioned_bridge.py,rt_cp_uwb_py/n3_physics_conditioned_bridge.py,EXISTS,41631,83e707fc2f9759a02287086a2319ce95da19aa03db77c1e0b7b460c778f07ca7,package import dependencies; preserve package layout
GITHUB,D:\codex\raytracing_modules\rt_cp_uwb\rt_cp_uwb_py\n6_same_resource_integration.py,rt_cp_uwb_py/n6_same_resource_integration.py,EXISTS,39313,0d278cc3851bd48f01d4a50222feca29a77405e7793bb33db7d6e2f122010263,package import dependencies; preserve package layout
GITHUB,D:\codex\raytracing_modules\rt_cp_uwb\rt_cp_uwb_py\nre1_distribution.py,rt_cp_uwb_py/nre1_distribution.py,EXISTS,14895,70d27201e5652bd3f160934c4260fe6527c2cad346ac4e310822bd106138977a,package import dependencies; preserve package layout
GITHUB,D:\codex\raytracing_modules\rt_cp_uwb\rt_cp_uwb_py\operational_reliability.py,rt_cp_uwb_py/operational_reliability.py,EXISTS,20744,1374f3c1f5d1baa3cd3641e88312c851f607987b6603f0593940e09fb24afcf0,package import dependencies; preserve package layout
GITHUB,D:\codex\raytracing_modules\rt_cp_uwb\rt_cp_uwb_py\operations.py,rt_cp_uwb_py/operations.py,EXISTS,6976,0dae06b451acae1821df88bc181348a21b1564eee967f350e2691ac2eb53c20b,package import dependencies; preserve package layout
GITHUB,D:\codex\raytracing_modules\rt_cp_uwb\rt_cp_uwb_py\p2_backend_attribution.py,rt_cp_uwb_py/p2_backend_attribution.py,EXISTS,110444,335f6ca02885535bc62f589ddbc88e476151c8a0ae94dccaf68011226519a792,package import dependencies; preserve package layout
GITHUB,D:\codex\raytracing_modules\rt_cp_uwb\rt_cp_uwb_py\p2_backend_faults.py,rt_cp_uwb_py/p2_backend_faults.py,EXISTS,11199,cba14b982ba65fafb2c1ca2b954b43efc09f8d1b7bc00f495747dbf85c68cfc5,package import dependencies; preserve package layout
GITHUB,D:\codex\raytracing_modules\rt_cp_uwb\rt_cp_uwb_py\p2_backend_population.py,rt_cp_uwb_py/p2_backend_population.py,EXISTS,13378,1e6a4bb00b3776a24420578a9d1bb21b7bce926e01dc36736f4f8924e39d9d7b,package import dependencies; preserve package layout
GITHUB,D:\codex\raytracing_modules\rt_cp_uwb\rt_cp_uwb_py\p2_mixture_reduction.py,rt_cp_uwb_py/p2_mixture_reduction.py,EXISTS,21279,5f2b2f4ad7d6c74643c45619355fa1b26ebfc3e2ad2d2620267b99f16e300745,package import dependencies; preserve package layout
GITHUB,D:\codex\raytracing_modules\rt_cp_uwb\rt_cp_uwb_py\parity.py,rt_cp_uwb_py/parity.py,EXISTS,24667,1c9d6d166d30ff59ea35ee0c1639d0e59a9d722001b2a39b41c2f9991e8c0a55,package import dependencies; preserve package layout
GITHUB,D:\codex\raytracing_modules\rt_cp_uwb\rt_cp_uwb_py\passive_reflection.py,rt_cp_uwb_py/passive_reflection.py,EXISTS,2272,e49d6d1dd9548217821b9d8363f1b244d1604bb93bb8da4df31849b9102532d7,package import dependencies; preserve package layout
GITHUB,D:\codex\raytracing_modules\rt_cp_uwb\rt_cp_uwb_py\predictability_contracts_20260729.py,rt_cp_uwb_py/predictability_contracts_20260729.py,EXISTS,6939,4b34de680190be43a648b15660f176436bedaf38cfc4a27b6250ca93bbcde55c,package import dependencies; preserve package layout
GITHUB,D:\codex\raytracing_modules\rt_cp_uwb\rt_cp_uwb_py\predictability_counterfactuals.py,rt_cp_uwb_py/predictability_counterfactuals.py,EXISTS,1487,bacca9e03ec1d82fea870a812923459f0f188e953174edcdd8c45b6f4bd484ff,package import dependencies; preserve package layout
GITHUB,D:\codex\raytracing_modules\rt_cp_uwb\rt_cp_uwb_py\predictability_mdn.py,rt_cp_uwb_py/predictability_mdn.py,EXISTS,6762,b71e8053528eaa901abbd3423eee8e0e8fccb681ab0e4931b808b45627f4f61a,package import dependencies; preserve package layout
GITHUB,D:\codex\raytracing_modules\rt_cp_uwb\rt_cp_uwb_py\predictability_mdn_v5.py,rt_cp_uwb_py/predictability_mdn_v5.py,EXISTS,16897,682d7255dafd0e831e5c0e4d9c63189710403c1e2fd2b0d24c110224d8d36d9a,package import dependencies; preserve package layout
GITHUB,D:\codex\raytracing_modules\rt_cp_uwb\rt_cp_uwb_py\predictability_oracle_runtime.py,rt_cp_uwb_py/predictability_oracle_runtime.py,EXISTS,14877,4b56007770037f287f07e9c51f181e57763f9ecc5d45529e392d0003108ccc8d,package import dependencies; preserve package layout
GITHUB,D:\codex\raytracing_modules\rt_cp_uwb\rt_cp_uwb_py\predictability_stats.py,rt_cp_uwb_py/predictability_stats.py,EXISTS,15537,55a9961d4c7550d1b02756bc5f9e0311219082e3b3b35408923ec66c7c413c61,package import dependencies; preserve package layout
GITHUB,D:\codex\raytracing_modules\rt_cp_uwb\rt_cp_uwb_py\reflection_window.py,rt_cp_uwb_py/reflection_window.py,EXISTS,4261,39fd4ed8f104c9dd383d8286535bbee74a0ec7afbb7126112adf3f0fe5fa547e,package import dependencies; preserve package layout
GITHUB,D:\codex\raytracing_modules\rt_cp_uwb\rt_cp_uwb_py\reliability_gate.py,rt_cp_uwb_py/reliability_gate.py,EXISTS,8775,9db7695cad55e60033796cb2d85c5d69980d315444d700c173941302cbdd3d94,package import dependencies; preserve package layout
GITHUB,D:\codex\raytracing_modules\rt_cp_uwb\rt_cp_uwb_py\remote.py,rt_cp_uwb_py/remote.py,EXISTS,19959,98510a8fe94af1f34e6d1b9efbd0be6f0d15d7c3b1bf0f34f0e299447a29934e,package import dependencies; preserve package layout
GITHUB,D:\codex\raytracing_modules\rt_cp_uwb\rt_cp_uwb_py\rf_channel_closure.py,rt_cp_uwb_py/rf_channel_closure.py,EXISTS,3413,4a01421de52fa4e289421f6cfe7bb5decf8b64d60a862941c3e32de6218fd8f5,package import dependencies; preserve package layout
GITHUB,D:\codex\raytracing_modules\rt_cp_uwb\rt_cp_uwb_py\rf_complex_ffd.py,rt_cp_uwb_py/rf_complex_ffd.py,EXISTS,2897,43e72d5f6552094d6ec455e34554961710784ec93127365ff84c8e4235597a34,package import dependencies; preserve package layout
GITHUB,D:\codex\raytracing_modules\rt_cp_uwb\rt_cp_uwb_py\rf_complex_saddle.py,rt_cp_uwb_py/rf_complex_saddle.py,EXISTS,1927,5d9d2d19eaeda8d0d019a64c7024d287c143e7ce128ec6f2c6f0b9fe59a0a31d,package import dependencies; preserve package layout
GITHUB,D:\codex\raytracing_modules\rt_cp_uwb\rt_cp_uwb_py\rf_ffd_continuous.py,rt_cp_uwb_py/rf_ffd_continuous.py,EXISTS,3447,db3afe7698445e256085f45bc405d3276b5503dbb176bc820b3a47170278cad3,package import dependencies; preserve package layout
GITHUB,D:\codex\raytracing_modules\rt_cp_uwb\rt_cp_uwb_py\rf_ffd_spectrum.py,rt_cp_uwb_py/rf_ffd_spectrum.py,EXISTS,4681,4b1f3e4dc80f33e168d0d47db61a0c9cd0c197f06ea4d605443e886a5eac6a68,package import dependencies; preserve package layout
GITHUB,D:\codex\raytracing_modules\rt_cp_uwb\rt_cp_uwb_py\rf_finite_frequency.py,rt_cp_uwb_py/rf_finite_frequency.py,EXISTS,2392,2abe7ea43af451eda3112873353cb8e76b930bb4a729fb9004eaf43a2ac1ef1a,package import dependencies; preserve package layout
GITHUB,D:\codex\raytracing_modules\rt_cp_uwb\rt_cp_uwb_py\rf_image_faces.py,rt_cp_uwb_py/rf_image_faces.py,EXISTS,5000,f6c909a62f663f7fdfeb0ecc19a5f5181a7809ffc68b9d8209d075e669e594c5,package import dependencies; preserve package layout
GITHUB,D:\codex\raytracing_modules\rt_cp_uwb\rt_cp_uwb_py\rf_junctions.py,rt_cp_uwb_py/rf_junctions.py,EXISTS,9236,1cc2cae4e048d7e353b2b42ba8700b53a4af6dbef698e0eaed6657f9b140221c,package import dependencies; preserve package layout
GITHUB,D:\codex\raytracing_modules\rt_cp_uwb\rt_cp_uwb_py\rf_layered_reference.py,rt_cp_uwb_py/rf_layered_reference.py,EXISTS,3575,045523b949d6ade76ce73c444e0e5e32b1fe4f0e9a849f3ad6d93cc72597fc00,package import dependencies; preserve package layout
GITHUB,D:\codex\raytracing_modules\rt_cp_uwb\rt_cp_uwb_py\rf_reflection_band.py,rt_cp_uwb_py/rf_reflection_band.py,EXISTS,2683,5974a9e954baf8d7dbde03ccbe0a1a67e3f93de8bb0bd8f9b63c7dbd5005ca4d,package import dependencies; preserve package layout
GITHUB,D:\codex\raytracing_modules\rt_cp_uwb\rt_cp_uwb_py\rf_slab_dyadic.py,rt_cp_uwb_py/rf_slab_dyadic.py,EXISTS,3726,562f2eaf2d30479a178d0c4f16744f3df2ce87bfbf341cf1863067337203db9d,package import dependencies; preserve package layout
GITHUB,D:\codex\raytracing_modules\rt_cp_uwb\rt_cp_uwb_py\rf_slab_second_order.py,rt_cp_uwb_py/rf_slab_second_order.py,EXISTS,3090,c065fa9b9e1f41e6e601ebe398f41803e33c9b7d26211a63f5acd1abfd45d2d0,package import dependencies; preserve package layout
GITHUB,D:\codex\raytracing_modules\rt_cp_uwb\rt_cp_uwb_py\rf_trt_antenna.py,rt_cp_uwb_py/rf_trt_antenna.py,EXISTS,5341,1f2d737ba2ba106b50dd25a99e5a48cbbf89e50060fe8100452fb61a8b37f8e5,package import dependencies; preserve package layout
GITHUB,D:\codex\raytracing_modules\rt_cp_uwb\rt_cp_uwb_py\rf_trt_reference.py,rt_cp_uwb_py/rf_trt_reference.py,EXISTS,1740,3c5e3c3150cd9fcfd29f4c55a4593a21c592db41496b0c5068b5518dda0985b7,package import dependencies; preserve package layout
GITHUB,D:\codex\raytracing_modules\rt_cp_uwb\rt_cp_uwb_py\rf_trt_spherical.py,rt_cp_uwb_py/rf_trt_spherical.py,EXISTS,3728,499f9d6c01a758f9c3bf84dfe121c159cb790221336fecfd1f63218a564eb656,package import dependencies; preserve package layout
GITHUB,D:\codex\raytracing_modules\rt_cp_uwb\rt_cp_uwb_py\rf_volume_cached.py,rt_cp_uwb_py/rf_volume_cached.py,EXISTS,3962,2fc1c579149d258e837c6310270bf0d1ad0600e2d3e704fac0c1ea9c23db056b,package import dependencies; preserve package layout
GITHUB,D:\codex\raytracing_modules\rt_cp_uwb\rt_cp_uwb_py\rf_volume_channel.py,rt_cp_uwb_py/rf_volume_channel.py,EXISTS,11881,6f0642b2807f9eab49ab40c2e1a0c1735c69fdd44154e3bc6a7d66cabc68a258,package import dependencies; preserve package layout
GITHUB,D:\codex\raytracing_modules\rt_cp_uwb\rt_cp_uwb_py\rf_volume_events.py,rt_cp_uwb_py/rf_volume_events.py,EXISTS,10956,cbc551ea9607dad8ef8e653af0b03d7346a6199d297589baefef88845b3be29f,package import dependencies; preserve package layout
GITHUB,D:\codex\raytracing_modules\rt_cp_uwb\rt_cp_uwb_py\rf_volume_inputs.py,rt_cp_uwb_py/rf_volume_inputs.py,EXISTS,3790,fed56752b95a3fa9d5939eceff07cbcd26991a9ba5b4c2964cbd7438723d89ed,package import dependencies; preserve package layout
GITHUB,D:\codex\raytracing_modules\rt_cp_uwb\rt_cp_uwb_py\rf_volume_producer.py,rt_cp_uwb_py/rf_volume_producer.py,EXISTS,7629,711a38245b820fa2654a7e42ab1b7f0f52cfaaa8056942ef95f8ab795787428e,package import dependencies; preserve package layout
GITHUB,D:\codex\raytracing_modules\rt_cp_uwb\rt_cp_uwb_py\rssd_prediction.py,rt_cp_uwb_py/rssd_prediction.py,EXISTS,2496,502e96acf6c0aeea9096ae9d62c5df7928e3f2a6324798b65881dce0a5f61a88,package import dependencies; preserve package layout
GITHUB,D:\codex\raytracing_modules\rt_cp_uwb\rt_cp_uwb_py\rt_admission.py,rt_cp_uwb_py/rt_admission.py,EXISTS,21562,be521d9a2198e94079a4cdc7846a54f470a757f47f759e8b69955045a00bddd7,package import dependencies; preserve package layout
GITHUB,D:\codex\raytracing_modules\rt_cp_uwb\rt_cp_uwb_py\rt_admitted_runtime.py,rt_cp_uwb_py/rt_admitted_runtime.py,EXISTS,3489,dff35a2715dfdbbc9dcfb29d5cba4027fdd04dbb9cdf2202da268dcdbec78eba,package import dependencies; preserve package layout
GITHUB,D:\codex\raytracing_modules\rt_cp_uwb\rt_cp_uwb_py\sanity.py,rt_cp_uwb_py/sanity.py,EXISTS,5012,2c3f5b53743deca70aa411c6f25d2ddce2261e6613ccdd9434a4ebec16253216,package import dependencies; preserve package layout
GITHUB,D:\codex\raytracing_modules\rt_cp_uwb\rt_cp_uwb_py\sbr.py,rt_cp_uwb_py/sbr.py,EXISTS,6932,6457d87c9c10bb291e677a87c1ff5f6c6c97590027b3db0be442d83e965f0946,package import dependencies; preserve package layout
GITHUB,D:\codex\raytracing_modules\rt_cp_uwb\rt_cp_uwb_py\scenes.py,rt_cp_uwb_py/scenes.py,EXISTS,6188,61c7c46c5cd9c10cbd37abc50e35a9bc0ff3d9806113e9d062d4dcf409336767,package import dependencies; preserve package layout
GITHUB,D:\codex\raytracing_modules\rt_cp_uwb\rt_cp_uwb_py\script_replacements.py,rt_cp_uwb_py/script_replacements.py,EXISTS,2374,1f4c4c78c6ba2d6c9c21a0fc0388772fcf0c5fd0107032af9bd92f7379b3f10e,package import dependencies; preserve package layout
GITHUB,D:\codex\raytracing_modules\rt_cp_uwb\rt_cp_uwb_py\sim_new_cp_va_slam.py,rt_cp_uwb_py/sim_new_cp_va_slam.py,EXISTS,327226,8c39664e5a564610b46e7e1988055f418b02fdb8e55fa776d7a1daba1d9f1814,package import dependencies; preserve package layout
GITHUB,D:\codex\raytracing_modules\rt_cp_uwb\rt_cp_uwb_py\sionna_phase.py,rt_cp_uwb_py/sionna_phase.py,EXISTS,1945,ad2af786648d11c308bc5f22c7d963ee539a7d7e09724ce233cdd2d2d0fe23ca,package import dependencies; preserve package layout
GITHUB,D:\codex\raytracing_modules\rt_cp_uwb\rt_cp_uwb_py\specular_delay.py,rt_cp_uwb_py/specular_delay.py,EXISTS,3141,dc8bcf2ae8a9d13d5b949e9d9187ecfa26511b720c41323bc941fa8f4bcf021d,package import dependencies; preserve package layout
GITHUB,D:\codex\raytracing_modules\rt_cp_uwb\rt_cp_uwb_py\sweep.py,rt_cp_uwb_py/sweep.py,EXISTS,35775,f760f77c8998f161223fda99e57255d4b7d7553d9b7331e225148b3a2ed5df35,package import dependencies; preserve package layout
GITHUB,D:\codex\raytracing_modules\rt_cp_uwb\rt_cp_uwb_py\theme1_phase_dispersion.py,rt_cp_uwb_py/theme1_phase_dispersion.py,EXISTS,55823,88cb820390e9d475f43442bbbb84df3f640b89a808749725cd93f786874f898d,package import dependencies; preserve package layout
GITHUB,D:\codex\raytracing_modules\rt_cp_uwb\rt_cp_uwb_py\theme1_rich_feature_sets.py,rt_cp_uwb_py/theme1_rich_feature_sets.py,EXISTS,48590,152f734e0e54db4ec209ae9793c4f48e8b73a9717ec8b2a826d76a5049cd7eaf,package import dependencies; preserve package layout
GITHUB,D:\codex\raytracing_modules\rt_cp_uwb\rt_cp_uwb_py\theme1_submission_strengthening.py,rt_cp_uwb_py/theme1_submission_strengthening.py,EXISTS,60424,d59ba469a6d0897616d85f739413644a0db40ae6a56b4806ef0e1ede42b8b0c2,package import dependencies; preserve package layout
GITHUB,D:\codex\raytracing_modules\rt_cp_uwb\rt_cp_uwb_py\trace.py,rt_cp_uwb_py/trace.py,EXISTS,5789,8cb9ad718e31406eb06a6819fd50aba93eb91358840abdadb68aab56fca052d0,package import dependencies; preserve package layout
GITHUB,D:\codex\raytracing_modules\rt_cp_uwb\rt_cp_uwb_py\trace_validated.py,rt_cp_uwb_py/trace_validated.py,EXISTS,7030,2b9318e06cac86c5822bff657fe8acb8cce0594cf868c511e2c1c0dda004d8a8,package import dependencies; preserve package layout
GITHUB,D:\codex\raytracing_modules\rt_cp_uwb\rt_cp_uwb_py\two_ray_fit.py,rt_cp_uwb_py/two_ray_fit.py,EXISTS,6949,08beccd44765063fb0b41e91322eb47d8994d460d61715badd51b24e3c61b166,package import dependencies; preserve package layout
GITHUB,D:\codex\raytracing_modules\rt_cp_uwb\rt_cp_uwb_py\validation\__init__.py,rt_cp_uwb_py/validation/__init__.py,EXISTS,63,4058cd4eacb20f6b017c12e2dc6d5662350ad82231c4e0a16925f640455a1139,package import dependencies; preserve package layout
GITHUB,D:\codex\raytracing_modules\rt_cp_uwb\rt_cp_uwb_py\validation\geom_ref_v2.py,rt_cp_uwb_py/validation/geom_ref_v2.py,EXISTS,5522,a1c809af381ed538e439bae56f31cc4e5b4601a0789426ffe4132451ed3d87fd,package import dependencies; preserve package layout
GITHUB,D:\codex\raytracing_modules\rt_cp_uwb\rt_cp_uwb_py\validation\jones_deconvolution.py,rt_cp_uwb_py/validation/jones_deconvolution.py,EXISTS,2416,112a762782fe32fffd33311569d20d5ce9117d68348fa6811ceee8d80545f375,package import dependencies; preserve package layout
GITHUB,D:\codex\raytracing_modules\rt_cp_uwb\rt_cp_uwb_py\validation\loso_labels.py,rt_cp_uwb_py/validation/loso_labels.py,EXISTS,3160,0a9b8b8701884c4039cd55ba4055df835f9c2a752d21aa5dd7861762ae060564,package import dependencies; preserve package layout
GITHUB,D:\codex\raytracing_modules\rt_cp_uwb\src\qclean_uwb\__init__.py,src/qclean_uwb/__init__.py,EXISTS,115,77d8f539a6cbea93013c458b71b88bbd7d65beb97901b1e06e4327709e590f5e,package import dependencies; preserve package layout
GITHUB,D:\codex\raytracing_modules\rt_cp_uwb\src\qclean_uwb\backend\__init__.py,src/qclean_uwb/backend/__init__.py,EXISTS,55,b310b69c3d1eb75370d66f3fcb5aaabec94d5e7872cd0e5c9623aa7dfc85287a,package import dependencies; preserve package layout
GITHUB,D:\codex\raytracing_modules\rt_cp_uwb\src\qclean_uwb\calibration\__init__.py,src/qclean_uwb/calibration/__init__.py,EXISTS,189,a5c57402f3eb26276260ac9c3b301443ddf722413497e9d494fe9e13704b3d9d,package import dependencies; preserve package layout
GITHUB,D:\codex\raytracing_modules\rt_cp_uwb\src\qclean_uwb\calibration\qclean.py,src/qclean_uwb/calibration/qclean.py,EXISTS,832,04024e2b59ddb9d08a4658d1ee0fbe760b4dfbe22fa831f952a980ff53e8cb37,package import dependencies; preserve package layout
GITHUB,D:\codex\raytracing_modules\rt_cp_uwb\src\qclean_uwb\data\__init__.py,src/qclean_uwb/data/__init__.py,EXISTS,45,760c1449a6a4afb29681e87ba16edfec73eeebaee1ed4e9dd269947e4f825d96,package import dependencies; preserve package layout
GITHUB,D:\codex\raytracing_modules\rt_cp_uwb\src\qclean_uwb\features\__init__.py,src/qclean_uwb/features/__init__.py,EXISTS,46,ca9331a14eb500cc40be3ed66267d366362cc3e0e4c736af338b52e62c5ffebd,package import dependencies; preserve package layout
GITHUB,D:\codex\raytracing_modules\rt_cp_uwb\src\qclean_uwb\gating\__init__.py,src/qclean_uwb/gating/__init__.py,EXISTS,38,c37960e3442cf4d58738c4ebe5f1be710f56446e851b81b7da74065dbbbd3bc8,package import dependencies; preserve package layout
GITHUB,D:\codex\raytracing_modules\rt_cp_uwb\src\qclean_uwb\labels\__init__.py,src/qclean_uwb/labels/__init__.py,EXISTS,323,6808dd2679e96bb1f4195e4315969da88b44530c217d7cc51c140ce0f91dc7c8,package import dependencies; preserve package layout
GITHUB,D:\codex\raytracing_modules\rt_cp_uwb\src\qclean_uwb\labels\taxonomy.py,src/qclean_uwb/labels/taxonomy.py,EXISTS,2202,c1a85e950d3a9abae5756ed2215effee61b6ad9602cefcd947ebf1e0edb40a4d,package import dependencies; preserve package layout
GITHUB,D:\codex\raytracing_modules\rt_cp_uwb\src\qclean_uwb\models\__init__.py,src/qclean_uwb/models/__init__.py,EXISTS,37,06eb7c321d2ce9fff4d1ca63d1b182dc909e1573ac7f4773f0d2b3812e0a3a5e,package import dependencies; preserve package layout
GITHUB,D:\codex\raytracing_modules\rt_cp_uwb\src\qclean_uwb\reports\__init__.py,src/qclean_uwb/reports/__init__.py,EXISTS,49,e1a814668b516b52e1622bf368e6ced60529875f29f1efcf6b95a9e33fe2ff2e,package import dependencies; preserve package layout
GITHUB,D:\codex\raytracing_modules\rt_cp_uwb\src\qclean_uwb\reports\checks.py,src/qclean_uwb/reports/checks.py,EXISTS,988,91033e841e0c0cf47cce824d6e7f873c3b99354c80a96861b7439446bea0ab11,package import dependencies; preserve package layout
GITHUB,D:\codex\raytracing_modules\rt_cp_uwb\src\qclean_uwb\reports\claim_matrix.py,src/qclean_uwb/reports/claim_matrix.py,EXISTS,4965,15e380e9666ac4d014454eb310b25a377c0665e4f6d489d0ec9b7d647fbc2176,package import dependencies; preserve package layout
GITHUB,D:\codex\raytracing_modules\rt_cp_uwb\src\qclean_uwb\utils\__init__.py,src/qclean_uwb/utils/__init__.py,EXISTS,39,aadc26a6f8c72141eee88d6035f8f0190100182ccb9c1990bc4eabd5e77885d3,package import dependencies; preserve package layout
GITHUB,D:\codex\raytracing_modules\rt_cp_uwb\src\qclean_uwb\utils\experiment_registry.py,src/qclean_uwb/utils/experiment_registry.py,EXISTS,5863,e6f07e886e9ff025cf4cb4dfddf15b1bc6192da9179d57f67e02a3b3ad30f6d8,package import dependencies; preserve package layout
GITHUB,D:\codex\raytracing_modules\rt_cp_uwb\AGENTS.md,AGENTS.md,EXISTS,6169,4da630d82ebac468275f33eee3a485a3727fca93e88407735004db5525d1465b,instructions and execution contract
GITHUB,D:\codex\raytracing_modules\rt_cp_uwb\pytest.ini,pytest.ini,EXISTS,296,d1d29c377385569445ae0c0e8bd5a986b7cbbecdb7026ebdc23488087dffaf55,instructions and execution contract
GITHUB,D:\codex\raytracing_modules\rt_cp_uwb\reports\common\CLAIM_BOUNDARY.md,reports/common/CLAIM_BOUNDARY.md,EXISTS,1493,6ca9c33fbf002be431d8ed4cfffc8fae5f197cef310e9b720e64f5ce608267d2,instructions and execution contract
GITHUB,D:\codex\raytracing_modules\rt_cp_uwb\reports\common\SIONNA_FULL_RESIM_PLAN_20260925_01a0d86d.md,reports/common/SIONNA_FULL_RESIM_PLAN_20260925_01a0d86d.md,EXISTS,26023,14c0eaf6fdf3f83f98c0d1ee8d2afec8ad354d88c50096052639df778358f763,instructions and execution contract
GITHUB,D:\codex\raytracing_modules\rt_cp_uwb\results\SIONNA_FULL_RESIM_20260925_01a0d86d\PLAN_INPUT_SNAPSHOT.json,results/SIONNA_FULL_RESIM_20260925_01a0d86d/PLAN_INPUT_SNAPSHOT.json,EXISTS,5648,e6760047e25209f64e839fe185b7432af320cd6db5c6a369be9dd482faafceda,plan provenance
GITHUB,D:\codex\raytracing_modules\rt_cp_uwb\results\SIONNA_FULL_RESIM_20260925_01a0d86d\PLAN_VALIDATION.json,results/SIONNA_FULL_RESIM_20260925_01a0d86d/PLAN_VALIDATION.json,EXISTS,635,bcc298d1d802b3df4bd983e6f397a0bd7597401de713bf23d61aa39fd8734d91,plan provenance
GITHUB,D:\codex\raytracing_modules\rt_cp_uwb\results\SIONNA_FULL_RESIM_20260925_01a0d86d\PLAN_ARTIFACT_MANIFEST.json,results/SIONNA_FULL_RESIM_20260925_01a0d86d/PLAN_ARTIFACT_MANIFEST.json,EXISTS,1201,be750f36cb07cb4cdf9e5dcc1c541e14b98b6c6f65d53a00e7e8554c0dc81fa0,plan provenance
GITHUB,D:\codex\raytracing_modules\rt_cp_uwb\results\SIONNA_FULL_RESIM_20260925_01a0d86d\REPORT_LINK_CHECK.log,results/SIONNA_FULL_RESIM_20260925_01a0d86d/REPORT_LINK_CHECK.log,EXISTS,26,ccee278408ee0a43f65e0ba7704a0013248232db91474ddf94e823be2fd09e2b,plan provenance
GITHUB,D:\codex\raytracing_modules\rt_cp_uwb\scripts\g2_completion\sionna_native_runtime.py,scripts/g2_completion/sionna_native_runtime.py,EXISTS,11218,9dc7dfa5bbefc413d6387418a1d29a5eb0373e0202d342b1784dd53d1cdfcde9,existing native implementation/reference; 41-row runners are not full runners
GITHUB,D:\codex\raytracing_modules\rt_cp_uwb\scripts\g2_completion\run_native41_refresh.py,scripts/g2_completion/run_native41_refresh.py,EXISTS,9971,2dee34e6eaee5f72c9bbe706466cdff3d158e26f1d12241e5aec2d5ea141d75b,existing native implementation/reference; 41-row runners are not full runners
GITHUB,D:\codex\raytracing_modules\rt_cp_uwb\scripts\g2_completion\finish_sionna_native41.py,scripts/g2_completion/finish_sionna_native41.py,EXISTS,7919,5c15b1b5bd2fff61783c126a65ba7120cc7100d52e8607e7e4e5f634fc3914bc,existing native implementation/reference; 41-row runners are not full runners
GITHUB,D:\codex\raytracing_modules\rt_cp_uwb\scripts\g2_completion\summarize_native41_refresh.py,scripts/g2_completion/summarize_native41_refresh.py,EXISTS,8641,60cb62d6627dcf5b4e00dacc12c07b40a4ef5d12f241a58ced8002537f3f9e2e,existing native implementation/reference; 41-row runners are not full runners
GITHUB,D:\codex\raytracing_modules\rt_cp_uwb\scripts\g2_completion\prepare_sionna_native41.py,scripts/g2_completion/prepare_sionna_native41.py,EXISTS,3897,7a5d36a1b07c0d34d2a71b5cbc884ec34d42f2b05ee2f3a17466b2f5a6dbbbe6,existing native implementation/reference; 41-row runners are not full runners
GITHUB,D:\codex\raytracing_modules\rt_cp_uwb\scripts\g2_completion\build_native_slab_geometry.py,scripts/g2_completion/build_native_slab_geometry.py,EXISTS,16675,a936a75d0be2a42ddbd68f40178022ff1d82d970a6947beff0f200bf009e7015,existing native implementation/reference; 41-row runners are not full runners
GITHUB,D:\codex\raytracing_modules\rt_cp_uwb\scripts\g2_completion\check_native_slab_runtime.py,scripts/g2_completion/check_native_slab_runtime.py,EXISTS,7773,5c1542f8d8658971326459484c7e32a5a4bb90b6a58edcb5457e994feda54710,existing native implementation/reference; 41-row runners are not full runners
GITHUB,D:\codex\raytracing_modules\rt_cp_uwb\scripts\g2_completion\verify_native_slab_geometry.py,scripts/g2_completion/verify_native_slab_geometry.py,EXISTS,6530,6aa5e9bcd0b48490dd97fdc75d6acf5594fe42f6e54f14cf245a56bb21a0a4ff,existing native implementation/reference; 41-row runners are not full runners
GITHUB,D:\codex\raytracing_modules\rt_cp_uwb\tests\test_g2_native_channel.py,tests/test_g2_native_channel.py,EXISTS,1619,d66bef95fd8b57483e78daf8b9e1e037235e1ba186728c3bc4b3323699712bc8,relevant regression tests
GITHUB,D:\codex\raytracing_modules\rt_cp_uwb\tests\test_g2_native_geometry.py,tests/test_g2_native_geometry.py,EXISTS,1739,efa815bb650f109612c32b1116b502f18c00148b9e984faa9f76bbaa44f8c3b1,relevant regression tests
GITHUB,D:\codex\raytracing_modules\rt_cp_uwb\tests\test_g2_native_summary.py,tests/test_g2_native_summary.py,EXISTS,2408,023924cc713f8c0c095d56e52220bcd52b5b7b57666bafebb00ee45e3d160c1c,relevant regression tests
GITHUB,D:\codex\raytracing_modules\rt_cp_uwb\tests\test_g2_scoped_channel.py,tests/test_g2_scoped_channel.py,EXISTS,1891,2e76d1feaa3369dc35a5487a26a65b8f84ee99805ac51060db18dcb5ec6492ee,relevant regression tests
GITHUB,D:\codex\raytracing_modules\rt_cp_uwb\tests\test_rf_channel_closure.py,tests/test_rf_channel_closure.py,EXISTS,2064,d73d85f2117cd252bffc6e928f33713453b63adc13cd467f0f1ccdc50b03b05d,relevant regression tests
GITHUB,D:\codex\raytracing_modules\rt_cp_uwb\results\SIONNA_NATIVE_GEOMETRY_20260925_01a0d83b\00_inventory.py.log,results/SIONNA_NATIVE_GEOMETRY_20260925_01a0d83b/00_inventory.py.log,EXISTS,24,3de2b5c89b13711a73b9d4cabe6af88f5fdfa4957b440b645a844de384db0765,complete geometry revision required by FINAL_MANIFEST
GITHUB,D:\codex\raytracing_modules\rt_cp_uwb\results\SIONNA_NATIVE_GEOMETRY_20260925_01a0d83b\01_build_manifest.py.log,results/SIONNA_NATIVE_GEOMETRY_20260925_01a0d83b/01_build_manifest.py.log,EXISTS,23,703c830f4da00a3a13cd4acd938b9c953238692efdfaf6379080ad445802d568,complete geometry revision required by FINAL_MANIFEST
GITHUB,D:\codex\raytracing_modules\rt_cp_uwb\results\SIONNA_NATIVE_GEOMETRY_20260925_01a0d83b\02_validate_dataset.py.log,results/SIONNA_NATIVE_GEOMETRY_20260925_01a0d83b/02_validate_dataset.py.log,EXISTS,72,ff7a54d917ef06d4bb17e8572ed67f78ed3d2e16a6d6cfa06b75aae5a0977937,complete geometry revision required by FINAL_MANIFEST
GITHUB,D:\codex\raytracing_modules\rt_cp_uwb\results\SIONNA_NATIVE_GEOMETRY_20260925_01a0d83b\CHANNEL_INVALIDATION.json,results/SIONNA_NATIVE_GEOMETRY_20260925_01a0d83b/CHANNEL_INVALIDATION.json,EXISTS,5848,21611fd30befc469d786b987aef2dbb193339bd6c55daa1b36f6cf84f09ad609,complete geometry revision required by FINAL_MANIFEST
GITHUB,D:\codex\raytracing_modules\rt_cp_uwb\results\SIONNA_NATIVE_GEOMETRY_20260925_01a0d83b\COLUMN_DECISIONS.json,results/SIONNA_NATIVE_GEOMETRY_20260925_01a0d83b/COLUMN_DECISIONS.json,EXISTS,38379,186f7176904d19421382bf0de52d228a5026537fdd16605ee44c05da6d6d4060,complete geometry revision required by FINAL_MANIFEST
GITHUB,D:\codex\raytracing_modules\rt_cp_uwb\results\SIONNA_NATIVE_GEOMETRY_20260925_01a0d83b\CONFIG.json,results/SIONNA_NATIVE_GEOMETRY_20260925_01a0d83b/CONFIG.json,EXISTS,39691,4b22da179130dd878da9b44420d0942ee67a7a7b25a0d2abb1223a67d4e3f3eb,complete geometry revision required by FINAL_MANIFEST
GITHUB,D:\codex\raytracing_modules\rt_cp_uwb\results\SIONNA_NATIVE_GEOMETRY_20260925_01a0d83b\FINAL_MANIFEST.json,results/SIONNA_NATIVE_GEOMETRY_20260925_01a0d83b/FINAL_MANIFEST.json,EXISTS,136886,e2bc5b25b4e2395e684730c0c3f9b5484580f41eeac3088a9487a0776f0e52b2,complete geometry revision required by FINAL_MANIFEST
GITHUB,D:\codex\raytracing_modules\rt_cp_uwb\results\SIONNA_NATIVE_GEOMETRY_20260925_01a0d83b\GENERATION_MANIFEST.json,results/SIONNA_NATIVE_GEOMETRY_20260925_01a0d83b/GENERATION_MANIFEST.json,EXISTS,135266,914eaadd31e7b7340c8e2270d3c846aeea42ae3c5cd188850c6a29401dbb58c2,complete geometry revision required by FINAL_MANIFEST
GITHUB,D:\codex\raytracing_modules\rt_cp_uwb\results\SIONNA_NATIVE_GEOMETRY_20260925_01a0d83b\GEOMETRY_AUDIT.json,results/SIONNA_NATIVE_GEOMETRY_20260925_01a0d83b/GEOMETRY_AUDIT.json,EXISTS,1147197,50474ca1139c833f2aa40c1ea747d604f6becbe447d2403da36b2f2c11a0c345,complete geometry revision required by FINAL_MANIFEST
GITHUB,D:\codex\raytracing_modules\rt_cp_uwb\results\SIONNA_NATIVE_GEOMETRY_20260925_01a0d83b\GEOMETRY_CHANGES.csv,results/SIONNA_NATIVE_GEOMETRY_20260925_01a0d83b/GEOMETRY_CHANGES.csv,EXISTS,126767,e0671c6b762bcecbd36df08169ed79a01c697f72f266ea5dfff3ce20bdf69576,complete geometry revision required by FINAL_MANIFEST
GITHUB,D:\codex\raytracing_modules\rt_cp_uwb\results\SIONNA_NATIVE_GEOMETRY_20260925_01a0d83b\GEOMETRY_CHANGES.json,results/SIONNA_NATIVE_GEOMETRY_20260925_01a0d83b/GEOMETRY_CHANGES.json,EXISTS,370543,6008f83c82793e5ab8133aead4f2ac4ec4ddafac14e2a9fc12073730cc8e5866,complete geometry revision required by FINAL_MANIFEST
GITHUB,D:\codex\raytracing_modules\rt_cp_uwb\results\SIONNA_NATIVE_GEOMETRY_20260925_01a0d83b\INDEPENDENT_VERIFICATION.json,results/SIONNA_NATIVE_GEOMETRY_20260925_01a0d83b/INDEPENDENT_VERIFICATION.json,EXISTS,659,8d0c089039d04f518edd7bdb3c21c10a6e1db3e56bb52919b8adc7298712ed73,complete geometry revision required by FINAL_MANIFEST
GITHUB,D:\codex\raytracing_modules\rt_cp_uwb\results\SIONNA_NATIVE_GEOMETRY_20260925_01a0d83b\INPUTS.zip,results/SIONNA_NATIVE_GEOMETRY_20260925_01a0d83b/INPUTS.zip,EXISTS,540442,5a6d9d6b546cf59d5f9ac26bf65f05dacba274abae9b8956c6795c81c29e1a1e,complete geometry revision required by FINAL_MANIFEST
GITHUB,D:\codex\raytracing_modules\rt_cp_uwb\results\SIONNA_NATIVE_GEOMETRY_20260925_01a0d83b\MODEL_CONTRACT.json,results/SIONNA_NATIVE_GEOMETRY_20260925_01a0d83b/MODEL_CONTRACT.json,EXISTS,1117,2280cb52bf284b1ff6f88a99c02d9a8b526526013907419475bee986d2678500,complete geometry revision required by FINAL_MANIFEST
GITHUB,D:\codex\raytracing_modules\rt_cp_uwb\results\SIONNA_NATIVE_GEOMETRY_20260925_01a0d83b\REPORT_KO.md,results/SIONNA_NATIVE_GEOMETRY_20260925_01a0d83b/REPORT_KO.md,EXISTS,6876,0b5c60bd25da3bbba0d57922658e89967567907b524957ba3b2bd069ab86ecca,complete geometry revision required by FINAL_MANIFEST
GITHUB,D:\codex\raytracing_modules\rt_cp_uwb\results\SIONNA_NATIVE_GEOMETRY_20260925_01a0d83b\REPORT_LINK_CHECK.log,results/SIONNA_NATIVE_GEOMETRY_20260925_01a0d83b/REPORT_LINK_CHECK.log,EXISTS,26,ccee278408ee0a43f65e0ba7704a0013248232db91474ddf94e823be2fd09e2b,complete geometry revision required by FINAL_MANIFEST
GITHUB,D:\codex\raytracing_modules\rt_cp_uwb\results\SIONNA_NATIVE_GEOMETRY_20260925_01a0d83b\REPOSITORY_CHECKS.json,results/SIONNA_NATIVE_GEOMETRY_20260925_01a0d83b/REPOSITORY_CHECKS.json,EXISTS,681,abbff171a9b2834794f61d1cd657b87a353f81fde886086241b44ae507ecae5f,complete geometry revision required by FINAL_MANIFEST
GITHUB,D:\codex\raytracing_modules\rt_cp_uwb\results\SIONNA_NATIVE_GEOMETRY_20260925_01a0d83b\RUN_CONFIG.json,results/SIONNA_NATIVE_GEOMETRY_20260925_01a0d83b/RUN_CONFIG.json,EXISTS,809,39712549600ab98276740f061cbacb5c333259d99e0170c10d3603bf0678845a,complete geometry revision required by FINAL_MANIFEST
GITHUB,D:\codex\raytracing_modules\rt_cp_uwb\results\SIONNA_NATIVE_GEOMETRY_20260925_01a0d83b\RUNTIME_A02_INVOCATION.json,results/SIONNA_NATIVE_GEOMETRY_20260925_01a0d83b/RUNTIME_A02_INVOCATION.json,EXISTS,1216,ee9e514e83f6e380d666a02351409039697c3334f3e4c88e0b77d2817c87c3ef,complete geometry revision required by FINAL_MANIFEST
GITHUB,D:\codex\raytracing_modules\rt_cp_uwb\results\SIONNA_NATIVE_GEOMETRY_20260925_01a0d83b\RUNTIME_A02_RAW.log,results/SIONNA_NATIVE_GEOMETRY_20260925_01a0d83b/RUNTIME_A02_RAW.log,EXISTS,144944,9d3fd4313e76960b02eff7768cf5a2dea18ec004f7976d689ce03e602c60079d,complete geometry revision required by FINAL_MANIFEST
GITHUB,D:\codex\raytracing_modules\rt_cp_uwb\results\SIONNA_NATIVE_GEOMETRY_20260925_01a0d83b\RUNTIME_A02_STDERR.log,results/SIONNA_NATIVE_GEOMETRY_20260925_01a0d83b/RUNTIME_A02_STDERR.log,EXISTS,433,dd398482b61408b99bed30d0c648af2d9599b3a04cded90bb8fe088b8ee4494e,complete geometry revision required by FINAL_MANIFEST
GITHUB,D:\codex\raytracing_modules\rt_cp_uwb\results\SIONNA_NATIVE_GEOMETRY_20260925_01a0d83b\RUNTIME_INVOCATION.json,results/SIONNA_NATIVE_GEOMETRY_20260925_01a0d83b/RUNTIME_INVOCATION.json,EXISTS,1123,797d37ac022a772af7f5ddbacee6e6834b3e033664512812db30a40daac64510,complete geometry revision required by FINAL_MANIFEST
GITHUB,D:\codex\raytracing_modules\rt_cp_uwb\results\SIONNA_NATIVE_GEOMETRY_20260925_01a0d83b\RUNTIME_RAW.log,results/SIONNA_NATIVE_GEOMETRY_20260925_01a0d83b/RUNTIME_RAW.log,EXISTS,0,e3b0c44298fc1c149afbf4c8996fb92427ae41e4649b934ca495991b7852b855,complete geometry revision required by FINAL_MANIFEST
GITHUB,D:\codex\raytracing_modules\rt_cp_uwb\results\SIONNA_NATIVE_GEOMETRY_20260925_01a0d83b\RUNTIME_READBACK.json,results/SIONNA_NATIVE_GEOMETRY_20260925_01a0d83b/RUNTIME_READBACK.json,EXISTS,189258,6f397de0ba0981400a24cf243ed2c0b0fec50b321839b3ca4e15157df0a4695d,complete geometry revision required by FINAL_MANIFEST
GITHUB,D:\codex\raytracing_modules\rt_cp_uwb\results\SIONNA_NATIVE_GEOMETRY_20260925_01a0d83b\RUNTIME_STDERR.log,results/SIONNA_NATIVE_GEOMETRY_20260925_01a0d83b/RUNTIME_STDERR.log,EXISTS,690,b1b425884a9dc42b2cb32f3ad43269dc5faabb941c67bbbec4265e492c80d6fd,complete geometry revision required by FINAL_MANIFEST
GITHUB,D:\codex\raytracing_modules\rt_cp_uwb\results\SIONNA_NATIVE_GEOMETRY_20260925_01a0d83b\SCENE_MESH_MANIFEST.json,results/SIONNA_NATIVE_GEOMETRY_20260925_01a0d83b/SCENE_MESH_MANIFEST.json,EXISTS,216658,4fde823a610f71ce332da54efab14424e7efb2bff074cda157604fae91c356de,complete geometry revision required by FINAL_MANIFEST
GITHUB,D:\codex\raytracing_modules\rt_cp_uwb\results\SIONNA_NATIVE_GEOMETRY_20260925_01a0d83b\SIONNA_SCENES\0427a74a56acb4e997f5a581ec75ecec07badc6e6a80eaa6a8e83396372c3119\concrete_t0p2.ply,results/SIONNA_NATIVE_GEOMETRY_20260925_01a0d83b/SIONNA_SCENES/0427a74a56acb4e997f5a581ec75ecec07badc6e6a80eaa6a8e83396372c3119/concrete_t0p2.ply,EXISTS,206,c8736804d8fcff6343d8b248332e2fddbf1c7825af707d1bd8c92417a1c87b1f,complete geometry revision required by FINAL_MANIFEST
GITHUB,D:\codex\raytracing_modules\rt_cp_uwb\results\SIONNA_NATIVE_GEOMETRY_20260925_01a0d83b\SIONNA_SCENES\0427a74a56acb4e997f5a581ec75ecec07badc6e6a80eaa6a8e83396372c3119\plasterboard_t0p0125.ply,results/SIONNA_NATIVE_GEOMETRY_20260925_01a0d83b/SIONNA_SCENES/0427a74a56acb4e997f5a581ec75ecec07badc6e6a80eaa6a8e83396372c3119/plasterboard_t0p0125.ply,EXISTS,436,d4582cca844bf62b5804a520bb9c6fc116475ab6051a557e7213fb9325345fa1,complete geometry revision required by FINAL_MANIFEST
GITHUB,D:\codex\raytracing_modules\rt_cp_uwb\results\SIONNA_NATIVE_GEOMETRY_20260925_01a0d83b\SIONNA_SCENES\08a9b60413693b8becf7d0c48d29db54c45bbf82146edc50ad9dc5e662e17e03\concrete_t0p2.ply,results/SIONNA_NATIVE_GEOMETRY_20260925_01a0d83b/SIONNA_SCENES/08a9b60413693b8becf7d0c48d29db54c45bbf82146edc50ad9dc5e662e17e03/concrete_t0p2.ply,EXISTS,566,ab33a9ecf93d18f1267b1f31d9e0eac2e3ab0cf2dcd4d302db1e2b4a75610270,complete geometry revision required by FINAL_MANIFEST
GITHUB,D:\codex\raytracing_modules\rt_cp_uwb\results\SIONNA_NATIVE_GEOMETRY_20260925_01a0d83b\SIONNA_SCENES\08a9b60413693b8becf7d0c48d29db54c45bbf82146edc50ad9dc5e662e17e03\metal_t0p001.ply,results/SIONNA_NATIVE_GEOMETRY_20260925_01a0d83b/SIONNA_SCENES/08a9b60413693b8becf7d0c48d29db54c45bbf82146edc50ad9dc5e662e17e03/metal_t0p001.ply,EXISTS,222112,cf108e3cc0020c3392bbf7ff34ab1e9b65b2dc6d0bd1a98f7b417c0e45e67eef,complete geometry revision required by FINAL_MANIFEST
GITHUB,D:\codex\raytracing_modules\rt_cp_uwb\results\SIONNA_NATIVE_GEOMETRY_20260925_01a0d83b\SIONNA_SCENES\09a288d62f5cdbf25d3c3e65ffe083a6d56d1d436e26c69698560e01a3a4765d\concrete_t0p2.ply,results/SIONNA_NATIVE_GEOMETRY_20260925_01a0d83b/SIONNA_SCENES/09a288d62f5cdbf25d3c3e65ffe083a6d56d1d436e26c69698560e01a3a4765d/concrete_t0p2.ply,EXISTS,206,f3b299e71bb93460bca485e16bd123120da098cac539b9a7898cd1082130ae5c,complete geometry revision required by FINAL_MANIFEST
GITHUB,D:\codex\raytracing_modules\rt_cp_uwb\results\SIONNA_NATIVE_GEOMETRY_20260925_01a0d83b\SIONNA_SCENES\09a288d62f5cdbf25d3c3e65ffe083a6d56d1d436e26c69698560e01a3a4765d\plasterboard_t0p0125.ply,results/SIONNA_NATIVE_GEOMETRY_20260925_01a0d83b/SIONNA_SCENES/09a288d62f5cdbf25d3c3e65ffe083a6d56d1d436e26c69698560e01a3a4765d/plasterboard_t0p0125.ply,EXISTS,436,285343602e347b877794f54e655bcf7f429ae4ee895762f0e06fff2927b59adb,complete geometry revision required by FINAL_MANIFEST
GITHUB,D:\codex\raytracing_modules\rt_cp_uwb\results\SIONNA_NATIVE_GEOMETRY_20260925_01a0d83b\SIONNA_SCENES\0fbc78c2633d0d1467d97900fb2594c44a024d248019145cc08700571d98b92f\concrete_t0p05.ply,results/SIONNA_NATIVE_GEOMETRY_20260925_01a0d83b/SIONNA_SCENES/0fbc78c2633d0d1467d97900fb2594c44a024d248019145cc08700571d98b92f/concrete_t0p05.ply,EXISTS,3186,935f3b1dbad88ab5d3cee42dbc3b96b45e1fd33120c754dff40255b1c3a73135,complete geometry revision required by FINAL_MANIFEST
GITHUB,D:\codex\raytracing_modules\rt_cp_uwb\results\SIONNA_NATIVE_GEOMETRY_20260925_01a0d83b\SIONNA_SCENES\0fbc78c2633d0d1467d97900fb2594c44a024d248019145cc08700571d98b92f\concrete_t0p2.ply,results/SIONNA_NATIVE_GEOMETRY_20260925_01a0d83b/SIONNA_SCENES/0fbc78c2633d0d1467d97900fb2594c44a024d248019145cc08700571d98b92f/concrete_t0p2.ply,EXISTS,218,0d0b904f725ad158ebae4de7b59d76acda8d5cbe7ae2e5fe193b5b73c12f0f6a,complete geometry revision required by FINAL_MANIFEST
GITHUB,D:\codex\raytracing_modules\rt_cp_uwb\results\SIONNA_NATIVE_GEOMETRY_20260925_01a0d83b\SIONNA_SCENES\0fbc78c2633d0d1467d97900fb2594c44a024d248019145cc08700571d98b92f\plasterboard_t0p0125.ply,results/SIONNA_NATIVE_GEOMETRY_20260925_01a0d83b/SIONNA_SCENES/0fbc78c2633d0d1467d97900fb2594c44a024d248019145cc08700571d98b92f/plasterboard_t0p0125.ply,EXISTS,496,72d6465464fb3da972e1880430d77419b2fd6b4e41cf1980a2241307aed15ddf,complete geometry revision required by FINAL_MANIFEST
GITHUB,D:\codex\raytracing_modules\rt_cp_uwb\results\SIONNA_NATIVE_GEOMETRY_20260925_01a0d83b\SIONNA_SCENES\12a18a6b1c90ff756e2ab6953c54a9d43ee77db17aaf752f57dfc3cf42f86c68\brick_t0p1.ply,results/SIONNA_NATIVE_GEOMETRY_20260925_01a0d83b/SIONNA_SCENES/12a18a6b1c90ff756e2ab6953c54a9d43ee77db17aaf752f57dfc3cf42f86c68/brick_t0p1.ply,EXISTS,1958,7321e03b0184a05259211b96123382edc7b7666eb1248899c6b43815826a1fe4,complete geometry revision required by FINAL_MANIFEST
GITHUB,D:\codex\raytracing_modules\rt_cp_uwb\results\SIONNA_NATIVE_GEOMETRY_20260925_01a0d83b\SIONNA_SCENES\12a18a6b1c90ff756e2ab6953c54a9d43ee77db17aaf752f57dfc3cf42f86c68\concrete_t0p2.ply,results/SIONNA_NATIVE_GEOMETRY_20260925_01a0d83b/SIONNA_SCENES/12a18a6b1c90ff756e2ab6953c54a9d43ee77db17aaf752f57dfc3cf42f86c68/concrete_t0p2.ply,EXISTS,260,d735295722200c6896c632585c64713ffc579224ec7f5c37c65eb628728d2463,complete geometry revision required by FINAL_MANIFEST
GITHUB,D:\codex\raytracing_modules\rt_cp_uwb\results\SIONNA_NATIVE_GEOMETRY_20260925_01a0d83b\SIONNA_SCENES\12a18a6b1c90ff756e2ab6953c54a9d43ee77db17aaf752f57dfc3cf42f86c68\metal_t0p001.ply,results/SIONNA_NATIVE_GEOMETRY_20260925_01a0d83b/SIONNA_SCENES/12a18a6b1c90ff756e2ab6953c54a9d43ee77db17aaf752f57dfc3cf42f86c68/metal_t0p001.ply,EXISTS,1546,140aa1eed1b5996d1668db5d00500903bb5c60880fa7f840881f6ca8216380fc,complete geometry revision required by FINAL_MANIFEST
GITHUB,D:\codex\raytracing_modules\rt_cp_uwb\results\SIONNA_NATIVE_GEOMETRY_20260925_01a0d83b\SIONNA_SCENES\12a18a6b1c90ff756e2ab6953c54a9d43ee77db17aaf752f57dfc3cf42f86c68\wood_t0p04.ply,results/SIONNA_NATIVE_GEOMETRY_20260925_01a0d83b/SIONNA_SCENES/12a18a6b1c90ff756e2ab6953c54a9d43ee77db17aaf752f57dfc3cf42f86c68/wood_t0p04.ply,EXISTS,567,8d7aaa7797b1af693a1685f2337b4fef31fc51eec8e51257098bde5e5d445386,complete geometry revision required by FINAL_MANIFEST
GITHUB,D:\codex\raytracing_modules\rt_cp_uwb\results\SIONNA_NATIVE_GEOMETRY_20260925_01a0d83b\SIONNA_SCENES\13d9f34e5bc16172a284d5e5880c46eda060d26bb9fc2a84fcadec4edc5a34cd\chipboard_t0p012.ply,results/SIONNA_NATIVE_GEOMETRY_20260925_01a0d83b/SIONNA_SCENES/13d9f34e5bc16172a284d5e5880c46eda060d26bb9fc2a84fcadec4edc5a34cd/chipboard_t0p012.ply,EXISTS,31218,bd1aed011e77c4e7cbe8665905604cf04316b9fbfa5f67ab809b22ea2d86f67b,complete geometry revision required by FINAL_MANIFEST
GITHUB,D:\codex\raytracing_modules\rt_cp_uwb\results\SIONNA_NATIVE_GEOMETRY_20260925_01a0d83b\SIONNA_SCENES\13d9f34e5bc16172a284d5e5880c46eda060d26bb9fc2a84fcadec4edc5a34cd\concrete_t0p2.ply,results/SIONNA_NATIVE_GEOMETRY_20260925_01a0d83b/SIONNA_SCENES/13d9f34e5bc16172a284d5e5880c46eda060d26bb9fc2a84fcadec4edc5a34cd/concrete_t0p2.ply,EXISTS,218,9b474264a1f66eb497f335f7c368aca6d72e72322a8f6b38bccee1210062f254,complete geometry revision required by FINAL_MANIFEST
GITHUB,D:\codex\raytracing_modules\rt_cp_uwb\results\SIONNA_NATIVE_GEOMETRY_20260925_01a0d83b\SIONNA_SCENES\13d9f34e5bc16172a284d5e5880c46eda060d26bb9fc2a84fcadec4edc5a34cd\glass_t0p006.ply,results/SIONNA_NATIVE_GEOMETRY_20260925_01a0d83b/SIONNA_SCENES/13d9f34e5bc16172a284d5e5880c46eda060d26bb9fc2a84fcadec4edc5a34cd/glass_t0p006.ply,EXISTS,305,23c3f42b13ff02ae02175d27ae9b527f0e960de8a5405608c2b43cada6b75ffc,complete geometry revision required by FINAL_MANIFEST
GITHUB,D:\codex\raytracing_modules\rt_cp_uwb\results\SIONNA_NATIVE_GEOMETRY_20260925_01a0d83b\SIONNA_SCENES\13d9f34e5bc16172a284d5e5880c46eda060d26bb9fc2a84fcadec4edc5a34cd\metal_t0p001.ply,results/SIONNA_NATIVE_GEOMETRY_20260925_01a0d83b/SIONNA_SCENES/13d9f34e5bc16172a284d5e5880c46eda060d26bb9fc2a84fcadec4edc5a34cd/metal_t0p001.ply,EXISTS,40514,417436d7b28638e7c9e097442756806086c496bbffa3c94ddcb64f99b9558b4c,complete geometry revision required by FINAL_MANIFEST
GITHUB,D:\codex\raytracing_modules\rt_cp_uwb\results\SIONNA_NATIVE_GEOMETRY_20260925_01a0d83b\SIONNA_SCENES\13d9f34e5bc16172a284d5e5880c46eda060d26bb9fc2a84fcadec4edc5a34cd\plasterboard_t0p0125.ply,results/SIONNA_NATIVE_GEOMETRY_20260925_01a0d83b/SIONNA_SCENES/13d9f34e5bc16172a284d5e5880c46eda060d26bb9fc2a84fcadec4edc5a34cd/plasterboard_t0p0125.ply,EXISTS,967,3a1ba58a70c6c0b6eb451093eaa598f85d1870893d8db56cdac1f44e40584838,complete geometry revision required by FINAL_MANIFEST
GITHUB,D:\codex\raytracing_modules\rt_cp_uwb\results\SIONNA_NATIVE_GEOMETRY_20260925_01a0d83b\SIONNA_SCENES\142bde1884224a6d9dfa7bc47ce096d5ee64710d13258ca16bbb9c775912c96f\brick_t0p1.ply,results/SIONNA_NATIVE_GEOMETRY_20260925_01a0d83b/SIONNA_SCENES/142bde1884224a6d9dfa7bc47ce096d5ee64710d13258ca16bbb9c775912c96f/brick_t0p1.ply,EXISTS,1958,a033271392791d7fb9804055066064669118332404c7763780ddcd9a5e0c45f1,complete geometry revision required by FINAL_MANIFEST
GITHUB,D:\codex\raytracing_modules\rt_cp_uwb\results\SIONNA_NATIVE_GEOMETRY_20260925_01a0d83b\SIONNA_SCENES\142bde1884224a6d9dfa7bc47ce096d5ee64710d13258ca16bbb9c775912c96f\concrete_t0p2.ply,results/SIONNA_NATIVE_GEOMETRY_20260925_01a0d83b/SIONNA_SCENES/142bde1884224a6d9dfa7bc47ce096d5ee64710d13258ca16bbb9c775912c96f/concrete_t0p2.ply,EXISTS,260,d64a451a3f639f871f78ed7a6d956b0fb29f08d7ffd80af21ef36f912288c034,complete geometry revision required by FINAL_MANIFEST
GITHUB,D:\codex\raytracing_modules\rt_cp_uwb\results\SIONNA_NATIVE_GEOMETRY_20260925_01a0d83b\SIONNA_SCENES\142bde1884224a6d9dfa7bc47ce096d5ee64710d13258ca16bbb9c775912c96f\metal_t0p001.ply,results/SIONNA_NATIVE_GEOMETRY_20260925_01a0d83b/SIONNA_SCENES/142bde1884224a6d9dfa7bc47ce096d5ee64710d13258ca16bbb9c775912c96f/metal_t0p001.ply,EXISTS,1246,0d13acdacb8176fce996ab1a694e9da993aa6edfcdbf9390d45624433b6655de,complete geometry revision required by FINAL_MANIFEST
GITHUB,D:\codex\raytracing_modules\rt_cp_uwb\results\SIONNA_NATIVE_GEOMETRY_20260925_01a0d83b\SIONNA_SCENES\142bde1884224a6d9dfa7bc47ce096d5ee64710d13258ca16bbb9c775912c96f\wood_t0p04.ply,results/SIONNA_NATIVE_GEOMETRY_20260925_01a0d83b/SIONNA_SCENES/142bde1884224a6d9dfa7bc47ce096d5ee64710d13258ca16bbb9c775912c96f/wood_t0p04.ply,EXISTS,567,11d9091ac5f4006f4142061a71c132fb38660fe622ed38ef9fcc9c337f9417f7,complete geometry revision required by FINAL_MANIFEST
GITHUB,D:\codex\raytracing_modules\rt_cp_uwb\results\SIONNA_NATIVE_GEOMETRY_20260925_01a0d83b\SIONNA_SCENES\161fb0a08edb53b99a1edd252cf080069cdc0f0f9370b7aff939ce52ffaf85af\chipboard_t0p012.ply,results/SIONNA_NATIVE_GEOMETRY_20260925_01a0d83b/SIONNA_SCENES/161fb0a08edb53b99a1edd252cf080069cdc0f0f9370b7aff939ce52ffaf85af/chipboard_t0p012.ply,EXISTS,29155,22c58d925e02e248edaeaead604dc5e97f5ca1cc7ad91b7522c029e6c32d54d1,complete geometry revision required by FINAL_MANIFEST
GITHUB,D:\codex\raytracing_modules\rt_cp_uwb\results\SIONNA_NATIVE_GEOMETRY_20260925_01a0d83b\SIONNA_SCENES\161fb0a08edb53b99a1edd252cf080069cdc0f0f9370b7aff939ce52ffaf85af\concrete_t0p2.ply,results/SIONNA_NATIVE_GEOMETRY_20260925_01a0d83b/SIONNA_SCENES/161fb0a08edb53b99a1edd252cf080069cdc0f0f9370b7aff939ce52ffaf85af/concrete_t0p2.ply,EXISTS,215,13bb8e44a293d122b0b4b1be745c650f79222319f60b9e94e984635e5b971f2e,complete geometry revision required by FINAL_MANIFEST
GITHUB,D:\codex\raytracing_modules\rt_cp_uwb\results\SIONNA_NATIVE_GEOMETRY_20260925_01a0d83b\SIONNA_SCENES\161fb0a08edb53b99a1edd252cf080069cdc0f0f9370b7aff939ce52ffaf85af\glass_t0p006.ply,results/SIONNA_NATIVE_GEOMETRY_20260925_01a0d83b/SIONNA_SCENES/161fb0a08edb53b99a1edd252cf080069cdc0f0f9370b7aff939ce52ffaf85af/glass_t0p006.ply,EXISTS,416,9c682e41c0e25694f186a75d7b168c7a942878b05ee66374c5bf4f63984bb97d,complete geometry revision required by FINAL_MANIFEST
GITHUB,D:\codex\raytracing_modules\rt_cp_uwb\results\SIONNA_NATIVE_GEOMETRY_20260925_01a0d83b\SIONNA_SCENES\161fb0a08edb53b99a1edd252cf080069cdc0f0f9370b7aff939ce52ffaf85af\metal_t0p001.ply,results/SIONNA_NATIVE_GEOMETRY_20260925_01a0d83b/SIONNA_SCENES/161fb0a08edb53b99a1edd252cf080069cdc0f0f9370b7aff939ce52ffaf85af/metal_t0p001.ply,EXISTS,41766,516ab034cce2b16a85117462a31f6c83787fd65df01079a29b37ddbab3e8c523,complete geometry revision required by FINAL_MANIFEST
GITHUB,D:\codex\raytracing_modules\rt_cp_uwb\results\SIONNA_NATIVE_GEOMETRY_20260925_01a0d83b\SIONNA_SCENES\161fb0a08edb53b99a1edd252cf080069cdc0f0f9370b7aff939ce52ffaf85af\plasterboard_t0p0125.ply,results/SIONNA_NATIVE_GEOMETRY_20260925_01a0d83b/SIONNA_SCENES/161fb0a08edb53b99a1edd252cf080069cdc0f0f9370b7aff939ce52ffaf85af/plasterboard_t0p0125.ply,EXISTS,1489,e802b5f23a4a51de3020f6dcb8c42e91a1678542c746af88021132947d42c055,complete geometry revision required by FINAL_MANIFEST
GITHUB,D:\codex\raytracing_modules\rt_cp_uwb\results\SIONNA_NATIVE_GEOMETRY_20260925_01a0d83b\SIONNA_SCENES\1c6346869666d494725c009647f351754f52bb3376d9402a3283d6bba9263bd7\concrete_t0p2.ply,results/SIONNA_NATIVE_GEOMETRY_20260925_01a0d83b/SIONNA_SCENES/1c6346869666d494725c009647f351754f52bb3376d9402a3283d6bba9263bd7/concrete_t0p2.ply,EXISTS,212,436184b2622393f87985f3a864c0cb0c954cad67a29c2d397e0e9f60d81e9382,complete geometry revision required by FINAL_MANIFEST
GITHUB,D:\codex\raytracing_modules\rt_cp_uwb\results\SIONNA_NATIVE_GEOMETRY_20260925_01a0d83b\SIONNA_SCENES\1c6346869666d494725c009647f351754f52bb3376d9402a3283d6bba9263bd7\glass_t0p006.ply,results/SIONNA_NATIVE_GEOMETRY_20260925_01a0d83b/SIONNA_SCENES/1c6346869666d494725c009647f351754f52bb3376d9402a3283d6bba9263bd7/glass_t0p006.ply,EXISTS,371,c2a406cc044588ca10964be95954626b2a8ff784301156ee678be367b3e6bdaf,complete geometry revision required by FINAL_MANIFEST
GITHUB,D:\codex\raytracing_modules\rt_cp_uwb\results\SIONNA_NATIVE_GEOMETRY_20260925_01a0d83b\SIONNA_SCENES\1c6346869666d494725c009647f351754f52bb3376d9402a3283d6bba9263bd7\metal_t0p001.ply,results/SIONNA_NATIVE_GEOMETRY_20260925_01a0d83b/SIONNA_SCENES/1c6346869666d494725c009647f351754f52bb3376d9402a3283d6bba9263bd7/metal_t0p001.ply,EXISTS,39264,2ad4c89ac54883a5ca425263f55c7bd54eaca5789caeeee20f62d29a2117a94e,complete geometry revision required by FINAL_MANIFEST
GITHUB,D:\codex\raytracing_modules\rt_cp_uwb\results\SIONNA_NATIVE_GEOMETRY_20260925_01a0d83b\SIONNA_SCENES\1c6346869666d494725c009647f351754f52bb3376d9402a3283d6bba9263bd7\plasterboard_t0p0125.ply,results/SIONNA_NATIVE_GEOMETRY_20260925_01a0d83b/SIONNA_SCENES/1c6346869666d494725c009647f351754f52bb3376d9402a3283d6bba9263bd7/plasterboard_t0p0125.ply,EXISTS,1339,27084949226ce93a8a7dafdf24a157c558eb81f2696d3f8d1e5d13629cc99e16,complete geometry revision required by FINAL_MANIFEST
GITHUB,D:\codex\raytracing_modules\rt_cp_uwb\results\SIONNA_NATIVE_GEOMETRY_20260925_01a0d83b\SIONNA_SCENES\1d12bc00bae70719f5afc9ad46a40b171b1a806072c2b29d0401e86739c10059\concrete_t0p2.ply,results/SIONNA_NATIVE_GEOMETRY_20260925_01a0d83b/SIONNA_SCENES/1d12bc00bae70719f5afc9ad46a40b171b1a806072c2b29d0401e86739c10059/concrete_t0p2.ply,EXISTS,530,d8e9926344cfc0448958cccfd014561e6927af18871add912ebf3c77017882ba,complete geometry revision required by FINAL_MANIFEST
GITHUB,D:\codex\raytracing_modules\rt_cp_uwb\results\SIONNA_NATIVE_GEOMETRY_20260925_01a0d83b\SIONNA_SCENES\1d12bc00bae70719f5afc9ad46a40b171b1a806072c2b29d0401e86739c10059\metal_t0p001.ply,results/SIONNA_NATIVE_GEOMETRY_20260925_01a0d83b/SIONNA_SCENES/1d12bc00bae70719f5afc9ad46a40b171b1a806072c2b29d0401e86739c10059/metal_t0p001.ply,EXISTS,243380,cc756548521bd9a8d9921db8a87ac7b0224b52930b78581224cd3ad271e39851,complete geometry revision required by FINAL_MANIFEST
GITHUB,D:\codex\raytracing_modules\rt_cp_uwb\results\SIONNA_NATIVE_GEOMETRY_20260925_01a0d83b\SIONNA_SCENES\1efb005b351821e7736677a4daff426a26f121c433aa8caa9d7d498d2bd14b0a\concrete_t0p05.ply,results/SIONNA_NATIVE_GEOMETRY_20260925_01a0d83b/SIONNA_SCENES/1efb005b351821e7736677a4daff426a26f121c433aa8caa9d7d498d2bd14b0a/concrete_t0p05.ply,EXISTS,3090,9e9f09f078e9e92fb36612bec4dd8e2553a82127c0c55e2c350ca552bd8d84dc,complete geometry revision required by FINAL_MANIFEST
GITHUB,D:\codex\raytracing_modules\rt_cp_uwb\results\SIONNA_NATIVE_GEOMETRY_20260925_01a0d83b\SIONNA_SCENES\1efb005b351821e7736677a4daff426a26f121c433aa8caa9d7d498d2bd14b0a\concrete_t0p2.ply,results/SIONNA_NATIVE_GEOMETRY_20260925_01a0d83b/SIONNA_SCENES/1efb005b351821e7736677a4daff426a26f121c433aa8caa9d7d498d2bd14b0a/concrete_t0p2.ply,EXISTS,218,5f8e1d532f05a3e9441fc21451d3d5a9fc7ee6c2b4010c557734771c6dbcda6d,complete geometry revision required by FINAL_MANIFEST
GITHUB,D:\codex\raytracing_modules\rt_cp_uwb\results\SIONNA_NATIVE_GEOMETRY_20260925_01a0d83b\SIONNA_SCENES\1efb005b351821e7736677a4daff426a26f121c433aa8caa9d7d498d2bd14b0a\plasterboard_t0p0125.ply,results/SIONNA_NATIVE_GEOMETRY_20260925_01a0d83b/SIONNA_SCENES/1efb005b351821e7736677a4daff426a26f121c433aa8caa9d7d498d2bd14b0a/plasterboard_t0p0125.ply,EXISTS,496,4555297d97103b094d17eca0203ac228c70172cb61c45d8a4d1e7063c77472a2,complete geometry revision required by FINAL_MANIFEST
GITHUB,D:\codex\raytracing_modules\rt_cp_uwb\results\SIONNA_NATIVE_GEOMETRY_20260925_01a0d83b\SIONNA_SCENES\2025ac769e3088afda620dad713fc03675cea72535c71bc34257c26d9b642380\concrete_t0p2.ply,results/SIONNA_NATIVE_GEOMETRY_20260925_01a0d83b/SIONNA_SCENES/2025ac769e3088afda620dad713fc03675cea72535c71bc34257c26d9b642380/concrete_t0p2.ply,EXISTS,566,3abf9444ec84f0f01300d28af5b7a53ce3d14c983f5b5a46f9be5f49be91b1c5,complete geometry revision required by FINAL_MANIFEST
GITHUB,D:\codex\raytracing_modules\rt_cp_uwb\results\SIONNA_NATIVE_GEOMETRY_20260925_01a0d83b\SIONNA_SCENES\2025ac769e3088afda620dad713fc03675cea72535c71bc34257c26d9b642380\metal_t0p001.ply,results/SIONNA_NATIVE_GEOMETRY_20260925_01a0d83b/SIONNA_SCENES/2025ac769e3088afda620dad713fc03675cea72535c71bc34257c26d9b642380/metal_t0p001.ply,EXISTS,233842,d35e0ff3e77110d1263a9e571521df58021505a9f25b38dfbc6d3b05e5a0fa0e,complete geometry revision required by FINAL_MANIFEST
GITHUB,D:\codex\raytracing_modules\rt_cp_uwb\results\SIONNA_NATIVE_GEOMETRY_20260925_01a0d83b\SIONNA_SCENES\214f5414fe335937d6abaeb647b054b18c3bb777842475fabac8fa1dbbf86981\brick_t0p1.ply,results/SIONNA_NATIVE_GEOMETRY_20260925_01a0d83b/SIONNA_SCENES/214f5414fe335937d6abaeb647b054b18c3bb777842475fabac8fa1dbbf86981/brick_t0p1.ply,EXISTS,1253,f4c3f4e6a0b10bab1796206b0de78b87eebdcef32e35c0ae583fce0af21fadc8,complete geometry revision required by FINAL_MANIFEST
GITHUB,D:\codex\raytracing_modules\rt_cp_uwb\results\SIONNA_NATIVE_GEOMETRY_20260925_01a0d83b\SIONNA_SCENES\214f5414fe335937d6abaeb647b054b18c3bb777842475fabac8fa1dbbf86981\concrete_t0p2.ply,results/SIONNA_NATIVE_GEOMETRY_20260925_01a0d83b/SIONNA_SCENES/214f5414fe335937d6abaeb647b054b18c3bb777842475fabac8fa1dbbf86981/concrete_t0p2.ply,EXISTS,209,cdd4caffd0332308d4c209eb61602bff54613658642d501da737c507f29331c7,complete geometry revision required by FINAL_MANIFEST
GITHUB,D:\codex\raytracing_modules\rt_cp_uwb\results\SIONNA_NATIVE_GEOMETRY_20260925_01a0d83b\SIONNA_SCENES\214f5414fe335937d6abaeb647b054b18c3bb777842475fabac8fa1dbbf86981\metal_t0p001.ply,results/SIONNA_NATIVE_GEOMETRY_20260925_01a0d83b/SIONNA_SCENES/214f5414fe335937d6abaeb647b054b18c3bb777842475fabac8fa1dbbf86981/metal_t0p001.ply,EXISTS,1081,7c542d6733b7f8e9676292c62d876e97fa80e7358ca35a79ceeb771e8c09afac,complete geometry revision required by FINAL_MANIFEST
GITHUB,D:\codex\raytracing_modules\rt_cp_uwb\results\SIONNA_NATIVE_GEOMETRY_20260925_01a0d83b\SIONNA_SCENES\214f5414fe335937d6abaeb647b054b18c3bb777842475fabac8fa1dbbf86981\wood_t0p04.ply,results/SIONNA_NATIVE_GEOMETRY_20260925_01a0d83b/SIONNA_SCENES/214f5414fe335937d6abaeb647b054b18c3bb777842475fabac8fa1dbbf86981/wood_t0p04.ply,EXISTS,567,ca2a5d09b6b570ef60243e22701d38f4f892b4fa0d61fde00ef861a054118de6,complete geometry revision required by FINAL_MANIFEST
GITHUB,D:\codex\raytracing_modules\rt_cp_uwb\results\SIONNA_NATIVE_GEOMETRY_20260925_01a0d83b\SIONNA_SCENES\2c36dae2cdd7885aff51ad385cf0833ebb7b694a8669a62d1ef171c03bbe3eb6\chipboard_t0p012.ply,results/SIONNA_NATIVE_GEOMETRY_20260925_01a0d83b/SIONNA_SCENES/2c36dae2cdd7885aff51ad385cf0833ebb7b694a8669a62d1ef171c03bbe3eb6/chipboard_t0p012.ply,EXISTS,32317,ba321f626b7a84a2eb383cc3e3e575c6be7eea1405c64bb56ce5c42481043ad1,complete geometry revision required by FINAL_MANIFEST
GITHUB,D:\codex\raytracing_modules\rt_cp_uwb\results\SIONNA_NATIVE_GEOMETRY_20260925_01a0d83b\SIONNA_SCENES\2c36dae2cdd7885aff51ad385cf0833ebb7b694a8669a62d1ef171c03bbe3eb6\concrete_t0p2.ply,results/SIONNA_NATIVE_GEOMETRY_20260925_01a0d83b/SIONNA_SCENES/2c36dae2cdd7885aff51ad385cf0833ebb7b694a8669a62d1ef171c03bbe3eb6/concrete_t0p2.ply,EXISTS,206,fbe2373e316ab55267aa400d7e81ef0023ef7605e77a2904f72c9f79e2975ad6,complete geometry revision required by FINAL_MANIFEST
GITHUB,D:\codex\raytracing_modules\rt_cp_uwb\results\SIONNA_NATIVE_GEOMETRY_20260925_01a0d83b\SIONNA_SCENES\2c36dae2cdd7885aff51ad385cf0833ebb7b694a8669a62d1ef171c03bbe3eb6\glass_t0p006.ply,results/SIONNA_NATIVE_GEOMETRY_20260925_01a0d83b/SIONNA_SCENES/2c36dae2cdd7885aff51ad385cf0833ebb7b694a8669a62d1ef171c03bbe3eb6/glass_t0p006.ply,EXISTS,359,ef65d39a00ca0a7c5240379a7a7cb4eb3baab59a1b8125b8bf11f145f02bc317,complete geometry revision required by FINAL_MANIFEST
GITHUB,D:\codex\raytracing_modules\rt_cp_uwb\results\SIONNA_NATIVE_GEOMETRY_20260925_01a0d83b\SIONNA_SCENES\2c36dae2cdd7885aff51ad385cf0833ebb7b694a8669a62d1ef171c03bbe3eb6\metal_t0p001.ply,results/SIONNA_NATIVE_GEOMETRY_20260925_01a0d83b/SIONNA_SCENES/2c36dae2cdd7885aff51ad385cf0833ebb7b694a8669a62d1ef171c03bbe3eb6/metal_t0p001.ply,EXISTS,39836,68aa8d4a6c67713856f8c1a5d4e8af18c3dc003cd2a0838384bd5f83ef060f5d,complete geometry revision required by FINAL_MANIFEST
GITHUB,D:\codex\raytracing_modules\rt_cp_uwb\results\SIONNA_NATIVE_GEOMETRY_20260925_01a0d83b\SIONNA_SCENES\2c36dae2cdd7885aff51ad385cf0833ebb7b694a8669a62d1ef171c03bbe3eb6\plasterboard_t0p0125.ply,results/SIONNA_NATIVE_GEOMETRY_20260925_01a0d83b/SIONNA_SCENES/2c36dae2cdd7885aff51ad385cf0833ebb7b694a8669a62d1ef171c03bbe3eb6/plasterboard_t0p0125.ply,EXISTS,865,faf31a37e146ab4f03693cd31e168ee9510db9f7ccf27adbb51692f1e74c17df,complete geometry revision required by FINAL_MANIFEST
GITHUB,D:\codex\raytracing_modules\rt_cp_uwb\results\SIONNA_NATIVE_GEOMETRY_20260925_01a0d83b\SIONNA_SCENES\2e214ad962b96eb2faf4ef31b2a91fd7f734ba041dfbfc93c39d4934eac3f2e1\concrete_t0p2.ply,results/SIONNA_NATIVE_GEOMETRY_20260925_01a0d83b/SIONNA_SCENES/2e214ad962b96eb2faf4ef31b2a91fd7f734ba041dfbfc93c39d4934eac3f2e1/concrete_t0p2.ply,EXISTS,209,118031ca88df35f5be4e1d2e751b70920e998c17f37ec2be16992754ecf12d0f,complete geometry revision required by FINAL_MANIFEST
GITHUB,D:\codex\raytracing_modules\rt_cp_uwb\results\SIONNA_NATIVE_GEOMETRY_20260925_01a0d83b\SIONNA_SCENES\2e214ad962b96eb2faf4ef31b2a91fd7f734ba041dfbfc93c39d4934eac3f2e1\glass_t0p006.ply,results/SIONNA_NATIVE_GEOMETRY_20260925_01a0d83b/SIONNA_SCENES/2e214ad962b96eb2faf4ef31b2a91fd7f734ba041dfbfc93c39d4934eac3f2e1/glass_t0p006.ply,EXISTS,365,ace77f0292990d7cd486720428d542bb1a740c023452eee524477fd50fb36651,complete geometry revision required by FINAL_MANIFEST
GITHUB,D:\codex\raytracing_modules\rt_cp_uwb\results\SIONNA_NATIVE_GEOMETRY_20260925_01a0d83b\SIONNA_SCENES\2e214ad962b96eb2faf4ef31b2a91fd7f734ba041dfbfc93c39d4934eac3f2e1\metal_t0p001.ply,results/SIONNA_NATIVE_GEOMETRY_20260925_01a0d83b/SIONNA_SCENES/2e214ad962b96eb2faf4ef31b2a91fd7f734ba041dfbfc93c39d4934eac3f2e1/metal_t0p001.ply,EXISTS,39966,eedd56dc2e4e710a406ef1f0ac0bcf40d258a75bbc2d7cfc16b05667c0259d81,complete geometry revision required by FINAL_MANIFEST
GITHUB,D:\codex\raytracing_modules\rt_cp_uwb\results\SIONNA_NATIVE_GEOMETRY_20260925_01a0d83b\SIONNA_SCENES\2e214ad962b96eb2faf4ef31b2a91fd7f734ba041dfbfc93c39d4934eac3f2e1\plasterboard_t0p0125.ply,results/SIONNA_NATIVE_GEOMETRY_20260925_01a0d83b/SIONNA_SCENES/2e214ad962b96eb2faf4ef31b2a91fd7f734ba041dfbfc93c39d4934eac3f2e1/plasterboard_t0p0125.ply,EXISTS,946,25d4bab2a61206e60b542170bd135dbe0e61c112aca4338a905591cbb7a447ac,complete geometry revision required by FINAL_MANIFEST
GITHUB,D:\codex\raytracing_modules\rt_cp_uwb\results\SIONNA_NATIVE_GEOMETRY_20260925_01a0d83b\SIONNA_SCENES\2f02438b59f2a05c1dcd0d1d456c64150b7f1cdb746e2c1b551366cad35dbf9c\concrete_t0p2.ply,results/SIONNA_NATIVE_GEOMETRY_20260925_01a0d83b/SIONNA_SCENES/2f02438b59f2a05c1dcd0d1d456c64150b7f1cdb746e2c1b551366cad35dbf9c/concrete_t0p2.ply,EXISTS,212,b14bca5f9687ef2c8fa3642a29abbc826b3d4d4d73c1be4052480a11695ac6dd,complete geometry revision required by FINAL_MANIFEST
GITHUB,D:\codex\raytracing_modules\rt_cp_uwb\results\SIONNA_NATIVE_GEOMETRY_20260925_01a0d83b\SIONNA_SCENES\2f02438b59f2a05c1dcd0d1d456c64150b7f1cdb746e2c1b551366cad35dbf9c\glass_t0p006.ply,results/SIONNA_NATIVE_GEOMETRY_20260925_01a0d83b/SIONNA_SCENES/2f02438b59f2a05c1dcd0d1d456c64150b7f1cdb746e2c1b551366cad35dbf9c/glass_t0p006.ply,EXISTS,466,aea5025897cd6e5372b98d1fbdfe8cd136c3fae4709f6616318de0c1d8da37c2,complete geometry revision required by FINAL_MANIFEST
GITHUB,D:\codex\raytracing_modules\rt_cp_uwb\results\SIONNA_NATIVE_GEOMETRY_20260925_01a0d83b\SIONNA_SCENES\2f02438b59f2a05c1dcd0d1d456c64150b7f1cdb746e2c1b551366cad35dbf9c\plasterboard_t0p0125.ply,results/SIONNA_NATIVE_GEOMETRY_20260925_01a0d83b/SIONNA_SCENES/2f02438b59f2a05c1dcd0d1d456c64150b7f1cdb746e2c1b551366cad35dbf9c/plasterboard_t0p0125.ply,EXISTS,1217,ab1a99ee6ec02f2e6cf41aeb8a4cb2ed163dbd964ac52e81c039dcacc857bdb3,complete geometry revision required by FINAL_MANIFEST
GITHUB,D:\codex\raytracing_modules\rt_cp_uwb\results\SIONNA_NATIVE_GEOMETRY_20260925_01a0d83b\SIONNA_SCENES\2f02438b59f2a05c1dcd0d1d456c64150b7f1cdb746e2c1b551366cad35dbf9c\wood_t0p018.ply,results/SIONNA_NATIVE_GEOMETRY_20260925_01a0d83b/SIONNA_SCENES/2f02438b59f2a05c1dcd0d1d456c64150b7f1cdb746e2c1b551366cad35dbf9c/wood_t0p018.ply,EXISTS,70522,17a11d9eb295e79d8c946d1451caf6d595a5fdebd659f9f37db403db0e6d3eb2,complete geometry revision required by FINAL_MANIFEST
GITHUB,D:\codex\raytracing_modules\rt_cp_uwb\results\SIONNA_NATIVE_GEOMETRY_20260925_01a0d83b\SIONNA_SCENES\333c89a0164b513cd90ac6d990d0b56309ad563256ed2d3a91c89115f2908027\concrete_t0p05.ply,results/SIONNA_NATIVE_GEOMETRY_20260925_01a0d83b/SIONNA_SCENES/333c89a0164b513cd90ac6d990d0b56309ad563256ed2d3a91c89115f2908027/concrete_t0p05.ply,EXISTS,3186,a32ecb02c8cbfbc181552177fe0d15fab1a158df528d51835c1e9b593e2e6ec4,complete geometry revision required by FINAL_MANIFEST
GITHUB,D:\codex\raytracing_modules\rt_cp_uwb\results\SIONNA_NATIVE_GEOMETRY_20260925_01a0d83b\SIONNA_SCENES\333c89a0164b513cd90ac6d990d0b56309ad563256ed2d3a91c89115f2908027\concrete_t0p2.ply,results/SIONNA_NATIVE_GEOMETRY_20260925_01a0d83b/SIONNA_SCENES/333c89a0164b513cd90ac6d990d0b56309ad563256ed2d3a91c89115f2908027/concrete_t0p2.ply,EXISTS,218,c26f2327ad8afdfa6544a79b9874b79eea76eb4f4305cd3be87842d34423dbd4,complete geometry revision required by FINAL_MANIFEST
GITHUB,D:\codex\raytracing_modules\rt_cp_uwb\results\SIONNA_NATIVE_GEOMETRY_20260925_01a0d83b\SIONNA_SCENES\333c89a0164b513cd90ac6d990d0b56309ad563256ed2d3a91c89115f2908027\plasterboard_t0p0125.ply,results/SIONNA_NATIVE_GEOMETRY_20260925_01a0d83b/SIONNA_SCENES/333c89a0164b513cd90ac6d990d0b56309ad563256ed2d3a91c89115f2908027/plasterboard_t0p0125.ply,EXISTS,496,9efa9ec6a33a7c1c5fdc4c5da94909d106899e0c7cb2fc4398ec0b8a5511c07d,complete geometry revision required by FINAL_MANIFEST
GITHUB,D:\codex\raytracing_modules\rt_cp_uwb\results\SIONNA_NATIVE_GEOMETRY_20260925_01a0d83b\SIONNA_SCENES\3e2a6ce195c1b27fe2042ac9a659238f8c6092070e741e7ecdad2bf2eebe9b66\concrete_t0p2.ply,results/SIONNA_NATIVE_GEOMETRY_20260925_01a0d83b/SIONNA_SCENES/3e2a6ce195c1b27fe2042ac9a659238f8c6092070e741e7ecdad2bf2eebe9b66/concrete_t0p2.ply,EXISTS,212,2e3e0625961206ebeaf18c48d0506ae106d13990777df3ab1ad379df4a5c7bb0,complete geometry revision required by FINAL_MANIFEST
GITHUB,D:\codex\raytracing_modules\rt_cp_uwb\results\SIONNA_NATIVE_GEOMETRY_20260925_01a0d83b\SIONNA_SCENES\3e2a6ce195c1b27fe2042ac9a659238f8c6092070e741e7ecdad2bf2eebe9b66\glass_t0p006.ply,results/SIONNA_NATIVE_GEOMETRY_20260925_01a0d83b/SIONNA_SCENES/3e2a6ce195c1b27fe2042ac9a659238f8c6092070e741e7ecdad2bf2eebe9b66/glass_t0p006.ply,EXISTS,502,e2c7cfa2cab671e7a957c0c082dc801b84f02764528e496687467f98398c810d,complete geometry revision required by FINAL_MANIFEST
GITHUB,D:\codex\raytracing_modules\rt_cp_uwb\results\SIONNA_NATIVE_GEOMETRY_20260925_01a0d83b\SIONNA_SCENES\3e2a6ce195c1b27fe2042ac9a659238f8c6092070e741e7ecdad2bf2eebe9b66\plasterboard_t0p0125.ply,results/SIONNA_NATIVE_GEOMETRY_20260925_01a0d83b/SIONNA_SCENES/3e2a6ce195c1b27fe2042ac9a659238f8c6092070e741e7ecdad2bf2eebe9b66/plasterboard_t0p0125.ply,EXISTS,788,f16244df80f86405b92e0a5fe75a4d6ecfcc3e7d10a10c48cfc4face9fab19ef,complete geometry revision required by FINAL_MANIFEST
GITHUB,D:\codex\raytracing_modules\rt_cp_uwb\results\SIONNA_NATIVE_GEOMETRY_20260925_01a0d83b\SIONNA_SCENES\3e2a6ce195c1b27fe2042ac9a659238f8c6092070e741e7ecdad2bf2eebe9b66\wood_t0p018.ply,results/SIONNA_NATIVE_GEOMETRY_20260925_01a0d83b/SIONNA_SCENES/3e2a6ce195c1b27fe2042ac9a659238f8c6092070e741e7ecdad2bf2eebe9b66/wood_t0p018.ply,EXISTS,70520,3640aff88fe68dd5238d490104d4b237ebd138b08d7440d8678a92c33a797d11,complete geometry revision required by FINAL_MANIFEST
GITHUB,D:\codex\raytracing_modules\rt_cp_uwb\results\SIONNA_NATIVE_GEOMETRY_20260925_01a0d83b\SIONNA_SCENES\41e57fea8f96ebedc715e265be48fbb787dc94169b92de29fa983bda0b8786ca\chipboard_t0p012.ply,results/SIONNA_NATIVE_GEOMETRY_20260925_01a0d83b/SIONNA_SCENES/41e57fea8f96ebedc715e265be48fbb787dc94169b92de29fa983bda0b8786ca/chipboard_t0p012.ply,EXISTS,32317,d02497318805ca74fe96cbbf93b32e1015798836ab55d23fd7f9707e0a6915de,complete geometry revision required by FINAL_MANIFEST
GITHUB,D:\codex\raytracing_modules\rt_cp_uwb\results\SIONNA_NATIVE_GEOMETRY_20260925_01a0d83b\SIONNA_SCENES\41e57fea8f96ebedc715e265be48fbb787dc94169b92de29fa983bda0b8786ca\concrete_t0p2.ply,results/SIONNA_NATIVE_GEOMETRY_20260925_01a0d83b/SIONNA_SCENES/41e57fea8f96ebedc715e265be48fbb787dc94169b92de29fa983bda0b8786ca/concrete_t0p2.ply,EXISTS,206,0e025efffd3bcc91fa377ed462dfb023d5f5ca4c84f84a855a8babd31cb0d5aa,complete geometry revision required by FINAL_MANIFEST
GITHUB,D:\codex\raytracing_modules\rt_cp_uwb\results\SIONNA_NATIVE_GEOMETRY_20260925_01a0d83b\SIONNA_SCENES\41e57fea8f96ebedc715e265be48fbb787dc94169b92de29fa983bda0b8786ca\glass_t0p006.ply,results/SIONNA_NATIVE_GEOMETRY_20260925_01a0d83b/SIONNA_SCENES/41e57fea8f96ebedc715e265be48fbb787dc94169b92de29fa983bda0b8786ca/glass_t0p006.ply,EXISTS,410,20b710eb1158379e1479f5314cebafa60a886525ffd76b938807ab8496b6128a,complete geometry revision required by FINAL_MANIFEST
GITHUB,D:\codex\raytracing_modules\rt_cp_uwb\results\SIONNA_NATIVE_GEOMETRY_20260925_01a0d83b\SIONNA_SCENES\41e57fea8f96ebedc715e265be48fbb787dc94169b92de29fa983bda0b8786ca\metal_t0p001.ply,results/SIONNA_NATIVE_GEOMETRY_20260925_01a0d83b/SIONNA_SCENES/41e57fea8f96ebedc715e265be48fbb787dc94169b92de29fa983bda0b8786ca/metal_t0p001.ply,EXISTS,41766,84e242c8bef9253fe52704490ac2c4093ecee7e189c06bce68e7f778f9b56a03,complete geometry revision required by FINAL_MANIFEST
GITHUB,D:\codex\raytracing_modules\rt_cp_uwb\results\SIONNA_NATIVE_GEOMETRY_20260925_01a0d83b\SIONNA_SCENES\41e57fea8f96ebedc715e265be48fbb787dc94169b92de29fa983bda0b8786ca\plasterboard_t0p0125.ply,results/SIONNA_NATIVE_GEOMETRY_20260925_01a0d83b/SIONNA_SCENES/41e57fea8f96ebedc715e265be48fbb787dc94169b92de29fa983bda0b8786ca/plasterboard_t0p0125.ply,EXISTS,1018,3a46e75f615c3db09bcebc81ed2157a566d4f7303c4e1d933fa48228178818a3,complete geometry revision required by FINAL_MANIFEST
GITHUB,D:\codex\raytracing_modules\rt_cp_uwb\results\SIONNA_NATIVE_GEOMETRY_20260925_01a0d83b\SIONNA_SCENES\42bec093186840e9edd8c98c39d437b1db3da5621cbe2090e2cc72ab341a28b5\concrete_t0p05.ply,results/SIONNA_NATIVE_GEOMETRY_20260925_01a0d83b/SIONNA_SCENES/42bec093186840e9edd8c98c39d437b1db3da5621cbe2090e2cc72ab341a28b5/concrete_t0p05.ply,EXISTS,3714,2253d0a72d843910e40540f3c1886cb3e509dddf3af30390c0cd3dbc29af4b73,complete geometry revision required by FINAL_MANIFEST
GITHUB,D:\codex\raytracing_modules\rt_cp_uwb\results\SIONNA_NATIVE_GEOMETRY_20260925_01a0d83b\SIONNA_SCENES\42bec093186840e9edd8c98c39d437b1db3da5621cbe2090e2cc72ab341a28b5\concrete_t0p2.ply,results/SIONNA_NATIVE_GEOMETRY_20260925_01a0d83b/SIONNA_SCENES/42bec093186840e9edd8c98c39d437b1db3da5621cbe2090e2cc72ab341a28b5/concrete_t0p2.ply,EXISTS,212,7a53ebfae0cdd662769cf30de36d25f0ba428cebea832468ded4e0ad2888ce10,complete geometry revision required by FINAL_MANIFEST
GITHUB,D:\codex\raytracing_modules\rt_cp_uwb\results\SIONNA_NATIVE_GEOMETRY_20260925_01a0d83b\SIONNA_SCENES\42bec093186840e9edd8c98c39d437b1db3da5621cbe2090e2cc72ab341a28b5\plasterboard_t0p0125.ply,results/SIONNA_NATIVE_GEOMETRY_20260925_01a0d83b/SIONNA_SCENES/42bec093186840e9edd8c98c39d437b1db3da5621cbe2090e2cc72ab341a28b5/plasterboard_t0p0125.ply,EXISTS,466,db10aed0683d3fcf871b6c27e751b51d5df7d96f24e3b616b2258e79f51d0fd4,complete geometry revision required by FINAL_MANIFEST
GITHUB,D:\codex\raytracing_modules\rt_cp_uwb\results\SIONNA_NATIVE_GEOMETRY_20260925_01a0d83b\SIONNA_SCENES\4591ee1d5992fa886b68bcd1d17628e9b5c4431db348cf93b12b3d4d14c57ced\brick_t0p1.ply,results/SIONNA_NATIVE_GEOMETRY_20260925_01a0d83b/SIONNA_SCENES/4591ee1d5992fa886b68bcd1d17628e9b5c4431db348cf93b12b3d4d14c57ced/brick_t0p1.ply,EXISTS,1448,6433b8651807fd5f70f38b1b99c827dc3f39741a82e63007b6277a0bc8a1754b,complete geometry revision required by FINAL_MANIFEST
GITHUB,D:\codex\raytracing_modules\rt_cp_uwb\results\SIONNA_NATIVE_GEOMETRY_20260925_01a0d83b\SIONNA_SCENES\4591ee1d5992fa886b68bcd1d17628e9b5c4431db348cf93b12b3d4d14c57ced\concrete_t0p2.ply,results/SIONNA_NATIVE_GEOMETRY_20260925_01a0d83b/SIONNA_SCENES/4591ee1d5992fa886b68bcd1d17628e9b5c4431db348cf93b12b3d4d14c57ced/concrete_t0p2.ply,EXISTS,260,bfbfd5c358e3015f2f1d5b9540bda6c2831f3d07b7035026cf70469adabfad83,complete geometry revision required by FINAL_MANIFEST
GITHUB,D:\codex\raytracing_modules\rt_cp_uwb\results\SIONNA_NATIVE_GEOMETRY_20260925_01a0d83b\SIONNA_SCENES\4591ee1d5992fa886b68bcd1d17628e9b5c4431db348cf93b12b3d4d14c57ced\metal_t0p001.ply,results/SIONNA_NATIVE_GEOMETRY_20260925_01a0d83b/SIONNA_SCENES/4591ee1d5992fa886b68bcd1d17628e9b5c4431db348cf93b12b3d4d14c57ced/metal_t0p001.ply,EXISTS,1261,429009efb0e19ae3374173fd4f9f09d32c945412c1e30824b305f17f9212daf5,complete geometry revision required by FINAL_MANIFEST
GITHUB,D:\codex\raytracing_modules\rt_cp_uwb\results\SIONNA_NATIVE_GEOMETRY_20260925_01a0d83b\SIONNA_SCENES\4591ee1d5992fa886b68bcd1d17628e9b5c4431db348cf93b12b3d4d14c57ced\wood_t0p04.ply,results/SIONNA_NATIVE_GEOMETRY_20260925_01a0d83b/SIONNA_SCENES/4591ee1d5992fa886b68bcd1d17628e9b5c4431db348cf93b12b3d4d14c57ced/wood_t0p04.ply,EXISTS,567,3a2d6ef6c5ece22f6708f39466ea5943d8aeb84fc13829f90374e49313dcc909,complete geometry revision required by FINAL_MANIFEST
GITHUB,D:\codex\raytracing_modules\rt_cp_uwb\results\SIONNA_NATIVE_GEOMETRY_20260925_01a0d83b\SIONNA_SCENES\50e6f68429b7ea6a3af873ecea06eb9c9a0c36ab07f581fbfe6231c1f95ddc31\concrete_t0p2.ply,results/SIONNA_NATIVE_GEOMETRY_20260925_01a0d83b/SIONNA_SCENES/50e6f68429b7ea6a3af873ecea06eb9c9a0c36ab07f581fbfe6231c1f95ddc31/concrete_t0p2.ply,EXISTS,209,48d0858bfd6c7c337f076865dd355f68c920cf87f0776a987b88c74619bc002c,complete geometry revision required by FINAL_MANIFEST
GITHUB,D:\codex\raytracing_modules\rt_cp_uwb\results\SIONNA_NATIVE_GEOMETRY_20260925_01a0d83b\SIONNA_SCENES\50e6f68429b7ea6a3af873ecea06eb9c9a0c36ab07f581fbfe6231c1f95ddc31\plasterboard_t0p0125.ply,results/SIONNA_NATIVE_GEOMETRY_20260925_01a0d83b/SIONNA_SCENES/50e6f68429b7ea6a3af873ecea06eb9c9a0c36ab07f581fbfe6231c1f95ddc31/plasterboard_t0p0125.ply,EXISTS,487,c1c2f13215d02e17b12fa3f9c59a7e65a0e1f690ed1941acd5fcbdf3257a9213,complete geometry revision required by FINAL_MANIFEST
GITHUB,D:\codex\raytracing_modules\rt_cp_uwb\results\SIONNA_NATIVE_GEOMETRY_20260925_01a0d83b\SIONNA_SCENES\56d93a05fcc7afd407c4f90e1abea6026f3b81b8fede227f3bc1eda204fc77f5\brick_t0p1.ply,results/SIONNA_NATIVE_GEOMETRY_20260925_01a0d83b/SIONNA_SCENES/56d93a05fcc7afd407c4f90e1abea6026f3b81b8fede227f3bc1eda204fc77f5/brick_t0p1.ply,EXISTS,1958,ef16751f40493cf37138deadd8e9facadcd7fe128db4eb7a92300cfad23c7041,complete geometry revision required by FINAL_MANIFEST
GITHUB,D:\codex\raytracing_modules\rt_cp_uwb\results\SIONNA_NATIVE_GEOMETRY_20260925_01a0d83b\SIONNA_SCENES\56d93a05fcc7afd407c4f90e1abea6026f3b81b8fede227f3bc1eda204fc77f5\concrete_t0p2.ply,results/SIONNA_NATIVE_GEOMETRY_20260925_01a0d83b/SIONNA_SCENES/56d93a05fcc7afd407c4f90e1abea6026f3b81b8fede227f3bc1eda204fc77f5/concrete_t0p2.ply,EXISTS,260,cb32e26807a8193dc242d1555515fe04ccf6d50323fd3887ff81fefbf31e4e6f,complete geometry revision required by FINAL_MANIFEST
GITHUB,D:\codex\raytracing_modules\rt_cp_uwb\results\SIONNA_NATIVE_GEOMETRY_20260925_01a0d83b\SIONNA_SCENES\56d93a05fcc7afd407c4f90e1abea6026f3b81b8fede227f3bc1eda204fc77f5\metal_t0p001.ply,results/SIONNA_NATIVE_GEOMETRY_20260925_01a0d83b/SIONNA_SCENES/56d93a05fcc7afd407c4f90e1abea6026f3b81b8fede227f3bc1eda204fc77f5/metal_t0p001.ply,EXISTS,976,ccde8e368123e04561e15537a8f82b5b050927ed3a9385cfb05abcfd21ea8dda,complete geometry revision required by FINAL_MANIFEST
GITHUB,D:\codex\raytracing_modules\rt_cp_uwb\results\SIONNA_NATIVE_GEOMETRY_20260925_01a0d83b\SIONNA_SCENES\56d93a05fcc7afd407c4f90e1abea6026f3b81b8fede227f3bc1eda204fc77f5\wood_t0p04.ply,results/SIONNA_NATIVE_GEOMETRY_20260925_01a0d83b/SIONNA_SCENES/56d93a05fcc7afd407c4f90e1abea6026f3b81b8fede227f3bc1eda204fc77f5/wood_t0p04.ply,EXISTS,567,1558e1961f538a3addf6f95c982cb240fb15b932d612a97f2a170b719cdd58e0,complete geometry revision required by FINAL_MANIFEST
GITHUB,D:\codex\raytracing_modules\rt_cp_uwb\results\SIONNA_NATIVE_GEOMETRY_20260925_01a0d83b\SIONNA_SCENES\58761a88cac72944b811f9e355879d7e33d180ec857aa3e8704e753c7fbb70ce\chipboard_t0p012.ply,results/SIONNA_NATIVE_GEOMETRY_20260925_01a0d83b/SIONNA_SCENES/58761a88cac72944b811f9e355879d7e33d180ec857aa3e8704e753c7fbb70ce/chipboard_t0p012.ply,EXISTS,31284,5527b21c0c7fed104c6e9be04a4f985d501797ef186cf8d924618e25de25c7e8,complete geometry revision required by FINAL_MANIFEST
GITHUB,D:\codex\raytracing_modules\rt_cp_uwb\results\SIONNA_NATIVE_GEOMETRY_20260925_01a0d83b\SIONNA_SCENES\58761a88cac72944b811f9e355879d7e33d180ec857aa3e8704e753c7fbb70ce\concrete_t0p2.ply,results/SIONNA_NATIVE_GEOMETRY_20260925_01a0d83b/SIONNA_SCENES/58761a88cac72944b811f9e355879d7e33d180ec857aa3e8704e753c7fbb70ce/concrete_t0p2.ply,EXISTS,212,b8739bbf69f796977f1a9a76a259449fd0646af0ae79a03e0d0b975f96e74f97,complete geometry revision required by FINAL_MANIFEST
GITHUB,D:\codex\raytracing_modules\rt_cp_uwb\results\SIONNA_NATIVE_GEOMETRY_20260925_01a0d83b\SIONNA_SCENES\58761a88cac72944b811f9e355879d7e33d180ec857aa3e8704e753c7fbb70ce\glass_t0p006.ply,results/SIONNA_NATIVE_GEOMETRY_20260925_01a0d83b/SIONNA_SCENES/58761a88cac72944b811f9e355879d7e33d180ec857aa3e8704e753c7fbb70ce/glass_t0p006.ply,EXISTS,422,a2e896cf4d0fa6cbb593d1de2004d5c73034261f1a8838c0ef25deab8692cc21,complete geometry revision required by FINAL_MANIFEST
GITHUB,D:\codex\raytracing_modules\rt_cp_uwb\results\SIONNA_NATIVE_GEOMETRY_20260925_01a0d83b\SIONNA_SCENES\58761a88cac72944b811f9e355879d7e33d180ec857aa3e8704e753c7fbb70ce\metal_t0p001.ply,results/SIONNA_NATIVE_GEOMETRY_20260925_01a0d83b/SIONNA_SCENES/58761a88cac72944b811f9e355879d7e33d180ec857aa3e8704e753c7fbb70ce/metal_t0p001.ply,EXISTS,38666,1a23a05871051c889927822818e1ad7642139df5ed550f3b82e36d95e01b68b0,complete geometry revision required by FINAL_MANIFEST
GITHUB,D:\codex\raytracing_modules\rt_cp_uwb\results\SIONNA_NATIVE_GEOMETRY_20260925_01a0d83b\SIONNA_SCENES\58761a88cac72944b811f9e355879d7e33d180ec857aa3e8704e753c7fbb70ce\plasterboard_t0p0125.ply,results/SIONNA_NATIVE_GEOMETRY_20260925_01a0d83b/SIONNA_SCENES/58761a88cac72944b811f9e355879d7e33d180ec857aa3e8704e753c7fbb70ce/plasterboard_t0p0125.ply,EXISTS,1084,c63e1a78f353d8e862df41637d24d5b40dba9b3640cd0a2c13143dc5a07f3f91,complete geometry revision required by FINAL_MANIFEST
GITHUB,D:\codex\raytracing_modules\rt_cp_uwb\results\SIONNA_NATIVE_GEOMETRY_20260925_01a0d83b\SIONNA_SCENES\5dd0c84b25e053f0cc5ff083ce740bea9a88ac6590a100ec6ec8cadda18fc59f\concrete_t0p2.ply,results/SIONNA_NATIVE_GEOMETRY_20260925_01a0d83b/SIONNA_SCENES/5dd0c84b25e053f0cc5ff083ce740bea9a88ac6590a100ec6ec8cadda18fc59f/concrete_t0p2.ply,EXISTS,212,d215e296d2a7b7a4b5878a4af26ad2de0ccaf11013cc4c487e6e5af8ac4fe583,complete geometry revision required by FINAL_MANIFEST
GITHUB,D:\codex\raytracing_modules\rt_cp_uwb\results\SIONNA_NATIVE_GEOMETRY_20260925_01a0d83b\SIONNA_SCENES\5dd0c84b25e053f0cc5ff083ce740bea9a88ac6590a100ec6ec8cadda18fc59f\glass_t0p006.ply,results/SIONNA_NATIVE_GEOMETRY_20260925_01a0d83b/SIONNA_SCENES/5dd0c84b25e053f0cc5ff083ce740bea9a88ac6590a100ec6ec8cadda18fc59f/glass_t0p006.ply,EXISTS,410,c8b34c2f407b95436b577d8b8a051a2376776b80a7bc3564027bcdf6a5fd0c3c,complete geometry revision required by FINAL_MANIFEST
GITHUB,D:\codex\raytracing_modules\rt_cp_uwb\results\SIONNA_NATIVE_GEOMETRY_20260925_01a0d83b\SIONNA_SCENES\5dd0c84b25e053f0cc5ff083ce740bea9a88ac6590a100ec6ec8cadda18fc59f\metal_t0p001.ply,results/SIONNA_NATIVE_GEOMETRY_20260925_01a0d83b/SIONNA_SCENES/5dd0c84b25e053f0cc5ff083ce740bea9a88ac6590a100ec6ec8cadda18fc59f/metal_t0p001.ply,EXISTS,39212,7c04aef03743a48b7d7f3001d6e0724fd4fa186cef2304b055906f20f4d6c76c,complete geometry revision required by FINAL_MANIFEST
GITHUB,D:\codex\raytracing_modules\rt_cp_uwb\results\SIONNA_NATIVE_GEOMETRY_20260925_01a0d83b\SIONNA_SCENES\5dd0c84b25e053f0cc5ff083ce740bea9a88ac6590a100ec6ec8cadda18fc59f\plasterboard_t0p0125.ply,results/SIONNA_NATIVE_GEOMETRY_20260925_01a0d83b/SIONNA_SCENES/5dd0c84b25e053f0cc5ff083ce740bea9a88ac6590a100ec6ec8cadda18fc59f/plasterboard_t0p0125.ply,EXISTS,1048,0c273d52d88bd213457b6e309335a18625bf1bef0284aa5a361931c453ae15ed,complete geometry revision required by FINAL_MANIFEST
GITHUB,D:\codex\raytracing_modules\rt_cp_uwb\results\SIONNA_NATIVE_GEOMETRY_20260925_01a0d83b\SIONNA_SCENES\6c6eb0fb98310bbafdc4b514b874baeb4af210c2db394c819ce56fd7078a0ac6\concrete_t0p05.ply,results/SIONNA_NATIVE_GEOMETRY_20260925_01a0d83b/SIONNA_SCENES/6c6eb0fb98310bbafdc4b514b874baeb4af210c2db394c819ce56fd7078a0ac6/concrete_t0p05.ply,EXISTS,3090,022c8894ddb625637b289af06ee804936e4422a69535605fcc8be2f3de949fda,complete geometry revision required by FINAL_MANIFEST
GITHUB,D:\codex\raytracing_modules\rt_cp_uwb\results\SIONNA_NATIVE_GEOMETRY_20260925_01a0d83b\SIONNA_SCENES\6c6eb0fb98310bbafdc4b514b874baeb4af210c2db394c819ce56fd7078a0ac6\concrete_t0p2.ply,results/SIONNA_NATIVE_GEOMETRY_20260925_01a0d83b/SIONNA_SCENES/6c6eb0fb98310bbafdc4b514b874baeb4af210c2db394c819ce56fd7078a0ac6/concrete_t0p2.ply,EXISTS,212,f3f072b882c54d45997e99ba443d699fafd8e25bf94a3a9e2c96442806226ca6,complete geometry revision required by FINAL_MANIFEST
GITHUB,D:\codex\raytracing_modules\rt_cp_uwb\results\SIONNA_NATIVE_GEOMETRY_20260925_01a0d83b\SIONNA_SCENES\6c6eb0fb98310bbafdc4b514b874baeb4af210c2db394c819ce56fd7078a0ac6\plasterboard_t0p0125.ply,results/SIONNA_NATIVE_GEOMETRY_20260925_01a0d83b/SIONNA_SCENES/6c6eb0fb98310bbafdc4b514b874baeb4af210c2db394c819ce56fd7078a0ac6/plasterboard_t0p0125.ply,EXISTS,466,e11009826d49f74a9d7372ffd54d3e0a00ce4c9f237f38ba6cae6fa9557a4087,complete geometry revision required by FINAL_MANIFEST
GITHUB,D:\codex\raytracing_modules\rt_cp_uwb\results\SIONNA_NATIVE_GEOMETRY_20260925_01a0d83b\SIONNA_SCENES\6ef631c38d97a1d4314283cc5daacd04ba297778761583e33bff803ddf28ccee\concrete_t0p2.ply,results/SIONNA_NATIVE_GEOMETRY_20260925_01a0d83b/SIONNA_SCENES/6ef631c38d97a1d4314283cc5daacd04ba297778761583e33bff803ddf28ccee/concrete_t0p2.ply,EXISTS,209,7056bbf411a561685efb21fa5097cf7d33792468a45b2806468a3386cdc403cb,complete geometry revision required by FINAL_MANIFEST
GITHUB,D:\codex\raytracing_modules\rt_cp_uwb\results\SIONNA_NATIVE_GEOMETRY_20260925_01a0d83b\SIONNA_SCENES\6ef631c38d97a1d4314283cc5daacd04ba297778761583e33bff803ddf28ccee\glass_t0p006.ply,results/SIONNA_NATIVE_GEOMETRY_20260925_01a0d83b/SIONNA_SCENES/6ef631c38d97a1d4314283cc5daacd04ba297778761583e33bff803ddf28ccee/glass_t0p006.ply,EXISTS,365,1607af51526737f40b6b054a14e204a4b9848aaf60c85564bd85dc55dbad218e,complete geometry revision required by FINAL_MANIFEST
GITHUB,D:\codex\raytracing_modules\rt_cp_uwb\results\SIONNA_NATIVE_GEOMETRY_20260925_01a0d83b\SIONNA_SCENES\6ef631c38d97a1d4314283cc5daacd04ba297778761583e33bff803ddf28ccee\metal_t0p001.ply,results/SIONNA_NATIVE_GEOMETRY_20260925_01a0d83b/SIONNA_SCENES/6ef631c38d97a1d4314283cc5daacd04ba297778761583e33bff803ddf28ccee/metal_t0p001.ply,EXISTS,39966,9128f3b54fb023c88861451e7abebc55b7ec1977605e32f1c458600f483f2b9a,complete geometry revision required by FINAL_MANIFEST
GITHUB,D:\codex\raytracing_modules\rt_cp_uwb\results\SIONNA_NATIVE_GEOMETRY_20260925_01a0d83b\SIONNA_SCENES\6ef631c38d97a1d4314283cc5daacd04ba297778761583e33bff803ddf28ccee\plasterboard_t0p0125.ply,results/SIONNA_NATIVE_GEOMETRY_20260925_01a0d83b/SIONNA_SCENES/6ef631c38d97a1d4314283cc5daacd04ba297778761583e33bff803ddf28ccee/plasterboard_t0p0125.ply,EXISTS,898,e3a8d1f2d95c0e62139d07fc105a2be44becdf355d84cd27fbbc9bd05b0ac4c2,complete geometry revision required by FINAL_MANIFEST
GITHUB,D:\codex\raytracing_modules\rt_cp_uwb\results\SIONNA_NATIVE_GEOMETRY_20260925_01a0d83b\SIONNA_SCENES\6f4eef894fab42561ff8a94e4515778d869127a45cd1aee902f03fbba4f3843c\concrete_t0p05.ply,results/SIONNA_NATIVE_GEOMETRY_20260925_01a0d83b/SIONNA_SCENES/6f4eef894fab42561ff8a94e4515778d869127a45cd1aee902f03fbba4f3843c/concrete_t0p05.ply,EXISTS,2562,ad6bd6ea6ffbf4943e9ea9f0cbcfdd2f794ffe6d006236a0f4a750779afe2631,complete geometry revision required by FINAL_MANIFEST
GITHUB,D:\codex\raytracing_modules\rt_cp_uwb\results\SIONNA_NATIVE_GEOMETRY_20260925_01a0d83b\SIONNA_SCENES\6f4eef894fab42561ff8a94e4515778d869127a45cd1aee902f03fbba4f3843c\concrete_t0p2.ply,results/SIONNA_NATIVE_GEOMETRY_20260925_01a0d83b/SIONNA_SCENES/6f4eef894fab42561ff8a94e4515778d869127a45cd1aee902f03fbba4f3843c/concrete_t0p2.ply,EXISTS,215,a92e5495ecf37449818771b8cbcb1ce945b06efb3148e8d309d6cd3142f5efe5,complete geometry revision required by FINAL_MANIFEST
GITHUB,D:\codex\raytracing_modules\rt_cp_uwb\results\SIONNA_NATIVE_GEOMETRY_20260925_01a0d83b\SIONNA_SCENES\6f4eef894fab42561ff8a94e4515778d869127a45cd1aee902f03fbba4f3843c\plasterboard_t0p0125.ply,results/SIONNA_NATIVE_GEOMETRY_20260925_01a0d83b/SIONNA_SCENES/6f4eef894fab42561ff8a94e4515778d869127a45cd1aee902f03fbba4f3843c/plasterboard_t0p0125.ply,EXISTS,517,d6fa2372df7015db5faefa111a656e5312f4d671eb8d71b2a83651cd0a1c782a,complete geometry revision required by FINAL_MANIFEST
GITHUB,D:\codex\raytracing_modules\rt_cp_uwb\results\SIONNA_NATIVE_GEOMETRY_20260925_01a0d83b\SIONNA_SCENES\7386d8d92284c054ebefb1b033cebfa78fc2a0825edbca01a31d2ed9fd310f37\concrete_t0p2.ply,results/SIONNA_NATIVE_GEOMETRY_20260925_01a0d83b/SIONNA_SCENES/7386d8d92284c054ebefb1b033cebfa78fc2a0825edbca01a31d2ed9fd310f37/concrete_t0p2.ply,EXISTS,212,69dd5466a816092cdc54e2a0b6d8444b1aedd2fe790db6901e25e7f61524b6e9,complete geometry revision required by FINAL_MANIFEST
GITHUB,D:\codex\raytracing_modules\rt_cp_uwb\results\SIONNA_NATIVE_GEOMETRY_20260925_01a0d83b\SIONNA_SCENES\7386d8d92284c054ebefb1b033cebfa78fc2a0825edbca01a31d2ed9fd310f37\glass_t0p006.ply,results/SIONNA_NATIVE_GEOMETRY_20260925_01a0d83b/SIONNA_SCENES/7386d8d92284c054ebefb1b033cebfa78fc2a0825edbca01a31d2ed9fd310f37/glass_t0p006.ply,EXISTS,466,2920c2021158da7288616bacb3cd58ea99e4013f7d85269ab633a43a10ae062b,complete geometry revision required by FINAL_MANIFEST
GITHUB,D:\codex\raytracing_modules\rt_cp_uwb\results\SIONNA_NATIVE_GEOMETRY_20260925_01a0d83b\SIONNA_SCENES\7386d8d92284c054ebefb1b033cebfa78fc2a0825edbca01a31d2ed9fd310f37\plasterboard_t0p0125.ply,results/SIONNA_NATIVE_GEOMETRY_20260925_01a0d83b/SIONNA_SCENES/7386d8d92284c054ebefb1b033cebfa78fc2a0825edbca01a31d2ed9fd310f37/plasterboard_t0p0125.ply,EXISTS,761,53a20c4c5c3e7a8e83ece68a4fdf7859dbd2a7d1d3aab98a37f6e50fb9fe33d7,complete geometry revision required by FINAL_MANIFEST
GITHUB,D:\codex\raytracing_modules\rt_cp_uwb\results\SIONNA_NATIVE_GEOMETRY_20260925_01a0d83b\SIONNA_SCENES\7386d8d92284c054ebefb1b033cebfa78fc2a0825edbca01a31d2ed9fd310f37\wood_t0p018.ply,results/SIONNA_NATIVE_GEOMETRY_20260925_01a0d83b/SIONNA_SCENES/7386d8d92284c054ebefb1b033cebfa78fc2a0825edbca01a31d2ed9fd310f37/wood_t0p018.ply,EXISTS,70489,01b924d507132ab65a52bd08336020b029b559e3520541188ec1826dfc697802,complete geometry revision required by FINAL_MANIFEST
GITHUB,D:\codex\raytracing_modules\rt_cp_uwb\results\SIONNA_NATIVE_GEOMETRY_20260925_01a0d83b\SIONNA_SCENES\7785b856be144e8bfd1aeef05ae681788c0748f1fca66f68f7b9e9f594d1696a\concrete_t0p2.ply,results/SIONNA_NATIVE_GEOMETRY_20260925_01a0d83b/SIONNA_SCENES/7785b856be144e8bfd1aeef05ae681788c0748f1fca66f68f7b9e9f594d1696a/concrete_t0p2.ply,EXISTS,212,9afe07828d85d6ccac747e9644c73afdbe2eafea2444cd2f8dd2eb9a26267442,complete geometry revision required by FINAL_MANIFEST
GITHUB,D:\codex\raytracing_modules\rt_cp_uwb\results\SIONNA_NATIVE_GEOMETRY_20260925_01a0d83b\SIONNA_SCENES\7785b856be144e8bfd1aeef05ae681788c0748f1fca66f68f7b9e9f594d1696a\plasterboard_t0p0125.ply,results/SIONNA_NATIVE_GEOMETRY_20260925_01a0d83b/SIONNA_SCENES/7785b856be144e8bfd1aeef05ae681788c0748f1fca66f68f7b9e9f594d1696a/plasterboard_t0p0125.ply,EXISTS,772,86b013768804c85d1dafd5936038fab6179d5c16c398b0d0e45e967dabee74f2,complete geometry revision required by FINAL_MANIFEST
GITHUB,D:\codex\raytracing_modules\rt_cp_uwb\results\SIONNA_NATIVE_GEOMETRY_20260925_01a0d83b\SIONNA_SCENES\78988b2e52035c6b85aac16d78bea395d8569137b6f2f91546f7e0fe5f89d25f\concrete_t0p05.ply,results/SIONNA_NATIVE_GEOMETRY_20260925_01a0d83b/SIONNA_SCENES/78988b2e52035c6b85aac16d78bea395d8569137b6f2f91546f7e0fe5f89d25f/concrete_t0p05.ply,EXISTS,3090,029b24dba8f97a9602897821d752eec4700f00d5d836b9d2aaa35563ab0fdb04,complete geometry revision required by FINAL_MANIFEST
GITHUB,D:\codex\raytracing_modules\rt_cp_uwb\results\SIONNA_NATIVE_GEOMETRY_20260925_01a0d83b\SIONNA_SCENES\78988b2e52035c6b85aac16d78bea395d8569137b6f2f91546f7e0fe5f89d25f\concrete_t0p2.ply,results/SIONNA_NATIVE_GEOMETRY_20260925_01a0d83b/SIONNA_SCENES/78988b2e52035c6b85aac16d78bea395d8569137b6f2f91546f7e0fe5f89d25f/concrete_t0p2.ply,EXISTS,209,f95aba4bc858f4173d94b63c64ecc80e9a2e4dc7916cb36bae0d284aeefed548,complete geometry revision required by FINAL_MANIFEST
GITHUB,D:\codex\raytracing_modules\rt_cp_uwb\results\SIONNA_NATIVE_GEOMETRY_20260925_01a0d83b\SIONNA_SCENES\78988b2e52035c6b85aac16d78bea395d8569137b6f2f91546f7e0fe5f89d25f\plasterboard_t0p0125.ply,results/SIONNA_NATIVE_GEOMETRY_20260925_01a0d83b/SIONNA_SCENES/78988b2e52035c6b85aac16d78bea395d8569137b6f2f91546f7e0fe5f89d25f/plasterboard_t0p0125.ply,EXISTS,451,0bc617e3c0f002236e9d1516fd8da3d23b74f3f97260f8a9e8998da0f71695bc,complete geometry revision required by FINAL_MANIFEST
GITHUB,D:\codex\raytracing_modules\rt_cp_uwb\results\SIONNA_NATIVE_GEOMETRY_20260925_01a0d83b\SIONNA_SCENES\7c8274b8560d0a0c5acba7a0bb2a6ab125a7d5fcabdbe9c795e509728da577f1\concrete_t0p2.ply,results/SIONNA_NATIVE_GEOMETRY_20260925_01a0d83b/SIONNA_SCENES/7c8274b8560d0a0c5acba7a0bb2a6ab125a7d5fcabdbe9c795e509728da577f1/concrete_t0p2.ply,EXISTS,215,312ff30c29c115a8b791e7c0328182e1c6944ee1605db62d5f1e1f6c291343c3,complete geometry revision required by FINAL_MANIFEST
GITHUB,D:\codex\raytracing_modules\rt_cp_uwb\results\SIONNA_NATIVE_GEOMETRY_20260925_01a0d83b\SIONNA_SCENES\7c8274b8560d0a0c5acba7a0bb2a6ab125a7d5fcabdbe9c795e509728da577f1\plasterboard_t0p0125.ply,results/SIONNA_NATIVE_GEOMETRY_20260925_01a0d83b/SIONNA_SCENES/7c8274b8560d0a0c5acba7a0bb2a6ab125a7d5fcabdbe9c795e509728da577f1/plasterboard_t0p0125.ply,EXISTS,481,f4cc88cea316799bb4c9a5f6163e660781d4879936aa31b71fe2588f15fdd70c,complete geometry revision required by FINAL_MANIFEST
GITHUB,D:\codex\raytracing_modules\rt_cp_uwb\results\SIONNA_NATIVE_GEOMETRY_20260925_01a0d83b\SIONNA_SCENES\7d572d7a334860415cffdf0e8ec560b1a8363c6011f26f228bef52059c8ee741\concrete_t0p05.ply,results/SIONNA_NATIVE_GEOMETRY_20260925_01a0d83b/SIONNA_SCENES/7d572d7a334860415cffdf0e8ec560b1a8363c6011f26f228bef52059c8ee741/concrete_t0p05.ply,EXISTS,2562,37177c9da73d3684a92623737f0b17e976eb47692424b4407628745a038e659f,complete geometry revision required by FINAL_MANIFEST
GITHUB,D:\codex\raytracing_modules\rt_cp_uwb\results\SIONNA_NATIVE_GEOMETRY_20260925_01a0d83b\SIONNA_SCENES\7d572d7a334860415cffdf0e8ec560b1a8363c6011f26f228bef52059c8ee741\concrete_t0p2.ply,results/SIONNA_NATIVE_GEOMETRY_20260925_01a0d83b/SIONNA_SCENES/7d572d7a334860415cffdf0e8ec560b1a8363c6011f26f228bef52059c8ee741/concrete_t0p2.ply,EXISTS,209,f8b0f56411410a84b546a2693748c7e860b32942e27203b17e9e30db9a98acba,complete geometry revision required by FINAL_MANIFEST
GITHUB,D:\codex\raytracing_modules\rt_cp_uwb\results\SIONNA_NATIVE_GEOMETRY_20260925_01a0d83b\SIONNA_SCENES\7d572d7a334860415cffdf0e8ec560b1a8363c6011f26f228bef52059c8ee741\plasterboard_t0p0125.ply,results/SIONNA_NATIVE_GEOMETRY_20260925_01a0d83b/SIONNA_SCENES/7d572d7a334860415cffdf0e8ec560b1a8363c6011f26f228bef52059c8ee741/plasterboard_t0p0125.ply,EXISTS,487,dda697b5c2f33f651deda6c76a82d2c94d1a5f29adcb93d00d979961050cf06f,complete geometry revision required by FINAL_MANIFEST
GITHUB,D:\codex\raytracing_modules\rt_cp_uwb\results\SIONNA_NATIVE_GEOMETRY_20260925_01a0d83b\SIONNA_SCENES\7d7fa06eba36ba16ef2690cb2b66fac98a1d37f4d2b08e6e3aa696c652afb276\concrete_t0p2.ply,results/SIONNA_NATIVE_GEOMETRY_20260925_01a0d83b/SIONNA_SCENES/7d7fa06eba36ba16ef2690cb2b66fac98a1d37f4d2b08e6e3aa696c652afb276/concrete_t0p2.ply,EXISTS,206,ee7632da7f258c2df5e7420f5de4dc22590f14c1fac1bb5f043289a760fcbc85,complete geometry revision required by FINAL_MANIFEST
GITHUB,D:\codex\raytracing_modules\rt_cp_uwb\results\SIONNA_NATIVE_GEOMETRY_20260925_01a0d83b\SIONNA_SCENES\7d7fa06eba36ba16ef2690cb2b66fac98a1d37f4d2b08e6e3aa696c652afb276\plasterboard_t0p0125.ply,results/SIONNA_NATIVE_GEOMETRY_20260925_01a0d83b/SIONNA_SCENES/7d7fa06eba36ba16ef2690cb2b66fac98a1d37f4d2b08e6e3aa696c652afb276/plasterboard_t0p0125.ply,EXISTS,436,90449ee2f0985a94b947087c311e0a1869f7fe3301f1e3354ee1ff6dd25ac253,complete geometry revision required by FINAL_MANIFEST
GITHUB,D:\codex\raytracing_modules\rt_cp_uwb\results\SIONNA_NATIVE_GEOMETRY_20260925_01a0d83b\SIONNA_SCENES\7d82db3b03d787514ced5ecb5070eca5f9329c102cd020217095089693d7fbc4\brick_t0p1.ply,results/SIONNA_NATIVE_GEOMETRY_20260925_01a0d83b/SIONNA_SCENES/7d82db3b03d787514ced5ecb5070eca5f9329c102cd020217095089693d7fbc4/brick_t0p1.ply,EXISTS,1448,ed4370c94a64ebe8ef62d7cb2dfe704c8a635d7ae6adffc73556e613d113221b,complete geometry revision required by FINAL_MANIFEST
GITHUB,D:\codex\raytracing_modules\rt_cp_uwb\results\SIONNA_NATIVE_GEOMETRY_20260925_01a0d83b\SIONNA_SCENES\7d82db3b03d787514ced5ecb5070eca5f9329c102cd020217095089693d7fbc4\concrete_t0p2.ply,results/SIONNA_NATIVE_GEOMETRY_20260925_01a0d83b/SIONNA_SCENES/7d82db3b03d787514ced5ecb5070eca5f9329c102cd020217095089693d7fbc4/concrete_t0p2.ply,EXISTS,260,cdb3181a6e95933b7d17ab52bf95fdee52c005f982cdb5227df8db2c663a1158,complete geometry revision required by FINAL_MANIFEST
GITHUB,D:\codex\raytracing_modules\rt_cp_uwb\results\SIONNA_NATIVE_GEOMETRY_20260925_01a0d83b\SIONNA_SCENES\7d82db3b03d787514ced5ecb5070eca5f9329c102cd020217095089693d7fbc4\metal_t0p001.ply,results/SIONNA_NATIVE_GEOMETRY_20260925_01a0d83b/SIONNA_SCENES/7d82db3b03d787514ced5ecb5070eca5f9329c102cd020217095089693d7fbc4/metal_t0p001.ply,EXISTS,1276,ccb0d770a7d3d9ecf2cd7a76d16ad93dad24a687a53c2216a8e1de944c7ed7ea,complete geometry revision required by FINAL_MANIFEST
GITHUB,D:\codex\raytracing_modules\rt_cp_uwb\results\SIONNA_NATIVE_GEOMETRY_20260925_01a0d83b\SIONNA_SCENES\7d82db3b03d787514ced5ecb5070eca5f9329c102cd020217095089693d7fbc4\wood_t0p04.ply,results/SIONNA_NATIVE_GEOMETRY_20260925_01a0d83b/SIONNA_SCENES/7d82db3b03d787514ced5ecb5070eca5f9329c102cd020217095089693d7fbc4/wood_t0p04.ply,EXISTS,567,f1b1f8b00bc149a7e742352bb41fcddd20b02c74c981f2609b0090483c3195a4,complete geometry revision required by FINAL_MANIFEST
GITHUB,D:\codex\raytracing_modules\rt_cp_uwb\results\SIONNA_NATIVE_GEOMETRY_20260925_01a0d83b\SIONNA_SCENES\82fca4887e4248f0098ee2557fed017daad21ae5b61616c8324c9fb3cafcf243\chipboard_t0p012.ply,results/SIONNA_NATIVE_GEOMETRY_20260925_01a0d83b/SIONNA_SCENES/82fca4887e4248f0098ee2557fed017daad21ae5b61616c8324c9fb3cafcf243/chipboard_t0p012.ply,EXISTS,32317,6e547876155d9b4a5bd258546719b15f174b001a35fc0fd6434626b54292ced1,complete geometry revision required by FINAL_MANIFEST
GITHUB,D:\codex\raytracing_modules\rt_cp_uwb\results\SIONNA_NATIVE_GEOMETRY_20260925_01a0d83b\SIONNA_SCENES\82fca4887e4248f0098ee2557fed017daad21ae5b61616c8324c9fb3cafcf243\concrete_t0p2.ply,results/SIONNA_NATIVE_GEOMETRY_20260925_01a0d83b/SIONNA_SCENES/82fca4887e4248f0098ee2557fed017daad21ae5b61616c8324c9fb3cafcf243/concrete_t0p2.ply,EXISTS,212,feaee69c35ba3e2219ffcc57fc3d1cadf8f5ae71e6df7e4a413ba1deb53ee0f3,complete geometry revision required by FINAL_MANIFEST
GITHUB,D:\codex\raytracing_modules\rt_cp_uwb\results\SIONNA_NATIVE_GEOMETRY_20260925_01a0d83b\SIONNA_SCENES\82fca4887e4248f0098ee2557fed017daad21ae5b61616c8324c9fb3cafcf243\glass_t0p006.ply,results/SIONNA_NATIVE_GEOMETRY_20260925_01a0d83b/SIONNA_SCENES/82fca4887e4248f0098ee2557fed017daad21ae5b61616c8324c9fb3cafcf243/glass_t0p006.ply,EXISTS,410,c32200fe47388b4c8eb85c140dad1d1d672389e63c80dadee7f19c6d5a68931c,complete geometry revision required by FINAL_MANIFEST
GITHUB,D:\codex\raytracing_modules\rt_cp_uwb\results\SIONNA_NATIVE_GEOMETRY_20260925_01a0d83b\SIONNA_SCENES\82fca4887e4248f0098ee2557fed017daad21ae5b61616c8324c9fb3cafcf243\metal_t0p001.ply,results/SIONNA_NATIVE_GEOMETRY_20260925_01a0d83b/SIONNA_SCENES/82fca4887e4248f0098ee2557fed017daad21ae5b61616c8324c9fb3cafcf243/metal_t0p001.ply,EXISTS,39836,68aa8d4a6c67713856f8c1a5d4e8af18c3dc003cd2a0838384bd5f83ef060f5d,complete geometry revision required by FINAL_MANIFEST
GITHUB,D:\codex\raytracing_modules\rt_cp_uwb\results\SIONNA_NATIVE_GEOMETRY_20260925_01a0d83b\SIONNA_SCENES\82fca4887e4248f0098ee2557fed017daad21ae5b61616c8324c9fb3cafcf243\plasterboard_t0p0125.ply,results/SIONNA_NATIVE_GEOMETRY_20260925_01a0d83b/SIONNA_SCENES/82fca4887e4248f0098ee2557fed017daad21ae5b61616c8324c9fb3cafcf243/plasterboard_t0p0125.ply,EXISTS,1096,4bb512e6f50caedcf75a31e314e8bf6e0b6d63bbd0db7384a44ae527f5d6cd86,complete geometry revision required by FINAL_MANIFEST
GITHUB,D:\codex\raytracing_modules\rt_cp_uwb\results\SIONNA_NATIVE_GEOMETRY_20260925_01a0d83b\SIONNA_SCENES\8b25afdb54d4badb43d675757e5af36f3eee73b3ffceb70e8ed332e36013eeed\chipboard_t0p012.ply,results/SIONNA_NATIVE_GEOMETRY_20260925_01a0d83b/SIONNA_SCENES/8b25afdb54d4badb43d675757e5af36f3eee73b3ffceb70e8ed332e36013eeed/chipboard_t0p012.ply,EXISTS,31218,44a6a64fff3c6276c0ef7e695c585af2f939ab5a8fae36696426d06c4db2640e,complete geometry revision required by FINAL_MANIFEST
GITHUB,D:\codex\raytracing_modules\rt_cp_uwb\results\SIONNA_NATIVE_GEOMETRY_20260925_01a0d83b\SIONNA_SCENES\8b25afdb54d4badb43d675757e5af36f3eee73b3ffceb70e8ed332e36013eeed\concrete_t0p2.ply,results/SIONNA_NATIVE_GEOMETRY_20260925_01a0d83b/SIONNA_SCENES/8b25afdb54d4badb43d675757e5af36f3eee73b3ffceb70e8ed332e36013eeed/concrete_t0p2.ply,EXISTS,218,7f5af023974c5b41ebbd930b88ad171df9598880838aeb69536333d67555220f,complete geometry revision required by FINAL_MANIFEST
GITHUB,D:\codex\raytracing_modules\rt_cp_uwb\results\SIONNA_NATIVE_GEOMETRY_20260925_01a0d83b\SIONNA_SCENES\8b25afdb54d4badb43d675757e5af36f3eee73b3ffceb70e8ed332e36013eeed\glass_t0p006.ply,results/SIONNA_NATIVE_GEOMETRY_20260925_01a0d83b/SIONNA_SCENES/8b25afdb54d4badb43d675757e5af36f3eee73b3ffceb70e8ed332e36013eeed/glass_t0p006.ply,EXISTS,383,4295b3bdd79ecaeea296557e55081c45b155976ee19b164b30fdc03ffcd9a205,complete geometry revision required by FINAL_MANIFEST
GITHUB,D:\codex\raytracing_modules\rt_cp_uwb\results\SIONNA_NATIVE_GEOMETRY_20260925_01a0d83b\SIONNA_SCENES\8b25afdb54d4badb43d675757e5af36f3eee73b3ffceb70e8ed332e36013eeed\metal_t0p001.ply,results/SIONNA_NATIVE_GEOMETRY_20260925_01a0d83b/SIONNA_SCENES/8b25afdb54d4badb43d675757e5af36f3eee73b3ffceb70e8ed332e36013eeed/metal_t0p001.ply,EXISTS,41642,bda47ae50856b7fc8970b50421ebc48a04373980fd7e05175b92255be1385e87,complete geometry revision required by FINAL_MANIFEST
GITHUB,D:\codex\raytracing_modules\rt_cp_uwb\results\SIONNA_NATIVE_GEOMETRY_20260925_01a0d83b\SIONNA_SCENES\8b25afdb54d4badb43d675757e5af36f3eee73b3ffceb70e8ed332e36013eeed\plasterboard_t0p0125.ply,results/SIONNA_NATIVE_GEOMETRY_20260925_01a0d83b/SIONNA_SCENES/8b25afdb54d4badb43d675757e5af36f3eee73b3ffceb70e8ed332e36013eeed/plasterboard_t0p0125.ply,EXISTS,1405,daa42450913a19033e99a6099d8fe3a336add16fee36163b5eff6cb6fd3b92e2,complete geometry revision required by FINAL_MANIFEST
GITHUB,D:\codex\raytracing_modules\rt_cp_uwb\results\SIONNA_NATIVE_GEOMETRY_20260925_01a0d83b\SIONNA_SCENES\8b28e5948e89f4e021008100d42cdc809ca14dc8e3af6f64dd825d6827ad28ee\concrete_t0p0375.ply,results/SIONNA_NATIVE_GEOMETRY_20260925_01a0d83b/SIONNA_SCENES/8b28e5948e89f4e021008100d42cdc809ca14dc8e3af6f64dd825d6827ad28ee/concrete_t0p0375.ply,EXISTS,3186,1745a13d444fd580479159508b917a2b23a2dfc85a9649e2afe43dc079f84da9,complete geometry revision required by FINAL_MANIFEST
GITHUB,D:\codex\raytracing_modules\rt_cp_uwb\results\SIONNA_NATIVE_GEOMETRY_20260925_01a0d83b\SIONNA_SCENES\8b28e5948e89f4e021008100d42cdc809ca14dc8e3af6f64dd825d6827ad28ee\concrete_t0p2.ply,results/SIONNA_NATIVE_GEOMETRY_20260925_01a0d83b/SIONNA_SCENES/8b28e5948e89f4e021008100d42cdc809ca14dc8e3af6f64dd825d6827ad28ee/concrete_t0p2.ply,EXISTS,206,f82b14903686d3dbc09f782d4e9dd096b5e42269c034de15c7f753396882caa9,complete geometry revision required by FINAL_MANIFEST
GITHUB,D:\codex\raytracing_modules\rt_cp_uwb\results\SIONNA_NATIVE_GEOMETRY_20260925_01a0d83b\SIONNA_SCENES\8b28e5948e89f4e021008100d42cdc809ca14dc8e3af6f64dd825d6827ad28ee\plasterboard_t0p0125.ply,results/SIONNA_NATIVE_GEOMETRY_20260925_01a0d83b/SIONNA_SCENES/8b28e5948e89f4e021008100d42cdc809ca14dc8e3af6f64dd825d6827ad28ee/plasterboard_t0p0125.ply,EXISTS,472,02bf29f2a5a6c450e0f34cdd824e096fb570ed711515efb6d6108ac1c67bc01f,complete geometry revision required by FINAL_MANIFEST
GITHUB,D:\codex\raytracing_modules\rt_cp_uwb\results\SIONNA_NATIVE_GEOMETRY_20260925_01a0d83b\SIONNA_SCENES\8b6ef8f128be47894e30d2f4f818e232bea0d3e13997d6d106f03baa10934e9e\concrete_t0p2.ply,results/SIONNA_NATIVE_GEOMETRY_20260925_01a0d83b/SIONNA_SCENES/8b6ef8f128be47894e30d2f4f818e232bea0d3e13997d6d106f03baa10934e9e/concrete_t0p2.ply,EXISTS,530,fc536f37486c0ffd8636b9ae594fe5a6535699d7d8098d9925791069bfac3084,complete geometry revision required by FINAL_MANIFEST
GITHUB,D:\codex\raytracing_modules\rt_cp_uwb\results\SIONNA_NATIVE_GEOMETRY_20260925_01a0d83b\SIONNA_SCENES\8b6ef8f128be47894e30d2f4f818e232bea0d3e13997d6d106f03baa10934e9e\metal_t0p001.ply,results/SIONNA_NATIVE_GEOMETRY_20260925_01a0d83b/SIONNA_SCENES/8b6ef8f128be47894e30d2f4f818e232bea0d3e13997d6d106f03baa10934e9e/metal_t0p001.ply,EXISTS,233339,227891fd622c58342a0252c88515c090fcbbad314bd7db3ff9f541b4e16faf4c,complete geometry revision required by FINAL_MANIFEST
GITHUB,D:\codex\raytracing_modules\rt_cp_uwb\results\SIONNA_NATIVE_GEOMETRY_20260925_01a0d83b\SIONNA_SCENES\8ff9530699f3bd40365ad43ea93280226e6426e08c083b4930db7bf7389115a2\concrete_t0p2.ply,results/SIONNA_NATIVE_GEOMETRY_20260925_01a0d83b/SIONNA_SCENES/8ff9530699f3bd40365ad43ea93280226e6426e08c083b4930db7bf7389115a2/concrete_t0p2.ply,EXISTS,212,9796fb1c9ce1b628d32ab6a8bc63fc8ecda96f95167adadac6af52cc8aaa291f,complete geometry revision required by FINAL_MANIFEST
GITHUB,D:\codex\raytracing_modules\rt_cp_uwb\results\SIONNA_NATIVE_GEOMETRY_20260925_01a0d83b\SIONNA_SCENES\8ff9530699f3bd40365ad43ea93280226e6426e08c083b4930db7bf7389115a2\glass_t0p006.ply,results/SIONNA_NATIVE_GEOMETRY_20260925_01a0d83b/SIONNA_SCENES/8ff9530699f3bd40365ad43ea93280226e6426e08c083b4930db7bf7389115a2/glass_t0p006.ply,EXISTS,371,ea79344767460a88415451aff20000d7918ae18d31de107f68e75ff3d3d21ecb,complete geometry revision required by FINAL_MANIFEST
GITHUB,D:\codex\raytracing_modules\rt_cp_uwb\results\SIONNA_NATIVE_GEOMETRY_20260925_01a0d83b\SIONNA_SCENES\8ff9530699f3bd40365ad43ea93280226e6426e08c083b4930db7bf7389115a2\metal_t0p001.ply,results/SIONNA_NATIVE_GEOMETRY_20260925_01a0d83b/SIONNA_SCENES/8ff9530699f3bd40365ad43ea93280226e6426e08c083b4930db7bf7389115a2/metal_t0p001.ply,EXISTS,39264,2158f222b2a8fdd4337cabde329c42d6bceec83dde60827f4bf890d3e8999bdd,complete geometry revision required by FINAL_MANIFEST
GITHUB,D:\codex\raytracing_modules\rt_cp_uwb\results\SIONNA_NATIVE_GEOMETRY_20260925_01a0d83b\SIONNA_SCENES\8ff9530699f3bd40365ad43ea93280226e6426e08c083b4930db7bf7389115a2\plasterboard_t0p0125.ply,results/SIONNA_NATIVE_GEOMETRY_20260925_01a0d83b/SIONNA_SCENES/8ff9530699f3bd40365ad43ea93280226e6426e08c083b4930db7bf7389115a2/plasterboard_t0p0125.ply,EXISTS,1339,6d1f2e69e99ac759552f3820817d92225d92d7fe55f43c5242ff04f443909483,complete geometry revision required by FINAL_MANIFEST
GITHUB,D:\codex\raytracing_modules\rt_cp_uwb\results\SIONNA_NATIVE_GEOMETRY_20260925_01a0d83b\SIONNA_SCENES\91ad1c96782879e1220a38ea2b8b243e5d7863159f941bb413f60165f066cf40\concrete_t0p2.ply,results/SIONNA_NATIVE_GEOMETRY_20260925_01a0d83b/SIONNA_SCENES/91ad1c96782879e1220a38ea2b8b243e5d7863159f941bb413f60165f066cf40/concrete_t0p2.ply,EXISTS,206,605245845a101763f0e40d33fdf176f59fdcc00472cab10b1af10bb36b7c8d3f,complete geometry revision required by FINAL_MANIFEST
GITHUB,D:\codex\raytracing_modules\rt_cp_uwb\results\SIONNA_NATIVE_GEOMETRY_20260925_01a0d83b\SIONNA_SCENES\91ad1c96782879e1220a38ea2b8b243e5d7863159f941bb413f60165f066cf40\plasterboard_t0p0125.ply,results/SIONNA_NATIVE_GEOMETRY_20260925_01a0d83b/SIONNA_SCENES/91ad1c96782879e1220a38ea2b8b243e5d7863159f941bb413f60165f066cf40/plasterboard_t0p0125.ply,EXISTS,742,11d6cff3e14bc0330b3ffd9b3d37f4ff91c80d24d13fdb19082820f4aa50e103,complete geometry revision required by FINAL_MANIFEST
GITHUB,D:\codex\raytracing_modules\rt_cp_uwb\results\SIONNA_NATIVE_GEOMETRY_20260925_01a0d83b\SIONNA_SCENES\9572bc9e241f277e121f5b3fb4e14bbdb0135e599a1e1d082d8de1ac9385490f\brick_t0p1.ply,results/SIONNA_NATIVE_GEOMETRY_20260925_01a0d83b/SIONNA_SCENES/9572bc9e241f277e121f5b3fb4e14bbdb0135e599a1e1d082d8de1ac9385490f/brick_t0p1.ply,EXISTS,1733,86ded8c86f07788e0a4de7b98eefd4eb3bc8b4ce2e20873e3fd16d06262acac8,complete geometry revision required by FINAL_MANIFEST
GITHUB,D:\codex\raytracing_modules\rt_cp_uwb\results\SIONNA_NATIVE_GEOMETRY_20260925_01a0d83b\SIONNA_SCENES\9572bc9e241f277e121f5b3fb4e14bbdb0135e599a1e1d082d8de1ac9385490f\concrete_t0p2.ply,results/SIONNA_NATIVE_GEOMETRY_20260925_01a0d83b/SIONNA_SCENES/9572bc9e241f277e121f5b3fb4e14bbdb0135e599a1e1d082d8de1ac9385490f/concrete_t0p2.ply,EXISTS,215,49ee6cc34fa375a1ae982f826aadf57b435b924d239684f08a09072a650689b0,complete geometry revision required by FINAL_MANIFEST
GITHUB,D:\codex\raytracing_modules\rt_cp_uwb\results\SIONNA_NATIVE_GEOMETRY_20260925_01a0d83b\SIONNA_SCENES\9572bc9e241f277e121f5b3fb4e14bbdb0135e599a1e1d082d8de1ac9385490f\metal_t0p001.ply,results/SIONNA_NATIVE_GEOMETRY_20260925_01a0d83b/SIONNA_SCENES/9572bc9e241f277e121f5b3fb4e14bbdb0135e599a1e1d082d8de1ac9385490f/metal_t0p001.ply,EXISTS,1771,053fdeec3533744652476539cc4e066ecef0caed309307fe6387ee920a35e511,complete geometry revision required by FINAL_MANIFEST
GITHUB,D:\codex\raytracing_modules\rt_cp_uwb\results\SIONNA_NATIVE_GEOMETRY_20260925_01a0d83b\SIONNA_SCENES\9572bc9e241f277e121f5b3fb4e14bbdb0135e599a1e1d082d8de1ac9385490f\wood_t0p04.ply,results/SIONNA_NATIVE_GEOMETRY_20260925_01a0d83b/SIONNA_SCENES/9572bc9e241f277e121f5b3fb4e14bbdb0135e599a1e1d082d8de1ac9385490f/wood_t0p04.ply,EXISTS,567,489b442529b55e16fe0127b7f1d198140a7c5762c9e99d7f05c98d36fde3e1ea,complete geometry revision required by FINAL_MANIFEST
GITHUB,D:\codex\raytracing_modules\rt_cp_uwb\results\SIONNA_NATIVE_GEOMETRY_20260925_01a0d83b\SIONNA_SCENES\994ec5ada5ecf0ac18c365436caae8b06922b321ab1c742420fc53d3d293d02e\concrete_t0p2.ply,results/SIONNA_NATIVE_GEOMETRY_20260925_01a0d83b/SIONNA_SCENES/994ec5ada5ecf0ac18c365436caae8b06922b321ab1c742420fc53d3d293d02e/concrete_t0p2.ply,EXISTS,212,e400a0c2bdafd5f25a0d3840363f3af6639d5750761121a92f9bd92020cf35af,complete geometry revision required by FINAL_MANIFEST
GITHUB,D:\codex\raytracing_modules\rt_cp_uwb\results\SIONNA_NATIVE_GEOMETRY_20260925_01a0d83b\SIONNA_SCENES\994ec5ada5ecf0ac18c365436caae8b06922b321ab1c742420fc53d3d293d02e\glass_t0p006.ply,results/SIONNA_NATIVE_GEOMETRY_20260925_01a0d83b/SIONNA_SCENES/994ec5ada5ecf0ac18c365436caae8b06922b321ab1c742420fc53d3d293d02e/glass_t0p006.ply,EXISTS,484,fd1449e003c73cd009d882295e847a0d3460a725907268f9387f3f5095dd698f,complete geometry revision required by FINAL_MANIFEST
GITHUB,D:\codex\raytracing_modules\rt_cp_uwb\results\SIONNA_NATIVE_GEOMETRY_20260925_01a0d83b\SIONNA_SCENES\994ec5ada5ecf0ac18c365436caae8b06922b321ab1c742420fc53d3d293d02e\plasterboard_t0p0125.ply,results/SIONNA_NATIVE_GEOMETRY_20260925_01a0d83b/SIONNA_SCENES/994ec5ada5ecf0ac18c365436caae8b06922b321ab1c742420fc53d3d293d02e/plasterboard_t0p0125.ply,EXISTS,845,a1949d6519e04ff24a343b085bf4c65dda2fc5fd06325e35f6646ca3babbfc07,complete geometry revision required by FINAL_MANIFEST
GITHUB,D:\codex\raytracing_modules\rt_cp_uwb\results\SIONNA_NATIVE_GEOMETRY_20260925_01a0d83b\SIONNA_SCENES\994ec5ada5ecf0ac18c365436caae8b06922b321ab1c742420fc53d3d293d02e\wood_t0p018.ply,results/SIONNA_NATIVE_GEOMETRY_20260925_01a0d83b/SIONNA_SCENES/994ec5ada5ecf0ac18c365436caae8b06922b321ab1c742420fc53d3d293d02e/wood_t0p018.ply,EXISTS,70815,45f0aa5935996dd043096ad9e100382bbb9ca23ee84ae12df5a432296a77f8ad,complete geometry revision required by FINAL_MANIFEST
GITHUB,D:\codex\raytracing_modules\rt_cp_uwb\results\SIONNA_NATIVE_GEOMETRY_20260925_01a0d83b\SIONNA_SCENES\a537c5542f9465f388267144ba7f56baaa10cb9e9b2ad3c98411dd9b46290a4f\concrete_t0p2.ply,results/SIONNA_NATIVE_GEOMETRY_20260925_01a0d83b/SIONNA_SCENES/a537c5542f9465f388267144ba7f56baaa10cb9e9b2ad3c98411dd9b46290a4f/concrete_t0p2.ply,EXISTS,566,7cf19a69f0d689e431b742368890f3730390e495625955c2c8750634c5500663,complete geometry revision required by FINAL_MANIFEST
GITHUB,D:\codex\raytracing_modules\rt_cp_uwb\results\SIONNA_NATIVE_GEOMETRY_20260925_01a0d83b\SIONNA_SCENES\a537c5542f9465f388267144ba7f56baaa10cb9e9b2ad3c98411dd9b46290a4f\metal_t0p001.ply,results/SIONNA_NATIVE_GEOMETRY_20260925_01a0d83b/SIONNA_SCENES/a537c5542f9465f388267144ba7f56baaa10cb9e9b2ad3c98411dd9b46290a4f/metal_t0p001.ply,EXISTS,227019,572a2dd1ddba17dffe4db10aad2f6edb64dffeced4bb891be955378773e55eba,complete geometry revision required by FINAL_MANIFEST
GITHUB,D:\codex\raytracing_modules\rt_cp_uwb\results\SIONNA_NATIVE_GEOMETRY_20260925_01a0d83b\SIONNA_SCENES\abe72e9acbe1a94b23e39ddac92ab0c16a8d6c3bd538d9d551edd209b2b1a751\concrete_t0p2.ply,results/SIONNA_NATIVE_GEOMETRY_20260925_01a0d83b/SIONNA_SCENES/abe72e9acbe1a94b23e39ddac92ab0c16a8d6c3bd538d9d551edd209b2b1a751/concrete_t0p2.ply,EXISTS,206,e8bbbc37ee219903bbf6198e3677d5bce4f75511487befd6caffa3abd8f37951,complete geometry revision required by FINAL_MANIFEST
GITHUB,D:\codex\raytracing_modules\rt_cp_uwb\results\SIONNA_NATIVE_GEOMETRY_20260925_01a0d83b\SIONNA_SCENES\abe72e9acbe1a94b23e39ddac92ab0c16a8d6c3bd538d9d551edd209b2b1a751\plasterboard_t0p0125.ply,results/SIONNA_NATIVE_GEOMETRY_20260925_01a0d83b/SIONNA_SCENES/abe72e9acbe1a94b23e39ddac92ab0c16a8d6c3bd538d9d551edd209b2b1a751/plasterboard_t0p0125.ply,EXISTS,472,362efa36c9cf5031ec62b50c0ac89a98f0b1200c2ecab2964f553a582353695a,complete geometry revision required by FINAL_MANIFEST
GITHUB,D:\codex\raytracing_modules\rt_cp_uwb\results\SIONNA_NATIVE_GEOMETRY_20260925_01a0d83b\SIONNA_SCENES\afe205e2eaaa514f1e8ccf25bb7056430fe6c9487b3c3c66eff504eaa9b493ba\concrete_t0p2.ply,results/SIONNA_NATIVE_GEOMETRY_20260925_01a0d83b/SIONNA_SCENES/afe205e2eaaa514f1e8ccf25bb7056430fe6c9487b3c3c66eff504eaa9b493ba/concrete_t0p2.ply,EXISTS,209,21033635f73d3d6b035b78920f0a32f76f1c0cfc67911ce82a9c5057abfffc9f,complete geometry revision required by FINAL_MANIFEST
GITHUB,D:\codex\raytracing_modules\rt_cp_uwb\results\SIONNA_NATIVE_GEOMETRY_20260925_01a0d83b\SIONNA_SCENES\afe205e2eaaa514f1e8ccf25bb7056430fe6c9487b3c3c66eff504eaa9b493ba\glass_t0p006.ply,results/SIONNA_NATIVE_GEOMETRY_20260925_01a0d83b/SIONNA_SCENES/afe205e2eaaa514f1e8ccf25bb7056430fe6c9487b3c3c66eff504eaa9b493ba/glass_t0p006.ply,EXISTS,416,8d085aa1063fc2f8e9d3e8fce0158452ef3b8312c3aed291bee980e6b48fa755,complete geometry revision required by FINAL_MANIFEST
GITHUB,D:\codex\raytracing_modules\rt_cp_uwb\results\SIONNA_NATIVE_GEOMETRY_20260925_01a0d83b\SIONNA_SCENES\afe205e2eaaa514f1e8ccf25bb7056430fe6c9487b3c3c66eff504eaa9b493ba\metal_t0p001.ply,results/SIONNA_NATIVE_GEOMETRY_20260925_01a0d83b/SIONNA_SCENES/afe205e2eaaa514f1e8ccf25bb7056430fe6c9487b3c3c66eff504eaa9b493ba/metal_t0p001.ply,EXISTS,39966,eedd56dc2e4e710a406ef1f0ac0bcf40d258a75bbc2d7cfc16b05667c0259d81,complete geometry revision required by FINAL_MANIFEST
GITHUB,D:\codex\raytracing_modules\rt_cp_uwb\results\SIONNA_NATIVE_GEOMETRY_20260925_01a0d83b\SIONNA_SCENES\afe205e2eaaa514f1e8ccf25bb7056430fe6c9487b3c3c66eff504eaa9b493ba\plasterboard_t0p0125.ply,results/SIONNA_NATIVE_GEOMETRY_20260925_01a0d83b/SIONNA_SCENES/afe205e2eaaa514f1e8ccf25bb7056430fe6c9487b3c3c66eff504eaa9b493ba/plasterboard_t0p0125.ply,EXISTS,1051,a7de2434c19449d490ffa0e2aa79acc6bf60c8e8ca929a92ca6d7325a82d790e,complete geometry revision required by FINAL_MANIFEST
GITHUB,D:\codex\raytracing_modules\rt_cp_uwb\results\SIONNA_NATIVE_GEOMETRY_20260925_01a0d83b\SIONNA_SCENES\b29b8f9975023cf64e495aac2fb3e552c2055f950c93276e52c99a6b663de008\concrete_t0p2.ply,results/SIONNA_NATIVE_GEOMETRY_20260925_01a0d83b/SIONNA_SCENES/b29b8f9975023cf64e495aac2fb3e552c2055f950c93276e52c99a6b663de008/concrete_t0p2.ply,EXISTS,212,82b374ce86fdaa79038f5fdace80881e85fe89f8c44c94ff7bea06abcf3b5581,complete geometry revision required by FINAL_MANIFEST
GITHUB,D:\codex\raytracing_modules\rt_cp_uwb\results\SIONNA_NATIVE_GEOMETRY_20260925_01a0d83b\SIONNA_SCENES\b29b8f9975023cf64e495aac2fb3e552c2055f950c93276e52c99a6b663de008\glass_t0p006.ply,results/SIONNA_NATIVE_GEOMETRY_20260925_01a0d83b/SIONNA_SCENES/b29b8f9975023cf64e495aac2fb3e552c2055f950c93276e52c99a6b663de008/glass_t0p006.ply,EXISTS,466,a3dfe3b086844d8f0965c381832e8e1888a021213b4036b3d2c4d90852df99e8,complete geometry revision required by FINAL_MANIFEST
GITHUB,D:\codex\raytracing_modules\rt_cp_uwb\results\SIONNA_NATIVE_GEOMETRY_20260925_01a0d83b\SIONNA_SCENES\b29b8f9975023cf64e495aac2fb3e552c2055f950c93276e52c99a6b663de008\plasterboard_t0p0125.ply,results/SIONNA_NATIVE_GEOMETRY_20260925_01a0d83b/SIONNA_SCENES/b29b8f9975023cf64e495aac2fb3e552c2055f950c93276e52c99a6b663de008/plasterboard_t0p0125.ply,EXISTS,1217,5eef69363a9e66475ddff129fe50bd6088873eee77d78c2368a437507b3bde5a,complete geometry revision required by FINAL_MANIFEST
GITHUB,D:\codex\raytracing_modules\rt_cp_uwb\results\SIONNA_NATIVE_GEOMETRY_20260925_01a0d83b\SIONNA_SCENES\b29b8f9975023cf64e495aac2fb3e552c2055f950c93276e52c99a6b663de008\wood_t0p018.ply,results/SIONNA_NATIVE_GEOMETRY_20260925_01a0d83b/SIONNA_SCENES/b29b8f9975023cf64e495aac2fb3e552c2055f950c93276e52c99a6b663de008/wood_t0p018.ply,EXISTS,70494,2464aded186bf715fca0b22be115da9cf8515acaeab912150da0fef7bbbe8b2b,complete geometry revision required by FINAL_MANIFEST
GITHUB,D:\codex\raytracing_modules\rt_cp_uwb\results\SIONNA_NATIVE_GEOMETRY_20260925_01a0d83b\SIONNA_SCENES\bd098f9678132a265a09e6e88753c3ad59fad03e97593cc3d0bbc4c473988441\concrete_t0p0375.ply,results/SIONNA_NATIVE_GEOMETRY_20260925_01a0d83b/SIONNA_SCENES/bd098f9678132a265a09e6e88753c3ad59fad03e97593cc3d0bbc4c473988441/concrete_t0p0375.ply,EXISTS,3906,34d45560927510b0c8f3a5a8da97a6e1e6fd80568bf51d48fb725df5fbc35496,complete geometry revision required by FINAL_MANIFEST
GITHUB,D:\codex\raytracing_modules\rt_cp_uwb\results\SIONNA_NATIVE_GEOMETRY_20260925_01a0d83b\SIONNA_SCENES\bd098f9678132a265a09e6e88753c3ad59fad03e97593cc3d0bbc4c473988441\concrete_t0p2.ply,results/SIONNA_NATIVE_GEOMETRY_20260925_01a0d83b/SIONNA_SCENES/bd098f9678132a265a09e6e88753c3ad59fad03e97593cc3d0bbc4c473988441/concrete_t0p2.ply,EXISTS,206,6a25f03fc0f6250a02327d10da46367ad5ae23b70f0a344f6b0d7f015b859852,complete geometry revision required by FINAL_MANIFEST
GITHUB,D:\codex\raytracing_modules\rt_cp_uwb\results\SIONNA_NATIVE_GEOMETRY_20260925_01a0d83b\SIONNA_SCENES\bd098f9678132a265a09e6e88753c3ad59fad03e97593cc3d0bbc4c473988441\plasterboard_t0p0125.ply,results/SIONNA_NATIVE_GEOMETRY_20260925_01a0d83b/SIONNA_SCENES/bd098f9678132a265a09e6e88753c3ad59fad03e97593cc3d0bbc4c473988441/plasterboard_t0p0125.ply,EXISTS,742,f8afb683d28ea5ca41878ae84a5b09e5150d1de8abbb12fc580ff0e9c838246c,complete geometry revision required by FINAL_MANIFEST
GITHUB,D:\codex\raytracing_modules\rt_cp_uwb\results\SIONNA_NATIVE_GEOMETRY_20260925_01a0d83b\SIONNA_SCENES\c1cae9e086bd028bd5842be77d7a6453f54d037e4b5797b2cb3146e656ffa03e\concrete_t0p2.ply,results/SIONNA_NATIVE_GEOMETRY_20260925_01a0d83b/SIONNA_SCENES/c1cae9e086bd028bd5842be77d7a6453f54d037e4b5797b2cb3146e656ffa03e/concrete_t0p2.ply,EXISTS,206,b1ba3726292cf1b7ab76132a54a6b96cb1c66148fc3cdadf701b728782f3513d,complete geometry revision required by FINAL_MANIFEST
GITHUB,D:\codex\raytracing_modules\rt_cp_uwb\results\SIONNA_NATIVE_GEOMETRY_20260925_01a0d83b\SIONNA_SCENES\c1cae9e086bd028bd5842be77d7a6453f54d037e4b5797b2cb3146e656ffa03e\plasterboard_t0p0125.ply,results/SIONNA_NATIVE_GEOMETRY_20260925_01a0d83b/SIONNA_SCENES/c1cae9e086bd028bd5842be77d7a6453f54d037e4b5797b2cb3146e656ffa03e/plasterboard_t0p0125.ply,EXISTS,436,9bd7fbc0642197b1910ebc49950218c60bf7adebc014e74ac8e7d5e38eb68adc,complete geometry revision required by FINAL_MANIFEST
GITHUB,D:\codex\raytracing_modules\rt_cp_uwb\results\SIONNA_NATIVE_GEOMETRY_20260925_01a0d83b\SIONNA_SCENES\c8cc21811fd1112094b296eaa3c4ada14a303775a2f6d7276b569915217c6117\concrete_t0p2.ply,results/SIONNA_NATIVE_GEOMETRY_20260925_01a0d83b/SIONNA_SCENES/c8cc21811fd1112094b296eaa3c4ada14a303775a2f6d7276b569915217c6117/concrete_t0p2.ply,EXISTS,206,80f22122150354175206f4aa8a2815e693269780afec5997a04e8fa799be8c6b,complete geometry revision required by FINAL_MANIFEST
GITHUB,D:\codex\raytracing_modules\rt_cp_uwb\results\SIONNA_NATIVE_GEOMETRY_20260925_01a0d83b\SIONNA_SCENES\c8cc21811fd1112094b296eaa3c4ada14a303775a2f6d7276b569915217c6117\plasterboard_t0p0125.ply,results/SIONNA_NATIVE_GEOMETRY_20260925_01a0d83b/SIONNA_SCENES/c8cc21811fd1112094b296eaa3c4ada14a303775a2f6d7276b569915217c6117/plasterboard_t0p0125.ply,EXISTS,436,5037a7df1e99725f8f2e6a22d88e574d23d1058a50a5fc882c64e2222c89df58,complete geometry revision required by FINAL_MANIFEST
GITHUB,D:\codex\raytracing_modules\rt_cp_uwb\results\SIONNA_NATIVE_GEOMETRY_20260925_01a0d83b\SIONNA_SCENES\cd032a54f8b07e6144dce4174a594bc750411cbc992e602d0cfc3e24a26585ae\chipboard_t0p012.ply,results/SIONNA_NATIVE_GEOMETRY_20260925_01a0d83b/SIONNA_SCENES/cd032a54f8b07e6144dce4174a594bc750411cbc992e602d0cfc3e24a26585ae/chipboard_t0p012.ply,EXISTS,32317,287e87a78be01486ed9498dac3d7e5d4f506dfcbdc060dbbf177d2487a49c827,complete geometry revision required by FINAL_MANIFEST
GITHUB,D:\codex\raytracing_modules\rt_cp_uwb\results\SIONNA_NATIVE_GEOMETRY_20260925_01a0d83b\SIONNA_SCENES\cd032a54f8b07e6144dce4174a594bc750411cbc992e602d0cfc3e24a26585ae\concrete_t0p2.ply,results/SIONNA_NATIVE_GEOMETRY_20260925_01a0d83b/SIONNA_SCENES/cd032a54f8b07e6144dce4174a594bc750411cbc992e602d0cfc3e24a26585ae/concrete_t0p2.ply,EXISTS,209,8539be41fbe369adee4dcf1ea7f55b8b13ca60367b38cd09b97b712441bc4c6b,complete geometry revision required by FINAL_MANIFEST
GITHUB,D:\codex\raytracing_modules\rt_cp_uwb\results\SIONNA_NATIVE_GEOMETRY_20260925_01a0d83b\SIONNA_SCENES\cd032a54f8b07e6144dce4174a594bc750411cbc992e602d0cfc3e24a26585ae\glass_t0p006.ply,results/SIONNA_NATIVE_GEOMETRY_20260925_01a0d83b/SIONNA_SCENES/cd032a54f8b07e6144dce4174a594bc750411cbc992e602d0cfc3e24a26585ae/glass_t0p006.ply,EXISTS,416,19a3427554fa1a01fe67224eb83cd7c69bf6b026e8d945862dc0ca6a60c2e341,complete geometry revision required by FINAL_MANIFEST
GITHUB,D:\codex\raytracing_modules\rt_cp_uwb\results\SIONNA_NATIVE_GEOMETRY_20260925_01a0d83b\SIONNA_SCENES\cd032a54f8b07e6144dce4174a594bc750411cbc992e602d0cfc3e24a26585ae\metal_t0p001.ply,results/SIONNA_NATIVE_GEOMETRY_20260925_01a0d83b/SIONNA_SCENES/cd032a54f8b07e6144dce4174a594bc750411cbc992e602d0cfc3e24a26585ae/metal_t0p001.ply,EXISTS,40198,4400d47fc95efd9910cd2667110520bfde9e7e3ff9ef2ae08dd080aebc24ce7b,complete geometry revision required by FINAL_MANIFEST
GITHUB,D:\codex\raytracing_modules\rt_cp_uwb\results\SIONNA_NATIVE_GEOMETRY_20260925_01a0d83b\SIONNA_SCENES\cd032a54f8b07e6144dce4174a594bc750411cbc992e602d0cfc3e24a26585ae\plasterboard_t0p0125.ply,results/SIONNA_NATIVE_GEOMETRY_20260925_01a0d83b/SIONNA_SCENES/cd032a54f8b07e6144dce4174a594bc750411cbc992e602d0cfc3e24a26585ae/plasterboard_t0p0125.ply,EXISTS,1459,63ac9fe46d26e66a4d710fcfc3f1cd8b5aaea8bdc1a63bd64e5a356c688a3b38,complete geometry revision required by FINAL_MANIFEST
GITHUB,D:\codex\raytracing_modules\rt_cp_uwb\results\SIONNA_NATIVE_GEOMETRY_20260925_01a0d83b\SIONNA_SCENES\cf6563741e541f9ed402437149b1ad5e965f12419fe87744fcf379c1d0797efe\concrete_t0p2.ply,results/SIONNA_NATIVE_GEOMETRY_20260925_01a0d83b/SIONNA_SCENES/cf6563741e541f9ed402437149b1ad5e965f12419fe87744fcf379c1d0797efe/concrete_t0p2.ply,EXISTS,212,d9591e3358269fc6700f8de7d095552971072ebe2c05f1231507cd2c7372c9b6,complete geometry revision required by FINAL_MANIFEST
GITHUB,D:\codex\raytracing_modules\rt_cp_uwb\results\SIONNA_NATIVE_GEOMETRY_20260925_01a0d83b\SIONNA_SCENES\cf6563741e541f9ed402437149b1ad5e965f12419fe87744fcf379c1d0797efe\glass_t0p006.ply,results/SIONNA_NATIVE_GEOMETRY_20260925_01a0d83b/SIONNA_SCENES/cf6563741e541f9ed402437149b1ad5e965f12419fe87744fcf379c1d0797efe/glass_t0p006.ply,EXISTS,422,5beb153e9f70c24410677bb3ec857b15b6e43bec214e90a8508dbb8a2af1ab02,complete geometry revision required by FINAL_MANIFEST
GITHUB,D:\codex\raytracing_modules\rt_cp_uwb\results\SIONNA_NATIVE_GEOMETRY_20260925_01a0d83b\SIONNA_SCENES\cf6563741e541f9ed402437149b1ad5e965f12419fe87744fcf379c1d0797efe\metal_t0p001.ply,results/SIONNA_NATIVE_GEOMETRY_20260925_01a0d83b/SIONNA_SCENES/cf6563741e541f9ed402437149b1ad5e965f12419fe87744fcf379c1d0797efe/metal_t0p001.ply,EXISTS,37950,eec462708a2fb0b80677b57ff57c4b42c6b3cea2171d567f71ff593e71a0163d,complete geometry revision required by FINAL_MANIFEST
GITHUB,D:\codex\raytracing_modules\rt_cp_uwb\results\SIONNA_NATIVE_GEOMETRY_20260925_01a0d83b\SIONNA_SCENES\cf6563741e541f9ed402437149b1ad5e965f12419fe87744fcf379c1d0797efe\plasterboard_t0p0125.ply,results/SIONNA_NATIVE_GEOMETRY_20260925_01a0d83b/SIONNA_SCENES/cf6563741e541f9ed402437149b1ad5e965f12419fe87744fcf379c1d0797efe/plasterboard_t0p0125.ply,EXISTS,1084,432948342440feb9a788cae89e25489120446c8bbb155458ff80f7ca4656c475,complete geometry revision required by FINAL_MANIFEST
GITHUB,D:\codex\raytracing_modules\rt_cp_uwb\results\SIONNA_NATIVE_GEOMETRY_20260925_01a0d83b\SIONNA_SCENES\common-v0-c1-finite-pec-floor-01000mm\metal_t0p001.ply,results/SIONNA_NATIVE_GEOMETRY_20260925_01a0d83b/SIONNA_SCENES/common-v0-c1-finite-pec-floor-01000mm/metal_t0p001.ply,EXISTS,224,cd4e5a76cf46a54bc953ff1636df8a3eafc31d5eb325c7f84a6ba6ceba9bb761,complete geometry revision required by FINAL_MANIFEST
GITHUB,D:\codex\raytracing_modules\rt_cp_uwb\results\SIONNA_NATIVE_GEOMETRY_20260925_01a0d83b\SIONNA_SCENES\common-v0-c1-finite-pec-floor-03000mm\metal_t0p001.ply,results/SIONNA_NATIVE_GEOMETRY_20260925_01a0d83b/SIONNA_SCENES/common-v0-c1-finite-pec-floor-03000mm/metal_t0p001.ply,EXISTS,224,cd4e5a76cf46a54bc953ff1636df8a3eafc31d5eb325c7f84a6ba6ceba9bb761,complete geometry revision required by FINAL_MANIFEST
GITHUB,D:\codex\raytracing_modules\rt_cp_uwb\results\SIONNA_NATIVE_GEOMETRY_20260925_01a0d83b\SIONNA_SCENES\common-v0-c1-finite-pec-floor-07000mm\metal_t0p001.ply,results/SIONNA_NATIVE_GEOMETRY_20260925_01a0d83b/SIONNA_SCENES/common-v0-c1-finite-pec-floor-07000mm/metal_t0p001.ply,EXISTS,224,cd4e5a76cf46a54bc953ff1636df8a3eafc31d5eb325c7f84a6ba6ceba9bb761,complete geometry revision required by FINAL_MANIFEST
GITHUB,D:\codex\raytracing_modules\rt_cp_uwb\results\SIONNA_NATIVE_GEOMETRY_20260925_01a0d83b\SIONNA_SCENES\common-v0-c2-finite-eps4-lossless-floor-01000mm\EPS4_LOSSLESS_t0p1.ply,results/SIONNA_NATIVE_GEOMETRY_20260925_01a0d83b/SIONNA_SCENES/common-v0-c2-finite-eps4-lossless-floor-01000mm/EPS4_LOSSLESS_t0p1.ply,EXISTS,224,cd4e5a76cf46a54bc953ff1636df8a3eafc31d5eb325c7f84a6ba6ceba9bb761,complete geometry revision required by FINAL_MANIFEST
GITHUB,D:\codex\raytracing_modules\rt_cp_uwb\results\SIONNA_NATIVE_GEOMETRY_20260925_01a0d83b\SIONNA_SCENES\common-v0-c2-finite-eps4-lossless-floor-03000mm\EPS4_LOSSLESS_t0p1.ply,results/SIONNA_NATIVE_GEOMETRY_20260925_01a0d83b/SIONNA_SCENES/common-v0-c2-finite-eps4-lossless-floor-03000mm/EPS4_LOSSLESS_t0p1.ply,EXISTS,224,cd4e5a76cf46a54bc953ff1636df8a3eafc31d5eb325c7f84a6ba6ceba9bb761,complete geometry revision required by FINAL_MANIFEST
GITHUB,D:\codex\raytracing_modules\rt_cp_uwb\results\SIONNA_NATIVE_GEOMETRY_20260925_01a0d83b\SIONNA_SCENES\common-v0-c2-finite-eps4-lossless-floor-07000mm\EPS4_LOSSLESS_t0p1.ply,results/SIONNA_NATIVE_GEOMETRY_20260925_01a0d83b/SIONNA_SCENES/common-v0-c2-finite-eps4-lossless-floor-07000mm/EPS4_LOSSLESS_t0p1.ply,EXISTS,224,cd4e5a76cf46a54bc953ff1636df8a3eafc31d5eb325c7f84a6ba6ceba9bb761,complete geometry revision required by FINAL_MANIFEST
GITHUB,D:\codex\raytracing_modules\rt_cp_uwb\results\SIONNA_NATIVE_GEOMETRY_20260925_01a0d83b\SIONNA_SCENES\d34c7257d502005ccf53e4637e50aadd6470b57f10088f2c816c3dfe7f397dc0\concrete_t0p2.ply,results/SIONNA_NATIVE_GEOMETRY_20260925_01a0d83b/SIONNA_SCENES/d34c7257d502005ccf53e4637e50aadd6470b57f10088f2c816c3dfe7f397dc0/concrete_t0p2.ply,EXISTS,212,7d3e84e10e3335139b6bed93ebc8483c325ede216da7710faae6174395b90886,complete geometry revision required by FINAL_MANIFEST
GITHUB,D:\codex\raytracing_modules\rt_cp_uwb\results\SIONNA_NATIVE_GEOMETRY_20260925_01a0d83b\SIONNA_SCENES\d34c7257d502005ccf53e4637e50aadd6470b57f10088f2c816c3dfe7f397dc0\glass_t0p006.ply,results/SIONNA_NATIVE_GEOMETRY_20260925_01a0d83b/SIONNA_SCENES/d34c7257d502005ccf53e4637e50aadd6470b57f10088f2c816c3dfe7f397dc0/glass_t0p006.ply,EXISTS,347,9886f1618523908225fd2b29e374b49a5566a68a621c7670274b3ee5a60a7e03,complete geometry revision required by FINAL_MANIFEST
GITHUB,D:\codex\raytracing_modules\rt_cp_uwb\results\SIONNA_NATIVE_GEOMETRY_20260925_01a0d83b\SIONNA_SCENES\d34c7257d502005ccf53e4637e50aadd6470b57f10088f2c816c3dfe7f397dc0\metal_t0p001.ply,results/SIONNA_NATIVE_GEOMETRY_20260925_01a0d83b/SIONNA_SCENES/d34c7257d502005ccf53e4637e50aadd6470b57f10088f2c816c3dfe7f397dc0/metal_t0p001.ply,EXISTS,39829,d0923a980e1992dd24262e729a0b5772db4a6785d562549d5e975c155927020d,complete geometry revision required by FINAL_MANIFEST
GITHUB,D:\codex\raytracing_modules\rt_cp_uwb\results\SIONNA_NATIVE_GEOMETRY_20260925_01a0d83b\SIONNA_SCENES\d34c7257d502005ccf53e4637e50aadd6470b57f10088f2c816c3dfe7f397dc0\plasterboard_t0p0125.ply,results/SIONNA_NATIVE_GEOMETRY_20260925_01a0d83b/SIONNA_SCENES/d34c7257d502005ccf53e4637e50aadd6470b57f10088f2c816c3dfe7f397dc0/plasterboard_t0p0125.ply,EXISTS,1063,7e482806069e13dbe990919cedac872c63d6b72687af416b36c9c9274016d813,complete geometry revision required by FINAL_MANIFEST
GITHUB,D:\codex\raytracing_modules\rt_cp_uwb\results\SIONNA_NATIVE_GEOMETRY_20260925_01a0d83b\SIONNA_SCENES\d620158a213d25757fb74504df10b3e94d0410f9c1d79a9bc73e8364f6e2c80b\concrete_t0p2.ply,results/SIONNA_NATIVE_GEOMETRY_20260925_01a0d83b/SIONNA_SCENES/d620158a213d25757fb74504df10b3e94d0410f9c1d79a9bc73e8364f6e2c80b/concrete_t0p2.ply,EXISTS,212,6647b8e1136fd73156f0b0acbe8b24189bbb1efe40007f97424c3f0d2ad8231d,complete geometry revision required by FINAL_MANIFEST
GITHUB,D:\codex\raytracing_modules\rt_cp_uwb\results\SIONNA_NATIVE_GEOMETRY_20260925_01a0d83b\SIONNA_SCENES\d620158a213d25757fb74504df10b3e94d0410f9c1d79a9bc73e8364f6e2c80b\glass_t0p006.ply,results/SIONNA_NATIVE_GEOMETRY_20260925_01a0d83b/SIONNA_SCENES/d620158a213d25757fb74504df10b3e94d0410f9c1d79a9bc73e8364f6e2c80b/glass_t0p006.ply,EXISTS,425,2e55823d2275c7f034d74a7864a90f1449af9a6f82b4cee5899e39075e72c144,complete geometry revision required by FINAL_MANIFEST
GITHUB,D:\codex\raytracing_modules\rt_cp_uwb\results\SIONNA_NATIVE_GEOMETRY_20260925_01a0d83b\SIONNA_SCENES\d620158a213d25757fb74504df10b3e94d0410f9c1d79a9bc73e8364f6e2c80b\metal_t0p001.ply,results/SIONNA_NATIVE_GEOMETRY_20260925_01a0d83b/SIONNA_SCENES/d620158a213d25757fb74504df10b3e94d0410f9c1d79a9bc73e8364f6e2c80b/metal_t0p001.ply,EXISTS,37950,08f4ab7f8dbeaed0fa547c9f335eff8ca0b4943c1b505b1a4a4d3a3089730730,complete geometry revision required by FINAL_MANIFEST
GITHUB,D:\codex\raytracing_modules\rt_cp_uwb\results\SIONNA_NATIVE_GEOMETRY_20260925_01a0d83b\SIONNA_SCENES\d620158a213d25757fb74504df10b3e94d0410f9c1d79a9bc73e8364f6e2c80b\plasterboard_t0p0125.ply,results/SIONNA_NATIVE_GEOMETRY_20260925_01a0d83b/SIONNA_SCENES/d620158a213d25757fb74504df10b3e94d0410f9c1d79a9bc73e8364f6e2c80b/plasterboard_t0p0125.ply,EXISTS,1501,0b3adcf4b6daca55402814356563d133850a97f97b3eae806d152a2fa913a3f6,complete geometry revision required by FINAL_MANIFEST
GITHUB,D:\codex\raytracing_modules\rt_cp_uwb\results\SIONNA_NATIVE_GEOMETRY_20260925_01a0d83b\SIONNA_SCENES\d6466775d997cb6905a1c5c126cff543a98bd5cedffaf8157755b792224237f6\concrete_t0p2.ply,results/SIONNA_NATIVE_GEOMETRY_20260925_01a0d83b/SIONNA_SCENES/d6466775d997cb6905a1c5c126cff543a98bd5cedffaf8157755b792224237f6/concrete_t0p2.ply,EXISTS,212,0e075d7ce0812af8505f54c9511411d57826bac45264198470bb3ecccd90a8f6,complete geometry revision required by FINAL_MANIFEST
GITHUB,D:\codex\raytracing_modules\rt_cp_uwb\results\SIONNA_NATIVE_GEOMETRY_20260925_01a0d83b\SIONNA_SCENES\d6466775d997cb6905a1c5c126cff543a98bd5cedffaf8157755b792224237f6\glass_t0p006.ply,results/SIONNA_NATIVE_GEOMETRY_20260925_01a0d83b/SIONNA_SCENES/d6466775d997cb6905a1c5c126cff543a98bd5cedffaf8157755b792224237f6/glass_t0p006.ply,EXISTS,502,bbe6ec6f94c1adb1299ea770a6fbf8ae0ca89c31ecd243a68e3b9715101cf5de,complete geometry revision required by FINAL_MANIFEST
GITHUB,D:\codex\raytracing_modules\rt_cp_uwb\results\SIONNA_NATIVE_GEOMETRY_20260925_01a0d83b\SIONNA_SCENES\d6466775d997cb6905a1c5c126cff543a98bd5cedffaf8157755b792224237f6\plasterboard_t0p0125.ply,results/SIONNA_NATIVE_GEOMETRY_20260925_01a0d83b/SIONNA_SCENES/d6466775d997cb6905a1c5c126cff543a98bd5cedffaf8157755b792224237f6/plasterboard_t0p0125.ply,EXISTS,845,ae918d14d51fb102e91a919458adaf887fa9ee6e82fc91c3d1aa02430d3d65f6,complete geometry revision required by FINAL_MANIFEST
GITHUB,D:\codex\raytracing_modules\rt_cp_uwb\results\SIONNA_NATIVE_GEOMETRY_20260925_01a0d83b\SIONNA_SCENES\d6466775d997cb6905a1c5c126cff543a98bd5cedffaf8157755b792224237f6\wood_t0p018.ply,results/SIONNA_NATIVE_GEOMETRY_20260925_01a0d83b/SIONNA_SCENES/d6466775d997cb6905a1c5c126cff543a98bd5cedffaf8157755b792224237f6/wood_t0p018.ply,EXISTS,70829,c2c43e8839f3ef7f41bcda554cc5d272fbdf2a2efe405b20bcc11203c20cba65,complete geometry revision required by FINAL_MANIFEST
GITHUB,D:\codex\raytracing_modules\rt_cp_uwb\results\SIONNA_NATIVE_GEOMETRY_20260925_01a0d83b\SIONNA_SCENES\d787e318d795c0417c4ccbe2759b8b9abfb00dd6e8d75e2e447877bdea06cc7a\chipboard_t0p012.ply,results/SIONNA_NATIVE_GEOMETRY_20260925_01a0d83b/SIONNA_SCENES/d787e318d795c0417c4ccbe2759b8b9abfb00dd6e8d75e2e447877bdea06cc7a/chipboard_t0p012.ply,EXISTS,32317,99aa8e42bc349973e9ad992633ac6cd8d26baad2ebad844c823ba393bf0f7bd4,complete geometry revision required by FINAL_MANIFEST
GITHUB,D:\codex\raytracing_modules\rt_cp_uwb\results\SIONNA_NATIVE_GEOMETRY_20260925_01a0d83b\SIONNA_SCENES\d787e318d795c0417c4ccbe2759b8b9abfb00dd6e8d75e2e447877bdea06cc7a\concrete_t0p2.ply,results/SIONNA_NATIVE_GEOMETRY_20260925_01a0d83b/SIONNA_SCENES/d787e318d795c0417c4ccbe2759b8b9abfb00dd6e8d75e2e447877bdea06cc7a/concrete_t0p2.ply,EXISTS,212,c8fa37735de8ac88fd6126d47cfba68716b63a568902febe27bda374d7304535,complete geometry revision required by FINAL_MANIFEST
GITHUB,D:\codex\raytracing_modules\rt_cp_uwb\results\SIONNA_NATIVE_GEOMETRY_20260925_01a0d83b\SIONNA_SCENES\d787e318d795c0417c4ccbe2759b8b9abfb00dd6e8d75e2e447877bdea06cc7a\glass_t0p006.ply,results/SIONNA_NATIVE_GEOMETRY_20260925_01a0d83b/SIONNA_SCENES/d787e318d795c0417c4ccbe2759b8b9abfb00dd6e8d75e2e447877bdea06cc7a/glass_t0p006.ply,EXISTS,422,90841039110c6b8af2faf322e044f009b03646b3286994968ec5773184822616,complete geometry revision required by FINAL_MANIFEST
GITHUB,D:\codex\raytracing_modules\rt_cp_uwb\results\SIONNA_NATIVE_GEOMETRY_20260925_01a0d83b\SIONNA_SCENES\d787e318d795c0417c4ccbe2759b8b9abfb00dd6e8d75e2e447877bdea06cc7a\metal_t0p001.ply,results/SIONNA_NATIVE_GEOMETRY_20260925_01a0d83b/SIONNA_SCENES/d787e318d795c0417c4ccbe2759b8b9abfb00dd6e8d75e2e447877bdea06cc7a/metal_t0p001.ply,EXISTS,41766,1e7d259b8a36c85fa9b44fe09c4455554e8b40fdeed837247a64264c83e4a2c3,complete geometry revision required by FINAL_MANIFEST
GITHUB,D:\codex\raytracing_modules\rt_cp_uwb\results\SIONNA_NATIVE_GEOMETRY_20260925_01a0d83b\SIONNA_SCENES\d787e318d795c0417c4ccbe2759b8b9abfb00dd6e8d75e2e447877bdea06cc7a\plasterboard_t0p0125.ply,results/SIONNA_NATIVE_GEOMETRY_20260925_01a0d83b/SIONNA_SCENES/d787e318d795c0417c4ccbe2759b8b9abfb00dd6e8d75e2e447877bdea06cc7a/plasterboard_t0p0125.ply,EXISTS,1084,b8478abcfbbcec0b0021d211a4997f3bdf10a43ef12a40f8934df979fc43545a,complete geometry revision required by FINAL_MANIFEST
GITHUB,D:\codex\raytracing_modules\rt_cp_uwb\results\SIONNA_NATIVE_GEOMETRY_20260925_01a0d83b\SIONNA_SCENES\de2850a27ba0809575075fe345d1636db4cb6a050db0b3c2da66776cf648f58a\chipboard_t0p012.ply,results/SIONNA_NATIVE_GEOMETRY_20260925_01a0d83b/SIONNA_SCENES/de2850a27ba0809575075fe345d1636db4cb6a050db0b3c2da66776cf648f58a/chipboard_t0p012.ply,EXISTS,31855,074f153f4c2390996a723e7046e5ad493b64e6ff24c3a7c10707026224c7e427,complete geometry revision required by FINAL_MANIFEST
GITHUB,D:\codex\raytracing_modules\rt_cp_uwb\results\SIONNA_NATIVE_GEOMETRY_20260925_01a0d83b\SIONNA_SCENES\de2850a27ba0809575075fe345d1636db4cb6a050db0b3c2da66776cf648f58a\concrete_t0p2.ply,results/SIONNA_NATIVE_GEOMETRY_20260925_01a0d83b/SIONNA_SCENES/de2850a27ba0809575075fe345d1636db4cb6a050db0b3c2da66776cf648f58a/concrete_t0p2.ply,EXISTS,212,5f1c2366bb7f2e0c49421c304e9202e3c7feefa172fb42794eb02d894e892f60,complete geometry revision required by FINAL_MANIFEST
GITHUB,D:\codex\raytracing_modules\rt_cp_uwb\results\SIONNA_NATIVE_GEOMETRY_20260925_01a0d83b\SIONNA_SCENES\de2850a27ba0809575075fe345d1636db4cb6a050db0b3c2da66776cf648f58a\glass_t0p006.ply,results/SIONNA_NATIVE_GEOMETRY_20260925_01a0d83b/SIONNA_SCENES/de2850a27ba0809575075fe345d1636db4cb6a050db0b3c2da66776cf648f58a/glass_t0p006.ply,EXISTS,410,b6b632ac10ba083c3414b359f9e9b4464372f6ab9daad5cb824a9d940b7d6fe9,complete geometry revision required by FINAL_MANIFEST
GITHUB,D:\codex\raytracing_modules\rt_cp_uwb\results\SIONNA_NATIVE_GEOMETRY_20260925_01a0d83b\SIONNA_SCENES\de2850a27ba0809575075fe345d1636db4cb6a050db0b3c2da66776cf648f58a\metal_t0p001.ply,results/SIONNA_NATIVE_GEOMETRY_20260925_01a0d83b/SIONNA_SCENES/de2850a27ba0809575075fe345d1636db4cb6a050db0b3c2da66776cf648f58a/metal_t0p001.ply,EXISTS,42044,b6a0c0124eb0a800314ef9eb8e39f0eb171e2632bbdc250c5d6677e442d2d5a8,complete geometry revision required by FINAL_MANIFEST
GITHUB,D:\codex\raytracing_modules\rt_cp_uwb\results\SIONNA_NATIVE_GEOMETRY_20260925_01a0d83b\SIONNA_SCENES\de2850a27ba0809575075fe345d1636db4cb6a050db0b3c2da66776cf648f58a\plasterboard_t0p0125.ply,results/SIONNA_NATIVE_GEOMETRY_20260925_01a0d83b/SIONNA_SCENES/de2850a27ba0809575075fe345d1636db4cb6a050db0b3c2da66776cf648f58a/plasterboard_t0p0125.ply,EXISTS,1048,15f756a414f93a1f980243bdf2bb2b11107c00b43ff5e3bb78fa56dd26275e81,complete geometry revision required by FINAL_MANIFEST
GITHUB,D:\codex\raytracing_modules\rt_cp_uwb\results\SIONNA_NATIVE_GEOMETRY_20260925_01a0d83b\SIONNA_SCENES\ea9e98e63b07b123a46b0206025b787564f756b95b46ba18cee6c2e44c61e6fd\concrete_t0p2.ply,results/SIONNA_NATIVE_GEOMETRY_20260925_01a0d83b/SIONNA_SCENES/ea9e98e63b07b123a46b0206025b787564f756b95b46ba18cee6c2e44c61e6fd/concrete_t0p2.ply,EXISTS,212,1a221a7cbd36db8462067270d6bb558ef688ac79ea2b24cb2c9ca20a4afe05fb,complete geometry revision required by FINAL_MANIFEST
GITHUB,D:\codex\raytracing_modules\rt_cp_uwb\results\SIONNA_NATIVE_GEOMETRY_20260925_01a0d83b\SIONNA_SCENES\ea9e98e63b07b123a46b0206025b787564f756b95b46ba18cee6c2e44c61e6fd\glass_t0p006.ply,results/SIONNA_NATIVE_GEOMETRY_20260925_01a0d83b/SIONNA_SCENES/ea9e98e63b07b123a46b0206025b787564f756b95b46ba18cee6c2e44c61e6fd/glass_t0p006.ply,EXISTS,502,c78eb78b003ca077cba851b98b18afd164ad155ff33a8cd0451e371c8e2e5b70,complete geometry revision required by FINAL_MANIFEST
GITHUB,D:\codex\raytracing_modules\rt_cp_uwb\results\SIONNA_NATIVE_GEOMETRY_20260925_01a0d83b\SIONNA_SCENES\ea9e98e63b07b123a46b0206025b787564f756b95b46ba18cee6c2e44c61e6fd\plasterboard_t0p0125.ply,results/SIONNA_NATIVE_GEOMETRY_20260925_01a0d83b/SIONNA_SCENES/ea9e98e63b07b123a46b0206025b787564f756b95b46ba18cee6c2e44c61e6fd/plasterboard_t0p0125.ply,EXISTS,1091,02a550c065a56124a7dbf911d7d8ad60ea938759ec97b8c08e97a5fd10a2114a,complete geometry revision required by FINAL_MANIFEST
GITHUB,D:\codex\raytracing_modules\rt_cp_uwb\results\SIONNA_NATIVE_GEOMETRY_20260925_01a0d83b\SIONNA_SCENES\ea9e98e63b07b123a46b0206025b787564f756b95b46ba18cee6c2e44c61e6fd\wood_t0p018.ply,results/SIONNA_NATIVE_GEOMETRY_20260925_01a0d83b/SIONNA_SCENES/ea9e98e63b07b123a46b0206025b787564f756b95b46ba18cee6c2e44c61e6fd/wood_t0p018.ply,EXISTS,70472,3dc9299c2701cae1079656cd1f915a224865899dc23d93c6089147ccb13b080d,complete geometry revision required by FINAL_MANIFEST
GITHUB,D:\codex\raytracing_modules\rt_cp_uwb\results\SIONNA_NATIVE_GEOMETRY_20260925_01a0d83b\SIONNA_SCENES\f957c329c7dc038f5a089cee25a6f410c22a1e78c561d3839001559bb4882253\concrete_t0p2.ply,results/SIONNA_NATIVE_GEOMETRY_20260925_01a0d83b/SIONNA_SCENES/f957c329c7dc038f5a089cee25a6f410c22a1e78c561d3839001559bb4882253/concrete_t0p2.ply,EXISTS,530,47238b78805016773385592c1b19634e6664834afdeab70c42d7985eddbef6c9,complete geometry revision required by FINAL_MANIFEST
GITHUB,D:\codex\raytracing_modules\rt_cp_uwb\results\SIONNA_NATIVE_GEOMETRY_20260925_01a0d83b\SIONNA_SCENES\f957c329c7dc038f5a089cee25a6f410c22a1e78c561d3839001559bb4882253\metal_t0p001.ply,results/SIONNA_NATIVE_GEOMETRY_20260925_01a0d83b/SIONNA_SCENES/f957c329c7dc038f5a089cee25a6f410c22a1e78c561d3839001559bb4882253/metal_t0p001.ply,EXISTS,239891,61df7b66cde8431de915e34842bb2f4079f1eeafce1271e427e3d1c3de2d87f9,complete geometry revision required by FINAL_MANIFEST
GITHUB,D:\codex\raytracing_modules\rt_cp_uwb\results\SIONNA_NATIVE_GEOMETRY_20260925_01a0d83b\SIONNA_SCENES\f9933740330ee113d1b5732a44b9b4977ae022b0924749c54097af0d8d9ac125\concrete_t0p2.ply,results/SIONNA_NATIVE_GEOMETRY_20260925_01a0d83b/SIONNA_SCENES/f9933740330ee113d1b5732a44b9b4977ae022b0924749c54097af0d8d9ac125/concrete_t0p2.ply,EXISTS,212,c017cc4ace5047957f7211ae45865caf54aa1ae1d3901d7d73b728f0843fca0f,complete geometry revision required by FINAL_MANIFEST
GITHUB,D:\codex\raytracing_modules\rt_cp_uwb\results\SIONNA_NATIVE_GEOMETRY_20260925_01a0d83b\SIONNA_SCENES\f9933740330ee113d1b5732a44b9b4977ae022b0924749c54097af0d8d9ac125\glass_t0p006.ply,results/SIONNA_NATIVE_GEOMETRY_20260925_01a0d83b/SIONNA_SCENES/f9933740330ee113d1b5732a44b9b4977ae022b0924749c54097af0d8d9ac125/glass_t0p006.ply,EXISTS,410,1e40922e5595893592fbd05f3136e8f10ebaa16801713d36fc36a569e8b145e2,complete geometry revision required by FINAL_MANIFEST
GITHUB,D:\codex\raytracing_modules\rt_cp_uwb\results\SIONNA_NATIVE_GEOMETRY_20260925_01a0d83b\SIONNA_SCENES\f9933740330ee113d1b5732a44b9b4977ae022b0924749c54097af0d8d9ac125\metal_t0p001.ply,results/SIONNA_NATIVE_GEOMETRY_20260925_01a0d83b/SIONNA_SCENES/f9933740330ee113d1b5732a44b9b4977ae022b0924749c54097af0d8d9ac125/metal_t0p001.ply,EXISTS,38250,fe2a49c151813133fbe76c17ae71071a87c2b431edb9f82af71e23e29951655b,complete geometry revision required by FINAL_MANIFEST
GITHUB,D:\codex\raytracing_modules\rt_cp_uwb\results\SIONNA_NATIVE_GEOMETRY_20260925_01a0d83b\SIONNA_SCENES\f9933740330ee113d1b5732a44b9b4977ae022b0924749c54097af0d8d9ac125\plasterboard_t0p0125.ply,results/SIONNA_NATIVE_GEOMETRY_20260925_01a0d83b/SIONNA_SCENES/f9933740330ee113d1b5732a44b9b4977ae022b0924749c54097af0d8d9ac125/plasterboard_t0p0125.ply,EXISTS,1048,242b90dd75d8db3b330292337771c3917ec9255f674337aca42d019282920cb6,complete geometry revision required by FINAL_MANIFEST
GITHUB,D:\codex\raytracing_modules\rt_cp_uwb\results\SIONNA_NATIVE_GEOMETRY_20260925_01a0d83b\SIONNA_SCENES\POSTP0_C1_A_02FD6E70\concrete_t0p2.ply,results/SIONNA_NATIVE_GEOMETRY_20260925_01a0d83b/SIONNA_SCENES/POSTP0_C1_A_02FD6E70/concrete_t0p2.ply,EXISTS,308,75c5073d41596c623147c7edac9601fd823d87211cd98cd6c7088a5ef5d03557,complete geometry revision required by FINAL_MANIFEST
GITHUB,D:\codex\raytracing_modules\rt_cp_uwb\results\SIONNA_NATIVE_GEOMETRY_20260925_01a0d83b\SIONNA_SCENES\POSTP0_C1_A_02FD6E70\plasterboard_t0p0125.ply,results/SIONNA_NATIVE_GEOMETRY_20260925_01a0d83b/SIONNA_SCENES/POSTP0_C1_A_02FD6E70/plasterboard_t0p0125.ply,EXISTS,1252,73d3302d58fc49d61599aeed6b9c389b8b3b14b0ae67c5d47f457e8a14031e90,complete geometry revision required by FINAL_MANIFEST
GITHUB,D:\codex\raytracing_modules\rt_cp_uwb\results\SIONNA_NATIVE_GEOMETRY_20260925_01a0d83b\SIONNA_SCENES\POSTP0_C1_A_68E0E057\concrete_t0p2.ply,results/SIONNA_NATIVE_GEOMETRY_20260925_01a0d83b/SIONNA_SCENES/POSTP0_C1_A_68E0E057/concrete_t0p2.ply,EXISTS,308,24182b6b59901547a079e8ba011ef202e57fafe8ea219948b4888dd6aaeba71f,complete geometry revision required by FINAL_MANIFEST
GITHUB,D:\codex\raytracing_modules\rt_cp_uwb\results\SIONNA_NATIVE_GEOMETRY_20260925_01a0d83b\SIONNA_SCENES\POSTP0_C1_A_68E0E057\plasterboard_t0p0125.ply,results/SIONNA_NATIVE_GEOMETRY_20260925_01a0d83b/SIONNA_SCENES/POSTP0_C1_A_68E0E057/plasterboard_t0p0125.ply,EXISTS,1252,6c9ed1d7a669061e14f5f6cf2ff700e947437eb184899a99ebfc069a6ff21bd4,complete geometry revision required by FINAL_MANIFEST
GITHUB,D:\codex\raytracing_modules\rt_cp_uwb\results\SIONNA_NATIVE_GEOMETRY_20260925_01a0d83b\SIONNA_SCENES\POSTP0_C1_A_9ADF76E8\concrete_t0p2.ply,results/SIONNA_NATIVE_GEOMETRY_20260925_01a0d83b/SIONNA_SCENES/POSTP0_C1_A_9ADF76E8/concrete_t0p2.ply,EXISTS,308,286c63f776eb142d8f4c79e76dcc0e76940368c7f0bf5561e1f5ed511ced590e,complete geometry revision required by FINAL_MANIFEST
GITHUB,D:\codex\raytracing_modules\rt_cp_uwb\results\SIONNA_NATIVE_GEOMETRY_20260925_01a0d83b\SIONNA_SCENES\POSTP0_C1_A_9ADF76E8\plasterboard_t0p0125.ply,results/SIONNA_NATIVE_GEOMETRY_20260925_01a0d83b/SIONNA_SCENES/POSTP0_C1_A_9ADF76E8/plasterboard_t0p0125.ply,EXISTS,1252,bf4a65f820dbdc1b6e67b38d3651968b43eccfb00de98646934fcf72273d817a,complete geometry revision required by FINAL_MANIFEST
GITHUB,D:\codex\raytracing_modules\rt_cp_uwb\results\SIONNA_NATIVE_GEOMETRY_20260925_01a0d83b\SIONNA_SCENES\POSTP0_C1_A_9AEC9FB5\concrete_t0p2.ply,results/SIONNA_NATIVE_GEOMETRY_20260925_01a0d83b/SIONNA_SCENES/POSTP0_C1_A_9AEC9FB5/concrete_t0p2.ply,EXISTS,308,2aaa5d3fc08af2585c9e2df526f860e5111dabbfd2d9e87f167c1450a1127530,complete geometry revision required by FINAL_MANIFEST
GITHUB,D:\codex\raytracing_modules\rt_cp_uwb\results\SIONNA_NATIVE_GEOMETRY_20260925_01a0d83b\SIONNA_SCENES\POSTP0_C1_A_9AEC9FB5\plasterboard_t0p0125.ply,results/SIONNA_NATIVE_GEOMETRY_20260925_01a0d83b/SIONNA_SCENES/POSTP0_C1_A_9AEC9FB5/plasterboard_t0p0125.ply,EXISTS,1252,de57e3ef24ab3812a32ac656d2a6da8c063f98cbca1b0f8d693b058c8d7de80b,complete geometry revision required by FINAL_MANIFEST
GITHUB,D:\codex\raytracing_modules\rt_cp_uwb\results\SIONNA_NATIVE_GEOMETRY_20260925_01a0d83b\SIONNA_SCENES\POSTP0_C1_A_A3670D97\concrete_t0p2.ply,results/SIONNA_NATIVE_GEOMETRY_20260925_01a0d83b/SIONNA_SCENES/POSTP0_C1_A_A3670D97/concrete_t0p2.ply,EXISTS,308,40aef229b23284eb919349a689a55c780f163ecc0e8d237fee1ad3a1f4540736,complete geometry revision required by FINAL_MANIFEST
GITHUB,D:\codex\raytracing_modules\rt_cp_uwb\results\SIONNA_NATIVE_GEOMETRY_20260925_01a0d83b\SIONNA_SCENES\POSTP0_C1_A_A3670D97\plasterboard_t0p0125.ply,results/SIONNA_NATIVE_GEOMETRY_20260925_01a0d83b/SIONNA_SCENES/POSTP0_C1_A_A3670D97/plasterboard_t0p0125.ply,EXISTS,1252,2455e7cadab2d46ed268482501a71c6f68dadc0adaef04e495fcfb97ba1d6032,complete geometry revision required by FINAL_MANIFEST
GITHUB,D:\codex\raytracing_modules\rt_cp_uwb\results\SIONNA_NATIVE_GEOMETRY_20260925_01a0d83b\SIONNA_SCENES\POSTP0_C1_B_513BBE78\concrete_t0p2.ply,results/SIONNA_NATIVE_GEOMETRY_20260925_01a0d83b/SIONNA_SCENES/POSTP0_C1_B_513BBE78/concrete_t0p2.ply,EXISTS,308,5f4dce7211c02090628df96feb03dd4db9df22582a4a91c651d9424dfca47347,complete geometry revision required by FINAL_MANIFEST
GITHUB,D:\codex\raytracing_modules\rt_cp_uwb\results\SIONNA_NATIVE_GEOMETRY_20260925_01a0d83b\SIONNA_SCENES\POSTP0_C1_B_513BBE78\glass_t0p006.ply,results/SIONNA_NATIVE_GEOMETRY_20260925_01a0d83b/SIONNA_SCENES/POSTP0_C1_B_513BBE78/glass_t0p006.ply,EXISTS,512,7f30631b4c9e3f8dbb6edfedb257b5e52f39e129a4a01c435230911cdae7342d,complete geometry revision required by FINAL_MANIFEST
GITHUB,D:\codex\raytracing_modules\rt_cp_uwb\results\SIONNA_NATIVE_GEOMETRY_20260925_01a0d83b\SIONNA_SCENES\POSTP0_C1_B_513BBE78\metal_t0p001.ply,results/SIONNA_NATIVE_GEOMETRY_20260925_01a0d83b/SIONNA_SCENES/POSTP0_C1_B_513BBE78/metal_t0p001.ply,EXISTS,41210,b4960496baee13c7c7f12246843ca373724db7f97b8164cd9481d7c6f49fec26,complete geometry revision required by FINAL_MANIFEST
GITHUB,D:\codex\raytracing_modules\rt_cp_uwb\results\SIONNA_NATIVE_GEOMETRY_20260925_01a0d83b\SIONNA_SCENES\POSTP0_C1_B_513BBE78\plasterboard_t0p0125.ply,results/SIONNA_NATIVE_GEOMETRY_20260925_01a0d83b/SIONNA_SCENES/POSTP0_C1_B_513BBE78/plasterboard_t0p0125.ply,EXISTS,2242,c72f306d54c83a033fae928ea268a3f1bdced45761dc8ea2ee456c0cdcb67db5,complete geometry revision required by FINAL_MANIFEST
GITHUB,D:\codex\raytracing_modules\rt_cp_uwb\results\SIONNA_NATIVE_GEOMETRY_20260925_01a0d83b\SIONNA_SCENES\POSTP0_C1_B_A05E9333\concrete_t0p2.ply,results/SIONNA_NATIVE_GEOMETRY_20260925_01a0d83b/SIONNA_SCENES/POSTP0_C1_B_A05E9333/concrete_t0p2.ply,EXISTS,308,f0e5a85b36282659ac6b1e5e6cf049ab3c5767f6424dd21ea6e774088b1c8b00,complete geometry revision required by FINAL_MANIFEST
GITHUB,D:\codex\raytracing_modules\rt_cp_uwb\results\SIONNA_NATIVE_GEOMETRY_20260925_01a0d83b\SIONNA_SCENES\POSTP0_C1_B_A05E9333\glass_t0p006.ply,results/SIONNA_NATIVE_GEOMETRY_20260925_01a0d83b/SIONNA_SCENES/POSTP0_C1_B_A05E9333/glass_t0p006.ply,EXISTS,512,0c093e5f95f3d2e9acb7e7b4fab3a5c31f550373da3179b782ccb5144b06a435,complete geometry revision required by FINAL_MANIFEST
GITHUB,D:\codex\raytracing_modules\rt_cp_uwb\results\SIONNA_NATIVE_GEOMETRY_20260925_01a0d83b\SIONNA_SCENES\POSTP0_C1_B_A05E9333\metal_t0p001.ply,results/SIONNA_NATIVE_GEOMETRY_20260925_01a0d83b/SIONNA_SCENES/POSTP0_C1_B_A05E9333/metal_t0p001.ply,EXISTS,41804,5b1eb42cdf49f038f4740b8d9628bc8523dc8f9e8f90a21902bc5e2eb6beb07f,complete geometry revision required by FINAL_MANIFEST
GITHUB,D:\codex\raytracing_modules\rt_cp_uwb\results\SIONNA_NATIVE_GEOMETRY_20260925_01a0d83b\SIONNA_SCENES\POSTP0_C1_B_A05E9333\plasterboard_t0p0125.ply,results/SIONNA_NATIVE_GEOMETRY_20260925_01a0d83b/SIONNA_SCENES/POSTP0_C1_B_A05E9333/plasterboard_t0p0125.ply,EXISTS,2242,07952de297407cc3400093bd937062988ddf0d3a0022810c34513b67ce894e17,complete geometry revision required by FINAL_MANIFEST
GITHUB,D:\codex\raytracing_modules\rt_cp_uwb\results\SIONNA_NATIVE_GEOMETRY_20260925_01a0d83b\SIONNA_SCENES\POSTP0_C1_B_B0076CF8\concrete_t0p2.ply,results/SIONNA_NATIVE_GEOMETRY_20260925_01a0d83b/SIONNA_SCENES/POSTP0_C1_B_B0076CF8/concrete_t0p2.ply,EXISTS,308,286edf433dcfec371052b5860683fa6b8f56ac3c2ad8cebdb9c131cf6841008d,complete geometry revision required by FINAL_MANIFEST
GITHUB,D:\codex\raytracing_modules\rt_cp_uwb\results\SIONNA_NATIVE_GEOMETRY_20260925_01a0d83b\SIONNA_SCENES\POSTP0_C1_B_B0076CF8\glass_t0p006.ply,results/SIONNA_NATIVE_GEOMETRY_20260925_01a0d83b/SIONNA_SCENES/POSTP0_C1_B_B0076CF8/glass_t0p006.ply,EXISTS,512,2044111a33684839c01fcdb493c8e97ae30f945834f2e58d6d635c3ed3f365fc,complete geometry revision required by FINAL_MANIFEST
GITHUB,D:\codex\raytracing_modules\rt_cp_uwb\results\SIONNA_NATIVE_GEOMETRY_20260925_01a0d83b\SIONNA_SCENES\POSTP0_C1_B_B0076CF8\metal_t0p001.ply,results/SIONNA_NATIVE_GEOMETRY_20260925_01a0d83b/SIONNA_SCENES/POSTP0_C1_B_B0076CF8/metal_t0p001.ply,EXISTS,41804,a4cce32f597d3e29955a197718bf2d836313af3988819e521a77e0854f8ec3f7,complete geometry revision required by FINAL_MANIFEST
GITHUB,D:\codex\raytracing_modules\rt_cp_uwb\results\SIONNA_NATIVE_GEOMETRY_20260925_01a0d83b\SIONNA_SCENES\POSTP0_C1_B_B0076CF8\plasterboard_t0p0125.ply,results/SIONNA_NATIVE_GEOMETRY_20260925_01a0d83b/SIONNA_SCENES/POSTP0_C1_B_B0076CF8/plasterboard_t0p0125.ply,EXISTS,2242,b3ffeccb08852cd2fb542071975a944e6b54251906c0baff276a245d3434b68c,complete geometry revision required by FINAL_MANIFEST
GITHUB,D:\codex\raytracing_modules\rt_cp_uwb\results\SIONNA_NATIVE_GEOMETRY_20260925_01a0d83b\SIONNA_SCENES\POSTP0_C1_B_D0E46A02\concrete_t0p2.ply,results/SIONNA_NATIVE_GEOMETRY_20260925_01a0d83b/SIONNA_SCENES/POSTP0_C1_B_D0E46A02/concrete_t0p2.ply,EXISTS,308,7fff3447f9c2fd41995d812a0d56708f1c031c277992be8f31d6ce30eaac4622,complete geometry revision required by FINAL_MANIFEST
GITHUB,D:\codex\raytracing_modules\rt_cp_uwb\results\SIONNA_NATIVE_GEOMETRY_20260925_01a0d83b\SIONNA_SCENES\POSTP0_C1_B_D0E46A02\glass_t0p006.ply,results/SIONNA_NATIVE_GEOMETRY_20260925_01a0d83b/SIONNA_SCENES/POSTP0_C1_B_D0E46A02/glass_t0p006.ply,EXISTS,509,88175fc4e1a54adf4e52ab37e4119ecb13ee79efc8a2adbb4bb9f17c990b6c20,complete geometry revision required by FINAL_MANIFEST
GITHUB,D:\codex\raytracing_modules\rt_cp_uwb\results\SIONNA_NATIVE_GEOMETRY_20260925_01a0d83b\SIONNA_SCENES\POSTP0_C1_B_D0E46A02\metal_t0p001.ply,results/SIONNA_NATIVE_GEOMETRY_20260925_01a0d83b/SIONNA_SCENES/POSTP0_C1_B_D0E46A02/metal_t0p001.ply,EXISTS,41936,54408aa83f6d612d7aa28c0ea1fba11223508e62fb6fd544f50ba614cf4f4420,complete geometry revision required by FINAL_MANIFEST
GITHUB,D:\codex\raytracing_modules\rt_cp_uwb\results\SIONNA_NATIVE_GEOMETRY_20260925_01a0d83b\SIONNA_SCENES\POSTP0_C1_B_D0E46A02\plasterboard_t0p0125.ply,results/SIONNA_NATIVE_GEOMETRY_20260925_01a0d83b/SIONNA_SCENES/POSTP0_C1_B_D0E46A02/plasterboard_t0p0125.ply,EXISTS,2233,2026d3d1d274ede954f3e8d271f5885640eee7e7fcd21111265598e1077b3b6c,complete geometry revision required by FINAL_MANIFEST
GITHUB,D:\codex\raytracing_modules\rt_cp_uwb\results\SIONNA_NATIVE_GEOMETRY_20260925_01a0d83b\SIONNA_SCENES\POSTP0_C1_B_FCD0F883\concrete_t0p2.ply,results/SIONNA_NATIVE_GEOMETRY_20260925_01a0d83b/SIONNA_SCENES/POSTP0_C1_B_FCD0F883/concrete_t0p2.ply,EXISTS,308,bdc76cfe8defe711c0fcd16c009215ee9ac333a9c50185992958230c847a5875,complete geometry revision required by FINAL_MANIFEST
GITHUB,D:\codex\raytracing_modules\rt_cp_uwb\results\SIONNA_NATIVE_GEOMETRY_20260925_01a0d83b\SIONNA_SCENES\POSTP0_C1_B_FCD0F883\glass_t0p006.ply,results/SIONNA_NATIVE_GEOMETRY_20260925_01a0d83b/SIONNA_SCENES/POSTP0_C1_B_FCD0F883/glass_t0p006.ply,EXISTS,512,69ce6e9c345c4530e6219c40d7bc14979d2bdbb65e633e839e5e2a9519fc1882,complete geometry revision required by FINAL_MANIFEST
GITHUB,D:\codex\raytracing_modules\rt_cp_uwb\results\SIONNA_NATIVE_GEOMETRY_20260925_01a0d83b\SIONNA_SCENES\POSTP0_C1_B_FCD0F883\metal_t0p001.ply,results/SIONNA_NATIVE_GEOMETRY_20260925_01a0d83b/SIONNA_SCENES/POSTP0_C1_B_FCD0F883/metal_t0p001.ply,EXISTS,40209,386233ce624a7eed29b1049965fd1d9197bc07b47d536bebcdba250501590f87,complete geometry revision required by FINAL_MANIFEST
GITHUB,D:\codex\raytracing_modules\rt_cp_uwb\results\SIONNA_NATIVE_GEOMETRY_20260925_01a0d83b\SIONNA_SCENES\POSTP0_C1_B_FCD0F883\plasterboard_t0p0125.ply,results/SIONNA_NATIVE_GEOMETRY_20260925_01a0d83b/SIONNA_SCENES/POSTP0_C1_B_FCD0F883/plasterboard_t0p0125.ply,EXISTS,2242,46071d272549a56fa1a999c42d9afc72e964b1ad63f6ab02b967679f31e01d10,complete geometry revision required by FINAL_MANIFEST
GITHUB,D:\codex\raytracing_modules\rt_cp_uwb\results\SIONNA_NATIVE_GEOMETRY_20260925_01a0d83b\SIONNA_SCENES\POSTP0_C1_C_951FB834\chipboard_t0p012.ply,results/SIONNA_NATIVE_GEOMETRY_20260925_01a0d83b/SIONNA_SCENES/POSTP0_C1_C_951FB834/chipboard_t0p012.ply,EXISTS,32543,e2ed1b4632e98790d23fa5f30267ac761a638e5941b4a31ce9486601f3b5a5d9,complete geometry revision required by FINAL_MANIFEST
GITHUB,D:\codex\raytracing_modules\rt_cp_uwb\results\SIONNA_NATIVE_GEOMETRY_20260925_01a0d83b\SIONNA_SCENES\POSTP0_C1_C_951FB834\concrete_t0p2.ply,results/SIONNA_NATIVE_GEOMETRY_20260925_01a0d83b/SIONNA_SCENES/POSTP0_C1_C_951FB834/concrete_t0p2.ply,EXISTS,308,5e9141c4ff667227c1198a2c6ae37f09ee3ca46f8ebfd34872e5b8c9d2fa9f21,complete geometry revision required by FINAL_MANIFEST
GITHUB,D:\codex\raytracing_modules\rt_cp_uwb\results\SIONNA_NATIVE_GEOMETRY_20260925_01a0d83b\SIONNA_SCENES\POSTP0_C1_C_951FB834\glass_t0p006.ply,results/SIONNA_NATIVE_GEOMETRY_20260925_01a0d83b/SIONNA_SCENES/POSTP0_C1_C_951FB834/glass_t0p006.ply,EXISTS,512,d0d75a23da50db9c0c06b663b06c149129fcbc2d4c2802ada90a0a4d8a327713,complete geometry revision required by FINAL_MANIFEST
GITHUB,D:\codex\raytracing_modules\rt_cp_uwb\results\SIONNA_NATIVE_GEOMETRY_20260925_01a0d83b\SIONNA_SCENES\POSTP0_C1_C_951FB834\metal_t0p001.ply,results/SIONNA_NATIVE_GEOMETRY_20260925_01a0d83b/SIONNA_SCENES/POSTP0_C1_C_951FB834/metal_t0p001.ply,EXISTS,41210,768b4fcfacf149763f595066299b49d2f09b57d62f544dacce37ed23b7f70260,complete geometry revision required by FINAL_MANIFEST
GITHUB,D:\codex\raytracing_modules\rt_cp_uwb\results\SIONNA_NATIVE_GEOMETRY_20260925_01a0d83b\SIONNA_SCENES\POSTP0_C1_C_951FB834\plasterboard_t0p0125.ply,results/SIONNA_NATIVE_GEOMETRY_20260925_01a0d83b/SIONNA_SCENES/POSTP0_C1_C_951FB834/plasterboard_t0p0125.ply,EXISTS,2218,0c3cf056c742b1eebb89211f1c2816d749ffb833d29fc22b96a043d4b6b53424,complete geometry revision required by FINAL_MANIFEST
GITHUB,D:\codex\raytracing_modules\rt_cp_uwb\results\SIONNA_NATIVE_GEOMETRY_20260925_01a0d83b\SIONNA_SCENES\POSTP0_C1_C_A45903F1\chipboard_t0p012.ply,results/SIONNA_NATIVE_GEOMETRY_20260925_01a0d83b/SIONNA_SCENES/POSTP0_C1_C_A45903F1/chipboard_t0p012.ply,EXISTS,32823,c1e68a0f624aaa8e1794ed927928ffe23b77f5de9210b0a0c924ca2b619a510d,complete geometry revision required by FINAL_MANIFEST
GITHUB,D:\codex\raytracing_modules\rt_cp_uwb\results\SIONNA_NATIVE_GEOMETRY_20260925_01a0d83b\SIONNA_SCENES\POSTP0_C1_C_A45903F1\concrete_t0p2.ply,results/SIONNA_NATIVE_GEOMETRY_20260925_01a0d83b/SIONNA_SCENES/POSTP0_C1_C_A45903F1/concrete_t0p2.ply,EXISTS,308,5298116a5783d2d93b5b2699b722c3d5fc85c54137ce4e5ea28be31346143d08,complete geometry revision required by FINAL_MANIFEST
GITHUB,D:\codex\raytracing_modules\rt_cp_uwb\results\SIONNA_NATIVE_GEOMETRY_20260925_01a0d83b\SIONNA_SCENES\POSTP0_C1_C_A45903F1\glass_t0p006.ply,results/SIONNA_NATIVE_GEOMETRY_20260925_01a0d83b/SIONNA_SCENES/POSTP0_C1_C_A45903F1/glass_t0p006.ply,EXISTS,512,8a0760d86bd2c9a72bcc7b5af7c74cf94d4bd3d6d6a9ce60f6d47080b1345432,complete geometry revision required by FINAL_MANIFEST
GITHUB,D:\codex\raytracing_modules\rt_cp_uwb\results\SIONNA_NATIVE_GEOMETRY_20260925_01a0d83b\SIONNA_SCENES\POSTP0_C1_C_A45903F1\metal_t0p001.ply,results/SIONNA_NATIVE_GEOMETRY_20260925_01a0d83b/SIONNA_SCENES/POSTP0_C1_C_A45903F1/metal_t0p001.ply,EXISTS,42222,d637a305f29926020f4a1f291b8898f2e70d2efb369cd51f15c68f81fa36d224,complete geometry revision required by FINAL_MANIFEST
GITHUB,D:\codex\raytracing_modules\rt_cp_uwb\results\SIONNA_NATIVE_GEOMETRY_20260925_01a0d83b\SIONNA_SCENES\POSTP0_C1_C_A45903F1\plasterboard_t0p0125.ply,results/SIONNA_NATIVE_GEOMETRY_20260925_01a0d83b/SIONNA_SCENES/POSTP0_C1_C_A45903F1/plasterboard_t0p0125.ply,EXISTS,2242,7b3afb374d63e4f80922d04a1c0412b2622d5b10696676d39754e630c395c0f5,complete geometry revision required by FINAL_MANIFEST
GITHUB,D:\codex\raytracing_modules\rt_cp_uwb\results\SIONNA_NATIVE_GEOMETRY_20260925_01a0d83b\SIONNA_SCENES\POSTP0_C1_C_D0F0FB22\chipboard_t0p012.ply,results/SIONNA_NATIVE_GEOMETRY_20260925_01a0d83b/SIONNA_SCENES/POSTP0_C1_C_D0F0FB22/chipboard_t0p012.ply,EXISTS,30463,b8b0e7a6d50931b0a24d401895554006128b1f6043cc6964624e9f3d81281dfa,complete geometry revision required by FINAL_MANIFEST
GITHUB,D:\codex\raytracing_modules\rt_cp_uwb\results\SIONNA_NATIVE_GEOMETRY_20260925_01a0d83b\SIONNA_SCENES\POSTP0_C1_C_D0F0FB22\concrete_t0p2.ply,results/SIONNA_NATIVE_GEOMETRY_20260925_01a0d83b/SIONNA_SCENES/POSTP0_C1_C_D0F0FB22/concrete_t0p2.ply,EXISTS,308,d62079edb5da542aca77f79ce80d2dc44c442bc54725a586d3ece548a92385f8,complete geometry revision required by FINAL_MANIFEST
GITHUB,D:\codex\raytracing_modules\rt_cp_uwb\results\SIONNA_NATIVE_GEOMETRY_20260925_01a0d83b\SIONNA_SCENES\POSTP0_C1_C_D0F0FB22\glass_t0p006.ply,results/SIONNA_NATIVE_GEOMETRY_20260925_01a0d83b/SIONNA_SCENES/POSTP0_C1_C_D0F0FB22/glass_t0p006.ply,EXISTS,512,d53818ab1c43d9da6bbf8a0acfaa3f5da9195f419a54e66952d71c33f2e61522,complete geometry revision required by FINAL_MANIFEST
GITHUB,D:\codex\raytracing_modules\rt_cp_uwb\results\SIONNA_NATIVE_GEOMETRY_20260925_01a0d83b\SIONNA_SCENES\POSTP0_C1_C_D0F0FB22\metal_t0p001.ply,results/SIONNA_NATIVE_GEOMETRY_20260925_01a0d83b/SIONNA_SCENES/POSTP0_C1_C_D0F0FB22/metal_t0p001.ply,EXISTS,40451,f31d0af44424a72b531eb5ee7eb04b3cf9da2d374c85248b39cf85090d861150,complete geometry revision required by FINAL_MANIFEST
GITHUB,D:\codex\raytracing_modules\rt_cp_uwb\results\SIONNA_NATIVE_GEOMETRY_20260925_01a0d83b\SIONNA_SCENES\POSTP0_C1_C_D0F0FB22\plasterboard_t0p0125.ply,results/SIONNA_NATIVE_GEOMETRY_20260925_01a0d83b/SIONNA_SCENES/POSTP0_C1_C_D0F0FB22/plasterboard_t0p0125.ply,EXISTS,2242,e9456f6cc9c4b6c19746d2c8c66a0438fb4e4026e21f06677edf231386d773f5,complete geometry revision required by FINAL_MANIFEST
GITHUB,D:\codex\raytracing_modules\rt_cp_uwb\results\SIONNA_NATIVE_GEOMETRY_20260925_01a0d83b\SIONNA_SCENES\POSTP0_C1_C_D9C1D733\chipboard_t0p012.ply,results/SIONNA_NATIVE_GEOMETRY_20260925_01a0d83b/SIONNA_SCENES/POSTP0_C1_C_D9C1D733/chipboard_t0p012.ply,EXISTS,32137,d88c117cb6e2d2715a5e5b44b73a221abe45f3b702ed3403f8142b4ba9c2fe6a,complete geometry revision required by FINAL_MANIFEST
GITHUB,D:\codex\raytracing_modules\rt_cp_uwb\results\SIONNA_NATIVE_GEOMETRY_20260925_01a0d83b\SIONNA_SCENES\POSTP0_C1_C_D9C1D733\concrete_t0p2.ply,results/SIONNA_NATIVE_GEOMETRY_20260925_01a0d83b/SIONNA_SCENES/POSTP0_C1_C_D9C1D733/concrete_t0p2.ply,EXISTS,308,f3e2f17a39ab850516db3edf408c1b556449703e65f3b7960c7e5497d7948576,complete geometry revision required by FINAL_MANIFEST
GITHUB,D:\codex\raytracing_modules\rt_cp_uwb\results\SIONNA_NATIVE_GEOMETRY_20260925_01a0d83b\SIONNA_SCENES\POSTP0_C1_C_D9C1D733\glass_t0p006.ply,results/SIONNA_NATIVE_GEOMETRY_20260925_01a0d83b/SIONNA_SCENES/POSTP0_C1_C_D9C1D733/glass_t0p006.ply,EXISTS,512,4c1319d819f70b0c395bdf1413e7c6fedd04e860e7525a2eb3208116d2bc9042,complete geometry revision required by FINAL_MANIFEST
GITHUB,D:\codex\raytracing_modules\rt_cp_uwb\results\SIONNA_NATIVE_GEOMETRY_20260925_01a0d83b\SIONNA_SCENES\POSTP0_C1_C_D9C1D733\metal_t0p001.ply,results/SIONNA_NATIVE_GEOMETRY_20260925_01a0d83b/SIONNA_SCENES/POSTP0_C1_C_D9C1D733/metal_t0p001.ply,EXISTS,39868,e9231d618427f5271c391203e5b88580b2b3aa049f2dec3f7fbb7f828ceea322,complete geometry revision required by FINAL_MANIFEST
GITHUB,D:\codex\raytracing_modules\rt_cp_uwb\results\SIONNA_NATIVE_GEOMETRY_20260925_01a0d83b\SIONNA_SCENES\POSTP0_C1_C_D9C1D733\plasterboard_t0p0125.ply,results/SIONNA_NATIVE_GEOMETRY_20260925_01a0d83b/SIONNA_SCENES/POSTP0_C1_C_D9C1D733/plasterboard_t0p0125.ply,EXISTS,2242,ea143e127c6f41210ff776e489be885a279bdad0d765c9cab7ece979eaf119cb,complete geometry revision required by FINAL_MANIFEST
GITHUB,D:\codex\raytracing_modules\rt_cp_uwb\results\SIONNA_NATIVE_GEOMETRY_20260925_01a0d83b\SIONNA_SCENES\POSTP0_C1_C_F8E2E662\chipboard_t0p012.ply,results/SIONNA_NATIVE_GEOMETRY_20260925_01a0d83b/SIONNA_SCENES/POSTP0_C1_C_F8E2E662/chipboard_t0p012.ply,EXISTS,31549,8deb5ae035cc1cf0979508cc30318367dfb6e05b1a0d3856c202d05289cdaf6b,complete geometry revision required by FINAL_MANIFEST
GITHUB,D:\codex\raytracing_modules\rt_cp_uwb\results\SIONNA_NATIVE_GEOMETRY_20260925_01a0d83b\SIONNA_SCENES\POSTP0_C1_C_F8E2E662\concrete_t0p2.ply,results/SIONNA_NATIVE_GEOMETRY_20260925_01a0d83b/SIONNA_SCENES/POSTP0_C1_C_F8E2E662/concrete_t0p2.ply,EXISTS,308,9e7a1b5d245af435bfe207f1758268681f0e267337c6d532750291537f2351e2,complete geometry revision required by FINAL_MANIFEST
GITHUB,D:\codex\raytracing_modules\rt_cp_uwb\results\SIONNA_NATIVE_GEOMETRY_20260925_01a0d83b\SIONNA_SCENES\POSTP0_C1_C_F8E2E662\glass_t0p006.ply,results/SIONNA_NATIVE_GEOMETRY_20260925_01a0d83b/SIONNA_SCENES/POSTP0_C1_C_F8E2E662/glass_t0p006.ply,EXISTS,512,a4448793b281af2055e64c841a61d56307144e9f1c98d3c1aca5f013b2677b6c,complete geometry revision required by FINAL_MANIFEST
GITHUB,D:\codex\raytracing_modules\rt_cp_uwb\results\SIONNA_NATIVE_GEOMETRY_20260925_01a0d83b\SIONNA_SCENES\POSTP0_C1_C_F8E2E662\metal_t0p001.ply,results/SIONNA_NATIVE_GEOMETRY_20260925_01a0d83b/SIONNA_SCENES/POSTP0_C1_C_F8E2E662/metal_t0p001.ply,EXISTS,39186,0c3b721d1be443c1f8014d9df5f8524f5831ed9ece3c5bce36c5d4ac05965ad4,complete geometry revision required by FINAL_MANIFEST
GITHUB,D:\codex\raytracing_modules\rt_cp_uwb\results\SIONNA_NATIVE_GEOMETRY_20260925_01a0d83b\SIONNA_SCENES\POSTP0_C1_C_F8E2E662\plasterboard_t0p0125.ply,results/SIONNA_NATIVE_GEOMETRY_20260925_01a0d83b/SIONNA_SCENES/POSTP0_C1_C_F8E2E662/plasterboard_t0p0125.ply,EXISTS,2242,6c6345074d8846cb08cdc1a0299762c79bf88cfef2cb7e4fe9b1389e0524113a,complete geometry revision required by FINAL_MANIFEST
GITHUB,D:\codex\raytracing_modules\rt_cp_uwb\results\SIONNA_NATIVE_GEOMETRY_20260925_01a0d83b\SIONNA_SCENES\POSTP0_C1_HALL_6EAD5181\concrete_t0p05.ply,results/SIONNA_NATIVE_GEOMETRY_20260925_01a0d83b/SIONNA_SCENES/POSTP0_C1_HALL_6EAD5181/concrete_t0p05.ply,EXISTS,4530,af8c85444c34fae5db7c2ed6bbe330d24f1961c79bfbc0c3c78f40e58b9a63b1,complete geometry revision required by FINAL_MANIFEST
GITHUB,D:\codex\raytracing_modules\rt_cp_uwb\results\SIONNA_NATIVE_GEOMETRY_20260925_01a0d83b\SIONNA_SCENES\POSTP0_C1_HALL_6EAD5181\concrete_t0p2.ply,results/SIONNA_NATIVE_GEOMETRY_20260925_01a0d83b/SIONNA_SCENES/POSTP0_C1_HALL_6EAD5181/concrete_t0p2.ply,EXISTS,308,170127cfb89ec1aac5a4adcc8f2f2f9ab4c0d60cc915653019de3f63c30290a5,complete geometry revision required by FINAL_MANIFEST
GITHUB,D:\codex\raytracing_modules\rt_cp_uwb\results\SIONNA_NATIVE_GEOMETRY_20260925_01a0d83b\SIONNA_SCENES\POSTP0_C1_HALL_6EAD5181\plasterboard_t0p0125.ply,results/SIONNA_NATIVE_GEOMETRY_20260925_01a0d83b/SIONNA_SCENES/POSTP0_C1_HALL_6EAD5181/plasterboard_t0p0125.ply,EXISTS,1252,dd4b0d38a352a62171a908907082ec59f2b392b35ef689d095a2dcee8f48095c,complete geometry revision required by FINAL_MANIFEST
GITHUB,D:\codex\raytracing_modules\rt_cp_uwb\results\SIONNA_NATIVE_GEOMETRY_20260925_01a0d83b\SIONNA_SCENES\POSTP0_C1_HALL_A8AD9019\concrete_t0p05.ply,results/SIONNA_NATIVE_GEOMETRY_20260925_01a0d83b/SIONNA_SCENES/POSTP0_C1_HALL_A8AD9019/concrete_t0p05.ply,EXISTS,5154,8e9325a73349b8c570090634b5b912352829b817b6904c91a75786cc73c9e7b4,complete geometry revision required by FINAL_MANIFEST
GITHUB,D:\codex\raytracing_modules\rt_cp_uwb\results\SIONNA_NATIVE_GEOMETRY_20260925_01a0d83b\SIONNA_SCENES\POSTP0_C1_HALL_A8AD9019\concrete_t0p2.ply,results/SIONNA_NATIVE_GEOMETRY_20260925_01a0d83b/SIONNA_SCENES/POSTP0_C1_HALL_A8AD9019/concrete_t0p2.ply,EXISTS,308,e9f208296fee1887e96cc8d47765635748c329bb18822c9530da7b209893e2fd,complete geometry revision required by FINAL_MANIFEST
GITHUB,D:\codex\raytracing_modules\rt_cp_uwb\results\SIONNA_NATIVE_GEOMETRY_20260925_01a0d83b\SIONNA_SCENES\POSTP0_C1_HALL_A8AD9019\plasterboard_t0p0125.ply,results/SIONNA_NATIVE_GEOMETRY_20260925_01a0d83b/SIONNA_SCENES/POSTP0_C1_HALL_A8AD9019/plasterboard_t0p0125.ply,EXISTS,1252,0396967e46fa88fe8f9886d4f1e69493c2fed8d7e5c69b451858b8981c919523,complete geometry revision required by FINAL_MANIFEST
GITHUB,D:\codex\raytracing_modules\rt_cp_uwb\results\SIONNA_NATIVE_GEOMETRY_20260925_01a0d83b\SIONNA_SCENES\POSTP0_C1_HALL_B7DFE500\concrete_t0p05.ply,results/SIONNA_NATIVE_GEOMETRY_20260925_01a0d83b/SIONNA_SCENES/POSTP0_C1_HALL_B7DFE500/concrete_t0p05.ply,EXISTS,4482,7bccfee733e01019e8e32ae4b24288c43d198bce0c41d460d902fc349252c246,complete geometry revision required by FINAL_MANIFEST
GITHUB,D:\codex\raytracing_modules\rt_cp_uwb\results\SIONNA_NATIVE_GEOMETRY_20260925_01a0d83b\SIONNA_SCENES\POSTP0_C1_HALL_B7DFE500\concrete_t0p2.ply,results/SIONNA_NATIVE_GEOMETRY_20260925_01a0d83b/SIONNA_SCENES/POSTP0_C1_HALL_B7DFE500/concrete_t0p2.ply,EXISTS,308,17e52486b222a33b0e07da772f322bf45a4b6ab1dba2b57c969a8cc3d34ae6de,complete geometry revision required by FINAL_MANIFEST
GITHUB,D:\codex\raytracing_modules\rt_cp_uwb\results\SIONNA_NATIVE_GEOMETRY_20260925_01a0d83b\SIONNA_SCENES\POSTP0_C1_HALL_B7DFE500\plasterboard_t0p0125.ply,results/SIONNA_NATIVE_GEOMETRY_20260925_01a0d83b/SIONNA_SCENES/POSTP0_C1_HALL_B7DFE500/plasterboard_t0p0125.ply,EXISTS,1252,d9fcdc0ca9996f04fca8d929f1f01bda6c2d3e42135c67cc97254876fc0c5d88,complete geometry revision required by FINAL_MANIFEST
GITHUB,D:\codex\raytracing_modules\rt_cp_uwb\results\SIONNA_NATIVE_GEOMETRY_20260925_01a0d83b\SIONNA_SCENES\POSTP0_C1_HALL_DAC66523\concrete_t0p05.ply,results/SIONNA_NATIVE_GEOMETRY_20260925_01a0d83b/SIONNA_SCENES/POSTP0_C1_HALL_DAC66523/concrete_t0p05.ply,EXISTS,4530,84bca966ae1da4a954d7920518f290f334e5176c17d924495ed1a8ceb4743590,complete geometry revision required by FINAL_MANIFEST
GITHUB,D:\codex\raytracing_modules\rt_cp_uwb\results\SIONNA_NATIVE_GEOMETRY_20260925_01a0d83b\SIONNA_SCENES\POSTP0_C1_HALL_DAC66523\concrete_t0p2.ply,results/SIONNA_NATIVE_GEOMETRY_20260925_01a0d83b/SIONNA_SCENES/POSTP0_C1_HALL_DAC66523/concrete_t0p2.ply,EXISTS,305,184e8d8008b8517e681ca4ea19301d117f81d0ba62252f5eb9ebe65fa8b84c67,complete geometry revision required by FINAL_MANIFEST
GITHUB,D:\codex\raytracing_modules\rt_cp_uwb\results\SIONNA_NATIVE_GEOMETRY_20260925_01a0d83b\SIONNA_SCENES\POSTP0_C1_HALL_DAC66523\plasterboard_t0p0125.ply,results/SIONNA_NATIVE_GEOMETRY_20260925_01a0d83b/SIONNA_SCENES/POSTP0_C1_HALL_DAC66523/plasterboard_t0p0125.ply,EXISTS,1237,86d4e83b29f438160505f0624e7bc2eb9f3064a8b2e523e31bbe0b35805e0b26,complete geometry revision required by FINAL_MANIFEST
GITHUB,D:\codex\raytracing_modules\rt_cp_uwb\results\SIONNA_NATIVE_GEOMETRY_20260925_01a0d83b\SIONNA_SCENES\POSTP0_C1_HALL_E38087E6\concrete_t0p05.ply,results/SIONNA_NATIVE_GEOMETRY_20260925_01a0d83b/SIONNA_SCENES/POSTP0_C1_HALL_E38087E6/concrete_t0p05.ply,EXISTS,4530,08884868d07b814c70ffd8b1f4dbc9d3eb427514628aa537f2b8a087c18384b0,complete geometry revision required by FINAL_MANIFEST
GITHUB,D:\codex\raytracing_modules\rt_cp_uwb\results\SIONNA_NATIVE_GEOMETRY_20260925_01a0d83b\SIONNA_SCENES\POSTP0_C1_HALL_E38087E6\concrete_t0p2.ply,results/SIONNA_NATIVE_GEOMETRY_20260925_01a0d83b/SIONNA_SCENES/POSTP0_C1_HALL_E38087E6/concrete_t0p2.ply,EXISTS,308,8c2c78fcafff3f5361c98cb9e207732bfb52366abbe7cc1729d693fe6039adae,complete geometry revision required by FINAL_MANIFEST
GITHUB,D:\codex\raytracing_modules\rt_cp_uwb\results\SIONNA_NATIVE_GEOMETRY_20260925_01a0d83b\SIONNA_SCENES\POSTP0_C1_HALL_E38087E6\plasterboard_t0p0125.ply,results/SIONNA_NATIVE_GEOMETRY_20260925_01a0d83b/SIONNA_SCENES/POSTP0_C1_HALL_E38087E6/plasterboard_t0p0125.ply,EXISTS,1252,242339b921edc3c0abc9d0707ed9755a934e533605ed9e77be7c4f26dfa3dcd8,complete geometry revision required by FINAL_MANIFEST
GITHUB,D:\codex\raytracing_modules\rt_cp_uwb\results\SIONNA_NATIVE_GEOMETRY_20260925_01a0d83b\SIONNA_SCENES\POSTP0_C3_A_84E9A377\concrete_t0p2.ply,results/SIONNA_NATIVE_GEOMETRY_20260925_01a0d83b/SIONNA_SCENES/POSTP0_C3_A_84E9A377/concrete_t0p2.ply,EXISTS,308,ce8c83e9188d8ba3259034fe2c54953c67fdb1a80ffa22f51006c67b1f760a25,complete geometry revision required by FINAL_MANIFEST
GITHUB,D:\codex\raytracing_modules\rt_cp_uwb\results\SIONNA_NATIVE_GEOMETRY_20260925_01a0d83b\SIONNA_SCENES\POSTP0_C3_A_84E9A377\plasterboard_t0p0125.ply,results/SIONNA_NATIVE_GEOMETRY_20260925_01a0d83b/SIONNA_SCENES/POSTP0_C3_A_84E9A377/plasterboard_t0p0125.ply,EXISTS,1252,1f56a112a3295a3c81e68e4fc6efb6a9fbca20496742782e3ce80fa4aed6a0cb,complete geometry revision required by FINAL_MANIFEST
GITHUB,D:\codex\raytracing_modules\rt_cp_uwb\results\SIONNA_NATIVE_GEOMETRY_20260925_01a0d83b\SIONNA_SCENES\POSTP0_C3_A_87901C47\concrete_t0p2.ply,results/SIONNA_NATIVE_GEOMETRY_20260925_01a0d83b/SIONNA_SCENES/POSTP0_C3_A_87901C47/concrete_t0p2.ply,EXISTS,308,e9c48ab9790793906112ee105c5c6e53b7725d2c9285632787361c09fcfafdd4,complete geometry revision required by FINAL_MANIFEST
GITHUB,D:\codex\raytracing_modules\rt_cp_uwb\results\SIONNA_NATIVE_GEOMETRY_20260925_01a0d83b\SIONNA_SCENES\POSTP0_C3_A_87901C47\plasterboard_t0p0125.ply,results/SIONNA_NATIVE_GEOMETRY_20260925_01a0d83b/SIONNA_SCENES/POSTP0_C3_A_87901C47/plasterboard_t0p0125.ply,EXISTS,1252,7601080d05e259c0e5d567cb51a1ab8b2310bb4b4b384ec6ca12756c03c2955d,complete geometry revision required by FINAL_MANIFEST
GITHUB,D:\codex\raytracing_modules\rt_cp_uwb\results\SIONNA_NATIVE_GEOMETRY_20260925_01a0d83b\SIONNA_SCENES\POSTP0_C3_A_9E528E29\concrete_t0p2.ply,results/SIONNA_NATIVE_GEOMETRY_20260925_01a0d83b/SIONNA_SCENES/POSTP0_C3_A_9E528E29/concrete_t0p2.ply,EXISTS,308,94f91fabd0ded6f76dc758e1d7e376d7e70709ff3b7bf3348cfacfa8c7e6f2d8,complete geometry revision required by FINAL_MANIFEST
GITHUB,D:\codex\raytracing_modules\rt_cp_uwb\results\SIONNA_NATIVE_GEOMETRY_20260925_01a0d83b\SIONNA_SCENES\POSTP0_C3_A_9E528E29\plasterboard_t0p0125.ply,results/SIONNA_NATIVE_GEOMETRY_20260925_01a0d83b/SIONNA_SCENES/POSTP0_C3_A_9E528E29/plasterboard_t0p0125.ply,EXISTS,1252,40be3e8d60602a7d0e8cece2349504a486afb8624ec4a33a17d2665e02466894,complete geometry revision required by FINAL_MANIFEST
GITHUB,D:\codex\raytracing_modules\rt_cp_uwb\results\SIONNA_NATIVE_GEOMETRY_20260925_01a0d83b\SIONNA_SCENES\POSTP0_C3_B_328DD59D\concrete_t0p2.ply,results/SIONNA_NATIVE_GEOMETRY_20260925_01a0d83b/SIONNA_SCENES/POSTP0_C3_B_328DD59D/concrete_t0p2.ply,EXISTS,308,81607a88ca6d102d80148b00ea6a8f8ef7de70885b8de9c9e51068a8d8cdb294,complete geometry revision required by FINAL_MANIFEST
GITHUB,D:\codex\raytracing_modules\rt_cp_uwb\results\SIONNA_NATIVE_GEOMETRY_20260925_01a0d83b\SIONNA_SCENES\POSTP0_C3_B_328DD59D\glass_t0p006.ply,results/SIONNA_NATIVE_GEOMETRY_20260925_01a0d83b/SIONNA_SCENES/POSTP0_C3_B_328DD59D/glass_t0p006.ply,EXISTS,512,b7ce7837b77c934de74ecf604b41e47fef9456dbc20830a164f6d2552933d581,complete geometry revision required by FINAL_MANIFEST
GITHUB,D:\codex\raytracing_modules\rt_cp_uwb\results\SIONNA_NATIVE_GEOMETRY_20260925_01a0d83b\SIONNA_SCENES\POSTP0_C3_B_328DD59D\metal_t0p001.ply,results/SIONNA_NATIVE_GEOMETRY_20260925_01a0d83b/SIONNA_SCENES/POSTP0_C3_B_328DD59D/metal_t0p001.ply,EXISTS,38922,9a2d219989d8f83b9ade9722314b818a76a8aba96c65ae4c09ef769032c58852,complete geometry revision required by FINAL_MANIFEST
GITHUB,D:\codex\raytracing_modules\rt_cp_uwb\results\SIONNA_NATIVE_GEOMETRY_20260925_01a0d83b\SIONNA_SCENES\POSTP0_C3_B_328DD59D\plasterboard_t0p0125.ply,results/SIONNA_NATIVE_GEOMETRY_20260925_01a0d83b/SIONNA_SCENES/POSTP0_C3_B_328DD59D/plasterboard_t0p0125.ply,EXISTS,2242,f311e12cde25161c782c2d66a20956f290a4167f0b4d6f8d9edf5899beda76b0,complete geometry revision required by FINAL_MANIFEST
GITHUB,D:\codex\raytracing_modules\rt_cp_uwb\results\SIONNA_NATIVE_GEOMETRY_20260925_01a0d83b\SIONNA_SCENES\POSTP0_C3_B_366F8EA9\concrete_t0p2.ply,results/SIONNA_NATIVE_GEOMETRY_20260925_01a0d83b/SIONNA_SCENES/POSTP0_C3_B_366F8EA9/concrete_t0p2.ply,EXISTS,308,cfa2ad41895e2182cc456989cf341ce467ff6050db64f903c919b354ca3cc802,complete geometry revision required by FINAL_MANIFEST
GITHUB,D:\codex\raytracing_modules\rt_cp_uwb\results\SIONNA_NATIVE_GEOMETRY_20260925_01a0d83b\SIONNA_SCENES\POSTP0_C3_B_366F8EA9\glass_t0p006.ply,results/SIONNA_NATIVE_GEOMETRY_20260925_01a0d83b/SIONNA_SCENES/POSTP0_C3_B_366F8EA9/glass_t0p006.ply,EXISTS,512,570b210a6dbb4768133bd9fa712e968c4f2eb22fc81076d7a003c1813a21af84,complete geometry revision required by FINAL_MANIFEST
GITHUB,D:\codex\raytracing_modules\rt_cp_uwb\results\SIONNA_NATIVE_GEOMETRY_20260925_01a0d83b\SIONNA_SCENES\POSTP0_C3_B_366F8EA9\metal_t0p001.ply,results/SIONNA_NATIVE_GEOMETRY_20260925_01a0d83b/SIONNA_SCENES/POSTP0_C3_B_366F8EA9/metal_t0p001.ply,EXISTS,41804,0dba0927e82e9d46948430a3af0b0ad1423366d037bd0581486c0112e4e1d16f,complete geometry revision required by FINAL_MANIFEST
GITHUB,D:\codex\raytracing_modules\rt_cp_uwb\results\SIONNA_NATIVE_GEOMETRY_20260925_01a0d83b\SIONNA_SCENES\POSTP0_C3_B_366F8EA9\plasterboard_t0p0125.ply,results/SIONNA_NATIVE_GEOMETRY_20260925_01a0d83b/SIONNA_SCENES/POSTP0_C3_B_366F8EA9/plasterboard_t0p0125.ply,EXISTS,2242,88eed9763cf6d135e61f9864b0869e13311d79f04b36e28775bb5bc4d50f4726,complete geometry revision required by FINAL_MANIFEST
GITHUB,D:\codex\raytracing_modules\rt_cp_uwb\results\SIONNA_NATIVE_GEOMETRY_20260925_01a0d83b\SIONNA_SCENES\POSTP0_C3_B_646FC2CD\concrete_t0p2.ply,results/SIONNA_NATIVE_GEOMETRY_20260925_01a0d83b/SIONNA_SCENES/POSTP0_C3_B_646FC2CD/concrete_t0p2.ply,EXISTS,308,7697b39f649036ca9f67b97b006e1c5b6bb07e0517836c23a273ece445d09f71,complete geometry revision required by FINAL_MANIFEST
GITHUB,D:\codex\raytracing_modules\rt_cp_uwb\results\SIONNA_NATIVE_GEOMETRY_20260925_01a0d83b\SIONNA_SCENES\POSTP0_C3_B_646FC2CD\glass_t0p006.ply,results/SIONNA_NATIVE_GEOMETRY_20260925_01a0d83b/SIONNA_SCENES/POSTP0_C3_B_646FC2CD/glass_t0p006.ply,EXISTS,512,c060e22460dd53e51d978465bed9aa604144a76f6093b9e214ce0abd98b96b17,complete geometry revision required by FINAL_MANIFEST
GITHUB,D:\codex\raytracing_modules\rt_cp_uwb\results\SIONNA_NATIVE_GEOMETRY_20260925_01a0d83b\SIONNA_SCENES\POSTP0_C3_B_646FC2CD\metal_t0p001.ply,results/SIONNA_NATIVE_GEOMETRY_20260925_01a0d83b/SIONNA_SCENES/POSTP0_C3_B_646FC2CD/metal_t0p001.ply,EXISTS,39758,77208a8a8b462f37616269705fe7a5ad929f4a9d8bef606491b88cfeda1c9cf8,complete geometry revision required by FINAL_MANIFEST
GITHUB,D:\codex\raytracing_modules\rt_cp_uwb\results\SIONNA_NATIVE_GEOMETRY_20260925_01a0d83b\SIONNA_SCENES\POSTP0_C3_B_646FC2CD\plasterboard_t0p0125.ply,results/SIONNA_NATIVE_GEOMETRY_20260925_01a0d83b/SIONNA_SCENES/POSTP0_C3_B_646FC2CD/plasterboard_t0p0125.ply,EXISTS,2242,4c93f9b2985586f3f71854107ab7ece181e1b1d58ad05a12b00d0fce04ea8309,complete geometry revision required by FINAL_MANIFEST
GITHUB,D:\codex\raytracing_modules\rt_cp_uwb\results\SIONNA_NATIVE_GEOMETRY_20260925_01a0d83b\SIONNA_SCENES\POSTP0_C3_C_17CCA76F\chipboard_t0p012.ply,results/SIONNA_NATIVE_GEOMETRY_20260925_01a0d83b/SIONNA_SCENES/POSTP0_C3_C_17CCA76F/chipboard_t0p012.ply,EXISTS,32813,8ae63cf9a3b24922939b54b2fe8497f5baf9d0c49418f8969e24ba9b74f1d00a,complete geometry revision required by FINAL_MANIFEST
GITHUB,D:\codex\raytracing_modules\rt_cp_uwb\results\SIONNA_NATIVE_GEOMETRY_20260925_01a0d83b\SIONNA_SCENES\POSTP0_C3_C_17CCA76F\concrete_t0p2.ply,results/SIONNA_NATIVE_GEOMETRY_20260925_01a0d83b/SIONNA_SCENES/POSTP0_C3_C_17CCA76F/concrete_t0p2.ply,EXISTS,308,54e1902152e50ebb345de61a5abcf676fd1933e0c909a3a8c190610006eb4e30,complete geometry revision required by FINAL_MANIFEST
GITHUB,D:\codex\raytracing_modules\rt_cp_uwb\results\SIONNA_NATIVE_GEOMETRY_20260925_01a0d83b\SIONNA_SCENES\POSTP0_C3_C_17CCA76F\glass_t0p006.ply,results/SIONNA_NATIVE_GEOMETRY_20260925_01a0d83b/SIONNA_SCENES/POSTP0_C3_C_17CCA76F/glass_t0p006.ply,EXISTS,512,4d27dd4d1a318fd969a441b7b8c9054e76d68a2c28c90167fcf36a2a253bfed5,complete geometry revision required by FINAL_MANIFEST
GITHUB,D:\codex\raytracing_modules\rt_cp_uwb\results\SIONNA_NATIVE_GEOMETRY_20260925_01a0d83b\SIONNA_SCENES\POSTP0_C3_C_17CCA76F\metal_t0p001.ply,results/SIONNA_NATIVE_GEOMETRY_20260925_01a0d83b/SIONNA_SCENES/POSTP0_C3_C_17CCA76F/metal_t0p001.ply,EXISTS,41210,6b299a58d25b9bc7f43af9cf7be4af6c76508a595957b00adb233d07946a1904,complete geometry revision required by FINAL_MANIFEST
GITHUB,D:\codex\raytracing_modules\rt_cp_uwb\results\SIONNA_NATIVE_GEOMETRY_20260925_01a0d83b\SIONNA_SCENES\POSTP0_C3_C_17CCA76F\plasterboard_t0p0125.ply,results/SIONNA_NATIVE_GEOMETRY_20260925_01a0d83b/SIONNA_SCENES/POSTP0_C3_C_17CCA76F/plasterboard_t0p0125.ply,EXISTS,2242,3a2694edd82e46a715323ec57cbf50782643dfccb778873c70fe66aab7bc9ab2,complete geometry revision required by FINAL_MANIFEST
GITHUB,D:\codex\raytracing_modules\rt_cp_uwb\results\SIONNA_NATIVE_GEOMETRY_20260925_01a0d83b\SIONNA_SCENES\POSTP0_C3_C_9E3FD61D\chipboard_t0p012.ply,results/SIONNA_NATIVE_GEOMETRY_20260925_01a0d83b/SIONNA_SCENES/POSTP0_C3_C_9E3FD61D/chipboard_t0p012.ply,EXISTS,33133,28fa28f888068ef3d7d2cd5b05f3897a2704d0d750fb199425e9937d4050e552,complete geometry revision required by FINAL_MANIFEST
GITHUB,D:\codex\raytracing_modules\rt_cp_uwb\results\SIONNA_NATIVE_GEOMETRY_20260925_01a0d83b\SIONNA_SCENES\POSTP0_C3_C_9E3FD61D\concrete_t0p2.ply,results/SIONNA_NATIVE_GEOMETRY_20260925_01a0d83b/SIONNA_SCENES/POSTP0_C3_C_9E3FD61D/concrete_t0p2.ply,EXISTS,308,1c4e5bcaa877f23d79bb7c02fb3382b4bbd37099e49aa1379cbc3672a4fa0ac8,complete geometry revision required by FINAL_MANIFEST
GITHUB,D:\codex\raytracing_modules\rt_cp_uwb\results\SIONNA_NATIVE_GEOMETRY_20260925_01a0d83b\SIONNA_SCENES\POSTP0_C3_C_9E3FD61D\glass_t0p006.ply,results/SIONNA_NATIVE_GEOMETRY_20260925_01a0d83b/SIONNA_SCENES/POSTP0_C3_C_9E3FD61D/glass_t0p006.ply,EXISTS,512,291a9885db30f2998f3cbccf0c9aabd6e83fc2d00783fc3eac008fa70a1cab77,complete geometry revision required by FINAL_MANIFEST
GITHUB,D:\codex\raytracing_modules\rt_cp_uwb\results\SIONNA_NATIVE_GEOMETRY_20260925_01a0d83b\SIONNA_SCENES\POSTP0_C3_C_9E3FD61D\metal_t0p001.ply,results/SIONNA_NATIVE_GEOMETRY_20260925_01a0d83b/SIONNA_SCENES/POSTP0_C3_C_9E3FD61D/metal_t0p001.ply,EXISTS,41210,b173ecddd1bfde4f52e3c65e3e7938a7f884a2df22b1f540113358e9d9c99435,complete geometry revision required by FINAL_MANIFEST
GITHUB,D:\codex\raytracing_modules\rt_cp_uwb\results\SIONNA_NATIVE_GEOMETRY_20260925_01a0d83b\SIONNA_SCENES\POSTP0_C3_C_9E3FD61D\plasterboard_t0p0125.ply,results/SIONNA_NATIVE_GEOMETRY_20260925_01a0d83b/SIONNA_SCENES/POSTP0_C3_C_9E3FD61D/plasterboard_t0p0125.ply,EXISTS,2242,80953f17d31402ce8374c46bd5cef3991816ce9fc9f5d4a3288f878bf68e4c6d,complete geometry revision required by FINAL_MANIFEST
GITHUB,D:\codex\raytracing_modules\rt_cp_uwb\results\SIONNA_NATIVE_GEOMETRY_20260925_01a0d83b\SIONNA_SCENES\POSTP0_C3_C_C27A1496\chipboard_t0p012.ply,results/SIONNA_NATIVE_GEOMETRY_20260925_01a0d83b/SIONNA_SCENES/POSTP0_C3_C_C27A1496/chipboard_t0p012.ply,EXISTS,31385,332bb50deff83c93af6dc32b18b090ad75e795cee741b01523f89c2197603bd0,complete geometry revision required by FINAL_MANIFEST
GITHUB,D:\codex\raytracing_modules\rt_cp_uwb\results\SIONNA_NATIVE_GEOMETRY_20260925_01a0d83b\SIONNA_SCENES\POSTP0_C3_C_C27A1496\concrete_t0p2.ply,results/SIONNA_NATIVE_GEOMETRY_20260925_01a0d83b/SIONNA_SCENES/POSTP0_C3_C_C27A1496/concrete_t0p2.ply,EXISTS,308,abcd10bc8afea9d8ab0199fce7af47a52a1332d1409ae171c609a5ff7ee73e5f,complete geometry revision required by FINAL_MANIFEST
GITHUB,D:\codex\raytracing_modules\rt_cp_uwb\results\SIONNA_NATIVE_GEOMETRY_20260925_01a0d83b\SIONNA_SCENES\POSTP0_C3_C_C27A1496\glass_t0p006.ply,results/SIONNA_NATIVE_GEOMETRY_20260925_01a0d83b/SIONNA_SCENES/POSTP0_C3_C_C27A1496/glass_t0p006.ply,EXISTS,509,2ae28b69d19c29e4ea5a1b386e8b5fb86e5e1a7037b3327f45d7113a4fd2a509,complete geometry revision required by FINAL_MANIFEST
GITHUB,D:\codex\raytracing_modules\rt_cp_uwb\results\SIONNA_NATIVE_GEOMETRY_20260925_01a0d83b\SIONNA_SCENES\POSTP0_C3_C_C27A1496\metal_t0p001.ply,results/SIONNA_NATIVE_GEOMETRY_20260925_01a0d83b/SIONNA_SCENES/POSTP0_C3_C_C27A1496/metal_t0p001.ply,EXISTS,42222,86a0f141ace125f43bbb479fcb937488f6c839124c2b726a06f20db5063e308d,complete geometry revision required by FINAL_MANIFEST
GITHUB,D:\codex\raytracing_modules\rt_cp_uwb\results\SIONNA_NATIVE_GEOMETRY_20260925_01a0d83b\SIONNA_SCENES\POSTP0_C3_C_C27A1496\plasterboard_t0p0125.ply,results/SIONNA_NATIVE_GEOMETRY_20260925_01a0d83b/SIONNA_SCENES/POSTP0_C3_C_C27A1496/plasterboard_t0p0125.ply,EXISTS,2233,519245cb9fd448877573fb7eb2e235fa75a56bdd4bc34ce840c5e0b4003f3acd,complete geometry revision required by FINAL_MANIFEST
GITHUB,D:\codex\raytracing_modules\rt_cp_uwb\results\SIONNA_NATIVE_GEOMETRY_20260925_01a0d83b\SIONNA_SCENES\POSTP0_C3_HALL_3C67E1BC\concrete_t0p05.ply,results/SIONNA_NATIVE_GEOMETRY_20260925_01a0d83b/SIONNA_SCENES/POSTP0_C3_HALL_3C67E1BC/concrete_t0p05.ply,EXISTS,3762,5344d200c35e6355259316f555cb16666fcbb537612adecc18c741ee263b3dea,complete geometry revision required by FINAL_MANIFEST
GITHUB,D:\codex\raytracing_modules\rt_cp_uwb\results\SIONNA_NATIVE_GEOMETRY_20260925_01a0d83b\SIONNA_SCENES\POSTP0_C3_HALL_3C67E1BC\concrete_t0p2.ply,results/SIONNA_NATIVE_GEOMETRY_20260925_01a0d83b/SIONNA_SCENES/POSTP0_C3_HALL_3C67E1BC/concrete_t0p2.ply,EXISTS,308,e0bdd6463d26f3249a85cdbf2124d1fa696a40f1c1476d6cfe80db3b1bf52bec,complete geometry revision required by FINAL_MANIFEST
GITHUB,D:\codex\raytracing_modules\rt_cp_uwb\results\SIONNA_NATIVE_GEOMETRY_20260925_01a0d83b\SIONNA_SCENES\POSTP0_C3_HALL_3C67E1BC\plasterboard_t0p0125.ply,results/SIONNA_NATIVE_GEOMETRY_20260925_01a0d83b/SIONNA_SCENES/POSTP0_C3_HALL_3C67E1BC/plasterboard_t0p0125.ply,EXISTS,1234,054bd064f9afb4c83e731d060b242d18531d502dea192f103311401970849f64,complete geometry revision required by FINAL_MANIFEST
GITHUB,D:\codex\raytracing_modules\rt_cp_uwb\results\SIONNA_NATIVE_GEOMETRY_20260925_01a0d83b\SIONNA_SCENES\POSTP0_C3_HALL_55AB0E22\concrete_t0p05.ply,results/SIONNA_NATIVE_GEOMETRY_20260925_01a0d83b/SIONNA_SCENES/POSTP0_C3_HALL_55AB0E22/concrete_t0p05.ply,EXISTS,5058,47511c3f1dff806f6125e3ce5e65da72d3a3797f13ccbcfaa96f3b0d44b7f59f,complete geometry revision required by FINAL_MANIFEST
GITHUB,D:\codex\raytracing_modules\rt_cp_uwb\results\SIONNA_NATIVE_GEOMETRY_20260925_01a0d83b\SIONNA_SCENES\POSTP0_C3_HALL_55AB0E22\concrete_t0p2.ply,results/SIONNA_NATIVE_GEOMETRY_20260925_01a0d83b/SIONNA_SCENES/POSTP0_C3_HALL_55AB0E22/concrete_t0p2.ply,EXISTS,305,90465ffad95118129b684a6ed78b6636b87e37dbe2a60a865bc07c78f8a0b149,complete geometry revision required by FINAL_MANIFEST
GITHUB,D:\codex\raytracing_modules\rt_cp_uwb\results\SIONNA_NATIVE_GEOMETRY_20260925_01a0d83b\SIONNA_SCENES\POSTP0_C3_HALL_55AB0E22\plasterboard_t0p0125.ply,results/SIONNA_NATIVE_GEOMETRY_20260925_01a0d83b/SIONNA_SCENES/POSTP0_C3_HALL_55AB0E22/plasterboard_t0p0125.ply,EXISTS,1237,0dfcfbc795a4560a5b71b01529c836aafe6eae82ff3f689e3042b4bf41ddd90b,complete geometry revision required by FINAL_MANIFEST
GITHUB,D:\codex\raytracing_modules\rt_cp_uwb\results\SIONNA_NATIVE_GEOMETRY_20260925_01a0d83b\SIONNA_SCENES\POSTP0_C3_HALL_6DA51F4E\concrete_t0p05.ply,results/SIONNA_NATIVE_GEOMETRY_20260925_01a0d83b/SIONNA_SCENES/POSTP0_C3_HALL_6DA51F4E/concrete_t0p05.ply,EXISTS,4530,8123935c51d82b0520c25fa5bb465c0152a81a7715fe4fb02367c072194ab25e,complete geometry revision required by FINAL_MANIFEST
GITHUB,D:\codex\raytracing_modules\rt_cp_uwb\results\SIONNA_NATIVE_GEOMETRY_20260925_01a0d83b\SIONNA_SCENES\POSTP0_C3_HALL_6DA51F4E\concrete_t0p2.ply,results/SIONNA_NATIVE_GEOMETRY_20260925_01a0d83b/SIONNA_SCENES/POSTP0_C3_HALL_6DA51F4E/concrete_t0p2.ply,EXISTS,305,4e4e1b8f8cdf547db72e4663e7bc52f44043509eaf8ff20f14353afa013112e6,complete geometry revision required by FINAL_MANIFEST
GITHUB,D:\codex\raytracing_modules\rt_cp_uwb\results\SIONNA_NATIVE_GEOMETRY_20260925_01a0d83b\SIONNA_SCENES\POSTP0_C3_HALL_6DA51F4E\plasterboard_t0p0125.ply,results/SIONNA_NATIVE_GEOMETRY_20260925_01a0d83b/SIONNA_SCENES/POSTP0_C3_HALL_6DA51F4E/plasterboard_t0p0125.ply,EXISTS,1237,da0e37b03117f7b985d12e91fa346768fe0fd7c2918a4f12e411bcc6d6adc26a,complete geometry revision required by FINAL_MANIFEST
GITHUB,D:\codex\raytracing_modules\rt_cp_uwb\results\SIONNA_NATIVE_GEOMETRY_20260925_01a0d83b\SOURCE_PART_MAPPING.json,results/SIONNA_NATIVE_GEOMETRY_20260925_01a0d83b/SOURCE_PART_MAPPING.json,EXISTS,1724069,c97b7fcaa7e72eb9da267078b0a97c4281e084d36d5959e6c9b2426d5c0391cf,complete geometry revision required by FINAL_MANIFEST
GITHUB,D:\codex\raytracing_modules\rt_cp_uwb\results\SIONNA_NATIVE_GEOMETRY_20260925_01a0d83b\SOURCE_SURFACE_LINEAGE.json,results/SIONNA_NATIVE_GEOMETRY_20260925_01a0d83b/SOURCE_SURFACE_LINEAGE.json,EXISTS,16205838,08eacdc142ecda3e170f352328e83fd80db30f016a498d60be7717c2a94186f6,complete geometry revision required by FINAL_MANIFEST
GITHUB,D:\codex\raytracing_modules\rt_cp_uwb\results\SIONNA_NATIVE_GEOMETRY_20260925_01a0d83b\STATUS.json,results/SIONNA_NATIVE_GEOMETRY_20260925_01a0d83b/STATUS.json,EXISTS,761,a613d4fdb49b51cc213aa20abc4f4bd41142a7dd9bf26f5f850acca3afb8dd94,complete geometry revision required by FINAL_MANIFEST
GITHUB,D:\codex\raytracing_modules\rt_cp_uwb\results\SIONNA_NATIVE_GEOMETRY_20260925_01a0d83b\TEST_RECEIPT.json,results/SIONNA_NATIVE_GEOMETRY_20260925_01a0d83b/TEST_RECEIPT.json,EXISTS,353,d48451a8c5ee1ba493a9231f033ac3b70a5fffc7e27dc53c806dba4447d16a47,complete geometry revision required by FINAL_MANIFEST
GITHUB,D:\codex\raytracing_modules\rt_cp_uwb\results\SIONNA_NATIVE_GEOMETRY_20260925_01a0d83b\TESTS.log,results/SIONNA_NATIVE_GEOMETRY_20260925_01a0d83b/TESTS.log,EXISTS,101,860eedb7f15119d56a50fb5bdf81289ea0a8b2d0dc6d244d21c0784359320b66,complete geometry revision required by FINAL_MANIFEST
GITHUB,D:\codex\raytracing_modules\rt_cp_uwb\results\SIONNA_NATIVE41_REFRESH_20260925_01a0d84e\CONFIG.json,results/SIONNA_NATIVE41_REFRESH_20260925_01a0d84e/CONFIG.json,EXISTS,39959,638fdb15870a8ece35dc07c25271db80e791f344f4213ef4d1d2ab9f6f57356b,settings source only; replace rows and resolve portable paths
GITHUB,D:\codex\raytracing_modules\rt_cp_uwb\results\SIONNA_G1_DESIGN_CLOSURE_20260923\SCENE_DRAFT.json,results/SIONNA_G1_DESIGN_CLOSURE_20260923/SCENE_DRAFT.json,EXISTS,1584560,1df790b8afdd16362332d83a235b323acd3c33064447850cbd71cb5f0430c17e,scene classifications and endpoint constraints reference
EXTERNAL_DATA,D:\codex\raytracing_modules\rt_cp_uwb\results\SIONNA_G2_RX_RELOCATED_20260924_01a0d320_R2\CHANGED_LINKS.json,results/SIONNA_G2_RX_RELOCATED_20260924_01a0d320_R2/CHANGED_LINKS.json,EXISTS,15881,75388658cdf811db756f68ae7e5573b0da59c2daffb9ebbf72001273f73875bb,required full inputs or FFD; stage to Snowball with hash verification
EXTERNAL_DATA,D:\codex\raytracing_modules\rt_cp_uwb\results\SIONNA_G2_RX_RELOCATED_20260924_01a0d320_R2\CLEARANCE_INDEPENDENT.json,results/SIONNA_G2_RX_RELOCATED_20260924_01a0d320_R2/CLEARANCE_INDEPENDENT.json,EXISTS,946,4c24747e334a685b93eff740eda8509e692204950e50cad4c20c5dcde5cbb9a2,required full inputs or FFD; stage to Snowball with hash verification
EXTERNAL_DATA,D:\codex\raytracing_modules\rt_cp_uwb\results\SIONNA_G2_RX_RELOCATED_20260924_01a0d320_R2\common\FRAMES.jsonl,results/SIONNA_G2_RX_RELOCATED_20260924_01a0d320_R2/common/FRAMES.jsonl,EXISTS,346616435,0fed003b3aaca487af0242905b9ecb81b22e6b087b46e624db9f7573680b1ebd,required full inputs or FFD; stage to Snowball with hash verification
EXTERNAL_DATA,D:\codex\raytracing_modules\rt_cp_uwb\results\SIONNA_G2_RX_RELOCATED_20260924_01a0d320_R2\common\LINKS.jsonl,results/SIONNA_G2_RX_RELOCATED_20260924_01a0d320_R2/common/LINKS.jsonl,EXISTS,81399716,aa317022586f020db4a8e345705c200f9f640dc8d78cb63b5ad8946d1b4b5db7,required full inputs or FFD; stage to Snowball with hash verification
EXTERNAL_DATA,D:\codex\raytracing_modules\rt_cp_uwb\results\SIONNA_G2_RX_RELOCATED_20260924_01a0d320_R2\INPUT_DIFF_VALIDATION.json,results/SIONNA_G2_RX_RELOCATED_20260924_01a0d320_R2/INPUT_DIFF_VALIDATION.json,EXISTS,302,98d9f70b4a7746a6ba0b72f50b635ea08e5d974e4d2719309bffac139b59b722,required full inputs or FFD; stage to Snowball with hash verification
EXTERNAL_DATA,D:\codex\raytracing_modules\rt_cp_uwb\results\SIONNA_G2_RX_RELOCATED_20260924_01a0d320_R2\inputs_v6\L1\INPUT.json,results/SIONNA_G2_RX_RELOCATED_20260924_01a0d320_R2/inputs_v6/L1/INPUT.json,EXISTS,10617402,e44d676a35cda382ecf063b7578e08f1adb16abfeaa6fc6fd3bbff71aca194ea,required full inputs or FFD; stage to Snowball with hash verification
EXTERNAL_DATA,D:\codex\raytracing_modules\rt_cp_uwb\results\SIONNA_G2_RX_RELOCATED_20260924_01a0d320_R2\inputs_v6\L1multi\INPUT.json,results/SIONNA_G2_RX_RELOCATED_20260924_01a0d320_R2/inputs_v6/L1multi/INPUT.json,EXISTS,10449830,142ba9da0c33baabd4421a9667e6963f35ff6f6dfbafe8daf56911f4f783e203,required full inputs or FFD; stage to Snowball with hash verification
EXTERNAL_DATA,D:\codex\raytracing_modules\rt_cp_uwb\results\SIONNA_G2_RX_RELOCATED_20260924_01a0d320_R2\inputs_v6\L2multi\INPUT.json,results/SIONNA_G2_RX_RELOCATED_20260924_01a0d320_R2/inputs_v6/L2multi/INPUT.json,EXISTS,5286977,d1f14e01537103564cf67d9739c5ca2ce28464bcc8c572c1dc9af9e0b8f51345,required full inputs or FFD; stage to Snowball with hash verification
EXTERNAL_DATA,D:\codex\raytracing_modules\rt_cp_uwb\results\SIONNA_G2_RX_RELOCATED_20260924_01a0d320_R2\inputs_v6\L2static\INPUT.json,results/SIONNA_G2_RX_RELOCATED_20260924_01a0d320_R2/inputs_v6/L2static/INPUT.json,EXISTS,2802321,d6a401779268441b66fcabb955a25ed2a907e4705f547823891ab0fdb9dfa82f,required full inputs or FFD; stage to Snowball with hash verification
EXTERNAL_DATA,D:\codex\raytracing_modules\rt_cp_uwb\results\SIONNA_G2_RX_RELOCATED_20260924_01a0d320_R2\MANIFEST.json,results/SIONNA_G2_RX_RELOCATED_20260924_01a0d320_R2/MANIFEST.json,EXISTS,17891,9e94e4e0232430e184415eb554d6a8a458209c332c9e0a0b64be0eac563b060b,required full inputs or FFD; stage to Snowball with hash verification
EXTERNAL_DATA,D:\codex\raytracing_modules\rt_cp_uwb\results\SIONNA_G2_RX_RELOCATED_20260924_01a0d320_R2\MOVES.json,results/SIONNA_G2_RX_RELOCATED_20260924_01a0d320_R2/MOVES.json,EXISTS,10325,d303ebbabdbbabff3a2673ed86a72c695228d7dc1a9fa5060eb309211a992971,required full inputs or FFD; stage to Snowball with hash verification
EXTERNAL_DATA,D:\codex\raytracing_modules\rt_cp_uwb\results\SIONNA_G2_RX_RELOCATED_20260924_01a0d320_R2\POST_AUDIT\ALL_ENDPOINTS.csv,results/SIONNA_G2_RX_RELOCATED_20260924_01a0d320_R2/POST_AUDIT/ALL_ENDPOINTS.csv,EXISTS,47568001,61504eab79f107b950ca8019b5396d6c4737d852173e83dcdad7aa3aa1afa192,required full inputs or FFD; stage to Snowball with hash verification
EXTERNAL_DATA,D:\codex\raytracing_modules\rt_cp_uwb\results\SIONNA_G2_RX_RELOCATED_20260924_01a0d320_R2\POST_AUDIT\ISSUES.csv,results/SIONNA_G2_RX_RELOCATED_20260924_01a0d320_R2/POST_AUDIT/ISSUES.csv,EXISTS,204,043b7a6002b3f7b32a6f83b84f8c2f50a217c7a40e0c28e1615eac4c7db2c461,required full inputs or FFD; stage to Snowball with hash verification
EXTERNAL_DATA,D:\codex\raytracing_modules\rt_cp_uwb\results\SIONNA_G2_RX_RELOCATED_20260924_01a0d320_R2\POST_AUDIT\MANIFEST.json,results/SIONNA_G2_RX_RELOCATED_20260924_01a0d320_R2/POST_AUDIT/MANIFEST.json,EXISTS,83200,e52e4a198bcd262268ecb3c19ee7cba8f7fca9d42eeba9f890912efe607b9c87,required full inputs or FFD; stage to Snowball with hash verification
EXTERNAL_DATA,D:\codex\raytracing_modules\rt_cp_uwb\results\SIONNA_G2_RX_RELOCATED_20260924_01a0d320_R2\POST_AUDIT\SCENES.json,results/SIONNA_G2_RX_RELOCATED_20260924_01a0d320_R2/POST_AUDIT/SCENES.json,EXISTS,29180,1b9af0b7ffaec0e26d74a055531246196fecc03c25a9d3a80a4e103b05f1b9c0,required full inputs or FFD; stage to Snowball with hash verification
EXTERNAL_DATA,D:\codex\raytracing_modules\rt_cp_uwb\results\SIONNA_G2_RX_RELOCATED_20260924_01a0d320_R2\POST_AUDIT\SUMMARY.json,results/SIONNA_G2_RX_RELOCATED_20260924_01a0d320_R2/POST_AUDIT/SUMMARY.json,EXISTS,851,b4d7767ae3e449e7bfdd3b42879710f32a977fdd57433227e9ea28339cb2c8d5,required full inputs or FFD; stage to Snowball with hash verification
EXTERNAL_DATA,D:\codex\raytracing_modules\rt_cp_uwb\results\SIONNA_G2_RX_RELOCATED_20260924_01a0d320_R2\REPORT_KO.md,results/SIONNA_G2_RX_RELOCATED_20260924_01a0d320_R2/REPORT_KO.md,EXISTS,4641,04312e8e7ab4995a498007071c05f166f9b3d3820c615d385c5a164b4f2e9040,required full inputs or FFD; stage to Snowball with hash verification
EXTERNAL_DATA,D:\codex\raytracing_modules\rt_cp_uwb\results\SIONNA_G2_RX_RELOCATED_20260924_01a0d320_R2\STATUS.json,results/SIONNA_G2_RX_RELOCATED_20260924_01a0d320_R2/STATUS.json,EXISTS,340,9b67e2193647428749d313230edaa4ecad86d1a8be9e4b6cd70edaf5a5ae459f,required full inputs or FFD; stage to Snowball with hash verification
EXTERNAL_DATA,D:\codex\raytracing_modules\rt_cp_uwb\results\SIONNA_G2_FFD_NOFLIP_20260924_01a0d30b\bank\BANK_MANIFEST.json,results/SIONNA_G2_FFD_NOFLIP_20260924_01a0d30b/bank/BANK_MANIFEST.json,EXISTS,24230,3cc7e3834aa2c8be4b096d4d6151c1b2af42a556bb19577c0d3da589dfbe95f6,required full inputs or FFD; stage to Snowball with hash verification
EXTERNAL_DATA,D:\codex\raytracing_modules\rt_cp_uwb\results\SIONNA_G2_FFD_NOFLIP_20260924_01a0d30b\bank\LHCP_bank.npz,results/SIONNA_G2_FFD_NOFLIP_20260924_01a0d30b/bank/LHCP_bank.npz,EXISTS,246283703,250d8f5ce06e1b18e38f1a9e5dc3bbcff5025d00bcbc4df8c2d872fff13d6778,required full inputs or FFD; stage to Snowball with hash verification
EXTERNAL_DATA,D:\codex\raytracing_modules\rt_cp_uwb\results\SIONNA_G2_FFD_NOFLIP_20260924_01a0d30b\bank\LP_minus45_bank.npz,results/SIONNA_G2_FFD_NOFLIP_20260924_01a0d30b/bank/LP_minus45_bank.npz,EXISTS,247743979,39729fe9f02cf80119a8492be8fcc43e08e2e9e00beebda2909e7c9819c76eb9,required full inputs or FFD; stage to Snowball with hash verification
EXTERNAL_DATA,D:\codex\raytracing_modules\rt_cp_uwb\results\SIONNA_G2_FFD_NOFLIP_20260924_01a0d30b\bank\LP_plus45_bank.npz,results/SIONNA_G2_FFD_NOFLIP_20260924_01a0d30b/bank/LP_plus45_bank.npz,EXISTS,247727983,b29ae471a64617eacb0cf02ddbbcc3b2db190de171fba85f05dddb9cec0c453b,required full inputs or FFD; stage to Snowball with hash verification
EXTERNAL_DATA,D:\codex\raytracing_modules\rt_cp_uwb\results\SIONNA_G2_FFD_NOFLIP_20260924_01a0d30b\bank\LP_X_bank.npz,results/SIONNA_G2_FFD_NOFLIP_20260924_01a0d30b/bank/LP_X_bank.npz,EXISTS,247599021,870a2bd7b30238d951b69e4df00ad90a7f61d3d51bf777265988a959efce744d,required full inputs or FFD; stage to Snowball with hash verification
EXTERNAL_DATA,D:\codex\raytracing_modules\rt_cp_uwb\results\SIONNA_G2_FFD_NOFLIP_20260924_01a0d30b\bank\LP_Y_bank.npz,results/SIONNA_G2_FFD_NOFLIP_20260924_01a0d30b/bank/LP_Y_bank.npz,EXISTS,247592131,ae463e6d316a5579456e8e994bf642732be152699782d168e0523cf49c175524,required full inputs or FFD; stage to Snowball with hash verification
EXTERNAL_DATA,D:\codex\raytracing_modules\rt_cp_uwb\results\SIONNA_G2_FFD_NOFLIP_20260924_01a0d30b\bank\RHCP_bank.npz,results/SIONNA_G2_FFD_NOFLIP_20260924_01a0d30b/bank/RHCP_bank.npz,EXISTS,246081001,d1916760cfc784161e54fd26e4016649b71d50984e033bde6a8e5149a7f223d0,required full inputs or FFD; stage to Snowball with hash verification
GITHUB,D:\codex\raytracing_modules\DRIVE_EXPORT_RT_DUAL_ENGINE_20260915\cp2_work_remote\COMMON_ENVIRONMENT_POSE_CONTRACT.json,inputs/reference/COMMON_ENVIRONMENT_POSE_CONTRACT.json,EXISTS,44506,682b1a07d4d849b0d786294ffde9773b1a776830843840f9d9d191adaa9fa756,"outside workspace; copy to repo on packaging, source remains untouched"
IMPLEMENT_THEN_GITHUB,D:\codex\raytracing_modules\rt_cp_uwb\rt_cp_uwb_py\g2_full_inputs.py,rt_cp_uwb_py/g2_full_inputs.py,TO_IMPLEMENT,,,not yet implemented; do not claim clone-and-run
IMPLEMENT_THEN_GITHUB,D:\codex\raytracing_modules\rt_cp_uwb\scripts\g2_completion\prepare_sionna_full.py,scripts/g2_completion/prepare_sionna_full.py,TO_IMPLEMENT,,,not yet implemented; do not claim clone-and-run
IMPLEMENT_THEN_GITHUB,D:\codex\raytracing_modules\rt_cp_uwb\scripts\g2_completion\run_sionna_full.py,scripts/g2_completion/run_sionna_full.py,TO_IMPLEMENT,,,not yet implemented; do not claim clone-and-run
IMPLEMENT_THEN_GITHUB,D:\codex\raytracing_modules\rt_cp_uwb\scripts\g2_completion\finish_sionna_full.py,scripts/g2_completion/finish_sionna_full.py,TO_IMPLEMENT,,,not yet implemented; do not claim clone-and-run
IMPLEMENT_THEN_GITHUB,D:\codex\raytracing_modules\rt_cp_uwb\scripts\g2_completion\verify_sionna_full.py,scripts/g2_completion/verify_sionna_full.py,TO_IMPLEMENT,,,not yet implemented; do not claim clone-and-run
IMPLEMENT_THEN_GITHUB,D:\codex\raytracing_modules\rt_cp_uwb\tests\test_g2_full_inputs.py,tests/test_g2_full_inputs.py,TO_IMPLEMENT,,,not yet implemented; do not claim clone-and-run
IMPLEMENT_THEN_GITHUB,D:\codex\raytracing_modules\rt_cp_uwb\tests\test_g2_full_resume.py,tests/test_g2_full_resume.py,TO_IMPLEMENT,,,not yet implemented; do not claim clone-and-run
IMPLEMENT_THEN_GITHUB,D:\codex\raytracing_modules\rt_cp_uwb\requirements-sionna-full-local.txt,requirements-sionna-full-local.txt,TO_IMPLEMENT,,,not yet implemented; do not claim clone-and-run
IMPLEMENT_THEN_GITHUB,D:\codex\raytracing_modules\rt_cp_uwb\runtime\sionna-full\RUNTIME_LOCK.json,runtime/sionna-full/RUNTIME_LOCK.json,TO_IMPLEMENT,,,not yet implemented; do not claim clone-and-run
IMPLEMENT_THEN_GITHUB,D:\codex\raytracing_modules\rt_cp_uwb\config\sionna_full_paths.example.json,config/sionna_full_paths.example.json,TO_IMPLEMENT,,,not yet implemented; do not claim clone-and-run
