idx,t_s,drive_g,phase,x,y,yaw_body_deg,turn_phase,probe_id,probe_offset_deg,pose_id
0,0.0,0,drive,1.2,-0.45,93.79577021325053,False,-1,0.0,0
1,0.2,1,drive,1.1973519904472882,-0.4100877456736813,93.90687015647113,False,-1,0.0,1
2,0.4,2,drive,1.1946265936730591,-0.37018070102711514,93.97516561269227,False,-1,0.0,2
3,0.6000000000000001,3,drive,1.1918536304242073,-0.33027693335010855,93.99990832260387,False,-1,0.0,3
4,0.8,4,drive,1.1890634353214344,-0.2903743668751503,93.9808271998984,False,-1,0.0,4
5,1.0,5,drive,1.1862865290616584,-0.25047087339870866,93.9181313013492,False,-1,0.0,5
6,1.2000000000000002,6,drive,1.1835532888477158,-0.2105643651834703,93.81250753634073,False,-1,0.0,6
7,1.4000000000000001,7,drive,1.1808936201847067,-0.17065288610034177,93.6651131409456,False,-1,0.0,7
8,1.6,8,drive,1.1783366331874239,-0.13073469704452756,93.47756299900406,False,-1,0.0,8
9,1.8,9,drive,1.1759103265580488,-0.0908083519057567,93.25191194911858,False,-1,0.0,9
10,2.0,10,drive,1.1736412824112723,-0.05087276077879353,92.99063227141224,False,-1,0.0,10
11,2.2,11,drive,1.1715543751350803,-0.010927237650155235,92.69658660071026,False,-1,0.0,11
12,2.4000000000000004,12,drive,1.1696724974668582,0.029028469532196663,92.37299656291388,False,-1,0.0,12
13,2.6,13,drive,1.1680163069221159,0.0689941677355248,92.02340747819277,False,-1,0.0,13
14,2.8000000000000003,14,drive,1.1666039956232064,0.1089692271700644,91.65164951771533,False,-1,0.0,14
15,3.0,15,drive,1.1654510864258272,0.14895260872268695,91.26179573949192,False,-1,0.0,15
16,3.2,16,drive,1.1645702580230235,0.18894290931326535,90.85811746309889,False,-1,0.0,16
17,3.4000000000000004,17,drive,1.1639712014153218,0.22893842320145996,90.44503747220755,False,-1,0.0,17
18,3.6,18,drive,1.163660509772062,0.2689372165670455,90.02708155764061,False,-1,0.0,18
19,3.8000000000000003,19,drive,1.1636416032788701,0.3089372120988517,89.60882893186098,False,-1,0.0,19
20,4.0,20,drive,1.1639146900804878,0.34893627988297365,89.1948620581617,False,-1,0.0,20
21,4.2,21,drive,1.1644767639022349,0.3889323306007496,88.78971644423913,False,-1,0.0,21
22,4.4,22,drive,1.1653216383857776,0.4289234069441923,88.39783095022162,False,-1,0.0,22
23,4.6000000000000005,22,turn,1.1653216383857776,0.4289234069441923,83.39783095022162,True,-1,0.0,23
24,4.800000000000001,22,turn,1.1653216383857776,0.4289234069441923,78.39783095022162,True,-1,0.0,24
25,5.0,22,turn,1.1653216383857776,0.4289234069441923,73.39783095022162,True,-1,0.0,25
26,5.2,22,turn,1.1653216383857776,0.4289234069441923,68.39783095022162,True,-1,0.0,26
27,5.4,22,turn,1.1653216383857776,0.4289234069441923,63.39783095022162,True,-1,0.0,27
28,5.6000000000000005,22,turn,1.1653216383857776,0.4289234069441923,58.39783095022162,True,-1,0.0,28
29,5.800000000000001,22,turn,1.1653216383857776,0.4289234069441923,53.39783095022162,True,-1,0.0,29
30,6.0,22,turn,1.1653216383857776,0.4289234069441923,48.39783095022162,True,-1,0.0,30
31,6.2,22,turn,1.1653216383857776,0.4289234069441923,43.39783095022162,True,-1,0.0,31
32,6.4,22,turn,1.1653216383857776,0.4289234069441923,38.39783095022162,True,-1,0.0,32
33,6.6000000000000005,22,turn,1.1653216383857776,0.4289234069441923,33.39783095022162,True,-1,0.0,33
34,6.800000000000001,22,turn,1.1653216383857776,0.4289234069441923,28.397830950221618,True,-1,0.0,34
35,7.0,22,turn,1.1653216383857776,0.4289234069441923,23.397830950221618,True,-1,0.0,35
36,7.2,22,turn,1.1653216383857776,0.4289234069441923,18.397830950221618,True,-1,0.0,36
37,7.4,22,turn,1.1653216383857776,0.4289234069441923,13.397830950221618,True,-1,0.0,37
38,7.6000000000000005,22,turn,1.1653216383857776,0.4289234069441923,8.397830950221618,True,-1,0.0,38
39,7.800000000000001,22,turn,1.1653216383857776,0.4289234069441923,3.3978309502216177,True,-1,0.0,39
40,8.0,22,turn,1.1653216383857776,0.4289234069441923,-1.6021690497783823,True,-1,0.0,40
41,8.200000000000001,23,drive,1.2053060006774934,0.4278050277040353,-1.9765008444111185,False,-1,0.0,41
42,8.4,24,drive,1.2452822029399166,0.4264254434645544,-2.3291776821830843,False,-1,0.0,42
43,8.6,25,drive,1.2852491560828743,0.42479981851745585,-2.6563355618572877,False,-1,0.0,43
44,8.8,26,drive,1.3252061754493716,0.42294601072122767,-2.954390073241829,False,-1,0.0,44
45,9.0,27,drive,1.3651530106507348,0.4208843712291906,-3.2200756687380667,False,-1,0.0,45
46,9.200000000000001,28,drive,1.4050898564023315,0.41863751755946293,-3.4504814413634532,False,-1,0.0,46
47,9.4,29,drive,1.4450173439048803,0.41623008288043173,-3.6430830172576014,False,-1,0.0,47
48,9.600000000000001,30,drive,1.4849365131668204,0.4136884445433405,-3.795770213250541,False,-1,0.0,48
49,9.8,31,drive,1.524848767493139,0.41104043499062876,-3.906870156471125,False,-1,0.0,49
50,10.0,32,drive,1.5647558121397052,0.40831503821639964,-3.9751656126922708,False,-1,0.0,50
51,10.200000000000001,33,drive,1.6046595798167118,0.40554207496754785,-3.9999083226038765,False,-1,0.0,51
52,10.4,34,drive,1.64456214629167,0.40275187986477506,-3.9808271998984055,False,-1,0.0,52
53,10.600000000000001,35,drive,1.6844656397681115,0.39997497360499895,-3.9181313013492014,False,-1,0.0,53
54,10.8,36,drive,1.7243721479833498,0.3972417333910563,-3.8125075363407275,False,-1,0.0,54
55,11.0,37,drive,1.7642836270664783,0.3945820647280471,-3.665113140945613,False,-1,0.0,55
56,11.200000000000001,38,drive,1.8042018161222926,0.39202507773076417,-3.477562999004065,False,-1,0.0,56
57,11.4,39,drive,1.8441281612610634,0.3895987711013892,-3.251911949118583,False,-1,0.0,57
58,11.600000000000001,40,drive,1.8840637523880266,0.38732972695461265,-2.990632271412239,False,-1,0.0,58
59,11.8,41,drive,1.924009275516665,0.3852428196784207,-2.696586600710262,False,-1,0.0,59
60,12.0,42,drive,1.9639649826990169,0.3833609420101986,-2.372996562913881,False,-1,0.0,60
61,12.200000000000001,43,drive,2.003930680902345,0.38170475146545635,-2.0234074781927602,False,-1,0.0,61
62,12.4,44,drive,2.0439057403368848,0.3802924401665469,-1.6516495177153203,False,-1,0.0,62
63,12.600000000000001,45,drive,2.0838891218895075,0.3791395309691677,-1.2617957394919128,False,-1,0.0,63
64,12.8,46,drive,2.1238794224800857,0.37825870256636407,-0.8581174630988945,False,-1,0.0,64
65,13.0,47,drive,2.16387493636828,0.3776596459586623,-0.44503747220754447,False,-1,0.0,65
66,13.200000000000001,48,drive,2.2038737297338655,0.3773489543154026,-0.027081557640606775,False,-1,0.0,66
67,13.4,49,drive,2.2438737252656717,0.3773300478222107,0.39117106813901814,False,-1,0.0,67
68,13.600000000000001,50,drive,2.2838727930497935,0.3776031346238282,0.8051379418383035,False,-1,0.0,68
69,13.8,50,probe,2.2838727930497935,0.3776031346238282,-4.194862058161696,False,0,-5.0,979
70,14.0,50,probe,2.2838727930497935,0.3776031346238282,-9.194862058161696,False,0,-10.0,980
71,14.200000000000001,50,probe,2.2838727930497935,0.3776031346238282,-14.194862058161696,False,0,-15.0,981
72,14.4,50,probe,2.2838727930497935,0.3776031346238282,-19.194862058161696,False,0,-20.0,982
73,14.600000000000001,50,probe,2.2838727930497935,0.3776031346238282,-24.194862058161696,False,0,-25.0,983
74,14.8,50,probe,2.2838727930497935,0.3776031346238282,-29.194862058161696,False,0,-30.0,984
75,15.0,50,probe,2.2838727930497935,0.3776031346238282,-34.194862058161696,False,0,-35.0,985
76,15.200000000000001,50,probe,2.2838727930497935,0.3776031346238282,-39.194862058161696,False,0,-40.0,986
77,15.4,50,probe,2.2838727930497935,0.3776031346238282,-44.194862058161696,False,0,-45.0,987
78,15.600000000000001,50,probe,2.2838727930497935,0.3776031346238282,-39.194862058161696,False,0,-40.0,986
79,15.8,50,probe,2.2838727930497935,0.3776031346238282,-34.194862058161696,False,0,-35.0,985
80,16.0,50,probe,2.2838727930497935,0.3776031346238282,-29.194862058161696,False,0,-30.0,984
81,16.2,50,probe,2.2838727930497935,0.3776031346238282,-24.194862058161696,False,0,-25.0,983
82,16.400000000000002,50,probe,2.2838727930497935,0.3776031346238282,-19.194862058161696,False,0,-20.0,982
83,16.6,50,probe,2.2838727930497935,0.3776031346238282,-14.194862058161696,False,0,-15.0,981
84,16.8,50,probe,2.2838727930497935,0.3776031346238282,-9.194862058161696,False,0,-10.0,980
85,17.0,50,probe,2.2838727930497935,0.3776031346238282,-4.194862058161696,False,0,-5.0,979
86,17.2,50,probe,2.2838727930497935,0.3776031346238282,0.8051379418383035,False,0,0.0,68
87,17.400000000000002,50,probe,2.2838727930497935,0.3776031346238282,5.805137941838304,False,0,5.0,988
88,17.6,50,probe,2.2838727930497935,0.3776031346238282,10.805137941838304,False,0,10.0,989
89,17.8,50,probe,2.2838727930497935,0.3776031346238282,15.805137941838304,False,0,15.0,990
90,18.0,50,probe,2.2838727930497935,0.3776031346238282,20.805137941838304,False,0,20.0,991
91,18.2,50,probe,2.2838727930497935,0.3776031346238282,25.805137941838304,False,0,25.0,992
92,18.400000000000002,50,probe,2.2838727930497935,0.3776031346238282,30.805137941838304,False,0,30.0,993
93,18.6,50,probe,2.2838727930497935,0.3776031346238282,35.805137941838304,False,0,35.0,994
94,18.8,50,probe,2.2838727930497935,0.3776031346238282,40.805137941838304,False,0,40.0,995
95,19.0,50,probe,2.2838727930497935,0.3776031346238282,45.805137941838304,False,0,45.0,996
96,19.200000000000003,50,probe,2.2838727930497935,0.3776031346238282,40.805137941838304,False,0,40.0,995
97,19.400000000000002,50,probe,2.2838727930497935,0.3776031346238282,35.805137941838304,False,0,35.0,994
98,19.6,50,probe,2.2838727930497935,0.3776031346238282,30.805137941838304,False,0,30.0,993
99,19.8,50,probe,2.2838727930497935,0.3776031346238282,25.805137941838304,False,0,25.0,992
100,20.0,50,probe,2.2838727930497935,0.3776031346238282,20.805137941838304,False,0,20.0,991
101,20.200000000000003,50,probe,2.2838727930497935,0.3776031346238282,15.805137941838304,False,0,15.0,990
102,20.400000000000002,50,probe,2.2838727930497935,0.3776031346238282,10.805137941838304,False,0,10.0,989
103,20.6,50,probe,2.2838727930497935,0.3776031346238282,5.805137941838304,False,0,5.0,988
104,20.8,50,probe,2.2838727930497935,0.3776031346238282,0.8051379418383035,False,0,0.0,68
105,21.0,51,drive,2.3238688437675696,0.3781652084455754,1.2102835557608655,False,-1,0.0,69
106,21.200000000000003,52,drive,2.3638599201110124,0.3790100829291181,1.6021690497783887,False,-1,0.0,70
107,21.400000000000002,53,drive,2.403844282402728,0.38012846216927515,1.9765008444111183,False,-1,0.0,71
108,21.6,54,drive,2.4438204846651517,0.381508046408756,2.3291776821830843,False,-1,0.0,72
109,21.8,55,drive,2.4837874378081093,0.3831336713558546,2.6563355618572873,False,-1,0.0,73
110,22.0,56,drive,2.523744457174607,0.38498747915208276,2.9543900732418313,False,-1,0.0,74
111,22.200000000000003,57,drive,2.56369129237597,0.38704911864411984,3.2200756687380685,False,-1,0.0,75
112,22.400000000000002,58,drive,2.6036281381275668,0.3892959723138475,3.450481441363457,False,-1,0.0,76
113,22.6,59,drive,2.643555625630116,0.3917034069928787,3.6430830172576014,False,-1,0.0,77
114,22.8,60,drive,2.683474794892056,0.3942450453299699,3.795770213250541,False,-1,0.0,78
115,23.0,61,drive,2.723387049218375,0.3968930548826817,3.9068701564711255,False,-1,0.0,79
116,23.200000000000003,62,drive,2.763294093864941,0.3996184516569108,3.975165612692271,False,-1,0.0,80
117,23.400000000000002,63,drive,2.8031978615419475,0.4023914149057626,3.9999083226038765,False,-1,0.0,81
118,23.6,64,drive,2.8431004280169057,0.40518161000853536,3.980827199898406,False,-1,0.0,82
119,23.8,65,drive,2.8830039214933474,0.4079585162683115,3.9181313013492014,False,-1,0.0,83
120,24.0,66,drive,2.922910429708586,0.41069175648225414,3.8125075363407275,False,-1,0.0,84
121,24.200000000000003,67,drive,2.9628219087917147,0.41335142514526335,3.6651131409456115,False,-1,0.0,85
122,24.400000000000002,68,drive,3.002740097847529,0.41590841214254626,3.477562999004062,False,-1,0.0,86
123,24.6,69,drive,3.0426664429862997,0.41833471877192124,3.2519119491185853,False,-1,0.0,87
124,24.8,70,drive,3.082602034113263,0.4206037629186978,2.990632271412242,False,-1,0.0,88
125,25.0,71,drive,3.122547557241901,0.4226906701948897,2.696586600710265,False,-1,0.0,89
126,25.200000000000003,72,drive,3.162503264424253,0.4245725478631118,2.3729965629138814,False,-1,0.0,90
127,25.400000000000002,73,drive,3.202468962627581,0.4262287384078541,2.0234074781927576,False,-1,0.0,91
128,25.6,74,drive,3.2424440220621205,0.42764104970676353,1.651649517715324,False,-1,0.0,92
129,25.8,75,drive,3.282427403614743,0.42879395890414274,1.26179573949192,False,-1,0.0,93
130,26.0,76,drive,3.3224177042053213,0.42967478730694636,0.8581174630989019,False,-1,0.0,94
131,26.200000000000003,77,drive,3.362413218093516,0.4302738439146481,0.4450374722075414,False,-1,0.0,95
132,26.400000000000002,78,drive,3.402412011459101,0.4305845355579078,0.02708155764060371,False,-1,0.0,96
133,26.6,79,drive,3.4424120069909074,0.43060344205109974,-0.39117106813901764,False,-1,0.0,97
134,26.8,80,drive,3.482411074775029,0.4303303552494822,-0.8051379418382995,False,-1,0.0,98
135,27.0,81,drive,3.5224071254928053,0.42976828142773504,-1.2102835557608618,False,-1,0.0,99
136,27.200000000000003,82,drive,3.562398201836248,0.42892340694419234,-1.6021690497783916,False,-1,0.0,100
137,27.400000000000002,83,drive,3.602382564127964,0.4278050277040353,-1.976500844411121,False,-1,0.0,101
138,27.6,84,drive,3.6423587663903874,0.4264254434645544,-2.329177682183084,False,-1,0.0,102
139,27.8,85,drive,3.682325719533345,0.42479981851745585,-2.6563355618572895,False,-1,0.0,103
140,28.0,86,drive,3.7222827388998425,0.42294601072122767,-2.9543900732418287,False,-1,0.0,104
141,28.200000000000003,87,drive,3.7622295741012057,0.4208843712291906,-3.2200756687380663,False,-1,0.0,105
142,28.400000000000002,88,drive,3.8021664198528025,0.41863751755946293,-3.4504814413634546,False,-1,0.0,106
143,28.6,89,drive,3.8420939073553515,0.41623008288043173,-3.6430830172576028,False,-1,0.0,107
144,28.8,90,drive,3.882013076617292,0.4136884445433405,-3.795770213250541,False,-1,0.0,108
145,29.0,91,drive,3.9219253309436106,0.41104043499062876,-3.906870156471124,False,-1,0.0,109
146,29.200000000000003,92,drive,3.9618323755901765,0.40831503821639964,-3.975165612692271,False,-1,0.0,110
147,29.400000000000002,93,drive,4.001736143267183,0.40554207496754785,-3.9999083226038765,False,-1,0.0,111
148,29.6,94,drive,4.041638709742141,0.40275187986477506,-3.9808271998984055,False,-1,0.0,112
149,29.8,95,drive,4.081542203218583,0.39997497360499895,-3.9181313013492014,False,-1,0.0,113
150,30.0,96,drive,4.121448711433821,0.3972417333910563,-3.8125075363407257,False,-1,0.0,114
151,30.200000000000003,97,drive,4.16136019051695,0.3945820647280471,-3.6651131409456115,False,-1,0.0,115
152,30.400000000000002,98,drive,4.201278379572764,0.39202507773076417,-3.4775629990040624,False,-1,0.0,116
153,30.6,99,drive,4.241204724711535,0.3895987711013892,-3.2519119491185857,False,-1,0.0,117
154,30.8,100,drive,4.281140315838498,0.38732972695461265,-2.9906322714122378,False,-1,0.0,118
155,31.0,100,probe,4.281140315838498,0.38732972695461265,-7.990632271412238,False,1,-5.0,997
156,31.200000000000003,100,probe,4.281140315838498,0.38732972695461265,-12.990632271412238,False,1,-10.0,998
157,31.400000000000002,100,probe,4.281140315838498,0.38732972695461265,-17.990632271412238,False,1,-15.0,999
158,31.6,100,probe,4.281140315838498,0.38732972695461265,-22.990632271412238,False,1,-20.0,1000
159,31.8,100,probe,4.281140315838498,0.38732972695461265,-27.990632271412238,False,1,-25.0,1001
160,32.0,100,probe,4.281140315838498,0.38732972695461265,-32.99063227141224,False,1,-30.0,1002
161,32.2,100,probe,4.281140315838498,0.38732972695461265,-37.99063227141224,False,1,-35.0,1003
162,32.4,100,probe,4.281140315838498,0.38732972695461265,-42.99063227141224,False,1,-40.0,1004
163,32.6,100,probe,4.281140315838498,0.38732972695461265,-47.99063227141224,False,1,-45.0,1005
164,32.800000000000004,100,probe,4.281140315838498,0.38732972695461265,-42.99063227141224,False,1,-40.0,1004
165,33.0,100,probe,4.281140315838498,0.38732972695461265,-37.99063227141224,False,1,-35.0,1003
166,33.2,100,probe,4.281140315838498,0.38732972695461265,-32.99063227141224,False,1,-30.0,1002
167,33.4,100,probe,4.281140315838498,0.38732972695461265,-27.990632271412238,False,1,-25.0,1001
168,33.6,100,probe,4.281140315838498,0.38732972695461265,-22.990632271412238,False,1,-20.0,1000
169,33.800000000000004,100,probe,4.281140315838498,0.38732972695461265,-17.990632271412238,False,1,-15.0,999
170,34.0,100,probe,4.281140315838498,0.38732972695461265,-12.990632271412238,False,1,-10.0,998
171,34.2,100,probe,4.281140315838498,0.38732972695461265,-7.990632271412238,False,1,-5.0,997
172,34.4,100,probe,4.281140315838498,0.38732972695461265,-2.9906322714122378,False,1,0.0,118
173,34.6,100,probe,4.281140315838498,0.38732972695461265,2.0093677285877622,False,1,5.0,1006
174,34.800000000000004,100,probe,4.281140315838498,0.38732972695461265,7.009367728587762,False,1,10.0,1007
175,35.0,100,probe,4.281140315838498,0.38732972695461265,12.009367728587762,False,1,15.0,1008
176,35.2,100,probe,4.281140315838498,0.38732972695461265,17.009367728587762,False,1,20.0,1009
177,35.4,100,probe,4.281140315838498,0.38732972695461265,22.009367728587762,False,1,25.0,1010
178,35.6,100,probe,4.281140315838498,0.38732972695461265,27.009367728587762,False,1,30.0,1011
179,35.800000000000004,100,probe,4.281140315838498,0.38732972695461265,32.00936772858776,False,1,35.0,1012
180,36.0,100,probe,4.281140315838498,0.38732972695461265,37.00936772858776,False,1,40.0,1013
181,36.2,100,probe,4.281140315838498,0.38732972695461265,42.00936772858776,False,1,45.0,1014
182,36.4,100,probe,4.281140315838498,0.38732972695461265,37.00936772858776,False,1,40.0,1013
183,36.6,100,probe,4.281140315838498,0.38732972695461265,32.00936772858776,False,1,35.0,1012
184,36.800000000000004,100,probe,4.281140315838498,0.38732972695461265,27.009367728587762,False,1,30.0,1011
185,37.0,100,probe,4.281140315838498,0.38732972695461265,22.009367728587762,False,1,25.0,1010
186,37.2,100,probe,4.281140315838498,0.38732972695461265,17.009367728587762,False,1,20.0,1009
187,37.4,100,probe,4.281140315838498,0.38732972695461265,12.009367728587762,False,1,15.0,1008
188,37.6,100,probe,4.281140315838498,0.38732972695461265,7.009367728587762,False,1,10.0,1007
189,37.800000000000004,100,probe,4.281140315838498,0.38732972695461265,2.0093677285877622,False,1,5.0,1006
190,38.0,100,probe,4.281140315838498,0.38732972695461265,-2.9906322714122378,False,1,0.0,118
191,38.2,101,drive,4.321085838967137,0.3852428196784207,-2.69658660071026,False,-1,0.0,119
192,38.400000000000006,102,drive,4.3610415461494885,0.3833609420101986,-2.372996562913876,False,-1,0.0,120
193,38.6,103,drive,4.401007244352817,0.38170475146545635,-2.0234074781927522,False,-1,0.0,121
194,38.800000000000004,104,drive,4.440982303787356,0.3802924401665469,-1.6516495177153245,False,-1,0.0,122
195,39.0,105,drive,4.480965685339979,0.3791395309691677,-1.2617957394919137,False,-1,0.0,123
196,39.2,106,drive,4.5209559859305575,0.37825870256636407,-0.8581174630988955,False,-1,0.0,124
197,39.400000000000006,107,drive,4.560951499818752,0.3776596459586623,-0.4450374722075419,False,-1,0.0,125
198,39.6,108,drive,4.600950293184337,0.3773489543154026,-0.02708155764061131,False,-1,0.0,126
199,39.800000000000004,109,drive,4.640950288716144,0.3773300478222107,0.3911710681390172,False,-1,0.0,127
200,40.0,110,drive,4.680949356500266,0.3776031346238282,0.805137941838299,False,-1,0.0,128
201,40.2,111,drive,4.720945407218042,0.3781652084455754,1.210283555760868,False,-1,0.0,129
202,40.400000000000006,112,drive,4.760936483561484,0.3790100829291181,1.6021690497783911,False,-1,0.0,130
203,40.6,113,drive,4.8009208458532004,0.38012846216927515,1.9765008444111205,False,-1,0.0,131
204,40.800000000000004,114,drive,4.8408970481156235,0.381508046408756,2.329177682183089,False,-1,0.0,132
205,41.0,115,drive,4.8808640012585816,0.3831336713558546,2.6563355618572837,False,-1,0.0,133
206,41.2,116,drive,4.920821020625079,0.38498747915208276,2.954390073241838,False,-1,0.0,134
207,41.400000000000006,117,drive,4.960767855826442,0.38704911864411984,3.220075668738066,False,-1,0.0,135
208,41.6,118,drive,5.000704701578039,0.3892959723138475,3.4504814413634546,False,-1,0.0,136
209,41.800000000000004,119,drive,5.040632189080588,0.3917034069928787,3.6430830172575996,False,-1,0.0,137
210,42.0,120,drive,5.080551358342528,0.3942450453299699,3.7957702132505404,False,-1,0.0,138
211,42.2,121,drive,5.120463612668846,0.3968930548826817,3.9068701564711255,False,-1,0.0,139
212,42.400000000000006,122,drive,5.160370657315412,0.3996184516569108,3.975165612692271,False,-1,0.0,140
213,42.6,123,drive,5.200274424992418,0.4023914149057626,3.9999083226038765,False,-1,0.0,141
214,42.800000000000004,124,drive,5.240176991467377,0.40518161000853536,3.9808271998984055,False,-1,0.0,142
215,43.0,125,drive,5.280080484943818,0.4079585162683115,3.9181313013492,False,-1,0.0,143
216,43.2,126,drive,5.319986993159056,0.41069175648225414,3.8125075363407257,False,-1,0.0,144
217,43.400000000000006,127,drive,5.359898472242185,0.41335142514526335,3.665113140945609,False,-1,0.0,145
218,43.6,128,drive,5.399816661297999,0.41590841214254626,3.477562999004066,False,-1,0.0,146
219,43.800000000000004,129,drive,5.43974300643677,0.41833471877192124,3.251911949118586,False,-1,0.0,147
220,44.0,130,drive,5.479678597563733,0.4206037629186978,2.9906322714122378,False,-1,0.0,148
221,44.2,131,drive,5.519624120692372,0.4226906701948897,2.69658660071026,False,-1,0.0,149
222,44.400000000000006,132,drive,5.559579827874724,0.4245725478631118,2.3729965629138823,False,-1,0.0,150
223,44.6,133,drive,5.599545526078052,0.4262287384078541,2.0234074781927585,False,-1,0.0,151
224,44.800000000000004,134,drive,5.639520585512591,0.42764104970676353,1.6516495177153185,False,-1,0.0,152
225,45.0,135,drive,5.679503967065214,0.42879395890414274,1.2617957394919141,False,-1,0.0,153
226,45.2,136,drive,5.719494267655793,0.42967478730694636,0.858117463098889,False,-1,0.0,154
227,45.400000000000006,137,drive,5.759489781543987,0.4302738439146481,0.4450374722075424,False,-1,0.0,155
228,45.6,138,drive,5.799488574909573,0.4305845355579078,0.027081557640604693,False,-1,0.0,156
229,45.800000000000004,139,drive,5.839488570441379,0.43060344205109974,-0.3911710681390096,False,-1,0.0,157
230,46.0,140,drive,5.879487638225501,0.4303303552494822,-0.8051379418382986,False,-1,0.0,158
231,46.2,141,drive,5.919483688943277,0.42976828142773504,-1.210283555760854,False,-1,0.0,159
232,46.400000000000006,142,drive,5.9594747652867195,0.42892340694419234,-1.602169049778384,False,-1,0.0,160
233,46.6,143,drive,5.999459127578436,0.42780502770403533,-1.9765008444111138,False,-1,0.0,161
234,46.800000000000004,144,drive,6.039435329840859,0.42642544346455447,-2.329177682183083,False,-1,0.0,162
235,47.0,145,drive,6.079402282983817,0.4247998185174559,-2.6563355618572886,False,-1,0.0,163
236,47.2,146,drive,6.119359302350314,0.4229460107212277,-2.9543900732418327,False,-1,0.0,164
237,47.400000000000006,147,drive,6.1593061375516776,0.42088437122919065,-3.22007566873807,False,-1,0.0,165
238,47.6,148,drive,6.199242983303274,0.418637517559463,-3.4504814413634506,False,-1,0.0,166
239,47.800000000000004,149,drive,6.239170470805823,0.4162300828804318,-3.643083017257599,False,-1,0.0,167
240,48.0,150,drive,6.279089640067763,0.4136884445433406,-3.795770213250536,False,-1,0.0,168
241,48.2,150,probe,6.279089640067763,0.4136884445433406,-8.795770213250536,False,2,-5.0,1015
242,48.400000000000006,150,probe,6.279089640067763,0.4136884445433406,-13.795770213250536,False,2,-10.0,1016
243,48.6,150,probe,6.279089640067763,0.4136884445433406,-18.795770213250535,False,2,-15.0,1017
244,48.800000000000004,150,probe,6.279089640067763,0.4136884445433406,-23.795770213250535,False,2,-20.0,1018
245,49.0,150,probe,6.279089640067763,0.4136884445433406,-28.795770213250535,False,2,-25.0,1019
246,49.2,150,probe,6.279089640067763,0.4136884445433406,-33.795770213250535,False,2,-30.0,1020
247,49.400000000000006,150,probe,6.279089640067763,0.4136884445433406,-38.795770213250535,False,2,-35.0,1021
248,49.6,150,probe,6.279089640067763,0.4136884445433406,-43.795770213250535,False,2,-40.0,1022
249,49.800000000000004,150,probe,6.279089640067763,0.4136884445433406,-48.795770213250535,False,2,-45.0,1023
250,50.0,150,probe,6.279089640067763,0.4136884445433406,-43.795770213250535,False,2,-40.0,1022
251,50.2,150,probe,6.279089640067763,0.4136884445433406,-38.795770213250535,False,2,-35.0,1021
252,50.400000000000006,150,probe,6.279089640067763,0.4136884445433406,-33.795770213250535,False,2,-30.0,1020
253,50.6,150,probe,6.279089640067763,0.4136884445433406,-28.795770213250535,False,2,-25.0,1019
254,50.800000000000004,150,probe,6.279089640067763,0.4136884445433406,-23.795770213250535,False,2,-20.0,1018
255,51.0,150,probe,6.279089640067763,0.4136884445433406,-18.795770213250535,False,2,-15.0,1017
256,51.2,150,probe,6.279089640067763,0.4136884445433406,-13.795770213250536,False,2,-10.0,1016
257,51.400000000000006,150,probe,6.279089640067763,0.4136884445433406,-8.795770213250536,False,2,-5.0,1015
258,51.6,150,probe,6.279089640067763,0.4136884445433406,-3.795770213250536,False,2,0.0,168
259,51.800000000000004,150,probe,6.279089640067763,0.4136884445433406,1.204229786749464,False,2,5.0,1024
260,52.0,150,probe,6.279089640067763,0.4136884445433406,6.204229786749464,False,2,10.0,1025
261,52.2,150,probe,6.279089640067763,0.4136884445433406,11.204229786749464,False,2,15.0,1026
262,52.400000000000006,150,probe,6.279089640067763,0.4136884445433406,16.204229786749465,False,2,20.0,1027
263,52.6,150,probe,6.279089640067763,0.4136884445433406,21.204229786749465,False,2,25.0,1028
264,52.800000000000004,150,probe,6.279089640067763,0.4136884445433406,26.204229786749465,False,2,30.0,1029
265,53.0,150,probe,6.279089640067763,0.4136884445433406,31.204229786749465,False,2,35.0,1030
266,53.2,150,probe,6.279089640067763,0.4136884445433406,36.204229786749465,False,2,40.0,1031
267,53.400000000000006,150,probe,6.279089640067763,0.4136884445433406,41.204229786749465,False,2,45.0,1032
268,53.6,150,probe,6.279089640067763,0.4136884445433406,36.204229786749465,False,2,40.0,1031
269,53.800000000000004,150,probe,6.279089640067763,0.4136884445433406,31.204229786749465,False,2,35.0,1030
270,54.0,150,probe,6.279089640067763,0.4136884445433406,26.204229786749465,False,2,30.0,1029
271,54.2,150,probe,6.279089640067763,0.4136884445433406,21.204229786749465,False,2,25.0,1028
272,54.400000000000006,150,probe,6.279089640067763,0.4136884445433406,16.204229786749465,False,2,20.0,1027
273,54.6,150,probe,6.279089640067763,0.4136884445433406,11.204229786749464,False,2,15.0,1026
274,54.800000000000004,150,probe,6.279089640067763,0.4136884445433406,6.204229786749464,False,2,10.0,1025
275,55.0,150,probe,6.279089640067763,0.4136884445433406,1.204229786749464,False,2,5.0,1024
276,55.2,150,probe,6.279089640067763,0.4136884445433406,-3.795770213250536,False,2,0.0,168
277,55.400000000000006,151,drive,6.3190018943940816,0.4110404349906288,-3.9068701564711255,False,-1,0.0,169
278,55.6,152,drive,6.3589089390406475,0.4083150382163997,-3.97516561269227,False,-1,0.0,170
279,55.800000000000004,153,drive,6.398812706717654,0.4055420749675479,-3.9999083226038765,False,-1,0.0,171
280,56.0,154,drive,6.438715273192612,0.4027518798647751,-3.980827199898405,False,-1,0.0,172
281,56.2,155,drive,6.478618766669054,0.399974973604999,-3.918131301349202,False,-1,0.0,173
282,56.400000000000006,156,drive,6.518525274884292,0.39724173339105634,-3.812507536340724,False,-1,0.0,174
283,56.6,157,drive,6.55843675396742,0.39458206472804713,-3.665113140945612,False,-1,0.0,175
284,56.800000000000004,158,drive,6.598354943023234,0.3920250777307642,-3.477562999004063,False,-1,0.0,176
285,57.0,159,drive,6.6382812881620055,0.38959877110138924,-3.25191194911859,False,-1,0.0,177
286,57.2,160,drive,6.678216879288969,0.3873297269546127,-2.990632271412243,False,-1,0.0,178
287,57.400000000000006,161,drive,6.718162402417607,0.3852428196784208,-2.696586600710266,False,-1,0.0,179
288,57.6,162,drive,6.758118109599959,0.38336094201019866,-2.3729965629138827,False,-1,0.0,180
289,57.800000000000004,163,drive,6.7980838078032875,0.3817047514654564,-2.023407478192759,False,-1,0.0,181
290,58.0,164,drive,6.838058867237827,0.38029244016654695,-1.651649517715319,False,-1,0.0,182
291,58.2,165,drive,6.878042248790449,0.37913953096916775,-1.261795739491908,False,-1,0.0,183
292,58.400000000000006,166,drive,6.918032549381028,0.3782587025663641,-0.8581174630988895,False,-1,0.0,184
293,58.6,167,drive,6.958028063269222,0.37765964595866236,-0.44503747220754997,False,-1,0.0,185
294,58.800000000000004,168,drive,6.998026856634808,0.37734895431540266,-0.027081557640612288,False,-1,0.0,186
295,59.0,169,drive,7.038026852166614,0.37733004782221075,0.39117106813903035,False,-1,0.0,187
296,59.2,170,drive,7.078025919950736,0.3776031346238283,0.805137941838305,False,-1,0.0,188
297,59.400000000000006,171,drive,7.118021970668512,0.37816520844557544,1.210283555760867,False,-1,0.0,189
298,59.6,172,drive,7.158013047011955,0.37901008292911814,1.6021690497783836,False,-1,0.0,190
299,59.800000000000004,173,drive,7.197997409303671,0.38012846216927515,1.9765008444111134,False,-1,0.0,191
300,60.0,174,drive,7.237973611566094,0.381508046408756,2.3291776821830825,False,-1,0.0,192
301,60.2,175,drive,7.277940564709052,0.3831336713558546,2.656335561857288,False,-1,0.0,193
302,60.400000000000006,176,drive,7.317897584075549,0.38498747915208276,2.9543900732418327,False,-1,0.0,194
303,60.6,177,drive,7.357844419276913,0.38704911864411984,3.220075668738061,False,-1,0.0,195
304,60.800000000000004,178,drive,7.3977812650285095,0.3892959723138475,3.4504814413634577,False,-1,0.0,196
305,61.0,179,drive,7.437708752531059,0.3917034069928787,3.643083017257605,False,-1,0.0,197
306,61.2,180,drive,7.477627921792998,0.3942450453299699,3.7957702132505404,False,-1,0.0,198
307,61.400000000000006,181,drive,7.517540176119317,0.3968930548826817,3.906870156471125,False,-1,0.0,199
308,61.6,182,drive,7.557447220765883,0.3996184516569108,3.97516561269227,False,-1,0.0,200
309,61.800000000000004,183,drive,7.597350988442889,0.4023914149057626,3.9999083226038765,False,-1,0.0,201
310,62.0,184,drive,7.637253554917847,0.40518161000853536,3.980827199898405,False,-1,0.0,202
311,62.2,185,drive,7.677157048394289,0.4079585162683115,3.918131301349202,False,-1,0.0,203
312,62.400000000000006,186,drive,7.717063556609527,0.41069175648225414,3.8125075363407284,False,-1,0.0,204
313,62.6,187,drive,7.756975035692656,0.41335142514526335,3.6651131409456124,False,-1,0.0,205
314,62.800000000000004,188,drive,7.7968932247484695,0.41590841214254626,3.477562999004063,False,-1,0.0,206
315,63.0,189,drive,7.836819569887241,0.41833471877192124,3.251911949118582,False,-1,0.0,207
316,63.2,190,drive,7.876755161014204,0.4206037629186978,2.990632271412243,False,-1,0.0,208
317,63.400000000000006,191,drive,7.9167006841428424,0.4226906701948897,2.6965866007102557,False,-1,0.0,209
318,63.6,192,drive,7.956656391325194,0.4245725478631118,2.3729965629138716,False,-1,0.0,210
319,63.800000000000004,193,drive,7.996622089528523,0.4262287384078541,2.0234074781927593,False,-1,0.0,211
320,64.0,194,drive,8.036597148963063,0.42764104970676353,1.6516495177153194,False,-1,0.0,212
321,64.2,195,drive,8.076580530515685,0.42879395890414274,1.261795739491922,False,-1,0.0,213
322,64.4,196,drive,8.116570831106262,0.42967478730694636,0.8581174630988899,False,-1,0.0,214
323,64.60000000000001,197,drive,8.156566344994458,0.4302738439146481,0.4450374722075363,False,-1,0.0,215
324,64.8,198,drive,8.196565138360043,0.4305845355579078,0.027081557640612777,False,-1,0.0,216
325,65.0,199,drive,8.23656513389185,0.43060344205109974,-0.3911710681390157,False,-1,0.0,217
326,65.2,200,drive,8.27656420167597,0.4303303552494822,-0.8051379418383046,False,-1,0.0,218
327,65.4,200,probe,8.27656420167597,0.4303303552494822,-5.8051379418383044,False,3,-5.0,1033
328,65.60000000000001,200,probe,8.27656420167597,0.4303303552494822,-10.805137941838305,False,3,-10.0,1034
329,65.8,200,probe,8.27656420167597,0.4303303552494822,-15.805137941838305,False,3,-15.0,1035
330,66.0,200,probe,8.27656420167597,0.4303303552494822,-20.805137941838304,False,3,-20.0,1036
331,66.2,200,probe,8.27656420167597,0.4303303552494822,-25.805137941838304,False,3,-25.0,1037
332,66.4,200,probe,8.27656420167597,0.4303303552494822,-30.805137941838304,False,3,-30.0,1038
333,66.60000000000001,200,probe,8.27656420167597,0.4303303552494822,-35.805137941838304,False,3,-35.0,1039
334,66.8,200,probe,8.27656420167597,0.4303303552494822,-40.805137941838304,False,3,-40.0,1040
335,67.0,200,probe,8.27656420167597,0.4303303552494822,-45.805137941838304,False,3,-45.0,1041
336,67.2,200,probe,8.27656420167597,0.4303303552494822,-40.805137941838304,False,3,-40.0,1040
337,67.4,200,probe,8.27656420167597,0.4303303552494822,-35.805137941838304,False,3,-35.0,1039
338,67.60000000000001,200,probe,8.27656420167597,0.4303303552494822,-30.805137941838304,False,3,-30.0,1038
339,67.8,200,probe,8.27656420167597,0.4303303552494822,-25.805137941838304,False,3,-25.0,1037
340,68.0,200,probe,8.27656420167597,0.4303303552494822,-20.805137941838304,False,3,-20.0,1036
341,68.2,200,probe,8.27656420167597,0.4303303552494822,-15.805137941838305,False,3,-15.0,1035
342,68.4,200,probe,8.27656420167597,0.4303303552494822,-10.805137941838305,False,3,-10.0,1034
343,68.60000000000001,200,probe,8.27656420167597,0.4303303552494822,-5.8051379418383044,False,3,-5.0,1033
344,68.8,200,probe,8.27656420167597,0.4303303552494822,-0.8051379418383046,False,3,0.0,218
345,69.0,200,probe,8.27656420167597,0.4303303552494822,4.1948620581616956,False,3,5.0,1042
346,69.2,200,probe,8.27656420167597,0.4303303552494822,9.194862058161695,False,3,10.0,1043
347,69.4,200,probe,8.27656420167597,0.4303303552494822,14.194862058161695,False,3,15.0,1044
348,69.60000000000001,200,probe,8.27656420167597,0.4303303552494822,19.194862058161696,False,3,20.0,1045
349,69.8,200,probe,8.27656420167597,0.4303303552494822,24.194862058161696,False,3,25.0,1046
350,70.0,200,probe,8.27656420167597,0.4303303552494822,29.194862058161696,False,3,30.0,1047
351,70.2,200,probe,8.27656420167597,0.4303303552494822,34.194862058161696,False,3,35.0,1048
352,70.4,200,probe,8.27656420167597,0.4303303552494822,39.194862058161696,False,3,40.0,1049
353,70.60000000000001,200,probe,8.27656420167597,0.4303303552494822,44.194862058161696,False,3,45.0,1050
354,70.8,200,probe,8.27656420167597,0.4303303552494822,39.194862058161696,False,3,40.0,1049
355,71.0,200,probe,8.27656420167597,0.4303303552494822,34.194862058161696,False,3,35.0,1048
356,71.2,200,probe,8.27656420167597,0.4303303552494822,29.194862058161696,False,3,30.0,1047
357,71.4,200,probe,8.27656420167597,0.4303303552494822,24.194862058161696,False,3,25.0,1046
358,71.60000000000001,200,probe,8.27656420167597,0.4303303552494822,19.194862058161696,False,3,20.0,1045
359,71.8,200,probe,8.27656420167597,0.4303303552494822,14.194862058161695,False,3,15.0,1044
360,72.0,200,probe,8.27656420167597,0.4303303552494822,9.194862058161695,False,3,10.0,1043
361,72.2,200,probe,8.27656420167597,0.4303303552494822,4.1948620581616956,False,3,5.0,1042
362,72.4,200,probe,8.27656420167597,0.4303303552494822,-0.8051379418383046,False,3,0.0,218
363,72.60000000000001,201,drive,8.316560252393746,0.42976828142773504,-1.2102835557608667,False,-1,0.0,219
364,72.8,202,drive,8.356551328737188,0.42892340694419234,-1.6021690497783962,False,-1,0.0,220
365,73.0,203,drive,8.396535691028904,0.4278050277040353,-1.9765008444111254,False,-1,0.0,221
366,73.2,204,drive,8.436511893291327,0.4264254434645544,-2.3291776821830936,False,-1,0.0,222
367,73.4,205,drive,8.476478846434285,0.42479981851745585,-2.6563355618572775,False,-1,0.0,223
368,73.60000000000001,206,drive,8.516435865800782,0.42294601072122767,-2.9543900732418416,False,-1,0.0,224
369,73.8,207,drive,8.556382701002144,0.4208843712291906,-3.220075668738078,False,-1,0.0,225
370,74.0,208,drive,8.596319546753742,0.41863751755946293,-3.45048144136345,False,-1,0.0,226
371,74.2,209,drive,8.636247034256291,0.41623008288043173,-3.6430830172575988,False,-1,0.0,227
372,74.4,210,drive,8.676166203518232,0.4136884445433405,-3.79577021325054,False,-1,0.0,228
373,74.60000000000001,211,drive,8.716078457844551,0.41104043499062876,-3.906870156471125,False,-1,0.0,229
374,74.8,212,drive,8.755985502491118,0.40831503821639964,-3.975165612692271,False,-1,0.0,230
375,75.0,213,drive,8.795889270168125,0.40554207496754785,-3.9999083226038765,False,-1,0.0,231
376,75.2,214,drive,8.835791836643084,0.40275187986477506,-3.980827199898405,False,-1,0.0,232
377,75.4,215,drive,8.875695330119525,0.39997497360499895,-3.918131301349202,False,-1,0.0,233
378,75.60000000000001,216,drive,8.915601838334764,0.3972417333910563,-3.8125075363407284,False,-1,0.0,234
379,75.8,217,drive,8.955513317417893,0.3945820647280471,-3.6651131409456066,False,-1,0.0,235
380,76.0,218,drive,8.995431506473707,0.39202507773076417,-3.4775629990040633,False,-1,0.0,236
381,76.2,219,drive,9.035357851612478,0.3895987711013892,-3.2519119491185826,False,-1,0.0,237
382,76.4,220,drive,9.07529344273944,0.38732972695461265,-2.9906322714122435,False,-1,0.0,238
383,76.60000000000001,221,drive,9.115238965868079,0.3852428196784207,-2.696586600710256,False,-1,0.0,239
384,76.80000000000001,222,drive,9.155194673050431,0.3833609420101986,-2.372996562913872,False,-1,0.0,240
385,77.0,223,drive,9.19516037125376,0.38170475146545635,-2.02340747819276,False,-1,0.0,241
386,77.2,224,drive,9.235135430688299,0.3802924401665469,-1.6516495177153199,False,-1,0.0,242
387,77.4,225,drive,9.27511881224092,0.3791395309691677,-1.2617957394919088,False,-1,0.0,243
388,77.60000000000001,226,drive,9.315109112831498,0.37825870256636407,-0.8581174630988904,False,-1,0.0,244
389,77.80000000000001,227,drive,9.355104626719694,0.3776596459586623,-0.4450374722075368,False,-1,0.0,245
390,78.0,228,drive,9.39510342008528,0.3773489543154026,-0.027081557640599056,False,-1,0.0,246
391,78.2,229,drive,9.435103415617085,0.3773300478222107,0.39117106813902935,False,-1,0.0,247
392,78.4,230,drive,9.475102483401207,0.3776031346238282,0.8051379418382901,False,-1,0.0,248
393,78.60000000000001,231,drive,9.515098534118982,0.3781652084455754,1.2102835557608527,False,-1,0.0,249
394,78.80000000000001,232,drive,9.555089610462424,0.3790100829291181,1.602169049778409,False,-1,0.0,250
395,79.0,233,drive,9.59507397275414,0.38012846216927515,1.9765008444111125,False,-1,0.0,251
396,79.2,234,drive,9.635050175016563,0.381508046408756,2.3291776821830816,False,-1,0.0,252
397,79.4,235,drive,9.67501712815952,0.3831336713558546,2.6563355618572877,False,-1,0.0,253
398,79.60000000000001,236,drive,9.714974147526018,0.38498747915208276,2.954390073241832,False,-1,0.0,254
399,79.80000000000001,237,drive,9.75492098272738,0.38704911864411984,3.220075668738069,False,-1,0.0,255
400,80.0,238,drive,9.794857828478978,0.3892959723138475,3.4504814413634497,False,-1,0.0,256
401,80.2,239,drive,9.834785315981527,0.3917034069928787,3.6430830172576045,False,-1,0.0,257
402,80.4,240,drive,9.874704485243468,0.3942450453299699,3.79577021325054,False,-1,0.0,258
403,80.60000000000001,241,drive,9.914616739569787,0.3968930548826817,3.906870156471125,False,-1,0.0,259
404,80.80000000000001,242,drive,9.954523784216354,0.3996184516569108,3.975165612692271,False,-1,0.0,260
405,81.0,243,drive,9.994427551893361,0.4023914149057626,3.9999083226038765,False,-1,0.0,261
406,81.2,244,drive,10.03433011836832,0.40518161000853536,3.980827199898405,False,-1,0.0,262
407,81.4,245,drive,10.074233611844761,0.4079585162683115,3.918131301349202,False,-1,0.0,263
408,81.60000000000001,246,drive,10.11414012006,0.41069175648225414,3.8125075363407244,False,-1,0.0,264
409,81.80000000000001,247,drive,10.154051599143129,0.41335142514526335,3.665113140945607,False,-1,0.0,265
410,82.0,248,drive,10.193969788198944,0.41590841214254626,3.4775629990040633,False,-1,0.0,266
411,82.2,249,drive,10.233896133337714,0.41833471877192124,3.251911949118583,False,-1,0.0,267
412,82.4,250,drive,10.273831724464676,0.4206037629186978,2.9906322714122346,False,-1,0.0,268
413,82.60000000000001,250,probe,10.273831724464676,0.4206037629186978,-2.0093677285877654,False,4,-5.0,1051
414,82.80000000000001,250,probe,10.273831724464676,0.4206037629186978,-7.009367728587765,False,4,-10.0,1052
415,83.0,250,probe,10.273831724464676,0.4206037629186978,-12.009367728587765,False,4,-15.0,1053
416,83.2,250,probe,10.273831724464676,0.4206037629186978,-17.009367728587765,False,4,-20.0,1054
417,83.4,250,probe,10.273831724464676,0.4206037629186978,-22.009367728587765,False,4,-25.0,1055
418,83.60000000000001,250,probe,10.273831724464676,0.4206037629186978,-27.009367728587765,False,4,-30.0,1056
419,83.80000000000001,250,probe,10.273831724464676,0.4206037629186978,-32.00936772858776,False,4,-35.0,1057
420,84.0,250,probe,10.273831724464676,0.4206037629186978,-37.00936772858776,False,4,-40.0,1058
421,84.2,250,probe,10.273831724464676,0.4206037629186978,-42.00936772858776,False,4,-45.0,1059
422,84.4,250,probe,10.273831724464676,0.4206037629186978,-37.00936772858776,False,4,-40.0,1058
423,84.60000000000001,250,probe,10.273831724464676,0.4206037629186978,-32.00936772858776,False,4,-35.0,1057
424,84.80000000000001,250,probe,10.273831724464676,0.4206037629186978,-27.009367728587765,False,4,-30.0,1056
425,85.0,250,probe,10.273831724464676,0.4206037629186978,-22.009367728587765,False,4,-25.0,1055
426,85.2,250,probe,10.273831724464676,0.4206037629186978,-17.009367728587765,False,4,-20.0,1054
427,85.4,250,probe,10.273831724464676,0.4206037629186978,-12.009367728587765,False,4,-15.0,1053
428,85.60000000000001,250,probe,10.273831724464676,0.4206037629186978,-7.009367728587765,False,4,-10.0,1052
429,85.80000000000001,250,probe,10.273831724464676,0.4206037629186978,-2.0093677285877654,False,4,-5.0,1051
430,86.0,250,probe,10.273831724464676,0.4206037629186978,2.9906322714122346,False,4,0.0,268
431,86.2,250,probe,10.273831724464676,0.4206037629186978,7.990632271412235,False,4,5.0,1060
432,86.4,250,probe,10.273831724464676,0.4206037629186978,12.990632271412235,False,4,10.0,1061
433,86.60000000000001,250,probe,10.273831724464676,0.4206037629186978,17.990632271412235,False,4,15.0,1062
434,86.80000000000001,250,probe,10.273831724464676,0.4206037629186978,22.990632271412235,False,4,20.0,1063
435,87.0,250,probe,10.273831724464676,0.4206037629186978,27.990632271412235,False,4,25.0,1064
436,87.2,250,probe,10.273831724464676,0.4206037629186978,32.99063227141224,False,4,30.0,1065
437,87.4,250,probe,10.273831724464676,0.4206037629186978,37.99063227141224,False,4,35.0,1066
438,87.60000000000001,250,probe,10.273831724464676,0.4206037629186978,42.99063227141224,False,4,40.0,1067
439,87.80000000000001,250,probe,10.273831724464676,0.4206037629186978,47.99063227141224,False,4,45.0,1068
440,88.0,250,probe,10.273831724464676,0.4206037629186978,42.99063227141224,False,4,40.0,1067
441,88.2,250,probe,10.273831724464676,0.4206037629186978,37.99063227141224,False,4,35.0,1066
442,88.4,250,probe,10.273831724464676,0.4206037629186978,32.99063227141224,False,4,30.0,1065
443,88.60000000000001,250,probe,10.273831724464676,0.4206037629186978,27.990632271412235,False,4,25.0,1064
444,88.80000000000001,250,probe,10.273831724464676,0.4206037629186978,22.990632271412235,False,4,20.0,1063
445,89.0,250,probe,10.273831724464676,0.4206037629186978,17.990632271412235,False,4,15.0,1062
446,89.2,250,probe,10.273831724464676,0.4206037629186978,12.990632271412235,False,4,10.0,1061
447,89.4,250,probe,10.273831724464676,0.4206037629186978,7.990632271412235,False,4,5.0,1060
448,89.60000000000001,250,probe,10.273831724464676,0.4206037629186978,2.9906322714122346,False,4,0.0,268
449,89.80000000000001,251,drive,10.313777247593315,0.4226906701948897,2.6965866007102566,False,-1,0.0,269
450,90.0,252,drive,10.353732954775667,0.4245725478631118,2.3729965629138725,False,-1,0.0,270
451,90.2,253,drive,10.393698652978996,0.4262287384078541,2.0234074781927482,False,-1,0.0,271
452,90.4,254,drive,10.433673712413535,0.42764104970676353,1.6516495177153074,False,-1,0.0,272
453,90.60000000000001,255,drive,10.473657093966157,0.42879395890414274,1.2617957394919228,False,-1,0.0,273
454,90.80000000000001,256,drive,10.513647394556735,0.42967478730694636,0.8581174630989048,False,-1,0.0,274
455,91.0,257,drive,10.55364290844493,0.4302738439146481,0.44503747220752315,False,-1,0.0,275
456,91.2,258,drive,10.593641701810515,0.4305845355579078,0.02708155764061376,False,-1,0.0,276
457,91.4,259,drive,10.633641697342322,0.43060344205109974,-0.39117106813901475,False,-1,0.0,277
458,91.60000000000001,260,drive,10.673640765126443,0.4303303552494822,-0.8051379418383036,False,-1,0.0,278
459,91.80000000000001,261,drive,10.713636815844218,0.42976828142773504,-1.2102835557608658,False,-1,0.0,279
460,92.0,262,drive,10.75362789218766,0.42892340694419234,-1.6021690497783954,False,-1,0.0,280
461,92.2,263,drive,10.793612254479376,0.4278050277040353,-1.976500844411112,False,-1,0.0,281
462,92.4,264,drive,10.833588456741799,0.4264254434645544,-2.329177682183081,False,-1,0.0,282
463,92.60000000000001,265,drive,10.873555409884757,0.42479981851745585,-2.6563355618572873,False,-1,0.0,283
464,92.80000000000001,266,drive,10.913512429251254,0.42294601072122767,-2.9543900732418313,False,-1,0.0,284
465,93.0,267,drive,10.953459264452617,0.4208843712291906,-3.2200756687380685,False,-1,0.0,285
466,93.2,268,drive,10.993396110204214,0.41863751755946293,-3.450481441363457,False,-1,0.0,286
467,93.4,269,drive,11.033323597706763,0.41623008288043173,-3.6430830172576045,False,-1,0.0,287
468,93.60000000000001,270,drive,11.073242766968704,0.4136884445433405,-3.79577021325054,False,-1,0.0,288
469,93.80000000000001,271,drive,11.113155021295023,0.41104043499062876,-3.906870156471125,False,-1,0.0,289
470,94.0,272,drive,11.15306206594159,0.40831503821639964,-3.9751656126922725,False,-1,0.0,290
471,94.2,273,drive,11.192965833618597,0.40554207496754785,-3.9999083226038765,False,-1,0.0,291
472,94.4,274,drive,11.232868400093556,0.40275187986477506,-3.980827199898405,False,-1,0.0,292
473,94.60000000000001,275,drive,11.272771893569997,0.39997497360499895,-3.918131301349199,False,-1,0.0,293
474,94.80000000000001,276,drive,11.312678401785236,0.3972417333910563,-3.8125075363407244,False,-1,0.0,294
475,95.0,277,drive,11.352589880868365,0.3945820647280471,-3.665113140945607,False,-1,0.0,295
476,95.2,278,drive,11.39250806992418,0.39202507773076417,-3.477562999004071,False,-1,0.0,296
477,95.4,279,drive,11.43243441506295,0.3895987711013892,-3.251911949118575,False,-1,0.0,297
478,95.60000000000001,280,drive,11.472370006189912,0.3873297269546127,-2.9906322714122444,False,-1,0.0,298
479,95.80000000000001,281,drive,11.51231552931855,0.3852428196784208,-2.6965866007102672,False,-1,0.0,299
480,96.0,282,drive,11.552271236500903,0.38336094201019866,-2.372996562913884,False,-1,0.0,300
481,96.2,283,drive,11.592236934704232,0.3817047514654564,-2.0234074781927607,False,-1,0.0,301
482,96.4,284,drive,11.632211994138771,0.38029244016654695,-1.6516495177153208,False,-1,0.0,302
483,96.60000000000001,285,drive,11.672195375691393,0.37913953096916775,-1.2617957394919233,False,-1,0.0,303
484,96.80000000000001,286,drive,11.71218567628197,0.3782587025663641,-0.8581174630988914,False,-1,0.0,304
485,97.0,287,drive,11.752181190170166,0.37765964595866236,-0.44503747220753775,False,-1,0.0,305
486,97.2,288,drive,11.792179983535751,0.37734895431540266,-0.02708155764061425,False,-1,0.0,306
487,97.4,289,drive,11.832179979067558,0.37733004782221075,0.39117106813901426,False,-1,0.0,307
488,97.60000000000001,290,drive,11.872179046851679,0.3776031346238283,0.8051379418383031,False,-1,0.0,308
489,97.80000000000001,291,drive,11.912175097569454,0.37816520844557544,1.2102835557608653,False,-1,0.0,309
490,98.0,292,drive,11.952166173912897,0.37901008292911814,1.602169049778395,False,-1,0.0,310
491,98.2,293,drive,11.992150536204612,0.3801284621692752,1.976500844411124,False,-1,0.0,311
492,98.4,294,drive,12.032126738467035,0.3815080464087561,2.3291776821830923,False,-1,0.0,312
493,98.60000000000001,295,drive,12.072093691609993,0.38313367135585463,2.656335561857276,False,-1,0.0,313
494,98.80000000000001,296,drive,12.11205071097649,0.3849874791520828,2.9543900732418216,False,-1,0.0,314
495,99.0,297,drive,12.151997546177853,0.3870491186441199,3.220075668738077,False,-1,0.0,315
496,99.2,298,drive,12.19193439192945,0.38929597231384755,3.4504814413634493,False,-1,0.0,316
497,99.4,299,drive,12.231861879432,0.39170340699287876,3.6430830172575983,False,-1,0.0,317
498,99.60000000000001,300,drive,12.27178104869394,0.39424504532996996,3.7957702132505307,False,-1,0.0,318
499,99.80000000000001,300,probe,12.27178104869394,0.39424504532996996,-1.2042297867494693,False,5,-5.0,1069
500,100.0,300,probe,12.27178104869394,0.39424504532996996,-6.204229786749469,False,5,-10.0,1070
501,100.2,300,probe,12.27178104869394,0.39424504532996996,-11.204229786749469,False,5,-15.0,1071
502,100.4,300,probe,12.27178104869394,0.39424504532996996,-16.20422978674947,False,5,-20.0,1072
503,100.60000000000001,300,probe,12.27178104869394,0.39424504532996996,-21.20422978674947,False,5,-25.0,1073
504,100.80000000000001,300,probe,12.27178104869394,0.39424504532996996,-26.20422978674947,False,5,-30.0,1074
505,101.0,300,probe,12.27178104869394,0.39424504532996996,-31.20422978674947,False,5,-35.0,1075
506,101.2,300,probe,12.27178104869394,0.39424504532996996,-36.20422978674947,False,5,-40.0,1076
507,101.4,300,probe,12.27178104869394,0.39424504532996996,-41.20422978674947,False,5,-45.0,1077
508,101.60000000000001,300,probe,12.27178104869394,0.39424504532996996,-36.20422978674947,False,5,-40.0,1076
509,101.80000000000001,300,probe,12.27178104869394,0.39424504532996996,-31.20422978674947,False,5,-35.0,1075
510,102.0,300,probe,12.27178104869394,0.39424504532996996,-26.20422978674947,False,5,-30.0,1074
511,102.2,300,probe,12.27178104869394,0.39424504532996996,-21.20422978674947,False,5,-25.0,1073
512,102.4,300,probe,12.27178104869394,0.39424504532996996,-16.20422978674947,False,5,-20.0,1072
513,102.60000000000001,300,probe,12.27178104869394,0.39424504532996996,-11.204229786749469,False,5,-15.0,1071
514,102.80000000000001,300,probe,12.27178104869394,0.39424504532996996,-6.204229786749469,False,5,-10.0,1070
515,103.0,300,probe,12.27178104869394,0.39424504532996996,-1.2042297867494693,False,5,-5.0,1069
516,103.2,300,probe,12.27178104869394,0.39424504532996996,3.7957702132505307,False,5,0.0,318
517,103.4,300,probe,12.27178104869394,0.39424504532996996,8.795770213250531,False,5,5.0,1078
518,103.60000000000001,300,probe,12.27178104869394,0.39424504532996996,13.795770213250531,False,5,10.0,1079
519,103.80000000000001,300,probe,12.27178104869394,0.39424504532996996,18.79577021325053,False,5,15.0,1080
520,104.0,300,probe,12.27178104869394,0.39424504532996996,23.79577021325053,False,5,20.0,1081
521,104.2,300,probe,12.27178104869394,0.39424504532996996,28.79577021325053,False,5,25.0,1082
522,104.4,300,probe,12.27178104869394,0.39424504532996996,33.79577021325053,False,5,30.0,1083
523,104.60000000000001,300,probe,12.27178104869394,0.39424504532996996,38.79577021325053,False,5,35.0,1084
524,104.80000000000001,300,probe,12.27178104869394,0.39424504532996996,43.79577021325053,False,5,40.0,1085
525,105.0,300,probe,12.27178104869394,0.39424504532996996,48.79577021325053,False,5,45.0,1086
526,105.2,300,probe,12.27178104869394,0.39424504532996996,43.79577021325053,False,5,40.0,1085
527,105.4,300,probe,12.27178104869394,0.39424504532996996,38.79577021325053,False,5,35.0,1084
528,105.60000000000001,300,probe,12.27178104869394,0.39424504532996996,33.79577021325053,False,5,30.0,1083
529,105.80000000000001,300,probe,12.27178104869394,0.39424504532996996,28.79577021325053,False,5,25.0,1082
530,106.0,300,probe,12.27178104869394,0.39424504532996996,23.79577021325053,False,5,20.0,1081
531,106.2,300,probe,12.27178104869394,0.39424504532996996,18.79577021325053,False,5,15.0,1080
532,106.4,300,probe,12.27178104869394,0.39424504532996996,13.795770213250531,False,5,10.0,1079
533,106.60000000000001,300,probe,12.27178104869394,0.39424504532996996,8.795770213250531,False,5,5.0,1078
534,106.80000000000001,300,probe,12.27178104869394,0.39424504532996996,3.7957702132505307,False,5,0.0,318
535,107.0,301,drive,12.31169330302026,0.39689305488268173,3.9068701564711246,False,-1,0.0,319
536,107.2,302,drive,12.351600347666826,0.39961845165691084,3.975165612692271,False,-1,0.0,320
537,107.4,303,drive,12.391504115343833,0.40239141490576263,3.9999083226038765,False,-1,0.0,321
538,107.60000000000001,304,drive,12.431406681818792,0.4051816100085354,3.980827199898408,False,-1,0.0,322
539,107.80000000000001,305,drive,12.471310175295233,0.40795851626831153,3.918131301349205,False,-1,0.0,323
540,108.0,306,drive,12.511216683510472,0.4106917564822542,3.8125075363407244,False,-1,0.0,324
541,108.2,307,drive,12.551128162593601,0.4133514251452634,3.6651131409456075,False,-1,0.0,325
542,108.4,308,drive,12.591046351649416,0.4159084121425463,3.477562999004057,False,-1,0.0,326
543,108.60000000000001,309,drive,12.630972696788186,0.4183347187719213,3.251911949118575,False,-1,0.0,327
544,108.80000000000001,310,drive,12.670908287915148,0.4206037629186978,2.9906322714122444,False,-1,0.0,328
545,109.0,311,drive,12.710853811043787,0.4226906701948897,2.6965866007102677,False,-1,0.0,329
546,109.2,312,drive,12.75080951822614,0.4245725478631118,2.372996562913862,False,-1,0.0,330
547,109.4,313,drive,12.790775216429468,0.4262287384078541,2.023407478192761,False,-1,0.0,331
548,109.60000000000001,314,drive,12.830750275864007,0.42764104970676353,1.6516495177153212,False,-1,0.0,332
549,109.80000000000001,315,drive,12.87073365741663,0.42879395890414274,1.2617957394919102,False,-1,0.0,333
550,110.0,316,drive,12.910723958007207,0.42967478730694636,0.8581174630988918,False,-1,0.0,334
551,110.2,317,drive,12.950719471895402,0.4302738439146481,0.44503747220753825,False,-1,0.0,335
552,110.4,318,drive,12.990718265260988,0.4305845355579078,0.02708155764062895,False,-1,0.0,336
553,110.60000000000001,319,drive,13.030718260792794,0.43060344205109974,-0.3911710681390279,False,-1,0.0,337
554,110.80000000000001,320,drive,13.070717328576915,0.4303303552494822,-0.8051379418382887,False,-1,0.0,338
555,111.0,321,drive,13.11071337929469,0.42976828142773504,-1.2102835557608513,False,-1,0.0,339
556,111.2,322,drive,13.150704455638133,0.42892340694419234,-1.6021690497783814,False,-1,0.0,340
557,111.4,323,drive,13.190688817929848,0.42780502770403533,-1.976500844411136,False,-1,0.0,341
558,111.60000000000001,324,drive,13.230665020192271,0.4264254434645544,-2.3291776821830803,False,-1,0.0,342
559,111.80000000000001,325,drive,13.27063197333523,0.42479981851745585,-2.6563355618572864,False,-1,0.0,343
560,112.0,326,drive,13.310588992701726,0.42294601072122767,-2.954390073241831,False,-1,0.0,344
561,112.2,327,drive,13.350535827903089,0.4208843712291906,-3.220075668738068,False,-1,0.0,345
562,112.4,328,drive,13.390472673654687,0.41863751755946293,-3.4504814413634564,False,-1,0.0,346
563,112.60000000000001,329,drive,13.430400161157236,0.41623008288043173,-3.643083017257604,False,-1,0.0,347
564,112.80000000000001,330,drive,13.470319330419176,0.4136884445433405,-3.795770213250544,False,-1,0.0,348
565,113.0,331,drive,13.510231584745496,0.41104043499062876,-3.9068701564711277,False,-1,0.0,349
566,113.2,332,drive,13.550138629392062,0.40831503821639964,-3.9751656126922725,False,-1,0.0,350
567,113.4,333,drive,13.59004239706907,0.40554207496754785,-3.999908322603877,False,-1,0.0,351
568,113.60000000000001,334,drive,13.629944963544029,0.40275187986477506,-3.980827199898407,False,-1,0.0,352
569,113.80000000000001,335,drive,13.66984845702047,0.39997497360499895,-3.9181313013492023,False,-1,0.0,353
570,114.0,336,drive,13.709754965235708,0.3972417333910563,-3.812507536340729,False,-1,0.0,354
571,114.2,337,drive,13.749666444318837,0.3945820647280471,-3.6651131409456017,False,-1,0.0,355
572,114.4,338,drive,13.789584633374652,0.39202507773076417,-3.47756299900405,False,-1,0.0,356
573,114.60000000000001,339,drive,13.829510978513422,0.3895987711013892,-3.2519119491186004,False,-1,0.0,357
574,114.80000000000001,340,drive,13.869446569640385,0.38732972695461265,-2.9906322714122355,False,-1,0.0,358
575,115.0,341,drive,13.909392092769023,0.3852428196784207,-2.6965866007102575,False,-1,0.0,359
576,115.2,342,drive,13.949347799951376,0.3833609420101986,-2.3729965629138734,False,-1,0.0,360
577,115.4,343,drive,13.989313498154704,0.38170475146545635,-2.023407478192749,False,-1,0.0,361
578,115.60000000000001,344,drive,14.029288557589243,0.3802924401665469,-1.6516495177153345,False,-1,0.0,362
579,115.80000000000001,345,drive,14.069271939141865,0.3791395309691677,-1.2617957394919241,False,-1,0.0,363
580,116.0,346,drive,14.109262239732443,0.37825870256636407,-0.8581174630989062,False,-1,0.0,364
581,116.2,347,drive,14.149257753620638,0.3776596459586623,-0.44503747220755285,False,-1,0.0,365
582,116.4,348,drive,14.189256546986224,0.3773489543154026,-0.027081557640615227,False,-1,0.0,366
583,116.60000000000001,349,drive,14.22925654251803,0.3773300478222107,0.39117106813901326,False,-1,0.0,367
584,116.80000000000001,350,drive,14.269255610302151,0.3776031346238282,0.8051379418383021,False,-1,0.0,368
585,117.0,350,probe,14.269255610302151,0.3776031346238282,-4.194862058161698,False,6,-5.0,1087
586,117.2,350,probe,14.269255610302151,0.3776031346238282,-9.194862058161698,False,6,-10.0,1088
587,117.4,350,probe,14.269255610302151,0.3776031346238282,-14.194862058161698,False,6,-15.0,1089
588,117.60000000000001,350,probe,14.269255610302151,0.3776031346238282,-19.194862058161696,False,6,-20.0,1090
589,117.80000000000001,350,probe,14.269255610302151,0.3776031346238282,-24.194862058161696,False,6,-25.0,1091
590,118.0,350,probe,14.269255610302151,0.3776031346238282,-29.194862058161696,False,6,-30.0,1092
591,118.2,350,probe,14.269255610302151,0.3776031346238282,-34.194862058161696,False,6,-35.0,1093
592,118.4,350,probe,14.269255610302151,0.3776031346238282,-39.194862058161696,False,6,-40.0,1094
593,118.60000000000001,350,probe,14.269255610302151,0.3776031346238282,-44.194862058161696,False,6,-45.0,1095
594,118.80000000000001,350,probe,14.269255610302151,0.3776031346238282,-39.194862058161696,False,6,-40.0,1094
595,119.0,350,probe,14.269255610302151,0.3776031346238282,-34.194862058161696,False,6,-35.0,1093
596,119.2,350,probe,14.269255610302151,0.3776031346238282,-29.194862058161696,False,6,-30.0,1092
597,119.4,350,probe,14.269255610302151,0.3776031346238282,-24.194862058161696,False,6,-25.0,1091
598,119.60000000000001,350,probe,14.269255610302151,0.3776031346238282,-19.194862058161696,False,6,-20.0,1090
599,119.80000000000001,350,probe,14.269255610302151,0.3776031346238282,-14.194862058161698,False,6,-15.0,1089
600,120.0,350,probe,14.269255610302151,0.3776031346238282,-9.194862058161698,False,6,-10.0,1088
601,120.2,350,probe,14.269255610302151,0.3776031346238282,-4.194862058161698,False,6,-5.0,1087
602,120.4,350,probe,14.269255610302151,0.3776031346238282,0.8051379418383021,False,6,0.0,368
603,120.60000000000001,350,probe,14.269255610302151,0.3776031346238282,5.805137941838302,False,6,5.0,1096
604,120.80000000000001,350,probe,14.269255610302151,0.3776031346238282,10.805137941838302,False,6,10.0,1097
605,121.0,350,probe,14.269255610302151,0.3776031346238282,15.805137941838302,False,6,15.0,1098
606,121.2,350,probe,14.269255610302151,0.3776031346238282,20.805137941838304,False,6,20.0,1099
607,121.4,350,probe,14.269255610302151,0.3776031346238282,25.805137941838304,False,6,25.0,1100
608,121.60000000000001,350,probe,14.269255610302151,0.3776031346238282,30.805137941838304,False,6,30.0,1101
609,121.80000000000001,350,probe,14.269255610302151,0.3776031346238282,35.805137941838304,False,6,35.0,1102
610,122.0,350,probe,14.269255610302151,0.3776031346238282,40.805137941838304,False,6,40.0,1103
611,122.2,350,probe,14.269255610302151,0.3776031346238282,45.805137941838304,False,6,45.0,1104
612,122.4,350,probe,14.269255610302151,0.3776031346238282,40.805137941838304,False,6,40.0,1103
613,122.60000000000001,350,probe,14.269255610302151,0.3776031346238282,35.805137941838304,False,6,35.0,1102
614,122.80000000000001,350,probe,14.269255610302151,0.3776031346238282,30.805137941838304,False,6,30.0,1101
615,123.0,350,probe,14.269255610302151,0.3776031346238282,25.805137941838304,False,6,25.0,1100
616,123.2,350,probe,14.269255610302151,0.3776031346238282,20.805137941838304,False,6,20.0,1099
617,123.4,350,probe,14.269255610302151,0.3776031346238282,15.805137941838302,False,6,15.0,1098
618,123.60000000000001,350,probe,14.269255610302151,0.3776031346238282,10.805137941838302,False,6,10.0,1097
619,123.80000000000001,350,probe,14.269255610302151,0.3776031346238282,5.805137941838302,False,6,5.0,1096
620,124.0,350,probe,14.269255610302151,0.3776031346238282,0.8051379418383021,False,6,0.0,368
621,124.2,351,drive,14.309251661019927,0.3781652084455754,1.2102835557608644,False,-1,0.0,369
622,124.4,352,drive,14.349242737363369,0.3790100829291181,1.602169049778394,False,-1,0.0,370
623,124.60000000000001,353,drive,14.389227099655084,0.38012846216927515,1.9765008444111232,False,-1,0.0,371
624,124.80000000000001,354,drive,14.429203301917507,0.381508046408756,2.3291776821830688,False,-1,0.0,372
625,125.0,355,drive,14.469170255060465,0.3831336713558546,2.6563355618572966,False,-1,0.0,373
626,125.2,356,drive,14.509127274426962,0.38498747915208276,2.95439007324184,False,-1,0.0,374
627,125.4,357,drive,14.549074109628325,0.38704911864411984,3.220075668738076,False,-1,0.0,375
628,125.60000000000001,358,drive,14.589010955379923,0.3892959723138475,3.450481441363463,False,-1,0.0,376
629,125.80000000000001,359,drive,14.628938442882472,0.3917034069928787,3.643083017257598,False,-1,0.0,377
630,126.0,360,drive,14.668857612144413,0.3942450453299699,3.7957702132505395,False,-1,0.0,378
631,126.2,361,drive,14.708769866470732,0.3968930548826817,3.9068701564711246,False,-1,0.0,379
632,126.4,362,drive,14.748676911117299,0.3996184516569108,3.9751656126922708,False,-1,0.0,380
633,126.60000000000001,363,drive,14.788580678794306,0.4023914149057626,3.999908322603877,False,-1,0.0,381
634,126.80000000000001,364,drive,14.828483245269265,0.40518161000853536,3.980827199898408,False,-1,0.0,382
635,127.0,365,drive,14.868386738745706,0.4079585162683115,3.9181313013492054,False,-1,0.0,383
636,127.2,366,drive,14.908293246960945,0.41069175648225414,3.812507536340725,False,-1,0.0,384
637,127.4,367,drive,14.948204726044073,0.41335142514526335,3.6651131409456075,False,-1,0.0,385
638,127.60000000000001,368,drive,14.988122915099888,0.41590841214254626,3.4775629990040575,False,-1,0.0,386
639,127.80000000000001,369,drive,15.028049260238658,0.41833471877192124,3.2519119491185924,False,-1,0.0,387
640,128.0,370,drive,15.06798485136562,0.4206037629186978,2.9906322714122453,False,-1,0.0,388
641,128.20000000000002,371,drive,15.10793037449426,0.4226906701948897,2.6965866007102686,False,-1,0.0,389
642,128.4,372,drive,15.147886081676612,0.4245725478631118,2.3729965629138854,False,-1,0.0,390
643,128.6,373,drive,15.18785177987994,0.4262287384078541,2.023407478192762,False,-1,0.0,391
644,128.8,374,drive,15.22782683931448,0.42764104970676353,1.651649517715322,False,-1,0.0,392
645,129.0,375,drive,15.267810220867101,0.42879395890414274,1.261795739491911,False,-1,0.0,393
646,129.20000000000002,376,drive,15.307800521457679,0.42967478730694636,0.8581174630988928,False,-1,0.0,394
647,129.4,377,drive,15.347796035345874,0.4302738439146481,0.44503747220753925,False,-1,0.0,395
648,129.6,378,drive,15.38779482871146,0.4305845355579078,0.027081557640601505,False,-1,0.0,396
649,129.8,379,drive,15.427794824243266,0.43060344205109974,-0.39117106813899866,False,-1,0.0,397
650,130.0,380,drive,15.467793892027387,0.4303303552494822,-0.8051379418382877,False,-1,0.0,398
651,130.20000000000002,381,drive,15.507789942745163,0.42976828142773504,-1.2102835557608773,False,-1,0.0,399
652,130.4,382,drive,15.547781019088605,0.42892340694419234,-1.6021690497784065,False,-1,0.0,400
653,130.6,383,drive,15.58776538138032,0.4278050277040353,-1.9765008444111352,False,-1,0.0,401
654,130.8,384,drive,15.627741583642743,0.42642544346455435,-2.329177682183103,False,-1,0.0,402
655,131.0,385,drive,15.667708536785701,0.4247998185174558,-2.656335561857286,False,-1,0.0,403
656,131.20000000000002,386,drive,15.707665556152199,0.4229460107212276,-2.95439007324183,False,-1,0.0,404
657,131.4,387,drive,15.747612391353561,0.42088437122919053,-3.2200756687380676,False,-1,0.0,405
658,131.6,388,drive,15.787549237105159,0.4186375175594629,-3.450481441363456,False,-1,0.0,406
659,131.8,389,drive,15.827476724607708,0.4162300828804317,-3.643083017257615,False,-1,0.0,407
660,132.0,390,drive,15.867395893869649,0.41368844454334047,-3.7957702132505347,False,-1,0.0,408
661,132.20000000000002,391,drive,15.907308148195968,0.4110404349906287,-3.9068701564711215,False,-1,0.0,409
662,132.4,392,drive,15.947215192842535,0.4083150382163996,-3.9751656126922725,False,-1,0.0,410
663,132.6,393,drive,15.987118960519542,0.4055420749675478,-3.999908322603877,False,-1,0.0,411
664,132.8,394,drive,16.0270215269945,0.402751879864775,-3.980827199898404,False,-1,0.0,412
665,133.0,395,drive,16.06692502047094,0.3999749736049989,-3.9181313013492027,False,-1,0.0,413
666,133.20000000000002,396,drive,16.10683152868618,0.39724173339105623,-3.8125075363407293,False,-1,0.0,414
667,133.4,397,drive,16.146743007769306,0.394582064728047,-3.6651131409456137,False,-1,0.0,415
668,133.6,398,drive,16.18666119682512,0.3920250777307641,-3.4775629990040646,False,-1,0.0,416
669,133.8,399,drive,16.22658754196389,0.38959877110138913,-3.2519119491185844,False,-1,0.0,417
670,134.0,400,drive,16.266523133090853,0.3873297269546126,-2.990632271412236,False,-1,0.0,418
671,134.20000000000002,400,probe,16.266523133090853,0.3873297269546126,-7.990632271412236,False,7,-5.0,1105
672,134.4,400,probe,16.266523133090853,0.3873297269546126,-12.990632271412236,False,7,-10.0,1106
673,134.6,400,probe,16.266523133090853,0.3873297269546126,-17.990632271412235,False,7,-15.0,1107
674,134.8,400,probe,16.266523133090853,0.3873297269546126,-22.990632271412235,False,7,-20.0,1108
675,135.0,400,probe,16.266523133090853,0.3873297269546126,-27.990632271412235,False,7,-25.0,1109
676,135.20000000000002,400,probe,16.266523133090853,0.3873297269546126,-32.99063227141224,False,7,-30.0,1110
677,135.4,400,probe,16.266523133090853,0.3873297269546126,-37.99063227141224,False,7,-35.0,1111
678,135.6,400,probe,16.266523133090853,0.3873297269546126,-42.99063227141224,False,7,-40.0,1112
679,135.8,400,probe,16.266523133090853,0.3873297269546126,-47.99063227141224,False,7,-45.0,1113
680,136.0,400,probe,16.266523133090853,0.3873297269546126,-42.99063227141224,False,7,-40.0,1112
681,136.20000000000002,400,probe,16.266523133090853,0.3873297269546126,-37.99063227141224,False,7,-35.0,1111
682,136.4,400,probe,16.266523133090853,0.3873297269546126,-32.99063227141224,False,7,-30.0,1110
683,136.6,400,probe,16.266523133090853,0.3873297269546126,-27.990632271412235,False,7,-25.0,1109
684,136.8,400,probe,16.266523133090853,0.3873297269546126,-22.990632271412235,False,7,-20.0,1108
685,137.0,400,probe,16.266523133090853,0.3873297269546126,-17.990632271412235,False,7,-15.0,1107
686,137.20000000000002,400,probe,16.266523133090853,0.3873297269546126,-12.990632271412236,False,7,-10.0,1106
687,137.4,400,probe,16.266523133090853,0.3873297269546126,-7.990632271412236,False,7,-5.0,1105
688,137.6,400,probe,16.266523133090853,0.3873297269546126,-2.990632271412236,False,7,0.0,418
689,137.8,400,probe,16.266523133090853,0.3873297269546126,2.009367728587764,False,7,5.0,1114
690,138.0,400,probe,16.266523133090853,0.3873297269546126,7.009367728587764,False,7,10.0,1115
691,138.20000000000002,400,probe,16.266523133090853,0.3873297269546126,12.009367728587764,False,7,15.0,1116
692,138.4,400,probe,16.266523133090853,0.3873297269546126,17.009367728587765,False,7,20.0,1117
693,138.6,400,probe,16.266523133090853,0.3873297269546126,22.009367728587765,False,7,25.0,1118
694,138.8,400,probe,16.266523133090853,0.3873297269546126,27.009367728587765,False,7,30.0,1119
695,139.0,400,probe,16.266523133090853,0.3873297269546126,32.00936772858776,False,7,35.0,1120
696,139.20000000000002,400,probe,16.266523133090853,0.3873297269546126,37.00936772858776,False,7,40.0,1121
697,139.4,400,probe,16.266523133090853,0.3873297269546126,42.00936772858776,False,7,45.0,1122
698,139.6,400,probe,16.266523133090853,0.3873297269546126,37.00936772858776,False,7,40.0,1121
699,139.8,400,probe,16.266523133090853,0.3873297269546126,32.00936772858776,False,7,35.0,1120
700,140.0,400,probe,16.266523133090853,0.3873297269546126,27.009367728587765,False,7,30.0,1119
701,140.20000000000002,400,probe,16.266523133090853,0.3873297269546126,22.009367728587765,False,7,25.0,1118
702,140.4,400,probe,16.266523133090853,0.3873297269546126,17.009367728587765,False,7,20.0,1117
703,140.6,400,probe,16.266523133090853,0.3873297269546126,12.009367728587764,False,7,15.0,1116
704,140.8,400,probe,16.266523133090853,0.3873297269546126,7.009367728587764,False,7,10.0,1115
705,141.0,400,probe,16.266523133090853,0.3873297269546126,2.009367728587764,False,7,5.0,1114
706,141.20000000000002,400,probe,16.266523133090853,0.3873297269546126,-2.990632271412236,False,7,0.0,418
707,141.4,401,drive,16.30646865621949,0.38524281967842067,-2.6965866007102584,False,-1,0.0,419
708,141.6,402,drive,16.34642436340184,0.38336094201019855,-2.3729965629138743,False,-1,0.0,420
709,141.8,403,drive,16.38639006160517,0.3817047514654563,-2.02340747819275,False,-1,0.0,421
710,142.0,404,drive,16.42636512103971,0.38029244016654684,-1.6516495177153097,False,-1,0.0,422
711,142.20000000000002,405,drive,16.466348502592332,0.37913953096916764,-1.261795739491925,False,-1,0.0,423
712,142.4,406,drive,16.50633880318291,0.378258702566364,-0.8581174630988794,False,-1,0.0,424
713,142.6,407,drive,16.546334317071103,0.3776596459586623,-0.4450374722075256,False,-1,0.0,425
714,142.8,408,drive,16.58633311043669,0.3773489543154026,-0.027081557640587787,False,-1,0.0,426
715,143.0,409,drive,16.626333105968495,0.3773300478222107,0.39117106813904057,False,-1,0.0,427
716,143.20000000000002,410,drive,16.666332173752618,0.3776031346238283,0.8051379418382734,False,-1,0.0,428
717,143.4,411,drive,16.706328224470393,0.37816520844557544,1.2102835557608633,False,-1,0.0,429
718,143.6,412,drive,16.746319300813838,0.37901008292911814,1.6021690497784191,False,-1,0.0,430
719,143.8,413,drive,16.786303663105553,0.3801284621692752,1.9765008444111223,False,-1,0.0,431
720,144.0,414,drive,16.826279865367976,0.3815080464087561,2.329177682183114,False,-1,0.0,432
721,144.20000000000002,415,drive,16.866246818510934,0.38313367135585463,2.656335561857296,False,-1,0.0,433
722,144.4,416,drive,16.90620383787743,0.3849874791520828,2.9543900732418202,False,-1,0.0,434
723,144.6,417,drive,16.946150673078794,0.3870491186441199,3.2200756687380756,False,-1,0.0,435
724,144.8,418,drive,16.98608751883039,0.38929597231384755,3.4504814413634484,False,-1,0.0,436
725,145.0,419,drive,17.02601500633294,0.39170340699287876,3.6430830172576094,False,-1,0.0,437
726,145.20000000000002,420,drive,17.06593417559488,0.39424504532996996,3.795770213250539,False,-1,0.0,438
727,145.4,421,drive,17.105846429921197,0.39689305488268173,3.906870156471124,False,-1,0.0,439
728,145.6,422,drive,17.145753474567762,0.39961845165691084,3.9751656126922708,False,-1,0.0,440
729,145.8,423,drive,17.18565724224477,0.40239141490576263,3.999908322603877,False,-1,0.0,441
730,146.0,424,drive,17.225559808719726,0.4051816100085354,3.9808271998984055,False,-1,0.0,442
731,146.20000000000002,425,drive,17.265463302196167,0.40795851626831153,3.9181313013491996,False,-1,0.0,443
732,146.4,426,drive,17.305369810411406,0.4106917564822542,3.8125075363407253,False,-1,0.0,444
733,146.6,427,drive,17.345281289494533,0.4133514251452634,3.665113140945608,False,-1,0.0,445
734,146.8,428,drive,17.385199478550348,0.4159084121425463,3.477562999004058,False,-1,0.0,446
735,147.0,429,drive,17.425125823689118,0.4183347187719213,3.2519119491185764,False,-1,0.0,447
736,147.20000000000002,430,drive,17.46506141481608,0.4206037629186978,2.9906322714122457,False,-1,0.0,448
737,147.4,431,drive,17.505006937944717,0.4226906701948897,2.696586600710248,False,-1,0.0,449
738,147.6,432,drive,17.544962645127068,0.4245725478631118,2.3729965629138863,False,-1,0.0,450
739,147.8,433,drive,17.584928343330397,0.4262287384078541,2.0234074781927385,False,-1,0.0,451
740,148.0,434,drive,17.624903402764936,0.42764104970676353,1.651649517715297,False,-1,0.0,452
741,148.20000000000002,435,drive,17.66488678431756,0.42879395890414274,1.261795739491939,False,-1,0.0,453
742,148.4,436,drive,17.704877084908137,0.42967478730694636,0.8581174630988938,False,-1,0.0,454
743,148.6,437,drive,17.74487259879633,0.4302738439146481,0.44503747220751194,False,-1,0.0,455
744,148.8,438,drive,17.784871392161918,0.4305845355579078,0.027081557640602487,False,-1,0.0,456
745,149.0,439,drive,17.824871387693722,0.43060344205109974,-0.3911710681390542,False,-1,0.0,457
746,149.20000000000002,440,drive,17.864870455477845,0.43033035524948215,-0.8051379418382868,False,-1,0.0,458
747,149.4,441,drive,17.90486650619562,0.429768281427735,-1.2102835557608493,False,-1,0.0,459
748,149.6,442,drive,17.944857582539065,0.4289234069441923,-1.6021690497784056,False,-1,0.0,460
749,149.8,443,drive,17.98484194483078,0.4278050277040352,-1.9765008444111096,False,-1,0.0,461
750,150.0,444,drive,18.024818147093203,0.42642544346455435,-2.329177682183102,False,-1,0.0,462
751,150.20000000000002,445,drive,18.06478510023616,0.4247998185174558,-2.656335561857285,False,-1,0.0,463
752,150.4,446,drive,18.10474211960266,0.4229460107212276,-2.9543900732418296,False,-1,0.0,464
753,150.6,447,drive,18.14468895480402,0.42088437122919053,-3.2200756687380667,False,-1,0.0,465
754,150.8,448,drive,18.18462580055562,0.4186375175594629,-3.4504814413634555,False,-1,0.0,466
755,151.0,449,drive,18.224553288058168,0.4162300828804317,-3.643083017257603,False,-1,0.0,467
756,151.20000000000002,450,drive,18.264472457320107,0.41368844454334047,-3.7957702132505435,False,-1,0.0,468
757,151.4,450,probe,18.264472457320107,0.41368844454334047,-8.795770213250544,False,8,-5.0,1123
758,151.6,450,probe,18.264472457320107,0.41368844454334047,-13.795770213250544,False,8,-10.0,1124
759,151.8,450,probe,18.264472457320107,0.41368844454334047,-18.79577021325054,False,8,-15.0,1125
760,152.0,450,probe,18.264472457320107,0.41368844454334047,-23.79577021325054,False,8,-20.0,1126
761,152.20000000000002,450,probe,18.264472457320107,0.41368844454334047,-28.79577021325054,False,8,-25.0,1127
762,152.4,450,probe,18.264472457320107,0.41368844454334047,-33.79577021325054,False,8,-30.0,1128
763,152.6,450,probe,18.264472457320107,0.41368844454334047,-38.79577021325054,False,8,-35.0,1129
764,152.8,450,probe,18.264472457320107,0.41368844454334047,-43.79577021325054,False,8,-40.0,1130
765,153.0,450,probe,18.264472457320107,0.41368844454334047,-48.79577021325054,False,8,-45.0,1131
766,153.20000000000002,450,probe,18.264472457320107,0.41368844454334047,-43.79577021325054,False,8,-40.0,1130
767,153.4,450,probe,18.264472457320107,0.41368844454334047,-38.79577021325054,False,8,-35.0,1129
768,153.60000000000002,450,probe,18.264472457320107,0.41368844454334047,-33.79577021325054,False,8,-30.0,1128
769,153.8,450,probe,18.264472457320107,0.41368844454334047,-28.79577021325054,False,8,-25.0,1127
770,154.0,450,probe,18.264472457320107,0.41368844454334047,-23.79577021325054,False,8,-20.0,1126
771,154.20000000000002,450,probe,18.264472457320107,0.41368844454334047,-18.79577021325054,False,8,-15.0,1125
772,154.4,450,probe,18.264472457320107,0.41368844454334047,-13.795770213250544,False,8,-10.0,1124
773,154.60000000000002,450,probe,18.264472457320107,0.41368844454334047,-8.795770213250544,False,8,-5.0,1123
774,154.8,450,probe,18.264472457320107,0.41368844454334047,-3.7957702132505435,False,8,0.0,468
775,155.0,450,probe,18.264472457320107,0.41368844454334047,1.2042297867494565,False,8,5.0,1132
776,155.20000000000002,450,probe,18.264472457320107,0.41368844454334047,6.2042297867494565,False,8,10.0,1133
777,155.4,450,probe,18.264472457320107,0.41368844454334047,11.204229786749456,False,8,15.0,1134
778,155.60000000000002,450,probe,18.264472457320107,0.41368844454334047,16.20422978674946,False,8,20.0,1135
779,155.8,450,probe,18.264472457320107,0.41368844454334047,21.20422978674946,False,8,25.0,1136
780,156.0,450,probe,18.264472457320107,0.41368844454334047,26.20422978674946,False,8,30.0,1137
781,156.20000000000002,450,probe,18.264472457320107,0.41368844454334047,31.20422978674946,False,8,35.0,1138
782,156.4,450,probe,18.264472457320107,0.41368844454334047,36.20422978674946,False,8,40.0,1139
783,156.60000000000002,450,probe,18.264472457320107,0.41368844454334047,41.20422978674946,False,8,45.0,1140
784,156.8,450,probe,18.264472457320107,0.41368844454334047,36.20422978674946,False,8,40.0,1139
785,157.0,450,probe,18.264472457320107,0.41368844454334047,31.20422978674946,False,8,35.0,1138
786,157.20000000000002,450,probe,18.264472457320107,0.41368844454334047,26.20422978674946,False,8,30.0,1137
787,157.4,450,probe,18.264472457320107,0.41368844454334047,21.20422978674946,False,8,25.0,1136
788,157.60000000000002,450,probe,18.264472457320107,0.41368844454334047,16.20422978674946,False,8,20.0,1135
789,157.8,450,probe,18.264472457320107,0.41368844454334047,11.204229786749456,False,8,15.0,1134
790,158.0,450,probe,18.264472457320107,0.41368844454334047,6.2042297867494565,False,8,10.0,1133
791,158.20000000000002,450,probe,18.264472457320107,0.41368844454334047,1.2042297867494565,False,8,5.0,1132
792,158.4,450,probe,18.264472457320107,0.41368844454334047,-3.7957702132505435,False,8,0.0,468
793,158.60000000000002,451,drive,18.304384711646424,0.4110404349906287,-3.906870156471121,False,-1,0.0,469
794,158.8,452,drive,18.34429175629299,0.4083150382163996,-3.9751656126922725,False,-1,0.0,470
795,159.0,453,drive,18.384195523969996,0.4055420749675478,-3.999908322603877,False,-1,0.0,471
796,159.20000000000002,454,drive,18.424098090444954,0.402751879864775,-3.980827199898404,False,-1,0.0,472
797,159.4,455,drive,18.464001583921394,0.3999749736049989,-3.9181313013492027,False,-1,0.0,473
798,159.60000000000002,456,drive,18.503908092136633,0.39724173339105623,-3.812507536340721,False,-1,0.0,474
799,159.8,457,drive,18.54381957121976,0.394582064728047,-3.665113140945614,False,-1,0.0,475
800,160.0,458,drive,18.583737760275575,0.3920250777307641,-3.477562999004051,False,-1,0.0,476
801,160.20000000000002,459,drive,18.623664105414345,0.38959877110138913,-3.251911949118585,False,-1,0.0,477
802,160.4,460,drive,18.663599696541308,0.3873297269546126,-2.9906322714122555,False,-1,0.0,478
803,160.60000000000002,461,drive,18.703545219669945,0.38524281967842067,-2.6965866007102592,False,-1,0.0,479
804,160.8,462,drive,18.743500926852295,0.38336094201019855,-2.372996562913898,False,-1,0.0,480
805,161.0,462,turn,18.743500926852295,0.38336094201019855,-7.372996562913897,True,-1,0.0,481
806,161.20000000000002,462,turn,18.743500926852295,0.38336094201019855,-12.372996562913897,True,-1,0.0,482
807,161.4,462,turn,18.743500926852295,0.38336094201019855,-17.372996562913897,True,-1,0.0,483
808,161.60000000000002,462,turn,18.743500926852295,0.38336094201019855,-22.372996562913897,True,-1,0.0,484
809,161.8,462,turn,18.743500926852295,0.38336094201019855,-27.372996562913897,True,-1,0.0,485
810,162.0,462,turn,18.743500926852295,0.38336094201019855,-32.3729965629139,True,-1,0.0,486
811,162.20000000000002,462,turn,18.743500926852295,0.38336094201019855,-37.3729965629139,True,-1,0.0,487
812,162.4,462,turn,18.743500926852295,0.38336094201019855,-42.3729965629139,True,-1,0.0,488
813,162.60000000000002,462,turn,18.743500926852295,0.38336094201019855,-47.3729965629139,True,-1,0.0,489
814,162.8,462,turn,18.743500926852295,0.38336094201019855,-52.3729965629139,True,-1,0.0,490
815,163.0,462,turn,18.743500926852295,0.38336094201019855,-57.3729965629139,True,-1,0.0,491
816,163.20000000000002,462,turn,18.743500926852295,0.38336094201019855,-62.3729965629139,True,-1,0.0,492
817,163.4,462,turn,18.743500926852295,0.38336094201019855,-67.3729965629139,True,-1,0.0,493
818,163.60000000000002,462,turn,18.743500926852295,0.38336094201019855,-72.3729965629139,True,-1,0.0,494
819,163.8,462,turn,18.743500926852295,0.38336094201019855,-77.3729965629139,True,-1,0.0,495
820,164.0,462,turn,18.743500926852295,0.38336094201019855,-82.3729965629139,True,-1,0.0,496
821,164.20000000000002,462,turn,18.743500926852295,0.38336094201019855,-87.3729965629139,True,-1,0.0,497
822,164.4,462,turn,18.743500926852295,0.38336094201019855,-92.3729965629139,True,-1,0.0,498
823,164.60000000000002,463,drive,18.741844736307552,0.3433952438068704,-92.02340747819275,False,-1,0.0,499
824,164.8,464,drive,18.740432425008642,0.3034201843723308,-91.65164951771528,False,-1,0.0,500
825,165.0,465,drive,18.739279515811262,0.26343680281970827,-91.26179573949193,False,-1,0.0,501
826,165.20000000000002,466,drive,18.73839868740846,0.22344650222912987,-90.8581174630989,False,-1,0.0,502
827,165.4,467,drive,18.737799630800758,0.18345098834093526,-90.44503747220753,False,-1,0.0,503
828,165.60000000000002,468,drive,18.737488939157497,0.14345219497534972,-90.02708155764061,False,-1,0.0,504
829,165.8,469,drive,18.737470032664305,0.10345219944354353,-89.60882893186096,False,-1,0.0,505
830,166.0,470,drive,18.73774311946592,0.06345313165942158,-89.1948620581617,False,-1,0.0,506
831,166.20000000000002,471,drive,18.73830519328767,0.023457080941645628,-88.78971644423913,False,-1,0.0,507
832,166.4,472,drive,18.739150067771213,-0.016533995401797022,-88.3978309502216,False,-1,0.0,508
833,166.60000000000002,473,drive,18.74026844701137,-0.056518357693512836,-88.02349915558888,False,-1,0.0,509
834,166.8,474,drive,18.74164803125085,-0.09649455995593612,-87.67082231781691,False,-1,0.0,510
835,167.0,475,drive,18.74327365619795,-0.13646151309889376,-87.34366443814271,False,-1,0.0,511
836,167.20000000000002,476,drive,18.745127463994177,-0.1764185324653911,-87.04560992675817,False,-1,0.0,512
837,167.4,477,drive,18.747189103486214,-0.21636536766675435,-86.77992433126192,False,-1,0.0,513
838,167.60000000000002,478,drive,18.749435957155942,-0.2563022134183511,-86.54951855863654,False,-1,0.0,514
839,167.8,479,drive,18.751843391834974,-0.29622970092089995,-86.35691698274239,False,-1,0.0,515
840,168.0,480,drive,18.754385030172067,-0.3361488701828401,-86.20422978674947,False,-1,0.0,516
841,168.20000000000002,481,drive,18.757033039724778,-0.37606112450915885,-86.09312984352887,False,-1,0.0,517
842,168.4,482,drive,18.759758436499006,-0.415968169155725,-86.02483438730773,False,-1,0.0,518
843,168.60000000000002,483,drive,18.762531399747857,-0.4558719368327316,-86.00009167739613,False,-1,0.0,519
844,168.8,484,drive,18.76532159485063,-0.49577450330768985,-86.0191728001016,False,-1,0.0,520
845,169.0,484,turn,18.76532159485063,-0.49577450330768985,-91.0191728001016,True,-1,0.0,521
846,169.20000000000002,484,turn,18.76532159485063,-0.49577450330768985,-96.0191728001016,True,-1,0.0,522
847,169.4,484,turn,18.76532159485063,-0.49577450330768985,-101.0191728001016,True,-1,0.0,523
848,169.60000000000002,484,turn,18.76532159485063,-0.49577450330768985,-106.0191728001016,True,-1,0.0,524
849,169.8,484,turn,18.76532159485063,-0.49577450330768985,-111.0191728001016,True,-1,0.0,525
850,170.0,484,turn,18.76532159485063,-0.49577450330768985,-116.0191728001016,True,-1,0.0,526
851,170.20000000000002,484,turn,18.76532159485063,-0.49577450330768985,-121.0191728001016,True,-1,0.0,527
852,170.4,484,turn,18.76532159485063,-0.49577450330768985,-126.0191728001016,True,-1,0.0,528
853,170.60000000000002,484,turn,18.76532159485063,-0.49577450330768985,-131.01917280010161,True,-1,0.0,529
854,170.8,484,turn,18.76532159485063,-0.49577450330768985,-136.01917280010161,True,-1,0.0,530
855,171.0,484,turn,18.76532159485063,-0.49577450330768985,-141.01917280010161,True,-1,0.0,531
856,171.20000000000002,484,turn,18.76532159485063,-0.49577450330768985,-146.01917280010161,True,-1,0.0,532
857,171.4,484,turn,18.76532159485063,-0.49577450330768985,-151.01917280010161,True,-1,0.0,533
858,171.60000000000002,484,turn,18.76532159485063,-0.49577450330768985,-156.01917280010161,True,-1,0.0,534
859,171.8,484,turn,18.76532159485063,-0.49577450330768985,-161.01917280010161,True,-1,0.0,535
860,172.0,484,turn,18.76532159485063,-0.49577450330768985,-166.01917280010161,True,-1,0.0,536
861,172.20000000000002,484,turn,18.76532159485063,-0.49577450330768985,-171.01917280010161,True,-1,0.0,537
862,172.4,484,turn,18.76532159485063,-0.49577450330768985,-176.01917280010161,True,-1,0.0,538
863,172.60000000000002,485,drive,18.72541810137419,-0.4985514095674659,-176.0818686986508,False,-1,0.0,539
864,172.8,486,drive,18.68551159315895,-0.5012846497814086,-176.18749246365928,False,-1,0.0,540
865,173.0,487,drive,18.645600114075823,-0.5039443184444178,-176.3348868590544,False,-1,0.0,541
866,173.20000000000002,488,drive,18.605681925020008,-0.5065013054417007,-176.52243700099595,False,-1,0.0,542
867,173.4,489,drive,18.565755579881237,-0.5089276120710756,-176.74808805088145,False,-1,0.0,543
868,173.60000000000002,490,drive,18.525819988754275,-0.5111966562178522,-177.00936772858776,False,-1,0.0,544
869,173.8,491,drive,18.48587446562564,-0.513283563494044,-177.30341339928972,False,-1,0.0,545
870,174.0,492,drive,18.445918758443288,-0.5151654411622661,-177.62700343708613,False,-1,0.0,546
871,174.20000000000002,493,drive,18.40595306023996,-0.5168216317070085,-177.97659252180725,False,-1,0.0,547
872,174.4,494,drive,18.36597800080542,-0.5182339430059179,-178.3483504822847,False,-1,0.0,548
873,174.60000000000002,495,drive,18.325994619252796,-0.5193868522032971,-178.7382042605081,False,-1,0.0,549
874,174.8,496,drive,18.28600431866222,-0.5202676806061006,-179.1418825369011,False,-1,0.0,550
875,175.0,497,drive,18.246008804774025,-0.5208667372138024,-179.55496252779247,False,-1,0.0,551
876,175.20000000000002,498,drive,18.206010011408438,-0.5211774288570621,-179.9729184423594,False,-1,0.0,552
877,175.4,499,drive,18.166010015876633,-0.521196335350254,-180.39117106813902,False,-1,0.0,553
878,175.60000000000002,500,drive,18.12601094809251,-0.5209232485486365,-180.80513794183832,False,-1,0.0,554
879,175.8,500,probe,18.12601094809251,-0.5209232485486365,-185.80513794183832,False,9,-5.0,1141
880,176.0,500,probe,18.12601094809251,-0.5209232485486365,-190.80513794183832,False,9,-10.0,1142
881,176.20000000000002,500,probe,18.12601094809251,-0.5209232485486365,-195.80513794183832,False,9,-15.0,1143
882,176.4,500,probe,18.12601094809251,-0.5209232485486365,-200.80513794183832,False,9,-20.0,1144
883,176.60000000000002,500,probe,18.12601094809251,-0.5209232485486365,-205.80513794183832,False,9,-25.0,1145
884,176.8,500,probe,18.12601094809251,-0.5209232485486365,-210.80513794183832,False,9,-30.0,1146
885,177.0,500,probe,18.12601094809251,-0.5209232485486365,-215.80513794183832,False,9,-35.0,1147
886,177.20000000000002,500,probe,18.12601094809251,-0.5209232485486365,-220.80513794183832,False,9,-40.0,1148
887,177.4,500,probe,18.12601094809251,-0.5209232485486365,-225.80513794183832,False,9,-45.0,1149
888,177.60000000000002,500,probe,18.12601094809251,-0.5209232485486365,-220.80513794183832,False,9,-40.0,1148
889,177.8,500,probe,18.12601094809251,-0.5209232485486365,-215.80513794183832,False,9,-35.0,1147
890,178.0,500,probe,18.12601094809251,-0.5209232485486365,-210.80513794183832,False,9,-30.0,1146
891,178.20000000000002,500,probe,18.12601094809251,-0.5209232485486365,-205.80513794183832,False,9,-25.0,1145
892,178.4,500,probe,18.12601094809251,-0.5209232485486365,-200.80513794183832,False,9,-20.0,1144
893,178.60000000000002,500,probe,18.12601094809251,-0.5209232485486365,-195.80513794183832,False,9,-15.0,1143
894,178.8,500,probe,18.12601094809251,-0.5209232485486365,-190.80513794183832,False,9,-10.0,1142
895,179.0,500,probe,18.12601094809251,-0.5209232485486365,-185.80513794183832,False,9,-5.0,1141
896,179.20000000000002,500,probe,18.12601094809251,-0.5209232485486365,-180.80513794183832,False,9,0.0,554
897,179.4,500,probe,18.12601094809251,-0.5209232485486365,-175.80513794183832,False,9,5.0,1150
898,179.60000000000002,500,probe,18.12601094809251,-0.5209232485486365,-170.80513794183832,False,9,10.0,1151
899,179.8,500,probe,18.12601094809251,-0.5209232485486365,-165.80513794183832,False,9,15.0,1152
900,180.0,500,probe,18.12601094809251,-0.5209232485486365,-160.80513794183832,False,9,20.0,1153
901,180.20000000000002,500,probe,18.12601094809251,-0.5209232485486365,-155.80513794183832,False,9,25.0,1154
902,180.4,500,probe,18.12601094809251,-0.5209232485486365,-150.80513794183832,False,9,30.0,1155
903,180.60000000000002,500,probe,18.12601094809251,-0.5209232485486365,-145.80513794183832,False,9,35.0,1156
904,180.8,500,probe,18.12601094809251,-0.5209232485486365,-140.80513794183832,False,9,40.0,1157
905,181.0,500,probe,18.12601094809251,-0.5209232485486365,-135.80513794183832,False,9,45.0,1158
906,181.20000000000002,500,probe,18.12601094809251,-0.5209232485486365,-140.80513794183832,False,9,40.0,1157
907,181.4,500,probe,18.12601094809251,-0.5209232485486365,-145.80513794183832,False,9,35.0,1156
908,181.60000000000002,500,probe,18.12601094809251,-0.5209232485486365,-150.80513794183832,False,9,30.0,1155
909,181.8,500,probe,18.12601094809251,-0.5209232485486365,-155.80513794183832,False,9,25.0,1154
910,182.0,500,probe,18.12601094809251,-0.5209232485486365,-160.80513794183832,False,9,20.0,1153
911,182.20000000000002,500,probe,18.12601094809251,-0.5209232485486365,-165.80513794183832,False,9,15.0,1152
912,182.4,500,probe,18.12601094809251,-0.5209232485486365,-170.80513794183832,False,9,10.0,1151
913,182.60000000000002,500,probe,18.12601094809251,-0.5209232485486365,-175.80513794183832,False,9,5.0,1150
914,182.8,500,probe,18.12601094809251,-0.5209232485486365,-180.80513794183832,False,9,0.0,554
915,183.0,501,drive,18.086014897374735,-0.5203611747268893,-181.21028355576084,False,-1,0.0,555
916,183.20000000000002,502,drive,18.04602382103129,-0.5195163002433466,-181.6021690497784,False,-1,0.0,556
917,183.4,503,drive,18.006039458739576,-0.5183979210031896,-181.97650084441113,False,-1,0.0,557
918,183.60000000000002,504,drive,17.966063256477153,-0.5170183367637087,-182.32917768218311,False,-1,0.0,558
919,183.8,505,drive,17.926096303334194,-0.5153927118166101,-182.65633556185728,False,-1,0.0,559
920,184.0,506,drive,17.886139283967697,-0.5135389040203819,-182.95439007324185,False,-1,0.0,560
921,184.20000000000002,507,drive,17.846192448766335,-0.5114772645283449,-183.22007566873808,False,-1,0.0,561
922,184.4,508,drive,17.806255603014737,-0.5092304108586172,-183.45048144136348,False,-1,0.0,562
923,184.60000000000002,509,drive,17.766328115512188,-0.5068229761795859,-183.6430830172576,False,-1,0.0,563
924,184.8,510,drive,17.72640894625025,-0.5042813378424947,-183.79577021325053,False,-1,0.0,564
925,185.0,511,drive,17.68649669192393,-0.501633328289783,-183.90687015647111,False,-1,0.0,565
926,185.20000000000002,512,drive,17.646589647277366,-0.4989079315155539,-183.97516561269228,False,-1,0.0,566
927,185.4,513,drive,17.60668587960036,-0.4961349682667021,-183.9999083226039,False,-1,0.0,567
928,185.60000000000002,514,drive,17.566783313125402,-0.49334477316392933,-183.9808271998984,False,-1,0.0,568
929,185.8,515,drive,17.52687981964896,-0.4905678669041532,-183.9181313013492,False,-1,0.0,569
930,186.0,516,drive,17.486973311433722,-0.48783462669021055,-183.81250753634072,False,-1,0.0,570
931,186.20000000000002,517,drive,17.447061832350595,-0.48517495802720134,-183.6651131409456,False,-1,0.0,571
932,186.4,518,drive,17.40714364329478,-0.48261797102991844,-183.47756299900408,False,-1,0.0,572
933,186.60000000000002,519,drive,17.36721729815601,-0.48019166440054345,-183.25191194911858,False,-1,0.0,573
934,186.8,520,drive,17.327281707029048,-0.4779226202537669,-182.99063227141224,False,-1,0.0,574
935,187.0,521,drive,17.28733618390041,-0.475835712977575,-182.69658660071025,False,-1,0.0,575
936,187.20000000000002,522,drive,17.24738047671806,-0.47395383530935287,-182.37299656291387,False,-1,0.0,576
937,187.4,523,drive,17.207414778514732,-0.4722976447646106,-182.02340747819275,False,-1,0.0,577
938,187.60000000000002,524,drive,17.167439719080193,-0.4708853334657012,-181.6516495177153,False,-1,0.0,578
939,187.8,525,drive,17.12745633752757,-0.469732424268322,-181.2617957394919,False,-1,0.0,579
940,188.0,526,drive,17.08746603693699,-0.4688515958655184,-180.85811746309892,False,-1,0.0,580
941,188.20000000000002,527,drive,17.047470523048798,-0.4682525392578166,-180.44503747220753,False,-1,0.0,581
942,188.4,528,drive,17.00747172968321,-0.4679418476145569,-180.02708155764063,False,-1,0.0,582
943,188.60000000000002,529,drive,16.967471734151406,-0.467922941121365,-179.60882893186096,False,-1,0.0,583
944,188.8,530,drive,16.927472666367283,-0.4681960279229826,-179.1948620581617,False,-1,0.0,584
945,189.0,531,drive,16.887476615649508,-0.46875810174472976,-178.78971644423916,False,-1,0.0,585
946,189.20000000000002,532,drive,16.847485539306064,-0.46960297622827246,-178.39783095022162,False,-1,0.0,586
947,189.4,533,drive,16.80750117701435,-0.4707213554684295,-178.02349915558887,False,-1,0.0,587
948,189.60000000000002,534,drive,16.767524974751925,-0.4721009397079104,-177.6708223178169,False,-1,0.0,588
949,189.8,535,drive,16.727558021608967,-0.47372656465500895,-177.34366443814272,False,-1,0.0,589
950,190.0,536,drive,16.68760100224247,-0.47558037245123713,-177.04560992675817,False,-1,0.0,590
951,190.20000000000002,537,drive,16.647654167041107,-0.4776420119432742,-176.77992433126195,False,-1,0.0,591
952,190.4,538,drive,16.60771732128951,-0.47988886561300187,-176.54951855863655,False,-1,0.0,592
953,190.60000000000002,539,drive,16.56778983378696,-0.4822963002920331,-176.3569169827424,False,-1,0.0,593
954,190.8,540,drive,16.52787066452502,-0.4848379386291243,-176.20422978674947,False,-1,0.0,594
955,191.0,541,drive,16.487958410198704,-0.48748594818183605,-176.09312984352889,False,-1,0.0,595
956,191.20000000000002,542,drive,16.44805136555214,-0.49021134495606516,-176.02483438730772,False,-1,0.0,596
957,191.4,543,drive,16.408147597875132,-0.492984308204917,-176.0000916773961,False,-1,0.0,597
958,191.60000000000002,544,drive,16.368245031400175,-0.4957745033076898,-176.0191728001016,False,-1,0.0,598
959,191.8,545,drive,16.328341537923734,-0.4985514095674659,-176.0818686986508,False,-1,0.0,599
960,192.0,546,drive,16.288435029708495,-0.5012846497814086,-176.18749246365928,False,-1,0.0,600
961,192.20000000000002,547,drive,16.248523550625368,-0.5039443184444178,-176.3348868590544,False,-1,0.0,601
962,192.4,548,drive,16.208605361569553,-0.5065013054417007,-176.52243700099595,False,-1,0.0,602
963,192.60000000000002,549,drive,16.168679016430783,-0.5089276120710756,-176.74808805088142,False,-1,0.0,603
964,192.8,550,drive,16.12874342530382,-0.5111966562178522,-177.00936772858776,False,-1,0.0,604
965,193.0,550,probe,16.12874342530382,-0.5111966562178522,-182.00936772858776,False,10,-5.0,1159
966,193.20000000000002,550,probe,16.12874342530382,-0.5111966562178522,-187.00936772858776,False,10,-10.0,1160
967,193.4,550,probe,16.12874342530382,-0.5111966562178522,-192.00936772858776,False,10,-15.0,1161
968,193.60000000000002,550,probe,16.12874342530382,-0.5111966562178522,-197.00936772858776,False,10,-20.0,1162
969,193.8,550,probe,16.12874342530382,-0.5111966562178522,-202.00936772858776,False,10,-25.0,1163
970,194.0,550,probe,16.12874342530382,-0.5111966562178522,-207.00936772858776,False,10,-30.0,1164
971,194.20000000000002,550,probe,16.12874342530382,-0.5111966562178522,-212.00936772858776,False,10,-35.0,1165
972,194.4,550,probe,16.12874342530382,-0.5111966562178522,-217.00936772858776,False,10,-40.0,1166
973,194.60000000000002,550,probe,16.12874342530382,-0.5111966562178522,-222.00936772858776,False,10,-45.0,1167
974,194.8,550,probe,16.12874342530382,-0.5111966562178522,-217.00936772858776,False,10,-40.0,1166
975,195.0,550,probe,16.12874342530382,-0.5111966562178522,-212.00936772858776,False,10,-35.0,1165
976,195.20000000000002,550,probe,16.12874342530382,-0.5111966562178522,-207.00936772858776,False,10,-30.0,1164
977,195.4,550,probe,16.12874342530382,-0.5111966562178522,-202.00936772858776,False,10,-25.0,1163
978,195.60000000000002,550,probe,16.12874342530382,-0.5111966562178522,-197.00936772858776,False,10,-20.0,1162
979,195.8,550,probe,16.12874342530382,-0.5111966562178522,-192.00936772858776,False,10,-15.0,1161
980,196.0,550,probe,16.12874342530382,-0.5111966562178522,-187.00936772858776,False,10,-10.0,1160
981,196.20000000000002,550,probe,16.12874342530382,-0.5111966562178522,-182.00936772858776,False,10,-5.0,1159
982,196.4,550,probe,16.12874342530382,-0.5111966562178522,-177.00936772858776,False,10,0.0,604
983,196.60000000000002,550,probe,16.12874342530382,-0.5111966562178522,-172.00936772858776,False,10,5.0,1168
984,196.8,550,probe,16.12874342530382,-0.5111966562178522,-167.00936772858776,False,10,10.0,1169
985,197.0,550,probe,16.12874342530382,-0.5111966562178522,-162.00936772858776,False,10,15.0,1170
986,197.20000000000002,550,probe,16.12874342530382,-0.5111966562178522,-157.00936772858776,False,10,20.0,1171
987,197.4,550,probe,16.12874342530382,-0.5111966562178522,-152.00936772858776,False,10,25.0,1172
988,197.60000000000002,550,probe,16.12874342530382,-0.5111966562178522,-147.00936772858776,False,10,30.0,1173
989,197.8,550,probe,16.12874342530382,-0.5111966562178522,-142.00936772858776,False,10,35.0,1174
990,198.0,550,probe,16.12874342530382,-0.5111966562178522,-137.00936772858776,False,10,40.0,1175
991,198.20000000000002,550,probe,16.12874342530382,-0.5111966562178522,-132.00936772858776,False,10,45.0,1176
992,198.4,550,probe,16.12874342530382,-0.5111966562178522,-137.00936772858776,False,10,40.0,1175
993,198.60000000000002,550,probe,16.12874342530382,-0.5111966562178522,-142.00936772858776,False,10,35.0,1174
994,198.8,550,probe,16.12874342530382,-0.5111966562178522,-147.00936772858776,False,10,30.0,1173
995,199.0,550,probe,16.12874342530382,-0.5111966562178522,-152.00936772858776,False,10,25.0,1172
996,199.20000000000002,550,probe,16.12874342530382,-0.5111966562178522,-157.00936772858776,False,10,20.0,1171
997,199.4,550,probe,16.12874342530382,-0.5111966562178522,-162.00936772858776,False,10,15.0,1170
998,199.60000000000002,550,probe,16.12874342530382,-0.5111966562178522,-167.00936772858776,False,10,10.0,1169
999,199.8,550,probe,16.12874342530382,-0.5111966562178522,-172.00936772858776,False,10,5.0,1168
1000,200.0,550,probe,16.12874342530382,-0.5111966562178522,-177.00936772858776,False,10,0.0,604
1001,200.20000000000002,551,drive,16.088797902175184,-0.513283563494044,-177.30341339928972,False,-1,0.0,605
1002,200.4,552,drive,16.048842194992833,-0.5151654411622661,-177.62700343708613,False,-1,0.0,606
1003,200.60000000000002,553,drive,16.008876496789505,-0.5168216317070085,-177.97659252180725,False,-1,0.0,607
1004,200.8,554,drive,15.968901437354965,-0.5182339430059179,-178.3483504822847,False,-1,0.0,608
1005,201.0,555,drive,15.928918055802344,-0.5193868522032971,-178.7382042605081,False,-1,0.0,609
1006,201.20000000000002,556,drive,15.888927755211766,-0.5202676806061006,-179.14188253690108,False,-1,0.0,610
1007,201.4,557,drive,15.84893224132357,-0.5208667372138024,-179.55496252779247,False,-1,0.0,611
1008,201.60000000000002,558,drive,15.808933447957985,-0.5211774288570621,-179.97291844235943,False,-1,0.0,612
1009,201.8,559,drive,15.768933452426179,-0.521196335350254,-180.39117106813902,False,-1,0.0,613
1010,202.0,560,drive,15.728934384642058,-0.5209232485486365,-180.8051379418383,False,-1,0.0,614
1011,202.20000000000002,561,drive,15.688938333924282,-0.5203611747268893,-181.21028355576087,False,-1,0.0,615
1012,202.4,562,drive,15.64894725758084,-0.5195163002433465,-181.60216904977838,False,-1,0.0,616
1013,202.60000000000002,563,drive,15.608962895289125,-0.5183979210031895,-181.97650084441113,False,-1,0.0,617
1014,202.8,564,drive,15.568986693026702,-0.5170183367637086,-182.3291776821831,False,-1,0.0,618
1015,203.0,565,drive,15.529019739883744,-0.5153927118166101,-182.65633556185728,False,-1,0.0,619
1016,203.20000000000002,566,drive,15.489062720517246,-0.5135389040203819,-182.95439007324183,False,-1,0.0,620
1017,203.4,567,drive,15.449115885315884,-0.5114772645283449,-183.22007566873808,False,-1,0.0,621
1018,203.60000000000002,568,drive,15.409179039564286,-0.5092304108586172,-183.45048144136345,False,-1,0.0,622
1019,203.8,569,drive,15.369251552061737,-0.506822976179586,-183.64308301725762,False,-1,0.0,623
1020,204.0,570,drive,15.329332382799796,-0.5042813378424948,-183.79577021325053,False,-1,0.0,624
1021,204.20000000000002,571,drive,15.289420128473477,-0.5016333282897831,-183.90687015647111,False,-1,0.0,625
1022,204.4,572,drive,15.24951308382691,-0.498907931515554,-183.97516561269228,False,-1,0.0,626
1023,204.60000000000002,573,drive,15.209609316149903,-0.4961349682667022,-183.9999083226039,False,-1,0.0,627
1024,204.8,574,drive,15.169706749674944,-0.49334477316392944,-183.9808271998984,False,-1,0.0,628
1025,205.0,575,drive,15.129803256198503,-0.4905678669041533,-183.9181313013492,False,-1,0.0,629
1026,205.20000000000002,576,drive,15.089896747983264,-0.48783462669021066,-183.81250753634072,False,-1,0.0,630
1027,205.4,577,drive,15.049985268900135,-0.48517495802720145,-183.6651131409456,False,-1,0.0,631
1028,205.60000000000002,578,drive,15.01006707984432,-0.48261797102991855,-183.47756299900408,False,-1,0.0,632
1029,205.8,579,drive,14.97014073470555,-0.48019166440054356,-183.25191194911858,False,-1,0.0,633
1030,206.0,580,drive,14.930205143578588,-0.477922620253767,-182.99063227141224,False,-1,0.0,634
1031,206.20000000000002,581,drive,14.89025962044995,-0.4758357129775751,-182.69658660071028,False,-1,0.0,635
1032,206.4,582,drive,14.850303913267597,-0.4739538353093529,-182.37299656291387,False,-1,0.0,636
1033,206.60000000000002,583,drive,14.810338215064268,-0.47229764476461067,-182.02340747819272,False,-1,0.0,637
1034,206.8,584,drive,14.77036315562973,-0.4708853334657013,-181.6516495177153,False,-1,0.0,638
1035,207.0,585,drive,14.730379774077107,-0.46973242426832207,-181.26179573949193,False,-1,0.0,639
1036,207.20000000000002,586,drive,14.69038947348653,-0.46885159586551844,-180.8581174630989,False,-1,0.0,640
1037,207.4,587,drive,14.650393959598334,-0.4682525392578167,-180.44503747220756,False,-1,0.0,641
1038,207.60000000000002,588,drive,14.610395166232749,-0.467941847614557,-180.0270815576406,False,-1,0.0,642
1039,207.8,589,drive,14.570395170700943,-0.46792294112136507,-179.60882893186098,False,-1,0.0,643
1040,208.0,590,drive,14.530396102916821,-0.4681960279229826,-179.1948620581617,False,-1,0.0,644
1041,208.20000000000002,591,drive,14.490400052199046,-0.46875810174472976,-178.78971644423913,False,-1,0.0,645
1042,208.4,592,drive,14.450408975855604,-0.46960297622827246,-178.39783095022162,False,-1,0.0,646
1043,208.60000000000002,593,drive,14.410424613563888,-0.4707213554684295,-178.0234991555889,False,-1,0.0,647
1044,208.8,594,drive,14.370448411301465,-0.4721009397079104,-177.67082231781689,False,-1,0.0,648
1045,209.0,595,drive,14.330481458158507,-0.47372656465500895,-177.34366443814272,False,-1,0.0,649
1046,209.20000000000002,596,drive,14.29052443879201,-0.47558037245123713,-177.04560992675817,False,-1,0.0,650
1047,209.4,597,drive,14.250577603590648,-0.4776420119432742,-176.77992433126192,False,-1,0.0,651
1048,209.60000000000002,598,drive,14.21064075783905,-0.47988886561300187,-176.54951855863655,False,-1,0.0,652
1049,209.8,599,drive,14.1707132703365,-0.4822963002920331,-176.3569169827424,False,-1,0.0,653
1050,210.0,600,drive,14.13079410107456,-0.4848379386291243,-176.20422978674947,False,-1,0.0,654
1051,210.20000000000002,600,probe,14.13079410107456,-0.4848379386291243,-181.20422978674947,False,11,-5.0,1177
1052,210.4,600,probe,14.13079410107456,-0.4848379386291243,-186.20422978674947,False,11,-10.0,1178
1053,210.60000000000002,600,probe,14.13079410107456,-0.4848379386291243,-191.20422978674947,False,11,-15.0,1179
1054,210.8,600,probe,14.13079410107456,-0.4848379386291243,-196.20422978674947,False,11,-20.0,1180
1055,211.0,600,probe,14.13079410107456,-0.4848379386291243,-201.20422978674947,False,11,-25.0,1181
1056,211.20000000000002,600,probe,14.13079410107456,-0.4848379386291243,-206.20422978674947,False,11,-30.0,1182
1057,211.4,600,probe,14.13079410107456,-0.4848379386291243,-211.20422978674947,False,11,-35.0,1183
1058,211.60000000000002,600,probe,14.13079410107456,-0.4848379386291243,-216.20422978674947,False,11,-40.0,1184
1059,211.8,600,probe,14.13079410107456,-0.4848379386291243,-221.20422978674947,False,11,-45.0,1185
1060,212.0,600,probe,14.13079410107456,-0.4848379386291243,-216.20422978674947,False,11,-40.0,1184
1061,212.20000000000002,600,probe,14.13079410107456,-0.4848379386291243,-211.20422978674947,False,11,-35.0,1183
1062,212.4,600,probe,14.13079410107456,-0.4848379386291243,-206.20422978674947,False,11,-30.0,1182
1063,212.60000000000002,600,probe,14.13079410107456,-0.4848379386291243,-201.20422978674947,False,11,-25.0,1181
1064,212.8,600,probe,14.13079410107456,-0.4848379386291243,-196.20422978674947,False,11,-20.0,1180
1065,213.0,600,probe,14.13079410107456,-0.4848379386291243,-191.20422978674947,False,11,-15.0,1179
1066,213.20000000000002,600,probe,14.13079410107456,-0.4848379386291243,-186.20422978674947,False,11,-10.0,1178
1067,213.4,600,probe,14.13079410107456,-0.4848379386291243,-181.20422978674947,False,11,-5.0,1177
1068,213.60000000000002,600,probe,14.13079410107456,-0.4848379386291243,-176.20422978674947,False,11,0.0,654
1069,213.8,600,probe,14.13079410107456,-0.4848379386291243,-171.20422978674947,False,11,5.0,1186
1070,214.0,600,probe,14.13079410107456,-0.4848379386291243,-166.20422978674947,False,11,10.0,1187
1071,214.20000000000002,600,probe,14.13079410107456,-0.4848379386291243,-161.20422978674947,False,11,15.0,1188
1072,214.4,600,probe,14.13079410107456,-0.4848379386291243,-156.20422978674947,False,11,20.0,1189
1073,214.60000000000002,600,probe,14.13079410107456,-0.4848379386291243,-151.20422978674947,False,11,25.0,1190
1074,214.8,600,probe,14.13079410107456,-0.4848379386291243,-146.20422978674947,False,11,30.0,1191
1075,215.0,600,probe,14.13079410107456,-0.4848379386291243,-141.20422978674947,False,11,35.0,1192
1076,215.20000000000002,600,probe,14.13079410107456,-0.4848379386291243,-136.20422978674947,False,11,40.0,1193
1077,215.4,600,probe,14.13079410107456,-0.4848379386291243,-131.20422978674947,False,11,45.0,1194
1078,215.60000000000002,600,probe,14.13079410107456,-0.4848379386291243,-136.20422978674947,False,11,40.0,1193
1079,215.8,600,probe,14.13079410107456,-0.4848379386291243,-141.20422978674947,False,11,35.0,1192
1080,216.0,600,probe,14.13079410107456,-0.4848379386291243,-146.20422978674947,False,11,30.0,1191
1081,216.20000000000002,600,probe,14.13079410107456,-0.4848379386291243,-151.20422978674947,False,11,25.0,1190
1082,216.4,600,probe,14.13079410107456,-0.4848379386291243,-156.20422978674947,False,11,20.0,1189
1083,216.60000000000002,600,probe,14.13079410107456,-0.4848379386291243,-161.20422978674947,False,11,15.0,1188
1084,216.8,600,probe,14.13079410107456,-0.4848379386291243,-166.20422978674947,False,11,10.0,1187
1085,217.0,600,probe,14.13079410107456,-0.4848379386291243,-171.20422978674947,False,11,5.0,1186
1086,217.20000000000002,600,probe,14.13079410107456,-0.4848379386291243,-176.20422978674947,False,11,0.0,654
1087,217.4,601,drive,14.09088184674824,-0.48748594818183605,-176.09312984352889,False,-1,0.0,655
1088,217.60000000000002,602,drive,14.050974802101674,-0.49021134495606516,-176.02483438730772,False,-1,0.0,656
1089,217.8,603,drive,14.011071034424667,-0.492984308204917,-176.0000916773961,False,-1,0.0,657
1090,218.0,604,drive,13.971168467949708,-0.4957745033076898,-176.0191728001016,False,-1,0.0,658
1091,218.20000000000002,605,drive,13.931264974473267,-0.4985514095674659,-176.0818686986508,False,-1,0.0,659
1092,218.4,606,drive,13.891358466258028,-0.5012846497814086,-176.18749246365925,False,-1,0.0,660
1093,218.60000000000002,607,drive,13.8514469871749,-0.5039443184444179,-176.3348868590544,False,-1,0.0,661
1094,218.8,608,drive,13.811528798119085,-0.5065013054417008,-176.52243700099592,False,-1,0.0,662
1095,219.0,609,drive,13.771602452980314,-0.5089276120710758,-176.7480880508814,False,-1,0.0,663
1096,219.20000000000002,610,drive,13.731666861853352,-0.5111966562178524,-177.00936772858776,False,-1,0.0,664
1097,219.4,611,drive,13.691721338724713,-0.5132835634940442,-177.30341339928972,False,-1,0.0,665
1098,219.60000000000002,612,drive,13.65176563154236,-0.5151654411622664,-177.6270034370861,False,-1,0.0,666
1099,219.8,613,drive,13.611799933339032,-0.5168216317070087,-177.97659252180725,False,-1,0.0,667
1100,220.0,614,drive,13.571824873904493,-0.5182339430059181,-178.34835048228467,False,-1,0.0,668
1101,220.20000000000002,615,drive,13.531841492351871,-0.5193868522032973,-178.73820426050804,False,-1,0.0,669
1102,220.4,616,drive,13.491851191761294,-0.520267680606101,-179.1418825369011,False,-1,0.0,670
1103,220.60000000000002,617,drive,13.451855677873098,-0.5208667372138027,-179.5549625277924,False,-1,0.0,671
1104,220.8,618,drive,13.411856884507513,-0.5211774288570624,-179.9729184423594,False,-1,0.0,672
1105,221.0,619,drive,13.371856888975707,-0.5211963353502543,-180.39117106813896,False,-1,0.0,673
1106,221.20000000000002,620,drive,13.331857821191585,-0.5209232485486368,-180.80513794183827,False,-1,0.0,674
1107,221.4,621,drive,13.29186177047381,-0.5203611747268897,-181.2102835557608,False,-1,0.0,675
1108,221.60000000000002,622,drive,13.251870694130368,-0.519516300243347,-181.60216904977835,False,-1,0.0,676
1109,221.8,623,drive,13.211886331838652,-0.51839792100319,-181.97650084441108,False,-1,0.0,677
1110,222.0,624,drive,13.17191012957623,-0.5170183367637092,-182.3291776821831,False,-1,0.0,678
1111,222.20000000000002,625,drive,13.131943176433271,-0.5153927118166107,-182.65633556185725,False,-1,0.0,679
1112,222.4,626,drive,13.091986157066774,-0.5135389040203826,-182.9543900732418,False,-1,0.0,680
1113,222.60000000000002,627,drive,13.052039321865411,-0.5114772645283455,-183.22007566873805,False,-1,0.0,681
1114,222.8,628,drive,13.012102476113814,-0.5092304108586179,-183.45048144136345,False,-1,0.0,682
1115,223.0,629,drive,12.972174988611265,-0.5068229761795867,-183.6430830172576,False,-1,0.0,683
1116,223.20000000000002,630,drive,12.932255819349324,-0.5042813378424955,-183.79577021325053,False,-1,0.0,684
1117,223.4,631,drive,12.892343565023005,-0.5016333282897838,-183.90687015647111,False,-1,0.0,685
1118,223.60000000000002,632,drive,12.852436520376438,-0.4989079315155547,-183.97516561269228,False,-1,0.0,686
1119,223.8,633,drive,12.81253275269943,-0.4961349682667029,-183.9999083226039,False,-1,0.0,687
1120,224.0,634,drive,12.772630186224472,-0.4933447731639301,-183.9808271998984,False,-1,0.0,688
1121,224.20000000000002,635,drive,12.732726692748031,-0.490567866904154,-183.9181313013492,False,-1,0.0,689
1122,224.4,636,drive,12.692820184532792,-0.4878346266902113,-183.81250753634075,False,-1,0.0,690
1123,224.60000000000002,637,drive,12.652908705449663,-0.4851749580272021,-183.6651131409456,False,-1,0.0,691
1124,224.8,638,drive,12.612990516393848,-0.4826179710299192,-183.47756299900408,False,-1,0.0,692
1125,225.0,639,drive,12.573064171255078,-0.4801916644005442,-183.25191194911858,False,-1,0.0,693
1126,225.20000000000002,640,drive,12.533128580128116,-0.4779226202537677,-182.99063227141227,False,-1,0.0,694
1127,225.4,641,drive,12.493183056999477,-0.47583571297757576,-182.69658660071025,False,-1,0.0,695
1128,225.60000000000002,642,drive,12.453227349817125,-0.47395383530935364,-182.37299656291393,False,-1,0.0,696
1129,225.8,643,drive,12.413261651613796,-0.47229764476461134,-182.0234074781928,False,-1,0.0,697
1130,226.0,644,drive,12.373286592179257,-0.4708853334657019,-181.65164951771536,False,-1,0.0,698
1131,226.20000000000002,645,drive,12.333303210626635,-0.4697324242683226,-181.26179573949196,False,-1,0.0,699
1132,226.4,646,drive,12.293312910036057,-0.468851595865519,-180.8581174630989,False,-1,0.0,700
1133,226.60000000000002,647,drive,12.253317396147862,-0.46825253925781724,-180.4450374722076,False,-1,0.0,701
1134,226.8,648,drive,12.213318602782277,-0.46794184761455754,-180.02708155764066,False,-1,0.0,702
1135,227.0,649,drive,12.17331860725047,-0.4679229411213656,-179.60882893186096,False,-1,0.0,703
1136,227.20000000000002,650,drive,12.13331953946635,-0.4681960279229832,-179.19486205816173,False,-1,0.0,704
1137,227.4,650,probe,12.13331953946635,-0.4681960279229832,-184.19486205816173,False,12,-5.0,1195
1138,227.60000000000002,650,probe,12.13331953946635,-0.4681960279229832,-189.19486205816173,False,12,-10.0,1196
1139,227.8,650,probe,12.13331953946635,-0.4681960279229832,-194.19486205816173,False,12,-15.0,1197
1140,228.0,650,probe,12.13331953946635,-0.4681960279229832,-199.19486205816173,False,12,-20.0,1198
1141,228.20000000000002,650,probe,12.13331953946635,-0.4681960279229832,-204.19486205816173,False,12,-25.0,1199
1142,228.4,650,probe,12.13331953946635,-0.4681960279229832,-209.19486205816173,False,12,-30.0,1200
1143,228.60000000000002,650,probe,12.13331953946635,-0.4681960279229832,-214.19486205816173,False,12,-35.0,1201
1144,228.8,650,probe,12.13331953946635,-0.4681960279229832,-219.19486205816173,False,12,-40.0,1202
1145,229.0,650,probe,12.13331953946635,-0.4681960279229832,-224.19486205816173,False,12,-45.0,1203
1146,229.20000000000002,650,probe,12.13331953946635,-0.4681960279229832,-219.19486205816173,False,12,-40.0,1202
1147,229.4,650,probe,12.13331953946635,-0.4681960279229832,-214.19486205816173,False,12,-35.0,1201
1148,229.60000000000002,650,probe,12.13331953946635,-0.4681960279229832,-209.19486205816173,False,12,-30.0,1200
1149,229.8,650,probe,12.13331953946635,-0.4681960279229832,-204.19486205816173,False,12,-25.0,1199
1150,230.0,650,probe,12.13331953946635,-0.4681960279229832,-199.19486205816173,False,12,-20.0,1198
1151,230.20000000000002,650,probe,12.13331953946635,-0.4681960279229832,-194.19486205816173,False,12,-15.0,1197
1152,230.4,650,probe,12.13331953946635,-0.4681960279229832,-189.19486205816173,False,12,-10.0,1196
1153,230.60000000000002,650,probe,12.13331953946635,-0.4681960279229832,-184.19486205816173,False,12,-5.0,1195
1154,230.8,650,probe,12.13331953946635,-0.4681960279229832,-179.19486205816173,False,12,0.0,704
1155,231.0,650,probe,12.13331953946635,-0.4681960279229832,-174.19486205816173,False,12,5.0,1204
1156,231.20000000000002,650,probe,12.13331953946635,-0.4681960279229832,-169.19486205816173,False,12,10.0,1205
1157,231.4,650,probe,12.13331953946635,-0.4681960279229832,-164.19486205816173,False,12,15.0,1206
1158,231.60000000000002,650,probe,12.13331953946635,-0.4681960279229832,-159.19486205816173,False,12,20.0,1207
1159,231.8,650,probe,12.13331953946635,-0.4681960279229832,-154.19486205816173,False,12,25.0,1208
1160,232.0,650,probe,12.13331953946635,-0.4681960279229832,-149.19486205816173,False,12,30.0,1209
1161,232.20000000000002,650,probe,12.13331953946635,-0.4681960279229832,-144.19486205816173,False,12,35.0,1210
1162,232.4,650,probe,12.13331953946635,-0.4681960279229832,-139.19486205816173,False,12,40.0,1211
1163,232.60000000000002,650,probe,12.13331953946635,-0.4681960279229832,-134.19486205816173,False,12,45.0,1212
1164,232.8,650,probe,12.13331953946635,-0.4681960279229832,-139.19486205816173,False,12,40.0,1211
1165,233.0,650,probe,12.13331953946635,-0.4681960279229832,-144.19486205816173,False,12,35.0,1210
1166,233.20000000000002,650,probe,12.13331953946635,-0.4681960279229832,-149.19486205816173,False,12,30.0,1209
1167,233.4,650,probe,12.13331953946635,-0.4681960279229832,-154.19486205816173,False,12,25.0,1208
1168,233.60000000000002,650,probe,12.13331953946635,-0.4681960279229832,-159.19486205816173,False,12,20.0,1207
1169,233.8,650,probe,12.13331953946635,-0.4681960279229832,-164.19486205816173,False,12,15.0,1206
1170,234.0,650,probe,12.13331953946635,-0.4681960279229832,-169.19486205816173,False,12,10.0,1205
1171,234.20000000000002,650,probe,12.13331953946635,-0.4681960279229832,-174.19486205816173,False,12,5.0,1204
1172,234.4,650,probe,12.13331953946635,-0.4681960279229832,-179.19486205816173,False,12,0.0,704
1173,234.60000000000002,651,drive,12.093323488748574,-0.46875810174473037,-178.7897164442391,False,-1,0.0,705
1174,234.8,652,drive,12.053332412405132,-0.46960297622827313,-178.39783095022165,False,-1,0.0,706
1175,235.0,653,drive,12.013348050113416,-0.47072135546843014,-178.02349915558895,False,-1,0.0,707
1176,235.20000000000002,654,drive,11.973371847850993,-0.47210093970791095,-177.67082231781694,False,-1,0.0,708
1177,235.4,655,drive,11.933404894708035,-0.4737265646550095,-177.34366443814272,False,-1,0.0,709
1178,235.60000000000002,656,drive,11.893447875341538,-0.4755803724512377,-177.04560992675817,False,-1,0.0,710
1179,235.8,657,drive,11.853501040140175,-0.47764201194327477,-176.77992433126195,False,-1,0.0,711
1180,236.0,658,drive,11.813564194388578,-0.4798888656130024,-176.54951855863655,False,-1,0.0,712
1181,236.20000000000002,659,drive,11.773636706886029,-0.48229630029203363,-176.3569169827424,False,-1,0.0,713
1182,236.4,660,drive,11.733717537624088,-0.48483793862912483,-176.20422978674947,False,-1,0.0,714
1183,236.60000000000002,661,drive,11.693805283297769,-0.4874859481818366,-176.09312984352889,False,-1,0.0,715
1184,236.8,662,drive,11.653898238651202,-0.4902113449560657,-176.02483438730772,False,-1,0.0,716
1185,237.0,663,drive,11.613994470974195,-0.49298430820491757,-176.0000916773961,False,-1,0.0,717
1186,237.20000000000002,664,drive,11.574091904499236,-0.49577450330769035,-176.0191728001016,False,-1,0.0,718
1187,237.4,665,drive,11.534188411022795,-0.49855140956746646,-176.0818686986508,False,-1,0.0,719
1188,237.60000000000002,666,drive,11.494281902807556,-0.5012846497814092,-176.18749246365928,False,-1,0.0,720
1189,237.8,667,drive,11.454370423724427,-0.5039443184444183,-176.33488685905436,False,-1,0.0,721
1190,238.0,668,drive,11.414452234668612,-0.5065013054417012,-176.52243700099592,False,-1,0.0,722
1191,238.20000000000002,669,drive,11.374525889529842,-0.5089276120710763,-176.7480880508814,False,-1,0.0,723
1192,238.4,670,drive,11.33459029840288,-0.5111966562178528,-177.00936772858773,False,-1,0.0,724
1193,238.60000000000002,671,drive,11.294644775274241,-0.5132835634940448,-177.30341339928975,False,-1,0.0,725
1194,238.8,672,drive,11.254689068091889,-0.5151654411622669,-177.62700343708607,False,-1,0.0,726
1195,239.0,673,drive,11.21472336988856,-0.5168216317070092,-177.97659252180722,False,-1,0.0,727
1196,239.20000000000002,674,drive,11.17474831045402,-0.5182339430059186,-178.3483504822847,False,-1,0.0,728
1197,239.4,675,drive,11.134764928901399,-0.5193868522032978,-178.73820426050807,False,-1,0.0,729
1198,239.60000000000002,676,drive,11.094774628310821,-0.5202676806061015,-179.14188253690114,False,-1,0.0,730
1199,239.8,677,drive,11.054779114422626,-0.5208667372138033,-179.55496252779244,False,-1,0.0,731
1200,240.0,678,drive,11.01478032105704,-0.521177428857063,-179.97291844235932,False,-1,0.0,732
1201,240.20000000000002,679,drive,10.974780325525234,-0.5211963353502549,-180.391171068139,False,-1,0.0,733
1202,240.4,680,drive,10.934781257741113,-0.5209232485486374,-180.8051379418383,False,-1,0.0,734
1203,240.60000000000002,681,drive,10.894785207023338,-0.5203611747268901,-181.21028355576084,False,-1,0.0,735
1204,240.8,682,drive,10.854794130679895,-0.5195163002433475,-181.60216904977838,False,-1,0.0,736
1205,241.0,683,drive,10.81480976838818,-0.5183979210031905,-181.97650084441105,False,-1,0.0,737
1206,241.20000000000002,684,drive,10.774833566125757,-0.5170183367637097,-182.3291776821831,False,-1,0.0,738
1207,241.4,685,drive,10.734866612982799,-0.5153927118166112,-182.65633556185728,False,-1,0.0,739
1208,241.60000000000002,686,drive,10.694909593616302,-0.513538904020383,-182.95439007324183,False,-1,0.0,740
1209,241.8,687,drive,10.65496275841494,-0.511477264528346,-183.22007566873808,False,-1,0.0,741
1210,242.0,688,drive,10.615025912663342,-0.5092304108586183,-183.45048144136342,False,-1,0.0,742
1211,242.20000000000002,689,drive,10.575098425160792,-0.5068229761795872,-183.6430830172576,False,-1,0.0,743
1212,242.4,690,drive,10.535179255898852,-0.504281337842496,-183.79577021325053,False,-1,0.0,744
1213,242.60000000000002,691,drive,10.495267001572532,-0.5016333282897842,-183.90687015647111,False,-1,0.0,745
1214,242.8,692,drive,10.455359956925966,-0.4989079315155551,-183.97516561269225,False,-1,0.0,746
1215,243.0,693,drive,10.415456189248959,-0.49613496826670334,-183.9999083226039,False,-1,0.0,747
1216,243.20000000000002,694,drive,10.375553622774,-0.49334477316393055,-183.9808271998984,False,-1,0.0,748
1217,243.4,695,drive,10.335650129297559,-0.49056786690415444,-183.9181313013492,False,-1,0.0,749
1218,243.60000000000002,696,drive,10.29574362108232,-0.48783462669021177,-183.81250753634075,False,-1,0.0,750
1219,243.8,697,drive,10.255832141999191,-0.48517495802720256,-183.66511314094564,False,-1,0.0,751
1220,244.0,698,drive,10.215913952943376,-0.48261797102991966,-183.47756299900408,False,-1,0.0,752
1221,244.20000000000002,699,drive,10.175987607804606,-0.48019166440054467,-183.2519119491186,False,-1,0.0,753
1222,244.4,700,drive,10.136052016677644,-0.47792262025376814,-182.99063227141227,False,-1,0.0,754
1223,244.60000000000002,700,probe,10.136052016677644,-0.47792262025376814,-187.99063227141227,False,13,-5.0,1213
1224,244.8,700,probe,10.136052016677644,-0.47792262025376814,-192.99063227141227,False,13,-10.0,1214
1225,245.0,700,probe,10.136052016677644,-0.47792262025376814,-197.99063227141227,False,13,-15.0,1215
1226,245.20000000000002,700,probe,10.136052016677644,-0.47792262025376814,-202.99063227141227,False,13,-20.0,1216
1227,245.4,700,probe,10.136052016677644,-0.47792262025376814,-207.99063227141227,False,13,-25.0,1217
1228,245.60000000000002,700,probe,10.136052016677644,-0.47792262025376814,-212.99063227141227,False,13,-30.0,1218
1229,245.8,700,probe,10.136052016677644,-0.47792262025376814,-217.99063227141227,False,13,-35.0,1219
1230,246.0,700,probe,10.136052016677644,-0.47792262025376814,-222.99063227141227,False,13,-40.0,1220
1231,246.20000000000002,700,probe,10.136052016677644,-0.47792262025376814,-227.99063227141227,False,13,-45.0,1221
1232,246.4,700,probe,10.136052016677644,-0.47792262025376814,-222.99063227141227,False,13,-40.0,1220
1233,246.60000000000002,700,probe,10.136052016677644,-0.47792262025376814,-217.99063227141227,False,13,-35.0,1219
1234,246.8,700,probe,10.136052016677644,-0.47792262025376814,-212.99063227141227,False,13,-30.0,1218
1235,247.0,700,probe,10.136052016677644,-0.47792262025376814,-207.99063227141227,False,13,-25.0,1217
1236,247.20000000000002,700,probe,10.136052016677644,-0.47792262025376814,-202.99063227141227,False,13,-20.0,1216
1237,247.4,700,probe,10.136052016677644,-0.47792262025376814,-197.99063227141227,False,13,-15.0,1215
1238,247.60000000000002,700,probe,10.136052016677644,-0.47792262025376814,-192.99063227141227,False,13,-10.0,1214
1239,247.8,700,probe,10.136052016677644,-0.47792262025376814,-187.99063227141227,False,13,-5.0,1213
1240,248.0,700,probe,10.136052016677644,-0.47792262025376814,-182.99063227141227,False,13,0.0,754
1241,248.20000000000002,700,probe,10.136052016677644,-0.47792262025376814,-177.99063227141227,False,13,5.0,1222
1242,248.4,700,probe,10.136052016677644,-0.47792262025376814,-172.99063227141227,False,13,10.0,1223
1243,248.60000000000002,700,probe,10.136052016677644,-0.47792262025376814,-167.99063227141227,False,13,15.0,1224
1244,248.8,700,probe,10.136052016677644,-0.47792262025376814,-162.99063227141227,False,13,20.0,1225
1245,249.0,700,probe,10.136052016677644,-0.47792262025376814,-157.99063227141227,False,13,25.0,1226
1246,249.20000000000002,700,probe,10.136052016677644,-0.47792262025376814,-152.99063227141227,False,13,30.0,1227
1247,249.4,700,probe,10.136052016677644,-0.47792262025376814,-147.99063227141227,False,13,35.0,1228
1248,249.60000000000002,700,probe,10.136052016677644,-0.47792262025376814,-142.99063227141227,False,13,40.0,1229
1249,249.8,700,probe,10.136052016677644,-0.47792262025376814,-137.99063227141227,False,13,45.0,1230
1250,250.0,700,probe,10.136052016677644,-0.47792262025376814,-142.99063227141227,False,13,40.0,1229
1251,250.20000000000002,700,probe,10.136052016677644,-0.47792262025376814,-147.99063227141227,False,13,35.0,1228
1252,250.4,700,probe,10.136052016677644,-0.47792262025376814,-152.99063227141227,False,13,30.0,1227
1253,250.60000000000002,700,probe,10.136052016677644,-0.47792262025376814,-157.99063227141227,False,13,25.0,1226
1254,250.8,700,probe,10.136052016677644,-0.47792262025376814,-162.99063227141227,False,13,20.0,1225
1255,251.0,700,probe,10.136052016677644,-0.47792262025376814,-167.99063227141227,False,13,15.0,1224
1256,251.20000000000002,700,probe,10.136052016677644,-0.47792262025376814,-172.99063227141227,False,13,10.0,1223
1257,251.4,700,probe,10.136052016677644,-0.47792262025376814,-177.99063227141227,False,13,5.0,1222
1258,251.60000000000002,700,probe,10.136052016677644,-0.47792262025376814,-182.99063227141227,False,13,0.0,754
1259,251.8,701,drive,10.096106493549005,-0.4758357129775762,-182.69658660071025,False,-1,0.0,755
1260,252.0,702,drive,10.056150786366652,-0.4739538353093541,-182.3729965629139,False,-1,0.0,756
1261,252.20000000000002,703,drive,10.016185088163324,-0.47229764476461183,-182.02340747819284,False,-1,0.0,757
1262,252.4,704,drive,9.976210028728785,-0.4708853334657023,-181.65164951771533,False,-1,0.0,758
1263,252.60000000000002,705,drive,9.936226647176163,-0.4697324242683231,-181.261795739492,False,-1,0.0,759
1264,252.8,706,drive,9.896236346585585,-0.46885159586551944,-180.85811746309892,False,-1,0.0,760
1265,253.0,707,drive,9.85624083269739,-0.4682525392578177,-180.44503747220756,False,-1,0.0,761
1266,253.20000000000002,708,drive,9.816242039331804,-0.467941847614558,-180.02708155764068,False,-1,0.0,762
1267,253.4,709,drive,9.776242043799998,-0.467922941121366,-179.60882893186098,False,-1,0.0,763
1268,253.60000000000002,710,drive,9.736242976015877,-0.46819602792298354,-179.1948620581617,False,-1,0.0,764
1269,253.8,711,drive,9.696246925298102,-0.4687581017447307,-178.78971644423913,False,-1,0.0,765
1270,254.0,712,drive,9.65625584895466,-0.4696029762282734,-178.39783095022162,False,-1,0.0,766
1271,254.20000000000002,713,drive,9.616271486662944,-0.47072135546843047,-178.02349915558892,False,-1,0.0,767
1272,254.4,714,drive,9.576295284400521,-0.47210093970791134,-177.6708223178169,False,-1,0.0,768
1273,254.60000000000002,715,drive,9.536328331257563,-0.4737265646550099,-177.34366443814275,False,-1,0.0,769
1274,254.8,716,drive,9.496371311891066,-0.4755803724512381,-177.04560992675817,False,-1,0.0,770
1275,255.0,717,drive,9.456424476689703,-0.47764201194327516,-176.77992433126195,False,-1,0.0,771
1276,255.20000000000002,718,drive,9.416487630938105,-0.4798888656130028,-176.54951855863658,False,-1,0.0,772
1277,255.4,719,drive,9.376560143435556,-0.48229630029203396,-176.3569169827424,False,-1,0.0,773
1278,255.60000000000002,720,drive,9.336640974173616,-0.48483793862912516,-176.20422978674947,False,-1,0.0,774
1279,255.8,721,drive,9.296728719847296,-0.48748594818183694,-176.09312984352889,False,-1,0.0,775
1280,256.0,722,drive,9.25682167520073,-0.49021134495606605,-176.02483438730772,False,-1,0.0,776
1281,256.2,723,drive,9.216917907523722,-0.4929843082049179,-176.0000916773961,False,-1,0.0,777
1282,256.40000000000003,724,drive,9.177015341048763,-0.4957745033076907,-176.0191728001016,False,-1,0.0,778
1283,256.6,725,drive,9.137111847572323,-0.4985514095674668,-176.0818686986508,False,-1,0.0,779
1284,256.8,726,drive,9.097205339357084,-0.5012846497814095,-176.18749246365928,False,-1,0.0,780
1285,257.0,727,drive,9.057293860273955,-0.5039443184444187,-176.3348868590544,False,-1,0.0,781
1286,257.2,728,drive,9.01737567121814,-0.5065013054417016,-176.5224370009959,False,-1,0.0,782
1287,257.40000000000003,729,drive,8.97744932607937,-0.5089276120710766,-176.7480880508814,False,-1,0.0,783
1288,257.6,730,drive,8.937513734952407,-0.5111966562178532,-177.0093677285877,False,-1,0.0,784
1289,257.8,731,drive,8.897568211823769,-0.5132835634940451,-177.30341339928972,False,-1,0.0,785
1290,258.0,732,drive,8.857612504641416,-0.5151654411622673,-177.6270034370861,False,-1,0.0,786
1291,258.2,733,drive,8.817646806438088,-0.5168216317070096,-177.9765925218072,False,-1,0.0,787
1292,258.40000000000003,734,drive,8.777671747003549,-0.5182339430059191,-178.34835048228467,False,-1,0.0,788
1293,258.6,735,drive,8.737688365450927,-0.5193868522032983,-178.73820426050807,False,-1,0.0,789
1294,258.8,736,drive,8.697698064860349,-0.520267680606102,-179.1418825369011,False,-1,0.0,790
1295,259.0,737,drive,8.657702550972154,-0.5208667372138037,-179.55496252779247,False,-1,0.0,791
1296,259.2,738,drive,8.617703757606568,-0.5211774288570634,-179.97291844235934,False,-1,0.0,792
1297,259.40000000000003,739,drive,8.577703762074762,-0.5211963353502553,-180.39117106813902,False,-1,0.0,793
1298,259.6,740,drive,8.53770469429064,-0.5209232485486378,-180.80513794183827,False,-1,0.0,794
1299,259.8,741,drive,8.497708643572865,-0.5203611747268907,-181.21028355576087,False,-1,0.0,795
1300,260.0,742,drive,8.457717567229423,-0.5195163002433479,-181.60216904977835,False,-1,0.0,796
1301,260.2,743,drive,8.417733204937708,-0.5183979210031909,-181.97650084441108,False,-1,0.0,797
1302,260.40000000000003,744,drive,8.377757002675285,-0.5170183367637101,-182.32917768218306,False,-1,0.0,798
1303,260.6,745,drive,8.337790049532327,-0.5153927118166116,-182.65633556185725,False,-1,0.0,799
1304,260.8,746,drive,8.29783303016583,-0.5135389040203835,-182.9543900732418,False,-1,0.0,800
1305,261.0,747,drive,8.257886194964467,-0.5114772645283464,-183.22007566873805,False,-1,0.0,801
1306,261.2,748,drive,8.21794934921287,-0.5092304108586188,-183.45048144136345,False,-1,0.0,802
1307,261.40000000000003,749,drive,8.17802186171032,-0.5068229761795876,-183.6430830172576,False,-1,0.0,803
1308,261.6,750,drive,8.13810269244838,-0.5042813378424964,-183.79577021325053,False,-1,0.0,804
1309,261.8,750,probe,8.13810269244838,-0.5042813378424964,-188.79577021325053,False,14,-5.0,1231
1310,262.0,750,probe,8.13810269244838,-0.5042813378424964,-193.79577021325053,False,14,-10.0,1232
1311,262.2,750,probe,8.13810269244838,-0.5042813378424964,-198.79577021325053,False,14,-15.0,1233
1312,262.40000000000003,750,probe,8.13810269244838,-0.5042813378424964,-203.79577021325053,False,14,-20.0,1234
1313,262.6,750,probe,8.13810269244838,-0.5042813378424964,-208.79577021325053,False,14,-25.0,1235
1314,262.8,750,probe,8.13810269244838,-0.5042813378424964,-213.79577021325053,False,14,-30.0,1236
1315,263.0,750,probe,8.13810269244838,-0.5042813378424964,-218.79577021325053,False,14,-35.0,1237
1316,263.2,750,probe,8.13810269244838,-0.5042813378424964,-223.79577021325053,False,14,-40.0,1238
1317,263.40000000000003,750,probe,8.13810269244838,-0.5042813378424964,-228.79577021325053,False,14,-45.0,1239
1318,263.6,750,probe,8.13810269244838,-0.5042813378424964,-223.79577021325053,False,14,-40.0,1238
1319,263.8,750,probe,8.13810269244838,-0.5042813378424964,-218.79577021325053,False,14,-35.0,1237
1320,264.0,750,probe,8.13810269244838,-0.5042813378424964,-213.79577021325053,False,14,-30.0,1236
1321,264.2,750,probe,8.13810269244838,-0.5042813378424964,-208.79577021325053,False,14,-25.0,1235
1322,264.40000000000003,750,probe,8.13810269244838,-0.5042813378424964,-203.79577021325053,False,14,-20.0,1234
1323,264.6,750,probe,8.13810269244838,-0.5042813378424964,-198.79577021325053,False,14,-15.0,1233
1324,264.8,750,probe,8.13810269244838,-0.5042813378424964,-193.79577021325053,False,14,-10.0,1232
1325,265.0,750,probe,8.13810269244838,-0.5042813378424964,-188.79577021325053,False,14,-5.0,1231
1326,265.2,750,probe,8.13810269244838,-0.5042813378424964,-183.79577021325053,False,14,0.0,804
1327,265.40000000000003,750,probe,8.13810269244838,-0.5042813378424964,-178.79577021325053,False,14,5.0,1240
1328,265.6,750,probe,8.13810269244838,-0.5042813378424964,-173.79577021325053,False,14,10.0,1241
1329,265.8,750,probe,8.13810269244838,-0.5042813378424964,-168.79577021325053,False,14,15.0,1242
1330,266.0,750,probe,8.13810269244838,-0.5042813378424964,-163.79577021325053,False,14,20.0,1243
1331,266.2,750,probe,8.13810269244838,-0.5042813378424964,-158.79577021325053,False,14,25.0,1244
1332,266.40000000000003,750,probe,8.13810269244838,-0.5042813378424964,-153.79577021325053,False,14,30.0,1245
1333,266.6,750,probe,8.13810269244838,-0.5042813378424964,-148.79577021325053,False,14,35.0,1246
1334,266.8,750,probe,8.13810269244838,-0.5042813378424964,-143.79577021325053,False,14,40.0,1247
1335,267.0,750,probe,8.13810269244838,-0.5042813378424964,-138.79577021325053,False,14,45.0,1248
1336,267.2,750,probe,8.13810269244838,-0.5042813378424964,-143.79577021325053,False,14,40.0,1247
1337,267.40000000000003,750,probe,8.13810269244838,-0.5042813378424964,-148.79577021325053,False,14,35.0,1246
1338,267.6,750,probe,8.13810269244838,-0.5042813378424964,-153.79577021325053,False,14,30.0,1245
1339,267.8,750,probe,8.13810269244838,-0.5042813378424964,-158.79577021325053,False,14,25.0,1244
1340,268.0,750,probe,8.13810269244838,-0.5042813378424964,-163.79577021325053,False,14,20.0,1243
1341,268.2,750,probe,8.13810269244838,-0.5042813378424964,-168.79577021325053,False,14,15.0,1242
1342,268.40000000000003,750,probe,8.13810269244838,-0.5042813378424964,-173.79577021325053,False,14,10.0,1241
1343,268.6,750,probe,8.13810269244838,-0.5042813378424964,-178.79577021325053,False,14,5.0,1240
1344,268.8,750,probe,8.13810269244838,-0.5042813378424964,-183.79577021325053,False,14,0.0,804
1345,269.0,751,drive,8.09819043812206,-0.5016333282897847,-183.90687015647114,False,-1,0.0,805
1346,269.2,752,drive,8.058283393475493,-0.49890793151555557,-183.97516561269228,False,-1,0.0,806
1347,269.40000000000003,753,drive,8.018379625798486,-0.4961349682667038,-183.9999083226039,False,-1,0.0,807
1348,269.6,754,drive,7.978477059323528,-0.493344773163931,-183.9808271998984,False,-1,0.0,808
1349,269.8,755,drive,7.938573565847086,-0.4905678669041549,-183.9181313013492,False,-1,0.0,809
1350,270.0,756,drive,7.898667057631848,-0.4878346266902122,-183.81250753634072,False,-1,0.0,810
1351,270.2,757,drive,7.8587555785487195,-0.485174958027203,-183.6651131409456,False,-1,0.0,811
1352,270.40000000000003,758,drive,7.818837389492906,-0.4826179710299201,-183.4775629990041,False,-1,0.0,812
1353,270.6,759,drive,7.7789110443541345,-0.4801916644005451,-183.25191194911858,False,-1,0.0,813
1354,270.8,760,drive,7.738975453227171,-0.4779226202537686,-182.99063227141227,False,-1,0.0,814
1355,271.0,761,drive,7.699029930098533,-0.47583571297757665,-182.69658660071028,False,-1,0.0,815
1356,271.2,762,drive,7.659074222916181,-0.4739538353093545,-182.37299656291387,False,-1,0.0,816
1357,271.40000000000003,763,drive,7.6191085247128525,-0.4722976447646122,-182.0234074781928,False,-1,0.0,817
1358,271.6,764,drive,7.579133465278313,-0.47088533346570277,-181.65164951771533,False,-1,0.0,818
1359,271.8,765,drive,7.539150083725691,-0.46973242426832357,-181.26179573949196,False,-1,0.0,819
1360,272.0,766,drive,7.499159783135112,-0.46885159586551994,-180.8581174630989,False,-1,0.0,820
1361,272.2,767,drive,7.4591642692469176,-0.4682525392578182,-180.4450374722076,False,-1,0.0,821
1362,272.40000000000003,768,drive,7.419165475881332,-0.4679418476145585,-180.0270815576406,False,-1,0.0,822
1363,272.6,769,drive,7.379165480349526,-0.46792294112136656,-179.608828931861,False,-1,0.0,823
1364,272.8,770,drive,7.339166412565404,-0.4681960279229841,-179.19486205816173,False,-1,0.0,824
1365,273.0,771,drive,7.299170361847628,-0.46875810174473126,-178.78971644423916,False,-1,0.0,825
1366,273.2,772,drive,7.259179285504185,-0.46960297622827396,-178.39783095022165,False,-1,0.0,826
1367,273.40000000000003,773,drive,7.219194923212469,-0.47072135546843097,-178.0234991555889,False,-1,0.0,827
1368,273.6,774,drive,7.179218720950046,-0.47210093970791184,-177.67082231781694,False,-1,0.0,828
1369,273.8,775,drive,7.139251767807088,-0.4737265646550104,-177.34366443814272,False,-1,0.0,829
1370,274.0,776,drive,7.099294748440591,-0.4755803724512386,-177.04560992675817,False,-1,0.0,830
1371,274.2,777,drive,7.059347913239227,-0.47764201194327566,-176.77992433126195,False,-1,0.0,831
1372,274.40000000000003,778,drive,7.01941106748763,-0.4798888656130033,-176.54951855863652,False,-1,0.0,832
1373,274.6,779,drive,6.979483579985081,-0.4822963002920345,-176.3569169827424,False,-1,0.0,833
1374,274.8,780,drive,6.939564410723142,-0.4848379386291257,-176.2042297867495,False,-1,0.0,834
1375,275.0,781,drive,6.899652156396823,-0.4874859481818375,-176.09312984352889,False,-1,0.0,835
1376,275.2,782,drive,6.859745111750257,-0.4902113449560666,-176.02483438730775,False,-1,0.0,836
1377,275.40000000000003,783,drive,6.819841344073251,-0.4929843082049184,-176.0000916773961,False,-1,0.0,837
1378,275.6,784,drive,6.779938777598293,-0.4957745033076912,-176.0191728001016,False,-1,0.0,838
1379,275.8,785,drive,6.740035284121851,-0.4985514095674673,-176.0818686986508,False,-1,0.0,839
1380,276.0,786,drive,6.700128775906613,-0.50128464978141,-176.18749246365928,False,-1,0.0,840
1381,276.2,787,drive,6.660217296823484,-0.5039443184444191,-176.3348868590544,False,-1,0.0,841
1382,276.40000000000003,788,drive,6.6202991077676705,-0.506501305441702,-176.52243700099595,False,-1,0.0,842
1383,276.6,789,drive,6.580372762628899,-0.508927612071077,-176.74808805088142,False,-1,0.0,843
1384,276.8,790,drive,6.540437171501936,-0.5111966562178535,-177.00936772858773,False,-1,0.0,844
1385,277.0,791,drive,6.5004916483732975,-0.5132835634940455,-177.30341339928975,False,-1,0.0,845
1386,277.2,792,drive,6.460535941190946,-0.5151654411622676,-177.62700343708607,False,-1,0.0,846
1387,277.40000000000003,793,drive,6.420570242987617,-0.5168216317070099,-177.97659252180725,False,-1,0.0,847
1388,277.6,794,drive,6.380595183553078,-0.5182339430059193,-178.34835048228464,False,-1,0.0,848
1389,277.8,795,drive,6.340611802000455,-0.5193868522032985,-178.73820426050804,False,-1,0.0,849
1390,278.0,796,drive,6.300621501409877,-0.5202676806061022,-179.14188253690108,False,-1,0.0,850
1391,278.2,797,drive,6.260625987521682,-0.5208667372138039,-179.5549625277924,False,-1,0.0,851
1392,278.40000000000003,798,drive,6.220627194156097,-0.5211774288570636,-179.97291844235937,False,-1,0.0,852
1393,278.6,799,drive,6.180627198624291,-0.5211963353502556,-180.391171068139,False,-1,0.0,853
1394,278.8,800,drive,6.1406281308401685,-0.520923248548638,-180.80513794183827,False,-1,0.0,854
1395,279.0,800,probe,6.1406281308401685,-0.520923248548638,-185.80513794183827,False,15,-5.0,1249
1396,279.2,800,probe,6.1406281308401685,-0.520923248548638,-190.80513794183827,False,15,-10.0,1250
1397,279.40000000000003,800,probe,6.1406281308401685,-0.520923248548638,-195.80513794183827,False,15,-15.0,1251
1398,279.6,800,probe,6.1406281308401685,-0.520923248548638,-200.80513794183827,False,15,-20.0,1252
1399,279.8,800,probe,6.1406281308401685,-0.520923248548638,-205.80513794183827,False,15,-25.0,1253
1400,280.0,800,probe,6.1406281308401685,-0.520923248548638,-210.80513794183827,False,15,-30.0,1254
1401,280.2,800,probe,6.1406281308401685,-0.520923248548638,-215.80513794183827,False,15,-35.0,1255
1402,280.40000000000003,800,probe,6.1406281308401685,-0.520923248548638,-220.80513794183827,False,15,-40.0,1256
1403,280.6,800,probe,6.1406281308401685,-0.520923248548638,-225.80513794183827,False,15,-45.0,1257
1404,280.8,800,probe,6.1406281308401685,-0.520923248548638,-220.80513794183827,False,15,-40.0,1256
1405,281.0,800,probe,6.1406281308401685,-0.520923248548638,-215.80513794183827,False,15,-35.0,1255
1406,281.2,800,probe,6.1406281308401685,-0.520923248548638,-210.80513794183827,False,15,-30.0,1254
1407,281.40000000000003,800,probe,6.1406281308401685,-0.520923248548638,-205.80513794183827,False,15,-25.0,1253
1408,281.6,800,probe,6.1406281308401685,-0.520923248548638,-200.80513794183827,False,15,-20.0,1252
1409,281.8,800,probe,6.1406281308401685,-0.520923248548638,-195.80513794183827,False,15,-15.0,1251
1410,282.0,800,probe,6.1406281308401685,-0.520923248548638,-190.80513794183827,False,15,-10.0,1250
1411,282.2,800,probe,6.1406281308401685,-0.520923248548638,-185.80513794183827,False,15,-5.0,1249
1412,282.40000000000003,800,probe,6.1406281308401685,-0.520923248548638,-180.80513794183827,False,15,0.0,854
1413,282.6,800,probe,6.1406281308401685,-0.520923248548638,-175.80513794183827,False,15,5.0,1258
1414,282.8,800,probe,6.1406281308401685,-0.520923248548638,-170.80513794183827,False,15,10.0,1259
1415,283.0,800,probe,6.1406281308401685,-0.520923248548638,-165.80513794183827,False,15,15.0,1260
1416,283.2,800,probe,6.1406281308401685,-0.520923248548638,-160.80513794183827,False,15,20.0,1261
1417,283.40000000000003,800,probe,6.1406281308401685,-0.520923248548638,-155.80513794183827,False,15,25.0,1262
1418,283.6,800,probe,6.1406281308401685,-0.520923248548638,-150.80513794183827,False,15,30.0,1263
1419,283.8,800,probe,6.1406281308401685,-0.520923248548638,-145.80513794183827,False,15,35.0,1264
1420,284.0,800,probe,6.1406281308401685,-0.520923248548638,-140.80513794183827,False,15,40.0,1265
1421,284.2,800,probe,6.1406281308401685,-0.520923248548638,-135.80513794183827,False,15,45.0,1266
1422,284.40000000000003,800,probe,6.1406281308401685,-0.520923248548638,-140.80513794183827,False,15,40.0,1265
1423,284.6,800,probe,6.1406281308401685,-0.520923248548638,-145.80513794183827,False,15,35.0,1264
1424,284.8,800,probe,6.1406281308401685,-0.520923248548638,-150.80513794183827,False,15,30.0,1263
1425,285.0,800,probe,6.1406281308401685,-0.520923248548638,-155.80513794183827,False,15,25.0,1262
1426,285.2,800,probe,6.1406281308401685,-0.520923248548638,-160.80513794183827,False,15,20.0,1261
1427,285.40000000000003,800,probe,6.1406281308401685,-0.520923248548638,-165.80513794183827,False,15,15.0,1260
1428,285.6,800,probe,6.1406281308401685,-0.520923248548638,-170.80513794183827,False,15,10.0,1259
1429,285.8,800,probe,6.1406281308401685,-0.520923248548638,-175.80513794183827,False,15,5.0,1258
1430,286.0,800,probe,6.1406281308401685,-0.520923248548638,-180.80513794183827,False,15,0.0,854
1431,286.2,801,drive,6.100632080122392,-0.5203611747268909,-181.21028355576084,False,-1,0.0,855
1432,286.40000000000003,802,drive,6.06064100377895,-0.5195163002433483,-181.60216904977838,False,-1,0.0,856
1433,286.6,803,drive,6.020656641487234,-0.5183979210031913,-181.97650084441116,False,-1,0.0,857
1434,286.8,804,drive,5.980680439224811,-0.5170183367637103,-182.3291776821831,False,-1,0.0,858
1435,287.0,805,drive,5.940713486081853,-0.5153927118166118,-182.65633556185725,False,-1,0.0,859
1436,287.2,806,drive,5.900756466715356,-0.5135389040203837,-182.95439007324183,False,-1,0.0,860
1437,287.40000000000003,807,drive,5.860809631513992,-0.5114772645283466,-183.22007566873802,False,-1,0.0,861
1438,287.6,808,drive,5.820872785762395,-0.509230410858619,-183.45048144136345,False,-1,0.0,862
1439,287.8,809,drive,5.780945298259846,-0.5068229761795878,-183.6430830172576,False,-1,0.0,863
1440,288.0,810,drive,5.741026128997906,-0.5042813378424966,-183.79577021325053,False,-1,0.0,864
1441,288.2,811,drive,5.701113874671588,-0.5016333282897849,-183.90687015647111,False,-1,0.0,865
1442,288.40000000000003,812,drive,5.661206830025022,-0.4989079315155558,-183.97516561269228,False,-1,0.0,866
1443,288.6,813,drive,5.621303062348016,-0.496134968266704,-183.9999083226039,False,-1,0.0,867
1444,288.8,814,drive,5.581400495873058,-0.4933447731639312,-183.9808271998984,False,-1,0.0,868
1445,289.0,815,drive,5.541497002396616,-0.4905678669041551,-183.9181313013492,False,-1,0.0,869
1446,289.2,816,drive,5.501590494181378,-0.48783462669021244,-183.81250753634072,False,-1,0.0,870
1447,289.40000000000003,817,drive,5.461679015098249,-0.48517495802720323,-183.66511314094564,False,-1,0.0,871
1448,289.6,818,drive,5.421760826042435,-0.4826179710299203,-183.47756299900405,False,-1,0.0,872
1449,289.8,819,drive,5.381834480903664,-0.48019166440054534,-183.2519119491186,False,-1,0.0,873
1450,290.0,820,drive,5.341898889776701,-0.4779226202537688,-182.9906322714123,False,-1,0.0,874
1451,290.2,821,drive,5.301953366648062,-0.4758357129775769,-182.69658660071028,False,-1,0.0,875
1452,290.40000000000003,822,drive,5.2619976594657105,-0.4739538353093547,-182.3729965629139,False,-1,0.0,876
1453,290.6,823,drive,5.222031961262382,-0.47229764476461245,-182.02340747819272,False,-1,0.0,877
1454,290.8,824,drive,5.182056901827843,-0.47088533346570305,-181.6516495177153,False,-1,0.0,878
1455,291.0,825,drive,5.14207352027522,-0.46973242426832384,-181.261795739492,False,-1,0.0,879
1456,291.2,826,drive,5.1020832196846415,-0.46885159586552017,-180.85811746309892,False,-1,0.0,880
1457,291.40000000000003,827,drive,5.062087705796447,-0.4682525392578184,-180.44503747220756,False,-1,0.0,881
1458,291.6,828,drive,5.022088912430862,-0.4679418476145587,-180.02708155764057,False,-1,0.0,882
1459,291.8,829,drive,4.982088916899055,-0.46792294112136684,-179.60882893186098,False,-1,0.0,883
1460,292.0,830,drive,4.942089849114933,-0.46819602792298437,-179.1948620581617,False,-1,0.0,884
1461,292.2,831,drive,4.902093798397157,-0.46875810174473154,-178.78971644423913,False,-1,0.0,885
1462,292.40000000000003,832,drive,4.862102722053715,-0.46960297622827424,-178.39783095022167,False,-1,0.0,886
1463,292.6,833,drive,4.8221183597619985,-0.47072135546843125,-178.0234991555889,False,-1,0.0,887
1464,292.8,834,drive,4.7821421574995755,-0.4721009397079121,-177.6708223178169,False,-1,0.0,888
1465,293.0,835,drive,4.742175204356617,-0.4737265646550107,-177.3436644381427,False,-1,0.0,889
1466,293.2,836,drive,4.70221818499012,-0.47558037245123885,-177.0456099267582,False,-1,0.0,890
1467,293.40000000000003,837,drive,4.662271349788757,-0.4776420119432759,-176.77992433126195,False,-1,0.0,891
1468,293.6,838,drive,4.62233450403716,-0.47988886561300353,-176.54951855863655,False,-1,0.0,892
1469,293.8,839,drive,4.582407016534611,-0.48229630029203474,-176.3569169827424,False,-1,0.0,893
1470,294.0,840,drive,4.542487847272671,-0.48483793862912594,-176.20422978674947,False,-1,0.0,894
1471,294.2,841,drive,4.502575592946353,-0.4874859481818377,-176.09312984352889,False,-1,0.0,895
1472,294.40000000000003,842,drive,4.462668548299787,-0.49021134495606683,-176.02483438730772,False,-1,0.0,896
1473,294.6,843,drive,4.422764780622781,-0.4929843082049187,-176.0000916773961,False,-1,0.0,897
1474,294.8,844,drive,4.382862214147822,-0.49577450330769146,-176.0191728001016,False,-1,0.0,898
1475,295.0,845,drive,4.342958720671381,-0.4985514095674676,-176.0818686986508,False,-1,0.0,899
1476,295.2,846,drive,4.3030522124561426,-0.5012846497814103,-176.18749246365928,False,-1,0.0,900
1477,295.40000000000003,847,drive,4.263140733373014,-0.5039443184444194,-176.33488685905436,False,-1,0.0,901
1478,295.6,848,drive,4.2232225443172,-0.5065013054417024,-176.52243700099592,False,-1,0.0,902
1479,295.8,849,drive,4.183296199178429,-0.5089276120710774,-176.7480880508814,False,-1,0.0,903
1480,296.0,850,drive,4.1433606080514656,-0.5111966562178539,-177.00936772858776,False,-1,0.0,904
1481,296.2,850,probe,4.1433606080514656,-0.5111966562178539,-182.00936772858776,False,16,-5.0,1267
1482,296.40000000000003,850,probe,4.1433606080514656,-0.5111966562178539,-187.00936772858776,False,16,-10.0,1268
1483,296.6,850,probe,4.1433606080514656,-0.5111966562178539,-192.00936772858776,False,16,-15.0,1269
1484,296.8,850,probe,4.1433606080514656,-0.5111966562178539,-197.00936772858776,False,16,-20.0,1270
1485,297.0,850,probe,4.1433606080514656,-0.5111966562178539,-202.00936772858776,False,16,-25.0,1271
1486,297.2,850,probe,4.1433606080514656,-0.5111966562178539,-207.00936772858776,False,16,-30.0,1272
1487,297.40000000000003,850,probe,4.1433606080514656,-0.5111966562178539,-212.00936772858776,False,16,-35.0,1273
1488,297.6,850,probe,4.1433606080514656,-0.5111966562178539,-217.00936772858776,False,16,-40.0,1274
1489,297.8,850,probe,4.1433606080514656,-0.5111966562178539,-222.00936772858776,False,16,-45.0,1275
1490,298.0,850,probe,4.1433606080514656,-0.5111966562178539,-217.00936772858776,False,16,-40.0,1274
1491,298.2,850,probe,4.1433606080514656,-0.5111966562178539,-212.00936772858776,False,16,-35.0,1273
1492,298.40000000000003,850,probe,4.1433606080514656,-0.5111966562178539,-207.00936772858776,False,16,-30.0,1272
1493,298.6,850,probe,4.1433606080514656,-0.5111966562178539,-202.00936772858776,False,16,-25.0,1271
1494,298.8,850,probe,4.1433606080514656,-0.5111966562178539,-197.00936772858776,False,16,-20.0,1270
1495,299.0,850,probe,4.1433606080514656,-0.5111966562178539,-192.00936772858776,False,16,-15.0,1269
1496,299.2,850,probe,4.1433606080514656,-0.5111966562178539,-187.00936772858776,False,16,-10.0,1268
1497,299.40000000000003,850,probe,4.1433606080514656,-0.5111966562178539,-182.00936772858776,False,16,-5.0,1267
1498,299.6,850,probe,4.1433606080514656,-0.5111966562178539,-177.00936772858776,False,16,0.0,904
1499,299.8,850,probe,4.1433606080514656,-0.5111966562178539,-172.00936772858776,False,16,5.0,1276
1500,300.0,850,probe,4.1433606080514656,-0.5111966562178539,-167.00936772858776,False,16,10.0,1277
1501,300.2,850,probe,4.1433606080514656,-0.5111966562178539,-162.00936772858776,False,16,15.0,1278
1502,300.40000000000003,850,probe,4.1433606080514656,-0.5111966562178539,-157.00936772858776,False,16,20.0,1279
1503,300.6,850,probe,4.1433606080514656,-0.5111966562178539,-152.00936772858776,False,16,25.0,1280
1504,300.8,850,probe,4.1433606080514656,-0.5111966562178539,-147.00936772858776,False,16,30.0,1281
1505,301.0,850,probe,4.1433606080514656,-0.5111966562178539,-142.00936772858776,False,16,35.0,1282
1506,301.2,850,probe,4.1433606080514656,-0.5111966562178539,-137.00936772858776,False,16,40.0,1283
1507,301.40000000000003,850,probe,4.1433606080514656,-0.5111966562178539,-132.00936772858776,False,16,45.0,1284
1508,301.6,850,probe,4.1433606080514656,-0.5111966562178539,-137.00936772858776,False,16,40.0,1283
1509,301.8,850,probe,4.1433606080514656,-0.5111966562178539,-142.00936772858776,False,16,35.0,1282
1510,302.0,850,probe,4.1433606080514656,-0.5111966562178539,-147.00936772858776,False,16,30.0,1281
1511,302.2,850,probe,4.1433606080514656,-0.5111966562178539,-152.00936772858776,False,16,25.0,1280
1512,302.40000000000003,850,probe,4.1433606080514656,-0.5111966562178539,-157.00936772858776,False,16,20.0,1279
1513,302.6,850,probe,4.1433606080514656,-0.5111966562178539,-162.00936772858776,False,16,15.0,1278
1514,302.8,850,probe,4.1433606080514656,-0.5111966562178539,-167.00936772858776,False,16,10.0,1277
1515,303.0,850,probe,4.1433606080514656,-0.5111966562178539,-172.00936772858776,False,16,5.0,1276
1516,303.2,850,probe,4.1433606080514656,-0.5111966562178539,-177.00936772858776,False,16,0.0,904
1517,303.40000000000003,851,drive,4.103415084922827,-0.5132835634940458,-177.30341339928978,False,-1,0.0,905
1518,303.6,852,drive,4.063459377740475,-0.5151654411622679,-177.6270034370861,False,-1,0.0,906
1519,303.8,853,drive,4.023493679537147,-0.5168216317070102,-177.97659252180722,False,-1,0.0,907
1520,304.0,854,drive,3.983518620102607,-0.5182339430059196,-178.34835048228467,False,-1,0.0,908
1521,304.2,855,drive,3.9435352385499844,-0.5193868522032988,-178.73820426050804,False,-1,0.0,909
1522,304.40000000000003,856,drive,3.9035449379594063,-0.5202676806061025,-179.1418825369011,False,-1,0.0,910
1523,304.6,857,drive,3.863549424071212,-0.5208667372138043,-179.55496252779244,False,-1,0.0,911
1524,304.8,858,drive,3.8235506307056264,-0.521177428857064,-179.9729184423594,False,-1,0.0,912
1525,305.0,859,drive,3.78355063517382,-0.5211963353502559,-180.39117106813896,False,-1,0.0,913
1526,305.2,860,drive,3.7435515673896984,-0.5209232485486384,-180.80513794183824,False,-1,0.0,914
1527,305.40000000000003,861,drive,3.7035555166719223,-0.5203611747268913,-181.21028355576087,False,-1,0.0,915
1528,305.6,862,drive,3.6635644403284795,-0.5195163002433485,-181.6021690497784,False,-1,0.0,916
1529,305.8,863,drive,3.6235800780367637,-0.5183979210031915,-181.97650084441108,False,-1,0.0,917
1530,306.0,864,drive,3.5836038757743403,-0.5170183367637107,-182.32917768218306,False,-1,0.0,918
1531,306.2,865,drive,3.5436369226313826,-0.5153927118166122,-182.65633556185725,False,-1,0.0,919
1532,306.40000000000003,866,drive,3.503679903264885,-0.513538904020384,-182.95439007324185,False,-1,0.0,920
1533,306.6,867,drive,3.463733068063522,-0.511477264528347,-183.22007566873805,False,-1,0.0,921
1534,306.8,868,drive,3.423796222311925,-0.5092304108586193,-183.45048144136348,False,-1,0.0,922
1535,307.0,869,drive,3.383868734809376,-0.506822976179588,-183.6430830172576,False,-1,0.0,923
1536,307.20000000000005,870,drive,3.343949565547436,-0.5042813378424968,-183.7957702132505,False,-1,0.0,924
1537,307.40000000000003,871,drive,3.304037311221117,-0.5016333282897851,-183.90687015647111,False,-1,0.0,925
1538,307.6,872,drive,3.264130266574551,-0.498907931515556,-183.97516561269228,False,-1,0.0,926
1539,307.8,873,drive,3.2242264988975444,-0.4961349682667042,-183.9999083226039,False,-1,0.0,927
1540,308.0,874,drive,3.1843239324225863,-0.49334477316393144,-183.9808271998984,False,-1,0.0,928
1541,308.20000000000005,875,drive,3.1444204389461445,-0.4905678669041553,-183.9181313013492,False,-1,0.0,929
1542,308.40000000000003,876,drive,3.104513930730906,-0.48783462669021266,-183.81250753634072,False,-1,0.0,930
1543,308.6,877,drive,3.0646024516477772,-0.48517495802720345,-183.6651131409456,False,-1,0.0,931
1544,308.8,878,drive,3.024684262591963,-0.48261797102992054,-183.47756299900405,False,-1,0.0,932
1545,309.0,879,drive,2.984757917453192,-0.48019166440054556,-183.25191194911858,False,-1,0.0,933
1546,309.20000000000005,880,drive,2.944822326326229,-0.477922620253769,-182.99063227141227,False,-1,0.0,934
1547,309.40000000000003,881,drive,2.904876803197591,-0.4758357129775771,-182.69658660071028,False,-1,0.0,935
1548,309.6,882,drive,2.864921096015239,-0.4739538353093549,-182.37299656291393,False,-1,0.0,936
1549,309.8,883,drive,2.824955397811911,-0.4722976447646126,-182.02340747819275,False,-1,0.0,937
1550,310.0,884,drive,2.7849803383773715,-0.4708853334657032,-181.65164951771533,False,-1,0.0,938
1551,310.20000000000005,885,drive,2.7449969568247488,-0.469732424268324,-181.2617957394919,False,-1,0.0,939
1552,310.40000000000003,886,drive,2.7050066562341706,-0.4688515958655204,-180.85811746309895,False,-1,0.0,940
1553,310.6,887,drive,2.665011142345976,-0.4682525392578186,-180.4450374722076,False,-1,0.0,941
1554,310.8,888,drive,2.6250123489803907,-0.4679418476145589,-180.0270815576406,False,-1,0.0,942
1555,311.0,889,drive,2.5850123534485845,-0.467922941121367,-179.60882893186096,False,-1,0.0,943
1556,311.20000000000005,890,drive,2.5450132856644627,-0.4681960279229846,-179.19486205816173,False,-1,0.0,944
1557,311.40000000000003,891,drive,2.5050172349466866,-0.46875810174473176,-178.78971644423916,False,-1,0.0,945
1558,311.6,892,drive,2.465026158603244,-0.46960297622827446,-178.39783095022165,False,-1,0.0,946
1559,311.8,893,drive,2.425041796311528,-0.47072135546843147,-178.02349915558887,False,-1,0.0,947
1560,312.0,894,drive,2.3850655940491046,-0.47210093970791234,-177.67082231781694,False,-1,0.0,948
1561,312.20000000000005,895,drive,2.345098640906147,-0.4737265646550109,-177.34366443814272,False,-1,0.0,949
1562,312.40000000000003,896,drive,2.3051416215396494,-0.4755803724512391,-177.04560992675817,False,-1,0.0,950
1563,312.6,897,drive,2.265194786338286,-0.47764201194327616,-176.77992433126198,False,-1,0.0,951
1564,312.8,898,drive,2.2252579405866895,-0.47988886561300376,-176.54951855863655,False,-1,0.0,952
1565,313.0,899,drive,2.1853304530841404,-0.48229630029203496,-176.3569169827424,False,-1,0.0,953
1566,313.20000000000005,900,drive,2.1454112838222,-0.48483793862912616,-176.20422978674947,False,-1,0.0,954
1567,313.40000000000003,900,probe,2.1454112838222,-0.48483793862912616,-181.20422978674947,False,17,-5.0,1285
1568,313.6,900,probe,2.1454112838222,-0.48483793862912616,-186.20422978674947,False,17,-10.0,1286
1569,313.8,900,probe,2.1454112838222,-0.48483793862912616,-191.20422978674947,False,17,-15.0,1287
1570,314.0,900,probe,2.1454112838222,-0.48483793862912616,-196.20422978674947,False,17,-20.0,1288
1571,314.20000000000005,900,probe,2.1454112838222,-0.48483793862912616,-201.20422978674947,False,17,-25.0,1289
1572,314.40000000000003,900,probe,2.1454112838222,-0.48483793862912616,-206.20422978674947,False,17,-30.0,1290
1573,314.6,900,probe,2.1454112838222,-0.48483793862912616,-211.20422978674947,False,17,-35.0,1291
1574,314.8,900,probe,2.1454112838222,-0.48483793862912616,-216.20422978674947,False,17,-40.0,1292
1575,315.0,900,probe,2.1454112838222,-0.48483793862912616,-221.20422978674947,False,17,-45.0,1293
1576,315.20000000000005,900,probe,2.1454112838222,-0.48483793862912616,-216.20422978674947,False,17,-40.0,1292
1577,315.40000000000003,900,probe,2.1454112838222,-0.48483793862912616,-211.20422978674947,False,17,-35.0,1291
1578,315.6,900,probe,2.1454112838222,-0.48483793862912616,-206.20422978674947,False,17,-30.0,1290
1579,315.8,900,probe,2.1454112838222,-0.48483793862912616,-201.20422978674947,False,17,-25.0,1289
1580,316.0,900,probe,2.1454112838222,-0.48483793862912616,-196.20422978674947,False,17,-20.0,1288
1581,316.20000000000005,900,probe,2.1454112838222,-0.48483793862912616,-191.20422978674947,False,17,-15.0,1287
1582,316.40000000000003,900,probe,2.1454112838222,-0.48483793862912616,-186.20422978674947,False,17,-10.0,1286
1583,316.6,900,probe,2.1454112838222,-0.48483793862912616,-181.20422978674947,False,17,-5.0,1285
1584,316.8,900,probe,2.1454112838222,-0.48483793862912616,-176.20422978674947,False,17,0.0,954
1585,317.0,900,probe,2.1454112838222,-0.48483793862912616,-171.20422978674947,False,17,5.0,1294
1586,317.20000000000005,900,probe,2.1454112838222,-0.48483793862912616,-166.20422978674947,False,17,10.0,1295
1587,317.40000000000003,900,probe,2.1454112838222,-0.48483793862912616,-161.20422978674947,False,17,15.0,1296
1588,317.6,900,probe,2.1454112838222,-0.48483793862912616,-156.20422978674947,False,17,20.0,1297
1589,317.8,900,probe,2.1454112838222,-0.48483793862912616,-151.20422978674947,False,17,25.0,1298
1590,318.0,900,probe,2.1454112838222,-0.48483793862912616,-146.20422978674947,False,17,30.0,1299
1591,318.20000000000005,900,probe,2.1454112838222,-0.48483793862912616,-141.20422978674947,False,17,35.0,1300
1592,318.40000000000003,900,probe,2.1454112838222,-0.48483793862912616,-136.20422978674947,False,17,40.0,1301
1593,318.6,900,probe,2.1454112838222,-0.48483793862912616,-131.20422978674947,False,17,45.0,1302
1594,318.8,900,probe,2.1454112838222,-0.48483793862912616,-136.20422978674947,False,17,40.0,1301
1595,319.0,900,probe,2.1454112838222,-0.48483793862912616,-141.20422978674947,False,17,35.0,1300
1596,319.20000000000005,900,probe,2.1454112838222,-0.48483793862912616,-146.20422978674947,False,17,30.0,1299
1597,319.40000000000003,900,probe,2.1454112838222,-0.48483793862912616,-151.20422978674947,False,17,25.0,1298
1598,319.6,900,probe,2.1454112838222,-0.48483793862912616,-156.20422978674947,False,17,20.0,1297
1599,319.8,900,probe,2.1454112838222,-0.48483793862912616,-161.20422978674947,False,17,15.0,1296
1600,320.0,900,probe,2.1454112838222,-0.48483793862912616,-166.20422978674947,False,17,10.0,1295
1601,320.20000000000005,900,probe,2.1454112838222,-0.48483793862912616,-171.20422978674947,False,17,5.0,1294
1602,320.40000000000003,900,probe,2.1454112838222,-0.48483793862912616,-176.20422978674947,False,17,0.0,954
1603,320.6,901,drive,2.1054990294958813,-0.48748594818183794,-176.09312984352886,False,-1,0.0,955
1604,320.8,902,drive,2.0655919848493154,-0.49021134495606705,-176.02483438730775,False,-1,0.0,956
1605,321.0,903,drive,2.0256882171723087,-0.49298430820491884,-176.0000916773961,False,-1,0.0,957
1606,321.20000000000005,904,drive,1.9857856506973506,-0.4957745033076916,-176.0191728001016,False,-1,0.0,958
1607,321.40000000000003,905,drive,1.945882157220909,-0.49855140956746774,-176.0818686986508,False,-1,0.0,959
1608,321.6,906,drive,1.9059756490056707,-0.5012846497814104,-176.18749246365928,False,-1,0.0,960
1609,321.8,907,drive,1.8660641699225422,-0.5039443184444196,-176.3348868590544,False,-1,0.0,961
1610,322.0,908,drive,1.826145980866728,-0.5065013054417025,-176.52243700099595,False,-1,0.0,962
1611,322.20000000000005,909,drive,1.7862196357279572,-0.5089276120710774,-176.7480880508814,False,-1,0.0,963
1612,322.40000000000003,910,drive,1.746284044600994,-0.5111966562178539,-177.00936772858773,False,-1,0.0,964
1613,322.6,911,drive,1.7063385214723557,-0.5132835634940459,-177.30341339928975,False,-1,0.0,965
1614,322.8,912,drive,1.6663828142900037,-0.515165441162268,-177.62700343708613,False,-1,0.0,966
1615,323.0,913,drive,1.6264171160866756,-0.5168216317070103,-177.97659252180722,False,-1,0.0,967
1616,323.20000000000005,914,drive,1.586442056652136,-0.5182339430059197,-178.34835048228464,False,-1,0.0,968
1617,323.40000000000003,915,drive,1.5464586750995135,-0.5193868522032989,-178.73820426050804,False,-1,0.0,969
1618,323.6,916,drive,1.5064683745089351,-0.5202676806061026,-179.14188253690114,False,-1,0.0,970
1619,323.8,917,drive,1.4664728606207404,-0.5208667372138044,-179.5549625277924,False,-1,0.0,971
1620,324.0,918,drive,1.426474067255155,-0.5211774288570641,-179.97291844235937,False,-1,0.0,972
1621,324.20000000000005,919,drive,1.3864740717233488,-0.521196335350256,-180.391171068139,False,-1,0.0,973
1622,324.40000000000003,920,drive,1.3464750039392268,-0.5209232485486385,-180.8051379418382,False,-1,0.0,974
1623,324.6,921,drive,1.306478953221451,-0.5203611747268914,-181.21028355576084,False,-1,0.0,975
1624,324.8,922,drive,1.2664878768780083,-0.5195163002433487,-181.60216904977838,False,-1,0.0,976
1625,325.0,923,drive,1.2265035145862926,-0.5183979210031917,-181.97650084441116,False,-1,0.0,977
1626,325.20000000000005,924,drive,1.1865273123238693,-0.5170183367637108,-182.32917768218303,False,-1,0.0,978
