scene_id,source_id,wall_id,before_material,after_material,before_thickness_m,after_thickness_m,before_triangles,after_triangles,removed_area_m2,action
POSTP0_C1_B_513BBE78,asset:0:metal_office_desk:leg_-0.9_-0.4,07a043c6e9189a1df9a3fdb1_zm,metal,metal,0.001,0.001,2,0,0.0030250000000000116,ARCHITECTURE_OWNS_CONTACT
POSTP0_C1_B_513BBE78,asset:0:metal_office_desk:leg_-0.9_0.4,9f5de863c005850129a44baf_zm,metal,metal,0.001,0.001,2,0,0.0030250000000000055,ARCHITECTURE_OWNS_CONTACT
POSTP0_C1_B_513BBE78,asset:0:metal_office_desk:leg_0.9_-0.4,59d81cde055add64bf83e631_zm,metal,metal,0.001,0.001,2,0,0.0030250000000000116,ARCHITECTURE_OWNS_CONTACT
POSTP0_C1_B_513BBE78,asset:0:metal_office_desk:leg_0.9_0.4,1340c4fbcae52d7128a959f6_zm,metal,metal,0.001,0.001,2,0,0.0030250000000000055,ARCHITECTURE_OWNS_CONTACT
POSTP0_C1_B_A05E9333,asset:0:metal_office_desk:leg_-0.9_-0.4,2e44dff0bc426b2d86c36aa1_zm,metal,metal,0.001,0.001,2,0,0.003024999999999987,ARCHITECTURE_OWNS_CONTACT
POSTP0_C1_B_A05E9333,asset:0:metal_office_desk:leg_-0.9_0.4,73612da85383aa708bfaeee0_zm,metal,metal,0.001,0.001,2,0,0.003024999999999981,ARCHITECTURE_OWNS_CONTACT
POSTP0_C1_B_A05E9333,asset:0:metal_office_desk:leg_0.9_-0.4,c91cf66e87b1c16bf2944f11_zm,metal,metal,0.001,0.001,2,0,0.003024999999999987,ARCHITECTURE_OWNS_CONTACT
POSTP0_C1_B_A05E9333,asset:0:metal_office_desk:leg_0.9_0.4,aec4362e7fbea62adadc357e_zm,metal,metal,0.001,0.001,2,0,0.003024999999999981,ARCHITECTURE_OWNS_CONTACT
POSTP0_C1_B_B0076CF8,asset:0:metal_office_desk:leg_-0.9_-0.4,f88216a2bfb36326060dc57d_zm,metal,metal,0.001,0.001,2,0,0.003024999999999987,ARCHITECTURE_OWNS_CONTACT
POSTP0_C1_B_B0076CF8,asset:0:metal_office_desk:leg_-0.9_0.4,d3a84e0a0485e9ba69cd4783_zm,metal,metal,0.001,0.001,2,0,0.003024999999999981,ARCHITECTURE_OWNS_CONTACT
POSTP0_C1_B_B0076CF8,asset:0:metal_office_desk:leg_0.9_-0.4,6369591199098d8d470a4c2a_zm,metal,metal,0.001,0.001,2,0,0.003024999999999987,ARCHITECTURE_OWNS_CONTACT
POSTP0_C1_B_B0076CF8,asset:0:metal_office_desk:leg_0.9_0.4,2bc70765f4d24b578b66e687_zm,metal,metal,0.001,0.001,2,0,0.003024999999999981,ARCHITECTURE_OWNS_CONTACT
POSTP0_C1_B_D0E46A02,asset:0:metal_office_desk:leg_-0.9_-0.4,4e03a160947e5b276e06eae2_zm,metal,metal,0.001,0.001,2,0,0.003024999999999987,ARCHITECTURE_OWNS_CONTACT
POSTP0_C1_B_D0E46A02,asset:0:metal_office_desk:leg_-0.9_0.4,17e4016d35b94e45cccca6b4_zm,metal,metal,0.001,0.001,2,0,0.003024999999999981,ARCHITECTURE_OWNS_CONTACT
POSTP0_C1_B_D0E46A02,asset:0:metal_office_desk:leg_0.9_-0.4,754ec9dd85cc95ded821db08_zm,metal,metal,0.001,0.001,2,0,0.003024999999999987,ARCHITECTURE_OWNS_CONTACT
POSTP0_C1_B_D0E46A02,asset:0:metal_office_desk:leg_0.9_0.4,668cb1934743e49a462456ce_zm,metal,metal,0.001,0.001,2,0,0.003024999999999981,ARCHITECTURE_OWNS_CONTACT
POSTP0_C1_B_FCD0F883,asset:0:metal_office_desk:leg_-0.9_-0.4,64286289fdd9612f9bd46552_zm,metal,metal,0.001,0.001,2,0,0.003024999999999987,ARCHITECTURE_OWNS_CONTACT
POSTP0_C1_B_FCD0F883,asset:0:metal_office_desk:leg_-0.9_0.4,56a7d3c71389f83d77232c10_zm,metal,metal,0.001,0.001,2,0,0.003024999999999981,ARCHITECTURE_OWNS_CONTACT
POSTP0_C1_B_FCD0F883,asset:0:metal_office_desk:leg_0.9_-0.4,5cb9e8223b58cad39f81620b_zm,metal,metal,0.001,0.001,2,0,0.003024999999999987,ARCHITECTURE_OWNS_CONTACT
POSTP0_C1_B_FCD0F883,asset:0:metal_office_desk:leg_0.9_0.4,09cd97f99acfd155a467655b_zm,metal,metal,0.001,0.001,2,0,0.003024999999999981,ARCHITECTURE_OWNS_CONTACT
POSTP0_C3_B_328DD59D,asset:0:metal_office_desk:leg_-0.9_-0.4,4dad1f6891e2556869500e93_zm,metal,metal,0.001,0.001,2,0,0.003024999999999987,ARCHITECTURE_OWNS_CONTACT
POSTP0_C3_B_328DD59D,asset:0:metal_office_desk:leg_-0.9_0.4,804e8cf7ce8b2185d58a0f0e_zm,metal,metal,0.001,0.001,2,0,0.003024999999999981,ARCHITECTURE_OWNS_CONTACT
POSTP0_C3_B_328DD59D,asset:0:metal_office_desk:leg_0.9_-0.4,0c566e9d0fbfefd8a761400c_zm,metal,metal,0.001,0.001,2,0,0.003024999999999987,ARCHITECTURE_OWNS_CONTACT
POSTP0_C3_B_328DD59D,asset:0:metal_office_desk:leg_0.9_0.4,f6cc2ce79cc3771513dc43ad_zm,metal,metal,0.001,0.001,2,0,0.003024999999999981,ARCHITECTURE_OWNS_CONTACT
POSTP0_C3_B_366F8EA9,asset:0:metal_office_desk:leg_-0.9_-0.4,bb7b1a1bb2c9885311b746c4_zm,metal,metal,0.001,0.001,2,0,0.0030250000000000116,ARCHITECTURE_OWNS_CONTACT
POSTP0_C3_B_366F8EA9,asset:0:metal_office_desk:leg_-0.9_0.4,6211abd8b22e5e7d0eeba5a9_zm,metal,metal,0.001,0.001,2,0,0.0030250000000000055,ARCHITECTURE_OWNS_CONTACT
POSTP0_C3_B_366F8EA9,asset:0:metal_office_desk:leg_0.9_-0.4,b5d19b636bac932222045781_zm,metal,metal,0.001,0.001,2,0,0.003024999999999987,ARCHITECTURE_OWNS_CONTACT
POSTP0_C3_B_366F8EA9,asset:0:metal_office_desk:leg_0.9_0.4,e334c1b3d5e90acb48b45afd_zm,metal,metal,0.001,0.001,2,0,0.003024999999999981,ARCHITECTURE_OWNS_CONTACT
POSTP0_C3_B_646FC2CD,asset:0:metal_office_desk:leg_-0.9_-0.4,fb895019e62933639406f33d_zm,metal,metal,0.001,0.001,2,0,0.0030249999999999995,ARCHITECTURE_OWNS_CONTACT
POSTP0_C3_B_646FC2CD,asset:0:metal_office_desk:leg_-0.9_0.4,d57160b82e88c8ce4247bf16_zm,metal,metal,0.001,0.001,2,0,0.003024999999999993,ARCHITECTURE_OWNS_CONTACT
POSTP0_C3_B_646FC2CD,asset:0:metal_office_desk:leg_0.9_-0.4,e06ff8c5c7249a8a1c3ee87e_zm,metal,metal,0.001,0.001,2,0,0.0030250000000000116,ARCHITECTURE_OWNS_CONTACT
POSTP0_C3_B_646FC2CD,asset:0:metal_office_desk:leg_0.9_0.4,469d076d87aadd4c42ac75ed_zm,metal,metal,0.001,0.001,2,0,0.0030250000000000055,ARCHITECTURE_OWNS_CONTACT
POSTP0_C1_C_951FB834,asset:0:metal_office_desk:leg_-0.9_-0.4,32f1e42b6112bf4624bfeefb_zm,metal,metal,0.001,0.001,2,0,0.0030249999999999995,ARCHITECTURE_OWNS_CONTACT
POSTP0_C1_C_951FB834,asset:0:metal_office_desk:leg_-0.9_0.4,76152533c33b413baf4d0ce4_zm,metal,metal,0.001,0.001,2,0,0.003024999999999993,ARCHITECTURE_OWNS_CONTACT
POSTP0_C1_C_951FB834,asset:0:metal_office_desk:leg_0.9_-0.4,0830a0b743297957d6b9300e_zm,metal,metal,0.001,0.001,2,0,0.0030250000000000116,ARCHITECTURE_OWNS_CONTACT
POSTP0_C1_C_951FB834,asset:0:metal_office_desk:leg_0.9_0.4,aefb35979da3f033bcff2e08_zm,metal,metal,0.001,0.001,2,0,0.0030250000000000055,ARCHITECTURE_OWNS_CONTACT
POSTP0_C1_C_951FB834,asset:1:drawer_cabinet:base,2aa1dbbe16244d8a91622bbd_zm,chipboard,chipboard,0.012,0.012,2,0,0.5569419145520008,ARCHITECTURE_OWNS_CONTACT
POSTP0_C1_C_951FB834,asset:2:floor_screen:left_foot,2e5be06faac3b53c68ae4a92_zm,chipboard,chipboard,0.012,0.012,2,0,0.04000000000000007,ARCHITECTURE_OWNS_CONTACT
POSTP0_C1_C_951FB834,asset:2:floor_screen:right_foot,4c76591986c6eafe4d69add1_zm,chipboard,chipboard,0.012,0.012,2,0,0.04000000000000007,ARCHITECTURE_OWNS_CONTACT
POSTP0_C1_C_A45903F1,asset:0:metal_office_desk:leg_-0.9_-0.4,a1047d07ebab3fcfed9aa0f7_zm,metal,metal,0.001,0.001,2,0,0.0030249999999999995,ARCHITECTURE_OWNS_CONTACT
POSTP0_C1_C_A45903F1,asset:0:metal_office_desk:leg_-0.9_0.4,b7a9fb187eea4f2def260db7_zm,metal,metal,0.001,0.001,2,0,0.003024999999999993,ARCHITECTURE_OWNS_CONTACT
POSTP0_C1_C_A45903F1,asset:0:metal_office_desk:leg_0.9_-0.4,e54ee37267ec5f6963437c18_zm,metal,metal,0.001,0.001,2,0,0.003024999999999987,ARCHITECTURE_OWNS_CONTACT
POSTP0_C1_C_A45903F1,asset:0:metal_office_desk:leg_0.9_0.4,a29ba05eedd2deccbf5b924f_zm,metal,metal,0.001,0.001,2,0,0.003024999999999981,ARCHITECTURE_OWNS_CONTACT
POSTP0_C1_C_A45903F1,asset:1:drawer_cabinet:base,c8fa0e50364e35a3444efa8d_zm,chipboard,chipboard,0.012,0.012,2,0,0.5569419145520005,ARCHITECTURE_OWNS_CONTACT
POSTP0_C1_C_A45903F1,asset:2:floor_screen:left_foot,0b1d5a2b88a1fab3df6f824d_zm,chipboard,chipboard,0.012,0.012,2,0,0.04000000000000007,ARCHITECTURE_OWNS_CONTACT
POSTP0_C1_C_A45903F1,asset:2:floor_screen:right_foot,a636b5c9f3ee47b135101976_zm,chipboard,chipboard,0.012,0.012,2,0,0.04000000000000007,ARCHITECTURE_OWNS_CONTACT
POSTP0_C1_C_D0F0FB22,asset:0:metal_office_desk:leg_-0.9_-0.4,b51de51185d022cbca6282aa_zm,metal,metal,0.001,0.001,2,0,0.0030249999999999995,ARCHITECTURE_OWNS_CONTACT
POSTP0_C1_C_D0F0FB22,asset:0:metal_office_desk:leg_-0.9_0.4,358d0635c1db4d2cbcf40452_zm,metal,metal,0.001,0.001,2,0,0.003024999999999993,ARCHITECTURE_OWNS_CONTACT
POSTP0_C1_C_D0F0FB22,asset:0:metal_office_desk:leg_0.9_-0.4,9c75eb36f6c758f48caa79d0_zm,metal,metal,0.001,0.001,2,0,0.0030250000000000116,ARCHITECTURE_OWNS_CONTACT
POSTP0_C1_C_D0F0FB22,asset:0:metal_office_desk:leg_0.9_0.4,30960341d8891ed3c459bb5b_zm,metal,metal,0.001,0.001,2,0,0.0030250000000000055,ARCHITECTURE_OWNS_CONTACT
POSTP0_C1_C_D0F0FB22,asset:1:drawer_cabinet:base,574abe632d9219c3b227d46c_zm,chipboard,chipboard,0.012,0.012,2,0,0.5569419145520008,ARCHITECTURE_OWNS_CONTACT
POSTP0_C1_C_D0F0FB22,asset:2:floor_screen:left_foot,f45349e2d93059e8fff23756_zm,chipboard,chipboard,0.012,0.012,2,0,0.04000000000000007,ARCHITECTURE_OWNS_CONTACT
POSTP0_C1_C_D0F0FB22,asset:2:floor_screen:right_foot,e79932620686e18be284851d_zm,chipboard,chipboard,0.012,0.012,2,0,0.04000000000000007,ARCHITECTURE_OWNS_CONTACT
POSTP0_C1_C_D9C1D733,asset:0:metal_office_desk:leg_-0.9_-0.4,48b04f9b4c32f421e63acd81_zm,metal,metal,0.001,0.001,2,0,0.0030249999999999995,ARCHITECTURE_OWNS_CONTACT
POSTP0_C1_C_D9C1D733,asset:0:metal_office_desk:leg_-0.9_0.4,839b511e1d43d417a20bf8d8_zm,metal,metal,0.001,0.001,2,0,0.003024999999999993,ARCHITECTURE_OWNS_CONTACT
POSTP0_C1_C_D9C1D733,asset:0:metal_office_desk:leg_0.9_-0.4,cd12ac2f84b42600a08bc670_zm,metal,metal,0.001,0.001,2,0,0.003024999999999987,ARCHITECTURE_OWNS_CONTACT
POSTP0_C1_C_D9C1D733,asset:0:metal_office_desk:leg_0.9_0.4,b06c161765c1f287371937f9_zm,metal,metal,0.001,0.001,2,0,0.003024999999999981,ARCHITECTURE_OWNS_CONTACT
POSTP0_C1_C_D9C1D733,asset:1:drawer_cabinet:base,e5d8952d31f532fd3996ec13_zm,chipboard,chipboard,0.012,0.012,2,0,0.5569419145520005,ARCHITECTURE_OWNS_CONTACT
POSTP0_C1_C_D9C1D733,asset:2:floor_screen:left_foot,a15097c91181e7a2ca82698e_zm,chipboard,chipboard,0.012,0.012,2,0,0.04000000000000007,ARCHITECTURE_OWNS_CONTACT
POSTP0_C1_C_D9C1D733,asset:2:floor_screen:right_foot,de9aa39ae3d3f91eb7f46811_zm,chipboard,chipboard,0.012,0.012,2,0,0.04000000000000007,ARCHITECTURE_OWNS_CONTACT
POSTP0_C1_C_F8E2E662,asset:0:metal_office_desk:leg_-0.9_-0.4,821c4595fc327f8b940a6cb2_zm,metal,metal,0.001,0.001,2,0,0.0030249999999999995,ARCHITECTURE_OWNS_CONTACT
POSTP0_C1_C_F8E2E662,asset:0:metal_office_desk:leg_-0.9_0.4,13c6ab8a27ed900b952c0ef4_zm,metal,metal,0.001,0.001,2,0,0.003024999999999993,ARCHITECTURE_OWNS_CONTACT
POSTP0_C1_C_F8E2E662,asset:0:metal_office_desk:leg_0.9_-0.4,5d2e74583733c7db6168cf21_zm,metal,metal,0.001,0.001,2,0,0.003024999999999987,ARCHITECTURE_OWNS_CONTACT
POSTP0_C1_C_F8E2E662,asset:0:metal_office_desk:leg_0.9_0.4,974a840269afababdf82acf8_zm,metal,metal,0.001,0.001,2,0,0.003024999999999981,ARCHITECTURE_OWNS_CONTACT
POSTP0_C1_C_F8E2E662,asset:1:drawer_cabinet:base,6d98ac97805c836355b68fe0_zm,chipboard,chipboard,0.012,0.012,2,0,0.5569419145520005,ARCHITECTURE_OWNS_CONTACT
POSTP0_C1_C_F8E2E662,asset:2:floor_screen:left_foot,c0d5f2b4f466f3c6dcff1b92_zm,chipboard,chipboard,0.012,0.012,2,0,0.04000000000000007,ARCHITECTURE_OWNS_CONTACT
POSTP0_C1_C_F8E2E662,asset:2:floor_screen:right_foot,3599c4379d9894cd6d42144b_zm,chipboard,chipboard,0.012,0.012,2,0,0.04000000000000007,ARCHITECTURE_OWNS_CONTACT
POSTP0_C3_C_17CCA76F,asset:0:metal_office_desk:leg_-0.9_-0.4,b6ac0acadbcb51f1fb1d7f2b_zm,metal,metal,0.001,0.001,2,0,0.0030249999999999995,ARCHITECTURE_OWNS_CONTACT
POSTP0_C3_C_17CCA76F,asset:0:metal_office_desk:leg_-0.9_0.4,cf6268bed059bf813b5e6ae4_zm,metal,metal,0.001,0.001,2,0,0.003024999999999993,ARCHITECTURE_OWNS_CONTACT
POSTP0_C3_C_17CCA76F,asset:0:metal_office_desk:leg_0.9_-0.4,fa2e569e67b8764c2afb28c7_zm,metal,metal,0.001,0.001,2,0,0.003024999999999987,ARCHITECTURE_OWNS_CONTACT
POSTP0_C3_C_17CCA76F,asset:0:metal_office_desk:leg_0.9_0.4,a9c827e68368020ce307d78a_zm,metal,metal,0.001,0.001,2,0,0.003024999999999981,ARCHITECTURE_OWNS_CONTACT
POSTP0_C3_C_17CCA76F,asset:1:drawer_cabinet:base,4b4989e0590cfa6f51221379_zm,chipboard,chipboard,0.012,0.012,2,0,0.5569419145520008,ARCHITECTURE_OWNS_CONTACT
POSTP0_C3_C_17CCA76F,asset:2:floor_screen:left_foot,675d86e26d4d993271631b7d_zm,chipboard,chipboard,0.012,0.012,2,0,0.04000000000000007,ARCHITECTURE_OWNS_CONTACT
POSTP0_C3_C_17CCA76F,asset:2:floor_screen:right_foot,b1922629c823bf9bab321378_zm,chipboard,chipboard,0.012,0.012,2,0,0.04000000000000007,ARCHITECTURE_OWNS_CONTACT
POSTP0_C3_C_9E3FD61D,asset:0:metal_office_desk:leg_-0.9_-0.4,71d075dc72fa6581c48514bf_zm,metal,metal,0.001,0.001,2,0,0.0030249999999999995,ARCHITECTURE_OWNS_CONTACT
POSTP0_C3_C_9E3FD61D,asset:0:metal_office_desk:leg_-0.9_0.4,e4ca78b2caae3bbb1a8d405e_zm,metal,metal,0.001,0.001,2,0,0.003024999999999993,ARCHITECTURE_OWNS_CONTACT
POSTP0_C3_C_9E3FD61D,asset:0:metal_office_desk:leg_0.9_-0.4,5b92c304b02f7e848ef83553_zm,metal,metal,0.001,0.001,2,0,0.003024999999999987,ARCHITECTURE_OWNS_CONTACT
POSTP0_C3_C_9E3FD61D,asset:0:metal_office_desk:leg_0.9_0.4,08b20175b3206523b482610b_zm,metal,metal,0.001,0.001,2,0,0.003024999999999981,ARCHITECTURE_OWNS_CONTACT
POSTP0_C3_C_9E3FD61D,asset:1:drawer_cabinet:base,83d008d1e84b29d86ea71d2d_zm,chipboard,chipboard,0.012,0.012,2,0,0.5569419145520008,ARCHITECTURE_OWNS_CONTACT
POSTP0_C3_C_9E3FD61D,asset:2:floor_screen:left_foot,f5a93cb9a283c51e0d082b7b_zm,chipboard,chipboard,0.012,0.012,2,0,0.04000000000000007,ARCHITECTURE_OWNS_CONTACT
POSTP0_C3_C_9E3FD61D,asset:2:floor_screen:right_foot,91e60363c7f8a944780997c2_zm,chipboard,chipboard,0.012,0.012,2,0,0.04000000000000007,ARCHITECTURE_OWNS_CONTACT
POSTP0_C3_C_C27A1496,asset:0:metal_office_desk:leg_-0.9_-0.4,2d8fdc7e53f4fe939b7a45d7_zm,metal,metal,0.001,0.001,2,0,0.0030249999999999995,ARCHITECTURE_OWNS_CONTACT
POSTP0_C3_C_C27A1496,asset:0:metal_office_desk:leg_-0.9_0.4,83e664daef34c5f0eb66dffc_zm,metal,metal,0.001,0.001,2,0,0.003024999999999993,ARCHITECTURE_OWNS_CONTACT
POSTP0_C3_C_C27A1496,asset:0:metal_office_desk:leg_0.9_-0.4,3f1bc77497fe670509b7e919_zm,metal,metal,0.001,0.001,2,0,0.003024999999999987,ARCHITECTURE_OWNS_CONTACT
POSTP0_C3_C_C27A1496,asset:0:metal_office_desk:leg_0.9_0.4,52876de62c49ff8b238676d0_zm,metal,metal,0.001,0.001,2,0,0.003024999999999981,ARCHITECTURE_OWNS_CONTACT
POSTP0_C3_C_C27A1496,asset:1:drawer_cabinet:base,d53a9986a779317d88284202_zm,chipboard,chipboard,0.012,0.012,2,0,0.5569419145520008,ARCHITECTURE_OWNS_CONTACT
POSTP0_C3_C_C27A1496,asset:2:floor_screen:left_foot,e9b915ba81fcd4293f8d7cec_zm,chipboard,chipboard,0.012,0.012,2,0,0.04000000000000007,ARCHITECTURE_OWNS_CONTACT
POSTP0_C3_C_C27A1496,asset:2:floor_screen:right_foot,9ed8aaec00c0726318b18c63_zm,chipboard,chipboard,0.012,0.012,2,0,0.04000000000000007,ARCHITECTURE_OWNS_CONTACT
POSTP0_C1_HALL_6EAD5181,surface:7:hall_column_1_west,1a75bdc00ec77f380674244f_single,concrete,concrete,0.2,0.05,2,2,0,HOLLOW_CONCRETE_COLUMN_PANEL
POSTP0_C1_HALL_6EAD5181,surface:8:hall_column_1_east,211d417112a50da3ed694280_single,concrete,concrete,0.2,0.05,2,2,0,HOLLOW_CONCRETE_COLUMN_PANEL
POSTP0_C1_HALL_6EAD5181,surface:9:hall_column_1_south,624e5272334c4026c95e02c3_single,concrete,concrete,0.2,0.05,2,2,0,HOLLOW_CONCRETE_COLUMN_PANEL
POSTP0_C1_HALL_6EAD5181,surface:10:hall_column_1_north,5a32af02b6ca376c7c87c2dc_single,concrete,concrete,0.2,0.05,2,2,0,HOLLOW_CONCRETE_COLUMN_PANEL
POSTP0_C1_HALL_6EAD5181,surface:12:hall_column_2_west,1ff59296ac69d0a87aefe003_single,concrete,concrete,0.2,0.05,2,2,0,HOLLOW_CONCRETE_COLUMN_PANEL
POSTP0_C1_HALL_6EAD5181,surface:13:hall_column_2_east,d7ee204a9b58c9873530cef7_single,concrete,concrete,0.2,0.05,2,2,0,HOLLOW_CONCRETE_COLUMN_PANEL
POSTP0_C1_HALL_6EAD5181,surface:14:hall_column_2_south,b2950476e8e8333deb6cbf66_single,concrete,concrete,0.2,0.05,2,2,0,HOLLOW_CONCRETE_COLUMN_PANEL
POSTP0_C1_HALL_6EAD5181,surface:15:hall_column_2_north,ee3fc68f2ce1323da756fc6d_single,concrete,concrete,0.2,0.05,2,2,0,HOLLOW_CONCRETE_COLUMN_PANEL
POSTP0_C1_HALL_6EAD5181,surface:17:hall_column_3_west,a9528d60f860cad095cfa5ea_single,concrete,concrete,0.2,0.05,2,2,0,HOLLOW_CONCRETE_COLUMN_PANEL
POSTP0_C1_HALL_6EAD5181,surface:18:hall_column_3_east,a8a6af01a9d7e50ed5bfa0c3_single,concrete,concrete,0.2,0.05,2,2,0,HOLLOW_CONCRETE_COLUMN_PANEL
POSTP0_C1_HALL_6EAD5181,surface:19:hall_column_3_south,e424237a77d91255f834c36e_single,concrete,concrete,0.2,0.05,2,2,0,HOLLOW_CONCRETE_COLUMN_PANEL
POSTP0_C1_HALL_6EAD5181,surface:20:hall_column_3_north,5c9c06bf8019e4d62827d422_single,concrete,concrete,0.2,0.05,2,2,0,HOLLOW_CONCRETE_COLUMN_PANEL
POSTP0_C1_HALL_6EAD5181,surface:22:hall_column_4_west,b7d8ed688fc4e5a650795cb5_single,concrete,concrete,0.2,0.05,2,2,0,HOLLOW_CONCRETE_COLUMN_PANEL
POSTP0_C1_HALL_6EAD5181,surface:23:hall_column_4_east,4393f5de4ee4945a0dbd41d9_single,concrete,concrete,0.2,0.05,2,2,0,HOLLOW_CONCRETE_COLUMN_PANEL
POSTP0_C1_HALL_6EAD5181,surface:24:hall_column_4_south,cf9749f246e06f7eac38d280_single,concrete,concrete,0.2,0.05,2,2,0,HOLLOW_CONCRETE_COLUMN_PANEL
POSTP0_C1_HALL_6EAD5181,surface:25:hall_column_4_north,556cb3bd7e2f9c289b9b9aa9_single,concrete,concrete,0.2,0.05,2,2,0,HOLLOW_CONCRETE_COLUMN_PANEL
POSTP0_C1_HALL_A8AD9019,surface:7:hall_column_1_west,f0c9a104313e9ae8a633c3ed_single,concrete,concrete,0.2,0.05,2,2,0,HOLLOW_CONCRETE_COLUMN_PANEL
POSTP0_C1_HALL_A8AD9019,surface:8:hall_column_1_east,e907aef0c244a43c370979b4_single,concrete,concrete,0.2,0.05,2,2,0,HOLLOW_CONCRETE_COLUMN_PANEL
POSTP0_C1_HALL_A8AD9019,surface:9:hall_column_1_south,6c9a5f1bac46d126d4a4f317_single,concrete,concrete,0.2,0.05,2,2,0,HOLLOW_CONCRETE_COLUMN_PANEL
POSTP0_C1_HALL_A8AD9019,surface:10:hall_column_1_north,06942dd640cee5e96e079209_single,concrete,concrete,0.2,0.05,2,2,0,HOLLOW_CONCRETE_COLUMN_PANEL
POSTP0_C1_HALL_A8AD9019,surface:12:hall_column_2_west,0364b3e1d11d12516998e28b_single,concrete,concrete,0.2,0.05,2,2,0,HOLLOW_CONCRETE_COLUMN_PANEL
POSTP0_C1_HALL_A8AD9019,surface:13:hall_column_2_east,d5f752ff10022bcd8c5d59b1_single,concrete,concrete,0.2,0.05,2,2,0,HOLLOW_CONCRETE_COLUMN_PANEL
POSTP0_C1_HALL_A8AD9019,surface:14:hall_column_2_south,0d92b8bab5db996403e19793_single,concrete,concrete,0.2,0.05,2,2,0,HOLLOW_CONCRETE_COLUMN_PANEL
POSTP0_C1_HALL_A8AD9019,surface:15:hall_column_2_north,d4f02ce15bfb38d0db278530_single,concrete,concrete,0.2,0.05,2,2,0,HOLLOW_CONCRETE_COLUMN_PANEL
POSTP0_C1_HALL_A8AD9019,surface:17:hall_column_3_west,23f1e877b098a15d864bcfab_single,concrete,concrete,0.2,0.05,2,2,0,HOLLOW_CONCRETE_COLUMN_PANEL
POSTP0_C1_HALL_A8AD9019,surface:18:hall_column_3_east,d51590c3d6cf0680b99807ea_single,concrete,concrete,0.2,0.05,2,2,0,HOLLOW_CONCRETE_COLUMN_PANEL
POSTP0_C1_HALL_A8AD9019,surface:19:hall_column_3_south,116af5d7d347f877a29e712c_single,concrete,concrete,0.2,0.05,2,2,0,HOLLOW_CONCRETE_COLUMN_PANEL
POSTP0_C1_HALL_A8AD9019,surface:20:hall_column_3_north,2437f2965cd1a369b34d6473_single,concrete,concrete,0.2,0.05,2,2,0,HOLLOW_CONCRETE_COLUMN_PANEL
POSTP0_C1_HALL_A8AD9019,surface:22:hall_column_4_west,444ec834df00e850e7d59e4e_single,concrete,concrete,0.2,0.05,2,2,0,HOLLOW_CONCRETE_COLUMN_PANEL
POSTP0_C1_HALL_A8AD9019,surface:23:hall_column_4_east,6ae32194d1a96c1eb9a5930e_single,concrete,concrete,0.2,0.05,2,2,0,HOLLOW_CONCRETE_COLUMN_PANEL
POSTP0_C1_HALL_A8AD9019,surface:24:hall_column_4_south,3c012febd5a4e079c85a1c16_single,concrete,concrete,0.2,0.05,2,2,0,HOLLOW_CONCRETE_COLUMN_PANEL
POSTP0_C1_HALL_A8AD9019,surface:25:hall_column_4_north,225431977370077a2e970f86_single,concrete,concrete,0.2,0.05,2,2,0,HOLLOW_CONCRETE_COLUMN_PANEL
POSTP0_C1_HALL_B7DFE500,surface:7:hall_column_1_west,8758a5d09e792e580250bb6f_single,concrete,concrete,0.2,0.05,2,2,0,HOLLOW_CONCRETE_COLUMN_PANEL
POSTP0_C1_HALL_B7DFE500,surface:8:hall_column_1_east,8d754a1650f8f16ae2fae074_single,concrete,concrete,0.2,0.05,2,2,0,HOLLOW_CONCRETE_COLUMN_PANEL
POSTP0_C1_HALL_B7DFE500,surface:9:hall_column_1_south,67fb3e3b93e97b107ccbb98c_single,concrete,concrete,0.2,0.05,2,2,0,HOLLOW_CONCRETE_COLUMN_PANEL
POSTP0_C1_HALL_B7DFE500,surface:10:hall_column_1_north,c24647a8838d66f807cd758b_single,concrete,concrete,0.2,0.05,2,2,0,HOLLOW_CONCRETE_COLUMN_PANEL
POSTP0_C1_HALL_B7DFE500,surface:12:hall_column_2_west,44b65e077a96c0a42323c347_single,concrete,concrete,0.2,0.05,2,2,0,HOLLOW_CONCRETE_COLUMN_PANEL
POSTP0_C1_HALL_B7DFE500,surface:13:hall_column_2_east,0a2a221c16b891467aada408_single,concrete,concrete,0.2,0.05,2,2,0,HOLLOW_CONCRETE_COLUMN_PANEL
POSTP0_C1_HALL_B7DFE500,surface:14:hall_column_2_south,aec794a83cfdc27bc99c093a_single,concrete,concrete,0.2,0.05,2,2,0,HOLLOW_CONCRETE_COLUMN_PANEL
POSTP0_C1_HALL_B7DFE500,surface:15:hall_column_2_north,57459e65fd60d5beca147436_single,concrete,concrete,0.2,0.05,2,2,0,HOLLOW_CONCRETE_COLUMN_PANEL
POSTP0_C1_HALL_B7DFE500,surface:17:hall_column_3_west,43d340af0561faf298e2490f_single,concrete,concrete,0.2,0.05,2,2,0,HOLLOW_CONCRETE_COLUMN_PANEL
POSTP0_C1_HALL_B7DFE500,surface:18:hall_column_3_east,e1c98c9f3de4faa4d0cc4ee8_single,concrete,concrete,0.2,0.05,2,2,0,HOLLOW_CONCRETE_COLUMN_PANEL
POSTP0_C1_HALL_B7DFE500,surface:19:hall_column_3_south,f438ababdbcf5b18fbb5f494_single,concrete,concrete,0.2,0.05,2,2,0,HOLLOW_CONCRETE_COLUMN_PANEL
POSTP0_C1_HALL_B7DFE500,surface:20:hall_column_3_north,0b1460a234a08fe8f6c29967_single,concrete,concrete,0.2,0.05,2,2,0,HOLLOW_CONCRETE_COLUMN_PANEL
POSTP0_C1_HALL_B7DFE500,surface:22:hall_column_4_west,9710eed59de689158531de77_single,concrete,concrete,0.2,0.05,2,2,0,HOLLOW_CONCRETE_COLUMN_PANEL
POSTP0_C1_HALL_B7DFE500,surface:23:hall_column_4_east,5d0349e822506629831b5ebc_single,concrete,concrete,0.2,0.05,2,2,0,HOLLOW_CONCRETE_COLUMN_PANEL
POSTP0_C1_HALL_B7DFE500,surface:24:hall_column_4_south,fc2e3878b1b0a6ece3c3d3a4_single,concrete,concrete,0.2,0.05,2,2,0,HOLLOW_CONCRETE_COLUMN_PANEL
POSTP0_C1_HALL_B7DFE500,surface:25:hall_column_4_north,2f517a16b0b21ea729f127a9_single,concrete,concrete,0.2,0.05,2,2,0,HOLLOW_CONCRETE_COLUMN_PANEL
POSTP0_C1_HALL_DAC66523,surface:7:hall_column_1_west,a02ecb2b1fa3f69c7243d605_single,concrete,concrete,0.2,0.05,2,2,0,HOLLOW_CONCRETE_COLUMN_PANEL
POSTP0_C1_HALL_DAC66523,surface:8:hall_column_1_east,938575cef481fb2b82e5afff_single,concrete,concrete,0.2,0.05,2,2,0,HOLLOW_CONCRETE_COLUMN_PANEL
POSTP0_C1_HALL_DAC66523,surface:9:hall_column_1_south,a41549dc2fc0c1f6dce83112_single,concrete,concrete,0.2,0.05,2,2,0,HOLLOW_CONCRETE_COLUMN_PANEL
POSTP0_C1_HALL_DAC66523,surface:10:hall_column_1_north,39f9962f7711652fedb8a6e3_single,concrete,concrete,0.2,0.05,2,2,0,HOLLOW_CONCRETE_COLUMN_PANEL
POSTP0_C1_HALL_DAC66523,surface:12:hall_column_2_west,849917f84a30c850cdd8d34d_single,concrete,concrete,0.2,0.05,2,2,0,HOLLOW_CONCRETE_COLUMN_PANEL
POSTP0_C1_HALL_DAC66523,surface:13:hall_column_2_east,a316fc2473c914534b7c5be1_single,concrete,concrete,0.2,0.05,2,2,0,HOLLOW_CONCRETE_COLUMN_PANEL
POSTP0_C1_HALL_DAC66523,surface:14:hall_column_2_south,6d777495ace3b7cd10983613_single,concrete,concrete,0.2,0.05,2,2,0,HOLLOW_CONCRETE_COLUMN_PANEL
POSTP0_C1_HALL_DAC66523,surface:15:hall_column_2_north,939ba22f71018a030f8bae32_single,concrete,concrete,0.2,0.05,2,2,0,HOLLOW_CONCRETE_COLUMN_PANEL
POSTP0_C1_HALL_DAC66523,surface:17:hall_column_3_west,51b390a19de3d81fc7538582_single,concrete,concrete,0.2,0.05,2,2,0,HOLLOW_CONCRETE_COLUMN_PANEL
POSTP0_C1_HALL_DAC66523,surface:18:hall_column_3_east,15afdccc45618d453dcce077_single,concrete,concrete,0.2,0.05,2,2,0,HOLLOW_CONCRETE_COLUMN_PANEL
POSTP0_C1_HALL_DAC66523,surface:19:hall_column_3_south,0588642fe3dd1b5160955db9_single,concrete,concrete,0.2,0.05,2,2,0,HOLLOW_CONCRETE_COLUMN_PANEL
POSTP0_C1_HALL_DAC66523,surface:20:hall_column_3_north,e2cbfc84f2671a45e56c70af_single,concrete,concrete,0.2,0.05,2,2,0,HOLLOW_CONCRETE_COLUMN_PANEL
POSTP0_C1_HALL_DAC66523,surface:22:hall_column_4_west,66ebebe08096a9cef1c7eec1_single,concrete,concrete,0.2,0.05,2,2,0,HOLLOW_CONCRETE_COLUMN_PANEL
POSTP0_C1_HALL_DAC66523,surface:23:hall_column_4_east,3700abf3d737baa949fee1a0_single,concrete,concrete,0.2,0.05,2,2,0,HOLLOW_CONCRETE_COLUMN_PANEL
POSTP0_C1_HALL_DAC66523,surface:24:hall_column_4_south,ef6d8f4e3a81d743111ff4ab_single,concrete,concrete,0.2,0.05,2,2,0,HOLLOW_CONCRETE_COLUMN_PANEL
POSTP0_C1_HALL_DAC66523,surface:25:hall_column_4_north,378ec6e445111281e72fe718_single,concrete,concrete,0.2,0.05,2,2,0,HOLLOW_CONCRETE_COLUMN_PANEL
POSTP0_C1_HALL_E38087E6,surface:7:hall_column_1_west,22a9ff91e1d54ab745021f6d_single,concrete,concrete,0.2,0.05,2,2,0,HOLLOW_CONCRETE_COLUMN_PANEL
POSTP0_C1_HALL_E38087E6,surface:8:hall_column_1_east,a8a7b99112f8a339ba17fd04_single,concrete,concrete,0.2,0.05,2,2,0,HOLLOW_CONCRETE_COLUMN_PANEL
POSTP0_C1_HALL_E38087E6,surface:9:hall_column_1_south,cab78a6dc76fb9de75e45397_single,concrete,concrete,0.2,0.05,2,2,0,HOLLOW_CONCRETE_COLUMN_PANEL
POSTP0_C1_HALL_E38087E6,surface:10:hall_column_1_north,da84a5c1b701101dcb33667d_single,concrete,concrete,0.2,0.05,2,2,0,HOLLOW_CONCRETE_COLUMN_PANEL
POSTP0_C1_HALL_E38087E6,surface:12:hall_column_2_west,7b85e6a48134e66aaec3523a_single,concrete,concrete,0.2,0.05,2,2,0,HOLLOW_CONCRETE_COLUMN_PANEL
POSTP0_C1_HALL_E38087E6,surface:13:hall_column_2_east,1184835a6c6be74b0c77a50b_single,concrete,concrete,0.2,0.05,2,2,0,HOLLOW_CONCRETE_COLUMN_PANEL
POSTP0_C1_HALL_E38087E6,surface:14:hall_column_2_south,7f9657cf065dc0894f064af5_single,concrete,concrete,0.2,0.05,2,2,0,HOLLOW_CONCRETE_COLUMN_PANEL
POSTP0_C1_HALL_E38087E6,surface:15:hall_column_2_north,aff91155bf44119cc9a7f7f4_single,concrete,concrete,0.2,0.05,2,2,0,HOLLOW_CONCRETE_COLUMN_PANEL
POSTP0_C1_HALL_E38087E6,surface:17:hall_column_3_west,ed10905b4a799b662d2099e7_single,concrete,concrete,0.2,0.05,2,2,0,HOLLOW_CONCRETE_COLUMN_PANEL
POSTP0_C1_HALL_E38087E6,surface:18:hall_column_3_east,c643a58cc5b329fa2ed76e5e_single,concrete,concrete,0.2,0.05,2,2,0,HOLLOW_CONCRETE_COLUMN_PANEL
POSTP0_C1_HALL_E38087E6,surface:19:hall_column_3_south,1720ea3e4e19eb74bbaa2cb6_single,concrete,concrete,0.2,0.05,2,2,0,HOLLOW_CONCRETE_COLUMN_PANEL
POSTP0_C1_HALL_E38087E6,surface:20:hall_column_3_north,94aa268cd36a73673cd196a9_single,concrete,concrete,0.2,0.05,2,2,0,HOLLOW_CONCRETE_COLUMN_PANEL
POSTP0_C1_HALL_E38087E6,surface:22:hall_column_4_west,107a519dda4d8ef65fd38a36_single,concrete,concrete,0.2,0.05,2,2,0,HOLLOW_CONCRETE_COLUMN_PANEL
POSTP0_C1_HALL_E38087E6,surface:23:hall_column_4_east,8e8d4e27ee1b52b12546b13e_single,concrete,concrete,0.2,0.05,2,2,0,HOLLOW_CONCRETE_COLUMN_PANEL
POSTP0_C1_HALL_E38087E6,surface:24:hall_column_4_south,d62e77c4bdd7f1312e51dc33_single,concrete,concrete,0.2,0.05,2,2,0,HOLLOW_CONCRETE_COLUMN_PANEL
POSTP0_C1_HALL_E38087E6,surface:25:hall_column_4_north,f9de48760b8cd3e4c05b7199_single,concrete,concrete,0.2,0.05,2,2,0,HOLLOW_CONCRETE_COLUMN_PANEL
POSTP0_C3_HALL_3C67E1BC,surface:7:hall_column_1_west,e6372e9b0594bb1cc5c0d33b_single,concrete,concrete,0.2,0.05,2,2,0,HOLLOW_CONCRETE_COLUMN_PANEL
POSTP0_C3_HALL_3C67E1BC,surface:8:hall_column_1_east,7fe9ce0d0f0d089789db9620_single,concrete,concrete,0.2,0.05,2,2,0,HOLLOW_CONCRETE_COLUMN_PANEL
POSTP0_C3_HALL_3C67E1BC,surface:9:hall_column_1_south,adaeb37ac2880e0c4a12454d_single,concrete,concrete,0.2,0.05,2,2,0,HOLLOW_CONCRETE_COLUMN_PANEL
POSTP0_C3_HALL_3C67E1BC,surface:10:hall_column_1_north,f5ee8f43d0920cbe3931004f_single,concrete,concrete,0.2,0.05,2,2,0,HOLLOW_CONCRETE_COLUMN_PANEL
POSTP0_C3_HALL_3C67E1BC,surface:12:hall_column_2_west,b8a768c9652cdc765eb51276_single,concrete,concrete,0.2,0.05,2,2,0,HOLLOW_CONCRETE_COLUMN_PANEL
POSTP0_C3_HALL_3C67E1BC,surface:13:hall_column_2_east,2132c6b17f855d4ac1e9fae0_single,concrete,concrete,0.2,0.05,2,2,0,HOLLOW_CONCRETE_COLUMN_PANEL
POSTP0_C3_HALL_3C67E1BC,surface:14:hall_column_2_south,808703f09ef45571f8521eae_single,concrete,concrete,0.2,0.05,2,2,0,HOLLOW_CONCRETE_COLUMN_PANEL
POSTP0_C3_HALL_3C67E1BC,surface:15:hall_column_2_north,236456d1912f54b40ab1bbc4_single,concrete,concrete,0.2,0.05,2,2,0,HOLLOW_CONCRETE_COLUMN_PANEL
POSTP0_C3_HALL_3C67E1BC,surface:17:hall_column_3_west,8a96b890026b3e98b5e890af_single,concrete,concrete,0.2,0.05,2,2,0,HOLLOW_CONCRETE_COLUMN_PANEL
POSTP0_C3_HALL_3C67E1BC,surface:18:hall_column_3_east,47c202f07cc6bd12c723406c_single,concrete,concrete,0.2,0.05,2,2,0,HOLLOW_CONCRETE_COLUMN_PANEL
POSTP0_C3_HALL_3C67E1BC,surface:19:hall_column_3_south,68b03b43543b5e3522bb4a91_single,concrete,concrete,0.2,0.05,2,2,0,HOLLOW_CONCRETE_COLUMN_PANEL
POSTP0_C3_HALL_3C67E1BC,surface:20:hall_column_3_north,428aecf629534c1997acf8bd_single,concrete,concrete,0.2,0.05,2,2,0,HOLLOW_CONCRETE_COLUMN_PANEL
POSTP0_C3_HALL_3C67E1BC,surface:22:hall_column_4_west,a701e17762e422609d364216_single,concrete,concrete,0.2,0.05,2,2,0,HOLLOW_CONCRETE_COLUMN_PANEL
POSTP0_C3_HALL_3C67E1BC,surface:23:hall_column_4_east,062b2f50b8dc56ac088ab264_single,concrete,concrete,0.2,0.05,2,2,0,HOLLOW_CONCRETE_COLUMN_PANEL
POSTP0_C3_HALL_3C67E1BC,surface:24:hall_column_4_south,385fc977abe5d24f9ebf8408_single,concrete,concrete,0.2,0.05,2,2,0,HOLLOW_CONCRETE_COLUMN_PANEL
POSTP0_C3_HALL_3C67E1BC,surface:25:hall_column_4_north,24740589a28ab4bb4db0e975_single,concrete,concrete,0.2,0.05,2,2,0,HOLLOW_CONCRETE_COLUMN_PANEL
POSTP0_C3_HALL_55AB0E22,surface:7:hall_column_1_west,f2e5066353f786c618ee96ac_single,concrete,concrete,0.2,0.05,2,2,0,HOLLOW_CONCRETE_COLUMN_PANEL
POSTP0_C3_HALL_55AB0E22,surface:8:hall_column_1_east,501697b5f332f83a33b0f5b7_single,concrete,concrete,0.2,0.05,2,2,0,HOLLOW_CONCRETE_COLUMN_PANEL
POSTP0_C3_HALL_55AB0E22,surface:9:hall_column_1_south,93df6a0f1a67b3117bfc1254_single,concrete,concrete,0.2,0.05,2,2,0,HOLLOW_CONCRETE_COLUMN_PANEL
POSTP0_C3_HALL_55AB0E22,surface:10:hall_column_1_north,9e95d8f3c57218517bee4ddc_single,concrete,concrete,0.2,0.05,2,2,0,HOLLOW_CONCRETE_COLUMN_PANEL
POSTP0_C3_HALL_55AB0E22,surface:12:hall_column_2_west,74a32e7e46d3f30a14c9d964_single,concrete,concrete,0.2,0.05,2,2,0,HOLLOW_CONCRETE_COLUMN_PANEL
POSTP0_C3_HALL_55AB0E22,surface:13:hall_column_2_east,602e5b7a5dd0e106ca1ff076_single,concrete,concrete,0.2,0.05,2,2,0,HOLLOW_CONCRETE_COLUMN_PANEL
POSTP0_C3_HALL_55AB0E22,surface:14:hall_column_2_south,2f3540092814e75185814f93_single,concrete,concrete,0.2,0.05,2,2,0,HOLLOW_CONCRETE_COLUMN_PANEL
POSTP0_C3_HALL_55AB0E22,surface:15:hall_column_2_north,78691c371a74407f2010e3d8_single,concrete,concrete,0.2,0.05,2,2,0,HOLLOW_CONCRETE_COLUMN_PANEL
POSTP0_C3_HALL_55AB0E22,surface:17:hall_column_3_west,00fed74c28c9655e140c8375_single,concrete,concrete,0.2,0.05,2,2,0,HOLLOW_CONCRETE_COLUMN_PANEL
POSTP0_C3_HALL_55AB0E22,surface:18:hall_column_3_east,4836fe089f063ddf9cb58987_single,concrete,concrete,0.2,0.05,2,2,0,HOLLOW_CONCRETE_COLUMN_PANEL
POSTP0_C3_HALL_55AB0E22,surface:19:hall_column_3_south,1948beae520c12a68c506536_single,concrete,concrete,0.2,0.05,2,2,0,HOLLOW_CONCRETE_COLUMN_PANEL
POSTP0_C3_HALL_55AB0E22,surface:20:hall_column_3_north,51f08707e9f543812e270de1_single,concrete,concrete,0.2,0.05,2,2,0,HOLLOW_CONCRETE_COLUMN_PANEL
POSTP0_C3_HALL_55AB0E22,surface:22:hall_column_4_west,b6e6c0c8c2c61a3f1cbe4081_single,concrete,concrete,0.2,0.05,2,2,0,HOLLOW_CONCRETE_COLUMN_PANEL
POSTP0_C3_HALL_55AB0E22,surface:23:hall_column_4_east,b1f7a084ed40741b6a2654e3_single,concrete,concrete,0.2,0.05,2,2,0,HOLLOW_CONCRETE_COLUMN_PANEL
POSTP0_C3_HALL_55AB0E22,surface:24:hall_column_4_south,5db345077c3793a893ba2045_single,concrete,concrete,0.2,0.05,2,2,0,HOLLOW_CONCRETE_COLUMN_PANEL
POSTP0_C3_HALL_55AB0E22,surface:25:hall_column_4_north,3de67a24d0f32c66b50f3445_single,concrete,concrete,0.2,0.05,2,2,0,HOLLOW_CONCRETE_COLUMN_PANEL
POSTP0_C3_HALL_6DA51F4E,surface:7:hall_column_1_west,eb015f3007e9637d7f4777eb_single,concrete,concrete,0.2,0.05,2,2,0,HOLLOW_CONCRETE_COLUMN_PANEL
POSTP0_C3_HALL_6DA51F4E,surface:8:hall_column_1_east,9de9fd5e9a0425c38ca2249e_single,concrete,concrete,0.2,0.05,2,2,0,HOLLOW_CONCRETE_COLUMN_PANEL
POSTP0_C3_HALL_6DA51F4E,surface:9:hall_column_1_south,92b64ff715be89c19c42ae33_single,concrete,concrete,0.2,0.05,2,2,0,HOLLOW_CONCRETE_COLUMN_PANEL
POSTP0_C3_HALL_6DA51F4E,surface:10:hall_column_1_north,e397c504fa6ea468bfaca3f2_single,concrete,concrete,0.2,0.05,2,2,0,HOLLOW_CONCRETE_COLUMN_PANEL
POSTP0_C3_HALL_6DA51F4E,surface:12:hall_column_2_west,324845547ee7ff9029d6b15d_single,concrete,concrete,0.2,0.05,2,2,0,HOLLOW_CONCRETE_COLUMN_PANEL
POSTP0_C3_HALL_6DA51F4E,surface:13:hall_column_2_east,b88e4a2a92ebd6712ce683bb_single,concrete,concrete,0.2,0.05,2,2,0,HOLLOW_CONCRETE_COLUMN_PANEL
POSTP0_C3_HALL_6DA51F4E,surface:14:hall_column_2_south,b71b4f62e4896d0e038a3070_single,concrete,concrete,0.2,0.05,2,2,0,HOLLOW_CONCRETE_COLUMN_PANEL
POSTP0_C3_HALL_6DA51F4E,surface:15:hall_column_2_north,3a0a4062018b2df37edfbdf4_single,concrete,concrete,0.2,0.05,2,2,0,HOLLOW_CONCRETE_COLUMN_PANEL
POSTP0_C3_HALL_6DA51F4E,surface:17:hall_column_3_west,f1cb0f603b7603e37ab51e39_single,concrete,concrete,0.2,0.05,2,2,0,HOLLOW_CONCRETE_COLUMN_PANEL
POSTP0_C3_HALL_6DA51F4E,surface:18:hall_column_3_east,dc77a6e59de7d09b1522ea10_single,concrete,concrete,0.2,0.05,2,2,0,HOLLOW_CONCRETE_COLUMN_PANEL
POSTP0_C3_HALL_6DA51F4E,surface:19:hall_column_3_south,9bdb8a6f2c587c417be3c4a3_single,concrete,concrete,0.2,0.05,2,2,0,HOLLOW_CONCRETE_COLUMN_PANEL
POSTP0_C3_HALL_6DA51F4E,surface:20:hall_column_3_north,ce54f315ab8e54f43ec228c3_single,concrete,concrete,0.2,0.05,2,2,0,HOLLOW_CONCRETE_COLUMN_PANEL
POSTP0_C3_HALL_6DA51F4E,surface:22:hall_column_4_west,574d258b73199c977120ec16_single,concrete,concrete,0.2,0.05,2,2,0,HOLLOW_CONCRETE_COLUMN_PANEL
POSTP0_C3_HALL_6DA51F4E,surface:23:hall_column_4_east,1440921f8aa71f407d617d08_single,concrete,concrete,0.2,0.05,2,2,0,HOLLOW_CONCRETE_COLUMN_PANEL
POSTP0_C3_HALL_6DA51F4E,surface:24:hall_column_4_south,c67bc12f19d6d4338467f2a9_single,concrete,concrete,0.2,0.05,2,2,0,HOLLOW_CONCRETE_COLUMN_PANEL
POSTP0_C3_HALL_6DA51F4E,surface:25:hall_column_4_north,94499222a348a9aec930f725_single,concrete,concrete,0.2,0.05,2,2,0,HOLLOW_CONCRETE_COLUMN_PANEL
2f02438b59f2a05c1dcd0d1d456c64150b7f1cdb746e2c1b551366cad35dbf9c,asset:0:modern_arm_chair_01:left_leg_-0.31,bd2c4872ebef9771b5b6011b_zm,wood,wood,0.018,0.018,2,0,0.00562499999999999,ARCHITECTURE_OWNS_CONTACT
2f02438b59f2a05c1dcd0d1d456c64150b7f1cdb746e2c1b551366cad35dbf9c,asset:0:modern_arm_chair_01:left_leg_0.34,2d472842b48365266cfb0668_zm,wood,wood,0.018,0.018,2,0,0.005624999999999996,ARCHITECTURE_OWNS_CONTACT
2f02438b59f2a05c1dcd0d1d456c64150b7f1cdb746e2c1b551366cad35dbf9c,asset:0:modern_arm_chair_01:right_leg_-0.31,b1a1802b9fb2269273855a6a_zm,wood,wood,0.018,0.018,2,0,0.005625000000000029,ARCHITECTURE_OWNS_CONTACT
2f02438b59f2a05c1dcd0d1d456c64150b7f1cdb746e2c1b551366cad35dbf9c,asset:0:modern_arm_chair_01:right_leg_0.34,8a42b29e9920b3ba5b8ef0d2_zm,wood,wood,0.018,0.018,2,0,0.005624999999999998,ARCHITECTURE_OWNS_CONTACT
2f02438b59f2a05c1dcd0d1d456c64150b7f1cdb746e2c1b551366cad35dbf9c,asset:1:modern_arm_chair_01:left_leg_-0.31,fc2437f94bb58a0baf624867_zm,wood,wood,0.018,0.018,2,0,0.005625000000000085,ARCHITECTURE_OWNS_CONTACT
2f02438b59f2a05c1dcd0d1d456c64150b7f1cdb746e2c1b551366cad35dbf9c,asset:1:modern_arm_chair_01:left_leg_0.34,1c03c3d220e6879efb77aaff_zm,wood,wood,0.018,0.018,2,0,0.005624999999999982,ARCHITECTURE_OWNS_CONTACT
2f02438b59f2a05c1dcd0d1d456c64150b7f1cdb746e2c1b551366cad35dbf9c,asset:1:modern_arm_chair_01:right_leg_-0.31,2049c3b8c424afc2938f42cc_zm,wood,wood,0.018,0.018,2,0,0.005625000000000085,ARCHITECTURE_OWNS_CONTACT
2f02438b59f2a05c1dcd0d1d456c64150b7f1cdb746e2c1b551366cad35dbf9c,asset:1:modern_arm_chair_01:right_leg_0.34,f3a56d194795a6ea35fd2ff4_zm,wood,wood,0.018,0.018,2,0,0.005624999999999936,ARCHITECTURE_OWNS_CONTACT
3e2a6ce195c1b27fe2042ac9a659238f8c6092070e741e7ecdad2bf2eebe9b66,asset:0:modern_arm_chair_01:left_leg_-0.31,e29d64c7194f9ed9c9bc3fd7_zm,wood,wood,0.018,0.018,2,0,0.00562499999999999,ARCHITECTURE_OWNS_CONTACT
3e2a6ce195c1b27fe2042ac9a659238f8c6092070e741e7ecdad2bf2eebe9b66,asset:0:modern_arm_chair_01:left_leg_0.34,e898f7f2d2c57d7f8addd6f3_zm,wood,wood,0.018,0.018,2,0,0.005624999999999942,ARCHITECTURE_OWNS_CONTACT
3e2a6ce195c1b27fe2042ac9a659238f8c6092070e741e7ecdad2bf2eebe9b66,asset:0:modern_arm_chair_01:right_leg_-0.31,620c0ded1c9512595a4cb23e_zm,wood,wood,0.018,0.018,2,0,0.005625000000000029,ARCHITECTURE_OWNS_CONTACT
3e2a6ce195c1b27fe2042ac9a659238f8c6092070e741e7ecdad2bf2eebe9b66,asset:0:modern_arm_chair_01:right_leg_0.34,58bcce8038c8934238b60b19_zm,wood,wood,0.018,0.018,2,0,0.0056249999999999495,ARCHITECTURE_OWNS_CONTACT
3e2a6ce195c1b27fe2042ac9a659238f8c6092070e741e7ecdad2bf2eebe9b66,asset:1:modern_arm_chair_01:left_leg_-0.31,9ee27cba860536bae116b9cb_zm,wood,wood,0.018,0.018,2,0,0.005624999999999992,ARCHITECTURE_OWNS_CONTACT
3e2a6ce195c1b27fe2042ac9a659238f8c6092070e741e7ecdad2bf2eebe9b66,asset:1:modern_arm_chair_01:left_leg_0.34,c577b465b69e5774ba790ce1_zm,wood,wood,0.018,0.018,2,0,0.005624999999999936,ARCHITECTURE_OWNS_CONTACT
3e2a6ce195c1b27fe2042ac9a659238f8c6092070e741e7ecdad2bf2eebe9b66,asset:1:modern_arm_chair_01:right_leg_-0.31,08544b40c14febc60ad127a6_zm,wood,wood,0.018,0.018,2,0,0.005625000000000085,ARCHITECTURE_OWNS_CONTACT
3e2a6ce195c1b27fe2042ac9a659238f8c6092070e741e7ecdad2bf2eebe9b66,asset:1:modern_arm_chair_01:right_leg_0.34,3fd3caedf129718b50b341a4_zm,wood,wood,0.018,0.018,2,0,0.005624999999999953,ARCHITECTURE_OWNS_CONTACT
7386d8d92284c054ebefb1b033cebfa78fc2a0825edbca01a31d2ed9fd310f37,asset:0:modern_arm_chair_01:left_leg_-0.31,9fa23b2cfec2e09c2eafac0c_zm,wood,wood,0.018,0.018,2,0,0.005625000000000047,ARCHITECTURE_OWNS_CONTACT
7386d8d92284c054ebefb1b033cebfa78fc2a0825edbca01a31d2ed9fd310f37,asset:0:modern_arm_chair_01:left_leg_0.34,17fb499ed18816c0384c6969_zm,wood,wood,0.018,0.018,2,0,0.005624999999999918,ARCHITECTURE_OWNS_CONTACT
7386d8d92284c054ebefb1b033cebfa78fc2a0825edbca01a31d2ed9fd310f37,asset:0:modern_arm_chair_01:right_leg_-0.31,adbb0cc3bd665284e9dd044c_zm,wood,wood,0.018,0.018,2,0,0.005625000000000047,ARCHITECTURE_OWNS_CONTACT
7386d8d92284c054ebefb1b033cebfa78fc2a0825edbca01a31d2ed9fd310f37,asset:0:modern_arm_chair_01:right_leg_0.34,014aaa52872e352a8cce1772_zm,wood,wood,0.018,0.018,2,0,0.005624999999999938,ARCHITECTURE_OWNS_CONTACT
7386d8d92284c054ebefb1b033cebfa78fc2a0825edbca01a31d2ed9fd310f37,asset:1:modern_arm_chair_01:left_leg_-0.31,3693feee249cda530a30d87c_zm,wood,wood,0.018,0.018,2,0,0.005625000000000047,ARCHITECTURE_OWNS_CONTACT
7386d8d92284c054ebefb1b033cebfa78fc2a0825edbca01a31d2ed9fd310f37,asset:1:modern_arm_chair_01:left_leg_0.34,cae0d1e3eedfab164cbeb57d_zm,wood,wood,0.018,0.018,2,0,0.005624999999999937,ARCHITECTURE_OWNS_CONTACT
7386d8d92284c054ebefb1b033cebfa78fc2a0825edbca01a31d2ed9fd310f37,asset:1:modern_arm_chair_01:right_leg_-0.31,75068d52472dafb72aae711c_zm,wood,wood,0.018,0.018,2,0,0.005625000000000047,ARCHITECTURE_OWNS_CONTACT
7386d8d92284c054ebefb1b033cebfa78fc2a0825edbca01a31d2ed9fd310f37,asset:1:modern_arm_chair_01:right_leg_0.34,49c0d4c6844a3772f41ca4f0_zm,wood,wood,0.018,0.018,2,0,0.005624999999999918,ARCHITECTURE_OWNS_CONTACT
994ec5ada5ecf0ac18c365436caae8b06922b321ab1c742420fc53d3d293d02e,asset:0:modern_arm_chair_01:left_leg_-0.31,b3e7eeb613578267bf3b05e8_zm,wood,wood,0.018,0.018,2,0,0.005625000000000047,ARCHITECTURE_OWNS_CONTACT
994ec5ada5ecf0ac18c365436caae8b06922b321ab1c742420fc53d3d293d02e,asset:0:modern_arm_chair_01:left_leg_0.34,b35f6454194c093dc3268864_zm,wood,wood,0.018,0.018,2,0,0.005624999999999937,ARCHITECTURE_OWNS_CONTACT
994ec5ada5ecf0ac18c365436caae8b06922b321ab1c742420fc53d3d293d02e,asset:0:modern_arm_chair_01:right_leg_-0.31,76776be09b665f10720d7491_zm,wood,wood,0.018,0.018,2,0,0.005624999999999954,ARCHITECTURE_OWNS_CONTACT
994ec5ada5ecf0ac18c365436caae8b06922b321ab1c742420fc53d3d293d02e,asset:0:modern_arm_chair_01:right_leg_0.34,889f8c92a0905908b3b329aa_zm,wood,wood,0.018,0.018,2,0,0.005624999999999918,ARCHITECTURE_OWNS_CONTACT
994ec5ada5ecf0ac18c365436caae8b06922b321ab1c742420fc53d3d293d02e,asset:1:modern_arm_chair_01:left_leg_-0.31,8dc749270cd9587bf5c56818_zm,wood,wood,0.018,0.018,2,0,0.005624999999999954,ARCHITECTURE_OWNS_CONTACT
994ec5ada5ecf0ac18c365436caae8b06922b321ab1c742420fc53d3d293d02e,asset:1:modern_arm_chair_01:left_leg_0.34,cde79bf3bed7ecfda502fbce_zm,wood,wood,0.018,0.018,2,0,0.005624999999999918,ARCHITECTURE_OWNS_CONTACT
994ec5ada5ecf0ac18c365436caae8b06922b321ab1c742420fc53d3d293d02e,asset:1:modern_arm_chair_01:right_leg_-0.31,5dc5f5c657c6c4caca79a3fd_zm,wood,wood,0.018,0.018,2,0,0.005625000000000047,ARCHITECTURE_OWNS_CONTACT
994ec5ada5ecf0ac18c365436caae8b06922b321ab1c742420fc53d3d293d02e,asset:1:modern_arm_chair_01:right_leg_0.34,d7e7169147f0e9b73449975a_zm,wood,wood,0.018,0.018,2,0,0.005624999999999938,ARCHITECTURE_OWNS_CONTACT
b29b8f9975023cf64e495aac2fb3e552c2055f950c93276e52c99a6b663de008,asset:0:modern_arm_chair_01:left_leg_-0.31,ec3f9da6ded86672fde42165_zm,wood,wood,0.018,0.018,2,0,0.00562499999999999,ARCHITECTURE_OWNS_CONTACT
b29b8f9975023cf64e495aac2fb3e552c2055f950c93276e52c99a6b663de008,asset:0:modern_arm_chair_01:left_leg_0.34,7e53ccadf5d4607fb4d574ed_zm,wood,wood,0.018,0.018,2,0,0.005624999999999996,ARCHITECTURE_OWNS_CONTACT
b29b8f9975023cf64e495aac2fb3e552c2055f950c93276e52c99a6b663de008,asset:0:modern_arm_chair_01:right_leg_-0.31,4805d889d5ff7936515da737_zm,wood,wood,0.018,0.018,2,0,0.005625000000000029,ARCHITECTURE_OWNS_CONTACT
b29b8f9975023cf64e495aac2fb3e552c2055f950c93276e52c99a6b663de008,asset:0:modern_arm_chair_01:right_leg_0.34,526815e5747fe2dde468b2c4_zm,wood,wood,0.018,0.018,2,0,0.0056249999999999495,ARCHITECTURE_OWNS_CONTACT
b29b8f9975023cf64e495aac2fb3e552c2055f950c93276e52c99a6b663de008,asset:1:modern_arm_chair_01:left_leg_-0.31,083e220710dadf848dd9251c_zm,wood,wood,0.018,0.018,2,0,0.005625000000000028,ARCHITECTURE_OWNS_CONTACT
b29b8f9975023cf64e495aac2fb3e552c2055f950c93276e52c99a6b663de008,asset:1:modern_arm_chair_01:left_leg_0.34,29c91f0e744d23dbd336b09f_zm,wood,wood,0.018,0.018,2,0,0.005624999999999936,ARCHITECTURE_OWNS_CONTACT
b29b8f9975023cf64e495aac2fb3e552c2055f950c93276e52c99a6b663de008,asset:1:modern_arm_chair_01:right_leg_-0.31,ca3e4db1999592586b8f1a90_zm,wood,wood,0.018,0.018,2,0,0.005625000000000085,ARCHITECTURE_OWNS_CONTACT
b29b8f9975023cf64e495aac2fb3e552c2055f950c93276e52c99a6b663de008,asset:1:modern_arm_chair_01:right_leg_0.34,c99133580d711abb827c4679_zm,wood,wood,0.018,0.018,2,0,0.005624999999999953,ARCHITECTURE_OWNS_CONTACT
d6466775d997cb6905a1c5c126cff543a98bd5cedffaf8157755b792224237f6,asset:0:modern_arm_chair_01:left_leg_-0.31,98cedc42f0f747c43de691dc_zm,wood,wood,0.018,0.018,2,0,0.005625000000000047,ARCHITECTURE_OWNS_CONTACT
d6466775d997cb6905a1c5c126cff543a98bd5cedffaf8157755b792224237f6,asset:0:modern_arm_chair_01:left_leg_0.34,4cb88e43b060886099e31d9b_zm,wood,wood,0.018,0.018,2,0,0.005624999999999918,ARCHITECTURE_OWNS_CONTACT
d6466775d997cb6905a1c5c126cff543a98bd5cedffaf8157755b792224237f6,asset:0:modern_arm_chair_01:right_leg_-0.31,b0cd5a5956b2f7456e0a655e_zm,wood,wood,0.018,0.018,2,0,0.005625000000000047,ARCHITECTURE_OWNS_CONTACT
d6466775d997cb6905a1c5c126cff543a98bd5cedffaf8157755b792224237f6,asset:0:modern_arm_chair_01:right_leg_0.34,728cb8059e2be8439a941715_zm,wood,wood,0.018,0.018,2,0,0.005624999999999918,ARCHITECTURE_OWNS_CONTACT
d6466775d997cb6905a1c5c126cff543a98bd5cedffaf8157755b792224237f6,asset:1:modern_arm_chair_01:left_leg_-0.31,899051c0708e3d066b2d3afa_zm,wood,wood,0.018,0.018,2,0,0.005625000000000047,ARCHITECTURE_OWNS_CONTACT
d6466775d997cb6905a1c5c126cff543a98bd5cedffaf8157755b792224237f6,asset:1:modern_arm_chair_01:left_leg_0.34,824e06b91c9a36fc9d5f317a_zm,wood,wood,0.018,0.018,2,0,0.005624999999999918,ARCHITECTURE_OWNS_CONTACT
d6466775d997cb6905a1c5c126cff543a98bd5cedffaf8157755b792224237f6,asset:1:modern_arm_chair_01:right_leg_-0.31,3f478fcb620f023b8de6321d_zm,wood,wood,0.018,0.018,2,0,0.005625000000000047,ARCHITECTURE_OWNS_CONTACT
d6466775d997cb6905a1c5c126cff543a98bd5cedffaf8157755b792224237f6,asset:1:modern_arm_chair_01:right_leg_0.34,3c6daf83510246eccaf19aa6_zm,wood,wood,0.018,0.018,2,0,0.005624999999999918,ARCHITECTURE_OWNS_CONTACT
ea9e98e63b07b123a46b0206025b787564f756b95b46ba18cee6c2e44c61e6fd,asset:0:modern_arm_chair_01:left_leg_-0.31,198ba20b26f56dd9582ad5b6_zm,wood,wood,0.018,0.018,2,0,0.005625000000000037,ARCHITECTURE_OWNS_CONTACT
ea9e98e63b07b123a46b0206025b787564f756b95b46ba18cee6c2e44c61e6fd,asset:0:modern_arm_chair_01:left_leg_0.34,faf0235c8660ae2d1a6fa48f_zm,wood,wood,0.018,0.018,2,0,0.005624999999999942,ARCHITECTURE_OWNS_CONTACT
ea9e98e63b07b123a46b0206025b787564f756b95b46ba18cee6c2e44c61e6fd,asset:0:modern_arm_chair_01:right_leg_-0.31,49f033399afff1af7e26679f_zm,wood,wood,0.018,0.018,2,0,0.005624999999999993,ARCHITECTURE_OWNS_CONTACT
ea9e98e63b07b123a46b0206025b787564f756b95b46ba18cee6c2e44c61e6fd,asset:0:modern_arm_chair_01:right_leg_0.34,3cba881bfcdd7955a6af18c7_zm,wood,wood,0.018,0.018,2,0,0.005624999999999938,ARCHITECTURE_OWNS_CONTACT
ea9e98e63b07b123a46b0206025b787564f756b95b46ba18cee6c2e44c61e6fd,asset:1:modern_arm_chair_01:left_leg_-0.31,58a6e563f11d16ad4065e4f9_zm,wood,wood,0.018,0.018,2,0,0.005625000000000085,ARCHITECTURE_OWNS_CONTACT
ea9e98e63b07b123a46b0206025b787564f756b95b46ba18cee6c2e44c61e6fd,asset:1:modern_arm_chair_01:left_leg_0.34,45eb3e12ea9254ed6513c3b4_zm,wood,wood,0.018,0.018,2,0,0.005624999999999937,ARCHITECTURE_OWNS_CONTACT
ea9e98e63b07b123a46b0206025b787564f756b95b46ba18cee6c2e44c61e6fd,asset:1:modern_arm_chair_01:right_leg_-0.31,dee349e2bc3d322bff27285a_zm,wood,wood,0.018,0.018,2,0,0.005625000000000085,ARCHITECTURE_OWNS_CONTACT
ea9e98e63b07b123a46b0206025b787564f756b95b46ba18cee6c2e44c61e6fd,asset:1:modern_arm_chair_01:right_leg_0.34,b17259828ec5f909d5fcc7a3_zm,wood,wood,0.018,0.018,2,0,0.005624999999999936,ARCHITECTURE_OWNS_CONTACT
1c6346869666d494725c009647f351754f52bb3376d9402a3283d6bba9263bd7,asset:0:metal_office_desk:leg_-0.9_-0.4,a2086e91a22a3f6359924975_zm,metal,metal,0.001,0.001,2,0,0.0030250000000000116,ARCHITECTURE_OWNS_CONTACT
1c6346869666d494725c009647f351754f52bb3376d9402a3283d6bba9263bd7,asset:0:metal_office_desk:leg_-0.9_0.4,0e728187471916cdc878ceb9_zm,metal,metal,0.001,0.001,2,0,0.0030250000000000055,ARCHITECTURE_OWNS_CONTACT
1c6346869666d494725c009647f351754f52bb3376d9402a3283d6bba9263bd7,asset:0:metal_office_desk:leg_0.9_-0.4,1dd73fe204c03dbd962c3edb_zm,metal,metal,0.001,0.001,2,0,0.003024999999999987,ARCHITECTURE_OWNS_CONTACT
1c6346869666d494725c009647f351754f52bb3376d9402a3283d6bba9263bd7,asset:0:metal_office_desk:leg_0.9_0.4,917f6efcb8beaf0176198022_zm,metal,metal,0.001,0.001,2,0,0.003024999999999981,ARCHITECTURE_OWNS_CONTACT
2e214ad962b96eb2faf4ef31b2a91fd7f734ba041dfbfc93c39d4934eac3f2e1,asset:0:metal_office_desk:leg_-0.9_-0.4,b60bc3ceccc90b36fec5947c_zm,metal,metal,0.001,0.001,2,0,0.003024999999999987,ARCHITECTURE_OWNS_CONTACT
2e214ad962b96eb2faf4ef31b2a91fd7f734ba041dfbfc93c39d4934eac3f2e1,asset:0:metal_office_desk:leg_-0.9_0.4,d76034245358a217fc7d9c88_zm,metal,metal,0.001,0.001,2,0,0.003024999999999981,ARCHITECTURE_OWNS_CONTACT
2e214ad962b96eb2faf4ef31b2a91fd7f734ba041dfbfc93c39d4934eac3f2e1,asset:0:metal_office_desk:leg_0.9_-0.4,54b8e3e780f2330f051b22d7_zm,metal,metal,0.001,0.001,2,0,0.003024999999999987,ARCHITECTURE_OWNS_CONTACT
2e214ad962b96eb2faf4ef31b2a91fd7f734ba041dfbfc93c39d4934eac3f2e1,asset:0:metal_office_desk:leg_0.9_0.4,985e3d092ecc4445a2c73d83_zm,metal,metal,0.001,0.001,2,0,0.003024999999999981,ARCHITECTURE_OWNS_CONTACT
5dd0c84b25e053f0cc5ff083ce740bea9a88ac6590a100ec6ec8cadda18fc59f,asset:0:metal_office_desk:leg_-0.9_-0.4,da6ce110b2789b18e9e48a06_zm,metal,metal,0.001,0.001,2,0,0.0030250000000000116,ARCHITECTURE_OWNS_CONTACT
5dd0c84b25e053f0cc5ff083ce740bea9a88ac6590a100ec6ec8cadda18fc59f,asset:0:metal_office_desk:leg_-0.9_0.4,0b1c94809e15792861e39910_zm,metal,metal,0.001,0.001,2,0,0.0030250000000000055,ARCHITECTURE_OWNS_CONTACT
5dd0c84b25e053f0cc5ff083ce740bea9a88ac6590a100ec6ec8cadda18fc59f,asset:0:metal_office_desk:leg_0.9_-0.4,2ab92b88c3388024653eb74d_zm,metal,metal,0.001,0.001,2,0,0.003024999999999987,ARCHITECTURE_OWNS_CONTACT
5dd0c84b25e053f0cc5ff083ce740bea9a88ac6590a100ec6ec8cadda18fc59f,asset:0:metal_office_desk:leg_0.9_0.4,42156c2585d8eecfbf224b3a_zm,metal,metal,0.001,0.001,2,0,0.003024999999999981,ARCHITECTURE_OWNS_CONTACT
6ef631c38d97a1d4314283cc5daacd04ba297778761583e33bff803ddf28ccee,asset:0:metal_office_desk:leg_-0.9_-0.4,ceca607e4692b93b1e116d40_zm,metal,metal,0.001,0.001,2,0,0.003024999999999987,ARCHITECTURE_OWNS_CONTACT
6ef631c38d97a1d4314283cc5daacd04ba297778761583e33bff803ddf28ccee,asset:0:metal_office_desk:leg_-0.9_0.4,93141ea51baf1a1b270743e2_zm,metal,metal,0.001,0.001,2,0,0.003024999999999981,ARCHITECTURE_OWNS_CONTACT
6ef631c38d97a1d4314283cc5daacd04ba297778761583e33bff803ddf28ccee,asset:0:metal_office_desk:leg_0.9_-0.4,5ad7b6ba062480067f60fdfd_zm,metal,metal,0.001,0.001,2,0,0.003024999999999987,ARCHITECTURE_OWNS_CONTACT
6ef631c38d97a1d4314283cc5daacd04ba297778761583e33bff803ddf28ccee,asset:0:metal_office_desk:leg_0.9_0.4,b138e205bb115810c4655c76_zm,metal,metal,0.001,0.001,2,0,0.003024999999999981,ARCHITECTURE_OWNS_CONTACT
8ff9530699f3bd40365ad43ea93280226e6426e08c083b4930db7bf7389115a2,asset:0:metal_office_desk:leg_-0.9_-0.4,17733d7f64a97d0afe999cb7_zm,metal,metal,0.001,0.001,2,0,0.0030250000000000116,ARCHITECTURE_OWNS_CONTACT
8ff9530699f3bd40365ad43ea93280226e6426e08c083b4930db7bf7389115a2,asset:0:metal_office_desk:leg_-0.9_0.4,c7de821fad19ac7c7c1705f5_zm,metal,metal,0.001,0.001,2,0,0.0030250000000000055,ARCHITECTURE_OWNS_CONTACT
8ff9530699f3bd40365ad43ea93280226e6426e08c083b4930db7bf7389115a2,asset:0:metal_office_desk:leg_0.9_-0.4,c361ecf1b3254cc4284f2dc8_zm,metal,metal,0.001,0.001,2,0,0.003024999999999987,ARCHITECTURE_OWNS_CONTACT
8ff9530699f3bd40365ad43ea93280226e6426e08c083b4930db7bf7389115a2,asset:0:metal_office_desk:leg_0.9_0.4,d18d8a41c5f2df40762e9c9a_zm,metal,metal,0.001,0.001,2,0,0.003024999999999981,ARCHITECTURE_OWNS_CONTACT
afe205e2eaaa514f1e8ccf25bb7056430fe6c9487b3c3c66eff504eaa9b493ba,asset:0:metal_office_desk:leg_-0.9_-0.4,02314d2d7df07d6d74925d3c_zm,metal,metal,0.001,0.001,2,0,0.003024999999999987,ARCHITECTURE_OWNS_CONTACT
afe205e2eaaa514f1e8ccf25bb7056430fe6c9487b3c3c66eff504eaa9b493ba,asset:0:metal_office_desk:leg_-0.9_0.4,a9074c38790ad45504f0eaa4_zm,metal,metal,0.001,0.001,2,0,0.003024999999999981,ARCHITECTURE_OWNS_CONTACT
afe205e2eaaa514f1e8ccf25bb7056430fe6c9487b3c3c66eff504eaa9b493ba,asset:0:metal_office_desk:leg_0.9_-0.4,4424676f7ed978c38288a28f_zm,metal,metal,0.001,0.001,2,0,0.003024999999999987,ARCHITECTURE_OWNS_CONTACT
afe205e2eaaa514f1e8ccf25bb7056430fe6c9487b3c3c66eff504eaa9b493ba,asset:0:metal_office_desk:leg_0.9_0.4,078695a402496268346847b0_zm,metal,metal,0.001,0.001,2,0,0.003024999999999981,ARCHITECTURE_OWNS_CONTACT
cf6563741e541f9ed402437149b1ad5e965f12419fe87744fcf379c1d0797efe,asset:0:metal_office_desk:leg_-0.9_-0.4,43d7d280041f4f4498874871_zm,metal,metal,0.001,0.001,2,0,0.0030249999999999995,ARCHITECTURE_OWNS_CONTACT
cf6563741e541f9ed402437149b1ad5e965f12419fe87744fcf379c1d0797efe,asset:0:metal_office_desk:leg_-0.9_0.4,303253b47ce1d1572fbda7fb_zm,metal,metal,0.001,0.001,2,0,0.003024999999999993,ARCHITECTURE_OWNS_CONTACT
cf6563741e541f9ed402437149b1ad5e965f12419fe87744fcf379c1d0797efe,asset:0:metal_office_desk:leg_0.9_-0.4,07f155d3467bf7faaec828fa_zm,metal,metal,0.001,0.001,2,0,0.0030250000000000116,ARCHITECTURE_OWNS_CONTACT
cf6563741e541f9ed402437149b1ad5e965f12419fe87744fcf379c1d0797efe,asset:0:metal_office_desk:leg_0.9_0.4,0918178351cf1288f5efc11a_zm,metal,metal,0.001,0.001,2,0,0.0030250000000000055,ARCHITECTURE_OWNS_CONTACT
d34c7257d502005ccf53e4637e50aadd6470b57f10088f2c816c3dfe7f397dc0,asset:0:metal_office_desk:leg_-0.9_-0.4,0f29bb293cded2c8d0ebfa89_zm,metal,metal,0.001,0.001,2,0,0.0030249999999999995,ARCHITECTURE_OWNS_CONTACT
d34c7257d502005ccf53e4637e50aadd6470b57f10088f2c816c3dfe7f397dc0,asset:0:metal_office_desk:leg_-0.9_0.4,302ce403e288c8a5d2359066_zm,metal,metal,0.001,0.001,2,0,0.003024999999999993,ARCHITECTURE_OWNS_CONTACT
d34c7257d502005ccf53e4637e50aadd6470b57f10088f2c816c3dfe7f397dc0,asset:0:metal_office_desk:leg_0.9_-0.4,94d479283bd3910512a98e4a_zm,metal,metal,0.001,0.001,2,0,0.0030250000000000116,ARCHITECTURE_OWNS_CONTACT
d34c7257d502005ccf53e4637e50aadd6470b57f10088f2c816c3dfe7f397dc0,asset:0:metal_office_desk:leg_0.9_0.4,f3a7dc23ac10654955a7fae3_zm,metal,metal,0.001,0.001,2,0,0.0030250000000000055,ARCHITECTURE_OWNS_CONTACT
d620158a213d25757fb74504df10b3e94d0410f9c1d79a9bc73e8364f6e2c80b,asset:0:metal_office_desk:leg_-0.9_-0.4,5c6ff2abbf04e83303f38585_zm,metal,metal,0.001,0.001,2,0,0.0030249999999999995,ARCHITECTURE_OWNS_CONTACT
d620158a213d25757fb74504df10b3e94d0410f9c1d79a9bc73e8364f6e2c80b,asset:0:metal_office_desk:leg_-0.9_0.4,29a99ed6fc49136ca2834aef_zm,metal,metal,0.001,0.001,2,0,0.003024999999999993,ARCHITECTURE_OWNS_CONTACT
d620158a213d25757fb74504df10b3e94d0410f9c1d79a9bc73e8364f6e2c80b,asset:0:metal_office_desk:leg_0.9_-0.4,69dc7a2a90146f2b8d4dd9e4_zm,metal,metal,0.001,0.001,2,0,0.0030250000000000116,ARCHITECTURE_OWNS_CONTACT
d620158a213d25757fb74504df10b3e94d0410f9c1d79a9bc73e8364f6e2c80b,asset:0:metal_office_desk:leg_0.9_0.4,9df7d833adec7d561c3ba64f_zm,metal,metal,0.001,0.001,2,0,0.0030250000000000055,ARCHITECTURE_OWNS_CONTACT
f9933740330ee113d1b5732a44b9b4977ae022b0924749c54097af0d8d9ac125,asset:0:metal_office_desk:leg_-0.9_-0.4,d44eac45a46939cc307ed488_zm,metal,metal,0.001,0.001,2,0,0.0030250000000000116,ARCHITECTURE_OWNS_CONTACT
f9933740330ee113d1b5732a44b9b4977ae022b0924749c54097af0d8d9ac125,asset:0:metal_office_desk:leg_-0.9_0.4,c6d7016c52af83d300a3575a_zm,metal,metal,0.001,0.001,2,0,0.0030250000000000055,ARCHITECTURE_OWNS_CONTACT
f9933740330ee113d1b5732a44b9b4977ae022b0924749c54097af0d8d9ac125,asset:0:metal_office_desk:leg_0.9_-0.4,3da84f61093fb88a22f81b05_zm,metal,metal,0.001,0.001,2,0,0.0030250000000000116,ARCHITECTURE_OWNS_CONTACT
f9933740330ee113d1b5732a44b9b4977ae022b0924749c54097af0d8d9ac125,asset:0:metal_office_desk:leg_0.9_0.4,290d36643c8cac92401bdfae_zm,metal,metal,0.001,0.001,2,0,0.0030250000000000055,ARCHITECTURE_OWNS_CONTACT
13d9f34e5bc16172a284d5e5880c46eda060d26bb9fc2a84fcadec4edc5a34cd,asset:0:metal_office_desk:leg_-0.9_-0.4,fb023db7f03c123567bcd5fd_zm,metal,metal,0.001,0.001,2,0,0.0030249999999999995,ARCHITECTURE_OWNS_CONTACT
13d9f34e5bc16172a284d5e5880c46eda060d26bb9fc2a84fcadec4edc5a34cd,asset:0:metal_office_desk:leg_-0.9_0.4,0e0170c9351f59461f9630a5_zm,metal,metal,0.001,0.001,2,0,0.003024999999999993,ARCHITECTURE_OWNS_CONTACT
13d9f34e5bc16172a284d5e5880c46eda060d26bb9fc2a84fcadec4edc5a34cd,asset:0:metal_office_desk:leg_0.9_-0.4,26994e603d1ae7bed5e3d172_zm,metal,metal,0.001,0.001,2,0,0.003024999999999987,ARCHITECTURE_OWNS_CONTACT
13d9f34e5bc16172a284d5e5880c46eda060d26bb9fc2a84fcadec4edc5a34cd,asset:0:metal_office_desk:leg_0.9_0.4,df04f9c0dfa9f1ca512703a2_zm,metal,metal,0.001,0.001,2,0,0.003024999999999981,ARCHITECTURE_OWNS_CONTACT
13d9f34e5bc16172a284d5e5880c46eda060d26bb9fc2a84fcadec4edc5a34cd,asset:1:drawer_cabinet:base,6a25dafc4fa1d58b0a55e9ea_zm,chipboard,chipboard,0.012,0.012,2,0,0.5569419145519998,ARCHITECTURE_OWNS_CONTACT
13d9f34e5bc16172a284d5e5880c46eda060d26bb9fc2a84fcadec4edc5a34cd,asset:2:floor_screen:left_foot,f61ab1ea46a31aed2ad273ad_zm,chipboard,chipboard,0.012,0.012,2,0,0.04000000000000007,ARCHITECTURE_OWNS_CONTACT
13d9f34e5bc16172a284d5e5880c46eda060d26bb9fc2a84fcadec4edc5a34cd,asset:2:floor_screen:right_foot,364b00b69702014a83e7abb5_zm,chipboard,chipboard,0.012,0.012,2,0,0.04000000000000007,ARCHITECTURE_OWNS_CONTACT
161fb0a08edb53b99a1edd252cf080069cdc0f0f9370b7aff939ce52ffaf85af,asset:0:metal_office_desk:leg_-0.9_-0.4,25304252257a08eba8790864_zm,metal,metal,0.001,0.001,2,0,0.0030250000000000116,ARCHITECTURE_OWNS_CONTACT
161fb0a08edb53b99a1edd252cf080069cdc0f0f9370b7aff939ce52ffaf85af,asset:0:metal_office_desk:leg_-0.9_0.4,5a918b050904731921a2fda2_zm,metal,metal,0.001,0.001,2,0,0.0030250000000000055,ARCHITECTURE_OWNS_CONTACT
161fb0a08edb53b99a1edd252cf080069cdc0f0f9370b7aff939ce52ffaf85af,asset:0:metal_office_desk:leg_0.9_-0.4,6f05730647f747bf5a2aa83c_zm,metal,metal,0.001,0.001,2,0,0.003024999999999987,ARCHITECTURE_OWNS_CONTACT
161fb0a08edb53b99a1edd252cf080069cdc0f0f9370b7aff939ce52ffaf85af,asset:0:metal_office_desk:leg_0.9_0.4,56f166d8a91246b102668256_zm,metal,metal,0.001,0.001,2,0,0.003024999999999981,ARCHITECTURE_OWNS_CONTACT
161fb0a08edb53b99a1edd252cf080069cdc0f0f9370b7aff939ce52ffaf85af,asset:1:drawer_cabinet:base,096f0e2e850c2663c116e7c2_zm,chipboard,chipboard,0.012,0.012,2,0,0.5569419145520005,ARCHITECTURE_OWNS_CONTACT
161fb0a08edb53b99a1edd252cf080069cdc0f0f9370b7aff939ce52ffaf85af,asset:2:floor_screen:left_foot,ed48fbe89c2bb568977b07b4_zm,chipboard,chipboard,0.012,0.012,2,0,0.04000000000000007,ARCHITECTURE_OWNS_CONTACT
161fb0a08edb53b99a1edd252cf080069cdc0f0f9370b7aff939ce52ffaf85af,asset:2:floor_screen:right_foot,13896aa5fe8e7c28f74222f5_zm,chipboard,chipboard,0.012,0.012,2,0,0.04000000000000007,ARCHITECTURE_OWNS_CONTACT
2c36dae2cdd7885aff51ad385cf0833ebb7b694a8669a62d1ef171c03bbe3eb6,asset:0:metal_office_desk:leg_-0.9_-0.4,5a100ef4d1a074e68731e6f7_zm,metal,metal,0.001,0.001,2,0,0.003024999999999987,ARCHITECTURE_OWNS_CONTACT
2c36dae2cdd7885aff51ad385cf0833ebb7b694a8669a62d1ef171c03bbe3eb6,asset:0:metal_office_desk:leg_-0.9_0.4,46ccdac1fa0f8b077e4cb460_zm,metal,metal,0.001,0.001,2,0,0.003024999999999981,ARCHITECTURE_OWNS_CONTACT
2c36dae2cdd7885aff51ad385cf0833ebb7b694a8669a62d1ef171c03bbe3eb6,asset:0:metal_office_desk:leg_0.9_-0.4,1f5fcebac1aeb8b0ab1eccff_zm,metal,metal,0.001,0.001,2,0,0.003024999999999987,ARCHITECTURE_OWNS_CONTACT
2c36dae2cdd7885aff51ad385cf0833ebb7b694a8669a62d1ef171c03bbe3eb6,asset:0:metal_office_desk:leg_0.9_0.4,5dac7d9f41b577e7de13bd97_zm,metal,metal,0.001,0.001,2,0,0.003024999999999981,ARCHITECTURE_OWNS_CONTACT
2c36dae2cdd7885aff51ad385cf0833ebb7b694a8669a62d1ef171c03bbe3eb6,asset:1:drawer_cabinet:base,28ba4765d5c5883b56755840_zm,chipboard,chipboard,0.012,0.012,2,0,0.5569419145520008,ARCHITECTURE_OWNS_CONTACT
2c36dae2cdd7885aff51ad385cf0833ebb7b694a8669a62d1ef171c03bbe3eb6,asset:2:floor_screen:left_foot,abdc9f3a9a1cb32a6a0bd44f_zm,chipboard,chipboard,0.012,0.012,2,0,0.04000000000000007,ARCHITECTURE_OWNS_CONTACT
2c36dae2cdd7885aff51ad385cf0833ebb7b694a8669a62d1ef171c03bbe3eb6,asset:2:floor_screen:right_foot,0dd335102d1fdf3406314a65_zm,chipboard,chipboard,0.012,0.012,2,0,0.04000000000000007,ARCHITECTURE_OWNS_CONTACT
41e57fea8f96ebedc715e265be48fbb787dc94169b92de29fa983bda0b8786ca,asset:0:metal_office_desk:leg_-0.9_-0.4,6d1d7ea00a7a65fd519ec62d_zm,metal,metal,0.001,0.001,2,0,0.0030249999999999995,ARCHITECTURE_OWNS_CONTACT
41e57fea8f96ebedc715e265be48fbb787dc94169b92de29fa983bda0b8786ca,asset:0:metal_office_desk:leg_-0.9_0.4,da5de1c4ba0e770e4ded1ca7_zm,metal,metal,0.001,0.001,2,0,0.003024999999999993,ARCHITECTURE_OWNS_CONTACT
41e57fea8f96ebedc715e265be48fbb787dc94169b92de29fa983bda0b8786ca,asset:0:metal_office_desk:leg_0.9_-0.4,1de998ce0ca1a7282e7a865d_zm,metal,metal,0.001,0.001,2,0,0.003024999999999987,ARCHITECTURE_OWNS_CONTACT
41e57fea8f96ebedc715e265be48fbb787dc94169b92de29fa983bda0b8786ca,asset:0:metal_office_desk:leg_0.9_0.4,13fd13e706fcd1600a523612_zm,metal,metal,0.001,0.001,2,0,0.003024999999999981,ARCHITECTURE_OWNS_CONTACT
41e57fea8f96ebedc715e265be48fbb787dc94169b92de29fa983bda0b8786ca,asset:1:drawer_cabinet:base,be0fbc695ab165c24570719e_zm,chipboard,chipboard,0.012,0.012,2,0,0.5569419145520008,ARCHITECTURE_OWNS_CONTACT
41e57fea8f96ebedc715e265be48fbb787dc94169b92de29fa983bda0b8786ca,asset:2:floor_screen:left_foot,047992c2de2c38c7934a4a40_zm,chipboard,chipboard,0.012,0.012,2,0,0.04000000000000007,ARCHITECTURE_OWNS_CONTACT
41e57fea8f96ebedc715e265be48fbb787dc94169b92de29fa983bda0b8786ca,asset:2:floor_screen:right_foot,a25b2a37d97c91fab2d68365_zm,chipboard,chipboard,0.012,0.012,2,0,0.04000000000000007,ARCHITECTURE_OWNS_CONTACT
58761a88cac72944b811f9e355879d7e33d180ec857aa3e8704e753c7fbb70ce,asset:0:metal_office_desk:leg_-0.9_-0.4,ccf181173c040e805cd8ccdb_zm,metal,metal,0.001,0.001,2,0,0.0030249999999999995,ARCHITECTURE_OWNS_CONTACT
58761a88cac72944b811f9e355879d7e33d180ec857aa3e8704e753c7fbb70ce,asset:0:metal_office_desk:leg_-0.9_0.4,74691e124b72f759a143bc90_zm,metal,metal,0.001,0.001,2,0,0.003024999999999993,ARCHITECTURE_OWNS_CONTACT
58761a88cac72944b811f9e355879d7e33d180ec857aa3e8704e753c7fbb70ce,asset:0:metal_office_desk:leg_0.9_-0.4,3ce9b7b252994f9805547738_zm,metal,metal,0.001,0.001,2,0,0.0030250000000000116,ARCHITECTURE_OWNS_CONTACT
58761a88cac72944b811f9e355879d7e33d180ec857aa3e8704e753c7fbb70ce,asset:0:metal_office_desk:leg_0.9_0.4,37c930747ea27b8e33273ee4_zm,metal,metal,0.001,0.001,2,0,0.0030250000000000055,ARCHITECTURE_OWNS_CONTACT
58761a88cac72944b811f9e355879d7e33d180ec857aa3e8704e753c7fbb70ce,asset:1:drawer_cabinet:base,0d54e0188cde4f9047945534_zm,chipboard,chipboard,0.012,0.012,2,0,0.5569419145519998,ARCHITECTURE_OWNS_CONTACT
58761a88cac72944b811f9e355879d7e33d180ec857aa3e8704e753c7fbb70ce,asset:2:floor_screen:left_foot,455a75ec888431626693a20c_zm,chipboard,chipboard,0.012,0.012,2,0,0.04000000000000007,ARCHITECTURE_OWNS_CONTACT
58761a88cac72944b811f9e355879d7e33d180ec857aa3e8704e753c7fbb70ce,asset:2:floor_screen:right_foot,c4af6fb6afcb89486e1072dc_zm,chipboard,chipboard,0.012,0.012,2,0,0.04000000000000007,ARCHITECTURE_OWNS_CONTACT
82fca4887e4248f0098ee2557fed017daad21ae5b61616c8324c9fb3cafcf243,asset:0:metal_office_desk:leg_-0.9_-0.4,4982c7ee834d4d00c9750b3b_zm,metal,metal,0.001,0.001,2,0,0.003024999999999987,ARCHITECTURE_OWNS_CONTACT
82fca4887e4248f0098ee2557fed017daad21ae5b61616c8324c9fb3cafcf243,asset:0:metal_office_desk:leg_-0.9_0.4,6392f2c356c1450ad5b83682_zm,metal,metal,0.001,0.001,2,0,0.003024999999999981,ARCHITECTURE_OWNS_CONTACT
82fca4887e4248f0098ee2557fed017daad21ae5b61616c8324c9fb3cafcf243,asset:0:metal_office_desk:leg_0.9_-0.4,1c0ffd95cfc1ab8f59dfb202_zm,metal,metal,0.001,0.001,2,0,0.003024999999999987,ARCHITECTURE_OWNS_CONTACT
82fca4887e4248f0098ee2557fed017daad21ae5b61616c8324c9fb3cafcf243,asset:0:metal_office_desk:leg_0.9_0.4,15facc327060b790bb933ead_zm,metal,metal,0.001,0.001,2,0,0.003024999999999981,ARCHITECTURE_OWNS_CONTACT
82fca4887e4248f0098ee2557fed017daad21ae5b61616c8324c9fb3cafcf243,asset:1:drawer_cabinet:base,a59090092d025be9417365b8_zm,chipboard,chipboard,0.012,0.012,2,0,0.5569419145520008,ARCHITECTURE_OWNS_CONTACT
82fca4887e4248f0098ee2557fed017daad21ae5b61616c8324c9fb3cafcf243,asset:2:floor_screen:left_foot,56eda39d1bbe1070563f533a_zm,chipboard,chipboard,0.012,0.012,2,0,0.04000000000000007,ARCHITECTURE_OWNS_CONTACT
82fca4887e4248f0098ee2557fed017daad21ae5b61616c8324c9fb3cafcf243,asset:2:floor_screen:right_foot,1018854d75662e0638d73845_zm,chipboard,chipboard,0.012,0.012,2,0,0.04000000000000007,ARCHITECTURE_OWNS_CONTACT
8b25afdb54d4badb43d675757e5af36f3eee73b3ffceb70e8ed332e36013eeed,asset:0:metal_office_desk:leg_-0.9_-0.4,e44af7b316f4851c7dbba035_zm,metal,metal,0.001,0.001,2,0,0.0030249999999999995,ARCHITECTURE_OWNS_CONTACT
8b25afdb54d4badb43d675757e5af36f3eee73b3ffceb70e8ed332e36013eeed,asset:0:metal_office_desk:leg_-0.9_0.4,0a736e7bec2bd2ec5d307fab_zm,metal,metal,0.001,0.001,2,0,0.003024999999999993,ARCHITECTURE_OWNS_CONTACT
8b25afdb54d4badb43d675757e5af36f3eee73b3ffceb70e8ed332e36013eeed,asset:0:metal_office_desk:leg_0.9_-0.4,9b64a7d60f46c0dcc50bc2d7_zm,metal,metal,0.001,0.001,2,0,0.0030250000000000116,ARCHITECTURE_OWNS_CONTACT
8b25afdb54d4badb43d675757e5af36f3eee73b3ffceb70e8ed332e36013eeed,asset:0:metal_office_desk:leg_0.9_0.4,229a5a24dc782ff8e315dccb_zm,metal,metal,0.001,0.001,2,0,0.0030250000000000055,ARCHITECTURE_OWNS_CONTACT
8b25afdb54d4badb43d675757e5af36f3eee73b3ffceb70e8ed332e36013eeed,asset:1:drawer_cabinet:base,8340e17aa3f7d69634fa252a_zm,chipboard,chipboard,0.012,0.012,2,0,0.5569419145519998,ARCHITECTURE_OWNS_CONTACT
8b25afdb54d4badb43d675757e5af36f3eee73b3ffceb70e8ed332e36013eeed,asset:2:floor_screen:left_foot,5277cfb762a55239bdb56cb3_zm,chipboard,chipboard,0.012,0.012,2,0,0.04000000000000007,ARCHITECTURE_OWNS_CONTACT
8b25afdb54d4badb43d675757e5af36f3eee73b3ffceb70e8ed332e36013eeed,asset:2:floor_screen:right_foot,0d9d3dbe0fb8eb4267c1f702_zm,chipboard,chipboard,0.012,0.012,2,0,0.04000000000000007,ARCHITECTURE_OWNS_CONTACT
cd032a54f8b07e6144dce4174a594bc750411cbc992e602d0cfc3e24a26585ae,asset:0:metal_office_desk:leg_-0.9_-0.4,c3468db839f9f1ee20dde3c0_zm,metal,metal,0.001,0.001,2,0,0.003024999999999987,ARCHITECTURE_OWNS_CONTACT
cd032a54f8b07e6144dce4174a594bc750411cbc992e602d0cfc3e24a26585ae,asset:0:metal_office_desk:leg_-0.9_0.4,e61355338536bdd3624be453_zm,metal,metal,0.001,0.001,2,0,0.003024999999999981,ARCHITECTURE_OWNS_CONTACT
cd032a54f8b07e6144dce4174a594bc750411cbc992e602d0cfc3e24a26585ae,asset:0:metal_office_desk:leg_0.9_-0.4,9bf24a7e9163037b23238e55_zm,metal,metal,0.001,0.001,2,0,0.003024999999999987,ARCHITECTURE_OWNS_CONTACT
cd032a54f8b07e6144dce4174a594bc750411cbc992e602d0cfc3e24a26585ae,asset:0:metal_office_desk:leg_0.9_0.4,64be78c885c8511253451b36_zm,metal,metal,0.001,0.001,2,0,0.003024999999999981,ARCHITECTURE_OWNS_CONTACT
cd032a54f8b07e6144dce4174a594bc750411cbc992e602d0cfc3e24a26585ae,asset:1:drawer_cabinet:base,1e379e748a66adc9f750a542_zm,chipboard,chipboard,0.012,0.012,2,0,0.5569419145520008,ARCHITECTURE_OWNS_CONTACT
cd032a54f8b07e6144dce4174a594bc750411cbc992e602d0cfc3e24a26585ae,asset:2:floor_screen:left_foot,808e833f638772aec3a0e6c1_zm,chipboard,chipboard,0.012,0.012,2,0,0.04000000000000007,ARCHITECTURE_OWNS_CONTACT
cd032a54f8b07e6144dce4174a594bc750411cbc992e602d0cfc3e24a26585ae,asset:2:floor_screen:right_foot,9668c18357cec120cd8bd5e1_zm,chipboard,chipboard,0.012,0.012,2,0,0.04000000000000007,ARCHITECTURE_OWNS_CONTACT
d787e318d795c0417c4ccbe2759b8b9abfb00dd6e8d75e2e447877bdea06cc7a,asset:0:metal_office_desk:leg_-0.9_-0.4,626eb8aeac17b9cc4bea8249_zm,metal,metal,0.001,0.001,2,0,0.0030249999999999995,ARCHITECTURE_OWNS_CONTACT
d787e318d795c0417c4ccbe2759b8b9abfb00dd6e8d75e2e447877bdea06cc7a,asset:0:metal_office_desk:leg_-0.9_0.4,dfaa9482528018b39561fec2_zm,metal,metal,0.001,0.001,2,0,0.003024999999999993,ARCHITECTURE_OWNS_CONTACT
d787e318d795c0417c4ccbe2759b8b9abfb00dd6e8d75e2e447877bdea06cc7a,asset:0:metal_office_desk:leg_0.9_-0.4,bbe2a14fae2dae195d3dc500_zm,metal,metal,0.001,0.001,2,0,0.0030250000000000116,ARCHITECTURE_OWNS_CONTACT
d787e318d795c0417c4ccbe2759b8b9abfb00dd6e8d75e2e447877bdea06cc7a,asset:0:metal_office_desk:leg_0.9_0.4,14121fa127cd4a7dd46eb4fb_zm,metal,metal,0.001,0.001,2,0,0.0030250000000000055,ARCHITECTURE_OWNS_CONTACT
d787e318d795c0417c4ccbe2759b8b9abfb00dd6e8d75e2e447877bdea06cc7a,asset:1:drawer_cabinet:base,39cede669db6146f2177fb74_zm,chipboard,chipboard,0.012,0.012,2,0,0.5569419145520008,ARCHITECTURE_OWNS_CONTACT
d787e318d795c0417c4ccbe2759b8b9abfb00dd6e8d75e2e447877bdea06cc7a,asset:2:floor_screen:left_foot,ac4d0bd6200cb2a425df316b_zm,chipboard,chipboard,0.012,0.012,2,0,0.04000000000000007,ARCHITECTURE_OWNS_CONTACT
d787e318d795c0417c4ccbe2759b8b9abfb00dd6e8d75e2e447877bdea06cc7a,asset:2:floor_screen:right_foot,0f07d3f73356041184624b68_zm,chipboard,chipboard,0.012,0.012,2,0,0.04000000000000007,ARCHITECTURE_OWNS_CONTACT
de2850a27ba0809575075fe345d1636db4cb6a050db0b3c2da66776cf648f58a,asset:0:metal_office_desk:leg_-0.9_-0.4,0fe0c3df809bb4109f157295_zm,metal,metal,0.001,0.001,2,0,0.0030249999999999995,ARCHITECTURE_OWNS_CONTACT
de2850a27ba0809575075fe345d1636db4cb6a050db0b3c2da66776cf648f58a,asset:0:metal_office_desk:leg_-0.9_0.4,4f0d1d5990f6728da93269ee_zm,metal,metal,0.001,0.001,2,0,0.003024999999999993,ARCHITECTURE_OWNS_CONTACT
de2850a27ba0809575075fe345d1636db4cb6a050db0b3c2da66776cf648f58a,asset:0:metal_office_desk:leg_0.9_-0.4,4ebd97d427e520fcf7ebd173_zm,metal,metal,0.001,0.001,2,0,0.0030250000000000116,ARCHITECTURE_OWNS_CONTACT
de2850a27ba0809575075fe345d1636db4cb6a050db0b3c2da66776cf648f58a,asset:0:metal_office_desk:leg_0.9_0.4,9666ba9bcbcb7e72db3a9913_zm,metal,metal,0.001,0.001,2,0,0.0030250000000000055,ARCHITECTURE_OWNS_CONTACT
de2850a27ba0809575075fe345d1636db4cb6a050db0b3c2da66776cf648f58a,asset:1:drawer_cabinet:base,c398deea46d8360608827a09_zm,chipboard,chipboard,0.012,0.012,2,0,0.5569419145520005,ARCHITECTURE_OWNS_CONTACT
de2850a27ba0809575075fe345d1636db4cb6a050db0b3c2da66776cf648f58a,asset:2:floor_screen:left_foot,db6f3d2853ff10cccbf9718f_zm,chipboard,chipboard,0.012,0.012,2,0,0.04000000000000007,ARCHITECTURE_OWNS_CONTACT
de2850a27ba0809575075fe345d1636db4cb6a050db0b3c2da66776cf648f58a,asset:2:floor_screen:right_foot,82aab4b27542789e91d61304_zm,chipboard,chipboard,0.012,0.012,2,0,0.04000000000000007,ARCHITECTURE_OWNS_CONTACT
12a18a6b1c90ff756e2ab6953c54a9d43ee77db17aaf752f57dfc3cf42f86c68,surface:7:duct_west,13b2d1cc04c6da37f091a7b9_single,PEC,metal,,0.001,2,2,0,IDEAL_PEC_REPLACED_BY_NATIVE_METAL_SLAB
12a18a6b1c90ff756e2ab6953c54a9d43ee77db17aaf752f57dfc3cf42f86c68,surface:8:duct_east,50602a5171428856cb031000_single,PEC,metal,,0.001,2,2,0,IDEAL_PEC_REPLACED_BY_NATIVE_METAL_SLAB
12a18a6b1c90ff756e2ab6953c54a9d43ee77db17aaf752f57dfc3cf42f86c68,surface:9:duct_south,585ace0aed652873714b29ce_single,PEC,metal,,0.001,2,2,0,IDEAL_PEC_REPLACED_BY_NATIVE_METAL_SLAB
12a18a6b1c90ff756e2ab6953c54a9d43ee77db17aaf752f57dfc3cf42f86c68,surface:10:duct_north,236a4ef4a4d45ace3815bc28_single,PEC,metal,,0.001,2,2,0,IDEAL_PEC_REPLACED_BY_NATIVE_METAL_SLAB
12a18a6b1c90ff756e2ab6953c54a9d43ee77db17aaf752f57dfc3cf42f86c68,surface:11:duct_top,993419ca30d73f858e5c5df4_single,PEC,metal,,0.001,2,2,0,IDEAL_PEC_REPLACED_BY_NATIVE_METAL_SLAB
142bde1884224a6d9dfa7bc47ce096d5ee64710d13258ca16bbb9c775912c96f,surface:7:duct_west,b7a928351b730e5a6dcbb435_single,PEC,metal,,0.001,2,2,0,IDEAL_PEC_REPLACED_BY_NATIVE_METAL_SLAB
142bde1884224a6d9dfa7bc47ce096d5ee64710d13258ca16bbb9c775912c96f,surface:8:duct_east,c4861a95432eb3896f3498ef_single,PEC,metal,,0.001,2,2,0,IDEAL_PEC_REPLACED_BY_NATIVE_METAL_SLAB
142bde1884224a6d9dfa7bc47ce096d5ee64710d13258ca16bbb9c775912c96f,surface:9:duct_south,69389155d708469bae3b2272_single,PEC,metal,,0.001,2,2,0,IDEAL_PEC_REPLACED_BY_NATIVE_METAL_SLAB
142bde1884224a6d9dfa7bc47ce096d5ee64710d13258ca16bbb9c775912c96f,surface:10:duct_north,3abdf4eb381ce7beb2681662_single,PEC,metal,,0.001,2,2,0,IDEAL_PEC_REPLACED_BY_NATIVE_METAL_SLAB
142bde1884224a6d9dfa7bc47ce096d5ee64710d13258ca16bbb9c775912c96f,surface:11:duct_top,4de2fe5379109e356d76c6be_single,PEC,metal,,0.001,2,2,0,IDEAL_PEC_REPLACED_BY_NATIVE_METAL_SLAB
214f5414fe335937d6abaeb647b054b18c3bb777842475fabac8fa1dbbf86981,surface:7:duct_west,668e1fc9bf4836545ad1c28f_single,PEC,metal,,0.001,2,2,0,IDEAL_PEC_REPLACED_BY_NATIVE_METAL_SLAB
214f5414fe335937d6abaeb647b054b18c3bb777842475fabac8fa1dbbf86981,surface:8:duct_east,001c9c5edc2d9a3dc941f18d_single,PEC,metal,,0.001,2,2,0,IDEAL_PEC_REPLACED_BY_NATIVE_METAL_SLAB
214f5414fe335937d6abaeb647b054b18c3bb777842475fabac8fa1dbbf86981,surface:9:duct_south,9334a86b55aac516cc6a3018_single,PEC,metal,,0.001,2,2,0,IDEAL_PEC_REPLACED_BY_NATIVE_METAL_SLAB
214f5414fe335937d6abaeb647b054b18c3bb777842475fabac8fa1dbbf86981,surface:10:duct_north,259f7d9d42835bef706a0612_single,PEC,metal,,0.001,2,2,0,IDEAL_PEC_REPLACED_BY_NATIVE_METAL_SLAB
214f5414fe335937d6abaeb647b054b18c3bb777842475fabac8fa1dbbf86981,surface:11:duct_top,5d84fc7d1d4ef5cc703e8e1c_single,PEC,metal,,0.001,2,2,0,IDEAL_PEC_REPLACED_BY_NATIVE_METAL_SLAB
4591ee1d5992fa886b68bcd1d17628e9b5c4431db348cf93b12b3d4d14c57ced,surface:7:duct_west,350b0ea24b4f7df97a554e8a_single,PEC,metal,,0.001,2,2,0,IDEAL_PEC_REPLACED_BY_NATIVE_METAL_SLAB
4591ee1d5992fa886b68bcd1d17628e9b5c4431db348cf93b12b3d4d14c57ced,surface:8:duct_east,527022149aed6633de1f67a8_single,PEC,metal,,0.001,2,2,0,IDEAL_PEC_REPLACED_BY_NATIVE_METAL_SLAB
4591ee1d5992fa886b68bcd1d17628e9b5c4431db348cf93b12b3d4d14c57ced,surface:9:duct_south,41f6184b7458eaa24a998599_single,PEC,metal,,0.001,2,2,0,IDEAL_PEC_REPLACED_BY_NATIVE_METAL_SLAB
4591ee1d5992fa886b68bcd1d17628e9b5c4431db348cf93b12b3d4d14c57ced,surface:10:duct_north,306172ea9cb4d128b0f665c4_single,PEC,metal,,0.001,2,2,0,IDEAL_PEC_REPLACED_BY_NATIVE_METAL_SLAB
4591ee1d5992fa886b68bcd1d17628e9b5c4431db348cf93b12b3d4d14c57ced,surface:11:duct_top,bd4bed0b5d95541cc49df22d_single,PEC,metal,,0.001,2,2,0,IDEAL_PEC_REPLACED_BY_NATIVE_METAL_SLAB
56d93a05fcc7afd407c4f90e1abea6026f3b81b8fede227f3bc1eda204fc77f5,surface:7:duct_west,981ab929433ce73b020f1a4c_single,PEC,metal,,0.001,2,2,0,IDEAL_PEC_REPLACED_BY_NATIVE_METAL_SLAB
56d93a05fcc7afd407c4f90e1abea6026f3b81b8fede227f3bc1eda204fc77f5,surface:8:duct_east,7cc85724b7f7e0bb2442b8ae_single,PEC,metal,,0.001,2,2,0,IDEAL_PEC_REPLACED_BY_NATIVE_METAL_SLAB
56d93a05fcc7afd407c4f90e1abea6026f3b81b8fede227f3bc1eda204fc77f5,surface:9:duct_south,c247715de0520d4bad8616c2_single,PEC,metal,,0.001,2,2,0,IDEAL_PEC_REPLACED_BY_NATIVE_METAL_SLAB
56d93a05fcc7afd407c4f90e1abea6026f3b81b8fede227f3bc1eda204fc77f5,surface:10:duct_north,ef247a69b3cf6a766ec9bb80_single,PEC,metal,,0.001,2,2,0,IDEAL_PEC_REPLACED_BY_NATIVE_METAL_SLAB
56d93a05fcc7afd407c4f90e1abea6026f3b81b8fede227f3bc1eda204fc77f5,surface:11:duct_top,e1ce8a98fc9f21a67357c24d_single,PEC,metal,,0.001,2,2,0,IDEAL_PEC_REPLACED_BY_NATIVE_METAL_SLAB
7d82db3b03d787514ced5ecb5070eca5f9329c102cd020217095089693d7fbc4,surface:7:duct_west,76c57cc3b0a3350ad8ee24d4_single,PEC,metal,,0.001,2,2,0,IDEAL_PEC_REPLACED_BY_NATIVE_METAL_SLAB
7d82db3b03d787514ced5ecb5070eca5f9329c102cd020217095089693d7fbc4,surface:8:duct_east,f9fab964038609078d8d6821_single,PEC,metal,,0.001,2,2,0,IDEAL_PEC_REPLACED_BY_NATIVE_METAL_SLAB
7d82db3b03d787514ced5ecb5070eca5f9329c102cd020217095089693d7fbc4,surface:9:duct_south,696bdd1f0c15ee69cc949244_single,PEC,metal,,0.001,2,2,0,IDEAL_PEC_REPLACED_BY_NATIVE_METAL_SLAB
7d82db3b03d787514ced5ecb5070eca5f9329c102cd020217095089693d7fbc4,surface:10:duct_north,5214085cdaaad4df633f6ada_single,PEC,metal,,0.001,2,2,0,IDEAL_PEC_REPLACED_BY_NATIVE_METAL_SLAB
7d82db3b03d787514ced5ecb5070eca5f9329c102cd020217095089693d7fbc4,surface:11:duct_top,5b2867607e4672b59c32bb75_single,PEC,metal,,0.001,2,2,0,IDEAL_PEC_REPLACED_BY_NATIVE_METAL_SLAB
9572bc9e241f277e121f5b3fb4e14bbdb0135e599a1e1d082d8de1ac9385490f,surface:7:duct_west,312c01741ddf081e8766a9cf_single,PEC,metal,,0.001,2,2,0,IDEAL_PEC_REPLACED_BY_NATIVE_METAL_SLAB
9572bc9e241f277e121f5b3fb4e14bbdb0135e599a1e1d082d8de1ac9385490f,surface:8:duct_east,354d2fdf5740197dbf93da51_single,PEC,metal,,0.001,2,2,0,IDEAL_PEC_REPLACED_BY_NATIVE_METAL_SLAB
9572bc9e241f277e121f5b3fb4e14bbdb0135e599a1e1d082d8de1ac9385490f,surface:9:duct_south,913fd6edd222af14b8fe3f92_single,PEC,metal,,0.001,2,2,0,IDEAL_PEC_REPLACED_BY_NATIVE_METAL_SLAB
9572bc9e241f277e121f5b3fb4e14bbdb0135e599a1e1d082d8de1ac9385490f,surface:10:duct_north,09450417c1c88ba616617007_single,PEC,metal,,0.001,2,2,0,IDEAL_PEC_REPLACED_BY_NATIVE_METAL_SLAB
9572bc9e241f277e121f5b3fb4e14bbdb0135e599a1e1d082d8de1ac9385490f,surface:11:duct_top,af7a906cbc07bb3595e0a823_single,PEC,metal,,0.001,2,2,0,IDEAL_PEC_REPLACED_BY_NATIVE_METAL_SLAB
0fbc78c2633d0d1467d97900fb2594c44a024d248019145cc08700571d98b92f,surface:7:hall_column_1_west,0885d11fb58a3fec7ef6dc9d_single,concrete,concrete,0.2,0.05,2,2,0,HOLLOW_CONCRETE_COLUMN_PANEL
0fbc78c2633d0d1467d97900fb2594c44a024d248019145cc08700571d98b92f,surface:8:hall_column_1_east,59614764ff106f52aaa3fce8_single,concrete,concrete,0.2,0.05,2,2,0,HOLLOW_CONCRETE_COLUMN_PANEL
0fbc78c2633d0d1467d97900fb2594c44a024d248019145cc08700571d98b92f,surface:9:hall_column_1_south,ee1e8e2f5efd67be8f6f1359_single,concrete,concrete,0.2,0.05,2,2,0,HOLLOW_CONCRETE_COLUMN_PANEL
0fbc78c2633d0d1467d97900fb2594c44a024d248019145cc08700571d98b92f,surface:10:hall_column_1_north,96ba5986b3314bfe8cee1087_single,concrete,concrete,0.2,0.05,2,2,0,HOLLOW_CONCRETE_COLUMN_PANEL
0fbc78c2633d0d1467d97900fb2594c44a024d248019145cc08700571d98b92f,surface:12:hall_column_2_west,efec11c407e1f92cd9dbb374_single,concrete,concrete,0.2,0.05,2,2,0,HOLLOW_CONCRETE_COLUMN_PANEL
0fbc78c2633d0d1467d97900fb2594c44a024d248019145cc08700571d98b92f,surface:13:hall_column_2_east,31634a8531f9f8fa5f7c0ff2_single,concrete,concrete,0.2,0.05,2,2,0,HOLLOW_CONCRETE_COLUMN_PANEL
0fbc78c2633d0d1467d97900fb2594c44a024d248019145cc08700571d98b92f,surface:14:hall_column_2_south,b3c7b83c5dd2a95021596e56_single,concrete,concrete,0.2,0.05,2,2,0,HOLLOW_CONCRETE_COLUMN_PANEL
0fbc78c2633d0d1467d97900fb2594c44a024d248019145cc08700571d98b92f,surface:15:hall_column_2_north,4809010c04a782e4b12f10dc_single,concrete,concrete,0.2,0.05,2,2,0,HOLLOW_CONCRETE_COLUMN_PANEL
0fbc78c2633d0d1467d97900fb2594c44a024d248019145cc08700571d98b92f,surface:17:hall_column_3_west,c67d11e68ffd00e2935c0784_single,concrete,concrete,0.2,0.05,2,2,0,HOLLOW_CONCRETE_COLUMN_PANEL
0fbc78c2633d0d1467d97900fb2594c44a024d248019145cc08700571d98b92f,surface:18:hall_column_3_east,948681127d649951623ce12a_single,concrete,concrete,0.2,0.05,2,2,0,HOLLOW_CONCRETE_COLUMN_PANEL
0fbc78c2633d0d1467d97900fb2594c44a024d248019145cc08700571d98b92f,surface:19:hall_column_3_south,972a89e97217f62b08d1f22e_single,concrete,concrete,0.2,0.05,2,2,0,HOLLOW_CONCRETE_COLUMN_PANEL
0fbc78c2633d0d1467d97900fb2594c44a024d248019145cc08700571d98b92f,surface:20:hall_column_3_north,fb17450e893a6fb3e65ca88b_single,concrete,concrete,0.2,0.05,2,2,0,HOLLOW_CONCRETE_COLUMN_PANEL
0fbc78c2633d0d1467d97900fb2594c44a024d248019145cc08700571d98b92f,surface:22:hall_column_4_west,efe567466620cbc7aab0d1f4_single,concrete,concrete,0.2,0.05,2,2,0,HOLLOW_CONCRETE_COLUMN_PANEL
0fbc78c2633d0d1467d97900fb2594c44a024d248019145cc08700571d98b92f,surface:23:hall_column_4_east,9eeddffbf0ae4eb34fd1aa0d_single,concrete,concrete,0.2,0.05,2,2,0,HOLLOW_CONCRETE_COLUMN_PANEL
0fbc78c2633d0d1467d97900fb2594c44a024d248019145cc08700571d98b92f,surface:24:hall_column_4_south,0aa01f2a592b2ee203ae87a9_single,concrete,concrete,0.2,0.05,2,2,0,HOLLOW_CONCRETE_COLUMN_PANEL
0fbc78c2633d0d1467d97900fb2594c44a024d248019145cc08700571d98b92f,surface:25:hall_column_4_north,984af6f8dc606e56f792b137_single,concrete,concrete,0.2,0.05,2,2,0,HOLLOW_CONCRETE_COLUMN_PANEL
1efb005b351821e7736677a4daff426a26f121c433aa8caa9d7d498d2bd14b0a,surface:7:hall_column_1_west,f690a0d8cc412e312aaa795e_single,concrete,concrete,0.2,0.05,2,2,0,HOLLOW_CONCRETE_COLUMN_PANEL
1efb005b351821e7736677a4daff426a26f121c433aa8caa9d7d498d2bd14b0a,surface:8:hall_column_1_east,48c74008596629fc57a4921e_single,concrete,concrete,0.2,0.05,2,2,0,HOLLOW_CONCRETE_COLUMN_PANEL
1efb005b351821e7736677a4daff426a26f121c433aa8caa9d7d498d2bd14b0a,surface:9:hall_column_1_south,50ec0f0e1b57e32e7795ea3a_single,concrete,concrete,0.2,0.05,2,2,0,HOLLOW_CONCRETE_COLUMN_PANEL
1efb005b351821e7736677a4daff426a26f121c433aa8caa9d7d498d2bd14b0a,surface:10:hall_column_1_north,4ff768687aac0b4b57613cba_single,concrete,concrete,0.2,0.05,2,2,0,HOLLOW_CONCRETE_COLUMN_PANEL
1efb005b351821e7736677a4daff426a26f121c433aa8caa9d7d498d2bd14b0a,surface:12:hall_column_2_west,59c8e14b6b9ba687b72f4c9f_single,concrete,concrete,0.2,0.05,2,2,0,HOLLOW_CONCRETE_COLUMN_PANEL
1efb005b351821e7736677a4daff426a26f121c433aa8caa9d7d498d2bd14b0a,surface:13:hall_column_2_east,8f22f3a2722cc2a8630e6f79_single,concrete,concrete,0.2,0.05,2,2,0,HOLLOW_CONCRETE_COLUMN_PANEL
1efb005b351821e7736677a4daff426a26f121c433aa8caa9d7d498d2bd14b0a,surface:14:hall_column_2_south,1617da721a165f7a48fe3ad3_single,concrete,concrete,0.2,0.05,2,2,0,HOLLOW_CONCRETE_COLUMN_PANEL
1efb005b351821e7736677a4daff426a26f121c433aa8caa9d7d498d2bd14b0a,surface:15:hall_column_2_north,411093330e0f6eb7d4082a6e_single,concrete,concrete,0.2,0.05,2,2,0,HOLLOW_CONCRETE_COLUMN_PANEL
1efb005b351821e7736677a4daff426a26f121c433aa8caa9d7d498d2bd14b0a,surface:17:hall_column_3_west,5ec34935572df4a12ee603a3_single,concrete,concrete,0.2,0.05,2,2,0,HOLLOW_CONCRETE_COLUMN_PANEL
1efb005b351821e7736677a4daff426a26f121c433aa8caa9d7d498d2bd14b0a,surface:18:hall_column_3_east,3c1787b8b7908428f3322fbf_single,concrete,concrete,0.2,0.05,2,2,0,HOLLOW_CONCRETE_COLUMN_PANEL
1efb005b351821e7736677a4daff426a26f121c433aa8caa9d7d498d2bd14b0a,surface:19:hall_column_3_south,99771e60a6e85ab4b71e6dd2_single,concrete,concrete,0.2,0.05,2,2,0,HOLLOW_CONCRETE_COLUMN_PANEL
1efb005b351821e7736677a4daff426a26f121c433aa8caa9d7d498d2bd14b0a,surface:20:hall_column_3_north,3ec324ffc93b8ba97e710cda_single,concrete,concrete,0.2,0.05,2,2,0,HOLLOW_CONCRETE_COLUMN_PANEL
1efb005b351821e7736677a4daff426a26f121c433aa8caa9d7d498d2bd14b0a,surface:22:hall_column_4_west,e6f2c5d99042f58c7a38d540_single,concrete,concrete,0.2,0.05,2,2,0,HOLLOW_CONCRETE_COLUMN_PANEL
1efb005b351821e7736677a4daff426a26f121c433aa8caa9d7d498d2bd14b0a,surface:23:hall_column_4_east,93f6d4f7f9b0c3bad4ea262c_single,concrete,concrete,0.2,0.05,2,2,0,HOLLOW_CONCRETE_COLUMN_PANEL
1efb005b351821e7736677a4daff426a26f121c433aa8caa9d7d498d2bd14b0a,surface:24:hall_column_4_south,55e55310f80356f5166f0793_single,concrete,concrete,0.2,0.05,2,2,0,HOLLOW_CONCRETE_COLUMN_PANEL
1efb005b351821e7736677a4daff426a26f121c433aa8caa9d7d498d2bd14b0a,surface:25:hall_column_4_north,4873f44c998e33f7464de08b_single,concrete,concrete,0.2,0.05,2,2,0,HOLLOW_CONCRETE_COLUMN_PANEL
333c89a0164b513cd90ac6d990d0b56309ad563256ed2d3a91c89115f2908027,surface:7:hall_column_1_west,a2583c0cab45400b25bca008_single,concrete,concrete,0.2,0.05,2,2,0,HOLLOW_CONCRETE_COLUMN_PANEL
333c89a0164b513cd90ac6d990d0b56309ad563256ed2d3a91c89115f2908027,surface:8:hall_column_1_east,e67c07b7b19851cf76671909_single,concrete,concrete,0.2,0.05,2,2,0,HOLLOW_CONCRETE_COLUMN_PANEL
333c89a0164b513cd90ac6d990d0b56309ad563256ed2d3a91c89115f2908027,surface:9:hall_column_1_south,79c329f0f82d9815e6abfe60_single,concrete,concrete,0.2,0.05,2,2,0,HOLLOW_CONCRETE_COLUMN_PANEL
333c89a0164b513cd90ac6d990d0b56309ad563256ed2d3a91c89115f2908027,surface:10:hall_column_1_north,6ef81df567543efa28a5b3da_single,concrete,concrete,0.2,0.05,2,2,0,HOLLOW_CONCRETE_COLUMN_PANEL
333c89a0164b513cd90ac6d990d0b56309ad563256ed2d3a91c89115f2908027,surface:12:hall_column_2_west,6f29c37e1e19d8ea33e37187_single,concrete,concrete,0.2,0.05,2,2,0,HOLLOW_CONCRETE_COLUMN_PANEL
333c89a0164b513cd90ac6d990d0b56309ad563256ed2d3a91c89115f2908027,surface:13:hall_column_2_east,a49d7a475d7e343016cbe720_single,concrete,concrete,0.2,0.05,2,2,0,HOLLOW_CONCRETE_COLUMN_PANEL
333c89a0164b513cd90ac6d990d0b56309ad563256ed2d3a91c89115f2908027,surface:14:hall_column_2_south,a079415bc9ea64744ace0b74_single,concrete,concrete,0.2,0.05,2,2,0,HOLLOW_CONCRETE_COLUMN_PANEL
333c89a0164b513cd90ac6d990d0b56309ad563256ed2d3a91c89115f2908027,surface:15:hall_column_2_north,ba76db731aa04916d5c9b318_single,concrete,concrete,0.2,0.05,2,2,0,HOLLOW_CONCRETE_COLUMN_PANEL
333c89a0164b513cd90ac6d990d0b56309ad563256ed2d3a91c89115f2908027,surface:17:hall_column_3_west,ca05b7f82c65e7fb87bd244b_single,concrete,concrete,0.2,0.05,2,2,0,HOLLOW_CONCRETE_COLUMN_PANEL
333c89a0164b513cd90ac6d990d0b56309ad563256ed2d3a91c89115f2908027,surface:18:hall_column_3_east,5e1f4366a205641e6e1ae374_single,concrete,concrete,0.2,0.05,2,2,0,HOLLOW_CONCRETE_COLUMN_PANEL
333c89a0164b513cd90ac6d990d0b56309ad563256ed2d3a91c89115f2908027,surface:19:hall_column_3_south,f5ea1a3b69be2f126a7ad5d6_single,concrete,concrete,0.2,0.05,2,2,0,HOLLOW_CONCRETE_COLUMN_PANEL
333c89a0164b513cd90ac6d990d0b56309ad563256ed2d3a91c89115f2908027,surface:20:hall_column_3_north,a3ec9ec2cd84c1600922ff19_single,concrete,concrete,0.2,0.05,2,2,0,HOLLOW_CONCRETE_COLUMN_PANEL
333c89a0164b513cd90ac6d990d0b56309ad563256ed2d3a91c89115f2908027,surface:22:hall_column_4_west,2a2f5fa1a878624e5eef1e26_single,concrete,concrete,0.2,0.05,2,2,0,HOLLOW_CONCRETE_COLUMN_PANEL
333c89a0164b513cd90ac6d990d0b56309ad563256ed2d3a91c89115f2908027,surface:23:hall_column_4_east,3058f43f7d49be6bbf1b72d9_single,concrete,concrete,0.2,0.05,2,2,0,HOLLOW_CONCRETE_COLUMN_PANEL
333c89a0164b513cd90ac6d990d0b56309ad563256ed2d3a91c89115f2908027,surface:24:hall_column_4_south,fb85ed5438623eb7d1860051_single,concrete,concrete,0.2,0.05,2,2,0,HOLLOW_CONCRETE_COLUMN_PANEL
333c89a0164b513cd90ac6d990d0b56309ad563256ed2d3a91c89115f2908027,surface:25:hall_column_4_north,039511e2e4edb1b3b977fef7_single,concrete,concrete,0.2,0.05,2,2,0,HOLLOW_CONCRETE_COLUMN_PANEL
42bec093186840e9edd8c98c39d437b1db3da5621cbe2090e2cc72ab341a28b5,surface:7:hall_column_1_west,d35ff940b0b79848d469e7be_single,concrete,concrete,0.2,0.05,2,2,0,HOLLOW_CONCRETE_COLUMN_PANEL
42bec093186840e9edd8c98c39d437b1db3da5621cbe2090e2cc72ab341a28b5,surface:8:hall_column_1_east,3438d3034f5542871bc62de7_single,concrete,concrete,0.2,0.05,2,2,0,HOLLOW_CONCRETE_COLUMN_PANEL
42bec093186840e9edd8c98c39d437b1db3da5621cbe2090e2cc72ab341a28b5,surface:9:hall_column_1_south,defa363141216cac26c1b6a2_single,concrete,concrete,0.2,0.05,2,2,0,HOLLOW_CONCRETE_COLUMN_PANEL
42bec093186840e9edd8c98c39d437b1db3da5621cbe2090e2cc72ab341a28b5,surface:10:hall_column_1_north,abe1e4296738d54e34af1eae_single,concrete,concrete,0.2,0.05,2,2,0,HOLLOW_CONCRETE_COLUMN_PANEL
42bec093186840e9edd8c98c39d437b1db3da5621cbe2090e2cc72ab341a28b5,surface:12:hall_column_2_west,fab31360557dd9246c7e0698_single,concrete,concrete,0.2,0.05,2,2,0,HOLLOW_CONCRETE_COLUMN_PANEL
42bec093186840e9edd8c98c39d437b1db3da5621cbe2090e2cc72ab341a28b5,surface:13:hall_column_2_east,23a30207e44133497dad0b4c_single,concrete,concrete,0.2,0.05,2,2,0,HOLLOW_CONCRETE_COLUMN_PANEL
42bec093186840e9edd8c98c39d437b1db3da5621cbe2090e2cc72ab341a28b5,surface:14:hall_column_2_south,a46a3906f59d53a98f700b25_single,concrete,concrete,0.2,0.05,2,2,0,HOLLOW_CONCRETE_COLUMN_PANEL
42bec093186840e9edd8c98c39d437b1db3da5621cbe2090e2cc72ab341a28b5,surface:15:hall_column_2_north,3b05b27064f890b253a4654c_single,concrete,concrete,0.2,0.05,2,2,0,HOLLOW_CONCRETE_COLUMN_PANEL
42bec093186840e9edd8c98c39d437b1db3da5621cbe2090e2cc72ab341a28b5,surface:17:hall_column_3_west,b3dea4c9e2ed045901f739b9_single,concrete,concrete,0.2,0.05,2,2,0,HOLLOW_CONCRETE_COLUMN_PANEL
42bec093186840e9edd8c98c39d437b1db3da5621cbe2090e2cc72ab341a28b5,surface:18:hall_column_3_east,432d5baee473d62a0292ceaf_single,concrete,concrete,0.2,0.05,2,2,0,HOLLOW_CONCRETE_COLUMN_PANEL
42bec093186840e9edd8c98c39d437b1db3da5621cbe2090e2cc72ab341a28b5,surface:19:hall_column_3_south,9bb87e694479ca0abe5aa5de_single,concrete,concrete,0.2,0.05,2,2,0,HOLLOW_CONCRETE_COLUMN_PANEL
42bec093186840e9edd8c98c39d437b1db3da5621cbe2090e2cc72ab341a28b5,surface:20:hall_column_3_north,3681bd2ae92e91996cdab4aa_single,concrete,concrete,0.2,0.05,2,2,0,HOLLOW_CONCRETE_COLUMN_PANEL
42bec093186840e9edd8c98c39d437b1db3da5621cbe2090e2cc72ab341a28b5,surface:22:hall_column_4_west,64942ad9f3803ced80dd739a_single,concrete,concrete,0.2,0.05,2,2,0,HOLLOW_CONCRETE_COLUMN_PANEL
42bec093186840e9edd8c98c39d437b1db3da5621cbe2090e2cc72ab341a28b5,surface:23:hall_column_4_east,0ca84fac2f109ac7ef2b35ab_single,concrete,concrete,0.2,0.05,2,2,0,HOLLOW_CONCRETE_COLUMN_PANEL
42bec093186840e9edd8c98c39d437b1db3da5621cbe2090e2cc72ab341a28b5,surface:24:hall_column_4_south,4769763a8862089ab4b08ccd_single,concrete,concrete,0.2,0.05,2,2,0,HOLLOW_CONCRETE_COLUMN_PANEL
42bec093186840e9edd8c98c39d437b1db3da5621cbe2090e2cc72ab341a28b5,surface:25:hall_column_4_north,f5ef3d027afe0321a885f8f9_single,concrete,concrete,0.2,0.05,2,2,0,HOLLOW_CONCRETE_COLUMN_PANEL
6c6eb0fb98310bbafdc4b514b874baeb4af210c2db394c819ce56fd7078a0ac6,surface:7:hall_column_1_west,7a78d572688072a63af97924_single,concrete,concrete,0.2,0.05,2,2,0,HOLLOW_CONCRETE_COLUMN_PANEL
6c6eb0fb98310bbafdc4b514b874baeb4af210c2db394c819ce56fd7078a0ac6,surface:8:hall_column_1_east,3e3436985ac8e6909d855a9a_single,concrete,concrete,0.2,0.05,2,2,0,HOLLOW_CONCRETE_COLUMN_PANEL
6c6eb0fb98310bbafdc4b514b874baeb4af210c2db394c819ce56fd7078a0ac6,surface:9:hall_column_1_south,5e2b3dc1fe52221a22a8742a_single,concrete,concrete,0.2,0.05,2,2,0,HOLLOW_CONCRETE_COLUMN_PANEL
6c6eb0fb98310bbafdc4b514b874baeb4af210c2db394c819ce56fd7078a0ac6,surface:10:hall_column_1_north,979296231b388976b3bb1c9b_single,concrete,concrete,0.2,0.05,2,2,0,HOLLOW_CONCRETE_COLUMN_PANEL
6c6eb0fb98310bbafdc4b514b874baeb4af210c2db394c819ce56fd7078a0ac6,surface:12:hall_column_2_west,6795ba4662531e2263d61ded_single,concrete,concrete,0.2,0.05,2,2,0,HOLLOW_CONCRETE_COLUMN_PANEL
6c6eb0fb98310bbafdc4b514b874baeb4af210c2db394c819ce56fd7078a0ac6,surface:13:hall_column_2_east,6f10541ff0f6587b6359cba1_single,concrete,concrete,0.2,0.05,2,2,0,HOLLOW_CONCRETE_COLUMN_PANEL
6c6eb0fb98310bbafdc4b514b874baeb4af210c2db394c819ce56fd7078a0ac6,surface:14:hall_column_2_south,93fdfe9384a5e1c70fd6c80e_single,concrete,concrete,0.2,0.05,2,2,0,HOLLOW_CONCRETE_COLUMN_PANEL
6c6eb0fb98310bbafdc4b514b874baeb4af210c2db394c819ce56fd7078a0ac6,surface:15:hall_column_2_north,9687ca42ce32893b4dfc6a62_single,concrete,concrete,0.2,0.05,2,2,0,HOLLOW_CONCRETE_COLUMN_PANEL
6c6eb0fb98310bbafdc4b514b874baeb4af210c2db394c819ce56fd7078a0ac6,surface:17:hall_column_3_west,861ac8e9b57ceb6add725a20_single,concrete,concrete,0.2,0.05,2,2,0,HOLLOW_CONCRETE_COLUMN_PANEL
6c6eb0fb98310bbafdc4b514b874baeb4af210c2db394c819ce56fd7078a0ac6,surface:18:hall_column_3_east,082cb3e20bb53002f82df51e_single,concrete,concrete,0.2,0.05,2,2,0,HOLLOW_CONCRETE_COLUMN_PANEL
6c6eb0fb98310bbafdc4b514b874baeb4af210c2db394c819ce56fd7078a0ac6,surface:19:hall_column_3_south,2959bb2f112e32dc43daf9be_single,concrete,concrete,0.2,0.05,2,2,0,HOLLOW_CONCRETE_COLUMN_PANEL
6c6eb0fb98310bbafdc4b514b874baeb4af210c2db394c819ce56fd7078a0ac6,surface:20:hall_column_3_north,1a7178e9dc859f0c6500c12a_single,concrete,concrete,0.2,0.05,2,2,0,HOLLOW_CONCRETE_COLUMN_PANEL
6c6eb0fb98310bbafdc4b514b874baeb4af210c2db394c819ce56fd7078a0ac6,surface:22:hall_column_4_west,ce54f4f74d72f4b37274f94b_single,concrete,concrete,0.2,0.05,2,2,0,HOLLOW_CONCRETE_COLUMN_PANEL
6c6eb0fb98310bbafdc4b514b874baeb4af210c2db394c819ce56fd7078a0ac6,surface:23:hall_column_4_east,bf8a5ce3220fa2e39af8964c_single,concrete,concrete,0.2,0.05,2,2,0,HOLLOW_CONCRETE_COLUMN_PANEL
6c6eb0fb98310bbafdc4b514b874baeb4af210c2db394c819ce56fd7078a0ac6,surface:24:hall_column_4_south,d2a50f1f1025e600916eb345_single,concrete,concrete,0.2,0.05,2,2,0,HOLLOW_CONCRETE_COLUMN_PANEL
6c6eb0fb98310bbafdc4b514b874baeb4af210c2db394c819ce56fd7078a0ac6,surface:25:hall_column_4_north,c8dc794cea644f671f5b07a1_single,concrete,concrete,0.2,0.05,2,2,0,HOLLOW_CONCRETE_COLUMN_PANEL
6f4eef894fab42561ff8a94e4515778d869127a45cd1aee902f03fbba4f3843c,surface:7:hall_column_1_west,ca4a40af62b2fee0a25ca795_single,concrete,concrete,0.2,0.05,2,2,0,HOLLOW_CONCRETE_COLUMN_PANEL
6f4eef894fab42561ff8a94e4515778d869127a45cd1aee902f03fbba4f3843c,surface:8:hall_column_1_east,3787fabab2980c9bff140a81_single,concrete,concrete,0.2,0.05,2,2,0,HOLLOW_CONCRETE_COLUMN_PANEL
6f4eef894fab42561ff8a94e4515778d869127a45cd1aee902f03fbba4f3843c,surface:9:hall_column_1_south,96568f658e21e9d8b73a7980_single,concrete,concrete,0.2,0.05,2,2,0,HOLLOW_CONCRETE_COLUMN_PANEL
6f4eef894fab42561ff8a94e4515778d869127a45cd1aee902f03fbba4f3843c,surface:10:hall_column_1_north,fe47d5a7870cd96d4a2ebdbc_single,concrete,concrete,0.2,0.05,2,2,0,HOLLOW_CONCRETE_COLUMN_PANEL
6f4eef894fab42561ff8a94e4515778d869127a45cd1aee902f03fbba4f3843c,surface:12:hall_column_2_west,cb2c3e59b62d8e75ddd633a0_single,concrete,concrete,0.2,0.05,2,2,0,HOLLOW_CONCRETE_COLUMN_PANEL
6f4eef894fab42561ff8a94e4515778d869127a45cd1aee902f03fbba4f3843c,surface:13:hall_column_2_east,c39f319780280e782d4bbfa8_single,concrete,concrete,0.2,0.05,2,2,0,HOLLOW_CONCRETE_COLUMN_PANEL
6f4eef894fab42561ff8a94e4515778d869127a45cd1aee902f03fbba4f3843c,surface:14:hall_column_2_south,aee348f7092e9a29a1519d21_single,concrete,concrete,0.2,0.05,2,2,0,HOLLOW_CONCRETE_COLUMN_PANEL
6f4eef894fab42561ff8a94e4515778d869127a45cd1aee902f03fbba4f3843c,surface:15:hall_column_2_north,1e34012ef5faf160aa4b595e_single,concrete,concrete,0.2,0.05,2,2,0,HOLLOW_CONCRETE_COLUMN_PANEL
6f4eef894fab42561ff8a94e4515778d869127a45cd1aee902f03fbba4f3843c,surface:17:hall_column_3_west,234957a018ad82e31e3c331a_single,concrete,concrete,0.2,0.05,2,2,0,HOLLOW_CONCRETE_COLUMN_PANEL
6f4eef894fab42561ff8a94e4515778d869127a45cd1aee902f03fbba4f3843c,surface:18:hall_column_3_east,d21e3a8d1d6c6b8e74ff2e41_single,concrete,concrete,0.2,0.05,2,2,0,HOLLOW_CONCRETE_COLUMN_PANEL
6f4eef894fab42561ff8a94e4515778d869127a45cd1aee902f03fbba4f3843c,surface:19:hall_column_3_south,614cbf9204d859b237f96f4d_single,concrete,concrete,0.2,0.05,2,2,0,HOLLOW_CONCRETE_COLUMN_PANEL
6f4eef894fab42561ff8a94e4515778d869127a45cd1aee902f03fbba4f3843c,surface:20:hall_column_3_north,47eb607fea04746dac26bcbd_single,concrete,concrete,0.2,0.05,2,2,0,HOLLOW_CONCRETE_COLUMN_PANEL
6f4eef894fab42561ff8a94e4515778d869127a45cd1aee902f03fbba4f3843c,surface:22:hall_column_4_west,3c5460db4674b31abc97c105_single,concrete,concrete,0.2,0.05,2,2,0,HOLLOW_CONCRETE_COLUMN_PANEL
6f4eef894fab42561ff8a94e4515778d869127a45cd1aee902f03fbba4f3843c,surface:23:hall_column_4_east,c2c42939c6565d6cc3b442a4_single,concrete,concrete,0.2,0.05,2,2,0,HOLLOW_CONCRETE_COLUMN_PANEL
6f4eef894fab42561ff8a94e4515778d869127a45cd1aee902f03fbba4f3843c,surface:24:hall_column_4_south,60ffa2400eeb72de527de784_single,concrete,concrete,0.2,0.05,2,2,0,HOLLOW_CONCRETE_COLUMN_PANEL
6f4eef894fab42561ff8a94e4515778d869127a45cd1aee902f03fbba4f3843c,surface:25:hall_column_4_north,32e43d62a3f2d0208b129c0d_single,concrete,concrete,0.2,0.05,2,2,0,HOLLOW_CONCRETE_COLUMN_PANEL
78988b2e52035c6b85aac16d78bea395d8569137b6f2f91546f7e0fe5f89d25f,surface:7:hall_column_1_west,41901bf4435fda5b12ec4a4e_single,concrete,concrete,0.2,0.05,2,2,0,HOLLOW_CONCRETE_COLUMN_PANEL
78988b2e52035c6b85aac16d78bea395d8569137b6f2f91546f7e0fe5f89d25f,surface:8:hall_column_1_east,ae5d67bde9861494e88999de_single,concrete,concrete,0.2,0.05,2,2,0,HOLLOW_CONCRETE_COLUMN_PANEL
78988b2e52035c6b85aac16d78bea395d8569137b6f2f91546f7e0fe5f89d25f,surface:9:hall_column_1_south,80f7db55ac0105c6d2999c5c_single,concrete,concrete,0.2,0.05,2,2,0,HOLLOW_CONCRETE_COLUMN_PANEL
78988b2e52035c6b85aac16d78bea395d8569137b6f2f91546f7e0fe5f89d25f,surface:10:hall_column_1_north,e41278365ae589efe8f8d316_single,concrete,concrete,0.2,0.05,2,2,0,HOLLOW_CONCRETE_COLUMN_PANEL
78988b2e52035c6b85aac16d78bea395d8569137b6f2f91546f7e0fe5f89d25f,surface:12:hall_column_2_west,c094abafbb36da9e81a18eca_single,concrete,concrete,0.2,0.05,2,2,0,HOLLOW_CONCRETE_COLUMN_PANEL
78988b2e52035c6b85aac16d78bea395d8569137b6f2f91546f7e0fe5f89d25f,surface:13:hall_column_2_east,48294bf6b745ff52a62608cf_single,concrete,concrete,0.2,0.05,2,2,0,HOLLOW_CONCRETE_COLUMN_PANEL
78988b2e52035c6b85aac16d78bea395d8569137b6f2f91546f7e0fe5f89d25f,surface:14:hall_column_2_south,bf0bad168013ccef637d8d95_single,concrete,concrete,0.2,0.05,2,2,0,HOLLOW_CONCRETE_COLUMN_PANEL
78988b2e52035c6b85aac16d78bea395d8569137b6f2f91546f7e0fe5f89d25f,surface:15:hall_column_2_north,e65cbefc8069a4c3c5e8d2c8_single,concrete,concrete,0.2,0.05,2,2,0,HOLLOW_CONCRETE_COLUMN_PANEL
78988b2e52035c6b85aac16d78bea395d8569137b6f2f91546f7e0fe5f89d25f,surface:17:hall_column_3_west,7a67a578d00a2b9aa24e4c71_single,concrete,concrete,0.2,0.05,2,2,0,HOLLOW_CONCRETE_COLUMN_PANEL
78988b2e52035c6b85aac16d78bea395d8569137b6f2f91546f7e0fe5f89d25f,surface:18:hall_column_3_east,3ec60e7eb4e2de564eb367a6_single,concrete,concrete,0.2,0.05,2,2,0,HOLLOW_CONCRETE_COLUMN_PANEL
78988b2e52035c6b85aac16d78bea395d8569137b6f2f91546f7e0fe5f89d25f,surface:19:hall_column_3_south,4eb6a75740af48a24a259bb6_single,concrete,concrete,0.2,0.05,2,2,0,HOLLOW_CONCRETE_COLUMN_PANEL
78988b2e52035c6b85aac16d78bea395d8569137b6f2f91546f7e0fe5f89d25f,surface:20:hall_column_3_north,18340dcf1dc965ed5d4d4688_single,concrete,concrete,0.2,0.05,2,2,0,HOLLOW_CONCRETE_COLUMN_PANEL
78988b2e52035c6b85aac16d78bea395d8569137b6f2f91546f7e0fe5f89d25f,surface:22:hall_column_4_west,92b4dd86808b1681fed713f4_single,concrete,concrete,0.2,0.05,2,2,0,HOLLOW_CONCRETE_COLUMN_PANEL
78988b2e52035c6b85aac16d78bea395d8569137b6f2f91546f7e0fe5f89d25f,surface:23:hall_column_4_east,b1d5009edd09f096053e7c73_single,concrete,concrete,0.2,0.05,2,2,0,HOLLOW_CONCRETE_COLUMN_PANEL
78988b2e52035c6b85aac16d78bea395d8569137b6f2f91546f7e0fe5f89d25f,surface:24:hall_column_4_south,38fd6163ecffc9dcef29d420_single,concrete,concrete,0.2,0.05,2,2,0,HOLLOW_CONCRETE_COLUMN_PANEL
78988b2e52035c6b85aac16d78bea395d8569137b6f2f91546f7e0fe5f89d25f,surface:25:hall_column_4_north,300fec67b15fe3a53e5077f0_single,concrete,concrete,0.2,0.05,2,2,0,HOLLOW_CONCRETE_COLUMN_PANEL
7d572d7a334860415cffdf0e8ec560b1a8363c6011f26f228bef52059c8ee741,surface:7:hall_column_1_west,2f34a5696816b7f2009795e1_single,concrete,concrete,0.2,0.05,2,2,0,HOLLOW_CONCRETE_COLUMN_PANEL
7d572d7a334860415cffdf0e8ec560b1a8363c6011f26f228bef52059c8ee741,surface:8:hall_column_1_east,bc7e2deb57dcbf5f5d450412_single,concrete,concrete,0.2,0.05,2,2,0,HOLLOW_CONCRETE_COLUMN_PANEL
7d572d7a334860415cffdf0e8ec560b1a8363c6011f26f228bef52059c8ee741,surface:9:hall_column_1_south,87a36ab361929000e78ea1e8_single,concrete,concrete,0.2,0.05,2,2,0,HOLLOW_CONCRETE_COLUMN_PANEL
7d572d7a334860415cffdf0e8ec560b1a8363c6011f26f228bef52059c8ee741,surface:10:hall_column_1_north,545fa3f665e7e3b0f1c1e3ba_single,concrete,concrete,0.2,0.05,2,2,0,HOLLOW_CONCRETE_COLUMN_PANEL
7d572d7a334860415cffdf0e8ec560b1a8363c6011f26f228bef52059c8ee741,surface:12:hall_column_2_west,fdb8bb927036be31af523b05_single,concrete,concrete,0.2,0.05,2,2,0,HOLLOW_CONCRETE_COLUMN_PANEL
7d572d7a334860415cffdf0e8ec560b1a8363c6011f26f228bef52059c8ee741,surface:13:hall_column_2_east,306f9ff7975237f4822ded3c_single,concrete,concrete,0.2,0.05,2,2,0,HOLLOW_CONCRETE_COLUMN_PANEL
7d572d7a334860415cffdf0e8ec560b1a8363c6011f26f228bef52059c8ee741,surface:14:hall_column_2_south,6adb953249d46c0ea52e3e28_single,concrete,concrete,0.2,0.05,2,2,0,HOLLOW_CONCRETE_COLUMN_PANEL
7d572d7a334860415cffdf0e8ec560b1a8363c6011f26f228bef52059c8ee741,surface:15:hall_column_2_north,d180aae162f7a1d170a4f104_single,concrete,concrete,0.2,0.05,2,2,0,HOLLOW_CONCRETE_COLUMN_PANEL
7d572d7a334860415cffdf0e8ec560b1a8363c6011f26f228bef52059c8ee741,surface:17:hall_column_3_west,030f4d8a3ec0e457a6393604_single,concrete,concrete,0.2,0.05,2,2,0,HOLLOW_CONCRETE_COLUMN_PANEL
7d572d7a334860415cffdf0e8ec560b1a8363c6011f26f228bef52059c8ee741,surface:18:hall_column_3_east,82f2dbc7478dc4a6c4c37e4e_single,concrete,concrete,0.2,0.05,2,2,0,HOLLOW_CONCRETE_COLUMN_PANEL
7d572d7a334860415cffdf0e8ec560b1a8363c6011f26f228bef52059c8ee741,surface:19:hall_column_3_south,14b8459ac21f969b9f193b07_single,concrete,concrete,0.2,0.05,2,2,0,HOLLOW_CONCRETE_COLUMN_PANEL
7d572d7a334860415cffdf0e8ec560b1a8363c6011f26f228bef52059c8ee741,surface:20:hall_column_3_north,64840f992006a46cbfe9306d_single,concrete,concrete,0.2,0.05,2,2,0,HOLLOW_CONCRETE_COLUMN_PANEL
7d572d7a334860415cffdf0e8ec560b1a8363c6011f26f228bef52059c8ee741,surface:22:hall_column_4_west,c17979fc79ead435639a7823_single,concrete,concrete,0.2,0.05,2,2,0,HOLLOW_CONCRETE_COLUMN_PANEL
7d572d7a334860415cffdf0e8ec560b1a8363c6011f26f228bef52059c8ee741,surface:23:hall_column_4_east,191e4e24978a53a61d718ac5_single,concrete,concrete,0.2,0.05,2,2,0,HOLLOW_CONCRETE_COLUMN_PANEL
7d572d7a334860415cffdf0e8ec560b1a8363c6011f26f228bef52059c8ee741,surface:24:hall_column_4_south,b32a47118e16e19bbafa6fbc_single,concrete,concrete,0.2,0.05,2,2,0,HOLLOW_CONCRETE_COLUMN_PANEL
7d572d7a334860415cffdf0e8ec560b1a8363c6011f26f228bef52059c8ee741,surface:25:hall_column_4_north,aee35e9769162ed39bea5f7d_single,concrete,concrete,0.2,0.05,2,2,0,HOLLOW_CONCRETE_COLUMN_PANEL
8b28e5948e89f4e021008100d42cdc809ca14dc8e3af6f64dd825d6827ad28ee,surface:7:hall_column_1_west,2fb28b7fe0ed6dc41f8a78f9_single,concrete,concrete,0.15,0.03749999999999998,2,2,0,HOLLOW_CONCRETE_COLUMN_PANEL
8b28e5948e89f4e021008100d42cdc809ca14dc8e3af6f64dd825d6827ad28ee,surface:8:hall_column_1_east,15c9bc3928345a1e7064361b_single,concrete,concrete,0.15,0.03749999999999998,2,2,0,HOLLOW_CONCRETE_COLUMN_PANEL
8b28e5948e89f4e021008100d42cdc809ca14dc8e3af6f64dd825d6827ad28ee,surface:9:hall_column_1_south,38ac003ec96e19e6ca180a31_single,concrete,concrete,0.15,0.03749999999999998,2,2,0,HOLLOW_CONCRETE_COLUMN_PANEL
8b28e5948e89f4e021008100d42cdc809ca14dc8e3af6f64dd825d6827ad28ee,surface:10:hall_column_1_north,7faf1fb8a523a6728c1e5306_single,concrete,concrete,0.15,0.03749999999999998,2,2,0,HOLLOW_CONCRETE_COLUMN_PANEL
8b28e5948e89f4e021008100d42cdc809ca14dc8e3af6f64dd825d6827ad28ee,surface:12:hall_column_2_west,2bf800abfca5d3844e17a114_single,concrete,concrete,0.15,0.03749999999999998,2,2,0,HOLLOW_CONCRETE_COLUMN_PANEL
8b28e5948e89f4e021008100d42cdc809ca14dc8e3af6f64dd825d6827ad28ee,surface:13:hall_column_2_east,59fe5538d806402a2f4ba8e5_single,concrete,concrete,0.15,0.03749999999999998,2,2,0,HOLLOW_CONCRETE_COLUMN_PANEL
8b28e5948e89f4e021008100d42cdc809ca14dc8e3af6f64dd825d6827ad28ee,surface:14:hall_column_2_south,e97b23698b94ea3cb54d79f8_single,concrete,concrete,0.15,0.03749999999999998,2,2,0,HOLLOW_CONCRETE_COLUMN_PANEL
8b28e5948e89f4e021008100d42cdc809ca14dc8e3af6f64dd825d6827ad28ee,surface:15:hall_column_2_north,40f9e10ada0f0675d33ce1ed_single,concrete,concrete,0.15,0.03749999999999998,2,2,0,HOLLOW_CONCRETE_COLUMN_PANEL
8b28e5948e89f4e021008100d42cdc809ca14dc8e3af6f64dd825d6827ad28ee,surface:17:hall_column_3_west,5ba8e42011180ee7f64c3d18_single,concrete,concrete,0.15,0.03749999999999998,2,2,0,HOLLOW_CONCRETE_COLUMN_PANEL
8b28e5948e89f4e021008100d42cdc809ca14dc8e3af6f64dd825d6827ad28ee,surface:18:hall_column_3_east,4d82e52ec353819257995719_single,concrete,concrete,0.15,0.03749999999999998,2,2,0,HOLLOW_CONCRETE_COLUMN_PANEL
8b28e5948e89f4e021008100d42cdc809ca14dc8e3af6f64dd825d6827ad28ee,surface:19:hall_column_3_south,bf4cb34c1b620cb2e62639ca_single,concrete,concrete,0.15,0.03749999999999998,2,2,0,HOLLOW_CONCRETE_COLUMN_PANEL
8b28e5948e89f4e021008100d42cdc809ca14dc8e3af6f64dd825d6827ad28ee,surface:20:hall_column_3_north,7ca9472c19c8e3d3d0f44b71_single,concrete,concrete,0.15,0.03749999999999998,2,2,0,HOLLOW_CONCRETE_COLUMN_PANEL
8b28e5948e89f4e021008100d42cdc809ca14dc8e3af6f64dd825d6827ad28ee,surface:22:hall_column_4_west,115acbaab083e04f95367524_single,concrete,concrete,0.15,0.03749999999999998,2,2,0,HOLLOW_CONCRETE_COLUMN_PANEL
8b28e5948e89f4e021008100d42cdc809ca14dc8e3af6f64dd825d6827ad28ee,surface:23:hall_column_4_east,d7c7eb4ed6f0df27d3e61976_single,concrete,concrete,0.15,0.03749999999999998,2,2,0,HOLLOW_CONCRETE_COLUMN_PANEL
8b28e5948e89f4e021008100d42cdc809ca14dc8e3af6f64dd825d6827ad28ee,surface:24:hall_column_4_south,1eaf27e4deac991072b3e7b5_single,concrete,concrete,0.15,0.03749999999999998,2,2,0,HOLLOW_CONCRETE_COLUMN_PANEL
8b28e5948e89f4e021008100d42cdc809ca14dc8e3af6f64dd825d6827ad28ee,surface:25:hall_column_4_north,8fb0e2d7f0631cb0382ee85d_single,concrete,concrete,0.15,0.03749999999999998,2,2,0,HOLLOW_CONCRETE_COLUMN_PANEL
bd098f9678132a265a09e6e88753c3ad59fad03e97593cc3d0bbc4c473988441,surface:7:hall_column_1_west,6eca524f565fa1eb71e311d0_single,concrete,concrete,0.15,0.03749999999999998,2,2,0,HOLLOW_CONCRETE_COLUMN_PANEL
bd098f9678132a265a09e6e88753c3ad59fad03e97593cc3d0bbc4c473988441,surface:8:hall_column_1_east,f57cb20a137a26eccce0ddac_single,concrete,concrete,0.15,0.03749999999999998,2,2,0,HOLLOW_CONCRETE_COLUMN_PANEL
bd098f9678132a265a09e6e88753c3ad59fad03e97593cc3d0bbc4c473988441,surface:9:hall_column_1_south,2d9d82c21e737e94a4aa1cb4_single,concrete,concrete,0.15,0.03749999999999998,2,2,0,HOLLOW_CONCRETE_COLUMN_PANEL
bd098f9678132a265a09e6e88753c3ad59fad03e97593cc3d0bbc4c473988441,surface:10:hall_column_1_north,f405aa7bde72aa474e68913e_single,concrete,concrete,0.15,0.03749999999999998,2,2,0,HOLLOW_CONCRETE_COLUMN_PANEL
bd098f9678132a265a09e6e88753c3ad59fad03e97593cc3d0bbc4c473988441,surface:12:hall_column_2_west,c415afb6192587e574fb96d8_single,concrete,concrete,0.15,0.03749999999999998,2,2,0,HOLLOW_CONCRETE_COLUMN_PANEL
bd098f9678132a265a09e6e88753c3ad59fad03e97593cc3d0bbc4c473988441,surface:13:hall_column_2_east,8e5f20a96cc78b4ba838be22_single,concrete,concrete,0.15,0.03749999999999998,2,2,0,HOLLOW_CONCRETE_COLUMN_PANEL
bd098f9678132a265a09e6e88753c3ad59fad03e97593cc3d0bbc4c473988441,surface:14:hall_column_2_south,a7f696d4123ec2deecd7a27c_single,concrete,concrete,0.15,0.03749999999999998,2,2,0,HOLLOW_CONCRETE_COLUMN_PANEL
bd098f9678132a265a09e6e88753c3ad59fad03e97593cc3d0bbc4c473988441,surface:15:hall_column_2_north,4394108fb8f4f2466af6386a_single,concrete,concrete,0.15,0.03749999999999998,2,2,0,HOLLOW_CONCRETE_COLUMN_PANEL
bd098f9678132a265a09e6e88753c3ad59fad03e97593cc3d0bbc4c473988441,surface:17:hall_column_3_west,9bd118ea434fa973a3e727a0_single,concrete,concrete,0.15,0.03749999999999998,2,2,0,HOLLOW_CONCRETE_COLUMN_PANEL
bd098f9678132a265a09e6e88753c3ad59fad03e97593cc3d0bbc4c473988441,surface:18:hall_column_3_east,02ba02a440846f785ffe4f1f_single,concrete,concrete,0.15,0.03749999999999998,2,2,0,HOLLOW_CONCRETE_COLUMN_PANEL
bd098f9678132a265a09e6e88753c3ad59fad03e97593cc3d0bbc4c473988441,surface:19:hall_column_3_south,8ae720cb0ff35dde626365e3_single,concrete,concrete,0.15,0.03749999999999998,2,2,0,HOLLOW_CONCRETE_COLUMN_PANEL
bd098f9678132a265a09e6e88753c3ad59fad03e97593cc3d0bbc4c473988441,surface:20:hall_column_3_north,8a95378d720f7fef5a20155f_single,concrete,concrete,0.15,0.03749999999999998,2,2,0,HOLLOW_CONCRETE_COLUMN_PANEL
bd098f9678132a265a09e6e88753c3ad59fad03e97593cc3d0bbc4c473988441,surface:22:hall_column_4_west,b4a92bf8ef22f8ef9827fe4d_single,concrete,concrete,0.15,0.03749999999999998,2,2,0,HOLLOW_CONCRETE_COLUMN_PANEL
bd098f9678132a265a09e6e88753c3ad59fad03e97593cc3d0bbc4c473988441,surface:23:hall_column_4_east,56da9ec91a1f116e3c3a5ab7_single,concrete,concrete,0.15,0.03749999999999998,2,2,0,HOLLOW_CONCRETE_COLUMN_PANEL
bd098f9678132a265a09e6e88753c3ad59fad03e97593cc3d0bbc4c473988441,surface:24:hall_column_4_south,5aea0facb65d224fe09bc020_single,concrete,concrete,0.15,0.03749999999999998,2,2,0,HOLLOW_CONCRETE_COLUMN_PANEL
bd098f9678132a265a09e6e88753c3ad59fad03e97593cc3d0bbc4c473988441,surface:25:hall_column_4_north,f3723ed47c3af88510eeb228_single,concrete,concrete,0.15,0.03749999999999998,2,2,0,HOLLOW_CONCRETE_COLUMN_PANEL
08a9b60413693b8becf7d0c48d29db54c45bbf82146edc50ad9dc5e662e17e03,asset:0:warehouse_aisle:rack_post_1_front,4af1194c69d3da6849d891b6_zm,metal,metal,0.001,0.001,2,0,0.00562499999999996,ARCHITECTURE_OWNS_CONTACT
08a9b60413693b8becf7d0c48d29db54c45bbf82146edc50ad9dc5e662e17e03,asset:0:warehouse_aisle:rack_post_1_back,86ec3585d54ab3ae6fe6f650_zm,metal,metal,0.001,0.001,2,0,0.00562499999999996,ARCHITECTURE_OWNS_CONTACT
08a9b60413693b8becf7d0c48d29db54c45bbf82146edc50ad9dc5e662e17e03,asset:0:warehouse_aisle:rack_post_2_front,dbc32d8d18e4edaf025f2b9c_zm,metal,metal,0.001,0.001,2,0,0.00562499999999996,ARCHITECTURE_OWNS_CONTACT
08a9b60413693b8becf7d0c48d29db54c45bbf82146edc50ad9dc5e662e17e03,asset:0:warehouse_aisle:rack_post_2_back,c5e96d9b5ddff35c46cdf2cc_zm,metal,metal,0.001,0.001,2,0,0.00562499999999996,ARCHITECTURE_OWNS_CONTACT
08a9b60413693b8becf7d0c48d29db54c45bbf82146edc50ad9dc5e662e17e03,asset:0:warehouse_aisle:rack_post_3_front,06b0be2043ac3a7d831b48a1_zm,metal,metal,0.001,0.001,2,0,0.00562499999999996,ARCHITECTURE_OWNS_CONTACT
08a9b60413693b8becf7d0c48d29db54c45bbf82146edc50ad9dc5e662e17e03,asset:0:warehouse_aisle:rack_post_3_back,de074a619b8ad3573d8e895e_zm,metal,metal,0.001,0.001,2,0,0.00562499999999996,ARCHITECTURE_OWNS_CONTACT
08a9b60413693b8becf7d0c48d29db54c45bbf82146edc50ad9dc5e662e17e03,asset:0:warehouse_aisle:rack_post_4_front,9cb75b2570762674640de4c2_zm,metal,metal,0.001,0.001,2,0,0.005624999999999694,ARCHITECTURE_OWNS_CONTACT
08a9b60413693b8becf7d0c48d29db54c45bbf82146edc50ad9dc5e662e17e03,asset:0:warehouse_aisle:rack_post_4_back,03f5a769e707de9f79b51533_zm,metal,metal,0.001,0.001,2,0,0.005624999999999694,ARCHITECTURE_OWNS_CONTACT
08a9b60413693b8becf7d0c48d29db54c45bbf82146edc50ad9dc5e662e17e03,asset:1:warehouse_aisle:rack_post_1_front,95ef691681d44c0b1a9a13a2_zm,metal,metal,0.001,0.001,2,0,0.005624999999999627,ARCHITECTURE_OWNS_CONTACT
08a9b60413693b8becf7d0c48d29db54c45bbf82146edc50ad9dc5e662e17e03,asset:1:warehouse_aisle:rack_post_1_back,b006b25da935cc64996d195a_zm,metal,metal,0.001,0.001,2,0,0.00562499999999976,ARCHITECTURE_OWNS_CONTACT
08a9b60413693b8becf7d0c48d29db54c45bbf82146edc50ad9dc5e662e17e03,asset:1:warehouse_aisle:rack_post_2_front,8be42381d713ba5c4bbb74cb_zm,metal,metal,0.001,0.001,2,0,0.005624999999999893,ARCHITECTURE_OWNS_CONTACT
08a9b60413693b8becf7d0c48d29db54c45bbf82146edc50ad9dc5e662e17e03,asset:1:warehouse_aisle:rack_post_2_back,747ef1bdc05cdf0c71ccac30_zm,metal,metal,0.001,0.001,2,0,0.005624999999999893,ARCHITECTURE_OWNS_CONTACT
08a9b60413693b8becf7d0c48d29db54c45bbf82146edc50ad9dc5e662e17e03,asset:1:warehouse_aisle:rack_post_3_front,a42c4e37fb1979edbce1faec_zm,metal,metal,0.001,0.001,2,0,0.005624999999999893,ARCHITECTURE_OWNS_CONTACT
08a9b60413693b8becf7d0c48d29db54c45bbf82146edc50ad9dc5e662e17e03,asset:1:warehouse_aisle:rack_post_3_back,afc6d66cfd584cb29bec3899_zm,metal,metal,0.001,0.001,2,0,0.005624999999999893,ARCHITECTURE_OWNS_CONTACT
08a9b60413693b8becf7d0c48d29db54c45bbf82146edc50ad9dc5e662e17e03,asset:1:warehouse_aisle:rack_post_4_front,e8bee64a6cc7ee66e0752668_zm,metal,metal,0.001,0.001,2,0,0.005625000000000027,ARCHITECTURE_OWNS_CONTACT
08a9b60413693b8becf7d0c48d29db54c45bbf82146edc50ad9dc5e662e17e03,asset:1:warehouse_aisle:rack_post_4_back,5848d5332647a37f31482eef_zm,metal,metal,0.001,0.001,2,0,0.005624999999999893,ARCHITECTURE_OWNS_CONTACT
1d12bc00bae70719f5afc9ad46a40b171b1a806072c2b29d0401e86739c10059,asset:0:warehouse_aisle:rack_post_1_front,5d80e1b19a4b9b5647828e05_zm,metal,metal,0.001,0.001,2,0,0.005624999999999927,ARCHITECTURE_OWNS_CONTACT
1d12bc00bae70719f5afc9ad46a40b171b1a806072c2b29d0401e86739c10059,asset:0:warehouse_aisle:rack_post_1_back,f0bb11283fcfc7dafd3f5748_zm,metal,metal,0.001,0.001,2,0,0.005624999999999927,ARCHITECTURE_OWNS_CONTACT
1d12bc00bae70719f5afc9ad46a40b171b1a806072c2b29d0401e86739c10059,asset:0:warehouse_aisle:rack_post_2_front,f828c5474e967374ee59684d_zm,metal,metal,0.001,0.001,2,0,0.005624999999999927,ARCHITECTURE_OWNS_CONTACT
1d12bc00bae70719f5afc9ad46a40b171b1a806072c2b29d0401e86739c10059,asset:0:warehouse_aisle:rack_post_2_back,43621dc61fb56f4c11202b02_zm,metal,metal,0.001,0.001,2,0,0.005624999999999927,ARCHITECTURE_OWNS_CONTACT
1d12bc00bae70719f5afc9ad46a40b171b1a806072c2b29d0401e86739c10059,asset:0:warehouse_aisle:rack_post_3_front,0cf9b16437dae088ed57d794_zm,metal,metal,0.001,0.001,2,0,0.005624999999999927,ARCHITECTURE_OWNS_CONTACT
1d12bc00bae70719f5afc9ad46a40b171b1a806072c2b29d0401e86739c10059,asset:0:warehouse_aisle:rack_post_3_back,4dd9fb3b3660219dd83bf432_zm,metal,metal,0.001,0.001,2,0,0.005624999999999927,ARCHITECTURE_OWNS_CONTACT
1d12bc00bae70719f5afc9ad46a40b171b1a806072c2b29d0401e86739c10059,asset:0:warehouse_aisle:rack_post_4_front,248f415a7c75ac8ff74f8f87_zm,metal,metal,0.001,0.001,2,0,0.005624999999999661,ARCHITECTURE_OWNS_CONTACT
1d12bc00bae70719f5afc9ad46a40b171b1a806072c2b29d0401e86739c10059,asset:0:warehouse_aisle:rack_post_4_back,f51a696bec7b46dd1bf646ca_zm,metal,metal,0.001,0.001,2,0,0.005624999999999661,ARCHITECTURE_OWNS_CONTACT
1d12bc00bae70719f5afc9ad46a40b171b1a806072c2b29d0401e86739c10059,asset:1:warehouse_aisle:rack_post_1_front,86b3b44a66ce3d922332c69b_zm,metal,metal,0.001,0.001,2,0,0.005624999999999627,ARCHITECTURE_OWNS_CONTACT
1d12bc00bae70719f5afc9ad46a40b171b1a806072c2b29d0401e86739c10059,asset:1:warehouse_aisle:rack_post_1_back,d92d597b400c7668ea272d58_zm,metal,metal,0.001,0.001,2,0,0.00562499999999976,ARCHITECTURE_OWNS_CONTACT
1d12bc00bae70719f5afc9ad46a40b171b1a806072c2b29d0401e86739c10059,asset:1:warehouse_aisle:rack_post_2_front,477b2d063ee14349a4239856_zm,metal,metal,0.001,0.001,2,0,0.005624999999999893,ARCHITECTURE_OWNS_CONTACT
1d12bc00bae70719f5afc9ad46a40b171b1a806072c2b29d0401e86739c10059,asset:1:warehouse_aisle:rack_post_2_back,5457b40918cf750b81b3b210_zm,metal,metal,0.001,0.001,2,0,0.005624999999999893,ARCHITECTURE_OWNS_CONTACT
1d12bc00bae70719f5afc9ad46a40b171b1a806072c2b29d0401e86739c10059,asset:1:warehouse_aisle:rack_post_3_front,a12bcfe3ce97e9bb046cce32_zm,metal,metal,0.001,0.001,2,0,0.005624999999999893,ARCHITECTURE_OWNS_CONTACT
1d12bc00bae70719f5afc9ad46a40b171b1a806072c2b29d0401e86739c10059,asset:1:warehouse_aisle:rack_post_3_back,989914a699fc237d1f505a3f_zm,metal,metal,0.001,0.001,2,0,0.005624999999999893,ARCHITECTURE_OWNS_CONTACT
1d12bc00bae70719f5afc9ad46a40b171b1a806072c2b29d0401e86739c10059,asset:1:warehouse_aisle:rack_post_4_front,9b3b28b9df8dda212abc614e_zm,metal,metal,0.001,0.001,2,0,0.005625000000000027,ARCHITECTURE_OWNS_CONTACT
1d12bc00bae70719f5afc9ad46a40b171b1a806072c2b29d0401e86739c10059,asset:1:warehouse_aisle:rack_post_4_back,56d915e8d1745c08e1445b54_zm,metal,metal,0.001,0.001,2,0,0.005624999999999893,ARCHITECTURE_OWNS_CONTACT
2025ac769e3088afda620dad713fc03675cea72535c71bc34257c26d9b642380,asset:0:warehouse_aisle:rack_post_1_front,f9a26d224c5e4f09c4fdfe0c_zm,metal,metal,0.001,0.001,2,0,0.005624999999999927,ARCHITECTURE_OWNS_CONTACT
2025ac769e3088afda620dad713fc03675cea72535c71bc34257c26d9b642380,asset:0:warehouse_aisle:rack_post_1_back,932f84a45158664712c523c1_zm,metal,metal,0.001,0.001,2,0,0.005624999999999927,ARCHITECTURE_OWNS_CONTACT
2025ac769e3088afda620dad713fc03675cea72535c71bc34257c26d9b642380,asset:0:warehouse_aisle:rack_post_2_front,c22a1b7f654a2610be270634_zm,metal,metal,0.001,0.001,2,0,0.005624999999999927,ARCHITECTURE_OWNS_CONTACT
2025ac769e3088afda620dad713fc03675cea72535c71bc34257c26d9b642380,asset:0:warehouse_aisle:rack_post_2_back,3b3588555d7415db6b7bb6af_zm,metal,metal,0.001,0.001,2,0,0.005624999999999927,ARCHITECTURE_OWNS_CONTACT
2025ac769e3088afda620dad713fc03675cea72535c71bc34257c26d9b642380,asset:0:warehouse_aisle:rack_post_3_front,c919851d3e3df9db51888ea5_zm,metal,metal,0.001,0.001,2,0,0.005624999999999927,ARCHITECTURE_OWNS_CONTACT
2025ac769e3088afda620dad713fc03675cea72535c71bc34257c26d9b642380,asset:0:warehouse_aisle:rack_post_3_back,3127ed19d17add4099ddab18_zm,metal,metal,0.001,0.001,2,0,0.005624999999999927,ARCHITECTURE_OWNS_CONTACT
2025ac769e3088afda620dad713fc03675cea72535c71bc34257c26d9b642380,asset:0:warehouse_aisle:rack_post_4_front,8dbb7931c2d7f052d0a9a162_zm,metal,metal,0.001,0.001,2,0,0.005624999999999927,ARCHITECTURE_OWNS_CONTACT
2025ac769e3088afda620dad713fc03675cea72535c71bc34257c26d9b642380,asset:0:warehouse_aisle:rack_post_4_back,73c3c87757466114554f66cf_zm,metal,metal,0.001,0.001,2,0,0.005624999999999927,ARCHITECTURE_OWNS_CONTACT
2025ac769e3088afda620dad713fc03675cea72535c71bc34257c26d9b642380,asset:1:warehouse_aisle:rack_post_1_front,655ae5695d5f4c6c313f739f_zm,metal,metal,0.001,0.001,2,0,0.005624999999999893,ARCHITECTURE_OWNS_CONTACT
2025ac769e3088afda620dad713fc03675cea72535c71bc34257c26d9b642380,asset:1:warehouse_aisle:rack_post_1_back,bddbcb0a193e635c43c66b6f_zm,metal,metal,0.001,0.001,2,0,0.005625000000000027,ARCHITECTURE_OWNS_CONTACT
2025ac769e3088afda620dad713fc03675cea72535c71bc34257c26d9b642380,asset:1:warehouse_aisle:rack_post_2_front,2761972c0ee16d803467c818_zm,metal,metal,0.001,0.001,2,0,0.005624999999999893,ARCHITECTURE_OWNS_CONTACT
2025ac769e3088afda620dad713fc03675cea72535c71bc34257c26d9b642380,asset:1:warehouse_aisle:rack_post_2_back,396d77861290bece78be5da8_zm,metal,metal,0.001,0.001,2,0,0.005624999999999893,ARCHITECTURE_OWNS_CONTACT
2025ac769e3088afda620dad713fc03675cea72535c71bc34257c26d9b642380,asset:1:warehouse_aisle:rack_post_3_front,c88d8be74ceac3124a5d9a7c_zm,metal,metal,0.001,0.001,2,0,0.005624999999999893,ARCHITECTURE_OWNS_CONTACT
2025ac769e3088afda620dad713fc03675cea72535c71bc34257c26d9b642380,asset:1:warehouse_aisle:rack_post_3_back,ebe086847f9690c47e84efdd_zm,metal,metal,0.001,0.001,2,0,0.005624999999999893,ARCHITECTURE_OWNS_CONTACT
2025ac769e3088afda620dad713fc03675cea72535c71bc34257c26d9b642380,asset:1:warehouse_aisle:rack_post_4_front,a699fbd99a27745784c8fcba_zm,metal,metal,0.001,0.001,2,0,0.005625000000000027,ARCHITECTURE_OWNS_CONTACT
2025ac769e3088afda620dad713fc03675cea72535c71bc34257c26d9b642380,asset:1:warehouse_aisle:rack_post_4_back,68bdba588c5652898939b924_zm,metal,metal,0.001,0.001,2,0,0.005624999999999893,ARCHITECTURE_OWNS_CONTACT
8b6ef8f128be47894e30d2f4f818e232bea0d3e13997d6d106f03baa10934e9e,asset:0:warehouse_aisle:rack_post_1_front,12ad6d427beb13608c7e16df_zm,metal,metal,0.001,0.001,2,0,0.00562499999999996,ARCHITECTURE_OWNS_CONTACT
8b6ef8f128be47894e30d2f4f818e232bea0d3e13997d6d106f03baa10934e9e,asset:0:warehouse_aisle:rack_post_1_back,146c44d9198d88a0445258e6_zm,metal,metal,0.001,0.001,2,0,0.00562499999999996,ARCHITECTURE_OWNS_CONTACT
8b6ef8f128be47894e30d2f4f818e232bea0d3e13997d6d106f03baa10934e9e,asset:0:warehouse_aisle:rack_post_2_front,356f09fe0172fe4c22621413_zm,metal,metal,0.001,0.001,2,0,0.00562499999999996,ARCHITECTURE_OWNS_CONTACT
8b6ef8f128be47894e30d2f4f818e232bea0d3e13997d6d106f03baa10934e9e,asset:0:warehouse_aisle:rack_post_2_back,92591ba6478af571319e3735_zm,metal,metal,0.001,0.001,2,0,0.00562499999999996,ARCHITECTURE_OWNS_CONTACT
8b6ef8f128be47894e30d2f4f818e232bea0d3e13997d6d106f03baa10934e9e,asset:0:warehouse_aisle:rack_post_3_front,c8b485ea378562f28cd3a3aa_zm,metal,metal,0.001,0.001,2,0,0.00562499999999996,ARCHITECTURE_OWNS_CONTACT
8b6ef8f128be47894e30d2f4f818e232bea0d3e13997d6d106f03baa10934e9e,asset:0:warehouse_aisle:rack_post_3_back,89023d4252b321a5fe86da5f_zm,metal,metal,0.001,0.001,2,0,0.00562499999999996,ARCHITECTURE_OWNS_CONTACT
8b6ef8f128be47894e30d2f4f818e232bea0d3e13997d6d106f03baa10934e9e,asset:0:warehouse_aisle:rack_post_4_front,c968e0bc3b43aa1e1d1dc48b_zm,metal,metal,0.001,0.001,2,0,0.005624999999999694,ARCHITECTURE_OWNS_CONTACT
8b6ef8f128be47894e30d2f4f818e232bea0d3e13997d6d106f03baa10934e9e,asset:0:warehouse_aisle:rack_post_4_back,a8fdb8bffba0bd6c4d711b4d_zm,metal,metal,0.001,0.001,2,0,0.005624999999999694,ARCHITECTURE_OWNS_CONTACT
8b6ef8f128be47894e30d2f4f818e232bea0d3e13997d6d106f03baa10934e9e,asset:1:warehouse_aisle:rack_post_1_front,343780104f3b07f36783272b_zm,metal,metal,0.001,0.001,2,0,0.005624999999999627,ARCHITECTURE_OWNS_CONTACT
8b6ef8f128be47894e30d2f4f818e232bea0d3e13997d6d106f03baa10934e9e,asset:1:warehouse_aisle:rack_post_1_back,0e4b7e851f94c5b55c04a300_zm,metal,metal,0.001,0.001,2,0,0.00562499999999976,ARCHITECTURE_OWNS_CONTACT
8b6ef8f128be47894e30d2f4f818e232bea0d3e13997d6d106f03baa10934e9e,asset:1:warehouse_aisle:rack_post_2_front,dec4a94ca3fb7c2ac07f52d2_zm,metal,metal,0.001,0.001,2,0,0.005624999999999893,ARCHITECTURE_OWNS_CONTACT
8b6ef8f128be47894e30d2f4f818e232bea0d3e13997d6d106f03baa10934e9e,asset:1:warehouse_aisle:rack_post_2_back,a02afa05e206d32b7323992d_zm,metal,metal,0.001,0.001,2,0,0.005625000000000027,ARCHITECTURE_OWNS_CONTACT
8b6ef8f128be47894e30d2f4f818e232bea0d3e13997d6d106f03baa10934e9e,asset:1:warehouse_aisle:rack_post_3_front,f7e56aebbc39f90bac4daae7_zm,metal,metal,0.001,0.001,2,0,0.005625000000000027,ARCHITECTURE_OWNS_CONTACT
8b6ef8f128be47894e30d2f4f818e232bea0d3e13997d6d106f03baa10934e9e,asset:1:warehouse_aisle:rack_post_3_back,4d955ed7637f430689828149_zm,metal,metal,0.001,0.001,2,0,0.005624999999999893,ARCHITECTURE_OWNS_CONTACT
8b6ef8f128be47894e30d2f4f818e232bea0d3e13997d6d106f03baa10934e9e,asset:1:warehouse_aisle:rack_post_4_front,fe744eacb02dac12a49929d2_zm,metal,metal,0.001,0.001,2,0,0.005625000000000027,ARCHITECTURE_OWNS_CONTACT
8b6ef8f128be47894e30d2f4f818e232bea0d3e13997d6d106f03baa10934e9e,asset:1:warehouse_aisle:rack_post_4_back,bf9e977e61ed4d1efbb17e14_zm,metal,metal,0.001,0.001,2,0,0.005624999999999893,ARCHITECTURE_OWNS_CONTACT
a537c5542f9465f388267144ba7f56baaa10cb9e9b2ad3c98411dd9b46290a4f,asset:0:warehouse_aisle:rack_post_1_front,125d2f0efcf288765fd6b1f4_zm,metal,metal,0.001,0.001,2,0,0.00562499999999996,ARCHITECTURE_OWNS_CONTACT
a537c5542f9465f388267144ba7f56baaa10cb9e9b2ad3c98411dd9b46290a4f,asset:0:warehouse_aisle:rack_post_1_back,95e00db7e674fab369dbb793_zm,metal,metal,0.001,0.001,2,0,0.00562499999999996,ARCHITECTURE_OWNS_CONTACT
a537c5542f9465f388267144ba7f56baaa10cb9e9b2ad3c98411dd9b46290a4f,asset:0:warehouse_aisle:rack_post_2_front,85263a521d3cafeb2471f6a6_zm,metal,metal,0.001,0.001,2,0,0.00562499999999996,ARCHITECTURE_OWNS_CONTACT
a537c5542f9465f388267144ba7f56baaa10cb9e9b2ad3c98411dd9b46290a4f,asset:0:warehouse_aisle:rack_post_2_back,4d6909712058812163d3eb29_zm,metal,metal,0.001,0.001,2,0,0.00562499999999996,ARCHITECTURE_OWNS_CONTACT
a537c5542f9465f388267144ba7f56baaa10cb9e9b2ad3c98411dd9b46290a4f,asset:0:warehouse_aisle:rack_post_3_front,2ec4949abdc07b58f879659b_zm,metal,metal,0.001,0.001,2,0,0.00562499999999996,ARCHITECTURE_OWNS_CONTACT
a537c5542f9465f388267144ba7f56baaa10cb9e9b2ad3c98411dd9b46290a4f,asset:0:warehouse_aisle:rack_post_3_back,1adfabd5cbee6825892a34df_zm,metal,metal,0.001,0.001,2,0,0.00562499999999996,ARCHITECTURE_OWNS_CONTACT
a537c5542f9465f388267144ba7f56baaa10cb9e9b2ad3c98411dd9b46290a4f,asset:0:warehouse_aisle:rack_post_4_front,9144fe6436e6102bd685a58e_zm,metal,metal,0.001,0.001,2,0,0.005624999999999694,ARCHITECTURE_OWNS_CONTACT
a537c5542f9465f388267144ba7f56baaa10cb9e9b2ad3c98411dd9b46290a4f,asset:0:warehouse_aisle:rack_post_4_back,5270845cc4d04563cc4466ef_zm,metal,metal,0.001,0.001,2,0,0.005624999999999694,ARCHITECTURE_OWNS_CONTACT
a537c5542f9465f388267144ba7f56baaa10cb9e9b2ad3c98411dd9b46290a4f,asset:1:warehouse_aisle:rack_post_1_front,6b0ec8639e3bcf5b08de98a9_zm,metal,metal,0.001,0.001,2,0,0.005624999999999627,ARCHITECTURE_OWNS_CONTACT
a537c5542f9465f388267144ba7f56baaa10cb9e9b2ad3c98411dd9b46290a4f,asset:1:warehouse_aisle:rack_post_1_back,7723cf979649719d5cba4eab_zm,metal,metal,0.001,0.001,2,0,0.00562499999999976,ARCHITECTURE_OWNS_CONTACT
a537c5542f9465f388267144ba7f56baaa10cb9e9b2ad3c98411dd9b46290a4f,asset:1:warehouse_aisle:rack_post_2_front,f9925384e8478425eb354861_zm,metal,metal,0.001,0.001,2,0,0.005624999999999893,ARCHITECTURE_OWNS_CONTACT
a537c5542f9465f388267144ba7f56baaa10cb9e9b2ad3c98411dd9b46290a4f,asset:1:warehouse_aisle:rack_post_2_back,a95b78c541c4e972206f16aa_zm,metal,metal,0.001,0.001,2,0,0.005624999999999893,ARCHITECTURE_OWNS_CONTACT
a537c5542f9465f388267144ba7f56baaa10cb9e9b2ad3c98411dd9b46290a4f,asset:1:warehouse_aisle:rack_post_3_front,7e2d4869474fdbf797f6c02b_zm,metal,metal,0.001,0.001,2,0,0.005624999999999893,ARCHITECTURE_OWNS_CONTACT
a537c5542f9465f388267144ba7f56baaa10cb9e9b2ad3c98411dd9b46290a4f,asset:1:warehouse_aisle:rack_post_3_back,5708600079ce36b3d5b881ff_zm,metal,metal,0.001,0.001,2,0,0.005624999999999893,ARCHITECTURE_OWNS_CONTACT
a537c5542f9465f388267144ba7f56baaa10cb9e9b2ad3c98411dd9b46290a4f,asset:1:warehouse_aisle:rack_post_4_front,59355eed0765dfebec36aa8e_zm,metal,metal,0.001,0.001,2,0,0.005625000000000027,ARCHITECTURE_OWNS_CONTACT
a537c5542f9465f388267144ba7f56baaa10cb9e9b2ad3c98411dd9b46290a4f,asset:1:warehouse_aisle:rack_post_4_back,902f605446b3e6a5e89e7546_zm,metal,metal,0.001,0.001,2,0,0.005624999999999893,ARCHITECTURE_OWNS_CONTACT
f957c329c7dc038f5a089cee25a6f410c22a1e78c561d3839001559bb4882253,asset:0:warehouse_aisle:rack_post_1_front,6580d58d9a975d67b99554d6_zm,metal,metal,0.001,0.001,2,0,0.00562499999999996,ARCHITECTURE_OWNS_CONTACT
f957c329c7dc038f5a089cee25a6f410c22a1e78c561d3839001559bb4882253,asset:0:warehouse_aisle:rack_post_1_back,39b30f1417945f79af8e94b6_zm,metal,metal,0.001,0.001,2,0,0.00562499999999996,ARCHITECTURE_OWNS_CONTACT
f957c329c7dc038f5a089cee25a6f410c22a1e78c561d3839001559bb4882253,asset:0:warehouse_aisle:rack_post_2_front,3e3882f7f2cde2276039b33b_zm,metal,metal,0.001,0.001,2,0,0.00562499999999996,ARCHITECTURE_OWNS_CONTACT
f957c329c7dc038f5a089cee25a6f410c22a1e78c561d3839001559bb4882253,asset:0:warehouse_aisle:rack_post_2_back,aead5badbac2025fa7751423_zm,metal,metal,0.001,0.001,2,0,0.00562499999999996,ARCHITECTURE_OWNS_CONTACT
f957c329c7dc038f5a089cee25a6f410c22a1e78c561d3839001559bb4882253,asset:0:warehouse_aisle:rack_post_3_front,95baf28d9e9e2cc26fc6c44a_zm,metal,metal,0.001,0.001,2,0,0.00562499999999996,ARCHITECTURE_OWNS_CONTACT
f957c329c7dc038f5a089cee25a6f410c22a1e78c561d3839001559bb4882253,asset:0:warehouse_aisle:rack_post_3_back,b5d68da7b1cf7392c57ae16d_zm,metal,metal,0.001,0.001,2,0,0.00562499999999996,ARCHITECTURE_OWNS_CONTACT
f957c329c7dc038f5a089cee25a6f410c22a1e78c561d3839001559bb4882253,asset:0:warehouse_aisle:rack_post_4_front,732ccca09c949b508292a6ee_zm,metal,metal,0.001,0.001,2,0,0.005624999999999694,ARCHITECTURE_OWNS_CONTACT
f957c329c7dc038f5a089cee25a6f410c22a1e78c561d3839001559bb4882253,asset:0:warehouse_aisle:rack_post_4_back,a77551d03225d7f89ba73e05_zm,metal,metal,0.001,0.001,2,0,0.005624999999999694,ARCHITECTURE_OWNS_CONTACT
f957c329c7dc038f5a089cee25a6f410c22a1e78c561d3839001559bb4882253,asset:1:warehouse_aisle:rack_post_1_front,3919e00bea63698e99bcd59d_zm,metal,metal,0.001,0.001,2,0,0.005624999999999627,ARCHITECTURE_OWNS_CONTACT
f957c329c7dc038f5a089cee25a6f410c22a1e78c561d3839001559bb4882253,asset:1:warehouse_aisle:rack_post_1_back,9d050da28ac8123e760290a7_zm,metal,metal,0.001,0.001,2,0,0.00562499999999976,ARCHITECTURE_OWNS_CONTACT
f957c329c7dc038f5a089cee25a6f410c22a1e78c561d3839001559bb4882253,asset:1:warehouse_aisle:rack_post_2_front,35648f54fda1a4b332f385b5_zm,metal,metal,0.001,0.001,2,0,0.005624999999999893,ARCHITECTURE_OWNS_CONTACT
f957c329c7dc038f5a089cee25a6f410c22a1e78c561d3839001559bb4882253,asset:1:warehouse_aisle:rack_post_2_back,4ab301f8283d9edcf8223e14_zm,metal,metal,0.001,0.001,2,0,0.005624999999999893,ARCHITECTURE_OWNS_CONTACT
f957c329c7dc038f5a089cee25a6f410c22a1e78c561d3839001559bb4882253,asset:1:warehouse_aisle:rack_post_3_front,730c6372eabdf553aafbb4a4_zm,metal,metal,0.001,0.001,2,0,0.005624999999999893,ARCHITECTURE_OWNS_CONTACT
f957c329c7dc038f5a089cee25a6f410c22a1e78c561d3839001559bb4882253,asset:1:warehouse_aisle:rack_post_3_back,fd8248b961c34be6a7affeea_zm,metal,metal,0.001,0.001,2,0,0.005624999999999893,ARCHITECTURE_OWNS_CONTACT
f957c329c7dc038f5a089cee25a6f410c22a1e78c561d3839001559bb4882253,asset:1:warehouse_aisle:rack_post_4_front,0b5005f2497e4850c71a925f_zm,metal,metal,0.001,0.001,2,0,0.005625000000000027,ARCHITECTURE_OWNS_CONTACT
f957c329c7dc038f5a089cee25a6f410c22a1e78c561d3839001559bb4882253,asset:1:warehouse_aisle:rack_post_4_back,3eb0c766706a59ec9bc131be_zm,metal,metal,0.001,0.001,2,0,0.005624999999999893,ARCHITECTURE_OWNS_CONTACT
common-v0-c1-finite-pec-floor-01000mm,surface:FLOOR_0:FLOOR_0,26150ad39e8e7bce18129bfd_single,PEC,metal,,0.001,2,2,0,IDEAL_PEC_REPLACED_BY_NATIVE_METAL_SLAB
common-v0-c1-finite-pec-floor-03000mm,surface:FLOOR_0:FLOOR_0,530544dd90766a2583cc8dcf_single,PEC,metal,,0.001,2,2,0,IDEAL_PEC_REPLACED_BY_NATIVE_METAL_SLAB
common-v0-c1-finite-pec-floor-07000mm,surface:FLOOR_0:FLOOR_0,2de8987d529f0ab8e8016daa_single,PEC,metal,,0.001,2,2,0,IDEAL_PEC_REPLACED_BY_NATIVE_METAL_SLAB
common-v0-c2-finite-eps4-lossless-floor-01000mm,surface:FLOOR_0:FLOOR_0,70eb3e8cc47fd95e1351f2cd_single,EPS4_LOSSLESS,EPS4_LOSSLESS,,0.1,2,2,0,EXPLICIT_NATIVE_EPS4_SLAB
common-v0-c2-finite-eps4-lossless-floor-03000mm,surface:FLOOR_0:FLOOR_0,161ec14f0e54c5fbe5b89b20_single,EPS4_LOSSLESS,EPS4_LOSSLESS,,0.1,2,2,0,EXPLICIT_NATIVE_EPS4_SLAB
common-v0-c2-finite-eps4-lossless-floor-07000mm,surface:FLOOR_0:FLOOR_0,ed5152b6032dc632f2fca4e7_single,EPS4_LOSSLESS,EPS4_LOSSLESS,,0.1,2,2,0,EXPLICIT_NATIVE_EPS4_SLAB
