route,anchor,lateral,mount_deg,drift,drift_name,snr_db,seed,baseline,filter,period_s,closure_err_m,disp_err_m,final_pos_err_m,heading_rmse_deg,pos_rmse_m,heading_final_abs_deg,heading_rmse_return_deg,wrong_branch_frac,wrong_branch_frac_10,wrong_branch_frac_30,nees_mean,nis_s_mean,s_reject_frac,r_reject_frac,n_probes,duration_s,n_samples,nis_s_eval_pre,nis_s_eval_acc,s_reject_frac_eval,n_s_eval,nis_r_eval_pre,nis_r_eval_acc,r_reject_frac_eval,n_r_eval,nees_tail_lo,nees_tail_hi,nees_cov95,heading_cov95,heading_rmse_common_deg,pos_rmse_common_m,heading_rmse_probe_deg,n_common_samples,error,arm,case
R2,A,0.0,0.0,0,low,30.0,0,range_s_P0,ekf,,0.7185088768467026,0.784321712338088,0.8379969982021512,2.0809196451351535,0.6697775921316296,0.3979612411910074,1.7005076643308508,0.0,0.0,0.0,28.641907462571325,1.270505539808267,0.022494887525562373,0.09406952965235174,0,195.60000000000002,979,1.226098471373303,1.0455161611794792,0.020506634499396825,829,2.341931680288354,1.5143088404440432,0.09529553679131486,829,0.0,0.617611580217129,0.31966224366706875,0.6019300361881785,2.103264586318004,0.6768783773479552,,811,,S1_bias,R2A
R2,A,0.0,0.0,0,low,30.0,1,range_s_P0,ekf,,0.8891843425961115,0.9554065401358177,0.9721419730219594,3.500956507943937,1.0137042586093585,2.181049390239217,1.6323437637064053,0.0,0.0,0.0,71.07377459337303,1.2742521957442146,0.02556237218813906,0.11554192229038855,0,195.60000000000002,979,1.3180742100221485,1.098024535805196,0.02895054282267795,829,2.674956404368725,1.6021838088651892,0.11821471652593485,829,0.0,0.9155609167671894,0.06875753920386007,0.4752714113389626,3.5252483197053444,1.0246097176093831,,811,,S1_bias,R2A
R2,A,0.0,0.0,0,low,30.0,2,range_s_P0,ekf,,0.8359369993200253,0.9002906210180757,0.8871466386758892,2.2953480737526317,0.7645970945658375,0.18543427860595407,1.869931247145478,0.0,0.0,0.0,43.577664922060286,1.220843227667415,0.017382413087934562,0.11451942740286299,0,195.60000000000002,979,1.2279483318692384,1.0699305476312588,0.0193003618817853,829,2.4464132133160654,1.4551376332585098,0.11459589867310016,829,0.0,0.7973462002412546,0.13872135102533173,0.5572979493365501,2.2956322953989976,0.7720210243192385,,811,,S1_bias,R2A
R2,A,0.0,0.0,0,low,30.0,3,range_s_P0,ekf,,0.6283268220218868,0.6962842365396233,0.7539489994835178,3.8870523349849937,0.9102825331022368,2.167795781762607,0.8428319853177618,0.0,0.0,0.0,41.181888021200976,1.2818195400270989,0.017382413087934562,0.08282208588957055,0,195.60000000000002,979,1.2993017209072892,1.1782991834198222,0.018094089264173663,829,2.2576190041170987,1.4851529515874422,0.08805790108564537,829,0.0048250904704463205,0.8829915560916767,0.11097708082026538,0.6188178528347407,3.929677890996999,0.9202984164257935,,811,,S1_bias,R2A
R2,A,0.0,0.0,0,low,30.0,4,range_s_P0,ekf,,0.7114785410939416,0.7773535940114854,0.77353827500736,2.70243841748947,0.9852581353247745,0.8059698311362548,0.7408201961996507,0.0,0.0,0.0,46.98762467355955,1.2259117128459345,0.018404907975460124,0.09815950920245399,0,195.60000000000002,979,1.212467411453962,1.0821528821993813,0.018094089264173663,829,2.456464761943589,1.4986757034416667,0.09529553679131486,829,0.0,0.9601930036188179,0.0036188178528347406,0.7563329312424608,2.708588828014458,0.995023694285785,,811,,S1_bias,R2A
R2,A,0.0,0.0,0,low,30.0,5,range_s_P0,ekf,,0.5510340423349344,0.6192264284309029,0.6417989081091816,3.063886594603535,0.8199147331266183,1.5546072890294496,2.344705462391589,0.0,0.0,0.0,28.484967345521497,1.1854419274919021,0.026584867075664622,0.09100204498977506,0,195.60000000000002,979,1.1610967552370992,0.9638999274385454,0.02533172496984315,829,2.3490024101556224,1.5980563232562253,0.08805790108564537,829,0.0,0.8480096501809409,0.13268998793727382,0.517490952955368,3.070967608305177,0.8281728829263633,,811,,S1_bias,R2A
R2,A,0.0,0.0,0,low,30.0,6,range_s_P0,ekf,,0.5881710644137426,0.6516831600695417,0.8525027774900171,3.0744244787987345,0.9320967538800278,1.547471637842232,0.9413697840846443,0.0,0.0,0.0,50.87629523426022,1.1680427950610166,0.018404907975460124,0.09202453987730061,0,195.60000000000002,979,1.1851416471331788,1.0421255369665618,0.0193003618817853,829,2.2928878179402004,1.4681438013635728,0.09408926417370322,829,0.0,0.9360675512665863,0.04825090470446321,0.6079613992762364,3.1079338849101505,0.9420015020343486,,811,,S1_bias,R2A
R2,A,0.0,0.0,0,low,30.0,7,range_s_P0,ekf,,0.6735980561692648,0.7418856456449727,0.7412540857302525,3.1187806420326907,0.7943051835147434,2.2744856052558005,1.610260535756212,0.0,0.0,0.0,25.33037548867351,1.2036883116883303,0.016359918200409,0.09100204498977506,0,195.60000000000002,979,1.2152620423870253,1.1019474139641423,0.013268998793727338,829,2.3904146834194604,1.4359910493634027,0.09529553679131486,829,0.0,0.729794933655006,0.2617611580217129,0.7080820265379976,3.143217842373734,0.8029176851396467,,811,,S1_bias,R2A
R2,A,0.0,0.0,0,low,30.0,8,range_s_P0,ekf,,0.8103507138803507,0.8751367162095711,0.7932384821424497,3.4974222965534123,0.8496287270346689,1.9193744569597062,0.8200616584164089,0.0,0.0,0.0,40.1508514778117,1.2637947426907243,0.018404907975460124,0.09611451942740286,0,195.60000000000002,979,1.2495705070386462,1.1386038485126497,0.014475271411338975,829,2.3177324163107684,1.4481602429981595,0.09529553679131486,829,0.009650180940892641,0.758745476477684,0.23281061519903498,0.6924004825090471,3.5358694129220845,0.8589707261945304,,811,,S1_bias,R2A
R2,A,0.0,0.0,0,low,30.0,9,range_s_P0,ekf,,0.7621973273041266,0.826054333394128,0.7268705283425874,2.194801946037132,0.6402753474911976,2.2549951773676193,0.8088125428787216,0.0,0.0,0.0,18.27816154291291,1.1181942479924525,0.016359918200409,0.09918200408997956,0,195.60000000000002,979,1.138868307307006,1.000224867026069,0.018094089264173663,829,2.41898732149637,1.5348094967006993,0.09770808202653802,829,0.0,0.6103739445114595,0.3353437876960193,0.841978287092883,2.179533097246589,0.6473223268339761,,811,,S1_bias,R2A
R2,A,0.0,0.0,0,low,30.0,10,range_s_P0,ekf,,0.8364038035442488,0.9042602816396466,0.8625855583487482,5.455904700993951,1.0665640353531725,1.8781664371803297,2.9626742562219808,0.0,0.04342581423401689,0.0,64.90780982291813,1.2100001918403729,0.019427402862985686,0.10020449897750511,0,195.60000000000002,979,1.2091546673453388,1.0522732391469096,0.0193003618817853,829,2.4729170459041137,1.579401982039734,0.09529553679131486,829,0.0,0.8757539203860072,0.12062726176115803,0.428226779252111,5.504455973016633,1.0782936170255364,,811,,S1_bias,R2A
R2,A,0.0,0.0,0,low,30.0,11,range_s_P0,ekf,,0.5491557455981437,0.6160877711718957,0.6815417794926247,3.2107416558113724,0.8764100145865832,3.016630794380857,1.1024121823113149,0.0,0.0,0.0,37.30147844233791,1.1750022556609117,0.024539877300613498,0.11860940695296524,0,195.60000000000002,979,1.1840540225873053,0.9668097238881077,0.027744270205066313,829,2.6104027098178766,1.4814808298925706,0.11459589867310016,829,0.0,0.8962605548854041,0.0856453558504222,0.5971049457177322,3.2442447750747294,0.885970837154104,,811,,S1_bias,R2A
R2,A,0.0,0.0,0,low,30.0,12,range_s_P0,ekf,,0.652402299579618,0.7096403045678079,0.741185416794221,2.2468936266498862,0.6972168526312176,0.2792327800641635,0.6144981933688607,0.0,0.0,0.0,21.202258948064532,1.0756581280486057,0.011247443762781187,0.10940695296523517,0,195.60000000000002,979,1.0537539425229197,0.9963816010718506,0.008443908323281013,829,2.6051917233801882,1.5587894385679542,0.11580217129071169,829,0.0,0.9433051869722557,0.04342581423401689,0.7478890229191797,2.262867953228528,0.704097295412004,,811,,S1_bias,R2A
R2,A,0.0,0.0,0,low,30.0,13,range_s_P0,ekf,,0.8167679325436217,0.8830922241467601,0.8163776214816232,4.424787136290708,0.8967565309541402,1.8362630916132003,1.4250726051985139,0.0,0.0,0.0,44.21708838719948,1.292200753053522,0.022494887525562373,0.07975460122699386,0,195.60000000000002,979,1.3189335551584822,1.1255994771652238,0.026537997587454787,829,2.27535422444343,1.51862055704854,0.08323281061519905,829,0.0036188178528347406,0.864897466827503,0.12907117008443908,0.5440289505428226,4.473255200723805,0.9065993061645496,,811,,S1_bias,R2A
R2,A,0.0,0.0,0,low,30.0,14,range_s_P0,ekf,,0.7895936037465949,0.8561189849193961,0.868911654411835,4.736957656507334,0.988679620711681,0.9235351387969657,1.5681420238458388,0.0,0.0,0.0,61.63709499352124,1.2391755526808865,0.022494887525562373,0.10429447852760736,0,195.60000000000002,979,1.2218201794201682,1.064239151066813,0.021712907117008462,829,2.6550068473340147,1.5925748877627923,0.11338962605548852,829,0.0,1.0,0.0,0.428226779252111,4.6729424805376905,0.9989811342242132,,811,,S1_bias,R2A
R2,A,0.0,0.0,0,low,30.0,15,range_s_P0,ekf,,0.6202454809382345,0.685873587637276,0.5605213721682437,3.3350642613666337,0.8740330411883005,2.298601485110209,1.2799966380595533,0.0,0.0,0.0,37.18096030405969,1.2209326985971571,0.02044989775051125,0.09918200408997956,0,195.60000000000002,979,1.2249316088657776,1.0516934558375526,0.021712907117008462,829,2.3683154236975854,1.3957188639545668,0.10253317249698435,829,0.0,0.8624849215922799,0.10132689987937274,0.5500603136308806,3.3699972595593266,0.8836298059130164,,811,,S1_bias,R2A
R2,A,0.0,0.0,0,low,30.0,16,range_s_P0,ekf,,0.742011634883167,0.8102077219432954,0.8062403511824777,5.042632400760805,0.9551388432809544,2.926685411051368,1.8888633481729074,0.0,0.022919179734620022,0.0,51.6574565334483,1.2529486327227792,0.023517382413087935,0.09100204498977506,0,195.60000000000002,979,1.2414421484029574,1.0667130215942087,0.024125452352231624,829,2.3415947733648563,1.5473342446938514,0.09047044632086854,829,0.0,0.9143546441495778,0.07961399276236429,0.44752714113389624,5.098049052005564,0.9655656819417571,,811,,S1_bias,R2A
R2,A,0.0,0.0,0,low,30.0,17,range_s_P0,ekf,,0.3497772694853593,0.41761320985126105,0.6123699216281091,3.6299740107436103,0.6311183378970816,2.3100629690768444,2.1893381051419296,0.0,0.0,0.0,16.80282259462692,1.242512588369926,0.022494887525562373,0.08282208588957055,0,195.60000000000002,979,1.2055190319469575,1.0619288544952714,0.020506634499396825,829,2.414493620390156,1.6509248003234605,0.07961399276236425,829,0.0,0.7394451145958987,0.23522316043425814,0.4583835946924005,3.6594584881825196,0.6375553001336203,,811,,S1_bias,R2A
R2,A,0.0,0.0,0,low,30.0,18,range_s_P0,ekf,,0.7992620236657467,0.8676090246919205,0.8941017800394463,3.2356073135203003,0.9762554070284941,0.09136547369046377,1.6848231330184895,0.0,0.0,0.0,67.12961204251157,1.2790181237068778,0.02147239263803681,0.1083844580777096,0,195.60000000000002,979,1.3163182477625734,1.0990950468342804,0.024125452352231624,829,2.5642635799120654,1.5445744427943133,0.11097708082026536,829,0.0,1.0,0.0,0.4427020506634499,3.1582180905367476,0.9855245939978091,,811,,S1_bias,R2A
R2,A,0.0,0.0,0,low,30.0,19,range_s_P0,ekf,,0.6260553588030539,0.6943672671028233,0.7130003628406596,1.992139767338562,0.7224499922733155,0.17110605895444236,1.4711119402741741,0.0,0.0,0.0,25.651832014434298,1.1967672468114512,0.017382413087934562,0.12883435582822086,0,195.60000000000002,979,1.224823207922372,1.0751872415879362,0.016887816646562137,829,2.7086373761149076,1.493015696428892,0.12183353437876965,829,0.0,1.0,0.0,0.8383594692400482,1.9991094233809354,0.7283278679724411,,811,,S1_bias,R2A
R2,A,0.0,0.0,0,low,30.0,20,range_s_P0,ekf,,0.7644994748421393,0.8314465860490998,0.9091137578008547,3.2946824826016736,1.0026568616941656,0.6496368944200116,1.2828006496644178,0.0,0.0,0.0,58.84851683180369,1.246023108667074,0.02556237218813906,0.10429447852760736,0,195.60000000000002,979,1.2000091150190484,1.0506429534696755,0.021712907117008462,829,2.5707928981914288,1.5534756849096267,0.112183353437877,829,0.0,1.0,0.0,0.4487334137515078,3.263257391176749,1.0123773573990908,,811,,S1_bias,R2A
R2,A,0.0,0.0,0,low,30.0,21,range_s_P0,ekf,,0.6932552215492045,0.7606442044053978,0.7196194626548162,3.1616444807334636,0.8418056255704537,2.1253801940751784,1.5450755748673397,0.0,0.0,0.0,30.34379435442582,1.2360820520946032,0.02556237218813906,0.11451942740286299,0,195.60000000000002,979,1.211815202506174,1.0041275268160057,0.024125452352231624,829,2.546501019411768,1.495231558583664,0.12183353437876965,829,0.0,0.9300361881785284,0.06634499396863691,0.4969843184559711,3.1964909708321825,0.8508559566904291,,811,,S1_bias,R2A
R2,A,0.0,0.0,0,low,30.0,22,range_s_P0,ekf,,0.8077890405455973,0.8750848919562265,0.9086232301006478,1.8528898532084206,0.5926459737774844,1.4331679512794697,1.3759034305379314,0.0,0.0,0.0,26.271083981267402,1.2182495693665358,0.02044989775051125,0.10736196319018405,0,195.60000000000002,979,1.2150381051904806,1.0605487738037518,0.020506634499396825,829,2.3938351631090304,1.462961380771849,0.10494571773220751,829,0.007237635705669481,0.5548854041013269,0.39324487334137515,0.8480096501809409,1.8717939296176016,0.5991187623782517,,811,,S1_bias,R2A
R2,A,0.0,0.0,0,low,30.0,23,range_s_P0,ekf,,0.7044080081739978,0.7715491547240083,0.7523757740940656,2.867148275730974,0.7843378646054063,0.5746644992013744,1.1242307412821844,0.0,0.0,0.0,31.6724388482972,1.2618782974229092,0.02556237218813906,0.11247443762781185,0,195.60000000000002,979,1.2532991065478962,1.0535580083392033,0.026537997587454787,829,2.447685425771112,1.466060334989952,0.11097708082026536,829,0.0,0.9155609167671894,0.07117008443908324,0.6055488540410132,2.8909440366727077,0.7929010765084484,,811,,S1_bias,R2A
R2,A,0.0,0.0,0,low,30.0,24,range_s_P0,ekf,,0.7524216299279102,0.8156765543964083,0.7659344236490422,3.6297014996889034,0.9531440550990576,1.2759197311361317,2.189736024246274,0.0,0.0,0.0,46.13464957931618,1.272619649933638,0.027607361963190184,0.10531697341513292,0,195.60000000000002,979,1.2151812740293801,1.0471942866734476,0.021712907117008462,829,2.4356080187577844,1.4554567014465392,0.10494571773220751,829,0.0,0.8443908323281062,0.13510253317249699,0.6019300361881785,3.6596332606358,0.9636151474694274,,811,,S1_bias,R2A
R2,A,0.0,0.0,0,low,30.0,25,range_s_P0,ekf,,0.6708571606696567,0.7353648077556482,0.7661500508391359,3.551534648035991,0.8886163987085683,0.8308639834867187,0.7028177217481922,0.0,0.0,0.0,42.71448612481157,1.2569300229205629,0.028629856850715747,0.10122699386503067,0,195.60000000000002,979,1.2656736418746801,1.0217106210396227,0.02895054282267795,829,2.536603307172883,1.6115183859455269,0.10615199034981904,829,0.0,0.9517490952955368,0.032569360675512665,0.646562123039807,3.568641185623329,0.8979406920129702,,811,,S1_bias,R2A
R2,A,0.0,0.0,0,low,30.0,26,range_s_P0,ekf,,0.5326610410903998,0.5995603496804836,0.6847907091178042,3.313257114450421,0.7947414972714807,2.1350899832614725,1.489254090981234,0.0,0.0,0.0,29.446069677429797,1.2774148164813717,0.016359918200409,0.0950920245398773,0,195.60000000000002,979,1.2701325612134833,1.1427614056663986,0.0156815440289505,829,2.3952209268445377,1.4807038721279824,0.09529553679131486,829,0.0,0.7864897466827503,0.16767189384800965,0.6007237635705669,3.347306579561837,0.8032940056364316,,811,,S1_bias,R2A
R2,A,0.0,0.0,0,low,30.0,27,range_s_P0,ekf,,0.8268519075705837,0.8770988287241586,0.7849400898963533,2.7442158889838724,0.7430741130174149,0.771243534008777,1.0189788358028231,0.0,0.0,0.0,25.17625913725596,1.273310499072852,0.018404907975460124,0.10940695296523517,0,195.60000000000002,979,1.275814574669509,1.1172241623069188,0.020506634499396825,829,2.445350039306566,1.5025559717800816,0.10132689987937271,829,0.0,0.8492159227985525,0.14354644149577805,0.6332931242460796,2.7655579925852454,0.7512235940005737,,811,,S1_bias,R2A
R2,A,0.0,0.0,0,low,30.0,28,range_s_P0,ekf,,0.808962294759221,0.8708237954570481,0.7667973564743736,2.7772555432601758,0.7253965211638927,0.6210096472571845,1.6226112367762149,0.0,0.0,0.0,28.628251691627966,1.2070351014842047,0.02556237218813906,0.10020449897750511,0,195.60000000000002,979,1.211426072588015,1.0367405284349411,0.022919179734619988,829,2.295941821615268,1.459672157523529,0.10012062726176119,829,0.0,0.8226779252110977,0.158021712907117,0.5066344993968637,2.7536554549961205,0.7327563028499054,,811,,S1_bias,R2A
R2,A,0.0,0.0,0,low,30.0,29,range_s_P0,ekf,,0.5036503979143694,0.565453089986689,0.5208925000266124,2.72479153548764,0.6296906614103203,1.17041062246246,1.002269931539913,0.0,0.0,0.0,50.66920082040905,1.2192762655942715,0.02147239263803681,0.10224948875255624,0,195.60000000000002,979,1.2255433089000376,1.0740509293627343,0.020506634499396825,829,2.5067712569590355,1.5989849899203559,0.10132689987937271,829,0.0,0.7720144752714113,0.14957780458383596,0.6537997587454765,2.7426625291486295,0.6363596099067919,,811,,S1_bias,R2A
R2,A,0.0,0.0,0,low,30.0,30,range_s_P0,ekf,,0.8112109388968716,0.8760341421822458,0.8443847628073077,2.8489031274154804,0.8918254970241857,2.2860354552080406,0.554691866919137,0.0,0.0,0.0,45.54622030046997,1.3152437363532639,0.02965235173824131,0.10429447852760736,0,195.60000000000002,979,1.2876634187243279,1.1046432534941284,0.026537997587454787,829,2.5099857543699007,1.5577062381226754,0.10494571773220751,829,0.0,0.9372738238841978,0.04342581423401689,0.6948130277442702,2.8788091269255878,0.9012077893901006,,811,,S1_bias,R2A
R2,A,0.0,0.0,0,low,30.0,31,range_s_P0,ekf,,0.7043348950087236,0.7713209437486147,0.7201456900879116,3.389412428431641,0.8299878908845801,2.142845612978988,1.6332194492640666,0.0,0.0,0.0,33.42183053178914,1.2132454241465265,0.018404907975460124,0.09406952965235174,0,195.60000000000002,979,1.2159153448826336,1.078404987293965,0.018094089264173663,829,2.412424284611844,1.5282795466370882,0.0892641737032569,829,0.0,0.7913148371531966,0.18938480096501809,0.5802171290711701,3.426782907298631,0.8389620524101824,,811,,S1_bias,R2A
R2,A,0.0,0.0,0,low,30.0,32,range_s_P0,ekf,,0.2690096290368427,0.32884669677819806,0.39040249446391284,1.4632621024661026,0.5557642892350401,0.5873612844687461,0.6247170904957771,0.0,0.0,0.0,31.700780834852303,1.089439455361425,0.013292433537832311,0.10122699386503067,0,195.60000000000002,979,1.1042441057972379,1.0165635286963088,0.012062726176115812,829,2.415681885840838,1.4888594210641606,0.10012062726176119,829,0.0,0.5886610373944512,0.2750301568154403,0.9481302774427021,1.4734817423529487,0.5610685910352531,,811,,S1_bias,R2A
R2,A,0.0,0.0,0,low,30.0,33,range_s_P0,ekf,,0.6142356867227035,0.6769190250815285,0.7405610481525474,3.360972075340898,0.8679888102952582,2.3652478475207164,1.5297450185315962,0.0,0.0,0.0,40.434934306161274,1.174494759303476,0.016359918200409,0.09918200408997956,0,195.60000000000002,979,1.1666118349276737,1.0385107295429377,0.016887816646562137,829,2.371392829013509,1.4369598614449357,0.09891435464414955,829,0.0,0.9541616405307599,0.03618817852834741,0.48854041013269,3.3851533268488483,0.8771671455761784,,811,,S1_bias,R2A
R2,A,0.0,0.0,0,low,30.0,34,range_s_P0,ekf,,0.6462261572959698,0.7145729750379012,0.7282566934706285,3.0977050846406304,0.9349835483643586,2.5360083473135036,0.9063197271578883,0.0,0.0,0.0,42.16619927844448,1.2418563300129064,0.026584867075664622,0.10633946830265849,0,195.60000000000002,979,1.2395962068124615,1.0329858712424111,0.02533172496984315,829,2.4654598499410865,1.5350829700852966,0.10373944511459587,829,0.0,0.8805790108564535,0.09167671893848009,0.6948130277442702,3.130818551897767,0.9452331694647522,,811,,S1_bias,R2A
R2,A,0.0,0.0,0,low,30.0,35,range_s_P0,ekf,,0.7856862818541032,0.8522027588420336,0.7664837042035029,4.185970278305206,0.906539915461417,2.7686070248871726,2.367709778820011,0.0,0.0,0.0,43.08518329602713,1.2452629512963596,0.015337423312883436,0.1032719836400818,0,195.60000000000002,979,1.2299670524551567,1.1066851257852843,0.016887816646562137,829,2.4879811055029406,1.630179731014615,0.09891435464414955,829,0.0,0.8299155609167672,0.14837153196622438,0.3968636911942099,4.219107252059598,0.9163337332412387,,811,,S1_bias,R2A
R2,A,0.0,0.0,0,low,30.0,36,range_s_P0,ekf,,0.8865560524698335,0.9525976058389016,0.8517229775183272,3.2186232178630507,0.7815909993930367,1.0884557027384234,1.3018334902834574,0.0,0.0,0.0,40.58005276976616,1.2836853036739886,0.024539877300613498,0.08997955010224949,0,195.60000000000002,979,1.27284415914168,1.0924180099282557,0.022919179734619988,829,2.3500393906239534,1.4683803877664845,0.09167671893848006,829,0.0,0.7937273823884198,0.18938480096501809,0.6731001206272618,3.230446848701702,0.7898927766535159,,811,,S1_bias,R2A
R2,A,0.0,0.0,0,low,30.0,37,range_s_P0,ekf,,0.5029704099098797,0.5679922098594476,0.5879577502866103,1.9318582010934147,0.45432713647108647,0.45870842424370845,1.6433098969253597,0.0,0.0,0.0,12.565480313822494,1.1537251504954102,0.014314928425357873,0.11451942740286299,0,195.60000000000002,979,1.1444905196047497,1.0216600044178683,0.0156815440289505,829,2.585610336229073,1.5450608966356003,0.11338962605548852,829,0.0,0.3413751507840772,0.6067551266586249,0.7804583835946924,1.9529083987889397,0.4590191212801456,,811,,S1_bias,R2A
R2,A,0.0,0.0,0,low,30.0,38,range_s_P0,ekf,,0.4601455722813629,0.5270375617179466,0.6574970266813362,2.5993566406302504,0.7359138178590096,2.805256387103858,1.6044687995786147,0.0,0.0,0.0,25.062947929965897,1.200406968085314,0.015337423312883436,0.11042944785276074,0,195.60000000000002,979,1.2020969090327605,1.0794590361387018,0.016887816646562137,829,2.441995711356139,1.5484092643553455,0.10615199034981904,829,0.0,0.752714113389626,0.218335343787696,0.661037394451146,2.6271743617182697,0.7438515080052401,,811,,S1_bias,R2A
R2,A,0.0,0.0,0,low,30.0,39,range_s_P0,ekf,,0.5596636255050494,0.6271932529781581,0.5871295193868037,2.554776852446947,0.6943509392071908,0.18562705488189546,1.7081611734736313,0.0,0.0,0.0,22.15067580190953,1.1528683272313747,0.018404907975460124,0.10020449897750511,0,195.60000000000002,979,1.141453607549806,1.0050911601327492,0.0193003618817853,829,2.4335983753054347,1.4365545818033048,0.10373944511459587,829,0.0,0.991556091676719,0.0,0.6887816646562123,2.5055618889818967,0.7006909890565407,,811,,S1_bias,R2A
R2,A,0.0,0.0,0,low,30.0,40,range_s_P0,ekf,,0.711699246554225,0.7725411244831727,0.8238565438260071,2.2862134251017623,0.6482919733307233,0.9362552188638079,1.5717463513722862,0.0,0.0,0.0,24.755085440013332,1.1407217786862882,0.011247443762781187,0.10633946830265849,0,195.60000000000002,979,1.1542742816531077,1.0517275590829311,0.013268998793727338,829,2.697200544157204,1.579974951410718,0.1085645355850422,829,0.0,0.6755126658624849,0.2858866103739445,0.6115802171290712,2.297637602658447,0.6552052992281864,,811,,S1_bias,R2A
R2,A,0.0,0.0,0,low,30.0,41,range_s_P0,ekf,,0.8581348513862438,0.9209754955078047,0.8796340037603889,3.0061300591600855,0.7266674323297143,0.9698138475789835,1.1615879892541245,0.0,0.0,0.0,35.88091381477544,1.156797320201959,0.02147239263803681,0.08077709611451943,0,195.60000000000002,979,1.1970429957030473,1.015829472222534,0.024125452352231624,829,2.227942646789901,1.526728020557711,0.07961399276236425,829,0.0,0.8528347406513872,0.13268998793727382,0.5850422195416164,2.9789029856710845,0.7340580748683212,,811,,S1_bias,R2A
R2,A,0.0,0.0,0,low,30.0,42,range_s_P0,ekf,,0.5815552627090897,0.6493507837003422,0.7999699542525835,3.303846266289961,0.774701464751399,1.054386307681542,0.7601986251274084,0.0,0.0,0.0,32.96349817413244,1.2457543494255006,0.023517382413087935,0.08793456032719836,0,195.60000000000002,979,1.243579584607735,1.068855642329226,0.022919179734619988,829,2.391104390307441,1.5263804753647203,0.0928829915560917,829,0.0,0.8709288299155609,0.11459589867310012,0.7020506634499397,3.3308465156961775,0.7830395091287023,,811,,S1_bias,R2A
R2,A,0.0,0.0,0,low,30.0,43,range_s_P0,ekf,,0.708933451568399,0.7752940258305233,0.7956275895665833,5.332879201919292,1.0129914430532003,3.5020281678160035,3.0435123549560323,0.0,0.008443908323281062,0.0,56.2975456360555,1.3397580067917372,0.032719836400818,0.10224948875255624,0,195.60000000000002,979,1.3713510155557556,1.0742482546576064,0.0349819059107358,829,2.541753995211236,1.5228055160149896,0.1085645355850422,829,0.008443908323281062,0.8914354644149578,0.09891435464414958,0.09288299155609167,5.390301087391718,1.0241266775931095,,811,,S1_bias,R2A
R2,A,0.0,0.0,0,low,30.0,44,range_s_P0,ekf,,0.4101386377280585,0.37397434852052236,0.16012831135282202,1.4171796893977744,0.5852496612648025,0.6139063599035652,0.8438329785306459,0.0,0.0,0.0,10.538769560805811,1.18464087780094,0.014314928425357873,0.07975460122699386,0,195.60000000000002,979,1.187714668375491,1.0781293163628567,0.014475271411338975,829,2.2323519631408875,1.543434529368494,0.07840772014475272,829,0.0,0.5597104945717732,0.4041013268998794,0.9095295536791315,1.4290083521031223,0.5914066471064684,,811,,S1_bias,R2A
R2,A,0.0,0.0,0,low,30.0,45,range_s_P0,ekf,,0.6833702881289547,0.7514588971154195,0.7334774884618165,2.80879000482859,0.7650151620374837,0.04185464373322488,1.5123690908421545,0.0,0.0,0.0,30.16113129857656,1.1986204622664756,0.018404907975460124,0.10633946830265849,0,195.60000000000002,979,1.153184281261862,1.0592124774061031,0.013268998793727338,829,2.5463198664487003,1.638245516442603,0.10373944511459587,829,0.0,0.9083232810615199,0.06393244873341375,0.42581423401688784,2.7672209224530007,0.7730534454187847,,811,,S1_bias,R2A
R2,A,0.0,0.0,0,low,30.0,46,range_s_P0,ekf,,1.018380809748888,1.083678391989469,0.99277718963323,2.5321901950410033,0.6036368828008389,0.8608298651715767,2.1241591263399813,0.0,0.0,0.0,31.256601796302835,1.2962316841476285,0.026584867075664622,0.0869120654396728,0,195.60000000000002,979,1.321868744950794,1.104627944845328,0.027744270205066313,829,2.373012473111281,1.508247709497252,0.09408926417370322,829,0.0,0.5597104945717732,0.3498190591073583,0.5922798552472859,2.5471768606356022,0.6102035899463132,,811,,S1_bias,R2A
R2,A,0.0,0.0,0,low,30.0,47,range_s_P0,ekf,,0.9007241947344288,0.9689980679287011,0.9689281430417002,2.4719242306982334,0.7039399681409876,0.4725136817289035,0.7630822093554964,0.0,0.0,0.0,34.53394406885617,1.1744723036518296,0.019427402862985686,0.10531697341513292,0,195.60000000000002,979,1.1798202920040324,1.0223264830661194,0.0193003618817853,829,2.5048452104468972,1.5860871102496061,0.10373944511459587,829,0.0012062726176115801,0.6803377563329313,0.22677925211097708,0.8250904704463209,2.495197226738206,0.7116097251815924,,811,,S1_bias,R2A
R2,A,0.0,0.0,0,low,30.0,48,range_s_P0,ekf,,0.8378349444844759,0.9030368072762045,0.9914120758311068,2.2090508752547446,0.6686551247099352,0.2417635104833616,1.417582045404495,0.0,0.0,0.0,36.44623839208173,1.1873633664377938,0.024539877300613498,0.10531697341513292,0,195.60000000000002,979,1.1579838963610192,0.9875088070820516,0.021712907117008462,829,2.5197603861616673,1.5354265541237753,0.10494571773220751,829,0.0,0.5705669481302774,0.293124246079614,0.7334137515078407,2.229321044968581,0.6759770363564086,,811,,S1_bias,R2A
R2,A,0.0,0.0,0,low,30.0,49,range_s_P0,ekf,,0.7891971109790636,0.8554405765172318,0.7201431068829947,3.485777247515172,0.7629108652036071,1.4782234134060863,1.31512362974329,0.0,0.0,0.0,26.83571830529368,1.2228657064895254,0.024539877300613498,0.09918200408997956,0,195.60000000000002,979,1.2446034997685305,1.0342470320386778,0.026537997587454787,829,2.3619006281490185,1.479209426760341,0.09650180940892639,829,0.0,0.9396863691194209,0.028950542822677925,0.4764776839565742,3.451367713995199,0.7707259615824067,,811,,S1_bias,R2A
R2,A,0.0,0.0,1,mid,30.0,0,range_s_P0,ekf,,0.66748838158903,0.7313015079603506,0.7868265147103417,4.411383211325613,0.9077147614653048,2.2230792797588936,0.7367729454767583,0.0,0.0,0.0,48.96408727751898,1.2317711387466508,0.022494887525562373,0.09918200408997956,0,195.60000000000002,979,1.2716035694464103,1.0688762995266372,0.02533172496984315,829,2.4032247054876024,1.5426281512657942,0.09047044632086854,829,0.0,0.916767189384801,0.061519903498190594,0.5765983112183354,4.430166505165617,0.9175549997299112,,811,,S1_bias,R2A
R2,A,0.0,0.0,1,mid,30.0,1,range_s_P0,ekf,,0.7074012966902848,0.7719619856280222,0.7894494122009936,2.9301870405197765,0.8028853951769828,1.1469249179557433,1.1458898036891285,0.0,0.0,0.0,33.26993132441091,1.201273997386544,0.013292433537832311,0.12167689161554192,0,195.60000000000002,979,1.214367073837318,1.1137917274023674,0.013268998793727338,829,2.679599542784107,1.5833130371105073,0.12183353437876965,829,0.0,0.8986731001206273,0.08082026537997587,0.5729794933655006,2.925755922534597,0.8112912908693929,,811,,S1_bias,R2A
R2,A,0.0,0.0,1,mid,30.0,2,range_s_P0,ekf,,0.7776439466198198,0.8394196371886934,0.8152973831881728,2.2314377118010262,0.6580658357232337,1.7568852587834305,1.2896674825680874,0.0,0.0,0.0,31.707362020366674,1.2702439011709161,0.02044989775051125,0.11042944785276074,0,195.60000000000002,979,1.2973080691333032,1.1255477660463444,0.022919179734619988,829,2.4524717555033506,1.528583257350047,0.1085645355850422,829,0.0,0.6550060313630881,0.31363088057901084,0.7949336550060314,2.2508867071870426,0.6652472328924157,,811,,S1_bias,R2A
R2,A,0.0,0.0,1,mid,30.0,3,range_s_P0,ekf,,0.3817756226294512,0.44977807826269495,0.5161493364176707,3.372918399975404,0.5589350147029456,1.5134980178360389,1.1200825469228581,0.0,0.0,0.0,13.345455177032747,1.1504439968585685,0.016359918200409,0.11042944785276074,0,195.60000000000002,979,1.161230565485026,1.0130850190823033,0.018094089264173663,829,2.5148219140418435,1.4789041852577747,0.11338962605548852,829,0.0,0.4776839565741858,0.35223160434258144,0.6562123039806996,3.4069073231366884,0.565029431549892,,811,,S1_bias,R2A
R2,A,0.0,0.0,1,mid,30.0,4,range_s_P0,ekf,,0.7219462400234976,0.7890010228105803,0.7824049407108706,2.7414234274315525,0.6828576752771994,0.5124228329121369,1.2347839047187197,0.0,0.0,0.0,24.11556761805922,1.3014668965479923,0.02965235173824131,0.10531697341513292,0,195.60000000000002,979,1.2846977786823246,1.062282252654537,0.02895054282267795,829,2.4645519684599075,1.534476587058622,0.10373944511459587,829,0.0,0.7080820265379976,0.2436670687575392,0.6827503015681544,2.7212622646941655,0.6903073423561793,,811,,S1_bias,R2A
R2,A,0.0,0.0,1,mid,30.0,5,range_s_P0,ekf,,0.6520787213058233,0.7204257298513165,0.7254767602426897,2.7257923567399103,0.6973740980270253,2.0487402783852793,1.5598263984623468,0.0,0.0,0.0,23.518704305387004,1.2071735507024017,0.02044989775051125,0.08282208588957055,0,195.60000000000002,979,1.2219043709417585,1.0333198380743123,0.024125452352231624,829,2.377900233394021,1.6285509220074434,0.08082026537997589,829,0.0,0.752714113389626,0.22798552472858866,0.6513872135102533,2.755113319257238,0.7047327678080162,,811,,S1_bias,R2A
R2,A,0.0,0.0,1,mid,30.0,6,range_s_P0,ekf,,0.6361806319851501,0.7016205653880655,0.908892143816496,3.486374442976995,0.8702816508615883,1.3435921599476754,1.7181678768892663,0.0,0.0,0.0,42.86319101446877,1.1651752010452237,0.019427402862985686,0.10736196319018405,0,195.60000000000002,979,1.1893523293862673,1.0565414385108136,0.018094089264173663,829,2.4683588090760336,1.4779901750730082,0.10494571773220751,829,0.0,0.8745476477683957,0.11218335343787696,0.5729794933655006,3.522858889973853,0.8797023467952771,,811,,S1_bias,R2A
R2,A,0.0,0.0,1,mid,30.0,7,range_s_P0,ekf,,0.7232638841583513,0.7916225838098516,0.7819907441865607,2.3621228161731165,0.8929411509579382,0.7695266564579486,1.360319599181761,0.0,0.0,0.0,48.271189815330175,1.216546527733085,0.014314928425357873,0.0869120654396728,0,195.60000000000002,979,1.200320822886414,1.064545903440941,0.014475271411338975,829,2.363944856226471,1.5583040719632915,0.08685162846803374,829,0.0,0.9372738238841978,0.045838359469240045,0.7466827503015682,2.3851364237955828,0.9025489380007201,,811,,S1_bias,R2A
R2,A,0.0,0.0,1,mid,30.0,8,range_s_P0,ekf,,0.6487644675022701,0.7140196079372098,0.6351687585392417,3.9635642429324514,0.7221169497783425,1.3530237738197295,1.6614246010408502,0.0,0.0,0.0,28.333903252485253,1.2265620975705536,0.019427402862985686,0.10429447852760736,0,195.60000000000002,979,1.2113664713190142,1.0598277129055362,0.0193003618817853,829,2.713314111501826,1.625000921961779,0.11097708082026536,829,0.0,0.8443908323281062,0.12303980699638119,0.49095295536791317,4.005263738582665,0.7298892884312889,,811,,S1_bias,R2A
R2,A,0.0,0.0,1,mid,30.0,9,range_s_P0,ekf,,0.8495830088253119,0.9145783107792617,0.8186625627125738,2.292630131257482,0.734098068559311,1.6269681213841862,0.43964478086067904,0.0,0.0,0.0,30.781662458126508,1.2015010387585379,0.02147239263803681,0.08997955010224949,0,195.60000000000002,979,1.1907958477864427,1.0214367873813746,0.021712907117008462,829,2.4613468700675054,1.6039604443272066,0.08805790108564537,829,0.0024125452352231603,0.738238841978287,0.22074788902291917,0.7913148371531966,2.296005709778274,0.7420639645063728,,811,,S1_bias,R2A
R2,A,0.0,0.0,1,mid,30.0,10,range_s_P0,ekf,,0.766402925629712,0.834741992747363,0.7804712318185916,3.780602341828326,0.8057224713554155,1.635298603571758,1.1134477651051826,0.0,0.0,0.0,36.18707968355467,1.28063796050444,0.022494887525562373,0.09304703476482618,0,195.60000000000002,979,1.2728535228037228,1.0973671512663719,0.021712907117008462,829,2.295147514989218,1.4629560785258762,0.09167671893848006,829,0.0012062726176115801,0.8347406513872135,0.15681544028950542,0.6344993968636912,3.8211598164055336,0.8145794456194181,,811,,S1_bias,R2A
R2,A,0.0,0.0,1,mid,30.0,11,range_s_P0,ekf,,0.6692073556823924,0.7346426391681429,0.7971386835118773,3.9142223040432165,0.9445152567675177,1.9722582526401113,1.565382658549778,0.0,0.0,0.0,44.75417204911779,1.221094361500928,0.024539877300613498,0.09815950920245399,0,195.60000000000002,979,1.2306206308669572,1.0512148499418537,0.024125452352231624,829,2.268685966162696,1.3761722518434936,0.09770808202653802,829,0.0,0.8624849215922799,0.11942098914354644,0.5464414957780458,3.9466119008543066,0.9548739476980898,,811,,S1_bias,R2A
R2,A,0.0,0.0,1,mid,30.0,12,range_s_P0,ekf,,0.37482282339852674,0.40194282463073566,0.34461378616336774,7.3712131922039745,0.6573235769366413,4.361753502002689,5.222693385300412,0.0,0.24004825090470447,0.0,78.84481529463571,1.458806245305907,0.03374233128834356,0.10633946830265849,0,195.60000000000002,979,1.4581098156609722,1.2038036887118666,0.033775633293124274,829,2.4638273027381605,1.5113707837606067,0.09770808202653802,829,0.0,1.0,0.0,0.04825090470446321,7.437264061945493,0.6643798941206452,,811,,S1_bias,R2A
R2,A,0.0,0.0,1,mid,30.0,13,range_s_P0,ekf,,0.7721674532675472,0.8403155530981959,0.7563171384720265,3.0120120818038383,0.6854605984061712,0.41130115111436566,1.9341784256382923,0.0,0.0,0.0,26.951059383903253,1.2482677336962429,0.019427402862985686,0.09918200408997956,0,195.60000000000002,979,1.2795915495411712,1.1469777378321027,0.0193003618817853,829,2.352049423347216,1.4917538273717768,0.09891435464414955,829,0.0,0.6477683956574186,0.33896260554885405,0.6960193003618818,3.0013793462235854,0.6928753664263289,,811,,S1_bias,R2A
R2,A,0.0,0.0,1,mid,30.0,14,range_s_P0,ekf,,0.6927863513373593,0.7594748794850272,0.7718709141639193,2.637169791442577,0.6403245618373372,0.04332887776279076,1.3134969984750557,0.0,0.0,0.0,22.639071418555908,1.2739753603529695,0.02147239263803681,0.10224948875255624,0,195.60000000000002,979,1.2766026186881265,1.106313224446629,0.022919179734619988,829,2.3646396080623937,1.489576321936547,0.09891435464414955,829,0.0,0.8323281061519904,0.08323281061519903,0.6429433051869723,2.591211806634332,0.6467629456164449,,811,,S1_bias,R2A
R2,A,0.0,0.0,1,mid,30.0,15,range_s_P0,ekf,,0.8930643555043769,0.9581720715772442,0.82999178359651,3.3291259409774785,0.7918960762971864,1.9482045976467364,1.278146562504261,0.0,0.0,0.0,36.60545008904954,1.1462344107195397,0.018404907975460124,0.08895705521472393,0,195.60000000000002,979,1.1700206716867445,1.0165760154417638,0.0193003618817853,829,2.2866875116181693,1.4922145169957273,0.0892641737032569,829,0.016887816646562123,0.7406513872135102,0.25090470446320867,0.6718938480096501,3.365133161574331,0.8006281925437158,,811,,S1_bias,R2A
R2,A,0.0,0.0,1,mid,30.0,16,range_s_P0,ekf,,0.8437570769705085,0.9121146564314446,0.8955287766215492,3.666375899624073,0.867116479511706,1.6443626066408794,2.1128564362404205,0.0,0.0,0.0,44.10106918617632,1.1861324969966391,0.014314928425357873,0.0950920245398773,0,195.60000000000002,979,1.1805242817502983,1.088329425645142,0.013268998793727338,829,2.302314450570881,1.5050699146365845,0.08443908323281057,829,0.0,0.9010856453558505,0.09167671893848009,0.4149577804583836,3.7032235894099688,0.8765437173322338,,811,,S1_bias,R2A
R2,A,0.0,0.0,1,mid,30.0,17,range_s_P0,ekf,,0.33767840513800734,0.4049891573623181,0.601549754088461,3.4114796081555743,0.7935585194838296,1.5699497763284433,0.715086147880571,0.0,0.0,0.0,25.409208176965578,1.2287658995475645,0.016359918200409,0.09713701431492842,0,195.60000000000002,979,1.268686047193574,1.1479589848036218,0.016887816646562137,829,2.5201456815576173,1.586577280028887,0.09770808202653802,829,0.0,0.8443908323281062,0.10615199034981906,0.632086851628468,3.422726998359699,0.8019768959792236,,811,,S1_bias,R2A
R2,A,0.0,0.0,1,mid,30.0,18,range_s_P0,ekf,,0.7474515620706617,0.8157756528260959,0.83323847605189,4.617468397267422,0.9358664152314143,2.5660804426307866,2.090192706215646,0.0,0.0,0.0,52.2005832770818,1.2487065674863111,0.023517382413087935,0.09406952965235174,0,195.60000000000002,979,1.2261639911995834,1.0572399019987118,0.0193003618817853,829,2.1568362451752483,1.463221235979979,0.08082026537997589,829,0.0012062726176115801,0.8854041013268998,0.1097708082026538,0.4390832328106152,4.668331313805932,0.9461692485688393,,811,,S1_bias,R2A
R2,A,0.0,0.0,1,mid,30.0,19,range_s_P0,ekf,,0.7709250778063669,0.839067550513679,0.842739141237322,5.070405903227585,1.0301334959765533,2.8039517981398197,2.7437454592069614,0.0,0.03618817852834741,0.0,56.62782147873138,1.2666543536097656,0.019427402862985686,0.09815950920245399,0,195.60000000000002,979,1.2630128988806697,1.0936530086404763,0.018094089264173663,829,2.2207663039178365,1.428578433139466,0.08805790108564537,829,0.0,0.8600723763570567,0.11097708082026538,0.218335343787696,5.126187822404992,1.0413316324762738,,811,,S1_bias,R2A
R2,A,0.0,0.0,1,mid,30.0,20,range_s_P0,ekf,,0.8849026936277293,0.9524856735480348,1.0288903558687457,2.99342272392837,0.7419372003754731,0.30257606490966504,2.015794434898738,0.0,0.0,0.0,42.94247190802072,1.1877220345332271,0.019427402862985686,0.10224948875255624,0,195.60000000000002,979,1.1747973197655037,1.009713206901963,0.020506634499396825,829,2.433145967744027,1.4821601217060878,0.09770808202653802,829,0.016887816646562123,0.7515078407720145,0.2255729794933655,0.646562123039807,3.02556252518356,0.750026753295321,,811,,S1_bias,R2A
R2,A,0.0,0.0,1,mid,30.0,21,range_s_P0,ekf,,0.7505708036499454,0.8186408001849951,0.7715938162026211,2.892543679779648,0.7113658463643463,1.2559167245368263,1.0368523807466903,0.0,0.0,0.0,28.733690688992645,1.2493488952340466,0.024539877300613498,0.10633946830265849,0,195.60000000000002,979,1.2304465213726496,1.0407900474852674,0.024125452352231624,829,2.4594179459577363,1.5094624503477194,0.10253317249698435,829,0.0,0.9577804583835947,0.012062726176115802,0.7044632086851629,2.860255004728084,0.7179495611170327,,811,,S1_bias,R2A
R2,A,0.0,0.0,1,mid,30.0,22,range_s_P0,ekf,,0.4231673995250864,0.4900578064924321,0.5255881349214441,4.413034970364478,0.94325790279809,1.5404833286688593,1.6601527820886914,0.0,0.0,0.0,41.76653094675898,1.2806235641776749,0.023517382413087935,0.09202453987730061,0,195.60000000000002,979,1.289482987619079,1.094836935388795,0.024125452352231624,829,2.306108706105305,1.4744633487080752,0.0892641737032569,829,0.0,0.9939686369119421,0.0036188178528347406,0.41978287092882993,4.375001974638367,0.9528409898415643,,811,,S1_bias,R2A
R2,A,0.0,0.0,1,mid,30.0,23,range_s_P0,ekf,,0.773667902948212,0.8420268099176682,0.8062992217873614,3.027589959109889,0.7129223476312481,0.6027079727804403,1.1628989709346154,0.0,0.0,0.0,28.985740118536242,1.189913082434167,0.012269938650306749,0.10224948875255624,0,195.60000000000002,979,1.1541733711262059,1.0824791033201182,0.010856453558504175,829,2.4069603241846687,1.61770711825533,0.09529553679131486,829,0.0,0.7189384800965019,0.16646562123039807,0.6550060313630881,3.0586341537053587,0.7207706214059917,,811,,S1_bias,R2A
R2,A,0.0,0.0,1,mid,30.0,24,range_s_P0,ekf,,0.6976600821728137,0.7587963584865954,0.7038514476807369,3.227228936528339,0.8315749376739426,2.3694756954945544,1.0685607650897975,0.0,0.0,0.0,32.7066492621119,1.2924067236948946,0.027607361963190184,0.10122699386503067,0,195.60000000000002,979,1.2746686402507157,1.0327107776493847,0.030156815440289475,829,2.46615360854473,1.5236387723691116,0.10132689987937271,829,0.0,0.8998793727382388,0.06875753920386007,0.5802171290711701,3.240553999109728,0.8404336675594558,,811,,S1_bias,R2A
R2,A,0.0,0.0,1,mid,30.0,25,range_s_P0,ekf,,0.722800461461908,0.7882278792801354,0.8193319185101053,3.914931396753446,0.9343431907121134,1.33162850996779,0.5608661237721374,0.0,0.0,0.0,43.091640628499945,1.2420267692101699,0.017382413087934562,0.10020449897750511,0,195.60000000000002,979,1.2312836684968578,1.0941313908195862,0.014475271411338975,829,2.5238932652949146,1.5921579964085808,0.09891435464414955,829,0.0,0.9288299155609168,0.05910735826296743,0.5838359469240049,3.9522220102830516,0.9444774396132646,,811,,S1_bias,R2A
R2,A,0.0,0.0,1,mid,30.0,26,range_s_P0,ekf,,0.8551650363449641,0.9226239058920765,1.0031416748263198,3.939747757753528,0.9333579713089275,0.24787255474905764,2.0734303453483265,0.0,0.0,0.0,60.43797316157755,1.257029304420412,0.016359918200409,0.10122699386503067,0,195.60000000000002,979,1.2426948908479283,1.1013142981411899,0.014475271411338975,829,2.4973357194640413,1.525014436230527,0.10012062726176119,829,0.0,0.9794933655006032,0.016887816646562123,0.3546441495778046,3.9216646961055597,0.9432240238781694,,811,,S1_bias,R2A
R2,A,0.0,0.0,1,mid,30.0,27,range_s_P0,ekf,,0.7350396911020491,0.790029177848022,0.7394446846872371,5.362646932804963,1.1777118498537669,3.358584124327138,2.940003245993764,0.0,0.030156815440289506,0.0,76.72945463307296,1.2716846512701288,0.019427402862985686,0.08997955010224949,0,195.60000000000002,979,1.3190189043933445,1.137245305408699,0.021712907117008462,829,2.2981791508604665,1.5182710798426216,0.08805790108564537,829,0.0,0.9384800965018094,0.05066344993968637,0.10253317249698432,5.402391272088974,1.190602943139645,,811,,S1_bias,R2A
R2,A,0.0,0.0,1,mid,30.0,28,range_s_P0,ekf,,0.6774130184861015,0.7392680487145603,0.6369499782205023,2.683405216066368,0.6731632259832846,0.5926849735262028,1.2070622997589249,0.0,0.0,0.0,18.543872920934962,1.1859369131045139,0.02044989775051125,0.10122699386503067,0,195.60000000000002,979,1.1960853634660997,1.038759235090098,0.021712907117008462,829,2.4012446329160895,1.4877058663229943,0.10012062726176119,829,0.0,0.7165259348612787,0.25331724969843183,0.7394451145958987,2.693236916721255,0.6805724459682244,,811,,S1_bias,R2A
R2,A,0.0,0.0,1,mid,30.0,29,range_s_P0,ekf,,0.7385536605269407,0.8033724456711268,0.7648776687594714,2.531280120255627,0.7259988080922615,1.5719736306411904,0.6001424661072323,0.0,0.0,0.0,27.433123664322125,1.179490179769844,0.012269938650306749,0.0950920245398773,0,195.60000000000002,979,1.2004222761789547,1.0886614343511518,0.012062726176115812,829,2.260112877071774,1.4700645007108404,0.09167671893848006,829,0.0,0.8805790108564535,0.05910735826296743,0.7056694813027744,2.5432506718965033,0.7336207872133572,,811,,S1_bias,R2A
R2,A,0.0,0.0,1,mid,30.0,30,range_s_P0,ekf,,0.623618749494669,0.6870478849584658,0.6520148894189395,2.9988309637631585,0.820629934015455,1.3253395979846716,0.8373007640598513,0.0,0.0,0.0,31.67360489582471,1.2906906398936377,0.02044989775051125,0.10736196319018405,0,195.60000000000002,979,1.2907673668374025,1.118152468008647,0.0193003618817853,829,2.508606630792809,1.6540323557185563,0.10735826296743067,829,0.0,0.9746682750301568,0.018094089264173704,0.5910735826296744,2.9879609260400697,0.8287784242370327,,811,,S1_bias,R2A
R2,A,0.0,0.0,1,mid,30.0,31,range_s_P0,ekf,,0.6160617276732742,0.6829339777287164,0.6321043874847913,4.109312052722672,0.8916173247359889,1.5609958455638409,1.6687861189693303,0.0,0.0,0.0,35.76013109605055,1.1688999344068753,0.011247443762781187,0.11860940695296524,0,195.60000000000002,979,1.2017058682167059,1.1234031118534191,0.00965018094089265,829,2.5795634885218997,1.5726525450238693,0.11459589867310016,829,0.0,0.9107358262967431,0.07237635705669482,0.44149577804583834,4.0798978372075325,0.9012484006562084,,811,,S1_bias,R2A
R2,A,0.0,0.0,1,mid,30.0,32,range_s_P0,ekf,,0.5980003749790124,0.6630084408141049,0.7318873469884414,2.155807120767659,0.6849351121613757,1.6279049525972027,0.7364932738230432,0.0,0.0,0.0,22.124463195668774,1.1709439375343118,0.015337423312883436,0.09815950920245399,0,195.60000000000002,979,1.1841921132862774,1.061073211797078,0.0156815440289505,829,2.461252188280882,1.5708763499750775,0.0928829915560917,829,0.0,0.7201447527141134,0.20627261761158022,0.8781664656212304,2.103569048243161,0.692409803064257,,811,,S1_bias,R2A
R2,A,0.0,0.0,1,mid,30.0,33,range_s_P0,ekf,,0.6076982316994132,0.6711821796966454,0.7361068378628614,4.284287852052165,0.8990502971682801,1.992122681274937,1.6060437567463284,0.0,0.0,0.0,41.72636080551365,1.3268747391761158,0.03067484662576687,0.09815950920245399,0,195.60000000000002,979,1.3802665456940777,1.0819512806659355,0.03618817852834744,829,2.5914805572661517,1.5976470150687792,0.09770808202653802,829,0.0,0.8576598311218335,0.13872135102533173,0.5379975874547648,4.3283131953567295,0.90877003101308,,811,,S1_bias,R2A
R2,A,0.0,0.0,1,mid,30.0,34,range_s_P0,ekf,,0.19125097899051843,0.2588385400364022,0.27592527097375363,6.153393146991893,0.7041584605902931,3.655104953339924,4.898292581063003,0.0,0.019300361881785282,0.0,45.90155131789019,1.3453246268739996,0.026584867075664622,0.08895705521472393,0,195.60000000000002,979,1.3634023738665466,1.1092464930482016,0.02895054282267795,829,2.274302555350099,1.4407327974578354,0.09167671893848006,829,0.0,0.7997587454764777,0.16164053075995174,0.10253317249698432,6.1993168193656,0.7117153009208005,,811,,S1_bias,R2A
R2,A,0.0,0.0,1,mid,30.0,35,range_s_P0,ekf,,0.7805090327195693,0.8465252220838916,0.7600381111489174,3.255989504373422,0.8337323661090759,2.0576242736143597,0.7484518696406195,0.0,0.0,0.0,40.19523110991449,1.159632207116145,0.014314928425357873,0.10429447852760736,0,195.60000000000002,979,1.1694452275865914,1.061179882714052,0.014475271411338975,829,2.449713127457076,1.5726401124294151,0.10012062726176119,829,0.0,0.8685162846803377,0.09288299155609167,0.5934861278648975,3.2335912482142306,0.8424170719626709,,811,,S1_bias,R2A
R2,A,0.0,0.0,1,mid,30.0,36,range_s_P0,ekf,,0.45947130604790765,0.5234641668524475,0.4275499022326551,3.6502495179219943,0.756797126823993,0.22523657510365144,1.100576164295437,0.0,0.0,0.0,40.90344908495344,1.2583606207636735,0.02044989775051125,0.1032719836400818,0,195.60000000000002,979,1.256274727402449,1.1006028162275585,0.020506634499396825,829,2.5302074177097116,1.5042666990578146,0.11097708082026536,829,0.010856453558504222,0.8214716525934861,0.17852834740651388,0.6718938480096501,3.6889874355996946,0.7650971089711623,,811,,S1_bias,R2A
R2,A,0.0,0.0,1,mid,30.0,37,range_s_P0,ekf,,0.9097063896541185,0.9743856867879732,0.9930513886009301,4.321401175025059,0.9660890472234815,1.646782201539178,1.236051432247068,0.0,0.0,0.0,55.839658310165134,1.347492577630756,0.024539877300613498,0.10429447852760736,0,195.60000000000002,979,1.3508090316507115,1.1653004725097338,0.02533172496984315,829,2.3624167126974633,1.4873068274725587,0.10132689987937271,829,0.0,0.9433051869722557,0.04945717732207479,0.48854041013269,4.34441778012932,0.9762156385663581,,811,,S1_bias,R2A
R2,A,0.0,0.0,1,mid,30.0,38,range_s_P0,ekf,,0.3150866872236111,0.3633103279623695,0.47088549013967773,1.4434431110763026,0.5455142520210242,0.888318793052136,0.4533081468999079,0.0,0.0,0.0,24.317634532042952,1.089592456232015,0.014314928425357873,0.09202453987730061,0,195.60000000000002,979,1.1112572501242224,1.0058473461473068,0.013268998793727338,829,2.3495832656080533,1.4872680459510037,0.09408926417370322,829,0.0,0.5126658624849216,0.39806996381182147,0.9939686369119421,1.452402923359939,0.5513674663337271,,811,,S1_bias,R2A
R2,A,0.0,0.0,1,mid,30.0,39,range_s_P0,ekf,,0.8049787566013745,0.8733175924493933,0.8106750171440468,3.224121385651831,0.8618951324099955,0.34133653048727963,0.5668076714961089,0.0,0.0,0.0,36.339108239286475,1.212404026231452,0.026584867075664622,0.081799591002045,0,195.60000000000002,979,1.2407752169789854,1.00628161991648,0.027744270205066313,829,2.305108835649061,1.5493224756907102,0.08443908323281057,829,0.0048250904704463205,0.7985524728588661,0.18938480096501809,0.7430639324487334,3.2570402565545313,0.8713023666993657,,811,,S1_bias,R2A
R2,A,0.0,0.0,1,mid,30.0,40,range_s_P0,ekf,,0.738059761675817,0.8005270330750057,0.8581415037531803,3.7854621850200423,1.0098933857686954,1.63975852613337,0.7471295691955092,0.0,0.0,0.0,58.011070937891496,1.172013203831495,0.018404907975460124,0.09918200408997956,0,195.60000000000002,979,1.121759268821508,1.014384435460695,0.014475271411338975,829,2.4891088153349723,1.520948366317949,0.09891435464414955,829,0.0,0.9662243667068757,0.028950542822677925,0.5621230398069964,3.7960690828673105,1.0206512880311311,,811,,S1_bias,R2A
R2,A,0.0,0.0,1,mid,30.0,41,range_s_P0,ekf,,0.9490693481753252,1.0146399472039804,0.9855877435690872,3.9762413119938764,0.8387233942760272,0.4284456379583629,1.6323503584358816,0.0,0.0,0.0,51.03427425305335,1.161757284094384,0.018404907975460124,0.08997955010224949,0,195.60000000000002,979,1.1321179062703324,0.9952216416806751,0.018094089264173663,829,2.3559080500726544,1.5290943601249019,0.08685162846803374,829,0.0,0.879372738238842,0.09650180940892641,0.4330518697225573,4.001516717777276,0.8477532966953277,,811,,S1_bias,R2A
R2,A,0.0,0.0,1,mid,30.0,42,range_s_P0,ekf,,0.5415006950166887,0.6095447413282464,0.7576984150598678,3.9260415645132554,0.8814333029142822,2.0582959602747746,1.202941614781468,0.0,0.0,0.0,46.29466645969246,1.265504757803287,0.019427402862985686,0.07975460122699386,0,195.60000000000002,979,1.2443621793492166,1.1014146501761366,0.0193003618817853,829,2.244645468475556,1.501955902451626,0.08443908323281057,829,0.0,0.9360675512665863,0.054282267792521106,0.49336550060313633,3.960309975333502,0.890971625630353,,811,,S1_bias,R2A
R2,A,0.0,0.0,1,mid,30.0,43,range_s_P0,ekf,,0.742609126192934,0.8074605271076899,0.8286552686017941,2.676323062628676,0.8597198121915585,0.8739903646735937,0.961570949453516,0.0,0.0,0.0,41.752397527100186,1.1685216960006644,0.019427402862985686,0.1032719836400818,0,195.60000000000002,979,1.1861883326962588,1.0314094266592475,0.021712907117008462,829,2.3850233518352972,1.4777873155764445,0.10132689987937271,829,0.0,0.864897466827503,0.1097708082026538,0.7080820265379976,2.705114329522415,0.8687398173425441,,811,,S1_bias,R2A
R2,A,0.0,0.0,1,mid,30.0,44,range_s_P0,ekf,,0.3986482349165443,0.43251209149479625,0.5531848234272765,3.304181065797091,0.7532016884870019,0.8714443179219425,1.5958560603628293,0.0,0.0,0.0,20.64509859271263,1.2665459189364603,0.02965235173824131,0.0950920245398773,0,195.60000000000002,979,1.2778393590240573,1.067146417220958,0.027744270205066313,829,2.405500435668183,1.544442215964009,0.09529553679131486,829,0.0036188178528347406,0.8841978287092883,0.11218335343787696,0.5162846803377563,3.325081808960096,0.7614280983236206,,811,,S1_bias,R2A
R2,A,0.0,0.0,1,mid,30.0,45,range_s_P0,ekf,,0.6324696385812447,0.7006656032151392,0.6896004152033199,2.0813873079083534,0.584397070098994,0.0029756154280514736,1.1743026253207243,0.0,0.0,0.0,17.83934714061004,1.205996168819583,0.02044989775051125,0.09406952965235174,0,195.60000000000002,979,1.1170636711766644,0.985499962259358,0.016887816646562137,829,2.4107666607277056,1.5595503525528915,0.09529553679131486,829,0.0,0.6284680337756333,0.27141133896260555,0.8624849215922799,2.0912507971496095,0.5906395973120366,,811,,S1_bias,R2A
R2,A,0.0,0.0,1,mid,30.0,46,range_s_P0,ekf,,0.9842091602861935,1.0498444193712337,0.9599806879461816,3.6218737329928468,1.0616199769907926,1.6995610981794642,2.4799509475853374,0.0,0.0,0.0,61.00851195227648,1.235809054869829,0.02044989775051125,0.1083844580777096,0,195.60000000000002,979,1.2293673111973764,1.037065806970862,0.022919179734619988,829,2.528112097493709,1.5194309994733073,0.10977080820265384,829,0.0,0.9215922798552473,0.05669481302774427,0.5826296743063932,3.6607537078891252,1.073001341331475,,811,,S1_bias,R2A
R2,A,0.0,0.0,1,mid,30.0,47,range_s_P0,ekf,,0.944087199187281,1.0124384461143086,1.0062205913114883,3.4426171370256267,0.8342734191478932,0.8507060337052191,1.724282367552297,0.0,0.0,0.0,46.313441923310094,1.1790177804228903,0.019427402862985686,0.09406952965235174,0,195.60000000000002,979,1.170504467715321,1.0495184058889508,0.016887816646562137,829,2.3583257262576627,1.4842550724609171,0.09167671893848006,829,0.0,0.7322074788902292,0.24246079613992763,0.6501809408926418,3.465673712076784,0.8432862603381204,,811,,S1_bias,R2A
R2,A,0.0,0.0,1,mid,30.0,48,range_s_P0,ekf,,0.6854727168112525,0.7524487798507166,0.8422935879841933,2.6331743475727607,0.6695948358305617,0.5368328664789287,1.4044765727631572,0.0,0.0,0.0,35.31921331519339,1.2883741748441981,0.02556237218813906,0.09304703476482618,0,195.60000000000002,979,1.2776406330902914,1.080881786516728,0.02533172496984315,829,2.5055560838942363,1.5138531948082037,0.10012062726176119,829,0.0036188178528347406,0.6899879372738239,0.22798552472858866,0.5560916767189384,2.65842387902478,0.6769635115704181,,811,,S1_bias,R2A
R2,A,0.0,0.0,1,mid,30.0,49,range_s_P0,ekf,,0.8299155358069502,0.8962890684188727,0.7611505499109611,6.251646206153838,1.076269992317191,3.6613157928243307,4.728630835478687,0.0,0.0735826296743064,0.0,65.03856354575335,1.2816875638488985,0.02556237218813906,0.10736196319018405,0,195.60000000000002,979,1.2545182773247097,1.0588972951438667,0.024125452352231624,829,2.466109848568963,1.5532692906821826,0.10373944511459587,829,0.0,0.8769601930036188,0.1218335343787696,0.12062726176115803,6.313723531512947,1.0881150298109004,,811,,S1_bias,R2A
R2,A,0.0,0.0,2,high,30.0,0,range_s_P0,ekf,,0.7645409231639073,0.8321411374462954,0.8826871298092676,3.0510247021543617,0.7778511339298642,0.8740660076250292,1.3304688121169175,0.0,0.0,0.0,38.11294136759703,1.239146068545654,0.013292433537832311,0.08486707566462168,0,195.60000000000002,979,1.230522483927459,1.1313602312781679,0.013268998793727338,829,2.4617568727504677,1.5400449457058094,0.08805790108564537,829,0.0,0.9131483715319663,0.06393244873341375,0.646562123039807,3.0361918137284287,0.7857227714875901,,811,,S1_bias,R2A
R2,A,0.0,0.0,2,high,30.0,1,range_s_P0,ekf,,0.7110839077475004,0.7781901169250847,0.7943201610778582,3.8457636352944427,0.9332330234514868,2.0407322232034084,0.7764377967258095,0.0,0.0,0.0,44.88168086528871,1.2249010858812812,0.022494887525562373,0.1032719836400818,0,195.60000000000002,979,1.2318251951745423,1.0425347477194453,0.022919179734619988,829,2.4285491552178926,1.44972236689644,0.10615199034981904,829,0.0,0.7852834740651388,0.1942098914354644,0.6863691194209891,3.8784587555648815,0.9433365514719452,,811,,S1_bias,R2A
R2,A,0.0,0.0,2,high,30.0,2,range_s_P0,ekf,,0.3260118765049087,0.32608461333285715,0.20865574657245625,2.201773584618885,0.47495880652795613,1.4031208833924325,0.5340747786095827,0.0,0.0,0.0,6.327578623992123,1.2639654428536586,0.011247443762781187,0.1165644171779141,0,195.60000000000002,979,1.268863464705316,1.1754932722084777,0.00965018094089265,829,2.5179647179553806,1.4973352850077273,0.1085645355850422,829,0.015681544028950542,0.16767189384800965,0.7478890229191797,0.8443908323281062,2.221372734854758,0.48011010053128317,,811,,S1_bias,R2A
R2,A,0.0,0.0,2,high,30.0,3,range_s_P0,ekf,,0.7124897428283311,0.780845833631481,0.8206326811687453,5.1338969228477636,0.8734403972900117,3.5182385870028563,2.5264668768169622,0.0,0.04342581423401689,0.0,45.118993870193925,1.2310707607809561,0.02147239263803681,0.1032719836400818,0,195.60000000000002,979,1.2479377417928321,1.04550562386476,0.02533172496984315,829,2.4737231872932655,1.570636523692979,0.09167671893848006,829,0.0,0.9879372738238842,0.008443908323281062,0.1411338962605549,5.165681251169718,0.8827715219739982,,811,,S1_bias,R2A
R2,A,0.0,0.0,2,high,30.0,4,range_s_P0,ekf,,0.6954169043897633,0.7626765990758209,0.7555095352807885,4.027605985252044,0.9826069182519701,2.047404077328637,1.7868644242744525,0.0,0.0,0.0,47.09360927992312,1.188097476854078,0.018404907975460124,0.1083844580777096,0,195.60000000000002,979,1.1770057122862592,1.0346637829831258,0.0193003618817853,829,2.3999666472618677,1.470494800572769,0.10615199034981904,829,0.0,0.8552472858866104,0.1411338962605549,0.548854041013269,4.0639871980226445,0.9934329016520622,,811,,S1_bias,R2A
R2,A,0.0,0.0,2,high,30.0,5,range_s_P0,ekf,,0.779969615264287,0.848180299829136,0.8640006133001542,5.290068612299003,1.1182076712529483,1.651517765678915,1.725558300903582,0.0,0.027744270205066344,0.0,78.62977299717909,1.2926907389521438,0.02044989775051125,0.11042944785276074,0,195.60000000000002,979,1.3335185545536443,1.1414511981098145,0.024125452352231624,829,2.522537046617021,1.4765661213659589,0.11338962605548852,829,0.0,0.9987937273823885,0.0,0.4378769601930036,5.266250961029058,1.12946943293031,,811,,S1_bias,R2A
R2,A,0.0,0.0,2,high,30.0,6,range_s_P0,ekf,,0.14768407221417085,0.11259687075324407,0.1998705193370741,9.1720047405235,1.035078398817286,3.2133026304210834,6.133155913283292,0.0,0.390832328106152,0.0,134.51022303832102,1.5350366775896385,0.041922290388548056,0.09815950920245399,0,195.60000000000002,979,1.5922051081340332,1.1778587248017716,0.045838359469240086,829,2.4604083905898335,1.607887610533667,0.09529553679131486,829,0.0,1.0,0.0,0.0,9.185658260680523,1.0458907663798325,,811,,S1_bias,R2A
R2,A,0.0,0.0,2,high,30.0,7,range_s_P0,ekf,,0.5773295066454487,0.6455305040094808,0.6511158334849797,3.930756560726764,1.0229440891806039,3.1848803568947623,2.298398698224916,0.0,0.0,0.0,41.328443162364714,1.2485271092661143,0.022494887525562373,0.10020449897750511,0,195.60000000000002,979,1.2148004034766788,1.0509445433992664,0.020506634499396825,829,2.4713356373936417,1.5916591589988496,0.09770808202653802,829,0.0,0.9300361881785284,0.018094089264173704,0.3884197828709288,3.909205720303877,1.0342244556018458,,811,,S1_bias,R2A
R2,A,0.0,0.0,2,high,30.0,8,range_s_P0,ekf,,0.8750100855437332,0.939745637455708,0.8573087383833977,2.8260967023263466,0.9942534758553859,1.1992540277733958,1.0839860469660652,0.0,0.0,0.0,55.48374191654106,1.344331727222665,0.023517382413087935,0.1165644171779141,0,195.60000000000002,979,1.3274808694791276,1.1459366934454642,0.024125452352231624,829,2.5356212550462875,1.5472761654068725,0.11459589867310016,829,0.0,0.9240048250904704,0.05790108564535585,0.6779252110977081,2.845927403809891,1.0049908575368363,,811,,S1_bias,R2A
R2,A,0.0,0.0,2,high,30.0,9,range_s_P0,ekf,,0.6653380710365391,0.7292055871209968,0.6306801750767527,7.100042927849362,1.0195617207691763,5.36194516836119,5.798416080248262,0.0,0.1471652593486128,0.0,66.3041886759258,1.2837609194506627,0.02556237218813906,0.10633946830265849,0,195.60000000000002,979,1.303216518220932,1.0935643009049933,0.027744270205066313,829,2.4504201482936776,1.5213735715103747,0.10615199034981904,829,0.0,0.827503015681544,0.14837153196622438,0.15681544028950542,7.16493718153447,1.0305956409451835,,811,,S1_bias,R2A
R2,A,0.0,0.0,2,high,30.0,10,range_s_P0,ekf,,0.7289035807624102,0.7971767139077122,0.7333617765526584,3.6176970494188025,0.8564508526752975,1.4523558636441902,0.6133002798147532,0.0,0.0,0.0,38.52871022204859,1.1576774977039992,0.017382413087934562,0.1032719836400818,0,195.60000000000002,979,1.164290845256773,1.0285899496927449,0.018094089264173663,829,2.4605302810966005,1.5309372402283488,0.10373944511459587,829,0.0,0.9638118214716526,0.026537997587454766,0.6043425814234017,3.627151169446334,0.8651097099680061,,811,,S1_bias,R2A
R2,A,0.0,0.0,2,high,30.0,11,range_s_P0,ekf,,0.1866128687936801,0.2378078961936571,0.28852901697687333,9.768174256938577,1.200598648475951,5.98357075528551,6.748266469191899,0.0,0.35826296743063935,0.0,181.01242112735,1.621595142151232,0.04294478527607362,0.0950920245398773,0,195.60000000000002,979,1.7006300194861934,1.2570342096544418,0.049457177322074775,829,2.325484684604432,1.4362460915622708,0.09529553679131486,829,0.0,0.9686369119420989,0.024125452352231604,0.0,9.844044217873844,1.2134653373568343,,811,,S1_bias,R2A
R2,A,0.0,0.0,2,high,30.0,12,range_s_P0,ekf,,0.7795083316535558,0.8382797509331424,0.8726543376223438,3.844732981197204,0.9983226656969616,0.7189477137682654,1.1760751359447017,0.0,0.0,0.0,61.17586419601897,1.344919883075244,0.023517382413087935,0.10429447852760736,0,195.60000000000002,979,1.3676045913239925,1.137491052001822,0.026537997587454787,829,2.390277851122212,1.4017388577605752,0.10494571773220751,829,0.0,0.9927623642943305,0.0048250904704463205,0.4487334137515078,3.842328223622671,1.0081765880385132,,811,,S1_bias,R2A
R2,A,0.0,0.0,2,high,30.0,13,range_s_P0,ekf,,0.8441781837073736,0.9114856807639493,0.8370407099808859,4.710659074095969,1.0412673459824853,1.360880530346792,2.3789077208425398,0.0,0.0,0.0,67.8301148836935,1.240711725067719,0.02147239263803681,0.10429447852760736,0,195.60000000000002,979,1.2400955483627718,1.0483238596381934,0.022919179734619988,829,2.6325825154947498,1.5427463316508532,0.10494571773220751,829,0.0,0.893848009650181,0.09167671893848009,0.47889022919179736,4.753532195190595,1.052732537385143,,811,,S1_bias,R2A
R2,A,0.0,0.0,2,high,30.0,14,range_s_P0,ekf,,0.6613015020451706,0.7296240316465553,0.7321705930518335,3.148026993746682,0.9227778218274315,2.048444330247099,1.296768896666096,0.0,0.0,0.0,38.40890278201134,1.291307674791396,0.023517382413087935,0.0869120654396728,0,195.60000000000002,979,1.2503722328692406,1.099173775852101,0.018094089264173663,829,2.2208783399625007,1.4859778415415936,0.08805790108564537,829,0.0,0.856453558504222,0.11942098914354644,0.6151990349819059,3.179698381931521,0.932894530229123,,811,,S1_bias,R2A
R2,A,0.0,0.0,2,high,30.0,15,range_s_P0,ekf,,0.8668022422240779,0.9317998181041147,0.8033839401407313,2.1395310361538376,0.6697047347160243,0.15629271839019118,0.9870715816066783,0.0,0.0,0.0,22.60123026563003,1.2706061370163106,0.016359918200409,0.10122699386503067,0,195.60000000000002,979,1.2628882351016169,1.1189837107562837,0.016887816646562137,829,2.4076494061249583,1.4461643691413153,0.10253317249698435,829,0.0,0.6924004825090471,0.18214716525934863,0.8902291917973462,2.0841905019240663,0.6757896138646466,,811,,S1_bias,R2A
R2,A,0.0,0.0,2,high,30.0,16,range_s_P0,ekf,,0.6138664723985975,0.682166888394626,0.6633153955035866,4.675351643740001,1.0139888051941144,2.61245398138093,1.0088087752881942,0.0,0.0,0.0,56.65256359662494,1.16543792330044,0.013292433537832311,0.1032719836400818,0,195.60000000000002,979,1.1463136681743964,1.0647218324250278,0.010856453558504175,829,2.507130965007173,1.5789929931765512,0.09891435464414955,829,0.0,0.9903498190591074,0.0024125452352231603,0.4752714113389626,4.662367232149354,1.0242385897515802,,811,,S1_bias,R2A
R2,A,0.0,0.0,2,high,30.0,17,range_s_P0,ekf,,0.3078033962317172,0.3743249446946885,0.5725133972362865,2.061316259651247,0.49869176321183534,0.0826867888365718,1.6847647216111015,0.0,0.0,0.0,47.840889751725655,1.1755747532898069,0.011247443762781187,0.10429447852760736,0,195.60000000000002,979,1.17762426231226,1.088919012003016,0.010856453558504175,829,2.3972402824550616,1.4619152922178782,0.10253317249698435,829,0.0,0.4221954161640531,0.5416164053075995,0.6706875753920386,2.0519836487600482,0.5041085846455573,,811,,S1_bias,R2A
R2,A,0.0,0.0,2,high,30.0,18,range_s_P0,ekf,,0.7404331739032113,0.8086326953767411,0.8185560859061918,1.4764713956980624,0.5862962577732403,0.020594151506721132,1.2072613255153302,0.0,0.0,0.0,19.18233310689703,1.217990371268601,0.018404907975460124,0.09918200408997956,0,195.60000000000002,979,1.193387459932015,1.0635531335391317,0.014475271411338975,829,2.51410056282747,1.5451918061786878,0.09770808202653802,829,0.0,0.6501809408926418,0.19300361881785283,0.9372738238841978,1.4196862413870202,0.5915359934840116,,811,,S1_bias,R2A
R2,A,0.0,0.0,2,high,30.0,19,range_s_P0,ekf,,0.6352226362343772,0.7033530184177877,0.7123353104572108,1.8125789694571741,0.5595160176695846,0.09045076196822563,1.3653667026224252,0.0,0.0,0.0,18.245538308406093,1.3417147890421612,0.023517382413087935,0.08793456032719836,0,195.60000000000002,979,1.3479024065051792,1.154265338583138,0.026537997587454787,829,2.4314084158242157,1.551184477804923,0.09047044632086854,829,0.0,0.5199034981905911,0.40048250904704463,0.8817852834740652,1.8317718267257062,0.5656390817430769,,811,,S1_bias,R2A
R2,A,0.0,0.0,2,high,30.0,20,range_s_P0,ekf,,0.6634322131362957,0.7283962384865478,0.8080742186793144,4.766549427900713,0.9844024569160821,1.6807985531865453,1.6536932555216894,0.0,0.0,0.0,51.849492243811866,1.1758944151429374,0.015337423312883436,0.09815950920245399,0,195.60000000000002,979,1.1977229664944522,1.067354104553301,0.014475271411338975,829,2.3686117940935167,1.50408339311708,0.09891435464414955,829,0.0,0.9059107358262968,0.08926417370325694,0.51145958986731,4.812663899526661,0.9951947947182126,,811,,S1_bias,R2A
R2,A,0.0,0.0,2,high,30.0,21,range_s_P0,ekf,,0.8446317420073978,0.9116230917519813,0.872453878382671,5.990178142512135,0.933035357295708,1.4929221675875082,3.1902751349437923,0.0,0.026537997587454766,0.0,57.917250197741645,1.2527329985850257,0.02044989775051125,0.10736196319018405,0,195.60000000000002,979,1.2461929039065054,1.0673332356910874,0.0193003618817853,829,2.3591485752577466,1.4407082780022786,0.10373944511459587,829,0.0,0.962605548854041,0.033775633293124246,0.27261761158021713,6.040023056374689,0.9432823372926883,,811,,S1_bias,R2A
R2,A,0.0,0.0,2,high,30.0,22,range_s_P0,ekf,,0.7581143839253854,0.825790885431995,0.8577936805100722,2.4406635959383496,0.6229617879658017,2.332246573334734,0.6934576645631708,0.0,0.0,0.0,23.241545923555687,1.2013444101259907,0.014314928425357873,0.10020449897750511,0,195.60000000000002,979,1.2059664436354813,1.0990553567813564,0.014475271411338975,829,2.592910161701027,1.6063492965800004,0.10132689987937271,829,0.006031363088057901,0.4969843184559711,0.4016887816646562,0.8455971049457177,2.4674080183580203,0.6297155136217255,,811,,S1_bias,R2A
R2,A,0.0,0.0,2,high,30.0,23,range_s_P0,ekf,,0.8768569665572966,0.9445767525462501,0.9199323314542649,4.989859052113999,1.162680409928805,3.2300461765694157,2.067205143565687,0.0,0.006031363088057901,0.0,85.70322657127006,1.296399997744806,0.02556237218813906,0.08588957055214724,0,195.60000000000002,979,1.3081704088146466,1.1026872640457877,0.026537997587454787,829,2.30531926788322,1.5450815888199902,0.08202653799758741,829,0.0012062726176115801,0.9179734620024126,0.07478890229191798,0.39806996381182147,5.044033049771908,1.175471794850781,,811,,S1_bias,R2A
R2,A,0.0,0.0,2,high,30.0,24,range_s_P0,ekf,,0.9584592178675672,1.0228692303437852,0.9757244233945367,2.6068739249398036,0.8269452873896455,2.861654037444671,1.833374562489155,0.0,0.0,0.0,45.87440654909478,1.268423723478805,0.024539877300613498,0.10736196319018405,0,195.60000000000002,979,1.3068487323502727,1.120217035001774,0.02533172496984315,829,2.405188868072099,1.4724200209560816,0.10615199034981904,829,0.0,0.8600723763570567,0.04825090470446321,0.6899879372738239,2.603337798789777,0.8357056965018347,,811,,S1_bias,R2A
R2,A,0.0,0.0,2,high,30.0,25,range_s_P0,ekf,,0.612968359213984,0.6801557881161566,0.7118688071598006,2.32792386346869,0.8775676090610434,2.3136164370937644,0.8537807673132848,0.0,0.0,0.0,37.54797573808596,1.1886462636552142,0.019427402862985686,0.10531697341513292,0,195.60000000000002,979,1.1721896234095703,1.0572310527111155,0.014475271411338975,829,2.4472564932136933,1.565812000758516,0.10373944511459587,829,0.0,0.8612786489746683,0.10856453558504221,0.7394451145958987,2.311050205978082,0.8872083327949987,,811,,S1_bias,R2A
R2,A,0.0,0.0,2,high,30.0,26,range_s_P0,ekf,,0.5781718384621276,0.6444188096159045,0.7323036070851269,2.433749454418987,0.7233788249434198,0.9356126805909635,1.3318113968502931,0.0,0.0,0.0,26.18094785642396,1.1962611449293312,0.028629856850715747,0.08895705521472393,0,195.60000000000002,979,1.2015722422657569,0.9789917369432013,0.02895054282267795,829,2.3123498453290936,1.560759691852804,0.08323281061519905,829,0.0,0.8673100120627262,0.06996381182147166,0.7346200241254524,2.455133597849642,0.7310164517841463,,811,,S1_bias,R2A
R2,A,0.0,0.0,2,high,30.0,27,range_s_P0,ekf,,0.8669499742452452,0.9212148802920329,0.8542207289610857,2.925548153346577,0.6768819536853438,1.506130952701388,0.8523896215286514,0.0,0.0,0.0,29.215812921003987,1.2285757670952768,0.014314928425357873,0.11554192229038855,0,195.60000000000002,979,1.2229986926991163,1.127861419583392,0.013268998793727338,829,2.4588948878395214,1.431593373086219,0.11097708082026536,829,0.007237635705669481,0.8371531966224367,0.097708082026538,0.6670687575392038,2.9568840349075,0.6841809242147984,,811,,S1_bias,R2A
R2,A,0.0,0.0,2,high,30.0,28,range_s_P0,ekf,,0.7483357151975515,0.8117192084548968,0.7147133542875947,3.8250358050156334,0.9497495765365308,2.2711641364210977,0.7875633474734085,0.0,0.0,0.0,45.221997745371084,1.2839650185742375,0.024539877300613498,0.09611451942740286,0,195.60000000000002,979,1.2989554273530477,1.1156324327114842,0.02533172496984315,829,2.450845107588557,1.539927053071273,0.09891435464414955,829,0.0,0.9348612786489746,0.03618817852834741,0.5102533172496985,3.8319709539112234,0.9597508798856416,,811,,S1_bias,R2A
R2,A,0.0,0.0,2,high,30.0,29,range_s_P0,ekf,,0.7692449100982719,0.8308556544929626,0.7840287012175192,2.3906997821235536,0.4363847918951177,1.2290246089010448,2.2849983184648623,0.0,0.0,0.0,23.04595363851104,1.2653060283688429,0.028629856850715747,0.10224948875255624,0,195.60000000000002,979,1.2428848169523574,1.0120935990509898,0.02895054282267795,829,2.5045458838717,1.5763660442663636,0.09891435464414955,829,0.0,0.4680337756332931,0.45235223160434257,0.6224366706875754,2.3497800903041113,0.4411853780786087,,811,,S1_bias,R2A
R2,A,0.0,0.0,2,high,30.0,30,range_s_P0,ekf,,0.6035086016382601,0.6683859226896661,0.638660936426234,3.6261116252939893,0.9572940611416103,3.25825678541971,1.5355643997819217,0.0,0.0,0.0,45.47176716818118,1.1390891148335902,0.019427402862985686,0.09202453987730061,0,195.60000000000002,979,1.135240061323485,0.9858113253132724,0.020506634499396825,829,2.450916928071852,1.597287917538131,0.09167671893848006,829,0.0,0.9541616405307599,0.04342581423401689,0.4330518697225573,3.639740378513613,0.967227049204281,,811,,S1_bias,R2A
R2,A,0.0,0.0,2,high,30.0,31,range_s_P0,ekf,,0.6552536040430404,0.7221517813301304,0.6712279679027351,3.6187835965778294,0.9283226611778246,2.1271648815976496,1.485826426908688,0.0,0.0,0.0,37.28092937774398,1.164141585178839,0.009202453987730062,0.09611451942740286,0,195.60000000000002,979,1.1636580729965023,1.119311338424087,0.007237635705669487,829,2.3278415981800493,1.4869308950514994,0.09650180940892639,829,0.0,1.0,0.0,0.4330518697225573,3.5165278833916314,0.9362803422265544,,811,,S1_bias,R2A
R2,A,0.0,0.0,2,high,30.0,32,range_s_P0,ekf,,0.683088297753416,0.7468503726680673,0.8108691880432048,2.391287118465034,0.8733924758417532,0.2272168879834077,1.211659003881436,0.0,0.0,0.0,37.2688309822917,1.3146587654155402,0.02965235173824131,0.11451942740286299,0,195.60000000000002,979,1.2871487520890368,1.0711841380860594,0.02895054282267795,829,2.6725868386913674,1.5545879117828394,0.11700844390832332,829,0.0,0.856453558504222,0.11097708082026538,0.752714113389626,2.397696551027047,0.883021034605417,,811,,S1_bias,R2A
R2,A,0.0,0.0,2,high,30.0,33,range_s_P0,ekf,,0.7642668764240649,0.8312272496895042,0.9022474372345943,3.2456076569615435,0.6236486927207798,0.6611837186165405,1.8039969296208205,0.0,0.0,0.0,26.77384619478115,1.3149211514619876,0.019427402862985686,0.10531697341513292,0,195.60000000000002,979,1.326586387414993,1.1617042227831758,0.020506634499396825,829,2.4711402878665365,1.5416832391232989,0.09770808202653802,829,0.0,0.6658624849215923,0.218335343787696,0.30156815440289503,3.24041114921281,0.6301727178861072,,811,,S1_bias,R2A
R2,A,0.0,0.0,2,high,30.0,34,range_s_P0,ekf,,0.7937606677938035,0.8613910567351765,0.8913965354295167,3.458282246921244,0.8699795584016808,1.8384571688605518,2.766525464737488,0.0,0.0,0.0,54.5549659094153,1.2771446773041677,0.022494887525562373,0.09304703476482618,0,195.60000000000002,979,1.3114487957676833,1.1319271772541843,0.024125452352231624,829,2.2998623249132755,1.4663283437117813,0.09047044632086854,829,0.0,0.9095295536791315,0.06996381182147166,0.525934861278649,3.4649463788985773,0.8795589847750446,,811,,S1_bias,R2A
R2,A,0.0,0.0,2,high,30.0,35,range_s_P0,ekf,,0.7309705015494221,0.7961495418524791,0.7087088137451565,2.3204640672437096,0.7804132642054676,1.396454584402637,0.6525064151925385,0.0,0.0,0.0,30.674733687623927,1.2252309133325878,0.02147239263803681,0.09406952965235174,0,195.60000000000002,979,1.2158694946476531,1.0590010373850993,0.020506634499396825,829,2.3522850923340175,1.4742448426311157,0.09529553679131486,829,0.0,0.9288299155609168,0.028950542822677925,0.7744270205066345,2.323809118665814,0.7884226290504625,,811,,S1_bias,R2A
R2,A,0.0,0.0,2,high,30.0,36,range_s_P0,ekf,,0.8287871112120726,0.8968637897432917,0.7908905407096288,3.4833865864621076,0.6376869915348565,1.2218116309081453,1.848076489851899,0.0,0.0,0.0,21.861154635976373,1.1633247520738252,0.017382413087934562,0.08895705521472393,0,195.60000000000002,979,1.17419949912992,1.027034714063114,0.018094089264173663,829,2.211096610296016,1.4443828938442544,0.09047044632086854,829,0.0,0.7985524728588661,0.14234016887816647,0.4234016887816647,3.4914793001700732,0.6440762517564067,,811,,S1_bias,R2A
R2,A,0.0,0.0,2,high,30.0,37,range_s_P0,ekf,,0.8478855144978092,0.9134449793816943,0.9336397918131439,2.5988337250119518,0.7789321513945907,0.1406798363920974,1.3426623344104434,0.0,0.0,0.0,38.76161073588818,1.0942061120360675,0.011247443762781187,0.10122699386503067,0,195.60000000000002,979,1.1180502648897381,1.0226103324124416,0.012062726176115812,829,2.3998514200946643,1.493544549468046,0.10012062726176119,829,0.0,0.8166465621230398,0.16164053075995174,0.6851628468033776,2.6239448823583595,0.7874117460119272,,811,,S1_bias,R2A
R2,A,0.0,0.0,2,high,30.0,38,range_s_P0,ekf,,0.6632198895906444,0.7305706202621015,0.8615227587788419,2.165824585401137,0.7477330675904784,1.0263128188950825,1.9085407086219264,0.0,0.0,0.0,34.2430572983376,1.1709201021992732,0.012269938650306749,0.09100204498977506,0,195.60000000000002,979,1.1597738392345793,1.0691344846256545,0.012062726176115812,829,2.379312877467663,1.6480628178199057,0.08805790108564537,829,0.0,1.0,0.0,0.7478890229191797,2.168880822270087,0.7553097708198327,,811,,S1_bias,R2A
R2,A,0.0,0.0,2,high,30.0,39,range_s_P0,ekf,,0.630315794543,0.6986423810487237,0.6397149545375008,3.050703677567135,0.7604793988391796,1.629998982130648,1.9660086962290086,0.0,0.0,0.0,28.173076049680446,1.21629595504329,0.012269938650306749,0.09611451942740286,0,195.60000000000002,979,1.2289179652215168,1.1229323183176814,0.013268998793727338,829,2.4046788886255106,1.5310973743048943,0.09047044632086854,829,0.0,0.8480096501809409,0.1218335343787696,0.6284680337756333,3.079006632291928,0.7684758036611661,,811,,S1_bias,R2A
R2,A,0.0,0.0,2,high,30.0,40,range_s_P0,ekf,,0.6043588515169789,0.6636598440838651,0.7113796459499323,4.079997953443059,0.9903120092999849,0.5531912350784485,1.8636069341056514,0.0,0.0,0.0,52.703341202979914,1.2026337961439537,0.023517382413087935,0.09611451942740286,0,195.60000000000002,979,1.1845873857282376,0.9778351164947464,0.024125452352231624,829,2.3901024596689853,1.42998426926037,0.09529553679131486,829,0.0,0.9903498190591074,0.0,0.3775633293124246,4.075705519261006,1.0003589493174176,,811,,S1_bias,R2A
R2,A,0.0,0.0,2,high,30.0,41,range_s_P0,ekf,,0.25640168904500676,0.3103554396729975,0.2602760294217223,9.025678631932081,1.061615961845007,4.540429256077464,7.234577255112092,0.0,0.3112183353437877,0.0,145.59208261109606,1.6890552307508415,0.0541922290388548,0.07668711656441718,0,195.60000000000002,979,1.8042267730744996,1.1979844582026755,0.06272617611580222,829,2.1331219735291533,1.4071382816385594,0.07599517490952956,829,0.0,0.893848009650181,0.10132689987937274,0.06875753920386007,9.12194646500325,1.073270967727479,,811,,S1_bias,R2A
R2,A,0.0,0.0,2,high,30.0,42,range_s_P0,ekf,,0.0751034288800552,0.13732365332619498,0.31040213860004656,7.891052789941478,0.6845944061666809,3.5191350023930488,5.917637473802179,0.0,0.21712907117008443,0.0,89.56450362829635,1.3538220229982878,0.03067484662576687,0.10122699386503067,0,195.60000000000002,979,1.3953103704445082,1.088304296644362,0.033775633293124274,829,2.387336284261874,1.4808739495190397,0.10132689987937271,829,0.0,0.9758745476477684,0.022919179734620022,0.0,7.942762982207395,0.6919117114288613,,811,,S1_bias,R2A
R2,A,0.0,0.0,2,high,30.0,43,range_s_P0,ekf,,0.8091847329669949,0.8759410910601133,0.8959779624843487,5.23927253836327,1.082893049571437,2.7481834226381596,1.1007171078481137,0.0,0.0,0.0,80.34242526048517,1.1276222837447758,0.018404907975460124,0.09611451942740286,0,195.60000000000002,979,1.1044882514493866,0.9625041142574587,0.0193003618817853,829,2.4471842722256096,1.5415591399876747,0.09770808202653802,829,0.0,1.0,0.0,0.4704463208685163,5.210794141724341,1.0937873724497102,,811,,S1_bias,R2A
R2,A,0.0,0.0,2,high,30.0,44,range_s_P0,ekf,,0.7759122675050025,0.8296112447637988,0.9986065019258741,2.99918893211421,0.7826610864593402,0.8740060671603992,1.1466717850736567,0.0,0.0,0.0,40.054430091380766,1.2243023619735294,0.016359918200409,0.10633946830265849,0,195.60000000000002,979,1.2744247685427081,1.141717045034911,0.018094089264173663,829,2.6235185168424606,1.6107045923471182,0.10615199034981904,829,0.0,0.97708082026538,0.0024125452352231603,0.5331724969843185,2.947231270510954,0.7901115734335267,,811,,S1_bias,R2A
R2,A,0.0,0.0,2,high,30.0,45,range_s_P0,ekf,,0.7787231153796174,0.8469628206304008,0.8314232222804331,3.20560200724969,0.7451192851092725,1.7749978810278242,1.3381752918859786,0.0,0.0,0.0,29.227184094180778,1.1766728083394489,0.018404907975460124,0.10224948875255624,0,195.60000000000002,979,1.1682472277366174,1.030678633642326,0.0193003618817853,829,2.4156661272151623,1.5534101824934972,0.09650180940892639,829,0.0048250904704463205,0.7696019300361882,0.20386007237635706,0.632086851628468,3.2058534840625437,0.752957939470525,,811,,S1_bias,R2A
R2,A,0.0,0.0,2,high,30.0,46,range_s_P0,ekf,,0.20759243131703187,0.2618683338452095,0.1606664882726148,8.25584443363795,0.6644171391104012,5.314760275427402,6.248539936633408,0.0,0.29674306393244876,0.0,100.63286579701777,1.4941013948071546,0.03680981595092025,0.11860940695296524,0,195.60000000000002,979,1.5690285000848814,1.2236802195010232,0.039806996381182125,829,2.570631717326659,1.4768750806384598,0.11700844390832332,829,0.0,0.97708082026538,0.015681544028950542,0.0,8.30693418110279,0.6714579171069897,,811,,S1_bias,R2A
R2,A,0.0,0.0,2,high,30.0,47,range_s_P0,ekf,,0.7550618333957017,0.8232079077243283,0.8051729234294571,5.214780380835629,1.099618334531618,3.7469445612630685,2.942054672721229,0.0,0.04825090470446321,0.0,64.08568527964982,1.481732321010295,0.03680981595092025,0.09406952965235174,0,195.60000000000002,979,1.5276400414750173,1.1718007201099974,0.039806996381182125,829,2.3331710482066823,1.5477070849225179,0.09047044632086854,829,0.0,0.887816646562123,0.1097708082026538,0.353437876960193,5.270726664298554,1.1117127900944497,,811,,S1_bias,R2A
R2,A,0.0,0.0,2,high,30.0,48,range_s_P0,ekf,,0.7565131639076697,0.8235148721562965,0.9133637784173675,2.2336522253514786,0.5518467193090921,1.0610202679132326,2.542647077838894,0.0,0.0,0.0,33.75450981873625,1.301482861886916,0.032719836400818,0.11860940695296524,0,195.60000000000002,979,1.263993126727174,1.067586344147518,0.027744270205066313,829,2.628959449831182,1.5485007243344384,0.11580217129071169,829,0.0,0.4813027744270205,0.47889022919179736,0.5729794933655006,2.2280844020722963,0.5571186871215786,,811,,S1_bias,R2A
R2,A,0.0,0.0,2,high,30.0,49,range_s_P0,ekf,,0.9368815906282794,1.004263027692667,0.8711604354841992,4.162703306231513,0.8739301815415703,0.08549734802262954,1.6823399531028385,0.0,0.0,0.0,43.17058492368202,1.2664489950868176,0.018404907975460124,0.0950920245398773,0,195.60000000000002,979,1.2778435691076728,1.1291920239864792,0.020506634499396825,829,2.4121297091024756,1.5093213445146356,0.09650180940892639,829,0.0,0.9529553679131484,0.04463208685162847,0.3956574185765983,4.186001070792608,0.8833904034746126,,811,,S1_bias,R2A
R2,A,0.0,0.0,0,low,30.0,0,range_s_P0,ekf,,0.13106360128223096,0.18700222541701145,0.244882568386242,6.237017727810996,0.31079958995301704,4.765114268635986,7.8972624138594885,0.0,0.0,0.0,98.61458586192794,0.9665015922155439,0.007157464212678937,0.08997955010224949,0,195.60000000000002,979,0.9762969304020175,0.911843823087247,0.008443908323281013,829,2.3372159078280657,1.5446841292891134,0.0892641737032569,829,0.0036188178528347406,0.5790108564535585,0.40651387213510254,0.3353437876960193,6.304124661897364,0.3130700107162975,,811,,S2_ar0,R2A
R2,A,0.0,0.0,0,low,30.0,1,range_s_P0,ekf,,1.1657383260899499,1.2329706750237444,1.2489995153311277,4.44124616545283,1.0499477283589196,1.4222661518672282,2.4857105775418202,0.0,0.012062726176115802,0.0,90.83964727036627,1.262807039000638,0.02044989775051125,0.12065439672801637,0,195.60000000000002,979,1.4155359151907985,1.1985981264865109,0.024125452352231624,829,2.7143314038551867,1.6215162720330774,0.11821471652593485,829,0.0,0.9372738238841978,0.04945717732207479,0.3088057901085645,4.483566489835899,1.060640632797976,,811,,S2_ar0,R2A
R2,A,0.0,0.0,0,low,30.0,2,range_s_P0,ekf,,0.8844898954943885,0.9488693376702274,0.9353357444045393,3.6116842240143052,0.4920028377305504,2.551182171439262,4.419143574854218,0.0,0.0,0.0,55.46135307860568,0.9424922615734918,0.00408997955010225,0.11349693251533742,0,195.60000000000002,979,0.9997162955530862,0.9646658069758086,0.004825090470446325,829,2.4456862388127423,1.4636442535204204,0.11338962605548852,829,0.031363088057901084,0.3884197828709288,0.5910735826296744,0.5669481302774427,3.6490985797963287,0.4969501459187817,,811,,S2_ar0,R2A
R2,A,0.0,0.0,0,low,30.0,3,range_s_P0,ekf,,0.5472277403241912,0.4906115590475652,0.3931718982189003,8.854973465308767,1.2130804680907579,6.008903506953441,4.98104425857252,0.0,0.23642943305186973,0.0,86.59919533675388,1.3919513847334202,0.03374233128834356,0.08486707566462168,0,195.60000000000002,979,1.536697279986132,1.2341768154098116,0.039806996381182125,829,2.2532363546753036,1.4779605668851752,0.08805790108564537,829,0.0,0.9227985524728589,0.05066344993968637,0.0735826296743064,8.948373513988763,1.2251954975701786,,811,,S2_ar0,R2A
R2,A,0.0,0.0,0,low,30.0,4,range_s_P0,ekf,,0.9786113545220845,0.920188951545972,0.9138729912230676,14.015225844237584,1.4593227930527946,12.558989593557028,17.882273418464745,0.1519903498190591,0.6405307599517491,0.0,237.8112820951934,1.4920917689726916,0.03783231083844581,0.11349693251533742,0,195.60000000000002,979,1.5453790050937033,1.1373299871837157,0.043425814234016924,829,2.744039742388191,1.5700940936850987,0.11580217129071169,829,0.0,0.9179734620024126,0.03618817852834741,0.33172496984318456,14.163065384208618,1.4744994478921765,,811,,S2_ar0,R2A
R2,A,0.0,0.0,0,low,30.0,5,range_s_P0,ekf,,0.34728207921072396,0.3119548769759928,0.18378168632048078,5.400419891485368,0.7818677226444033,0.12902873863071296,5.949326938048161,0.0,0.0,0.0,34.341179504755644,1.3765459340846218,0.023517382413087935,0.09815950920245399,0,195.60000000000002,979,1.4340023748889752,1.23069897292507,0.027744270205066313,829,2.361135678180962,1.592821607314547,0.09167671893848006,829,0.0,0.8974668275030157,0.08323281061519903,0.2195416164053076,5.38522184755786,0.7879856647121917,,811,,S2_ar0,R2A
R2,A,0.0,0.0,0,low,30.0,6,range_s_P0,ekf,,0.31679163521537834,0.2485178022270112,0.039787521487947106,14.257626529473347,2.1608875315994442,2.408760685736022,6.895299728368442,0.2689987937273824,0.5102533172496985,0.0,560.3295122720917,3.8535793959925617,0.17791411042944785,0.09611451942740286,0,195.60000000000002,979,4.388464193881923,1.3872948621716545,0.20868516284680338,829,2.3752684544054197,1.492765126449987,0.09891435464414955,829,0.0,0.9963811821471653,0.0,0.0,14.390987179345622,2.1847205000680514,,811,,S2_ar0,R2A
R2,A,0.0,0.0,0,low,30.0,7,range_s_P0,ekf,,0.3367189058017472,0.3019807579021887,0.18909905208270672,4.147190691300806,0.46189757304996676,0.6696003153348014,3.4908470190472096,0.0,0.0,0.0,14.931076218896985,1.2194252835344546,0.014314928425357873,0.09406952965235174,0,195.60000000000002,979,1.3158714219543854,1.2042186685793568,0.016887816646562137,829,2.4310521087952557,1.4493643098114735,0.09770808202653802,829,0.0,0.525934861278649,0.43063932448733416,0.38118214716525933,4.100813204449686,0.4667872678914184,,811,,S2_ar0,R2A
R2,A,0.0,0.0,0,low,30.0,8,range_s_P0,ekf,,0.12460736416139369,0.17233814794660512,0.07998423309882899,8.65000577565272,1.9701628849827832,3.1303935538338648,5.014828508473231,0.0,0.3293124246079614,0.0,185.2024119153633,1.7770794243686268,0.046012269938650305,0.10224948875255624,0,195.60000000000002,979,1.9201413507404832,1.313699941852802,0.0542822677925211,829,2.430686956239996,1.4712599320287927,0.10253317249698435,829,0.0,1.0,0.0,0.05066344993968637,8.744933259903576,1.9910910023706876,,811,,S2_ar0,R2A
R2,A,0.0,0.0,0,low,30.0,9,range_s_P0,ekf,,0.19866862046921235,0.13031579556601675,0.22476295360437745,5.400929918005733,0.43571378877236777,2.9700749330839638,2.482306606627251,0.0,0.09408926417370325,0.0,18.63636900664622,1.0594183656140417,0.022494887525562373,0.09713701431492842,0,195.60000000000002,979,1.1442863999677668,0.9567047557882836,0.026537997587454787,829,2.3823234250299974,1.5370326134147723,0.09408926417370322,829,0.0,0.5186972255729795,0.4378769601930036,0.36429433051869725,5.278005636431198,0.43963939691287507,,811,,S2_ar0,R2A
R2,A,0.0,0.0,0,low,30.0,10,range_s_P0,ekf,,0.7881105469673936,0.855958250678897,0.8150698784544536,5.68482759298508,1.0263134881861484,2.1997278695455638,2.389648447338942,0.0,0.08082026537997587,0.0,70.25914778870279,1.3125790291604513,0.027607361963190184,0.1032719836400818,0,195.60000000000002,979,1.2408392446867522,1.06036109293616,0.020506634499396825,829,2.4928669709087523,1.5862782443338408,0.09891435464414955,829,0.0,0.8817852834740652,0.10012062726176116,0.390832328106152,5.720028534421771,1.0376230510320787,,811,,S2_ar0,R2A
R2,A,0.0,0.0,0,low,30.0,11,range_s_P0,ekf,,0.3002491499746196,0.23629250264550436,0.18593626844282057,4.228005441630091,0.46936938500579917,2.6761519868912416,2.3661982832005513,0.0,0.031363088057901084,0.0,19.584466709982056,0.9964230766382033,0.005112474437627812,0.1165644171779141,0,195.60000000000002,979,1.025465970955708,0.9851046133345678,0.006031363088057851,829,2.588466838184307,1.4886441512064932,0.11338962605548852,829,0.015681544028950542,0.5138721351025332,0.4390832328106152,0.525934861278649,4.25142580772856,0.4731017249401154,,811,,S2_ar0,R2A
R2,A,0.0,0.0,0,low,30.0,12,range_s_P0,ekf,,0.2809866782368057,0.22489479464623302,0.07533934530809498,1.7461474566496282,0.25431879910403216,2.390782855252876,1.767072508013673,0.0,0.0,0.0,6.290616051560858,1.376060197679466,0.027607361963190184,0.11042944785276074,0,195.60000000000002,979,1.093505691730659,1.0224055706967659,0.010856453558504175,829,2.6220951347968873,1.5624455244913613,0.11580217129071169,829,0.012062726176115802,0.2255729794933655,0.7080820265379976,0.7852834740651388,1.757386243888548,0.2569410201637701,,811,,S2_ar0,R2A
R2,A,0.0,0.0,0,low,30.0,13,range_s_P0,ekf,,0.08456726343213643,0.15018246631746734,0.12864634851842444,14.116361757005567,2.6883342805399733,4.280629624136639,9.082388232513447,0.218335343787696,0.49939686369119424,0.0,675.8125837786661,3.068115169982036,0.1329243353783231,0.10020449897750511,0,195.60000000000002,979,3.358782360768031,1.428675188443174,0.15199034981905912,829,2.53091132801216,1.5075882250136838,0.10735826296743067,829,0.0,1.0,0.0,0.0,14.195683571426896,2.717186156675394,,811,,S2_ar0,R2A
R2,A,0.0,0.0,0,low,30.0,14,range_s_P0,ekf,,0.7160814218470939,0.7821222153225111,0.7965216438974295,6.364293704197768,0.5202726472447855,5.906792574638627,5.367991837834909,0.0,0.08685162846803378,0.0,61.8256542301876,1.0591078772128313,0.005112474437627812,0.10224948875255624,0,195.60000000000002,979,1.0365315364342245,1.0047710447442313,0.004825090470446325,829,2.690474577014406,1.6266900248212712,0.11097708082026536,829,0.0,1.0,0.0,0.17370325693606756,6.0787222385004585,0.5221901747996917,,811,,S2_ar0,R2A
R2,A,0.0,0.0,0,low,30.0,15,range_s_P0,ekf,,0.36355161880997167,0.4285517140515886,0.304122874002195,8.614864521774523,0.49385179591453016,6.345146437963555,8.118175800266878,0.0,0.195416164053076,0.0,164.4518303361847,1.6323760070245528,0.03987730061349693,0.09304703476482618,0,195.60000000000002,979,1.7189069989625645,1.2692382410599774,0.04704463208685161,829,2.387198392622569,1.4573467297671896,0.09650180940892639,829,0.0,0.8805790108564535,0.10856453558504221,0.11700844390832328,8.65946907718813,0.49846174366110785,,811,,S2_ar0,R2A
R2,A,0.0,0.0,0,low,30.0,16,range_s_P0,ekf,,0.1811815256772365,0.15840784398740865,0.058983241717803524,8.446596303619701,2.424415947607689,1.4973074309899639,4.284441611099545,0.0,0.3148371531966224,0.0,300.8218692028389,1.2871166478325415,0.027607361963190184,0.11451942740286299,0,195.60000000000002,979,1.268818005393648,1.0556123889749904,0.027744270205066313,829,2.6838935404372273,1.5951573855295338,0.11821471652593485,829,0.0,0.9927623642943305,0.0048250904704463205,0.0036188178528347406,8.424554868557745,2.446536049044881,,811,,S2_ar0,R2A
R2,A,0.0,0.0,0,low,30.0,17,range_s_P0,ekf,,0.3635041370323776,0.30382966402037953,0.10906475093214846,5.6684737446722595,0.9897153242565256,1.870485902887512,1.9736246538628517,0.0,0.16043425814234016,0.0,57.86659356838823,1.0756407390968643,0.009202453987730062,0.09815950920245399,0,195.60000000000002,979,1.0490297218038527,1.018429469834397,0.004825090470446325,829,2.499943947794353,1.5764759707801599,0.09650180940892639,829,0.0,0.8757539203860072,0.07961399276236429,0.4427020506634499,5.719633031204424,0.9987475634252746,,811,,S2_ar0,R2A
R2,A,0.0,0.0,0,low,30.0,18,range_s_P0,ekf,,0.9354858574562411,1.003816265800274,1.0285607807771482,5.753587266130998,1.3478847983035247,0.6289067621500706,3.665485550093131,0.0,0.08685162846803378,0.0,184.09968450856837,1.3451334538748665,0.034764826175869123,0.11247443762781185,0,195.60000000000002,979,1.3780547624762136,0.9925316930500634,0.04101326899879376,829,2.6909222059255975,1.6089938828100063,0.11580217129071169,829,0.0,1.0,0.0,0.218335343787696,5.673291035924766,1.360543656741913,,811,,S2_ar0,R2A
R2,A,0.0,0.0,0,low,30.0,19,range_s_P0,ekf,,0.5309970239980071,0.5990868407773697,0.612791686919818,4.099077681617364,0.437452091706339,1.898817609520749,1.497534585551578,0.0,0.04101326899879373,0.0,24.91444698353247,1.4844471302211057,0.0408997955010225,0.14314928425357873,0,195.60000000000002,979,1.1851149735712474,1.0411142654287462,0.021712907117008462,829,2.779658882538033,1.459829988993198,0.13268998793727382,829,0.0,0.623642943305187,0.3498190591073583,0.5597104945717732,3.7955621320096853,0.4305991392460785,,811,,S2_ar0,R2A
R2,A,0.0,0.0,0,low,30.0,20,range_s_P0,ekf,,0.9690585853298606,1.036493254017024,1.1132274400173627,2.5456169340409422,0.7220709065002864,2.871042217441214,1.7900625416045801,0.0,0.0,0.0,47.25230098536226,0.8488863485957417,0.007157464212678937,0.10429447852760736,0,195.60000000000002,979,0.7508518626220907,0.7274419036667662,0.003618817852834688,829,2.5681154975851737,1.5439135404110922,0.11338962605548852,829,0.0,0.8636911942098915,0.07720144752714113,0.6188178528347407,2.5727210436326273,0.7296676637525058,,811,,S2_ar0,R2A
R2,A,0.0,0.0,0,low,30.0,21,range_s_P0,ekf,,0.5032611234553889,0.4477432775652072,0.4589537302564171,3.937221295060358,0.5290335588994357,4.288882277717913,4.362444439344094,0.0,0.0,0.0,20.41468465405493,1.0917670770162262,0.015337423312883436,0.1114519427402863,0,195.60000000000002,979,1.116601302578559,0.9789737998761163,0.016887816646562137,829,2.665988741126307,1.5309076126488,0.11942098914354649,829,0.0,0.8130277442702051,0.12062726176115803,0.41737032569360677,3.9591803430098937,0.5348246623797612,,811,,S2_ar0,R2A
R2,A,0.0,0.0,0,low,30.0,22,range_s_P0,ekf,,0.2059637893511413,0.1496123778402849,0.0997721923039954,2.3655026576361613,0.4032965216082448,3.065524249360854,1.2693707093214346,0.0,0.0,0.0,6.518946119358692,1.1162775143217145,0.016359918200409,0.10531697341513292,0,195.60000000000002,979,1.1760854308965676,1.0153853128321095,0.0193003618817853,829,2.367729980964675,1.4323844450790517,0.10615199034981904,829,0.0,0.13027744270205066,0.8238841978287093,0.8926417370325693,2.3830496748417884,0.40724476737619947,,811,,S2_ar0,R2A
R2,A,0.0,0.0,0,low,30.0,23,range_s_P0,ekf,,0.29408849838735324,0.36134240234871734,0.3468848727189584,3.314754491673141,0.5455447693632738,0.3722888176319766,1.9284687026330147,0.0,0.0,0.0,22.66093847813287,1.3311412707688395,0.012269938650306749,0.1165644171779141,0,195.60000000000002,979,1.200890674324234,1.1580303381383361,0.006031363088057851,829,2.4658599312308014,1.4562000824169226,0.11459589867310016,829,0.0,0.7177322074788902,0.158021712907117,0.4704463208685163,3.338215043923242,0.5503182752981756,,811,,S2_ar0,R2A
R2,A,0.0,0.0,0,low,30.0,24,range_s_P0,ekf,,1.108852514997381,1.175558413330572,1.1375801513129957,3.8847438033669395,0.918097569352103,3.2545929007167924,2.339546675626533,0.0,0.027744270205066344,0.0,70.92180429975045,1.1763881200455286,0.023517382413087935,0.09815950920245399,0,195.60000000000002,979,1.0971700115616851,0.9651257686189054,0.018094089264173663,829,2.422430722227002,1.4967716768919173,0.09770808202653802,829,0.019300361881785282,0.7913148371531966,0.18335343787696018,0.49939686369119424,3.907713081961203,0.9281078811288814,,811,,S2_ar0,R2A
R2,A,0.0,0.0,0,low,30.0,25,range_s_P0,ekf,,0.47097908334700067,0.5334909286322225,0.5636519461166037,3.5169904760868866,0.3268006616336551,1.4154499406406584,1.630497565368366,0.0,0.007237635705669481,0.0,10.847751803849913,0.9227851606110153,0.002044989775051125,0.09918200408997956,0,195.60000000000002,979,0.9593501132388557,0.9444488198379323,0.0024125452352231624,829,2.5408089382985897,1.626507655660655,0.10494571773220751,829,0.0012062726176115801,0.3956574185765983,0.5621230398069964,0.5416164053075995,3.54889291554247,0.3302652371285002,,811,,S2_ar0,R2A
R2,A,0.0,0.0,0,low,30.0,26,range_s_P0,ekf,,0.11916292098602617,0.06473873194958132,0.05198132489712049,7.626433269440849,1.250045940932588,1.014689725630248,3.9781236056415925,0.0,0.20386007237635706,0.0,108.03290013414814,1.2804371203294562,0.023517382413087935,0.09304703476482618,0,195.60000000000002,979,1.3899109007610841,1.1667785009424392,0.027744270205066313,829,2.3800950129291265,1.4938668688413423,0.09529553679131486,829,0.0,0.9252110977080821,0.06031363088057901,0.05186972255729795,7.6863965906689575,1.2637621107384778,,811,,S2_ar0,R2A
R2,A,0.0,0.0,0,low,30.0,27,range_s_P0,ekf,,0.5168599559894875,0.5427235225976972,0.3597411764008211,3.4167622767725128,0.4886695080443683,1.8621121864268044,1.4086645260509123,0.0,0.030156815440289506,0.0,10.292012644121284,0.9796017600243146,0.006134969325153374,0.11554192229038855,0,195.60000000000002,979,0.983480575720964,0.9418176382515354,0.006031363088057851,829,2.4518154480707057,1.457942211394711,0.10977080820265384,829,0.0,0.353437876960193,0.5090470446320868,0.6911942098914354,3.4505804451405178,0.4938972203936634,,811,,S2_ar0,R2A
R2,A,0.0,0.0,0,low,30.0,28,range_s_P0,ekf,,0.151129222000588,0.15004273625333764,0.029457485716207234,2.4066809241759892,0.3349477673985944,3.092974079931731,2.052684498065039,0.0,0.0,0.0,7.875949047544835,0.9892662075195154,0.007157464212678937,0.09815950920245399,0,195.60000000000002,979,1.062814942172816,1.0064064925856033,0.008443908323281013,829,2.294327572226558,1.4875679558103332,0.09650180940892639,829,0.0,0.24246079613992763,0.6260554885404102,0.7056694813027744,2.379796865895715,0.33856498018147035,,811,,S2_ar0,R2A
R2,A,0.0,0.0,0,low,30.0,29,range_s_P0,ekf,,0.2587786589787475,0.19042302196395403,0.22227814740876758,3.5041680605450805,0.2709729595958198,2.3166841534180254,2.4697970956274644,0.0,0.0,0.0,12.156830275883943,1.1557329869676818,0.011247443762781187,0.10224948875255624,0,195.60000000000002,979,1.191433124006241,1.1084827468908711,0.013268998793727338,829,2.470767146843934,1.601813852636667,0.09891435464414955,829,0.0,0.548854041013269,0.3546441495778046,0.4234016887816647,3.338390835913814,0.2733025461738616,,811,,S2_ar0,R2A
R2,A,0.0,0.0,0,low,30.0,30,range_s_P0,ekf,,0.8731143594029521,0.9383646008441766,0.908059347174682,4.5809242503479695,1.206898737066095,2.2456362184479848,1.2851128037861135,0.0,0.06513872135102533,0.0,96.46467025932608,1.1259694458584932,0.02556237218813906,0.10429447852760736,0,195.60000000000002,979,1.057030802873011,0.9175057326247196,0.018094089264173663,829,2.5031019855428935,1.5842246303055136,0.09891435464414955,829,0.0,0.9553679131483716,0.038600723763570564,0.5958986731001207,4.606300120907745,1.219977846430022,,811,,S2_ar0,R2A
R2,A,0.0,0.0,0,low,30.0,31,range_s_P0,ekf,,0.18788748504107494,0.2553906883589477,0.20393117329576974,10.863635846391531,1.6699229218838747,4.875991345775404,8.082385682107876,0.0,0.38600723763570566,0.0,261.037485523798,2.373672031193034,0.12167689161554192,0.09918200408997956,0,195.60000000000002,979,2.6015783485442507,1.0706092813058892,0.13872135102533167,829,2.428740864256052,1.5151303750018323,0.09770808202653802,829,0.0,0.8998793727382388,0.0856453558504222,0.08082026537997587,10.980721915520235,1.6882627100967438,,811,,S2_ar0,R2A
R2,A,0.0,0.0,0,low,30.0,32,range_s_P0,ekf,,0.25373803714037274,0.18591234824180314,0.13317005861819672,3.2337454445573584,0.39993479822435835,0.5642881208672094,1.565440611871493,0.0,0.0,0.0,7.891013082855762,1.1341875846668221,0.014314928425357873,0.09713701431492842,0,195.60000000000002,979,1.1407714521378107,1.0366266241327182,0.016887816646562137,829,2.3821925296513538,1.4979789796540937,0.09408926417370322,829,0.015681544028950542,0.3027744270205066,0.6405307599517491,0.594692400482509,3.2064205465853406,0.40422141377923876,,811,,S2_ar0,R2A
R2,A,0.0,0.0,0,low,30.0,33,range_s_P0,ekf,,0.36563734891515787,0.2973696340497347,0.2243287633175013,4.732591018423297,0.8855155299453021,4.547528155232842,2.0666379174224545,0.0,0.032569360675512665,0.0,40.579241050535416,1.2502285188472206,0.03680981595092025,0.09918200408997956,0,195.60000000000002,979,1.2761441121633812,0.9068299041715976,0.043425814234016924,829,2.3660480656850646,1.4329786106650884,0.09891435464414955,829,0.0,0.8902291917973462,0.09891435464414958,0.3618817852834741,4.736356484895305,0.8938386663866059,,811,,S2_ar0,R2A
R2,A,0.0,0.0,0,low,30.0,34,range_s_P0,ekf,,0.21084583300988163,0.27115795023099293,0.2532296178320309,12.612024040400174,1.4840221981710506,6.913726086043269,11.405595418090211,0.0,0.6212303980699638,0.0,365.4030541963988,2.7675112738483096,0.12065439672801637,0.10633946830265849,0,195.60000000000002,979,3.1631724879583643,1.3595484553903356,0.14234016887816647,829,2.5046591752320118,1.5841603227285792,0.10494571773220751,829,0.0,0.9698431845597105,0.027744270205066344,0.027744270205066344,12.74307602112508,1.5003856474430788,,811,,S2_ar0,R2A
R2,A,0.0,0.0,0,low,30.0,35,range_s_P0,ekf,,0.020709506768134708,0.08852883058133501,0.05024649092909582,9.901514459677264,2.2163245529088,3.6962055378038134,6.407167862198927,0.0,0.4028950542822678,0.0,296.16404700274484,1.6448244887589414,0.049079754601226995,0.12065439672801637,0,195.60000000000002,979,1.7902006683696283,1.316677852231812,0.05669481302774426,829,2.734543075685704,1.6052810016334274,0.12062726176115801,829,0.0,1.0,0.0,0.0,9.970621797075093,2.237394878558348,,811,,S2_ar0,R2A
R2,A,0.0,0.0,0,low,30.0,36,range_s_P0,ekf,,0.3445935617731851,0.4077687017220948,0.3140860013937034,7.181291236614059,0.6328902179823285,4.616419674218999,6.417216224533137,0.0,0.09288299155609167,0.0,75.55203224107616,1.1204282379959158,0.011247443762781187,0.09100204498977506,0,195.60000000000002,979,1.2246157119430567,1.1111567952344497,0.013268998793727338,829,2.3482716140762343,1.4589640644395219,0.0928829915560917,829,0.0012062726176115801,0.893848009650181,0.07478890229191798,0.03618817852834741,7.20915541992844,0.638733122465903,,811,,S2_ar0,R2A
R2,A,0.0,0.0,0,low,30.0,37,range_s_P0,ekf,,0.10723425499768086,0.1678004899593276,0.1874342233791449,2.5427250898723908,0.6227871089458855,0.8511859295663933,2.125701937220339,0.0,0.0,0.0,11.591186950450334,1.181147834327511,0.023517382413087935,0.1196319018404908,0,195.60000000000002,979,1.0404382417903435,0.9561490439210468,0.012062726176115812,829,2.582482729945411,1.5272999326394572,0.11700844390832332,829,0.0,0.5090470446320868,0.30759951749095293,0.6936067551266586,2.5445774036899027,0.6289375626018596,,811,,S2_ar0,R2A
R2,A,0.0,0.0,0,low,30.0,38,range_s_P0,ekf,,0.20634661261103945,0.13819110191924275,0.014596661607769366,3.3973956245921095,0.5279930486799607,1.7652216071976594,1.7214499259880447,0.0,0.0,0.0,12.169273343127442,1.0314999166614716,0.007157464212678937,0.11247443762781185,0,195.60000000000002,979,1.0785067698490145,1.024809222521416,0.008443908323281013,829,2.460205241033642,1.5656461170352398,0.10615199034981904,829,0.0,0.3691194209891435,0.5295536791314838,0.5379975874547648,3.434456888062786,0.5334168953520936,,811,,S2_ar0,R2A
R2,A,0.0,0.0,0,low,30.0,39,range_s_P0,ekf,,0.21349798245603363,0.18715082449476883,0.13080628601744576,6.819335823698182,0.3753440402508101,2.3741633859816362,8.937862483765363,0.0,0.16767189384800965,0.0,29.366901608428254,1.0125684870415248,0.02147239263803681,0.10429447852760736,0,195.60000000000002,979,0.830624982520799,0.7791099936067637,0.007237635705669487,829,2.501265172605272,1.5016137001714833,0.10615199034981904,829,0.012062726176115802,0.5838359469240049,0.40530759951749096,0.40651387213510254,6.886570826470243,0.37886723636493586,,811,,S2_ar0,R2A
R2,A,0.0,0.0,0,low,30.0,40,range_s_P0,ekf,,0.17936594927198835,0.1491995333331108,0.06894516377758414,6.059421911334965,1.2509734995695567,3.0690065437561276,2.54120521331984,0.0012062726176115801,0.10735826296743065,0.0,66.93528102247811,0.9720141449723829,0.009202453987730062,0.11042944785276074,0,195.60000000000002,979,1.0079371925803176,0.9417163565000205,0.00965018094089265,829,2.737752713082444,1.5747509600270069,0.11338962605548852,829,0.0,0.9034981905910736,0.07237635705669482,0.12545235223160434,6.104293701580616,1.2644089910519816,,811,,S2_ar0,R2A
R2,A,0.0,0.0,0,low,30.0,41,range_s_P0,ekf,,0.727389208418996,0.7883512071626103,0.7414423307196804,4.000895873669501,0.6415391509261945,2.2301847295955586,2.330791232393639,0.0,0.007237635705669481,0.0,44.24641594295574,1.3664966041680744,0.02147239263803681,0.081799591002045,0,195.60000000000002,979,0.9654476155033437,0.949365595566325,0.0024125452352231624,829,2.229311230124867,1.5253702924202066,0.07961399276236425,829,0.0,0.6079613992762364,0.3293124246079614,0.2822677925211098,3.9850014353962435,0.6469407860213215,,811,,S2_ar0,R2A
R2,A,0.0,0.0,0,low,30.0,42,range_s_P0,ekf,,0.3799166149764318,0.4476998864340203,0.600884559206852,5.696497157256301,0.6052503151046404,3.5528740438083477,3.382500705681139,0.0,0.08443908323281062,0.0,59.83653877757812,1.1028049992936317,0.005112474437627812,0.09202453987730061,0,195.60000000000002,979,1.0920716857667558,1.0540870989742928,0.006031363088057851,829,2.4081294127615123,1.5198275432223172,0.09650180940892639,829,0.0,0.971049457177322,0.015681544028950542,0.09650180940892641,5.5674863246052935,0.6089002374036986,,811,,S2_ar0,R2A
R2,A,0.0,0.0,0,low,30.0,43,range_s_P0,ekf,,0.2858831385419491,0.35063642429135156,0.37176612974305123,18.043598055664955,2.8622088978917875,10.252086707145168,14.840674769217623,0.39806996381182147,0.9155609167671894,0.0,965.0432964402873,5.0042582744041555,0.22597137014314927,0.1032719836400818,0,195.60000000000002,979,5.807615692490996,1.483189358520446,0.2665862484921593,829,2.613642558644747,1.629327839689512,0.10735826296743067,829,0.0,0.9396863691194209,0.05548854041013269,0.031363088057901084,18.224722781072664,2.893567520549982,,811,,S2_ar0,R2A
R2,A,0.0,0.0,0,low,30.0,44,range_s_P0,ekf,,0.555828393962903,0.4932920246910622,0.1490604572541015,3.5756761963618993,0.3840098833578633,0.14714411724333226,1.8240391680995527,0.0,0.0,0.0,8.057775155154532,0.912496506397753,0.0010224948875255625,0.07975460122699386,0,195.60000000000002,979,0.9770440601625715,0.9687597934368675,0.0012062726176115257,829,2.227636702611384,1.5017583866981994,0.07840772014475272,829,0.0,0.32448733413751507,0.5597104945717732,0.4499396863691194,3.5136623973235563,0.38815523694841536,,811,,S2_ar0,R2A
R2,A,0.0,0.0,0,low,30.0,45,range_s_P0,ekf,,0.21982187718756943,0.2599173187102513,0.1453706932272442,7.02265604582151,0.34314254334312794,2.3051611784311374,5.764009180971983,0.0,0.1700844390832328,0.0,91.66142444336087,1.5612564101817017,0.04703476482617587,0.10633946830265849,0,195.60000000000002,979,1.7002269864606787,1.2356200736094907,0.0542822677925211,829,2.5369039751451194,1.6405776921563509,0.10132689987937271,829,0.0,0.9831121833534379,0.0,0.06031363088057901,6.857309500095043,0.336674720137197,,811,,S2_ar0,R2A
R2,A,0.0,0.0,0,low,30.0,46,range_s_P0,ekf,,0.22921051625749927,0.2795765089055169,0.1753576536377373,10.280172562051611,1.2789578092183258,4.6751037331025005,7.1531722988783715,0.0,0.36308805790108567,0.0,234.71733296138683,1.5062666952417896,0.04703476482617587,0.08997955010224949,0,195.60000000000002,979,1.4047724853330295,1.021641469825201,0.03739445114595896,829,2.3724160697768224,1.4820133163624065,0.09770808202653802,829,0.0,0.9493365500603136,0.04825090470446321,0.020506634499396863,10.381611686233935,1.292595209497716,,811,,S2_ar0,R2A
R2,A,0.0,0.0,0,low,30.0,47,range_s_P0,ekf,,0.3389891916814217,0.288553495984376,0.22432675581176015,7.4728735083121665,0.8225813893261096,1.6159590350821054,2.6640521466428218,0.0,0.23039806996381182,0.0,64.61861243871331,1.6667501179391926,0.05623721881390593,0.1032719836400818,0,195.60000000000002,979,1.812890313243222,1.1952065381095587,0.06513872135102539,829,2.5124898906898503,1.5788625750074134,0.10132689987937271,829,0.0,0.9698431845597105,0.010856453558504222,0.28950542822677927,7.326799648968286,0.8309742448194857,,811,,S2_ar0,R2A
R2,A,0.0,0.0,0,low,30.0,48,range_s_P0,ekf,,0.3598765648336015,0.4184185504040798,0.5020252201114899,3.2735516162692613,0.4207603272278858,2.586663399334113,2.7101635355244116,0.0,0.0,0.0,20.68013921259019,0.9416775810994134,0.011247443762781187,0.1032719836400818,0,195.60000000000002,979,0.9549591709004414,0.872356357733884,0.010856453558504175,829,2.5603642964229296,1.584346238821454,0.10373944511459587,829,0.0,0.5705669481302774,0.3474065138721351,0.5295536791314838,3.298258549729554,0.4252433185017138,,811,,S2_ar0,R2A
R2,A,0.0,0.0,0,low,30.0,49,range_s_P0,ekf,,0.11529948037861222,0.18138205705955152,0.052927496776428766,5.4434705933664365,0.3918897041930797,0.7461688734504578,4.890607143485185,0.0,0.054282267792521106,0.0,47.9291423635283,1.056699555948468,0.017382413087934562,0.1032719836400818,0,195.60000000000002,979,1.1317416534840494,0.9567224691498313,0.020506634499396825,829,2.3692596004036592,1.4545929453937263,0.10132689987937271,829,0.008443908323281062,0.7503015681544029,0.22919179734620024,0.24125452352231605,5.4468237307114835,0.3942619788995908,,811,,S2_ar0,R2A
R2,A,0.0,0.0,1,mid,30.0,0,range_s_P0,ekf,,0.13573768368429842,0.08834392133198242,0.11455721742471983,10.959043654970491,1.7539804578922886,1.9258512443177311,8.956196461610523,0.026537997587454766,0.46562123039806996,0.0,311.7580896553388,1.6547806453005656,0.05112474437627812,0.10531697341513292,0,195.60000000000002,979,1.7840283266689698,1.195565106866918,0.06031363088057906,829,2.543207805344451,1.5900438372590107,0.09770808202653802,829,0.0,1.0,0.0,0.12545235223160434,11.0746858599742,1.772565525484271,,811,,S2_ar0,R2A
R2,A,0.0,0.0,1,mid,30.0,1,range_s_P0,ekf,,0.07966367609567034,0.07190966171683871,0.09021746453002093,3.8185896088194915,0.38718168286016924,1.9504323436970583,1.707489618354223,0.0,0.022919179734620022,0.0,7.912115679705824,1.2581885123924166,0.006134969325153374,0.1165644171779141,0,195.60000000000002,979,1.3018550701600675,1.263895048433302,0.006031363088057851,829,2.6620233729354834,1.587090913928409,0.12062726176115801,829,0.0036188178528347406,0.2677925211097708,0.6815440289505428,0.5657418576598311,3.8511539143302858,0.39116804202915945,,811,,S2_ar0,R2A
R2,A,0.0,0.0,1,mid,30.0,2,range_s_P0,ekf,,0.21984323291018867,0.1701633819702582,0.08872160873940643,3.2928389444000246,0.18937806729058063,2.87269941235923,2.2595137792686133,0.0,0.019300361881785282,0.0,9.820114482258406,0.9572623069735774,0.007157464212678937,0.10429447852760736,0,195.60000000000002,979,0.9523903466643204,0.8895298641345015,0.008443908323281013,829,2.4543015199909273,1.5655310693049727,0.10253317249698435,829,0.006031363088057901,0.36670687575392036,0.5585042219541616,0.4330518697225573,3.1219392857050705,0.19045182499517002,,811,,S2_ar0,R2A
R2,A,0.0,0.0,1,mid,30.0,3,range_s_P0,ekf,,0.2329970266056389,0.1930847907108813,0.0723334338279538,5.7369593045745955,1.5323793981629839,0.3062846108306609,4.33689936794593,0.0,0.08926417370325694,0.0,109.67133675719803,1.091711668777944,0.02147239263803681,0.11860940695296524,0,195.60000000000002,979,1.0410796566819522,0.8781036800895317,0.021712907117008462,829,2.696995773917325,1.5549819507782496,0.12062726176115801,829,0.0,0.9469240048250904,0.04342581423401689,0.39806996381182147,5.779080863192635,1.547729752061193,,811,,S2_ar0,R2A
R2,A,0.0,0.0,1,mid,30.0,4,range_s_P0,ekf,,0.40902996386065166,0.4760748997105341,0.46990165267680123,5.508160803688889,0.5214069921244852,7.40514688402351,3.82229155331324,0.0,0.06031363088057901,0.0,33.644676452870414,1.1704865693215902,0.006134969325153374,0.10122699386503067,0,195.60000000000002,979,1.200216876327164,1.1690921724327732,0.004825090470446325,829,2.459049496798175,1.547909368272379,0.10132689987937271,829,0.0,0.8431845597104946,0.10856453558504221,0.0856453558504222,5.457393902637523,0.5252734722094212,,811,,S2_ar0,R2A
R2,A,0.0,0.0,1,mid,30.0,5,range_s_P0,ekf,,0.15395531849845118,0.18765820155279678,0.10916518375561457,7.847003835562812,1.7792806110351804,2.251419435323537,5.819174668140774,0.0,0.17611580217129072,0.0,152.02384257478303,1.251883154650127,0.03680981595092025,0.09304703476482618,0,195.60000000000002,979,1.2926031627800532,0.9158814132079156,0.04221954161640529,829,2.367373889566508,1.6066572815064477,0.08564535585042221,829,0.0,0.9963811821471653,0.0,0.10615199034981906,7.87083320456641,1.7943206004462606,,811,,S2_ar0,R2A
R2,A,0.0,0.0,1,mid,30.0,6,range_s_P0,ekf,,0.3230812479488401,0.2554463036366321,0.09086263338728236,8.691492122682556,1.2444455876022054,3.4161994605541386,1.2939720866995932,0.009650180940892641,0.3232810615199035,0.0,133.1178683951904,1.177247446322927,0.0081799591002045,0.10736196319018405,0,195.60000000000002,979,1.2132846365214973,1.1484229571645763,0.00965018094089265,829,2.455882501573513,1.4837688347816163,0.10615199034981904,829,0.0,0.9215922798552473,0.06513872135102533,0.4487334137515078,8.585774931826963,1.257907598637981,,811,,S2_ar0,R2A
R2,A,0.0,0.0,1,mid,30.0,7,range_s_P0,ekf,,0.7024816126134318,0.770833210650083,0.7646051070869715,3.602283026102809,1.0457655558149195,2.7342753805231816,1.8088511703534107,0.0,0.027744270205066344,0.0,96.13254055755837,1.176715465345335,0.022494887525562373,0.08588957055214724,0,195.60000000000002,979,1.1957692329446243,0.9870829104017578,0.02533172496984315,829,2.3869312445970703,1.6151182497328858,0.08323281061519905,829,0.0,0.9312424607961399,0.06634499396863691,0.5874547647768396,3.6310613468095205,1.0572559241061468,,811,,S2_ar0,R2A
R2,A,0.0,0.0,1,mid,30.0,8,range_s_P0,ekf,,0.15016097473153614,0.08845004415875389,0.1981450965848437,3.0803637987128702,0.3278019277694714,1.707070814106799,1.6017376107710095,0.0,0.0,0.0,11.946427037897726,1.0910101407791801,0.022494887525562373,0.10429447852760736,0,195.60000000000002,979,1.0966555948176773,0.8956405890207116,0.022919179734619988,829,2.7044763157500644,1.6365371428992228,0.11097708082026536,829,0.013268998793727383,0.6127864897466827,0.34378769601930037,0.6622436670687576,3.0702603230401393,0.32287312048523537,,811,,S2_ar0,R2A
R2,A,0.0,0.0,1,mid,30.0,9,range_s_P0,ekf,,0.10254827718109746,0.03892290601088302,0.1288879009791362,4.589949104410112,0.28764991619758673,0.2899400152856941,1.8700331018584404,0.0,0.024125452352231604,0.0,18.60761025001031,1.1189101943812325,0.00408997955010225,0.09406952965235174,0,195.60000000000002,979,1.0561605593594436,1.0255704889717256,0.004825090470446325,829,2.4705010641980896,1.5794954376231807,0.09408926417370322,829,0.0,0.5585042219541616,0.39927623642943305,0.4209891435464415,4.4896404648068104,0.2714664508703126,,811,,S2_ar0,R2A
R2,A,0.0,0.0,1,mid,30.0,10,range_s_P0,ekf,,0.49156324224160997,0.5598998128616862,0.5050090389115612,5.671773083883071,0.7640269057856584,2.7692813096473663,3.4541649495195617,0.0,0.10012062726176116,0.0,51.174024254995295,1.498206811607555,0.026584867075664622,0.09713701431492842,0,195.60000000000002,979,1.669517411541507,1.4541003057918105,0.03136308805790111,829,2.3026643525677586,1.4469631301962111,0.09529553679131486,829,0.0,0.8528347406513872,0.07478890229191798,0.16887816646562123,5.727916822691152,0.7711102603355304,,811,,S2_ar0,R2A
R2,A,0.0,0.0,1,mid,30.0,11,range_s_P0,ekf,,0.23570085275795122,0.29702422773429815,0.3563161094259465,10.169058944162625,1.4305945549938772,8.106066037048954,7.808058275839937,0.0036188178528347406,0.3606755126658625,0.0,219.17188198296603,1.4936840595329988,0.02965235173824131,0.10429447852760736,0,195.60000000000002,979,1.600957402669229,1.2029747621026514,0.033775633293124274,829,2.3212163143420255,1.3907877289180943,0.10615199034981904,829,0.0,0.9047044632086851,0.09047044632086852,0.07720144752714113,10.279147358281318,1.4463662096184813,,811,,S2_ar0,R2A
R2,A,0.0,0.0,1,mid,30.0,12,range_s_P0,ekf,,0.2938745744773567,0.29720014375383647,0.19275675325977962,10.719077420657344,0.9843939680228562,4.415265947460787,4.605185476020001,0.031363088057901084,0.4041013268998794,0.0,318.2946963031495,1.714831750153188,0.041922290388548056,0.1114519427402863,0,195.60000000000002,979,1.787740075834031,1.4359859948622051,0.045838359469240086,829,2.470574642350283,1.5067133062166036,0.10253317249698435,829,0.0,1.0,0.0,0.028950542822677925,10.833033492465596,0.9944299420913363,,811,,S2_ar0,R2A
R2,A,0.0,0.0,1,mid,30.0,13,range_s_P0,ekf,,1.032909292131175,0.9827060013094645,1.0001110034187275,13.445362952842189,0.6995252321402678,9.77616385341032,17.3041598656405,0.12907117008443908,0.6188178528347407,0.0,132.93790231010857,2.214410133069412,0.0736196319018405,0.13190184049079753,0,195.60000000000002,979,2.401953135182737,1.686758194304431,0.08564535585042221,829,2.8386337079528166,1.5832653079983314,0.13872135102533167,829,0.0,0.7406513872135102,0.24125452352231605,0.2858866103739445,13.589540109455356,0.7070953468370559,,811,,S2_ar0,R2A
R2,A,0.0,0.0,1,mid,30.0,14,range_s_P0,ekf,,0.5812183194331187,0.5209001765242027,0.4967030741906442,4.552451966897023,0.2968110142738034,7.673763624715009,2.6661014170775714,0.0,0.03498190591073583,0.0,16.465577290131023,1.3838872052338271,0.026584867075664622,0.10633946830265849,0,195.60000000000002,979,1.2585946341928436,1.1306109381606821,0.016887816646562137,829,2.3458520109477554,1.4439830067412458,0.10373944511459587,829,0.006031363088057901,0.3823884197828709,0.5814234016887817,0.5162846803377563,4.6020901754266905,0.2998824096016282,,811,,S2_ar0,R2A
R2,A,0.0,0.0,1,mid,30.0,15,range_s_P0,ekf,,0.34706142974827314,0.407184993588763,0.272522803034082,7.747688496535881,1.64635883993558,5.549923331211705,5.369268011282332,0.0,0.16767189384800965,0.0,158.10522933526838,1.4212806430922127,0.032719836400818,0.09304703476482618,0,195.60000000000002,979,1.35381675647305,1.1190224507251139,0.030156815440289475,829,2.317325428858731,1.4728645978539257,0.09529553679131486,829,0.0,0.9203860072376358,0.03498190591073583,0.18094089264173704,7.7848190805010296,1.6640337861155166,,811,,S2_ar0,R2A
R2,A,0.0,0.0,1,mid,30.0,16,range_s_P0,ekf,,0.17136857111478684,0.20535462176738906,0.09405671792865908,11.472945776850091,2.5531802228178244,4.406886823451849,5.300296233822483,0.07599517490952955,0.43063932448733416,0.0,455.25224595962004,2.120102515472726,0.08077709611451943,0.11247443762781185,0,195.60000000000002,979,2.28390662092057,1.2199252251503876,0.09408926417370322,829,2.4676895671463597,1.5254912080059426,0.10373944511459587,829,0.0,1.0,0.0,0.021712907117008445,11.429051574776697,2.5790846983569184,,811,,S2_ar0,R2A
R2,A,0.0,0.0,1,mid,30.0,17,range_s_P0,ekf,,0.6728266452831053,0.6115093690386361,0.411233652137061,5.558854718400791,0.7275153814187632,7.53787415955393,3.563457455905856,0.0,0.097708082026538,0.0,27.209594489990117,1.172907108617651,0.011247443762781187,0.10429447852760736,0,195.60000000000002,979,1.1926539857032816,1.1007023358586678,0.013268998793727338,829,2.540633790470033,1.5524639166474912,0.10373944511459587,829,0.0,0.6477683956574186,0.32569360675512665,0.4644149577804584,5.608568504146932,0.7355289532480082,,811,,S2_ar0,R2A
R2,A,0.0,0.0,1,mid,30.0,18,range_s_P0,ekf,,0.4525980917785972,0.4089674769780008,0.2681952232421469,7.195802449737393,0.8965925462494658,4.893265603104143,4.863968676874767,0.0,0.15681544028950542,0.0,49.721608805264985,1.172245663715409,0.026584867075664622,0.09100204498977506,0,195.60000000000002,979,1.2660707013147328,0.902115905541416,0.03136308805790111,829,2.153815450343844,1.4805750228241659,0.07720144752714109,829,0.0,0.8190591073582629,0.14354644149577805,0.09288299155609167,7.274786275361378,0.9064513004585242,,811,,S2_ar0,R2A
R2,A,0.0,0.0,1,mid,30.0,19,range_s_P0,ekf,,0.23921348147877883,0.25389067839304896,0.08000149897835442,9.468576866451816,1.6486650668513658,5.945838374912761,8.452149083559439,0.0,0.3594692400482509,0.0,210.25863872785484,1.4005373842005797,0.041922290388548056,0.1032719836400818,0,195.60000000000002,979,1.5042070454629466,1.1173606566866106,0.049457177322074775,829,2.272252565121321,1.436455807236558,0.09529553679131486,829,0.0,1.0,0.0,0.1773220747889023,9.57277728143037,1.666153908618758,,811,,S2_ar0,R2A
R2,A,0.0,0.0,1,mid,30.0,20,range_s_P0,ekf,,1.271489814095001,1.3396065941886046,1.4140551135219537,3.225903128388685,0.5597296664589814,6.137039966774272,2.7194672812504153,0.0,0.0,0.0,31.423073121983727,0.9280222011686606,0.00408997955010225,0.10224948875255624,0,195.60000000000002,979,0.9700387999494169,0.934997881553482,0.004825090470446325,829,2.444672389647433,1.5003150498265136,0.09770808202653802,829,0.0,0.5536791314837153,0.39324487334137515,0.5440289505428226,3.248655952109748,0.5657414976175239,,811,,S2_ar0,R2A
R2,A,0.0,0.0,1,mid,30.0,21,range_s_P0,ekf,,0.2990830335032197,0.25642060255974747,0.2451951449746508,4.167646273272725,1.4661110322777586,0.17797802991643336,1.9575884483611086,0.0,0.04945717732207479,0.0,75.15026256219525,1.4077358448474768,0.032719836400818,0.11451942740286299,0,195.60000000000002,979,1.4419305714210287,1.0776624271737334,0.03739445114595896,829,2.4961319925095857,1.4742881204185425,0.1085645355850422,829,0.0,0.9927623642943305,0.0036188178528347406,0.5633293124246079,4.209129300391678,1.4770486671430847,,811,,S2_ar0,R2A
R2,A,0.0,0.0,1,mid,30.0,22,range_s_P0,ekf,,0.08892440716142938,0.15698689574997413,0.1913040836768214,5.522150873971869,0.4825284923940713,1.8890283140540336,3.513311772841399,0.0,0.10494571773220748,0.0,39.24725082939576,1.5216169085733344,0.03067484662576687,0.09100204498977506,0,195.60000000000002,979,1.6479359889578795,1.3997888242567695,0.0349819059107358,829,2.294218747109033,1.4753823098810739,0.0892641737032569,829,0.0,0.8492159227985525,0.1158021712907117,0.19300361881785283,5.333262098860556,0.4834733761235255,,811,,S2_ar0,R2A
R2,A,0.0,0.0,1,mid,30.0,23,range_s_P0,ekf,,1.0386530956190376,1.1070079951797345,1.07091447809485,4.064865759480671,0.5749987139849947,4.760360057439706,3.940877517413069,0.0,0.0,0.0,56.03064635058783,1.180812224478266,0.017382413087934562,0.10020449897750511,0,195.60000000000002,979,1.017546963797655,0.9580923783372844,0.00965018094089265,829,2.408633838126082,1.6311296189547564,0.0928829915560917,829,0.013268998793727383,0.4945717732207479,0.4837153196622437,0.45958986731001206,4.0320888983419545,0.5812058060673311,,811,,S2_ar0,R2A
R2,A,0.0,0.0,1,mid,30.0,24,range_s_P0,ekf,,0.37934719541683576,0.3110028912607439,0.3470388610338296,9.368764565432429,1.2246393074813675,5.669697263264283,3.3110964620977854,0.016887816646562123,0.31845597104945716,0.0,168.83168028531338,1.4230902376238297,0.02556237218813906,0.09611451942740286,0,195.60000000000002,979,1.495760087900912,1.2747468776430364,0.030156815440289475,829,2.495715011228027,1.5711923368745184,0.09770808202653802,829,0.0,1.0,0.0,0.1712907117008444,9.439548483554384,1.2367148940201935,,811,,S2_ar0,R2A
R2,A,0.0,0.0,1,mid,30.0,25,range_s_P0,ekf,,0.18732591784728883,0.24618413063141312,0.2757275255498268,4.759183996486625,0.9219434763058152,3.7868004412538583,2.1611734139668926,0.0,0.05910735826296743,0.0,54.37296816201321,1.1047683981484135,0.010224948875255624,0.10429447852760736,0,195.60000000000002,979,1.161865238318594,1.058442431271557,0.012062726176115812,829,2.536420481314671,1.5702857309985943,0.10373944511459587,829,0.0,0.879372738238842,0.097708082026538,0.3353437876960193,4.809080148473976,0.9319206725810689,,811,,S2_ar0,R2A
R2,A,0.0,0.0,1,mid,30.0,26,range_s_P0,ekf,,0.37784445417776763,0.32546983294478105,0.21450621046001989,9.006389164080414,2.0192686426160087,1.3428422313252626,2.783654650203541,0.033775633293124246,0.3100120627261761,0.0,205.40870795821928,1.7891693157969093,0.05725971370143149,0.12678936605316973,0,195.60000000000002,979,1.3130371097021407,1.076890934521818,0.027744270205066313,829,2.739249864521239,1.4684293954883443,0.13027744270205066,829,0.0,1.0,0.0,0.24849215922798554,9.028198593043614,2.040323826543092,,811,,S2_ar0,R2A
R2,A,0.0,0.0,1,mid,30.0,27,range_s_P0,ekf,,0.363733363697272,0.3042927044614456,0.23139327736662624,10.988747323515248,1.5793460102776455,5.87861365641873,10.60967337716916,0.0,0.7322074788902292,0.0,189.69147692638575,1.2324142235293403,0.018404907975460124,0.0869120654396728,0,195.60000000000002,979,1.3489657243619717,1.1411576092186837,0.021712907117008462,829,2.2879315077751254,1.522950576531211,0.08564535585042221,829,0.0,1.0,0.0,0.0,10.994346536157815,1.5960925501990102,,811,,S2_ar0,R2A
R2,A,0.0,0.0,1,mid,30.0,28,range_s_P0,ekf,,0.1798820906809809,0.220285696957895,0.09531782317348068,5.364291761515785,1.3454696282338818,2.4410328765026126,3.3238036695754523,0.0,0.05548854041013269,0.0,70.03820524745437,1.0516763031919771,0.02044989775051125,0.09815950920245399,0,195.60000000000002,979,1.0891242544622182,0.8617776932437167,0.024125452352231624,829,2.4262611032188226,1.5607410026145114,0.09529553679131486,829,0.0,0.9975874547647768,0.0,0.18697225572979492,5.246165165461201,1.3558687095745958,,811,,S2_ar0,R2A
R2,A,0.0,0.0,1,mid,30.0,29,range_s_P0,ekf,,0.3542009986257996,0.4136634199061598,0.36663190293604625,7.09021829620104,0.3695052017272241,5.07781893903975,6.5070533589349235,0.0,0.09408926417370325,0.0,76.66331694486817,1.3995615373631796,0.03067484662576687,0.09202453987730061,0,195.60000000000002,979,1.5372188101331437,1.21593775356189,0.03618817852834744,829,2.287469536634723,1.4938234708090112,0.0892641737032569,829,0.0,0.9010856453558505,0.08082026537997587,0.10012062726176116,7.1377848928276615,0.37324505997263296,,811,,S2_ar0,R2A
R2,A,0.0,0.0,1,mid,30.0,30,range_s_P0,ekf,,0.2016581669292707,0.23619144972871065,0.166581003436958,4.551664806742163,0.6493945993323753,0.7796401163419969,2.483041150108243,0.0,0.054282267792521106,0.0,34.55497370761891,1.30564664969401,0.027607361963190184,0.11860940695296524,0,195.60000000000002,979,1.2012304128957845,1.0496846029289344,0.021712907117008462,829,2.5501951952207893,1.6148101932468255,0.11700844390832332,829,0.0,0.8709288299155609,0.07840772014475271,0.3172496984318456,4.349851002696353,0.6529588240274754,,811,,S2_ar0,R2A
R2,A,0.0,0.0,1,mid,30.0,31,range_s_P0,ekf,,0.052367774946704304,0.06638792387203789,0.027047044255878967,7.149157870001824,0.9391138290862856,1.867704950111188,5.564643673347607,0.0,0.18938480096501809,0.0,97.63917402800656,1.130179354704631,0.011247443762781187,0.11758691206543967,0,195.60000000000002,979,1.1533975988959755,1.0459965331325924,0.013268998793727338,829,2.6576741870472946,1.618230067610569,0.11700844390832332,829,0.0,0.7973462002412546,0.16043425814234016,0.1097708082026538,7.141633704524702,0.9487644411928223,,811,,S2_ar0,R2A
R2,A,0.0,0.0,1,mid,30.0,32,range_s_P0,ekf,,0.13541759281605176,0.06729043872591443,0.05887045660795246,8.12549995531299,1.625326996014352,0.1798610815080229,3.202638475155858,0.0,0.2822677925211098,0.0,122.48442424364568,1.1211375440554714,0.02147239263803681,0.10531697341513292,0,195.60000000000002,979,0.9356528720205758,0.8525979690786074,0.010856453558504175,829,2.5162355136539776,1.5378144293102858,0.10373944511459587,829,0.009650180940892641,0.9131483715319663,0.08443908323281062,0.09047044632086852,7.968603379311184,1.6382883349221542,,811,,S2_ar0,R2A
R2,A,0.0,0.0,1,mid,30.0,33,range_s_P0,ekf,,0.2733310112084969,0.328970103608549,0.3864827390965988,6.038605449602077,0.6913399554918799,3.4855846140578155,2.1619744365705635,0.0,0.12424607961399277,0.0,26.620855488651568,1.5228012995474987,0.02965235173824131,0.10633946830265849,0,195.60000000000002,979,1.7284543476651475,1.4453875657017476,0.0349819059107358,829,2.5784954869229337,1.5623850225133544,0.10373944511459587,829,0.0,0.7478890229191797,0.17490952955367914,0.33293124246079614,6.0753603306199695,0.6981806622733565,,811,,S2_ar0,R2A
R2,A,0.0,0.0,1,mid,30.0,34,range_s_P0,ekf,,0.6316800496368113,0.6997721992325417,0.7251891640751048,5.953976461640653,0.8972558469740397,2.9923289625363383,2.638291876735255,0.0,0.1700844390832328,0.0,47.34355278904619,1.1598707866309002,0.023517382413087935,0.08384458077709611,0,195.60000000000002,979,1.1581712351580211,0.9538027737985225,0.02533172496984315,829,2.2615257406776954,1.4683045635915093,0.08564535585042221,829,0.0,0.8214716525934861,0.16646562123039807,0.3413751507840772,5.9677206525555535,0.906820794292241,,811,,S2_ar0,R2A
R2,A,0.0,0.0,1,mid,30.0,35,range_s_P0,ekf,,0.22549336120061647,0.2887315781917324,0.2007524231686713,2.9738317135932015,0.5402723477073718,2.8604070065423057,2.7407701897574257,0.0,0.0,0.0,12.943460254336015,0.9399238317841491,0.006134969325153374,0.10020449897750511,0,195.60000000000002,979,0.9381206652698922,0.8890504538757892,0.007237635705669487,829,2.453304548105867,1.5790858412393096,0.09891435464414955,829,0.0,0.6188178528347407,0.32448733413751507,0.5850422195416164,2.87951451686749,0.5444331242731879,,811,,S2_ar0,R2A
R2,A,0.0,0.0,1,mid,30.0,36,range_s_P0,ekf,,0.0854499995064336,0.14724737844173122,0.06560123807203186,11.419085046120646,1.6373384703854896,4.6173462785287125,8.787151665093484,0.04945717732207479,0.4692400482509047,0.0,307.51484409337434,2.389185193201374,0.11042944785276074,0.11042944785276074,0,195.60000000000002,979,2.5412843802173226,1.0961599719928448,0.11942098914354649,829,2.70119630976894,1.553767450360347,0.11942098914354649,829,0.0024125452352231603,0.827503015681544,0.16646562123039807,0.12424607961399277,11.541677487627501,1.6553228963795268,,811,,S2_ar0,R2A
R2,A,0.0,0.0,1,mid,30.0,37,range_s_P0,ekf,,0.25865816478749043,0.19038921598441488,0.16245607539974588,4.983528643744615,0.4376174985542896,0.8272960186944296,2.3188491111011063,0.0,0.06755126658624849,0.0,15.204842263233138,0.953889013970933,0.009202453987730062,0.1083844580777096,0,195.60000000000002,979,0.8875972846391801,0.8329581433530104,0.007237635705669487,829,2.384151571060397,1.4741193348528994,0.10132689987937271,829,0.0,0.5452352231604343,0.29071170084439085,0.4077201447527141,4.996535747792393,0.43948002918534057,,811,,S2_ar0,R2A
R2,A,0.0,0.0,1,mid,30.0,38,range_s_P0,ekf,,0.2719669525284379,0.20797668973732814,0.1010981488642101,5.086816736982333,0.5751520559803112,1.3159696656156283,2.1027901610338513,0.0,0.08323281061519903,0.0,16.71224111049471,1.0029152528530174,0.0010224948875255625,0.09713701431492842,0,195.60000000000002,979,1.0372473764657124,1.0282596577076395,0.0012062726176115257,829,2.3330787049580226,1.4763517248881635,0.09770808202653802,829,0.0,0.48612786489746684,0.45476477683956573,0.4161640530759952,5.109418863331828,0.5785413352878402,,811,,S2_ar0,R2A
R2,A,0.0,0.0,1,mid,30.0,39,range_s_P0,ekf,,0.31966243508588627,0.38644418819313714,0.30756787313197403,14.08051450034666,2.307492901741704,7.94806677555307,11.53136571091607,0.016887816646562123,0.7563329312424608,0.0,605.9135040127265,2.4840106603825403,0.081799591002045,0.09304703476482618,0,195.60000000000002,979,2.814841282835502,1.3874287860485517,0.09650180940892639,829,2.3930106942361506,1.597748286319279,0.0892641737032569,829,0.0,0.9939686369119421,0.0036188178528347406,0.047044632086851626,14.228978438128168,2.332203860300879,,811,,S2_ar0,R2A
R2,A,0.0,0.0,1,mid,30.0,40,range_s_P0,ekf,,0.1754524644800122,0.1489553870791971,0.07815423879658882,5.6383508617682825,0.938074620185486,1.787405903417814,0.9268067277989197,0.0,0.097708082026538,0.0,48.5203920226128,1.0560385742375478,0.0081799591002045,0.10122699386503067,0,195.60000000000002,979,1.09000673844591,1.0331031865159876,0.008443908323281013,829,2.541888557392336,1.535746994134534,0.10132689987937271,829,0.0,0.8443908323281062,0.13751507840772015,0.6007237635705669,5.603073689252233,0.9473108751589173,,811,,S2_ar0,R2A
R2,A,0.0,0.0,1,mid,30.0,41,range_s_P0,ekf,,1.34487607477877,1.411985526334783,1.391559890938149,5.795443549339378,0.8915010864779618,4.400667706550653,3.5157166588183157,0.0,0.08082026537997587,0.0,106.92368690093565,1.0946144763718477,0.006134969325153374,0.09611451942740286,0,195.60000000000002,979,1.102862757041782,1.0638597505487921,0.006031363088057851,829,2.4413553419444183,1.5263024360994464,0.09408926417370322,829,0.0,0.7490952955367913,0.21230398069963813,0.26537997587454765,5.684236871055051,0.9010438959918898,,811,,S2_ar0,R2A
R2,A,0.0,0.0,1,mid,30.0,42,range_s_P0,ekf,,0.47964779357588516,0.547666946792167,0.6969069289230598,6.341251469638509,0.962470112709549,2.9385998045779993,2.5815210984219084,0.0,0.18576598311218334,0.0,80.19089870011751,1.123316942367214,0.003067484662576687,0.07975460122699386,0,195.60000000000002,979,1.1754294589972563,1.147773095255759,0.003618817852834688,829,2.257898401813569,1.5203497778257655,0.08443908323281057,829,0.0,0.9903498190591074,0.0,0.4016887816646562,6.289938633528381,0.9724552346578743,,811,,S2_ar0,R2A
R2,A,0.0,0.0,1,mid,30.0,43,range_s_P0,ekf,,0.646936417279267,0.7109168081264404,0.7324699295331734,2.8222961814108776,0.7881373100467304,0.3589492541513258,1.854790065586852,0.0,0.0,0.0,34.263402801520506,1.1668541358650943,0.023517382413087935,0.10122699386503067,0,195.60000000000002,979,1.1484533245344701,0.931824311034418,0.026537997587454787,829,2.4001936517668625,1.491773109166156,0.10012062726176119,829,0.0,0.8721351025331725,0.1218335343787696,0.5585042219541616,2.8426553799390195,0.795699183081281,,811,,S2_ar0,R2A
R2,A,0.0,0.0,1,mid,30.0,44,range_s_P0,ekf,,0.4201042639484844,0.3565919728854694,0.09247691751261096,7.77385085755903,1.3959540150945842,3.1623674694483723,2.3783208638748192,0.0,0.2074788902291918,0.0,107.12971582606214,1.5772516587561776,0.044989775051124746,0.09100204498977506,0,195.60000000000002,979,1.5628646182622397,1.2440766383772677,0.0386007237635706,829,2.4514969664169,1.5952698882312493,0.0928829915560917,829,0.0,0.8817852834740652,0.10132689987937274,0.31363088057901084,7.839066952247038,1.4112055015615275,,811,,S2_ar0,R2A
R2,A,0.0,0.0,1,mid,30.0,45,range_s_P0,ekf,,0.271071848008427,0.2591827281037975,0.05615136006528308,14.52545327278077,1.8383010786882432,0.7993467684317414,5.012371666489289,0.27261761158021713,0.47889022919179736,0.0,446.9747028116775,3.7308871454051276,0.17586912065439672,0.1083844580777096,0,195.60000000000002,979,4.102861056523998,1.257292516006781,0.2014475271411339,829,2.573107251963583,1.532556994448744,0.112183353437877,829,0.0,0.9481302774427021,0.04342581423401689,0.07478890229191798,14.479937356669474,1.8584127793361718,,811,,S2_ar0,R2A
R2,A,0.0,0.0,1,mid,30.0,46,range_s_P0,ekf,,0.1649653813527816,0.21721095547613697,0.11574883399239577,12.712563045495793,1.4422226132569334,7.480815982311142,10.874841011729002,0.0,0.6550060313630881,0.0,475.71416159763083,1.9374728860854806,0.06339468302658487,0.1083844580777096,0,195.60000000000002,979,2.0881318961178974,1.3694886579838743,0.07478890229191792,829,2.6166628686222064,1.5510158853483837,0.11097708082026536,829,0.0,0.9083232810615199,0.08685162846803378,0.08082026537997587,12.851813927927099,1.4580711382435954,,811,,S2_ar0,R2A
R2,A,0.0,0.0,1,mid,30.0,47,range_s_P0,ekf,,0.425555969255546,0.49354125474881166,0.4832627446561831,10.37693291195842,1.1535316683388153,12.311243733106203,10.159956358226827,0.0,0.46682750301568154,0.0,257.9729631041419,1.390867988043733,0.027607361963190184,0.09406952965235174,0,195.60000000000002,979,1.253312769370055,1.0945849196434436,0.018094089264173663,829,2.3559389485760467,1.4782089637815548,0.09167671893848006,829,0.0,0.7937273823884198,0.18455971049457176,0.14837153196622438,10.489286816952038,1.1660909455555386,,811,,S2_ar0,R2A
R2,A,0.0,0.0,1,mid,30.0,48,range_s_P0,ekf,,0.8377231857891299,0.9051504955094991,0.9952796069847571,3.956087752157579,0.5691457771191154,1.6392711739342993,1.931142309390731,0.0,0.038600723763570564,0.0,36.270969293407106,1.1795421191018638,0.022494887525562373,0.09611451942740286,0,195.60000000000002,979,1.2108511227734593,0.9828019322023049,0.02533172496984315,829,2.4993737219340213,1.4964712052015003,0.10253317249698435,829,0.0012062726176115801,0.5464414957780458,0.41737032569360677,0.4101326899879373,3.8795459209840573,0.5744816381415605,,811,,S2_ar0,R2A
R2,A,0.0,0.0,1,mid,30.0,49,range_s_P0,ekf,,0.34509634127979644,0.2878898601949237,0.4220801824699478,9.838168064225385,1.4186365043568083,4.634859349579237,7.777963840079669,0.030156815440289506,0.30518697225572977,0.0,128.1875241989578,1.074713206604292,0.02044989775051125,0.10736196319018405,0,195.60000000000002,979,1.075167369515785,0.9281171240525631,0.0193003618817853,829,2.467847376433394,1.5348372114507902,0.10494571773220751,829,0.0012062726176115801,0.8383594692400482,0.1519903498190591,0.12545235223160434,9.92047895453181,1.4342245207789244,,811,,S2_ar0,R2A
R2,A,0.0,0.0,2,high,30.0,0,range_s_P0,ekf,,0.41013279694065374,0.4777735449845981,0.5284409499553451,8.575220939974184,1.1917163057967644,9.7791081533215,6.059594443346498,0.013268998793727383,0.27141133896260555,0.0,131.1650293912839,1.445825476725535,0.02965235173824131,0.09304703476482618,0,195.60000000000002,979,1.37901180072438,1.1330703205965262,0.02533172496984315,829,2.444694812745031,1.5163740679556665,0.09047044632086854,829,0.0,1.0,0.0,0.08202653799758745,8.668742424105993,1.2040003465428084,,811,,S2_ar0,R2A
R2,A,0.0,0.0,2,high,30.0,1,range_s_P0,ekf,,0.25968196929066223,0.32605507265461775,0.3426250714294847,8.731905439887957,1.1921315185285581,5.076786596340011,8.03677752964665,0.0,0.2316043425814234,0.0,173.41894882545262,1.5011191277700509,0.050102249488752554,0.10531697341513292,0,195.60000000000002,979,1.617250781993656,1.113808212741182,0.059107358262967424,829,2.4333730053368763,1.452976482765533,0.1085645355850422,829,0.0,0.7744270205066345,0.21712907117008443,0.22195416164053075,8.82502911059385,1.2052201934945754,,811,,S2_ar0,R2A
R2,A,0.0,0.0,2,high,30.0,2,range_s_P0,ekf,,0.671759587754857,0.6034060599398845,0.5951726412374501,8.182072525381061,1.380923231278861,8.72414066932374,3.1816680013502,0.0,0.3208685162846803,0.0,134.9288879048134,1.5038439624187618,0.0408997955010225,0.12372188139059305,0,195.60000000000002,979,1.5932957135602253,1.2092249791641654,0.04825090470446325,829,2.7143096102241793,1.6108068150047596,0.11700844390832332,829,0.0,0.9469240048250904,0.047044632086851626,0.19059107358262967,8.25595047456126,1.395940562382496,,811,,S2_ar0,R2A
R2,A,0.0,0.0,2,high,30.0,3,range_s_P0,ekf,,0.3985208966059827,0.3524036454744574,0.22281240302230623,6.199711441240314,0.4729475236278063,5.615848215403016,4.787851335343473,0.0,0.054282267792521106,0.0,24.94142084465761,1.213546875166588,0.026584867075664622,0.10429447852760736,0,195.60000000000002,979,1.340103426313325,0.9157181326428121,0.03136308805790111,829,2.489854479705662,1.5629878936943775,0.09408926417370322,829,0.0,0.9252110977080821,0.045838359469240045,0.06634499396863691,6.254269024334739,0.47781887956137964,,811,,S2_ar0,R2A
R2,A,0.0,0.0,2,high,30.0,4,range_s_P0,ekf,,1.0765535018620747,1.1444787352152828,1.1346183843898736,5.8022696734882135,1.0883209734516655,1.299888673066219,3.776566812121337,0.0,0.09047044632086852,0.0,68.1384088945637,1.0037270310383979,0.010224948875255624,0.10736196319018405,0,195.60000000000002,979,1.041997887706061,0.9614718390979082,0.012062726176115812,829,2.4085987415373036,1.481414387792901,0.10494571773220751,829,0.006031363088057901,0.8492159227985525,0.14837153196622438,0.1942098914354644,5.865637496357877,1.1002644668831347,,811,,S2_ar0,R2A
R2,A,0.0,0.0,2,high,30.0,5,range_s_P0,ekf,,2.3335175689729537,2.2893657000621563,2.1675298286349003,21.465830489993763,1.6336098476678684,20.291063209470785,26.290229711444013,0.6622436670687576,0.7635705669481303,0.0,704.2120931399504,1.8494238274702979,0.07259713701431493,0.20245398773006135,0,195.60000000000002,979,2.096878459466758,1.2106074590211218,0.08564535585042221,829,4.8215582908569345,1.664437334696529,0.22316043425814236,829,0.0,0.8962605548854041,0.0856453558504222,0.06996381182147166,21.6896280599395,1.6510177150835865,,811,,S2_ar0,R2A
R2,A,0.0,0.0,2,high,30.0,6,range_s_P0,ekf,,0.1733879731507713,0.11699326500623437,0.14105627747925437,3.9440028681419537,0.2860793598583934,3.820157564937096,3.9810537959149026,0.0,0.0,0.0,11.180800474975104,1.0434096521774656,0.010224948875255624,0.10020449897750511,0,195.60000000000002,979,1.0856516216943342,1.0078566790134553,0.010856453558504175,829,2.4536122543821377,1.6140499069601617,0.09529553679131486,829,0.030156815440289506,0.39806996381182147,0.5186972255729795,0.41857659831121835,3.9620828570072972,0.28902467821266165,,811,,S2_ar0,R2A
R2,A,0.0,0.0,2,high,30.0,7,range_s_P0,ekf,,0.15198927791528016,0.14569479353151377,0.0213639449535772,10.653535078878866,1.0413169469594241,4.59234734668373,7.837167601951955,0.0,0.5223160434258143,0.0,250.74100309250258,2.1474854122585003,0.07668711656441718,0.10429447852760736,0,195.60000000000002,979,2.376552541946043,1.282432554854772,0.09047044632086854,829,2.5659923420647592,1.5835363010678354,0.10615199034981904,829,0.0,1.0,0.0,0.0048250904704463205,10.742522805953083,1.0527248903143396,,811,,S2_ar0,R2A
R2,A,0.0,0.0,2,high,30.0,8,range_s_P0,ekf,,1.0784448805279718,1.1441999745917064,1.065025428622453,5.654136410500322,0.9434782737635655,4.5485025220116695,6.709721333633632,0.0,0.0,0.0,156.6018984840989,1.4695684579745252,0.027607361963190184,0.1196319018404908,0,195.60000000000002,979,1.3192471501158085,1.0722825991851497,0.027744270205066313,829,2.5590664198114594,1.5367247372283768,0.11821471652593485,829,0.0,1.0,0.0,0.255729794933655,5.623864559266762,0.9510807999618284,,811,,S2_ar0,R2A
R2,A,0.0,0.0,2,high,30.0,9,range_s_P0,ekf,,0.26990994820708525,0.32883227274503074,0.22536774413296595,9.933525089655372,2.194483300224948,4.875955353617338,8.31240589291888,0.0,0.316043425814234,0.0,301.7306696351536,1.7704510940825713,0.06748466257668712,0.1196319018404908,0,195.60000000000002,979,1.90471678910607,1.2372468333300954,0.07840772014475272,829,2.6464128747193016,1.5563892575251501,0.11821471652593485,829,0.0,1.0,0.0,0.19903498190591074,10.040662461720295,2.2169302389404195,,811,,S2_ar0,R2A
R2,A,0.0,0.0,2,high,30.0,10,range_s_P0,ekf,,0.21900919705734356,0.25668069420997897,0.11538685961321203,8.249435125777167,1.0580493610104063,3.4411530923190794,7.574800903742669,0.0,0.24246079613992763,0.0,124.63740040645459,1.8967574774994422,0.065439672801636,0.10633946830265849,0,195.60000000000002,979,2.064373303511351,1.2018358541714196,0.07478890229191792,829,2.5205884424290557,1.538235973017532,0.10735826296743067,829,0.0036188178528347406,0.7635705669481303,0.2147165259348613,0.20989143546441497,8.337709373257368,1.0696625815122132,,811,,S2_ar0,R2A
R2,A,0.0,0.0,2,high,30.0,11,range_s_P0,ekf,,0.14153809418869306,0.18662365370968825,0.2348831680501185,10.720541863576077,1.8670072748831137,3.349997208032915,3.2048896845755936,0.07720144752714113,0.376357056694813,0.0,264.41110202293737,1.7949973329055826,0.05214723926380368,0.09611451942740286,0,195.60000000000002,979,2.013539391945279,1.1347688083534424,0.06151990349819059,829,2.3486430217838685,1.4703820931450213,0.09650180940892639,829,0.0,1.0,0.0,0.20265379975874548,10.739827546277768,1.8862389601579135,,811,,S2_ar0,R2A
R2,A,0.0,0.0,2,high,30.0,12,range_s_P0,ekf,,1.0372320773195893,1.1000388784641375,1.1536207585190335,6.9218060823060155,1.1564324021809824,4.078978288614147,6.496112865383955,0.0,0.11459589867310012,0.0,214.48259409320661,2.0964825434340675,0.06032719836400818,0.10633946830265849,0,195.60000000000002,979,2.302959257493126,1.3889231529013555,0.07117008443908324,829,2.4399716311535973,1.4141183942174924,0.10735826296743067,829,0.0,0.9445114595898673,0.038600723763570564,0.15078407720144751,6.91423472430369,1.167209177710417,,811,,S2_ar0,R2A
R2,A,0.0,0.0,2,high,30.0,13,range_s_P0,ekf,,0.06653353116758569,0.13014268725443745,0.060590501833551705,9.627991754728322,2.2885612832335713,3.7778949351136477,3.1998450186563927,0.0,0.3413751507840772,0.0,324.66071029091523,1.318051182406613,0.017382413087934562,0.11042944785276074,0,195.60000000000002,979,1.3760765954493412,1.2457883691769787,0.020506634499396825,829,2.7613656499904997,1.557062095470632,0.11338962605548852,829,0.0,1.0,0.0,0.07237635705669482,9.577088539533452,2.312382927943612,,811,,S2_ar0,R2A
R2,A,0.0,0.0,2,high,30.0,14,range_s_P0,ekf,,0.16383906833565393,0.2223189368625209,0.20250996688341885,5.160546917340661,0.41524412470494426,2.083359265447412,2.8185439156094096,0.0,0.08685162846803378,0.0,34.28414028727939,1.2526701610435511,0.024539877300613498,0.09815950920245399,0,195.60000000000002,979,1.240033654896298,1.064839779615933,0.024125452352231624,829,2.2253053682393142,1.4654925554460068,0.0928829915560917,829,0.0,0.752714113389626,0.24125452352231605,0.24246079613992763,5.208955751163149,0.41871347162197825,,811,,S2_ar0,R2A
R2,A,0.0,0.0,2,high,30.0,15,range_s_P0,ekf,,0.19102762336687176,0.24855312555419287,0.11419050096435626,3.113942460289853,0.3455696228458135,2.904523370805776,2.062458245935677,0.0,0.0,0.0,12.069683133904094,1.2693491418901266,0.009202453987730062,0.10122699386503067,0,195.60000000000002,979,1.252940810394309,1.191385619976112,0.00965018094089265,829,2.3839923703626007,1.4574197414825263,0.09891435464414955,829,0.006031363088057901,0.3474065138721351,0.6031363088057901,0.6079613992762364,2.979530889435963,0.3407366218973723,,811,,S2_ar0,R2A
R2,A,0.0,0.0,2,high,30.0,16,range_s_P0,ekf,,0.6430326975705885,0.7113878862935026,0.7002920951518695,3.410728476840068,0.743939985373405,1.8412406410965243,2.1232607713007114,0.0,0.0,0.0,46.92608317942956,0.9021007386836477,0.002044989775051125,0.10940695296523517,0,195.60000000000002,979,0.8790456398308888,0.8720342228584055,0.0012062726176115257,829,2.526176049156666,1.5546233600131283,0.10373944511459587,829,0.0,0.7249698431845597,0.23281061519903498,0.4234016887816647,3.44751284444359,0.7520730328235374,,811,,S2_ar0,R2A
R2,A,0.0,0.0,2,high,30.0,17,range_s_P0,ekf,,0.24209658855517507,0.17823133484331533,0.022825119757850273,5.550496248650585,0.6878150467812874,0.740329684739539,1.3593208552142224,0.0,0.11942098914354644,0.0,21.095858223035226,0.7887884694965033,0.0081799591002045,0.10224948875255624,0,195.60000000000002,979,0.8527901516192136,0.770288451469131,0.00965018094089265,829,2.3928972582436008,1.4865619511303871,0.10012062726176119,829,0.0048250904704463205,0.6791314837153196,0.18697225572979492,0.41254523522316044,5.527096252499326,0.694594183956965,,811,,S2_ar0,R2A
R2,A,0.0,0.0,2,high,30.0,18,range_s_P0,ekf,,0.2924573211188459,0.2764921669571635,0.06024921488502802,4.485973269799493,0.38979699102372245,0.2850642270589908,4.727349176220425,0.0,0.0,0.0,14.061531716073173,1.3117445960448795,0.03374233128834356,0.09815950920245399,0,195.60000000000002,979,1.4108308616079703,0.9694240799914633,0.0386007237635706,829,2.4928346463870343,1.5486773262158784,0.09650180940892639,829,0.0,0.6899879372738239,0.25814234016887816,0.28950542822677927,4.535228004474403,0.393488736481058,,811,,S2_ar0,R2A
R2,A,0.0,0.0,2,high,30.0,19,range_s_P0,ekf,,0.3160068913989673,0.2901993941480224,0.10569731014207034,8.106390859659689,1.3495527927993831,1.0962356977417718,5.528274607096539,0.0,0.27020506634499397,0.0,131.55252644602672,1.242559777004887,0.02147239263803681,0.09611451942740286,0,195.60000000000002,979,1.2986017698959875,1.097824930524335,0.02533172496984315,829,2.48160048936951,1.527385786287407,0.09891435464414955,829,0.0,0.9746682750301568,0.018094089264173704,0.06393244873341375,8.189346463443941,1.3635604082343102,,811,,S2_ar0,R2A
R2,A,0.0,0.0,2,high,30.0,20,range_s_P0,ekf,,0.12424523837679159,0.057969160620692135,0.06221290420074996,11.491277696858619,2.0805062161781818,4.961757117321652,8.171113779456935,0.0,0.43063932448733416,0.0,382.7632521221242,1.3287530862600119,0.028629856850715747,0.1083844580777096,0,195.60000000000002,979,1.4315397846488462,1.027796510502108,0.033775633293124274,829,2.5650869005573584,1.5520500733435159,0.112183353437877,829,0.0,0.9867310012062727,0.010856453558504222,0.045838359469240045,11.615524853961503,2.10288181010509,,811,,S2_ar0,R2A
R2,A,0.0,0.0,2,high,30.0,21,range_s_P0,ekf,,0.14411296075593347,0.21113121887894284,0.18286160518208439,8.618898414798972,0.817392688058903,4.463562298709264,4.220442525340985,0.0,0.32448733413751507,0.0,151.9452849793246,1.855986494441201,0.0541922290388548,0.10940695296523517,0,195.60000000000002,979,1.4776097037607598,1.2855007775765133,0.02895054282267795,829,2.359117480071664,1.4481752770934826,0.10253317249698435,829,0.0,0.9433051869722557,0.04101326899879373,0.025331724969843185,8.698320984409397,0.8256513097568257,,811,,S2_ar0,R2A
R2,A,0.0,0.0,2,high,30.0,22,range_s_P0,ekf,,0.408627977891485,0.34875275999032573,0.30265718198927344,2.5871741445314287,0.7098632377927729,5.6542681789531315,1.6404521889684227,0.0,0.0,0.0,15.879299779661094,0.858345132432951,0.006134969325153374,0.10020449897750511,0,195.60000000000002,979,0.7989955016478687,0.7989955016478687,0.0,829,2.5909477262569562,1.5909621523830593,0.10253317249698435,829,0.0,0.8636911942098915,0.08926417370325694,0.7261761158021713,2.551190735536158,0.7144192553100914,,811,,S2_ar0,R2A
R2,A,0.0,0.0,2,high,30.0,23,range_s_P0,ekf,,0.9102441315640745,0.9776218949063096,0.9557337786047034,8.499549890268453,1.339239548030309,1.3448859108063056,2.467792913715795,0.0,0.28950542822677927,0.0,152.67279760111947,1.357769881280521,0.02965235173824131,0.09100204498977506,0,195.60000000000002,979,1.4209447121920233,1.0936363106833915,0.0349819059107358,829,2.318639668340261,1.5597081987895138,0.08082026537997589,829,0.0,1.0,0.0,0.30518697225572977,8.583313318476609,1.3509907550921363,,811,,S2_ar0,R2A
R2,A,0.0,0.0,2,high,30.0,24,range_s_P0,ekf,,0.19979974205335074,0.22593918417699974,0.14054789985128432,7.931004941479443,0.5848622969802009,4.643584357793105,8.21672767899479,0.0,0.19662243667068757,0.0,114.48060492305666,1.725573453915067,0.04703476482617587,0.10429447852760736,0,195.60000000000002,979,1.8261592038626895,1.1635711934456603,0.04825090470446325,829,2.431734508036875,1.4823239659556664,0.10373944511459587,829,0.0,0.8588661037394452,0.04945717732207479,0.18335343787696018,8.017530403497126,0.5903980743356948,,811,,S2_ar0,R2A
R2,A,0.0,0.0,2,high,30.0,25,range_s_P0,ekf,,0.42441512060218756,0.49058023494166714,0.5219997320095796,3.2786404247325294,0.9963389668677662,1.1037428540627157,1.7087030321658363,0.0,0.0,0.0,64.70123665484721,1.4985291353172465,0.053169734151329244,0.10736196319018405,0,195.60000000000002,979,1.4362412907468067,1.0193976784836691,0.049457177322074775,829,2.462198461722652,1.569678522066748,0.10373944511459587,829,0.0,0.8612786489746683,0.13630880579010857,0.6779252110977081,3.286717694538357,1.00731447248544,,811,,S2_ar0,R2A
R2,A,0.0,0.0,2,high,30.0,26,range_s_P0,ekf,,0.2242816951695464,0.15959846436141595,0.09298092042074915,2.4251017339773577,0.7640264332296931,0.4387820584089186,1.7769536981942975,0.0,0.0,0.0,18.436335353402118,0.7586792845152268,0.0010224948875255625,0.10224948875255624,0,195.60000000000002,979,0.7677090436970736,0.7592724193753595,0.0012062726176115257,829,2.3696698634117115,1.559333953753491,0.0892641737032569,829,0.0,0.9493365500603136,0.025331724969843185,0.6972255729794934,2.442510155069444,0.7698558431613184,,811,,S2_ar0,R2A
R2,A,0.0,0.0,2,high,30.0,27,range_s_P0,ekf,,0.4146772543282302,0.3704076271838703,0.1423239987837864,2.919396895303211,0.49225093050239144,3.959510284629624,1.4263302803270794,0.0,0.008443908323281062,0.0,12.866343726982928,1.0561048961927226,0.019427402862985686,0.1278118609406953,0,195.60000000000002,979,0.8164923543287502,0.7997076220509981,0.0024125452352231624,829,2.4499032691491025,1.4112659622393693,0.11338962605548852,829,0.0,0.6767189384800965,0.22677925211097708,0.7020506634499397,2.592835136595296,0.49441159423158,,811,,S2_ar0,R2A
R2,A,0.0,0.0,2,high,30.0,28,range_s_P0,ekf,,0.43295987244315814,0.4909104179641316,0.3814859518061058,4.430597617185526,0.7070663750990662,3.708331941391581,1.3422228157434903,0.0,0.039806996381182146,0.0,24.831692118438905,1.142052128921371,0.02044989775051125,0.09406952965235174,0,195.60000000000002,979,1.1914504628507405,0.9611568242674229,0.024125452352231624,829,2.455794637951798,1.5650723249601246,0.09529553679131486,829,0.0,0.804583835946924,0.16043425814234016,0.4704463208685163,4.464110490532595,0.7147991767909668,,811,,S2_ar0,R2A
R2,A,0.0,0.0,2,high,30.0,29,range_s_P0,ekf,,0.36875331275800216,0.420114900378727,0.36105259712451304,11.960527299122685,1.335080214555509,9.852000209625746,12.991992106809526,0.0012062726176115801,0.6670687575392038,0.0,296.0651662799532,1.9888469050827287,0.08486707566462168,0.10633946830265849,0,195.60000000000002,979,2.2367419454012696,1.0872790073416685,0.10012062726176119,829,2.5493697197709686,1.6297372173208895,0.10012062726176119,829,0.0,0.744270205066345,0.24728588661037396,0.2135102533172497,12.091210126953918,1.3496799157649269,,811,,S2_ar0,R2A
R2,A,0.0,0.0,2,high,30.0,30,range_s_P0,ekf,,0.7640785789523695,0.7038283730138473,0.7596170745116638,9.884535779102825,0.7224182197447846,11.630332568075008,11.76972970073272,0.0,0.5211097708082026,0.0,75.85283863218433,0.9672585744418464,0.015337423312883436,0.11554192229038855,0,195.60000000000002,979,0.960906148944423,0.7547064452989404,0.018094089264173663,829,2.6953885650169487,1.631942449295266,0.11459589867310016,829,0.0,1.0,0.0,0.2255729794933655,9.936178447012336,0.7170126924750329,,811,,S2_ar0,R2A
R2,A,0.0,0.0,2,high,30.0,31,range_s_P0,ekf,,0.1723770006353424,0.122662598436846,0.15081716091790645,3.58105232702534,0.5300238339171421,1.7357669913375673,2.1831364595734093,0.0,0.014475271411338963,0.0,20.076429265275046,1.2870235191447899,0.022494887525562373,0.09918200408997956,0,195.60000000000002,979,1.2367977184306278,1.0656199664042563,0.016887816646562137,829,2.3312984105669914,1.4570831570439107,0.09891435464414955,829,0.0,0.7901085645355851,0.158021712907117,0.5379975874547648,3.561906046643352,0.5311950361535684,,811,,S2_ar0,R2A
R2,A,0.0,0.0,2,high,30.0,32,range_s_P0,ekf,,0.4248006520293124,0.48454306750531956,0.5410393544343038,5.541729895213872,1.1193120698087844,0.15472529225803713,0.9259789730017775,0.0,0.12665862484921592,0.0,58.179156419736465,0.9884920644004722,0.011247443762781187,0.11451942740286299,0,195.60000000000002,979,1.0090601504419625,0.9482350367742165,0.008443908323281013,829,2.6731081655775246,1.5536772292867587,0.11821471652593485,829,0.0,0.841978287092883,0.14595898673100122,0.6393244873341375,5.551757993546287,1.1309960427496841,,811,,S2_ar0,R2A
R2,A,0.0,0.0,2,high,30.0,33,range_s_P0,ekf,,0.018372105700524877,0.08295097627019092,0.15818419880988754,3.0895357287618617,0.3263128073113991,3.6549036761629234,3.5036386522582608,0.0,0.0,0.0,15.129890384015438,0.9457488256396489,0.00408997955010225,0.10531697341513292,0,195.60000000000002,979,1.0164463484199306,0.9862581879975049,0.004825090470446325,829,2.452438817047973,1.524192242657638,0.09770808202653802,829,0.009650180940892641,0.4692400482509047,0.4764776839565742,0.5295536791314838,3.122705144750594,0.32865432310801096,,811,,S2_ar0,R2A
R2,A,0.0,0.0,2,high,30.0,34,range_s_P0,ekf,,0.6386548242677793,0.7062530617688114,0.738001387676476,2.4824718026201005,0.38282961355075296,2.9876283097683696,2.6134428356855772,0.0,0.0,0.0,39.10361172656014,1.0239136261438115,0.009202453987730062,0.09918200408997956,0,195.60000000000002,979,1.0943207425413792,1.027181650409942,0.010856453558504175,829,2.3717511458699536,1.4936218321272272,0.09650180940892639,829,0.014475271411338963,0.3413751507840772,0.6115802171290712,0.6767189384800965,2.4662816869536752,0.38663069962066915,,811,,S2_ar0,R2A
R2,A,0.0,0.0,2,high,30.0,35,range_s_P0,ekf,,0.3345977200241354,0.3973604640218858,0.30864880266430716,2.0040256834194707,0.21831476642158412,2.6278081905476656,1.9456233057421672,0.0,0.0,0.0,9.110053360011523,0.7583628667678931,0.006134969325153374,0.09304703476482618,0,195.60000000000002,979,0.7565060836671251,0.7055534344779304,0.007237635705669487,829,2.3424537786433666,1.469401546674327,0.09529553679131486,829,0.019300361881785282,0.3148371531966224,0.5898673100120627,0.7117008443908324,2.0030671212229776,0.2201499459608909,,811,,S2_ar0,R2A
R2,A,0.0,0.0,2,high,30.0,36,range_s_P0,ekf,,0.221643434798739,0.19949129760788004,0.23434217267994548,3.978545462799938,0.35472551755693116,2.566697487455664,4.618911420064451,0.0,0.0,0.0,15.929067610389279,1.2114655873270619,0.02147239263803681,0.08486707566462168,0,195.60000000000002,979,1.1829789124297383,1.0027471224366393,0.018094089264173663,829,2.218638949218475,1.4723485677517996,0.08564535585042221,829,0.0,0.7310012062726177,0.2255729794933655,0.3232810615199035,4.013079845191409,0.3582327117589738,,811,,S2_ar0,R2A
R2,A,0.0,0.0,2,high,30.0,37,range_s_P0,ekf,,0.10425676889582633,0.052344912913607294,0.016858017146968763,5.009183867923558,0.8611635777106211,2.3856053747952455,1.9774696602943056,0.0,0.06031363088057901,0.0,30.963722550333415,0.8975544559512553,0.012269938650306749,0.1032719836400818,0,195.60000000000002,979,0.9477780064402901,0.8416664640352409,0.014475271411338975,829,2.4135626207180834,1.4881037572194955,0.10253317249698435,829,0.0,0.8287092882991556,0.15440289505428226,0.4644149577804584,5.047858909111152,0.8700688444240692,,811,,S2_ar0,R2A
R2,A,0.0,0.0,2,high,30.0,38,range_s_P0,ekf,,0.5904816381223463,0.5294279558570626,0.41795731244899864,8.557022596972045,0.7789817402750567,7.047111619577543,4.739521509464642,0.0,0.2955367913148372,0.0,98.7955063852436,1.4464213268380612,0.03578732106339468,0.0950920245398773,0,195.60000000000002,979,1.472402041018554,1.1803009502600916,0.03739445114595896,829,2.4181166746216354,1.6654577144222507,0.09167671893848006,829,0.0,0.9372738238841978,0.032569360675512665,0.04945717732207479,8.361760075858793,0.7873868677056866,,811,,S2_ar0,R2A
R2,A,0.0,0.0,2,high,30.0,39,range_s_P0,ekf,,0.19751797017057382,0.2606061150366016,0.17432228994168925,5.703523635373027,0.8627465882417078,2.502575081347165,4.569274952919937,0.0,0.08443908323281062,0.0,57.146240360369205,1.0592424301928256,0.009202453987730062,0.09611451942740286,0,195.60000000000002,979,1.1122098253032306,1.0326863371783408,0.010856453558504175,829,2.4060403343577867,1.5358800645060167,0.09047044632086854,829,0.0,0.7273823884197829,0.2448733413751508,0.24125452352231605,5.722172772046814,0.8719575552906796,,811,,S2_ar0,R2A
R2,A,0.0,0.0,2,high,30.0,40,range_s_P0,ekf,,0.613505624451244,0.6728958255290585,0.7207179121869491,5.939986172278839,0.9389648871120212,0.6656163574645024,2.0032782171941936,0.0,0.1218335343787696,0.0,68.89560249780725,1.01388644318569,0.009202453987730062,0.09918200408997956,0,195.60000000000002,979,0.936149710259509,0.8634866660349371,0.010856453558504175,829,2.414400319848076,1.4231522172162085,0.09650180940892639,829,0.0,1.0,0.0,0.30759951749095293,5.876860236583096,0.9477774650324265,,811,,S2_ar0,R2A
R2,A,0.0,0.0,2,high,30.0,41,range_s_P0,ekf,,0.2773123815791434,0.20909046451123234,0.25044108589676817,4.453447043781767,0.469569954541869,3.9369888066374266,3.9307095013445523,0.0,0.009650180940892641,0.0,14.397990256257035,1.1898133939104485,0.014314928425357873,0.07668711656441718,0,195.60000000000002,979,1.2427461735253509,1.1108912736390908,0.0156815440289505,829,2.15804326185845,1.422043701195156,0.07599517490952956,829,0.0,0.6139927623642943,0.33896260554885405,0.4439083232810615,4.4500786098859875,0.46996607554699893,,811,,S2_ar0,R2A
R2,A,0.0,0.0,2,high,30.0,42,range_s_P0,ekf,,0.40076132540788234,0.33594401716184497,0.18793779987711048,6.932987747605587,1.2271800347913224,0.22977753356816855,4.606949217310601,0.0,0.13872135102533173,0.0,84.82549650343492,1.3313271000329043,0.027607361963190184,0.11758691206543967,0,195.60000000000002,979,1.4793262952462314,1.2219947022242035,0.03256936067551264,829,2.5582900631596615,1.4459365477280846,0.12183353437876965,829,0.0,0.9336550060313631,0.05548854041013269,0.038600723763570564,6.956753935850268,1.239964298658741,,811,,S2_ar0,R2A
R2,A,0.0,0.0,2,high,30.0,43,range_s_P0,ekf,,0.4631769858904346,0.5285725944096368,0.5494603078475903,7.700742968908806,1.191769607620692,3.5692598494233883,1.530254259016844,0.0,0.2448733413751508,0.0,98.06228128604347,1.0977003646054824,0.013292433537832311,0.09918200408997956,0,195.60000000000002,979,0.9732091923954059,0.8937823852923732,0.010856453558504175,829,2.4890740702901506,1.5531087849021106,0.10132689987937271,829,0.0,1.0,0.0,0.36550060313630883,7.667282833825075,1.2037940802624647,,811,,S2_ar0,R2A
R2,A,0.0,0.0,2,high,30.0,44,range_s_P0,ekf,,0.6408558910542845,0.5759260914706613,0.24915706633274332,3.041288889060181,0.28092521404577553,1.6236991657434334,0.9274256463895111,0.0,0.0,0.0,6.7380857464212545,1.0675235671749748,0.007157464212678937,0.10633946830265849,0,195.60000000000002,979,1.0548358212188798,1.006554376549691,0.007237635705669487,829,2.613801028409272,1.5638541497960416,0.10977080820265384,829,0.0012062726176115801,0.2605548854041013,0.6887816646562123,0.7056694813027744,3.0341366898877506,0.28391254907706687,,811,,S2_ar0,R2A
R2,A,0.0,0.0,2,high,30.0,45,range_s_P0,ekf,,0.23742890840548014,0.24317217652733483,0.023770994735108186,4.589418573659819,0.5373233816489424,1.52804119677926,3.8123462647856408,0.0,0.0,0.0,19.798441857826436,1.2176830489106514,0.028629856850715747,0.1083844580777096,0,195.60000000000002,979,1.0977141667518235,0.8882997678276042,0.02895054282267795,829,2.4259265470671005,1.5525245137928956,0.09891435464414955,829,0.0,0.8516284680337757,0.06634499396863691,0.21712907117008443,4.5086166928275695,0.5423403696749216,,811,,S2_ar0,R2A
R2,A,0.0,0.0,2,high,30.0,46,range_s_P0,ekf,,0.7143915580867893,0.7783418391965714,0.6849776402141471,5.5649681830692685,0.31035449606085275,5.517090142939529,3.7441137493086485,0.0,0.04825090470446321,0.0,53.83630569548073,1.441741643898647,0.049079754601226995,0.12065439672801637,0,195.60000000000002,979,1.6237360316142087,1.1241998488142948,0.0579010856453559,829,2.6059429256473337,1.5034300979946866,0.11821471652593485,829,0.0,0.8829915560916767,0.09047044632086852,0.05669481302774427,5.57938529198012,0.31343540653266605,,811,,S2_ar0,R2A
R2,A,0.0,0.0,2,high,30.0,47,range_s_P0,ekf,,0.2832161559329181,0.34162903310819365,0.278985619464038,10.711533423220002,1.2825321182996847,7.1848616571288515,10.655399316718027,0.0,0.6489746682750301,0.0,160.63896569695285,1.5620943326632686,0.03067484662576687,0.09918200408997956,0,195.60000000000002,979,1.6415509913744255,1.1445082897407448,0.03618817852834744,829,2.3744471424225813,1.5586160004735325,0.09167671893848006,829,0.0,0.9722557297949337,0.024125452352231604,0.019300361881785282,10.795905565920526,1.2963936783626622,,811,,S2_ar0,R2A
R2,A,0.0,0.0,2,high,30.0,48,range_s_P0,ekf,,0.7781156130720062,0.8448218146343378,0.9344491370445605,5.151751147960221,0.5989120553063748,3.5732512771938256,5.808427519165305,0.0,0.014475271411338963,0.0,87.28820678874224,1.4064072527276537,0.022494887525562373,0.11860940695296524,0,195.60000000000002,979,1.3651810794635626,1.2358737703691847,0.0156815440289505,829,2.6327008032088166,1.5644752292611366,0.11459589867310016,829,0.0,0.5971049457177322,0.3775633293124246,0.34378769601930037,4.99865030463162,0.6012443205523339,,811,,S2_ar0,R2A
R2,A,0.0,0.0,2,high,30.0,49,range_s_P0,ekf,,0.11420979891699576,0.18043508881354361,0.10088282075002837,6.431363945998385,0.4590755092006224,2.1209246230642096,3.080128622025722,0.0,0.1411338962605549,0.0,26.73132919098155,1.051873532807831,0.013292433537832311,0.10020449897750511,0,195.60000000000002,979,1.1174107272664027,1.0039584301796205,0.0156815440289505,829,2.406132333751173,1.5082944576135955,0.09770808202653802,829,0.0,0.8805790108564535,0.07840772014475271,0.13872135102533173,6.491704209728218,0.46158528987240083,,811,,S2_ar0,R2A
R2,A,0.0,0.0,0,low,30.0,0,range_s_P0,ekf,,0.9818366466016127,1.0486185587107577,1.1008739606719853,6.638228025230482,0.580041204669936,5.388646868248284,8.535732335220532,0.0,0.03739445114595899,0.0,176.1859643264032,1.1074515928923083,0.019427402862985686,0.0950920245398773,0,195.60000000000002,979,1.1028767381536537,0.9359032598821909,0.021712907117008462,829,2.360266115579606,1.5319131543701494,0.09408926417370322,829,0.0,0.6115802171290712,0.330518697225573,0.3474065138721351,6.683629787056334,0.5846013025502517,,811,,S3_ar1,R2A
R2,A,0.0,0.0,0,low,30.0,1,range_s_P0,ekf,,1.1053590119901042,1.172424205480874,1.188593629407536,6.106505170519071,1.6533711911301603,0.06880159566767742,2.6270637624654603,0.0,0.09891435464414958,0.0,240.81715422344416,1.418278735412221,0.03169734151329243,0.11349693251533742,0,195.60000000000002,979,1.611506532368999,1.2829446011783139,0.03739445114595896,829,2.7019269977657836,1.62531604454041,0.11700844390832332,829,0.0,0.9553679131483716,0.04342581423401689,0.33896260554885405,6.171577650816114,1.6715710439526017,,811,,S3_ar1,R2A
R2,A,0.0,0.0,0,low,30.0,2,range_s_P0,ekf,,0.9899867952276329,1.0552032899452888,1.0453217749129893,4.098102328917173,0.785101856351959,4.183696939311436,5.114690959945142,0.0,0.0,0.0,112.27712643825545,1.0225805041896716,0.011247443762781187,0.11349693251533742,0,195.60000000000002,979,1.0921863869047757,0.9896269617118973,0.013268998793727338,829,2.445736330593565,1.468533386915781,0.11338962605548852,829,0.0,0.5235223160434258,0.4041013268998794,0.5090470446320868,4.127981013696393,0.7929322653375388,,811,,S3_ar1,R2A
R2,A,0.0,0.0,0,low,30.0,3,range_s_P0,ekf,,0.5911751117817965,0.534187949206909,0.43659665696937366,9.966471756218848,1.6554964678958886,7.691210025885803,5.585518645745072,0.04101326899879373,0.32689987937273823,0.0,178.69441905772064,1.388153588914279,0.032719836400818,0.08077709611451943,0,195.60000000000002,979,1.534058702061003,1.2200198807718,0.0386007237635706,829,2.256942776353117,1.4898545253048485,0.08685162846803374,829,0.0,0.9601930036188179,0.038600723763570564,0.06031363088057901,10.074429885501246,1.6737503266228524,,811,,S3_ar1,R2A
R2,A,0.0,0.0,0,low,30.0,4,range_s_P0,ekf,,1.0757440435214296,1.0178040175444263,1.0109465312282713,15.192530459193858,1.7062659617094011,15.873683893551076,19.456137654522166,0.19903498190591074,0.6429433051869723,0.0,367.1653375745549,1.5188901576995748,0.04294478527607362,0.11042944785276074,0,195.60000000000002,979,1.567645829907848,1.1225514408759967,0.049457177322074775,829,2.6832828869095855,1.5547858127819407,0.112183353437877,829,0.0,1.0,0.0,0.1712907117008444,15.333362518085575,1.7235401509967687,,811,,S3_ar1,R2A
R2,A,0.0,0.0,0,low,30.0,5,range_s_P0,ekf,,0.35390251942873713,0.4222613653355415,0.4449967300278563,5.7702179374400036,1.1633827961011691,0.803479323039618,5.879041333218668,0.0,0.0,0.0,86.65325151974157,1.359202174144426,0.023517382413087935,0.10122699386503067,0,195.60000000000002,979,1.4095760160124569,1.2076298022183822,0.027744270205066313,829,2.360515513385276,1.5528348603698319,0.09650180940892639,829,0.0,0.9674306393244874,0.015681544028950542,0.24246079613992763,5.687942795598023,1.1735072535748452,,811,,S3_ar1,R2A
R2,A,0.0,0.0,0,low,30.0,6,range_s_P0,ekf,,0.13316091805810248,0.1031614459171843,0.21234420249206384,19.170194430611268,2.7808093026528766,7.261223264419136,12.924980977767662,0.45958986731001206,0.8612786489746683,0.0,983.821868118795,6.198684701690689,0.261758691206544,0.09406952965235174,0,195.60000000000002,979,7.168900449244055,1.5177987769652292,0.30880579010856457,829,2.3557136041395204,1.4830218395744745,0.09770808202653802,829,0.0,1.0,0.0,0.0,19.31457728969586,2.8113729303290214,,811,,S3_ar1,R2A
R2,A,0.0,0.0,0,low,30.0,7,range_s_P0,ekf,,0.25964488921566015,0.22528180877130796,0.12204856406035627,4.402374720689243,0.31616004169592415,1.6769148800856968,3.00241839113179,0.0,0.05307599517490953,0.0,13.248479179714767,1.1827877805056561,0.011247443762781187,0.09406952965235174,0,195.60000000000002,979,1.2580079127812394,1.1610264359569202,0.013268998793727338,829,2.385988036105422,1.4186901186406233,0.09770808202653802,829,0.006031363088057901,0.5211097708082026,0.42460796139927626,0.3220747889022919,4.324241830614748,0.3194632731094846,,811,,S3_ar1,R2A
R2,A,0.0,0.0,0,low,30.0,8,range_s_P0,ekf,,0.26490129405749785,0.32241643221446586,0.23082946736302984,12.087025658759885,2.2739770653008153,5.6577629487505146,10.054542014618821,0.0,0.5922798552472859,0.0,397.65575436099067,2.2028849618394957,0.06646216768916155,0.10020449897750511,0,195.60000000000002,979,2.4476437273258904,1.329585479335288,0.07840772014475272,829,2.406980333684984,1.4818232860465101,0.09891435464414955,829,0.0,0.9951749095295537,0.0,0.05186972255729795,12.219740002633632,2.298640904984784,,811,,S3_ar1,R2A
R2,A,0.0,0.0,0,low,30.0,9,range_s_P0,ekf,,0.09353812822426048,0.07808350581371826,0.06206951063457966,7.495295061151691,0.7192817552814863,1.224881652280635,2.61967358757318,0.0,0.2569360675512666,0.0,63.3333766809296,1.2337219561203654,0.03578732106339468,0.09713701431492842,0,195.60000000000002,979,1.3225466332220677,1.0037674409204052,0.04221954161640529,829,2.3763863481983236,1.5234540023586682,0.09529553679131486,829,0.0012062726176115801,0.8082026537997588,0.17249698431845598,0.18697225572979492,7.422787407141736,0.727026636604557,,811,,S3_ar1,R2A
R2,A,0.0,0.0,0,low,30.0,10,range_s_P0,ekf,,1.1136280289865155,1.0616888241298696,1.0350194633865981,15.06218162852545,1.228556365162157,11.027454383294888,18.28759231817678,0.1399276236429433,0.738238841978287,0.0,251.77134236856955,1.6143825007184907,0.0541922290388548,0.12576687116564417,0,195.60000000000002,979,1.7045298760832357,1.14784629228027,0.05669481302774426,829,2.815306944794799,1.6090161991370966,0.12665862484921597,829,0.0,0.8431845597104946,0.1519903498190591,0.10132689987937274,15.199329029486119,1.2418927131401436,,811,,S3_ar1,R2A
R2,A,0.0,0.0,0,low,30.0,11,range_s_P0,ekf,,0.5261356698646876,0.5928206405455823,0.6578331193482314,5.39258675791682,1.0188027717265784,2.497159143253694,2.5914653807662775,0.0,0.11459589867310012,0.0,77.57890227750936,1.058810966460552,0.009202453987730062,0.11554192229038855,0,195.60000000000002,979,1.1109227831345245,1.0418822541589732,0.010856453558504175,829,2.595869905217758,1.4895139790687197,0.11338962605548852,829,0.0,0.9191797346200241,0.07961399276236429,0.38600723763570566,5.445485121751693,1.0299505941465552,,811,,S3_ar1,R2A
R2,A,0.0,0.0,0,low,30.0,12,range_s_P0,ekf,,0.2524550431869735,0.2082517726954616,0.015929027189549014,2.3826274675639114,0.34507842463693805,1.8460153300713293,1.1370804601550797,0.0,0.0,0.0,6.92653276162519,1.0973830131666227,0.014314928425357873,0.1083844580777096,0,195.60000000000002,979,0.9176927698083757,0.9023331508635224,0.0024125452352231624,829,2.5901613024568877,1.544579857414448,0.11580217129071169,829,0.0012062726176115801,0.24728588661037396,0.6477683956574186,0.7611580217129071,2.4035036173260313,0.34876692286539446,,811,,S3_ar1,R2A
R2,A,0.0,0.0,0,low,30.0,13,range_s_P0,ekf,,0.4408515393532899,0.5063882406702284,0.4497748302882417,17.035233078047355,2.7907009928651276,11.051271915581887,13.737630909457131,0.37997587454764775,0.9143546441495778,0.0,942.9090743174735,4.104295193332643,0.18711656441717792,0.09304703476482618,0,195.60000000000002,979,4.523518990271291,1.467169444225051,0.21230398069963807,829,2.464785233310155,1.5138347335816462,0.10012062726176119,829,0.0,1.0,0.0,0.0,17.168094756696583,2.8211037661534846,,811,,S3_ar1,R2A
R2,A,0.0,0.0,0,low,30.0,14,range_s_P0,ekf,,0.841925070489932,0.9085495726427631,0.9209402233874542,7.43171252794052,1.4103315248622352,0.6267430277543682,1.5741350278266117,0.0,0.18214716525934863,0.0,168.47014652818373,1.26757485856215,0.017382413087934562,0.10531697341513292,0,195.60000000000002,979,1.3025569438372944,1.012751998908688,0.020506634499396825,829,2.6727531631989416,1.599882505211324,0.11580217129071169,829,0.0,1.0,0.0,0.4294330518697226,7.079919183644322,1.4237597150483718,,811,,S3_ar1,R2A
R2,A,0.0,0.0,0,low,30.0,15,range_s_P0,ekf,,0.5995726215106225,0.6650661667623582,0.5393965888602039,4.2160802673623605,1.1103982946666733,1.537338314255814,2.361769243422454,0.0,0.04221954161640531,0.0,98.41110105899422,1.3781652040702912,0.023517382413087935,0.10224948875255624,0,195.60000000000002,979,1.3902912121764013,1.1931855281746362,0.024125452352231624,829,2.4023723026511115,1.3823256209257566,0.10615199034981904,829,0.0,1.0,0.0,0.43546441495778043,4.040812202863647,1.1215565833839503,,811,,S3_ar1,R2A
R2,A,0.0,0.0,0,low,30.0,16,range_s_P0,ekf,,0.11252857599545428,0.13317816635041668,0.07030937023171284,11.633122706458286,2.7747174416576796,2.0123860844019945,6.526329531332706,0.04463208685162847,0.49215922798552475,0.0,505.67757682009676,1.464759510153458,0.04703476482617587,0.10122699386503067,0,195.60000000000002,979,1.5223910100770677,1.096738634556369,0.0542822677925211,829,2.499464509497085,1.5787271954173825,0.10253317249698435,829,0.0,0.9963811821471653,0.0012062726176115801,0.0,11.63903106590705,2.801607206944049,,811,,S3_ar1,R2A
R2,A,0.0,0.0,0,low,30.0,17,range_s_P0,ekf,,0.5789228916423591,0.6468092249670677,0.8406784888501149,4.88760858926085,0.8530666129841651,1.3132852966940558,4.042926473706666,0.0,0.007237635705669481,0.0,42.71233254825796,1.003701459130898,0.019427402862985686,0.08077709611451943,0,195.60000000000002,979,0.9392770900975838,0.8638396183550333,0.00965018094089265,829,2.4154878635868564,1.653295978094749,0.07840772014475272,829,0.0012062726176115801,0.8371531966224367,0.15078407720144751,0.34499396863691195,4.94029228165374,0.8619682503894245,,811,,S3_ar1,R2A
R2,A,0.0,0.0,0,low,30.0,18,range_s_P0,ekf,,1.1082479388023097,1.1765916272951125,1.1959384935385113,8.026222436791999,1.7456361488238308,2.4631866981118824,4.183016108144901,0.0,0.2074788902291918,0.0,322.3642514109994,1.4744326828982057,0.04294478527607362,0.12167689161554192,0,195.60000000000002,979,1.523994733731896,1.0282379624247784,0.05066344993968641,829,2.838477405809396,1.6326485440022238,0.12545235223160434,829,0.0,1.0,0.0,0.15681544028950542,7.922291239001583,1.76227604902771,,811,,S3_ar1,R2A
R2,A,0.0,0.0,0,low,30.0,19,range_s_P0,ekf,,0.9551987102842066,1.0235563826800385,1.0373432324255851,7.004232991949995,0.603653273626434,7.415154725802854,6.332837068398186,0.0,0.06272617611580217,0.0,97.54250332410773,1.7812447606778161,0.06850715746421268,0.13803680981595093,0,195.60000000000002,979,1.6212224473273136,1.1803007282119877,0.0542822677925211,829,2.774456298585439,1.5111037250039812,0.12665862484921597,829,0.0,1.0,0.0,0.1411338962605549,6.8004239084411475,0.6010886064938924,,811,,S3_ar1,R2A
R2,A,0.0,0.0,0,low,30.0,20,range_s_P0,ekf,,1.080340605132909,1.1478473768790782,1.2243998864753896,4.412066558872721,1.3078151597271161,2.2488837714918297,2.023172631485219,0.0,0.0,0.0,146.12222016761254,0.890393017475046,0.003067484662576687,0.11042944785276074,0,195.60000000000002,979,0.8157889511356152,0.8083291553549851,0.0012062726176115257,829,2.679716519440521,1.5482494715011175,0.11942098914354649,829,0.0,1.0,0.0,0.3823884197828709,4.456980668840999,1.3217781821355836,,811,,S3_ar1,R2A
R2,A,0.0,0.0,0,low,30.0,21,range_s_P0,ekf,,0.25824359382058454,0.20649092526404111,0.21480452479036483,4.051726142488943,0.9307135766659131,4.6399500886690275,3.419117855298547,0.0,0.0,0.0,40.58933300208461,1.0768423468400186,0.014314928425357873,0.1114519427402863,0,195.60000000000002,979,1.0472711253036302,0.9155316610869396,0.014475271411338975,829,2.5401369286534536,1.5357777366886594,0.11580217129071169,829,0.0,0.9782870928829915,0.014475271411338963,0.23522316043425814,4.092723668549231,0.9406273813662039,,811,,S3_ar1,R2A
R2,A,0.0,0.0,0,low,30.0,22,range_s_P0,ekf,,0.08856543684113619,0.04920957109675075,0.018626841181619246,2.4804664218475794,0.25148284241363916,3.636067768145708,2.5066952065271213,0.0,0.0,0.0,9.089599561574689,1.016993189821781,0.017382413087934562,0.10736196319018405,0,195.60000000000002,979,1.0518629186141282,0.8975434604057176,0.020506634499396825,829,2.3855265842057007,1.4492410495850112,0.10615199034981904,829,0.015681544028950542,0.3751507840772014,0.5983112183353438,0.5741857659831122,2.4997373151943942,0.2538706432260716,,811,,S3_ar1,R2A
R2,A,0.0,0.0,0,low,30.0,23,range_s_P0,ekf,,0.5128897071606969,0.5798662975097184,0.5633524698762795,3.753482182457686,0.8746665727446664,0.5940710692340645,2.379846055305368,0.0,0.0,0.0,68.35688430373197,1.4582431358140664,0.02044989775051125,0.11554192229038855,0,195.60000000000002,979,1.2601946955334695,1.220487899182505,0.006031363088057851,829,2.473934122196685,1.4758401094051776,0.11097708082026536,829,0.0,0.9734620024125452,0.024125452352231604,0.40530759951749096,3.751545142402726,0.8826472928073781,,811,,S3_ar1,R2A
R2,A,0.0,0.0,0,low,30.0,24,range_s_P0,ekf,,1.2225137210706154,1.1646014705827668,1.2334310861213722,15.97849457355799,1.1473590131285314,23.971195394321125,20.815730810358406,0.30639324487334135,0.6284680337756333,0.0,340.2063429039476,1.772062084953818,0.06748466257668712,0.10122699386503067,0,195.60000000000002,979,1.7512016624945734,1.0328137245508866,0.06875753920386007,829,2.572212920153521,1.5850727630868002,0.10132689987937271,829,0.0,0.8805790108564535,0.10735826296743065,0.14354644149577805,16.154303236373458,1.159961534691386,,811,,S3_ar1,R2A
R2,A,0.0,0.0,0,low,30.0,25,range_s_P0,ekf,,0.7533141098912612,0.818253596220631,0.849177101442511,2.7510575128871975,0.6402492130027393,1.8733497360292284,2.5346471203221848,0.0,0.0,0.0,37.932236796077085,0.936270104430826,0.002044989775051125,0.09918200408997956,0,195.60000000000002,979,0.9694942102824565,0.9519514537003887,0.0024125452352231624,829,2.5374158093441883,1.6169465418257671,0.10494571773220751,829,0.0,0.8914354644149578,0.07720144752714113,0.44028950542822676,2.7024636728241505,0.6461904368261155,,811,,S3_ar1,R2A
R2,A,0.0,0.0,0,low,30.0,26,range_s_P0,ekf,,0.01475605501969329,0.060522440874544246,0.14918339761008367,9.632503699363472,1.340260358375607,2.6230297000923812,5.948055056702538,0.0,0.3944511459589867,0.0,190.44476678059692,1.361176208563883,0.02556237218813906,0.09713701431492842,0,195.60000000000002,979,1.484660452544721,1.2268996387589464,0.030156815440289475,829,2.373641150336941,1.468265761177516,0.09891435464414955,829,0.0,0.985524728588661,0.013268998793727383,0.0,9.710441863248382,1.3550202258236537,,811,,S3_ar1,R2A
R2,A,0.0,0.0,0,low,30.0,27,range_s_P0,ekf,,0.9085724297861393,0.9621648865443677,0.8873891924383792,3.98439083712034,0.9825664579655188,0.778146410063266,1.2357623717121453,0.0,0.04463208685162847,0.0,53.945538793598644,0.9911458102243833,0.003067484662576687,0.11451942740286299,0,195.60000000000002,979,0.9787870891434125,0.9543401153275091,0.003618817852834688,829,2.4519012188847737,1.4700712350442255,0.10735826296743067,829,0.0,0.8528347406513872,0.14475271411338964,0.6405307599517491,4.014856794563865,0.9929874206643766,,811,,S3_ar1,R2A
R2,A,0.0,0.0,0,low,30.0,28,range_s_P0,ekf,,0.38396698256182354,0.4360329939355939,0.31390072616894543,2.681445706244621,0.448900475331309,3.7582006686746023,2.8934719989743547,0.0,0.0,0.0,20.613106423946622,0.9355576638273106,0.002044989775051125,0.09713701431492842,0,195.60000000000002,979,1.0144843005495616,0.9962912820641224,0.0024125452352231624,829,2.302275198130774,1.470486878188762,0.09891435464414955,829,0.0036188178528347406,0.41857659831121835,0.5512665862484921,0.5319662243667069,2.554350742021773,0.4526691616669375,,811,,S3_ar1,R2A
R2,A,0.0,0.0,0,low,30.0,29,range_s_P0,ekf,,0.11163015784897189,0.14371048341920212,0.08156141834236154,4.539272595054053,0.8078351245769222,2.300512861498932,2.7096475562458706,0.0,0.05548854041013269,0.0,48.96723134896726,1.2306641730337635,0.010224948875255624,0.10122699386503067,0,195.60000000000002,979,1.2889846231204467,1.2129760852861935,0.012062726176115812,829,2.4854391605821733,1.61073698279243,0.09770808202653802,829,0.0,0.8262967430639324,0.08443908323281062,0.45355850422195415,4.2400472992476015,0.8146270818789347,,811,,S3_ar1,R2A
R2,A,0.0,0.0,0,low,30.0,30,range_s_P0,ekf,,0.9040852764715287,0.9694761920399015,0.9395977599575879,5.970098223504828,1.5855738825217098,3.2789374027905285,1.2286906816215515,0.0,0.15440289505428226,0.0,210.3563172160246,1.1039755790777457,0.02147239263803681,0.1083844580777096,0,195.60000000000002,979,1.0853344400120535,0.922194751049561,0.0193003618817853,829,2.560404542550309,1.55554262650079,0.10735826296743067,829,0.0,1.0,0.0,0.5199034981905911,5.981212804092033,1.6024940146751014,,811,,S3_ar1,R2A
R2,A,0.0,0.0,0,low,30.0,31,range_s_P0,ekf,,0.4587192239948572,0.5254685843760878,0.4751095691589625,14.351536394515954,1.8620246443686737,10.272092915707798,13.241236881418155,0.047044632086851626,0.8395657418576599,0.0,506.6241867371618,3.3965184095397913,0.16359918200409,0.10224948875255624,0,195.60000000000002,979,3.7911851986298033,1.1168985790504482,0.18335343787696023,829,2.4228815353272033,1.499988287051877,0.10012062726176119,829,0.0,0.8757539203860072,0.11097708082026538,0.07961399276236429,14.509846609917782,1.8825498840726644,,811,,S3_ar1,R2A
R2,A,0.0,0.0,0,low,30.0,32,range_s_P0,ekf,,0.1035877328725807,0.06538418111880111,0.07320941149895631,4.894656763802797,0.49903050167191726,2.5016894236633016,2.952180751491861,0.0,0.05186972255729795,0.0,32.053283243675075,1.1922390616740426,0.007157464212678937,0.09100204498977506,0,195.60000000000002,979,1.176739503863554,1.116281021791004,0.008443908323281013,829,2.37655533677799,1.5208465318025342,0.0892641737032569,829,0.0,0.7840772014475271,0.13148371531966224,0.19903498190591074,4.913416870716208,0.5040583498165627,,811,,S3_ar1,R2A
R2,A,0.0,0.0,0,low,30.0,33,range_s_P0,ekf,,0.34164497344497824,0.39739856868918366,0.45380281276968076,7.295866749082422,1.4346599370096769,6.788127345285834,4.818749683882537,0.0,0.14475271411338964,0.0,142.18090738201406,1.2730612100150085,0.03067484662576687,0.10122699386503067,0,195.60000000000002,979,1.2901762126467193,0.9779012658106386,0.03618817852834744,829,2.3733733738483718,1.428659115533656,0.10012062726176119,829,0.0,1.0,0.0,0.06755126658624849,7.3006893110024,1.4487503099308188,,811,,S3_ar1,R2A
R2,A,0.0,0.0,0,low,30.0,34,range_s_P0,ekf,,0.46604193184987575,0.5340740834459826,0.5424862207834237,10.829844105296445,1.8935369841627467,10.067975583926144,10.60018562712974,0.0,0.5416164053075995,0.0,315.4694795914498,1.4426677048416885,0.03067484662576687,0.10531697341513292,0,195.60000000000002,979,1.5566516895212927,1.1994159926855548,0.03618817852834744,829,2.4728618821084867,1.557417760546929,0.10373944511459587,829,0.0,0.9722557297949337,0.025331724969843185,0.054282267792521106,10.948195435478755,1.9143297761501312,,811,,S3_ar1,R2A
R2,A,0.0,0.0,0,low,30.0,35,range_s_P0,ekf,,1.2373045944423142,1.1856270898829018,1.273405810006036,17.19478729988341,1.234975663097529,12.252985287598984,20.140697142132222,0.3751507840772014,0.7430639324487334,0.0,332.58969410662417,1.5831658858554225,0.03374233128834356,0.1554192229038855,0,195.60000000000002,979,1.7537950481253797,1.287568478007273,0.039806996381182125,829,3.3970041371781465,1.6732730968259186,0.16164053075995177,829,0.0,0.9034981905910736,0.06875753920386007,0.20868516284680338,17.38171656534045,1.2472976944899108,,811,,S3_ar1,R2A
R2,A,0.0,0.0,0,low,30.0,36,range_s_P0,ekf,,0.6439439762909804,0.708787639212268,0.6107061583496056,11.43143288699419,0.7552904781634371,10.05429988652579,11.979356005391345,0.0,0.7961399276236429,0.0,307.692957754331,1.7064210389725565,0.050102249488752554,0.09406952965235174,0,195.60000000000002,979,1.896363105923801,1.3353524825053569,0.059107358262967424,829,2.3568220571858425,1.453131717028525,0.09529553679131486,829,0.0,0.9095295536791315,0.08443908323281062,0.08323281061519903,11.47813661214698,0.7612992455099622,,811,,S3_ar1,R2A
R2,A,0.0,0.0,0,low,30.0,37,range_s_P0,ekf,,0.7088674285222287,0.7747929547309638,0.7958297003257844,3.483088965427709,0.5106052665575023,3.8165195501766926,3.873472239418318,0.0,0.0,0.0,30.12906305934547,1.2108433804934184,0.017382413087934562,0.11451942740286299,0,195.60000000000002,979,1.0764076364663047,0.9910118089797563,0.00965018094089265,829,2.593279436064998,1.5379586667394967,0.11459589867310016,829,0.0,0.3425814234016888,0.5657418576598311,0.5910735826296744,3.518748836519573,0.5161498274376587,,811,,S3_ar1,R2A
R2,A,0.0,0.0,0,low,30.0,38,range_s_P0,ekf,,0.3971809486061402,0.46103934269910984,0.5875765000391434,3.7497593750065725,1.0566598292678497,4.505173653142982,2.9082631463275543,0.0,0.007237635705669481,0.0,52.95667161272854,1.1265364982604653,0.012269938650306749,0.10736196319018405,0,195.60000000000002,979,1.1662631070468792,1.0623089975702225,0.014475271411338975,829,2.4443513569047814,1.5798226725830626,0.10132689987937271,829,0.0,0.7599517490952955,0.2195416164053076,0.47165259348612787,3.7850998998951986,1.0677973174401907,,811,,S3_ar1,R2A
R2,A,0.0,0.0,0,low,30.0,39,range_s_P0,ekf,,0.2995379579618357,0.25899275977067604,0.22828026412602367,7.511098433455753,0.4178386964513668,5.1733170061706275,9.845272184161459,0.0,0.24849215922798554,0.0,40.114630501552305,1.0846111289715086,0.018404907975460124,0.10122699386503067,0,195.60000000000002,979,0.8787506506093478,0.8561691170801603,0.003618817852834688,829,2.464749622107891,1.476381660604786,0.10494571773220751,829,0.0,0.7044632086851629,0.24246079613992763,0.3401688781664656,7.593973311659448,0.4222519275880409,,811,,S3_ar1,R2A
R2,A,0.0,0.0,0,low,30.0,40,range_s_P0,ekf,,0.21382562658497895,0.2330030820216679,0.21980997589176055,8.23725471595425,1.3467959005140935,5.043034699945767,6.089857859838143,0.009650180940892641,0.21109770808202655,0.0,141.04798449194735,1.0924219890508127,0.02044989775051125,0.10940695296523517,0,195.60000000000002,979,1.1192202356166157,0.9498674759852553,0.022919179734619988,829,2.709697302227634,1.5645239901370798,0.112183353437877,829,0.0,0.8600723763570567,0.13148371531966224,0.13027744270205066,8.320533667332882,1.3615639264256494,,811,,S3_ar1,R2A
R2,A,0.0,0.0,0,low,30.0,41,range_s_P0,ekf,,0.932915931106662,0.9962770854692602,0.9564503112609147,3.351923917550735,0.8102693138304045,0.030821745201125017,3.4807789166167504,0.0,0.0,0.0,96.43942652480412,1.2510746367959173,0.022494887525562373,0.08282208588957055,0,195.60000000000002,979,1.0359984365746329,0.9789976223044438,0.008443908323281013,829,2.236291409910665,1.5234691087440775,0.08082026537997589,829,0.0036188178528347406,0.5162846803377563,0.45235223160434257,0.4945717732207479,3.3701933023457857,0.8187938195807616,,811,,S3_ar1,R2A
R2,A,0.0,0.0,0,low,30.0,42,range_s_P0,ekf,,0.8454134514688566,0.9133716323630389,1.0602568627684683,7.14410870772568,1.0395642180372926,3.3689263099742353,4.002219039432416,0.0,0.20265379975874548,0.0,120.5641799525581,1.1177961927110909,0.00408997955010225,0.08895705521472393,0,195.60000000000002,979,1.103481523926573,1.0731190544973985,0.004825090470446325,829,2.3774203684311654,1.511302506578717,0.09408926417370322,829,0.0,1.0,0.0,0.06875753920386007,7.055272282230368,1.0486211002395727,,811,,S3_ar1,R2A
R2,A,0.0,0.0,0,low,30.0,43,range_s_P0,ekf,,4.414593461294918,4.482184213145645,4.496414614718943,35.58013215337622,2.9600967468224146,43.984387283697416,42.493814315851125,0.8709288299155609,0.9095295536791315,0.6791314837153196,1187.5937541284723,25.006328210480476,0.6615541922290389,0.24539877300613497,0,195.60000000000002,979,29.371821203116735,1.3872553490422155,0.7804583835946924,829,6.468058261637555,1.6955018696726654,0.27744270205066346,829,0.0,0.9240048250904704,0.06996381182147166,0.05910735826296743,35.967650113472445,2.9927511937190667,,811,,S3_ar1,R2A
R2,A,0.0,0.0,0,low,30.0,44,range_s_P0,ekf,,0.4606335283374543,0.40904749539988466,0.05360663593259462,5.11503159808062,0.47542419677630166,1.3893451729217154,2.795533449481468,0.0,0.05790108564535585,0.0,30.25300028171886,1.0046288972431583,0.00408997955010225,0.08282208588957055,0,195.60000000000002,979,1.0581841023634553,1.0214351486266289,0.004825090470446325,829,2.2306978562550337,1.4894783816580437,0.08082026537997589,829,0.0,0.6839565741857659,0.26537997587454765,0.26658624849215923,5.098217528148488,0.48041861993721974,,811,,S3_ar1,R2A
R2,A,0.0,0.0,0,low,30.0,45,range_s_P0,ekf,,0.4019741289364906,0.4681792054107166,0.438251925366712,9.63881740255646,0.43898155869136385,6.99156525384824,9.516885035193862,0.0,0.4161640530759952,0.0,230.0933482696127,2.1212934405495223,0.07770961145194274,0.10736196319018405,0,195.60000000000002,979,2.328041947383519,1.4589108187927706,0.09047044632086854,829,2.5566149149768123,1.645799506133365,0.10253317249698435,829,0.0,1.0,0.0,0.09650180940892641,9.462738333030094,0.432480163558868,,811,,S3_ar1,R2A
R2,A,0.0,0.0,0,low,30.0,46,range_s_P0,ekf,,0.479621552002873,0.5366208203048245,0.4348388730486001,13.474763139326638,1.353123711847899,9.178568028308845,11.693877632023014,0.0,0.9047044632086851,0.0,486.9139943652095,2.1333829654101395,0.07770961145194274,0.08486707566462168,0,195.60000000000002,979,2.191122425184302,1.1828676023404392,0.08202653799758741,829,2.3690338250541636,1.5251239838554642,0.09167671893848006,829,0.0,0.9336550060313631,0.05186972255729795,0.027744270205066344,13.618237964593344,1.3679051036855525,,811,,S3_ar1,R2A
R2,A,0.0,0.0,0,low,30.0,47,range_s_P0,ekf,,0.12130035663184742,0.10307777135196558,0.06381350515534394,10.024483658380166,1.2511082015832513,2.044888154528002,5.352854096639361,0.0,0.4028950542822678,0.0,182.68976693523797,2.0649899830763863,0.06441717791411043,0.10940695296523517,0,195.60000000000002,979,2.2595880292233974,1.3829290439264126,0.07478890229191792,829,2.4936131012861384,1.5365180662546374,0.10735826296743067,829,0.0,0.9987937273823885,0.0,0.0,9.886012318047227,1.2643494432950806,,811,,S3_ar1,R2A
R2,A,0.0,0.0,0,low,30.0,48,range_s_P0,ekf,,0.9228684228825363,0.9886504518819127,1.077493244208246,2.9348050857602015,0.7352487259194705,0.7984303633907401,2.22707814923443,0.0,0.0,0.0,59.49713958782668,0.8399993017789903,0.00408997955010225,0.1032719836400818,0,195.60000000000002,979,0.8481201129546757,0.8296605284372341,0.0024125452352231624,829,2.529880684439811,1.5444213663944195,0.10253317249698435,829,0.0,0.6658624849215923,0.2738238841978287,0.6127864897466827,2.914541956599316,0.7429828547958345,,811,,S3_ar1,R2A
R2,A,0.0,0.0,0,low,30.0,49,range_s_P0,ekf,,0.45160133589893564,0.516937309184466,0.38095424494036567,3.502727350196314,1.128138623088686,5.4248828560191535,2.2463156355309817,0.0,0.015681544028950542,0.0,53.192711352347466,0.8935111399112863,0.002044989775051125,0.09713701431492842,0,195.60000000000002,979,0.9149647225581237,0.9001966230231213,0.0024125452352231624,829,2.365100076560424,1.4888513459219799,0.09529553679131486,829,0.0,0.9987937273823885,0.0,0.6212303980699638,3.2855380109464427,1.1388917137436403,,811,,S3_ar1,R2A
R2,A,0.0,0.0,1,mid,30.0,0,range_s_P0,ekf,,0.421962430504258,0.48163577728889606,0.5391064035961606,5.81557464890501,1.103604102644684,4.886101329921562,2.96878693771191,0.0,0.1881785283474065,0.0,93.17542483115147,1.0067397019713584,0.002044989775051125,0.10122699386503067,0,195.60000000000002,979,1.0302701618253585,1.013110045286478,0.0024125452352231624,829,2.421593480629687,1.5186078488586388,0.09408926417370322,829,0.0,0.841978287092883,0.15560916767189384,0.3474065138721351,5.819550656551717,1.1156355714761628,,811,,S3_ar1,R2A
R2,A,0.0,0.0,1,mid,30.0,1,range_s_P0,ekf,,0.34246269632424114,0.40225352431243316,0.4208392455813933,5.030989779823713,0.43301036469199533,3.754636306884069,3.3798202769657935,0.0,0.05186972255729795,0.0,31.071429516629063,1.260727114343266,0.007157464212678937,0.11451942740286299,0,195.60000000000002,979,1.281690053684401,1.2679513515771237,0.0024125452352231624,829,2.6872778263316746,1.6051963824303404,0.11942098914354649,829,0.0,0.729794933655006,0.20868516284680338,0.2388419782870929,5.084444984251856,0.43731352247389615,,811,,S3_ar1,R2A
R2,A,0.0,0.0,1,mid,30.0,2,range_s_P0,ekf,,0.575651374437131,0.6329650812402785,0.5968814414503333,4.829718801811532,0.5876249084439051,0.5637294586475141,3.5665687103862624,0.0,0.05066344993968637,0.0,46.84677720160044,1.0803393835790915,0.012269938650306749,0.10429447852760736,0,195.60000000000002,979,1.0926555473293587,0.9917970139410189,0.014475271411338975,829,2.4555408872553044,1.5716454481373312,0.10253317249698435,829,0.0,0.7961399276236429,0.1712907117008444,0.2870928829915561,4.6113921468104975,0.5926109766443703,,811,,S3_ar1,R2A
R2,A,0.0,0.0,1,mid,30.0,3,range_s_P0,ekf,,0.10011839166926659,0.0856325485875826,0.10043798109964235,7.898035071321328,1.8583177226687888,2.1459522934716557,6.74230605150387,0.0,0.1712907117008444,0.0,190.35841090574615,1.082174417945672,0.019427402862985686,0.12065439672801637,0,195.60000000000002,979,1.0544488406977597,0.8774313702157589,0.021712907117008462,829,2.68765432918018,1.5283737671854858,0.12424607961399281,829,0.0,1.0,0.0,0.08082026537997587,7.970456517469722,1.8773954257953787,,811,,S3_ar1,R2A
R2,A,0.0,0.0,1,mid,30.0,4,range_s_P0,ekf,,0.8212958801915832,0.8885525283670663,0.881302526934534,7.449355775424598,0.6182917221157684,8.37404013095309,6.398467018799757,0.0,0.11459589867310012,0.0,113.39617210187203,1.2096758471882825,0.0081799591002045,0.10224948875255624,0,195.60000000000002,979,1.239644344916694,1.176968052993753,0.00965018094089265,829,2.4763636641404076,1.546031957391164,0.10253317249698435,829,0.0,0.8926417370325693,0.097708082026538,0.06875753920386007,7.394740836443135,0.6224356090141545,,811,,S3_ar1,R2A
R2,A,0.0,0.0,1,mid,30.0,5,range_s_P0,ekf,,0.3231830293161583,0.3904203126318853,0.3880020016194366,10.535330379461973,1.6505547568353052,6.9576031621599315,10.156605823716726,0.0,0.5705669481302774,0.0,265.761450934817,1.5736762645140312,0.05725971370143149,0.09202453987730061,0,195.60000000000002,979,1.701614737440416,0.9697221050870889,0.06755126658624844,829,2.368257662543266,1.6019562168956294,0.08443908323281057,829,0.0,0.9095295536791315,0.07117008443908324,0.10253317249698432,10.645318590828564,1.66824817248804,,811,,S3_ar1,R2A
R2,A,0.0,0.0,1,mid,30.0,6,range_s_P0,ekf,,0.26512383802002226,0.19683293370024862,0.059982022488255196,10.335947075597018,1.521355261064938,3.5297840466549157,2.4183545831394935,0.021712907117008445,0.39927623642943305,0.0,267.540680753195,1.2521079781303275,0.014314928425357873,0.10940695296523517,0,195.60000000000002,979,1.3268764108174977,1.2078493260632142,0.016887816646562137,829,2.4541780653141694,1.480535445882489,0.10615199034981904,829,0.0,0.985524728588661,0.0,0.04101326899879373,10.214683420932197,1.5379484271083894,,811,,S3_ar1,R2A
R2,A,0.0,0.0,1,mid,30.0,7,range_s_P0,ekf,,0.7983663211818792,0.8666558541822612,0.8632698064915272,6.169228633719587,1.722002587280903,6.568547639543293,4.004069846617686,0.0,0.10856453558504221,0.0,281.1432356130149,1.1939019002573767,0.02556237218813906,0.11758691206543967,0,195.60000000000002,979,1.1898074515225887,0.9404693280538207,0.026537997587454787,829,2.719162643691977,1.5587989918121696,0.12062726176115801,829,0.0,0.9686369119420989,0.024125452352231604,0.25934861278648974,6.237058053816178,1.7407636705241507,,811,,S3_ar1,R2A
R2,A,0.0,0.0,1,mid,30.0,8,range_s_P0,ekf,,0.0524315297139055,0.016247877017200932,0.11016556838367417,6.039156037240876,0.7928889889077521,0.9098496280529708,3.7473802804335055,0.0,0.1218335343787696,0.0,31.87122129883508,1.1074483470666356,0.018404907975460124,0.10429447852760736,0,195.60000000000002,979,1.1418054807459264,0.9476077855183758,0.021712907117008462,829,2.687159412239376,1.6079259932300545,0.11097708082026536,829,0.0,0.9143546441495778,0.07237635705669482,0.21592279855247287,6.092846859374394,0.7994817900233049,,811,,S3_ar1,R2A
R2,A,0.0,0.0,1,mid,30.0,9,range_s_P0,ekf,,0.919596324430479,0.9850569579399082,0.8905867903182882,5.983800914383649,0.8801570390106586,1.5643770073385665,1.5837240148170832,0.0,0.17490952955367914,0.0,51.582985638161695,1.1152793145969373,0.009202453987730062,0.09406952965235174,0,195.60000000000002,979,1.0497460601499664,0.9922726262287499,0.008443908323281013,829,2.481455630706968,1.5920165724917983,0.09167671893848006,829,0.0,0.9662243667068757,0.028950542822677925,0.41133896260554886,5.972310941186434,0.8880864353179335,,811,,S3_ar1,R2A
R2,A,0.0,0.0,1,mid,30.0,10,range_s_P0,ekf,,0.7285165386567507,0.7968538044623326,0.7433164101158511,6.580688126430152,1.2256556799527345,2.6588049825635327,2.66235192923619,0.0,0.1519903498190591,0.0,115.19625607787818,1.710950123457826,0.04805725971370143,0.09202453987730061,0,195.60000000000002,979,1.93273936465228,1.5398183292837795,0.05669481302774426,829,2.2963213320114186,1.4760517912811209,0.09047044632086854,829,0.0,0.8697225572979493,0.1218335343787696,0.35705669481302776,6.652214728907808,1.2390552700003785,,811,,S3_ar1,R2A
R2,A,0.0,0.0,1,mid,30.0,11,range_s_P0,ekf,,0.5238776496251059,0.5884561750061998,0.6499198910920791,13.458440285833351,1.603707764425938,12.83879624608327,12.22998704235516,0.020506634499396863,0.8902291917973462,0.0,450.01543438829754,2.1126524131285263,0.065439672801636,0.09713701431492842,0,195.60000000000002,979,2.34225230004514,1.322389018340463,0.07599517490952956,829,2.3085982227638575,1.4216820018461063,0.09650180940892639,829,0.0,0.8998793727382388,0.09529553679131483,0.09650180940892641,13.606864392111149,1.6212034156973487,,811,,S3_ar1,R2A
R2,A,0.0,0.0,1,mid,30.0,12,range_s_P0,ekf,,0.9341128555740708,0.9945323587880641,1.034049091324998,4.17853856069591,1.403763988226165,2.522817188515257,1.4685953589144984,0.0,0.033775633293124246,0.0,129.4998303825876,1.1788063168453096,0.009202453987730062,0.10736196319018405,0,195.60000000000002,979,1.0804934406878832,1.0231028087747334,0.007237635705669487,829,2.4636902958160336,1.5135233793985894,0.09650180940892639,829,0.0,1.0,0.0,0.4583835946924005,4.20536192457364,1.417453818534652,,811,,S3_ar1,R2A
R2,A,0.0,0.0,1,mid,30.0,13,range_s_P0,ekf,,1.2463892729957553,1.1964475171398898,1.2121569507091938,15.148064324150896,0.7674781781616614,14.065280800561647,19.80914858824801,0.23039806996381182,0.6200241254523522,0.0,201.61554716807066,2.253567792606489,0.07668711656441718,0.13701431492842536,0,195.60000000000002,979,2.456828824418167,1.6980846659252382,0.09047044632086854,829,2.928935624730531,1.6009418547087464,0.14475271411338964,829,0.0,0.6791314837153196,0.2943305186972256,0.2545235223160434,15.300679960919744,0.7757445858258544,,811,,S3_ar1,R2A
R2,A,0.0,0.0,1,mid,30.0,14,range_s_P0,ekf,,0.3872887875733182,0.32613551035801897,0.30413952376084324,2.2020022907680454,0.372888604475087,4.919397448905632,1.8732138482317198,0.0,0.0,0.0,10.900905305001537,1.408245076557164,0.03067484662576687,0.10224948875255624,0,195.60000000000002,979,1.2536993834459116,1.0854535414647521,0.020506634499396825,829,2.3331270482258657,1.4630916605602295,0.09891435464414955,829,0.0,0.4427020506634499,0.44632086851628466,0.721351025331725,2.1921532691655923,0.3760960699317205,,811,,S3_ar1,R2A
R2,A,0.0,0.0,1,mid,30.0,15,range_s_P0,ekf,,0.5824236797993337,0.6451905409709849,0.5128432107374107,9.712008638393801,1.5643471498125212,8.412202044826728,8.396694913936406,0.0,0.35102533172496986,0.0,226.78403821390785,1.5655254563675067,0.04805725971370143,0.0950920245398773,0,195.60000000000002,979,1.4790479206865097,1.1499177991552016,0.04101326899879376,829,2.298317161512308,1.4612091901552031,0.09529553679131486,829,0.0,0.8576598311218335,0.1218335343787696,0.1411338962605549,9.805914077002637,1.5815242718231564,,811,,S3_ar1,R2A
R2,A,0.0,0.0,1,mid,30.0,16,range_s_P0,ekf,,0.9751298770427728,1.0434850013113315,1.0254490209794445,7.455764685183341,1.2304970838223066,1.0985917572050687,6.702902558961849,0.0,0.09891435464414958,0.0,131.58460376995697,0.8681397452110511,0.0010224948875255625,0.10020449897750511,0,195.60000000000002,979,0.83840932526542,0.8313630624442638,0.0012062726176115257,829,2.303849225027615,1.4860231651766485,0.0892641737032569,829,0.0,0.9119420989143546,0.08202653799758745,0.20386007237635706,7.425113563785352,1.243994057883796,,811,,S3_ar1,R2A
R2,A,0.0,0.0,1,mid,30.0,17,range_s_P0,ekf,,1.358192455823231,1.3006471637235097,1.103079165573645,14.450242892532257,1.1096767076137581,14.987815170811583,17.42660975119689,0.09408926417370325,0.7177322074788902,0.0,209.12944095210685,1.3547824169558111,0.03374233128834356,0.13701431492842536,0,195.60000000000002,979,1.4085094906004982,1.0711247532073696,0.0386007237635706,829,2.9834829192872485,1.5671417200921252,0.14234016887816647,829,0.0,0.7623642943305187,0.21712907117008443,0.11700844390832328,14.598560203206356,1.1217939460123572,,811,,S3_ar1,R2A
R2,A,0.0,0.0,1,mid,30.0,18,range_s_P0,ekf,,0.5159177873842213,0.5839916872544688,0.6015734901842846,8.395548049086093,1.404424040340954,6.107189397637939,4.654471898756248,0.0,0.2255729794933655,0.0,136.9377986174881,1.209740218744181,0.027607361963190184,0.09406952965235174,0,195.60000000000002,979,1.2834672268913574,0.9144299960083739,0.03256936067551264,829,2.153056019242705,1.470828589556892,0.07961399276236425,829,0.0,0.9553679131483716,0.04342581423401689,0.1218335343787696,8.47920592700647,1.4196856315298103,,811,,S3_ar1,R2A
R2,A,0.0,0.0,1,mid,30.0,19,range_s_P0,ekf,,1.713151102496664,1.6663689680402252,1.5162617284852242,16.739657823230058,1.189213821491977,14.324373855830181,20.465807071545957,0.2955367913148372,0.7575392038600723,0.0,316.7213258351009,1.7003354543212323,0.05623721881390593,0.12474437627811862,0,195.60000000000002,979,1.844403833548974,1.0814554934433465,0.06634499396863691,829,2.7221910682266754,1.591222267655031,0.11942098914354649,829,0.0,0.8311218335343787,0.14957780458383596,0.18697225572979492,16.9200454596915,1.2021968935797664,,811,,S3_ar1,R2A
R2,A,0.0,0.0,1,mid,30.0,20,range_s_P0,ekf,,1.267803448393011,1.3359311503515656,1.4103214940584536,5.773098316760095,1.1448247327268415,4.123689673190662,5.054565420980866,0.0,0.10132689987937274,0.0,101.76336986752567,1.1118863651107977,0.017382413087934562,0.1032719836400818,0,195.60000000000002,979,1.1902760010368576,0.984412398645308,0.020506634499396825,829,2.4395420286007257,1.4875820182810213,0.09770808202653802,829,0.0024125452352231603,0.8214716525934861,0.15681544028950542,0.3341375150784077,5.800937007132687,1.1572309744198541,,811,,S3_ar1,R2A
R2,A,0.0,0.0,1,mid,30.0,21,range_s_P0,ekf,,1.1276641639161682,1.0758068736291926,1.0764276149553567,11.538433208495276,0.6854351721844871,14.303455872389279,13.748867588043714,0.0,0.5922798552472859,0.0,80.30850603787451,1.3399680621927466,0.027607361963190184,0.12474437627811862,0,195.60000000000002,979,1.4044099487330404,1.0250131956107071,0.03256936067551264,829,2.8182167199536,1.5280759192001707,0.12062726176115801,829,0.0,0.8118214716525934,0.13510253317249699,0.09650180940892641,11.599716065303799,0.6929276697777694,,811,,S3_ar1,R2A
R2,A,0.0,0.0,1,mid,30.0,22,range_s_P0,ekf,,0.5502346608569596,0.6171208195966028,0.6523833327987765,7.3328070937637095,1.2778518370396028,0.45790988666162336,2.3646173391448855,0.0,0.16767189384800965,0.0,113.7902610700793,1.6147348388883844,0.03578732106339468,0.08997955010224949,0,195.60000000000002,979,1.7132287148212502,1.4266234557313104,0.04101326899879376,829,2.309373890883863,1.4737297571750205,0.0892641737032569,829,0.0,1.0,0.0,0.33896260554885405,7.068487511065798,1.2890445425422719,,811,,S3_ar1,R2A
R2,A,0.0,0.0,1,mid,30.0,23,range_s_P0,ekf,,1.1560352813945578,1.2243918589778036,1.1877603825770033,5.519312433869443,1.1588553970383457,3.0376942814982293,3.275507218447371,0.0,0.07720144752714113,0.0,162.5959342021723,1.1423940094009644,0.013292433537832311,0.11554192229038855,0,195.60000000000002,979,1.0240942170856246,0.9787605284148071,0.007237635705669487,829,2.4998401234857197,1.5692095150422967,0.112183353437877,829,0.0,0.9987937273823885,0.0,0.16284680337756333,5.460523782717058,1.1712360505662693,,811,,S3_ar1,R2A
R2,A,0.0,0.0,1,mid,30.0,24,range_s_P0,ekf,,0.2040098110522006,0.14812758704706364,0.13279687855775246,10.665510552500622,1.1602431146014538,2.015021748072169,6.213824348176669,0.010856453558504222,0.4330518697225573,0.0,270.5786693042685,1.8250321027669896,0.03885480572597137,0.10020449897750511,0,195.60000000000002,979,1.9745944940753173,1.5104699091682352,0.045838359469240086,829,2.479039918203226,1.5268012257516272,0.10132689987937271,829,0.0,0.9264173703256936,0.061519903498190594,0.05186972255729795,10.774403552294372,1.1729043344919035,,811,,S3_ar1,R2A
R2,A,0.0,0.0,1,mid,30.0,25,range_s_P0,ekf,,0.9770841312883879,1.0436749118110247,1.0751652577355222,6.055169995424416,1.4302170355192962,1.505259972490434,2.157195104226277,0.0,0.12303980699638119,0.0,164.94893119460545,1.1379915114768588,0.011247443762781187,0.10224948875255624,0,195.60000000000002,979,1.1461942686959221,1.0565807626583184,0.00965018094089265,829,2.528224095954414,1.5765866789778398,0.10132689987937271,829,0.0,0.9867310012062727,0.008443908323281062,0.25934861278648974,6.085308521217296,1.445198051160628,,811,,S3_ar1,R2A
R2,A,0.0,0.0,1,mid,30.0,26,range_s_P0,ekf,,0.2220056273059184,0.17113625736439364,0.058825267234267814,10.560313883320974,2.5943589623777856,2.1242397714019248,1.6309100340508416,0.061519903498190594,0.39324487334137515,0.0,383.6397356219938,2.072458534883726,0.07566462167689161,0.1278118609406953,0,195.60000000000002,979,1.5295224306277726,1.1200068104749277,0.045838359469240086,829,2.727386055261386,1.468125122662161,0.12907117008443914,829,0.0,0.9782870928829915,0.006031363088057901,0.32448733413751507,10.427114684764426,2.619434601258926,,811,,S3_ar1,R2A
R2,A,0.0,0.0,1,mid,30.0,27,range_s_P0,ekf,,0.8717890492995415,0.8059667806131766,0.8792391244265695,16.79037387699322,1.825938315422791,12.992568055520584,18.465869696045694,0.05669481302774427,1.0,0.0,486.28807587719774,1.435981769345492,0.023517382413087935,0.09406952965235174,0,195.60000000000002,979,1.5872503160156122,1.2495499941214325,0.027744270205066313,829,2.3180226610068186,1.4976369490240016,0.09408926417370322,829,0.0,1.0,0.0,0.0,16.85264220769577,1.8449885853661159,,811,,S3_ar1,R2A
R2,A,0.0,0.0,1,mid,30.0,28,range_s_P0,ekf,,0.44781347767584645,0.503847118871091,0.3886429371659205,7.964741083713062,0.9267519684224224,5.616836657696231,8.097860886734821,0.0,0.195416164053076,0.0,97.0744914398943,1.4944953287708358,0.05521472392638037,0.10224948875255624,0,195.60000000000002,979,1.6150061550587362,0.9529746716562544,0.06513872135102539,829,2.399011028594833,1.4747430987981278,0.10253317249698435,829,0.014475271411338963,0.6960193003618818,0.2943305186972256,0.3039806996381182,8.029968121173207,0.936951541143456,,811,,S3_ar1,R2A
R2,A,0.0,0.0,1,mid,30.0,29,range_s_P0,ekf,,0.8986277429962222,0.9638389795901412,0.9259295874315191,7.748935648723457,0.645961336581246,5.2631449427164005,6.951369331012785,0.0,0.13027744270205066,0.0,130.2729368369929,1.4908633728376235,0.041922290388548056,0.0950920245398773,0,195.60000000000002,979,1.6453643051091653,1.2140001729083452,0.049457177322074775,829,2.2928921877489374,1.4881472827374316,0.09167671893848006,829,0.0,0.9951749095295537,0.0012062726176115801,0.06272617611580217,7.765382792768081,0.6521352218132593,,811,,S3_ar1,R2A
R2,A,0.0,0.0,1,mid,30.0,30,range_s_P0,ekf,,0.6148594956449372,0.6752848645116701,0.6319433913063837,6.486381155048736,1.3013261527379607,1.890165427451232,1.6115248912920495,0.0,0.19179734620024125,0.0,114.1911426631655,1.4213532632576376,0.034764826175869123,0.11451942740286299,0,195.60000000000002,979,1.2812361712948166,1.1180719552071494,0.024125452352231624,829,2.5436115619692425,1.6363739722135207,0.112183353437877,829,0.0,1.0,0.0,0.36550060313630883,6.260848232056595,1.3130048853013658,,811,,S3_ar1,R2A
R2,A,0.0,0.0,1,mid,30.0,31,range_s_P0,ekf,,0.2183209213107496,0.2854948007224476,0.2347701327817186,7.804493550999542,0.5499003577120691,3.449107061572073,7.530049022242697,0.0,0.20265379975874548,0.0,127.0502383855278,1.2693980177861701,0.017382413087934562,0.11451942740286299,0,195.60000000000002,979,1.2783960202397358,1.1240676455285639,0.0193003618817853,829,2.600864300272679,1.598857039700888,0.11338962605548852,829,0.021712907117008445,0.7925211097708083,0.19903498190591074,0.20265379975874548,7.6962467573725535,0.553087801010599,,811,,S3_ar1,R2A
R2,A,0.0,0.0,1,mid,30.0,32,range_s_P0,ekf,,0.06428544473247717,0.09285760023903385,0.15326583686857848,10.450546660451062,1.8292221823092958,1.913613220958217,6.315784196264917,0.0,0.41254523522316044,0.0,238.57607857708717,1.2004230983256416,0.022494887525562373,0.09918200408997956,0,195.60000000000002,979,1.183983864058757,0.98522964038092,0.026537997587454787,829,2.4920579816500092,1.550451710650084,0.09891435464414955,829,0.0,0.9927623642943305,0.0,0.0,10.377027998415393,1.8467473936581567,,811,,S3_ar1,R2A
R2,A,0.0,0.0,1,mid,30.0,33,range_s_P0,ekf,,0.4881848106400971,0.5500394452080014,0.6130038616243493,6.021519423593478,1.0729382842906545,2.6241200622863503,2.3592815752532204,0.0,0.12665862484921592,0.0,65.16596857803053,1.69980773616202,0.034764826175869123,0.10531697341513292,0,195.60000000000002,979,1.925977059135438,1.5760044370283208,0.04101326899879376,829,2.6199964525760078,1.5698136417119382,0.10615199034981904,829,0.007237635705669481,0.8443908323281062,0.14234016887816647,0.33293124246079614,6.06632734023983,1.084745614560275,,811,,S3_ar1,R2A
R2,A,0.0,0.0,1,mid,30.0,34,range_s_P0,ekf,,0.3169666023923192,0.38532520387389657,0.4090788575653485,11.052368864684526,1.5708174350701745,8.354351952640215,9.367705350271972,0.0,0.5223160434258143,0.0,278.7563010445351,1.860830994671099,0.06441717791411043,0.08895705521472393,0,195.60000000000002,979,1.9769238403309615,1.2709610441791372,0.07599517490952956,829,2.2759809623221177,1.434350626697223,0.09167671893848006,829,0.0,0.9493365500603136,0.024125452352231604,0.0024125452352231603,11.141866320263698,1.5880588537822409,,811,,S3_ar1,R2A
R2,A,0.0,0.0,1,mid,30.0,35,range_s_P0,ekf,,0.8774441037088253,0.9437513454025424,0.8576206594099864,4.0077111719928125,0.8815716141590285,2.1426105137670164,2.363011847308698,0.0,0.022919179734620022,0.0,68.18138559669642,1.0092079400984868,0.007157464212678937,0.10736196319018405,0,195.60000000000002,979,0.9976338966543632,0.9355766963919808,0.008443908323281013,829,2.4759130963708995,1.5687023892264929,0.10253317249698435,829,0.0,0.7804583835946924,0.18697225572979492,0.5126658624849216,3.9181955824455375,0.8886406455478681,,811,,S3_ar1,R2A
R2,A,0.0,0.0,1,mid,30.0,36,range_s_P0,ekf,,0.18829114940742903,0.2508718748973133,0.1604251560751532,13.22332097918496,1.8363552243274677,5.770510376617397,11.101998494062018,0.09047044632086852,0.6055488540410132,0.0,450.65435497273984,2.684529111336471,0.11451942740286299,0.11247443762781185,0,195.60000000000002,979,2.9467173934572197,1.14695381753572,0.12665862484921597,829,2.7011358429036596,1.548309506160922,0.12062726176115801,829,0.0,0.8383594692400482,0.15078407720144751,0.15681544028950542,13.36137896296344,1.856579261496525,,811,,S3_ar1,R2A
R2,A,0.0,0.0,1,mid,30.0,37,range_s_P0,ekf,,0.4865415794551686,0.5475061243942121,0.5622038536395727,8.27405693445462,1.1298904723454473,1.450853072595372,5.805705368748902,0.0,0.27261761158021713,0.0,101.28167752954262,1.0244674520220445,0.018404907975460124,0.11349693251533742,0,195.60000000000002,979,1.0194339550706915,0.825263410983474,0.0193003618817853,829,2.4356752386654907,1.5135708103223782,0.1085645355850422,829,0.0,0.8950542822677925,0.10253317249698432,0.1158021712907117,8.352606673180937,1.1422305599058784,,811,,S3_ar1,R2A
R2,A,0.0,0.0,1,mid,30.0,38,range_s_P0,ekf,,0.22697641227367787,0.17107925741608573,0.1122571623388733,5.61359897546563,0.4256674668617516,1.9504101053969398,1.6920286099600235,0.0,0.1399276236429433,0.0,30.57053737034847,0.9550614434813905,0.003067484662576687,0.09406952965235174,0,195.60000000000002,979,1.0002141050668059,0.9761730894808764,0.003618817852834688,829,2.3195358050877775,1.47849430799153,0.0928829915560917,829,0.0024125452352231603,0.47285886610373945,0.4644149577804584,0.45235223160434257,5.671126937648912,0.43003020485415133,,811,,S3_ar1,R2A
R2,A,0.0,0.0,1,mid,30.0,39,range_s_P0,ekf,,0.42235004337637017,0.4904035457924488,0.4210838661125191,15.9405042767101,2.278752510166629,9.706442840401866,13.94460095780522,0.15681544028950542,0.916767189384801,0.0,816.3497937168925,2.8057035950920666,0.08997955010224949,0.08793456032719836,0,195.60000000000002,979,3.223911093095292,1.4236172781683079,0.10615199034981904,829,2.3619950665568044,1.598123761714517,0.08564535585042221,829,0.0,0.9638118214716526,0.030156815440289506,0.04825090470446321,16.11585651917369,2.303743446189952,,811,,S3_ar1,R2A
R2,A,0.0,0.0,1,mid,30.0,40,range_s_P0,ekf,,0.6094357467754435,0.6697460014541877,0.7210750871351415,7.937105285093849,1.494180360753571,3.6869057368903233,1.0767031255317439,0.009650180940892641,0.2545235223160434,0.0,153.72506016092476,1.1629254699990579,0.011247443762781187,0.10020449897750511,0,195.60000000000002,979,1.1823811164609674,1.1166062616946615,0.00965018094089265,829,2.4990099312696246,1.5171546993217553,0.10012062726176119,829,0.0,1.0,0.0,0.4764776839565742,7.857800213066873,1.509220605037175,,811,,S3_ar1,R2A
R2,A,0.0,0.0,1,mid,30.0,41,range_s_P0,ekf,,1.3693719397410997,1.4365315115943225,1.4164587880212958,4.584702583729589,0.9032492553572764,4.959312394486206,3.886976984706771,0.0,0.05307599517490953,0.0,136.67241915804385,1.024355822392921,0.015337423312883436,0.10429447852760736,0,195.60000000000002,979,0.9486469857301584,0.8926370612789485,0.008443908323281013,829,2.5343350773331084,1.5160556816888164,0.10373944511459587,829,0.0,0.6417370325693607,0.3148371531966224,0.413751507840772,4.590131080689748,0.9131470945636412,,811,,S3_ar1,R2A
R2,A,0.0,0.0,1,mid,30.0,42,range_s_P0,ekf,,0.517842805825686,0.5858497736584987,0.7347662839103036,8.357259117811818,1.4625793385441168,4.577455278313275,3.183617756403536,0.0,0.3401688781664656,0.0,202.88901739696027,1.1652461194871784,0.006134969325153374,0.0869120654396728,0,195.60000000000002,979,1.2372776761787683,1.1836942844776135,0.007237635705669487,829,2.334837708188477,1.5371966408172641,0.0928829915560917,829,0.0,1.0,0.0,0.3775633293124246,8.344115247606725,1.477994530011959,,811,,S3_ar1,R2A
R2,A,0.0,0.0,1,mid,30.0,43,range_s_P0,ekf,,0.7858191624863924,0.8504851074954116,0.8717688205954347,3.67534735331809,1.134585216754876,0.3544005020684412,2.8979066863082403,0.0,0.0,0.0,101.58334857676893,1.2126722222319595,0.028629856850715747,0.10224948875255624,0,195.60000000000002,979,1.1722737496421527,0.9408526602459667,0.02895054282267795,829,2.376064039127186,1.476677205965384,0.10012062726176119,829,0.0,0.9831121833534379,0.007237635705669481,0.353437876960193,3.654859590291604,1.1454511534396519,,811,,S3_ar1,R2A
R2,A,0.0,0.0,1,mid,30.0,44,range_s_P0,ekf,,0.343824943210487,0.29040552156535804,0.09099532107941966,9.344195033501897,1.6215933969717957,4.1281832127653315,4.634272589690414,0.0,0.33293124246079614,0.0,203.70946978909075,1.7277403656930697,0.05828220858895705,0.08997955010224949,0,195.60000000000002,979,1.7267570953120845,1.253315873807554,0.0542822677925211,829,2.445644681259026,1.6098437839209172,0.0892641737032569,829,0.0,0.9408926417370326,0.038600723763570564,0.039806996381182146,9.427940556506922,1.6394507313165654,,811,,S3_ar1,R2A
R2,A,0.0,0.0,1,mid,30.0,45,range_s_P0,ekf,,0.20749835177564355,0.2417334794581999,0.1181453687065533,17.819011413019304,2.3924453103360372,4.224363421556536,10.419055492544706,0.4378769601930036,0.6996381182147166,0.0,757.4496598373802,5.05703045642459,0.2443762781186094,0.1083844580777096,0,195.60000000000002,979,5.608817484085539,1.4137705567739427,0.27744270205066346,829,2.5895494172130364,1.531932486773583,0.11459589867310016,829,0.0,1.0,0.0,0.0,17.820055105359824,2.418645333264681,,811,,S3_ar1,R2A
R2,A,0.0,0.0,1,mid,30.0,46,range_s_P0,ekf,,1.0552877048376317,1.1212670177047779,1.0323389140101007,4.885686099141307,1.8090329279335045,1.2811298472925234,1.6037073007263196,0.0,0.1399276236429433,0.0,239.69641059203911,1.150965069739862,0.0081799591002045,0.10429447852760736,0,195.60000000000002,979,1.1345986441472695,1.0724720740941018,0.00965018094089265,829,2.5202342441170167,1.531725695918334,0.10615199034981904,829,0.0,0.9360675512665863,0.026537997587454766,0.6031363088057901,4.932456194633795,1.8287278104653144,,811,,S3_ar1,R2A
R2,A,0.0,0.0,1,mid,30.0,47,range_s_P0,ekf,,0.5793272977984658,0.6476497481182475,0.6415743175656589,12.75205780960008,1.213162594963686,15.430855740534046,13.517608920101738,0.0,0.7575392038600723,0.0,420.70389260776415,1.5935248943918046,0.05521472392638037,0.09406952965235174,0,195.60000000000002,979,1.5846389606930755,1.0999100511170268,0.05186972255729794,829,2.3645904188579108,1.4878030826797284,0.09047044632086854,829,0.0,0.8226779252110977,0.14595898673100122,0.1652593486127865,12.892089909382948,1.2261934594918455,,811,,S3_ar1,R2A
R2,A,0.0,0.0,1,mid,30.0,48,range_s_P0,ekf,,0.869180902177252,0.9366555726901185,1.026812448109433,5.255288015463416,0.9585623106460963,1.398973741886821,2.403732976052263,0.0,0.09167671893848009,0.0,96.69161909062413,1.1994846029830104,0.02147239263803681,0.09611451942740286,0,195.60000000000002,979,1.1934786990245476,0.9639757740644769,0.024125452352231624,829,2.5124853143454726,1.5110581551067694,0.10253317249698435,829,0.0,0.8866103739445115,0.0856453558504222,0.3172496984318456,5.209824193857121,0.9688707233440788,,811,,S3_ar1,R2A
R2,A,0.0,0.0,1,mid,30.0,49,range_s_P0,ekf,,0.3993631687027705,0.46465970200926077,0.3287364705019789,10.54399576360061,1.8118043597666396,5.397645861808537,8.488052780506731,0.031363088057901084,0.4559710494571773,0.0,240.19242213956468,1.1558985745060306,0.022494887525562373,0.10736196319018405,0,195.60000000000002,979,1.1259848720473202,0.9326009887849334,0.020506634499396825,829,2.4752269606209834,1.5535787579279376,0.10494571773220751,829,0.0,0.9107358262967431,0.08082026537997587,0.10253317249698432,10.646365132906439,1.8317844354920068,,811,,S3_ar1,R2A
R2,A,0.0,0.0,2,high,30.0,0,range_s_P0,ekf,,1.3154008805961082,1.383600925833275,1.4315257119245368,4.136314913369627,0.8778183055503104,7.94928984489158,4.4761243654621,0.0,0.0,0.0,106.50577305333617,1.2111395852216342,0.02556237218813906,0.08588957055214724,0,195.60000000000002,979,1.1339584822270523,0.9019735000233616,0.024125452352231624,829,2.479537619650336,1.5536671915558125,0.08805790108564537,829,0.0,0.9577804583835947,0.04101326899879373,0.3691194209891435,4.075924791626984,0.8857870930630649,,811,,S3_ar1,R2A
R2,A,0.0,0.0,2,high,30.0,1,range_s_P0,ekf,,0.7850268804012005,0.8522339071842024,0.8682813722658761,4.750328952028,1.1867155944626684,2.16904771861599,1.4430545522202343,0.0,0.09167671893848009,0.0,95.19851324868999,1.4052586149636472,0.041922290388548056,0.1083844580777096,0,195.60000000000002,979,1.4792146722435864,1.0321756479257451,0.049457177322074775,829,2.456600181608163,1.4243394501951663,0.11338962605548852,829,0.0036188178528347406,0.7334137515078407,0.25814234016887816,0.6755126658624849,4.799012554693016,1.1997083080428514,,811,,S3_ar1,R2A
R2,A,0.0,0.0,2,high,30.0,2,range_s_P0,ekf,,0.3848386892677049,0.3281223178077633,0.25375769314027835,10.886528191350257,1.6048224482919509,1.1538425444166702,6.421278126481517,0.0,0.4620024125452352,0.0,302.5559991984168,2.3797531251832353,0.11554192229038855,0.11758691206543967,0,195.60000000000002,979,2.5804805452447597,1.390796942596496,0.13027744270205066,829,2.6916986048083977,1.6418845031399452,0.1085645355850422,829,0.0024125452352231603,0.9264173703256936,0.06634499396863691,0.09167671893848009,11.005802903289384,1.6225200575667929,,811,,S3_ar1,R2A
R2,A,0.0,0.0,2,high,30.0,3,range_s_P0,ekf,,0.4716776128684977,0.5399612506267466,0.5791163622031041,7.855004686389834,1.0214487896452238,7.376835653234385,4.660083234542267,0.0,0.23281061519903498,0.0,71.95760212968302,1.2139355487452457,0.02147239263803681,0.10531697341513292,0,195.60000000000002,979,1.3296717987756705,0.9667229298812702,0.02533172496984315,829,2.4841426637419977,1.5573241040217858,0.09529553679131486,829,0.0,0.9867310012062727,0.009650180940892641,0.03498190591073583,7.927861867802255,1.032542721572286,,811,,S3_ar1,R2A
R2,A,0.0,0.0,2,high,30.0,4,range_s_P0,ekf,,1.0497676701343757,1.117679432385384,1.107894876073147,6.734672728680163,1.5386327001204598,0.7862870119771058,4.174869530862881,0.0,0.11097708082026538,0.0,160.56861091314175,1.0316905077487248,0.0081799591002045,0.1114519427402863,0,195.60000000000002,979,1.0289655672277456,0.9601759545732227,0.00965018094089265,829,2.40917455528507,1.4840448147123648,0.10735826296743067,829,0.0,0.9095295536791315,0.07599517490952955,0.13872135102533173,6.786790975515903,1.5552490081453831,,811,,S3_ar1,R2A
R2,A,0.0,0.0,2,high,30.0,5,range_s_P0,ekf,,2.7248103535413204,2.6839429427861248,2.5542612237752063,24.045999670100215,1.9727026226567124,24.78085484746638,29.037899359418276,0.7189384800965019,0.8359469240048251,0.25814234016887816,1042.849920761386,2.000695716057914,0.07566462167689161,0.21574642126789367,0,195.60000000000002,979,2.283770413472534,1.2536773444289047,0.0892641737032569,829,5.558515543798245,1.6787196638191941,0.23763570566948133,829,0.0,0.9963811821471653,0.0036188178528347406,0.007237635705669481,24.29502633931033,1.9935638732628638,,811,,S3_ar1,R2A
R2,A,0.0,0.0,2,high,30.0,6,range_s_P0,ekf,,0.7320506413711453,0.7969683901437388,1.0014792837919049,3.3095287545069225,0.5309103591996067,2.091745135855461,2.116394449506278,0.0,0.0,0.0,24.839803680096093,0.9968953601546849,0.014314928425357873,0.10020449897750511,0,195.60000000000002,979,0.9886384813522058,0.8725062855583663,0.0156815440289505,829,2.462856772923078,1.5941215813051322,0.09770808202653802,829,0.0,0.721351025331725,0.20868516284680338,0.5693606755126659,3.323675027241555,0.5364167007009096,,811,,S3_ar1,R2A
R2,A,0.0,0.0,2,high,30.0,7,range_s_P0,ekf,,0.12830114004569937,0.18724744393463857,0.167779553102812,13.957451242977816,1.3816218083642433,6.889320064206276,11.743882172250041,0.0,0.7768395657418576,0.0,542.3972808712138,2.844862511181206,0.10020449897750511,0.10531697341513292,0,195.60000000000002,979,3.152712571692702,1.3704910926266305,0.11821471652593485,829,2.5840726231220437,1.5890080206517054,0.10735826296743067,829,0.0,1.0,0.0,0.0,14.080350286568166,1.3966767256576025,,811,,S3_ar1,R2A
R2,A,0.0,0.0,2,high,30.0,8,range_s_P0,ekf,,1.1119037944969505,1.177838777164626,1.0993721039973012,5.768896843709853,1.6043696413296058,2.461887663889652,4.674840025146936,0.0,0.05669481302774427,0.0,281.22714101857366,1.7127147668098561,0.05214723926380368,0.11349693251533742,0,195.60000000000002,979,1.5144659697171534,1.098853682851466,0.045838359469240086,829,2.569184399052519,1.5935516211128813,0.11097708082026536,829,0.0,1.0,0.0,0.05066344993968637,5.609789736327334,1.6194974766506054,,811,,S3_ar1,R2A
R2,A,0.0,0.0,2,high,30.0,9,range_s_P0,ekf,,1.6998390217650658,1.6487254258722774,1.7687200391866698,22.067604791148824,1.6455728748058227,21.183788221429754,25.508699233306146,0.6863691194209891,0.7804583835946924,0.0,757.6346819714936,1.743159359355594,0.0541922290388548,0.18916155419222905,0,195.60000000000002,979,1.8959318662615134,1.1589498374941607,0.06393244873341375,829,3.751359393007443,1.6351124801225756,0.19903498190591074,829,0.0,1.0,0.0,0.1399276236429433,22.303922004109978,1.663341172121716,,811,,S3_ar1,R2A
R2,A,0.0,0.0,2,high,30.0,10,range_s_P0,ekf,,0.23773904169416535,0.29131800895379434,0.1751138582918324,2.6581748214057637,0.60380014821566,2.964538580709362,1.1516891638939661,0.0,0.0,0.0,16.165053021045328,1.0696808820835375,0.012269938650306749,0.1032719836400818,0,195.60000000000002,979,1.1016934051216172,0.9954292559612592,0.013268998793727338,829,2.465882027773871,1.5387979037018469,0.10373944511459587,829,0.0,0.6441495778045838,0.2798552472858866,0.738238841978287,2.6863209634894925,0.6102256733329965,,811,,S3_ar1,R2A
R2,A,0.0,0.0,2,high,30.0,11,range_s_P0,ekf,,1.0056362683834041,1.071933767949993,1.1356056246044042,13.22699943935016,2.2045675639648463,6.82856096456528,6.138435114552612,0.195416164053076,0.428226779252111,0.0,508.0658447532284,2.4110044861950457,0.07975460122699386,0.09918200408997956,0,195.60000000000002,979,2.714072735844514,1.3891721465157538,0.09408926417370322,829,2.3489211794060214,1.4536274137078544,0.09891435464414955,829,0.0,1.0,0.0,0.0,13.279825613128768,2.228077183988858,,811,,S3_ar1,R2A
R2,A,0.0,0.0,2,high,30.0,12,range_s_P0,ekf,,1.01587397753206,1.0786064627628649,1.1320817753829708,7.326688963672998,1.873594552848579,0.3495796112269055,4.110218016146301,0.0,0.18938480096501809,0.0,408.52005266613855,2.2896685241437535,0.07259713701431493,0.12372188139059305,0,195.60000000000002,979,2.5105401627395945,1.474194068265269,0.08564535585042221,829,2.6934470958358854,1.4340723220360772,0.1278648974668275,829,0.0,1.0,0.0,0.1278648974668275,7.306384823458393,1.8922420763949859,,811,,S3_ar1,R2A
R2,A,0.0,0.0,2,high,30.0,13,range_s_P0,ekf,,0.3252957110330632,0.3926024598600164,0.327051832166313,13.112766038322684,2.3360033567968097,6.911121064300289,9.801407075222063,0.022919179734620022,0.6212303980699638,0.0,512.7130527182645,1.719837430248289,0.05725971370143149,0.1114519427402863,0,195.60000000000002,979,1.8332287977459623,1.1763356985370295,0.06634499396863691,829,2.6489683760850764,1.502761072362624,0.11338962605548852,829,0.0,1.0,0.0,0.0,13.129458228972776,2.360850560668991,,811,,S3_ar1,R2A
R2,A,0.0,0.0,2,high,30.0,14,range_s_P0,ekf,,0.6444581457844019,0.7127820695930657,0.715343588130556,3.212504153489581,0.9573534727070169,1.3027724939194705,2.4351756892467815,0.0,0.0,0.0,40.98530825744648,0.9960141395637001,0.011247443762781187,0.09100204498977506,0,195.60000000000002,979,0.964919925038521,0.8998242519286435,0.00965018094089265,829,2.2199565823754432,1.4679468721526427,0.09167671893848006,829,0.0048250904704463205,0.8769601930036188,0.09047044632086852,0.6164053075995175,3.247758986940082,0.9678873543882268,,811,,S3_ar1,R2A
R2,A,0.0,0.0,2,high,30.0,15,range_s_P0,ekf,,0.459799097729126,0.521937644750589,0.3892591336723964,5.003359928196479,0.4885550728603201,4.477879823009501,3.984962039159858,0.0,0.06272617611580217,0.0,40.26625759512426,1.3075511888981175,0.012269938650306749,0.1032719836400818,0,195.60000000000002,979,1.2403606616218499,1.1878551149788716,0.008443908323281013,829,2.425763680794236,1.4707851636266602,0.09891435464414955,829,0.0,0.7285886610373945,0.24246079613992763,0.27020506634499397,4.647346838050667,0.4847065102314403,,811,,S3_ar1,R2A
R2,A,0.0,0.0,2,high,30.0,16,range_s_P0,ekf,,0.6778890314246099,0.7462392888413744,0.7350204259887596,5.668644758968596,1.388494713313846,3.6669363954237304,1.6961873375514012,0.0,0.09891435464414958,0.0,171.31114924957257,0.959259294406912,0.003067484662576687,0.10940695296523517,0,195.60000000000002,979,0.9404664957037097,0.9261426967719023,0.0024125452352231624,829,2.572411615665455,1.5860456384130939,0.10373944511459587,829,0.0,0.9662243667068757,0.030156815440289506,0.3088057901085645,5.727048473390496,1.4036729921964597,,811,,S3_ar1,R2A
R2,A,0.0,0.0,2,high,30.0,17,range_s_P0,ekf,,0.05015780908230787,0.01839283551647798,0.21692716442860963,9.060819592829654,1.0671240793833763,2.50877173481128,6.180812440369686,0.0,0.2943305186972256,0.0,130.79617300689745,1.048931239057915,0.02556237218813906,0.09918200408997956,0,195.60000000000002,979,1.1329828079724622,0.85665120072506,0.030156815440289475,829,2.3903524791570034,1.499664923156617,0.09770808202653802,829,0.0,1.0,0.0,0.0,9.092021038600695,1.0786187337165432,,811,,S3_ar1,R2A
R2,A,0.0,0.0,2,high,30.0,18,range_s_P0,ekf,,0.253254439262181,0.24571448863296624,0.016206433651343066,3.3929251575480968,0.47262904953905094,1.079183676793625,3.2191369096661244,0.0,0.0,0.0,12.355005949081301,1.1816480102073426,0.026584867075664622,0.09815950920245399,0,195.60000000000002,979,1.2670990444532368,0.9315146102146933,0.03136308805790111,829,2.484430810886044,1.541455609564902,0.09650180940892639,829,0.0,0.7454764776839565,0.16887816646562123,0.3498190591073583,3.412770570000984,0.4763152721257746,,811,,S3_ar1,R2A
R2,A,0.0,0.0,2,high,30.0,19,range_s_P0,ekf,,0.22371288120958688,0.2614782972303601,0.16085545955167413,10.502606216872858,1.3545368027164986,6.237486941416708,9.084877773106458,0.0,0.46562123039806996,0.0,238.46060825294697,1.5374054484512956,0.044989775051124746,0.09713701431492842,0,195.60000000000002,979,1.6880251772776997,1.2498081288566094,0.053075995174909574,829,2.452854264172608,1.4975243574435797,0.10012062726176119,829,0.0,0.916767189384801,0.06875753920386007,0.05790108564535585,10.617940626481587,1.3693134970699767,,811,,S3_ar1,R2A
R2,A,0.0,0.0,2,high,30.0,20,range_s_P0,ekf,,0.14153122497272844,0.19482116710218328,0.2759030699879192,13.552423013931746,2.149687931355874,7.177830726350429,10.962372527713557,0.0,0.7261761158021713,0.0,601.2926899534165,1.5713402989961245,0.03783231083844581,0.09713701431492842,0,195.60000000000002,979,1.7121819605454907,1.0908413205829213,0.043425814234016924,829,2.458474027994138,1.5643535299792808,0.09891435464414955,829,0.0,0.9565741857659831,0.04101326899879373,0.04825090470446321,13.701205727469473,2.1733252799294256,,811,,S3_ar1,R2A
R2,A,0.0,0.0,2,high,30.0,21,range_s_P0,ekf,,0.15789768733849996,0.22460173884303955,0.19701826404048806,13.113897711845885,1.884685018728023,5.267943821322179,8.360364056254872,0.08323281061519903,0.5512665862484921,0.0,531.6384866290803,2.2121501371962737,0.08588957055214724,0.11042944785276074,0,195.60000000000002,979,2.1234120419570313,1.5055463497828272,0.07720144752714109,829,2.4213668809441087,1.460031644622347,0.10373944511459587,829,0.0,0.97708082026538,0.0048250904704463205,0.018094089264173704,13.24476007315528,1.9049349086014271,,811,,S3_ar1,R2A
R2,A,0.0,0.0,2,high,30.0,22,range_s_P0,ekf,,0.19518027476006258,0.13215361335779402,0.09353559956000938,3.1026328012690216,0.4395777088250629,1.9900497581939516,2.937384668073163,0.0,0.0,0.0,13.671822807736774,0.9240993449707218,0.012269938650306749,0.10633946830265849,0,195.60000000000002,979,0.9003097733627079,0.8370251570218438,0.008443908323281013,829,2.59266481019126,1.5568726645574236,0.1085645355850422,829,0.0,0.6405307599517491,0.2858866103739445,0.3835946924004825,3.1209763512240727,0.4427371589657919,,811,,S3_ar1,R2A
R2,A,0.0,0.0,2,high,30.0,23,range_s_P0,ekf,,0.9280208800801222,0.9953957923084086,0.9734626466026115,9.42998580476224,1.8165445072294637,1.475548402938329,2.6358114832401007,0.0,0.3281061519903498,0.0,314.94371641417075,1.4275744878025582,0.03067484662576687,0.09406952965235174,0,195.60000000000002,979,1.5220051765691283,1.176569855337519,0.03618817852834744,829,2.354115307591145,1.5322987107655988,0.08685162846803374,829,0.0,0.97708082026538,0.020506634499396863,0.17973462002412546,9.519734707040424,1.8364681827658242,,811,,S3_ar1,R2A
R2,A,0.0,0.0,2,high,30.0,24,range_s_P0,ekf,,0.33824932516497225,0.38675975201815743,0.3156990007307578,10.08363889806334,0.6791777952153545,7.570717085939044,11.106090871784907,0.0,0.5307599517490953,0.0,219.99294597245125,1.9663835784790622,0.05112474437627812,0.10531697341513292,0,195.60000000000002,979,2.190431413405132,1.221547354593255,0.059107358262967424,829,2.4394518973841532,1.4824192749642304,0.10494571773220751,829,0.0,1.0,0.0,0.18335343787696018,10.182083648732043,0.6860249325500228,,811,,S3_ar1,R2A
R2,A,0.0,0.0,2,high,30.0,25,range_s_P0,ekf,,0.6191634740490992,0.685638516936446,0.7171200340855854,4.3171345913965204,1.414268951513211,2.488762889009244,1.813555541870257,0.0,0.08443908323281062,0.0,125.79415996558463,1.4765499209614608,0.0541922290388548,0.10736196319018405,0,195.60000000000002,979,1.494398865800718,1.0335499362493539,0.053075995174909574,829,2.4559270310612047,1.575795854875624,0.10253317249698435,829,0.0,0.9469240048250904,0.016887816646562123,0.5741857659831122,4.35481409450237,1.429717476241766,,811,,S3_ar1,R2A
R2,A,0.0,0.0,2,high,30.0,26,range_s_P0,ekf,,0.10863837020925378,0.1701245445421519,0.27182330675440775,3.456853395218428,0.26385488002923674,1.3682940050514216,3.4761104227635458,0.0,0.0,0.0,18.30708298347011,0.8261005435599317,0.006134969325153374,0.09100204498977506,0,195.60000000000002,979,0.8564851306980368,0.8015191066839086,0.007237635705669487,829,2.324681289894048,1.568856614336727,0.08323281061519905,829,0.0024125452352231603,0.5006031363088058,0.4559710494571773,0.4451145958986731,3.4326782427176146,0.2640897671581518,,811,,S3_ar1,R2A
R2,A,0.0,0.0,2,high,30.0,27,range_s_P0,ekf,,0.6779718588377445,0.7235401796320343,0.6164469420203689,3.61094757765901,0.8039056041111078,5.034424014323365,1.368376368130756,0.0,0.025331724969843185,0.0,44.08773162564516,0.9486859847032937,0.009202453987730062,0.11451942740286299,0,195.60000000000002,979,0.8095131707049394,0.8095131707049394,0.0,829,2.4474890945005514,1.4202926116094179,0.11097708082026536,829,0.0,1.0,0.0,0.6887816646562123,3.236305195528819,0.8111486701458916,,811,,S3_ar1,R2A
R2,A,0.0,0.0,2,high,30.0,28,range_s_P0,ekf,,0.7602144486014563,0.8231989754769649,0.7242756316939125,6.304316019313069,1.3450158531335317,5.070896502900193,1.5009016516007334,0.0,0.15078407720144751,0.0,132.21912736397127,1.2201274778630424,0.023517382413087935,0.10020449897750511,0,195.60000000000002,979,1.2689724483393103,1.016070364129645,0.027744270205066313,829,2.517970946135499,1.5452830782624087,0.10132689987937271,829,0.0,0.985524728588661,0.013268998793727383,0.44752714113389624,6.325693423697949,1.3594182950582023,,811,,S3_ar1,R2A
R2,A,0.0,0.0,2,high,30.0,29,range_s_P0,ekf,,0.6950319735233508,0.7557972147125174,0.707608546007485,14.942378227647705,1.1229079300401836,14.55616605301579,17.234901131947296,0.1881785283474065,0.6924004825090471,0.0,472.747726016721,2.897766312649342,0.130879345603272,0.10531697341513292,0,195.60000000000002,979,3.2546495898740533,1.2300991957794734,0.15319662243667065,829,2.5118822778832484,1.608146234394398,0.09891435464414955,829,0.0,0.8190591073582629,0.14957780458383596,0.21712907117008443,15.104234412115526,1.1346283073544943,,811,,S3_ar1,R2A
R2,A,0.0,0.0,2,high,30.0,30,range_s_P0,ekf,,1.2314891653424314,1.1752671779407458,1.2369721993647886,15.918867007430416,0.8818617759923275,17.683271135421432,18.833256721883416,0.2316043425814234,0.7997587454764777,0.0,239.52609962191062,1.0566082446302851,0.018404907975460124,0.1359918200408998,0,195.60000000000002,979,1.0928000651320275,0.7689149987343699,0.021712907117008462,829,3.143224462390696,1.6954587711683118,0.13751507840772015,829,0.0,1.0,0.0,0.05066344993968637,16.074272455581955,0.8878631776100671,,811,,S3_ar1,R2A
R2,A,0.0,0.0,2,high,30.0,31,range_s_P0,ekf,,0.13239073760776776,0.08693574036166422,0.11072159965189038,3.6680002535350487,1.0477342244691417,2.6834929623241734,3.086103565990904,0.0,0.0,0.0,47.5242949477167,1.2804706886952255,0.024539877300613498,0.09815950920245399,0,195.60000000000002,979,1.1911374110297175,0.945524094361844,0.024125452352231624,829,2.3232784452137154,1.4793135482337694,0.09529553679131486,829,0.0,0.9360675512665863,0.04945717732207479,0.30759951749095293,3.534961047187772,1.055510986412129,,811,,S3_ar1,R2A
R2,A,0.0,0.0,2,high,30.0,32,range_s_P0,ekf,,0.6663108789957335,0.7299104684861717,0.7935535950016255,6.770427293143835,1.5583904118078509,2.1590445912877647,1.4156295180178022,0.0,0.16043425814234016,0.0,160.11283554730858,0.9959294439602787,0.0081799591002045,0.11247443762781185,0,195.60000000000002,979,1.0411153828737891,0.9810120482678542,0.008443908323281013,829,2.6686739413021003,1.580732763750378,0.11459589867310016,829,0.0,0.879372738238842,0.10012062726176116,0.5319662243667069,6.800196767028156,1.5753148216265618,,811,,S3_ar1,R2A
R2,A,0.0,0.0,2,high,30.0,33,range_s_P0,ekf,,0.8734407084045734,0.9406075474244618,1.0120104449009393,4.443251074470653,0.644000667366292,2.2630556102145603,3.834860278677293,0.0,0.018094089264173704,0.0,66.70509130751007,0.9668778631676994,0.006134969325153374,0.10531697341513292,0,195.60000000000002,979,1.0522845550631879,0.9957871155629945,0.007237635705669487,829,2.459525164500958,1.5241600594834142,0.09891435464414955,829,0.0012062726176115801,0.7273823884197829,0.24969843184559712,0.24607961399276237,4.485389047328921,0.6510435396040516,,811,,S3_ar1,R2A
R2,A,0.0,0.0,2,high,30.0,34,range_s_P0,ekf,,1.0368330728810196,1.1047622302614644,1.1296425569873771,3.809173616045782,1.1025157673417922,1.6788813725782414,2.2102867276620612,0.0,0.0,0.0,107.68103455404142,1.131894551186826,0.015337423312883436,0.09815950920245399,0,195.60000000000002,979,1.221026516561088,1.0915571386481733,0.018094089264173663,829,2.3302812672175834,1.4521574182908468,0.0928829915560917,829,0.0,0.9155609167671894,0.08202653799758745,0.3425814234016888,3.841743466948611,1.1146358086461636,,811,,S3_ar1,R2A
R2,A,0.0,0.0,2,high,30.0,35,range_s_P0,ekf,,0.7917487120360929,0.857217447353596,0.770041562111759,2.5273759281523787,0.6796634925751018,2.2763510280308235,2.5794553994527063,0.0,0.0,0.0,33.79947877952869,0.7562897103770061,0.006134969325153374,0.09611451942740286,0,195.60000000000002,979,0.7351586100807656,0.6832967641587984,0.007237635705669487,829,2.358498852011852,1.4551335453501961,0.09891435464414955,829,0.0,0.9481302774427021,0.027744270205066344,0.4764776839565742,2.553782694089404,0.6865161369700812,,811,,S3_ar1,R2A
R2,A,0.0,0.0,2,high,30.0,36,range_s_P0,ekf,,0.14133045994652788,0.19680176898443583,0.10793016030197158,4.1000178833254575,0.6800961200593764,2.5465732270370314,2.9453104903416496,0.0,0.0,0.0,29.020030561962923,1.139556799441825,0.017382413087934562,0.08895705521472393,0,195.60000000000002,979,1.1025964675372517,0.9448924261872548,0.018094089264173663,829,2.202381430220209,1.4405089660313208,0.09047044632086854,829,0.0,0.9722557297949337,0.012062726176115802,0.2605548854041013,4.091468788568501,0.6866903467108683,,811,,S3_ar1,R2A
R2,A,0.0,0.0,2,high,30.0,37,range_s_P0,ekf,,0.9093181524472183,0.9752142631611719,0.9959492681177768,3.243328806740235,0.5282567010937,1.1755332029351122,3.3481472075663277,0.0,0.0,0.0,29.17467652930227,0.8851495346266689,0.018404907975460124,0.1032719836400818,0,195.60000000000002,979,0.9430258592658906,0.7584455914145801,0.021712907117008462,829,2.3989604379109766,1.4790963846776848,0.10373944511459587,829,0.008443908323281062,0.5150784077201448,0.45355850422195415,0.4957780458383595,3.2756113965275953,0.5339553419820386,,811,,S3_ar1,R2A
R2,A,0.0,0.0,2,high,30.0,38,range_s_P0,ekf,,0.3583965780648158,0.29615074357737714,0.18846358234303343,10.270082688276615,1.1550077382769677,2.9391253079165938,1.6952112167095998,0.0,0.413751507840772,0.0,233.33933047385636,2.0861211409681606,0.08384458077709611,0.09611451942740286,0,195.60000000000002,979,2.1118648728830784,1.4054380354645626,0.08805790108564537,829,2.4170045925533534,1.6520211137255083,0.09167671893848006,829,0.0,0.9505428226779252,0.04342581423401689,0.32448733413751507,10.155866616758244,1.1677047076980078,,811,,S3_ar1,R2A
R2,A,0.0,0.0,2,high,30.0,39,range_s_P0,ekf,,0.7430797625199626,0.8113461890768703,0.7533099258622913,3.1433365095044277,0.4568150654246894,0.8220469614081443,2.721841489275328,0.0,0.0,0.0,30.034419601138058,1.0779499463552582,0.023517382413087935,0.09406952965235174,0,195.60000000000002,979,1.098947145922422,0.8860268098713981,0.027744270205066313,829,2.4073513975247867,1.5445430428339137,0.08805790108564537,829,0.016887816646562123,0.4016887816646562,0.5838359469240049,0.5572979493365501,3.1009787483402875,0.46160259835186424,,811,,S3_ar1,R2A
R2,A,0.0,0.0,2,high,30.0,40,range_s_P0,ekf,,0.6869219705693389,0.7476844260756135,0.7991359115082577,7.765432730004241,1.3996841894954388,0.1087027314067163,2.030373099399821,0.0,0.28347406513872137,0.0,170.18670649585843,1.0321110119458006,0.011247443762781187,0.10020449897750511,0,195.60000000000002,979,0.9727563775811141,0.8819112160630972,0.013268998793727338,829,2.4082773082372495,1.4172638906138384,0.09891435464414955,829,0.0,1.0,0.0,0.26417370325693607,7.698652088448164,1.4133475515268512,,811,,S3_ar1,R2A
R2,A,0.0,0.0,2,high,30.0,41,range_s_P0,ekf,,0.2743332794074985,0.328256538205667,0.2764428318637959,4.619982253537984,0.527140077836152,3.896331275755091,3.5638414690180533,0.0,0.008443908323281062,0.0,53.625913533386516,1.1052935661146694,0.012269938650306749,0.07464212678936605,0,195.60000000000002,979,1.1591787580154862,1.050138147217321,0.013268998793727338,829,2.133872323783219,1.4350408265131602,0.0735826296743064,829,0.0,0.7418576598311218,0.2388419782870929,0.41254523522316044,4.650520929593318,0.5313878630431463,,811,,S3_ar1,R2A
R2,A,0.0,0.0,2,high,30.0,42,range_s_P0,ekf,,0.21530917100078303,0.14803679249194712,0.0999408452392607,9.628008844821466,1.2443926810581007,2.6044465653938866,8.669754094531967,0.0,0.3823884197828709,0.0,185.12100380065814,1.5099655494716364,0.041922290388548056,0.11554192229038855,0,195.60000000000002,979,1.7087775069262556,1.2711281173947648,0.049457177322074775,829,2.5062261085762914,1.4372990778908163,0.11942098914354649,829,0.0,0.9819059107358263,0.0048250904704463205,0.0,9.694629039392305,1.2579861252697704,,811,,S3_ar1,R2A
R2,A,0.0,0.0,2,high,30.0,43,range_s_P0,ekf,,0.574679568374621,0.6406448817259676,0.6612279169581613,11.416852627630117,1.6363343139478268,6.439374834233793,3.6768106417928212,0.07117008443908324,0.436670687575392,0.0,233.9022491246765,1.419544836495567,0.0408997955010225,0.09918200408997956,0,195.60000000000002,979,1.2890562350290775,1.067906004501166,0.027744270205066313,829,2.4420493129739573,1.5184130864060776,0.10132689987937271,829,0.0,1.0,0.0,0.17852834740651388,11.502642384279644,1.6542003792157634,,811,,S3_ar1,R2A
R2,A,0.0,0.0,2,high,30.0,44,range_s_P0,ekf,,0.4705390219578091,0.4939462496342365,0.544126937823034,5.148538920352351,0.904105200842585,3.1322830282608853,2.352550289309582,0.0,0.025331724969843185,0.0,41.5535400133267,1.1407463715460984,0.015337423312883436,0.10940695296523517,0,195.60000000000002,979,1.1942477543669912,1.0705818825126987,0.018094089264173663,829,2.6794803791343553,1.6071444143393938,0.112183353437877,829,0.0,0.9831121833534379,0.0,0.353437876960193,5.1352148981769625,0.913517649039163,,811,,S3_ar1,R2A
R2,A,0.0,0.0,2,high,30.0,45,range_s_P0,ekf,,0.8093557029005435,0.8776434818550313,0.8639304206918752,6.063473442327145,1.1889023077309988,3.1663991190553284,3.754098559253981,0.0,0.07961399276236429,0.0,106.81306496318972,1.2518283017270344,0.023517382413087935,0.10940695296523517,0,195.60000000000002,979,1.1508390973688378,0.9495769543511251,0.026537997587454787,829,2.4466893388012916,1.551840475552054,0.10012062726176119,829,0.0,1.0,0.0,0.14595898673100122,5.985193039431518,1.2013412208712166,,811,,S3_ar1,R2A
R2,A,0.0,0.0,2,high,30.0,46,range_s_P0,ekf,,1.3216962528173999,1.3885539283297974,1.3025217335382366,6.4970123643522415,0.6019662708802875,7.666969549350678,7.205924007501518,0.0,0.022919179734620022,0.0,125.15609861411563,1.744967375201287,0.053169734151329244,0.11247443762781185,0,195.60000000000002,979,1.959577179627248,1.178505479069246,0.06272617611580222,829,2.5704460068946355,1.5163771906754593,0.112183353437877,829,0.0,0.9819059107358263,0.016887816646562123,0.1652593486127865,6.556802883628005,0.6083823201294499,,811,,S3_ar1,R2A
R2,A,0.0,0.0,2,high,30.0,47,range_s_P0,ekf,,1.4011063959689563,1.3523417757707776,1.2575815736622298,17.679687577984872,1.5733112429601748,20.371495112461044,20.785375709603276,0.36308805790108567,0.8841978287092883,0.0,447.80570538069975,1.9101214877850416,0.049079754601226995,0.10531697341513292,0,195.60000000000002,979,2.0393551695603005,1.1578881661552036,0.0579010856453559,829,2.449320429531426,1.625032146546882,0.09891435464414955,829,0.0,0.9927623642943305,0.0048250904704463205,0.0,17.841566444854436,1.5899662423715024,,811,,S3_ar1,R2A
R2,A,0.0,0.0,2,high,30.0,48,range_s_P0,ekf,,1.1465420079841315,1.2143181339280176,1.3046431303930839,7.1772865206474865,0.8488663461747672,7.827160622982867,7.64974945287595,0.0,0.06031363088057901,0.0,207.46890745980411,1.6902661235847152,0.03987730061349693,0.11758691206543967,0,195.60000000000002,979,1.638982298784567,1.3590114886339044,0.0349819059107358,829,2.6644844608948217,1.5728574299074052,0.11097708082026536,829,0.0,0.8576598311218335,0.1097708082026538,0.14595898673100122,6.855066104155268,0.8521015087143275,,811,,S3_ar1,R2A
R2,A,0.0,0.0,2,high,30.0,49,range_s_P0,ekf,,0.999843945685873,1.067343433116737,0.9345586417240429,7.23064238426088,1.0660622477015345,0.7771100698971672,2.727134479858646,0.0,0.2135102533172497,0.0,74.0684466191171,1.0243486052273967,0.014314928425357873,0.09918200408997956,0,195.60000000000002,979,1.0975799594184585,0.9801205583278347,0.016887816646562137,829,2.416714692543995,1.4946010838997117,0.09891435464414955,829,0.0,1.0,0.0,0.19903498190591074,7.2448735675651506,1.0777432054317713,,811,,S3_ar1,R2A
R2,A,0.0,0.0,0,low,30.0,0,range_s_P0,ekf,,0.049238115729106406,0.057882142835413486,0.11652087689841086,2.2428339960899795,0.543122453761045,0.15922122397622687,0.32550984994683346,0.0,0.0,0.0,9.355908464182313,1.631158936259142,0.03169734151329243,0.09202453987730061,0,195.60000000000002,979,1.609899388880727,0.36636622257316986,0.027744270205066313,829,2.3473148523605762,1.522055662287847,0.09408926417370322,829,0.0,0.5054282267792521,0.31966224366706875,0.7949336550060314,2.2542550768870293,0.5489879228554491,,811,,S4_iid,R2A
R2,A,0.0,0.0,0,low,30.0,1,range_s_P0,ekf,,0.3446690525050942,0.4072730381017014,0.42527486042221996,2.0364517727485447,0.45235770230285355,0.7014801041158971,0.6829444523423147,0.0,0.0,0.0,18.25095948031451,1.147020509554322,0.017382413087934562,0.1196319018404908,0,195.60000000000002,979,1.132626498919993,0.3730832606654968,0.0193003618817853,829,2.7707675002520538,1.627384502017348,0.12424607961399281,829,0.0,0.2750301568154403,0.5814234016887817,0.9155609167671894,2.025772450691898,0.4566651712272911,,811,,S4_iid,R2A
R2,A,0.0,0.0,0,low,30.0,2,range_s_P0,ekf,,0.7150136716281766,0.7785854956644498,0.7631868327722926,1.620432797652844,0.525242703144515,0.10229210567176465,0.7748430265429628,0.0,0.0,0.0,13.394771617032863,0.9770775309045656,0.015337423312883436,0.11554192229038855,0,195.60000000000002,979,0.9707182177043321,0.4159406350607656,0.0156815440289505,829,2.4610845254316382,1.4445840751610042,0.11459589867310016,829,0.0,0.3425814234016888,0.5645355850422196,0.9457177322074789,1.6355396693174682,0.5304925750926078,,811,,S4_iid,R2A
R2,A,0.0,0.0,0,low,30.0,3,range_s_P0,ekf,,0.0765649753971249,0.13115939902847837,0.1811898716180462,1.1949027311951297,0.24619325408511064,0.9260877351117986,0.9750166587597299,0.0,0.0,0.0,3.8136311062448836,0.9583911697148441,0.018404907975460124,0.081799591002045,0,195.60000000000002,979,0.8840250422987388,0.3951151817397292,0.0193003618817853,829,2.2595651687744454,1.487591855508802,0.08805790108564537,829,0.039806996381182146,0.08926417370325694,0.8238841978287093,1.0,1.198874152386666,0.24872954727677515,,811,,S4_iid,R2A
R2,A,0.0,0.0,0,low,30.0,4,range_s_P0,ekf,,0.43789586693995414,0.5022990196324555,0.5013534136971963,1.425110687702042,0.4721360558068927,0.1530884682435375,0.3339893088820982,0.0,0.0,0.0,18.226126713698424,1.385572383011955,0.024539877300613498,0.10020449897750511,0,195.60000000000002,979,1.561701936739428,0.39843866712272863,0.02895054282267795,829,2.4555738064023984,1.4894462055541489,0.09650180940892639,829,0.0,0.218335343787696,0.6827503015681544,0.9867310012062727,1.4232584161626332,0.47600265377424145,,811,,S4_iid,R2A
R2,A,0.0,0.0,0,low,30.0,5,range_s_P0,ekf,,0.48023048092739673,0.5484504685465785,0.5729461477322689,2.3264528642018965,0.519134995779438,0.8804409553224527,0.6785099290390101,0.0,0.0,0.0,11.585849152314935,1.3286249035378792,0.02556237218813906,0.09202453987730061,0,195.60000000000002,979,1.3698796439471173,0.3716279339299193,0.027744270205066313,829,2.355057673762704,1.6013301574550618,0.08805790108564537,829,0.0,0.4221954161640531,0.43425814234016885,0.7768395657418576,2.3439033559830347,0.5245158142011292,,811,,S4_iid,R2A
R2,A,0.0,0.0,0,low,30.0,6,range_s_P0,ekf,,0.17585365855419302,0.21558699046305818,0.386804675063065,1.3089858550160676,0.4116334345675895,0.21009273273414644,0.6993186516595982,0.0,0.0,0.0,18.66822037456758,1.0635747848462065,0.02147239263803681,0.09202453987730061,0,195.60000000000002,979,0.9587497471739838,0.3851277117491379,0.020506634499396825,829,2.342201812747836,1.4915725111223244,0.09408926417370322,829,0.0,0.23281061519903498,0.6948130277442702,1.0,1.3143694382736217,0.41588714685862693,,811,,S4_iid,R2A
R2,A,0.0,0.0,0,low,30.0,7,range_s_P0,ekf,,0.6768393522431312,0.7451157487536788,0.7449496883475034,1.773032364206074,0.5639097006602158,1.5341738389270647,0.6316577045203753,0.0,0.0,0.0,16.02984420205519,1.189942783674774,0.026584867075664622,0.09304703476482618,0,195.60000000000002,979,1.260336924688656,0.4215374742743196,0.026537997587454787,829,2.394369607580521,1.4332899346790597,0.09650180940892639,829,0.0,0.4680337756332931,0.39324487334137515,0.9493365500603136,1.7895575744183918,0.5699610802272917,,811,,S4_iid,R2A
R2,A,0.0,0.0,0,low,30.0,8,range_s_P0,ekf,,0.4881262659010935,0.5505330626627547,0.4641322495179683,2.032353374003138,0.5140834838029911,1.0332846210022788,0.9659291010728054,0.0,0.0,0.0,81.51408481872986,0.8044577622032222,0.010224948875255624,0.10020449897750511,0,195.60000000000002,979,0.8734759180590331,0.35237002285198316,0.010856453558504175,829,2.3883936300875805,1.4564548049191464,0.10012062726176119,829,0.0048250904704463205,0.4378769601930036,0.36791314837153194,0.8588661037394452,2.051394421525195,0.5196743629583201,,811,,S4_iid,R2A
R2,A,0.0,0.0,0,low,30.0,9,range_s_P0,ekf,,0.8484696245095829,0.9129328253048381,0.8151948019613212,2.077503801726538,0.5654180379231871,0.2584874398487602,0.46360045089675317,0.0,0.0,0.0,15.47958228035439,1.197727266207434,0.019427402862985686,0.10020449897750511,0,195.60000000000002,979,1.1038411392181222,0.4100598540411775,0.016887816646562137,829,2.42228341218172,1.535761705021926,0.09770808202653802,829,0.020506634499396863,0.43546441495778043,0.44752714113389624,0.8443908323281062,2.0974656073165385,0.5716285482818045,,811,,S4_iid,R2A
R2,A,0.0,0.0,0,low,30.0,10,range_s_P0,ekf,,0.727245737838234,0.7949911644173652,0.756672680071348,2.94099749037616,0.5262327179242707,0.26379235439797777,1.0829419854650715,0.0,0.0,0.0,14.632900729767359,1.011558083600815,0.014314928425357873,0.10429447852760736,0,195.60000000000002,979,1.0916281173481752,0.41141261987681094,0.014475271411338975,829,2.483397030205645,1.5684909534507796,0.10012062726176119,829,0.0,0.4692400482509047,0.37273823884197826,0.6055488540410132,2.966399188104903,0.5320008929076322,,811,,S4_iid,R2A
R2,A,0.0,0.0,0,low,30.0,11,range_s_P0,ekf,,0.1327277507607024,0.1997521487349995,0.2672161725402382,1.1462085119206775,0.33095470460108667,0.8679461290275894,0.5046732181658219,0.0,0.0,0.0,5.194092911445998,1.0162751607891323,0.02147239263803681,0.12167689161554192,0,195.60000000000002,979,0.9828880973324939,0.3747455043198176,0.0193003618817853,829,2.6195050163959834,1.4688922957800583,0.11942098914354649,829,0.0,0.09047044632086852,0.8407720144752714,1.0,1.0853542614352731,0.33458112794029576,,811,,S4_iid,R2A
R2,A,0.0,0.0,0,low,30.0,12,range_s_P0,ekf,,0.25427036174862605,0.26253190762610507,0.19071228355767914,0.9903444462154685,0.4273893918383578,0.4130727100856098,0.6506755302659467,0.0,0.0,0.0,7.388842079859523,1.4421650681619713,0.023517382413087935,0.10940695296523517,0,195.60000000000002,979,1.3267557464000734,0.38057360548892183,0.020506634499396825,829,2.6019118780065957,1.5563642803196553,0.11580217129071169,829,0.0,0.21109770808202655,0.6344993968636912,1.0,0.9933534713229082,0.4307992896321406,,811,,S4_iid,R2A
R2,A,0.0,0.0,0,low,30.0,13,range_s_P0,ekf,,0.0818731355057856,0.1456772020175655,0.13328497330019817,2.1686791594461514,0.3976388694378002,0.6697281912823776,0.9840613515770461,0.0,0.0,0.0,6.472730396891044,1.3601015027015708,0.023517382413087935,0.0787321063394683,0,195.60000000000002,979,1.366957689395335,0.4089199061951284,0.024125452352231624,829,2.2834399726001497,1.5272570780105519,0.08323281061519905,829,0.0,0.22195416164053075,0.7032569360675512,0.8262967430639324,2.190587759901495,0.4016024926264976,,811,,S4_iid,R2A
R2,A,0.0,0.0,0,low,30.0,14,range_s_P0,ekf,,0.32646572823691233,0.39093486800494687,0.41019033810863037,2.002890179801642,0.3857405969967201,0.7575886571701604,1.1328353468575239,0.0,0.0,0.0,16.26541138701089,1.2440910200425908,0.02556237218813906,0.10224948875255624,0,195.60000000000002,979,1.1600584628778499,0.3845682820084581,0.024125452352231624,829,2.7096998544070976,1.6419700999263829,0.10977080820265384,829,0.0012062726176115801,0.20024125452352232,0.6851628468033776,0.962605548854041,2.023765549335425,0.38995463861380786,,811,,S4_iid,R2A
R2,A,0.0,0.0,0,low,30.0,15,range_s_P0,ekf,,0.6290525581219062,0.6948027486016016,0.5698230539381982,1.7663043663263034,0.4576007625673224,0.2812944589043323,0.4923532155162643,0.0,0.0,0.0,35.60189810794449,1.173388453447498,0.017382413087934562,0.1032719836400818,0,195.60000000000002,979,1.0155135113789755,0.4033929534622679,0.0156815440289505,829,2.399767115371554,1.3849663580536815,0.10494571773220751,829,0.0036188178528347406,0.26658624849215923,0.6550060313630881,0.9891435464414958,1.783358560278104,0.462570019492524,,811,,S4_iid,R2A
R2,A,0.0,0.0,0,low,30.0,16,range_s_P0,ekf,,0.5044343392522662,0.5727178136107133,0.5728512034311884,1.0519593342407592,0.3568388129090916,0.2171180160220978,0.7398865366462548,0.0,0.0,0.0,42.848250817378094,1.1628866842197985,0.027607361963190184,0.0950920245398773,0,195.60000000000002,979,1.0827443273360589,0.4020247428058635,0.024125452352231624,829,2.389164208989635,1.5579268807549722,0.09408926417370322,829,0.0,0.2255729794933655,0.7623642943305187,1.0,1.050928376237007,0.3605238724911875,,811,,S4_iid,R2A
R2,A,0.0,0.0,0,low,30.0,17,range_s_P0,ekf,,0.05666117047912713,0.10468734248858831,0.27623616631970666,2.7604258979527487,0.43330511723266907,0.3682507094518594,0.7598275725178165,0.0,0.0,0.0,7.27841824367045,0.9314415184872982,0.016359918200409,0.081799591002045,0,195.60000000000002,979,0.9334932913362063,0.4123559227632588,0.0156815440289505,829,2.400709755792627,1.657573525550722,0.07720144752714109,829,0.0,0.158021712907117,0.6803377563329313,0.6417370325693607,2.7730805243141416,0.43703755248589876,,811,,S4_iid,R2A
R2,A,0.0,0.0,0,low,30.0,18,range_s_P0,ekf,,0.6354434393647369,0.7038024646062752,0.7326448638713638,2.7904408850328686,0.6681730203222056,0.25583179147488794,0.8262312862437861,0.0,0.0,0.0,20.89033304051076,1.117994355025098,0.019427402862985686,0.10633946830265849,0,195.60000000000002,979,1.014805719987737,0.4343956203907566,0.016887816646562137,829,2.5990077844984905,1.571638701296154,0.1085645355850422,829,0.0,0.8214716525934861,0.11218335343787696,0.7249698431845597,2.8140058969563695,0.6750627676328175,,811,,S4_iid,R2A
R2,A,0.0,0.0,0,low,30.0,19,range_s_P0,ekf,,0.34784845766283484,0.4144889546940586,0.4200428381498185,1.3672575583138473,0.4490899423427288,0.24188669737805,0.886625208819185,0.0,0.0,0.0,22.13706995347177,0.9073284390121215,0.022494887525562373,0.12985685071574643,0,195.60000000000002,979,0.8856937387528845,0.36729647325130066,0.022919179734619988,829,2.7393525227486704,1.5016822375833878,0.12183353437876965,829,0.0,0.30759951749095293,0.5271411338962606,1.0,1.3129300322045208,0.4512751335942256,,811,,S4_iid,R2A
R2,A,0.0,0.0,0,low,30.0,20,range_s_P0,ekf,,0.46825791285703894,0.5342068907596549,0.6130950468539239,1.7427391034318223,0.5318751927710746,0.5229320595339368,1.004511834430522,0.0,0.0,0.0,39.82233667517161,0.919436400667109,0.014314928425357873,0.10736196319018405,0,195.60000000000002,979,0.8389200890602931,0.37733800028712605,0.013268998793727338,829,2.60876020301294,1.5441602359125277,0.11700844390832332,829,0.0,0.5753920386007237,0.19903498190591074,0.9529553679131484,1.709033102801734,0.5362200493043418,,811,,S4_iid,R2A
R2,A,0.0,0.0,0,low,30.0,21,range_s_P0,ekf,,0.5179426673531963,0.5852569892387814,0.5458230452508432,1.6089731403064857,0.5149415459627473,0.6727201631406504,0.8021917549773754,0.0,0.0,0.0,25.83207134819591,1.172396344734695,0.02556237218813906,0.11247443762781185,0,195.60000000000002,979,1.1672847734790521,0.3658618817437947,0.024125452352231624,829,2.5615165092805183,1.516027974864328,0.11942098914354649,829,0.0,0.44752714113389624,0.3848009650180941,1.0,1.6177310704657404,0.5198957555954987,,811,,S4_iid,R2A
R2,A,0.0,0.0,0,low,30.0,22,range_s_P0,ekf,,0.17541758691544207,0.11439461319031091,0.0723079090796175,1.7947483723094302,0.24417047691443164,0.28249959480597986,0.7434974247969659,0.0,0.0,0.0,3.1706050948132125,1.2109043008170906,0.022494887525562373,0.10429447852760736,0,195.60000000000002,979,1.2480306536012378,0.3981031292014912,0.024125452352231624,829,2.3966972414283165,1.4645588542832297,0.10494571773220751,829,0.0036188178528347406,0.03618817852834741,0.9505428226779252,0.9831121833534379,1.7169868592697923,0.2450126719799968,,811,,S4_iid,R2A
R2,A,0.0,0.0,0,low,30.0,23,range_s_P0,ekf,,0.5440300582917913,0.6110206857487289,0.5940945464385956,1.9840911781968946,0.5805654267324946,0.16174471032428483,0.504623722397028,0.0,0.0,0.0,13.488478460354301,1.2381880600954325,0.023517382413087935,0.11247443762781185,0,195.60000000000002,979,1.1584061195524646,0.43525824534076946,0.022919179734619988,829,2.470573264826089,1.4673262272844192,0.112183353437877,829,0.0,0.5645355850422196,0.27020506634499397,0.9095295536791315,2.0004853953099984,0.586906070748538,,811,,S4_iid,R2A
R2,A,0.0,0.0,0,low,30.0,24,range_s_P0,ekf,,0.5972107497337606,0.6584502079034253,0.604588605083682,1.5680487734987925,0.42207930670315535,0.13298743919070616,1.1432380489491927,0.0,0.0,0.0,36.485471015317074,1.3880910861877487,0.028629856850715747,0.10224948875255624,0,195.60000000000002,979,1.398993618593774,0.43071512102424836,0.02533172496984315,829,2.4561175225598677,1.472046721341223,0.10253317249698435,829,0.0,0.3088057901085645,0.6067551266586249,1.0,1.5644512026991997,0.42659697881231673,,811,,S4_iid,R2A
R2,A,0.0,0.0,0,low,30.0,25,range_s_P0,ekf,,0.20836039121998723,0.2638801307110068,0.2923187267493146,1.8428893982246821,0.43923247167589685,0.33799007200869485,0.368359335821288,0.0,0.0,0.0,6.365441176421946,1.4989499585769368,0.026584867075664622,0.09918200408997956,0,195.60000000000002,979,1.5520696629416875,0.33935336263096305,0.026537997587454787,829,2.5310916410327753,1.6146884725438737,0.10615199034981904,829,0.0,0.11097708082026538,0.7780458383594693,0.9227985524728589,1.8592108039977921,0.44400316398890666,,811,,S4_iid,R2A
R2,A,0.0,0.0,0,low,30.0,26,range_s_P0,ekf,,0.04983621266953772,0.11755527487744255,0.20961082787028457,1.2015774938867139,0.30298295471247066,0.09880454971785771,0.7138531358747504,0.0,0.0,0.0,4.1755053393459045,1.2448630346454415,0.02044989775051125,0.09611451942740286,0,195.60000000000002,979,1.2783534613627787,0.4283362598983771,0.022919179734619988,829,2.4002596388620328,1.46915822752023,0.09770808202653802,829,0.0,0.04221954161640531,0.9047044632086851,1.0,1.2147747020179391,0.3060277117947805,,811,,S4_iid,R2A
R2,A,0.0,0.0,0,low,30.0,27,range_s_P0,ekf,,0.6822853500482009,0.7258957576661167,0.6068190803615133,1.7244903854177076,0.5726352281904125,1.3060039505245593,0.5882423287568108,0.0,0.0,0.0,12.844600531131865,1.4171736829432804,0.019427402862985686,0.11554192229038855,0,195.60000000000002,979,1.3514129546078868,0.3878136963676661,0.0193003618817853,829,2.4613710555884984,1.460713661465406,0.10977080820265384,829,0.0,0.47165259348612787,0.3594692400482509,0.9312424607961399,1.7333532029667202,0.5787152882191577,,811,,S4_iid,R2A
R2,A,0.0,0.0,0,low,30.0,28,range_s_P0,ekf,,0.6799969954240804,0.7410584941451575,0.6357722970003316,1.8126120759551119,0.4889663443635862,1.1409761618123957,1.3603263523153335,0.0,0.0,0.0,48.17838426865463,0.9616072780283269,0.022494887525562373,0.10224948875255624,0,195.60000000000002,979,1.0132524311273676,0.393181075127893,0.022919179734619988,829,2.3234103841820137,1.4569735543614522,0.10373944511459587,829,0.0,0.4221954161640531,0.5126658624849216,0.9034981905910736,1.7716964944457485,0.49360473460189525,,811,,S4_iid,R2A
R2,A,0.0,0.0,0,low,30.0,29,range_s_P0,ekf,,0.42045670779467054,0.48089066483305043,0.4345409719076586,1.148775854375846,0.30760524450949,0.41967170075784366,0.8654494421724218,0.0,0.0,0.0,17.545458895391807,1.5206895112132803,0.03169734151329243,0.10224948875255624,0,195.60000000000002,979,1.5630209275182563,0.39120262866013633,0.03136308805790111,829,2.494432977039686,1.5920623871000732,0.10132689987937271,829,0.0,0.1773220747889023,0.7720144752714113,1.0,1.1516928943486378,0.3105990829740739,,811,,S4_iid,R2A
R2,A,0.0,0.0,0,low,30.0,30,range_s_P0,ekf,,0.6158149361340872,0.6776927691703372,0.6381265052083693,1.7319705253353492,0.5748693501202119,1.5509737353401818,0.8209245344074313,0.0,0.0,0.0,14.694049974567093,1.511047977850728,0.026584867075664622,0.10633946830265849,0,195.60000000000002,979,1.4251006588231887,0.4485639904691442,0.02533172496984315,829,2.53804603004433,1.5650073673702825,0.10735826296743067,829,0.0,0.623642943305187,0.27261761158021713,0.9505428226779252,1.7413972457905098,0.5806126075978194,,811,,S4_iid,R2A
R2,A,0.0,0.0,0,low,30.0,31,range_s_P0,ekf,,0.5593350959634475,0.62634648088266,0.575223891791577,2.078678592100441,0.5592232563794345,0.9519238885305317,0.9046857684489531,0.0,0.0,0.0,32.054327994345044,0.9300830945930877,0.02147239263803681,0.09815950920245399,0,195.60000000000002,979,0.9653563984362815,0.37050937410619444,0.022919179734619988,829,2.450643651093878,1.5180016788131134,0.0928829915560917,829,0.0,0.6031363088057901,0.2629674306393245,0.8033775633293124,2.097864466597547,0.56529933131258,,811,,S4_iid,R2A
R2,A,0.0,0.0,0,low,30.0,32,range_s_P0,ekf,,0.7025689580099818,0.7673798322668318,0.83474786184746,0.9357296625422958,0.45762866312376466,0.11790445885414551,0.7936717438020666,0.0,0.0,0.0,14.40787727961931,1.523878533660776,0.02044989775051125,0.09406952965235174,0,195.60000000000002,979,1.6154543873638194,0.4315372319312333,0.022919179734619988,829,2.3912714599733667,1.518078873850324,0.09167671893848006,829,0.0,0.30036188178528345,0.6067551266586249,1.0,0.8889342871154557,0.4603819038745413,,811,,S4_iid,R2A
R2,A,0.0,0.0,0,low,30.0,33,range_s_P0,ekf,,0.6111728603124603,0.6737291371343087,0.7371856955792601,1.5706303250700975,0.44128557332643775,0.21365207734490682,0.8942189473657097,0.0,0.0,0.0,11.632189094796807,1.0855474330341415,0.02044989775051125,0.09918200408997956,0,195.60000000000002,979,1.1173114715078807,0.36742483065911413,0.020506634499396825,829,2.4093266081746134,1.4583686825078688,0.09891435464414955,829,0.0,0.22677925211097708,0.7092882991556092,0.9384800965018094,1.587886724377275,0.44607304648817686,,811,,S4_iid,R2A
R2,A,0.0,0.0,0,low,30.0,34,range_s_P0,ekf,,0.5420677771909955,0.610374925278347,0.6234941551217938,1.1044899415485072,0.4155474224393537,0.3423871311190309,0.7857748136725399,0.0,0.0,0.0,8.924776363951642,1.5381016007878228,0.02965235173824131,0.10633946830265849,0,195.60000000000002,979,1.426168466576392,0.40789035108264327,0.027744270205066313,829,2.4837988976726773,1.525748764285203,0.10615199034981904,829,0.0,0.24004825090470447,0.7032569360675512,1.0,1.1123680918513232,0.420076862841587,,811,,S4_iid,R2A
R2,A,0.0,0.0,0,low,30.0,35,range_s_P0,ekf,,0.5224890300299398,0.5884966657517446,0.502307003320389,1.7899583928896061,0.4409085644132668,0.5367935325305835,0.5916968711510697,0.0,0.0,0.0,70.70343669393952,1.2642832784306626,0.026584867075664622,0.10429447852760736,0,195.60000000000002,979,1.2807965387612712,0.3722745806318894,0.027744270205066313,829,2.5522656477848895,1.6503132052502267,0.10012062726176119,829,0.018094089264173704,0.26658624849215923,0.6586248492159228,0.8431845597104946,1.800432856070004,0.4455616276099398,,811,,S4_iid,R2A
R2,A,0.0,0.0,0,low,30.0,36,range_s_P0,ekf,,0.575471567517305,0.6409439280710599,0.5415881612454229,2.219885774124122,0.4636093158493584,0.43672035144267224,0.7933128554760154,0.0,0.0,0.0,87.6895805453604,0.9165225528524582,0.017382413087934562,0.09815950920245399,0,195.60000000000002,979,0.9653908634177403,0.42795021443644116,0.016887816646562137,829,2.442930112907492,1.4580931186577544,0.10132689987937271,829,0.0,0.2738238841978287,0.6357056694813028,0.8311218335343787,2.237374322218571,0.46851931920359663,,811,,S4_iid,R2A
R2,A,0.0,0.0,0,low,30.0,37,range_s_P0,ekf,,0.3391688278229382,0.40343761089382896,0.4230409012968257,1.8851479626859995,0.48540494032497244,0.11393840385552816,1.1597302514584364,0.0,0.0,0.0,22.80378228545722,1.0360848602238084,0.017382413087934562,0.11554192229038855,0,195.60000000000002,979,1.0471592066283237,0.4333766265919118,0.018094089264173663,829,2.5931150920410895,1.538206049874718,0.11459589867310016,829,0.0,0.34378769601930037,0.5512665862484921,0.7780458383594693,1.9058437106997694,0.490512049595896,,811,,S4_iid,R2A
R2,A,0.0,0.0,0,low,30.0,38,range_s_P0,ekf,,0.33264757848621407,0.3993981739009381,0.5298969854553606,1.6563250590170604,0.35540957332941636,0.47885583425933764,0.5179934451141763,0.0,0.0,0.0,5.415506775466439,1.4803278835462408,0.028629856850715747,0.10940695296523517,0,195.60000000000002,979,1.543301871778714,0.41063656229125794,0.02895054282267795,829,2.462544704222006,1.5547190187305244,0.10615199034981904,829,0.022919179734620022,0.14475271411338964,0.8130277442702051,0.9517490952955368,1.663592121174925,0.3592871025809054,,811,,S4_iid,R2A
R2,A,0.0,0.0,0,low,30.0,39,range_s_P0,ekf,,0.3695699893678314,0.43692187722677794,0.40626303359250926,1.390927631443359,0.3691200052506657,0.2021064125805553,1.1621981846342,0.0,0.0,0.0,6.846168708805244,1.218984869680392,0.023517382413087935,0.10020449897750511,0,195.60000000000002,979,1.2148651193737399,0.39323161713978333,0.022919179734619988,829,2.4446426708994133,1.4310056347593343,0.10494571773220751,829,0.0,0.24125452352231605,0.7165259348612787,0.9831121833534379,1.3441464375084244,0.3717237330569694,,811,,S4_iid,R2A
R2,A,0.0,0.0,0,low,30.0,40,range_s_P0,ekf,,0.6797891870040008,0.740149642448754,0.7901755118946217,3.198789396682741,0.7761294294817607,0.632332637677979,1.4307153572111644,0.0,0.0,0.0,26.38409485948814,0.9355123138229384,0.02044989775051125,0.10736196319018405,0,195.60000000000002,979,0.9009255202176571,0.3964019467403665,0.016887816646562137,829,2.6959318338898037,1.5716279215401345,0.10977080820265384,829,0.0,0.9010856453558505,0.08323281061519903,0.5404101326899879,3.207276770043789,0.7843834633695871,,811,,S4_iid,R2A
R2,A,0.0,0.0,0,low,30.0,41,range_s_P0,ekf,,0.506876011882566,0.5644654659385895,0.5111317698539837,2.786361816636255,0.5257364364293506,0.09531560707630699,0.7113420786203942,0.0,0.0,0.0,41.11697419812627,1.199928448248634,0.023517382413087935,0.08793456032719836,0,195.60000000000002,979,1.2421652543341763,0.39628368335192293,0.021712907117008462,829,2.291569199003809,1.5096007835677532,0.08805790108564537,829,0.0,0.48009650180940894,0.40048250904704463,0.7104945717732207,2.808518109322506,0.5312270446003392,,811,,S4_iid,R2A
R2,A,0.0,0.0,0,low,30.0,42,range_s_P0,ekf,,0.15225045548206437,0.10333589309418173,0.08309144530936542,1.7533390948420606,0.3685697637917245,0.4662310847348661,0.8779658621866518,0.0,0.0,0.0,4.840740323862299,1.0388413366841787,0.02044989775051125,0.09100204498977506,0,195.60000000000002,979,1.1217541997373366,0.38189845836774144,0.022919179734619988,829,2.3836941007202714,1.5087065373984254,0.09529553679131486,829,0.0,0.054282267792521106,0.8805790108564535,1.0,1.7721095297451965,0.3723720946520546,,811,,S4_iid,R2A
R2,A,0.0,0.0,0,low,30.0,43,range_s_P0,ekf,,0.08982987512002383,0.15154411736888945,0.17325108219643265,1.9232127490076274,0.3563108848347807,0.2646206820120221,0.919100814618673,0.0,0.0,0.0,5.690051559006783,1.212782335276199,0.022494887525562373,0.10736196319018405,0,195.60000000000002,979,1.3155914495441523,0.35107806301206,0.021712907117008462,829,2.5400984800909003,1.5071151923225814,0.112183353437877,829,0.0,0.1471652593486128,0.7141133896260555,0.9493365500603136,1.9441917928546768,0.3600470796372243,,811,,S4_iid,R2A
R2,A,0.0,0.0,0,low,30.0,44,range_s_P0,ekf,,0.4531943739616719,0.40311320061936373,0.06230160352901694,0.8445332434151179,0.3567845047503285,0.43273731382317454,0.5489773129836377,0.0,0.0,0.0,4.773363791736553,1.0521872923343902,0.02147239263803681,0.07975460122699386,0,195.60000000000002,979,0.8995428599094941,0.35939606138226926,0.0193003618817853,829,2.22231488121841,1.5299792709391333,0.07720144752714109,829,0.0,0.07840772014475271,0.8492159227985525,1.0,0.8301395311215282,0.36046349623928453,,811,,S4_iid,R2A
R2,A,0.0,0.0,0,low,30.0,45,range_s_P0,ekf,,0.2461193062521106,0.2980314630559822,0.21336375014624473,1.7317977512817209,0.38723078597145,0.7476260139136609,1.4165461893934528,0.0,0.0,0.0,7.163373769369299,0.7730146303186717,0.017382413087934562,0.10429447852760736,0,195.60000000000002,979,0.8197326416868176,0.37479545289199434,0.0193003618817853,829,2.54051989205581,1.6484744808883103,0.10132689987937271,829,0.014475271411338963,0.2991556091676719,0.632086851628468,0.9119420989143546,1.750567832059341,0.39143231769048775,,811,,S4_iid,R2A
R2,A,0.0,0.0,0,low,30.0,46,range_s_P0,ekf,,1.0066777294603528,1.0719554992829092,0.9810225938520031,1.9563007653254805,0.4750248386027884,0.30597172838773684,1.6004250300926148,0.0,0.0,0.0,21.14181337194743,1.186660417832831,0.02147239263803681,0.0869120654396728,0,195.60000000000002,979,1.189562529044205,0.39212545427388923,0.021712907117008462,829,2.385063436277719,1.5188924286609422,0.09408926417370322,829,0.0,0.3232810615199035,0.6344993968636912,0.7852834740651388,1.9724546506031848,0.48020040611721987,,811,,S4_iid,R2A
R2,A,0.0,0.0,0,low,30.0,47,range_s_P0,ekf,,0.14851949011396304,0.14074948449061422,0.025009601407611163,2.2850964117027375,0.4213927435236506,0.29976895547097165,1.1074077469302444,0.0,0.0,0.0,8.651759015588897,0.9489214348282801,0.014314928425357873,0.10531697341513292,0,195.60000000000002,979,0.9207843629183339,0.41618870404404207,0.014475271411338975,829,2.512415629325105,1.5912540748739028,0.10373944511459587,829,0.012062726176115802,0.46079613992762364,0.4680337756332931,0.8166465621230398,2.3088247857911766,0.42594745643409043,,811,,S4_iid,R2A
R2,A,0.0,0.0,0,low,30.0,48,range_s_P0,ekf,,0.6481185993728231,0.7117121741800979,0.7988192717041928,2.294894945764712,0.6308362643750894,1.1516272669779233,1.0324487514959002,0.0,0.0,0.0,18.845311498337313,1.2798521144176478,0.022494887525562373,0.1032719836400818,0,195.60000000000002,979,1.2814710429357268,0.4221457489522202,0.021712907117008462,829,2.5343958083411184,1.571210268018547,0.10253317249698435,829,0.0024125452352231603,0.6911942098914354,0.25090470446320867,0.715319662243667,2.3198558360470587,0.6377031382861942,,811,,S4_iid,R2A
R2,A,0.0,0.0,0,low,30.0,49,range_s_P0,ekf,,0.30007039695953364,0.36521361186390244,0.2294365565850866,1.6991766091837601,0.25284052993669864,0.7820116289100485,1.4377346019984119,0.0,0.0,0.0,5.641812310568603,1.2162580583444524,0.023517382413087935,0.09713701431492842,0,195.60000000000002,979,1.1575550782341841,0.42089942420878695,0.024125452352231624,829,2.3696743960354545,1.5039950045005088,0.09408926417370322,829,0.0036188178528347406,0.2436670687575392,0.721351025331725,0.8238841978287093,1.7163678432011187,0.25543321160423843,,811,,S4_iid,R2A
R2,A,0.0,0.0,1,mid,30.0,0,range_s_P0,ekf,,0.5051313509006381,0.5669662596234266,0.6236204469643793,1.940398905396187,0.40137186919317697,0.38516775951399007,1.214125345892466,0.0,0.0,0.0,34.261388547418264,0.683214152155742,0.010224948875255624,0.10224948875255624,0,195.60000000000002,979,0.6182182910725684,0.3868870170802995,0.007237635705669487,829,2.471698210923215,1.5526389509167628,0.09408926417370322,829,0.0,0.3884197828709288,0.5645355850422196,0.9481302774427021,1.9494120936239954,0.4055582338656464,,811,,S4_iid,R2A
R2,A,0.0,0.0,1,mid,30.0,1,range_s_P0,ekf,,0.6003781948445175,0.6640973765591361,0.681858660991268,2.8991384968551475,0.5081158345864745,0.009598134460455581,0.7409065685798824,0.0,0.0,0.0,25.056504092049394,1.4838016842670445,0.024539877300613498,0.11860940695296524,0,195.60000000000002,979,1.5537796683027743,0.364445382547027,0.026537997587454787,829,2.6927336894733163,1.594680113929693,0.12183353437876965,829,0.0,0.40530759951749096,0.525934861278649,0.7080820265379976,2.915549732238953,0.5134742214529059,,811,,S4_iid,R2A
R2,A,0.0,0.0,1,mid,30.0,2,range_s_P0,ekf,,0.4029127933696851,0.45502025653288686,0.41049075312378197,1.787677717895269,0.3141751990682456,0.2273794619074054,0.99974551639558,0.0,0.0,0.0,5.418116760965859,1.3024879031164567,0.02044989775051125,0.11451942740286299,0,195.60000000000002,979,1.144900941489009,0.3946514766292989,0.020506634499396825,829,2.4991523666762583,1.5140949639990613,0.11459589867310016,829,0.015681544028950542,0.13510253317249699,0.8383594692400482,0.9806996381182147,1.7436948249572097,0.31578239831403593,,811,,S4_iid,R2A
R2,A,0.0,0.0,1,mid,30.0,3,range_s_P0,ekf,,0.2577604375502594,0.32603812813088057,0.3947611118729813,2.961318729883672,0.5534515471852619,0.8631995460795605,0.8424954852469858,0.0,0.0,0.0,11.910189759100641,1.1581392263342765,0.02147239263803681,0.10940695296523517,0,195.60000000000002,979,1.2388799617982795,0.40714778197839885,0.022919179734619988,829,2.520242208056655,1.4822060950605092,0.11338962605548852,829,0.0,0.6332931242460796,0.2074788902291918,0.5705669481302774,2.971303972305555,0.5591924271234785,,811,,S4_iid,R2A
R2,A,0.0,0.0,1,mid,30.0,4,range_s_P0,ekf,,0.460323235361844,0.5269652538720133,0.5217180312688006,2.058710026979752,0.42378481116036404,0.49951909405284484,0.5861895841080946,0.0,0.0,0.0,7.924891406979887,1.041787634178107,0.022494887525562373,0.10429447852760736,0,195.60000000000002,979,1.033458090557083,0.3771218608194392,0.024125452352231624,829,2.4757682365365845,1.5367995026819474,0.10373944511459587,829,0.0,0.24849215922798554,0.6984318455971049,0.8962605548854041,2.080412267084366,0.42826675266754005,,811,,S4_iid,R2A
R2,A,0.0,0.0,1,mid,30.0,5,range_s_P0,ekf,,0.764490086526058,0.8328474698957636,0.8370019994763156,2.31495677112988,0.5705087824984019,1.0831872215217562,0.4818733279345208,0.0,0.0,0.0,16.04052238483022,1.0946532390189214,0.024539877300613498,0.08384458077709611,0,195.60000000000002,979,1.0968455087747155,0.3839083680392283,0.026537997587454787,829,2.38402573211207,1.6369485261445023,0.07961399276236425,829,0.0,0.45476477683956573,0.428226779252111,0.8262967430639324,2.3377013548225136,0.5765378497928549,,811,,S4_iid,R2A
R2,A,0.0,0.0,1,mid,30.0,6,range_s_P0,ekf,,0.3434766457935402,0.4054723891139641,0.606492947744636,1.3589111051946292,0.4539251789738419,0.3637372366272339,1.2634391122108002,0.0,0.0,0.0,31.030631607628784,1.1606638792287298,0.015337423312883436,0.11247443762781185,0,195.60000000000002,979,1.2076758626681763,0.3695192067268207,0.0156815440289505,829,2.5331039656213226,1.4852330906208648,0.11097708082026536,829,0.0,0.27261761158021713,0.6791314837153196,0.9131483715319663,1.3573822971909058,0.4582756398848798,,811,,S4_iid,R2A
R2,A,0.0,0.0,1,mid,30.0,7,range_s_P0,ekf,,0.51404464178578,0.5822685899703424,0.5697603813967725,1.2544136670753028,0.2607956415024664,0.026824323551476407,0.9347136867118391,0.0,0.0,0.0,20.22000195732854,1.1453838000907661,0.019427402862985686,0.09202453987730061,0,195.60000000000002,979,1.0783255656500008,0.3923493444016776,0.016887816646562137,829,2.393524087002265,1.548025268661439,0.09047044632086854,829,0.0,0.15440289505428226,0.7828709288299156,1.0,1.2195992609581738,0.2636426079951917,,811,,S4_iid,R2A
R2,A,0.0,0.0,1,mid,30.0,8,range_s_P0,ekf,,0.5042512953031999,0.5687294731663233,0.4886212358255111,2.6229255036628176,0.43698754325381545,0.28636331572173257,1.1848060443790038,0.0,0.0,0.0,98.52894459226906,1.4053996170038414,0.023517382413087935,0.10633946830265849,0,195.60000000000002,979,1.4440293980594856,0.41434659661816553,0.02533172496984315,829,2.728676139243702,1.6271641206465421,0.112183353437877,829,0.0,0.34499396863691195,0.5211097708082026,0.6731001206272618,2.635921795179264,0.44166706506290265,,811,,S4_iid,R2A
R2,A,0.0,0.0,1,mid,30.0,9,range_s_P0,ekf,,0.29155905264677573,0.3497561972454826,0.2441025067971968,2.714823339332849,0.6186132249858326,1.2311839530093907,0.3744575326312766,0.0,0.0,0.0,13.865133418522555,0.665962118109029,0.011247443762781187,0.09100204498977506,0,195.60000000000002,979,0.6704887153550111,0.39165267563543127,0.012062726176115812,829,2.485748929150183,1.6144214838627542,0.08805790108564537,829,0.0,0.7973462002412546,0.14595898673100122,0.7080820265379976,2.738041574437063,0.6253399650097622,,811,,S4_iid,R2A
R2,A,0.0,0.0,1,mid,30.0,10,range_s_P0,ekf,,0.5496952304177661,0.6180390280112479,0.5619509501627162,2.764535802598796,0.4550495232763159,0.11917664567213299,0.8400435397477602,0.0,0.0,0.0,40.80727154062266,1.490053136853573,0.028629856850715747,0.09918200408997956,0,195.60000000000002,979,1.4352444139532905,0.4100803288281882,0.02895054282267795,829,2.331383130983834,1.443270410955161,0.09891435464414955,829,0.0,0.32689987937273823,0.53437876960193,0.6718938480096501,2.792276347672815,0.459960741062931,,811,,S4_iid,R2A
R2,A,0.0,0.0,1,mid,30.0,11,range_s_P0,ekf,,0.4545081862221663,0.5182538501633634,0.5787466896333199,1.2008381888571253,0.4941495580486595,0.3099832375942436,0.6488562026938774,0.0,0.0,0.0,34.96296336703119,1.0067497040031066,0.019427402862985686,0.09815950920245399,0,195.60000000000002,979,0.8807633662028828,0.3956429990036954,0.016887816646562137,829,2.293999543868623,1.380028190966329,0.09770808202653802,829,0.0,0.36308805790108567,0.5355850422195416,1.0,1.205492176852536,0.4991562839310111,,811,,S4_iid,R2A
R2,A,0.0,0.0,1,mid,30.0,12,range_s_P0,ekf,,0.5161322188127349,0.5619341168706392,0.550842451592706,1.4339443866652464,0.3183081010628692,1.2253225276011492,1.6836144109847053,0.0,0.0,0.0,132.31360665521652,1.0695982921233096,0.022494887525562373,0.10633946830265849,0,195.60000000000002,979,1.0162950188125608,0.40335367977213465,0.022919179734619988,829,2.50169719409279,1.5288299109812582,0.09770808202653802,829,0.0,0.3088057901085645,0.661037394451146,0.7503015681544029,1.4465891761563334,0.3209159036512303,,811,,S4_iid,R2A
R2,A,0.0,0.0,1,mid,30.0,13,range_s_P0,ekf,,0.3386040970124009,0.4068427038847315,0.3163014725126413,2.4884440632631857,0.4183883779599006,0.6091036904508432,0.9970594826755179,0.0,0.0,0.0,7.230329771119259,1.017512321387202,0.023517382413087935,0.10122699386503067,0,195.60000000000002,979,1.0379769206531295,0.4124696926912615,0.021712907117008462,829,2.358820331037715,1.4779099317585767,0.10132689987937271,829,0.0,0.3100120627261761,0.5428226779252111,0.7466827503015682,2.5153147836410574,0.4227865329896955,,811,,S4_iid,R2A
R2,A,0.0,0.0,1,mid,30.0,14,range_s_P0,ekf,,0.2866149419747269,0.3525342184430403,0.3686651774797775,3.0993603608300395,0.6086916181339422,0.010418766091222501,0.7086691629847789,0.0,0.0,0.0,16.53995649402506,1.1675499298206329,0.02044989775051125,0.10224948875255624,0,195.60000000000002,979,1.1820347515769287,0.4075072395430449,0.020506634499396825,829,2.388783437739256,1.512893156252361,0.09891435464414955,829,0.0,0.804583835946924,0.097708082026538,0.6212303980699638,3.1187321166299125,0.6152831914664741,,811,,S4_iid,R2A
R2,A,0.0,0.0,1,mid,30.0,15,range_s_P0,ekf,,0.7266700976983915,0.7907323689399679,0.6604163732295124,2.201615269236314,0.4927323201027679,1.2495802242600882,0.6321313960807159,0.0,0.0,0.0,12.726238547578598,0.9547446423756263,0.016359918200409,0.09100204498977506,0,195.60000000000002,979,1.0204398376160733,0.36436414505569115,0.016887816646562137,829,2.3017455515429273,1.500925380554543,0.09167671893848006,829,0.039806996381182146,0.3281061519903498,0.6164053075995175,0.8226779252110977,2.2221394019946126,0.4981438297707607,,811,,S4_iid,R2A
R2,A,0.0,0.0,1,mid,30.0,16,range_s_P0,ekf,,0.16864346195447916,0.19912832967194083,0.08238049377131018,1.30198197050954,0.28954063666088586,1.1263544600992097,1.28404613848739,0.0,0.0,0.0,4.335576896596366,1.0484994130652345,0.019427402862985686,0.09713701431492842,0,195.60000000000002,979,1.0609711720828197,0.4103087390943427,0.020506634499396825,829,2.3211575329093352,1.5064478650597892,0.08805790108564537,829,0.0,0.10132689987937274,0.8443908323281062,0.9203860072376358,1.311028582907732,0.2926831717740898,,811,,S4_iid,R2A
R2,A,0.0,0.0,1,mid,30.0,17,range_s_P0,ekf,,0.12242506854878037,0.19010837947842513,0.3865772591626608,1.5421333908997548,0.3421112578588125,0.15238839380571417,1.0563583077241931,0.0,0.0,0.0,13.507374518333492,1.2267955241439497,0.02044989775051125,0.09611451942740286,0,195.60000000000002,979,1.3485919085126306,0.3806909465089839,0.022919179734619988,829,2.5278298954162084,1.602213580819725,0.09529553679131486,829,0.0,0.20024125452352232,0.7611580217129071,1.0,1.5304946797990482,0.3456460131882969,,811,,S4_iid,R2A
R2,A,0.0,0.0,1,mid,30.0,18,range_s_P0,ekf,,0.23198069440553187,0.22185844024430154,0.010356099747069029,2.3487803938831195,0.41389617208578455,0.41517694512206044,0.9353616524156096,0.0,0.0,0.0,5.892848503254152,1.2367528157801488,0.02556237218813906,0.0950920245398773,0,195.60000000000002,979,1.376487440093192,0.4123616058995065,0.02895054282267795,829,2.1617842347821985,1.4571641595119993,0.08202653799758741,829,0.0,0.10735826296743065,0.7647768395657418,0.7490952955367913,2.3664002687126793,0.41830586439702183,,811,,S4_iid,R2A
R2,A,0.0,0.0,1,mid,30.0,19,range_s_P0,ekf,,0.21750977417082248,0.24314555749370093,0.11224961902581376,1.7893229523987741,0.2782268699097496,0.4258078168081295,0.7264562725358397,0.0,0.0,0.0,4.620815162825179,0.6363398075230151,0.0081799591002045,0.09815950920245399,0,195.60000000000002,979,0.5215992841026731,0.37647460617017287,0.006031363088057851,829,2.246407768019881,1.440456882725905,0.08805790108564537,829,0.0,0.06513872135102533,0.8962605548854041,0.971049457177322,1.8077356890814278,0.2806496321846979,,811,,S4_iid,R2A
R2,A,0.0,0.0,1,mid,30.0,20,range_s_P0,ekf,,0.4000111672031852,0.4668421021401858,0.5447485801734492,2.0685610407911788,0.4252258081705177,1.0887331903368458,1.3799684756362502,0.0,0.0,0.0,53.13022714718171,0.7500311101720716,0.014314928425357873,0.10531697341513292,0,195.60000000000002,979,0.7646407730813974,0.34859045259322446,0.014475271411338975,829,2.491977531280128,1.5331397992968518,0.10012062726176119,829,0.0,0.31845597104945716,0.6188178528347407,0.8998793727382388,2.0440629031263136,0.42959079606943207,,811,,S4_iid,R2A
R2,A,0.0,0.0,1,mid,30.0,21,range_s_P0,ekf,,0.11458875268218464,0.1632032442476013,0.08089813419317889,1.9609073463040447,0.3390269481578881,1.285008423170691,1.424149254496137,0.0,0.0,0.0,7.216720026172717,1.1824747309125776,0.023517382413087935,0.10531697341513292,0,195.60000000000002,979,1.2807721998640467,0.41852114049107475,0.024125452352231624,829,2.4554919960583854,1.516493387286728,0.10012062726176119,829,0.0,0.25331724969843183,0.6405307599517491,0.8238841978287093,1.86866831530184,0.34056549308796413,,811,,S4_iid,R2A
R2,A,0.0,0.0,1,mid,30.0,22,range_s_P0,ekf,,0.20741900895480628,0.2746528027321135,0.3101894753203935,2.7062073213472297,0.5343442308790837,0.16378642020536688,1.0988758899510567,0.0,0.0,0.0,11.993387473819539,1.3595839098526348,0.02556237218813906,0.08997955010224949,0,195.60000000000002,979,1.4299857805224816,0.4103992544596295,0.026537997587454787,829,2.312257426935313,1.4753696847722624,0.0892641737032569,829,0.0,0.617611580217129,0.2677925211097708,0.6405307599517491,2.717035950585702,0.5401724194998806,,811,,S4_iid,R2A
R2,A,0.0,0.0,1,mid,30.0,23,range_s_P0,ekf,,0.452622165050335,0.520691165685184,0.4800481077781386,0.6997348591688101,0.3022620272584368,0.5969905275845274,0.8008873372422434,0.0,0.0,0.0,79.49687254751781,1.1200809886702636,0.02147239263803681,0.10122699386503067,0,195.60000000000002,979,0.9458350611989231,0.34471072612841497,0.016887816646562137,829,2.4127760837014858,1.6234296507312742,0.09650180940892639,829,0.0,0.14234016887816647,0.767189384800965,1.0,0.7005648456927874,0.3053822814151025,,811,,S4_iid,R2A
R2,A,0.0,0.0,1,mid,30.0,24,range_s_P0,ekf,,0.6032217522063378,0.662847356619719,0.6052890164230305,2.3165804838490573,0.5846128741178093,0.2234795231447862,0.4526479819305467,0.0,0.0,0.0,45.74505448524704,1.2776412930591672,0.023517382413087935,0.10224948875255624,0,195.60000000000002,979,1.4185260984475505,0.3372351513333613,0.026537997587454787,829,2.502115043263562,1.5239462428168915,0.10494571773220751,829,0.0,0.6779252110977081,0.20627261761158022,0.7876960193003619,2.3102239195387075,0.590234950519958,,811,,S4_iid,R2A
R2,A,0.0,0.0,1,mid,30.0,25,range_s_P0,ekf,,0.1756117316017864,0.2283351016448394,0.2561804861969041,2.678648791339384,0.6104636016950374,0.5992384733371225,0.3676101729153191,0.0,0.0,0.0,12.174592343089303,1.2787021997971784,0.02147239263803681,0.10122699386503067,0,195.60000000000002,979,1.3590190472696588,0.357632212808027,0.024125452352231624,829,2.5409510709229997,1.5971480337506048,0.10012062726176119,829,0.0,0.781664656212304,0.18576598311218334,0.7104945717732207,2.6757294213626728,0.6167529789057161,,811,,S4_iid,R2A
R2,A,0.0,0.0,1,mid,30.0,26,range_s_P0,ekf,,0.511266935112379,0.5789339348973853,0.6596876763612288,2.30851709872442,0.41719691705238177,1.617112831435752,1.5338710415318337,0.0,0.0,0.0,40.59706850616318,1.2453670231819058,0.027607361963190184,0.10429447852760736,0,195.60000000000002,979,1.2138420918341257,0.43332403858944296,0.027744270205066313,829,2.6068817060097347,1.5435006756184197,0.10494571773220751,829,0.010856453558504222,0.2316043425814234,0.6803377563329313,0.715319662243667,2.306525659282721,0.4215067526575713,,811,,S4_iid,R2A
R2,A,0.0,0.0,1,mid,30.0,27,range_s_P0,ekf,,0.4986616655300379,0.5411560155486838,0.4458596165860968,2.7340919837403974,0.565918695161077,1.2317139412153941,0.3424951459515562,0.0,0.0,0.0,65.52100457228471,1.1256680097995124,0.019427402862985686,0.09100204498977506,0,195.60000000000002,979,1.142738824587757,0.4152342368908329,0.020506634499396825,829,2.3109897954644874,1.5093418237101441,0.0892641737032569,829,0.0,0.7551266586248492,0.11097708082026538,0.6911942098914354,2.762560331520116,0.5720808241821592,,811,,S4_iid,R2A
R2,A,0.0,0.0,1,mid,30.0,28,range_s_P0,ekf,,0.6290567131005828,0.6902490378782937,0.5862818678625167,2.2576251894252275,0.562630151734083,0.465065681699963,0.8807812574753857,0.0,0.0,0.0,12.951911879767302,1.35594033425123,0.023517382413087935,0.10224948875255624,0,195.60000000000002,979,1.3695902658183947,0.38127519829697154,0.02533172496984315,829,2.3986363069804635,1.4776490419936719,0.10132689987937271,829,0.0024125452352231603,0.5440289505428226,0.3172496984318456,0.827503015681544,2.28059771984873,0.5687365942222071,,811,,S4_iid,R2A
R2,A,0.0,0.0,1,mid,30.0,29,range_s_P0,ekf,,0.3290343464538283,0.38791606204390394,0.34039545702892854,0.9036239675096265,0.37548847828146137,0.1015847676985215,0.7222823747216894,0.0,0.0,0.0,6.312201290028398,1.5703435233752647,0.034764826175869123,0.09713701431492842,0,195.60000000000002,979,1.7476916708045616,0.4069749356765211,0.039806996381182125,829,2.2829813382005133,1.4692334081564171,0.09408926417370322,829,0.0,0.18094089264173704,0.715319662243667,1.0,0.9026843727181398,0.3793630976313352,,811,,S4_iid,R2A
R2,A,0.0,0.0,1,mid,30.0,30,range_s_P0,ekf,,0.6153662014705926,0.6787902074628488,0.6438273610321524,1.6447372312872222,0.5028330085829926,0.2768428340726944,0.8450358926433289,0.0,0.0,0.0,11.823091284590006,1.4330394243872064,0.027607361963190184,0.10736196319018405,0,195.60000000000002,979,1.4107829197616553,0.3621386101696686,0.027744270205066313,829,2.524016196298891,1.6582271735596381,0.10735826296743067,829,0.0,0.37997587454764775,0.5536791314837153,0.9445114595898673,1.6561545149917323,0.5082983743945021,,811,,S4_iid,R2A
R2,A,0.0,0.0,1,mid,30.0,31,range_s_P0,ekf,,0.38774424399432217,0.45444377057941204,0.40432558239772554,2.349971944944447,0.40381169964070146,0.33310032176778426,0.9650285513346829,0.0,0.0,0.0,18.66839011696939,1.138431337045459,0.019427402862985686,0.11349693251533742,0,195.60000000000002,979,1.0726079710894718,0.3972679882273625,0.016887816646562137,829,2.5844534472106133,1.5806317511976338,0.11338962605548852,829,0.0,0.2074788902291918,0.6670687575392038,0.8226779252110977,2.305935847567397,0.40806507168473055,,811,,S4_iid,R2A
R2,A,0.0,0.0,1,mid,30.0,32,range_s_P0,ekf,,0.2528624302855938,0.3136157804322818,0.37786161320693207,0.9399404785556884,0.47831911915586434,1.3236276671391403,0.3614725167983289,0.0,0.0,0.0,30.559794710686067,1.544439364215863,0.028629856850715747,0.09713701431492842,0,195.60000000000002,979,1.667985421925728,0.42872096992303516,0.03256936067551264,829,2.4765471143483704,1.5713249052013596,0.09529553679131486,829,0.0,0.3944511459589867,0.4945717732207479,1.0,0.943934551465772,0.4833231245308867,,811,,S4_iid,R2A
R2,A,0.0,0.0,1,mid,30.0,33,range_s_P0,ekf,,0.32911373993985793,0.3880289739697112,0.4484482390352769,2.5716066365328976,0.5495059361623178,1.3757176267787832,0.793768458209024,0.0,0.0,0.0,80.81825809929691,1.1959595861314798,0.022494887525562373,0.10224948875255624,0,195.60000000000002,979,1.223389179130087,0.38125414557139986,0.022919179734619988,829,2.578603313312247,1.562564693297233,0.10373944511459587,829,0.0,0.5247285886610374,0.27020506634499397,0.6670687575392038,2.563384356625691,0.5550427523291318,,811,,S4_iid,R2A
R2,A,0.0,0.0,1,mid,30.0,34,range_s_P0,ekf,,0.3921913265445486,0.46053655601610644,0.4833223449839139,1.8927627549653254,0.5389515328522986,0.5674918568953661,0.5743580697749752,0.0,0.0,0.0,152.94569675311493,1.0751855041530383,0.016359918200409,0.08997955010224949,0,195.60000000000002,979,1.042823810486665,0.3860321929352302,0.0156815440289505,829,2.315358420145875,1.4635674215957013,0.0928829915560917,829,0.0,0.4969843184559711,0.3751507840772014,0.9384800965018094,1.8941140937548089,0.5447625057012557,,811,,S4_iid,R2A
R2,A,0.0,0.0,1,mid,30.0,35,range_s_P0,ekf,,0.23283173125473458,0.29649362135897056,0.20879329838443483,1.5780655859862294,0.3280273490585805,0.7608005678787884,1.022507507108577,0.0,0.0,0.0,5.430872099379621,1.636926246011767,0.02965235173824131,0.10429447852760736,0,195.60000000000002,979,1.5161289495026438,0.38444934263056874,0.026537997587454787,829,2.460046242693835,1.5809710593634778,0.10012062726176119,829,0.0,0.07840772014475271,0.767189384800965,0.9939686369119421,1.5291837768948269,0.3310560938020867,,811,,S4_iid,R2A
R2,A,0.0,0.0,1,mid,30.0,36,range_s_P0,ekf,,0.541251934087257,0.6057991867534658,0.5085088220085711,1.6876337754757642,0.3233228404375626,0.40870744942767034,1.4666274178207328,0.0,0.0,0.0,51.583161184635046,1.3896618623376455,0.026584867075664622,0.1032719836400818,0,195.60000000000002,979,1.2804771808877962,0.35178482134146205,0.022919179734619988,829,2.5360426145848596,1.5072678377997317,0.11097708082026536,829,0.0,0.30156815440289503,0.6622436670687576,0.7659831121833535,1.7036941796184768,0.3267259605825174,,811,,S4_iid,R2A
R2,A,0.0,0.0,1,mid,30.0,37,range_s_P0,ekf,,0.5763828605142779,0.6388192161953734,0.6549560710529955,1.8724275944981448,0.4965047794799908,0.8827385503128359,1.0471475976061408,0.0,0.0,0.0,45.085347495320214,1.4118960957002902,0.026584867075664622,0.11042944785276074,0,195.60000000000002,979,1.2564090635419136,0.38034756266032993,0.024125452352231624,829,2.4631840949107455,1.5147165158950613,0.11097708082026536,829,0.0,0.4221954161640531,0.40048250904704463,1.0,1.8293783961473171,0.5003281409657596,,811,,S4_iid,R2A
R2,A,0.0,0.0,1,mid,30.0,38,range_s_P0,ekf,,0.3166809608732419,0.3648894178966647,0.4723960811448178,1.72742880300194,0.5361774811236539,0.4766754335892729,0.4042299929975369,0.0,0.0,0.0,10.000582383237262,1.3237166284388646,0.022494887525562373,0.09304703476482618,0,195.60000000000002,979,1.435771153699831,0.4217575588741445,0.02533172496984315,829,2.3484421853002546,1.4800777534880942,0.09529553679131486,829,0.0,0.47165259348612787,0.36550060313630883,0.9420989143546441,1.7413610814812965,0.541800990499989,,811,,S4_iid,R2A
R2,A,0.0,0.0,1,mid,30.0,39,range_s_P0,ekf,,0.2964529000310403,0.36312012757634493,0.28514722421933886,1.6137904170529298,0.35487950126503476,1.0132559734232216,0.31872096737571326,0.0,0.0,0.0,4.235762365135123,1.4324317638065902,0.03067484662576687,0.08282208588957055,0,195.60000000000002,979,1.4353164700038503,0.41626312737614996,0.030156815440289475,829,2.313107699846043,1.5451884751343807,0.08564535585042221,829,0.0,0.021712907117008445,0.8914354644149578,0.9975874547647768,1.528521620829327,0.35829084394590205,,811,,S4_iid,R2A
R2,A,0.0,0.0,1,mid,30.0,40,range_s_P0,ekf,,0.45611871764899303,0.5130495791948998,0.5575073158220517,2.0399839940464455,0.5454249488349283,0.6731856003330625,0.7104812664092657,0.0,0.0,0.0,20.14255722598212,0.8266616345728875,0.009202453987730062,0.10020449897750511,0,195.60000000000002,979,0.7792987934154019,0.43523037937386,0.007237635705669487,829,2.581530374595422,1.5546862739816636,0.10132689987937271,829,0.0,0.5910735826296744,0.33293124246079614,0.8600723763570567,2.0546167539072027,0.551183212855255,,811,,S4_iid,R2A
R2,A,0.0,0.0,1,mid,30.0,41,range_s_P0,ekf,,0.4953673922644461,0.5572624250016458,0.5180804787188595,2.8139680181200264,0.5020310092925347,0.18656310713330604,0.7080812471039789,0.0,0.0,0.0,49.12747644659012,1.1157515324327127,0.018404907975460124,0.09713701431492842,0,195.60000000000002,979,0.9321173990304238,0.4056981062978889,0.013268998793727338,829,2.391312989333665,1.4885871705393674,0.09529553679131486,829,0.0,0.5572979493365501,0.32569360675512665,0.632086851628468,2.8046324586664753,0.5071989721428507,,811,,S4_iid,R2A
R2,A,0.0,0.0,1,mid,30.0,42,range_s_P0,ekf,,0.4692401725503892,0.5373098338528745,0.6860217040932004,2.870461194325263,0.5884139185299306,0.2554333349939488,0.9147818310492137,0.0,0.0,0.0,15.4041967883106,1.3063188168857518,0.02044989775051125,0.07975460122699386,0,195.60000000000002,979,1.434064077385398,0.39280626431856225,0.022919179734619988,829,2.2663183360955523,1.5083107545881038,0.08443908323281057,829,0.007237635705669481,0.5958986731001207,0.2955367913148372,0.6887816646562123,2.901756711600349,0.5948723310764167,,811,,S4_iid,R2A
R2,A,0.0,0.0,1,mid,30.0,43,range_s_P0,ekf,,0.12530915446955745,0.16950840927000566,0.1931687194963104,0.7361841051641655,0.3553744867078877,0.07298516585103378,0.5822828782729684,0.0,0.0,0.0,5.093871400800796,1.091997558238236,0.019427402862985686,0.10429447852760736,0,195.60000000000002,979,1.0607877137929986,0.42169613716280463,0.0193003618817853,829,2.4014086787435347,1.4856307646665456,0.10132689987937271,829,0.0,0.04101326899879373,0.893848009650181,1.0,0.7404558563382065,0.35904726869146764,,811,,S4_iid,R2A
R2,A,0.0,0.0,1,mid,30.0,44,range_s_P0,ekf,,0.3909401434446251,0.4288479141209344,0.5699188619784215,2.072826949265537,0.512238131967955,0.48770518566244103,0.5559497238643765,0.0,0.0,0.0,36.27705455257078,1.4645661567766226,0.019427402862985686,0.09304703476482618,0,195.60000000000002,979,1.4144646056290417,0.404514753771174,0.0193003618817853,829,2.418866997603443,1.559554904485274,0.0928829915560917,829,0.0,0.4149577804583836,0.51145958986731,0.887816646562123,2.074855739129963,0.5177587620635101,,811,,S4_iid,R2A
R2,A,0.0,0.0,1,mid,30.0,45,range_s_P0,ekf,,0.2871781153309122,0.3501027387566108,0.3112622097383004,1.6567402777194098,0.42826054546307735,0.2045959893622333,0.7475663604648622,0.0,0.0,0.0,6.8079471335314565,1.4738800763846232,0.026584867075664622,0.09406952965235174,0,195.60000000000002,979,1.6244099955349405,0.35315669959564255,0.027744270205066313,829,2.4115383827244834,1.5603286079635859,0.09529553679131486,829,0.0,0.21109770808202655,0.6755126658624849,1.0,1.6749437947751438,0.4328701532869841,,811,,S4_iid,R2A
R2,A,0.0,0.0,1,mid,30.0,46,range_s_P0,ekf,,0.9865628775613932,1.0520973473377075,0.9619305351503276,1.694978603656783,0.6362167769350727,0.08337419896181471,1.2607301439691447,0.0,0.0,0.0,25.480899486824168,1.3435491792186713,0.028629856850715747,0.1114519427402863,0,195.60000000000002,979,1.4584897211926766,0.4663243607756892,0.02895054282267795,829,2.5517572280773146,1.5142511623745787,0.11338962605548852,829,0.0,0.8299155609167672,0.0735826296743064,0.9565741857659831,1.7107825796956244,0.6426704459457868,,811,,S4_iid,R2A
R2,A,0.0,0.0,1,mid,30.0,47,range_s_P0,ekf,,0.45414217373853066,0.5222412953747076,0.5130101370124743,1.8784693831967623,0.4609064827944578,0.43868006393906733,1.4234103054084697,0.0,0.0,0.0,321.2427865362117,1.2448357992928327,0.024539877300613498,0.09918200408997956,0,195.60000000000002,979,1.4100908420493603,0.39796591506812945,0.02895054282267795,829,2.4432566390315538,1.508828728897868,0.09770808202653802,829,0.0,0.29674306393244876,0.5826296743063932,0.873341375150784,1.8986620587072638,0.4653015183358328,,811,,S4_iid,R2A
R2,A,0.0,0.0,1,mid,30.0,48,range_s_P0,ekf,,0.23081176007305135,0.2973038218002316,0.38711247073233496,1.5985340262748182,0.327277213828138,0.5693773812475121,0.48282801313959034,0.0,0.0,0.0,12.322252209009887,1.3544636512319965,0.02965235173824131,0.09406952965235174,0,195.60000000000002,979,1.3430892468251634,0.33609745214023284,0.02895054282267795,829,2.5462421196265383,1.537370138383125,0.10132689987937271,829,0.009650180940892641,0.11942098914354644,0.8636911942098915,0.9831121833534379,1.6160987757044403,0.33075209733937017,,811,,S4_iid,R2A
R2,A,0.0,0.0,1,mid,30.0,49,range_s_P0,ekf,,0.4204554277306089,0.4856014599920738,0.3494961733430489,2.1389076145976005,0.4740612766667128,1.3449132750608621,1.3963833400270071,0.0,0.0,0.0,8.907011804238664,1.004288353413658,0.028629856850715747,0.10736196319018405,0,195.60000000000002,979,0.9448844727934825,0.4149969898456874,0.022919179734619988,829,2.4659201713868546,1.556715747956825,0.10373944511459587,829,0.0,0.4499396863691194,0.41857659831121835,0.8528347406513872,2.152421179574821,0.4788373191843954,,811,,S4_iid,R2A
R2,A,0.0,0.0,2,high,30.0,0,range_s_P0,ekf,,0.2684044970228971,0.33599760236976106,0.3869893036955099,1.8540228385007311,0.4144800405249782,0.7669174193060099,1.1124127770207832,0.0,0.0,0.0,8.473662216845195,1.3557211307560901,0.02147239263803681,0.08588957055214724,0,195.60000000000002,979,1.3878426339676873,0.4514915174028083,0.020506634499396825,829,2.475574866012382,1.5382774235336578,0.0892641737032569,829,0.0,0.3365500603136309,0.5729794933655006,1.0,1.842565427421578,0.4182942335621695,,811,,S4_iid,R2A
R2,A,0.0,0.0,2,high,30.0,1,range_s_P0,ekf,,0.16684973146376222,0.23400456136706826,0.2500422589876742,3.3048724505779066,0.5855019510861658,1.7833805669137937,1.1736259636652413,0.0,0.0,0.0,12.138049560213346,1.2115833128766222,0.02044989775051125,0.10429447852760736,0,195.60000000000002,979,1.2010407571485155,0.38601812138973135,0.018094089264173663,829,2.458036698697497,1.449271114463473,0.10735826296743067,829,0.0,0.7985524728588661,0.18938480096501809,0.7165259348612787,3.3299675738581165,0.5917026929161266,,811,,S4_iid,R2A
R2,A,0.0,0.0,2,high,30.0,2,range_s_P0,ekf,,0.36372774361411153,0.3818098500292497,0.2801850259364437,5.279380353273787,0.3542352380055112,1.1198726692103167,2.525711984191884,0.0,0.0,0.0,21.134907499977555,1.527523093134641,0.02965235173824131,0.11451942740286299,0,195.60000000000002,979,1.4181244438721456,0.5324907756855977,0.026537997587454787,829,2.5186940572338705,1.5129626872615145,0.10615199034981904,829,0.0,0.9276236429433052,0.025331724969843185,0.020506634499396863,5.277588247763678,0.3575029735980367,,811,,S4_iid,R2A
R2,A,0.0,0.0,2,high,30.0,3,range_s_P0,ekf,,0.14499292885838838,0.19514918234311873,0.1892658117210758,3.302034488085772,0.5533930015635543,0.8307836996879,0.5209554207488186,0.0,0.0,0.0,12.496114892297632,1.4278861734277062,0.02965235173824131,0.10224948875255624,0,195.60000000000002,979,1.2656643012121336,0.36402147005787416,0.027744270205066313,829,2.488023863497036,1.603071320262502,0.0892641737032569,829,0.0,0.767189384800965,0.08805790108564536,0.586248492159228,3.224716030920369,0.5585136005268307,,811,,S4_iid,R2A
R2,A,0.0,0.0,2,high,30.0,4,range_s_P0,ekf,,0.1960946460173285,0.2637464562327175,0.2566054140585852,2.3297312434266266,0.4899414672574595,1.5431740811886063,0.7290118593073727,0.0,0.0,0.0,7.821330343134207,0.9682787430985698,0.015337423312883436,0.10736196319018405,0,195.60000000000002,979,0.9340860125174768,0.3785098284055209,0.014475271411338975,829,2.423806939866356,1.4847452526160918,0.10494571773220751,829,0.0,0.22798552472858866,0.617611580217129,0.8299155609167672,2.323205211742269,0.49505467435947825,,811,,S4_iid,R2A
R2,A,0.0,0.0,2,high,30.0,5,range_s_P0,ekf,,0.11428743503211895,0.16240325947199993,0.14198495569592365,3.1645633966891893,0.43668089209370303,1.1731602266514713,1.5501943561654485,0.0,0.0,0.0,9.508741539026547,0.9968589332342581,0.013292433537832311,0.11247443762781185,0,195.60000000000002,979,1.014874280343239,0.4545084517405028,0.014475271411338975,829,2.5458325240856743,1.4870405767674997,0.11580217129071169,829,0.0,0.413751507840772,0.5042219541616405,0.436670687575392,3.1375457413439816,0.4401341794384215,,811,,S4_iid,R2A
R2,A,0.0,0.0,2,high,30.0,6,range_s_P0,ekf,,0.1725060322791162,0.12108037181559986,0.1541451629956557,5.299451669800199,0.4629645383003348,0.7807557292041031,2.3839905817094533,0.0,0.0,0.0,20.854566824538985,0.9739297700754003,0.02147239263803681,0.10020449897750511,0,195.60000000000002,979,0.8987239619740799,0.425316137692397,0.016887816646562137,829,2.464995748012118,1.584602321287836,0.09891435464414955,829,0.0,0.841978287092883,0.08926417370325694,0.04221954161640531,5.264026016085013,0.466796027010509,,811,,S4_iid,R2A
R2,A,0.0,0.0,2,high,30.0,7,range_s_P0,ekf,,0.10067896936970817,0.13562797783151503,0.09581519542164289,6.588392021548763,0.5462398836613251,1.2226495910877082,3.4548566546534296,0.0,0.10856453558504221,0.0,50.56385303219573,1.7764949204533351,0.03885480572597137,0.10020449897750511,0,195.60000000000002,979,1.8946186105093936,0.5612636106186433,0.04221954161640529,829,2.454240805329177,1.5792045249328472,0.09770808202653802,829,0.0,0.8998793727382388,0.047044632086851626,0.012062726176115802,6.596196451805958,0.5522003676664156,,811,,S4_iid,R2A
R2,A,0.0,0.0,2,high,30.0,8,range_s_P0,ekf,,0.4065921498826508,0.46584066603685204,0.3733670845948921,1.4478281297929614,0.3694379281955878,1.5637948584803523,1.7960186135505414,0.0,0.0,0.0,8.362278651788301,1.7396141819426405,0.02965235173824131,0.1196319018404908,0,195.60000000000002,979,1.6513917638336701,0.3861679683513979,0.026537997587454787,829,2.5653451038647423,1.5453835686246309,0.11821471652593485,829,0.0,0.32569360675512665,0.6393244873341375,0.7418576598311218,1.460620726288749,0.373453436407184,,811,,S4_iid,R2A
R2,A,0.0,0.0,2,high,30.0,9,range_s_P0,ekf,,0.5783046575019067,0.6415316724255409,0.5418902104608133,3.055897669108504,0.5500904038994966,1.464299264550434,0.4533330324672879,0.0,0.0,0.0,11.942976908407703,0.9804404340650982,0.014314928425357873,0.10531697341513292,0,195.60000000000002,979,1.0768135314280818,0.4185678790306189,0.0156815440289505,829,2.478245772975028,1.548877420960523,0.10373944511459587,829,0.0,0.6139927623642943,0.2436670687575392,0.632086851628468,3.0559024640615373,0.5557282593878323,,811,,S4_iid,R2A
R2,A,0.0,0.0,2,high,30.0,10,range_s_P0,ekf,,0.22059871837502087,0.24174898851437632,0.09227319624456409,2.8334078205054594,0.46746382338547243,1.4261753254535174,0.48625071150919746,0.0,0.0,0.0,9.055036222272724,1.2039855129247536,0.02556237218813906,0.1032719836400818,0,195.60000000000002,979,1.3068745467193459,0.3820505196719071,0.026537997587454787,829,2.461266563419017,1.533071497682987,0.10373944511459587,829,0.0,0.42581423401688784,0.4813027744270205,0.7406513872135102,2.8345441409051455,0.47141443329928634,,811,,S4_iid,R2A
R2,A,0.0,0.0,2,high,30.0,11,range_s_P0,ekf,,0.09465376451179887,0.10652271185868273,0.14183081881312656,2.94437284979364,0.2547025577041023,1.482449205749114,2.0159962966051137,0.0,0.0,0.0,7.237460245028259,1.0039327099908562,0.014314928425357873,0.09713701431492842,0,195.60000000000002,979,1.052169555644966,0.4576248493981753,0.014475271411338975,829,2.346016562812567,1.439161713071282,0.09770808202653802,829,0.0,0.3401688781664656,0.6344993968636912,0.6043425814234017,2.920506183590201,0.2563939024300747,,811,,S4_iid,R2A
R2,A,0.0,0.0,2,high,30.0,12,range_s_P0,ekf,,0.467007399425829,0.5135748287107378,0.5107656196211944,1.592338855405766,0.458777459123608,0.23698039464796042,0.32312544233557683,0.0,0.0,0.0,1116.377309101656,1.141244902171545,0.024539877300613498,0.1032719836400818,0,195.60000000000002,979,1.2302018497878382,0.35624871253712603,0.026537997587454787,829,2.434492391204068,1.4425666638596626,0.10373944511459587,829,0.0,0.19300361881785283,0.7189384800965019,1.0,1.5249812551531128,0.4623808607622991,,811,,S4_iid,R2A
R2,A,0.0,0.0,2,high,30.0,13,range_s_P0,ekf,,0.3086154572005294,0.37605353943224157,0.31001276229415364,2.2692665920213377,0.42276084278631265,1.0115859070219542,1.452871181919792,0.0,0.0,0.0,7.798284702262165,1.1687111658692135,0.024539877300613498,0.1083844580777096,0,195.60000000000002,979,1.233267396971093,0.3818731739074045,0.02533172496984315,829,2.6729670019068883,1.5350706742489557,0.1085645355850422,829,0.0012062726176115801,0.2870928829915561,0.5476477683956574,0.7201447527141134,2.2929393649725944,0.42733487148652527,,811,,S4_iid,R2A
R2,A,0.0,0.0,2,high,30.0,14,range_s_P0,ekf,,0.31849549385434683,0.3864559369562459,0.38368744849337755,1.4014512746881944,0.3784519129363718,0.7954052169963454,0.6403249757205226,0.0,0.0,0.0,18.735253761845126,1.6601818789805503,0.03374233128834356,0.08997955010224949,0,195.60000000000002,979,1.6726297957700957,0.42618796608515563,0.033775633293124274,829,2.240166127480304,1.47797152436528,0.09047044632086854,829,0.0,0.12907117008443908,0.8142340168878166,1.0,1.3182582832278202,0.38254547036202124,,811,,S4_iid,R2A
R2,A,0.0,0.0,2,high,30.0,15,range_s_P0,ekf,,0.39498769684434226,0.45577235385380743,0.3215159369459472,2.835178006296774,0.5136558928453205,0.024381959377215257,0.7033180740870326,0.0,0.0,0.0,9.816301251035092,1.0188207838721561,0.02044989775051125,0.10122699386503067,0,195.60000000000002,979,1.0193259097247496,0.4492034366475992,0.0193003618817853,829,2.4317619252451013,1.460810133428509,0.10132689987937271,829,0.0,0.49095295536791317,0.38118214716525933,0.7515078407720145,2.843667554721531,0.5189453201436514,,811,,S4_iid,R2A
R2,A,0.0,0.0,2,high,30.0,16,range_s_P0,ekf,,0.29184872737667455,0.35675750820168156,0.31575654471412606,2.4608334967085757,0.5271757996719317,1.1449323916451484,0.8351001631435736,0.0,0.0,0.0,9.385459333001727,0.925858639811694,0.018404907975460124,0.10736196319018405,0,195.60000000000002,979,0.991167542229535,0.4001956632333423,0.020506634499396825,829,2.526099916547021,1.5539243276987091,0.10373944511459587,829,0.0,0.41978287092882993,0.35705669481302776,0.8082026537997588,2.4369996598634858,0.5317992442714389,,811,,S4_iid,R2A
R2,A,0.0,0.0,2,high,30.0,17,range_s_P0,ekf,,0.18119521730997845,0.24746271749892557,0.44609369466076204,1.3297182426988083,0.22327594238787496,0.07445089234963595,0.8988820847482444,0.0,0.0,0.0,20.050904058588024,1.0926328691316607,0.022494887525562373,0.10429447852760736,0,195.60000000000002,979,1.1325086139018916,0.40759781966682385,0.024125452352231624,829,2.3925774040113676,1.4663907609736844,0.10132689987937271,829,0.0856453558504222,0.08926417370325694,0.8950542822677925,0.9987937273823885,1.2655427952766864,0.22499946602654217,,811,,S4_iid,R2A
R2,A,0.0,0.0,2,high,30.0,18,range_s_P0,ekf,,0.3779348196641298,0.44411160315957915,0.44298382570598904,1.1731326291484288,0.41172498506858524,0.5564051893964583,1.1354436042474738,0.0,0.0,0.0,22.0014280673403,1.172341074044499,0.02044989775051125,0.09815950920245399,0,195.60000000000002,979,1.2101015078135378,0.4473132717272425,0.020506634499396825,829,2.5433116562027065,1.5626599670481964,0.09650180940892639,829,0.0,0.23522316043425814,0.6839565741857659,0.9481302774427021,1.1718502715878663,0.41540431627065033,,811,,S4_iid,R2A
R2,A,0.0,0.0,2,high,30.0,19,range_s_P0,ekf,,0.20352590370182097,0.22693654359924892,0.10154624776497699,1.677507457837557,0.3067441475423675,0.5850912857787594,0.8634138204834825,0.0,0.0,0.0,4.38414791049516,1.201571257355809,0.018404907975460124,0.08895705521472393,0,195.60000000000002,979,1.1290568327679935,0.38024579123408464,0.016887816646562137,829,2.4312065923025483,1.5455014425991636,0.09167671893848006,829,0.0,0.04342581423401689,0.8962605548854041,0.9927623642943305,1.650374573725826,0.3099250932579962,,811,,S4_iid,R2A
R2,A,0.0,0.0,2,high,30.0,20,range_s_P0,ekf,,0.34129253867423026,0.4026571341661689,0.4835717060865628,2.4875149016101417,0.5304008645550197,0.4156931264077789,0.9508344867976948,0.0,0.0,0.0,31.5572694637053,1.0866445688486008,0.02044989775051125,0.10020449897750511,0,195.60000000000002,979,1.0638944562158528,0.4232712873204056,0.018094089264173663,829,2.4184048215727376,1.522247988684884,0.10012062726176119,829,0.0,0.6562123039806996,0.1881785283474065,0.6803377563329313,2.4873606912721757,0.5360510289143113,,811,,S4_iid,R2A
R2,A,0.0,0.0,2,high,30.0,21,range_s_P0,ekf,,0.842338487806356,0.9092836440532692,0.8703843511604182,3.025439454124111,0.6068787317493232,0.2591599346803844,1.7108621173139409,0.0,0.0,0.0,26.671318991404025,1.2802434281315598,0.02147239263803681,0.10736196319018405,0,195.60000000000002,979,1.3053902477944865,0.43235105676718233,0.021712907117008462,829,2.3630243289053205,1.4340986107119593,0.10615199034981904,829,0.0,0.617611580217129,0.28468033775633295,0.503015681544029,3.009295403665577,0.6132184726383136,,811,,S4_iid,R2A
R2,A,0.0,0.0,2,high,30.0,22,range_s_P0,ekf,,0.7574920319005092,0.8251421473007269,0.857269726338556,1.9068241439066427,0.488417868365129,0.7298706827745591,0.5462024425797716,0.0,0.0,0.0,14.988447562377816,1.3453962779119006,0.02556237218813906,0.10122699386503067,0,195.60000000000002,979,1.2830447041965454,0.41102415053281544,0.026537997587454787,829,2.604398633453806,1.6030681656894596,0.10373944511459587,829,0.0,0.29794933655006034,0.6682750301568154,0.9843184559710495,1.905949993282933,0.49361439916013566,,811,,S4_iid,R2A
R2,A,0.0,0.0,2,high,30.0,23,range_s_P0,ekf,,0.6050172110692638,0.6719212682902866,0.6550037743990007,1.9499664721543473,0.4561772517546584,0.5045748468795158,0.6381991259118547,0.0,0.0,0.0,32.109098744335114,0.9117580192055219,0.018404907975460124,0.0950920245398773,0,195.60000000000002,979,0.9679320450632996,0.422261255569254,0.0193003618817853,829,2.360948989902477,1.5596647162596167,0.08685162846803374,829,0.0,0.27020506634499397,0.6743063932448733,0.9638118214716526,1.958044427649401,0.46105014137038935,,811,,S4_iid,R2A
R2,A,0.0,0.0,2,high,30.0,24,range_s_P0,ekf,,0.6870867684648047,0.7485600333083999,0.694504478882278,1.396245881552191,0.5239827131348471,0.30700726648328636,0.6504192104535852,0.0,0.0,0.0,12.872239639729003,1.2794548074941572,0.023517382413087935,0.10531697341513292,0,195.60000000000002,979,1.2630254996211745,0.39846156542261,0.021712907117008462,829,2.4573668856254467,1.5100483029062466,0.10373944511459587,829,0.0,0.4149577804583836,0.47285886610373945,1.0,1.38909386925935,0.5290566146088166,,811,,S4_iid,R2A
R2,A,0.0,0.0,2,high,30.0,25,range_s_P0,ekf,,0.48683842441013286,0.5531465895268536,0.5845959618820956,3.194259336105253,0.3122097014926354,0.31618403087566,2.1179067141076016,0.0,0.0,0.0,44.03332968154701,0.9959977917632308,0.016359918200409,0.10633946830265849,0,195.60000000000002,979,1.0851949734526383,0.42974612781542065,0.018094089264173663,829,2.4722882150410785,1.5642046490092587,0.10494571773220751,829,0.0,0.6682750301568154,0.18576598311218334,0.33896260554885405,3.1930627919438415,0.31553270733791,,811,,S4_iid,R2A
R2,A,0.0,0.0,2,high,30.0,26,range_s_P0,ekf,,0.2535902751139358,0.3182450740366427,0.4132427068031763,1.364029680561499,0.38046217588687586,1.1000995805752378,1.2064487271684117,0.0,0.0,0.0,6.6317775721876515,1.3060024652405169,0.024539877300613498,0.08997955010224949,0,195.60000000000002,979,1.2304659058377885,0.3730266377256898,0.024125452352231624,829,2.3181485839580764,1.5567081971450232,0.08443908323281057,829,0.0,0.16284680337756333,0.781664656212304,0.9179734620024126,1.375455376799079,0.3838724378322825,,811,,S4_iid,R2A
R2,A,0.0,0.0,2,high,30.0,27,range_s_P0,ekf,,0.7957504706946582,0.8475549158036061,0.7684825492532668,3.537847654220023,0.6336223884629343,0.9626638508551814,0.6008405657791985,0.0,0.0,0.0,21.18547647465765,1.0251506551729548,0.02044989775051125,0.12065439672801637,0,195.60000000000002,979,1.0537752056336662,0.37187459872067274,0.020506634499396825,829,2.4647717191294474,1.4281996338983023,0.11338962605548852,829,0.0,0.8781664656212304,0.08202653799758745,0.6405307599517491,3.5716854504566378,0.6403932236473582,,811,,S4_iid,R2A
R2,A,0.0,0.0,2,high,30.0,28,range_s_P0,ekf,,0.6024827886379124,0.6644828312668485,0.5640812625418824,2.2393227249600067,0.5947948087913426,0.5794380202947187,0.20318403818683078,0.0,0.0,0.0,43.86361045447078,1.3304406044252879,0.022494887525562373,0.0950920245398773,0,195.60000000000002,979,1.4196784994257345,0.4152325000120643,0.024125452352231624,829,2.461831929015671,1.561948591724291,0.09650180940892639,829,0.0,0.7008443908323281,0.2255729794933655,0.8226779252110977,2.259593184950421,0.6013328237043928,,811,,S4_iid,R2A
R2,A,0.0,0.0,2,high,30.0,29,range_s_P0,ekf,,0.5856152451105139,0.6448319154087383,0.594459497010346,1.5757761598018067,0.3854497979933189,0.48232867729521606,0.7862805009363413,0.0,0.0,0.0,28.174221335940953,1.2317589178871382,0.019427402862985686,0.10429447852760736,0,195.60000000000002,979,1.2007805706307988,0.42864146695079924,0.0193003618817853,829,2.537469224038042,1.5850837624287117,0.10132689987937271,829,0.0,0.23522316043425814,0.6634499396863691,0.9674306393244874,1.4663572958598012,0.3895563351865526,,811,,S4_iid,R2A
R2,A,0.0,0.0,2,high,30.0,30,range_s_P0,ekf,,0.3787603400304181,0.441882065775537,0.40994492741407285,1.982780639937552,0.5499341329296206,0.5409769472059857,0.2829871599572002,0.0,0.0,0.0,10.546073645918453,1.3716756803363321,0.028629856850715747,0.09202453987730061,0,195.60000000000002,979,1.3669568348477712,0.3755981603176012,0.02895054282267795,829,2.480977881374575,1.606063431597866,0.0928829915560917,829,0.0,0.5995174909529554,0.2991556091676719,0.8745476477683957,1.976344189558224,0.5549548225710293,,811,,S4_iid,R2A
R2,A,0.0,0.0,2,high,30.0,31,range_s_P0,ekf,,0.5970919246731872,0.6638542144093732,0.6133056603893494,2.001398126405818,0.5961287578903494,0.44554741472493964,0.9222379265070367,0.0,0.0,0.0,16.399192815949867,1.2226440457839305,0.02556237218813906,0.09611451942740286,0,195.60000000000002,979,1.2860322901474894,0.44390667067919526,0.026537997587454787,829,2.3312542458747854,1.4825588008714217,0.09770808202653802,829,0.0,0.8202653799758746,0.07478890229191798,0.9541616405307599,1.9301080978292224,0.599988332524828,,811,,S4_iid,R2A
R2,A,0.0,0.0,2,high,30.0,32,range_s_P0,ekf,,0.2704221448137885,0.320762260572375,0.36413145698287025,2.990268631518782,0.28983849525718,0.9458603112605904,1.5391768460781652,0.0,0.0,0.0,9.69631279487925,1.1091038272406455,0.012269938650306749,0.11451942740286299,0,195.60000000000002,979,1.1701018392591855,0.4722674577107075,0.010856453558504175,829,2.6751216537458693,1.553907680473383,0.11700844390832332,829,0.0,0.4897466827503016,0.44028950542822676,0.5585042219541616,2.9566162533048357,0.29250200992929887,,811,,S4_iid,R2A
R2,A,0.0,0.0,2,high,30.0,33,range_s_P0,ekf,,0.671226604909984,0.737951353829187,0.8085704417831034,3.4367073298774273,0.6671592661620788,1.1969854131126179,1.5927911368249454,0.0,0.0,0.0,21.44799069700429,0.9928280467742309,0.019427402862985686,0.10633946830265849,0,195.60000000000002,979,0.9572177476771673,0.3968690565829361,0.020506634499396825,829,2.474289151037132,1.5384488211059644,0.09891435464414955,829,0.0,0.8371531966224367,0.15560916767189384,0.4957780458383595,3.4531525597867616,0.674330201519433,,811,,S4_iid,R2A
R2,A,0.0,0.0,2,high,30.0,34,range_s_P0,ekf,,0.05598656931050801,0.11890232048924983,0.14796597791020863,4.344509086457965,0.24566410677880227,2.77111397751308,2.537056205188078,0.0,0.0,0.0,13.768992224013246,1.1224223569171154,0.022494887525562373,0.09202453987730061,0,195.60000000000002,979,1.1375379304688849,0.40728753932773337,0.022919179734619988,829,2.297640997108024,1.481030881241784,0.0892641737032569,829,0.0,0.5971049457177322,0.3232810615199035,0.2677925211097708,4.367628678431288,0.24824893206652263,,811,,S4_iid,R2A
R2,A,0.0,0.0,2,high,30.0,35,range_s_P0,ekf,,0.5907936111757309,0.6553447051865624,0.567446934172967,1.0885639196266448,0.5180165169579218,0.21248469544633378,0.6007206076107945,0.0,0.0,0.0,38.64962340230962,0.8871364494487819,0.017382413087934562,0.09611451942740286,0,195.60000000000002,979,0.8141904621838114,0.3588794330354632,0.0156815440289505,829,2.355043179493553,1.4550113590643314,0.09770808202653802,829,0.0,0.47165259348612787,0.4752714113389626,1.0,1.0741348608680394,0.5230070639566529,,811,,S4_iid,R2A
R2,A,0.0,0.0,2,high,30.0,36,range_s_P0,ekf,,0.800692075847908,0.8687663494435416,0.7628071709569086,2.502488181347587,0.529889791942699,0.0775851847246699,1.311982351865758,0.0,0.0,0.0,14.94812577787453,0.8027387896324573,0.013292433537832311,0.08997955010224949,0,195.60000000000002,979,0.8323018655657356,0.38810224018066586,0.013268998793727338,829,2.2273636078275065,1.4417508399561856,0.09167671893848006,829,0.0,0.43546441495778043,0.4149577804583836,0.738238841978287,2.481427790907241,0.5351213782715213,,811,,S4_iid,R2A
R2,A,0.0,0.0,2,high,30.0,37,range_s_P0,ekf,,0.20176755845289698,0.2561858641542971,0.267675047642879,3.9460583497801855,0.29534454157212225,2.168683489315693,2.1266452204967696,0.0,0.0,0.0,10.936973344622562,0.7986325569809807,0.017382413087934562,0.10429447852760736,0,195.60000000000002,979,0.8450009818021716,0.40006503182953557,0.0193003618817853,829,2.42793247099583,1.508062896264003,0.10373944511459587,829,0.008443908323281062,0.5006031363088058,0.45476477683956573,0.330518697225573,3.9690581494835913,0.2983747504823963,,811,,S4_iid,R2A
R2,A,0.0,0.0,2,high,30.0,38,range_s_P0,ekf,,0.19843608202208948,0.13870442859800264,0.08325387290888378,1.0926767973551221,0.28875375665352426,1.2604724127513762,1.1588518670363845,0.0,0.0,0.0,5.725854888664734,1.170767886636369,0.022494887525562373,0.08895705521472393,0,195.60000000000002,979,1.228253619219309,0.4164082325900838,0.022919179734619988,829,2.37494017511168,1.6570602209650738,0.08564535585042221,829,0.0,0.09288299155609167,0.841978287092883,0.9831121833534379,1.0898470464648053,0.29077996830678793,,811,,S4_iid,R2A
R2,A,0.0,0.0,2,high,30.0,39,range_s_P0,ekf,,0.5689784174964049,0.6373327844633461,0.5772325304572231,2.652037866268119,0.6689855218731039,0.07967908501879453,1.319648146753575,0.0,0.0,0.0,19.056818607124402,1.2535691195428842,0.022494887525562373,0.10122699386503067,0,195.60000000000002,979,1.3754981859127993,0.3739706753702963,0.02533172496984315,829,2.420740670189703,1.5070784468043952,0.09529553679131486,829,0.0,0.8455971049457177,0.13630880579010857,0.6718938480096501,2.6570584696296815,0.6757434431615749,,811,,S4_iid,R2A
R2,A,0.0,0.0,2,high,30.0,40,range_s_P0,ekf,,0.4218309283352106,0.47508516647035504,0.5100803162566491,2.3417234616877773,0.5582077429434974,0.02303778137055533,1.0460572139822695,0.0,0.0,0.0,160.53252267254115,1.3848402757884166,0.02147239263803681,0.09406952965235174,0,195.60000000000002,979,1.341093215249741,0.4105566864924036,0.021712907117008462,829,2.409307652224512,1.4499059416854079,0.0928829915560917,829,0.0,0.6019300361881785,0.2388419782870929,0.8226779252110977,2.3045174799467603,0.5634541487844491,,811,,S4_iid,R2A
R2,A,0.0,0.0,2,high,30.0,41,range_s_P0,ekf,,0.42118895572145154,0.48087508909357923,0.43649731091757993,1.652626742248522,0.3316158970652897,0.04603847350775477,1.259009938036435,0.0,0.0,0.0,26.53054522785033,1.2521545457449537,0.022494887525562373,0.07157464212678936,0,195.60000000000002,979,1.2211773986708316,0.39973373049421984,0.022919179734619988,829,2.124705862600725,1.4431955268917562,0.07117008443908324,829,0.0,0.3474065138721351,0.6393244873341375,0.9794933655006032,1.5587035262775393,0.33437245511789293,,811,,S4_iid,R2A
R2,A,0.0,0.0,2,high,30.0,42,range_s_P0,ekf,,0.04663319020220052,0.02210683583604545,0.20046285377588424,6.014719770560512,0.5826883963230034,2.340763648827299,2.8426824433202427,0.0,0.05186972255729795,0.0,31.982407143211955,1.2285993442927565,0.02147239263803681,0.10122699386503067,0,195.60000000000002,979,1.2301946244101287,0.5329130535472166,0.022919179734619988,829,2.3853297411569625,1.4787808617409106,0.10132689987937271,829,0.0,0.9336550060313631,0.027744270205066344,0.03618817852834741,6.03585978846994,0.5888722708833153,,811,,S4_iid,R2A
R2,A,0.0,0.0,2,high,30.0,43,range_s_P0,ekf,,0.44403044578412176,0.5100274614695125,0.5305739431717458,3.5321083025297972,0.5583070198426826,0.23289215553611725,1.0924767596354554,0.0,0.0,0.0,56.1650619809329,1.3023531455469155,0.02147239263803681,0.10429447852760736,0,195.60000000000002,979,1.3716820559539047,0.45317961803854045,0.022919179734619988,829,2.5444532180091564,1.5419882075056992,0.1085645355850422,829,0.0,0.7008443908323281,0.16887816646562123,0.44632086851628466,3.40997332791402,0.5626065011092704,,811,,S4_iid,R2A
R2,A,0.0,0.0,2,high,30.0,44,range_s_P0,ekf,,0.7358011618738887,0.7877472703368299,0.9483827990769095,2.0142086647371413,0.5217045449553207,0.1833163228189431,1.4367141347585322,0.0,0.0,0.0,21.2512826938792,1.5551514750865572,0.034764826175869123,0.10429447852760736,0,195.60000000000002,979,1.4858436415599101,0.44809155165113684,0.03256936067551264,829,2.6319116890917544,1.611251221781476,0.1085645355850422,829,0.0,0.3353437876960193,0.5404101326899879,0.7949336550060314,1.9752194028614243,0.526305103432467,,811,,S4_iid,R2A
R2,A,0.0,0.0,2,high,30.0,45,range_s_P0,ekf,,0.21486745163339424,0.24826073697430268,0.11680262775642455,1.7353435414034495,0.1639484406540678,0.16675724980963538,0.7816057340385875,0.0,0.0,0.0,2.558079165281447,1.161029339489588,0.018404907975460124,0.10224948875255624,0,195.60000000000002,979,1.1545088121552998,0.3683937612470571,0.016887816646562137,829,2.4230514184288126,1.5584499814126758,0.09770808202653802,829,0.07840772014475271,0.021712907117008445,0.9613992762364294,0.9529553679131484,1.613794087276084,0.16084055670744013,,811,,S4_iid,R2A
R2,A,0.0,0.0,2,high,30.0,46,range_s_P0,ekf,,0.0832263229460568,0.09021602743700072,0.030392880927857743,6.650867466895454,0.6336218699432581,1.5526001317013813,2.821115172483531,0.0,0.15681544028950542,0.0,48.62837023009887,1.2814564477217611,0.02147239263803681,0.1165644171779141,0,195.60000000000002,979,1.2732394695222728,0.507577418581859,0.020506634499396825,829,2.5722088736921744,1.4762991565912085,0.11700844390832332,829,0.0,0.9589867310012062,0.030156815440289506,0.0036188178528347406,6.674038702902637,0.6401112937555263,,811,,S4_iid,R2A
R2,A,0.0,0.0,2,high,30.0,47,range_s_P0,ekf,,0.5740793843754489,0.6421547387127331,0.6271383733852308,2.044183040609231,0.48736016413915995,0.014410389694008995,0.79650391583884,0.0,0.0,0.0,28.816398303818374,1.2303910493656953,0.02556237218813906,0.0950920245398773,0,195.60000000000002,979,1.3264315864563145,0.40725626779292035,0.027744270205066313,829,2.3712281357314855,1.5536554047521518,0.09167671893848006,829,0.0,0.28468033775633295,0.5585042219541616,0.8685162846803377,2.0633474658566087,0.49261441852116605,,811,,S4_iid,R2A
R2,A,0.0,0.0,2,high,30.0,48,range_s_P0,ekf,,0.6742807911488546,0.7411419629539104,0.8309078620671678,2.8113892608925726,0.5721525418021056,1.1558344513401433,0.4880809372941554,0.0,0.0,0.0,18.725717332214366,0.8425202184275928,0.017382413087934562,0.11758691206543967,0,195.60000000000002,979,0.7223070444802778,0.4005802464146692,0.0156815440289505,829,2.625229507331373,1.5530660591130805,0.11580217129071169,829,0.0,0.5283474065138721,0.4077201447527141,0.7406513872135102,2.8222735336257627,0.5781931570048312,,811,,S4_iid,R2A
R2,A,0.0,0.0,2,high,30.0,49,range_s_P0,ekf,,0.3083060609992367,0.375807201450444,0.2450878231104072,1.6220605291097356,0.3030524212460661,0.7949085155938357,1.0741773258674514,0.0,0.0,0.0,4.562956002453767,1.1130979316875382,0.02147239263803681,0.09918200408997956,0,195.60000000000002,979,1.049890946348017,0.37240543535944454,0.0193003618817853,829,2.4064335512212955,1.4857781162055301,0.10012062726176119,829,0.0,0.07720144752714113,0.850422195416164,0.9686369119420989,1.6259693912498467,0.30618804904586566,,811,,S4_iid,R2A
R2,A,0.0,0.0,0,low,30.0,0,range_s_P0,ekf,,0.2967861134290902,0.23097316476443583,0.17787329712199634,1.2751735672616071,0.21697530567968837,0.34273112036258474,0.5672217223350249,0.0,0.0,0.0,3.043786968064642,1.5767583341080595,0.02965235173824131,0.0869120654396728,0,195.60000000000002,979,1.564226430183395,0.38435927950221177,0.02533172496984315,829,2.314802077369579,1.5211487988757337,0.0892641737032569,829,0.039806996381182146,0.06393244873341375,0.9119420989143546,1.0,1.250954866765008,0.21901027515480878,,811,,S5_iid0,R2A
R2,A,0.0,0.0,0,low,30.0,1,range_s_P0,ekf,,0.22148245934009225,0.15423468861332137,0.13823135808087506,1.2512655139838091,0.22385097258021883,0.5773267882856958,0.7046475519874639,0.0,0.0,0.0,3.0698903407672433,1.12457052499031,0.016359918200409,0.11554192229038855,0,195.60000000000002,979,1.1183360993515554,0.3953139688939506,0.018094089264173663,829,2.6681193574533557,1.5894359802317437,0.11942098914354649,829,0.018094089264173704,0.027744270205066344,0.9469240048250904,1.0,1.2588149077727924,0.22590213106732987,,811,,S5_iid0,R2A
R2,A,0.0,0.0,0,low,30.0,2,range_s_P0,ekf,,0.11318560837000259,0.09320791380823883,0.03763126364538001,1.4570196748747957,0.1869823221304029,0.7660878474553102,0.4660899876702682,0.0,0.0,0.0,2.4468979876753854,0.9452503231234372,0.015337423312883436,0.11451942740286299,0,195.60000000000002,979,0.9330824143459479,0.39737598113257094,0.0156815440289505,829,2.427542803857288,1.4490274898363842,0.11338962605548852,829,0.04825090470446321,0.024125452352231604,0.9565741857659831,1.0,1.471570788632379,0.18878731738526663,,811,,S5_iid0,R2A
R2,A,0.0,0.0,0,low,30.0,3,range_s_P0,ekf,,0.1817909988082119,0.1434827179370751,0.061275576096848,2.1572142251732305,0.4961323774209604,0.7835661252513182,0.6851677544905758,0.0,0.0,0.0,5.780289797762936,0.9269930741195834,0.018404907975460124,0.08486707566462168,0,195.60000000000002,979,0.8531190112301635,0.3898735572458185,0.0193003618817853,829,2.2564430785380325,1.4824445970976263,0.08805790108564537,829,0.019300361881785282,0.10735826296743065,0.8118214716525934,1.0,2.1362221073259904,0.49964534308601144,,811,,S5_iid0,R2A
R2,A,0.0,0.0,0,low,30.0,4,range_s_P0,ekf,,0.10505682186492114,0.16512726446176523,0.1699016387336351,1.9525100973372436,0.2677702116718042,0.8984566254485431,1.0903640593547415,0.0,0.0,0.0,3.7418760309070915,1.3371361098681251,0.02147239263803681,0.09815950920245399,0,195.60000000000002,979,1.5110309614750408,0.4193416353922574,0.02533172496984315,829,2.4568473763905865,1.5016023328630606,0.09529553679131486,829,0.0036188178528347406,0.05669481302774427,0.9047044632086851,1.0,1.973952491638493,0.2705207175436235,,811,,S5_iid0,R2A
R2,A,0.0,0.0,0,low,30.0,5,range_s_P0,ekf,,0.1764171124956602,0.15007333444027207,0.048686670761954376,1.0024367917210273,0.22540512481777394,0.22241456168800736,0.8715286642793351,0.0,0.0,0.0,2.8431934162656565,1.2766829559073545,0.022494887525562373,0.09406952965235174,0,195.60000000000002,979,1.3135340538820122,0.38441930021836623,0.02533172496984315,829,2.331497119367246,1.584071409153923,0.09047044632086854,829,0.022919179734620022,0.03498190591073583,0.9541616405307599,1.0,1.0133129243642867,0.22784350036643872,,811,,S5_iid0,R2A
R2,A,0.0,0.0,0,low,30.0,6,range_s_P0,ekf,,0.39498808921963807,0.32671935184743967,0.12146984923596935,1.598519190881231,0.2728328685406465,0.3816844655542452,0.5666674322288809,0.0,0.0,0.0,2.7373260246300397,1.0192290468030307,0.019427402862985686,0.0869120654396728,0,195.60000000000002,979,0.9200436642075555,0.3832406288860986,0.0193003618817853,829,2.3097570676649566,1.5132705091943257,0.08805790108564537,829,0.0024125452352231603,0.019300361881785282,0.9613992762364294,1.0,1.5986525090034052,0.2756532310907034,,811,,S5_iid0,R2A
R2,A,0.0,0.0,0,low,30.0,7,range_s_P0,ekf,,0.18912127504761092,0.17092930133356424,0.04072237481978419,1.5699130318789636,0.1966306163815261,0.4310686602663309,0.6101278719130231,0.0,0.0,0.0,1.7620648849294183,1.1494584206295704,0.02556237218813906,0.0950920245398773,0,195.60000000000002,979,1.2246719140026292,0.4119292827256015,0.026537997587454787,829,2.3816155316000014,1.4076449012448233,0.09891435464414955,829,0.014475271411338963,0.0,0.9987937273823885,1.0,1.5811436802582093,0.19866240431952772,,811,,S5_iid0,R2A
R2,A,0.0,0.0,0,low,30.0,8,range_s_P0,ekf,,0.07027594600983492,0.06441461075180568,0.05074231540767378,1.9148550158089108,0.24732703981782603,0.26257436990750044,1.7304357461021265,0.0,0.0,0.0,4.086580833818767,0.7896625170506695,0.009202453987730062,0.09611451942740286,0,195.60000000000002,979,0.8635107611724601,0.36113726372627925,0.010856453558504175,829,2.3319344882088124,1.4604575957143513,0.09408926417370322,829,0.0,0.05186972255729795,0.9155609167671894,0.8781664656212304,1.9338889722072212,0.2493595849395146,,811,,S5_iid0,R2A
R2,A,0.0,0.0,0,low,30.0,9,range_s_P0,ekf,,0.0863193191502698,0.0890865079239331,0.03929634164075683,2.250630584735472,0.29598520586060123,0.5399300731648133,0.5906930501692709,0.0,0.0,0.0,2.644557308557794,1.1506113642957037,0.017382413087934562,0.0950920245398773,0,195.60000000000002,979,1.073225495351682,0.4155951746311386,0.014475271411338975,829,2.372119838235188,1.5452466617144391,0.09167671893848006,829,0.0,0.022919179734620022,0.9638118214716526,0.9843184559710495,2.268315094473343,0.29858200767431364,,811,,S5_iid0,R2A
R2,A,0.0,0.0,0,low,30.0,10,range_s_P0,ekf,,0.08562445872751746,0.11279806257368077,0.047509684063301916,0.47425169797463546,0.33492886369024893,1.006335642825189,0.38403160785058127,0.0,0.0,0.0,3.942148896548623,0.9630491271255793,0.014314928425357873,0.10020449897750511,0,195.60000000000002,979,1.0455848292574303,0.3771308595160492,0.014475271411338975,829,2.473969412607158,1.570791797762867,0.09650180940892639,829,0.0,0.07478890229191798,0.8974668275030157,1.0,0.4636089929136113,0.3374419380328481,,811,,S5_iid0,R2A
R2,A,0.0,0.0,0,low,30.0,11,range_s_P0,ekf,,0.29402377536656227,0.23459820099789605,0.19531776635012904,2.0124467785675595,0.2868875689654834,1.0337808202791712,1.4416007803486175,0.0,0.0,0.0,4.952319167696121,0.9752767041517394,0.02147239263803681,0.12269938650306748,0,195.60000000000002,979,0.9461509280874342,0.36722086729466225,0.0193003618817853,829,2.6601048821050166,1.4495355026272914,0.12183353437876965,829,0.0,0.10735826296743065,0.850422195416164,0.9987937273823885,1.9881728673603096,0.2897472754850569,,811,,S5_iid0,R2A
R2,A,0.0,0.0,0,low,30.0,12,range_s_P0,ekf,,0.2743991846574988,0.2240859119634715,0.04182431441075288,1.600851614606361,0.19181106548745636,0.388072012466895,0.7424776928725496,0.0,0.0,0.0,3.2484742555353403,1.3846052020607333,0.023517382413087935,0.10736196319018405,0,195.60000000000002,979,1.2822331449078281,0.39589481697212864,0.020506634499396825,829,2.5988212970385627,1.5593487744151089,0.11459589867310016,829,0.0036188178528347406,0.019300361881785282,0.9601930036188179,1.0,1.6184087192324423,0.1927424639908929,,811,,S5_iid0,R2A
R2,A,0.0,0.0,0,low,30.0,13,range_s_P0,ekf,,0.02570267072262726,0.043089959202091375,0.09908901357626028,1.8578487835554574,0.42585620048866174,0.542056675776936,0.6037019141227882,0.0,0.0,0.0,4.541006371110372,1.320513692760136,0.023517382413087935,0.07975460122699386,0,195.60000000000002,979,1.3354940479245527,0.4010939904641561,0.024125452352231624,829,2.2804628174988766,1.5109229346437327,0.08443908323281057,829,0.0,0.061519903498190594,0.902291917973462,1.0,1.8276305460353666,0.42722175533804263,,811,,S5_iid0,R2A
R2,A,0.0,0.0,0,low,30.0,14,range_s_P0,ekf,,0.11603245488766806,0.05208967545752876,0.05410183588955355,1.2175490327897531,0.36277689867832896,0.3121756314177666,0.49280139777796317,0.0,0.0,0.0,4.252666429291221,1.1912370603611226,0.022494887525562373,0.10429447852760736,0,195.60000000000002,979,1.1111510790554975,0.3854024652152743,0.021712907117008462,829,2.6558203147211783,1.5991775264602375,0.11459589867310016,829,0.0,0.04221954161640531,0.9191797346200241,1.0,1.192893285223354,0.36547248724677783,,811,,S5_iid0,R2A
R2,A,0.0,0.0,0,low,30.0,15,range_s_P0,ekf,,0.019058157696623897,0.08741528824887282,0.09206080221388256,1.430206287158797,0.29344782712161205,0.009516946162468945,1.0030822861785793,0.0,0.0,0.0,4.8743584206874875,1.133510172676992,0.017382413087934562,0.10224948875255624,0,195.60000000000002,979,0.9868376746320953,0.3981259527447762,0.0156815440289505,829,2.3799913536217967,1.4124480411199685,0.10373944511459587,829,0.0,0.1411338962605549,0.8178528347406514,1.0,1.4274986234977876,0.2951912770363641,,811,,S5_iid0,R2A
R2,A,0.0,0.0,0,low,30.0,16,range_s_P0,ekf,,0.1752184341133806,0.156033865091112,0.04974490884562233,2.032165516600941,0.3353076495184383,0.14226132471951927,0.6175318798911453,0.0,0.0,0.0,3.4541189478946155,1.1079282405614614,0.02556237218813906,0.09304703476482618,0,195.60000000000002,979,1.0415802883274767,0.40410117246507604,0.022919179734619988,829,2.3309033332972477,1.5392150178668418,0.0928829915560917,829,0.0,0.027744270205066344,0.9469240048250904,1.0,2.0251959869074216,0.33743930652489346,,811,,S5_iid0,R2A
R2,A,0.0,0.0,0,low,30.0,17,range_s_P0,ekf,,0.371614167894961,0.3119896173952123,0.1169695495489065,1.7004379032960633,0.578807299378777,0.07737345466895745,1.181258388666945,0.0,0.0,0.0,12.328347141504855,0.9029574850452118,0.016359918200409,0.08895705521472393,0,195.60000000000002,979,0.9089606923582351,0.40548059865549796,0.0156815440289505,829,2.448227222020391,1.621852389867419,0.08685162846803374,829,0.0,0.5850422195416164,0.24246079613992763,0.9638118214716526,1.5732419609307424,0.579646148114077,,811,,S5_iid0,R2A
R2,A,0.0,0.0,0,low,30.0,18,range_s_P0,ekf,,0.19645628304650287,0.1864349841403684,0.043138205999950344,0.5556589381575104,0.20227138709023568,0.7476683554934409,0.4136408121042955,0.0,0.0,0.0,2.5044750637728823,1.0685445462355543,0.019427402862985686,0.11042944785276074,0,195.60000000000002,979,0.970400272482216,0.40027342402261,0.016887816646562137,829,2.5599729019501516,1.5280589799780615,0.11338962605548852,829,0.033775633293124246,0.020506634499396863,0.9541616405307599,1.0,0.5581143921722618,0.20412653167000283,,811,,S5_iid0,R2A
R2,A,0.0,0.0,0,low,30.0,19,range_s_P0,ekf,,0.19568587305215154,0.2027007559862944,0.053050723009473354,1.2640161272632306,0.20361014439035083,0.03481329002701716,0.4588579028022367,0.0,0.0,0.0,2.701913105556995,0.8699214346435523,0.019427402862985686,0.12576687116564417,0,195.60000000000002,979,0.8478780434046087,0.3782567401508297,0.0193003618817853,829,2.727335029296073,1.5253482526188755,0.12062726176115801,829,0.006031363088057901,0.021712907117008445,0.9638118214716526,1.0,1.2577127346407349,0.20344474326589104,,811,,S5_iid0,R2A
R2,A,0.0,0.0,0,low,30.0,20,range_s_P0,ekf,,0.3512578522136247,0.2889473748353754,0.2078447689873707,1.729522476532178,0.19187904561101943,0.5622575424996388,0.6061677400352591,0.0,0.0,0.0,4.150578540281762,0.8808357970436917,0.014314928425357873,0.1032719836400818,0,195.60000000000002,979,0.7979309258138266,0.37121790407130467,0.013268998793727338,829,2.6077379207666986,1.566616313486198,0.112183353437877,829,0.0,0.1097708082026538,0.8528347406513872,1.0,1.7322494951356935,0.1917850733856663,,811,,S5_iid0,R2A
R2,A,0.0,0.0,0,low,30.0,21,range_s_P0,ekf,,0.13583801457322608,0.10322995958363636,0.08601667881450598,1.197640528879946,0.14464638517226144,0.6566014427208251,0.3123833763067108,0.0,0.0,0.0,2.0558892261276953,1.1274650194256388,0.02044989775051125,0.11042944785276074,0,195.60000000000002,979,1.128625705656608,0.39411346206904024,0.0193003618817853,829,2.55117417104034,1.5306004231050507,0.11580217129071169,829,0.04101326899879373,0.012062726176115802,0.9819059107358263,1.0,1.210548147924512,0.1449629126357469,,811,,S5_iid0,R2A
R2,A,0.0,0.0,0,low,30.0,22,range_s_P0,ekf,,0.270634967516233,0.2114870934420711,0.1647687086538418,3.0074677199286133,0.7227391127575767,0.3074089673134041,0.7978242332700936,0.0,0.0,0.0,14.527695214114964,1.1692446897502484,0.02147239263803681,0.10940695296523517,0,195.60000000000002,979,1.209275298961902,0.3918463585217018,0.022919179734619988,829,2.3819289342215524,1.4239721962499294,0.10977080820265384,829,0.0,0.8468033775633294,0.09891435464414958,0.8407720144752714,2.9077245421322213,0.7267362737685151,,811,,S5_iid0,R2A
R2,A,0.0,0.0,0,low,30.0,23,range_s_P0,ekf,,0.09870484190556929,0.16706313020651054,0.15176626628414125,1.2259817994947124,0.19223551352895227,0.7251140901021865,0.5924252173589665,0.0,0.0,0.0,2.216987982665194,1.189073656906758,0.023517382413087935,0.1114519427402863,0,195.60000000000002,979,1.1140757580840874,0.440645496246173,0.022919179734619988,829,2.4383049955415346,1.4648935075625766,0.11097708082026536,829,0.0048250904704463205,0.022919179734620022,0.9650180940892642,1.0,1.1942032627064207,0.19350289800514625,,811,,S5_iid0,R2A
R2,A,0.0,0.0,0,low,30.0,24,range_s_P0,ekf,,0.13754385675328415,0.16426621761378504,0.084535181919195,2.690786412179699,0.4217265810798379,0.35262920453614566,0.3162777192701447,0.0,0.0,0.0,3.9977457864267403,1.3255241713588328,0.027607361963190184,0.10224948875255624,0,195.60000000000002,979,1.3318683496643948,0.422750802164106,0.024125452352231624,829,2.4305426598851456,1.4959226732681221,0.09891435464414955,829,0.016887816646562123,0.06513872135102533,0.8926417370325693,0.9589867310012062,2.669038341170476,0.4241177805660831,,811,,S5_iid0,R2A
R2,A,0.0,0.0,0,low,30.0,25,range_s_P0,ekf,,0.07615030413644094,0.08371328401484815,0.10471351818345372,1.3077502179176284,0.26398402447464736,0.7312031373702472,0.8899308479615801,0.0,0.0,0.0,3.0267236963867226,1.454819386518668,0.026584867075664622,0.10020449897750511,0,195.60000000000002,979,1.5109669115350384,0.35905980887302513,0.026537997587454787,829,2.5393432382045145,1.6172990940291432,0.10615199034981904,829,0.0,0.05186972255729795,0.9264173703256936,1.0,1.2969701528120532,0.26638920656683296,,811,,S5_iid0,R2A
R2,A,0.0,0.0,0,low,30.0,26,range_s_P0,ekf,,0.18731375361263905,0.12835153647593853,0.04462625263596996,1.5783384268769143,0.25622741732641846,0.16142492729221594,0.4943486022819659,0.0,0.0,0.0,2.660866025424809,1.1875655914538572,0.018404907975460124,0.09202453987730061,0,195.60000000000002,979,1.2142153363166217,0.4292637355208487,0.020506634499396825,829,2.3740108724261035,1.478926882408946,0.09529553679131486,829,0.012062726176115802,0.024125452352231604,0.9565741857659831,1.0,1.5925680241446551,0.2589846324269477,,811,,S5_iid0,R2A
R2,A,0.0,0.0,0,low,30.0,27,range_s_P0,ekf,,0.4180607769058937,0.40150171361500964,0.0851110338725398,1.995486339463677,0.20746501904972767,0.15278375947938805,1.1949755530563806,0.0,0.0,0.0,2.514402159377919,1.3599598367494516,0.019427402862985686,0.1083844580777096,0,195.60000000000002,979,1.2948795773494208,0.37621131503363014,0.0193003618817853,829,2.4538521741566903,1.5048220105731331,0.10253317249698435,829,0.04101326899879373,0.0024125452352231603,0.9927623642943305,1.0,2.001399739808749,0.209713015588328,,811,,S5_iid0,R2A
R2,A,0.0,0.0,0,low,30.0,28,range_s_P0,ekf,,0.1550468858163928,0.142109644241332,0.05382663863045722,1.4140849135708078,0.19121361697937464,0.990194030328134,0.365863633540727,0.0,0.0,0.0,2.1968815238728365,0.9271195281391743,0.02044989775051125,0.09304703476482618,0,195.60000000000002,979,0.9754064296249898,0.4012980975265221,0.020506634499396825,829,2.282974234958702,1.4989489421824986,0.0928829915560917,829,0.04101326899879373,0.0024125452352231603,0.9782870928829915,1.0,1.4210114877792903,0.19323301833679962,,811,,S5_iid0,R2A
R2,A,0.0,0.0,0,low,30.0,29,range_s_P0,ekf,,0.12035518585621799,0.08146692846249022,0.042207251175189885,1.5045755659893245,0.3241425160582268,0.40316439165092594,0.5836184156269539,0.0,0.0,0.0,3.5223236073214497,1.4502222519979955,0.028629856850715747,0.10020449897750511,0,195.60000000000002,979,1.5028263199556746,0.4115129544629111,0.02895054282267795,829,2.4611772687531626,1.5880220869523871,0.09891435464414955,829,0.0036188178528347406,0.031363088057901084,0.9348612786489746,1.0,1.519398995726006,0.32760046975520013,,811,,S5_iid0,R2A
R2,A,0.0,0.0,0,low,30.0,30,range_s_P0,ekf,,0.24885453492287096,0.18082326006663585,0.21871942585022872,1.3241285997283252,0.11937593975099069,1.201540990641626,0.8500918608561864,0.0,0.0,0.0,2.8662298833383617,1.4584154340120876,0.024539877300613498,0.10736196319018405,0,195.60000000000002,979,1.38498398882863,0.4550866560743389,0.022919179734619988,829,2.508288530164123,1.537789278098288,0.10615199034981904,829,0.06393244873341375,0.04945717732207479,0.9348612786489746,1.0,1.336136154873864,0.11976831532138947,,811,,S5_iid0,R2A
R2,A,0.0,0.0,0,low,30.0,31,range_s_P0,ekf,,0.07052537759618534,0.06232964097246958,0.045907245926106274,1.4830563205914213,0.22874252669215173,0.08614734939090438,1.3363172611854042,0.0,0.0,0.0,3.3536603649191123,0.907209501215846,0.02044989775051125,0.09304703476482618,0,195.60000000000002,979,0.9378981307775216,0.3751639874116146,0.021712907117008462,829,2.4148312067511046,1.5335919256757895,0.09047044632086854,829,0.0,0.03739445114595899,0.9348612786489746,1.0,1.456287039023682,0.23027209783582403,,811,,S5_iid0,R2A
R2,A,0.0,0.0,0,low,30.0,32,range_s_P0,ekf,,0.16848664020939716,0.10149007226618695,0.039324029043673915,1.3395808094025212,0.15499047567734456,0.4336958239014732,0.7018322743629862,0.0,0.0,0.0,1.9349771543674197,1.4891485768521597,0.02044989775051125,0.09100204498977506,0,195.60000000000002,979,1.5857153821024932,0.43232652529798815,0.022919179734619988,829,2.3871034512644322,1.5223631687506018,0.09047044632086854,829,0.03739445114595899,0.006031363088057901,0.985524728588661,1.0,1.3541377547441493,0.15596482665600445,,811,,S5_iid0,R2A
R2,A,0.0,0.0,0,low,30.0,33,range_s_P0,ekf,,0.260588221934257,0.19264952244854455,0.11521654343326816,1.5724913803544904,0.37202718403515134,0.027708343248762778,0.7029069116590785,0.0,0.0,0.0,4.820559678980836,1.0460488690207077,0.016359918200409,0.09304703476482618,0,195.60000000000002,979,1.0743620819755404,0.38361379822588326,0.0156815440289505,829,2.3541043831295334,1.4799014164674806,0.09047044632086854,829,0.0,0.08202653799758745,0.8709288299155609,1.0,1.5739084533389054,0.37572374208041653,,811,,S5_iid0,R2A
R2,A,0.0,0.0,0,low,30.0,34,range_s_P0,ekf,,0.1719796685530041,0.1897152449160808,0.10329716489062904,1.4802181354245008,0.2546416481417372,0.022279664092161314,0.5423083612994074,0.0,0.0,0.0,2.8615157695339213,1.488487419742116,0.027607361963190184,0.10122699386503067,0,195.60000000000002,979,1.3943458673212592,0.4181873428367702,0.026537997587454787,829,2.457459594817746,1.5502353966263156,0.10132689987937271,829,0.0012062726176115801,0.032569360675512665,0.9445114595898673,1.0,1.4499874615591248,0.2564010474036437,,811,,S5_iid0,R2A
R2,A,0.0,0.0,0,low,30.0,35,range_s_P0,ekf,,0.2084030121615484,0.15234369603411566,0.2408361081522352,2.278378301465492,0.4647816967678351,0.6010774495701549,1.1636911975474091,0.0,0.0,0.0,7.328273573148801,1.2331973950499646,0.02556237218813906,0.1083844580777096,0,195.60000000000002,979,1.249250852259008,0.3748968744885004,0.027744270205066313,829,2.5304246040075897,1.5973994132120275,0.10615199034981904,829,0.0,0.2243667068757539,0.6767189384800965,1.0,2.29668503802626,0.4689656909365022,,811,,S5_iid0,R2A
R2,A,0.0,0.0,0,low,30.0,36,range_s_P0,ekf,,0.026683879544600615,0.08009618013158373,0.04741913716582416,1.2744999987411603,0.25733822108070464,0.8886038505993951,0.635441956689548,0.0,0.0,0.0,2.6902070850503406,0.8864928897623413,0.016359918200409,0.08793456032719836,0,195.60000000000002,979,0.9404704620250058,0.4206445395051092,0.016887816646562137,829,2.3393086557032015,1.4782356260514995,0.0892641737032569,829,0.027744270205066344,0.026537997587454766,0.9638118214716526,1.0,1.2885090696710455,0.26014722006706786,,811,,S5_iid0,R2A
R2,A,0.0,0.0,0,low,30.0,37,range_s_P0,ekf,,0.02221262911110253,0.06375898838824416,0.08930199928444173,1.9045266569410366,0.26432301012532017,0.42216206637672443,1.1180783242537848,0.0,0.0,0.0,3.583332311173675,1.005154474167052,0.015337423312883436,0.11042944785276074,0,195.60000000000002,979,1.0161551879873034,0.43371513592345723,0.0156815440289505,829,2.5920403122501816,1.570297824727141,0.10977080820265384,829,0.0,0.05548854041013269,0.9083232810615199,1.0,1.91836351206454,0.26715338126937865,,811,,S5_iid0,R2A
R2,A,0.0,0.0,0,low,30.0,38,range_s_P0,ekf,,0.2691271447514015,0.20089415506002103,0.06944413160444153,1.6172394748069008,0.3905579455479115,0.23421772809216418,0.7349297702010279,0.0,0.0,0.0,4.223483989893947,1.4240362483888036,0.027607361963190184,0.1083844580777096,0,195.60000000000002,979,1.4813301046058593,0.41011772587800027,0.027744270205066313,829,2.4856554626183125,1.5619612234979088,0.10615199034981904,829,0.0,0.030156815440289506,0.9252110977080821,1.0,1.5973730186375676,0.3936268474467905,,811,,S5_iid0,R2A
R2,A,0.0,0.0,0,low,30.0,39,range_s_P0,ekf,,0.07062817981531738,0.1005518959308835,0.05784871800760154,1.672116386381028,0.2395735821837445,0.08433056621615248,0.6539419801232677,0.0,0.0,0.0,2.418991595060681,1.1617082440575153,0.02147239263803681,0.1032719836400818,0,195.60000000000002,979,1.1635844519816465,0.3987681480785973,0.020506634499396825,829,2.422270662806234,1.4320823602861115,0.10615199034981904,829,0.03498190591073583,0.0048250904704463205,0.9903498190591074,1.0,1.687566907551838,0.24206486827528736,,811,,S5_iid0,R2A
R2,A,0.0,0.0,0,low,30.0,40,range_s_P0,ekf,,0.21899461882528612,0.1713206961160217,0.031950343844319676,0.7641659484072248,0.16691329885511405,1.0647615727067634,0.8056840115473227,0.0,0.0,0.0,2.5271302438929593,0.8874501850796453,0.014314928425357873,0.1083844580777096,0,195.60000000000002,979,0.8603158886496216,0.40293700652309355,0.010856453558504175,829,2.7108616158866585,1.5643915987523378,0.112183353437877,829,0.06634499396863691,0.03618817852834741,0.9469240048250904,1.0,0.7673947952021786,0.1685927531785132,,811,,S5_iid0,R2A
R2,A,0.0,0.0,0,low,30.0,41,range_s_P0,ekf,,0.17096159736400063,0.13822627061521336,0.045396420661215804,0.5810636439361807,0.26815735353424086,0.36869174800301996,0.4058475585087621,0.0,0.0,0.0,2.866353615620219,1.150622260359672,0.019427402862985686,0.07975460122699386,0,195.60000000000002,979,1.1992817961529538,0.3956516399853376,0.0193003618817853,829,2.250376216810627,1.5607057601026753,0.07840772014475272,829,0.0,0.021712907117008445,0.9650180940892642,1.0,0.5873371180071281,0.2710230192854183,,811,,S5_iid0,R2A
R2,A,0.0,0.0,0,low,30.0,42,range_s_P0,ekf,,0.25889987386073116,0.20256462671514297,0.028336674943683467,1.3018855766792232,0.2970394630854786,0.38868872522797077,0.6522188926654829,0.0,0.0,0.0,2.999130330456105,1.004049150918046,0.019427402862985686,0.08997955010224949,0,195.60000000000002,979,1.083293442648073,0.3869703525230019,0.021712907117008462,829,2.3900731320372177,1.5207477076609144,0.09408926417370322,829,0.0036188178528347406,0.026537997587454766,0.9589867310012062,1.0,1.313236574852677,0.29985274379475385,,811,,S5_iid0,R2A
R2,A,0.0,0.0,0,low,30.0,43,range_s_P0,ekf,,0.11994521749692509,0.05529853802891367,0.033224716228258205,1.0991399516174378,0.3260036727283475,0.09053699559160436,0.5125155974622276,0.0,0.0,0.0,3.3555389087055723,1.1563900912737928,0.02044989775051125,0.1083844580777096,0,195.60000000000002,979,1.2553148111799748,0.34764670150520466,0.020506634499396825,829,2.5238930055085245,1.5168051411427836,0.10977080820265384,829,0.0012062726176115801,0.015681544028950542,0.962605548854041,1.0,1.089130626794588,0.3270780171754854,,811,,S5_iid0,R2A
R2,A,0.0,0.0,0,low,30.0,44,range_s_P0,ekf,,0.5456246860845716,0.484137637871644,0.13117116327139244,2.0584152714547144,0.2543505400945741,0.029321449853568066,0.8143410290815314,0.0,0.0,0.0,2.8259503318409775,0.9986705352781016,0.02044989775051125,0.07770961145194274,0,195.60000000000002,979,0.8536162894441811,0.3630239970774885,0.018094089264173663,829,2.218884113644958,1.4983117179642598,0.07840772014475272,829,0.0,0.016887816646562123,0.9698431845597105,1.0,2.064415953821885,0.2569943731242489,,811,,S5_iid0,R2A
R2,A,0.0,0.0,0,low,30.0,45,range_s_P0,ekf,,0.2663008958789965,0.26256954995714044,0.03853973065700596,1.72430466383469,0.33691126377974545,0.4441607196693844,0.3363413856078165,0.0,0.0,0.0,2.933999944100378,0.7561351009043925,0.016359918200409,0.10122699386503067,0,195.60000000000002,979,0.7941818518940652,0.3706888096031664,0.018094089264173663,829,2.5491043230816532,1.6476676827186365,0.10012062726176119,829,0.0,0.026537997587454766,0.9457177322074789,1.0,1.7213648482840527,0.33902486279044564,,811,,S5_iid0,R2A
R2,A,0.0,0.0,0,low,30.0,46,range_s_P0,ekf,,0.09952239145567596,0.0859556337204684,0.058074865104455246,1.6146454309468838,0.40305782353913305,1.1183337043419563,0.679968818717776,0.0,0.0,0.0,4.817113086730475,1.1085854499088659,0.02044989775051125,0.09202453987730061,0,195.60000000000002,979,1.112110804991653,0.3611359588860534,0.021712907117008462,829,2.376274316720891,1.4800004545245975,0.09770808202653802,829,0.0,0.05548854041013269,0.879372738238842,1.0,1.5877727409463633,0.40619822543857753,,811,,S5_iid0,R2A
R2,A,0.0,0.0,0,low,30.0,47,range_s_P0,ekf,,0.39845617757507357,0.3492261197081371,0.2738760990456431,1.3446226217362145,0.354251310108204,0.18138615888526916,0.9343741007933631,0.0,0.0,0.0,6.01181960248451,0.9146190393769462,0.014314928425357873,0.1083844580777096,0,195.60000000000002,979,0.8881250153243955,0.4043051591840848,0.014475271411338975,829,2.520115038212605,1.5589640759978316,0.10615199034981904,829,0.0,0.14354644149577805,0.8287092882991556,0.9831121833534379,1.3453764509959005,0.35652156734808854,,811,,S5_iid0,R2A
R2,A,0.0,0.0,0,low,30.0,48,range_s_P0,ekf,,0.25588400419608176,0.18777727445821674,0.09971634601613909,1.8828465704186321,0.19907031485631443,0.03416823014223006,0.7589801381495186,0.0,0.0,0.0,2.6004388372308873,1.2219749156917528,0.02147239263803681,0.1032719836400818,0,195.60000000000002,979,1.2248240249605504,0.3970506127358679,0.021712907117008462,829,2.523734143654577,1.5415075381921377,0.10373944511459587,829,0.0,0.012062726176115802,0.9722557297949337,1.0,1.9014347946901013,0.20088593708273284,,811,,S5_iid0,R2A
R2,A,0.0,0.0,0,low,30.0,49,range_s_P0,ekf,,0.0579017948909209,0.12570060793670731,0.04121694873449653,1.6287523954275807,0.6583206752108555,0.6260067431386318,0.4012313938744338,0.0,0.0,0.0,12.373929190901196,1.1540296247613537,0.02044989775051125,0.0950920245398773,0,195.60000000000002,979,1.1002150834675806,0.436951752665562,0.020506634499396825,829,2.3749597938623577,1.5035560092147864,0.09408926417370322,829,0.0,0.7720144752714113,0.1471652593486128,1.0,1.5975283286215818,0.6627939090403304,,811,,S5_iid0,R2A
R2,A,0.0,0.0,1,mid,30.0,0,range_s_P0,ekf,,0.1531928395322461,0.09259911480703316,0.09694517219495698,1.7889355663042703,0.32867429937807374,0.5280662388502464,0.6462553457857565,0.0,0.0,0.0,3.5462065329823558,0.6640139587254366,0.010224948875255624,0.09815950920245399,0,195.60000000000002,979,0.6159660060270329,0.38732394525992225,0.007237635705669487,829,2.3987799020975262,1.5505731954945736,0.0892641737032569,829,0.020506634499396863,0.033775633293124246,0.9312424607961399,0.9758745476477684,1.806809650312053,0.3315167862578902,,811,,S5_iid0,R2A
R2,A,0.0,0.0,1,mid,30.0,1,range_s_P0,ekf,,0.1348051607359717,0.06992788190008738,0.06630318284345371,0.7678316392403643,0.38207322363330737,0.8541013877432077,0.9554686604828497,0.0,0.0,0.0,4.908183453157406,1.431753945415395,0.024539877300613498,0.11758691206543967,0,195.60000000000002,979,1.5047809036227513,0.3574459413551389,0.026537997587454787,829,2.6654112978478643,1.5936421906900151,0.11942098914354649,829,0.0,0.05066344993968637,0.8709288299155609,1.0,0.7753838575446298,0.3856775018505868,,811,,S5_iid0,R2A
R2,A,0.0,0.0,1,mid,30.0,2,range_s_P0,ekf,,0.21757737616454365,0.1609474658889075,0.1049359987510605,3.129082698306833,0.5640258571682251,0.11717942400494365,0.4176998180359283,0.0,0.0,0.0,6.069134854471804,1.2351433780720698,0.02044989775051125,0.10736196319018405,0,195.60000000000002,979,1.087622808995508,0.3691526179820997,0.020506634499396825,829,2.480852769171661,1.5318205369303572,0.1085645355850422,829,0.0,0.12665862484921592,0.7575392038600723,0.7901085645355851,3.07671992405752,0.5664532291248141,,811,,S5_iid0,R2A
R2,A,0.0,0.0,1,mid,30.0,3,range_s_P0,ekf,,0.1497913197281343,0.1148673541139654,0.07101395396287205,0.911948912105812,0.21141791297880416,0.33591517534111376,0.9600701546148566,0.0,0.0,0.0,2.916070519464943,1.1375667036890986,0.02044989775051125,0.11247443762781185,0,195.60000000000002,979,1.2215914477709515,0.39830332380584554,0.021712907117008462,829,2.5118639509965432,1.4645647132223216,0.11459589867310016,829,0.0,0.020506634499396863,0.9601930036188179,1.0,0.9136249960734014,0.2135057542987188,,811,,S5_iid0,R2A
R2,A,0.0,0.0,1,mid,30.0,4,range_s_P0,ekf,,0.027676900767881433,0.07267452085189789,0.05337819274749946,1.6404126635242997,0.48503446096911346,0.07972766368431952,0.44858399892060397,0.0,0.0,0.0,5.353474253360232,1.0049439939874951,0.019427402862985686,0.10429447852760736,0,195.60000000000002,979,0.9941122527725051,0.37836216905006476,0.021712907117008462,829,2.4679881597109734,1.5453579535923287,0.10373944511459587,829,0.0,0.10735826296743065,0.8540410132689988,1.0,1.6218354254041305,0.48706571760374284,,811,,S5_iid0,R2A
R2,A,0.0,0.0,1,mid,30.0,5,range_s_P0,ekf,,0.20738776725614547,0.2040785719305906,0.03190904481563718,1.2315526151961693,0.28459711104581614,0.4455564985019814,0.48151457744808557,0.0,0.0,0.0,2.532581139985257,1.0440063101815455,0.024539877300613498,0.0869120654396728,0,195.60000000000002,979,1.0504985790011265,0.3664734910321949,0.026537997587454787,829,2.3572503893036885,1.5988843572124043,0.08443908323281057,829,0.010856453558504222,0.0036188178528347406,0.991556091676719,1.0,1.22542932585896,0.28753341691808754,,811,,S5_iid0,R2A
R2,A,0.0,0.0,1,mid,30.0,6,range_s_P0,ekf,,0.3582357833764114,0.2904499954621193,0.10784337609604132,2.2740256091124897,0.21361149235907692,0.33601966443887815,0.37150200714968884,0.0,0.0,0.0,3.1071315525279894,1.131964204471037,0.015337423312883436,0.10736196319018405,0,195.60000000000002,979,1.1761953614705094,0.3622356233897006,0.0156815440289505,829,2.4496784368136026,1.4675613221844432,0.10494571773220751,829,0.018094089264173704,0.05307599517490953,0.9324487334137516,0.991556091676719,2.2988915689605967,0.21571647453887619,,811,,S5_iid0,R2A
R2,A,0.0,0.0,1,mid,30.0,7,range_s_P0,ekf,,0.19372948238215304,0.2007570908828964,0.03986426222693065,2.5638817034112704,0.3508015204072481,0.17885759822683908,0.457610549157131,0.0,0.0,0.0,3.6136848281955825,1.0891402360808748,0.019427402862985686,0.09202453987730061,0,195.60000000000002,979,1.0308432857856769,0.38433698406091993,0.016887816646562137,829,2.3708906085713544,1.5626310180530756,0.08805790108564537,829,0.0,0.030156815440289506,0.9420989143546441,0.971049457177322,2.5517516139959366,0.35398477205501866,,811,,S5_iid0,R2A
R2,A,0.0,0.0,1,mid,30.0,8,range_s_P0,ekf,,0.08045594977754922,0.01585576787041031,0.13013187788880706,1.6532187915722758,0.42404075504358574,0.22168277200577968,1.3944678883064472,0.0,0.0,0.0,6.0369366731124465,1.368642880588327,0.023517382413087935,0.1083844580777096,0,195.60000000000002,979,1.4167608511186873,0.4065152749434646,0.02533172496984315,829,2.683331097905118,1.5993293511611206,0.11580217129071169,829,0.0,0.12665862484921592,0.7478890229191797,0.9408926417370326,1.6677720088994978,0.42700690533180125,,811,,S5_iid0,R2A
R2,A,0.0,0.0,1,mid,30.0,9,range_s_P0,ekf,,0.07068909966296909,0.06266604615496486,0.062074624341014725,1.0497773447731955,0.14387196086186718,0.8911495876326007,1.132181835934866,0.0,0.0,0.0,2.4672951949234534,0.6500750877149098,0.010224948875255624,0.09202453987730061,0,195.60000000000002,979,0.6600640231567895,0.39638462684377485,0.010856453558504175,829,2.4651787498748132,1.5935784606925876,0.09047044632086854,829,0.009650180940892641,0.020506634499396863,0.9686369119420989,0.9613992762364294,1.0565188487161672,0.1437797465569703,,811,,S5_iid0,R2A
R2,A,0.0,0.0,1,mid,30.0,10,range_s_P0,ekf,,0.17189671145120866,0.19210050674256324,0.04248760813382265,0.9032479772643659,0.47533363452282035,0.5243334499647005,0.3236075091609467,0.0,0.0,0.0,4.997717772655345,1.424039785789512,0.027607361963190184,0.0950920245398773,0,195.60000000000002,979,1.3794657370680732,0.3887607611462656,0.027744270205066313,829,2.299081010904285,1.4688737986897642,0.09167671893848006,829,0.0012062726176115801,0.04463208685162847,0.9071170084439083,1.0,0.8950410267863123,0.47915386286618206,,811,,S5_iid0,R2A
R2,A,0.0,0.0,1,mid,30.0,11,range_s_P0,ekf,,0.09444435041394346,0.0341967884139227,0.04762414943415932,2.2428207969191742,0.2611355370715433,0.21253735693189005,0.43668579602592195,0.0,0.0,0.0,2.3398477846770485,0.970357292475124,0.019427402862985686,0.09815950920245399,0,195.60000000000002,979,0.8556440056356637,0.3965469170781976,0.016887816646562137,829,2.267528518302872,1.3895880573541461,0.09770808202653802,829,0.024125452352231604,0.014475271411338963,0.9782870928829915,0.9312424607961399,2.267066208674204,0.2639727204883134,,811,,S5_iid0,R2A
R2,A,0.0,0.0,1,mid,30.0,12,range_s_P0,ekf,,0.3019475594068685,0.27142259294355076,0.0680722761222324,2.2349934832138736,0.26847455772762724,0.8338012186243478,0.5207554374741465,0.0,0.0,0.0,2.690483332894359,1.0134023733345139,0.019427402862985686,0.11042944785276074,0,195.60000000000002,979,0.9527561343329539,0.4105628596096173,0.0193003618817853,829,2.4478061403242246,1.5023083555742913,0.09891435464414955,829,0.0012062726176115801,0.021712907117008445,0.9613992762364294,1.0,2.242372370595505,0.27120750499130264,,811,,S5_iid0,R2A
R2,A,0.0,0.0,1,mid,30.0,13,range_s_P0,ekf,,0.14554430296514856,0.19796664607597608,0.0723435757033218,0.8717316098212864,0.3213652864110589,0.6859193608211335,0.6247047973544712,0.0,0.0,0.0,3.5672547173323896,0.955486350722226,0.022494887525562373,0.09611451942740286,0,195.60000000000002,979,0.9821459075676272,0.3970046263580662,0.021712907117008462,829,2.3349181941361814,1.5113400261045997,0.09529553679131486,829,0.006031363088057901,0.014475271411338963,0.9469240048250904,1.0,0.8679196568388557,0.32380603003727537,,811,,S5_iid0,R2A
R2,A,0.0,0.0,1,mid,30.0,14,range_s_P0,ekf,,0.25676511666419904,0.19691671521704388,0.17384380212058964,0.5941290337809111,0.1927897929337979,0.022392622607768295,0.2958783199554041,0.0,0.0,0.0,2.723555517412733,1.1039859564030394,0.02044989775051125,0.10122699386503067,0,195.60000000000002,979,1.1151601851611446,0.37829584835866836,0.020506634499396825,829,2.330609651232759,1.4531639880994327,0.10132689987937271,829,0.0,0.04342581423401689,0.9288299155609168,1.0,0.6000867471466864,0.19424743257579893,,811,,S5_iid0,R2A
R2,A,0.0,0.0,1,mid,30.0,15,range_s_P0,ekf,,0.06759678460959828,0.09346859750544706,0.04890657267437621,0.9461913410399528,0.3260836374554727,0.37774751672253054,0.623131792510939,0.0,0.0,0.0,3.6970958454453844,0.899107838242173,0.015337423312883436,0.09100204498977506,0,195.60000000000002,979,0.9678392574967103,0.3467648103038787,0.016887816646562137,829,2.2978463434838794,1.4776717379694004,0.0928829915560917,829,0.0036188178528347406,0.030156815440289506,0.9517490952955368,1.0,0.8791694949160632,0.32756983987289934,,811,,S5_iid0,R2A
R2,A,0.0,0.0,1,mid,30.0,16,range_s_P0,ekf,,0.2199569550994095,0.21072018044234656,0.0482561621523631,1.6748372168183516,0.3291312664601553,0.8579382303202863,0.31023546948182185,0.0,0.0,0.0,2.9121261881143328,1.0099222304119002,0.018404907975460124,0.09918200408997956,0,195.60000000000002,979,1.0186915595846733,0.40294403968066383,0.0193003618817853,829,2.2889700200434446,1.4786702821369215,0.08805790108564537,829,0.0,0.009650180940892641,0.9722557297949337,1.0,1.6588949114407603,0.3317856039841232,,811,,S5_iid0,R2A
R2,A,0.0,0.0,1,mid,30.0,17,range_s_P0,ekf,,0.3153179379381074,0.2540019640059268,0.05755995332858663,1.3729554224049554,0.32938063733849005,0.17613475291008437,0.4646216063412626,0.0,0.0,0.0,3.741473843331416,1.181544847527661,0.02044989775051125,0.09815950920245399,0,195.60000000000002,979,1.2872101751354426,0.3760615265019522,0.022919179734619988,829,2.5113159167079506,1.5624465737730056,0.09891435464414955,829,0.0048250904704463205,0.03498190591073583,0.9227985524728589,1.0,1.3876317108431266,0.3324781418242797,,811,,S5_iid0,R2A
R2,A,0.0,0.0,1,mid,30.0,18,range_s_P0,ekf,,0.29761168465863785,0.2711048714318363,0.08918219175184122,1.255408152866625,0.309953087178035,0.5910243809998077,1.0896936867809397,0.0,0.0,0.0,3.8412662054283833,1.1853009560604706,0.023517382413087935,0.08997955010224949,0,195.60000000000002,979,1.3232451946609303,0.42076877214142244,0.026537997587454787,829,2.1533563000684395,1.4941593554562982,0.07599517490952956,829,0.0,0.018094089264173704,0.9517490952955368,1.0,1.2680045349039437,0.31305977144223374,,811,,S5_iid0,R2A
R2,A,0.0,0.0,1,mid,30.0,19,range_s_P0,ekf,,0.36007609331943796,0.33207872860733667,0.14847511881252082,1.6134564484283203,0.4186280881534983,0.6737318727984815,0.7022041537463053,0.0,0.0,0.0,5.422274304560126,0.5988724127591776,0.007157464212678937,0.09918200408997956,0,195.60000000000002,979,0.49907045930358046,0.3621531562487707,0.006031363088057851,829,2.207467684846185,1.4221321168542198,0.0892641737032569,829,0.0,0.11459589867310012,0.8190591073582629,0.9987937273823885,1.619176483516075,0.4218379126346038,,811,,S5_iid0,R2A
R2,A,0.0,0.0,1,mid,30.0,20,range_s_P0,ekf,,0.20395035827912184,0.14583404931980265,0.06708273623851244,2.7454003447698754,0.5208102729116206,1.5253912235150078,0.5989196663487745,0.0,0.0,0.0,7.031705193930073,0.703587782264021,0.012269938650306749,0.10122699386503067,0,195.60000000000002,979,0.7154555683208449,0.3285487478021868,0.012062726176115812,829,2.4261847564987384,1.4729706123798345,0.09650180940892639,829,0.0,0.19059107358262967,0.7008443908323281,0.9843184559710495,2.7131466525460413,0.5251580270665401,,811,,S5_iid0,R2A
R2,A,0.0,0.0,1,mid,30.0,21,range_s_P0,ekf,,0.1955853598996874,0.17278558685843215,0.1327130292494868,1.2496228002997516,0.23583804740543124,0.5226053964581904,0.2957821193986945,0.0,0.0,0.0,3.7979734545571233,1.1418197617838746,0.02147239263803681,0.11042944785276074,0,195.60000000000002,979,1.2387289750382047,0.43274381063057393,0.022919179734619988,829,2.430310613491161,1.4756854376782225,0.10494571773220751,829,0.0012062726176115801,0.06755126658624849,0.8962605548854041,1.0,1.2152367016528047,0.23732446937413534,,811,,S5_iid0,R2A
R2,A,0.0,0.0,1,mid,30.0,22,range_s_P0,ekf,,0.02938304441485152,0.09298484587685339,0.11981838437841197,1.0386453461528289,0.2648561999980468,0.075425280188035,0.4578581406605393,0.0,0.0,0.0,2.6244816030177724,1.3053909773905021,0.02556237218813906,0.0869120654396728,0,195.60000000000002,979,1.3717247697159596,0.3887344968736607,0.026537997587454787,829,2.2996179455085,1.472256299798696,0.09047044632086854,829,0.020506634499396863,0.014475271411338963,0.9782870928829915,1.0,1.049371173526811,0.26703494908031716,,811,,S5_iid0,R2A
R2,A,0.0,0.0,1,mid,30.0,23,range_s_P0,ekf,,0.19643831903558226,0.20460377277564454,0.11340897901840026,2.087148385951063,0.2972312479198849,0.4956363965306073,0.8284004671342066,0.0,0.0,0.0,3.179794440075761,1.0686405084661355,0.019427402862985686,0.10224948875255624,0,195.60000000000002,979,0.9081429505339392,0.3738743861564818,0.014475271411338975,829,2.4205566332893884,1.6125958300001846,0.09770808202653802,829,0.0048250904704463205,0.020506634499396863,0.9553679131483716,0.9987937273823885,2.102974349823547,0.30016784990771994,,811,,S5_iid0,R2A
R2,A,0.0,0.0,1,mid,30.0,24,range_s_P0,ekf,,0.17531756172739005,0.12667173658563907,0.0969844459384299,0.9915001776030777,0.17389905348898227,0.1808051710150069,0.8562618331566278,0.0,0.0,0.0,2.57887553646634,1.2479934791657155,0.022494887525562373,0.09713701431492842,0,195.60000000000002,979,1.3889426395180016,0.34494542308915377,0.02533172496984315,829,2.4373776329881625,1.5319162681846812,0.09770808202653802,829,0.024125452352231604,0.03739445114595899,0.9420989143546441,1.0,0.9977915609128252,0.17558745289502747,,811,,S5_iid0,R2A
R2,A,0.0,0.0,1,mid,30.0,25,range_s_P0,ekf,,0.26877536143425945,0.20212230150244964,0.1710323504146327,0.9164076805917277,0.15273560151164126,0.5907930545477542,1.0322966939553386,0.0,0.0,0.0,2.6148671649584965,1.2371259891390365,0.02147239263803681,0.1032719836400818,0,195.60000000000002,979,1.3210154232635003,0.3537829013682085,0.024125452352231624,829,2.5143521690825295,1.5745729579866903,0.10132689987937271,829,0.039806996381182146,0.024125452352231604,0.9638118214716526,1.0,0.916482159390337,0.1541948037025041,,811,,S5_iid0,R2A
R2,A,0.0,0.0,1,mid,30.0,26,range_s_P0,ekf,,0.2237892225672221,0.17050520082210355,0.061920074269153656,2.3351685340138464,0.485441019773918,1.8760504865009922,1.1849118906044696,0.0,0.0,0.0,7.473892247381575,1.1852527631682046,0.02556237218813906,0.10633946830265849,0,195.60000000000002,979,1.1596297509199827,0.4296951834737919,0.026537997587454787,829,2.5074793021146733,1.4938415750577465,0.10615199034981904,829,0.0,0.23642943305186973,0.6441495778045838,0.9650180940892642,2.306337546845081,0.4892070114423685,,811,,S5_iid0,R2A
R2,A,0.0,0.0,1,mid,30.0,27,range_s_P0,ekf,,0.3014634619824894,0.27410947998298607,0.05032118065934097,1.0778775487301688,0.24024323490000074,0.8038766843772114,0.8763537149133155,0.0,0.0,0.0,3.0237327795845155,1.0987988804723423,0.018404907975460124,0.09202453987730061,0,195.60000000000002,979,1.122943034764834,0.39769306907139473,0.020506634499396825,829,2.295930479775238,1.5099470453181811,0.0892641737032569,829,0.0,0.019300361881785282,0.9565741857659831,1.0,1.0659336116148748,0.2407214305341425,,811,,S5_iid0,R2A
R2,A,0.0,0.0,1,mid,30.0,28,range_s_P0,ekf,,0.22657437489465984,0.27368277345581676,0.15288488078722695,1.371665112786294,0.3051460235953878,1.3122238582617713,0.5301954124740542,0.0,0.0,0.0,2.7848304944695395,1.3151531767493083,0.022494887525562373,0.09918200408997956,0,195.60000000000002,979,1.334143505650928,0.36722870622608805,0.024125452352231624,829,2.3806693926716638,1.4971882326927737,0.09770808202653802,829,0.008443908323281062,0.008443908323281062,0.9746682750301568,0.9987937273823885,1.3785601241704124,0.3081165889275046,,811,,S5_iid0,R2A
R2,A,0.0,0.0,1,mid,30.0,29,range_s_P0,ekf,,0.0776562323878333,0.04730609756536949,0.03252271711658869,2.741651433623316,0.3440587402158807,0.3885466375608901,0.608426455879252,0.0,0.0,0.0,3.8005960051110823,1.483736694533632,0.032719836400818,0.09304703476482618,0,195.60000000000002,979,1.6520339541558842,0.4137587149980951,0.0386007237635706,829,2.253875428229931,1.4859948501191718,0.0892641737032569,829,0.0012062726176115801,0.06875753920386007,0.8902291917973462,0.8250904704463209,2.770847771265286,0.34747912948159854,,811,,S5_iid0,R2A
R2,A,0.0,0.0,1,mid,30.0,30,range_s_P0,ekf,,0.11845137935924968,0.0788224245470209,0.03507180834672246,1.6810680767903812,0.22912153253415052,0.8410923643166014,0.3765741044833959,0.0,0.0,0.0,2.1026022246755844,1.3777432226683992,0.02556237218813906,0.10531697341513292,0,195.60000000000002,979,1.3521470841409806,0.3634423208103529,0.02533172496984315,829,2.504929545063636,1.659821011567074,0.10494571773220751,829,0.014475271411338963,0.009650180940892641,0.9722557297949337,1.0,1.6791345493394192,0.23158409284030718,,811,,S5_iid0,R2A
R2,A,0.0,0.0,1,mid,30.0,31,range_s_P0,ekf,,0.05593439646766733,0.12283260341793656,0.06457296793702197,1.2526725908246992,0.420080344504756,0.37933913698555766,0.6850552935499592,0.0,0.0,0.0,5.150386214021246,1.0929587161190173,0.018404907975460124,0.11349693251533742,0,195.60000000000002,979,1.0393151007487873,0.40157277187934504,0.0156815440289505,829,2.5878466140695937,1.5963995029691815,0.112183353437877,829,0.0012062726176115801,0.09047044632086852,0.8468033775633294,1.0,1.2593574066713504,0.4238514179475999,,811,,S5_iid0,R2A
R2,A,0.0,0.0,1,mid,30.0,32,range_s_P0,ekf,,0.1605417752063646,0.09219524740436906,0.0660338523327461,2.073133855317633,0.2362266841055715,0.8279909764128227,1.025077441329293,0.0,0.0,0.0,2.781303313478969,1.4881615746485388,0.027607361963190184,0.09611451942740286,0,195.60000000000002,979,1.600642025690758,0.42935106408913626,0.03136308805790111,829,2.4623801123195164,1.5481255116179256,0.09650180940892639,829,0.020506634499396863,0.030156815440289506,0.9541616405307599,1.0,2.07873184913137,0.23849741506405417,,811,,S5_iid0,R2A
R2,A,0.0,0.0,1,mid,30.0,33,range_s_P0,ekf,,0.12551145998964866,0.07571151872449616,0.05686402522778087,1.229860978892196,0.21646276815653254,0.6443070264451349,1.1072013663987277,0.0,0.0,0.0,2.895505653925266,1.155363035086972,0.02147239263803681,0.1032719836400818,0,195.60000000000002,979,1.1807511430054796,0.3732315952627857,0.021712907117008462,829,2.5918498204588523,1.5816075137976435,0.10012062726176119,829,0.0048250904704463205,0.047044632086851626,0.9384800965018094,1.0,1.2333581307284844,0.21878875609302892,,811,,S5_iid0,R2A
R2,A,0.0,0.0,1,mid,30.0,34,range_s_P0,ekf,,0.20128712973064258,0.16736835739512487,0.06516022719392302,2.070384363271163,0.27911778508703544,0.0012950415562175707,0.5876746904583332,0.0,0.0,0.0,2.5303985618892435,1.0332001028234017,0.013292433537832311,0.08895705521472393,0,195.60000000000002,979,1.004365940795331,0.39378007507036267,0.012062726176115812,829,2.2645402544548205,1.448146689437658,0.0892641737032569,829,0.0,0.0048250904704463205,0.9831121833534379,1.0,2.04250132358964,0.28014530476369176,,811,,S5_iid0,R2A
R2,A,0.0,0.0,1,mid,30.0,35,range_s_P0,ekf,,0.014415205131201595,0.05471889956620134,0.04631616784093345,1.4915263031127826,0.297349522183809,0.5765376917356174,0.3373993949142264,0.0,0.0,0.0,3.0430966241799857,1.5740760608611275,0.028629856850715747,0.10531697341513292,0,195.60000000000002,979,1.4677334811540965,0.38987773843436074,0.026537997587454787,829,2.4660258818990894,1.569384730022151,0.10132689987937271,829,0.0036188178528347406,0.026537997587454766,0.9517490952955368,1.0,1.494668135136584,0.3004967089301049,,811,,S5_iid0,R2A
R2,A,0.0,0.0,1,mid,30.0,36,range_s_P0,ekf,,0.168676589953388,0.23053579211963388,0.142335982237781,1.5758871309706857,0.3090121643379874,0.5600617063800023,0.41536015634600715,0.0,0.0,0.0,3.282142041801938,1.3083272842529943,0.023517382413087935,0.10020449897750511,0,195.60000000000002,979,1.2009908242754015,0.332776078059266,0.021712907117008462,829,2.5283308565525755,1.5218867666570857,0.10735826296743067,829,0.006031363088057901,0.020506634499396863,0.9601930036188179,1.0,1.5920347524889955,0.31174280099924334,,811,,S5_iid0,R2A
R2,A,0.0,0.0,1,mid,30.0,37,range_s_P0,ekf,,0.25219220753336247,0.1849054767483766,0.15261177239687893,1.4721516997177369,0.2655718614888979,1.0908245934257395,0.4420112557335312,0.0,0.0,0.0,3.8805291296560305,1.366504970229388,0.026584867075664622,0.10736196319018405,0,195.60000000000002,979,1.225084676815376,0.37198749082307675,0.024125452352231624,829,2.3687982740937628,1.4565674930148618,0.10373944511459587,829,0.0,0.1097708082026538,0.8600723763570567,0.9746682750301568,1.4801016269791427,0.26826725086286146,,811,,S5_iid0,R2A
R2,A,0.0,0.0,1,mid,30.0,38,range_s_P0,ekf,,0.19662624635544215,0.15196526850895706,0.1391417044993928,1.3392461904981978,0.2686663228981799,0.3680236352242199,0.5930311967812059,0.0,0.0,0.0,2.718415040822393,1.2816544993179595,0.02147239263803681,0.09406952965235174,0,195.60000000000002,979,1.3892913087884384,0.41968707905509595,0.024125452352231624,829,2.3252114947794724,1.4875492495618177,0.0928829915560917,829,0.0,0.010856453558504222,0.9782870928829915,1.0,1.3408569844446336,0.27116849360174444,,811,,S5_iid0,R2A
R2,A,0.0,0.0,1,mid,30.0,39,range_s_P0,ekf,,0.17781615227918804,0.1945125905228568,0.04935679426195319,2.8483671921936287,0.45399588474712765,0.5879598764233784,0.822919137124475,0.0,0.0,0.0,4.654519690285899,1.3474234581306,0.027607361963190184,0.08486707566462168,0,195.60000000000002,979,1.3572697812746715,0.4240676187221842,0.026537997587454787,829,2.306381060696651,1.5426464654772358,0.08564535585042221,829,0.0,0.06996381182147166,0.8745476477683957,0.9457177322074789,2.806518465373775,0.4573912632752872,,811,,S5_iid0,R2A
R2,A,0.0,0.0,1,mid,30.0,40,range_s_P0,ekf,,0.2162381869084735,0.15683444521044596,0.03558456247726264,1.209690543302333,0.22743700746105314,1.0594177724106253,0.462734421692993,0.0,0.0,0.0,2.2332824788259136,0.8069092770102354,0.0081799591002045,0.09815950920245399,0,195.60000000000002,979,0.7686759730479078,0.4314185492657846,0.007237635705669487,829,2.499553637867606,1.527401754185501,0.09891435464414955,829,0.006031363088057901,0.016887816646562123,0.9734620024125452,1.0,1.221448831445739,0.2297768073352298,,811,,S5_iid0,R2A
R2,A,0.0,0.0,1,mid,30.0,41,range_s_P0,ekf,,0.18600179903087302,0.11782540519747732,0.16159125075395495,0.9478064197100166,0.26553083584895715,0.2102901165558931,0.5727280667052724,0.0,0.0,0.0,3.441900740299201,1.0702655399929732,0.019427402862985686,0.09406952965235174,0,195.60000000000002,979,0.9047191490502928,0.3925663121603014,0.014475271411338975,829,2.352814205460499,1.494910266024286,0.09167671893848006,829,0.0,0.06272617611580217,0.9179734620024126,1.0,0.9469045898566453,0.2683058016374604,,811,,S5_iid0,R2A
R2,A,0.0,0.0,1,mid,30.0,42,range_s_P0,ekf,,0.20114520998195454,0.15307449504381973,0.0378657092126868,0.6518582056490584,0.2651908501968888,0.7604008362660489,0.6304465341116237,0.0,0.0,0.0,2.964741393165186,1.262890456746564,0.02044989775051125,0.08077709611451943,0,195.60000000000002,979,1.3797256360537726,0.3587895155790642,0.022919179734619988,829,2.256540392579385,1.5071292663357263,0.08564535585042221,829,0.018094089264173704,0.007237635705669481,0.9746682750301568,1.0,0.6424133030952218,0.2676673609893807,,811,,S5_iid0,R2A
R2,A,0.0,0.0,1,mid,30.0,43,range_s_P0,ekf,,0.1451875312563446,0.07701674637755403,0.06460435051249824,1.795492032161033,0.2180675581082843,0.04371120147622045,0.8032969143622877,0.0,0.0,0.0,2.528309671210565,1.055755628683355,0.016359918200409,0.10429447852760736,0,195.60000000000002,979,1.0268549397203033,0.45536139077107896,0.0156815440289505,829,2.374440658896369,1.4842953589820234,0.10012062726176119,829,0.008443908323281062,0.014475271411338963,0.9746682750301568,1.0,1.795544142925339,0.22006014104403554,,811,,S5_iid0,R2A
R2,A,0.0,0.0,1,mid,30.0,44,range_s_P0,ekf,,0.37129731481612593,0.3142483284569322,0.06305374768642558,1.5719974428555423,0.289923632449597,0.21426070674539388,0.4798898996017876,0.0,0.0,0.0,2.309731647362719,1.413456518869973,0.018404907975460124,0.08895705521472393,0,195.60000000000002,979,1.3647881183096968,0.3864305552999727,0.018094089264173663,829,2.3907628400901983,1.5678588032420617,0.0892641737032569,829,0.0012062726176115801,0.0048250904704463205,0.9903498190591074,1.0,1.5393641634044009,0.2918740409171131,,811,,S5_iid0,R2A
R2,A,0.0,0.0,1,mid,30.0,45,range_s_P0,ekf,,0.25859947791225707,0.24822185296648872,0.043853690736229474,1.3648454450243654,0.3214659144302601,0.19981119507576275,0.9397625834124747,0.0,0.0,0.0,4.167363819531129,1.4289234051981963,0.024539877300613498,0.09304703476482618,0,195.60000000000002,979,1.5850741944101159,0.3655126147807805,0.026537997587454787,829,2.4289975037407454,1.5614175595566389,0.09408926417370322,829,0.0012062726176115801,0.07840772014475271,0.8854041013268998,1.0,1.3712997782441438,0.32478960937593304,,811,,S5_iid0,R2A
R2,A,0.0,0.0,1,mid,30.0,46,range_s_P0,ekf,,0.13403855970840323,0.06730795349701386,0.14850938701975833,1.4744168116666958,0.13911393922837587,0.9380250501171398,0.48511644175083307,0.0,0.0,0.0,3.1874203225746736,1.2888867476796722,0.02556237218813906,0.1083844580777096,0,195.60000000000002,979,1.3960864332808782,0.4571334400242416,0.026537997587454787,829,2.517943120715586,1.5063238949275053,0.10977080820265384,829,0.009650180940892641,0.05669481302774427,0.9131483715319663,0.9975874547647768,1.4887011172608406,0.1399798861098892,,811,,S5_iid0,R2A
R2,A,0.0,0.0,1,mid,30.0,47,range_s_P0,ekf,,0.2756986679171984,0.24588411386439024,0.12260201763165368,1.3473673619749653,0.19549415351499064,0.17879074368506964,0.8901239862187563,0.0,0.0,0.0,2.8018962915891543,1.1732746847508462,0.022494887525562373,0.09406952965235174,0,195.60000000000002,979,1.3203912079877638,0.3921093974591123,0.026537997587454787,829,2.3594986427783087,1.482977881206153,0.09167671893848006,829,0.032569360675512665,0.010856453558504222,0.9698431845597105,1.0,1.3592486372710555,0.1969285016349643,,811,,S5_iid0,R2A
R2,A,0.0,0.0,1,mid,30.0,48,range_s_P0,ekf,,0.2090723434513654,0.1481880069187447,0.08139041964710503,1.5777366174887901,0.28188650822646016,0.30286878676727097,1.2840714813917835,0.0,0.0,0.0,3.59580613211693,1.321324290423155,0.027607361963190184,0.09611451942740286,0,195.60000000000002,979,1.3054387016048443,0.36115999319089986,0.026537997587454787,829,2.5031058808090902,1.5080812723989256,0.10253317249698435,829,0.0,0.026537997587454766,0.9433051869722557,1.0,1.5823989894741466,0.2834056847873823,,811,,S5_iid0,R2A
R2,A,0.0,0.0,1,mid,30.0,49,range_s_P0,ekf,,0.016568856670440578,0.0843583868405319,0.0710659477213981,0.98908408912447,0.28040784168303673,1.0431151835391372,0.4363428918832025,0.0,0.0,0.0,2.80430009111579,0.9587156707728708,0.027607361963190184,0.10633946830265849,0,195.60000000000002,979,0.9097699990148123,0.4175072158281718,0.021712907117008462,829,2.480231031117865,1.53696000471171,0.10615199034981904,829,0.0024125452352231603,0.015681544028950542,0.9746682750301568,1.0,0.9960136468865233,0.28333755484841494,,811,,S5_iid0,R2A
R2,A,0.0,0.0,2,high,30.0,0,range_s_P0,ekf,,0.10462609339115841,0.0730711720979176,0.05192755773351285,1.050268425395462,0.3561684405590374,0.9485320438699646,0.6155443613362516,0.0,0.0,0.0,4.764163217720606,1.3211731795141644,0.02044989775051125,0.08384458077709611,0,195.60000000000002,979,1.3586029196137142,0.4572804553905444,0.0193003618817853,829,2.4768273489756685,1.5696880952869907,0.08443908323281057,829,0.0,0.13027744270205066,0.8214716525934861,0.9758745476477684,1.0610065114903866,0.35985874788869304,,811,,S5_iid0,R2A
R2,A,0.0,0.0,2,high,30.0,1,range_s_P0,ekf,,0.18619762573373924,0.131169743740835,0.11156704681001381,1.3600116356013987,0.1772946343606443,1.2490242734197998,1.71224243804788,0.0,0.0,0.0,3.504024537229377,1.1550269316618706,0.02044989775051125,0.10633946830265849,0,195.60000000000002,979,1.1573712647146115,0.388668759719486,0.018094089264173663,829,2.4346444399600013,1.4355382610105958,0.10977080820265384,829,0.0036188178528347406,0.033775633293124246,0.9408926417370326,0.8094089264173703,1.3700842153873463,0.179130024993093,,811,,S5_iid0,R2A
R2,A,0.0,0.0,2,high,30.0,2,range_s_P0,ekf,,0.31091842931876645,0.2928619154562641,0.16869585581340124,2.6976494972325127,0.25843298468776177,0.43401087095571744,0.6906856573124039,0.0,0.0,0.0,3.0318856939767715,1.439204022620195,0.026584867075664622,0.1114519427402863,0,195.60000000000002,979,1.3433638603111693,0.4868439273011858,0.024125452352231624,829,2.5101778374698323,1.5151093745145752,0.10615199034981904,829,0.012062726176115802,0.024125452352231604,0.9493365500603136,0.916767189384801,2.6341756233947606,0.25962430634727096,,811,,S5_iid0,R2A
R2,A,0.0,0.0,2,high,30.0,3,range_s_P0,ekf,,0.3090888027811817,0.2701535291571137,0.1260635493254354,1.3934876872306599,0.18496555814157725,0.7481069860466522,1.292197641013409,0.0,0.0,0.0,3.518886271809729,1.3812007114600946,0.028629856850715747,0.10224948875255624,0,195.60000000000002,979,1.2294752727501932,0.3703101109443733,0.026537997587454787,829,2.4761263160735947,1.573404251078708,0.09047044632086854,829,0.012062726176115802,0.054282267792521106,0.9203860072376358,0.9577804583835947,1.3248173509058416,0.18625477081378167,,811,,S5_iid0,R2A
R2,A,0.0,0.0,2,high,30.0,4,range_s_P0,ekf,,0.06358798009329711,0.06273591530570982,0.025333688685244608,1.6248547075246886,0.3104147019882544,1.0342678603446103,1.5396046324111143,0.0,0.0,0.0,4.23753938107693,0.9341591527151683,0.014314928425357873,0.10736196319018405,0,195.60000000000002,979,0.9005324236212853,0.36798965566289127,0.014475271411338975,829,2.400608426017267,1.4797622894121107,0.10494571773220751,829,0.0,0.05066344993968637,0.8890229191797346,0.8709288299155609,1.5457054011165021,0.3099070294854838,,811,,S5_iid0,R2A
R2,A,0.0,0.0,2,high,30.0,5,range_s_P0,ekf,,0.18096116272152635,0.1589943994366528,0.036456468533805256,0.6632902846284651,0.2887155535189783,0.8369525455529696,0.5151903682680988,0.0,0.0,0.0,3.3634879443495747,0.959853828046925,0.013292433537832311,0.10531697341513292,0,195.60000000000002,979,0.9679119554446438,0.41809508779592,0.014475271411338975,829,2.516776199277166,1.4964166009263686,0.10977080820265384,829,0.0,0.030156815440289506,0.9505428226779252,1.0,0.5819590027589948,0.29129257326853075,,811,,S5_iid0,R2A
R2,A,0.0,0.0,2,high,30.0,6,range_s_P0,ekf,,0.3045964244669759,0.23662565576501932,0.020125197969100922,3.63144953078092,0.43512994978990716,0.43407560365053094,1.0137499355979682,0.0,0.0,0.0,5.231399225658658,0.8904305611245337,0.02147239263803681,0.0950920245398773,0,195.60000000000002,979,0.8203829074496622,0.3622815843907983,0.016887816646562137,829,2.4460983949095114,1.6088271454390077,0.09529553679131486,829,0.0,0.13268998793727382,0.7925211097708083,0.6815440289505428,3.49878871192198,0.43539288694688205,,811,,S5_iid0,R2A
R2,A,0.0,0.0,2,high,30.0,7,range_s_P0,ekf,,0.22470630383471474,0.18969842150530428,0.09912170521597996,3.845312528583632,0.299364975866676,0.6720918354946244,1.309628650408849,0.0,0.0,0.0,5.869285325234149,1.5937201849985323,0.03374233128834356,0.10224948875255624,0,195.60000000000002,979,1.690312807877148,0.4453602542651662,0.03618817852834744,829,2.4565420290877573,1.5679985746930567,0.10012062726176119,829,0.016887816646562123,0.18094089264173704,0.7080820265379976,0.4776839565741858,3.7843168170931176,0.30153328622672815,,811,,S5_iid0,R2A
R2,A,0.0,0.0,2,high,30.0,8,range_s_P0,ekf,,0.0920137772144976,0.10853394650335244,0.007579803600935442,2.471058732673382,0.34709961717790183,0.9115550923841321,0.559065421931681,0.0,0.0,0.0,3.1570723434324353,1.6344513840449104,0.027607361963190184,0.1114519427402863,0,195.60000000000002,979,1.5522637171911882,0.3810397876286111,0.024125452352231624,829,2.519015408068584,1.5649585290370165,0.10977080820265384,829,0.0,0.012062726176115802,0.9638118214716526,0.9288299155609168,2.4760617830471428,0.35022198668292703,,811,,S5_iid0,R2A
R2,A,0.0,0.0,2,high,30.0,9,range_s_P0,ekf,,0.07485370710374839,0.11125445956132878,0.0264539893379077,0.8734744377088463,0.33212125372990636,0.5005409374027615,0.9559146803361223,0.0,0.0,0.0,4.3197638483083205,0.9342012029851788,0.013292433537832311,0.10633946830265849,0,195.60000000000002,979,1.0249895278763679,0.41111858641161797,0.0156815440289505,829,2.470932490254794,1.540760965291469,0.10494571773220751,829,0.0012062726176115801,0.047044632086851626,0.916767189384801,0.9927623642943305,0.8805098425153807,0.3345371776574081,,811,,S5_iid0,R2A
R2,A,0.0,0.0,2,high,30.0,10,range_s_P0,ekf,,0.3514983344074449,0.3322779512995087,0.2338212300192762,1.1010447595703376,0.27104261401241364,1.3438069097438305,1.2728740899856716,0.0,0.0,0.0,5.519357438993377,1.1771529257841495,0.022494887525562373,0.11042944785276074,0,195.60000000000002,979,1.2779836132856837,0.3844770633030094,0.02533172496984315,829,2.496000069443488,1.4900179071293196,0.112183353437877,829,0.007237635705669481,0.1773220747889023,0.7949336550060314,1.0,1.0691281986299332,0.27323255943426283,,811,,S5_iid0,R2A
R2,A,0.0,0.0,2,high,30.0,11,range_s_P0,ekf,,0.19386284329484157,0.12558079172148795,0.056970885944986116,2.8548755444870357,0.3362502244808198,0.6464156958793171,0.47643913034008417,0.0,0.0,0.0,3.1583734857046,0.9752950861024064,0.010224948875255624,0.0950920245398773,0,195.60000000000002,979,1.0225564597916679,0.45170603812445,0.010856453558504175,829,2.3208463085405233,1.4433117224029635,0.09408926417370322,829,0.0,0.014475271411338963,0.9638118214716526,0.887816646562123,2.8014797077295546,0.33724297964567984,,811,,S5_iid0,R2A
R2,A,0.0,0.0,2,high,30.0,12,range_s_P0,ekf,,0.3107463197353879,0.2593677919098152,0.06609760574823954,1.4993349610776885,0.24966558899250016,0.06259457731090119,0.7642609477733339,0.0,0.0,0.0,2.6683170461941463,1.0953402188052932,0.02147239263803681,0.10429447852760736,0,195.60000000000002,979,1.1831366773836816,0.3845279542944121,0.022919179734619988,829,2.398349538806218,1.3955067795244118,0.10615199034981904,829,0.0024125452352231603,0.033775633293124246,0.9445114595898673,1.0,1.502519793535453,0.25176276932326375,,811,,S5_iid0,R2A
R2,A,0.0,0.0,2,high,30.0,13,range_s_P0,ekf,,0.07259371154441019,0.07853305599123177,0.05934973167668831,0.9560572769668678,0.29359088208418527,0.7913025976120877,0.48409132462151594,0.0,0.0,0.0,3.297592596831953,1.1059770100163897,0.023517382413087935,0.1083844580777096,0,195.60000000000002,979,1.169560188399529,0.35836262061978985,0.024125452352231624,829,2.6538239064815037,1.5270440018722413,0.1085645355850422,829,0.016887816646562123,0.033775633293124246,0.9408926417370326,1.0,0.9582811599279418,0.29644662781904996,,811,,S5_iid0,R2A
R2,A,0.0,0.0,2,high,30.0,14,range_s_P0,ekf,,0.16126256489036017,0.1633327317038599,0.10934120013872133,1.9520243896548586,0.22755516795806435,0.9737868717855082,0.9644877600827366,0.0,0.0,0.0,2.610267078145096,1.5719320603700173,0.032719836400818,0.09304703476482618,0,195.60000000000002,979,1.5912504952621846,0.4233661867427871,0.03256936067551264,829,2.223539921761128,1.463861579184574,0.09167671893848006,829,0.0024125452352231603,0.012062726176115802,0.9758745476477684,1.0,1.8826489627521403,0.22890011777437191,,811,,S5_iid0,R2A
R2,A,0.0,0.0,2,high,30.0,15,range_s_P0,ekf,,0.07095489927329336,0.10580683818040988,0.03493751313313705,0.6038748089498888,0.3628203819711339,0.14225762618041485,0.5175147883386255,0.0,0.0,0.0,4.322815479378393,0.9898567057513946,0.018404907975460124,0.09815950920245399,0,195.60000000000002,979,0.9962886144639191,0.42987690742418955,0.0193003618817853,829,2.3790367795689344,1.4694975075050793,0.09770808202653802,829,0.0,0.05548854041013269,0.887816646562123,1.0,0.6075051997639158,0.3661581432747287,,811,,S5_iid0,R2A
R2,A,0.0,0.0,2,high,30.0,16,range_s_P0,ekf,,0.2036657677777303,0.20935201803107162,0.03489227462939696,1.3880802052383518,0.1785191317579548,0.5514928992440903,1.5161250431272426,0.0,0.0,0.0,3.3209223004746837,0.905819955135028,0.017382413087934562,0.10429447852760736,0,195.60000000000002,979,0.9637747623651333,0.4104923231811639,0.0193003618817853,829,2.509120251720537,1.5662518373243908,0.10253317249698435,829,0.024125452352231604,0.03498190591073583,0.9457177322074789,0.9360675512665863,1.3848777021541216,0.17956878903295312,,811,,S5_iid0,R2A
R2,A,0.0,0.0,2,high,30.0,17,range_s_P0,ekf,,0.17967451434869586,0.11691625244343858,0.08529265957253925,2.4788053892824875,0.4268920385358256,0.27279546724975856,0.9427885289824798,0.0,0.0,0.0,4.234529356930249,1.0564586665526012,0.02044989775051125,0.1032719836400818,0,195.60000000000002,979,1.0898229454517119,0.43144206576863786,0.021712907117008462,829,2.393745646258062,1.4834309562003754,0.10012062726176119,829,0.0,0.022919179734620022,0.9420989143546441,1.0,2.4602308965987114,0.4303729749980598,,811,,S5_iid0,R2A
R2,A,0.0,0.0,2,high,30.0,18,range_s_P0,ekf,,0.23006173813341196,0.23087679322984594,0.02934251614022593,2.202944643223602,0.21859882565836644,0.5704192202815206,1.2715234268361517,0.0,0.0,0.0,3.6568828240183353,1.1235512185911547,0.02044989775051125,0.10020449897750511,0,195.60000000000002,979,1.160776898614843,0.4444305547931415,0.020506634499396825,829,2.48383861336482,1.52919123717674,0.09891435464414955,829,0.06272617611580217,0.028950542822677925,0.9420989143546441,0.9951749095295537,2.226755352023662,0.22049767751901567,,811,,S5_iid0,R2A
R2,A,0.0,0.0,2,high,30.0,19,range_s_P0,ekf,,0.4367349696649595,0.4010045009280198,0.23539216042236089,1.445098077176034,0.36845538741600203,1.0206829381805165,0.6819740656036123,0.0,0.0,0.0,5.232856419545663,1.1467988769003992,0.018404907975460124,0.09202453987730061,0,195.60000000000002,979,1.0875365957750514,0.3658214169663906,0.016887816646562137,829,2.4328504450320145,1.5211804691929638,0.09529553679131486,829,0.0,0.10735826296743065,0.8661037394451147,1.0,1.4148615014068346,0.37186951773294474,,811,,S5_iid0,R2A
R2,A,0.0,0.0,2,high,30.0,20,range_s_P0,ekf,,0.09438823620766544,0.047668987211666076,0.10187866097731592,0.6253822469563632,0.1665472008043521,0.7622880294221586,0.49938943620340187,0.0,0.0,0.0,1.9023939327552937,1.0633711577710698,0.02147239263803681,0.09815950920245399,0,195.60000000000002,979,1.0516280932206885,0.41461963102883287,0.0193003618817853,829,2.377198138580402,1.5046800574352934,0.10012062726176119,829,0.015681544028950542,0.0036188178528347406,0.9867310012062727,1.0,0.626639167717679,0.1679406848476809,,811,,S5_iid0,R2A
R2,A,0.0,0.0,2,high,30.0,21,range_s_P0,ekf,,0.0746029329869906,0.04429229960344961,0.0544919639854648,1.1328420500293164,0.3138232241405456,1.2483050163097456,1.040819477128706,0.0,0.0,0.0,4.6248838055701,1.21770476559252,0.018404907975460124,0.10429447852760736,0,195.60000000000002,979,1.2356012865165227,0.3975030239062318,0.0193003618817853,829,2.3682961815434043,1.4282932080503574,0.10373944511459587,829,0.0,0.05307599517490953,0.8974668275030157,1.0,1.1363298202149106,0.3170071834868453,,811,,S5_iid0,R2A
R2,A,0.0,0.0,2,high,30.0,22,range_s_P0,ekf,,0.2274671250018,0.1761581895129173,0.12203136580834752,0.9655995961081807,0.2719088838689839,0.07998082052490867,0.7102508836346798,0.0,0.0,0.0,2.85309132406269,1.3079207927030783,0.02556237218813906,0.10020449897750511,0,195.60000000000002,979,1.2540319827508155,0.41765534726568543,0.026537997587454787,829,2.5669354685237034,1.5661923888897094,0.10373944511459587,829,0.0,0.009650180940892641,0.9758745476477684,1.0,0.9756198884047829,0.27396330112720396,,811,,S5_iid0,R2A
R2,A,0.0,0.0,2,high,30.0,23,range_s_P0,ekf,,0.20384764541239075,0.15846605521345938,0.1355537737037067,1.195020468364206,0.34218054848623625,0.7958065634903823,0.5907984231507216,0.0,0.0,0.0,4.091678243992048,0.8870434314241651,0.017382413087934562,0.09202453987730061,0,195.60000000000002,979,0.9485176236173244,0.430402533656376,0.018094089264173663,829,2.3238816680126315,1.5399171285389355,0.08443908323281057,829,0.0,0.045838359469240045,0.9336550060313631,1.0,1.199852594655829,0.3447385642619408,,811,,S5_iid0,R2A
R2,A,0.0,0.0,2,high,30.0,24,range_s_P0,ekf,,0.26149806779880125,0.19390748309725217,0.22055763564963432,2.030458804282008,0.1747760671964277,0.5737163043100284,0.52631789316539,0.0,0.0,0.0,3.309898005658332,1.246522221131224,0.022494887525562373,0.1083844580777096,0,195.60000000000002,979,1.2358150035192241,0.4115646956620137,0.020506634499396825,829,2.4089966005800507,1.4686720245680769,0.10615199034981904,829,0.06272617611580217,0.08926417370325694,0.8890229191797346,1.0,2.028238171977867,0.1759663484631241,,811,,S5_iid0,R2A
R2,A,0.0,0.0,2,high,30.0,25,range_s_P0,ekf,,0.14710059381419532,0.09678022065099368,0.0814554111451268,3.2113236128826177,0.3457650747586851,0.06023789986766151,0.823941223580494,0.0,0.0,0.0,4.928774633407207,0.9447159371216571,0.016359918200409,0.10736196319018405,0,195.60000000000002,979,1.0354961862019254,0.3950946132672755,0.018094089264173663,829,2.4653332087775297,1.538570333138593,0.10977080820265384,829,0.0,0.061519903498190594,0.8468033775633294,0.6779252110977081,3.197010300639416,0.3491971213880526,,811,,S5_iid0,R2A
R2,A,0.0,0.0,2,high,30.0,26,range_s_P0,ekf,,0.05787284963129204,0.011556580598012883,0.11870185121277423,1.477118047890022,0.23609594025076217,1.0107982790620087,0.5254853617997032,0.0,0.0,0.0,2.7157138331426025,1.2469107328545566,0.024539877300613498,0.09202453987730061,0,195.60000000000002,979,1.1859107762226209,0.37552848994062193,0.024125452352231624,829,2.3284056698371787,1.5534693814795566,0.08564535585042221,829,0.008443908323281062,0.008443908323281062,0.9746682750301568,1.0,1.4926098189643524,0.23828254546999666,,811,,S5_iid0,R2A
R2,A,0.0,0.0,2,high,30.0,27,range_s_P0,ekf,,0.3871595496468374,0.3522070102735211,0.07654397598803156,0.9881005524399614,0.17827466133174072,0.14541770426763914,0.7940717984269269,0.0,0.0,0.0,3.068981745497675,0.9782323009464434,0.018404907975460124,0.12065439672801637,0,195.60000000000002,979,1.0082535341122356,0.35788388233070945,0.0193003618817853,829,2.437441649908084,1.4037053882730917,0.11338962605548852,829,0.0,0.016887816646562123,0.971049457177322,0.9831121833534379,0.994328104110147,0.1772593545927938,,811,,S5_iid0,R2A
R2,A,0.0,0.0,2,high,30.0,28,range_s_P0,ekf,,0.1599264667935579,0.09394212731699121,0.18158555477754604,1.4639622956310645,0.2441377038621751,0.19567483688701942,0.7442397849972346,0.0,0.0,0.0,3.072847576284553,1.2784934597654645,0.018404907975460124,0.09918200408997956,0,195.60000000000002,979,1.3696358289524362,0.43804662317294596,0.0193003618817853,829,2.4875705535831427,1.5288847164010477,0.10132689987937271,829,0.0,0.030156815440289506,0.9433051869722557,1.0,1.4314749888360234,0.24543618688848046,,811,,S5_iid0,R2A
R2,A,0.0,0.0,2,high,30.0,29,range_s_P0,ekf,,0.16469024942456514,0.16033657087480002,0.08182033766781824,2.303789009605115,0.23844641004472572,0.1311925730696687,0.7330573160352012,0.0,0.0,0.0,2.7730625168092544,1.16835683594327,0.017382413087934562,0.09918200408997956,0,195.60000000000002,979,1.1378624435806248,0.4219576879801726,0.016887816646562137,829,2.472421479833457,1.5829647159162656,0.09650180940892639,829,0.018094089264173704,0.013268998793727383,0.9577804583835947,0.9433051869722557,2.21362748491041,0.23791493364218644,,811,,S5_iid0,R2A
R2,A,0.0,0.0,2,high,30.0,30,range_s_P0,ekf,,0.15533220832739894,0.08814117087343719,0.1464563731168166,1.39683876663998,0.16573889331480993,0.31619146597081,0.7385396995849843,0.0,0.0,0.0,2.6446860752526766,1.3288227484439568,0.026584867075664622,0.09406952965235174,0,195.60000000000002,979,1.3351181626862036,0.3798216301945266,0.027744270205066313,829,2.458573600526734,1.5858300231265163,0.09408926417370322,829,0.024125452352231604,0.032569360675512665,0.9505428226779252,1.0,1.4057297911358067,0.166687738628153,,811,,S5_iid0,R2A
R2,A,0.0,0.0,2,high,30.0,31,range_s_P0,ekf,,0.07918914289221343,0.0618019074282013,0.055177339666438,1.1137713012731805,0.13041220439873344,0.08176262299350477,0.345928663922731,0.0,0.0,0.0,2.306711045234025,1.190713020115339,0.02556237218813906,0.09713701431492842,0,195.60000000000002,979,1.2537717631813523,0.4274474053624463,0.026537997587454787,829,2.3235271798183805,1.4448356958759982,0.10012062726176119,829,0.030156815440289506,0.026537997587454766,0.9469240048250904,1.0,1.0731983288275428,0.12460138631399933,,811,,S5_iid0,R2A
R2,A,0.0,0.0,2,high,30.0,32,range_s_P0,ekf,,0.16293755297234258,0.0954050137224558,0.04470021935763093,2.802893598132729,0.2581703259738764,0.312483207964107,0.39007146193971826,0.0,0.0,0.0,3.4516707580863346,1.0491050541039273,0.012269938650306749,0.11860940695296524,0,195.60000000000002,979,1.1050789468386926,0.4448899525456602,0.010856453558504175,829,2.669955102493678,1.5281194480997455,0.12183353437876965,829,0.008443908323281062,0.038600723763570564,0.9264173703256936,0.8974668275030157,2.748546691727641,0.2586787763137645,,811,,S5_iid0,R2A
R2,A,0.0,0.0,2,high,30.0,33,range_s_P0,ekf,,0.20798248781456521,0.1454718904262933,0.10512136657894633,0.8650151700353245,0.25229246637123137,0.07419423611816008,1.1159999195782306,0.0,0.0,0.0,3.3502258464779144,0.9235959434310407,0.016359918200409,0.10531697341513292,0,195.60000000000002,979,0.8884563979263994,0.3738598618866507,0.016887816646562137,829,2.4578913457656726,1.518089016668091,0.09891435464414955,829,0.0036188178528347406,0.021712907117008445,0.9493365500603136,1.0,0.873574346385055,0.25488015481782567,,811,,S5_iid0,R2A
R2,A,0.0,0.0,2,high,30.0,34,range_s_P0,ekf,,0.21017220194560324,0.15986491911904693,0.0958216311295873,2.825470633399792,0.3345084313765817,1.3268317355485941,0.557724470794985,0.0,0.0,0.0,4.581860254214583,1.0666828720645782,0.02147239263803681,0.09406952965235174,0,195.60000000000002,979,1.07549492489871,0.3821233642733576,0.021712907117008462,829,2.318944704834922,1.4652227734696368,0.09047044632086854,829,0.0,0.07599517490952955,0.8516284680337757,0.8962605548854041,2.7997134829717836,0.33733115149918574,,811,,S5_iid0,R2A
R2,A,0.0,0.0,2,high,30.0,35,range_s_P0,ekf,,0.16412437250341905,0.22428306827533964,0.13511649691885363,2.0577765912405845,0.20427577402997318,0.34039395020896085,0.5737305700330935,0.0,0.0,0.0,3.1065101956497907,0.8590632830507982,0.015337423312883436,0.09815950920245399,0,195.60000000000002,979,0.7865003875537779,0.37431149056127416,0.013268998793727338,829,2.346294439224306,1.4563053138898092,0.09770808202653802,829,0.010856453558504222,0.04342581423401689,0.9384800965018094,0.9987937273823885,2.0798372343750473,0.2056546727989516,,811,,S5_iid0,R2A
R2,A,0.0,0.0,2,high,30.0,36,range_s_P0,ekf,,0.1309735918533926,0.16950355749516285,0.11164633209031379,1.5066627744436583,0.2831463129401889,0.5746202873304587,0.8183597476336311,0.0,0.0,0.0,3.3791200254696028,0.7535406515404459,0.013292433537832311,0.08997955010224949,0,195.60000000000002,979,0.7844544292470735,0.359500799997246,0.013268998793727338,829,2.2090625813455196,1.4499872430840193,0.08805790108564537,829,0.008443908323281062,0.019300361881785282,0.9505428226779252,1.0,1.5085610557717146,0.2861669997561297,,811,,S5_iid0,R2A
R2,A,0.0,0.0,2,high,30.0,37,range_s_P0,ekf,,0.2007398172042894,0.13238226116646992,0.1081585824837688,2.944339107011036,0.33423447660778205,0.9776802739790127,0.7317045586153567,0.0,0.0,0.0,4.741581644617874,0.7497957005445587,0.016359918200409,0.1032719836400818,0,195.60000000000002,979,0.7880000451371653,0.37685111836109075,0.018094089264173663,829,2.4111770961276693,1.4803286671310318,0.10373944511459587,829,0.0,0.07840772014475271,0.8817852834740652,0.8455971049457177,2.9396933559635996,0.3374358372499875,,811,,S5_iid0,R2A
R2,A,0.0,0.0,2,high,30.0,38,range_s_P0,ekf,,0.3023376000247606,0.24189693596166006,0.1467482871733506,2.673376272621698,0.28071129808849016,0.8206997100613165,0.8960280437986317,0.0,0.0,0.0,4.586746477403425,1.1205712856661267,0.022494887525562373,0.08793456032719836,0,195.60000000000002,979,1.1779940602069243,0.41781877754002117,0.022919179734619988,829,2.3716119972539143,1.6607324976067277,0.08564535585042221,829,0.0,0.061519903498190594,0.8974668275030157,0.850422195416164,2.6875391050111808,0.2835651435224597,,811,,S5_iid0,R2A
R2,A,0.0,0.0,2,high,30.0,39,range_s_P0,ekf,,0.15319222954238934,0.18647943221980517,0.044167139783411816,0.9619207036623835,0.12371521114872479,0.5724182865249848,0.6201888911707321,0.0,0.0,0.0,1.9781448994086372,1.1929636372354657,0.02147239263803681,0.09815950920245399,0,195.60000000000002,979,1.3120720477737418,0.35082030860813607,0.024125452352231624,829,2.394976007473846,1.5257343261235485,0.09167671893848006,829,0.022919179734620022,0.008443908323281062,0.985524728588661,1.0,0.9638343687043722,0.1244424358704365,,811,,S5_iid0,R2A
R2,A,0.0,0.0,2,high,30.0,40,range_s_P0,ekf,,0.18764170310305803,0.19355568443822346,0.16723761826003253,1.3321679342658033,0.20213741293153745,0.6950323419185408,0.5787202888442979,0.0,0.0,0.0,2.412772358859715,1.3368677630431651,0.02147239263803681,0.09713701431492842,0,195.60000000000002,979,1.2909457449729032,0.3856492402746439,0.021712907117008462,829,2.39259446900978,1.4378865071933868,0.09529553679131486,829,0.020506634499396863,0.0048250904704463205,0.985524728588661,1.0,1.3210377484678575,0.20372066089545238,,811,,S5_iid0,R2A
R2,A,0.0,0.0,2,high,30.0,41,range_s_P0,ekf,,0.10082136628382062,0.0748747882045118,0.043515763552854005,2.1291106370471797,0.3431187399917352,0.1554266354018207,0.371443596679778,0.0,0.0,0.0,2.320740523293802,1.1986492543777356,0.022494887525562373,0.0787321063394683,0,195.60000000000002,979,1.1794274669189377,0.37907311792374837,0.022919179734619988,829,2.1353392387994647,1.4141982023941344,0.07478890229191792,829,0.05066344993968637,0.0,0.9951749095295537,1.0,2.050205231645877,0.34436774843896223,,811,,S5_iid0,R2A
R2,A,0.0,0.0,2,high,30.0,42,range_s_P0,ekf,,0.26498334454123024,0.20387000812874487,0.054499137024061846,3.551615248860913,0.4214883150884232,0.4748964208580608,0.6244915020094634,0.0,0.0,0.0,5.061113520806312,1.1067523977280829,0.02044989775051125,0.10122699386503067,0,195.60000000000002,979,1.0930240625580123,0.4399424967629514,0.021712907117008462,829,2.3899888560655618,1.480192701512295,0.10132689987937271,829,0.0,0.11218335343787696,0.7949336550060314,0.6948130277442702,3.5251710492104853,0.42524219554648096,,811,,S5_iid0,R2A
R2,A,0.0,0.0,2,high,30.0,43,range_s_P0,ekf,,0.269285907049246,0.2071909341358399,0.18454129261413962,1.458355508753516,0.19203850028380728,0.0040047218052116865,1.4870326608544076,0.0,0.0,0.0,4.146603948231669,1.2558937569034547,0.02147239263803681,0.10020449897750511,0,195.60000000000002,979,1.3254982591609885,0.4460083662211636,0.022919179734619988,829,2.4425548541505715,1.5176566108155836,0.10132689987937271,829,0.0,0.05307599517490953,0.9034981905910736,0.9589867310012062,1.3031022077671122,0.19263197152693767,,811,,S5_iid0,R2A
R2,A,0.0,0.0,2,high,30.0,44,range_s_P0,ekf,,0.5597146282905676,0.49837023466438346,0.14265830286416661,1.4796327751206693,0.21978270955021764,0.4530531565914375,0.5950184350579057,0.0,0.0,0.0,3.6486509617945986,1.4874659736490186,0.02965235173824131,0.1032719836400818,0,195.60000000000002,979,1.417757696408514,0.4688744711335561,0.026537997587454787,829,2.616509974142657,1.5863341120015866,0.10615199034981904,829,0.0012062726176115801,0.0735826296743064,0.9010856453558505,1.0,1.4765334170142723,0.22140593275487155,,811,,S5_iid0,R2A
R2,A,0.0,0.0,2,high,30.0,45,range_s_P0,ekf,,0.319121607815815,0.29853003996738225,0.11395274621054827,2.7442994650954837,0.500858259209172,0.34397011033130703,0.9283791192623392,0.0,0.0,0.0,6.093799726902402,1.0989209823361266,0.017382413087934562,0.10531697341513292,0,195.60000000000002,979,1.0988120429362054,0.3684014745611642,0.0156815440289505,829,2.4490108019091816,1.5422771646017153,0.09891435464414955,829,0.0,0.16284680337756333,0.7611580217129071,0.9083232810615199,2.614714972379307,0.500880862730944,,811,,S5_iid0,R2A
R2,A,0.0,0.0,2,high,30.0,46,range_s_P0,ekf,,0.154124002212262,0.08591572572616063,0.17332024293604611,3.8600475948661277,0.38834554803453636,0.0847369275645445,0.6694167992234474,0.0,0.0,0.0,6.138328947245664,1.1295752920883424,0.019427402862985686,0.1114519427402863,0,195.60000000000002,979,1.1123805151961363,0.3780363285751438,0.018094089264173663,829,2.5711587972754963,1.513928446283188,0.10977080820265384,829,0.0036188178528347406,0.24607961399276237,0.6984318455971049,0.6827503015681544,3.7926382534884793,0.3891885446990778,,811,,S5_iid0,R2A
R2,A,0.0,0.0,2,high,30.0,47,range_s_P0,ekf,,0.23586447224154558,0.2357363523512584,0.07003054481604272,1.4534784323321759,0.28653589864715506,0.23377589157728826,0.6575486449024028,0.0,0.0,0.0,2.8168157395402442,1.1786564871624676,0.024539877300613498,0.09406952965235174,0,195.60000000000002,979,1.2790421674037427,0.39806372549528846,0.026537997587454787,829,2.324195100598955,1.5460933985586307,0.09047044632086854,829,0.015681544028950542,0.015681544028950542,0.9638118214716526,1.0,1.4641158950125601,0.2890892905541445,,811,,S5_iid0,R2A
R2,A,0.0,0.0,2,high,30.0,48,range_s_P0,ekf,,0.24081317040595307,0.17777484821490155,0.10072416209619901,0.9213954067147322,0.21275971600287213,0.5363934164455751,1.142632868466704,0.0,0.0,0.0,2.9655445232799673,0.8109593179583455,0.015337423312883436,0.11451942740286299,0,195.60000000000002,979,0.7002163715342906,0.4142723757223383,0.013268998793727338,829,2.6580250917797286,1.5632354719400132,0.11338962605548852,829,0.0,0.007237635705669481,0.9831121833534379,1.0,0.92667784635968,0.21493357545813394,,811,,S5_iid0,R2A
R2,A,0.0,0.0,2,high,30.0,49,range_s_P0,ekf,,0.0792716266453438,0.1416915141790507,0.09525811539035946,1.6021483957908669,0.461669933906273,0.5103757143016933,1.0624532913715568,0.0,0.0,0.0,6.731131255511281,1.0779528735506052,0.02044989775051125,0.09713701431492842,0,195.60000000000002,979,1.0156969094263963,0.3770772450303612,0.018094089264173663,829,2.4103220540487427,1.517738658220701,0.09770808202653802,829,0.0,0.1519903498190591,0.7551266586248492,1.0,1.604177959347295,0.4653268759251246,,811,,S5_iid0,R2A
R2,A,0.0,0.0,0,low,30.0,0,range_s_P0,ekf,,0.25742602066309433,0.19109232159565948,0.1392418803995136,4.4793026295233425,0.8940431389713954,1.3878693349407645,2.4225811677501086,0.0,0.0,0.0,30.269856349650503,1.0144423776630198,0.02147239263803681,0.08895705521472393,0,195.60000000000002,979,1.1707992340525313,0.41000237662990857,0.02533172496984315,829,2.3518164844203975,1.519042297240447,0.0928829915560917,829,0.0,0.7840772014475271,0.1881785283474065,0.49819059107358266,4.512081464151592,0.9033259064902438,,811,,S6_realdem,R2A
R2,A,0.0,0.0,0,low,30.0,1,range_s_P0,ekf,,0.29121398538751914,0.22500086333864147,0.208093291830619,3.6179583586615696,0.9739551273152922,0.7529122576592457,1.657328669022019,0.0,0.0,0.0,25.902131337125468,0.983704693117808,0.018404907975460124,0.12269938650306748,0,195.60000000000002,979,1.141662877200437,0.39321375831260785,0.021712907117008462,829,2.699599211737566,1.5802838508010593,0.12303980699638117,829,0.0,0.856453558504222,0.022919179734620022,0.6489746682750301,3.6387101142686387,0.9831472321524218,,811,,S6_realdem,R2A
R2,A,0.0,0.0,0,low,30.0,2,range_s_P0,ekf,,0.11212491214291662,0.1155939907319183,0.06093005670150723,4.650335968200646,0.8140125952501075,1.920437266073353,2.6908736201657084,0.0,0.0,0.0,28.664225247173086,1.013221889607409,0.022494887525562373,0.11247443762781185,0,195.60000000000002,979,1.1655864333136008,0.412562303949996,0.026537997587454787,829,2.443741286185387,1.4760261826021739,0.112183353437877,829,0.0,0.6803377563329313,0.26537997587454765,0.25934861278648974,4.697287165963657,0.8229488355474721,,811,,S6_realdem,R2A
R2,A,0.0,0.0,0,low,30.0,3,range_s_P0,ekf,,0.18683619689345435,0.14756139125069248,0.06283162341363871,4.83090847287746,1.158442900077041,1.7381205999725986,2.5518941520149023,0.0,0.0,0.0,42.58700854569363,0.9983720989728062,0.022494887525562373,0.08895705521472393,0,195.60000000000002,979,1.158216718399147,0.39945239015583034,0.026537997587454787,829,2.315114633990405,1.4817362108055023,0.0928829915560917,829,0.0,0.9010856453558505,0.022919179734620022,0.3715319662243667,4.850045867792365,1.169615313047756,,811,,S6_realdem,R2A
R2,A,0.0,0.0,0,low,30.0,4,range_s_P0,ekf,,0.09224850607137713,0.15138116549470035,0.15695196175590045,4.5083477776292815,1.027787406710917,1.8908365962308338,2.486956159197414,0.0,0.0,0.0,34.34572327404674,1.0164358484771792,0.022494887525562373,0.10224948875255624,0,195.60000000000002,979,1.1810190272217487,0.4089620595900814,0.026537997587454787,829,2.4984534286981175,1.511569977451622,0.10012062726176119,829,0.0,0.752714113389626,0.20868516284680338,0.5464414957780458,4.543090140877055,1.0384553602053213,,811,,S6_realdem,R2A
R2,A,0.0,0.0,0,low,30.0,5,range_s_P0,ekf,,0.1715708327566078,0.1478337648800674,0.04313541884778779,3.9833935165623844,0.9883033335948458,1.1074300606931742,1.9655398521491854,0.0,0.0,0.0,29.00297398459716,0.9903524751033792,0.018404907975460124,0.10531697341513292,0,195.60000000000002,979,1.1518927950265703,0.41120591436228154,0.021712907117008462,829,2.4357911525842653,1.561168504371485,0.10132689987937271,829,0.0,0.6525934861278649,0.2955367913148372,0.6164053075995175,4.007689225969006,0.9982351624183597,,811,,S6_realdem,R2A
R2,A,0.0,0.0,0,low,30.0,6,range_s_P0,ekf,,0.36710837081811165,0.2987648054119629,0.09211704458648963,4.574694748344002,0.8864595662554422,1.3861345025209182,2.1857301756305056,0.0,0.0,0.0,28.89496458211312,1.004310454269586,0.019427402862985686,0.09304703476482618,0,195.60000000000002,979,1.1550826268297416,0.4090431294718009,0.022919179734619988,829,2.336208323893194,1.4912199302551437,0.09408926417370322,829,0.0,0.7478890229191797,0.21109770808202655,0.5536791314837153,4.607938437102495,0.8958168424575997,,811,,S6_realdem,R2A
R2,A,0.0,0.0,0,low,30.0,7,range_s_P0,ekf,,0.164437917247396,0.15867928676300236,0.009525970053737459,4.2284668686484235,0.8183279817532961,1.0716428365662996,2.1221667334956362,0.0,0.0,0.0,22.33206353393168,0.9938035106456752,0.018404907975460124,0.09611451942740286,0,195.60000000000002,979,1.1469319703049465,0.41658203359804385,0.021712907117008462,829,2.400529141868097,1.4288766443837242,0.09770808202653802,829,0.0,0.6513872135102533,0.31845597104945716,0.5983112183353438,4.259052739164431,0.8268914380095219,,811,,S6_realdem,R2A
R2,A,0.0,0.0,0,low,30.0,8,range_s_P0,ekf,,0.0708966745794999,0.09006095425092757,0.02913052556385409,4.701904854436332,1.05140718964903,1.2812169721111915,2.463580664370845,0.0,0.0,0.0,36.881879850407046,1.0089257725497598,0.02044989775051125,0.09918200408997956,0,195.60000000000002,979,1.1667172129674255,0.41708520781987024,0.024125452352231624,829,2.376828196590954,1.468261392184752,0.09770808202653802,829,0.0,0.8347406513872135,0.12303980699638119,0.5331724969843185,4.727614102678982,1.0614633427397062,,811,,S6_realdem,R2A
R2,A,0.0,0.0,0,low,30.0,9,range_s_P0,ekf,,0.08652967180600607,0.08153132115861383,0.04983252861821383,4.6246548705603905,0.9407082028995409,1.2322079056872948,2.5565931807897577,0.0,0.0,0.0,28.847608464825576,1.0139344458271238,0.022494887525562373,0.09202453987730061,0,195.60000000000002,979,1.1721590411780995,0.41141845792008297,0.026537997587454787,829,2.377431720457908,1.583320005918074,0.08805790108564537,829,0.0,0.7599517490952955,0.19903498190591074,0.5355850422195416,4.650271514120766,0.9497311514099164,,811,,S6_realdem,R2A
R2,A,0.0,0.0,0,low,30.0,10,range_s_P0,ekf,,0.15471348983324607,0.1289121017383497,0.08852005831760365,3.951701727295286,1.1185533396428429,1.4052469663307232,1.6722251581537906,0.0,0.0,0.0,32.27733334788728,0.975730061840066,0.018404907975460124,0.1032719836400818,0,195.60000000000002,979,1.1322817897641204,0.37752646441042775,0.021712907117008462,829,2.522017569391525,1.5741537465468638,0.10132689987937271,829,0.0,0.9420989143546441,0.016887816646562123,0.6767189384800965,3.9616265563268,1.1286952543938755,,811,,S6_realdem,R2A
R2,A,0.0,0.0,0,low,30.0,11,range_s_P0,ekf,,0.23389835494611028,0.16976359778560765,0.12313149240575214,4.591375951644766,0.88084620324945,1.1368758008625643,2.555122313252089,0.0,0.0,0.0,30.30686132519725,1.0223528629311351,0.023517382413087935,0.11758691206543967,0,195.60000000000002,979,1.1749495249214505,0.4017307955205885,0.027744270205066313,829,2.6651536495087673,1.5082067258322012,0.11580217129071169,829,0.0,0.7430639324487334,0.22919179734620024,0.4620024125452352,4.628458086205625,0.8902913232654831,,811,,S6_realdem,R2A
R2,A,0.0,0.0,0,low,30.0,12,range_s_P0,ekf,,0.25055307128245524,0.21218764120355652,0.018368371130286977,4.794218352450255,0.8226996494185967,1.8111687129334708,2.908761812934983,0.0,0.0,0.0,31.240593708609197,1.0429638113339492,0.023517382413087935,0.10633946830265849,0,195.60000000000002,979,1.1898400735586423,0.4219707001539367,0.027744270205066313,829,2.622373951182568,1.5714608559700425,0.11459589867310016,829,0.0012062726176115801,0.6743063932448733,0.2822677925211098,0.23281061519903498,4.845832104477199,0.8317676970742597,,811,,S6_realdem,R2A
R2,A,0.0,0.0,0,low,30.0,13,range_s_P0,ekf,,0.006970881628398678,0.07113089671805818,0.09699582047394344,4.553623898070793,1.0975778703442833,1.8059913686911095,2.078033513170366,0.0,0.0,0.0,34.170469849047954,0.9920501262313672,0.018404907975460124,0.08282208588957055,0,195.60000000000002,979,1.1486741381801775,0.40038957742434717,0.021712907117008462,829,2.3395062592222184,1.5124935652840554,0.08805790108564537,829,0.0,0.8721351025331725,0.0735826296743064,0.5150784077201448,4.556304021470878,1.1071646010081853,,811,,S6_realdem,R2A
R2,A,0.0,0.0,0,low,30.0,14,range_s_P0,ekf,,0.061218403001278746,0.010103022086373715,0.0496008981910203,4.138138518012534,0.9805279123510072,1.8223974389778936,1.8263589703435066,0.0,0.0,0.0,28.636695410540774,0.9778245440186475,0.018404907975460124,0.10633946830265849,0,195.60000000000002,979,1.1310024273658656,0.38728316027276843,0.021712907117008462,829,2.6867287879697748,1.6045976639243196,0.11580217129071169,829,0.0,0.7237635705669482,0.195416164053076,0.5741857659831122,4.171988068426064,0.9902962692951948,,811,,S6_realdem,R2A
R2,A,0.0,0.0,0,low,30.0,15,range_s_P0,ekf,,0.01228138770838372,0.0804164610852869,0.09603868051879286,4.859829944732517,1.0846444175470107,1.1789553115279452,2.47176681465277,0.0,0.0,0.0,38.959386250400684,1.0096263790280213,0.02044989775051125,0.10429447852760736,0,195.60000000000002,979,1.168730478327192,0.41156400224693745,0.024125452352231624,829,2.4413624284294584,1.4380948403536384,0.10494571773220751,829,0.0,0.887816646562123,0.06393244873341375,0.4427020506634499,4.8748637224992395,1.0947961827227368,,811,,S6_realdem,R2A
R2,A,0.0,0.0,0,low,30.0,16,range_s_P0,ekf,,0.18005603302010106,0.15981495227256792,0.0523822635484524,4.552667154545793,1.0682496810908455,1.4042235414041402,2.221745316113838,0.0,0.0,0.0,35.582238897296854,0.9926001532499851,0.019427402862985686,0.09304703476482618,0,195.60000000000002,979,1.149516063629906,0.40746144666279394,0.022919179734619988,829,2.3568354041425352,1.5600687422002502,0.0928829915560917,829,0.0,0.7852834740651388,0.11218335343787696,0.5838359469240049,4.574568132314246,1.0785179995120722,,811,,S6_realdem,R2A
R2,A,0.0,0.0,0,low,30.0,17,range_s_P0,ekf,,0.4153988982559067,0.35557789194615724,0.15875220721656416,4.271694248748604,1.1957099465527858,0.818371045181633,1.7679219214924258,0.0,0.0,0.0,39.76847987957866,0.9845271021200888,0.018404907975460124,0.09815950920245399,0,195.60000000000002,979,1.1451358909497202,0.39725985911057254,0.021712907117008462,829,2.546284196535986,1.589754468902783,0.09891435464414955,829,0.0,0.9638118214716526,0.018094089264173704,0.6405307599517491,4.271543984261498,1.2068357402432497,,811,,S6_realdem,R2A
R2,A,0.0,0.0,0,low,30.0,18,range_s_P0,ekf,,0.23669829866868186,0.2132101042793516,0.054777929199923955,3.5058282398391265,0.8586684008951313,1.3186361628572443,1.6230161073250078,0.0,0.0,0.0,20.226775815332374,0.9811568304041216,0.018404907975460124,0.11042944785276074,0,195.60000000000002,979,1.138511729504177,0.3855524223633193,0.021712907117008462,829,2.582950973591022,1.5618939973428583,0.11097708082026536,829,0.0,0.6996381182147166,0.2436670687575392,0.6863691194209891,3.5357315788124892,0.8677988743890539,,811,,S6_realdem,R2A
R2,A,0.0,0.0,0,low,30.0,19,range_s_P0,ekf,,0.18015266186350876,0.20724153013998345,0.1123800205395997,3.602693585655322,0.8407106252197133,1.6567762589413975,1.572861273568471,0.0,0.0,0.0,19.27568363119865,0.9846916194171482,0.019427402862985686,0.12269938650306748,0,195.60000000000002,979,1.1360602943377014,0.37222827545137127,0.022919179734619988,829,2.7444579574863237,1.5342801521418294,0.12062726176115801,829,0.0,0.6477683956574186,0.3172496984318456,0.6875753920386007,3.637283818130873,0.8497481986440001,,811,,S6_realdem,R2A
R2,A,0.0,0.0,0,low,30.0,20,range_s_P0,ekf,,0.2900742239971742,0.22599505624209817,0.145441881197721,3.9521155408203255,0.6540926266220445,1.5161759820561258,1.820186984092497,0.0,0.0,0.0,18.89975441460573,1.0048237789122363,0.018404907975460124,0.1083844580777096,0,195.60000000000002,979,1.1510876391434028,0.3932754624901332,0.021712907117008462,829,2.632163188866873,1.5456330477556692,0.11700844390832332,829,0.0,0.7370325693606755,0.23401688781664656,0.5597104945717732,3.9953842620810924,0.6609730284946119,,811,,S6_realdem,R2A
R2,A,0.0,0.0,0,low,30.0,21,range_s_P0,ekf,,0.27020423007855837,0.2194568465438023,0.22508129423817508,4.480721775242931,0.9996790659669009,1.308426479445469,2.257879632512307,0.0,0.0,0.0,34.48612690436788,0.998849801880994,0.019427402862985686,0.11860940695296524,0,195.60000000000002,979,1.156268942051055,0.40792687029919056,0.022919179734619988,829,2.673548000246037,1.528413490203213,0.11942098914354649,829,0.0,0.8190591073582629,0.13027744270205066,0.5500603136308806,4.516973996543178,1.0099806575319625,,811,,S6_realdem,R2A
R2,A,0.0,0.0,0,low,30.0,22,range_s_P0,ekf,,0.1890066670643333,0.12818046624978852,0.08514610514208949,4.842922797358215,1.18946445924862,1.6555805433466515,2.037447180737969,0.0,0.0,0.0,45.04535352658496,0.9839092447160637,0.018404907975460124,0.1083844580777096,0,195.60000000000002,979,1.1432593479034852,0.39344191645430193,0.021712907117008462,829,2.3951071156864376,1.4377715138886622,0.1085645355850422,829,0.0,0.9963811821471653,0.0,0.3088057901085645,4.845797639807429,1.200317312774517,,811,,S6_realdem,R2A
R2,A,0.0,0.0,0,low,30.0,23,range_s_P0,ekf,,0.11635103443195209,0.07780880972073027,0.06158466361843884,4.675000918054013,0.9626715366137526,1.389001745175117,2.4862863257612866,0.0,0.0,0.0,30.99577517385075,1.0236348401000006,0.022494887525562373,0.11042944785276074,0,195.60000000000002,979,1.1804454207297854,0.40833471682938227,0.026537997587454787,829,2.471673554613981,1.4811983973039224,0.10977080820265384,829,0.0,0.7201447527141134,0.21230398069963813,0.5572979493365501,4.700826998007983,0.9723120380710788,,811,,S6_realdem,R2A
R2,A,0.0,0.0,0,low,30.0,24,range_s_P0,ekf,,0.13573128858376063,0.16268689291972346,0.0834196561870457,4.950889623115799,1.0520205597600671,1.9478131994939663,2.4432425281573016,0.0,0.0,0.0,34.69587577975583,1.0071614912870859,0.019427402862985686,0.10633946830265849,0,195.60000000000002,979,1.156332910869458,0.4127945373203202,0.022919179734619988,829,2.4588179646202257,1.4958332153674951,0.10373944511459587,829,0.0,0.7490952955367913,0.17611580217129072,0.25934861278648974,4.967314174877394,1.0621894921781052,,811,,S6_realdem,R2A
R2,A,0.0,0.0,0,low,30.0,25,range_s_P0,ekf,,0.08539704044044986,0.0558689327629645,0.06723999806453959,4.35097089514465,0.8425565604528233,1.4545632362322776,2.4726561363755115,0.0,0.0,0.0,26.377918630482988,1.0052337146075958,0.02147239263803681,0.10531697341513292,0,195.60000000000002,979,1.1634906315709954,0.41450515223189555,0.02533172496984315,829,2.5675673484054107,1.6127630366602452,0.11097708082026536,829,0.0,0.6670687575392038,0.3172496984318456,0.5995174909529554,4.382325345074045,0.8513205767572396,,811,,S6_realdem,R2A
R2,A,0.0,0.0,0,low,30.0,26,range_s_P0,ekf,,0.1240723481063055,0.0699516925419474,0.046990585688898495,4.3433257537030885,0.8029317608441048,1.518175595498909,2.284040269135745,0.0,0.0,0.0,23.857917516255966,1.0121327550721426,0.02044989775051125,0.09202453987730061,0,195.60000000000002,979,1.1670093191877255,0.411957717276007,0.024125452352231624,829,2.371732023952487,1.4883902541587488,0.09529553679131486,829,0.0,0.6369119420989143,0.330518697225573,0.586248492159228,4.38614354070385,0.811709113553737,,811,,S6_realdem,R2A
R2,A,0.0,0.0,0,low,30.0,27,range_s_P0,ekf,,0.41389497924527285,0.40761518609429387,0.12131916654407467,4.4292093868618965,0.8437179316528174,1.5782989949986619,2.3363758670730563,0.0,0.0,0.0,25.321516026919504,1.0234733079190144,0.02147239263803681,0.1196319018404908,0,195.60000000000002,979,1.1729539046396327,0.4094609031621587,0.02533172496984315,829,2.4938543015466044,1.4508399126776106,0.11459589867310016,829,0.0,0.6357056694813028,0.3486127864897467,0.5778045838359469,4.465305863643766,0.8527749318928979,,811,,S6_realdem,R2A
R2,A,0.0,0.0,0,low,30.0,28,range_s_P0,ekf,,0.15415981538201648,0.14060243871864767,0.054822816078200776,4.287385245190021,0.9987707179091798,1.7282810017607968,1.9951250059698666,0.0,0.0012062726176115801,0.0,30.140346671709477,0.9800578376992081,0.018404907975460124,0.10020449897750511,0,195.60000000000002,979,1.130521423976679,0.3986813758782556,0.021712907117008462,829,2.3253178808814696,1.492539431933176,0.09770808202653802,829,0.0,0.738238841978287,0.19300361881785283,0.4957780458383595,4.325681191278099,1.0091331182235082,,811,,S6_realdem,R2A
R2,A,0.0,0.0,0,low,30.0,29,range_s_P0,ekf,,0.11903373542843061,0.08146753813173307,0.03991873140048669,4.335299985287046,0.9762438619677187,1.4110277957487045,1.935840752013758,0.0,0.0,0.0,29.027048697405142,0.9917426024806226,0.018404907975460124,0.10429447852760736,0,195.60000000000002,979,1.1451211790291909,0.398566408961743,0.021712907117008462,829,2.4934048866389316,1.5998277673152244,0.10132689987937271,829,0.0,0.7515078407720145,0.2074788902291918,0.5971049457177322,4.361700391874497,0.9859637110117602,,811,,S6_realdem,R2A
R2,A,0.0,0.0,0,low,30.0,30,range_s_P0,ekf,,0.22721086830986081,0.15896198317227916,0.19555980305248324,4.81380074833289,0.9538518225950271,0.7921843344768872,2.728463377841623,0.0,0.0,0.0,35.44439701203819,1.0266817733987215,0.023517382413087935,0.11247443762781185,0,195.60000000000002,979,1.1866625769499106,0.4217399636304632,0.027744270205066313,829,2.56742960327011,1.5348562425916723,0.11097708082026536,829,0.0,0.7901085645355851,0.17852834740651388,0.5186972255729795,4.854958364608521,0.9635468347132742,,811,,S6_realdem,R2A
R2,A,0.0,0.0,0,low,30.0,31,range_s_P0,ekf,,0.04797556160780449,0.08411327009918432,0.02777229652881476,4.167879796716535,0.9534120824979615,1.217687669484944,1.7898893421219217,0.0,0.0,0.0,25.61475448332785,0.9732882825070139,0.018404907975460124,0.1032719836400818,0,195.60000000000002,979,1.1292210413978285,0.39078285855219014,0.021712907117008462,829,2.4418451297899058,1.5108146548561832,0.09770808202653802,829,0.0,0.7310012062726177,0.2195416164053076,0.6224366706875754,4.186659939285016,0.9627778868791665,,811,,S6_realdem,R2A
R2,A,0.0,0.0,0,low,30.0,32,range_s_P0,ekf,,0.14723835411135616,0.08264741858811614,0.029929931007729626,3.9283675465950942,0.7784193878560529,1.3957550040851023,2.025065631343122,0.0,0.0,0.0,20.304990815325528,1.0049372799011702,0.018404907975460124,0.09406952965235174,0,195.60000000000002,979,1.155886106920608,0.4117131126614613,0.021712907117008462,829,2.398595540868554,1.5388698593712822,0.0892641737032569,829,0.0,0.6284680337756333,0.3293124246079614,0.6151990349819059,3.9633965519711443,0.7867449522723359,,811,,S6_realdem,R2A
R2,A,0.0,0.0,0,low,30.0,33,range_s_P0,ekf,,0.2517205542721884,0.1837957148813662,0.10635281559800448,4.153235224970398,1.0815093584978022,1.4102392126623868,1.7413011151800606,0.0,0.0,0.0,36.92539791890084,0.9859254544154507,0.018404907975460124,0.09406952965235174,0,195.60000000000002,979,1.138703607486442,0.3895895213097221,0.021712907117008462,829,2.390846764788314,1.4998531855575585,0.0928829915560917,829,0.0,0.827503015681544,0.12907117008443908,0.6332931242460796,4.1887121217805845,1.092841183037598,,811,,S6_realdem,R2A
R2,A,0.0,0.0,0,low,30.0,34,range_s_P0,ekf,,0.2621573665419534,0.23816513273792655,0.12476156973968504,5.035220665740103,1.144677041029892,1.3395658573102227,2.7970230399449973,0.0,0.0,0.0,46.227997747310006,1.0131763949476682,0.022494887525562373,0.11042944785276074,0,195.60000000000002,979,1.1758812721861096,0.4161400012552448,0.026537997587454787,829,2.518700483987125,1.554890614184757,0.11097708082026536,829,0.0,0.9155609167671894,0.039806996381182146,0.28950542822677927,5.041158779431533,1.1556064673680297,,811,,S6_realdem,R2A
R2,A,0.0,0.0,0,low,30.0,35,range_s_P0,ekf,,0.1297779836758065,0.07847804073215095,0.1637839328982504,4.737241382132577,1.1496689309504855,0.9900891802046409,2.5719369259374334,0.0,0.0012062726176115801,0.0,46.98253475840738,1.0177025002819795,0.022494887525562373,0.11042944785276074,0,195.60000000000002,979,1.176494696634639,0.4108658830456338,0.026537997587454787,829,2.5852311488202617,1.6088897128101682,0.1085645355850422,829,0.0,0.9987937273823885,0.0,0.4813027744270205,4.759918411739217,1.1604857911526931,,811,,S6_realdem,R2A
R2,A,0.0,0.0,0,low,30.0,36,range_s_P0,ekf,,0.02732271648707818,0.08077834955913975,0.047432387690147106,4.112450721027333,0.9280801776308865,1.4771906239353076,1.8910799397894478,0.0,0.0,0.0,25.98978124370199,0.9817422541465856,0.018404907975460124,0.09202453987730061,0,195.60000000000002,979,1.135726915437867,0.39356828166518604,0.021712907117008462,829,2.365246018502897,1.4713072582925992,0.0928829915560917,829,0.0,0.7177322074788902,0.23642943305186973,0.6151990349819059,4.152091285646744,0.9378111028014227,,811,,S6_realdem,R2A
R2,A,0.0,0.0,0,low,30.0,37,range_s_P0,ekf,,0.04395972567091512,0.10074645366470301,0.12302227577653589,4.608135574686553,0.8511682862514683,1.856737568183331,2.397300030671931,0.0,0.0036188178528347406,0.0,29.11480405157974,1.01380285383835,0.02147239263803681,0.11451942740286299,0,195.60000000000002,979,1.1631498854932374,0.4008154012076528,0.02533172496984315,829,2.617854785175516,1.5642699505425397,0.11338962605548852,829,0.0,0.6779252110977081,0.2991556091676719,0.293124246079614,4.656260671556759,0.8604672203498581,,811,,S6_realdem,R2A
R2,A,0.0,0.0,0,low,30.0,38,range_s_P0,ekf,,0.23355077970911428,0.16520087992023028,0.03271994779142704,4.562550897539714,1.100331902901265,1.2929100623963012,2.3493739665946043,0.0,0.0,0.0,36.03508822149958,1.0023953547608686,0.022494887525562373,0.10736196319018405,0,195.60000000000002,979,1.1623574114727513,0.39503428183471556,0.026537997587454787,829,2.511696054490203,1.5820743670156137,0.10494571773220751,829,0.0,0.7961399276236429,0.13510253317249699,0.5886610373944512,4.5872365940781155,1.1115008378237656,,811,,S6_realdem,R2A
R2,A,0.0,0.0,0,low,30.0,39,range_s_P0,ekf,,0.07056703951418687,0.12451030152013351,0.08015586625331418,3.8804473682344804,0.8336538222974262,1.8462700365963234,1.8220722173599224,0.0,0.0,0.0,21.115385985567055,0.9760001794966748,0.018404907975460124,0.1032719836400818,0,195.60000000000002,979,1.124489538813726,0.38542855683057803,0.021712907117008462,829,2.4458377616289333,1.4369042645952552,0.1085645355850422,829,0.0,0.661037394451146,0.30518697225572977,0.5753920386007237,3.921027052246452,0.842647341608855,,811,,S6_realdem,R2A
R2,A,0.0,0.0,0,low,30.0,40,range_s_P0,ekf,,0.2222868353937792,0.17344800645789307,0.03208416046715612,4.29427352180849,1.0214402257765922,1.663789117044711,1.9054732797470264,0.0,0.0,0.0,30.427719089158522,0.9698215812481733,0.018404907975460124,0.1114519427402863,0,195.60000000000002,979,1.1227444807484899,0.3917980614450528,0.021712907117008462,829,2.7466704898890577,1.580633066749999,0.11459589867310016,829,0.0,0.752714113389626,0.2014475271411339,0.5609167671893848,4.323681097710949,1.0317548840635378,,811,,S6_realdem,R2A
R2,A,0.0,0.0,0,low,30.0,41,range_s_P0,ekf,,0.205479485852016,0.14923672371767355,0.11668453848476222,1.9196752532370034,0.5641442589660356,0.0003396794908951117,1.2825799632440191,0.0,0.0,0.0,8.939282915543624,0.9819130327964877,0.018404907975460124,0.08588957055214724,0,195.60000000000002,979,1.1377109076850482,0.3727425495790827,0.021712907117008462,829,2.2774071919578858,1.559688662462997,0.08202653799758741,829,0.0,0.37273823884197826,0.51145958986731,0.8854041013268998,1.9314087928889385,0.5693206037412002,,811,,S6_realdem,R2A
R2,A,0.0,0.0,0,low,30.0,42,range_s_P0,ekf,,0.2465840373501986,0.19072257189491706,0.017789971789668367,4.129438429922461,0.9561427592593024,1.3913159789664857,1.91906757167384,0.0,0.0,0.0,27.428558349860488,0.9956526721706853,0.018404907975460124,0.09406952965235174,0,195.60000000000002,979,1.145008963390774,0.4005687721823325,0.021712907117008462,829,2.4153803250890857,1.5110079312036413,0.09891435464414955,829,0.0,0.6911942098914354,0.25090470446320867,0.6164053075995175,4.159856054447146,0.9661541392760481,,811,,S6_realdem,R2A
R2,A,0.0,0.0,0,low,30.0,43,range_s_P0,ekf,,0.1379353554613681,0.07391328776891533,0.0515802799252344,4.362974330505034,1.1749303973684837,1.0564920965278568,1.8923505689093039,0.0,0.0,0.0,35.44840032184227,0.9846331444083489,0.018404907975460124,0.10633946830265849,0,195.60000000000002,979,1.144276400739984,0.3982342593201071,0.021712907117008462,829,2.5527850374253775,1.5571838024557605,0.10735826296743067,829,0.0,0.8612786489746683,0.08082026537997587,0.617611580217129,4.375448734928338,1.1858312835564027,,811,,S6_realdem,R2A
R2,A,0.0,0.0,0,low,30.0,44,range_s_P0,ekf,,0.5331447144917764,0.47249145789466196,0.11402836125118701,4.849848742102744,0.9286558054734823,1.4976207206639849,2.8457206190314435,0.0,0.0,0.0,34.186941381599944,1.0346514522642467,0.023517382413087935,0.0869120654396728,0,195.60000000000002,979,1.186505239611269,0.4158219137787082,0.027744270205066313,829,2.2727527001348182,1.4771839621742184,0.08805790108564537,829,0.0,0.7478890229191797,0.24246079613992763,0.34378769601930037,4.889221932266795,0.9386581535087917,,811,,S6_realdem,R2A
R2,A,0.0,0.0,0,low,30.0,45,range_s_P0,ekf,,0.2655097547268715,0.2623430316578239,0.037429078479984064,4.190980921708996,1.0050505351641643,1.3196328500886705,1.8772441227922203,0.0,0.0,0.0,28.566713817268013,0.9793930599286144,0.018404907975460124,0.10122699386503067,0,195.60000000000002,979,1.1365036166989366,0.3972714977356376,0.021712907117008462,829,2.573519473617368,1.6536628348925635,0.10132689987937271,829,0.0,0.7599517490952955,0.1942098914354644,0.6151990349819059,4.2129851761895925,1.0148421986800658,,811,,S6_realdem,R2A
R2,A,0.0,0.0,0,low,30.0,46,range_s_P0,ekf,,0.09318341044020574,0.09214628774505977,0.04161865199415303,4.596252928679988,0.9948642835817301,2.0423979727504746,2.1100656849362496,0.0,0.0,0.0,30.410372181406128,0.9844311148243176,0.018404907975460124,0.09713701431492842,0,195.60000000000002,979,1.1368727389426996,0.39244540402742917,0.021712907117008462,829,2.390492240880974,1.4766616933914807,0.10012062726176119,829,0.0,0.887816646562123,0.07599517490952955,0.3606755126658625,4.628153129298818,1.004702806362506,,811,,S6_realdem,R2A
R2,A,0.0,0.0,0,low,30.0,47,range_s_P0,ekf,,0.3734732693394489,0.3251179938371853,0.24879426700071042,4.419775865949645,0.9989961648283485,0.8251259925052026,2.400481080678277,0.0,0.0,0.0,35.84644976118843,1.0024418700873945,0.022494887525562373,0.1114519427402863,0,195.60000000000002,979,1.162859210497403,0.4013065494675307,0.026537997587454787,829,2.572162890803059,1.561028817865253,0.1085645355850422,829,0.0,0.9095295536791315,0.030156815440289506,0.5645355850422196,4.4458682855549885,1.0084294630939392,,811,,S6_realdem,R2A
R2,A,0.0,0.0,0,low,30.0,48,range_s_P0,ekf,,0.22082052627416116,0.15358059413038966,0.07142833301219413,4.489303350968029,0.8806001150801014,1.8594467255032336,2.2318818263516667,0.0,0.0,0.0,28.62356292466109,0.9982864550267582,0.018404907975460124,0.10224948875255624,0,195.60000000000002,979,1.1450787775598212,0.4040965611767219,0.021712907117008462,829,2.5531645407472214,1.5647257412475515,0.10253317249698435,829,0.0,0.7985524728588661,0.15560916767189384,0.30156815440289503,4.524732919201211,0.8896820670546648,,811,,S6_realdem,R2A
R2,A,0.0,0.0,0,low,30.0,49,range_s_P0,ekf,,0.06911481662290928,0.13665388819298935,0.038154099847872845,4.3233222690848105,1.2500997448560065,1.4870243616780197,1.7907147876627947,0.0,0.0,0.0,48.934000617713465,0.97781389970329,0.018404907975460124,0.09611451942740286,0,195.60000000000002,979,1.1379401718657867,0.3935434337981169,0.021712907117008462,829,2.4426025669218507,1.534049042891262,0.09650180940892639,829,0.0,0.9372738238841978,0.047044632086851626,0.6357056694813028,4.334793026933384,1.2614127920738765,,811,,S6_realdem,R2A
R2,A,0.0,0.0,1,mid,30.0,0,range_s_P0,ekf,,0.1316654835927325,0.08014842673412122,0.10354292879938541,3.481030031726299,0.9222727514294088,1.2695436242261673,1.891134293859055,0.0,0.0,0.0,23.999720775191513,0.996505628440066,0.018404907975460124,0.10224948875255624,0,195.60000000000002,979,1.1539115017784374,0.4046336147298596,0.021712907117008462,829,2.4460466761727697,1.5488063659900029,0.0928829915560917,829,0.0,0.7864897466827503,0.10735826296743065,0.6260554885404102,3.5054202212452292,0.9308658635103823,,811,,S6_realdem,R2A
R2,A,0.0,0.0,1,mid,30.0,1,range_s_P0,ekf,,0.26130339564650346,0.19348807619933228,0.1782518244024767,2.616237802782393,0.8013821967575607,0.6303807412835722,1.1339857914538747,0.0,0.0,0.0,16.064693921477275,0.9764525077680799,0.019427402862985686,0.11860940695296524,0,195.60000000000002,979,1.129933573974695,0.3657355094780612,0.022919179734619988,829,2.7082704663608057,1.6039645387973283,0.12062726176115801,829,0.0,0.6477683956574186,0.27864897466827504,0.8287092882991556,2.629750251679376,0.8091254475501256,,811,,S6_realdem,R2A
R2,A,0.0,0.0,1,mid,30.0,2,range_s_P0,ekf,,0.19401981882396177,0.14597246836975594,0.06614165364195701,5.101845687425789,1.1473378929906386,1.5536873158506608,2.3847278439983963,0.0,0.0,0.0,41.89360800928931,1.0010662554425742,0.02044989775051125,0.11042944785276074,0,195.60000000000002,979,1.1618859856107964,0.4061495488357888,0.024125452352231624,829,2.514431251837999,1.525684169512895,0.112183353437877,829,0.0,0.9819059107358263,0.008443908323281062,0.2822677925211098,5.0987427044477265,1.1577267260055646,,811,,S6_realdem,R2A
R2,A,0.0,0.0,1,mid,30.0,3,range_s_P0,ekf,,0.11221638075987245,0.09538771469163587,0.08852316790563071,3.3419025060429304,0.9073258873374787,1.4785682852145834,1.5554764097813785,0.0,0.0,0.0,21.5453850922933,0.9741677310009831,0.018404907975460124,0.11349693251533742,0,195.60000000000002,979,1.1299476826210888,0.38262872479415233,0.021712907117008462,829,2.5385931427996353,1.4707502159272154,0.11700844390832332,829,0.0,0.729794933655006,0.23401688781664656,0.738238841978287,3.3666830026510697,0.9164749406326005,,811,,S6_realdem,R2A
R2,A,0.0,0.0,1,mid,30.0,4,range_s_P0,ekf,,0.030759973566331582,0.0943828387241355,0.07973784122497235,3.9416631819108225,0.9632336485030565,1.3450604120331502,1.7301755017993645,0.0,0.0,0.0,24.76441636464748,0.9790736566021926,0.019427402862985686,0.10531697341513292,0,195.60000000000002,979,1.1357248390513865,0.38809866718389474,0.022919179734619988,829,2.4850066779275672,1.5606259750443978,0.10373944511459587,829,0.0,0.8118214716525934,0.11700844390832328,0.6357056694813028,3.945569537118536,0.9717003624195198,,811,,S6_realdem,R2A
R2,A,0.0,0.0,1,mid,30.0,5,range_s_P0,ekf,,0.21244680704737373,0.20583688472246178,0.032505071825132646,4.034376940000036,0.8481325598058369,1.1741418052801524,1.9618099328921879,0.0,0.0,0.0,22.322583133532614,0.9943344879838079,0.018404907975460124,0.08997955010224949,0,195.60000000000002,979,1.1484948981142362,0.40775398866711454,0.021712907117008462,829,2.3746626176424583,1.5995774245509038,0.08685162846803374,829,0.0,0.6200241254523522,0.35223160434258144,0.6127864897466827,4.07394953904393,0.8573421425073293,,811,,S6_realdem,R2A
R2,A,0.0,0.0,1,mid,30.0,6,range_s_P0,ekf,,0.302886860468217,0.2347077172954995,0.06451623528311409,4.102712326227842,0.8232433453425765,1.7355624575881854,2.006831989529143,0.0,0.0,0.0,21.433480541576227,1.0021457382165027,0.019427402862985686,0.10633946830265849,0,195.60000000000002,979,1.1488107576963116,0.3875893417577511,0.022919179734619988,829,2.448912942122221,1.4817508779047004,0.10494571773220751,829,0.0,0.7117008443908324,0.23522316043425814,0.43184559710494574,4.1402358115225555,0.8320424327554523,,811,,S6_realdem,R2A
R2,A,0.0,0.0,1,mid,30.0,7,range_s_P0,ekf,,0.20832033800281283,0.2064806126165611,0.039824264283452634,4.854213182003594,0.9736814338010421,1.5152206174750609,2.528642712277585,0.0,0.0,0.0,35.76241700922676,1.010627889747038,0.022494887525562373,0.09304703476482618,0,195.60000000000002,979,1.1679758711548287,0.39990777574904457,0.026537997587454787,829,2.410176139641637,1.586502996313311,0.09047044632086854,829,0.0,0.7370325693606755,0.20265379975874548,0.2689987937273824,4.883025074871811,0.9837331359798155,,811,,S6_realdem,R2A
R2,A,0.0,0.0,1,mid,30.0,8,range_s_P0,ekf,,0.09677636431885958,0.03341407723515038,0.14642435230671014,3.3322931383645233,0.9579673200030412,0.9148594175718143,1.4600524968688782,0.0,0.0,0.0,25.50131411982501,0.9866165535107961,0.018404907975460124,0.10736196319018405,0,195.60000000000002,979,1.1432030867060223,0.3821467148308422,0.021712907117008462,829,2.715614004978735,1.6189095296516147,0.11580217129071169,829,0.0,0.9433051869722557,0.028950542822677925,0.7418576598311218,3.3318524074761626,0.9663612029912038,,811,,S6_realdem,R2A
R2,A,0.0,0.0,1,mid,30.0,9,range_s_P0,ekf,,0.083012234885249,0.03992760253865756,0.09696475914138492,4.659717145789615,0.9691159432998935,0.6679840255487363,2.7675067340502384,0.0,0.0,0.0,34.0613589614117,1.0335506122150064,0.023517382413087935,0.09406952965235174,0,195.60000000000002,979,1.1984272131452276,0.4284701989260553,0.027744270205066313,829,2.5093328070856233,1.6023920193384102,0.0928829915560917,829,0.0,0.781664656212304,0.1652593486127865,0.5331724969843185,4.692433298339377,0.9784876127431545,,811,,S6_realdem,R2A
R2,A,0.0,0.0,1,mid,30.0,10,range_s_P0,ekf,,0.17018676646666137,0.194208101542286,0.04542047768117494,3.6794428159686214,1.0279029334108245,1.2027705582124226,1.5687654325323104,0.0,0.0,0.0,27.700466213038055,0.985701517505516,0.018404907975460124,0.09611451942740286,0,195.60000000000002,979,1.1431488916354726,0.38660414698642337,0.021712907117008462,829,2.3126688527192436,1.4824026158439019,0.09167671893848006,829,0.0,0.9095295536791315,0.08926417370325694,0.6984318455971049,3.68709527562104,1.0370971306091215,,811,,S6_realdem,R2A
R2,A,0.0,0.0,1,mid,30.0,11,range_s_P0,ekf,,0.3298064251146008,0.2637282408930049,0.206285790351925,4.078568483927406,0.8189347426565254,0.8115764139499787,2.113399379101166,0.0,0.0,0.0,23.970356886467844,1.002052283155846,0.019427402862985686,0.10633946830265849,0,195.60000000000002,979,1.158641223770012,0.41245348960290923,0.022919179734619988,829,2.3594861185944955,1.3795641729845163,0.10735826296743067,829,0.0,0.738238841978287,0.25211097708082025,0.6127864897466827,4.109566873696551,0.8275876838778424,,811,,S6_realdem,R2A
R2,A,0.0,0.0,1,mid,30.0,12,range_s_P0,ekf,,0.295691482097023,0.2725015925750786,0.09169125210412579,4.973035559724629,0.9903248658913233,2.3741499547777822,2.233896757151993,0.0,0.0,0.0,32.99816895956001,0.981436282026793,0.018404907975460124,0.10940695296523517,0,195.60000000000002,979,1.1316740851499343,0.3925476023580369,0.021712907117008462,829,2.4703122069480727,1.5143782145612446,0.09891435464414955,829,0.0,0.8757539203860072,0.08202653799758745,0.23522316043425814,4.989482975468574,1.000249428838239,,811,,S6_realdem,R2A
R2,A,0.0,0.0,1,mid,30.0,13,range_s_P0,ekf,,0.13885961961334783,0.16908724826101776,0.048012312157224936,3.6907190991211185,0.9687573069726327,1.4476197939772197,1.6459391923256235,0.0,0.0,0.0,23.921071331031428,0.9739986314703288,0.019427402862985686,0.1032719836400818,0,195.60000000000002,979,1.1315335462829565,0.3719928325785794,0.022919179734619988,829,2.3721760294903347,1.5018706664992059,0.10253317249698435,829,0.0,0.8069963811821471,0.08805790108564536,0.6851628468033776,3.7107553312005686,0.9777292088393428,,811,,S6_realdem,R2A
R2,A,0.0,0.0,1,mid,30.0,14,range_s_P0,ekf,,0.23964162129714478,0.18000587699693946,0.15687007868484296,3.316575046302055,0.8156305176537739,0.937624990602851,1.4548939726374133,0.0,0.0,0.0,18.174324190614232,0.9828013828382329,0.019427402862985686,0.10224948875255624,0,195.60000000000002,979,1.1332348721035406,0.37289837714222995,0.022919179734619988,829,2.3521401949334475,1.4545751043564208,0.10253317249698435,829,0.0,0.7225572979493365,0.23401688781664656,0.7080820265379976,3.340440006288594,0.8236714550557434,,811,,S6_realdem,R2A
R2,A,0.0,0.0,1,mid,30.0,15,range_s_P0,ekf,,0.08881274249324687,0.13131931457131513,0.00939051126157482,4.4996508289015305,1.1940628603529715,1.3399767824089455,2.27778714159409,0.0,0.0,0.0,43.31166528585448,0.993055080477967,0.019427402862985686,0.09202453987730061,0,195.60000000000002,979,1.15494162372514,0.40872620637221513,0.022919179734619988,829,2.3352404926626136,1.4935357598844046,0.09408926417370322,829,0.0,0.9191797346200241,0.07720144752714113,0.5995174909529554,4.506586205006615,1.2048418819755362,,811,,S6_realdem,R2A
R2,A,0.0,0.0,1,mid,30.0,16,range_s_P0,ekf,,0.2066281576474433,0.2032129241145434,0.03123083950920159,4.469536639097864,0.975980400343567,1.740628198892993,1.9904602221671224,0.0,0.0,0.0,26.82731185046552,0.9756854888589965,0.018404907975460124,0.09713701431492842,0,195.60000000000002,979,1.1294500404303727,0.3889151353628393,0.021712907117008462,829,2.303320393924154,1.494855618095817,0.08685162846803374,829,0.0,0.7961399276236429,0.14595898673100122,0.45958986731001206,4.481673689981752,0.9853283453708399,,811,,S6_realdem,R2A
R2,A,0.0,0.0,1,mid,30.0,17,range_s_P0,ekf,,0.2868280288931107,0.22595743181945052,0.03602965617603395,4.088033680338977,0.9406201309638308,1.4431667107827897,1.8451110978264438,0.0,0.0,0.0,27.33220862853132,0.9780321672810229,0.018404907975460124,0.09713701431492842,0,195.60000000000002,979,1.1287098699628695,0.38741922892312475,0.021712907117008462,829,2.546356929152707,1.5927044026000163,0.09770808202653802,829,0.0,0.7370325693606755,0.2255729794933655,0.609167671893848,4.120158740993416,0.950300405407323,,811,,S6_realdem,R2A
R2,A,0.0,0.0,1,mid,30.0,18,range_s_P0,ekf,,0.2382185034544046,0.22660199340259307,0.01326269662304894,4.250005216597898,1.0514723458612294,1.6987413837304923,2.0371663384266885,0.0,0.0,0.0,31.451177278033942,0.9864174034463472,0.018404907975460124,0.09100204498977506,0,195.60000000000002,979,1.1455350924927046,0.39338472622194576,0.021712907117008462,829,2.1672738299175816,1.505522115772511,0.07599517490952956,829,0.0,0.7780458383594693,0.17611580217129072,0.5018094089264173,4.275719891898997,1.0619348204595944,,811,,S6_realdem,R2A
R2,A,0.0,0.0,1,mid,30.0,19,range_s_P0,ekf,,0.3370142836497608,0.31330324061788106,0.11938582851740191,5.054915455814831,1.2232022408238408,0.9357560848126761,2.6915841920084276,0.0,0.0,0.0,44.906577435798226,1.0129522012590406,0.023517382413087935,0.10224948875255624,0,195.60000000000002,979,1.1806978928306224,0.4064120266364684,0.027744270205066313,829,2.2381052353827626,1.4363450397784274,0.09167671893848006,829,0.0,0.9529553679131484,0.04101326899879373,0.517490952955368,5.077041382841908,1.2348160343927113,,811,,S6_realdem,R2A
R2,A,0.0,0.0,1,mid,30.0,20,range_s_P0,ekf,,0.14920997685668952,0.09343779284999283,0.02883071113412405,5.107422138257417,1.1824448876295808,2.6037639261004624,2.4221372524614395,0.0,0.0036188178528347406,0.0,48.505464309727586,0.981866606095093,0.018404907975460124,0.1032719836400818,0,195.60000000000002,979,1.1378253703003043,0.39318372208644037,0.021712907117008462,829,2.4546961093725552,1.4842428978857614,0.09770808202653802,829,0.0,0.9324487334137516,0.045838359469240045,0.2243667068757539,5.11867671502576,1.1940655466053356,,811,,S6_realdem,R2A
R2,A,0.0,0.0,1,mid,30.0,21,range_s_P0,ekf,,0.23037957317461485,0.19908637110019362,0.17073147342197048,3.6314377230877692,0.8668419535597871,1.4233424066948774,1.818991080921494,0.0,0.0,0.0,25.420026747871297,0.9882833199258654,0.019427402862985686,0.1114519427402863,0,195.60000000000002,979,1.1452242157382813,0.3910590595314612,0.022919179734619988,829,2.460918925740367,1.484120981768791,0.10494571773220751,829,0.0,0.7478890229191797,0.23401688781664656,0.6501809408926418,3.670367829914288,0.8761623862115534,,811,,S6_realdem,R2A
R2,A,0.0,0.0,1,mid,30.0,22,range_s_P0,ekf,,0.07425973149563952,0.053407013115451124,0.03834726723089395,3.450195810765558,0.9623981345580521,1.073103419748808,1.3989890285232986,0.0,0.0,0.0,23.613308652732773,0.9816159552052467,0.018404907975460124,0.08793456032719836,0,195.60000000000002,979,1.140919489688931,0.3811543008863697,0.021712907117008462,829,2.3407840807238247,1.4946932684737397,0.09047044632086854,829,0.0,0.7322074788902292,0.22195416164053075,0.6996381182147166,3.478502623445762,0.9718983303311182,,811,,S6_realdem,R2A
R2,A,0.0,0.0,1,mid,30.0,23,range_s_P0,ekf,,0.18515652008972672,0.20504789187235117,0.11172356167354516,5.442206263772212,1.1760737510808188,1.3536584402638072,2.803784970080514,0.0,0.0,0.0,45.92182940229094,1.0172785137146851,0.022494887525562373,0.11247443762781185,0,195.60000000000002,979,1.1799416919413048,0.42086780488756714,0.026537997587454787,829,2.4506580340619366,1.5753462724248537,0.10735826296743067,829,0.0,0.8841978287092883,0.07720144752714113,0.20024125452352232,5.442759644250638,1.186730779669423,,811,,S6_realdem,R2A
R2,A,0.0,0.0,1,mid,30.0,24,range_s_P0,ekf,,0.1567931173828566,0.13140832969252134,0.05882242923120075,4.515864328517449,0.9210686978699212,1.5906384025653824,2.598128097299588,0.0,0.0,0.0,31.779354673158988,1.0261526450262553,0.022494887525562373,0.09713701431492842,0,195.60000000000002,979,1.1810916550185415,0.4107751471953507,0.026537997587454787,829,2.459664578907112,1.5374078580170312,0.09891435464414955,829,0.0,0.7310012062726177,0.21592279855247287,0.4439083232810615,4.560859436339839,0.9308099282969468,,811,,S6_realdem,R2A
R2,A,0.0,0.0,1,mid,30.0,25,range_s_P0,ekf,,0.32620208210914775,0.2604729611491798,0.22982016033115185,2.7851025894362915,0.7498538067208165,0.06541795154309928,1.5280051689744656,0.0,0.0,0.0,17.192199467306242,0.9891647786091649,0.019427402862985686,0.11042944785276074,0,195.60000000000002,979,1.14632497699527,0.39104742614791527,0.022919179734619988,829,2.584175301066359,1.546417421613553,0.10977080820265384,829,0.0,0.661037394451146,0.2569360675512666,0.8178528347406514,2.80985206716551,0.7576251700444491,,811,,S6_realdem,R2A
R2,A,0.0,0.0,1,mid,30.0,26,range_s_P0,ekf,,0.2578415018771427,0.20297705652455106,0.09626948149700683,4.500326544122376,1.0583547054243352,1.9872307691226665,2.0801880748553305,0.0,0.0,0.0,34.704344372718786,0.9737186678336677,0.018404907975460124,0.10633946830265849,0,195.60000000000002,979,1.127736053531267,0.38357573319219035,0.021712907117008462,829,2.5250467068556013,1.507986048297338,0.10615199034981904,829,0.0,0.8480096501809409,0.09047044632086852,0.3594692400482509,4.5224146091936985,1.0689442583488002,,811,,S6_realdem,R2A
R2,A,0.0,0.0,1,mid,30.0,27,range_s_P0,ekf,,0.29753266104248843,0.27974580321539044,0.05155897272007364,4.46825971225349,1.033409119465652,1.1278994331775467,2.2546261081004526,0.0,0.0,0.0,32.42678794104602,1.0075931002232592,0.02147239263803681,0.09406952965235174,0,195.60000000000002,979,1.1638362626084853,0.4013665995490651,0.02533172496984315,829,2.3121057054808514,1.5134203021304171,0.09167671893848006,829,0.0,0.8347406513872135,0.11700844390832328,0.6103739445114595,4.479095280712493,1.0428462038118396,,811,,S6_realdem,R2A
R2,A,0.0,0.0,1,mid,30.0,28,range_s_P0,ekf,,0.17394805948532194,0.21295557720659272,0.08705072406312298,4.612249427839582,1.2021745438566238,1.7967877417362237,2.1778600888716464,0.0,0.028950542822677925,0.0,44.11649462474318,0.9901194687325549,0.018404907975460124,0.09918200408997956,0,195.60000000000002,979,1.1487704061412998,0.40576232673926826,0.021712907117008462,829,2.4251373166702757,1.5425104511532595,0.09770808202653802,829,0.0,0.8480096501809409,0.07599517490952955,0.4680337756332931,4.63442335045549,1.21400461720093,,811,,S6_realdem,R2A
R2,A,0.0,0.0,1,mid,30.0,29,range_s_P0,ekf,,0.0654623180272513,0.07706662040401982,0.03128519202128956,5.121381740313047,1.0030266266571826,1.2681646628813745,2.7595728374933564,0.0,0.0,0.0,35.194835197922934,1.0137509119661567,0.023517382413087935,0.0950920245398773,0,195.60000000000002,979,1.1784331762315419,0.41461326117261155,0.027744270205066313,829,2.280899017480572,1.4989490232084122,0.09167671893848006,829,0.0,0.7539203860072377,0.19662243667068757,0.33896260554885405,5.130567239533324,1.012171012319324,,811,,S6_realdem,R2A
R2,A,0.0,0.0,1,mid,30.0,30,range_s_P0,ekf,,0.1254325221394887,0.0797594893424127,0.04682158682428079,4.240904157068081,0.92051661464708,1.3408464524717696,2.3309217020128687,0.0,0.0,0.0,27.50901690017349,1.0123979664434126,0.019427402862985686,0.10531697341513292,0,195.60000000000002,979,1.1654883494734827,0.4178709363358043,0.022919179734619988,829,2.529834276300614,1.6785607078592049,0.10373944511459587,829,0.0,0.6755126658624849,0.26537997587454765,0.6139927623642943,4.275296988706503,0.9299704281417687,,811,,S6_realdem,R2A
R2,A,0.0,0.0,1,mid,30.0,31,range_s_P0,ekf,,0.08923518025244215,0.15754163747311326,0.1017621539323123,3.751426053273823,1.15042514204246,1.8671221200557155,1.7833338056284271,0.0,0.0,0.0,38.437944027269666,0.9812043772209865,0.018404907975460124,0.11042944785276074,0,195.60000000000002,979,1.1407648327629722,0.38097335088001333,0.021712907117008462,829,2.6186017302079594,1.6209125022977482,0.112183353437877,829,0.0,0.9107358262967431,0.07478890229191798,0.594692400482509,3.770537450136032,1.1613368876207284,,811,,S6_realdem,R2A
R2,A,0.0,0.0,1,mid,30.0,32,range_s_P0,ekf,,0.09832463057448373,0.03610844756316828,0.07118054826667755,5.0594805648951615,0.9054107108287843,1.4413144147496908,3.109915020222609,0.0,0.0,0.0,35.384282266665736,1.0414391316171403,0.024539877300613498,0.10224948875255624,0,195.60000000000002,979,1.1903101435771042,0.4245967276756301,0.02895054282267795,829,2.4863123004751824,1.5513572070092898,0.09891435464414955,829,0.0,0.6658624849215923,0.30518697225572977,0.2629674306393245,5.096882352176852,0.9149312078910893,,811,,S6_realdem,R2A
R2,A,0.0,0.0,1,mid,30.0,33,range_s_P0,ekf,,0.1206782658967585,0.06903283800001381,0.052994988112464815,2.176558998952716,0.675257698847893,0.951746457018355,1.1014352606198337,0.0,0.0,0.0,11.964292808863664,0.9754871833349263,0.019427402862985686,0.1083844580777096,0,195.60000000000002,979,1.125740526908705,0.36336037111946795,0.022919179734619988,829,2.63061881866207,1.570977005310993,0.10615199034981904,829,0.0,0.5211097708082026,0.4644149577804584,0.856453558504222,2.1921892409778505,0.6819528938267221,,811,,S6_realdem,R2A
R2,A,0.0,0.0,1,mid,30.0,34,range_s_P0,ekf,,0.1788979257411881,0.1528242083454182,0.0404289857315815,4.9592485548964405,1.0496399261234046,1.5837801940484284,2.5629468849160273,0.0,0.0,0.0,35.38133781393815,1.0083393401017262,0.022494887525562373,0.09100204498977506,0,195.60000000000002,979,1.162996379949658,0.39931584826218713,0.026537997587454787,829,2.2989840313355323,1.4535284669698754,0.09167671893848006,829,0.0,0.7551266586248492,0.15440289505428226,0.36670687575392036,4.9737441290897,1.0596878237818164,,811,,S6_realdem,R2A
R2,A,0.0,0.0,1,mid,30.0,35,range_s_P0,ekf,,0.032279429848116624,0.0951365821910711,0.026933984426015523,4.159718479738292,0.9346357932468436,1.5196766299343993,2.4620431563217555,0.0,0.0,0.0,28.55353754741552,1.0120819390601787,0.02147239263803681,0.10020449897750511,0,195.60000000000002,979,1.1654576093904705,0.41003592616176565,0.02533172496984315,829,2.4894424245525655,1.590231385640733,0.10012062726176119,829,0.0,0.6839565741857659,0.27141133896260555,0.5307599517490953,4.201164468700955,0.9444155214171558,,811,,S6_realdem,R2A
R2,A,0.0,0.0,1,mid,30.0,36,range_s_P0,ekf,,0.18083606568465377,0.24307125061311563,0.1536223793699621,4.3881576502292,0.9619665072129916,2.138157913226594,2.0354281450261995,0.0,0.0,0.0,28.28912438889807,0.9843018908727111,0.018404907975460124,0.10429447852760736,0,195.60000000000002,979,1.13844234493039,0.3935005895510546,0.021712907117008462,829,2.5678933952684337,1.5289585517051167,0.11097708082026536,829,0.0,0.7756332931242461,0.14475271411338964,0.4825090470446321,4.41180672316608,0.9711816836554054,,811,,S6_realdem,R2A
R2,A,0.0,0.0,1,mid,30.0,37,range_s_P0,ekf,,0.26494997568418616,0.1973226207017234,0.1659501324674119,3.6500257378917675,0.8000153855387241,1.1552058766396216,1.7023987925327893,0.0,0.0,0.0,22.75453113612451,0.9999153830953094,0.018404907975460124,0.1114519427402863,0,195.60000000000002,979,1.1517659779518095,0.39804992868390127,0.021712907117008462,829,2.395903811944181,1.4423703058435133,0.10735826296743067,829,0.007237635705669481,0.7478890229191797,0.2436670687575392,0.638118214716526,3.690247443421008,0.8088176556443525,,811,,S6_realdem,R2A
R2,A,0.0,0.0,1,mid,30.0,38,range_s_P0,ekf,,0.1965538445232723,0.15126805703021629,0.13710037748790438,4.478320774284967,1.0599184941852957,1.5336151843563743,2.123985309683729,0.0,0.0,0.0,31.435885844320918,1.0023058457069802,0.019427402862985686,0.09713701431492842,0,195.60000000000002,979,1.1579117774653798,0.40849247256367505,0.022919179734619988,829,2.3389217222009284,1.4762573776389452,0.09891435464414955,829,0.0,0.7044632086851629,0.19903498190591074,0.6031363088057901,4.498798853968145,1.070496930034275,,811,,S6_realdem,R2A
R2,A,0.0,0.0,1,mid,30.0,39,range_s_P0,ekf,,0.17138692781300863,0.2036627962634914,0.05784576313287026,5.470103307894309,1.1484950212392495,1.4285405365429755,2.8744179024883834,0.0,0.0,0.0,49.35668798703751,1.0183404245020378,0.023517382413087935,0.08588957055214724,0,195.60000000000002,979,1.1802076474325454,0.41038848389951205,0.027744270205066313,829,2.3456022197182556,1.5643237099304184,0.08685162846803374,829,0.0,0.9119420989143546,0.06996381182147166,0.13027744270205066,5.471157731479375,1.1589157655445799,,811,,S6_realdem,R2A
R2,A,0.0,0.0,1,mid,30.0,40,range_s_P0,ekf,,0.2009200080916147,0.14920097419123668,0.00639221893256772,4.587497698134214,0.9210520742097882,1.5339667770591907,2.618969219036547,0.0,0.0,0.0,30.55920709244876,1.0154246055407299,0.022494887525562373,0.10122699386503067,0,195.60000000000002,979,1.1703003374745033,0.4107121881355145,0.026537997587454787,829,2.5087033620115693,1.518261918376434,0.10253317249698435,829,0.0,0.7056694813027744,0.25934861278648974,0.4294330518697226,4.6255407445128025,0.93063837043578,,811,,S6_realdem,R2A
R2,A,0.0,0.0,1,mid,30.0,41,range_s_P0,ekf,,0.16252384639736323,0.09523104091163404,0.13608927087298264,2.252611538570015,0.716805932535065,0.4711918593812677,1.0231930159308014,0.0,0.0,0.0,13.617071892223022,0.9744979476136059,0.018404907975460124,0.09202453987730061,0,195.60000000000002,979,1.1251823947696444,0.37430034193422784,0.021712907117008462,829,2.36410205372915,1.5057037321013966,0.09047044632086854,829,0.0,0.5150784077201448,0.428226779252111,0.856453558504222,2.270510432042624,0.7237160952275573,,811,,S6_realdem,R2A
R2,A,0.0,0.0,1,mid,30.0,42,range_s_P0,ekf,,0.2500492875543065,0.1978913592651767,0.015763177332613648,3.0757902693643255,0.837792974843763,1.0844197229535408,1.4131592385983838,0.0,0.0,0.0,17.978721914459175,0.9886965396220463,0.018404907975460124,0.08588957055214724,0,195.60000000000002,979,1.1400769726016875,0.38441340197424495,0.021712907117008462,829,2.2843459925664376,1.5011977441442257,0.09047044632086854,829,0.0,0.6646562123039808,0.2991556091676719,0.7840772014475271,3.0938093986175708,0.8462699340247838,,811,,S6_realdem,R2A
R2,A,0.0,0.0,1,mid,30.0,43,range_s_P0,ekf,,0.11637288475454581,0.05086016835885439,0.04825276611632484,4.0555534639616955,0.774990684821506,0.9626220643553716,1.8860307563534935,0.0,0.0,0.0,18.651248089563104,0.9914470160955342,0.018404907975460124,0.10429447852760736,0,195.60000000000002,979,1.1448621627010382,0.40870333993692026,0.021712907117008462,829,2.3830567435393677,1.4927921212342437,0.10012062726176119,829,0.0,0.6537997587454765,0.3232810615199035,0.6127864897466827,4.083613955519384,0.7831966191611907,,811,,S6_realdem,R2A
R2,A,0.0,0.0,1,mid,30.0,44,range_s_P0,ekf,,0.41232570046389927,0.35324597937490837,0.039205247248497506,4.750077947187178,1.0091029579188255,1.5802310903603483,2.2492070954815806,0.0,0.0,0.0,29.998174627696777,1.000406276384216,0.018404907975460124,0.09100204498977506,0,195.60000000000002,979,1.1464959549658449,0.4081887545407672,0.021712907117008462,829,2.4149888485019853,1.5744615228984329,0.09167671893848006,829,0.0,0.7189384800965019,0.22677925211097708,0.38721351025331724,4.774579064879525,1.0194068585771294,,811,,S6_realdem,R2A
R2,A,0.0,0.0,1,mid,30.0,45,range_s_P0,ekf,,0.2550191487956346,0.24781040615119665,0.03380172412162321,3.375240556375486,0.9005602907175952,1.0926767001971076,1.684442787044159,0.0,0.0,0.0,22.539995027363698,0.972538386267491,0.019427402862985686,0.09815950920245399,0,195.60000000000002,979,1.1308705925298448,0.3848200669665509,0.022919179734619988,829,2.4623883599269782,1.5507275403071576,0.09891435464414955,829,0.0,0.721351025331725,0.2135102533172497,0.7430639324487334,3.373721512823634,0.9090522718264,,811,,S6_realdem,R2A
R2,A,0.0,0.0,1,mid,30.0,46,range_s_P0,ekf,,0.15755757761960812,0.08933204342611922,0.17657655933022592,5.20562466109036,1.1184153155790753,1.6562847559884972,2.239421011083713,0.0,0.0,0.0,47.449223179003596,0.9853920170413286,0.018404907975460124,0.11349693251533742,0,195.60000000000002,979,1.1440844342147851,0.3954366561375649,0.021712907117008462,829,2.5781049907674465,1.530023171222974,0.11097708082026536,829,0.0,1.0,0.0,0.07237635705669482,5.208718232635043,1.12859470402814,,811,,S6_realdem,R2A
R2,A,0.0,0.0,1,mid,30.0,47,range_s_P0,ekf,,0.20751935584500297,0.17840443890501617,0.07058806936367452,4.391416294486091,0.7813277115251379,1.7189010641511266,1.9606840844052513,0.0,0.0,0.0,22.371865790910096,0.9926147707990051,0.018404907975460124,0.0950920245398773,0,195.60000000000002,979,1.1357526090997228,0.39219820020209817,0.021712907117008462,829,2.3520420836696694,1.468538555046577,0.09408926417370322,829,0.0,0.7551266586248492,0.2195416164053076,0.36791314837153194,4.433156249688962,0.7897642956747423,,811,,S6_realdem,R2A
R2,A,0.0,0.0,1,mid,30.0,48,range_s_P0,ekf,,0.14122399137485292,0.08174625684215436,0.05377012061456032,4.73528659326754,0.961277208783179,1.4299559524036267,2.6694857434218613,0.0,0.0,0.0,32.278595106133054,1.0182495351897316,0.022494887525562373,0.09815950920245399,0,195.60000000000002,979,1.1706688859125032,0.41298553532422677,0.026537997587454787,829,2.5218324693279897,1.514053472621502,0.10373944511459587,829,0.0,0.7056694813027744,0.24969843184559712,0.4077201447527141,4.764482256756937,0.9707877204645748,,811,,S6_realdem,R2A
R2,A,0.0,0.0,1,mid,30.0,49,range_s_P0,ekf,,0.05138826973747767,0.11900226503974382,0.04144338481868487,4.226461894598295,1.030281253701812,1.7262363928000515,1.873660675571527,0.0,0.0,0.0,29.080922703937198,0.9806263922388573,0.018404907975460124,0.11042944785276074,0,195.60000000000002,979,1.1348114199794994,0.3844655340498365,0.021712907117008462,829,2.498669951423075,1.5185032329189658,0.112183353437877,829,0.0,0.767189384800965,0.14354644149577805,0.4571773220747889,4.256033262541778,1.0406221925482597,,811,,S6_realdem,R2A
R2,A,0.0,0.0,2,high,30.0,0,range_s_P0,ekf,,0.11457262042203906,0.07899455935271668,0.049082674636373,3.9831467398061244,0.949526243894472,1.7594646789396344,2.0444199725600187,0.0,0.0,0.0,30.163810365696882,0.9883333649321744,0.018404907975460124,0.09202453987730061,0,195.60000000000002,979,1.1381400437269449,0.40352171003449394,0.021712907117008462,829,2.5112084068532226,1.5496486554534972,0.09167671893848006,829,0.0,0.6658624849215923,0.29674306393244876,0.5102533172496985,4.019760009348836,0.9593887242682569,,811,,S6_realdem,R2A
R2,A,0.0,0.0,2,high,30.0,1,range_s_P0,ekf,,0.21412648294915432,0.158199401197668,0.1386434590133513,4.8983811715001275,0.4352962957777403,1.370189572383384,5.2901989665792035,0.0,0.026537997587454766,0.0,13.69386429064082,1.0929427580570337,0.028629856850715747,0.10633946830265849,0,195.60000000000002,979,1.2687450732642194,0.38905767173985345,0.033775633293124274,829,2.4482749215563966,1.4396888781268398,0.11097708082026536,829,0.0,0.5186972255729795,0.45355850422195415,0.436670687575392,4.950735291539974,0.4393720703179701,,811,,S6_realdem,R2A
R2,A,0.0,0.0,2,high,30.0,2,range_s_P0,ekf,,0.2877637498707804,0.2750266331619166,0.15176656805559344,5.43545375180285,1.1125253479174817,1.879100305954591,2.8535961210363645,0.0,0.0,0.0,40.21719946330849,1.0362096994227445,0.023517382413087935,0.11247443762781185,0,195.60000000000002,979,1.1949936521973445,0.41350091680847795,0.027744270205066313,829,2.5203181052171155,1.5463520466857885,0.10615199034981904,829,0.0,0.8745476477683957,0.08443908323281062,0.07237635705669482,5.4273352518735525,1.1227379240462327,,811,,S6_realdem,R2A
R2,A,0.0,0.0,2,high,30.0,3,range_s_P0,ekf,,0.3745441050617264,0.33055447283865397,0.19584146661322874,5.115498481901514,0.36255510490130194,1.3251773803936342,5.553089971431585,0.0,0.021712907117008445,0.0,15.25255589129052,1.0857775202129953,0.028629856850715747,0.10531697341513292,0,195.60000000000002,979,1.2587086202672666,0.38196202706105764,0.033775633293124274,829,2.5042007076434696,1.5643178020803843,0.09529553679131486,829,0.0,0.669481302774427,0.24728588661037396,0.3232810615199035,5.171768764693998,0.36550263924943177,,811,,S6_realdem,R2A
R2,A,0.0,0.0,2,high,30.0,4,range_s_P0,ekf,,0.04210390116232036,0.1040093091785482,0.08627129867311166,5.02800903431646,1.0940970343783982,1.157757314010912,2.5065360079392724,0.0,0.024125452352231604,0.0,37.79493414030257,1.0139966605089237,0.022494887525562373,0.10736196319018405,0,195.60000000000002,979,1.177490438291816,0.4096942830150036,0.026537997587454787,829,2.411652950639563,1.4980615222752731,0.10494571773220751,829,0.0,0.8576598311218335,0.07720144752714113,0.49336550060313633,5.027650945831356,1.1040814443307752,,811,,S6_realdem,R2A
R2,A,0.0,0.0,2,high,30.0,5,range_s_P0,ekf,,0.23552472198469132,0.20048834822808628,0.0910414121586759,2.7896509664765503,0.4334765251703072,0.2896890447722347,2.7514937543079925,0.0,0.0024125452352231603,0.0,9.417327469666802,1.0328294791561783,0.024539877300613498,0.11042944785276074,0,195.60000000000002,979,1.1966730520942628,0.36869831586707824,0.02895054282267795,829,2.5425331998260594,1.4901139609523717,0.11459589867310016,829,0.0,0.43425814234016885,0.51145958986731,0.5910735826296744,2.820282191674325,0.4377950138955407,,811,,S6_realdem,R2A
R2,A,0.0,0.0,2,high,30.0,6,range_s_P0,ekf,,0.2882859828512533,0.22062232445445334,0.00930860860567386,6.382872582660241,1.1007111043185416,1.3164212888266187,3.5038150703550377,0.0,0.04221954161640531,0.0,51.93109186188595,1.0651222266389755,0.024539877300613498,0.10122699386503067,0,195.60000000000002,979,1.2277033767094656,0.4525574055619078,0.02895054282267795,829,2.460729752848987,1.6061500578816958,0.10012062726176119,829,0.0,0.9457177322074789,0.039806996381182146,0.04342581423401689,6.354569822384497,1.1101250825685576,,811,,S6_realdem,R2A
R2,A,0.0,0.0,2,high,30.0,7,range_s_P0,ekf,,0.2035037455716948,0.17213307599090114,0.07861230481284323,5.7233868391048395,0.97262172390171,1.354052107830075,3.3748700518579478,0.0,0.0,0.0,43.97988778668563,1.0658938522912111,0.024539877300613498,0.1032719836400818,0,195.60000000000002,979,1.2322195812039742,0.4509360469323145,0.02895054282267795,829,2.496375472756881,1.572667317733555,0.10132689987937271,829,0.0,0.7840772014475271,0.17611580217129072,0.07961399276236429,5.727442011293873,0.9824508971905362,,811,,S6_realdem,R2A
R2,A,0.0,0.0,2,high,30.0,8,range_s_P0,ekf,,0.07605459579188886,0.07389625977004648,0.04160711051396709,5.467187149276094,1.2454363276011648,1.6166896946812965,2.325585263366701,0.0,0.0,0.0,50.80569894742109,0.9832245676905103,0.018404907975460124,0.11349693251533742,0,195.60000000000002,979,1.1457032966381142,0.4072061779802322,0.021712907117008462,829,2.5312728002636082,1.5930846973251314,0.1085645355850422,829,0.0,0.962605548854041,0.014475271411338963,0.10494571773220748,5.430067536910117,1.2560215090645497,,811,,S6_realdem,R2A
R2,A,0.0,0.0,2,high,30.0,9,range_s_P0,ekf,,0.06795850321367836,0.11178107661365307,0.03851576401699464,3.636136787286353,1.1324177129664699,0.7597787695733628,1.9657605189774618,0.0,0.0,0.0,33.64707218474101,0.9962985861444957,0.019427402862985686,0.11860940695296524,0,195.60000000000002,979,1.155987692310829,0.40394354165071955,0.022919179734619988,829,2.5583436056996645,1.507311185635685,0.11821471652593485,829,0.0,0.8805790108564535,0.08926417370325694,0.6272617611580217,3.65959355045116,1.1432157960975335,,811,,S6_realdem,R2A
R2,A,0.0,0.0,2,high,30.0,10,range_s_P0,ekf,,0.35129999479185875,0.3324378555099232,0.23323437187367496,2.1218514103810056,0.5045285113449657,1.3090480863147291,2.140587888279688,0.0,0.0,0.0,11.471591878394575,0.9872018505186313,0.017382413087934562,0.11042944785276074,0,195.60000000000002,979,1.1450603384169225,0.39026233627979084,0.020506634499396825,829,2.521826832749005,1.4801400298583078,0.11459589867310016,829,0.0,0.45958986731001206,0.43425814234016885,0.6308805790108565,2.14312870706799,0.5097718704697513,,811,,S6_realdem,R2A
R2,A,0.0,0.0,2,high,30.0,11,range_s_P0,ekf,,0.14700599872968412,0.08086447888755861,0.009874947251120533,5.847920342631878,1.1568480219530177,2.382129046505817,2.56376143871272,0.0,0.04825090470446321,0.0,47.322049053594036,0.9924988741596896,0.018404907975460124,0.09611451942740286,0,195.60000000000002,979,1.14436730083563,0.4081391380670933,0.021712907117008462,829,2.3325472961566267,1.4641317740759938,0.09408926417370322,829,0.0,1.0,0.0,0.031363088057901084,5.819270845781363,1.1668090821509436,,811,,S6_realdem,R2A
R2,A,0.0,0.0,2,high,30.0,12,range_s_P0,ekf,,0.29953205850366177,0.25158394640968246,0.04536144101552678,2.9475508851565198,0.6816503520930448,1.0111933376835087,1.6335048943299124,0.0,0.0,0.0,15.253663109379621,0.9960057812342051,0.019427402862985686,0.10429447852760736,0,195.60000000000002,979,1.1408956026887256,0.3932045547350315,0.022919179734619988,829,2.4177545531885984,1.4130217129487133,0.10494571773220751,829,0.015681544028950542,0.5054282267792521,0.47165259348612787,0.7756332931242461,2.980038449868567,0.6891634367196615,,811,,S6_realdem,R2A
R2,A,0.0,0.0,2,high,30.0,13,range_s_P0,ekf,,0.05208547755639387,0.10620354520492928,0.043358733049380434,4.944297328785909,1.1078110326352242,2.1980289097525327,2.2050790002781717,0.0,0.018094089264173704,0.0,39.510897054085234,0.9808439493496869,0.018404907975460124,0.10736196319018405,0,195.60000000000002,979,1.1347769440532107,0.3910989089892832,0.021712907117008462,829,2.675542916311711,1.5452564437390077,0.10735826296743067,829,0.0,0.8926417370325693,0.054282267792521106,0.3088057901085645,4.971802336001974,1.1189560360770334,,811,,S6_realdem,R2A
R2,A,0.0,0.0,2,high,30.0,14,range_s_P0,ekf,,0.14534428673572597,0.16608911216865918,0.1195744645816777,5.493522238319206,1.0393476694286996,1.2378274769693203,2.8660169029225724,0.0,0.0,0.0,37.68602738114478,1.0235114099353542,0.023517382413087935,0.09713701431492842,0,195.60000000000002,979,1.1887136413729724,0.4209740514490205,0.027744270205066313,829,2.2509986707482104,1.4634870081413351,0.09529553679131486,829,0.0,0.8854041013268998,0.07961399276236429,0.20386007237635706,5.474723767126778,1.0486093998623573,,811,,S6_realdem,R2A
R2,A,0.0,0.0,2,high,30.0,15,range_s_P0,ekf,,0.08526652820325689,0.12836213731468693,0.012789893269855211,3.6437285191889974,0.9371227696742354,1.010125162536877,1.5910188953941742,0.0,0.0,0.0,25.610449484773095,0.9756541419319277,0.019427402862985686,0.09611451942740286,0,195.60000000000002,979,1.1326066729311606,0.3794786201146562,0.022919179734619988,829,2.3888863187277045,1.4901561278981041,0.09650180940892639,829,0.0,0.902291917973462,0.09650180940892641,0.6767189384800965,3.6629707598036676,0.9454970147769862,,811,,S6_realdem,R2A
R2,A,0.0,0.0,2,high,30.0,16,range_s_P0,ekf,,0.19328992197740583,0.18976278050852693,0.018803562923474244,2.8126076192739737,0.6433322826032077,0.4925500541738298,1.5944709186772767,0.0,0.0,0.0,13.104947338420407,1.0045188217592271,0.018404907975460124,0.10736196319018405,0,195.60000000000002,979,1.1512978687450424,0.4085852310394343,0.021712907117008462,829,2.5356185848587853,1.5705797646938744,0.10494571773220751,829,0.0024125452352231603,0.48009650180940894,0.48009650180940894,0.8033775633293124,2.8417252442319523,0.6503525772070198,,811,,S6_realdem,R2A
R2,A,0.0,0.0,2,high,30.0,17,range_s_P0,ekf,,0.18869715734192316,0.1258658517553348,0.07629865653653475,4.740480803450138,1.0750160021637671,1.653637865514375,1.96711671340558,0.0,0.0,0.0,35.007002114011456,0.9822090899938659,0.018404907975460124,0.10736196319018405,0,195.60000000000002,979,1.137250668810407,0.39707118306442607,0.021712907117008462,829,2.443274554962493,1.4925011669679566,0.10494571773220751,829,0.0,0.7720144752714113,0.1712907117008444,0.4390832328106152,4.755783961206665,1.0859718971202903,,811,,S6_realdem,R2A
R2,A,0.0,0.0,2,high,30.0,18,range_s_P0,ekf,,0.2625598074058151,0.24792984263331114,0.03315407972699633,4.018095928746079,0.8244762498148779,1.7363227169414561,1.8026209787488785,0.0,0.0,0.0,20.898888478640394,0.9792960188052873,0.018404907975460124,0.10531697341513292,0,195.60000000000002,979,1.1321031713589687,0.38430168346975135,0.021712907117008462,829,2.511668199210288,1.5225760942178892,0.10373944511459587,829,0.0,0.721351025331725,0.2436670687575392,0.5404101326899879,4.0411727939536926,0.8329367070363973,,811,,S6_realdem,R2A
R2,A,0.0,0.0,2,high,30.0,19,range_s_P0,ekf,,0.408778408875461,0.37591254429318166,0.20306602018879175,4.7886774479026455,1.0834321373921696,0.7863581340011989,2.0990928666688546,0.0,0.0,0.0,36.45860315812538,0.9916533995926026,0.02044989775051125,0.09611451942740286,0,195.60000000000002,979,1.1506455883905853,0.40071200435625226,0.024125452352231624,829,2.474040021686486,1.5151711990237806,0.10012062726176119,829,0.0,0.9155609167671894,0.03739445114595899,0.5162846803377563,4.786930995084357,1.0936285830715373,,811,,S6_realdem,R2A
R2,A,0.0,0.0,2,high,30.0,20,range_s_P0,ekf,,0.16031351750425127,0.09237436812829719,0.05641570325450751,4.014399788446655,0.9421828101820866,1.4123180320240831,2.0927348282895846,0.0,0.0,0.0,28.519469985626586,1.001181433147176,0.019427402862985686,0.09713701431492842,0,195.60000000000002,979,1.1578849483268707,0.404873172512897,0.022919179734619988,829,2.4223150617139018,1.5374276697805105,0.09891435464414955,829,0.0,0.7044632086851629,0.23642943305186973,0.6164053075995175,4.049845419377799,0.9518585916473753,,811,,S6_realdem,R2A
R2,A,0.0,0.0,2,high,30.0,21,range_s_P0,ekf,,0.1703360632659559,0.11623043465646865,0.1369640842817189,1.3325823499397076,0.6098281579993481,0.7200698194745436,0.8068012464022003,0.0,0.0,0.0,11.220355416630113,0.9741959114737092,0.017382413087934562,0.10429447852760736,0,195.60000000000002,979,1.1153206256254782,0.3705429008168538,0.020506634499396825,829,2.3949913563737693,1.440099082549789,0.10373944511459587,829,0.0,0.5428226779252111,0.3896260554885404,0.9758745476477684,1.3471888182594316,0.6155940550613239,,811,,S6_realdem,R2A
R2,A,0.0,0.0,2,high,30.0,22,range_s_P0,ekf,,0.22612020704852123,0.17502647340783412,0.12075384370106038,3.7556174083273004,0.9643987117797952,0.6131625553724254,1.8317255090478373,0.0,0.0,0.0,25.674373971035113,0.9942824579062539,0.019427402862985686,0.09815950920245399,0,195.60000000000002,979,1.1567360969613119,0.40455076475845425,0.022919179734619988,829,2.594544640112219,1.6079694503257125,0.10012062726176119,829,0.0,0.7141133896260555,0.1712907117008444,0.6224366706875754,3.7853035990275252,0.9739730820911422,,811,,S6_realdem,R2A
R2,A,0.0,0.0,2,high,30.0,23,range_s_P0,ekf,,0.23207081325455953,0.18434005811741871,0.16406593503789613,5.182290677329842,1.2561252691736389,0.9066643341985736,2.097229635363363,0.0,0.0,0.0,52.39951593877022,0.9854347128286401,0.018404907975460124,0.09918200408997956,0,195.60000000000002,979,1.1466281795419064,0.41241179921516635,0.021712907117008462,829,2.383191312019712,1.5281337075779704,0.0928829915560917,829,0.0,0.9879372738238842,0.0036188178528347406,0.37876960193003617,5.158098826731127,1.2669065405884992,,811,,S6_realdem,R2A
R2,A,0.0,0.0,2,high,30.0,24,range_s_P0,ekf,,0.2014027323154322,0.14050997334930754,0.14127700982027824,5.1035274168755445,0.9657422400714283,1.4588420863969558,2.6401893921470854,0.0,0.0,0.0,34.33535437855726,1.009667534596951,0.022494887525562373,0.10736196319018405,0,195.60000000000002,979,1.1632894452472986,0.40563036988635104,0.026537997587454787,829,2.421513545510665,1.4791581384644263,0.10373944511459587,829,0.0,0.8443908323281062,0.08082026537997587,0.13630880579010857,5.100141591320777,0.9745099463632043,,811,,S6_realdem,R2A
R2,A,0.0,0.0,2,high,30.0,25,range_s_P0,ekf,,0.14201693871769627,0.0925537133910302,0.07843749331274638,5.716561746913817,1.1549053440838806,1.203749714312243,3.0870788118944996,0.0,0.0,0.0,49.42694157867343,1.0286681515190197,0.023517382413087935,0.11554192229038855,0,195.60000000000002,979,1.1948139519905048,0.4312923059092159,0.027744270205066313,829,2.5340255834173915,1.5461594617324768,0.11338962605548852,829,0.0,0.971049457177322,0.0012062726176115801,0.06393244873341375,5.686925632103465,1.1650198410595989,,811,,S6_realdem,R2A
R2,A,0.0,0.0,2,high,30.0,26,range_s_P0,ekf,,0.07962834331213853,0.016819150666688598,0.0994710728442906,4.612969730195365,0.9093860883623869,2.266079988821528,2.248229051907504,0.0,0.028950542822677925,0.0,29.003809112348222,0.9900621333575423,0.018404907975460124,0.09713701431492842,0,195.60000000000002,979,1.146159036122295,0.4008659840118869,0.021712907117008462,829,2.360701130669405,1.566071503214151,0.08685162846803374,829,0.0,0.7165259348612787,0.20024125452352232,0.3088057901085645,4.651447509743541,0.9191506119255074,,811,,S6_realdem,R2A
R2,A,0.0,0.0,2,high,30.0,27,range_s_P0,ekf,,0.3925595979382693,0.35381877967527775,0.09908046586862847,4.048126180037849,1.0145105341363936,0.8044165219298446,2.2817299962652946,0.0,0.0,0.0,30.55828302413767,1.0181849408609203,0.022494887525562373,0.11860940695296524,0,195.60000000000002,979,1.174302980701057,0.3981652315036009,0.026537997587454787,829,2.477523740380387,1.4220310798652556,0.11459589867310016,829,0.0,0.8323281061519904,0.06996381182147166,0.6139927623642943,4.068183524146653,1.023896339293179,,811,,S6_realdem,R2A
R2,A,0.0,0.0,2,high,30.0,28,range_s_P0,ekf,,0.1779952750765576,0.1103656736882012,0.20467665672447227,6.048050506671044,1.6218409458323957,1.034233678342603,2.819011923399723,0.0,0.0,0.0,95.31386187812278,1.015130331572645,0.022494887525562373,0.10633946830265849,0,195.60000000000002,979,1.1839429600452434,0.42283213756600074,0.026537997587454787,829,2.7175537866826844,1.5722134589608012,0.10977080820265384,829,0.0,1.0,0.0,0.26417370325693607,5.979282666368174,1.633812228772521,,811,,S6_realdem,R2A
R2,A,0.0,0.0,2,high,30.0,29,range_s_P0,ekf,,0.1845140742033265,0.13743252430339573,0.10261873165762925,5.667399721325308,1.026733240297977,1.8113871116255134,3.16944501944113,0.0,0.0,0.0,44.7643028348325,1.045219135479354,0.024539877300613498,0.09713701431492842,0,195.60000000000002,979,1.2036690963874703,0.4289031143384975,0.02895054282267795,829,2.5295380744503566,1.6545527989242494,0.0928829915560917,829,0.0,0.9215922798552473,0.025331724969843185,0.019300361881785282,5.662019133654131,1.035850359214636,,811,,S6_realdem,R2A
R2,A,0.0,0.0,2,high,30.0,30,range_s_P0,ekf,,0.16283860567697492,0.09598194655795617,0.15437329872793762,3.914454773299876,0.7478344391657857,0.9284832326496105,2.263798750456273,0.0,0.0,0.0,22.524556341681812,1.0227934225622284,0.022494887525562373,0.10020449897750511,0,195.60000000000002,979,1.1771815504998648,0.40467386011191736,0.026537997587454787,829,2.5064968124457065,1.5646036935614676,0.10132689987937271,829,0.006031363088057901,0.7503015681544029,0.20989143546441497,0.6115802171290712,3.9574023547704344,0.756052885586934,,811,,S6_realdem,R2A
R2,A,0.0,0.0,2,high,30.0,31,range_s_P0,ekf,,0.11396748299993585,0.07852842808552447,0.09093004933270808,1.8670261518199902,0.28855589319684743,0.07451155769361834,1.6061272910409827,0.0,0.0,0.0,4.570049894420655,0.9984922391314627,0.017382413087934562,0.09713701431492842,0,195.60000000000002,979,1.1432069215576852,0.39406387911516383,0.020506634499396825,829,2.3398523983074675,1.4562425000721708,0.09891435464414955,829,0.007237635705669481,0.12424607961399277,0.827503015681544,0.8709288299155609,1.8637263340740253,0.2900013183647686,,811,,S6_realdem,R2A
R2,A,0.0,0.0,2,high,30.0,32,range_s_P0,ekf,,0.14396935580794637,0.07749342743909102,0.04091471023667913,5.706555641497106,1.0417147187704523,2.2236728479270536,2.847379498083088,0.0,0.05307599517490953,0.0,42.78456345340685,1.0152356590090632,0.02147239263803681,0.12269938650306748,0,195.60000000000002,979,1.1648505956925088,0.41241238576094896,0.02533172496984315,829,2.7324389671109968,1.520020771751824,0.1278648974668275,829,0.0,0.9264173703256936,0.032569360675512665,0.0048250904704463205,5.699695599453353,1.0517170095663497,,811,,S6_realdem,R2A
R2,A,0.0,0.0,2,high,30.0,33,range_s_P0,ekf,,0.27714573342580423,0.21529950907853634,0.16854244211004893,3.2330695284491235,0.4501911496571397,0.25865182982327395,3.338228191448421,0.0,0.008443908323281062,0.0,10.118418914162984,1.0507920665803379,0.024539877300613498,0.11042944785276074,0,195.60000000000002,979,1.2172542832416386,0.37585043938293344,0.02895054282267795,829,2.4915606896345857,1.5105889429593011,0.10373944511459587,829,0.0,0.4089264173703257,0.5126658624849216,0.5500603136308806,3.261546124673189,0.453964518907095,,811,,S6_realdem,R2A
R2,A,0.0,0.0,2,high,30.0,34,range_s_P0,ekf,,0.16621928193769145,0.12087768206900404,0.05600606828096586,5.273812570589908,1.000948334615259,2.5038275575116846,2.3417423929893433,0.0,0.018094089264173704,0.0,37.54336999636066,0.9819750457263159,0.018404907975460124,0.09713701431492842,0,195.60000000000002,979,1.13512431192559,0.3946351341031702,0.021712907117008462,829,2.3518141780502244,1.4586357279686541,0.09408926417370322,829,0.0,0.8661037394451147,0.09408926417370325,0.06875753920386007,5.282648684245617,1.0109616577896752,,811,,S6_realdem,R2A
R2,A,0.0,0.0,2,high,30.0,35,range_s_P0,ekf,,0.12695904689025483,0.18612221624227251,0.09695033136010019,4.867912027374336,1.0756314026479268,1.8082436230222552,2.7886571067532913,0.0,0.009650180940892641,0.0,42.06735327533842,1.0234786778780316,0.022494887525562373,0.10224948875255624,0,195.60000000000002,979,1.1830918256441003,0.41347444885247653,0.026537997587454787,829,2.423684769998507,1.493285961898793,0.10132689987937271,829,0.0,0.738238841978287,0.1942098914354644,0.24849215922798554,4.902167574797151,1.0860167243699619,,811,,S6_realdem,R2A
R2,A,0.0,0.0,2,high,30.0,36,range_s_P0,ekf,,0.13243991819281756,0.1691066925330846,0.1144052638484418,3.832299395579121,0.9362165173748659,1.561743191628777,1.766542495233996,0.0,0.0,0.0,26.000780534389133,0.9753369669520928,0.018404907975460124,0.08997955010224949,0,195.60000000000002,979,1.133524783366252,0.387703882934425,0.021712907117008462,829,2.241297173343964,1.4724935663826693,0.08805790108564537,829,0.0,0.7768395657418576,0.16767189384800965,0.5657418576598311,3.871195275255362,0.9458812980065721,,811,,S6_realdem,R2A
R2,A,0.0,0.0,2,high,30.0,37,range_s_P0,ekf,,0.15905550720972048,0.09154332493622369,0.06186353887623545,5.04965988509161,0.9341628903521684,2.182494385409648,2.474615839360239,0.0,0.0024125452352231603,0.0,33.84662587314958,0.9916044262825071,0.018404907975460124,0.1032719836400818,0,195.60000000000002,979,1.1378346647019932,0.4096324786441108,0.021712907117008462,829,2.437035362922014,1.4941874136977529,0.10373944511459587,829,0.0,0.7768395657418576,0.20386007237635706,0.18938480096501809,5.078587014248356,0.9439048754301407,,811,,S6_realdem,R2A
R2,A,0.0,0.0,2,high,30.0,38,range_s_P0,ekf,,0.21619205404845554,0.1563057377321487,0.08903876818330851,4.488140995498147,0.8320508882013236,2.023553964701068,2.0272083773002634,0.0,0.0,0.0,23.296324378252965,0.9890343468228918,0.018404907975460124,0.08895705521472393,0,195.60000000000002,979,1.1371416853642546,0.3874018514184968,0.021712907117008462,829,2.380243681997923,1.6644813922215256,0.08564535585042221,829,0.0,0.7539203860072377,0.23281061519903498,0.3691194209891435,4.524394279040703,0.8411119381554979,,811,,S6_realdem,R2A
R2,A,0.0,0.0,2,high,30.0,39,range_s_P0,ekf,,0.1554156276869889,0.18383346231234518,0.0365853592264383,4.182547199468962,1.0226586419212083,1.8068788886300429,1.7886382551484172,0.0,0.0,0.0,29.931308397217663,0.9705248307972854,0.018404907975460124,0.1032719836400818,0,195.60000000000002,979,1.1235524377771493,0.3775116117714693,0.021712907117008462,829,2.4453303651234677,1.5137079598883931,0.09770808202653802,829,0.0,0.758745476477684,0.2014475271411339,0.4897466827503016,4.2162694512333605,1.0331570723693735,,811,,S6_realdem,R2A
R2,A,0.0,0.0,2,high,30.0,40,range_s_P0,ekf,,0.18832329770992273,0.19605962011917216,0.17238926803682653,3.0297231799349165,0.7176138103159431,1.8193967143032623,1.4778137235064541,0.0,0.0,0.0,14.640996278823044,0.9852924953384251,0.019427402862985686,0.10020449897750511,0,195.60000000000002,979,1.1343333433132523,0.36677504793962,0.022919179734619988,829,2.40035291801919,1.439151163461822,0.09770808202653802,829,0.0,0.5790108564535585,0.3823884197828709,0.6936067551266586,3.0631132797236456,0.7253660079725818,,811,,S6_realdem,R2A
R2,A,0.0,0.0,2,high,30.0,41,range_s_P0,ekf,,0.09404682958928734,0.08625068529417397,0.0409829676405765,5.315395856051857,1.3412593067768812,1.260608553591659,2.0018305058013284,0.0,0.0,0.0,57.006771327650625,0.9865063174315138,0.019427402862985686,0.081799591002045,0,195.60000000000002,979,1.1493675994233616,0.39333214822377466,0.022919179734619988,829,2.1815906607843036,1.4246660379877187,0.07840772014475272,829,0.0,0.9047044632086851,0.09047044632086852,0.3606755126658625,5.2555191378603405,1.351735596457265,,811,,S6_realdem,R2A
R2,A,0.0,0.0,2,high,30.0,42,range_s_P0,ekf,,0.2719501012457134,0.21083713255479095,0.05871776501221677,5.152122579081536,1.0457409501018715,1.8359031104403554,1.9672765830660246,0.0,0.0024125452352231603,0.0,35.93064366937954,0.9843017363865635,0.018404907975460124,0.10224948875255624,0,195.60000000000002,979,1.1329921576343183,0.38778890988212356,0.021712907117008462,829,2.438161594608702,1.4913888380181104,0.10373944511459587,829,0.0,0.8371531966224367,0.09047044632086852,0.17490952955367914,5.144164934282948,1.0559005795433662,,811,,S6_realdem,R2A
R2,A,0.0,0.0,2,high,30.0,43,range_s_P0,ekf,,0.38593316914283127,0.32423552246045695,0.3015927607628193,4.6261407002873565,0.3915909754748804,1.3115825208518745,5.037035044231969,0.0,0.018094089264173704,0.0,15.712104914864149,1.0764401199241893,0.027607361963190184,0.10429447852760736,0,195.60000000000002,979,1.247791766780061,0.374315269499147,0.03256936067551264,829,2.4960951003908862,1.5192360766370168,0.10615199034981904,829,0.0,0.6079613992762364,0.35102533172496986,0.3751507840772014,4.669960833842699,0.39587295372882325,,811,,S6_realdem,R2A
R2,A,0.0,0.0,2,high,30.0,44,range_s_P0,ekf,,0.5338642826727413,0.4744193112492264,0.10770196608657608,3.977539577407559,0.7576336591255435,1.7645623280366751,1.6678236802713478,0.0,0.0,0.0,20.605237165156908,1.0052638675081116,0.019427402862985686,0.11042944785276074,0,195.60000000000002,979,1.133862413466163,0.3745957562091823,0.022919179734619988,829,2.6646160983589,1.5615743579103136,0.11338962605548852,829,0.006031363088057901,0.7515078407720145,0.2376357056694813,0.5681544028950543,4.021223758797508,0.7659795257890034,,811,,S6_realdem,R2A
R2,A,0.0,0.0,2,high,30.0,45,range_s_P0,ekf,,0.3051014452970187,0.287538674903014,0.09550985433134797,5.765552731941839,1.2778770787416918,0.9826965599213483,2.7161964547545083,0.0,0.0,0.0,56.7152893752524,1.01429421563216,0.022494887525562373,0.11247443762781185,0,195.60000000000002,979,1.182172635947307,0.4175114699294524,0.026537997587454787,829,2.544762591456539,1.5587061928684287,0.10494571773220751,829,0.0,0.9481302774427021,0.033775633293124246,0.25814234016887816,5.719515730976718,1.2886891532232123,,811,,S6_realdem,R2A
R2,A,0.0,0.0,2,high,30.0,46,range_s_P0,ekf,,0.08198421366182407,0.0656248411981077,0.05835996496190179,5.89106423016372,1.0577759936041402,2.3046902014569746,3.0589937966266496,0.0,0.009650180940892641,0.0,44.26792501567178,1.0054697528240177,0.022494887525562373,0.11451942740286299,0,195.60000000000002,979,1.1604955094274523,0.4161953605931219,0.026537997587454787,829,2.595591359668358,1.5087670664053823,0.11338962605548852,829,0.0,1.0,0.0,0.0,5.870377834374488,1.0667991867817945,,811,,S6_realdem,R2A
R2,A,0.0,0.0,2,high,30.0,47,range_s_P0,ekf,,0.24555505630368332,0.23740694960509656,0.07500593241718975,4.457869958304231,0.9740307104583036,1.6208134397110583,2.1082953767233943,0.0,0.0,0.0,27.06541784471662,0.9941824446271599,0.018404907975460124,0.09304703476482618,0,195.60000000000002,979,1.1484092863127626,0.40327087821858315,0.021712907117008462,829,2.3379879785898043,1.5968110253345322,0.08443908323281057,829,0.0,0.7913148371531966,0.1399276236429433,0.47285886610373945,4.47748865906469,0.9835690462751705,,811,,S6_realdem,R2A
R2,A,0.0,0.0,2,high,30.0,48,range_s_P0,ekf,,0.19509937820018433,0.13208455189913418,0.06183623031430323,2.9375336937352663,0.7461711039045036,0.8432089127773746,1.7155926163603457,0.0,0.0,0.0,17.481098206100725,0.9978043213204549,0.019427402862985686,0.12269938650306748,0,195.60000000000002,979,1.150556258536552,0.3985238157972385,0.022919179734619988,829,2.70910139480935,1.5476684417466549,0.12062726176115801,829,0.0,0.5753920386007237,0.3896260554885404,0.7394451145958987,2.9683169317245923,0.7540958259611124,,811,,S6_realdem,R2A
R2,A,0.0,0.0,2,high,30.0,49,range_s_P0,ekf,,0.11573874332691156,0.18328329721906833,0.0926101986634513,3.9706600258886957,0.9417845891461594,1.5875618165760694,1.766388747989164,0.0,0.0,0.0,24.56365288125539,0.9749115702058775,0.018404907975460124,0.09918200408997956,0,195.60000000000002,979,1.1252252834883432,0.37944586594815466,0.021712907117008462,829,2.41185749683694,1.5085191823452002,0.10012062726176119,829,0.0,0.7575392038600723,0.19059107358262967,0.5319662243667069,4.007752516364967,0.9513682906534905,,811,,S6_realdem,R2A
R2,A,0.0,0.0,0,low,30.0,0,range_s_P0,ekf,,0.9082766973526261,0.9748894822630009,1.0274373678197195,3.651413433200919,1.1070951707772192,1.6847785164100326,1.3085999206850292,0.0,0.0,0.0,83.13627180373213,0.7869875332904257,0.027607361963190184,0.09100204498977506,0,195.60000000000002,979,0.713277796045163,0.3971523592920778,0.026537997587454787,829,2.3205106788604946,1.4918858420939825,0.09408926417370322,829,0.0,1.0,0.0,0.6103739445114595,3.6848218249062015,1.118672344444984,,811,,S7_block,R2A
R2,A,0.0,0.0,0,low,30.0,1,range_s_P0,ekf,,0.7956375436306203,0.8614422115248361,0.8783981075544974,4.001523516180873,0.8588953925441439,2.0680549773976984,2.1563605450614696,0.0,0.0,0.0,38.77631531971987,0.4107900416712932,0.002044989775051125,0.11758691206543967,0,195.60000000000002,979,0.3861731047393139,0.3783442242175753,0.0012062726176115257,829,2.7151549091924685,1.6071723025804256,0.12062726176115801,829,0.0,1.0,0.0,0.19059107358262967,3.915825624309123,0.8666220317521612,,811,,S7_block,R2A
R2,A,0.0,0.0,0,low,30.0,2,range_s_P0,ekf,,0.8349518840811779,0.899364943129568,0.8865408777586014,2.7813851849780584,0.4589040207075572,2.494564537778291,3.4369970173083404,0.0,0.0,0.0,36.51320469567159,1.9076054606577595,0.0408997955010225,0.11247443762781185,0,195.60000000000002,979,2.1574750411485226,0.44561872313375345,0.04825090470446325,829,2.434200982436564,1.447700127242635,0.112183353437877,829,0.0,0.3100120627261761,0.6706875753920386,0.6984318455971049,2.811144534897319,0.46338987661708686,,811,,S7_block,R2A
R2,A,0.0,0.0,0,low,30.0,3,range_s_P0,ekf,,0.4549729631096324,0.5230363889322457,0.5843500091864678,3.0858610366277484,0.4764523077713694,0.9391364123577297,1.506036746804488,0.0,0.0,0.0,77.39600077948619,1.6494808798403742,0.02556237218813906,0.0869120654396728,0,195.60000000000002,979,1.9109505421724275,0.4381287887091689,0.02895054282267795,829,2.301479904150736,1.4915740277032712,0.0928829915560917,829,0.007237635705669481,0.43425814234016885,0.525934861278649,0.6550060313630881,3.1186783801821902,0.48167763340121256,,811,,S7_block,R2A
R2,A,0.0,0.0,0,low,30.0,4,range_s_P0,ekf,,0.6478842159925036,0.7134511563409145,0.7102883804477769,1.0371112109613043,0.4643169233545581,0.3005431667764977,0.9267324071136185,0.0,0.0,0.0,12.931447749634527,0.4295597799515572,0.011247443762781187,0.09815950920245399,0,195.60000000000002,979,0.4849621212555269,0.3026174914989415,0.012062726176115812,829,2.450556443164002,1.4864892539123955,0.09650180940892639,829,0.0,0.4499396863691194,0.5138721351025332,0.9722557297949337,1.0452888842271806,0.46889330805354645,,811,,S7_block,R2A
R2,A,0.0,0.0,0,low,30.0,5,range_s_P0,ekf,,0.4862506105069441,0.5544866422033529,0.5781198428263393,2.8962980618864,0.5725316082811793,1.4043923716024491,2.2769709153161077,0.0,0.0,0.0,539.9952835959848,1.4094610525269502,0.019427402862985686,0.09406952965235174,0,195.60000000000002,979,0.8308908363828325,0.3566907587910625,0.008443908323281013,829,2.3732139053070758,1.5942128362045855,0.09167671893848006,829,0.0,0.9433051869722557,0.04221954161640531,0.24607961399276237,2.92509072675674,0.5786643200653904,,811,,S7_block,R2A
R2,A,0.0,0.0,0,low,30.0,6,range_s_P0,ekf,,0.44213771873210805,0.5030053008601156,0.698159778091449,2.9730001662675694,0.7584190023724808,0.48979612671444606,0.9462959582449348,0.0,0.0,0.0,25.211888202723635,0.6924449946722089,0.014314928425357873,0.09406952965235174,0,195.60000000000002,979,0.7969842615471512,0.3145246153196139,0.016887816646562137,829,2.3244761943264893,1.4682832935423897,0.09650180940892639,829,0.0,0.8600723763570567,0.13872135102533173,0.6682750301568154,3.005801040509508,0.7665657914649725,,811,,S7_block,R2A
R2,A,0.0,0.0,0,low,30.0,7,range_s_P0,ekf,,0.23317767176938123,0.3000400581630521,0.28990565159050996,2.4979662308046264,0.6385543837952752,0.3286801999902268,0.7704437679296702,0.0,0.0,0.0,12.408011051307236,0.9714509062282447,0.02147239263803681,0.09406952965235174,0,195.60000000000002,979,1.1314099435908513,0.33579071870018357,0.02533172496984315,829,2.3979316681236083,1.4324427789157501,0.09770808202653802,829,0.0,0.6899879372738239,0.20627261761158022,0.7647768395657418,2.516218547517318,0.6454676320000311,,811,,S7_block,R2A
R2,A,0.0,0.0,0,low,30.0,8,range_s_P0,ekf,,0.7563109441528256,0.82068321923044,0.7376376764604877,2.106438380567678,0.3584673337310546,0.9278021712686499,1.2264250475908163,0.0,0.0,0.0,12.192585931291902,1.8233739304732313,0.03680981595092025,0.09611451942740286,0,195.60000000000002,979,1.950227137801269,0.5271950443442139,0.0349819059107358,829,2.328592669740491,1.4574725385180287,0.09529553679131486,829,0.0024125452352231603,0.2822677925211098,0.6791314837153196,0.7840772014475271,2.0040870318012907,0.3620503560552676,,811,,S7_block,R2A
R2,A,0.0,0.0,0,low,30.0,9,range_s_P0,ekf,,0.5452332078906582,0.6069868723151957,0.503945254015824,4.8421654876472076,0.6865583075561168,1.952561679472894,4.196752895584717,0.0,0.0,0.0,44.46258274152292,1.1957430412394021,0.018404907975460124,0.10020449897750511,0,195.60000000000002,979,0.5646614510816463,0.4864999967249775,0.007237635705669487,829,2.445702460753823,1.5468090753810557,0.09891435464414955,829,0.0,0.8480096501809409,0.13872135102533173,0.13872135102533173,4.895464326666223,0.6935209971618295,,811,,S7_block,R2A
R2,A,0.0,0.0,0,low,30.0,10,range_s_P0,ekf,,0.48705337912884056,0.5548694081820896,0.5211269259970761,4.302195378439641,0.4990253632741565,1.5890290763524013,3.1286348797902086,0.0,0.010856453558504222,0.0,27.747178401745508,1.1964058993937774,0.02556237218813906,0.10633946830265849,0,195.60000000000002,979,1.3473305136091165,0.5048870678785504,0.030156815440289475,829,2.509865441680416,1.56957948290677,0.10253317249698435,829,0.0,0.8166465621230398,0.10856453558504221,0.2448733413751508,4.255961525052978,0.503969263784335,,811,,S7_block,R2A
R2,A,0.0,0.0,0,low,30.0,11,range_s_P0,ekf,,0.016862734243325593,0.07458331449215069,0.14259824724014108,2.336084816752945,0.16247575013899862,1.145484116875599,2.666991418075505,0.0,0.0,0.0,10.290839275062483,0.9029022418634423,0.011247443762781187,0.1165644171779141,0,195.60000000000002,979,1.0553293973614548,0.352661573436152,0.013268998793727338,829,2.5837494687394176,1.4870102630671564,0.11338962605548852,829,0.0,0.4559710494571773,0.5078407720144753,0.48612786489746684,2.360831560404896,0.1638243431276662,,811,,S7_block,R2A
R2,A,0.0,0.0,0,low,30.0,12,range_s_P0,ekf,,0.5371092208014449,0.5900079321621925,0.6076102033962141,3.60184435970619,0.9503208525138118,0.8961490799074,1.3666255010488966,0.0,0.0,0.0,53.28387678756525,1.303928566085947,0.02556237218813906,0.11042944785276074,0,195.60000000000002,979,1.441139584810664,0.5904414167683267,0.027744270205066313,829,2.6078157550242906,1.5554155538604653,0.11700844390832332,829,0.0,1.0,0.0,0.6151990349819059,3.3902344131773754,0.9579645086967443,,811,,S7_block,R2A
R2,A,0.0,0.0,0,low,30.0,13,range_s_P0,ekf,,0.12494179348855704,0.18900493207146585,0.16394344758959095,4.412247174083012,0.5536911209877079,1.9110057817024937,2.0826157685517863,0.0,0.0,0.0,16.46424247911385,0.2750777003354966,0.0010224948875255625,0.08077709611451943,0,195.60000000000002,979,0.2635115583128402,0.2541177148894338,0.0012062726176115257,829,2.2771154362976262,1.5050365045575584,0.08564535585042221,829,0.0,0.5428226779252111,0.30759951749095293,0.3884197828709288,4.459093468728936,0.5595970533886918,,811,,S7_block,R2A
R2,A,0.0,0.0,0,low,30.0,14,range_s_P0,ekf,,0.9140820854217999,0.9808845416730466,0.9925643684915052,4.130719038745946,0.4301312198984577,3.6741235661934573,4.096647137065649,0.0,0.015681544028950542,0.0,37.470292184877955,2.0709479730095257,0.041922290388548056,0.09918200408997956,0,195.60000000000002,979,2.1576085314545144,0.46900794732647677,0.043425814234016924,829,2.6730602275189583,1.6345198820105595,0.10615199034981904,829,0.0,0.5983112183353438,0.3594692400482509,0.35826296743063935,4.16532274727636,0.43451506968852316,,811,,S7_block,R2A
R2,A,0.0,0.0,0,low,30.0,15,range_s_P0,ekf,,0.28551882182491267,0.35049745870207255,0.22820800467656793,6.003527342694674,1.0054888887283793,1.4416899400482517,1.4289737633820911,0.0,0.18455971049457176,0.0,57.109963976865785,1.5753037286516192,0.03169734151329243,0.10122699386503067,0,195.60000000000002,979,1.739143458777997,0.4743122382200663,0.0349819059107358,829,2.3959877925733544,1.385649554766255,0.10494571773220751,829,0.0,0.9722557297949337,0.019300361881785282,0.4837153196622437,6.04184249473569,1.016387557872096,,811,,S7_block,R2A
R2,A,0.0,0.0,0,low,30.0,16,range_s_P0,ekf,,0.787905633996806,0.856100433379245,0.8511798869580023,3.332454295617494,0.7267139705787989,2.0018234585555654,3.219138860066495,0.0,0.0,0.0,38.5240505761781,0.54504775970498,0.011247443762781187,0.09304703476482618,0,195.60000000000002,979,0.5900516744030373,0.42807221757965597,0.013268998793727338,829,2.3332670151026376,1.5338859354401393,0.09167671893848006,829,0.012062726176115802,0.7696019300361882,0.18697225572979492,0.40530759951749096,3.3682154398819746,0.7347223471958136,,811,,S7_block,R2A
R2,A,0.0,0.0,0,low,30.0,17,range_s_P0,ekf,,0.21604138240281803,0.28397783457769576,0.47895985965622667,2.6784239965856687,0.3307794935580533,2.4747263113388587,2.6889286385701876,0.0,0.0,0.0,12.471645511371173,1.127613938655893,0.016359918200409,0.08486707566462168,0,195.60000000000002,979,1.1642899265901638,0.4400098552272242,0.014475271411338975,829,2.4160401987360087,1.6440891261588986,0.08082026537997589,829,0.0,0.34378769601930037,0.594692400482509,0.5018094089264173,2.6657483134442277,0.3342211675359342,,811,,S7_block,R2A
R2,A,0.0,0.0,0,low,30.0,18,range_s_P0,ekf,,0.8430429551221084,0.9113798041856962,0.9379184484780141,4.090220542210738,0.4089218341690507,3.8320711957473006,5.016415046694564,0.0,0.0,0.0,41.685375726284114,2.6418613907205546,0.04396728016359918,0.10736196319018405,0,195.60000000000002,979,2.3619093920573526,0.5533198549051558,0.03739445114595896,829,2.5876062375747044,1.5573117209293574,0.10977080820265384,829,0.021712907117008445,0.5778045838359469,0.40651387213510254,0.4077201447527141,4.122992909415555,0.4133873634406666,,811,,S7_block,R2A
R2,A,0.0,0.0,0,low,30.0,19,range_s_P0,ekf,,0.29538277419321324,0.36025370295322634,0.3569231297650597,3.130209070083843,0.7052389163844625,1.3423736476541739,1.5706008213763403,0.0,0.0,0.0,16.385523534715077,0.5973166560949585,0.017382413087934562,0.130879345603272,0,195.60000000000002,979,0.4639955841801298,0.23796781777860915,0.013268998793727338,829,2.7405129057012467,1.4950537464396096,0.12303980699638117,829,0.0,0.781664656212304,0.097708082026538,0.6308805790108565,3.1390693196473163,0.711636922220069,,811,,S7_block,R2A
R2,A,0.0,0.0,0,low,30.0,20,range_s_P0,ekf,,0.7575022287561886,0.8244346298310061,0.9021256276785468,4.280096457371065,1.0362120227674254,1.2129250311572373,1.6455642193479048,0.0,0.019300361881785282,0.0,72.74251402460173,0.9677822001247834,0.017382413087934562,0.10531697341513292,0,195.60000000000002,979,0.5808694832494403,0.4203172848881196,0.012062726176115812,829,2.575554627928776,1.5486185480963688,0.11338962605548852,829,0.0,0.9505428226779252,0.030156815440289506,0.4644149577804584,4.243416726817625,1.0465858378093245,,811,,S7_block,R2A
R2,A,0.0,0.0,0,low,30.0,21,range_s_P0,ekf,,0.1673911188247856,0.12202186495705407,0.12426349918784783,5.171022978602627,0.5062060853744522,1.5293406801802871,2.688916076845868,0.0,0.031363088057901084,0.0,25.895723955604424,2.407665414279448,0.046012269938650305,0.10940695296523517,0,195.60000000000002,979,2.622616021603004,0.41000551141198366,0.04704463208685161,829,2.5486977297186506,1.5347022431332673,0.11580217129071169,829,0.0,0.773220747889023,0.17973462002412546,0.1519903498190591,5.182107621574126,0.5116310004382487,,811,,S7_block,R2A
R2,A,0.0,0.0,0,low,30.0,22,range_s_P0,ekf,,1.058334403404249,1.1260329108227298,1.1576340525401787,1.540285483548142,0.5584880265201656,1.3018770286965293,1.3835573638340493,0.0,0.0,0.0,41.69802354090126,0.5031424130890185,0.010224948875255624,0.10429447852760736,0,195.60000000000002,979,0.4524528956801319,0.3555415298898903,0.007237635705669487,829,2.37335326022873,1.43608255002223,0.10615199034981904,829,0.0024125452352231603,0.28950542822677927,0.6767189384800965,0.7792521109770808,1.5545042650303995,0.5645530680135697,,811,,S7_block,R2A
R2,A,0.0,0.0,0,low,30.0,23,range_s_P0,ekf,,0.18655225010387777,0.2541517227956357,0.24168139073806957,2.6038510174556393,0.49113290028688805,2.167562402670432,2.0863859580336075,0.0,0.0,0.0,8.989774350005975,0.2249252605264358,0.0010224948875255625,0.11247443762781185,0,195.60000000000002,979,0.20929131109946617,0.20929131109946617,0.0,829,2.455749155068881,1.4690237131742776,0.11097708082026536,829,0.0,0.49336550060313633,0.3775633293124246,0.6188178528347407,2.5790162370483647,0.4964186389909452,,811,,S7_block,R2A
R2,A,0.0,0.0,0,low,30.0,24,range_s_P0,ekf,,0.17979276573497782,0.11975007938659082,0.12147874142853209,2.6841133025912436,0.26754241537593276,4.933681571524963,1.0605023914323375,0.0,0.0,0.0,3.6362148694132927,1.5462044503289494,0.03067484662576687,0.1032719836400818,0,195.60000000000002,979,1.7773766512324836,0.2724990896589079,0.03618817852834744,829,2.4251350176583357,1.48294107699378,0.10012062726176119,829,0.03739445114595899,0.0735826296743064,0.8974668275030157,0.8600723763570567,2.6695482145289517,0.26859915106031973,,811,,S7_block,R2A
R2,A,0.0,0.0,0,low,30.0,25,range_s_P0,ekf,,0.08229652659363024,0.06603463150357615,0.08126482428622524,2.8947433900410484,0.18296231710069524,0.685234985220162,0.963828478034739,0.0,0.0,0.0,5.245827636723596,1.6452169594470556,0.02965235173824131,0.10020449897750511,0,195.60000000000002,979,1.7459243691661905,0.29287040156661837,0.030156815440289475,829,2.5390265818268984,1.6141292958104259,0.10615199034981904,829,0.0,0.14475271411338964,0.7792521109770808,0.8142340168878166,2.813066822072363,0.18141382623204005,,811,,S7_block,R2A
R2,A,0.0,0.0,0,low,30.0,26,range_s_P0,ekf,,0.08489843613275401,0.03454591798644198,0.08352506481610392,2.9710187431470514,0.32633702231500444,1.9484761415475176,1.0454970838293427,0.0,0.0,0.0,5.291644303599467,1.6585738052564176,0.03169734151329243,0.09406952965235174,0,195.60000000000002,979,1.9415329145791744,0.4402657944333608,0.03739445114595896,829,2.392966032614167,1.483363020955765,0.09529553679131486,829,0.008443908323281062,0.1158021712907117,0.7804583835946924,0.7659831121833535,3.0025134099270923,0.32940002887219855,,811,,S7_block,R2A
R2,A,0.0,0.0,0,low,30.0,27,range_s_P0,ekf,,0.9830778435381404,1.0385066254745792,0.9730781503418857,2.319832780172942,0.611747338932578,2.189315905551733,1.3620277900939852,0.0,0.0,0.0,25.432365424321823,1.5131934075961573,0.028629856850715747,0.1083844580777096,0,195.60000000000002,979,1.7513792506203154,0.37653721784565286,0.033775633293124274,829,2.4506566054825814,1.5029982426458435,0.10132689987937271,829,0.0,0.7720144752714113,0.19300361881785283,0.7189384800965019,2.3451491758565997,0.618295006563975,,811,,S7_block,R2A
R2,A,0.0,0.0,0,low,30.0,28,range_s_P0,ekf,,0.8143735585018347,0.8762912797781689,0.772418923430362,2.714303701729101,0.387051808685246,1.8706171377692198,2.704385294777953,0.0,0.0,0.0,30.911912489386772,1.0141168471471964,0.013292433537832311,0.10020449897750511,0,195.60000000000002,979,1.1586300984322164,0.44260086661031406,0.0156815440289505,829,2.3094287516366774,1.4584758928904913,0.10132689987937271,829,0.009650180940892641,0.4776839565741858,0.4583835946924005,0.40530759951749096,2.6562248492515095,0.3906814054644426,,811,,S7_block,R2A
R2,A,0.0,0.0,0,low,30.0,29,range_s_P0,ekf,,0.11589427600847786,0.1278784521805393,0.05296785424627602,1.6420475685639706,0.37306653433866,1.4003676449613922,1.3052716098535126,0.0,0.0,0.0,7.4583702802377285,0.9737016068408354,0.013292433537832311,0.10224948875255624,0,195.60000000000002,979,1.0934075938417573,0.37037012892300103,0.0156815440289505,829,2.461091444427228,1.5821292290428626,0.10012062726176119,829,0.0,0.27020506634499397,0.6839565741857659,0.8443908323281062,1.6463834861161812,0.37706117988876836,,811,,S7_block,R2A
R2,A,0.0,0.0,0,low,30.0,30,range_s_P0,ekf,,0.21999636993604038,0.267006147824503,0.21070022535843497,11.52606455206608,0.9391799677582773,5.954161438210643,10.047391671443652,0.0,0.4969843184559711,0.0,323.94738857265617,2.395767690491404,0.08077709611451943,0.10224948875255624,0,195.60000000000002,979,2.4959193171760004,1.166773581679445,0.08443908323281057,829,2.4910770232670743,1.5586532214736568,0.10132689987937271,829,0.0,0.9227985524728589,0.06634499396863691,0.09408926417370325,11.649686660271707,0.9489549849334145,,811,,S7_block,R2A
R2,A,0.0,0.0,0,low,30.0,31,range_s_P0,ekf,,0.18991738092888868,0.257629617624213,0.20548738082297258,2.712109831363689,0.18524229559892166,2.250714883534413,1.4534121463247478,0.0,0.0,0.0,7.22388923383087,1.7740153480706449,0.03067484662576687,0.09815950920245399,0,195.60000000000002,979,2.070456921204753,0.4072325854238348,0.03618817852834744,829,2.41113964645396,1.530172435351592,0.0892641737032569,829,0.0,0.2014475271411339,0.7394451145958987,0.6839565741857659,2.734789539644484,0.1863816977138696,,811,,S7_block,R2A
R2,A,0.0,0.0,0,low,30.0,32,range_s_P0,ekf,,0.09221325921386389,0.08291738758340243,0.10975329123719127,2.4970348223651038,0.45448233727340803,0.9379288187372594,2.1972160100222373,0.0,0.0,0.0,19.493593143838954,2.2181107949470027,0.046012269938650305,0.09611451942740286,0,195.60000000000002,979,2.523203351081256,0.2969702354601178,0.049457177322074775,829,2.383430761216645,1.5026017430958734,0.09408926417370322,829,0.0,0.8769601930036188,0.1097708082026538,0.6115802171290712,2.423992824730464,0.45548313510217137,,811,,S7_block,R2A
R2,A,0.0,0.0,0,low,30.0,33,range_s_P0,ekf,,0.9184492795111694,0.9839003182717145,1.0516213658289129,4.451783710207922,1.0290383632981261,0.23884141977404202,1.199033983602087,0.0,0.0024125452352231603,0.0,86.84829956473962,0.5703238503080819,0.016359918200409,0.0950920245398773,0,195.60000000000002,979,0.6315477145833811,0.3880233646633155,0.0193003618817853,829,2.369733251018111,1.4695724530997063,0.09408926417370322,829,0.0,0.9650180940892642,0.03498190591073583,0.5090470446320868,4.49584239844513,1.04024080218499,,811,,S7_block,R2A
R2,A,0.0,0.0,0,low,30.0,34,range_s_P0,ekf,,0.7840932169172726,0.8524522192015054,0.8664968067769571,3.470795398021535,0.7537323937655093,1.1485135312485857,2.6517568094142887,0.0,0.0,0.0,45.94007371430094,1.1070885474817171,0.017382413087934562,0.10020449897750511,0,195.60000000000002,979,1.2612483563047951,0.4476219105248133,0.020506634499396825,829,2.4611900485852605,1.5701746408802117,0.09770808202653802,829,0.0,0.6731001206272618,0.2798552472858866,0.609167671893848,3.488932408407977,0.7616849783643077,,811,,S7_block,R2A
R2,A,0.0,0.0,0,low,30.0,35,range_s_P0,ekf,,0.7902386209121534,0.8568447847312722,0.7712795793673618,4.124985560048665,0.8385870199675493,0.893683533690184,2.5298633232212313,0.0,0.0024125452352231603,0.0,37.74255059079069,1.4432838771899605,0.034764826175869123,0.10531697341513292,0,195.60000000000002,979,1.4491306621981588,0.5412149589808191,0.033775633293124274,829,2.511855812460664,1.624407919018451,0.10132689987937271,829,0.0,0.8082026537997588,0.18576598311218334,0.5404101326899879,4.168274438400821,0.8477131018004547,,811,,S7_block,R2A
R2,A,0.0,0.0,0,low,30.0,36,range_s_P0,ekf,,0.8037653661147194,0.8695321207759759,0.7693103737046592,4.362767802691755,0.46908728440327097,4.117289293076655,4.634655950466334,0.0,0.0,0.0,64.6530471775043,1.351817571799964,0.026584867075664622,0.09406952965235174,0,195.60000000000002,979,1.5616164206447616,0.45648962691549966,0.03136308805790111,829,2.4069812292645434,1.466209838762734,0.09650180940892639,829,0.0,0.6248492159227985,0.34499396863691195,0.31363088057901084,4.406582323659529,0.4742319036622657,,811,,S7_block,R2A
R2,A,0.0,0.0,0,low,30.0,37,range_s_P0,ekf,,0.12346067874072385,0.18425516302667594,0.20342386526457204,7.197538495073724,1.0083645994329755,2.619194867918167,3.837998273120327,0.0,0.27864897466827504,0.0,75.70757270334921,1.9107805065730916,0.034764826175869123,0.11042944785276074,0,195.60000000000002,979,2.197757007823797,0.6384990775877118,0.04101326899879376,829,2.5986292189385907,1.570054428947726,0.10977080820265384,829,0.0,0.9131483715319663,0.07720144752714113,0.05669481302774427,7.27067346859403,1.0194594327656559,,811,,S7_block,R2A
R2,A,0.0,0.0,0,low,30.0,38,range_s_P0,ekf,,0.5086253084735606,0.5757429831473659,0.7064643865335687,5.632340253201936,0.9622581998457718,3.1115608019962724,3.967151987394517,0.0,0.05066344993968637,0.0,55.62201684650935,0.44929636020600955,0.010224948875255624,0.1114519427402863,0,195.60000000000002,979,0.4970492774966543,0.3433959217611509,0.012062726176115812,829,2.4567066800212096,1.5334174601724329,0.1085645355850422,829,0.0012062726176115801,0.8576598311218335,0.13510253317249699,0.27020506634499397,5.668531153328037,0.9727798077791586,,811,,S7_block,R2A
R2,A,0.0,0.0,0,low,30.0,39,range_s_P0,ekf,,0.567849496034361,0.6354481832632449,0.5942482354686252,6.861982689406705,1.3106056574869058,2.155465960316045,3.5787857622326613,0.0,0.2243667068757539,0.0,88.77519388181322,2.216421645301097,0.05623721881390593,0.10122699386503067,0,195.60000000000002,979,2.5364322074355172,0.5514215242333557,0.06634499396863691,829,2.4335150971143196,1.438621154887895,0.10494571773220751,829,0.0,0.9638118214716526,0.018094089264173704,0.030156815440289506,6.921463062149822,1.3245752948983591,,811,,S7_block,R2A
R2,A,0.0,0.0,0,low,30.0,40,range_s_P0,ekf,,0.3993131020990258,0.4503550147396626,0.48046373935111497,5.146174623609448,0.6304542674422265,4.701840308444759,2.8606461338070237,0.0,0.0,0.0,19.976531942385172,1.7694656949181373,0.03067484662576687,0.10633946830265849,0,195.60000000000002,979,1.925121156163783,0.3027816821929127,0.03618817852834744,829,2.676748031183428,1.5971362633837534,0.1085645355850422,829,0.0,0.8685162846803377,0.04221954161640531,0.1519903498190591,5.0973295471988305,0.6370023446872698,,811,,S7_block,R2A
R2,A,0.0,0.0,0,low,30.0,41,range_s_P0,ekf,,0.7792650200634482,0.8412595724568434,0.7974377367550523,6.071457650316592,1.158513072672445,2.5336233117880407,1.5277869149943333,0.0,0.1471652593486128,0.0,74.10087739133785,0.6159265415202203,0.016359918200409,0.08384458077709611,0,195.60000000000002,979,0.6639961937597413,0.4259068328851154,0.0193003618817853,829,2.2380168314273483,1.5056193485057245,0.08323281061519905,829,0.0,0.9819059107358263,0.013268998793727383,0.40048250904704463,6.101638911098028,1.1705076095833749,,811,,S7_block,R2A
R2,A,0.0,0.0,0,low,30.0,42,range_s_P0,ekf,,0.44553049206406875,0.5132669403429373,0.6659192104284006,5.408673427450543,0.7609981559251742,1.7630545887050049,2.171906249149452,0.0,0.010856453558504222,0.0,54.581900214654205,0.7057058343290632,0.013292433537832311,0.09304703476482618,0,195.60000000000002,979,0.6194412422660336,0.5233000661816731,0.008443908323281013,829,2.3879163879017646,1.51857504922218,0.09408926417370322,829,0.0,0.8697225572979493,0.07599517490952955,0.3172496984318456,5.371755681146704,0.7691794492201883,,811,,S7_block,R2A
R2,A,0.0,0.0,0,low,30.0,43,range_s_P0,ekf,,0.9528111033267114,1.0198957968264462,1.0396436667552995,3.9414198140276895,0.8411351632392383,0.8811380565830522,1.442338748607255,0.0,0.0,0.0,45.00805265660104,1.6870876530905108,0.03374233128834356,0.10633946830265849,0,195.60000000000002,979,1.9548753170565525,0.3773205098748603,0.039806996381182125,829,2.546345902146685,1.5069762550103147,0.11097708082026536,829,0.0,0.8962605548854041,0.08926417370325694,0.48009650180940894,3.9845996173029907,0.850331367605206,,811,,S7_block,R2A
R2,A,0.0,0.0,0,low,30.0,44,range_s_P0,ekf,,0.460191718044897,0.40941516175162335,0.05993447702455218,5.784214686931721,0.4367451051690387,0.8895951808644019,3.27686543093578,0.0,0.08685162846803378,0.0,43.1715501461228,0.7839329284606678,0.007157464212678937,0.081799591002045,0,195.60000000000002,979,0.8173809993199316,0.451957958380292,0.008443908323281013,829,2.2254952511222266,1.4969835849023414,0.07961399276236425,829,0.0,0.8033775633293124,0.13268998793727382,0.11097708082026538,5.800737360760416,0.4414303611566953,,811,,S7_block,R2A
R2,A,0.0,0.0,0,low,30.0,45,range_s_P0,ekf,,0.8084698822620203,0.8767151791360477,0.8604045957024552,3.4075306900881412,0.4166881814927808,1.6422559209623147,2.590917473624311,0.0,0.0,0.0,19.00634258512952,2.5381318476440566,0.044989775051124746,0.10122699386503067,0,195.60000000000002,979,2.125573334794902,0.5128703922730979,0.0386007237635706,829,2.5431640694982023,1.653358428207903,0.10012062726176119,829,0.0,0.36791314837153194,0.5874547647768396,0.3546441495778046,3.398237746416669,0.42081572971042275,,811,,S7_block,R2A
R2,A,0.0,0.0,0,low,30.0,46,range_s_P0,ekf,,1.0359300007444536,1.1014162086408388,1.011011767281118,3.409298791370837,0.780716139725476,0.20614368979613243,1.309131231568273,0.0,0.0,0.0,34.13251196355853,1.3819517118800857,0.024539877300613498,0.09100204498977506,0,195.60000000000002,979,1.0820149510941404,0.3480373749218266,0.014475271411338975,829,2.374407915541293,1.5015700912813785,0.09529553679131486,829,0.0048250904704463205,0.8190591073582629,0.16646562123039807,0.6200241254523522,3.4468984525734703,0.7892661484060078,,811,,S7_block,R2A
R2,A,0.0,0.0,0,low,30.0,47,range_s_P0,ekf,,0.11458396258912469,0.16839728222379233,0.1468202438263824,5.3893805187816985,0.6010213002754736,1.9302529323222644,3.4971860770619494,0.0,0.0,0.0,27.424620812155514,1.603980005129949,0.032719836400818,0.10429447852760736,0,195.60000000000002,979,1.8415315335340996,0.4394088315134119,0.0386007237635706,829,2.5127116727628795,1.604368703221367,0.10132689987937271,829,0.0,0.873341375150784,0.07840772014475271,0.05548854041013269,5.4457382603082305,0.6074062034328057,,811,,S7_block,R2A
R2,A,0.0,0.0,0,low,30.0,48,range_s_P0,ekf,,0.9759133633815251,1.042009820958823,1.131104417825716,2.7678805812302523,0.6534247424211215,1.9481578689964891,1.3206913653789023,0.0,0.0,0.0,34.5530355803324,1.1696519941218375,0.02044989775051125,0.10429447852760736,0,195.60000000000002,979,1.3677074876934883,0.40644321412071316,0.024125452352231624,829,2.5210438071443013,1.5343498728689446,0.10494571773220751,829,0.0,0.6586248492159228,0.24607961399276237,0.646562123039807,2.781512707436971,0.6604342038932697,,811,,S7_block,R2A
R2,A,0.0,0.0,0,low,30.0,49,range_s_P0,ekf,,0.2895447822237971,0.354763939668254,0.21911801494204097,2.387399650366132,0.2661916505925551,1.5513471690123484,2.2835704727139383,0.0,0.0,0.0,10.886410823267504,3.1874515668955814,0.06441717791411043,0.09815950920245399,0,195.60000000000002,979,2.877376586835603,0.5854430424951985,0.06031363088057906,829,2.3642580330761023,1.4866493487613759,0.09529553679131486,829,0.0012062726176115801,0.3208685162846803,0.6212303980699638,0.4813027744270205,2.4101482912692407,0.26868059699015384,,811,,S7_block,R2A
R2,A,0.0,0.0,1,mid,30.0,0,range_s_P0,ekf,,0.35981931961855385,0.4184975349801671,0.47621990981912704,2.865245844819638,0.5239218962804733,1.0151226391394725,0.7569255368887945,0.0,0.0,0.0,28.55876381108291,0.3035969315007824,0.002044989775051125,0.10224948875255624,0,195.60000000000002,979,0.2778968075456625,0.264328418724689,0.0012062726176115257,829,2.4644022183821357,1.5479952405373434,0.09408926417370322,829,0.0,0.47165259348612787,0.34378769601930037,0.6875753920386007,2.788379503649718,0.5288732826599001,,811,,S7_block,R2A
R2,A,0.0,0.0,1,mid,30.0,1,range_s_P0,ekf,,0.7476537432235122,0.8125732523495285,0.8299252265806125,2.089200158070661,0.6690929430215872,0.27978249144260353,0.7269562068863752,0.0,0.0,0.0,19.55920794861115,0.42401118891371203,0.002044989775051125,0.11758691206543967,0,195.60000000000002,979,0.37293589505115804,0.3571606012325427,0.0024125452352231624,829,2.687980855703112,1.6052510729891976,0.11942098914354649,829,0.0,0.7876960193003619,0.10615199034981906,0.8805790108564535,2.096280707946543,0.6757684058272352,,811,,S7_block,R2A
R2,A,0.0,0.0,1,mid,30.0,2,range_s_P0,ekf,,0.17709027484734383,0.15013087352638962,0.02676164068234732,3.0484092737917083,0.4701768545434021,2.606018778667057,2.1325810819974964,0.0,0.0,0.0,7.958499157175674,0.34308449674373553,0.002044989775051125,0.10940695296523517,0,195.60000000000002,979,0.38799775255458646,0.370908477154596,0.0024125452352231624,829,2.4582999683149076,1.5236598546505533,0.11097708082026536,829,0.0,0.26537997587454765,0.5440289505428226,0.4945717732207479,3.0142598736647797,0.4744159450346174,,811,,S7_block,R2A
R2,A,0.0,0.0,1,mid,30.0,3,range_s_P0,ekf,,0.22024085138026642,0.2885966000843289,0.35676909990030276,3.2253142164493522,0.45125470914207105,1.5847066323838717,2.2053244093725057,0.0,0.0048250904704463205,0.0,15.336156266882737,1.5664253605644012,0.03067484662576687,0.1114519427402863,0,195.60000000000002,979,1.825434130896664,0.3988882822885507,0.03618817852834744,829,2.5074027309166342,1.4680823334616255,0.11459589867310016,829,0.0,0.7756332931242461,0.11700844390832328,0.40530759951749096,3.242242157974993,0.45573554736262584,,811,,S7_block,R2A
R2,A,0.0,0.0,1,mid,30.0,4,range_s_P0,ekf,,0.5399983936804194,0.6067705212917809,0.6010948995073354,5.804134055272847,1.0618386977108583,1.6705034075009373,2.2785186148952423,0.0,0.1218335343787696,0.0,58.73127014400649,1.1482053711571072,0.023517382413087935,0.10531697341513292,0,195.60000000000002,979,1.3394338317306476,0.4504963828027915,0.027744270205066313,829,2.4704364003152524,1.528756973018099,0.10494571773220751,829,0.0,0.9059107358262968,0.06996381182147166,0.48009650180940894,5.840925685006073,1.0731154477008251,,811,,S7_block,R2A
R2,A,0.0,0.0,1,mid,30.0,5,range_s_P0,ekf,,0.563075651338747,0.6313354042181311,0.6336542010530769,8.36212850353938,1.3790357081513176,5.83787718592825,7.764296558285989,0.0,0.21230398069963813,0.0,112.82113974152372,0.9339005089599267,0.02556237218813906,0.08486707566462168,0,195.60000000000002,979,1.0960219368951638,0.5663339694288411,0.030156815440289475,829,2.3826701084720616,1.6197302463047891,0.08323281061519905,829,0.0,0.9420989143546441,0.033775633293124246,0.06393244873341375,8.452934741460378,1.3939892599066137,,811,,S7_block,R2A
R2,A,0.0,0.0,1,mid,30.0,6,range_s_P0,ekf,,0.11675880668545836,0.15609739918623297,0.3408119221270216,2.602333084789728,0.3199722828730018,1.2395736986807828,2.4750258124271753,0.0,0.0,0.0,12.27285891046538,0.9650489061857019,0.012269938650306749,0.1083844580777096,0,195.60000000000002,979,1.1222439975024818,0.3544637131670249,0.014475271411338975,829,2.5041644711185884,1.500049356633738,0.10615199034981904,829,0.0024125452352231603,0.42460796139927626,0.5560916767189384,0.5995174909529554,2.628077632253352,0.3234096731116514,,811,,S7_block,R2A
R2,A,0.0,0.0,1,mid,30.0,7,range_s_P0,ekf,,0.17752420875323655,0.22509848581253925,0.14935120498098936,1.0516982477365324,0.2143863872371801,0.29963210753140074,0.6607018187815991,0.0,0.0,0.0,3.644625281527465,0.3708301028679641,0.0010224948875255625,0.09202453987730061,0,195.60000000000002,979,0.3213931007241501,0.3213931007241501,0.0,829,2.3669749562322226,1.540991568870469,0.09047044632086854,829,0.0,0.04101326899879373,0.9300361881785284,1.0,0.9805148688324827,0.21638691944498586,,811,,S7_block,R2A
R2,A,0.0,0.0,1,mid,30.0,8,range_s_P0,ekf,,0.1348313842795695,0.1975313322091648,0.13310120543040393,2.1675814310151242,0.22696478119060717,2.507343106960374,0.7117336824650026,0.0,0.0,0.0,3.574928070798655,1.1483341974290782,0.017382413087934562,0.10531697341513292,0,195.60000000000002,979,1.3276455132892235,0.3410276493208145,0.020506634499396825,829,2.685724365783898,1.6110052812673188,0.112183353437877,829,0.018094089264173704,0.03498190591073583,0.9288299155609168,0.7780458383594693,2.1913163703684333,0.22884848293600954,,811,,S7_block,R2A
R2,A,0.0,0.0,1,mid,30.0,9,range_s_P0,ekf,,0.31064039430966806,0.36969012774860655,0.2650275487230564,5.4413962332361905,0.9802541305263825,3.775307145645804,4.052945320236153,0.0,0.07599517490952955,0.0,55.57100344487213,0.28134582410510006,0.005112474437627812,0.09304703476482618,0,195.60000000000002,979,0.30816409833001074,0.229712749368914,0.006031363088057851,829,2.4897172142699455,1.5918909342521006,0.09167671893848006,829,0.0036188178528347406,0.7792521109770808,0.2135102533172497,0.18094089264173704,5.49739210791627,0.9910093731199422,,811,,S7_block,R2A
R2,A,0.0,0.0,1,mid,30.0,10,range_s_P0,ekf,,0.6431015588272038,0.7114599336874672,0.6566604754897312,4.3992397588099745,0.8145182908004124,1.3904436135010205,1.6040225225568918,0.0,0.061519903498190594,0.0,32.42728095142475,1.1660541724962292,0.02965235173824131,0.09611451942740286,0,195.60000000000002,979,1.3284744474211543,0.4365788948796444,0.0349819059107358,829,2.3143911098002974,1.4525233431107518,0.09529553679131486,829,0.008443908323281062,0.9457177322074789,0.05066344993968637,0.46562123039806996,4.4458281329421965,0.8234868209002756,,811,,S7_block,R2A
R2,A,0.0,0.0,1,mid,30.0,11,range_s_P0,ekf,,0.5256535009997275,0.5898815418749443,0.6508056413630404,2.33412358859832,0.4399733454993706,0.24660542128336804,0.767572847588554,0.0,0.0,0.0,38.07046264412832,0.786726433438423,0.011247443762781187,0.09713701431492842,0,195.60000000000002,979,0.9085958844064962,0.4676791099513819,0.013268998793727338,829,2.285591876223663,1.3825474068680026,0.09650180940892639,829,0.0,0.3100120627261761,0.617611580217129,0.856453558504222,2.328292757101332,0.4447977350016981,,811,,S7_block,R2A
R2,A,0.0,0.0,1,mid,30.0,12,range_s_P0,ekf,,0.49416139754645905,0.5383983452548042,0.5233186773496904,2.1622388114746744,0.8248551398765493,0.3051597303944332,0.9491301915086252,0.0,0.0,0.0,38.37440618921064,1.0548913441239613,0.017382413087934562,0.10633946830265849,0,195.60000000000002,979,0.30929768184927564,0.30929768184927564,0.0,829,2.499678510667116,1.5207454876366138,0.09891435464414955,829,0.0,0.9662243667068757,0.0,0.7889022919179735,2.173285626839238,0.8331670966883166,,811,,S7_block,R2A
R2,A,0.0,0.0,1,mid,30.0,13,range_s_P0,ekf,,0.43319094719204587,0.3882481549844305,0.3995113063176218,10.257567049630353,0.6749802144697571,5.451103582414219,12.421141250702037,0.0,0.5186972255729795,0.0,62.09183729009648,2.7225120194572647,0.05930470347648262,0.10633946830265849,0,195.60000000000002,979,3.048419340075994,0.5801040108350953,0.06755126658624844,829,2.474710558240737,1.5352854211974192,0.10735826296743067,829,0.0,0.706875753920386,0.28468033775633295,0.28347406513872137,10.37042011170671,0.681742846419876,,811,,S7_block,R2A
R2,A,0.0,0.0,1,mid,30.0,14,range_s_P0,ekf,,0.4433559029963266,0.5096430724659153,0.5239641258954918,3.6791685447902225,0.6218998536990276,1.7247672468110833,2.514924086537249,0.0,0.0,0.0,35.464398125768625,1.2614311353390077,0.026584867075664622,0.10531697341513292,0,195.60000000000002,979,0.7406951181841834,0.5213063967963433,0.016887816646562137,829,2.3983088690180567,1.5062845134994236,0.10253317249698435,829,0.0,0.744270205066345,0.24969843184559712,0.34620024125452353,3.717717513990096,0.6286810225102019,,811,,S7_block,R2A
R2,A,0.0,0.0,1,mid,30.0,15,range_s_P0,ekf,,0.3836450005673418,0.4448887919533626,0.3114506533934374,2.0008629346057814,0.35610579140840853,1.5878020479365709,1.5038040238499961,0.0,0.0,0.0,9.862462161364126,0.33159286302395835,0.0,0.09406952965235174,0,195.60000000000002,979,0.347799620235033,0.347799620235033,0.0,829,2.337193996801992,1.4937438938817171,0.09529553679131486,829,0.0,0.29191797346200243,0.6634499396863691,0.773220747889023,2.0212375834583387,0.3599204271762753,,811,,S7_block,R2A
R2,A,0.0,0.0,1,mid,30.0,16,range_s_P0,ekf,,0.1842797222178728,0.19775606853048427,0.039170479751592296,1.737542765619343,0.444219092432197,2.1146075819425216,1.8020321975739115,0.0,0.0,0.0,10.681516384081375,1.7046218776169553,0.03578732106339468,0.09406952965235174,0,195.60000000000002,979,1.9624464936619452,0.4319610710503919,0.04221954161640529,829,2.2976475301303774,1.5005915995012917,0.08443908323281057,829,0.0,0.36670687575392036,0.5790108564535585,0.7720144752714113,1.7513260685528478,0.4484740059984439,,811,,S7_block,R2A
R2,A,0.0,0.0,1,mid,30.0,17,range_s_P0,ekf,,0.5752387470520764,0.6427025894878514,0.8383879901499287,4.858718549475694,0.35434710570875416,4.331914756610674,4.884017817491979,0.0,0.0,0.0,40.120233512606085,0.9662440715984643,0.012269938650306749,0.09406952965235174,0,195.60000000000002,979,1.1095155446151674,0.3171757428843079,0.014475271411338975,829,2.5210642684504823,1.613453822388081,0.0928829915560917,829,0.0,0.8118214716525934,0.16887816646562123,0.16284680337756333,4.887870937281625,0.35730145966658816,,811,,S7_block,R2A
R2,A,0.0,0.0,1,mid,30.0,18,range_s_P0,ekf,,0.7440592283125845,0.8123688817055692,0.828670084914633,6.405054561557802,1.1585559251681727,3.6956603986319845,5.109142072697014,0.0,0.11097708082026538,0.0,76.22078409399442,0.5333215206755011,0.014314928425357873,0.09713701431492842,0,195.60000000000002,979,0.5491441008689124,0.3806941227811621,0.0156815440289505,829,2.156411291007934,1.458614382438143,0.08202653799758741,829,0.0,0.7478890229191797,0.23039806996381182,0.23039806996381182,6.46880416518281,1.1713053658393071,,811,,S7_block,R2A
R2,A,0.0,0.0,1,mid,30.0,19,range_s_P0,ekf,,0.2463780909171937,0.24513614253518284,0.029854824819975385,6.200686352483349,0.8617682733919476,0.6302076594819989,4.991927522528703,0.0,0.054282267792521106,0.0,51.61568992083029,3.1577565290375325,0.0541922290388548,0.09815950920245399,0,195.60000000000002,979,2.8826104474489447,0.6730538036441653,0.049457177322074775,829,2.207612705244352,1.4269797912311177,0.08805790108564537,829,0.0,0.8118214716525934,0.13630880579010857,0.13630880579010857,6.2533857139679405,0.8708213285847312,,811,,S7_block,R2A
R2,A,0.0,0.0,1,mid,30.0,20,range_s_P0,ekf,,0.8490854172780916,0.9166056888494675,0.9931691564508109,4.49023706073467,0.8197880613269537,0.15568645348122762,1.0572089415697303,0.0,0.030156815440289506,0.0,41.28784115773189,2.145232307634468,0.04703476482617587,0.10429447852760736,0,195.60000000000002,979,2.45807027414796,0.4288793623207169,0.055488540410132736,829,2.436878266505315,1.4864348786034152,0.09891435464414955,829,0.0,0.8142340168878166,0.14957780458383596,0.6055488540410132,4.494597537657236,0.8282769358099451,,811,,S7_block,R2A
R2,A,0.0,0.0,1,mid,30.0,21,range_s_P0,ekf,,0.47983617752986013,0.5480868733331021,0.5001115205751849,1.95551415593392,0.46545431044149815,1.367828989502243,1.061724343360161,0.0,0.0,0.0,28.918691140675925,0.47101177377094255,0.006134969325153374,0.11247443762781185,0,195.60000000000002,979,0.5370135699384575,0.43554234839524786,0.007237635705669487,829,2.4908897547792472,1.4993627873971909,0.10735826296743067,829,0.0,0.39806996381182147,0.5223160434258143,0.8926417370325693,1.9593875783540446,0.4701026638433475,,811,,S7_block,R2A
R2,A,0.0,0.0,1,mid,30.0,22,range_s_P0,ekf,,0.09979029778905409,0.16794942913850222,0.20140545151674988,4.667482705029162,0.6458228603514029,0.8368004172711838,2.1121256111903803,0.0,0.07117008443908324,0.0,19.150267548297208,1.6940166932381402,0.03374233128834356,0.08793456032719836,0,195.60000000000002,979,1.885851139035073,0.3925434557166939,0.0386007237635706,829,2.309420440635768,1.4796946413919712,0.08805790108564537,829,0.0,0.7165259348612787,0.24607961399276237,0.525934861278649,4.713499354154636,0.6528700034487132,,811,,S7_block,R2A
R2,A,0.0,0.0,1,mid,30.0,23,range_s_P0,ekf,,0.4666080162466855,0.5346483799063361,0.4934379360542155,2.719354642165726,0.2292710836981715,1.499246972650393,2.8985087189944765,0.0,0.0,0.0,25.824892020690495,0.6640156825729209,0.011247443762781187,0.10122699386503067,0,195.60000000000002,979,0.7532609312039942,0.3080121582371832,0.013268998793727338,829,2.418362247168014,1.62958296343428,0.09529553679131486,829,0.0,0.4969843184559711,0.46682750301568154,0.41133896260554886,2.740448944933829,0.2317765936010305,,811,,S7_block,R2A
R2,A,0.0,0.0,1,mid,30.0,24,range_s_P0,ekf,,0.9804087161602432,1.0446627434666982,0.9969092935466773,3.550112431967581,0.7822496541680186,1.1250092505848261,1.084511725303825,0.0,0.0,0.0,39.192204328329126,0.8360346454792951,0.012269938650306749,0.10020449897750511,0,195.60000000000002,979,0.9659044180210908,0.31021901543162994,0.014475271411338975,829,2.4536963076236886,1.5190851870556383,0.10132689987937271,829,0.0,0.9372738238841978,0.05186972255729795,0.6260554885404102,3.576793248695823,0.7907485397027587,,811,,S7_block,R2A
R2,A,0.0,0.0,1,mid,30.0,25,range_s_P0,ekf,,0.7544636355909392,0.8201439995051282,0.851333065409693,4.315121759402817,0.8746695016342632,1.7062888987200486,2.9898339721069918,0.0,0.0,0.0,38.66959147777238,0.5420490579894027,0.017382413087934562,0.1032719836400818,0,195.60000000000002,979,0.5937080317009708,0.38048381479216636,0.020506634499396825,829,2.526647057090206,1.5826811490796935,0.10132689987937271,829,0.0,0.9891435464414958,0.009650180940892641,0.158021712907117,4.289603332419368,0.8836323207036381,,811,,S7_block,R2A
R2,A,0.0,0.0,1,mid,30.0,26,range_s_P0,ekf,,0.17290629563209556,0.11035894238206964,0.05413678781326042,4.894255997174572,0.4979685873586401,0.149923480681826,3.0163858174607614,0.0,0.08082026537997587,0.0,30.12708501307006,1.955874108258505,0.034764826175869123,0.10020449897750511,0,195.60000000000002,979,2.1691721902598102,0.6353210822642681,0.03739445114595896,829,2.5013460313552134,1.5225842811494121,0.10012062726176119,829,0.0,0.729794933655006,0.2569360675512666,0.2629674306393245,4.941853997993833,0.502853826950918,,811,,S7_block,R2A
R2,A,0.0,0.0,1,mid,30.0,27,range_s_P0,ekf,,0.3180631955258053,0.32199039829091697,0.13109644222217004,1.8365074536232895,0.4033681665924781,0.3411979067101923,0.6669620738211013,0.0,0.0,0.0,6.737739688189208,1.1035258615727013,0.019427402862985686,0.09202453987730061,0,195.60000000000002,979,1.045198162800798,0.3266466806987427,0.014475271411338975,829,2.299176848145134,1.4992578653761495,0.09047044632086854,829,0.0,0.1773220747889023,0.6948130277442702,0.9034981905910736,1.7115523687425598,0.4064751481931918,,811,,S7_block,R2A
R2,A,0.0,0.0,1,mid,30.0,28,range_s_P0,ekf,,0.8047803214667156,0.8671426018724557,0.7651047380269754,3.950332188291658,0.7644906870387334,0.40431043233617653,2.9836391302282896,0.0,0.013268998793727383,0.0,44.72972936377039,1.6069847068465823,0.032719836400818,0.10020449897750511,0,195.60000000000002,979,1.7068900893839514,0.6832679590023616,0.03256936067551264,829,2.3814991755753208,1.4772335405283081,0.10012062726176119,829,0.0,1.0,0.0,0.5440289505428226,3.79295601494383,0.7705325037149197,,811,,S7_block,R2A
R2,A,0.0,0.0,1,mid,30.0,29,range_s_P0,ekf,,0.3241066044289967,0.3823474859292115,0.3338367517145282,2.5650516967682386,0.5969129636863509,3.1012478068398854,1.5161358001370222,0.0,0.0,0.0,48.60927837515931,0.41090900443117756,0.005112474437627812,0.09713701431492842,0,195.60000000000002,979,0.42711309847214585,0.3441032504219035,0.006031363088057851,829,2.2843030470410306,1.4687660513480338,0.09408926417370322,829,0.0,0.6875753920386007,0.26658624849215923,0.6103739445114595,2.5923797955960697,0.6033428517373693,,811,,S7_block,R2A
R2,A,0.0,0.0,1,mid,30.0,30,range_s_P0,ekf,,0.5515543744809797,0.6108742244993517,0.5656547281236555,1.6988479752419983,0.37931768566964413,0.8738860076902695,1.8388704183549487,0.0,0.0,0.0,15.112828819815794,0.5039928668527733,0.012269938650306749,0.11451942740286299,0,195.60000000000002,979,0.4151128178933145,0.28675525210767416,0.010856453558504175,829,2.5490206228823817,1.6211067224497793,0.11580217129071169,829,0.0,0.4077201447527141,0.4692400482509047,0.638118214716526,1.7171064909005576,0.383393564955207,,811,,S7_block,R2A
R2,A,0.0,0.0,1,mid,30.0,31,range_s_P0,ekf,,0.2000421361848451,0.26757356108276076,0.21594215818336857,2.9228651198430113,0.4906729510824833,2.600680378107885,2.6931532531776385,0.0,0.014475271411338963,0.0,13.099192133890018,0.44267372217603024,0.009202453987730062,0.11247443762781185,0,195.60000000000002,979,0.5188214418636997,0.2747976917843667,0.010856453558504175,829,2.5777777891063454,1.5989940719220717,0.11097708082026536,829,0.0,0.6055488540410132,0.390832328106152,0.39324487334137515,2.953891251714393,0.4959194901818047,,811,,S7_block,R2A
R2,A,0.0,0.0,1,mid,30.0,32,range_s_P0,ekf,,0.7662935520427896,0.8322796888271043,0.9036957645873092,2.663062989001985,0.5255719707939345,2.2419162288191865,1.5931308526430907,0.0,0.0,0.0,21.1153054060386,1.432264110418417,0.02965235173824131,0.09611451942740286,0,195.60000000000002,979,0.9884852917223329,0.290324189596066,0.022919179734619988,829,2.4491574910774623,1.584440893359353,0.09047044632086854,829,0.0,0.9203860072376358,0.03739445114595899,0.6429433051869723,2.686088529489529,0.5310746266583705,,811,,S7_block,R2A
R2,A,0.0,0.0,1,mid,30.0,33,range_s_P0,ekf,,0.16894468919594913,0.21547793325503511,0.2678605423818871,3.0339690721936363,0.6463235327953127,2.255659741234042,2.2285656604358146,0.0,0.0,0.0,14.984033649853638,2.277603893189065,0.041922290388548056,0.10224948875255624,0,195.60000000000002,979,2.5736992235679534,0.3205569483696328,0.049457177322074775,829,2.5733037623857533,1.5695822714962193,0.10132689987937271,829,0.0,0.8226779252110977,0.12665862484921592,0.3546441495778046,3.0514162689798083,0.6530950400304797,,811,,S7_block,R2A
R2,A,0.0,0.0,1,mid,30.0,34,range_s_P0,ekf,,0.11354076248908,0.11964339135682447,0.051271659842616536,5.298947604893421,0.6718120249396266,1.6938928660907557,3.255942479732579,0.0,0.0,0.0,25.56546143970102,0.5703493878161007,0.011247443762781187,0.08895705521472393,0,195.60000000000002,979,0.6138566031897948,0.5113561762452121,0.013268998793727338,829,2.2669226624856638,1.4316525676441176,0.09167671893848006,829,0.0,0.7406513872135102,0.19662243667068757,0.026537997587454766,5.326385048039266,0.6784090041342569,,811,,S7_block,R2A
R2,A,0.0,0.0,1,mid,30.0,35,range_s_P0,ekf,,0.9796358230864574,1.0463030463257166,0.9607139090615522,2.345111398147273,0.48503092738000925,0.7029819076380072,1.7940254969899365,0.0,0.0,0.0,27.88001829899192,2.3719373320307584,0.046012269938650305,0.1032719836400818,0,195.60000000000002,979,1.876657573120964,0.3692311681860768,0.0349819059107358,829,2.4425126606202414,1.563401898027409,0.10012062726176119,829,0.0,0.27020506634499397,0.6718938480096501,0.6670687575392038,2.357625832041505,0.49030820009740583,,811,,S7_block,R2A
R2,A,0.0,0.0,1,mid,30.0,36,range_s_P0,ekf,,0.3800729611961315,0.44365522776612654,0.348910839708141,2.3614027422159722,0.4873464885145757,0.761188160950793,2.028160459226071,0.0,0.0,0.0,12.721656021722353,0.45660634260390287,0.006134969325153374,0.10429447852760736,0,195.60000000000002,979,0.48863363669152193,0.39188940157238206,0.007237635705669487,829,2.5241582533943236,1.499179652310367,0.11097708082026536,829,0.0,0.5186972255729795,0.428226779252111,0.5609167671893848,2.383459833605129,0.492579638688288,,811,,S7_block,R2A
R2,A,0.0,0.0,1,mid,30.0,37,range_s_P0,ekf,,0.6350950815483198,0.696737765512106,0.7117244750220421,4.622647145763742,0.9106619494346514,3.816822858397557,1.6789208850551942,0.0,0.05910735826296743,0.0,44.18162129168949,0.48645690943713193,0.005112474437627812,0.10531697341513292,0,195.60000000000002,979,0.5326926955805149,0.4067815893706571,0.006031363088057851,829,2.3792378948812805,1.499897428934297,0.10132689987937271,829,0.0,0.9071170084439083,0.08926417370325694,0.4330518697225573,4.658296004182482,0.9204923482542109,,811,,S7_block,R2A
R2,A,0.0,0.0,1,mid,30.0,38,range_s_P0,ekf,,0.17525166454653415,0.1574431790187721,0.19929010803340277,1.3476307201436084,0.2799014968367252,0.6154420429410551,1.1328868251293032,0.0,0.0,0.0,4.884617570418859,0.410051670201306,0.012269938650306749,0.09202453987730061,0,195.60000000000002,979,0.2921258408093596,0.18019733615734354,0.008443908323281013,829,2.333602778096048,1.4765668121249707,0.09408926417370322,829,0.015681544028950542,0.158021712907117,0.7913148371531966,0.8854041013268998,1.332527337783831,0.28232091940254744,,811,,S7_block,R2A
R2,A,0.0,0.0,1,mid,30.0,39,range_s_P0,ekf,,0.48113035085387823,0.5494028766937501,0.4835993434397613,3.262199613790576,0.8295478147147527,0.41695288078376447,0.45404473555055747,0.0,0.0,0.0,38.12420317278409,0.5169832827049453,0.012269938650306749,0.08282208588957055,0,195.60000000000002,979,0.3475917807904871,0.2559115431162117,0.006031363088057851,829,2.3173807213199704,1.548686615769843,0.08564535585042221,829,0.0,1.0,0.0,0.646562123039807,3.171595420769147,0.8373584502832931,,811,,S7_block,R2A
R2,A,0.0,0.0,1,mid,30.0,40,range_s_P0,ekf,,0.6694982830038094,0.7309620900624012,0.7855375594726199,4.426954341887715,1.025459025067984,2.8888713575535423,2.1015402917882016,0.0,0.025331724969843185,0.0,61.111167612166774,1.1617105095427684,0.019427402862985686,0.09815950920245399,0,195.60000000000002,979,1.2606614229247006,0.42744305198041377,0.020506634499396825,829,2.490280399284356,1.5219475533229962,0.09891435464414955,829,0.0,0.902291917973462,0.08323281061519903,0.43063932448733416,4.459361301071546,1.0363706429614388,,811,,S7_block,R2A
R2,A,0.0,0.0,1,mid,30.0,41,range_s_P0,ekf,,0.7875585423477899,0.8527976455102119,0.8233691919860806,3.345669407883576,0.6849024729277311,0.8751861368128004,2.1370374593658137,0.0,0.0,0.0,29.23671147089644,1.5680102864906664,0.03067484662576687,0.09406952965235174,0,195.60000000000002,979,1.6192073212157698,0.5307611990743917,0.02895054282267795,829,2.367659288267773,1.5023515497329598,0.09167671893848006,829,0.0,0.729794933655006,0.2629674306393245,0.5741857659831122,3.3592452948767884,0.6912776823757051,,811,,S7_block,R2A
R2,A,0.0,0.0,1,mid,30.0,42,range_s_P0,ekf,,0.1917469404187302,0.14483079799229087,0.04746573284718913,1.691374442332534,0.33325274764003693,0.08419653164075414,1.2014655855417566,0.0,0.0,0.0,4.362050702599858,1.4298579914350535,0.026584867075664622,0.081799591002045,0,195.60000000000002,979,1.129797781582732,0.35869320252101694,0.016887816646562137,829,2.2414262593316465,1.4900822413714667,0.08564535585042221,829,0.0,0.05186972255729795,0.8866103739445115,0.9638118214716526,1.6857782552564886,0.3365555785117639,,811,,S7_block,R2A
R2,A,0.0,0.0,1,mid,30.0,43,range_s_P0,ekf,,0.09651316947965043,0.04127783295539921,0.05214783972893453,3.4501969089227105,0.6631143716480524,2.310286227105517,3.4867149304314866,0.0,0.0,0.0,20.325131191549374,1.1727437762672503,0.02556237218813906,0.10429447852760736,0,195.60000000000002,979,1.1991333474121049,0.3320080506675357,0.024125452352231624,829,2.402344952071865,1.4781160057481737,0.10253317249698435,829,0.0,0.9372738238841978,0.03498190591073583,0.30036188178528345,3.45232267960779,0.6702833825658374,,811,,S7_block,R2A
R2,A,0.0,0.0,1,mid,30.0,44,range_s_P0,ekf,,0.347050532913853,0.30118752851001196,0.11493484803099238,2.557516857746903,0.5526284526564788,0.39207913845267794,1.809968141651063,0.0,0.0,0.0,10.339944128190155,1.5266021123495908,0.03067484662576687,0.09611451942740286,0,195.60000000000002,979,1.743945220789186,0.3936176821691468,0.03618817852834744,829,2.399598922985803,1.5458067734006362,0.09408926417370322,829,0.0,0.4632086851628468,0.4897466827503016,0.7237635705669482,2.566883741837344,0.5583185847463082,,811,,S7_block,R2A
R2,A,0.0,0.0,1,mid,30.0,45,range_s_P0,ekf,,0.24691366197798403,0.30470943994165167,0.24713910201390624,9.007249498775673,1.3318744079611058,4.0002661639947314,5.433583526200796,0.0024125452352231603,0.26537997587454765,0.0,186.79950970104505,1.6397948889228158,0.03680981595092025,0.09406952965235174,0,195.60000000000002,979,1.8664455359802339,0.7434696223511303,0.04221954161640529,829,2.4159282427600504,1.5587622842374798,0.09529553679131486,829,0.0,0.8528347406513872,0.1399276236429433,0.10494571773220748,9.101496807808605,1.3465348175821448,,811,,S7_block,R2A
R2,A,0.0,0.0,1,mid,30.0,46,range_s_P0,ekf,,0.15231850404517017,0.08923865366746041,0.15401056763334509,2.6141530473238612,0.43198895408475213,1.3933147906517878,1.131459264470212,0.0,0.0,0.0,7.394289253877584,2.594771413171055,0.05214723926380368,0.10940695296523517,0,195.60000000000002,979,2.225761674235564,0.42080437235428336,0.04704463208685161,829,2.533030166786778,1.5054927614457014,0.112183353437877,829,0.0,0.2955367913148372,0.6308805790108565,0.8612786489746683,2.6026783847126014,0.4363120291658561,,811,,S7_block,R2A
R2,A,0.0,0.0,1,mid,30.0,47,range_s_P0,ekf,,0.2572707489688039,0.23102618841299238,0.10078679509170228,1.6609934866302063,0.18480930295666545,0.60774647926685,0.7023188721362258,0.0,0.0,0.0,2.460341474475413,1.48968273787044,0.022494887525562373,0.09304703476482618,0,195.60000000000002,979,1.6811907379074946,0.24176020888492328,0.026537997587454787,829,2.350272331318329,1.4859607983814762,0.09047044632086854,829,0.039806996381182146,0.008443908323281062,0.9782870928829915,0.9891435464414958,1.678622448022602,0.18599780579087669,,811,,S7_block,R2A
R2,A,0.0,0.0,1,mid,30.0,48,range_s_P0,ekf,,0.011868054101193862,0.07837334014582407,0.16884065585814917,3.196220873141179,0.28620028727118124,2.286927343297161,3.658303061040135,0.0,0.0,0.0,15.390328466545625,0.9964612560158651,0.012269938650306749,0.09406952965235174,0,195.60000000000002,979,1.1662971456243048,0.45869087957677657,0.014475271411338975,829,2.507155975354468,1.511426797820914,0.10132689987937271,829,0.016887816646562123,0.6055488540410132,0.3775633293124246,0.39203860072376356,3.2290797014430055,0.288928048809431,,811,,S7_block,R2A
R2,A,0.0,0.0,1,mid,30.0,49,range_s_P0,ekf,,1.1550155642481585,1.2220825368864139,1.088032730816357,2.904239078663483,0.8611783156834335,3.130750861241917,2.852174173255,0.0,0.0,0.0,64.15308458059364,0.6367946778322443,0.017382413087934562,0.1083844580777096,0,195.60000000000002,979,0.6686597968144534,0.47158316674823614,0.0156815440289505,829,2.477477929048549,1.5210313048627317,0.1085645355850422,829,0.0,0.9264173703256936,0.03618817852834741,0.525934861278649,2.841981713353892,0.8696623296982126,,811,,S7_block,R2A
R2,A,0.0,0.0,2,high,30.0,0,range_s_P0,ekf,,0.5798674016314898,0.6473495693530127,0.6982874521295213,2.2847982736680836,0.5825924965581076,0.7675065008690327,1.410074642457913,0.0,0.0,0.0,15.60844180866754,0.24945090070451992,0.0010224948875255625,0.08588957055214724,0,195.60000000000002,979,0.24225561205626026,0.2283210261154576,0.0012062726176115257,829,2.4843007287190075,1.5492145864306353,0.08805790108564537,829,0.0,0.7563329312424608,0.12665862484921592,0.7358262967430639,2.3031647064576855,0.5888928023450909,,811,,S7_block,R2A
R2,A,0.0,0.0,2,high,30.0,1,range_s_P0,ekf,,0.6427437389367692,0.7097323085908874,0.725952618645325,1.4943057583469834,0.3528737522681393,0.06347004772310555,1.0173996399637413,0.0,0.0,0.0,8.086108407436313,0.7137409289363872,0.011247443762781187,0.10224948875255624,0,195.60000000000002,979,0.8104996633166737,0.3198347896598991,0.013268998793727338,829,2.4528154581804085,1.4472336875945695,0.10735826296743067,829,0.0,0.15078407720144751,0.8033775633293124,0.9505428226779252,1.45620193426552,0.3561782263594638,,811,,S7_block,R2A
R2,A,0.0,0.0,2,high,30.0,2,range_s_P0,ekf,,0.845302506425767,0.9021826444836754,0.860193741384298,3.385529965531538,0.6929502809012249,0.28230359444450454,1.3606707048401119,0.0,0.0,0.0,34.16669733475384,1.2445436760469861,0.023517382413087935,0.1114519427402863,0,195.60000000000002,979,1.4264791009382258,0.3474087439611651,0.027744270205066313,829,2.5018134179487554,1.5060225931640037,0.10615199034981904,829,0.0,0.5452352231604343,0.3968636911942099,0.5814234016887817,3.369243741733033,0.6997229177541779,,811,,S7_block,R2A
R2,A,0.0,0.0,2,high,30.0,3,range_s_P0,ekf,,0.8153564442264818,0.8836979461037305,0.923474397101927,4.077787157433163,0.5740868016638477,2.6051702588753463,2.68802824691664,0.0,0.0,0.0,30.085636165910635,1.047712715448671,0.02147239263803681,0.10224948875255624,0,195.60000000000002,979,1.1732597168487502,0.348445411079725,0.02533172496984315,829,2.486624772810898,1.5970822718040407,0.09047044632086854,829,0.0,0.850422195416164,0.10253317249698432,0.1399276236429433,4.060754166490308,0.5797704622764217,,811,,S7_block,R2A
R2,A,0.0,0.0,2,high,30.0,4,range_s_P0,ekf,,0.12091791211871442,0.18911365892114615,0.18044138330577136,3.081188744826257,0.5845284160983195,1.6347346993573517,1.299609415292712,0.0,0.0,0.0,12.158049460151416,0.3105639555368744,0.005112474437627812,0.10940695296523517,0,195.60000000000002,979,0.3214502981429588,0.23689746066452846,0.006031363088057851,829,2.423943880142798,1.4691457056111854,0.10735826296743067,829,0.012062726176115802,0.7201447527141134,0.17973462002412546,0.6513872135102533,3.1140797531466853,0.5909496312101962,,811,,S7_block,R2A
R2,A,0.0,0.0,2,high,30.0,5,range_s_P0,ekf,,0.29410446649452554,0.3622774416577721,0.37920426940144847,3.6378354909778987,0.42801400643748383,0.930747517884905,1.5423682706524715,0.0,0.0,0.0,11.058361246561816,1.0351225717472243,0.018404907975460124,0.11554192229038855,0,195.60000000000002,979,0.437455582336054,0.29070956434514605,0.007237635705669487,829,2.5672545037799117,1.484542629875393,0.11821471652593485,829,0.0,0.44149577804583834,0.4776839565741858,0.6115802171290712,3.6697110055040807,0.43237517005225135,,811,,S7_block,R2A
R2,A,0.0,0.0,2,high,30.0,6,range_s_P0,ekf,,0.28778181562606664,0.34136432598959393,0.52475073994023,5.591950897820337,0.31845391152843516,2.0049002698765417,3.875563430026039,0.0,0.039806996381182146,0.0,65.1260007262464,0.5668679580087105,0.007157464212678937,0.10531697341513292,0,195.60000000000002,979,0.4515488120842937,0.4363494908300343,0.0024125452352231624,829,2.4976972659985437,1.5724839175102328,0.10253317249698435,829,0.0,0.9831121833534379,0.010856453558504222,0.08926417370325694,5.632260560141787,0.32173480596087184,,811,,S7_block,R2A
R2,A,0.0,0.0,2,high,30.0,7,range_s_P0,ekf,,0.4708329726907492,0.5390641238274089,0.5476779595293942,5.356202481179615,0.5307846408462642,0.46421823389464134,2.3488310802853123,0.0,0.018094089264173704,0.0,67.46442801667791,0.7359857519358411,0.02147239263803681,0.10020449897750511,0,195.60000000000002,979,0.7895850741874949,0.4464612381697403,0.02533172496984315,829,2.4924148876062366,1.595818011906104,0.09891435464414955,829,0.0,0.9975874547647768,0.0,0.04221954161640531,5.314168095208251,0.5365654825039782,,811,,S7_block,R2A
R2,A,0.0,0.0,2,high,30.0,8,range_s_P0,ekf,,0.18794225140070922,0.2404289052792192,0.14528780239058744,9.096345470726144,1.3595845799918476,4.436790081208169,7.120257860737887,0.0,0.33896260554885405,0.0,150.41669608738258,2.195923184166547,0.07157464212678936,0.11758691206543967,0,195.60000000000002,979,2.480610751298004,0.6051015316757229,0.08443908323281057,829,2.5282944455914405,1.540904702338708,0.11580217129071169,829,0.0,0.9179734620024126,0.06755126658624849,0.054282267792521106,9.191723088663013,1.3745164987183491,,811,,S7_block,R2A
R2,A,0.0,0.0,2,high,30.0,9,range_s_P0,ekf,,0.6394996151130256,0.70315507081443,0.604198706992108,3.256251799428099,0.5016486403958842,0.15527103688328286,1.5381489819537628,0.0,0.010856453558504222,0.0,25.384041618784412,0.9858826003072948,0.016359918200409,0.10429447852760736,0,195.60000000000002,979,0.9987074868884541,0.2951118583255771,0.014475271411338975,829,2.4831968072675075,1.5512771272841777,0.10373944511459587,829,0.0,0.6115802171290712,0.3112183353437877,0.6212303980699638,3.1352416944417505,0.5053934864540817,,811,,S7_block,R2A
R2,A,0.0,0.0,2,high,30.0,10,range_s_P0,ekf,,0.21987356194442473,0.24433241201173012,0.09479954030415254,3.1369492818671745,0.2548404806624175,0.11531599305773522,1.6448541183604617,0.0,0.0,0.0,9.976336035543293,1.639941926405052,0.026584867075664622,0.1032719836400818,0,195.60000000000002,979,1.8963694474358221,0.43653443220033034,0.03136308805790111,829,2.455804734848299,1.5284724532001739,0.10373944511459587,829,0.0,0.38600723763570566,0.5126658624849216,0.5018094089264173,3.086919739314198,0.25351387881986887,,811,,S7_block,R2A
R2,A,0.0,0.0,2,high,30.0,11,range_s_P0,ekf,,0.1547073669109286,0.08816408483539839,0.015814914508221135,2.8372724930778626,0.36906439750564085,0.38987567323291056,2.580195529530093,0.0,0.0,0.0,7.263391938910954,1.6955525495786274,0.02556237218813906,0.09713701431492842,0,195.60000000000002,979,1.9135740198543936,0.46831207875675646,0.02895054282267795,829,2.3357319680723094,1.432662156988369,0.09770808202653802,829,0.016887816646562123,0.28468033775633295,0.6743063932448733,0.6296743063932448,2.8390759144547473,0.37264961240701205,,811,,S7_block,R2A
R2,A,0.0,0.0,2,high,30.0,12,range_s_P0,ekf,,0.30928826071068527,0.2583005532756836,0.0634900146397783,1.4739284202239502,0.2495993952158238,0.9505121995626374,1.261149079084927,0.0,0.0,0.0,3.220161474141242,0.34488302090619055,0.0,0.10224948875255624,0,195.60000000000002,979,0.37084333691851107,0.37084333691851107,0.0,829,2.3843494544872925,1.4093040774281265,0.10373944511459587,829,0.0036188178528347406,0.0036188178528347406,0.9867310012062727,1.0,1.459886177256108,0.2511542648597594,,811,,S7_block,R2A
R2,A,0.0,0.0,2,high,30.0,13,range_s_P0,ekf,,0.5859254429636003,0.6530211113656974,0.582887180148461,3.179079811941181,0.6608208545887334,0.5481060478795189,2.306482764884202,0.0,0.0,0.0,58.240551850093475,1.3032684577031908,0.02556237218813906,0.1083844580777096,0,195.60000000000002,979,1.343108009061615,0.4763510960258266,0.024125452352231624,829,2.688175779996028,1.542198079293253,0.1085645355850422,829,0.0,0.8914354644149578,0.05307599517490953,0.3341375150784077,3.1357918316987057,0.6671939319892932,,811,,S7_block,R2A
R2,A,0.0,0.0,2,high,30.0,14,range_s_P0,ekf,,0.7746172285463078,0.8429107010803504,0.8457762869410678,3.655622910169559,0.4062454389756533,2.3138785483252096,2.9405775527018356,0.0,0.0,0.0,21.740600295421814,0.9069025185118439,0.017382413087934562,0.0869120654396728,0,195.60000000000002,979,0.9278098023169375,0.48946091724278246,0.0193003618817853,829,2.2338043205436025,1.4961927903143084,0.08685162846803374,829,0.0,0.6369119420989143,0.26417370325693607,0.18094089264173704,3.660373045803598,0.41064521005215493,,811,,S7_block,R2A
R2,A,0.0,0.0,2,high,30.0,15,range_s_P0,ekf,,0.8418760630097477,0.9067115007613236,0.7779262562818539,3.7466031183229056,0.872394215999702,2.0799192761688183,1.1023588978533454,0.0,0.0,0.0,42.10972014120299,0.3332506244802217,0.0,0.09918200408997956,0,195.60000000000002,979,0.3482020151121812,0.3482020151121812,0.0,829,2.3883020822225616,1.4645209807482198,0.09770808202653802,829,0.0,0.9939686369119421,0.0024125452352231603,0.4957780458383595,3.71564074995656,0.8805864074219606,,811,,S7_block,R2A
R2,A,0.0,0.0,2,high,30.0,16,range_s_P0,ekf,,0.2586796318705666,0.3217216420782065,0.2741746546659902,2.3925088248236803,0.3325919843365155,0.29591966525067165,1.328886192224063,0.0,0.0,0.0,7.8920495103783646,0.3218691387429723,0.0,0.10633946830265849,0,195.60000000000002,979,0.34235184150522824,0.34235184150522824,0.0,829,2.5232169176196115,1.5535241074569617,0.10373944511459587,829,0.0,0.34620024125452353,0.5536791314837153,0.7370325693606755,2.2246843613588965,0.33330238549754865,,811,,S7_block,R2A
R2,A,0.0,0.0,2,high,30.0,17,range_s_P0,ekf,,0.006867088514484669,0.06711961410528193,0.2655579486926632,6.523756772634894,0.9169540139116731,4.160308429476906,4.54301033390376,0.0,0.10494571773220748,0.0,60.863712892395405,1.0514018005451327,0.018404907975460124,0.1032719836400818,0,195.60000000000002,979,1.2136720409260684,0.3832841546731084,0.021712907117008462,829,2.391608916628709,1.4785464662173544,0.10132689987937271,829,0.0,0.841978287092883,0.15319662243667068,0.1278648974668275,6.583037044052061,0.926935955571246,,811,,S7_block,R2A
R2,A,0.0,0.0,2,high,30.0,18,range_s_P0,ekf,,0.19164661012702877,0.21804355806644043,0.11412269319326362,4.1046084847795745,0.2125636696593868,0.9991118559153658,3.3079736641008615,0.0,0.0012062726176115801,0.0,17.20981746806353,1.7561419423711206,0.032719836400818,0.1032719836400818,0,195.60000000000002,979,0.8971527171670723,0.23779534166554073,0.013268998793727338,829,2.4894751587098587,1.5216601673855596,0.10132689987937271,829,0.0,0.7503015681544029,0.15681544028950542,0.12907117008443908,4.079066086402101,0.2129341931221422,,811,,S7_block,R2A
R2,A,0.0,0.0,2,high,30.0,19,range_s_P0,ekf,,0.5511358554457809,0.6186436660588016,0.6168369191968134,2.035817277243195,0.52677383398209,0.4093384072042308,1.636076607128581,0.0,0.0,0.0,50.470587720651245,1.2749112595691896,0.023517382413087935,0.09304703476482618,0,195.60000000000002,979,1.4475331173351527,0.5239639706449376,0.027744270205066313,829,2.4474732592128157,1.5386044426899215,0.09408926417370322,829,0.0024125452352231603,0.43546441495778043,0.5295536791314838,0.7310012062726177,2.0568153958716575,0.532567098704477,,811,,S7_block,R2A
R2,A,0.0,0.0,2,high,30.0,20,range_s_P0,ekf,,0.08411289924964294,0.11680267007346681,0.19601067589757412,1.517972580980474,0.3758676170593286,0.454278815556704,1.0175773004153854,0.0,0.0,0.0,6.374120669987118,0.2648270875147723,0.0,0.10020449897750511,0,195.60000000000002,979,0.2997270016636345,0.2997270016636345,0.0,829,2.387132065098577,1.5077975035993707,0.10012062726176119,829,0.0024125452352231603,0.24246079613992763,0.6670687575392038,0.9867310012062727,1.5007666267997575,0.3797789715531805,,811,,S7_block,R2A
R2,A,0.0,0.0,2,high,30.0,21,range_s_P0,ekf,,0.7730151400796516,0.8397824676742315,0.8021053738467279,5.046213397013525,0.8488888393006992,0.207382692240466,1.1833778571678997,0.0,0.03739445114595899,0.0,41.616839611265675,0.40894086551960634,0.005112474437627812,0.10429447852760736,0,195.60000000000002,979,0.47007235311536,0.3995797108829729,0.006031363088057851,829,2.3634187879606006,1.4587418400924497,0.10253317249698435,829,0.0,0.9879372738238842,0.0036188178528347406,0.4969843184559711,5.039839362448817,0.8577916736852577,,811,,S7_block,R2A
R2,A,0.0,0.0,2,high,30.0,22,range_s_P0,ekf,,0.7142240775889979,0.7818224323254227,0.8142447227371962,4.6818133263086175,0.8916251531114971,3.520836557442952,1.4181422901451544,0.0,0.0,0.0,47.958459533083015,0.9929187887165947,0.013292433537832311,0.10020449897750511,0,195.60000000000002,979,0.3693406272141431,0.3617568341986319,0.0012062726176115257,829,2.584951229431455,1.5886076110247473,0.10253317249698435,829,0.0,0.8866103739445115,0.09288299155609167,0.4752714113389626,4.731656067880877,0.9013563713264757,,811,,S7_block,R2A
R2,A,0.0,0.0,2,high,30.0,23,range_s_P0,ekf,,0.27729028840559633,0.3436057994313135,0.3351418573645421,3.0188549866507923,0.5855866566725554,0.2203762529474755,1.5579711054108265,0.0,0.0,0.0,16.513631509050054,0.34208806785556994,0.0,0.0950920245398773,0,195.60000000000002,979,0.3543404415214365,0.3543404415214365,0.0,829,2.3578768640778778,1.5466931005170437,0.08805790108564537,829,0.010856453558504222,0.7044632086851629,0.2448733413751508,0.5066344993968637,3.05202359259588,0.5919995669255559,,811,,S7_block,R2A
R2,A,0.0,0.0,2,high,30.0,24,range_s_P0,ekf,,1.0318414179790558,1.0966103147497395,1.050442258685275,2.0120549264213317,0.763930048820851,0.0943648082621971,1.943841220221857,0.0,0.0,0.0,60.21036572559959,1.1665391344797431,0.026584867075664622,0.10633946830265849,0,195.60000000000002,979,1.3244223901339056,0.4132394238921906,0.03136308805790111,829,2.414227810635237,1.475168695204629,0.10615199034981904,829,0.0,0.9324487334137516,0.0024125452352231603,0.5729794933655006,2.0094474291177424,0.7714780313940578,,811,,S7_block,R2A
R2,A,0.0,0.0,2,high,30.0,25,range_s_P0,ekf,,0.23009055517549756,0.29749050938312077,0.32931952338443427,2.6595102812633717,0.4741639736244206,1.2583619799135601,0.9824378926212016,0.0,0.0,0.0,9.65555466582938,1.1345662832443812,0.016359918200409,0.10531697341513292,0,195.60000000000002,979,1.1774679011132505,0.47240076719045954,0.0156815440289505,829,2.453711263911645,1.5544900551884486,0.10615199034981904,829,0.0,0.45476477683956573,0.47406513872135103,0.7454764776839565,2.612242258300849,0.47864603900007646,,811,,S7_block,R2A
R2,A,0.0,0.0,2,high,30.0,26,range_s_P0,ekf,,0.18749457361909921,0.251808439799019,0.34828916115708974,3.133281469183421,0.3307115872959321,1.318123029069814,0.9746238606515402,0.0,0.0,0.0,13.115987903194593,1.3431523313959495,0.022494887525562373,0.08793456032719836,0,195.60000000000002,979,1.573133183223225,0.29814331002939415,0.026537997587454787,829,2.317177578480856,1.57190567037871,0.08202653799758741,829,0.0,0.5090470446320868,0.3751507840772014,0.7889022919179735,3.1382590302579354,0.3339234321739874,,811,,S7_block,R2A
R2,A,0.0,0.0,2,high,30.0,27,range_s_P0,ekf,,0.921096530995476,0.9768463880354384,0.9175713840868607,2.933983587440805,0.7626881313552545,1.1445219736633259,0.6427216926205677,0.0,0.0,0.0,42.50542792250382,0.44462791045827116,0.0081799591002045,0.12065439672801637,0,195.60000000000002,979,0.5083866673884672,0.40083854677773784,0.00965018094089265,829,2.433045271655941,1.4016678146753054,0.11338962605548852,829,0.0,0.8588661037394452,0.10253317249698432,0.6767189384800965,2.951214484112013,0.7710549933607526,,811,,S7_block,R2A
R2,A,0.0,0.0,2,high,30.0,28,range_s_P0,ekf,,0.20688215535464888,0.13862697823006095,0.23564543260371332,1.8937956685404864,0.434855684584179,1.663307805889221,1.136613479135021,0.0,0.0,0.0,8.40286545812978,1.6634725723512835,0.026584867075664622,0.09918200408997956,0,195.60000000000002,979,1.1376517235147383,0.38022972721167686,0.016887816646562137,829,2.504267827655778,1.533234358959943,0.10132689987937271,829,0.0,0.3172496984318456,0.5910735826296744,0.916767189384801,1.6149182182642774,0.433340944236653,,811,,S7_block,R2A
R2,A,0.0,0.0,2,high,30.0,29,range_s_P0,ekf,,0.7040551750629404,0.7647184450160791,0.7162792250269684,3.50501980446174,0.7813879054156363,1.2407819547733392,1.9059053648988864,0.0,0.0,0.0,41.57846806585582,1.0066034665759342,0.013292433537832311,0.10122699386503067,0,195.60000000000002,979,1.1660177237948617,0.4892109504504685,0.014475271411338975,829,2.4978876655314894,1.565936306854483,0.10012062726176119,829,0.0,0.8154402895054282,0.16646562123039807,0.49336550060313633,3.5004586666900273,0.7899692687252835,,811,,S7_block,R2A
R2,A,0.0,0.0,2,high,30.0,30,range_s_P0,ekf,,0.2713809706724638,0.3330628638980182,0.3008799850738831,2.5764183828167173,0.49369030877444664,1.688292882745203,0.7906504026203247,0.0,0.0,0.0,10.581234488352937,0.9486052713616008,0.015337423312883436,0.09100204498977506,0,195.60000000000002,979,1.114620471963916,0.37114496661570145,0.018094089264173663,829,2.4764707138454556,1.6088792678721873,0.09167671893848006,829,0.0,0.5645355850422196,0.3220747889022919,0.7490952955367913,2.559559519214459,0.498079678539356,,811,,S7_block,R2A
R2,A,0.0,0.0,2,high,30.0,31,range_s_P0,ekf,,0.25219929739378777,0.31946389100718847,0.2683219102790953,3.1567893976977675,0.6031007135534558,0.6408277439160649,0.7502663362692609,0.0,0.018094089264173704,0.0,14.948947765088345,2.813205704355431,0.06134969325153374,0.09611451942740286,0,195.60000000000002,979,3.2397415966143077,0.628555906401779,0.07237635705669476,829,2.3365961730678464,1.4892513304682913,0.09770808202653802,829,0.0,0.7683956574185766,0.19782870928829915,0.7454764776839565,3.123832335187468,0.6072650068951054,,811,,S7_block,R2A
R2,A,0.0,0.0,2,high,30.0,32,range_s_P0,ekf,,0.46557918340119553,0.5260108142137034,0.5833649075236268,3.917193599686456,0.42381768204131964,3.283900485938529,2.9348906495270177,0.0,0.0,0.0,16.046936060030507,0.5701382581586754,0.007157464212678937,0.11451942740286299,0,195.60000000000002,979,0.53107210407405,0.4439057536897082,0.006031363088057851,829,2.6834651818905413,1.5616715991684074,0.11700844390832332,829,0.0,0.5331724969843185,0.43063932448733416,0.3413751507840772,3.911038821515522,0.42808629998924247,,811,,S7_block,R2A
R2,A,0.0,0.0,2,high,30.0,33,range_s_P0,ekf,,0.5151291665350068,0.5811384964729055,0.6506547986096329,3.918604484450337,0.7519096985164176,3.013121672698934,1.2032849827878658,0.0,0.04101326899879373,0.0,29.328462680264995,0.6035057851867259,0.013292433537832311,0.10736196319018405,0,195.60000000000002,979,0.5548486068726408,0.44029342424286844,0.00965018094089265,829,2.475865657519788,1.5405581885570256,0.09891435464414955,829,0.0,0.8480096501809409,0.1218335343787696,0.4957780458383595,3.8980201914320705,0.7596605579892555,,811,,S7_block,R2A
R2,A,0.0,0.0,2,high,30.0,34,range_s_P0,ekf,,0.08447031278186157,0.1518823197419256,0.18506134387227646,6.199110025624753,0.6153887233725502,4.907125216588096,5.156968131711077,0.0,0.11821471652593486,0.0,56.12900071865848,1.194364280668467,0.02147239263803681,0.09406952965235174,0,195.60000000000002,979,1.3471886385813159,0.5630985564298662,0.024125452352231624,829,2.309076206827061,1.4676799651715144,0.09047044632086854,829,0.0,0.7515078407720145,0.2388419782870929,0.218335343787696,6.253902346927113,0.6221093114860283,,811,,S7_block,R2A
R2,A,0.0,0.0,2,high,30.0,35,range_s_P0,ekf,,0.2587518917305456,0.3201563585455709,0.2310191393149629,1.392105157170863,0.25759879673367403,0.3880921703431947,1.3467739317062597,0.0,0.0,0.0,6.106432694229959,1.054873755071441,0.02044989775051125,0.09815950920245399,0,195.60000000000002,979,0.4634368498989992,0.2708476507616549,0.00965018094089265,829,2.3491248696608853,1.4653838993457122,0.09650180940892639,829,0.038600723763570564,0.20627261761158022,0.758745476477684,0.8311218335343787,1.406211102782469,0.25984231367500826,,811,,S7_block,R2A
R2,A,0.0,0.0,2,high,30.0,36,range_s_P0,ekf,,0.9834545858553809,1.0515637463678775,0.9454542633495997,3.311640845187028,0.9187274907692264,1.594919458050649,1.2294828348916604,0.0,0.0,0.0,40.114842201572,1.8846166931663184,0.03783231083844581,0.08793456032719836,0,195.60000000000002,979,2.0225277121486473,0.4933257132125469,0.03739445114595896,829,2.206196383963974,1.445650055310681,0.09047044632086854,829,0.0,1.0,0.0,0.5886610373944512,3.196429445521459,0.9276166427105466,,811,,S7_block,R2A
R2,A,0.0,0.0,2,high,30.0,37,range_s_P0,ekf,,0.12134496668777454,0.16497740986287726,0.17262254817428824,4.86317642934119,0.2691871539712773,3.1267889060785348,4.325084923177023,0.0,0.0,0.0,29.923932983816798,0.570787318390596,0.010224948875255624,0.1032719836400818,0,195.60000000000002,979,0.6272974874877005,0.43252954857642284,0.012062726176115812,829,2.4089056691660393,1.4839432948296265,0.10373944511459587,829,0.0,0.6767189384800965,0.2882991556091677,0.1942098914354644,4.9158344489105845,0.27147350875554815,,811,,S7_block,R2A
R2,A,0.0,0.0,2,high,30.0,38,range_s_P0,ekf,,0.42153721330101074,0.48851276776675306,0.6191413096014909,5.717125598477343,0.793203006988777,1.9603175047022097,3.757206567555505,0.0,0.09167671893848009,0.0,62.49165757197001,1.9648913092506388,0.0408997955010225,0.09713701431492842,0,195.60000000000002,979,1.4862930516102353,0.5151758033202302,0.033775633293124274,829,2.4286769919650353,1.6334319194145013,0.09408926417370322,829,0.0,0.879372738238842,0.09288299155609167,0.24728588661037396,5.758639634588049,0.8014748930962302,,811,,S7_block,R2A
R2,A,0.0,0.0,2,high,30.0,39,range_s_P0,ekf,,0.15331918577948037,0.20211398003235526,0.08510202040370814,1.9850223443324928,0.14677319933543215,1.0541348509049346,2.318175504159867,0.0,0.0,0.0,6.629144926754304,2.582467871951304,0.04805725971370143,0.10020449897750511,0,195.60000000000002,979,2.9803394866243784,0.3879831547407426,0.055488540410132736,829,2.385430325988432,1.5078289052637313,0.09408926417370322,829,0.0,0.2243667068757539,0.7165259348612787,0.6115802171290712,1.9608150256229189,0.14609885576700654,,811,,S7_block,R2A
R2,A,0.0,0.0,2,high,30.0,40,range_s_P0,ekf,,0.22618391816042602,0.25294471011288205,0.25028275215673246,2.49488255252418,0.4583942579529492,1.3681664703073397,1.054587337924737,0.0,0.0,0.0,9.457102445233597,2.000127309384329,0.04294478527607362,0.0950920245398773,0,195.60000000000002,979,2.189810456841991,0.46487830260833096,0.04463208685162845,829,2.3989230051385113,1.4374848538747955,0.09408926417370322,829,0.0,0.4499396863691194,0.4294330518697226,0.7696019300361882,2.3697795456659314,0.46020535254564704,,811,,S7_block,R2A
R2,A,0.0,0.0,2,high,30.0,41,range_s_P0,ekf,,0.10101620903127426,0.09932116051287095,0.037286227634727255,7.964381500289915,0.9134478969346546,0.325503625824752,4.154497643205715,0.0,0.33293124246079614,0.0,95.1693664698542,0.9716881414911742,0.026584867075664622,0.07464212678936605,0,195.60000000000002,979,1.0975024712547534,0.7042406096525823,0.03136308805790111,829,2.1437493506498626,1.4188019929630795,0.07478890229191792,829,0.0,0.9300361881785284,0.05790108564535585,0.03739445114595899,8.033616842647477,0.9232237757885581,,811,,S7_block,R2A
R2,A,0.0,0.0,2,high,30.0,42,range_s_P0,ekf,,0.15838791053784135,0.22309080158088837,0.39190664237941614,5.650503743514268,0.4960136111996184,2.264918011867202,2.325042507141577,0.0,0.05790108564535585,0.0,23.473592952283035,1.1135060480496188,0.023517382413087935,0.10122699386503067,0,195.60000000000002,979,0.5179948798226284,0.32973177942114834,0.013268998793727338,829,2.390018921072011,1.4777315063222285,0.10132689987937271,829,0.0,0.7080820265379976,0.28347406513872137,0.25814234016887816,5.669047317388832,0.5004741948942112,,811,,S7_block,R2A
R2,A,0.0,0.0,2,high,30.0,43,range_s_P0,ekf,,0.5267332951256897,0.5924914683445641,0.6131918124606898,5.060914741790544,0.8097954099141377,4.464474190106393,2.9529816204726598,0.0,0.061519903498190594,0.0,34.24015978427841,1.241729711869317,0.028629856850715747,0.09918200408997956,0,195.60000000000002,979,1.4407389976127885,0.5240050007202907,0.033775633293124274,829,2.4838914819578353,1.5492233404831453,0.10132689987937271,829,0.0,0.8371531966224367,0.13510253317249699,0.23401688781664656,5.0927591769408975,0.8181957147604901,,811,,S7_block,R2A
R2,A,0.0,0.0,2,high,30.0,44,range_s_P0,ekf,,0.49764817507841147,0.442705617105187,0.06636006057781596,1.8416636922898286,0.16891708664057428,1.6785587739111347,1.9542758277741574,0.0,0.0,0.0,5.786706992261927,1.6611356226336929,0.02965235173824131,0.10429447852760736,0,195.60000000000002,979,1.190682729173348,0.39967056666077266,0.020506634499396825,829,2.6036111271562827,1.583956500432899,0.10735826296743067,829,0.0012062726176115801,0.20989143546441497,0.7165259348612787,0.6224366706875754,1.8037099047246827,0.16916262886183778,,811,,S7_block,R2A
R2,A,0.0,0.0,2,high,30.0,45,range_s_P0,ekf,,0.25101142763513107,0.30833189570159836,0.24680337049295215,5.449951028976012,0.5911715264161214,1.4021430025757555,3.2258180386101722,0.0,0.014475271411338963,0.0,28.343372978162275,0.4276536332653366,0.005112474437627812,0.1032719836400818,0,195.60000000000002,979,0.4867277129992687,0.40374630405813566,0.006031363088057851,829,2.4350256596894964,1.5584729606137917,0.09891435464414955,829,0.0,0.8492159227985525,0.1278648974668275,0.061519903498190594,5.487649117138127,0.5971012807900334,,811,,S7_block,R2A
R2,A,0.0,0.0,2,high,30.0,46,range_s_P0,ekf,,1.0895828830147005,1.1556654240257302,1.067017437956756,6.178122848835016,0.7406850853523484,1.8450673401623054,2.3651541385512402,0.0,0.08082026537997587,0.0,52.96910346273739,1.2701508203959182,0.026584867075664622,0.11554192229038855,0,195.60000000000002,979,0.690387391116879,0.45211458024336065,0.016887816646562137,829,2.557043175259482,1.5109905662326113,0.11097708082026536,829,0.0,0.6562123039806996,0.24728588661037396,0.04945717732207479,6.1779631718467085,0.7470285334355984,,811,,S7_block,R2A
R2,A,0.0,0.0,2,high,30.0,47,range_s_P0,ekf,,0.2600807441012028,0.3196152579220796,0.2654163146285571,2.3875814648644536,0.34204759821130026,2.207583513502996,1.7215794140024454,0.0,0.0,0.0,9.661436065046365,1.3655245572800638,0.023517382413087935,0.09202453987730061,0,195.60000000000002,979,1.5608735035802783,0.4070565576368325,0.027744270205066313,829,2.3536774807894063,1.5740138115312254,0.08685162846803374,829,0.0,0.4644149577804584,0.4680337756332931,0.6899879372738239,2.280590962823609,0.34537106201030565,,811,,S7_block,R2A
R2,A,0.0,0.0,2,high,30.0,48,range_s_P0,ekf,,0.5419796569917451,0.6082787704814072,0.6976854058354566,3.5641158462332583,0.7469930778918302,3.8963564192906968,3.0361334351376827,0.0,0.0,0.0,42.831420757267395,1.7646773263300644,0.041922290388548056,0.1165644171779141,0,195.60000000000002,979,1.942846791543668,0.5250458960754838,0.043425814234016924,829,2.63738903621371,1.5569389061856476,0.11459589867310016,829,0.0,0.6996381182147166,0.25934861278648974,0.5850422195416164,3.419130425162897,0.7536300200535607,,811,,S7_block,R2A
R2,A,0.0,0.0,2,high,30.0,49,range_s_P0,ekf,,0.23159911633601982,0.2995789099910201,0.17315632059437047,1.8295989507021002,0.13357504368167755,0.8336582850141974,1.237764113972266,0.0,0.0,0.0,3.800968176527874,1.311466608004701,0.02044989775051125,0.09713701431492842,0,195.60000000000002,979,1.4921158603448466,0.1906985408789326,0.024125452352231624,829,2.407766894853596,1.4949682291074837,0.09891435464414955,829,0.0048250904704463205,0.07720144752714113,0.8890229191797346,0.9143546441495778,1.6853355346425394,0.13058232910951453,,811,,S7_block,R2A
R2,A,0.0,0.0,0,low,30.0,0,range_s_P0,ekf,,0.2520578809821566,0.3142258415801254,0.37054515618912015,7.729735502285814,1.009348126241641,3.315906975652341,7.872896185001549,0.0,0.1218335343787696,0.0,120.19736398701157,1.1903688798557817,0.03374233128834356,0.09406952965235174,0,195.60000000000002,979,1.3982361736936304,0.3860914561898284,0.039806996381182125,829,2.407792125871057,1.547788729486838,0.09650180940892639,829,0.032569360675512665,0.7611580217129071,0.23281061519903498,0.22677925211097708,7.811455605925385,1.0204281095239174,,811,,S8_real,R2A
R2,A,0.0,0.0,0,low,30.0,1,range_s_P0,ekf,,1.001189427227192,0.941814556563591,0.9228745911167974,12.24704696836085,0.9195195167965498,9.463257530463292,14.783751382143702,0.0,0.6550060313630881,0.0,113.20525438440325,1.2845142350264531,0.03680981595092025,0.1196319018404908,0,195.60000000000002,979,1.510627553629336,0.4688181559089909,0.043425814234016924,829,2.794867526447149,1.6287283823250942,0.12424607961399281,829,0.039806996381182146,0.7840772014475271,0.20506634499396864,0.195416164053076,12.382020586869103,0.9296195610810017,,811,,S8_real,R2A
R2,A,0.0,0.0,0,low,30.0,2,range_s_P0,ekf,,0.4221764973541634,0.35559127574914845,0.3873894099614127,9.860532687862175,0.9738333690258589,6.068497362940922,11.442031024815446,0.0,0.5572979493365501,0.0,72.38154839795071,1.2115014316583532,0.03374233128834356,0.1165644171779141,0,195.60000000000002,979,1.4227302567446274,0.4550772131753596,0.039806996381182125,829,2.4622929319741518,1.4617570032333218,0.11459589867310016,829,0.0,0.7539203860072377,0.22316043425814233,0.22919179734620024,9.968924613290946,0.9844877925962284,,811,,S8_real,R2A
R2,A,0.0,0.0,0,low,30.0,3,range_s_P0,ekf,,1.0065142947905032,0.9540676933786904,0.8312679549709271,12.548355208701482,0.9067220264945294,9.11782573910108,15.106798564999128,0.0,0.669481302774427,0.0,117.79662411764066,1.2533491002538197,0.03680981595092025,0.09611451942740286,0,195.60000000000002,979,1.4741408715308473,0.47030589742776907,0.043425814234016924,829,2.4717638640376838,1.4997451097754793,0.10253317249698435,829,0.0,0.7925211097708083,0.19059107358262967,0.22316043425814233,12.68010823597685,0.9161142883458021,,811,,S8_real,R2A
R2,A,0.0,0.0,0,low,30.0,4,range_s_P0,ekf,,0.4128219196284714,0.3505965605439131,0.34948374575537866,11.086023847322169,0.9039171553796423,6.554440478475521,13.081306267158263,0.0,0.6043425814234017,0.0,87.52040520224764,1.257958994684,0.034764826175869123,0.1083844580777096,0,195.60000000000002,979,1.4802718838486058,0.45827004077742794,0.04101326899879376,829,2.567655922521998,1.5127317752522698,0.10735826296743067,829,0.028950542822677925,0.7840772014475271,0.2147165259348613,0.21712907117008443,11.207651544366774,0.9138575553808126,,811,,S8_real,R2A
R2,A,0.0,0.0,0,low,30.0,5,range_s_P0,ekf,,0.7501571608463254,0.7017112738675775,0.5981217186471293,10.764466396993496,0.85476281630598,7.492892526342312,12.767779725917563,0.0,0.5995174909529554,0.0,78.49167188286583,1.2465880381095127,0.034764826175869123,0.1114519427402863,0,195.60000000000002,979,1.467405256845247,0.4462361159228344,0.04101326899879376,829,2.564075150538026,1.5643822006273966,0.11097708082026536,829,0.038600723763570564,0.7708082026537998,0.22316043425814233,0.22074788902291917,10.882694959100071,0.8641884051914893,,811,,S8_real,R2A
R2,A,0.0,0.0,0,low,30.0,6,range_s_P0,ekf,,0.9136683962789652,0.8495389001400045,0.6691206936190737,10.757110907838175,0.9147516088153681,7.576820602634334,12.857658641134933,0.0,0.5971049457177322,0.0,81.44344720519041,1.2594262793337536,0.03680981595092025,0.09100204498977506,0,195.60000000000002,979,1.4786732288130282,0.4485098866287531,0.043425814234016924,829,2.3772018813111275,1.5278844722058973,0.09167671893848006,829,0.0048250904704463205,0.7611580217129071,0.23401688781664656,0.23039806996381182,10.872417256441288,0.9248115993993202,,811,,S8_real,R2A
R2,A,0.0,0.0,0,low,30.0,7,range_s_P0,ekf,,0.599772942847936,0.5514957619414276,0.4666621787651752,10.180081473645895,0.8939057726803361,6.765259846304297,11.945472126209712,0.0,0.5802171290711701,0.0,71.11119749350807,1.2628823285921622,0.03374233128834356,0.09611451942740286,0,195.60000000000002,979,1.4834393215003367,0.4655401350987466,0.039806996381182125,829,2.425127322051969,1.4219384728460038,0.10012062726176119,829,0.019300361881785282,0.744270205066345,0.24607961399276237,0.23039806996381182,10.290009712686343,0.9037435936537072,,811,,S8_real,R2A
R2,A,0.0,0.0,0,low,30.0,8,range_s_P0,ekf,,0.5334915565499431,0.47088078764174796,0.5693092134156157,10.952944498980676,0.9444184812130892,7.694562544948889,12.827269124411387,0.0,0.632086851628468,0.0,88.09937161673382,1.276201869950034,0.03578732106339468,0.10122699386503067,0,195.60000000000002,979,1.5000644114895838,0.4672069658905577,0.04221954161640529,829,2.400073718132586,1.4587004366063188,0.10012062726176119,829,0.0036188178528347406,0.7563329312424608,0.23522316043425814,0.2243667068757539,11.07058156051414,0.9545465973865592,,811,,S8_real,R2A
R2,A,0.0,0.0,0,low,30.0,9,range_s_P0,ekf,,0.2858277512301727,0.21852452382222556,0.32019386461575733,8.69707543021824,0.9090970775128249,5.0974284164726145,9.408957354108216,0.0,0.22919179734620024,0.0,54.4480797532554,1.2364382233346638,0.03578732106339468,0.09611451942740286,0,195.60000000000002,979,1.451826041472032,0.41650153015731034,0.04221954161640529,829,2.3867945436534312,1.5502822080437386,0.0928829915560917,829,0.0,0.7515078407720145,0.2388419782870929,0.22316043425814233,8.788531498885307,0.918827689872211,,811,,S8_real,R2A
R2,A,0.0,0.0,0,low,30.0,10,range_s_P0,ekf,,0.919697194787896,0.8662395367680651,0.8466233281708818,13.302257546858131,0.8472900835102002,9.318924777353798,16.124117945075653,0.0,0.6863691194209891,0.0,135.25518088754063,1.2861546782305786,0.03578732106339468,0.12474437627811862,0,195.60000000000002,979,1.5121294812933121,0.4860230914446699,0.04221954161640529,829,2.7837226316802024,1.6003698023282829,0.12545235223160434,829,0.0,0.773220747889023,0.2255729794933655,0.20868516284680338,13.4482221033409,0.8562775480928699,,811,,S8_real,R2A
R2,A,0.0,0.0,0,low,30.0,11,range_s_P0,ekf,,0.5855443775156064,0.5263892711627706,0.48065112560088497,9.460012678423837,0.9338976872003043,6.527705851764233,10.758444717148395,0.0,0.48854041013269,0.0,64.91320723866683,1.207581809121844,0.034764826175869123,0.12269938650306748,0,195.60000000000002,979,1.4170679020686447,0.43901158914901506,0.04101326899879376,829,2.664789889256789,1.447112151316421,0.12183353437876965,829,0.006031363088057901,0.744270205066345,0.25331724969843183,0.22919179734620024,9.559686131851366,0.9441861088869247,,811,,S8_real,R2A
R2,A,0.0,0.0,0,low,30.0,12,range_s_P0,ekf,,0.24553409534999426,0.2094613700035822,0.02820295285847561,8.205218477772531,0.9689247314437974,3.8880259370677575,8.93363826667223,0.0,0.22195416164053075,0.0,55.803824128490206,1.2191378646145812,0.034764826175869123,0.10940695296523517,0,195.60000000000002,979,1.4270208351205675,0.41557440482648156,0.04101326899879376,829,2.6064550661860455,1.5539696655432746,0.11700844390832332,829,0.0,0.758745476477684,0.21712907117008443,0.23039806996381182,8.295702118549018,0.9793735432187426,,811,,S8_real,R2A
R2,A,0.0,0.0,0,low,30.0,13,range_s_P0,ekf,,0.7357730665578626,0.6807837798967913,0.7147283354853146,12.568602792035266,0.8559567175400936,8.434994221992575,15.14095136346085,0.0,0.6574185765983113,0.0,112.16043067017202,1.2781923188560478,0.03783231083844581,0.09611451942740286,0,195.60000000000002,979,1.5012862981861188,0.4620364020640008,0.04463208685162845,829,2.483570170397923,1.5134445072961447,0.10253317249698435,829,0.0,0.7792521109770808,0.2074788902291918,0.22195416164053075,12.698039737581913,0.8640161047712841,,811,,S8_real,R2A
R2,A,0.0,0.0,0,low,30.0,14,range_s_P0,ekf,,0.7439839349026861,0.6884866126650941,0.6571596061335394,12.296278320022939,0.8696652572366291,8.288314236255133,14.868974339098035,0.0,0.6224366706875754,0.0,110.24297592912009,1.2641412474817433,0.03680981595092025,0.11554192229038855,0,195.60000000000002,979,1.4870084943387563,0.45639941904581244,0.043425814234016924,829,2.842828578976126,1.6376645782674428,0.1278648974668275,829,0.0,0.7768395657418576,0.19782870928829915,0.2195416164053076,12.431916232992231,0.8791585576695411,,811,,S8_real,R2A
R2,A,0.0,0.0,0,low,30.0,15,range_s_P0,ekf,,0.45160578539663704,0.39397938708659186,0.5341583344599629,10.094554817630755,0.9048682834148732,6.928009282364089,11.653353302924316,0.0,0.5922798552472859,0.0,69.79867672460759,1.236045808938794,0.034764826175869123,0.10531697341513292,0,195.60000000000002,979,1.4524192901467923,0.43541923237992425,0.04101326899879376,829,2.4071131133150283,1.409027367730036,0.10735826296743067,829,0.0048250904704463205,0.7659831121833535,0.2255729794933655,0.2243667068757539,10.197721346747139,0.9143087953122512,,811,,S8_real,R2A
R2,A,0.0,0.0,0,low,30.0,16,range_s_P0,ekf,,0.8255190747838693,0.7730464651973094,0.7014344634745662,12.415787365946846,0.9380816029913576,8.62059642007129,14.858512417137623,0.0,0.6887816646562123,0.0,117.2098665099359,1.2736450668091366,0.03578732106339468,0.10122699386503067,0,195.60000000000002,979,1.4961199147283362,0.47796049072111696,0.04221954161640529,829,2.502399495647153,1.5812099437186882,0.10253317249698435,829,0.0,0.773220747889023,0.22074788902291917,0.218335343787696,12.548793872727604,0.9479519006012522,,811,,S8_real,R2A
R2,A,0.0,0.0,0,low,30.0,17,range_s_P0,ekf,,1.1117900928977835,1.055347184142837,0.8594382176292356,12.969007674463446,0.8926728215868207,9.993147965332966,15.563948578235006,0.0,0.7141133896260555,0.0,126.79614662930844,1.2738881453144675,0.03680981595092025,0.10020449897750511,0,195.60000000000002,979,1.499246443634573,0.4674350879492226,0.043425814234016924,829,2.6493530441483673,1.652180627453704,0.10132689987937271,829,0.0,0.7744270205066345,0.218335343787696,0.1942098914354644,13.103017065119003,0.9014507388899364,,811,,S8_real,R2A
R2,A,0.0,0.0,0,low,30.0,18,range_s_P0,ekf,,0.9758899872817836,0.9240939490135975,0.795485975884632,12.8180884472619,0.9197864719864024,9.09628084390079,15.671038015144173,0.0,0.6272617611580217,0.0,127.24521079752328,1.2500767100803314,0.03680981595092025,0.12167689161554192,0,195.60000000000002,979,1.4704431880530815,0.46311462312459284,0.043425814234016924,829,2.82206584017094,1.5907796975208726,0.12665862484921597,829,0.0024125452352231603,0.7756332931242461,0.22074788902291917,0.2195416164053076,12.959455004070321,0.9298587148918155,,811,,S8_real,R2A
R2,A,0.0,0.0,0,low,30.0,19,range_s_P0,ekf,,0.8124713815474234,0.7626454886763101,0.6335250443269685,12.157946216442342,0.912310427120981,8.149523665793398,14.890557224097064,0.0,0.6151990349819059,0.0,108.15206907224741,1.2672496061409722,0.03783231083844581,0.14519427402862986,0,195.60000000000002,979,1.4882777113688739,0.44995932497956875,0.04463208685162845,829,3.1310758593736985,1.610209651158199,0.143546441495778,829,0.0,0.7659831121833535,0.22919179734620024,0.2243667068757539,12.291983453413353,0.9220995793036884,,811,,S8_real,R2A
R2,A,0.0,0.0,0,low,30.0,20,range_s_P0,ekf,,0.9799393064867168,0.9243814572171479,0.8440796505734947,11.51053809449794,0.9562751730132446,8.849103014489817,13.994115420332399,0.0,0.6103739445114595,0.0,98.38605108024053,1.251806652460812,0.03680981595092025,0.11554192229038855,0,195.60000000000002,979,1.468637969919454,0.44858091523655685,0.043425814234016924,829,2.694233710297376,1.553314664444778,0.12545235223160434,829,0.0,0.8021712907117008,0.19059107358262967,0.22677925211097708,11.635976868418828,0.9663677380407668,,811,,S8_real,R2A
R2,A,0.0,0.0,0,low,30.0,21,range_s_P0,ekf,,0.9532993440553756,0.8985670833847079,0.9056375863910462,10.893208693158988,0.9577922304729881,8.70083721757627,13.06866550449113,0.0,0.6164053075995175,0.0,89.78321005615163,1.2539155253090983,0.034764826175869123,0.11860940695296524,0,195.60000000000002,979,1.4717185482597586,0.46336407761810855,0.04101326899879376,829,2.697166275658629,1.5120252097574387,0.12665862484921597,829,0.0012062726176115801,0.7563329312424608,0.22677925211097708,0.2255729794933655,11.013424057667939,0.9682679464528063,,811,,S8_real,R2A
R2,A,0.0,0.0,0,low,30.0,22,range_s_P0,ekf,,0.9388534169530173,0.8814045911615388,0.8326404505151535,12.597303443750405,0.8864662499825913,8.845692624530738,15.154501901690509,0.0,0.6586248492159228,0.0,115.18364315244372,1.2769466032292907,0.03680981595092025,0.11554192229038855,0,195.60000000000002,979,1.5023596158285089,0.46951631466912797,0.043425814234016924,829,2.549631905329309,1.496923198697634,0.11821471652593485,829,0.0,0.7551266586248492,0.2316043425814234,0.2255729794933655,12.728619672338208,0.8954328502185409,,811,,S8_real,R2A
R2,A,0.0,0.0,0,low,30.0,23,range_s_P0,ekf,,0.7334727209001396,0.6771771065058256,0.666426397630444,11.027534013278485,0.8926348743507974,7.608446375236699,13.005196285691126,0.0,0.6272617611580217,0.0,82.61834895437416,1.2722692386215018,0.03578732106339468,0.11758691206543967,0,195.60000000000002,979,1.4942607755583364,0.459819663637946,0.04221954161640529,829,2.5717213032602753,1.4987195576156584,0.11821471652593485,829,0.007237635705669481,0.7490952955367913,0.24728588661037396,0.2243667068757539,11.142653095873417,0.9022540717693482,,811,,S8_real,R2A
R2,A,0.0,0.0,0,low,30.0,24,range_s_P0,ekf,,0.40304192454754634,0.3390734918759739,0.40078863777443424,10.343799851407756,0.9395959166722165,6.324439094542175,11.973954033310164,0.0,0.594692400482509,0.0,74.22532673023046,1.2697618828996127,0.034764826175869123,0.10429447852760736,0,195.60000000000002,979,1.4870080140537354,0.46569624180437313,0.04101326899879376,829,2.4691475198344284,1.5193714792537647,0.10132689987937271,829,0.021712907117008445,0.7720144752714113,0.21230398069963813,0.2316043425814234,10.44627119125745,0.9494258455701785,,811,,S8_real,R2A
R2,A,0.0,0.0,0,low,30.0,25,range_s_P0,ekf,,0.4031708330493817,0.34772537294649064,0.32263803877186104,9.959273843520302,0.9199657626639095,6.223977738999687,11.496269806726605,0.0,0.49819059107358266,0.0,69.14323770870948,1.2018750539601923,0.03578732106339468,0.10940695296523517,0,195.60000000000002,979,1.4136511289546962,0.42995617747574294,0.04221954161640529,829,2.6721913243541127,1.6311369829410653,0.11580217129071169,829,0.009650180940892641,0.7599517490952955,0.2255729794933655,0.22677925211097708,10.065369569115667,0.9300573223034885,,811,,S8_real,R2A
R2,A,0.0,0.0,0,low,30.0,26,range_s_P0,ekf,,0.6442126822219554,0.5847687481806646,0.48349402124124213,10.479316179605334,0.9164123649411324,6.986873773312889,12.398816568468716,0.0,0.5995174909529554,0.0,78.75924197715501,1.2587079678095119,0.03578732106339468,0.09406952965235174,0,195.60000000000002,979,1.4792952802392412,0.45434251987151814,0.04221954161640529,829,2.4032278606455217,1.5076864939606542,0.09650180940892639,829,0.0,0.7539203860072377,0.24125452352231605,0.2255729794933655,10.594164566433761,0.9265006531037708,,811,,S8_real,R2A
R2,A,0.0,0.0,0,low,30.0,27,range_s_P0,ekf,,0.5515919198521804,0.4880628346169477,0.3896429959209261,11.09687172436714,0.9460513798727247,6.845581890420953,13.186365613864435,0.0,0.6007237635705669,0.0,89.12280208214973,1.276451563496493,0.034764826175869123,0.12065439672801637,0,195.60000000000002,979,1.497059409017248,0.4800076032957321,0.04101326899879376,829,2.5617560139480307,1.482837444108058,0.11700844390832332,829,0.021712907117008445,0.7478890229191797,0.2436670687575392,0.22677925211097708,11.216040540280634,0.9564742356880691,,811,,S8_real,R2A
R2,A,0.0,0.0,0,low,30.0,28,range_s_P0,ekf,,0.6461502099755155,0.5818068607570099,0.694644105859845,11.696745881566597,0.9081640767360692,8.00864691811095,13.986130334826358,0.0,0.623642943305187,0.0,100.44330416278653,1.2627016822305548,0.03578732106339468,0.10429447852760736,0,195.60000000000002,979,1.4824350571739988,0.46018593084299275,0.04221954161640529,829,2.4184781937162887,1.514015461758355,0.10494571773220751,829,0.06393244873341375,0.7708082026537998,0.22798552472858866,0.218335343787696,11.825828305719593,0.9181791498422306,,811,,S8_real,R2A
R2,A,0.0,0.0,0,low,30.0,29,range_s_P0,ekf,,0.6817458703667452,0.6192581236132398,0.6719420504726601,11.66199089609807,0.846808714156698,8.1357097070423,14.103732447210218,0.0,0.6127864897466827,0.0,94.42851809484732,1.260025268059364,0.03680981595092025,0.10531697341513292,0,195.60000000000002,979,1.4788583954235677,0.4506004187228109,0.043425814234016924,829,2.5836940711432437,1.6466491391939393,0.10494571773220751,829,0.013268998793727383,0.7623642943305187,0.22316043425814233,0.22316043425814233,11.78996086707867,0.8561092372848926,,811,,S8_real,R2A
R2,A,0.0,0.0,0,low,30.0,30,range_s_P0,ekf,,0.3269403474436497,0.26003303358176066,0.30181339748794317,9.116802843525596,1.0101105086317343,5.8345756602640355,10.168224832828038,0.0,0.37394451145958985,0.0,70.57605831858002,1.2356065410262536,0.034764826175869123,0.10940695296523517,0,195.60000000000002,979,1.4511920219599677,0.4404443296236126,0.04101326899879376,829,2.5444354576271393,1.560673702077821,0.1085645355850422,829,0.0,0.758745476477684,0.23281061519903498,0.22677925211097708,9.217301437807993,1.0211484812101637,,811,,S8_real,R2A
R2,A,0.0,0.0,0,low,30.0,31,range_s_P0,ekf,,0.605122467270909,0.549383498647746,0.5835025716638906,11.573707854990628,0.8529635049563098,7.822709926395985,13.868494074706796,0.0,0.609167671893848,0.0,92.25208191485635,1.258985757122381,0.034764826175869123,0.09918200408997956,0,195.60000000000002,979,1.4797014090963883,0.45865765495920197,0.04101326899879376,829,2.576443367483581,1.5850721704926596,0.09770808202653802,829,0.015681544028950542,0.7756332931242461,0.2243667068757539,0.22195416164053075,11.699085956982811,0.862326847348989,,811,,S8_real,R2A
R2,A,0.0,0.0,0,low,30.0,32,range_s_P0,ekf,,0.4102375975539112,0.34439668106663346,0.29343001662828067,9.107012300697955,0.8653326133555269,5.175504356959343,10.275501666890902,0.0,0.45235223160434257,0.0,58.37878045603144,1.2417135033214604,0.034764826175869123,0.09611451942740286,0,195.60000000000002,979,1.4559122226461088,0.43364245442404004,0.04101326899879376,829,2.4001638397335188,1.5073933783492819,0.09529553679131486,829,0.015681544028950542,0.7696019300361882,0.21230398069963813,0.22074788902291917,9.207086296811136,0.8748052134808669,,811,,S8_real,R2A
R2,A,0.0,0.0,0,low,30.0,33,range_s_P0,ekf,,0.9642800313139381,0.9040405015629043,0.8501119838748432,12.89992522339295,0.908095542305018,9.389678578536815,15.734390991437666,0.0,0.6501809408926418,0.0,126.45849528789246,1.2663190600416767,0.03783231083844581,0.10224948875255624,0,195.60000000000002,979,1.4881415687963964,0.4601004279328028,0.04463208685162845,829,2.5729437783256706,1.5597149851924048,0.10132689987937271,829,0.022919179734620022,0.7683956574185766,0.2255729794933655,0.22195416164053075,13.042262326466464,0.9181026371661356,,811,,S8_real,R2A
R2,A,0.0,0.0,0,low,30.0,34,range_s_P0,ekf,,0.8508508658245278,0.8003798131545086,0.7191501297626045,11.453360502853574,0.972099089830408,8.543350563903076,13.513135108429644,0.0,0.6501809408926418,0.0,95.75479873994193,1.2741008640898595,0.03578732106339468,0.10736196319018405,0,195.60000000000002,979,1.4988677231004335,0.4726294995278635,0.04221954161640529,829,2.6005401323292943,1.6144858076508672,0.1085645355850422,829,0.007237635705669481,0.7490952955367913,0.24125452352231605,0.22677925211097708,11.569799834749784,0.9825054392660432,,811,,S8_real,R2A
R2,A,0.0,0.0,0,low,30.0,35,range_s_P0,ekf,,0.8608510926058588,0.8048542173430403,0.8940559845871017,12.245968670688999,0.8574833733563377,9.54745836842285,14.762669477532674,0.0,0.6718938480096501,0.0,105.29542545126841,1.2612935580659235,0.03680981595092025,0.12372188139059305,0,195.60000000000002,979,1.4800874535630335,0.45722188745430487,0.043425814234016924,829,2.7352325178605645,1.572880494011631,0.12424607961399281,829,0.0,0.7780458383594693,0.2147165259348613,0.195416164053076,12.379446903376621,0.8665903408556759,,811,,S8_real,R2A
R2,A,0.0,0.0,0,low,30.0,36,range_s_P0,ekf,,0.5936834364208671,0.5352520676754502,0.6235204174115818,11.862114870007584,0.891400556522767,8.047097093007388,14.25355790320751,0.0,0.6200241254523522,0.0,99.39670535051287,1.2306312699089605,0.03680981595092025,0.09815950920245399,0,195.60000000000002,979,1.4461950807635413,0.4547864743594161,0.043425814234016924,829,2.478370835761623,1.4971134159407047,0.10132689987937271,829,0.033775633293124246,0.7563329312424608,0.23522316043425814,0.22316043425814233,11.992971020541422,0.9012314944019052,,811,,S8_real,R2A
R2,A,0.0,0.0,0,low,30.0,37,range_s_P0,ekf,,0.5649744028930425,0.5059693121327119,0.4990253314167548,11.841358823181231,0.9557859670160214,7.863500983607468,14.385307750738102,0.0,0.6103739445114595,0.0,107.83503344463233,1.2701992769673525,0.03680981595092025,0.11860940695296524,0,195.60000000000002,979,1.4895892595356843,0.4671442031352309,0.043425814234016924,829,2.778214552786823,1.606880446356489,0.11942098914354649,829,0.0,0.7611580217129071,0.22074788902291917,0.2243667068757539,11.972040060568439,0.9662853088224334,,811,,S8_real,R2A
R2,A,0.0,0.0,0,low,30.0,38,range_s_P0,ekf,,0.8510823454314341,0.7926892328751546,0.6851665379189327,12.671148952558513,0.901741739035467,9.212926338978816,15.347566591627423,0.0,0.6839565741857659,0.0,119.59516303456525,1.2649753132908432,0.03680981595092025,0.12474437627811862,0,195.60000000000002,979,1.4866926412114418,0.4667390912742402,0.043425814234016924,829,2.690147938770167,1.551622331321767,0.12424607961399281,829,0.0048250904704463205,0.7551266586248492,0.23039806996381182,0.2243667068757539,12.808814603807246,0.9116388439723678,,811,,S8_real,R2A
R2,A,0.0,0.0,0,low,30.0,39,range_s_P0,ekf,,0.6190656286342463,0.5685592343902789,0.5519622426531697,12.025336533101065,0.8733685216455317,7.566250045079801,14.62470950818528,0.0,0.6055488540410132,0.0,104.1586825485712,1.2556968242600366,0.03680981595092025,0.10736196319018405,0,195.60000000000002,979,1.4745047479617244,0.4529293340661607,0.043425814234016924,829,2.628747918864053,1.556781689717695,0.11097708082026536,829,0.012062726176115802,0.7683956574185766,0.22316043425814233,0.22074788902291917,12.157567429160164,0.8829260698679258,,811,,S8_real,R2A
R2,A,0.0,0.0,0,low,30.0,40,range_s_P0,ekf,,0.7948609158731502,0.7295101291867,0.683342990669169,12.204098604928319,0.8528370219172525,8.314873124116819,14.791075400653838,0.0,0.617611580217129,0.0,106.23050377462887,1.2209840035493853,0.03578732106339468,0.1165644171779141,0,195.60000000000002,979,1.4362766969671257,0.46323628289890634,0.04221954161640529,829,2.862147875890166,1.5866936360742885,0.12303980699638117,829,0.0012062726176115801,0.7889022919179735,0.2014475271411339,0.21712907117008443,12.338012593885045,0.8621600314832143,,811,,S8_real,R2A
R2,A,0.0,0.0,0,low,30.0,41,range_s_P0,ekf,,0.7791450964010028,0.7180265392818869,0.7829723475276218,12.193772986828467,0.8653956001464504,8.993886327725141,14.688872323823025,0.0,0.6248492159227985,0.0,105.06655966588512,1.2655012324651482,0.03680981595092025,0.09815950920245399,0,195.60000000000002,979,1.4881287659440217,0.4514316008328566,0.043425814234016924,829,2.4700352866196162,1.5510383341014666,0.10012062726176119,829,0.016887816646562123,0.773220747889023,0.22316043425814233,0.19300361881785283,12.327905131263572,0.8749361646227639,,811,,S8_real,R2A
R2,A,0.0,0.0,0,low,30.0,42,range_s_P0,ekf,,0.8702941193647907,0.8129063972229299,0.6351767695424224,11.69825255217362,0.8453444572809614,7.930740088613042,14.016741290376412,0.0,0.6103739445114595,0.0,93.64633195643536,1.2632580624398708,0.034764826175869123,0.09918200408997956,0,195.60000000000002,979,1.4820563554630708,0.46780269423413834,0.04101326899879376,829,2.4951190182546346,1.5256550311944546,0.10494571773220751,829,0.0,0.7683956574185766,0.22798552472858866,0.22074788902291917,11.823328923035001,0.8544465139104029,,811,,S8_real,R2A
R2,A,0.0,0.0,0,low,30.0,43,range_s_P0,ekf,,0.8412822111874773,0.7835504685318401,0.7602774528180921,12.490249844346817,0.8806823656576965,9.267079716185991,14.93216586874363,0.0,0.7129071170084439,0.0,112.88321118556958,1.2869566145881506,0.03783231083844581,0.11451942740286299,0,195.60000000000002,979,1.513589603700942,0.4642256461007662,0.04463208685162845,829,2.6721000744201895,1.593511812746063,0.11700844390832332,829,0.0,0.7756332931242461,0.2147165259348613,0.21712907117008443,12.622490275920194,0.8894864774436088,,811,,S8_real,R2A
R2,A,0.0,0.0,0,low,30.0,44,range_s_P0,ekf,,0.8981456468888244,0.8298298456601518,0.5922873371933647,10.14854687188452,0.9256226800924411,7.006232458371371,11.869104783367293,0.0,0.5669481302774427,0.0,72.32854620580584,1.261228974359143,0.034764826175869123,0.081799591002045,0,195.60000000000002,979,1.4802960964957925,0.4619915733096237,0.04101326899879376,829,2.216202356833711,1.4785029460891845,0.08323281061519905,829,0.014475271411338963,0.7454764776839565,0.25211097708082025,0.23039806996381182,10.255248623387335,0.935787825233511,,811,,S8_real,R2A
R2,A,0.0,0.0,0,low,30.0,45,range_s_P0,ekf,,0.8279203565279398,0.7822682259969811,0.6537007190284393,11.920950783149102,0.8491458884783144,8.227147096677527,14.310744569287747,0.0,0.6139927623642943,0.0,97.99501884495864,1.2609014568796286,0.03680981595092025,0.1196319018404908,0,195.60000000000002,979,1.483874463680405,0.44949804204171445,0.043425814234016924,829,2.712129720862075,1.6261473706215106,0.12062726176115801,829,0.0,0.7696019300361882,0.21230398069963813,0.21712907117008443,12.050358681181459,0.8583364820498111,,811,,S8_real,R2A
R2,A,0.0,0.0,0,low,30.0,46,range_s_P0,ekf,,0.7122873814258279,0.6516635719445529,0.7536565824104715,11.98461766305629,0.8782931926048384,8.072448125808258,14.427371855729692,0.0,0.609167671893848,0.0,102.98463975144055,1.234963740679105,0.03578732106339468,0.09918200408997956,0,195.60000000000002,979,1.4497038940744842,0.46761018436728663,0.04221954161640529,829,2.4818859357235077,1.496161990955249,0.10615199034981904,829,0.0,0.7551266586248492,0.23401688781664656,0.22316043425814233,12.115748873570194,0.8878480207232374,,811,,S8_real,R2A
R2,A,0.0,0.0,0,low,30.0,47,range_s_P0,ekf,,1.1379028251979766,1.0854052751609153,1.0040657070870396,11.545487475766565,0.8853066741074597,9.652259764163235,13.757400922024873,0.0,0.6417370325693607,0.0,96.07478444485596,1.262609921123612,0.03578732106339468,0.1196319018404908,0,195.60000000000002,979,1.4855330219040903,0.44821726447881555,0.04221954161640529,829,2.6446797295199973,1.545265804152456,0.11942098914354649,829,0.0,0.7683956574185766,0.2243667068757539,0.22074788902291917,11.669992550874586,0.8946436780833202,,811,,S8_real,R2A
R2,A,0.0,0.0,0,low,30.0,48,range_s_P0,ekf,,0.974602156331263,0.913748107414826,0.832059891086938,11.772733107911854,0.9200528027870389,8.529688274631448,14.236909786404215,0.0,0.6164053075995175,0.0,100.50447460862303,1.266009479145762,0.03680981595092025,0.12269938650306748,0,195.60000000000002,979,1.485206572513404,0.46485730915445245,0.043425814234016924,829,2.8412284209290037,1.5874703627581381,0.12665862484921597,829,0.0036188178528347406,0.7490952955367913,0.24004825090470447,0.22919179734620024,11.900444078121755,0.9300670811941567,,811,,S8_real,R2A
R2,A,0.0,0.0,0,low,30.0,49,range_s_P0,ekf,,0.5919572687263959,0.5353986461358551,0.6693454838486473,12.807334683541079,0.8748709461113392,8.58000572147847,15.473526698986198,0.0,0.6779252110977081,0.0,122.74502126687777,1.2467439633322563,0.03578732106339468,0.1114519427402863,0,195.60000000000002,979,1.4652609347693555,0.4641698055750181,0.04221954161640529,829,2.70640754087487,1.5539214108747519,0.112183353437877,829,0.0,0.7804583835946924,0.2147165259348613,0.2147165259348613,12.948303209089252,0.8842733074527244,,811,,S8_real,R2A
R2,A,0.0,0.0,1,mid,30.0,0,range_s_P0,ekf,,0.6066287623387209,0.541585776827319,0.48712963068749426,10.856912856236338,0.791774221578861,6.547657308757254,12.65935856592569,0.0,0.6453558504221955,0.0,78.45161639190096,1.2560353517316898,0.034764826175869123,0.10633946830265849,0,195.60000000000002,979,1.4772653815551477,0.44815795703195316,0.04101326899879376,829,2.5442172092383206,1.5700220885045968,0.10012062726176119,829,0.0,0.7804583835946924,0.20386007237635706,0.19059107358262967,10.976638246480801,0.8001782213493478,,811,,S8_real,R2A
R2,A,0.0,0.0,1,mid,30.0,1,range_s_P0,ekf,,1.137355261112939,1.0792027290685748,1.060099690896695,12.998380124439079,0.8908358036218752,10.456536006484926,15.792790619176701,0.0,0.6731001206272618,0.0,129.94390860503512,1.2870956980288082,0.03680981595092025,0.13496932515337423,0,195.60000000000002,979,1.5133961538141008,0.4702141884159607,0.043425814234016924,829,2.9459310911610452,1.6387288649194331,0.1399276236429433,829,0.0,0.7756332931242461,0.218335343787696,0.20627261761158022,13.141780258501834,0.900511167639214,,811,,S8_real,R2A
R2,A,0.0,0.0,1,mid,30.0,2,range_s_P0,ekf,,0.1900197363639407,0.20399017140696243,0.1153752634604061,7.582446464233175,1.2305323912090518,3.8126415397978906,5.769584533452113,0.0,0.2147165259348613,0.0,102.65700467163988,1.1195628410360883,0.026584867075664622,0.1032719836400818,0,195.60000000000002,979,1.3156604825633684,0.4928796286874164,0.03136308805790111,829,2.4820819569893278,1.5679565022233428,0.10373944511459587,829,0.0,0.804583835946924,0.15078407720144751,0.11700844390832328,7.632476651337325,1.2429717376583422,,811,,S8_real,R2A
R2,A,0.0,0.0,1,mid,30.0,3,range_s_P0,ekf,,0.7693363092681541,0.7148753385978363,0.6019827162276158,12.25952286714791,0.8740824251367073,7.933763237612125,14.729053701234843,0.0,0.632086851628468,0.0,109.21160584883883,1.2504830370596618,0.03680981595092025,0.1165644171779141,0,195.60000000000002,979,1.4711253493505034,0.46482847854659765,0.043425814234016924,829,2.651100621086917,1.529474810997397,0.12062726176115801,829,0.0024125452352231603,0.781664656212304,0.2135102533172497,0.2074788902291918,12.394732445030822,0.8836627911796866,,811,,S8_real,R2A
R2,A,0.0,0.0,1,mid,30.0,4,range_s_P0,ekf,,0.70603932716097,0.6490525500421233,0.6411981514707875,12.37272121233161,0.8522103679038529,8.253804229236417,14.80171764864771,0.0,0.6682750301568154,0.0,109.29811325016823,1.2738648302186346,0.03578732106339468,0.11247443762781185,0,195.60000000000002,979,1.4982677075328064,0.4681420704153451,0.04221954161640529,829,2.6798739242611194,1.6216527020478473,0.112183353437877,829,0.0,0.7828709288299156,0.20506634499396864,0.21712907117008443,12.503172159346132,0.8607854311079053,,811,,S8_real,R2A
R2,A,0.0,0.0,1,mid,30.0,5,range_s_P0,ekf,,0.5983965298946323,0.5506649446007386,0.4479300307328985,9.93065285668693,0.8669060176975107,6.314855626700744,11.585413633530283,0.0,0.571773220747889,0.0,65.87751997514458,1.2453120277161724,0.034764826175869123,0.0869120654396728,0,195.60000000000002,979,1.4646483836767084,0.4470364711998739,0.04101326899879376,829,2.3884011435639976,1.6202033098825535,0.08564535585042221,829,0.010856453558504222,0.7539203860072377,0.23281061519903498,0.22316043425814233,10.039985004520313,0.8763812364524095,,811,,S8_real,R2A
R2,A,0.0,0.0,1,mid,30.0,6,range_s_P0,ekf,,1.0067993471874217,0.9448512205793413,0.7763892838604213,11.240553227554324,0.8757604737262318,8.091279424525833,13.543511499238843,0.0,0.5983112183353438,0.0,88.11565374581961,1.2610886769508587,0.03680981595092025,0.11860940695296524,0,195.60000000000002,979,1.4792627648823382,0.44811830696143645,0.043425814234016924,829,2.5750904296006847,1.5077485856524124,0.11821471652593485,829,0.015681544028950542,0.7647768395657418,0.20868516284680338,0.2243667068757539,11.364454492144205,0.8853816401375911,,811,,S8_real,R2A
R2,A,0.0,0.0,1,mid,30.0,7,range_s_P0,ekf,,0.7695949400902894,0.7240583628844587,0.6272493512636422,11.826860961766963,0.9575007604197073,8.417002691800528,14.387749238679044,0.0,0.6139927623642943,0.0,103.88259168453118,1.2582773743957754,0.034764826175869123,0.11247443762781185,0,195.60000000000002,979,1.4777882938912286,0.471501971822323,0.04101326899879376,829,2.574921331669353,1.541508992450572,0.112183353437877,829,0.006031363088057901,0.7430639324487334,0.2545235223160434,0.24728588661037396,11.951358451149714,0.9679813378878754,,811,,S8_real,R2A
R2,A,0.0,0.0,1,mid,30.0,8,range_s_P0,ekf,,0.9000983569013496,0.8430299230975384,0.948290996244803,13.173451830853342,0.8526963500305446,9.920570516207748,15.88224789021089,0.0,0.7225572979493365,0.0,129.28193824331336,1.273643381929117,0.03680981595092025,0.12065439672801637,0,195.60000000000002,979,1.4971962823837985,0.4692000663778294,0.043425814234016924,829,3.0252210083850546,1.6783136035543087,0.13027744270205066,829,0.0,0.7756332931242461,0.2195416164053076,0.19179734620024125,13.3145999976113,0.8610308614004272,,811,,S8_real,R2A
R2,A,0.0,0.0,1,mid,30.0,9,range_s_P0,ekf,,0.20755225701971158,0.2627967228608394,0.1560814880034226,8.145674497485036,0.9323713390258754,4.182908781426935,8.540734774094473,0.0,0.12303980699638119,0.0,56.60671263115547,1.2209179554741456,0.03578732106339468,0.09100204498977506,0,195.60000000000002,979,1.4348670126110574,0.39869190807283905,0.04221954161640529,829,2.4809079701546235,1.609805714461457,0.0892641737032569,829,0.0,0.7515078407720145,0.2448733413751508,0.22316043425814233,8.23318646255018,0.9424286998104946,,811,,S8_real,R2A
R2,A,0.0,0.0,1,mid,30.0,10,range_s_P0,ekf,,0.6651849220744862,0.6216099096745651,0.5737992350859454,12.933905126754622,0.8542136202930612,8.58425926281582,15.54130792289887,0.0,0.7056694813027744,0.0,122.09713753266347,1.2807464891553086,0.03578732106339468,0.12269938650306748,0,195.60000000000002,979,1.5052180955176544,0.47437677995276073,0.04221954161640529,829,2.579518100300616,1.5064996954823688,0.12424607961399281,829,0.0,0.7744270205066345,0.21109770808202655,0.1942098914354644,13.074746583861629,0.8630292717282121,,811,,S8_real,R2A
R2,A,0.0,0.0,1,mid,30.0,11,range_s_P0,ekf,,0.5256953027066823,0.463431734281524,0.41234681887448155,9.593205119305887,0.9185519411612963,6.1008116487491915,10.979566536127384,0.0,0.48854041013269,0.0,65.66845671554913,1.208165385633744,0.034764826175869123,0.10020449897750511,0,195.60000000000002,979,1.4207532004655383,0.44332464041157205,0.04101326899879376,829,2.2882977918139207,1.3989050736444026,0.10132689987937271,829,0.006031363088057901,0.7478890229191797,0.24607961399276237,0.2243667068757539,9.696370957517953,0.9286787753172945,,811,,S8_real,R2A
R2,A,0.0,0.0,1,mid,30.0,12,range_s_P0,ekf,,0.6136963257929513,0.5453381715807343,0.47241153178702894,11.066181653540303,0.9656646776366165,6.85222802885062,13.388439368559103,0.0,0.5910735826296744,0.0,88.68914751374771,1.2516822006742028,0.03680981595092025,0.1114519427402863,0,195.60000000000002,979,1.470164768517517,0.45920952680793664,0.043425814234016924,829,2.5409460512137167,1.5442360247759652,0.10373944511459587,829,0.0,0.7454764776839565,0.2436670687575392,0.2569360675512666,11.184943858653536,0.9762357338057295,,811,,S8_real,R2A
R2,A,0.0,0.0,1,mid,30.0,13,range_s_P0,ekf,,0.7488325288515338,0.6988213049788947,0.7178528610672753,12.662716620241685,0.8275129239625625,8.686767636810668,15.265933070236406,0.0,0.6598311218335344,0.0,114.95635197658223,1.2685093061323622,0.03783231083844581,0.12065439672801637,0,195.60000000000002,979,1.4929819861041849,0.4491006850940466,0.04463208685162845,829,2.6256351701245486,1.530738914739213,0.12545235223160434,829,0.0,0.7768395657418576,0.20989143546441497,0.19662243667068757,12.801892659462704,0.8361774783388859,,811,,S8_real,R2A
R2,A,0.0,0.0,1,mid,30.0,14,range_s_P0,ekf,,1.0162493581973915,0.9591765441475154,0.9297615133660546,12.276392099699125,0.8567864436551866,9.300669120845791,14.857938611234239,0.0,0.6260554885404102,0.0,108.62907460329875,1.2693480810646838,0.03680981595092025,0.11349693251533742,0,195.60000000000002,979,1.4919700406134129,0.4585288984448514,0.043425814234016924,829,2.489689231107819,1.468351545870854,0.11580217129071169,829,0.0,0.7647768395657418,0.22316043425814233,0.2195416164053076,12.411653825883747,0.8661125792087531,,811,,S8_real,R2A
R2,A,0.0,0.0,1,mid,30.0,15,range_s_P0,ekf,,0.5399429349020821,0.47825220994572815,0.6162521127123624,11.709330619310286,0.8495152092077989,7.980346772461093,13.91255830383088,0.0,0.6562123039806996,0.0,93.87719130264222,1.2622043936332845,0.03578732106339468,0.0950920245398773,0,195.60000000000002,979,1.4843796510408884,0.4567046337618713,0.04221954161640529,829,2.374581277369984,1.5019521599832555,0.09770808202653802,829,0.0,0.7683956574185766,0.2255729794933655,0.21712907117008443,11.834651704009113,0.8583510107429884,,811,,S8_real,R2A
R2,A,0.0,0.0,1,mid,30.0,16,range_s_P0,ekf,,0.8288432537938085,0.7785909880114678,0.6984405605789572,12.19548141094721,0.9160418117975543,8.222563785161581,14.679630624644775,0.0,0.6139927623642943,0.0,109.1608168626089,1.2655310293311952,0.03578732106339468,0.10429447852760736,0,195.60000000000002,979,1.4872554403708151,0.47483721050318445,0.04221954161640529,829,2.407854495147117,1.5294033559076272,0.09408926417370322,829,0.0012062726176115801,0.7696019300361882,0.2255729794933655,0.2243667068757539,12.323683397106405,0.9258550451849845,,811,,S8_real,R2A
R2,A,0.0,0.0,1,mid,30.0,17,range_s_P0,ekf,,0.9583879283970413,0.8995496841384055,0.7010558467250673,12.159716422512568,0.8735862146427974,8.28477583323288,14.724432840320887,0.0,0.6164053075995175,0.0,105.72386276416508,1.258836049251656,0.03680981595092025,0.12065439672801637,0,195.60000000000002,979,1.480173838322092,0.4523915246137333,0.043425814234016924,829,2.740098676222951,1.558032568823682,0.12303980699638117,829,0.026537997587454766,0.7539203860072377,0.2316043425814234,0.22316043425814233,12.29323940483717,0.8831964129911419,,811,,S8_real,R2A
R2,A,0.0,0.0,1,mid,30.0,18,range_s_P0,ekf,,0.8314734088817487,0.7813586386752533,0.6482791044974602,12.347847224196354,0.8847791519502438,8.174012624962138,14.788203158680378,0.0,0.6634499396863691,0.0,110.12121409893867,1.259910792261642,0.03680981595092025,0.10531697341513292,0,195.60000000000002,979,1.4827458513820753,0.4643051122435149,0.043425814234016924,829,2.2921793613687296,1.488511404307904,0.09408926417370322,829,0.0,0.7744270205066345,0.218335343787696,0.21592279855247287,12.48222550962363,0.8943458919433029,,811,,S8_real,R2A
R2,A,0.0,0.0,1,mid,30.0,19,range_s_P0,ekf,,1.0465370663163107,0.9975624617238217,0.8604739160645559,12.071374171219283,0.8541208957948018,9.50962915792322,14.456648777369969,0.0,0.6851628468033776,0.0,102.40875174735118,1.2821555309801609,0.03680981595092025,0.1083844580777096,0,195.60000000000002,979,1.508765369128324,0.46258848700145067,0.043425814234016924,829,2.3073322194250285,1.4570012905166192,0.09770808202653802,829,0.0,0.7828709288299156,0.19903498190591074,0.218335343787696,12.199283591723947,0.8628937560130742,,811,,S8_real,R2A
R2,A,0.0,0.0,1,mid,30.0,20,range_s_P0,ekf,,0.8254822738412113,0.7667942378932001,0.6857764954092846,11.970203226435803,0.8821275740901399,7.587651263902566,14.449774887017112,0.0,0.5995174909529554,0.0,101.61333381365934,1.273233696147827,0.03680981595092025,0.1032719836400818,0,195.60000000000002,979,1.4977111558967948,0.4730624440288091,0.043425814234016924,829,2.548658116531273,1.5396413385442287,0.09891435464414955,829,0.0048250904704463205,0.7466827503015682,0.2436670687575392,0.255729794933655,12.090256943348455,0.8913326424813889,,811,,S8_real,R2A
R2,A,0.0,0.0,1,mid,30.0,21,range_s_P0,ekf,,1.0360526309682294,0.9849484060456938,0.9842227715989046,11.845161988980328,0.9197635602914043,9.545681051906513,14.358300429899618,0.0,0.6308805790108565,0.0,108.29895089583833,1.2426165434493177,0.034764826175869123,0.12372188139059305,0,195.60000000000002,979,1.4603155804116652,0.4531759116277045,0.04101326899879376,829,2.7074973322756954,1.4872338791076556,0.11942098914354649,829,0.019300361881785282,0.7961399276236429,0.195416164053076,0.2195416164053076,11.97452184087758,0.9296744957372295,,811,,S8_real,R2A
R2,A,0.0,0.0,1,mid,30.0,22,range_s_P0,ekf,,0.7943336703597418,0.73778735560253,0.688210601758577,12.618688857627834,0.867384490626998,8.761316056794964,15.283781966700868,0.0,0.6525934861278649,0.0,116.63475740388267,1.258514063521205,0.03680981595092025,0.09406952965235174,0,195.60000000000002,979,1.4812272130165818,0.4568651927985949,0.043425814234016924,829,2.4774455780655127,1.5669387633266014,0.09408926417370322,829,0.0,0.7720144752714113,0.2255729794933655,0.19782870928829915,12.757822168053147,0.8769106731099153,,811,,S8_real,R2A
R2,A,0.0,0.0,1,mid,30.0,23,range_s_P0,ekf,,0.20086560838091921,0.2573519624657059,0.18822459792628224,6.617008847659964,0.9526438673156902,2.8488137519768024,5.267471745339369,0.0,0.13751507840772015,0.0,68.95410186046279,1.133753355000316,0.026584867075664622,0.10429447852760736,0,195.60000000000002,979,1.332736789502748,0.46513226265957425,0.03136308805790111,829,2.4256009553217863,1.5997499480943003,0.10012062726176119,829,0.0,0.7828709288299156,0.2014475271411339,0.23039806996381182,6.665214343359737,0.9625573222847777,,811,,S8_real,R2A
R2,A,0.0,0.0,1,mid,30.0,24,range_s_P0,ekf,,0.38776998912121075,0.3195515870079704,0.3590507408437497,9.336837038316935,0.9076995430712049,5.535478094187108,10.579068775680717,0.0,0.5452352231604343,0.0,64.5615870996849,1.2550088080389195,0.03578732106339468,0.09815950920245399,0,195.60000000000002,979,1.4716882091145074,0.44447100480479373,0.04221954161640529,829,2.4450531962988937,1.5408268191844334,0.09770808202653802,829,0.008443908323281062,0.7889022919179735,0.20024125452352232,0.22316043425814233,9.439839205573367,0.9176660580591102,,811,,S8_real,R2A
R2,A,0.0,0.0,1,mid,30.0,25,range_s_P0,ekf,,1.0884478837793756,1.0305373740744757,1.0031934629935682,12.416592732796968,0.8929431479713268,10.317722413874328,15.086282450970998,0.0,0.669481302774427,0.0,113.9679528821126,1.2231466150967227,0.03680981595092025,0.11451942740286299,0,195.60000000000002,979,1.4395355303241877,0.4550341951138694,0.043425814234016924,829,2.6919959374506948,1.6006536629434716,0.11459589867310016,829,0.016887816646562123,0.7744270205066345,0.21230398069963813,0.21109770808202655,12.553613987267193,0.9027505367405947,,811,,S8_real,R2A
R2,A,0.0,0.0,1,mid,30.0,26,range_s_P0,ekf,,1.0482762930913534,0.9945265809147785,0.8849303653970171,12.362221099020806,0.8848849424478544,8.973738473338493,14.98646777966833,0.0,0.6212303980699638,0.0,110.33551761534308,1.260363042448321,0.03680981595092025,0.12678936605316973,0,195.60000000000002,979,1.4832292123626334,0.45409986679821257,0.043425814234016924,829,2.7147483735371307,1.4626167689971201,0.13027744270205066,829,0.013268998793727383,0.752714113389626,0.2243667068757539,0.2255729794933655,12.494578136664721,0.8943645896878772,,811,,S8_real,R2A
R2,A,0.0,0.0,1,mid,30.0,27,range_s_P0,ekf,,0.6446143751241419,0.5766826644739479,0.6235579451403088,11.620765623533917,0.9163888471428066,8.184201472197968,13.652453631459256,0.0,0.6815440289505428,0.0,96.9916817574233,1.2740029315046482,0.034764826175869123,0.1083844580777096,0,195.60000000000002,979,1.4967856610982102,0.47254796494905404,0.04101326899879376,829,2.4954219655098444,1.5204731096051296,0.10977080820265384,829,0.0,0.7864897466827503,0.20989143546441497,0.21592279855247287,11.742842962312038,0.925869314207901,,811,,S8_real,R2A
R2,A,0.0,0.0,1,mid,30.0,28,range_s_P0,ekf,,0.46968703577712345,0.40466109742436074,0.5182043458858532,12.303117850001888,0.9141290172271206,8.02545936733472,14.772398053673585,0.0,0.6550060313630881,0.0,112.6512199231336,1.2657002641320225,0.03680981595092025,0.09611451942740286,0,195.60000000000002,979,1.487649101407802,0.4638315066597711,0.043425814234016924,829,2.5105200491526047,1.622328322109391,0.09529553679131486,829,0.0,0.7720144752714113,0.22074788902291917,0.218335343787696,12.437381997039706,0.9241319516792922,,811,,S8_real,R2A
R2,A,0.0,0.0,1,mid,30.0,29,range_s_P0,ekf,,0.38934084677057573,0.32458538734730863,0.3750453234315334,9.762439888883922,0.8738999050429618,6.331384754919961,11.323317504452097,0.0,0.5162846803377563,0.0,65.1201970561007,1.2524628907938837,0.034764826175869123,0.08895705521472393,0,195.60000000000002,979,1.4726694120277801,0.4546608908047947,0.04101326899879376,829,2.268992564122564,1.5299768570021295,0.08564535585042221,829,0.007237635705669481,0.752714113389626,0.23401688781664656,0.25331724969843183,9.860212134527561,0.8832470591878193,,811,,S8_real,R2A
R2,A,0.0,0.0,1,mid,30.0,30,range_s_P0,ekf,,0.6775760877186883,0.6162856658766588,0.6703507541277187,10.810991463072947,0.9408661573655633,7.8352591542200605,12.858226139816239,0.0,0.6079613992762364,0.0,83.68073576940515,1.2516048422749044,0.034764826175869123,0.11451942740286299,0,195.60000000000002,979,1.4681556194670295,0.46115287613286227,0.04101326899879376,829,2.635333848731164,1.688316315794359,0.11580217129071169,829,0.0012062726176115801,0.7659831121833535,0.22316043425814233,0.22316043425814233,10.930301579296058,0.9512060431066224,,811,,S8_real,R2A
R2,A,0.0,0.0,1,mid,30.0,31,range_s_P0,ekf,,0.8371211189233492,0.7837083750401748,0.8146533508265786,12.792262201459186,0.8545748772927811,9.185926857547628,15.460435859762148,0.0,0.6670687575392038,0.0,121.69539148848537,1.2594857312673706,0.03578732106339468,0.14008179959100203,0,195.60000000000002,979,1.4809464698644925,0.45593746796752527,0.04221954161640529,829,2.9596662991173135,1.6559855790992732,0.14113389626055484,829,0.0,0.781664656212304,0.20386007237635706,0.1942098914354644,12.93334637823849,0.8637739566214966,,811,,S8_real,R2A
R2,A,0.0,0.0,1,mid,30.0,32,range_s_P0,ekf,,0.22365622865408555,0.2839766305825306,0.3487398906670605,7.666583153266124,1.0294228271460661,3.863272289202647,7.908387749354468,0.0,0.10856453558504221,0.0,92.31852637363437,1.2051964016185495,0.03374233128834356,0.10020449897750511,0,195.60000000000002,979,1.4079549695062015,0.3963017152106485,0.039806996381182125,829,2.491709843673049,1.5729107840794314,0.09529553679131486,829,0.018094089264173704,0.7430639324487334,0.25211097708082025,0.23642943305186973,7.745066744356175,1.040745327179392,,811,,S8_real,R2A
R2,A,0.0,0.0,1,mid,30.0,33,range_s_P0,ekf,,0.7539027780341863,0.6917503120022962,0.6348854400930078,11.830961406716371,0.8868170514500743,8.075994922217063,14.158459164863826,0.0,0.6405307599517491,0.0,100.45165124492667,1.2590737386825688,0.03680981595092025,0.12167689161554192,0,195.60000000000002,979,1.4796593284464645,0.4479936767239051,0.043425814234016924,829,2.8011401267554645,1.5770157819215194,0.12183353437876965,829,0.025331724969843185,0.7756332931242461,0.22074788902291917,0.19179734620024125,11.961354226212537,0.8965884964657316,,811,,S8_real,R2A
R2,A,0.0,0.0,1,mid,30.0,34,range_s_P0,ekf,,0.859820579695684,0.8062597755935621,0.7315779233529327,12.339263659539636,0.9943967402621339,8.808662902112163,14.70401867600978,0.0,0.6755126658624849,0.0,118.22551121569956,1.2946701129649776,0.03680981595092025,0.09100204498977506,0,195.60000000000002,979,1.5215638577815136,0.49994241008462215,0.043425814234016924,829,2.350239619634669,1.4964591862919254,0.09167671893848006,829,0.006031363088057901,0.7635705669481303,0.23281061519903498,0.2316043425814234,12.46233950936787,1.0047290005446845,,811,,S8_real,R2A
R2,A,0.0,0.0,1,mid,30.0,35,range_s_P0,ekf,,0.6736796064771794,0.6159611086158882,0.7055095729176671,12.016449594673233,0.9031054108452824,8.688435503100663,14.547758657935402,0.0,0.6248492159227985,0.0,105.63718619349852,1.2572155840982842,0.03680981595092025,0.11860940695296524,0,195.60000000000002,979,1.4744684874380276,0.45705525606321995,0.043425814234016924,829,2.6094999976581077,1.5635082199215864,0.11821471652593485,829,0.010856453558504222,0.7828709288299156,0.20024125452352232,0.21592279855247287,12.148966452726325,0.9130211854795698,,811,,S8_real,R2A
R2,A,0.0,0.0,1,mid,30.0,36,range_s_P0,ekf,,0.4680844642821085,0.40768014932786095,0.4996682125667548,11.892727605240125,0.8605181820258245,7.0146276014557625,14.339149941657785,0.0,0.6031363088057901,0.0,99.99340103103411,1.2336008275357722,0.03680981595092025,0.1083844580777096,0,195.60000000000002,979,1.4492133968552305,0.46512605542245433,0.043425814234016924,829,2.6919032207682863,1.5610438477759092,0.11700844390832332,829,0.0024125452352231603,0.7490952955367913,0.24004825090470447,0.22316043425814233,12.021849489902705,0.8697152038580325,,811,,S8_real,R2A
R2,A,0.0,0.0,1,mid,30.0,37,range_s_P0,ekf,,0.8941639554389104,0.8318665374627775,0.8194378624780839,11.429396848980975,0.9402105589048306,8.498049358635402,13.644981487487001,0.0,0.6188178528347407,0.0,99.09418764030747,1.278638756985983,0.03578732106339468,0.10736196319018405,0,195.60000000000002,979,1.5014422975872384,0.4715660579396817,0.04221954161640529,829,2.43495332734458,1.5058607813989453,0.10373944511459587,829,0.015681544028950542,0.7780458383594693,0.21592279855247287,0.218335343787696,11.55423093993091,0.9504460473659363,,811,,S8_real,R2A
R2,A,0.0,0.0,1,mid,30.0,38,range_s_P0,ekf,,0.7286886496008278,0.6636108192540751,0.5400100189773923,12.264485444659984,0.9108232881375268,7.858545959999203,14.64712357425698,0.0,0.6803377563329313,0.0,110.06490898487107,1.2811049460926793,0.03680981595092025,0.10224948875255624,0,195.60000000000002,979,1.5043613995097045,0.47328681088870517,0.043425814234016924,829,2.414808474073248,1.519983327815416,0.10494571773220751,829,0.0,0.7647768395657418,0.2316043425814234,0.22316043425814233,12.393058630461814,0.9204581458654846,,811,,S8_real,R2A
R2,A,0.0,0.0,1,mid,30.0,39,range_s_P0,ekf,,0.22562926199394537,0.28813943518057317,0.19457110905649083,7.861600167430894,1.2358176574643178,3.3670662750400138,5.9668843199116335,0.0,0.2436670687575392,0.0,119.83650977812853,1.1806953149724482,0.027607361963190184,0.08486707566462168,0,195.60000000000002,979,1.3869437168877867,0.5142355625265888,0.03256936067551264,829,2.31155119121797,1.5489139468001538,0.08564535585042221,829,0.0,0.8154402895054282,0.16887816646562123,0.12907117008443908,7.919286561439559,1.248741733865086,,811,,S8_real,R2A
R2,A,0.0,0.0,1,mid,30.0,40,range_s_P0,ekf,,0.441897235875825,0.3737040146249484,0.3077113002944894,8.621282223659634,0.8956903387111704,4.9436787295377576,9.374497852761383,0.0,0.25331724969843183,0.0,55.13462652551791,1.1857896873157614,0.03374233128834356,0.09815950920245399,0,195.60000000000002,979,1.392883660659639,0.42542193280604307,0.039806996381182125,829,2.5100029588381325,1.5338988857640143,0.09891435464414955,829,0.016887816646562123,0.7490952955367913,0.24607961399276237,0.2255729794933655,8.713901099228998,0.9055008749039893,,811,,S8_real,R2A
R2,A,0.0,0.0,1,mid,30.0,41,range_s_P0,ekf,,0.7532214527089177,0.6927242861654301,0.7599095168663307,12.02830075046635,0.8465039154664393,8.707755421875486,14.45442604817385,0.0,0.6188178528347407,0.0,99.16780222826961,1.256559014478742,0.03680981595092025,0.09918200408997956,0,195.60000000000002,979,1.476532575834823,0.44268570017733794,0.043425814234016924,829,2.4788927283224163,1.5331264743773003,0.09770808202653802,829,0.0,0.7744270205066345,0.22316043425814233,0.19059107358262967,12.16043471270573,0.8557870568452135,,811,,S8_real,R2A
R2,A,0.0,0.0,1,mid,30.0,42,range_s_P0,ekf,,0.9128686914363761,0.8564268157414228,0.6775808800496942,12.142930162150263,0.8388997686894755,8.394255675778806,14.632227964784143,0.0,0.6308805790108565,0.0,101.44081728081092,1.2597385466241968,0.03578732106339468,0.09918200408997956,0,195.60000000000002,979,1.4780211131184247,0.4559263851572029,0.04221954161640529,829,2.4707778416794426,1.53404734144339,0.10735826296743067,829,0.0,0.7708082026537998,0.22316043425814233,0.21712907117008443,12.275728797209782,0.8480501063654325,,811,,S8_real,R2A
R2,A,0.0,0.0,1,mid,30.0,43,range_s_P0,ekf,,0.567344769010645,0.5062023349024105,0.4834990606188454,10.061789151726312,0.8881591671144885,6.816706093476361,11.722719188825945,0.0,0.5850422195416164,0.0,68.5714161935315,1.2615232097690365,0.03578732106339468,0.10736196319018405,0,195.60000000000002,979,1.4827074873634125,0.45187336782747095,0.04221954161640529,829,2.3807427888676056,1.4953820743408033,0.10253317249698435,829,0.012062726176115802,0.767189384800965,0.2316043425814234,0.22677925211097708,10.168468209386884,0.8979403821270513,,811,,S8_real,R2A
R2,A,0.0,0.0,1,mid,30.0,44,range_s_P0,ekf,,0.9000741439573932,0.8327976989922444,0.647172226093617,11.843840191456822,0.9193028339125497,8.245639795675322,14.154730537303223,0.0,0.638118214716526,0.0,99.59582748552876,1.275004242671728,0.03680981595092025,0.09406952965235174,0,195.60000000000002,979,1.4966555633295406,0.4652566627917842,0.043425814234016924,829,2.464404070634854,1.6043973947428793,0.09408926417370322,829,0.010856453558504222,0.7503015681544029,0.23401688781664656,0.2243667068757539,11.967928897305786,0.929235139489055,,811,,S8_real,R2A
R2,A,0.0,0.0,1,mid,30.0,45,range_s_P0,ekf,,0.8633067624635112,0.8158607385665116,0.6940211696574481,12.192276249769384,0.8620577594523132,8.615752979871006,14.691428434873393,0.0,0.6405307599517491,0.0,104.04453470453863,1.25262624466049,0.03680981595092025,0.10224948875255624,0,195.60000000000002,979,1.4742110168934754,0.44567833547483043,0.043425814234016924,829,2.5798688437170507,1.583435624799923,0.10494571773220751,829,0.0,0.7804583835946924,0.21712907117008443,0.218335343787696,12.32339112541759,0.8714390443117153,,811,,S8_real,R2A
R2,A,0.0,0.0,1,mid,30.0,46,range_s_P0,ekf,,0.8081016559049461,0.7487912689155465,0.8517226066053897,11.410687602775205,0.940795964196988,8.548528107672853,13.85091953195539,0.0,0.6055488540410132,0.0,95.43984630180024,1.2266584287041085,0.03578732106339468,0.11247443762781185,0,195.60000000000002,979,1.4407366658858953,0.4639839816694104,0.04221954161640529,829,2.613932228315774,1.5354793365533859,0.11338962605548852,829,0.0,0.7490952955367913,0.24246079613992763,0.24969843184559712,11.535268456210126,0.951134133360098,,811,,S8_real,R2A
R2,A,0.0,0.0,1,mid,30.0,47,range_s_P0,ekf,,0.9062960393360622,0.8573286849957661,0.7661688442462382,11.511301357253638,0.9039454665211559,8.147148371403672,13.883368793962788,0.0,0.6067551266586249,0.0,92.05288668249663,1.2581291864437767,0.03680981595092025,0.11349693251533742,0,195.60000000000002,979,1.4753962654940622,0.44228438017192573,0.043425814234016924,829,2.521787378110758,1.440787705264775,0.11580217129071169,829,0.0048250904704463205,0.7611580217129071,0.23039806996381182,0.23039806996381182,11.63700951458985,0.9137990399240731,,811,,S8_real,R2A
R2,A,0.0,0.0,1,mid,30.0,48,range_s_P0,ekf,,0.7148436951115656,0.6560557672724594,0.5780117237032012,11.115456048359817,0.9345365765786454,7.693152136111991,13.035456073028437,0.0,0.6429433051869723,0.0,89.745381798265,1.2758555839854557,0.03578732106339468,0.09304703476482618,0,195.60000000000002,979,1.4968658601100273,0.47191881289162113,0.04221954161640529,829,2.5398553028524793,1.5477510032824835,0.10012062726176119,829,0.0048250904704463205,0.7647768395657418,0.2243667068757539,0.2255729794933655,11.233515700615468,0.9445752319448922,,811,,S8_real,R2A
R2,A,0.0,0.0,1,mid,30.0,49,range_s_P0,ekf,,0.7217067994448383,0.6663655594966096,0.7994449968519519,12.651964058212078,0.9040979949315595,8.993495538698973,15.354830931212108,0.0,0.6248492159227985,0.0,121.24712478764914,1.2522297019674367,0.03578732106339468,0.12167689161554192,0,195.60000000000002,979,1.4712201598139627,0.4692938809370646,0.04221954161640529,829,2.6855260834553154,1.5755547617413814,0.12424607961399281,829,0.03618817852834741,0.758745476477684,0.22677925211097708,0.22195416164053075,12.791438686455372,0.9140596564917826,,811,,S8_real,R2A
R2,A,0.0,0.0,2,high,30.0,0,range_s_P0,ekf,,0.5989232428018355,0.5416640435058053,0.48314228595734054,10.400607027428933,0.8487455844778974,6.454907486913273,12.274892030802144,0.0,0.5874547647768396,0.0,74.30219924268144,1.2387329189159124,0.034764826175869123,0.0950920245398773,0,195.60000000000002,979,1.4549684491519,0.43889671615852277,0.04101326899879376,829,2.5782672089258925,1.5424596942177808,0.09770808202653802,829,0.031363088057901084,0.7623642943305187,0.22798552472858866,0.2195416164053076,10.515387436821333,0.8580329016439934,,811,,S8_real,R2A
R2,A,0.0,0.0,2,high,30.0,1,range_s_P0,ekf,,0.7028320031185986,0.6453652664767996,0.6261403458210074,11.455281757471004,0.9044441316015298,8.356892525740843,13.497260774023513,0.0,0.6803377563329313,0.0,94.2226518614409,1.2834195446631302,0.03578732106339468,0.11349693251533742,0,195.60000000000002,979,1.509595392128195,0.4660492660278952,0.04221954161640529,829,2.532758169408298,1.4636032724252273,0.11821471652593485,829,0.0,0.7840772014475271,0.20386007237635706,0.18576598311218334,11.581497367697379,0.9144064745734598,,811,,S8_real,R2A
R2,A,0.0,0.0,2,high,30.0,2,range_s_P0,ekf,,0.35778071317811044,0.3743501554441281,0.2712123711864074,8.010634469380575,1.2207773115411382,3.7325982413232532,5.951836317836031,0.0,0.25090470446320867,0.0,118.68189351490133,1.1394906690426685,0.026584867075664622,0.11042944785276074,0,195.60000000000002,979,1.3372533631939825,0.5131953746654155,0.03136308805790111,829,2.5187194506396344,1.5296823202393663,0.10494571773220751,829,0.0,0.8455971049457177,0.13148371531966224,0.007237635705669481,8.065072096861533,1.233647759402108,,811,,S8_real,R2A
R2,A,0.0,0.0,2,high,30.0,3,range_s_P0,ekf,,1.058785724188939,1.007452307007715,0.8807158280717557,12.789413336141237,0.8569359560075909,9.720658261138285,15.247621313136941,0.0,0.7201447527141134,0.0,121.50067288950602,1.2522992832916031,0.03680981595092025,0.11758691206543967,0,195.60000000000002,979,1.4728975142408915,0.46345030225291795,0.043425814234016924,829,2.675850243248306,1.60508872552812,0.10977080820265384,829,0.0,0.8407720144752714,0.1411338962605549,0.16284680337756333,12.927159477707352,0.8662335596964073,,811,,S8_real,R2A
R2,A,0.0,0.0,2,high,30.0,4,range_s_P0,ekf,,0.5199111088067226,0.46425162656655294,0.45503331951024517,11.347446538501893,0.931048164539968,7.724356709065483,13.324842406749655,0.0,0.646562123039807,0.0,90.7039021706011,1.2628223152719196,0.034764826175869123,0.11758691206543967,0,195.60000000000002,979,1.485397339195324,0.46125921821097476,0.04101326899879376,829,2.5262139202738543,1.5129936422393373,0.11700844390832332,829,0.0,0.767189384800965,0.23039806996381182,0.22316043425814233,11.457256270498517,0.9406025094278028,,811,,S8_real,R2A
R2,A,0.0,0.0,2,high,30.0,5,range_s_P0,ekf,,0.8850757351953059,0.83150355727027,0.7439495772134591,12.422316303158375,0.8469763696102978,8.191215657788726,14.952871908020791,0.0,0.6308805790108565,0.0,111.70119200023167,1.2552898462496185,0.03680981595092025,0.1196319018404908,0,195.60000000000002,979,1.4769946048251041,0.4493258633171981,0.043425814234016924,829,2.7433945936824715,1.5463039001324543,0.12665862484921597,829,0.0,0.7876960193003619,0.20024125452352232,0.18455971049457176,12.556559490000781,0.8560874916221325,,811,,S8_real,R2A
R2,A,0.0,0.0,2,high,30.0,6,range_s_P0,ekf,,0.18973695602096777,0.1323126425002962,0.127834576301564,9.4808664557227,1.4387969674032053,3.1853485554680305,6.628064094022554,0.0,0.4330518697225573,0.0,168.67382880047182,1.2648345808706885,0.03169734151329243,0.09815950920245399,0,195.60000000000002,979,1.4842410059190636,0.5654534886648837,0.03739445114595896,829,2.4632620780187837,1.6064432692131194,0.09891435464414955,829,0.0,1.0,0.0,0.0,9.49806090242819,1.453113413810977,,811,,S8_real,R2A
R2,A,0.0,0.0,2,high,30.0,7,range_s_P0,ekf,,0.10096798604889576,0.1404376674238222,0.10439990554787824,8.245753303730808,1.0561070408604043,3.2597456166005334,6.193131651894205,0.0,0.28347406513872137,0.0,119.83356303025091,1.2051239018384865,0.027607361963190184,0.1032719836400818,0,195.60000000000002,979,1.4140434873282561,0.5430466757160914,0.03256936067551264,829,2.478215192864887,1.5683307710812004,0.10132689987937271,829,0.0,0.8841978287092883,0.03739445114595899,0.0,8.294200611229142,1.0675115898076326,,811,,S8_real,R2A
R2,A,0.0,0.0,2,high,30.0,8,range_s_P0,ekf,,0.549176915585758,0.48619570126941364,0.5836849832540225,10.762138608580576,0.8151417385424968,7.187909104719114,12.994161826858164,0.0,0.5874547647768396,0.0,67.89831033274477,1.2931336626101042,0.03578732106339468,0.11349693251533742,0,195.60000000000002,979,1.5212724354205127,0.49032456935800534,0.04221954161640529,829,2.5630289060849747,1.602084010451999,0.112183353437877,829,0.010856453558504222,0.6960193003618818,0.29071170084439085,0.2810615199034982,10.865124891431286,0.8237552721005712,,811,,S8_real,R2A
R2,A,0.0,0.0,2,high,30.0,9,range_s_P0,ekf,,0.5066082640111492,0.4453951185379063,0.5584878493714547,12.057147330710944,0.8427778604544819,8.372769346651042,14.288261780873757,0.0,0.7092882991556092,0.0,101.11281791600983,1.281545679087777,0.03680981595092025,0.12576687116564417,0,195.60000000000002,979,1.5064221144433791,0.4569454481190688,0.043425814234016924,829,2.679563622205298,1.5151272546387038,0.1278648974668275,829,0.0,0.7985524728588661,0.18938480096501809,0.18938480096501809,12.190147676444099,0.8516913623982164,,811,,S8_real,R2A
R2,A,0.0,0.0,2,high,30.0,10,range_s_P0,ekf,,0.8285647802514264,0.7837840235472219,0.7370939630592802,11.2647227917303,0.9232807189997979,8.900343945426942,13.368571972449546,0.0,0.6598311218335344,0.0,92.53659333242373,1.2616568208791157,0.034764826175869123,0.11860940695296524,0,195.60000000000002,979,1.4824283600481152,0.4603061577377527,0.04101326899879376,829,2.625719500477851,1.479986288053532,0.12183353437876965,829,0.019300361881785282,0.7864897466827503,0.20386007237635706,0.19179734620024125,11.388613516132523,0.9332753073700734,,811,,S8_real,R2A
R2,A,0.0,0.0,2,high,30.0,11,range_s_P0,ekf,,0.09497061340444217,0.11171336738974369,0.14929301741779555,8.561417032004695,1.271386749825423,4.3929698348612956,5.958565810782656,0.0,0.2870928829915561,0.0,138.3120184093319,1.1263585457975438,0.026584867075664622,0.09406952965235174,0,195.60000000000002,979,1.3229626830903236,0.4978173743464178,0.03136308805790111,829,2.3264974368604565,1.4529305294619654,0.09408926417370322,829,0.0,0.9758745476477684,0.0,0.0,8.601807660347777,1.284399479714558,,811,,S8_real,R2A
R2,A,0.0,0.0,2,high,30.0,12,range_s_P0,ekf,,0.701390421815949,0.6334612560912251,0.57887882760079,10.866153652510041,0.9395889659710686,7.483006575916924,12.8713541646111,0.0,0.6067551266586249,0.0,86.69554584671442,1.262747707547876,0.03578732106339468,0.10429447852760736,0,195.60000000000002,979,1.4811183062204536,0.45894545155950833,0.04221954161640529,829,2.440995285441378,1.4294814279369317,0.10615199034981904,829,0.0048250904704463205,0.7744270205066345,0.20989143546441497,0.21230398069963813,10.983579360638803,0.9497548832628645,,811,,S8_real,R2A
R2,A,0.0,0.0,2,high,30.0,13,range_s_P0,ekf,,0.6624508763347663,0.609326057881229,0.638459245777911,12.243610814694465,0.8999107687005686,7.8892161281892,14.896237213966641,0.0,0.609167671893848,0.0,107.73779650232919,1.2665184229232302,0.03783231083844581,0.11554192229038855,0,195.60000000000002,979,1.4888889754037393,0.455626963763147,0.04463208685162845,829,2.8136152780608725,1.5848200617640749,0.11700844390832332,829,0.025331724969843185,0.752714113389626,0.24004825090470447,0.23039806996381182,12.375059826119392,0.9096221645609603,,811,,S8_real,R2A
R2,A,0.0,0.0,2,high,30.0,14,range_s_P0,ekf,,0.17305380006714768,0.23417721948841838,0.2175606482450102,7.912510402440948,1.0874540573191054,3.142210540733118,5.895296605804425,0.0,0.2448733413751508,0.0,107.62804835718978,1.1889794647018845,0.026584867075664622,0.09304703476482618,0,195.60000000000002,979,1.3970050599806536,0.5248631622444766,0.03136308805790111,829,2.2270194412914472,1.4739586505523259,0.09167671893848006,829,0.0,0.856453558504222,0.11097708082026538,0.0,7.963428690824863,1.0990653367800174,,811,,S8_real,R2A
R2,A,0.0,0.0,2,high,30.0,15,range_s_P0,ekf,,0.5726045527090471,0.5123040488363836,0.6512272112494718,11.680768095917612,0.8083899787043224,8.24573601645678,13.922295651061619,0.0,0.632086851628468,0.0,93.27305981158513,1.258926709203193,0.03578732106339468,0.10224948875255624,0,195.60000000000002,979,1.480717483183497,0.44894940270643435,0.04221954161640529,829,2.485076698734674,1.5323707115333587,0.10253317249698435,829,0.0,0.7792521109770808,0.2147165259348613,0.20386007237635706,11.809624280635026,0.8171920932222896,,811,,S8_real,R2A
R2,A,0.0,0.0,2,high,30.0,16,range_s_P0,ekf,,0.7139830225230201,0.6688658025137348,0.5731785981324735,10.856352948324583,0.8842186878970157,7.913947288277283,12.838735042428754,0.0,0.5645355850422196,0.0,83.04713423423271,1.2479819901250393,0.03374233128834356,0.12474437627811862,0,195.60000000000002,979,1.462600667779936,0.4586175465224948,0.039806996381182125,829,2.6893772409936254,1.547581283516453,0.12665862484921597,829,0.0,0.7756332931242461,0.21592279855247287,0.19059107358262967,10.970349750226877,0.8936976797448924,,811,,S8_real,R2A
R2,A,0.0,0.0,2,high,30.0,17,range_s_P0,ekf,,0.8126493597174046,0.7530726789498788,0.5540651161804866,12.0838159344932,0.8887154758774319,8.011103939881613,14.691621926281874,0.0,0.6127864897466827,0.0,103.05043583620096,1.2760668649704565,0.03680981595092025,0.11758691206543967,0,195.60000000000002,979,1.501407578316145,0.47894941853049683,0.043425814234016924,829,2.636675297171803,1.5066800009618442,0.11700844390832332,829,0.007237635705669481,0.7346200241254524,0.2629674306393245,0.2605548854041013,12.204180258070382,0.8981185445174223,,811,,S8_real,R2A
R2,A,0.0,0.0,2,high,30.0,18,range_s_P0,ekf,,0.929281454694684,0.8799715352399803,0.7410662218578097,12.54658051698095,0.90081001800284,8.493986372099215,15.241822460198208,0.0,0.6164053075995175,0.0,114.56620675403606,1.2592891925361727,0.03680981595092025,0.12167689161554192,0,195.60000000000002,979,1.4808767804497867,0.4667034398474795,0.043425814234016924,829,2.7071850414095486,1.5413432511222034,0.12183353437876965,829,0.007237635705669481,0.7611580217129071,0.23281061519903498,0.22798552472858866,12.681218172289444,0.9106449094750456,,811,,S8_real,R2A
R2,A,0.0,0.0,2,high,30.0,19,range_s_P0,ekf,,1.0109631599471964,0.9631123022847384,0.8220512309512216,10.935593922199473,0.9247382180197385,8.614156262936527,12.980333433785974,0.0,0.6151990349819059,0.0,80.73107673342548,1.2781064117492862,0.03680981595092025,0.09815950920245399,0,195.60000000000002,979,1.503220734412775,0.45960950272265666,0.043425814234016924,829,2.5112190377373667,1.537730836526214,0.10253317249698435,829,0.0036188178528347406,0.7503015681544029,0.24125452352231605,0.2569360675512666,11.04190662582095,0.934485608420879,,811,,S8_real,R2A
R2,A,0.0,0.0,2,high,30.0,20,range_s_P0,ekf,,0.7583503671851923,0.6957169343705611,0.6147902569950336,11.955483571781128,0.8895417332172864,8.14666707049084,14.351543270837542,0.0,0.6477683956574186,0.0,104.67732149395997,1.264253147055567,0.03680981595092025,0.10736196319018405,0,195.60000000000002,979,1.4872562396340319,0.45858968778995846,0.043425814234016924,829,2.5509668066428786,1.5529026272548272,0.10977080820265384,829,0.007237635705669481,0.7780458383594693,0.22074788902291917,0.21592279855247287,12.087324877700096,0.8993138886607571,,811,,S8_real,R2A
R2,A,0.0,0.0,2,high,30.0,21,range_s_P0,ekf,,0.8506943338911193,0.7946177225630131,0.8050270409782891,12.555757544812636,0.8741584832461565,8.609253874612866,15.145584536280847,0.0,0.6212303980699638,0.0,115.71445766533374,1.2608241913899905,0.03578732106339468,0.1114519427402863,0,195.60000000000002,979,1.4762746489100713,0.4628177075712591,0.04221954161640529,829,2.5497189954938104,1.493187356389386,0.112183353437877,829,0.0,0.7744270205066345,0.22074788902291917,0.18697225572979492,12.689025443725635,0.8837445725022517,,811,,S8_real,R2A
R2,A,0.0,0.0,2,high,30.0,22,range_s_P0,ekf,,1.0474005950446252,0.991830128079542,0.9414956625258963,12.331499723041548,0.8836756266139756,9.891662949326747,14.82290537808289,0.0,0.6972255729794934,0.0,113.21587828419257,1.279573088929613,0.03578732106339468,0.10736196319018405,0,195.60000000000002,979,1.5064851943993263,0.47398424773866293,0.04221954161640529,829,2.6814933136821515,1.6103701767406338,0.11097708082026536,829,0.0,0.7708082026537998,0.21712907117008443,0.21230398069963813,12.467403613625763,0.8933034131251142,,811,,S8_real,R2A
R2,A,0.0,0.0,2,high,30.0,23,range_s_P0,ekf,,0.8958869035491035,0.8408552326237477,0.8262921489989993,11.528936066147667,0.8637273054321716,8.594891175174775,13.6888191969364,0.0,0.6212303980699638,0.0,87.33827276823105,1.2861658965283151,0.03578732106339468,0.10531697341513292,0,195.60000000000002,979,1.5125109306687134,0.4684843388781788,0.04221954161640529,829,2.4728013271050973,1.5395186358673374,0.10012062726176119,829,0.0,0.744270205066345,0.25211097708082025,0.24246079613992763,11.63706381588497,0.8721047730463453,,811,,S8_real,R2A
R2,A,0.0,0.0,2,high,30.0,24,range_s_P0,ekf,,0.7021526574203292,0.7640704459832619,0.7110162817722883,7.500673410305321,1.0677093536288795,3.5741269724038944,7.653118760266826,0.0,0.1037394451145959,0.0,62.50214928846713,1.2013751792055567,0.03578732106339468,0.10633946830265849,0,195.60000000000002,979,1.4067111491159427,0.3851042910320502,0.04221954161640529,829,2.4420498924504703,1.5011537814282898,0.10494571773220751,829,0.0,0.7683956574185766,0.20868516284680338,0.25331724969843183,7.575239104634946,1.0793436261652662,,811,,S8_real,R2A
R2,A,0.0,0.0,2,high,30.0,25,range_s_P0,ekf,,0.052518994577059504,0.10407051565696437,0.13391331090592706,7.934735250506204,1.1498603496801107,3.3465425431369225,6.092133739660216,0.0,0.25331724969843183,0.0,117.11244454677343,1.1495435468634378,0.027607361963190184,0.10940695296523517,0,195.60000000000002,979,1.3507789586631624,0.5230496560604746,0.03256936067551264,829,2.473295511708038,1.5261814536266665,0.112183353437877,829,0.0,0.8287092882991556,0.1640530759951749,0.019300361881785282,7.989982644967459,1.1622415001411066,,811,,S8_real,R2A
R2,A,0.0,0.0,2,high,30.0,26,range_s_P0,ekf,,0.7372501119649371,0.6765079801397292,0.5776713649546981,11.540601988205145,0.9258454011965821,7.331243436792018,14.022971074345197,0.0,0.5971049457177322,0.0,95.88132746665094,1.255347377372583,0.03680981595092025,0.10531697341513292,0,195.60000000000002,979,1.4769031958160566,0.45822575786824443,0.043425814234016924,829,2.5118273405930998,1.560290606248669,0.10132689987937271,829,0.0,0.7539203860072377,0.22919179734620024,0.23039806996381182,11.666618695231477,0.9359548981783569,,811,,S8_real,R2A
R2,A,0.0,0.0,2,high,30.0,27,range_s_P0,ekf,,0.7797111546057186,0.7113829166605443,0.7156158427616416,11.700916134287338,0.9393615008227721,8.543744147674577,13.718905716589768,0.0,0.706875753920386,0.0,100.3763752430128,1.2873835372280686,0.034764826175869123,0.12269938650306748,0,195.60000000000002,979,1.5115732965093693,0.48068940979098745,0.04101326899879376,829,2.529052863605245,1.4304371229494053,0.11942098914354649,829,0.0,0.7804583835946924,0.21109770808202655,0.20989143546441497,11.828115880120004,0.9491974160001706,,811,,S8_real,R2A
R2,A,0.0,0.0,2,high,30.0,28,range_s_P0,ekf,,0.8285839658264734,0.7680112220251368,0.891028992742042,11.618612873714845,0.9620339534590099,9.177944719916773,13.544781327086225,0.0,0.7225572979493365,0.0,97.88425361229187,1.2628492936298232,0.03578732106339468,0.10224948875255624,0,195.60000000000002,979,1.4840193678800988,0.45473899347254176,0.04221954161640529,829,2.6919704251090217,1.591984531339458,0.10494571773220751,829,0.0,0.773220747889023,0.2243667068757539,0.21712907117008443,11.729798092046217,0.9714314794267049,,811,,S8_real,R2A
R2,A,0.0,0.0,2,high,30.0,29,range_s_P0,ekf,,0.2478857332023533,0.28573891154767433,0.21711136284501845,8.146499527054088,1.1454638069327916,3.7868799525877486,6.150005560620714,0.0,0.25211097708082025,0.0,123.48375933665008,1.1782217415844614,0.026584867075664622,0.09918200408997956,0,195.60000000000002,979,1.380036974616938,0.5214505018209098,0.03136308805790111,829,2.4856056997149776,1.5989365847788364,0.09650180940892639,829,0.0,0.8468033775633294,0.1338962605548854,0.009650180940892641,8.205005231910748,1.157585038874203,,811,,S8_real,R2A
R2,A,0.0,0.0,2,high,30.0,30,range_s_P0,ekf,,0.7627804892832617,0.7034354271279264,0.7611808320934929,10.849955989053788,0.9228883440644741,8.415475736251496,12.92694908526115,0.0,0.6115802171290712,0.0,86.16527003972618,1.2577119766303353,0.034764826175869123,0.09815950920245399,0,195.60000000000002,979,1.4762887380138143,0.46674154830274944,0.04101326899879376,829,2.526289112940727,1.6056543578835316,0.09891435464414955,829,0.0024125452352231603,0.7696019300361882,0.22195416164053075,0.22316043425814233,10.969036504703418,0.9329443331716137,,811,,S8_real,R2A
R2,A,0.0,0.0,2,high,30.0,31,range_s_P0,ekf,,0.6543433656704997,0.5996331208236719,0.6323583577409249,11.30028910352002,0.8999746695732169,7.657696866854332,13.598756848827248,0.0,0.6043425814234017,0.0,90.04090213278465,1.254107179690236,0.034764826175869123,0.10531697341513292,0,195.60000000000002,979,1.4703839781437358,0.4553029151679093,0.04101326899879376,829,2.505678102856041,1.482022707743395,0.10977080820265384,829,0.0,0.7828709288299156,0.19300361881785283,0.21712907117008443,11.415786103649872,0.9088290675047463,,811,,S8_real,R2A
R2,A,0.0,0.0,2,high,30.0,32,range_s_P0,ekf,,0.14420791998951968,0.15894889346126304,0.1731069006761,8.676084083320927,1.2234959352982788,4.530583528591968,6.144889949385165,0.0,0.29071170084439085,0.0,137.97174808205943,1.1791516445765977,0.026584867075664622,0.11554192229038855,0,195.60000000000002,979,1.3792494089575569,0.5093469969683362,0.03136308805790111,829,2.6799458472536313,1.5538201730259038,0.11821471652593485,829,0.0,0.9674306393244874,0.013268998793727383,0.0,8.724674060561057,1.236436234737899,,811,,S8_real,R2A
R2,A,0.0,0.0,2,high,30.0,33,range_s_P0,ekf,,0.9056685519069584,0.8469867016596598,0.7961715322625182,13.020165819611803,0.8508613571563957,8.804195343469916,15.731412358349798,0.0,0.6779252110977081,0.0,126.85264190426565,1.2713876276375813,0.03783231083844581,0.1196319018404908,0,195.60000000000002,979,1.4951957476134732,0.463769790316337,0.04463208685162845,829,2.7548838548619408,1.5714333429635359,0.11580217129071169,829,0.0,0.7768395657418576,0.2135102533172497,0.19059107358262967,13.16383370968071,0.8601827896450149,,811,,S8_real,R2A
R2,A,0.0,0.0,2,high,30.0,34,range_s_P0,ekf,,0.05430612675619961,0.11676532901062288,0.14583975481635142,7.820425647734153,1.0927939860038427,4.842375193058912,5.830145041546856,0.0,0.22919179734620024,0.0,109.96902542286885,1.138841622744465,0.026584867075664622,0.0950920245398773,0,195.60000000000002,979,1.3374562954044131,0.4766365586573099,0.03136308805790111,829,2.331099710805711,1.4642335781628057,0.09167671893848006,829,0.0,0.8516284680337757,0.13027744270205066,0.019300361881785282,7.880077115548809,1.1046931703544371,,811,,S8_real,R2A
R2,A,0.0,0.0,2,high,30.0,35,range_s_P0,ekf,,0.3435259882310182,0.2811348732305501,0.37089799636567056,10.622204546799363,0.9096441075984008,6.551012222148011,12.505239287687097,0.0,0.5958986731001207,0.0,80.97874235863696,1.2535340216196726,0.03578732106339468,0.10736196319018405,0,195.60000000000002,979,1.4714052488640823,0.4508657586775706,0.04221954161640529,829,2.4746260895380208,1.4853305605797096,0.10735826296743067,829,0.026537997587454766,0.7720144752714113,0.218335343787696,0.2195416164053076,10.739277406107876,0.9194890796543956,,811,,S8_real,R2A
R2,A,0.0,0.0,2,high,30.0,36,range_s_P0,ekf,,0.7602304760513546,0.7109837232292338,0.7834093000104225,12.374521549471982,0.8656071379808129,8.865581829270617,15.086878198646783,0.0,0.6200241254523522,0.0,111.61579446173407,1.219860099645851,0.03680981595092025,0.09815950920245399,0,195.60000000000002,979,1.4352764712249306,0.4528387081861539,0.043425814234016924,829,2.3982243845299562,1.5108729723550218,0.09770808202653802,829,0.007237635705669481,0.7708082026537998,0.2147165259348613,0.21592279855247287,12.509705617500353,0.8751047961820471,,811,,S8_real,R2A
R2,A,0.0,0.0,2,high,30.0,37,range_s_P0,ekf,,0.7818665435983276,0.7229228635574463,0.7151712916875157,10.906483802087873,0.896735652420667,7.860514595333061,13.337332945519346,0.0,0.5898673100120627,0.0,75.60520145999415,1.2928621080492164,0.03783231083844581,0.10020449897750511,0,195.60000000000002,979,1.5163114892582719,0.4728487783275739,0.04463208685162845,829,2.512584425396697,1.5802811524879252,0.10012062726176119,829,0.0,0.6875753920386007,0.30639324487334135,0.3027744270205066,11.01731997933136,0.9064914032422453,,811,,S8_real,R2A
R2,A,0.0,0.0,2,high,30.0,38,range_s_P0,ekf,,0.9095761575925088,0.8511240472359701,0.7430398691410063,11.629975831236674,0.9518935418084463,8.18150353488738,14.099073826129004,0.0,0.6031363088057901,0.0,98.27278765800352,1.253588700136608,0.03680981595092025,0.09611451942740286,0,195.60000000000002,979,1.4696389274558426,0.4543885829634244,0.043425814234016924,829,2.4661180546129033,1.6631636367676532,0.09529553679131486,829,0.0,0.7575392038600723,0.2255729794933655,0.25090470446320867,11.755830029586871,0.9623002937230459,,811,,S8_real,R2A
R2,A,0.0,0.0,2,high,30.0,39,range_s_P0,ekf,,0.779391314171739,0.7304038256872207,0.7057114534020353,12.409107452090375,0.8947003199557505,8.432290240926209,15.073645641887376,0.0,0.6164053075995175,0.0,113.00402220499029,1.2561616345178204,0.03680981595092025,0.1083844580777096,0,195.60000000000002,979,1.4765275659109816,0.4517177894761476,0.043425814234016924,829,2.6261000991742227,1.5809505600124236,0.10373944511459587,829,0.06272617611580217,0.7744270205066345,0.21592279855247287,0.22074788902291917,12.545978227946492,0.9045627608694433,,811,,S8_real,R2A
R2,A,0.0,0.0,2,high,30.0,40,range_s_P0,ekf,,0.5632197600152631,0.495612466082216,0.4345768104767477,12.04027634597137,0.8585525291013729,7.1176497670469745,14.578003487130232,0.0,0.5995174909529554,0.0,104.5336930524132,1.2232923061596632,0.03578732106339468,0.10429447852760736,0,195.60000000000002,979,1.4373617941435812,0.4621102914384084,0.04221954161640529,829,2.540886147043554,1.5204256516095471,0.10373944511459587,829,0.008443908323281062,0.781664656212304,0.2074788902291918,0.2135102533172497,12.171046630871182,0.867866088357768,,811,,S8_real,R2A
R2,A,0.0,0.0,2,high,30.0,41,range_s_P0,ekf,,0.17229128246263586,0.21848321503405244,0.16457435802628156,7.800259967425378,1.2871870894543078,3.2630806580602916,5.567415095208734,0.0,0.24246079613992763,0.0,107.86124155445519,1.141696847283895,0.026584867075664622,0.0787321063394683,0,195.60000000000002,979,1.3410495070904735,0.4730444182931682,0.03136308805790111,829,2.1488751886024913,1.4210840829845142,0.07478890229191792,829,0.0,0.8528347406513872,0.11700844390832328,0.018094089264173704,7.838202175154671,1.2999758173936657,,811,,S8_real,R2A
R2,A,0.0,0.0,2,high,30.0,42,range_s_P0,ekf,,0.10966769240583257,0.044294313299662776,0.14101283312954704,7.843245164619862,1.160060024951676,3.997426456182435,5.434689665308538,0.0,0.23642943305186973,0.0,108.17888570743925,1.108703860529342,0.02556237218813906,0.10224948875255624,0,195.60000000000002,979,1.29870692983048,0.4502442884402303,0.030156815440289475,829,2.4137340538745704,1.4625688788437787,0.10615199034981904,829,0.0,0.9010856453558505,0.05548854041013269,0.0,7.889670647347376,1.1724197943346077,,811,,S8_real,R2A
R2,A,0.0,0.0,2,high,30.0,43,range_s_P0,ekf,,0.9937830376250275,0.9357385362803012,0.912523579313448,12.724801004953893,0.8873893110553359,9.561582800493845,15.234619130617624,0.0,0.6827503015681544,0.0,122.24701861787175,1.2879254653569017,0.03783231083844581,0.10940695296523517,0,195.60000000000002,979,1.5137900572265297,0.4672680450209375,0.04463208685162845,829,2.621080358511401,1.5685638595990194,0.112183353437877,829,0.0,0.8202653799758746,0.1712907117008444,0.13268998793727382,12.853456948680698,0.8969103162680896,,811,,S8_real,R2A
R2,A,0.0,0.0,2,high,30.0,44,range_s_P0,ekf,,1.177416337799685,1.1101752142367416,0.9053730545948513,12.434019004617262,0.8974837790367738,8.871820540990676,15.245060760168974,0.0,0.6200241254523522,0.0,118.33839958294018,1.2747280946875186,0.03680981595092025,0.11758691206543967,0,195.60000000000002,979,1.4884556057099576,0.46765708675945344,0.043425814234016924,829,2.9237981087277123,1.6033843056019172,0.12303980699638117,829,0.0,0.781664656212304,0.1942098914354644,0.22316043425814233,12.570653418337438,0.9072695681780691,,811,,S8_real,R2A
R2,A,0.0,0.0,2,high,30.0,45,range_s_P0,ekf,,0.22267007640748507,0.2398133327836141,0.05892061737260976,8.51257567681929,1.380281384728122,2.7178023898426176,5.6586057835058625,0.0,0.3039806996381182,0.0,126.70000320807857,1.1608819020993058,0.026584867075664622,0.10429447852760736,0,195.60000000000002,979,1.3654810467520782,0.5016287886633359,0.03136308805790111,829,2.477818153974525,1.5552382653896168,0.09891435464414955,829,0.0,1.0,0.0,0.0,8.542528640190474,1.394133573163804,,811,,S8_real,R2A
R2,A,0.0,0.0,2,high,30.0,46,range_s_P0,ekf,,0.17167125206798178,0.2214185518918351,0.11797247842210537,8.818663128910883,1.2645418021320574,4.55258418925248,6.45693367267616,0.0,0.29191797346200243,0.0,146.80884574023693,1.1815547101722437,0.02965235173824131,0.11451942740286299,0,195.60000000000002,979,1.3853450160801217,0.5280209305899446,0.0349819059107358,829,2.583195572998141,1.503628754818601,0.11338962605548852,829,0.0,0.9722557297949337,0.009650180940892641,0.0,8.86460715674706,1.2775444388764676,,811,,S8_real,R2A
R2,A,0.0,0.0,2,high,30.0,47,range_s_P0,ekf,,0.8805806449839741,0.8332612088520426,0.737293072721364,12.042481136757186,0.891966891988148,8.634688416213859,14.518387515369579,0.0,0.6188178528347407,0.0,105.56498381826083,1.2680965634899346,0.03680981595092025,0.09815950920245399,0,195.60000000000002,979,1.4909072668786079,0.4624882388754377,0.043425814234016924,829,2.4093675015810536,1.6239926495115093,0.09408926417370322,829,0.0,0.7683956574185766,0.22677925211097708,0.22316043425814233,12.168610190436114,0.9014072656344398,,811,,S8_real,R2A
R2,A,0.0,0.0,2,high,30.0,48,range_s_P0,ekf,,0.7733396392649209,0.714756802794698,0.6367586370671465,11.102911225217424,0.9173473321308875,7.9382434520313865,13.096827434229304,0.0,0.6212303980699638,0.0,88.47446058127481,1.2662546980904128,0.03578732106339468,0.12985685071574643,0,195.60000000000002,979,1.4878547452654365,0.45913916676529276,0.04221954161640529,829,2.7902965693249233,1.520602113251148,0.13027744270205066,829,0.025331724969843185,0.7744270205066345,0.22195416164053075,0.1942098914354644,11.224283707795237,0.9274111291328265,,811,,S8_real,R2A
R2,A,0.0,0.0,2,high,30.0,49,range_s_P0,ekf,,0.6059614406632157,0.5536210668896806,0.684130742283814,12.397661909111173,0.8768073367550193,8.497683007270295,14.91191528746825,0.0,0.6405307599517491,0.0,112.99550203707432,1.2505482946247553,0.03578732106339468,0.10633946830265849,0,195.60000000000002,979,1.4683896605034616,0.4597152296026922,0.04221954161640529,829,2.579788050056856,1.56603247042983,0.1085645355850422,829,0.0012062726176115801,0.7647768395657418,0.22677925211097708,0.2195416164053076,12.534292390929314,0.8864218426495635,,811,,S8_real,R2A
