case,route,drift,seed,arm,initial,wheelbase,phase,error,last_valid_sample,n_eval,n_nees,seconds,known_wheelbase_error,pose_cov_singular,heading_rmse_deg,pos_rmse_m,nees_mean,pose_coverage,nees_lower_fraction,nees_upper_fraction,heading_coverage,range_nis_pregate,range_nis_accepted,range_reject_rate,s_nis_pregate,s_nis_accepted,s_reject_rate
R2_aA_m0,R2,0,0,E,stochastic,unknown,E,,978,829,829,2.006666898727417,0.0,0,5.763384216464473,0.9313209987103082,261.41492650083745,0.1712907117008444,0.016887816646562123,0.8250904704463209,0.48492159227985526,1.5212622064490464,0.8658442700782742,0.026537997587454766,0.5255866993044446,0.3298217049690839,0.014466546112115732
R2_aA_m0,R2,0,1,E,stochastic,unknown,E,,978,829,829,2.5253334045410156,0.0,0,6.089366722323846,0.9432562772875451,258.78297685744275,0.16043425814234016,0.016887816646562123,0.8383594692400482,0.41133896260554886,1.5470640644523452,0.8900909626885483,0.025331724969843185,0.5454367918413293,0.3265333496388503,0.014571948998178506
R2_aA_m0,R2,0,2,E,stochastic,unknown,E,,978,829,829,2.5117318630218506,0.0,0,4.561384589186036,0.761528746088363,202.55066484254397,0.16284680337756333,0.021712907117008445,0.827503015681544,0.6417370325693607,1.4724110506081616,0.8126871489861265,0.026537997587454766,0.4516478603324339,0.33351938261426994,0.012302284710017574
R2_aA_m0,R2,0,3,E,stochastic,unknown,E,,978,829,829,2.5327465534210205,0.0,0,4.344398765699541,0.6370519577880768,179.50989946820653,0.1640530759951749,0.031363088057901084,0.8311218335343787,0.6960193003618818,1.5299434083515657,0.8665777471640982,0.027744270205066344,0.43039875966248486,0.35806383287766547,0.0070052539404553416
R2_aA_m0,R2,0,4,E,stochastic,unknown,E,,978,829,829,2.5633087158203125,0.0,0,5.526556196267648,0.8743180158233579,231.75423913147281,0.16164053075995174,0.0024125452352231603,0.8371531966224367,0.5295536791314838,1.5099262241920324,0.868629982312111,0.025331724969843185,0.5225278349629056,0.33535952034280025,0.014336917562724014
R2_aA_m0,R2,0,5,E,stochastic,unknown,E,,978,829,829,2.5178816318511963,0.0,0,5.87968854649637,0.9499211483718732,267.9197446826265,0.17490952955367914,0.0012062726176115801,0.8238841978287093,0.40651387213510254,1.5334612627954987,0.886262440669764,0.022919179734620022,0.5356913640342472,0.33315492254602896,0.014492753623188406
R2_aA_m0,R2,0,6,E,stochastic,unknown,E,,978,829,829,2.5160164833068848,0.0,0,5.02410631425138,0.8724213059107323,236.1066571440821,0.16767189384800965,0.0012062726176115801,0.8287092882991556,0.41254523522316044,1.4864287952589366,0.8115116019945164,0.027744270205066344,0.5065315209128675,0.3385055730905896,0.014234875444839857
R2_aA_m0,R2,0,7,E,stochastic,unknown,E,,978,829,829,2.523881435394287,0.0,0,5.908251159217673,0.994387477511327,301.01412794070296,0.17490952955367914,0.0012062726176115801,0.8238841978287093,0.24246079613992763,1.51226371276285,0.8365628068442937,0.026537997587454766,0.5035410884313912,0.32452399423525935,0.014234875444839857
R2_aA_m0,R2,0,8,E,stochastic,unknown,E,,978,829,829,2.4993503093719482,0.0,0,5.954735684670784,0.9430037167264177,256.5427436440143,0.16043425814234016,0.0,0.8371531966224367,0.4451145958986731,1.5240640736346756,0.8423145203585304,0.028950542822677925,0.5452181497367417,0.3323379785853529,0.014519056261343012
R2_aA_m0,R2,0,9,E,stochastic,unknown,E,,978,829,829,2.2711899280548096,0.0,0,4.3220587372421555,0.7023568247067664,187.58644518396306,0.17249698431845598,0.0,0.8262967430639324,0.6936067551266586,1.5050692201799751,0.828363297014181,0.026537997587454766,0.40163592081782523,0.34226695332541845,0.006920415224913495
R2_aA_m0,R2,0,10,E,stochastic,unknown,E,,978,829,829,2.484894037246704,0.0,0,4.086077900947573,0.7135168116205991,197.28444650200498,0.1700844390832328,0.0048250904704463205,0.827503015681544,0.6960193003618818,1.4359916727357263,0.7911931651874677,0.026537997587454766,0.4173471964404243,0.35009380320813155,0.006920415224913495
R2_aA_m0,R2,0,11,E,stochastic,unknown,E,,978,829,829,1.9989519119262695,0.0,0,7.619660795901516,1.1449756683011387,360.9204308921783,0.15681544028950542,0.0,0.8311218335343787,0.25814234016887816,1.6351138044113733,0.9550551474780772,0.026537997587454766,0.5998619955879971,0.3130162980488425,0.016728624535315983
R2_aA_m0,R2,0,12,E,stochastic,unknown,E,,978,829,829,2.4904465675354004,0.0,0,5.900890923056951,0.9331077430486148,255.89966777797852,0.1712907117008444,0.018094089264173704,0.827503015681544,0.4825090470446321,1.5942052261773452,0.8740287546339651,0.030156815440289506,0.5261613356636525,0.32963970425483813,0.014311270125223614
R2_aA_m0,R2,0,13,E,stochastic,unknown,E,,978,829,829,2.502825975418091,0.0,0,5.154108873107161,0.8885796757683573,257.6809711056771,0.16164053075995174,0.0,0.8250904704463209,0.4427020506634499,1.488015168685843,0.842861321435009,0.027744270205066344,0.5133863744478704,0.34774841936190076,0.01263537906137184
R2_aA_m0,R2,0,14,E,stochastic,unknown,E,,978,829,829,2.5252885818481445,0.0,0,4.69922494498779,0.6869571465774219,194.0081558767064,0.16284680337756333,0.0,0.8323281061519904,0.6839565741857659,1.5517337757606011,0.85482699784546,0.027744270205066344,0.39288803294997054,0.3341694627398852,0.0069084628670120895
R2_aA_m0,R2,0,15,E,stochastic,unknown,E,,978,829,829,2.515775680541992,0.0,0,4.268071449342899,0.645438532255333,6241.817685667303,0.16887816646562123,0.0036188178528347406,0.8287092882991556,0.7322074788902292,1.5281233671921364,0.8499221685320041,0.027744270205066344,0.37581548106127105,0.37581548106127105,0.0
R2_aA_m0,R2,0,16,E,stochastic,unknown,E,,978,829,829,2.5052850246429443,0.0,0,7.6062549517022955,1.1747669486115795,371.3910650837667,0.17490952955367914,0.006031363088057901,0.8226779252110977,0.2014475271411339,1.6018431521537904,0.9125122392727903,0.026537997587454766,0.5977354395342652,0.3100553758431031,0.016574585635359115
R2_aA_m0,R2,0,17,E,stochastic,unknown,E,,978,829,829,2.5164313316345215,0.0,0,4.72905633605218,0.7594068667490301,198.37088179092882,0.1712907117008444,0.0,0.827503015681544,0.6248492159227985,1.5159543536949451,0.8331757607081082,0.028950542822677925,0.45421583938077453,0.33606551305171867,0.012280701754385965
R2_aA_m0,R2,0,18,E,stochastic,unknown,E,,978,829,829,2.5358734130859375,0.0,0,3.3224969902027093,0.5240377457111808,2389.9172618328917,0.14595898673100122,0.0,0.8431845597104946,0.7334137515078407,1.410598194601094,0.7873866537488184,0.025331724969843185,0.37819987103013203,0.37819987103013203,0.0
R2_aA_m0,R2,0,19,E,stochastic,unknown,E,,978,829,829,1.9941105842590332,0.0,0,4.051653100223486,0.6592462415005397,178.23236362288205,0.17490952955367914,0.0,0.8226779252110977,0.7165259348612787,1.472906633750411,0.8293619806568606,0.025331724969843185,0.40945986833503717,0.3515587803035149,0.006920415224913495
R2_aA_m0,R2,0,20,E,stochastic,unknown,E,,978,829,829,2.5316812992095947,0.0,0,5.971388740195677,0.9411962421814551,273.6186706904646,0.1640530759951749,0.03618817852834741,0.8311218335343787,0.48854041013269,1.5571571813245728,0.9101545867874614,0.025331724969843185,0.5381475043758721,0.3310199038104788,0.014311270125223614
R2_aA_m0,R2,0,21,E,stochastic,unknown,E,,978,829,829,2.537567138671875,0.0,0,3.9822213002357794,0.5855697666766889,180.7817382013454,0.16164053075995174,0.0,0.8359469240048251,0.7273823884197829,1.5025568866406989,0.816468872158093,0.027744270205066344,0.3936755414388204,0.3550984585176466,0.005253940455341506
R2_aA_m0,R2,0,22,E,stochastic,unknown,E,,978,829,829,2.541611671447754,0.0,0,6.013658205281461,0.9778212696209186,260.0713914957886,0.16164053075995174,0.019300361881785282,0.8347406513872135,0.37997587454764775,1.513200680424487,0.8536928247428823,0.026537997587454766,0.5630498454343024,0.3387713624027806,0.014598540145985401
R2_aA_m0,R2,0,23,E,stochastic,unknown,E,,978,829,829,2.7709641456604004,0.0,0,5.076397003322119,0.8036861570566123,203.42544693410935,0.1652593486127865,0.0,0.8323281061519904,0.5536791314837153,1.4910322375806102,0.8444391068451057,0.025331724969843185,0.5152298468241895,0.3459164436272276,0.014336917562724014
R2_aA_m0,R2,0,24,E,stochastic,unknown,E,,978,829,829,2.4765591621398926,0.0,0,4.2883795198218495,0.7542213298259897,213.12065852387533,0.17490952955367914,0.008443908323281062,0.8226779252110977,0.7032569360675512,1.4641972859266734,0.809512221626247,0.026537997587454766,0.43368059689761934,0.3624765076043807,0.007017543859649123
R2_aA_m0,R2,0,25,E,stochastic,unknown,E,,978,829,829,2.097719192504883,0.0,0,4.106551236262233,0.6990130600527544,195.78757307053877,0.16164053075995174,0.0,0.8359469240048251,0.6924004825090471,1.4392462694179213,0.782387477128602,0.027744270205066344,0.40883954822044505,0.34810041292182475,0.006980802792321117
R2_aA_m0,R2,0,26,E,stochastic,unknown,E,,978,829,829,2.505502939224243,0.0,0,6.729202430539204,1.1010217977272472,342.1265028382833,0.17249698431845598,0.0,0.8250904704463209,0.21592279855247287,1.5483818473568722,0.8838936376461479,0.026537997587454766,0.5702961590134346,0.3213233513477399,0.016423357664233577
R2_aA_m0,R2,0,27,E,stochastic,unknown,E,,978,829,829,2.4926490783691406,0.0,0,7.406913787057164,1.1279939632549694,328.5682692030663,0.1700844390832328,0.0036188178528347406,0.827503015681544,0.2882991556091677,1.6248992177485506,0.9305759396571913,0.027744270205066344,0.617504328172324,0.3330236185751622,0.014814814814814815
R2_aA_m0,R2,0,28,E,stochastic,unknown,E,,978,829,829,2.604313850402832,0.0,0,5.495108823335971,0.8796584948266118,1076.4910701882986,0.1652593486127865,0.009650180940892641,0.8190591073582629,0.49939686369119424,1.4940846954043923,0.8441867628087336,0.026537997587454766,0.539028944001644,0.333826304275335,0.014814814814814815
R2_aA_m0,R2,0,29,E,stochastic,unknown,E,,978,829,829,2.533890962600708,0.0,0,5.755129730475097,0.9322605904104243,251.4448938238215,0.17490952955367914,0.026537997587454766,0.8250904704463209,0.48009650180940894,1.5243930461773543,0.8822690433020758,0.024125452352231604,0.5368677548860041,0.3303941962716079,0.014519056261343012
R2_aA_m0,R2,0,30,E,stochastic,unknown,E,,978,829,829,1.9867877960205078,0.0,0,5.507396529252831,0.8894582147118473,223.29851563568624,0.16887816646562123,0.0,0.827503015681544,0.4837153196622437,1.522481428500115,0.8305956927818259,0.027744270205066344,0.5293452494045855,0.32814843439681923,0.016100178890876567
R2_aA_m0,R2,0,31,E,stochastic,unknown,E,,978,829,829,2.5481860637664795,0.0,0,5.6033458501781395,0.9198584168011169,269.88085389751774,0.17490952955367914,0.0,0.8226779252110977,0.37997587454764775,1.5188750716618413,0.8355774499754052,0.026537997587454766,0.47944267097280124,0.33117038771512197,0.012389380530973451
R2_aA_m0,R2,0,32,E,stochastic,unknown,E,,978,829,829,1.588803768157959,0.0,0,5.644045455745098,0.9155509492985952,262.68662164873876,0.16043425814234016,0.0,0.8371531966224367,0.3968636911942099,1.504003408663908,0.8217168682295896,0.027744270205066344,0.49660760484527733,0.33122028331658854,0.014184397163120567
R2_aA_m0,R2,0,33,E,stochastic,unknown,E,,978,829,829,1.5756261348724365,0.0,0,6.624580931201038,1.0343260980658864,286.85789712840005,0.1652593486127865,0.022919179734620022,0.827503015681544,0.3293124246079614,1.5671237658855508,0.863413435571432,0.030156815440289506,0.5676083656726504,0.3096758026498026,0.016304347826086956
R2_aA_m0,R2,0,34,E,stochastic,unknown,E,,978,829,829,1.5892927646636963,0.0,0,5.157502677071524,0.8117983983957617,216.4113631479156,0.16767189384800965,0.0,0.8287092882991556,0.5428226779252111,1.5076417558990238,0.8539025223546705,0.026537997587454766,0.4976262953732607,0.33574672417483126,0.014209591474245116
R2_aA_m0,R2,0,35,E,stochastic,unknown,E,,978,829,829,1.6147735118865967,0.0,0,5.887069004695242,0.93878470692112,256.30080457135983,0.16284680337756333,0.0036188178528347406,0.8323281061519904,0.48854041013269,1.5095824511622733,0.8263025858239517,0.028950542822677925,0.517702703302077,0.31946129549081637,0.014492753623188406
R2_aA_m0,R2,0,36,E,stochastic,unknown,E,,978,829,829,1.5945401191711426,0.0,0,5.776625366089632,0.9114644385877829,260.27569685293975,0.17249698431845598,0.0,0.8250904704463209,0.5186972255729795,1.5670957709534985,0.916713416660012,0.024125452352231604,0.5219057555339979,0.3355132020793731,0.0142602495543672
R2_aA_m0,R2,0,37,E,stochastic,unknown,E,,978,829,829,1.5932283401489258,0.0,0,5.37900177195911,0.8891639897428336,241.25081110654426,0.16284680337756333,0.0,0.8311218335343787,0.40048250904704463,1.5033353973311376,0.820280114837335,0.026537997587454766,0.4929016975798291,0.33439805156361146,0.012477718360071301
R2_aA_m0,R2,0,38,E,stochastic,unknown,E,,978,829,829,2.170921564102173,0.0,0,6.096666584231354,0.9902012301366496,269.7808655412431,0.16164053075995174,0.0,0.8347406513872135,0.38118214716525933,1.5330604984470522,0.8401752626685435,0.026537997587454766,0.5335800806209976,0.327975869081948,0.01436265709156194
R2_aA_m0,R2,0,39,E,stochastic,unknown,E,,978,829,829,2.1852147579193115,0.0,0,5.857733435865088,0.9682833866524803,278.72169790618796,0.17611580217129072,0.0,0.8226779252110977,0.3039806996381182,1.5458488301790405,0.8569484538731972,0.027744270205066344,0.5031258719817663,0.32680677425284643,0.01415929203539823
R2_aA_m0,R2,0,40,E,stochastic,unknown,E,,978,829,829,2.260568380355835,0.0,0,6.0038925484365935,0.9779732068835065,279.16047887754183,0.17490952955367914,0.009650180940892641,0.8190591073582629,0.4451145958986731,1.5435201859555574,0.8965387056780046,0.025331724969843185,0.5477445502149607,0.32893335598254486,0.014598540145985401
R2_aA_m0,R2,0,41,E,stochastic,unknown,E,,978,829,829,2.1795246601104736,0.0,0,5.8354583094723065,0.9199210309707059,234.6255675308024,0.1640530759951749,0.0012062726176115801,0.8287092882991556,0.46682750301568154,1.519731019577483,0.8456725720030562,0.026537997587454766,0.5430559635029818,0.33808100015825304,0.014285714285714285
R2_aA_m0,R2,0,42,E,stochastic,unknown,E,,978,829,829,2.2626452445983887,0.0,0,4.261749988578334,0.6787904644570519,176.45699416876053,0.16284680337756333,0.0,0.8323281061519904,0.6924004825090471,1.4772523365977508,0.7833519278110027,0.027744270205066344,0.4017279304084737,0.337889230161318,0.006944444444444444
R2_aA_m0,R2,0,43,E,stochastic,unknown,E,,978,829,829,2.183948040008545,0.0,0,5.967070449660701,0.9664021107985963,284.3839499955719,0.1652593486127865,0.0,0.827503015681544,0.4041013268998794,1.5054758567938866,0.8579018163475697,0.026537997587454766,0.5197567564619797,0.32855121864341597,0.014336917562724014
R2_aA_m0,R2,0,44,E,stochastic,unknown,E,,978,829,829,2.259434223175049,0.0,0,4.771422459053391,0.772242644535688,198.7095031950541,0.1652593486127865,0.0,0.8287092882991556,0.6164053075995175,1.514862411981003,0.8236602409221877,0.027744270205066344,0.4571514611255903,0.3376095059834065,0.01232394366197183
R2_aA_m0,R2,0,45,E,stochastic,unknown,E,,978,829,829,2.270758628845215,0.0,0,5.511469858852051,0.8637303865804555,246.49905048561203,0.16164053075995174,0.0,0.8371531966224367,0.5126658624849216,1.5828566617928337,0.9100085351711537,0.026537997587454766,0.4988911831353414,0.33408856241334567,0.012433392539964476
R2_aA_m0,R2,0,46,E,stochastic,unknown,E,,978,829,829,2.262716293334961,0.0,0,5.556730957764971,0.8961098029041574,241.93282676402745,0.17249698431845598,0.0,0.8250904704463209,0.5102533172496985,1.504880557000362,0.8657666409067605,0.024125452352231604,0.5290244156463737,0.3432442356828191,0.014571948998178506
R2_aA_m0,R2,0,47,E,stochastic,unknown,E,,978,829,829,2.1831424236297607,0.0,0,7.342600346221776,1.0679771464228085,303.7951952477708,0.16887816646562123,0.0,0.8287092882991556,0.3823884197828709,1.6093904267338892,0.9190121511697124,0.027744270205066344,0.5701418942550109,0.31200929499859986,0.014787430683918669
R2_aA_m0,R2,0,48,E,stochastic,unknown,E,,978,829,829,2.2572152614593506,0.0,0,5.348091038223435,0.90190653011799,249.69865647349084,0.17611580217129072,0.0,0.8226779252110977,0.4945717732207479,1.4852486288597027,0.8142355497268002,0.027744270205066344,0.4867631933582373,0.3359025203299653,0.012477718360071301
R2_aA_m0,R2,0,49,E,stochastic,unknown,E,,978,829,829,2.195564031600952,0.0,0,4.224870941105506,0.6545623421156507,200.11931499625163,0.1652593486127865,0.0,0.8299155609167672,0.6984318455971049,1.5459634597982888,0.845507746223834,0.027744270205066344,0.37137340252625134,0.37137340252625134,0.0
R2_aA_m0,R2,1,0,E,stochastic,unknown,E,,978,829,829,2.1926398277282715,0.0,0,5.697955036733526,0.9264289933530102,263.1861689964746,0.1712907117008444,0.012062726176115802,0.827503015681544,0.48009650180940894,1.5144349574523808,0.8522369597777036,0.027744270205066344,0.5151694114076354,0.3282863989306109,0.014388489208633094
R2_aA_m0,R2,1,1,E,stochastic,unknown,E,,978,829,829,2.204068660736084,0.0,0,6.113084411327053,0.9579559925587603,265.7452709291924,0.16043425814234016,0.0036188178528347406,0.8383594692400482,0.353437876960193,1.5413437873856517,0.8852575034655461,0.025331724969843185,0.5474108147078539,0.3271891911443164,0.014625228519195612
R2_aA_m0,R2,1,2,E,stochastic,unknown,E,,978,829,829,2.180511236190796,0.0,0,4.228830546883423,0.6685821061901208,677.6469956128622,0.16284680337756333,0.006031363088057901,0.8311218335343787,0.6731001206272618,1.4785839040536735,0.807090061155948,0.027744270205066344,0.3926607058323196,0.33205156444729617,0.006872852233676976
R2_aA_m0,R2,1,3,E,stochastic,unknown,E,,978,829,829,2.1905436515808105,0.0,0,4.319172956721785,0.6154821380557381,171.06831945744892,0.1640530759951749,0.025331724969843185,0.8323281061519904,0.6815440289505428,1.5395539800738418,0.884252029695637,0.026537997587454766,0.43483570678973177,0.3626354927963212,0.007029876977152899
R2_aA_m0,R2,1,4,E,stochastic,unknown,E,,978,829,829,2.1994547843933105,0.0,0,5.972278590981492,0.9232554991289865,251.01162631234558,0.16164053075995174,0.007237635705669481,0.8371531966224367,0.4837153196622437,1.532541948241263,0.9089984371691555,0.022919179734620022,0.5534231699376952,0.3384463107033144,0.014466546112115732
R2_aA_m0,R2,1,5,E,stochastic,unknown,E,,978,829,829,2.26128888130188,0.0,0,5.809680105697885,0.9587958452020028,273.02904282109176,0.17490952955367914,0.0,0.8238841978287093,0.35705669481302776,1.5221063536249964,0.8760336827802441,0.022919179734620022,0.5266956113075351,0.3268710618251379,0.014492753623188406
R2_aA_m0,R2,1,6,E,stochastic,unknown,E,,978,829,829,2.005053758621216,0.0,0,5.018028304026191,0.882115642492056,241.1906222330172,0.16767189384800965,0.0,0.8287092882991556,0.3751507840772014,1.4816968188363622,0.8071255595767861,0.027744270205066344,0.5063459150568238,0.3391738355784654,0.014234875444839857
R2_aA_m0,R2,1,7,E,stochastic,unknown,E,,978,829,829,2.2671852111816406,0.0,0,5.587976464366044,0.9318897738602407,275.99946457631455,0.17490952955367914,0.0,0.8238841978287093,0.2943305186972256,1.512725968568322,0.8243272076549741,0.027744270205066344,0.4787580308654026,0.32480806760651454,0.014109347442680775
R2_aA_m0,R2,1,8,E,stochastic,unknown,E,,978,829,829,2.254028081893921,0.0,0,5.922555517482895,0.9452950549541977,258.5916395134118,0.16043425814234016,0.0,0.8383594692400482,0.3823884197828709,1.5163575379834582,0.8325048824909964,0.028950542822677925,0.5412989563526519,0.3324879241551961,0.01444043321299639
R2_aA_m0,R2,1,9,E,stochastic,unknown,E,,978,829,829,2.2928175926208496,0.0,0,4.356753640342432,0.6979519093547008,186.9907070644778,0.1712907117008444,0.0,0.8262967430639324,0.6863691194209891,1.5074548032788548,0.8297073870366702,0.026537997587454766,0.39645109900359615,0.3398531067637919,0.006896551724137931
R2_aA_m0,R2,1,10,E,stochastic,unknown,E,,978,829,829,2.2666985988616943,0.0,0,4.035093451897405,0.7253246900343211,203.49435297194313,0.1712907117008444,0.014475271411338963,0.827503015681544,0.6984318455971049,1.4283127668606657,0.7836769773511671,0.026537997587454766,0.41231206629344447,0.34668262200007177,0.006896551724137931
R2_aA_m0,R2,1,11,E,stochastic,unknown,E,,978,829,829,2.5225768089294434,0.0,0,7.641049864603136,1.1334687741625291,351.1400444206051,0.15922798552472858,0.0,0.8287092882991556,0.2689987937273824,1.6425867231329845,0.9619363936096343,0.026537997587454766,0.6015475769835299,0.31355006875459795,0.016728624535315983
R2_aA_m0,R2,1,12,E,stochastic,unknown,E,,978,829,829,2.9487969875335693,0.0,0,5.883771463853778,0.9119772832681016,243.7028746686083,0.1712907117008444,0.008443908323281062,0.827503015681544,0.5138721351025332,1.6022019219332309,0.8814031525472668,0.030156815440289506,0.5296823495047385,0.33038785907409035,0.014336917562724014
R2_aA_m0,R2,1,13,E,stochastic,unknown,E,,978,829,829,2.233656644821167,0.0,0,5.088643570812979,0.8852953884162875,255.64317442423274,0.16043425814234016,0.0,0.8250904704463209,0.4221954161640531,1.4814033101744075,0.8279500827546494,0.028950542822677925,0.5082109059301058,0.34625111365393946,0.012544802867383513
R2_aA_m0,R2,1,14,E,stochastic,unknown,E,,978,829,829,1.6286897659301758,0.0,0,4.7120349807003645,0.6852277737271893,192.83960208907354,0.16164053075995174,0.0,0.8323281061519904,0.6839565741857659,1.5517503308036626,0.8545763515959887,0.027744270205066344,0.38349151640922813,0.32631634905135276,0.006896551724137931
R2_aA_m0,R2,1,15,E,stochastic,unknown,E,,978,829,829,1.5876374244689941,0.0,0,4.285667868605614,0.6363880873410395,7408.457070795786,0.1640530759951749,0.0,0.8299155609167672,0.7104945717732207,1.5308523312219036,0.8518547579142424,0.027744270205066344,0.37315600032920787,0.37315600032920787,0.0
R2_aA_m0,R2,1,16,E,stochastic,unknown,E,,978,829,829,1.6043853759765625,0.0,0,7.580121847254454,1.1781097141232653,375.1326033231152,0.17490952955367914,0.0024125452352231603,0.8226779252110977,0.19300361881785283,1.5993834222500676,0.9095613130826045,0.026537997587454766,0.5946068483303956,0.30876119634963406,0.016544117647058824
R2_aA_m0,R2,1,17,E,stochastic,unknown,E,,978,829,829,1.635101079940796,0.0,0,5.28444402994168,0.8516734203327156,223.128187981708,0.1712907117008444,0.028950542822677925,0.8262967430639324,0.5500603136308806,1.5201425147137997,0.8515855458588807,0.027744270205066344,0.5072114386125998,0.33537540859077064,0.014285714285714285
R2_aA_m0,R2,1,18,E,stochastic,unknown,E,,978,829,829,1.6294310092926025,0.0,0,3.1313291968412735,0.49005327501402735,137.83306366692028,0.1399276236429433,0.0,0.8492159227985525,0.7454764776839565,1.4043287227768042,0.7806878739345661,0.025331724969843185,0.3780302458777206,0.3780302458777206,0.0
R2_aA_m0,R2,1,19,E,stochastic,unknown,E,,978,829,829,1.5869812965393066,0.0,0,4.084190146465254,0.6471240108426866,217.20613132970934,0.17370325693606756,0.0,0.8226779252110977,0.7177322074788902,1.4792960884667725,0.8358795961503059,0.025331724969843185,0.41328007992366667,0.3541227399579539,0.006944444444444444
R2_aA_m0,R2,1,20,E,stochastic,unknown,E,,978,829,829,1.624433994293213,0.0,0,6.03335249530739,0.9414093067440558,271.4340436846105,0.1652593486127865,0.04342581423401689,0.8311218335343787,0.49939686369119424,1.561877556944687,0.9158489205035748,0.025331724969843185,0.5455711757210553,0.3337761925716391,0.014285714285714285
R2_aA_m0,R2,1,21,E,stochastic,unknown,E,,978,829,829,2.159923553466797,0.0,0,3.9665467990699996,0.5669018586593053,141.66363895612986,0.16164053075995174,0.0,0.8359469240048251,0.7285886610373945,1.504739994837408,0.8186572890908177,0.027744270205066344,0.3906059730104688,0.3526000939222495,0.005263157894736842
R2_aA_m0,R2,1,22,E,stochastic,unknown,E,,978,829,829,2.1672475337982178,0.0,0,6.007644164725842,0.984440034684357,265.14957378463555,0.16164053075995174,0.016887816646562123,0.8347406513872135,0.33896260554885405,1.5075788552131506,0.8550378734126094,0.025331724969843185,0.5598706982527824,0.3378444650100564,0.014545454545454545
R2_aA_m0,R2,1,23,E,stochastic,unknown,E,,978,829,829,2.1650142669677734,0.0,0,5.132156286614044,0.7811667421217969,193.59159204317035,0.1640530759951749,0.0,0.8323281061519904,0.5585042219541616,1.5040016423441862,0.8516539650952849,0.026537997587454766,0.5254232905637792,0.35155998656108584,0.014519056261343012
R2_aA_m0,R2,1,24,E,stochastic,unknown,E,,978,829,829,2.169168472290039,0.0,0,4.197593836244984,0.7461167688654217,206.38870948291108,0.17490952955367914,0.015681544028950542,0.8226779252110977,0.706875753920386,1.4589240214320713,0.8055519517538869,0.026537997587454766,0.4357825271974284,0.36401927824694064,0.006980802792321117
R2_aA_m0,R2,1,25,E,stochastic,unknown,E,,978,829,829,2.164931058883667,0.0,0,4.137520797487577,0.7042681055712952,199.53419303489233,0.16284680337756333,0.0,0.8359469240048251,0.6682750301568154,1.4386410992817138,0.781705370418786,0.027744270205066344,0.40966731114000476,0.34949183063501427,0.006968641114982578
R2_aA_m0,R2,1,26,E,stochastic,unknown,E,,978,829,829,2.161552906036377,0.0,0,6.700714134597037,1.1008124391975485,343.8381374962833,0.17370325693606756,0.0,0.8250904704463209,0.2074788902291918,1.5467716181585727,0.8823068081008394,0.026537997587454766,0.5703315927762473,0.3217140252744093,0.016483516483516484
R2_aA_m0,R2,1,27,E,stochastic,unknown,E,,978,829,829,2.181018590927124,0.0,0,7.429445620419747,1.1183141707660034,320.4428648577803,0.1700844390832328,0.0024125452352231603,0.827503015681544,0.28950542822677927,1.6311261671596078,0.937215354912319,0.027744270205066344,0.6167724262482378,0.3310558674232427,0.014842300556586271
R2_aA_m0,R2,1,28,E,stochastic,unknown,E,,978,829,829,2.1756913661956787,0.0,0,5.516946694346647,0.8823899254680458,225.62261610356452,0.1652593486127865,0.009650180940892641,0.8190591073582629,0.49819059107358266,1.489118410956903,0.839337597969885,0.026537997587454766,0.5409821162120396,0.3322337625200004,0.014842300556586271
R2_aA_m0,R2,1,29,E,stochastic,unknown,E,,978,829,829,2.172028064727783,0.0,0,5.7638042124249225,0.9409903345515228,252.93215483251595,0.17490952955367914,0.013268998793727383,0.8238841978287093,0.4764776839565742,1.5186844016509047,0.8786495109007053,0.024125452352231604,0.543096500740532,0.33388207082229043,0.014625228519195612
R2_aA_m0,R2,1,30,E,stochastic,unknown,E,,978,829,829,2.1928560733795166,0.0,0,4.226873349967949,0.6932501022682533,173.32611524880113,0.16767189384800965,0.0,0.827503015681544,0.6899879372738239,1.5014619832347564,0.8014369174941607,0.027744270205066344,0.41010676414655034,0.3458051836344355,0.006896551724137931
R2_aA_m0,R2,1,31,E,stochastic,unknown,E,,978,829,829,2.186821937561035,0.0,0,5.620545315864549,0.9292099296234884,275.8294928261808,0.17490952955367914,0.0,0.8238841978287093,0.33896260554885405,1.516806243076988,0.8336733540852025,0.026537997587454766,0.47885801714293247,0.3306768275856998,0.01232394366197183
R2_aA_m0,R2,1,32,E,stochastic,unknown,E,,978,829,829,2.254136323928833,0.0,0,5.660709031970996,0.9224876300531085,266.7887039278822,0.16043425814234016,0.0,0.8371531966224367,0.3558504221954162,1.5026165439582209,0.8201568287350703,0.027744270205066344,0.4955299945426592,0.3301532875971715,0.01415929203539823
R2_aA_m0,R2,1,33,E,stochastic,unknown,E,,978,829,829,2.258009433746338,0.0,0,6.072697654678489,0.9803069698023552,264.0509936500274,0.1652593486127865,0.025331724969843185,0.827503015681544,0.3606755126658625,1.5402418211233058,0.8397611481900153,0.028950542822677925,0.5360735462474839,0.31729355435938317,0.014388489208633094
R2_aA_m0,R2,1,34,E,stochastic,unknown,E,,978,829,829,2.2540221214294434,0.0,0,4.402055478231355,0.678832948773025,198.84291168718985,0.1640530759951749,0.0,0.8287092882991556,0.6875753920386007,1.503054965059939,0.844307477889087,0.026537997587454766,0.4248452851031648,0.35300642436449736,0.007067137809187279
R2_aA_m0,R2,1,35,E,stochastic,unknown,E,,978,829,829,2.247997999191284,0.0,0,5.6418293834312445,0.8830244519328984,231.4117423773851,0.16164053075995174,0.0,0.8347406513872135,0.5199034981905911,1.5113056562598894,0.8261538764908645,0.028950542822677925,0.5181524199943072,0.33362419475850114,0.014285714285714285
R2_aA_m0,R2,1,36,E,stochastic,unknown,E,,978,829,829,2.2499871253967285,0.0,0,6.080807066333549,0.942255362914844,269.66966681677394,0.17249698431845598,0.0,0.8250904704463209,0.5090470446320868,1.5794870940300665,0.9309232725263211,0.024125452352231604,0.5461554913512323,0.3365052968677291,0.014388489208633094
R2_aA_m0,R2,1,37,E,stochastic,unknown,E,,978,829,829,2.264258861541748,0.0,0,5.246494615682377,0.8547185670044034,228.82437793899425,0.16164053075995174,0.0,0.8347406513872135,0.43184559710494574,1.5073922299563103,0.8220944974481125,0.026537997587454766,0.4833637447962101,0.32565080982373956,0.014184397163120567
R2_aA_m0,R2,1,38,E,stochastic,unknown,E,,978,829,829,2.260603427886963,0.0,0,6.069163034429464,0.9877775186290021,269.1867122773939,0.16164053075995174,0.0,0.8347406513872135,0.37273823884197826,1.5316117196480383,0.8386804149339926,0.026537997587454766,0.5319277045045432,0.32791100097703274,0.01436265709156194
R2_aA_m0,R2,1,39,E,stochastic,unknown,E,,978,829,829,2.2499499320983887,0.0,0,5.483058594597624,0.8979110178391567,253.3757046389378,0.17490952955367914,0.0,0.8238841978287093,0.33775633293124246,1.5478287602898149,0.8540582292014721,0.027744270205066344,0.4722057864640989,0.3279724789552428,0.012544802867383513
R2_aA_m0,R2,1,40,E,stochastic,unknown,E,,978,829,829,2.2707560062408447,0.0,0,6.028151981148815,0.9853868595595175,283.5279379145458,0.17611580217129072,0.0,0.8166465621230398,0.45476477683956573,1.5410510283212635,0.9052573519457022,0.024125452352231604,0.5544403909243398,0.33099577380875655,0.014519056261343012
R2_aA_m0,R2,1,41,E,stochastic,unknown,E,,978,829,829,2.261122226715088,0.0,0,6.191770192262746,0.9705964873706628,252.68472324095663,0.16887816646562123,0.028950542822677925,0.8262967430639324,0.4390832328106152,1.5224476423229867,0.8539446824611684,0.026537997587454766,0.5754637011887958,0.3449508640573614,0.014492753623188406
R2_aA_m0,R2,1,42,E,stochastic,unknown,E,,978,829,829,2.280642509460449,0.0,0,4.164442779260508,0.6364643250389833,162.52648829223665,0.16164053075995174,0.0,0.8371531966224367,0.6948130277442702,1.480619479922049,0.7841813072118782,0.027744270205066344,0.3811180417885191,0.32928340178221266,0.0069084628670120895
R2_aA_m0,R2,1,43,E,stochastic,unknown,E,,978,829,829,2.147573947906494,0.0,0,5.6286299757231015,0.938683153967821,280.1480136020367,0.1652593486127865,0.0,0.827503015681544,0.36550060313630883,1.487895140609221,0.8435607895004558,0.025331724969843185,0.4908694524011138,0.3342364744969805,0.012367491166077738
R2_aA_m0,R2,1,44,E,stochastic,unknown,E,,978,829,829,2.2989349365234375,0.0,0,4.753375450745105,0.761429513878342,192.43183691051047,0.1652593486127865,0.0,0.8287092882991556,0.6139927623642943,1.5170312626508589,0.8261561639867466,0.027744270205066344,0.4581476768280016,0.3382214804500677,0.012345679012345678
R2_aA_m0,R2,1,45,E,stochastic,unknown,E,,978,829,829,1.6010854244232178,0.0,0,5.270628204311407,0.8296791449415578,235.82131239848766,0.16043425814234016,0.0,0.8383594692400482,0.5271411338962606,1.5774930629039812,0.90243237162836,0.026537997587454766,0.4875764609954728,0.3294473380955375,0.014084507042253521
R2_aA_m0,R2,1,46,E,stochastic,unknown,E,,978,829,829,1.6421067714691162,0.0,0,5.507937785100021,0.8769488247992057,231.4457603289086,0.17249698431845598,0.0,0.8250904704463209,0.5500603136308806,1.511796338230184,0.8812507318830801,0.022919179734620022,0.5309965399324414,0.3438717801363795,0.014519056261343012
R2_aA_m0,R2,1,47,E,stochastic,unknown,E,,978,829,829,1.6313591003417969,0.0,0,7.270757895637896,1.0478080009873298,293.25026761025543,0.16887816646562123,0.0,0.8287092882991556,0.41978287092882993,1.616123614260154,0.9184571535332308,0.028950542822677925,0.5806045074165703,0.3050562265741596,0.016453382084095063
R2_aA_m0,R2,1,48,E,stochastic,unknown,E,,978,829,829,1.6404075622558594,0.0,0,5.402670887735363,0.9031457962182563,247.73896424095673,0.17611580217129072,0.0,0.8226779252110977,0.4945717732207479,1.4873561444458803,0.8179193539674995,0.027744270205066344,0.4959665667678956,0.33928594449494054,0.012455516014234875
R2_aA_m0,R2,1,49,E,stochastic,unknown,E,,978,829,829,1.5959279537200928,0.0,0,4.176636017005765,0.6126247319142686,595.254898109558,0.16284680337756333,0.0,0.8335343787696019,0.6670687575392038,1.5468984945417141,0.8444047962504724,0.027744270205066344,0.3656205765748472,0.3656205765748472,0.0
R2_aA_m0,R2,2,0,E,stochastic,unknown,E,,978,829,829,1.5849463939666748,0.0,0,5.580165046545161,0.9006962578334311,252.41283957630478,0.1700844390832328,0.0,0.827503015681544,0.4837153196622437,1.5211383686770554,0.8618635514547214,0.026537997587454766,0.5052535127192016,0.3255196903304198,0.014184397163120567
R2_aA_m0,R2,2,1,E,stochastic,unknown,E,,978,829,829,2.135274887084961,0.0,0,6.460756540575106,1.0177491457597831,296.140609786056,0.16043425814234016,0.0,0.8383594692400482,0.25331724969843183,1.5537128618287785,0.9045754556232621,0.025331724969843185,0.5656912747169276,0.3109409221655807,0.016666666666666666
R2_aA_m0,R2,2,2,E,stochastic,unknown,E,,978,829,829,1.6311120986938477,0.0,0,4.10861581101602,0.5576058732045045,152.6889198726949,0.158021712907117,0.0,0.8395657418576599,0.6839565741857659,1.4842976341286955,0.80762897622392,0.027744270205066344,0.3717397294681084,0.3717397294681084,0.0
R2_aA_m0,R2,2,3,E,stochastic,unknown,E,,978,829,829,1.598832607269287,0.0,0,4.203987705016358,0.5422499605348272,152.85380392436045,0.16164053075995174,0.0,0.8371531966224367,0.4837153196622437,1.5488712441310195,0.8922369802537267,0.026537997587454766,0.42006927093910895,0.3587856216092059,0.007042253521126761
R2_aA_m0,R2,2,4,E,stochastic,unknown,E,,978,829,829,2.166315793991089,0.0,0,6.0671606318209195,0.9471810353997256,258.9652057466483,0.16164053075995174,0.007237635705669481,0.827503015681544,0.48009650180940894,1.5273757822796914,0.9084874223523027,0.022919179734620022,0.5672267586577486,0.34316362437424563,0.014519056261343012
R2_aA_m0,R2,2,5,E,stochastic,unknown,E,,978,829,829,1.6150381565093994,0.0,0,5.3831800193194015,0.9345670596792874,260.1942572593409,0.1773220747889023,0.0,0.8130277442702051,0.29674306393244876,1.4881615173248737,0.8324622945266312,0.025331724969843185,0.5225576854652695,0.3348041453010712,0.014285714285714285
R2_aA_m0,R2,2,6,E,stochastic,unknown,E,,978,829,829,1.6268188953399658,0.0,0,4.720658529391216,0.8512561976096931,222.0595996475791,0.16284680337756333,0.0,0.8287092882991556,0.3968636911942099,1.4725383103110659,0.8020955730619972,0.027744270205066344,0.5106499687426076,0.3407817440892357,0.014285714285714285
R2_aA_m0,R2,2,7,E,stochastic,unknown,E,,978,829,829,2.1865234375,0.0,0,4.483533937773955,0.6500528791671879,704.1991398814381,0.1712907117008444,0.0,0.8262967430639324,0.5633293124246079,1.5200401034640498,0.8236468978156269,0.027744270205066344,0.3763148849294113,0.3763148849294113,0.0
R2_aA_m0,R2,2,8,E,stochastic,unknown,E,,978,829,829,2.1750049591064453,0.0,0,5.396007289878233,0.8696123558977628,236.0590849005371,0.16043425814234016,0.006031363088057901,0.8383594692400482,0.46562123039806996,1.506280861914561,0.8163725184568671,0.028950542822677925,0.5082801360226014,0.33560125168818117,0.01415929203539823
R2_aA_m0,R2,2,9,E,stochastic,unknown,E,,978,829,829,2.1624886989593506,0.0,0,4.207273995354614,0.6056372250793873,170.6753978533424,0.16043425814234016,0.0,0.827503015681544,0.6851628468033776,1.5098743183137024,0.8296538827864617,0.026537997587454766,0.3796031012393727,0.3796031012393727,0.0
R2_aA_m0,R2,2,10,E,stochastic,unknown,E,,978,829,829,2.188960552215576,0.0,0,4.055081148518666,0.7770094393527165,214.20331482115046,0.17249698431845598,0.0,0.8262967430639324,0.6779252110977081,1.4101870959591183,0.777534479490647,0.025331724969843185,0.4514961982097863,0.3572038469650624,0.008802816901408451
R2_aA_m0,R2,2,11,E,stochastic,unknown,E,,978,829,829,2.173583745956421,0.0,0,7.413152656239396,1.0762242143312926,314.17697641464173,0.16284680337756333,0.0,0.8250904704463209,0.3944511459589867,1.649650795705851,0.9649961587858338,0.026537997587454766,0.5864827143101209,0.3095995205807012,0.016574585635359115
R2_aA_m0,R2,2,12,E,stochastic,unknown,E,,978,829,829,2.185823440551758,0.0,0,5.439578361465432,0.8094489222066525,206.06884188947453,0.1700844390832328,0.0,0.8287092882991556,0.5428226779252111,1.6090519764758984,0.8825236242523435,0.030156815440289506,0.5124867510603299,0.3400354119621084,0.014388489208633094
R2_aA_m0,R2,2,13,E,stochastic,unknown,E,,978,829,829,2.188424825668335,0.0,0,5.228825621956669,0.9014683411922687,268.26085976039957,0.16164053075995174,0.0,0.8299155609167672,0.36670687575392036,1.4882633180061964,0.8304409433987914,0.028950542822677925,0.5165756768544955,0.3436804838360331,0.014209591474245116
R2_aA_m0,R2,2,14,E,stochastic,unknown,E,,978,829,829,2.1890370845794678,0.0,0,4.882210616651764,0.7694111428492699,226.77734031789052,0.16767189384800965,0.0,0.8299155609167672,0.6537997587454765,1.5285328311937616,0.8421249116646818,0.026537997587454766,0.4081184341028317,0.34314187378485694,0.006932409012131715
R2_aA_m0,R2,2,15,E,stochastic,unknown,E,,978,829,829,1.624964952468872,0.0,0,4.2080662466371175,0.5687638978443963,169.4112393504509,0.15922798552472858,0.0,0.8383594692400482,0.6827503015681544,1.5340170280935705,0.8529522647648009,0.027744270205066344,0.36967171727686005,0.36967171727686005,0.0
R2_aA_m0,R2,2,16,E,stochastic,unknown,E,,978,829,829,1.6125092506408691,0.0,0,7.5503208424345125,1.1647874662512292,366.23176600728834,0.17490952955367914,0.0,0.8238841978287093,0.19300361881785283,1.6057212779500796,0.9113232578990493,0.026537997587454766,0.5960487370615851,0.31073631347053937,0.016666666666666666
R2_aA_m0,R2,2,17,E,stochastic,unknown,E,,978,829,829,2.2009193897247314,0.0,0,5.732789695627787,0.9225379806194589,241.91042825418782,0.17249698431845598,0.0,0.8250904704463209,0.46682750301568154,1.5250826717732495,0.8897999711345032,0.024125452352231604,0.5433301708353954,0.3309124405071868,0.01436265709156194
R2_aA_m0,R2,2,18,E,stochastic,unknown,E,,978,829,829,2.200303077697754,0.0,0,2.7665461219874437,0.4443431261652517,121.61148140531408,0.09650180940892641,0.0,0.893848009650181,0.6839565741857659,1.3854583784986754,0.7642428614041011,0.025331724969843185,0.39048694120109156,0.39048694120109156,0.0
R2_aA_m0,R2,2,19,E,stochastic,unknown,E,,978,829,829,2.2336926460266113,0.0,0,4.028162213291477,0.5779191906140964,859.6047657857862,0.16887816646562123,0.0,0.8262967430639324,0.6260554885404102,1.492311210975511,0.8476350899615206,0.025331724969843185,0.4086032061992162,0.3522847433543382,0.007029876977152899
R2_aA_m0,R2,2,20,E,stochastic,unknown,E,,978,829,829,2.2337803840637207,0.0,0,5.986141012388976,0.9037867046513036,248.2496229123884,0.16284680337756333,0.027744270205066344,0.8323281061519904,0.5295536791314838,1.575463359085077,0.9267430614148671,0.025331724969843185,0.5512485974596526,0.3374578599073641,0.014336917562724014
R2_aA_m0,R2,2,21,E,stochastic,unknown,E,,978,829,829,2.24359130859375,0.0,0,3.956789649918154,0.5010059557191395,125.50154989536549,0.158021712907117,0.0,0.8395657418576599,0.5585042219541616,1.5039923227202905,0.8169185437652311,0.027744270205066344,0.37194258994346285,0.37194258994346285,0.0
R2_aA_m0,R2,2,22,E,stochastic,unknown,E,,978,829,829,2.2378714084625244,0.0,0,6.044920971566843,0.9819316886909237,265.65951482779377,0.16164053075995174,0.024125452352231604,0.8347406513872135,0.3341375150784077,1.5149558270410004,0.859391689700457,0.025331724969843185,0.5587636678550073,0.3366467251684892,0.014466546112115732
R2_aA_m0,R2,2,23,E,stochastic,unknown,E,,978,829,829,2.213757038116455,0.0,0,4.213259496101785,0.6032450593885805,1806.9840121779987,0.16164053075995174,0.0,0.8371531966224367,0.6272617611580217,1.4971278550555505,0.8447128400006013,0.025331724969843185,0.4315082417090722,0.36204155782097397,0.007079646017699115
R2_aA_m0,R2,2,24,E,stochastic,unknown,E,,978,829,829,1.6031463146209717,0.0,0,3.795859921153213,0.6997727401336146,178.06060663226287,0.17490952955367914,0.0,0.8226779252110977,0.6948130277442702,1.4364077906658683,0.7876305013811595,0.026537997587454766,0.43998270274552004,0.3681700099870046,0.006896551724137931
R2_aA_m0,R2,2,25,E,stochastic,unknown,E,,978,829,829,2.2563235759735107,0.0,0,4.068456486899832,0.6630847479415855,186.54760644145014,0.16164053075995174,0.014475271411338963,0.8371531966224367,0.6718938480096501,1.4480808574501913,0.7888131574812922,0.027744270205066344,0.39613406339962626,0.3410249913623179,0.006944444444444444
R2_aA_m0,R2,2,26,E,stochastic,unknown,E,,978,829,829,1.6695377826690674,0.0,0,7.233378639577334,1.156414885341498,378.6412524931165,0.17249698431845598,0.024125452352231604,0.8250904704463209,0.18094089264173704,1.5758270257984748,0.914439925950985,0.025331724969843185,0.5845262528720268,0.31038820674326484,0.016544117647058824
R2_aA_m0,R2,2,27,E,stochastic,unknown,E,,978,829,829,2.233107328414917,0.0,0,7.607663386024985,1.165908745215385,359.3989152234179,0.1712907117008444,0.014475271411338963,0.8262967430639324,0.2677925211097708,1.6267485249816787,0.9441154553651798,0.026537997587454766,0.6243303434896057,0.333493033302395,0.01486988847583643
R2_aA_m0,R2,2,28,E,stochastic,unknown,E,,978,829,829,2.267997980117798,0.0,0,5.438060919846938,0.8737290406843482,1069.2358041571529,0.1700844390832328,0.0,0.8190591073582629,0.5054282267792521,1.488380580955112,0.8420647011137905,0.026537997587454766,0.5290693642159072,0.3236337717891684,0.014705882352941176
R2_aA_m0,R2,2,29,E,stochastic,unknown,E,,978,829,829,2.2473483085632324,0.0,0,5.247219148479561,0.8861240965804329,219.63244855258077,0.17490952955367914,0.0,0.8238841978287093,0.5006031363088058,1.4843248022159266,0.8341261845069402,0.026537997587454766,0.5338444481985356,0.3354280490569361,0.014545454545454545
R2_aA_m0,R2,2,30,E,stochastic,unknown,E,,978,829,829,2.272993803024292,0.0,0,4.010488351681672,0.5770542577101757,238.1279473983383,0.16284680337756333,0.0,0.8323281061519904,0.6887816646562123,1.5067022156922505,0.8033482442160051,0.027744270205066344,0.3739955253751198,0.3739955253751198,0.0
R2_aA_m0,R2,2,31,E,stochastic,unknown,E,,978,829,829,2.1206629276275635,0.0,0,5.209865071807605,0.851834482799839,252.24265518614212,0.17490952955367914,0.0,0.8238841978287093,0.451145958986731,1.517905768407362,0.8305558582005251,0.026537997587454766,0.4386165739338525,0.33234001676506086,0.010471204188481676
R2_aA_m0,R2,2,32,E,stochastic,unknown,E,,978,829,829,2.236396312713623,0.0,0,5.147934115394414,0.8296835913171293,238.25074640662638,0.15922798552472858,0.0,0.8371531966224367,0.46562123039806996,1.5018223170654974,0.8140330750076061,0.027744270205066344,0.4436780363165578,0.32861890024312446,0.012131715771230503
R2_aA_m0,R2,2,33,E,stochastic,unknown,E,,978,829,829,1.8779356479644775,0.0,0,6.0231720724727955,0.9587182950331268,253.39142678042413,0.16043425814234016,0.019300361881785282,0.8287092882991556,0.3606755126658625,1.550827359408156,0.8532481144185001,0.027744270205066344,0.5382589226579053,0.32245990656735457,0.014285714285714285
R2_aA_m0,R2,2,34,E,stochastic,unknown,E,,978,829,829,1.638763189315796,0.0,0,4.128879363120082,0.5589616204940328,151.49502484998757,0.15922798552472858,0.0,0.8383594692400482,0.715319662243667,1.5081624036668178,0.847014029693176,0.026537997587454766,0.3918934907728391,0.35265042432799537,0.005309734513274336
R2_aA_m0,R2,2,35,E,stochastic,unknown,E,,978,829,829,1.5729084014892578,0.0,0,5.215386279016312,0.7724884969484513,190.741000856246,0.15922798552472858,0.0,0.8383594692400482,0.5536791314837153,1.5235160489322066,0.8394152869841224,0.027744270205066344,0.5042188346448967,0.3399421744923991,0.014414414414414415
R2_aA_m0,R2,2,36,E,stochastic,unknown,E,,978,829,829,1.6086227893829346,0.0,0,6.164837937118182,0.967271134872507,278.20803442179556,0.17249698431845598,0.0,0.8250904704463209,0.5018094089264173,1.571789988621563,0.9268821236215533,0.024125452352231604,0.5583280905238535,0.3418139173053765,0.014414414414414415
R2_aA_m0,R2,2,37,E,stochastic,unknown,E,,978,829,829,1.6152515411376953,0.0,0,4.257099768589629,0.617687154483497,871.1175845262145,0.16043425814234016,0.0,0.8383594692400482,0.6815440289505428,1.5075764132443281,0.8153577479418979,0.026537997587454766,0.3822888781751229,0.3822888781751229,0.0
R2_aA_m0,R2,2,38,E,stochastic,unknown,E,,978,829,829,1.5859441757202148,0.0,0,5.709296847924609,0.9288530244523687,244.52786297264598,0.16164053075995174,0.0,0.8359469240048251,0.45355850422195415,1.527765223113196,0.8309444519192675,0.026537997587454766,0.5152128731551756,0.336228553592505,0.014285714285714285
R2_aA_m0,R2,2,39,E,stochastic,unknown,E,,978,829,829,1.6306142807006836,0.0,0,4.200665271146209,0.5530588697767188,144.94405024796794,0.1652593486127865,0.0,0.827503015681544,0.6417370325693607,1.5448133854665695,0.8434693135990574,0.027744270205066344,0.36214332246417796,0.36214332246417796,0.0
R2_aA_m0,R2,2,40,E,stochastic,unknown,E,,978,829,829,1.5878591537475586,0.0,0,4.973273731327736,0.8429905259061362,208.5236849485191,0.14837153196622438,0.0,0.8166465621230398,0.4764776839565742,1.493525700594077,0.8557053617959749,0.025331724969843185,0.5304831052157915,0.3424536465115886,0.014336917562724014
R2_aA_m0,R2,2,41,E,stochastic,unknown,E,,978,829,829,1.6564819812774658,0.0,0,5.748377410622058,0.9239069665864917,225.9768727110102,0.1700844390832328,0.0,0.8250904704463209,0.451145958986731,1.4959774946406244,0.8302571671311813,0.027744270205066344,0.5688320707271659,0.34735651578626003,0.014414414414414415
R2_aA_m0,R2,2,42,E,stochastic,unknown,E,,978,829,829,2.1713266372680664,0.0,0,4.0194075844155694,0.495048135747167,171.40419345239326,0.15681544028950542,0.0,0.841978287092883,0.6417370325693607,1.4806414032774133,0.7868342308726474,0.026537997587454766,0.36234833168358327,0.36234833168358327,0.0
R2_aA_m0,R2,2,43,E,stochastic,unknown,E,,978,829,829,2.1731221675872803,0.0,0,5.670115190282835,0.9693959410075083,297.65140891877616,0.16767189384800965,0.0,0.8250904704463209,0.28468033775633295,1.4802197594508122,0.8370447801222627,0.025331724969843185,0.49036161589881655,0.3323391169109608,0.012367491166077738
R2_aA_m0,R2,2,44,E,stochastic,unknown,E,,978,829,829,2.1654250621795654,0.0,0,5.776341372040155,0.9154256004401837,239.52047883302734,0.16767189384800965,0.0,0.827503015681544,0.503015681544029,1.5406200903386704,0.8803122161642825,0.024125452352231604,0.5264350167549086,0.3281002199980121,0.014492753623188406
R2_aA_m0,R2,2,45,E,stochastic,unknown,E,,978,829,829,2.1878271102905273,0.0,0,4.505618358665216,0.6848591538449723,198.18815219570672,0.15922798552472858,0.0,0.8395657418576599,0.6815440289505428,1.5633647268487456,0.858977839620527,0.030156815440289506,0.4019238385006928,0.34034950535049036,0.0068846815834767644
R2_aA_m0,R2,2,46,E,stochastic,unknown,E,,978,829,829,2.164903402328491,0.0,0,5.396313582200432,0.8415619137702317,220.10585654409073,0.1712907117008444,0.014475271411338963,0.8250904704463209,0.5500603136308806,1.5182574715862125,0.8841460292891598,0.022919179734620022,0.5180380414773046,0.35342904071855125,0.012522361359570662
R2_aA_m0,R2,2,47,E,stochastic,unknown,E,,978,829,829,2.174032688140869,0.0,0,6.7649704135601265,0.9629996208929342,252.16101116219855,0.16767189384800965,0.0,0.8299155609167672,0.4427020506634499,1.6053659251977819,0.9099767985577422,0.027744270205066344,0.5720620234902365,0.3239600096207518,0.016363636363636365
R2_aA_m0,R2,2,48,E,stochastic,unknown,E,,978,829,829,2.1915762424468994,0.0,0,5.509552699551252,0.8946385756478681,243.58265471799473,0.17611580217129072,0.0,0.8226779252110977,0.5042219541616405,1.4978630491814362,0.8279176119025523,0.027744270205066344,0.502641239566871,0.3441989660470298,0.012411347517730497
R2_aA_m0,R2,2,49,E,stochastic,unknown,E,,978,829,829,2.2006382942199707,0.0,0,4.125928387299375,0.4983619593222188,139.14325379149219,0.1411338962605549,0.0,0.8431845597104946,0.5874547647768396,1.540319139794148,0.8367720815274768,0.027744270205066344,0.3598297390690295,0.3598297390690295,0.0
R2_aB_m0,R2,0,0,E,stochastic,unknown,E,,978,829,829,2.216306686401367,0.0,0,2.1145219510703908,0.18085907569898632,15.276206735663783,0.3606755126658625,0.0,0.5452352231604343,0.6911942098914354,1.0665965819157583,0.649825917444019,0.020506634499396863,0.3936533832491585,0.31323251117825085,0.006738544474393531
R2_aB_m0,R2,0,1,E,stochastic,unknown,E,,978,829,829,2.240342378616333,0.0,0,2.0443049893163674,0.15278991517843524,12.16668299132576,0.5995174909529554,0.0,0.3474065138721351,0.773220747889023,1.057501725346695,0.6465793921053394,0.019300361881785282,0.395679850523389,0.31444194712200046,0.006747638326585695
R2_aB_m0,R2,0,2,E,stochastic,unknown,E,,978,829,829,2.2237155437469482,0.0,0,1.7768201694618428,0.17590988443865835,12.820810827425762,0.36308805790108567,0.0,0.45476477683956573,0.7889022919179735,1.057443755295833,0.6472808910337806,0.018094089264173704,0.3878639411084313,0.29564986070615884,0.008152173913043478
R2_aB_m0,R2,0,3,E,stochastic,unknown,E,,978,829,829,2.299489974975586,0.0,0,2.6448727709456388,0.13735889190761663,15.048810893596487,0.525934861278649,0.0,0.3944511459589867,0.661037394451146,1.0804396203247708,0.6837377436958778,0.019300361881785282,0.4094326438760612,0.3239254688375763,0.006765899864682003
R2_aB_m0,R2,0,4,E,stochastic,unknown,E,,978,829,829,2.2859537601470947,0.0,0,2.2194953635426318,0.17857976567710862,15.426642152022422,0.48854041013269,0.0,0.45476477683956573,0.7478890229191797,1.053377657407098,0.6478951422104382,0.019300361881785282,0.3992794256657772,0.31643773175896683,0.006793478260869565
R2_aB_m0,R2,0,5,E,stochastic,unknown,E,,978,829,829,2.293247938156128,0.0,0,1.9115549899058832,0.19099489787173643,14.87191861875547,0.3039806996381182,0.0,0.6344993968636912,0.6960193003618818,1.0662910234819034,0.6547609335343736,0.019300361881785282,0.39103291634502024,0.310190797906074,0.0067842605156037995
R2_aB_m0,R2,0,6,E,stochastic,unknown,E,,978,829,829,2.2907471656799316,0.0,0,1.6767056880116935,0.19943625421609856,15.877015716786067,0.2738238841978287,0.0,0.6272617611580217,0.8033775633293124,1.0425031293003018,0.6296491582358811,0.019300361881785282,0.38025523040507164,0.2903102172347504,0.008119079837618403
R2_aB_m0,R2,0,7,E,stochastic,unknown,E,,978,829,829,2.290726661682129,0.0,0,2.0991095763304535,0.26128177609158537,25.524169134669364,0.09047044632086852,0.0,0.8636911942098915,0.5669481302774427,1.0737881974235663,0.6595834786018626,0.018094089264173704,0.3970852589170623,0.31508238762285484,0.006887052341597796
R2_aB_m0,R2,0,8,E,stochastic,unknown,E,,978,829,829,2.1849863529205322,0.0,0,2.36264697706839,0.16723847349328458,15.002597272345602,0.5428226779252111,0.0,0.4234016887816647,0.6791314837153196,1.0381308415678856,0.6334497607999572,0.019300361881785282,0.4026927269591603,0.31768007255663955,0.006793478260869565
R2_aB_m0,R2,0,9,E,stochastic,unknown,E,,978,829,829,2.285358428955078,0.0,0,2.83579017560084,0.250928777631634,22.20781483082651,0.11097708082026538,0.0,0.8612786489746683,0.3425814234016888,1.070729337985686,0.6471798189348761,0.020506634499396863,0.4108095907656383,0.32701967713865626,0.006887052341597796
R2_aB_m0,R2,0,10,E,stochastic,unknown,E,,978,829,829,2.0670337677001953,0.0,0,1.8743949526537393,0.19282551808374254,16.235760124541358,0.31845597104945716,0.0,0.5874547647768396,0.8069963811821471,1.0554975711547856,0.6466083962423982,0.019300361881785282,0.3893754186365721,0.3069151312386838,0.0068212824010914054
R2_aB_m0,R2,0,11,E,stochastic,unknown,E,,978,829,829,2.2842154502868652,0.0,0,3.126212368439056,0.2389853609051891,23.424221998786802,0.08685162846803378,0.0,0.8829915560916767,0.44752714113389624,1.094329853373018,0.6754615283593264,0.019300361881785282,0.4318478026925677,0.34845698615742177,0.006925207756232687
R2_aB_m0,R2,0,12,E,stochastic,unknown,E,,978,829,829,2.320641040802002,0.0,0,2.318051223916534,0.1918857476869871,15.917306244310312,0.3027744270205066,0.0,0.6489746682750301,0.6513872135102533,1.090928535111853,0.6744171630943994,0.019300361881785282,0.40694947316514013,0.3236458116289499,0.00684931506849315
R2_aB_m0,R2,0,13,E,stochastic,unknown,E,,978,829,829,2.264979124069214,0.0,0,1.6925389460327314,0.16684622978618277,12.697313975045965,0.41857659831121835,0.0,0.49215922798552475,0.8323281061519904,1.0943031947106383,0.6654875444604842,0.021712907117008445,0.38302078945709095,0.2936633899259153,0.008097165991902834
R2_aB_m0,R2,0,14,E,stochastic,unknown,E,,978,829,829,1.6431026458740234,0.0,0,3.397475906914369,0.2523230067475356,23.161388616320533,0.08443908323281062,0.0,0.8974668275030157,0.30759951749095293,1.0728464682181638,0.6554895671179511,0.020506634499396863,0.4255903498085028,0.339633533190432,0.006934812760055479
R2_aB_m0,R2,0,15,E,stochastic,unknown,E,,978,829,829,1.6491234302520752,0.0,0,2.1220943881121617,0.19153343934775408,17.417367724147464,0.18576598311218334,0.0,0.7478890229191797,0.6164053075995175,1.0762336857710753,0.6590336267830376,0.020506634499396863,0.38917769470517133,0.2972596219573004,0.008119079837618403
R2_aB_m0,R2,0,16,E,stochastic,unknown,E,,978,829,829,2.2982029914855957,0.0,0,2.7807990018830067,0.2824179539179978,24.863224775207062,0.024125452352231604,0.0,0.9517490952955368,0.37997587454764775,1.081371597737987,0.6585685193612477,0.018094089264173704,0.41302279959234117,0.3297104629021511,0.006944444444444444
R2_aB_m0,R2,0,17,E,stochastic,unknown,E,,978,829,829,1.6132159233093262,0.0,0,2.645022705613449,0.19457474920918547,17.228134842313302,0.3848009650180941,0.0,0.5235223160434258,0.5271411338962606,1.070687397392788,0.6589974231447364,0.019300361881785282,0.4096166024486582,0.32577308341435596,0.006811989100817439
R2_aB_m0,R2,0,18,E,stochastic,unknown,E,,978,829,829,1.6398708820343018,0.0,0,1.2292528341692202,0.17785464217297392,15.11885522895634,0.4390832328106152,0.0024125452352231603,0.5379975874547648,0.9119420989143546,1.0507588252442686,0.6449111400188139,0.019300361881785282,0.3623307785779319,0.2733787623598461,0.008075370121130552
R2_aB_m0,R2,0,19,E,stochastic,unknown,E,,978,829,829,1.6452791690826416,0.0,0,2.2752971622319618,0.19228900122847065,17.69274436182661,0.4583835946924005,0.0,0.5138721351025332,0.7008443908323281,1.0465729044716992,0.6457349647368897,0.019300361881785282,0.3967777492175913,0.31296409934920405,0.0068212824010914054
R2_aB_m0,R2,0,20,E,stochastic,unknown,E,,978,829,829,1.6256914138793945,0.0,0,1.916892593549519,0.17616954926982153,14.665812892330829,0.4692400482509047,0.0,0.4583835946924005,0.7973462002412546,1.0623947132766562,0.6557811126233932,0.019300361881785282,0.39372513064233494,0.31142037929639166,0.0067842605156037995
R2_aB_m0,R2,0,21,E,stochastic,unknown,E,,978,829,829,1.6821238994598389,0.0,0,2.865026902884099,0.20595927299090167,17.192642202764056,0.390832328106152,0.0,0.5500603136308806,0.428226779252111,1.0655385927469492,0.6534118807609974,0.019300361881785282,0.40922735470626886,0.3246430259596639,0.006775067750677507
R2_aB_m0,R2,0,22,E,stochastic,unknown,E,,978,829,829,1.61812424659729,0.0,0,2.017108928108605,0.17946771067001144,15.66905268260579,0.24607961399276237,0.0,0.6996381182147166,0.7322074788902292,1.0435761102088053,0.6408665273349093,0.018094089264173704,0.3885784190972076,0.30976593713419703,0.006738544474393531
R2_aB_m0,R2,0,23,E,stochastic,unknown,E,,978,829,829,1.886685848236084,0.0,0,2.352620413859987,0.1829567653637268,15.195339209250392,0.4644149577804584,0.0,0.48009650180940894,0.6718938480096501,1.0617447036548346,0.6527211598139621,0.019300361881785282,0.4014510732793293,0.3187047012646846,0.00684931506849315
R2_aB_m0,R2,0,24,E,stochastic,unknown,E,,978,829,829,1.6513066291809082,0.0,0,1.926229230761767,0.19360078468464373,16.40058497000469,0.3172496984318456,0.0,0.6453558504221955,0.7804583835946924,1.0588556664071276,0.6528405572358167,0.019300361881785282,0.3919401823162231,0.3118834110820658,0.006802721088435374
R2_aB_m0,R2,0,25,E,stochastic,unknown,E,,978,829,829,2.207395553588867,0.0,0,1.3913906409463765,0.1780161995084443,14.063538681359969,0.3281061519903498,0.014475271411338963,0.6308805790108565,0.8455971049457177,1.0611996445040908,0.6394897404522888,0.020506634499396863,0.3711710271767024,0.28195856474065695,0.008075370121130552
R2_aB_m0,R2,0,26,E,stochastic,unknown,E,,978,829,829,2.211052894592285,0.0,0,2.252628363733786,0.22472722685143579,19.404437545738652,0.2316043425814234,0.0,0.7310012062726177,0.5560916767189384,1.0858399561230414,0.6714750528471637,0.018094089264173704,0.38323710132495337,0.2963863373405566,0.008075370121130552
R2_aB_m0,R2,0,27,E,stochastic,unknown,E,,978,829,829,2.2025561332702637,0.0,0,2.5891006469049467,0.24215942467954676,20.81086168779423,0.10132689987937274,0.0,0.7985524728588661,0.43546441495778043,1.0806238425777708,0.6698094850316633,0.018094089264173704,0.40262448354094016,0.3197798582341061,0.00684931506849315
R2_aB_m0,R2,0,28,E,stochastic,unknown,E,,978,829,829,2.219440460205078,0.0,0,1.7581019029612082,0.15952354469767713,10.906071028461504,0.6139927623642943,0.0036188178528347406,0.3088057901085645,0.7322074788902292,1.05219541106004,0.6327277875757324,0.020506634499396863,0.3894022204459086,0.30907137131569845,0.006738544474393531
R2_aB_m0,R2,0,29,E,stochastic,unknown,E,,978,829,829,2.2107279300689697,0.0,0,2.1836618075926557,0.17652865776963095,14.444294340947957,0.45476477683956573,0.0,0.47285886610373945,0.6936067551266586,1.063031193474091,0.655451184930813,0.019300361881785282,0.3951304951691521,0.31477755368046234,0.006765899864682003
R2_aB_m0,R2,0,30,E,stochastic,unknown,E,,978,829,829,2.217160940170288,0.0,0,2.4692614934065715,0.2210614961917544,18.37486583648924,0.2798552472858866,0.0,0.661037394451146,0.5440289505428226,1.0452905249203384,0.641156406109581,0.018094089264173704,0.3978398673925716,0.3144617037076319,0.006775067750677507
R2_aB_m0,R2,0,31,E,stochastic,unknown,E,,978,829,829,1.6791131496429443,0.0,0,2.1746013094478323,0.23256154809980836,20.076528147814454,0.15319662243667068,0.0,0.7913148371531966,0.6019300361881785,1.068402911021616,0.6565837247229078,0.018094089264173704,0.3947717650649604,0.31297400494890426,0.006858710562414266
R2_aB_m0,R2,0,32,E,stochastic,unknown,E,,978,829,829,2.215364933013916,0.0,0,2.0497020546827605,0.21658088162868394,17.743714273556698,0.15560916767189384,0.0,0.729794933655006,0.6260554885404102,1.0479537678415982,0.6313539861709866,0.019300361881785282,0.3873660206505147,0.3076008161589071,0.006765899864682003
R2_aB_m0,R2,0,33,E,stochastic,unknown,E,,978,829,829,2.2101686000823975,0.0,0,2.102359702621465,0.19151119356686377,14.296238652476198,0.4028950542822678,0.0,0.5476477683956574,0.706875753920386,1.0643350778988205,0.6478916238681932,0.019300361881785282,0.3970655533513604,0.314571006006898,0.006793478260869565
R2_aB_m0,R2,0,34,E,stochastic,unknown,E,,978,829,829,2.2164299488067627,0.0,0,2.1685619376676843,0.1499492051262644,13.896210617095605,0.5283474065138721,0.0,0.43063932448733416,0.7490952955367913,1.0668563964503657,0.6618538039357036,0.019300361881785282,0.39942219141358376,0.31639679210616967,0.006756756756756757
R2_aB_m0,R2,0,35,E,stochastic,unknown,E,,978,829,829,2.10506534576416,0.0,0,2.078374029604716,0.17442097493906453,13.83027679309174,0.5512665862484921,0.0,0.3848009650180941,0.7708082026537998,1.0391584957333728,0.6298850967773542,0.019300361881785282,0.3907648786861461,0.30745927471459084,0.006775067750677507
R2_aB_m0,R2,0,36,E,stochastic,unknown,E,,978,829,829,2.2157907485961914,0.0,0,2.8869813020033295,0.23573166059991907,22.25697826086679,0.14475271411338964,0.0,0.7635705669481303,0.390832328106152,1.0750562983504968,0.6674811555227141,0.019300361881785282,0.41449394881076623,0.32948719965012363,0.006896551724137931
R2_aB_m0,R2,0,37,E,stochastic,unknown,E,,978,829,829,2.2248315811157227,0.0,0,1.6974870220087759,0.20847577730695835,17.717429909013653,0.17370325693606756,0.0,0.7937273823884198,0.7876960193003619,1.0567545082955525,0.647887106956471,0.018094089264173704,0.37823780496591974,0.28684839157822234,0.008152173913043478
R2_aB_m0,R2,0,38,E,stochastic,unknown,E,,978,829,829,2.2073190212249756,0.0,0,2.3202749989387828,0.22939527735333276,19.773248188289216,0.18335343787696018,0.0,0.7696019300361882,0.51145958986731,1.0539344872345473,0.6386955382318467,0.019300361881785282,0.39724417740078977,0.31541379632023125,0.00684931506849315
R2_aB_m0,R2,0,39,E,stochastic,unknown,E,,978,829,829,1.6495146751403809,0.0,0,2.5356485115170044,0.28688219050077507,28.706009943475642,0.0,0.0,0.985524728588661,0.38118214716525933,1.0832375417577993,0.664513151297857,0.018094089264173704,0.4073035046374773,0.3250410971869608,0.006887052341597796
R2_aB_m0,R2,0,40,E,stochastic,unknown,E,,978,829,829,2.2998948097229004,0.0,0,2.0760643276841075,0.18148478724622163,15.783976717341602,0.31845597104945716,0.0,0.6067551266586249,0.7828709288299156,1.0598799982838334,0.6549326175330671,0.019300361881785282,0.39373432485539744,0.3125976828833416,0.006756756756756757
R2_aB_m0,R2,0,41,E,stochastic,unknown,E,,978,829,829,1.6414833068847656,0.0,0,2.5700685782394994,0.20060576971123595,15.303800091349228,0.35102533172496986,0.0,0.5090470446320868,0.47406513872135103,1.081244097631225,0.6517285904467257,0.020506634499396863,0.4051096853940143,0.32226873781895926,0.006775067750677507
R2_aB_m0,R2,0,42,E,stochastic,unknown,E,,978,829,829,2.2722585201263428,0.0,0,2.228627767412542,0.19113872698201945,17.50578000787871,0.2074788902291918,0.0,0.729794933655006,0.5585042219541616,1.0363363719146579,0.6245024167275417,0.019300361881785282,0.3980588778406129,0.3158715551990099,0.006811989100817439
R2_aB_m0,R2,0,43,E,stochastic,unknown,E,,978,829,829,2.3014957904815674,0.0,0,2.273640464639043,0.24362836197065232,21.783996018527585,0.11459589867310012,0.0,0.8443908323281062,0.5958986731001207,1.0441311800832236,0.6366465195092779,0.019300361881785282,0.39531715963143704,0.31251525838844413,0.006858710562414266
R2_aB_m0,R2,0,44,E,stochastic,unknown,E,,978,829,829,1.6080820560455322,0.0,0,2.0011340168936247,0.18914676142273204,15.742643238687464,0.27261761158021713,0.0,0.6441495778045838,0.7032569360675512,1.0656568829295674,0.6478186803795193,0.019300361881785282,0.3934287510211001,0.311964573240171,0.006811989100817439
R2_aB_m0,R2,0,45,E,stochastic,unknown,E,,978,829,829,1.6343867778778076,0.0,0,2.225144532997584,0.1677554433183798,14.879592711090142,0.4149577804583836,0.0,0.4427020506634499,0.7430639324487334,1.0723011685612738,0.6659288137399793,0.019300361881785282,0.40127806134894456,0.31665946062042266,0.006765899864682003
R2_aB_m0,R2,0,46,E,stochastic,unknown,E,,978,829,829,2.307861328125,0.0,0,2.048961585564202,0.1605259855502272,12.697766496274282,0.617611580217129,0.0,0.35826296743063935,0.7201447527141134,1.0470586933497266,0.6406795583507622,0.019300361881785282,0.38948217696384524,0.3085487815187675,0.006747638326585695
R2_aB_m0,R2,0,47,E,stochastic,unknown,E,,978,829,829,2.153250217437744,0.0,0,2.57459310082978,0.1887430983393865,17.838526975162036,0.2388419782870929,0.0,0.6598311218335344,0.525934861278649,1.0549815622678753,0.6485418547036756,0.019300361881785282,0.4076775428710704,0.3252041784556761,0.006793478260869565
R2_aB_m0,R2,0,48,E,stochastic,unknown,E,,978,829,829,2.3213555812835693,0.0,0,2.3597220995357167,0.24496352986394437,21.72607553494714,0.1411338962605549,0.0,0.7937273823884198,0.5199034981905911,1.054655685813581,0.648670869533383,0.018094089264173704,0.39946530835372274,0.3174879287546083,0.006868131868131868
R2_aB_m0,R2,0,49,E,stochastic,unknown,E,,978,829,829,1.661855697631836,0.0,0,1.7629579568168905,0.2494280918594924,24.033442539088647,0.14475271411338964,0.0,0.7961399276236429,0.715319662243667,1.0849417560194266,0.6731057027977542,0.018094089264173704,0.37897598927327186,0.289424833901796,0.008207934336525308
R2_aB_m0,R2,1,0,E,stochastic,unknown,E,,978,829,829,1.675654411315918,0.0,0,2.0342227971198303,0.1861837070792577,15.600682999274403,0.3100120627261761,0.0,0.6067551266586249,0.7177322074788902,1.067000073978305,0.6492647570340399,0.020506634499396863,0.3916344493814684,0.31139469892987864,0.006738544474393531
R2_aB_m0,R2,1,1,E,stochastic,unknown,E,,978,829,829,1.6159858703613281,0.0,0,1.9876823554534138,0.15505705997570773,12.281251603343694,0.5753920386007237,0.0,0.3618817852834741,0.7756332931242461,1.057109699506489,0.6456047664964509,0.019300361881785282,0.3943955743311589,0.31320773473638697,0.006747638326585695
R2_aB_m0,R2,1,2,E,stochastic,unknown,E,,978,829,829,1.6187701225280762,0.0,0,1.7420929420571025,0.181939046548171,13.864715737796843,0.3208685162846803,0.0,0.6369119420989143,0.7647768395657418,1.0597898078591492,0.64807113803328,0.018094089264173704,0.3844962255255653,0.2925618213751684,0.008141112618724558
R2_aB_m0,R2,1,3,E,stochastic,unknown,E,,978,829,829,2.4396634101867676,0.0,0,2.785882977725222,0.1349534407752696,15.863153779692983,0.5319662243667069,0.0,0.3823884197828709,0.6550060313630881,1.0873597256912555,0.6848550470793936,0.020506634499396863,0.4107232873541313,0.32508130991026796,0.006756756756756757
R2_aB_m0,R2,1,4,E,stochastic,unknown,E,,978,829,829,2.4336564540863037,0.0,0,2.3375636620529243,0.17559485462469604,15.478973588276897,0.5066344993968637,0.0,0.451145958986731,0.6948130277442702,1.054480944786628,0.6504471528656754,0.019300361881785282,0.4031034704949269,0.31952934607226663,0.006811989100817439
R2_aB_m0,R2,1,5,E,stochastic,unknown,E,,978,829,829,2.306704521179199,0.0,0,1.8628613285001394,0.2011377160044633,15.654856226218584,0.2798552472858866,0.0,0.6586248492159228,0.6924004825090471,1.067657810674574,0.6547303746475472,0.019300361881785282,0.3878319021067966,0.3075595387365264,0.0067842605156037995
R2_aB_m0,R2,1,6,E,stochastic,unknown,E,,978,829,829,1.6610689163208008,0.0,0,1.6715539874786578,0.20824380217079622,16.614532473493032,0.2629674306393245,0.0,0.6875753920386007,0.7889022919179735,1.0434770593868785,0.6298922729381049,0.019300361881785282,0.3792287839376998,0.2892891132131892,0.008130081300813009
R2_aB_m0,R2,1,7,E,stochastic,unknown,E,,978,829,829,1.6636970043182373,0.0,0,1.959978797923222,0.2730667880352715,27.39461777172982,0.08202653799758745,0.0,0.8829915560916767,0.5838359469240049,1.0823357397142528,0.6572606649241104,0.019300361881785282,0.3864139601126518,0.2955890110936198,0.008275862068965517
R2_aB_m0,R2,1,8,E,stochastic,unknown,E,,978,829,829,1.6042439937591553,0.0,0,2.3019789818425838,0.16939509819793439,15.021337075264228,0.548854041013269,0.0,0.4221954161640531,0.6911942098914354,1.0373662771697287,0.6318416166315187,0.019300361881785282,0.4012525179137841,0.31631757950795336,0.006793478260869565
R2_aB_m0,R2,1,9,E,stochastic,unknown,E,,978,829,829,1.6325862407684326,0.0,0,2.75338086711724,0.25395563409054855,22.786102216841048,0.09408926417370325,0.0,0.8769601930036188,0.3944511459589867,1.0715167941016916,0.6466827113829166,0.020506634499396863,0.40807616276634007,0.32454047882369724,0.006887052341597796
R2_aB_m0,R2,1,10,E,stochastic,unknown,E,,978,829,829,1.6276731491088867,0.0,0,1.7006667535580633,0.1989217557009007,16.41832270846902,0.2822677925211098,0.0,0.6007237635705669,0.8311218335343787,1.0578567081741321,0.647044245207908,0.019300361881785282,0.37866105190316957,0.2886569528815923,0.008130081300813009
R2_aB_m0,R2,1,11,E,stochastic,unknown,E,,978,829,829,1.6209025382995605,0.0,0,3.180275895969279,0.2389729012445947,23.356253616926235,0.09167671893848009,0.0,0.8817852834740652,0.451145958986731,1.0954907245675467,0.6773074276647274,0.019300361881785282,0.4339672868655666,0.3501269797850569,0.006954102920723227
R2_aB_m0,R2,1,12,E,stochastic,unknown,E,,978,829,829,1.6304025650024414,0.0,0,2.3840395990455203,0.1844904689925475,15.48191392965259,0.316043425814234,0.0,0.5995174909529554,0.6212303980699638,1.0911891285299118,0.6760987058379556,0.019300361881785282,0.4088993003944927,0.32506761447008414,0.00684931506849315
R2_aB_m0,R2,1,13,E,stochastic,unknown,E,,978,829,829,1.6179399490356445,0.0,0,1.6746496547479217,0.1732357844817618,13.362706441996421,0.3968636911942099,0.0,0.5247285886610374,0.8287092882991556,1.0959576547893648,0.6666785779624103,0.021712907117008445,0.3829596098170892,0.29334963966868943,0.008119079837618403
R2_aB_m0,R2,1,14,E,stochastic,unknown,E,,978,829,829,2.199524402618408,0.0,0,3.340110927135906,0.25466677088365647,23.393845726950723,0.07237635705669482,0.0,0.9107358262967431,0.30518697225572977,1.0723200786410079,0.6541274720484681,0.020506634499396863,0.42419919143967716,0.33841503579110377,0.006934812760055479
R2_aB_m0,R2,1,15,E,stochastic,unknown,E,,978,829,829,1.6244089603424072,0.0,0,2.1042642968837066,0.1915148544514291,17.81899013179047,0.17973462002412546,0.0,0.752714113389626,0.6115802171290712,1.0772797158760523,0.6596231043001377,0.020506634499396863,0.3870962337297845,0.2952379144397528,0.008108108108108109
R2_aB_m0,R2,1,16,E,stochastic,unknown,E,,978,829,829,2.2036349773406982,0.0,0,2.744701006263134,0.2864646863703948,25.411916614951583,0.0036188178528347406,0.0,0.9613992762364294,0.376357056694813,1.0827438525759856,0.6592741670119316,0.018094089264173704,0.4109592217419296,0.32777467223431106,0.006925207756232687
R2_aB_m0,R2,1,17,E,stochastic,unknown,E,,978,829,829,2.2120509147644043,0.0,0,2.6860004639884827,0.18774553965406426,16.724359835937282,0.44149577804583834,0.0,0.49939686369119424,0.5971049457177322,1.0723838871489442,0.6619834985160741,0.019300361881785282,0.41382684461760844,0.3288915298470872,0.0068775790921595595
R2_aB_m0,R2,1,18,E,stochastic,unknown,E,,978,829,829,2.2223024368286133,0.0,0,1.2824953114331137,0.18970293926889448,16.367467157103473,0.35826296743063935,0.0,0.5657418576598311,0.9420989143546441,1.0520142765713763,0.6452404821382985,0.019300361881785282,0.36116758514859265,0.27189951789683664,0.008119079837618403
R2_aB_m0,R2,1,19,E,stochastic,unknown,E,,978,829,829,2.219403028488159,0.0,0,2.393263206769924,0.1853655676344969,17.57254714712704,0.46682750301568154,0.0,0.5102533172496985,0.6924004825090471,1.0481228323167682,0.6489867133606387,0.019300361881785282,0.40066086219483693,0.31605721761909894,0.006830601092896175
R2_aB_m0,R2,1,20,E,stochastic,unknown,E,,978,829,829,2.2287538051605225,0.0,0,2.016173415631605,0.16789092700079192,14.057760634405756,0.5560916767189384,0.0,0.3823884197828709,0.7840772014475271,1.063190802857459,0.6582783137300116,0.019300361881785282,0.39578691504380437,0.31320377946368616,0.006775067750677507
R2_aB_m0,R2,1,21,E,stochastic,unknown,E,,978,829,829,1.611109972000122,0.0,0,2.9255342384227117,0.20007009343068724,17.101763682245583,0.390832328106152,0.0,0.5404101326899879,0.40651387213510254,1.066457940675309,0.6552883871685926,0.019300361881785282,0.4096220995690071,0.3253711216483639,0.006765899864682003
R2_aB_m0,R2,1,22,E,stochastic,unknown,E,,978,829,829,2.2857894897460938,0.0,0,1.9448626079771925,0.1816295899207601,15.29457008078916,0.24246079613992763,0.0,0.6815440289505428,0.8106151990349819,1.0445248374640947,0.6408751810217105,0.018094089264173704,0.3826662939901921,0.29534848832771515,0.008064516129032258
R2_aB_m0,R2,1,23,E,stochastic,unknown,E,,978,829,829,2.2270445823669434,0.0,0,2.476871649807216,0.17410060625074134,15.374014992727385,0.4680337756332931,0.0,0.4825090470446321,0.6550060313630881,1.064416851860725,0.6572605914242137,0.019300361881785282,0.4039800773933747,0.32046352269690326,0.006839945280437756
R2_aB_m0,R2,1,24,E,stochastic,unknown,E,,978,829,829,2.2344107627868652,0.0,0,2.0080914797858136,0.19097739951630632,16.147718518443863,0.33293124246079614,0.0,0.6308805790108565,0.752714113389626,1.0586033150496952,0.6532601385134367,0.019300361881785282,0.393292859829777,0.3133884516307096,0.006793478260869565
R2_aB_m0,R2,1,25,E,stochastic,unknown,E,,978,829,829,2.2187819480895996,0.0,0,1.370255624960367,0.18400148605633038,14.672643631340051,0.3148371531966224,0.014475271411338963,0.6489746682750301,0.8383594692400482,1.0627455153101488,0.6403834950103363,0.020506634499396863,0.37112206382557844,0.28161384655989097,0.008097165991902834
R2_aB_m0,R2,1,26,E,stochastic,unknown,E,,978,829,829,2.2275381088256836,0.0,0,2.2441395282458108,0.22905883671149652,20.15697162727587,0.21592279855247287,0.0,0.7358262967430639,0.5536791314837153,1.087268443096746,0.6722251449953849,0.018094089264173704,0.38170715039448055,0.29492374683938344,0.008075370121130552
R2_aB_m0,R2,1,27,E,stochastic,unknown,E,,978,829,829,2.2376091480255127,0.0,0,2.634989382094099,0.239581052516754,20.63423202070043,0.11942098914354644,0.0,0.7901085645355851,0.4390832328106152,1.0809249204957407,0.6707966686751996,0.018094089264173704,0.4035492541945125,0.32053753624264214,0.006858710562414266
R2_aB_m0,R2,1,28,E,stochastic,unknown,E,,978,829,829,2.1726014614105225,0.0,0,1.819125955781407,0.15515275188112077,10.7444427071275,0.661037394451146,0.0036188178528347406,0.3100120627261761,0.7201447527141134,1.0522641221529587,0.6332946517536502,0.020506634499396863,0.3903405766369844,0.3099503199457442,0.006738544474393531
R2_aB_m0,R2,1,29,E,stochastic,unknown,E,,978,829,829,2.313103675842285,0.0,0,2.271207934037203,0.17571349411152626,14.507128525604788,0.46682750301568154,0.0,0.47285886610373945,0.6911942098914354,1.0632213895798346,0.6564408087084507,0.019300361881785282,0.39448839462760366,0.31462403309255804,0.006729475100942127
R2_aB_m0,R2,1,30,E,stochastic,unknown,E,,978,829,829,2.2574212551116943,0.0,0,2.3681412655199856,0.2264222068385743,19.101661863000007,0.20265379975874548,0.0,0.7249698431845597,0.5367913148371531,1.0464188983063465,0.6403798430167879,0.018094089264173704,0.39607405168892323,0.3128537912798415,0.006802721088435374
R2_aB_m0,R2,1,31,E,stochastic,unknown,E,,978,829,829,2.274259090423584,0.0,0,2.1317095973073488,0.2367118061697818,20.768174420002765,0.13630880579010857,0.0,0.8118214716525934,0.6067551266586249,1.06993785808379,0.6574360688011026,0.018094089264173704,0.3937073675896706,0.31183694932237976,0.006858710562414266
R2_aB_m0,R2,1,32,E,stochastic,unknown,E,,978,829,829,2.2823030948638916,0.0,0,1.8755182112844493,0.21941111155594734,17.613009044955533,0.1471652593486128,0.0,0.7563329312424608,0.6658624849215923,1.0513209504289445,0.6400706997535677,0.018094089264173704,0.381358667275603,0.29225533855716296,0.008174386920980926
R2_aB_m0,R2,1,33,E,stochastic,unknown,E,,978,829,829,2.2946343421936035,0.0,0,2.006400441796603,0.195928220275397,14.344579948419165,0.376357056694813,0.0,0.5778045838359469,0.7490952955367913,1.0655087112418353,0.6546949931817013,0.018094089264173704,0.3948526698543281,0.31235362422447155,0.006802721088435374
R2_aB_m0,R2,1,34,E,stochastic,unknown,E,,978,829,829,2.3160560131073,0.0,0,2.2000869619382026,0.14768866999639452,13.929078325922452,0.5295536791314838,0.0,0.4294330518697226,0.7273823884197829,1.0685227679712663,0.664207565934092,0.019300361881785282,0.403055288071014,0.319115016531405,0.006802721088435374
R2_aB_m0,R2,1,35,E,stochastic,unknown,E,,978,829,829,2.415750503540039,0.0,0,2.186818670684321,0.1680567911668755,13.576397095800163,0.5922798552472859,0.0,0.37273823884197826,0.7080820265379976,1.039907908412371,0.632289827637598,0.019300361881785282,0.3948413293996684,0.31089929810955313,0.006793478260869565
R2_aB_m0,R2,1,36,E,stochastic,unknown,E,,978,829,829,2.4064857959747314,0.0,0,3.001050801469439,0.23336653342161132,22.44386705593154,0.19300361881785283,0.010856453558504222,0.758745476477684,0.376357056694813,1.0769784683999546,0.6708874818859829,0.019300361881785282,0.4163569930340651,0.33102293176475456,0.006896551724137931
R2_aB_m0,R2,1,37,E,stochastic,unknown,E,,978,829,829,1.6611745357513428,0.0,0,1.6221149409242155,0.2107915528589044,18.284414726554434,0.17611580217129072,0.0,0.7852834740651388,0.7985524728588661,1.0587741196974656,0.6491618512599843,0.018094089264173704,0.37605386968110127,0.28445887539648274,0.00816326530612245
R2_aB_m0,R2,1,38,E,stochastic,unknown,E,,978,829,829,2.3278729915618896,0.0,0,2.316483115455134,0.23011774063632057,19.87887210931258,0.18094089264173704,0.0,0.7720144752714113,0.5102533172496985,1.0543300483603484,0.6387938089306651,0.019300361881785282,0.3970043453009452,0.31535976756126205,0.006839945280437756
R2_aB_m0,R2,1,39,E,stochastic,unknown,E,,978,829,829,1.6349210739135742,0.0,0,2.5199085548696143,0.29341825961369444,29.94625527385713,0.0,0.0,0.9843184559710495,0.3486127864897467,1.086379809782076,0.6660827784270237,0.018094089264173704,0.4037046579091222,0.3216294411499229,0.006887052341597796
R2_aB_m0,R2,1,40,E,stochastic,unknown,E,,978,829,829,1.632932186126709,0.0,0,2.247317807886261,0.16952026718304114,14.93488104691179,0.38721351025331724,0.0,0.4704463208685163,0.7780458383594693,1.0579542281450265,0.6553125930337518,0.019300361881785282,0.3934378181506895,0.31267374756563054,0.006693440428380187
R2_aB_m0,R2,1,41,E,stochastic,unknown,E,,978,829,829,1.6451878547668457,0.0,0,2.6221527641341718,0.1966618127599866,15.182891274310146,0.3691194209891435,0.0,0.49095295536791317,0.4620024125452352,1.0818160279116955,0.6535849243784512,0.020506634499396863,0.4094259743606839,0.3257687731090797,0.0068212824010914054
R2_aB_m0,R2,1,42,E,stochastic,unknown,E,,978,829,829,1.6391208171844482,0.0,0,2.1683616537639874,0.1929435873914259,18.04339326259823,0.17852834740651388,0.0,0.7792521109770808,0.5934861278648975,1.036963550170745,0.6239602072702651,0.019300361881785282,0.39380293902728725,0.31197859862496485,0.006802721088435374
R2_aB_m0,R2,1,43,E,stochastic,unknown,E,,978,829,829,1.6341729164123535,0.0,0,2.217012164593344,0.2513847527624564,22.86829433163418,0.09650180940892641,0.0,0.8600723763570567,0.571773220747889,1.046178674362868,0.6372443858109984,0.019300361881785282,0.3901811111818232,0.30818920237914976,0.0068212824010914054
R2_aB_m0,R2,1,44,E,stochastic,unknown,E,,978,829,829,1.6315317153930664,0.0,0,2.059370517026499,0.1832292630866568,15.327663521372202,0.3112183353437877,0.0,0.594692400482509,0.7129071170084439,1.0662029126193768,0.649171147185634,0.019300361881785282,0.3939562474462714,0.31247743795839733,0.006802721088435374
R2_aB_m0,R2,1,45,E,stochastic,unknown,E,,978,829,829,1.6507246494293213,0.0,0,2.1376356513695325,0.1724872496889797,15.346653981580337,0.3618817852834741,0.0,0.5669481302774427,0.7177322074788902,1.071302488125234,0.6634748371261091,0.019300361881785282,0.3990626157301788,0.3148725666448392,0.006765899864682003
R2_aB_m0,R2,1,46,E,stochastic,unknown,E,,978,829,829,1.6104083061218262,0.0,0,2.103437796734523,0.1515278777159092,12.607995403250571,0.6224366706875754,0.0048250904704463205,0.3558504221954162,0.7032569360675512,1.0484474880191377,0.643699967733886,0.019300361881785282,0.39178178272723135,0.31065932163963894,0.006729475100942127
R2_aB_m0,R2,1,47,E,stochastic,unknown,E,,978,829,829,1.6088967323303223,0.0,0,2.6007193282160066,0.18398548297334014,17.560287358904205,0.293124246079614,0.0,0.6272617611580217,0.5150784077201448,1.0565627653569953,0.6510374318919406,0.019300361881785282,0.4092399148805204,0.3263773556642005,0.006802721088435374
R2_aB_m0,R2,1,48,E,stochastic,unknown,E,,978,829,829,2.228257179260254,0.0,0,2.4979015883256186,0.243459591570664,21.74448019782191,0.12303980699638119,0.0,0.8033775633293124,0.49095295536791317,1.0534505798127562,0.6485586209573192,0.018094089264173704,0.4061258814280857,0.32328162839643476,0.006915629322268326
R2_aB_m0,R2,1,49,E,stochastic,unknown,E,,978,829,829,2.3429927825927734,0.0,0,1.773892186678523,0.25438953272674564,25.65804096275315,0.13027744270205066,0.0,0.8395657418576599,0.6755126658624849,1.08826926531804,0.6754121906204851,0.018094089264173704,0.37425084881087073,0.2850298955372665,0.00816326530612245
R2_aB_m0,R2,2,0,E,stochastic,unknown,E,,978,829,829,2.336916446685791,0.0,0,1.9108961365872703,0.18915211394187148,15.876034689622198,0.2882991556091677,0.0,0.6357056694813028,0.7141133896260555,1.0690523911487757,0.6502696566133327,0.020506634499396863,0.3925168057925007,0.31181569975222034,0.006775067750677507
R2_aB_m0,R2,2,1,E,stochastic,unknown,E,,978,829,829,2.203561544418335,0.0,0,2.009220178248368,0.1638628081566468,12.703123054741294,0.4041013268998794,0.0,0.39324487334137515,0.758745476477684,1.0556716184557025,0.643641224389456,0.019300361881785282,0.39464890870782066,0.31336405365077447,0.006775067750677507
R2_aB_m0,R2,2,2,E,stochastic,unknown,E,,978,829,829,2.236584424972534,0.0,0,1.887731727556253,0.18789881661411734,15.251261206803262,0.2629674306393245,0.0,0.6537997587454765,0.6851628468033776,1.0621340155812016,0.6490261234931908,0.018094089264173704,0.38277516435122927,0.2906066960914476,0.008152173913043478
R2_aB_m0,R2,2,3,E,stochastic,unknown,E,,978,829,829,2.2317631244659424,0.0,0,2.979906425756954,0.1391381605813916,16.730292011476187,0.5681544028950543,0.0,0.3691194209891435,0.6369119420989143,1.0949833769924264,0.6934654330726372,0.020506634499396863,0.41583673791263775,0.32956447490011087,0.006802721088435374
R2_aB_m0,R2,2,4,E,stochastic,unknown,E,,978,829,829,2.2469756603240967,0.0,0,2.4607878451048104,0.16816393906227398,15.432992133093618,0.5319662243667069,0.0,0.4427020506634499,0.6598311218335344,1.0550708625481435,0.6531760308355096,0.019300361881785282,0.40566981455805307,0.3218428419116188,0.006802721088435374
R2_aB_m0,R2,2,5,E,stochastic,unknown,E,,978,829,829,2.246544122695923,0.0,0,1.851211202619812,0.21219254519318598,15.950251938528716,0.2822677925211098,0.0,0.6634499396863691,0.7876960193003619,1.0732741282514935,0.6654709831294311,0.018094089264173704,0.3747172530606002,0.2868397812603706,0.008075370121130552
R2_aB_m0,R2,2,6,E,stochastic,unknown,E,,978,829,829,2.244473934173584,0.0,0,1.6839618367770994,0.22309701877606364,17.169519717158167,0.2629674306393245,0.0036188178528347406,0.7117008443908324,0.8154402895054282,1.0477797336206818,0.6400254255513897,0.018094089264173704,0.3789674130052386,0.28814558686991526,0.00823045267489712
R2_aB_m0,R2,2,7,E,stochastic,unknown,E,,978,829,829,2.2372076511383057,0.0,0,1.8625087774193598,0.2668550436880452,27.371932567041085,0.1037394451145959,0.0,0.856453558504222,0.6296743063932448,1.087165078437424,0.6609733894187938,0.019300361881785282,0.3780190254757199,0.2875083914565138,0.00821917808219178
R2_aB_m0,R2,2,8,E,stochastic,unknown,E,,978,829,829,2.053473472595215,0.0,0,2.313808362882761,0.17602353087581593,15.853903669972405,0.4149577804583836,0.0,0.43425814234016885,0.617611580217129,1.0374861143205283,0.6312016480807883,0.019300361881785282,0.40083428788023895,0.316058147669074,0.006765899864682003
R2_aB_m0,R2,2,9,E,stochastic,unknown,E,,978,829,829,2.0234057903289795,0.0,0,2.669577576252642,0.251518982298691,22.873362642465622,0.06996381182147166,0.0,0.8950542822677925,0.4270205066344994,1.072489222871546,0.6464506372382975,0.020506634499396863,0.40478024148350766,0.321632697289313,0.0068775790921595595
R2_aB_m0,R2,2,10,E,stochastic,unknown,E,,978,829,829,2.211169481277466,0.0,0,1.7110421636332445,0.2102968501500511,16.901070329614374,0.26658624849215923,0.0,0.6706875753920386,0.850422195416164,1.0602654769109232,0.6485096951364387,0.019300361881785282,0.37663595734414146,0.2865823502960912,0.008185538881309686
R2_aB_m0,R2,2,11,E,stochastic,unknown,E,,978,829,829,1.6505436897277832,0.0,0,3.1591551206057105,0.23038069293677624,22.6727928060073,0.09650180940892641,0.0,0.864897466827503,0.45476477683956573,1.0984569862705342,0.6810912259311015,0.019300361881785282,0.43058649684510114,0.34725159853047244,0.006887052341597796
R2_aB_m0,R2,2,12,E,stochastic,unknown,E,,978,829,829,2.378816604614258,0.0,0,2.5087727715872776,0.181106998719874,15.357439473918106,0.35102533172496986,0.0,0.48854041013269,0.5898673100120627,1.0932292392442213,0.6793159312354812,0.019300361881785282,0.4103642109467548,0.3262005912501148,0.006811989100817439
R2_aB_m0,R2,2,13,E,stochastic,unknown,E,,978,829,829,2.2138986587524414,0.0,0,1.4957116244019164,0.1808323652495732,14.259728696554667,0.3703256936067551,0.0,0.5572979493365501,0.827503015681544,1.0998153887524904,0.6689227757260483,0.021712907117008445,0.3793996265863353,0.2900891575872969,0.008075370121130552
R2_aB_m0,R2,2,14,E,stochastic,unknown,E,,978,829,829,2.2435896396636963,0.0,0,3.297233461050172,0.26228855289281394,23.854448543830088,0.05669481302774427,0.0,0.9155609167671894,0.3100120627261761,1.07171941071652,0.6520378626771616,0.020506634499396863,0.42641485713468746,0.34005869799679395,0.0070126227208976155
R2_aB_m0,R2,2,15,E,stochastic,unknown,E,,978,829,829,2.2097039222717285,0.0,0,2.2242032807079606,0.19388344244452732,18.71641221298256,0.15681544028950542,0.0,0.7961399276236429,0.5802171290711701,1.078845591781916,0.6610312607372224,0.020506634499396863,0.3880750839539392,0.2958103928985897,0.008130081300813009
R2_aB_m0,R2,2,16,E,stochastic,unknown,E,,978,829,829,1.6274206638336182,0.0,0,2.648585735344704,0.28393352344830275,25.54428293180508,0.0,0.0,0.9831121833534379,0.35223160434258144,1.0851976985438812,0.6602850174576708,0.018094089264173704,0.40662407341357015,0.3235909040712833,0.006896551724137931
R2_aB_m0,R2,2,17,E,stochastic,unknown,E,,978,829,829,2.19343638420105,0.0,0,2.878228612578222,0.1844489243985364,16.036623045606074,0.49095295536791317,0.0,0.4692400482509047,0.5898673100120627,1.0729887970019634,0.6644015808008338,0.019300361881785282,0.4162079725754157,0.3315311135405231,0.006858710562414266
R2_aB_m0,R2,2,18,E,stochastic,unknown,E,,978,829,829,2.2321619987487793,0.0,0,1.972288737118656,0.2192614547143076,19.32710461719601,0.2810615199034982,0.0,0.6489746682750301,0.841978287092883,1.0558757555127194,0.652232937038706,0.019300361881785282,0.3557444712772971,0.26876302300641886,0.007978723404255319
R2_aB_m0,R2,2,19,E,stochastic,unknown,E,,978,829,829,1.633531093597412,0.0,0,2.586917345042127,0.1727499901261144,17.676227567185855,0.46682750301568154,0.0,0.51145958986731,0.6827503015681544,1.05313902769115,0.6563077482778242,0.019300361881785282,0.40399271312955143,0.31926471169791837,0.006830601092896175
R2_aB_m0,R2,2,20,E,stochastic,unknown,E,,978,829,829,1.6083006858825684,0.0,0,2.130469216222263,0.16248754147507558,13.804374748114162,0.594692400482509,0.0,0.36670687575392036,0.7225572979493365,1.064722302268023,0.6611369671801979,0.019300361881785282,0.3982588531135617,0.31514184053823685,0.006756756756756757
R2_aB_m0,R2,2,21,E,stochastic,unknown,E,,978,829,829,1.6007449626922607,0.0,0,3.0481657869482714,0.1916969320041098,16.982237728673628,0.38721351025331724,0.013268998793727383,0.5476477683956574,0.3775633293124246,1.068159884023901,0.6581326247472079,0.019300361881785282,0.41267652699039636,0.32833370651994426,0.006756756756756757
R2_aB_m0,R2,2,22,E,stochastic,unknown,E,,978,829,829,1.5949418544769287,0.0,0,1.779463308166418,0.18645753796537734,15.983080892306447,0.24246079613992763,0.0,0.7418576598311218,0.7840772014475271,1.0465949097179443,0.64158947808597,0.018094089264173704,0.38211185148101967,0.29455977259911137,0.008086253369272238
R2_aB_m0,R2,2,23,E,stochastic,unknown,E,,978,829,829,1.6317431926727295,0.0,0,2.683573220001766,0.1657488172687679,15.711667114457345,0.4644149577804584,0.0,0.4752714113389626,0.6369119420989143,1.0681670963364807,0.6627577738603653,0.019300361881785282,0.4070789848582401,0.3231777177247109,0.006830601092896175
R2_aB_m0,R2,2,24,E,stochastic,unknown,E,,978,829,829,1.6228532791137695,0.0,0,2.28720100554521,0.19024041482154325,15.307250547044218,0.3594692400482509,0.0,0.5995174909529554,0.7117008443908324,1.0595711637804095,0.6565898415443492,0.019300361881785282,0.393467263836514,0.31418161596178906,0.006765899864682003
R2_aB_m0,R2,2,25,E,stochastic,unknown,E,,978,829,829,1.6306157112121582,0.0,0,1.2542370989242142,0.18837573546564654,15.368742911876843,0.27020506634499397,0.013268998793727383,0.661037394451146,0.8443908323281062,1.0661036064805351,0.6494005946970856,0.019300361881785282,0.3696505213957385,0.2795357864003363,0.008130081300813009
R2_aB_m0,R2,2,26,E,stochastic,unknown,E,,978,829,829,1.6187753677368164,0.0,0,2.0905289872740775,0.23590913543369538,21.28214484216852,0.19059107358262967,0.0,0.7551266586248492,0.5705669481302774,1.0904087302794798,0.6741975905894053,0.018094089264173704,0.38239187787163337,0.29513940400300115,0.008108108108108109
R2_aB_m0,R2,2,27,E,stochastic,unknown,E,,978,829,829,2.3754770755767822,0.0,0,2.7134168354595465,0.24594109447633666,21.3160942446759,0.11218335343787696,0.0,0.8178528347406514,0.4330518697225573,1.080589069271565,0.6710435158939666,0.018094089264173704,0.4053197768434831,0.32205574462417697,0.006906077348066298
R2_aB_m0,R2,2,28,E,stochastic,unknown,E,,978,829,829,2.381908416748047,0.0,0,1.8921651444660397,0.1520811834306312,10.688900784593287,0.6670687575392038,0.0024125452352231603,0.3100120627261761,0.7080820265379976,1.0516714288338538,0.6339999475053552,0.020506634499396863,0.3924467352587041,0.3119470981875828,0.006756756756756757
R2_aB_m0,R2,2,29,E,stochastic,unknown,E,,978,829,829,2.43160343170166,0.0,0,2.465134799546066,0.17126725873153778,13.767295632700774,0.5018094089264173,0.0036188178528347406,0.44752714113389624,0.6803377563329313,1.0599841159328063,0.6549251740938649,0.019300361881785282,0.39304299913938906,0.3140293884624906,0.0066844919786096255
R2_aB_m0,R2,2,30,E,stochastic,unknown,E,,978,829,829,1.6397383213043213,0.0,0,2.4776503352467936,0.23495414347943103,20.551406218777856,0.11338962605548854,0.0,0.7876960193003619,0.4825090470446321,1.046981567402812,0.6399484956718571,0.018094089264173704,0.39511327685292424,0.3120992311776002,0.006793478260869565
R2_aB_m0,R2,2,31,E,stochastic,unknown,E,,978,829,829,2.2092645168304443,0.0,0,2.035994776280389,0.24109100362777258,21.619948717625864,0.11097708082026538,0.0,0.8431845597104946,0.5995174909529554,1.0730415964766453,0.6596805373315007,0.018094089264173704,0.3916217928784928,0.30965429496268204,0.00684931506849315
R2_aB_m0,R2,2,32,E,stochastic,unknown,E,,978,829,829,2.2105729579925537,0.0,0,1.8702169713296566,0.2212342970285015,18.236423755071808,0.12545235223160434,0.0,0.7720144752714113,0.6489746682750301,1.0527638257593104,0.6407911727190984,0.018094089264173704,0.38145562855360154,0.2918585800784736,0.00819672131147541
R2_aB_m0,R2,2,33,E,stochastic,unknown,E,,978,829,829,2.2188773155212402,0.0,0,1.9997604140782501,0.20049036616620233,14.91822418346989,0.32448733413751507,0.0,0.5922798552472859,0.7056694813027744,1.066508373588447,0.6548175535814406,0.018094089264173704,0.3927087313114424,0.31048657385934086,0.006765899864682003
R2_aB_m0,R2,2,34,E,stochastic,unknown,E,,978,829,829,2.226327896118164,0.0,0,2.2438930758431455,0.14167659905821273,13.73152368363839,0.5283474065138721,0.0,0.43063932448733416,0.6960193003618818,1.0728027218722986,0.6693368336487234,0.019300361881785282,0.40534815276348035,0.32104876332902155,0.006811989100817439
R2_aB_m0,R2,2,35,E,stochastic,unknown,E,,978,829,829,1.6759560108184814,0.0,0,2.363606373378893,0.16240143383679015,13.488194395551462,0.609167671893848,0.0,0.3486127864897467,0.6815440289505428,1.0421261899384375,0.6359065347222691,0.019300361881785282,0.3979949644762317,0.3135879146785313,0.0067842605156037995
R2_aB_m0,R2,2,36,E,stochastic,unknown,E,,978,829,829,2.2033562660217285,0.0,0,3.0141244743092415,0.22411492147825124,21.897795223711473,0.218335343787696,0.012062726176115802,0.6887816646562123,0.44752714113389624,1.0774384191269621,0.6726390089110418,0.019300361881785282,0.4181198648813734,0.3325276930104122,0.006925207756232687
R2_aB_m0,R2,2,37,E,stochastic,unknown,E,,978,829,829,2.2093379497528076,0.0,0,1.6134914724053517,0.21118714648647238,18.645744964529058,0.17852834740651388,0.0,0.7708082026537998,0.7949336550060314,1.0615173417893764,0.6510980404691017,0.018094089264173704,0.3736750392124842,0.2821990013715702,0.008130081300813009
R2_aB_m0,R2,2,38,E,stochastic,unknown,E,,978,829,829,2.412405252456665,0.0,0,2.2680571419514193,0.23527924888914958,20.077763920540423,0.16767189384800965,0.0,0.7913148371531966,0.5452352231604343,1.056308457081934,0.6465524512161404,0.018094089264173704,0.3963537630821185,0.31406092847677486,0.006887052341597796
R2_aB_m0,R2,2,39,E,stochastic,unknown,E,,978,829,829,2.4207286834716797,0.0,0,2.4207583353167013,0.28975664611850355,29.743576049192033,0.010856453558504222,0.0,0.97708082026538,0.4378769601930036,1.0944845381733725,0.6642124645628539,0.019300361881785282,0.3909601938999477,0.2999778253512719,0.008264462809917356
R2_aB_m0,R2,2,40,E,stochastic,unknown,E,,978,829,829,2.2179388999938965,0.0,0,2.6647253815877363,0.1599487844009228,13.793754054365957,0.5392038600723763,0.0024125452352231603,0.4390832328106152,0.6079613992762364,1.0559880898057974,0.6572411928337734,0.019300361881785282,0.39854759252811534,0.3171925113276252,0.006729475100942127
R2_aB_m0,R2,2,41,E,stochastic,unknown,E,,978,829,829,2.223992347717285,0.0,0,2.7602444955703023,0.19594365751073833,14.908012667045867,0.4451145958986731,0.009650180940892641,0.4680337756332931,0.5524728588661038,1.082518982743105,0.6562133967159766,0.020506634499396863,0.4175662666009874,0.3323206418204665,0.006925207756232687
R2_aB_m0,R2,2,42,E,stochastic,unknown,E,,978,829,829,2.238609790802002,0.0,0,2.0628444529140793,0.1913987580254613,17.83464780510288,0.16646562123039807,0.0,0.7973462002412546,0.5765983112183354,1.0420223589984106,0.6334084211240195,0.018094089264173704,0.381748175601258,0.2915941710299722,0.008152173913043478
R2_aB_m0,R2,2,43,E,stochastic,unknown,E,,978,829,829,2.219604253768921,0.0,0,2.1314557651660375,0.2707391955085473,25.15041829837382,0.045838359469240045,0.0,0.902291917973462,0.5693606755126659,1.0505352331058093,0.6463468237790003,0.018094089264173704,0.38618717136433217,0.30450211839546293,0.006839945280437756
R2_aB_m0,R2,2,44,E,stochastic,unknown,E,,978,829,829,1.6097679138183594,0.0,0,2.1873739838339117,0.18515800971650173,15.389492398788853,0.3498190591073583,0.0,0.5452352231604343,0.6936067551266586,1.0650150964505156,0.6488722132168603,0.019300361881785282,0.3944238219508357,0.31311141349788457,0.006793478260869565
R2_aB_m0,R2,2,45,E,stochastic,unknown,E,,978,829,829,1.610522747039795,0.0,0,2.1040346403409407,0.17993978862835736,16.37553899977663,0.29191797346200243,0.0,0.6296743063932448,0.7056694813027744,1.0729615724974622,0.6636637731563462,0.019300361881785282,0.39659880119107366,0.3127668894403959,0.006747638326585695
R2_aB_m0,R2,2,46,E,stochastic,unknown,E,,978,829,829,1.6261816024780273,0.0,0,2.163659360370323,0.14568199276124275,12.774191781576116,0.6308805790108565,0.007237635705669481,0.3558504221954162,0.6924004825090471,1.0507746823472337,0.6472861956475523,0.019300361881785282,0.39537323168652916,0.31372281202706515,0.006729475100942127
R2_aB_m0,R2,2,47,E,stochastic,unknown,E,,978,829,829,1.614682912826538,0.0,0,2.575674205612701,0.17841760357341288,17.18355311105501,0.32689987937273823,0.0,0.5814234016887817,0.5283474065138721,1.0614609938540025,0.6562525747785283,0.019300361881785282,0.4117191030050521,0.32839795589380755,0.006839945280437756
R2_aB_m0,R2,2,48,E,stochastic,unknown,E,,978,829,829,2.228134870529175,0.0,0,2.648546944489021,0.2325573377463175,21.538133823546737,0.15078407720144751,0.0,0.7466827503015682,0.45355850422195415,1.053392616420544,0.644284210781883,0.019300361881785282,0.40992369497614134,0.3268508027544972,0.0068775790921595595
R2_aB_m0,R2,2,49,E,stochastic,unknown,E,,978,829,829,1.6249768733978271,0.0,0,1.884265440215567,0.2562140302301375,27.262715194180974,0.13268998793727382,0.0,0.8359469240048251,0.6272617611580217,1.092265599943553,0.6781609704138848,0.018094089264173704,0.3723774455199441,0.2823970945586328,0.00819672131147541
R2_aA_m45,R2,0,0,E,stochastic,unknown,E,,978,829,829,1.5948114395141602,0.0,0,1.2622257381884345,0.1512984617444554,123.74570380078741,0.0,0.0,1.0,0.5645355850422196,1.83216895851055,0.8857402747537698,0.04221954161640531,2.304585127898909,0.9608915836331113,0.08695652173913043
R2_aA_m45,R2,0,1,E,stochastic,unknown,E,,978,829,829,1.6212704181671143,0.0,0,1.3500099407687118,0.15043612054892777,118.25683973670013,0.03618817852834741,0.0,0.9457177322074789,0.571773220747889,1.8174454041283927,0.8660221042018376,0.04101326899879373,2.3137137831108086,0.9465267709954924,0.08848314606741572
R2_aA_m45,R2,0,2,E,stochastic,unknown,E,,978,829,829,1.610738754272461,0.0,0,1.5000195403654817,0.15852542097802202,122.50096631753266,0.0012062726176115801,0.0,0.9819059107358263,0.4969843184559711,1.8017990593229813,0.858981234708748,0.04101326899879373,2.3043592781959092,0.9541191222132045,0.08720112517580872
R2_aA_m45,R2,0,3,E,stochastic,unknown,E,,978,829,829,2.2106807231903076,0.0,0,1.434136629706928,0.16073007274660261,137.0049293856231,0.0,0.0,1.0,0.5126658624849216,1.8202120183776755,0.8978990708573645,0.04101326899879373,2.2793063454507574,0.9708311298349456,0.08555399719495091
R2_aA_m45,R2,0,4,E,stochastic,unknown,E,,978,829,829,2.2040200233459473,0.0,0,1.4493954811280603,0.14512498724514103,120.19809117409636,0.0,0.0,1.0,0.5729794933655006,1.8166715439462315,0.8701502569762882,0.04221954161640531,2.253687091039507,0.9304638757352331,0.08898305084745763
R2_aA_m45,R2,0,5,E,stochastic,unknown,E,,978,829,829,2.242424726486206,0.0,0,1.4706224326610138,0.15002347966914825,120.9737938583906,0.0,0.0,0.9939686369119421,0.503015681544029,1.8264877298686921,0.8722978991483384,0.04101326899879373,2.30951637408594,0.9520106770237078,0.08860759493670886
R2_aA_m45,R2,0,6,E,stochastic,unknown,E,,978,829,829,2.2298378944396973,0.0,0,1.6357946956264569,0.1543282701719875,123.53495287495662,0.061519903498190594,0.0,0.9071170084439083,0.47165259348612787,1.8142138203367137,0.861921920172305,0.04101326899879373,2.3036190984764846,0.9273058335053541,0.08898305084745763
R2_aA_m45,R2,0,7,E,stochastic,unknown,E,,978,829,829,2.405374765396118,0.0,0,1.4284617994596969,0.17865696692653238,115.47992432621324,0.0,0.0,1.0,0.46562123039806996,1.8792290408638612,0.891675569426705,0.04463208685162847,2.346578763729002,0.9238868071013883,0.0938375350140056
R2_aA_m45,R2,0,8,E,stochastic,unknown,E,,978,829,829,2.2370011806488037,0.0,0,1.215334573722109,0.15422449216352555,117.39264138860052,0.024125452352231604,0.0,0.9650180940892642,0.5319662243667069,1.827505224210266,0.8695593799765665,0.04101326899879373,2.3337253102791964,0.9194920508159282,0.0937062937062937
R2_aA_m45,R2,0,9,E,stochastic,unknown,E,,978,829,829,2.3924360275268555,0.0,0,1.2488626595940557,0.14680762975513909,118.25310293468955,0.0036188178528347406,0.0,0.9927623642943305,0.525934861278649,1.8464905127240427,0.8933089697837425,0.04221954161640531,2.3394152807921484,0.9261405727705838,0.09256661991584852
R2_aA_m45,R2,0,10,E,stochastic,unknown,E,,978,829,829,2.390573263168335,0.0,0,1.8543804075183101,0.17696321085475847,132.64158092729636,0.0,0.0,0.9951749095295537,0.48492159227985526,1.7743527932162975,0.865103620497591,0.039806996381182146,2.288350209335382,0.9482550184387994,0.0891089108910891
R2_aA_m45,R2,0,11,E,stochastic,unknown,E,,978,829,829,1.6626617908477783,0.0,0,1.1217743121682822,0.18792032495083127,113.70099923286709,0.0,0.0,1.0,0.5669481302774427,1.9489987059660767,0.9316175564446352,0.045838359469240045,2.334261904292548,0.9361248609734314,0.0947075208913649
R2_aA_m45,R2,0,12,E,stochastic,unknown,E,,978,829,829,2.4463531970977783,0.0,0,1.2834571943743769,0.17703152197335154,121.52799072425813,0.0,0.0,1.0,0.5331724969843185,1.9155377188335012,0.9125832254057141,0.04221954161640531,2.3380061582998404,0.9307193947240023,0.09523809523809523
R2_aA_m45,R2,0,13,E,stochastic,unknown,E,,978,829,829,1.700251817703247,0.0,0,1.5969359758777242,0.17135670699268216,132.14656961850082,0.010856453558504222,0.0,0.9686369119420989,0.48854041013269,1.8026095923869678,0.8691510802295488,0.04101326899879373,2.3039397074454735,0.9475170225368582,0.08873239436619719
R2_aA_m45,R2,0,14,E,stochastic,unknown,E,,978,829,829,1.6257586479187012,0.0,0,1.3182282426059968,0.15130053356397868,119.30056099985991,0.0,0.0,1.0,0.5367913148371531,1.868588853004675,0.9034166860516221,0.04221954161640531,2.341850267506888,0.9240032010134781,0.09269662921348315
R2_aA_m45,R2,0,15,E,stochastic,unknown,E,,978,829,829,1.6249535083770752,0.0,0,1.3729766567389199,0.1756888359509384,135.26374620272668,0.0,0.0,1.0,0.5006031363088058,1.8345185778771147,0.8874673056298261,0.04221954161640531,2.3547665340148916,0.9188804427253524,0.0951048951048951
R2_aA_m45,R2,0,16,E,stochastic,unknown,E,,978,829,829,1.627107858657837,0.0,0,1.4360424817156228,0.13449941605415033,102.77508505432162,0.0,0.0,1.0,0.5054282267792521,1.9104364832431244,0.9044573429881687,0.04342581423401689,2.305103525188706,0.928288142689858,0.08885754583921016
R2_aA_m45,R2,0,17,E,stochastic,unknown,E,,978,829,829,1.6559669971466064,0.0,0,1.350273006989301,0.14571805141133737,118.7590786538766,0.0,0.0,1.0,0.5597104945717732,1.8410759427304786,0.8943419575092246,0.04101326899879373,2.3055747268832807,0.95369958452088,0.08860759493670886
R2_aA_m45,R2,0,18,E,stochastic,unknown,E,,978,829,829,1.6184980869293213,0.0,0,1.635677766356857,0.17149863544908536,144.01879473794395,0.05307599517490953,0.0,0.9420989143546441,0.4692400482509047,1.7197996594420704,0.8444136231307541,0.03739445114595899,2.3645860387325075,0.9157489234326325,0.09410112359550561
R2_aA_m45,R2,0,19,E,stochastic,unknown,E,,978,829,829,1.6280620098114014,0.0,0,1.401912832294819,0.13931366960149802,127.70221779514559,0.0,0.0,1.0,0.5355850422195416,1.797223872646936,0.8808552857185799,0.04221954161640531,2.277649737421477,0.9410536161258347,0.08873239436619719
R2_aA_m45,R2,0,20,E,stochastic,unknown,E,,978,829,829,1.620020866394043,0.0,0,1.5014211332493592,0.15501579329177212,123.01253655301494,0.022919179734620022,0.0,0.9517490952955368,0.5524728588661038,1.8318076056199128,0.8843634996304008,0.04221954161640531,2.3003047547424473,0.9525850775845952,0.08860759493670886
R2_aA_m45,R2,0,21,E,stochastic,unknown,E,,978,829,829,1.619849443435669,0.0,0,1.525364068295803,0.14418885233920678,121.09106962576938,0.024125452352231604,0.0,0.9589867310012062,0.5633293124246079,1.827447895405117,0.8707390363366894,0.04101326899879373,2.268296700104256,0.9315022594614106,0.0891089108910891
R2_aA_m45,R2,0,22,E,stochastic,unknown,E,,978,829,829,2.2471210956573486,0.0,0,1.5353422516458068,0.14995409754008823,113.0203117702318,0.016887816646562123,0.0,0.9758745476477684,0.5633293124246079,1.8238720178552028,0.8572689514925381,0.04221954161640531,2.2636136584700592,0.9278913560707769,0.0891089108910891
R2_aA_m45,R2,0,23,E,stochastic,unknown,E,,978,829,829,2.2189717292785645,0.0,0,1.4839669122267745,0.1424741632342757,125.106748714246,0.0,0.0,1.0,0.5729794933655006,1.8050172867264462,0.8786070685105358,0.039806996381182146,2.2555675779575157,0.9352711644425198,0.0891089108910891
R2_aA_m45,R2,0,24,E,stochastic,unknown,E,,978,829,829,2.239772319793701,0.0,0,1.6624083642138519,0.15954710066138744,131.7556852897034,0.013268998793727383,0.0,0.9541616405307599,0.5585042219541616,1.8166691474126329,0.8920748328725143,0.04101326899879373,2.2873773433384335,0.9202739537647273,0.09180790960451977
R2_aA_m45,R2,0,25,E,stochastic,unknown,E,,978,829,829,2.2745120525360107,0.0,0,1.5309006194528512,0.17601840102671562,132.58819818383807,0.010856453558504222,0.0,0.9638118214716526,0.47406513872135103,1.763125241836816,0.8489351782386086,0.039806996381182146,2.3580411626178917,0.9210352242323419,0.0951048951048951
R2_aA_m45,R2,0,26,E,stochastic,unknown,E,,978,829,829,2.2503623962402344,0.0,0,1.3207026407235358,0.16566148305080144,113.9366903931143,0.0,0.0,1.0,0.5476477683956574,1.8738433063871878,0.8935584130916533,0.04221954161640531,2.3085959188396212,0.9451921652978896,0.08951048951048951
R2_aA_m45,R2,0,27,E,stochastic,unknown,E,,978,829,829,2.2480216026306152,0.0,0,1.4504881201579176,0.12777448331148242,106.86194268244671,0.0012062726176115801,0.0,0.9891435464414958,0.5645355850422196,1.8883527064413952,0.8938254488111099,0.04221954161640531,2.2656465211529055,0.9261849230027766,0.08923512747875353
R2_aA_m45,R2,0,28,E,stochastic,unknown,E,,978,829,829,2.258603811264038,0.0,0,1.488171385549252,0.13778576274126186,121.67803078544424,0.04945717732207479,0.0,0.9240048250904704,0.5319662243667069,1.7664864071252,0.8290929299207584,0.039806996381182146,2.2704107227931147,0.9249416492828103,0.08923512747875353
R2_aA_m45,R2,0,29,E,stochastic,unknown,E,,978,829,829,2.255394220352173,0.0,0,1.2136916419670882,0.13622691297754821,116.72127500967373,0.0,0.0,0.9891435464414958,0.586248492159228,1.834382206358587,0.8806233137929885,0.04221954161640531,2.3009995166466872,0.9678764368934968,0.08720112517580872
R2_aA_m45,R2,0,30,E,stochastic,unknown,E,,978,829,829,2.225773811340332,0.0,0,1.571201564381943,0.14335249949636902,114.13679188500109,0.016887816646562123,0.0,0.9469240048250904,0.5150784077201448,1.8446779950634438,0.8761576483781557,0.04101326899879373,2.2885994161302214,0.9165167040387427,0.09180790960451977
R2_aA_m45,R2,0,31,E,stochastic,unknown,E,,978,829,829,2.264655590057373,0.0,0,1.286343702089711,0.15356510438011034,114.5855469298422,0.0,0.0,1.0,0.49095295536791317,1.868312296681426,0.8905859962160678,0.04342581423401689,2.355572115856413,0.923712292437054,0.09344490934449093
R2_aA_m45,R2,0,32,E,stochastic,unknown,E,,978,829,829,2.238919973373413,0.0,0,1.3681659194150961,0.14208327683984212,114.03710576718055,0.032569360675512665,0.0,0.9131483715319663,0.5223160434258143,1.8272393360802646,0.8676842770914763,0.04221954161640531,2.356198463338207,0.9096631717269128,0.09396914446002805
R2_aA_m45,R2,0,33,E,stochastic,unknown,E,,978,829,829,2.430542230606079,0.0,0,1.5301226382495499,0.1435213396054302,110.57183575795827,0.025331724969843185,0.0,0.9529553679131484,0.5331724969843185,1.8626642946309198,0.8559257685439733,0.04342581423401689,2.2949241029437912,0.9258503397015826,0.09052333804809053
R2_aA_m45,R2,0,34,E,stochastic,unknown,E,,978,829,829,2.4585962295532227,0.0,0,1.2265642795841167,0.19697013277179976,132.1258030339323,0.0,0.0,1.0,0.4692400482509047,1.8196749417392217,0.8978466980872597,0.039806996381182146,2.335868626555954,0.9430600839219603,0.09483960948396095
R2_aA_m45,R2,0,35,E,stochastic,unknown,E,,978,829,829,2.2178425788879395,0.0,0,1.3854371105105352,0.13640287090387868,112.80098335045071,0.021712907117008445,0.0,0.9529553679131484,0.5621230398069964,1.8176803491606979,0.8518425633584277,0.04221954161640531,2.296471714591751,0.9337130343139501,0.08860759493670886
R2_aA_m45,R2,0,36,E,stochastic,unknown,E,,978,829,829,2.221397638320923,0.0,0,1.3393698521000152,0.1576210423405452,124.33974995140738,0.0,0.0,1.0,0.5621230398069964,1.8852381156317604,0.9190832637941596,0.04342581423401689,2.2819921640229577,0.9676153200995808,0.08720112517580872
R2_aA_m45,R2,0,37,E,stochastic,unknown,E,,978,829,829,2.2496018409729004,0.0,0,1.2705392798955413,0.1582522559576388,116.20546040378292,0.0,0.0,1.0,0.46682750301568154,1.833767077722281,0.8595976218591768,0.04221954161640531,2.337547489171052,0.9169654003196372,0.0938375350140056
R2_aA_m45,R2,0,38,E,stochastic,unknown,E,,978,829,829,2.2257580757141113,0.0,0,1.130852453146539,0.13967819989127417,107.16810244092218,0.0,0.0,0.9939686369119421,0.5597104945717732,1.8681220385237447,0.8834229959031765,0.04221954161640531,2.344871166993518,0.9280436955847865,0.09396914446002805
R2_aA_m45,R2,0,39,E,stochastic,unknown,E,,978,829,829,2.247189521789551,0.0,0,1.450399866335063,0.150235420799736,111.58545345005795,0.0,0.0,0.9927623642943305,0.503015681544029,1.9018814538774658,0.9072869202732285,0.04463208685162847,2.2964221687703197,0.9296770893200034,0.08885754583921016
R2_aA_m45,R2,0,40,E,stochastic,unknown,E,,978,829,829,2.429213523864746,0.0,0,1.4413423110760264,0.1675671737016132,123.03467296252649,0.0,0.0,1.0,0.5476477683956574,1.8583446580235452,0.8941289339609688,0.04342581423401689,2.28422757699725,0.9633455642226312,0.08720112517580872
R2_aA_m45,R2,0,41,E,stochastic,unknown,E,,978,829,829,1.6667814254760742,0.0,0,1.3359330171885349,0.13257637465291724,113.20139942032594,0.0012062726176115801,0.0,0.9819059107358263,0.5585042219541616,1.8300875265612064,0.8671118833032592,0.04101326899879373,2.288905221359898,0.9296680371245896,0.09014084507042254
R2_aA_m45,R2,0,42,E,stochastic,unknown,E,,978,829,829,1.6940670013427734,0.0,0,1.1059305134995374,0.13659814259132516,110.34723830053697,0.030156815440289506,0.0,0.9300361881785284,0.5560916767189384,1.813742608781704,0.8551581834241386,0.04101326899879373,2.3461294916373427,0.9242492367605739,0.09396914446002805
R2_aA_m45,R2,0,43,E,stochastic,unknown,E,,978,829,829,1.6045818328857422,0.0,0,1.5977773083043472,0.1529147946116961,119.53726931298858,0.0,0.0,0.9987937273823885,0.49819059107358266,1.825372210230915,0.8904825829254659,0.04221954161640531,2.2967148425891537,0.93509837436569,0.08885754583921016
R2_aA_m45,R2,0,44,E,stochastic,unknown,E,,978,829,829,1.6106126308441162,0.0,0,1.1472885956952557,0.1512721513472058,113.67891230041481,0.0,0.0,1.0,0.5392038600723763,1.837899668570313,0.8726844801405985,0.04221954161640531,2.3367607274139433,0.9182251769802109,0.09523809523809523
R2_aA_m45,R2,0,45,E,stochastic,unknown,E,,978,829,829,1.6130220890045166,0.0,0,1.2010425446950415,0.16306031366104137,126.39398609136899,0.0,0.0,1.0,0.5428226779252111,1.8706175470781279,0.90879728705151,0.04221954161640531,2.336066181446261,0.9266130758360208,0.09497206703910614
R2_aA_m45,R2,0,46,E,stochastic,unknown,E,,978,829,829,1.6558952331542969,0.0,0,1.131803650146852,0.13304108093639483,118.50450840046047,0.045838359469240045,0.0,0.9481302774427021,0.5778045838359469,1.8133244412779874,0.8626174362221222,0.04342581423401689,2.3418545199965144,0.9279725069073492,0.09256661991584852
R2_aA_m45,R2,0,47,E,stochastic,unknown,E,,978,829,829,1.6337416172027588,0.0,0,1.0945348705651592,0.17473595942402417,112.6842972874691,0.0,0.0,0.9903498190591074,0.5922798552472859,1.8774759105430456,0.8993626555300962,0.04221954161640531,2.331700869470153,0.928879893751533,0.09483960948396095
R2_aA_m45,R2,0,48,E,stochastic,unknown,E,,978,829,829,2.3977911472320557,0.0,0,1.1865716323190392,0.14410015565721382,116.35691601933004,0.0,0.0,1.0,0.5753920386007237,1.8479280214551916,0.8988832429477397,0.04221954161640531,2.33657616138645,0.9321232698592086,0.0938375350140056
R2_aA_m45,R2,0,49,E,stochastic,unknown,E,,978,829,829,1.6328394412994385,0.0,0,1.4705783732651487,0.16599126984024704,125.49490242599153,0.0,0.0,0.9963811821471653,0.4825090470446321,1.8796122389034535,0.9174417274962733,0.04101326899879373,2.346926589856128,0.9178660574045413,0.09396914446002805
R2_aA_m45,R2,1,0,E,stochastic,unknown,E,,978,829,829,1.613004207611084,0.0,0,1.1690448465801455,0.15831625742057273,124.49190821471231,0.0,0.0,1.0,0.5934861278648975,1.8319610728686955,0.8876020729507668,0.04221954161640531,2.333682819215271,0.917153971027662,0.09497206703910614
R2_aA_m45,R2,1,1,E,stochastic,unknown,E,,978,829,829,1.618619441986084,0.0,0,1.4061632199397907,0.15373934618116125,118.73632855724324,0.03498190591073583,0.0,0.9445114595898673,0.5657418576598311,1.8162177848931125,0.8645735004397743,0.04101326899879373,2.3119379315265403,0.9351138627641298,0.0898876404494382
R2_aA_m45,R2,1,2,E,stochastic,unknown,E,,978,829,829,2.3953096866607666,0.0,0,1.3896887592049445,0.1625609413317389,123.30759610798636,0.009650180940892641,0.0,0.9698431845597105,0.4825090470446321,1.800480274175476,0.8602994877309426,0.04101326899879373,2.3346118403196887,0.9103060556313323,0.09396914446002805
R2_aA_m45,R2,1,3,E,stochastic,unknown,E,,978,829,829,2.480390787124634,0.0,0,1.3974661660641998,0.1559419885618304,137.51639297034816,0.0,0.0,1.0,0.5235223160434258,1.8202388115577783,0.8987158970991406,0.04101326899879373,2.272099458467156,0.9716239811353989,0.08555399719495091
R2_aA_m45,R2,1,4,E,stochastic,unknown,E,,978,829,829,2.2423105239868164,0.0,0,1.3625363756729874,0.1420938851320874,120.27836712833317,0.0,0.0,1.0,0.5765983112183354,1.8188073774608118,0.8725091651387455,0.04221954161640531,2.242309975816804,0.9388243295685009,0.08757062146892655
R2_aA_m45,R2,1,5,E,stochastic,unknown,E,,978,829,829,2.242241144180298,0.0,0,1.2959306865607474,0.15180229877469564,122.16240120631036,0.0,0.0,0.9867310012062727,0.5476477683956574,1.8240074625525362,0.8676477774420802,0.04221954161640531,2.3428215041757334,0.9136753107894988,0.0951048951048951
R2_aA_m45,R2,1,6,E,stochastic,unknown,E,,978,829,829,2.2313690185546875,0.0,0,1.6761768317224677,0.1563412245248858,123.78256175270579,0.06272617611580217,0.0,0.9095295536791315,0.4680337756332931,1.8141806418700432,0.861228596641317,0.04101326899879373,2.299145747775928,0.9235079799076941,0.08885754583921016
R2_aA_m45,R2,1,7,E,stochastic,unknown,E,,978,829,829,2.254096031188965,0.0,0,1.5124143984961944,0.17641089969569687,115.80491618926688,0.0,0.0,0.9987937273823885,0.4583835946924005,1.8775943663775112,0.8896135815478521,0.04463208685162847,2.362383167877634,0.9242776593808363,0.09396914446002805
R2_aA_m45,R2,1,8,E,stochastic,unknown,E,,978,829,829,2.2693521976470947,0.0,0,1.2421077153120494,0.15572491469868,117.60568194183983,0.024125452352231604,0.0,0.9613992762364294,0.5186972255729795,1.827064863211119,0.8689009480897615,0.04101326899879373,2.3349079095007004,0.9179656044977803,0.0935754189944134
R2_aA_m45,R2,1,9,E,stochastic,unknown,E,,978,829,829,2.2574622631073,0.0,0,1.3243450743273262,0.14828278635885014,118.59165295577877,0.007237635705669481,0.0,0.9867310012062727,0.5367913148371531,1.8446831030920405,0.8908531044614753,0.04221954161640531,2.3499196913359977,0.9176754308742069,0.09396914446002805
R2_aA_m45,R2,1,10,E,stochastic,unknown,E,,978,829,829,2.239813804626465,0.0,0,1.9586476306387741,0.1849587669426179,133.40015879002684,0.0012062726176115801,0.0,0.9939686369119421,0.4776839565741858,1.7775847481459635,0.8677694017016285,0.039806996381182146,2.294770485381858,0.95065131228158,0.08885754583921016
R2_aA_m45,R2,1,11,E,stochastic,unknown,E,,978,829,829,2.2640273571014404,0.0,0,1.120018346876177,0.1852195449723111,113.40749559872167,0.0,0.0,1.0,0.5669481302774427,1.9503362426409752,0.93308797377491,0.045838359469240045,2.336098338833896,0.9385935223166159,0.0947075208913649
R2_aA_m45,R2,1,12,E,stochastic,unknown,E,,978,829,829,2.261826276779175,0.0,0,1.2488767380421177,0.1743837878619388,121.47875590359385,0.0,0.0,1.0,0.5379975874547648,1.915456582142757,0.9130656271824444,0.04221954161640531,2.329000728260139,0.9301823006587574,0.0951048951048951
R2_aA_m45,R2,1,13,E,stochastic,unknown,E,,978,829,829,2.259342908859253,0.0,0,1.6404762406236555,0.17253605111645245,132.41637402389276,0.012062726176115802,0.0,0.9686369119420989,0.47165259348612787,1.8020083027416152,0.867917370265186,0.04101326899879373,2.3043695092687195,0.947338531100154,0.08848314606741572
R2_aA_m45,R2,1,14,E,stochastic,unknown,E,,978,829,829,2.257215976715088,0.0,0,1.3616206051555093,0.1559052165164194,119.51246776719317,0.0,0.0,1.0,0.5524728588661038,1.869774702250732,0.9041167225674586,0.04221954161640531,2.3406285087868195,0.92188634389434,0.09269662921348315
R2_aA_m45,R2,1,15,E,stochastic,unknown,E,,978,829,829,1.6698083877563477,0.0,0,1.457955541490365,0.17768740205014996,135.95791391464923,0.0,0.0,0.9987937273823885,0.4487334137515078,1.8327904565906161,0.8858993773211365,0.04221954161640531,2.3600578988966103,0.9238767723570839,0.09497206703910614
R2_aA_m45,R2,1,16,E,stochastic,unknown,E,,978,829,829,2.2460365295410156,0.0,0,1.5275474361026125,0.1423380406212248,103.2308008091927,0.0,0.0,1.0,0.4837153196622437,1.9127721270923357,0.906281742022502,0.04342581423401689,2.3165709069558433,0.9374161841592443,0.08873239436619719
R2_aA_m45,R2,1,17,E,stochastic,unknown,E,,978,829,829,2.2369110584259033,0.0,0,1.2918150013251855,0.146566460781118,118.71709140315345,0.0,0.0,1.0,0.5597104945717732,1.842997667645806,0.8963824086730484,0.04101326899879373,2.2973950387697704,0.9641659481938777,0.08720112517580872
R2_aA_m45,R2,1,18,E,stochastic,unknown,E,,978,829,829,2.4370784759521484,0.0,0,1.7355945003174433,0.179190394490853,144.98213924947498,0.054282267792521106,0.0,0.9396863691194209,0.4644149577804584,1.7214998332370883,0.8452967493873687,0.03739445114595899,2.372209167627834,0.9157789334760968,0.09396914446002805
R2_aA_m45,R2,1,19,E,stochastic,unknown,E,,978,829,829,2.476306200027466,0.0,0,1.3285238300901998,0.13627839709538125,127.87272445906906,0.0,0.0,1.0,0.5428226779252111,1.798614914784309,0.8832378496306162,0.04221954161640531,2.266641508703407,0.9497587813510839,0.08720112517580872
R2_aA_m45,R2,1,20,E,stochastic,unknown,E,,978,829,829,2.269205093383789,0.0,0,1.5133022947539156,0.15368261605369435,123.02751840706512,0.008443908323281062,0.0,0.962605548854041,0.5597104945717732,1.8340353303292318,0.8859740036785053,0.04221954161640531,2.2874162849782977,0.9361061346769388,0.09142053445850915
R2_aA_m45,R2,1,21,E,stochastic,unknown,E,,978,829,829,1.6084306240081787,0.0,0,1.4953004811890487,0.14345824323359443,121.08957388139902,0.024125452352231604,0.0,0.9589867310012062,0.5657418576598311,1.8280514949071465,0.8718189173088992,0.04101326899879373,2.270245302118353,0.9344202129451937,0.0891089108910891
R2_aA_m45,R2,1,22,E,stochastic,unknown,E,,978,829,829,2.231316566467285,0.0,0,1.602129319015473,0.15316805501830055,113.55463968072699,0.016887816646562123,0.0,0.9758745476477684,0.5126658624849216,1.8237378971983642,0.8566568174124908,0.04221954161640531,2.2720681390464064,0.9378701466058809,0.08885754583921016
R2_aA_m45,R2,1,23,E,stochastic,unknown,E,,978,829,829,1.6167001724243164,0.0,0,1.4303238984579538,0.14204973895570036,125.54015610127549,0.0,0.0,1.0,0.5669481302774427,1.806933577193891,0.8812588328475252,0.039806996381182146,2.2447152165237223,0.9353241410627399,0.08898305084745763
R2_aA_m45,R2,1,24,E,stochastic,unknown,E,,978,829,829,1.6168169975280762,0.0,0,1.6663425046109006,0.16000936692129564,131.85170112504164,0.010856453558504222,0.0,0.9529553679131484,0.5597104945717732,1.8176627934497136,0.8932070186171414,0.04101326899879373,2.2929315722234795,0.9306606548369762,0.09167842031029619
R2_aA_m45,R2,1,25,E,stochastic,unknown,E,,978,829,829,1.7084014415740967,0.0,0,1.5696229118906353,0.17889841812495882,133.09409086138442,0.010856453558504222,0.0,0.9638118214716526,0.47165259348612787,1.7628888700619507,0.8483533583872299,0.039806996381182146,2.3630044035612965,0.9217419804006948,0.0951048951048951
R2_aA_m45,R2,1,26,E,stochastic,unknown,E,,978,829,829,1.6279711723327637,0.0,0,1.3474161114761674,0.16685577113363084,114.08719276212759,0.0,0.0,1.0,0.5512665862484921,1.8734412397391618,0.8925828289404001,0.04221954161640531,2.312168986055705,0.9449132348817708,0.08951048951048951
R2_aA_m45,R2,1,27,E,stochastic,unknown,E,,978,829,829,2.259948492050171,0.0,0,1.4150712868847466,0.12475165739216758,107.02238428088134,0.0036188178528347406,0.0,0.9891435464414958,0.5645355850422196,1.8881670673489939,0.8944705927242633,0.04221954161640531,2.261424221270429,0.9256654970028728,0.08923512747875353
R2_aA_m45,R2,1,28,E,stochastic,unknown,E,,978,829,829,1.6313974857330322,0.0,0,1.4483799042736003,0.13597598690196278,121.56614532683622,0.04945717732207479,0.0,0.9240048250904704,0.5609167671893848,1.7670501414165922,0.8300146815301293,0.039806996381182146,2.2668361560946164,0.9251887462834214,0.08923512747875353
R2_aA_m45,R2,1,29,E,stochastic,unknown,E,,978,829,829,1.6303670406341553,0.0,0,1.2432665044870106,0.1358273452994663,116.91758089969862,0.0,0.0,0.9891435464414958,0.5790108564535585,1.8350473237341585,0.8810736930351027,0.04221954161640531,2.299012104156439,0.9673772972802839,0.08848314606741572
R2_aA_m45,R2,1,30,E,stochastic,unknown,E,,978,829,829,1.622323751449585,0.0,0,1.7031188608282832,0.15597846795803721,114.97160168362005,0.026537997587454766,0.0,0.9408926417370326,0.48009650180940894,1.8448136711928214,0.8759946962154717,0.04101326899879373,2.303389329504944,0.9171449818781753,0.09180790960451977
R2_aA_m45,R2,1,31,E,stochastic,unknown,E,,978,829,829,1.617455244064331,0.0,0,1.3337078143490997,0.1579405575758328,115.1653593568095,0.0,0.0,1.0,0.4704463208685163,1.8680746048978782,0.8903895836620939,0.04342581423401689,2.3595115940494598,0.924170641852906,0.09344490934449093
R2_aA_m45,R2,1,32,E,stochastic,unknown,E,,978,829,829,2.4292664527893066,0.0,0,1.4335003648781084,0.1479268591201896,114.54316549163232,0.032569360675512665,0.0,0.9131483715319663,0.49095295536791317,1.828348320822512,0.8684973326152341,0.04221954161640531,2.3629821800194466,0.9097223366766372,0.09396914446002805
R2_aA_m45,R2,1,33,E,stochastic,unknown,E,,978,829,829,2.3865013122558594,0.0,0,1.5620822720173924,0.14539048806338023,110.76060612672256,0.025331724969843185,0.0,0.9529553679131484,0.5018094089264173,1.8619029403194747,0.8546767844313082,0.04342581423401689,2.295052057441903,0.9239806436674027,0.0903954802259887
R2_aA_m45,R2,1,34,E,stochastic,unknown,E,,978,829,829,2.383227586746216,0.0,0,1.22556141856395,0.19455338899192154,131.85444785590667,0.0,0.0,1.0,0.4776839565741858,1.8197299528901871,0.8987251936577867,0.039806996381182146,2.335078074847731,0.9446956191845238,0.09483960948396095
R2_aA_m45,R2,1,35,E,stochastic,unknown,E,,978,829,829,2.4617795944213867,0.0,0,1.3216745912735894,0.13422858176316005,112.74319630095515,0.015681544028950542,0.0,0.9601930036188179,0.5633293124246079,1.8183963733780173,0.85319683089809,0.04221954161640531,2.289015384671484,0.9344388166558888,0.08860759493670886
R2_aA_m45,R2,1,36,E,stochastic,unknown,E,,978,829,829,1.6957848072052002,0.0,0,1.330277557448511,0.1562548512156551,124.78415847102627,0.0,0.0,1.0,0.5440289505428226,1.888041119031551,0.921765917823216,0.04342581423401689,2.26947328970407,0.9595190458616929,0.08860759493670886
R2_aA_m45,R2,1,37,E,stochastic,unknown,E,,978,829,829,1.636617660522461,0.0,0,1.3191979018967537,0.1602924126374669,116.52999921862488,0.0,0.0,1.0,0.44632086851628466,1.8332275908613607,0.8585971385447186,0.04221954161640531,2.339471107915303,0.9156725798062963,0.0938375350140056
R2_aA_m45,R2,1,38,E,stochastic,unknown,E,,978,829,829,2.2339060306549072,0.0,0,1.1738624220711882,0.1430493067026095,107.4348742392245,0.0,0.0,0.9939686369119421,0.5392038600723763,1.8674403890925355,0.8826752745837805,0.04221954161640531,2.3426936228223902,0.9256249533608272,0.0937062937062937
R2_aA_m45,R2,1,39,E,stochastic,unknown,E,,978,829,829,1.6251091957092285,0.0,0,1.5400167187199851,0.15247462877023174,112.13631972958053,0.0012062726176115801,0.0,0.985524728588661,0.4752714113389626,1.9000658841172244,0.9047597239309337,0.04463208685162847,2.3043682352326944,0.9307110670450781,0.08873239436619719
R2_aA_m45,R2,1,40,E,stochastic,unknown,E,,978,829,829,1.6329998970031738,0.0,0,1.560869214135981,0.16510583131919124,123.50631651326543,0.0,0.0,1.0,0.5585042219541616,1.8600986916956965,0.8938800188600404,0.04342581423401689,2.2661311017020265,0.9534548115944161,0.08873239436619719
R2_aA_m45,R2,1,41,E,stochastic,unknown,E,,978,829,829,2.234138011932373,0.0,0,1.3079633936602202,0.1327099513040201,113.54538969187912,0.0,0.0,0.9963811821471653,0.5524728588661038,1.8319236164470354,0.8691700929457877,0.04101326899879373,2.28713147963522,0.9403681015303778,0.090014064697609
R2_aA_m45,R2,1,42,E,stochastic,unknown,E,,978,829,829,2.2441365718841553,0.0,0,1.1688226058972613,0.1361412154065716,110.58857725043087,0.03739445114595899,0.0,0.9203860072376358,0.5452352231604343,1.8124053617414153,0.8534232271215207,0.04101326899879373,2.352546361524032,0.9229146126597352,0.0938375350140056
R2_aA_m45,R2,1,43,E,stochastic,unknown,E,,978,829,829,2.2415831089019775,0.0,0,1.6392463460878657,0.1545405120056064,119.73312707562631,0.0,0.0,0.9831121833534379,0.46682750301568154,1.8237048335689665,0.8886637445735874,0.04221954161640531,2.306841283102263,0.9417863004765968,0.08757062146892655
R2_aA_m45,R2,1,44,E,stochastic,unknown,E,,978,829,829,1.653688907623291,0.0,0,1.1315216408735693,0.150754848605479,113.62788861211334,0.0,0.0,1.0,0.5597104945717732,1.8382907015251386,0.8734596815549465,0.04221954161640531,2.3332183170426593,0.9187921047094388,0.09523809523809523
R2_aA_m45,R2,1,45,E,stochastic,unknown,E,,978,829,829,2.246950149536133,0.0,0,1.233604897364957,0.1606931740797923,126.30849821605689,0.0,0.0,1.0,0.5102533172496985,1.8679357785681476,0.905733883351224,0.04221954161640531,2.346398508291552,0.9342445916754086,0.0935754189944134
R2_aA_m45,R2,1,46,E,stochastic,unknown,E,,978,829,829,2.2657384872436523,0.0,0,1.1102115151077967,0.13573847625039004,118.65422386881397,0.03739445114595899,0.0,0.9517490952955368,0.6332931242460796,1.8156729448275377,0.8655151935552108,0.04342581423401689,2.338681592375482,0.9224184589598665,0.09396914446002805
R2_aA_m45,R2,1,47,E,stochastic,unknown,E,,978,829,829,1.7017810344696045,0.0,0,1.0846620520539938,0.17307955275677775,112.6958137638803,0.0,0.0,0.9939686369119421,0.5971049457177322,1.8778581828438599,0.9001573173701352,0.04221954161640531,2.333838481627721,0.9308300166622051,0.09483960948396095
R2_aA_m45,R2,1,48,E,stochastic,unknown,E,,978,829,829,2.2414608001708984,0.0,0,1.1676062853030194,0.14674198516932832,116.6156221424151,0.0,0.0,1.0,0.5705669481302774,1.8495405623482042,0.9011565192399978,0.04221954161640531,2.336676381604485,0.9331939046775529,0.0951048951048951
R2_aA_m45,R2,1,49,E,stochastic,unknown,E,,978,829,829,2.2526590824127197,0.0,0,1.5495968553560397,0.16624028336867014,126.02880016218755,0.0,0.0,0.9867310012062727,0.4632086851628468,1.87782506750067,0.9151744912775893,0.04101326899879373,2.3628380498511263,0.9252448846091506,0.09396914446002805
R2_aA_m45,R2,2,0,E,stochastic,unknown,E,,978,829,829,2.251596212387085,0.0,0,1.1986586752016226,0.15949696149326495,124.82973581114933,0.0,0.0,1.0,0.5621230398069964,1.8310630592552837,0.8862729266823136,0.04221954161640531,2.3439942459937586,0.9238182467130813,0.0947075208913649
R2_aA_m45,R2,2,1,E,stochastic,unknown,E,,978,829,829,1.6083545684814453,0.0,0,1.5078582941687515,0.15480842531422412,118.94368671399174,0.025331724969843185,0.0,0.9348612786489746,0.5536791314837153,1.8161417816950827,0.8624786508974289,0.04101326899879373,2.2869466048724703,0.9313933184149147,0.0876944837340877
R2_aA_m45,R2,2,2,E,stochastic,unknown,E,,978,829,829,2.266366720199585,0.0,0,1.4564952079480897,0.16129496580870714,123.58873340985916,0.020506634499396863,0.0,0.9565741857659831,0.45235223160434257,1.7989690853139377,0.8581702044713276,0.04101326899879373,2.347946388203768,0.9125197598761691,0.09396914446002805
R2_aA_m45,R2,2,3,E,stochastic,unknown,E,,978,829,829,1.6627678871154785,0.0,0,1.4053219555827365,0.15720781541050946,138.18820590147473,0.0,0.0,1.0,0.525934861278649,1.8224539137885343,0.9020276870238698,0.04101326899879373,2.268985100082234,0.9747211957266708,0.08555399719495091
R2_aA_m45,R2,2,4,E,stochastic,unknown,E,,978,829,829,1.6418778896331787,0.0,0,1.3037385253120706,0.14189629540170556,120.88353290334001,0.0,0.0,1.0,0.5741857659831122,1.821805139335525,0.8761244872642616,0.04221954161640531,2.224983937097073,0.9342077565009814,0.08757062146892655
R2_aA_m45,R2,2,5,E,stochastic,unknown,E,,978,829,829,1.6197395324707031,0.0,0,1.625927864410259,0.15499586028564957,121.8050371886833,0.0,0.0,0.9782870928829915,0.4692400482509047,1.8244877886330664,0.8693167270713655,0.04101326899879373,2.3205078002393913,0.9487135492667668,0.08860759493670886
R2_aA_m45,R2,2,6,E,stochastic,unknown,E,,978,829,829,2.2518551349639893,0.0,0,1.6999099974987757,0.15745360768795608,123.88979334511377,0.05910735826296743,0.0,0.9095295536791315,0.46682750301568154,1.8146304593313918,0.8606570039917385,0.04101326899879373,2.2927177246134667,0.9200518216531539,0.08885754583921016
R2_aA_m45,R2,2,7,E,stochastic,unknown,E,,978,829,829,2.228161096572876,0.0,0,1.6186692850810407,0.17824748077400188,116.49297295951592,0.0012062726176115801,0.0,0.9867310012062727,0.4439083232810615,1.875420981240657,0.8871013773769255,0.04463208685162847,2.3724303370167705,0.9260870963043712,0.0938375350140056
R2_aA_m45,R2,2,8,E,stochastic,unknown,E,,978,829,829,2.231546401977539,0.0,0,1.2468038403788253,0.15588515817311976,117.75690460425415,0.024125452352231604,0.0,0.9565741857659831,0.5295536791314838,1.8265299115373856,0.8681172113190935,0.04101326899879373,2.3407618846119758,0.9096650104580536,0.09483960948396095
R2_aA_m45,R2,2,9,E,stochastic,unknown,E,,978,829,829,2.253687620162964,0.0,0,1.390084732054643,0.15213686439364824,118.92474178427015,0.008443908323281062,0.0,0.97708082026538,0.5295536791314838,1.8447756395979757,0.8908017222562797,0.04221954161640531,2.363462906757445,0.917287177246093,0.09497206703910614
R2_aA_m45,R2,2,10,E,stochastic,unknown,E,,978,829,829,2.2356343269348145,0.0,0,2.134689993454688,0.20215374844899983,134.80010433362997,0.0012062726176115801,0.0,0.9939686369119421,0.47165259348612787,1.7920452191957335,0.8812697377242511,0.039806996381182146,2.3045512718460364,0.9391820435975912,0.0903954802259887
R2_aA_m45,R2,2,11,E,stochastic,unknown,E,,978,829,829,2.414846181869507,0.0,0,1.125350478139282,0.18247312926628984,113.21006739785095,0.0,0.0,1.0,0.5597104945717732,1.9507593842487763,0.9335922543712097,0.045838359469240045,2.3439502470999445,0.9432326377802659,0.0947075208913649
R2_aA_m45,R2,2,12,E,stochastic,unknown,E,,978,829,829,2.2578132152557373,0.0,0,1.2479770657014286,0.17469510236980462,121.59663367424972,0.0,0.0,1.0,0.5416164053075995,1.9165049079314809,0.9145497596397129,0.04221954161640531,2.3262417725051487,0.933207284515812,0.0951048951048951
R2_aA_m45,R2,2,13,E,stochastic,unknown,E,,978,829,829,2.4498589038848877,0.0,0,1.6774042549725732,0.1738377880114753,132.62796525388515,0.013268998793727383,0.0,0.9662243667068757,0.47165259348612787,1.8010929722305753,0.8664897018782787,0.04101326899879373,2.317480145477365,0.9551060435396801,0.08835904628330996
R2_aA_m45,R2,2,14,E,stochastic,unknown,E,,978,829,829,2.4119889736175537,0.0,0,1.5210176634832613,0.15920070197208464,118.50006594951398,0.0,0.0,1.0,0.5054282267792521,1.8733844403882682,0.8945027967368798,0.04342581423401689,2.3096605180766034,0.9249079694671487,0.090014064697609
R2_aA_m45,R2,2,15,E,stochastic,unknown,E,,978,829,829,1.6559474468231201,0.0,0,1.4924039289825601,0.17860783587212076,136.59858046459013,0.0,0.0,0.9927623642943305,0.42460796139927626,1.8301848050767229,0.8837820475978811,0.04221954161640531,2.3666454260421403,0.9250872348239016,0.09497206703910614
R2_aA_m45,R2,2,16,E,stochastic,unknown,E,,978,829,829,1.6489968299865723,0.0,0,1.3462477911570654,0.1386799392158828,103.5343303211693,0.0,0.0,0.9975874547647768,0.5126658624849216,1.9089442917430341,0.9051459413721374,0.04342581423401689,2.349299459544195,0.9010712356172501,0.09497206703910614
R2_aA_m45,R2,2,17,E,stochastic,unknown,E,,978,829,829,1.627284049987793,0.0,0,1.309428769485779,0.15035492148172167,119.17470223116676,0.0,0.0,1.0,0.5500603136308806,1.8464164406671781,0.8989913558652106,0.04101326899879373,2.2846596534082755,0.9617838798985221,0.08835904628330996
R2_aA_m45,R2,2,18,E,stochastic,unknown,E,,978,829,829,1.6184253692626953,0.0,0,1.837922640019529,0.18775692139196584,145.98401081232507,0.054282267792521106,0.0,0.9396863691194209,0.45958986731001206,1.72568323487197,0.8489781448361576,0.03739445114595899,2.378779986651804,0.9149476092075224,0.09410112359550561
R2_aA_m45,R2,2,19,E,stochastic,unknown,E,,978,829,829,1.6640231609344482,0.0,0,1.3131719016309478,0.1382414044779439,128.5706091051836,0.0,0.0,1.0,0.5295536791314838,1.7989124238673342,0.8846815486939408,0.04221954161640531,2.2628894047491315,0.9527716358616428,0.08720112517580872
R2_aA_m45,R2,2,20,E,stochastic,unknown,E,,978,829,829,2.3882815837860107,0.0,0,1.463124002419511,0.15286185269855943,123.26950579062475,0.0,0.0,0.985524728588661,0.5500603136308806,1.8355797088307804,0.8878836838874503,0.04221954161640531,2.287436193536971,0.9411164092308687,0.09142053445850915
R2_aA_m45,R2,2,21,E,stochastic,unknown,E,,978,829,829,1.6111876964569092,0.0,0,1.4437817637870047,0.1414164548518654,121.40386147230946,0.028950542822677925,0.0,0.9565741857659831,0.5657418576598311,1.827461657959016,0.8725277274174863,0.04101326899879373,2.282825518327716,0.9396862379990054,0.09026798307475317
R2_aA_m45,R2,2,22,E,stochastic,unknown,E,,978,829,829,1.7173445224761963,0.0,0,1.5095020194176636,0.1551291434174602,113.344311943129,0.024125452352231604,0.0,0.9722557297949337,0.5452352231604343,1.8238764494159712,0.8580544233321911,0.04221954161640531,2.292012820098333,0.9331086564822937,0.09142053445850915
R2_aA_m45,R2,2,23,E,stochastic,unknown,E,,978,829,829,2.386880874633789,0.0,0,1.3570602100689053,0.13935900174233926,125.78964456813696,0.0,0.0,1.0,0.5693606755126659,1.8072243822368415,0.8825626616658416,0.039806996381182146,2.2382313203172552,0.9446108682767265,0.08744710860366714
R2_aA_m45,R2,2,24,E,stochastic,unknown,E,,978,829,829,1.617445468902588,0.0,0,1.7121962736436318,0.16047366091415824,130.38386979386868,0.0012062726176115801,0.0,0.9601930036188179,0.5585042219541616,1.8185721151459768,0.8842174073796258,0.04221954161640531,2.281154045329454,0.9503195903388493,0.08885754583921016
R2_aA_m45,R2,2,25,E,stochastic,unknown,E,,978,829,829,1.6309309005737305,0.0,0,1.6152296942725604,0.18265387135369535,133.56718307396287,0.016887816646562123,0.0,0.9589867310012062,0.4644149577804584,1.7649149526965489,0.8503204973427332,0.039806996381182146,2.3741715068963907,0.9248103720836072,0.0951048951048951
R2_aA_m45,R2,2,26,E,stochastic,unknown,E,,978,829,829,1.6229684352874756,0.0,0,1.2784501573504312,0.1716792296603404,114.75525018528731,0.0,0.0,1.0,0.5355850422195416,1.8733450903958548,0.8939104003553537,0.04221954161640531,2.3397920459266945,0.9205429955132447,0.09483960948396095
R2_aA_m45,R2,2,27,E,stochastic,unknown,E,,978,829,829,2.237330436706543,0.0,0,1.3944051514631062,0.12378051332354449,107.18164666440829,0.0036188178528347406,0.0,0.9879372738238842,0.5645355850422196,1.888772843781676,0.8959613974334162,0.04221954161640531,2.253612960449666,0.9245722780095136,0.08923512747875353
R2_aA_m45,R2,2,28,E,stochastic,unknown,E,,978,829,829,2.453817844390869,0.0,0,1.4382832235494456,0.13568884852623628,121.56819298431301,0.04825090470446321,0.0,0.9227985524728589,0.5633293124246079,1.7673297408245423,0.830422239678455,0.039806996381182146,2.2577251874703443,0.92407548312492,0.08923512747875353
R2_aA_m45,R2,2,29,E,stochastic,unknown,E,,978,829,829,2.212714910507202,0.0,0,1.246033160021227,0.14092608776927965,117.20241548379087,0.0,0.0,0.9987937273823885,0.5536791314837153,1.83590832215961,0.8815989512596032,0.04221954161640531,2.2994625258223156,0.9715206209467545,0.08860759493670886
R2_aA_m45,R2,2,30,E,stochastic,unknown,E,,978,829,829,2.240110397338867,0.0,0,1.6742605605345822,0.15634691116906702,115.16598824585826,0.039806996381182146,0.0,0.9191797346200241,0.4680337756332931,1.8406616483415188,0.8731128620434909,0.04101326899879373,2.328009060165605,0.9277100385338191,0.09026798307475317
R2_aA_m45,R2,2,31,E,stochastic,unknown,E,,978,829,829,2.2401418685913086,0.0,0,1.419187156702575,0.1625948978919298,116.06106473163227,0.0,0.0,0.9987937273823885,0.4559710494571773,1.866999135784471,0.8896005860722758,0.04342581423401689,2.3665734741838738,0.9157806550226986,0.0947075208913649
R2_aA_m45,R2,2,32,E,stochastic,unknown,E,,978,829,829,2.230943202972412,0.0,0,1.4791931606339124,0.15063240206211795,114.96839180106564,0.033775633293124246,0.0,0.9095295536791315,0.47285886610373945,1.827383115958883,0.8669940271308213,0.04221954161640531,2.385947166883828,0.9119982498173098,0.0965034965034965
R2_aA_m45,R2,2,33,E,stochastic,unknown,E,,978,829,829,2.257441997528076,0.0,0,1.5501755373214487,0.14760287896706123,110.87319630274006,0.030156815440289506,0.0,0.9529553679131484,0.4897466827503016,1.8609333947849431,0.8544385969785339,0.04342581423401689,2.31258507267028,0.9414085549629253,0.08860759493670886
R2_aA_m45,R2,2,34,E,stochastic,unknown,E,,978,829,829,2.22817063331604,0.0,0,1.2270758016958663,0.18744595298335218,131.24042916100507,0.0,0.0,1.0,0.4969843184559711,1.8189747095199904,0.8993898291686674,0.039806996381182146,2.341894555063899,0.9477167598135329,0.09483960948396095
R2_aA_m45,R2,2,35,E,stochastic,unknown,E,,978,829,829,2.244086742401123,0.0,0,1.2218429434502958,0.12898706982562852,112.58203786595809,0.013268998793727383,0.0,0.9601930036188179,0.5669481302774427,1.8187419370602202,0.8542464061490755,0.04221954161640531,2.2848393610367324,0.9451145879523817,0.08720112517580872
R2_aA_m45,R2,2,36,E,stochastic,unknown,E,,978,829,829,2.2422800064086914,0.0,0,1.3327786406407172,0.16019378037711804,125.62342099746924,0.0,0.0,1.0,0.5283474065138721,1.8915635776628976,0.9258060780681427,0.04342581423401689,2.2542774498701728,0.9573985955427997,0.08848314606741572
R2_aA_m45,R2,2,37,E,stochastic,unknown,E,,978,829,829,2.254322052001953,0.0,0,1.3850131674886155,0.16322143509360723,116.99014676371965,0.0,0.0,1.0,0.4149577804583836,1.8319206305219242,0.8566325935014911,0.04221954161640531,2.3471078737368343,0.9081167075595593,0.09523809523809523
R2_aA_m45,R2,2,38,E,stochastic,unknown,E,,978,829,829,2.2454988956451416,0.0,0,1.204810752858885,0.14413135137897273,107.68435349435836,0.0,0.0,0.9939686369119421,0.5295536791314838,1.8661824440438397,0.8815117998630058,0.04221954161640531,2.3481947662491938,0.9260374347304038,0.0935754189944134
R2_aA_m45,R2,2,39,E,stochastic,unknown,E,,978,829,829,2.2205216884613037,0.0,0,1.584814086268967,0.15343667905051198,112.91770134184411,0.013268998793727383,0.0,0.9758745476477684,0.4487334137515078,1.8973336787025255,0.9026267188286948,0.04463208685162847,2.324064101773601,0.9221784005836638,0.09026798307475317
R2_aA_m45,R2,2,40,E,stochastic,unknown,E,,978,829,829,2.217491865158081,0.0,0,1.5076777984300185,0.16630703029474989,123.9784598434656,0.0,0.0,1.0,0.548854041013269,1.8636239795087735,0.8977333268092718,0.04342581423401689,2.2572873440405017,0.9647786149097836,0.08732394366197183
R2_aA_m45,R2,2,41,E,stochastic,unknown,E,,978,829,829,2.2217764854431152,0.0,0,1.302092367459424,0.13520411206871374,114.18277317086793,0.0,0.0,1.0,0.5452352231604343,1.8344152330552237,0.870961280740784,0.04101326899879373,2.2730029151078974,0.933601795700139,0.09142053445850915
R2_aA_m45,R2,2,42,E,stochastic,unknown,E,,978,829,829,2.2447052001953125,0.0,0,1.272388273056404,0.13636032008345852,111.20325817759363,0.05307599517490953,0.0,0.9047044632086851,0.47285886610373945,1.808885698299272,0.8497863931163755,0.04101326899879373,2.3683040267169537,0.9166655291019519,0.09523809523809523
R2_aA_m45,R2,2,43,E,stochastic,unknown,E,,978,829,829,2.2406530380249023,0.0,0,1.6826606515046183,0.15656781438501216,119.92413732216377,0.0,0.0,0.9662243667068757,0.4632086851628468,1.8241901002931302,0.8879976635181782,0.04221954161640531,2.3043268464654605,0.9356796148225718,0.08757062146892655
R2_aA_m45,R2,2,44,E,stochastic,unknown,E,,978,829,829,2.4182817935943604,0.0,0,1.1744481869270924,0.14681656996268658,113.40752014280437,0.0,0.0,1.0,0.5548854041013269,1.8386536348315112,0.8730977317923172,0.04221954161640531,2.3093725305782793,0.9419056352782661,0.0898876404494382
R2_aA_m45,R2,2,45,E,stochastic,unknown,E,,978,829,829,1.6509990692138672,0.0,0,1.2610313334787044,0.16024699734203246,126.4965883185888,0.0,0.0,0.9963811821471653,0.4752714113389626,1.865639218828009,0.9031981266510295,0.04221954161640531,2.3594611395575296,0.9358513134858523,0.09344490934449093
R2_aA_m45,R2,2,46,E,stochastic,unknown,E,,978,829,829,1.6156282424926758,0.0,0,1.224057539629049,0.1283403560825035,118.85439701392276,0.027744270205066344,0.0,0.9529553679131484,0.5609167671893848,1.816408516662328,0.8632571404118564,0.04342581423401689,2.308713525944824,0.9685141749782011,0.08695652173913043
R2_aA_m45,R2,2,47,E,stochastic,unknown,E,,978,829,829,1.6239476203918457,0.0,0,1.0954347481027744,0.17352110679282223,113.50573917601747,0.0,0.0,0.9975874547647768,0.5910735826296744,1.8776032369909494,0.8953685675907712,0.04342581423401689,2.3407312306521093,0.935724507127306,0.09483960948396095
R2_aA_m45,R2,2,48,E,stochastic,unknown,E,,978,829,829,1.6183009147644043,0.0,0,1.1633871182235198,0.1470876091602407,115.97647285567224,0.0,0.0,1.0,0.594692400482509,1.854668295933989,0.8978906096237016,0.04342581423401689,2.328432087632124,0.9336280399012951,0.0947075208913649
R2_aA_m45,R2,2,49,E,stochastic,unknown,E,,978,829,829,2.4599857330322266,0.0,0,1.6338436808599233,0.1652001191315782,126.84833363447866,0.010856453558504222,0.0,0.971049457177322,0.44632086851628466,1.874230741674284,0.9113789799825394,0.04101326899879373,2.373629894992642,0.9188702577537068,0.09396914446002805
R4_aA_m0,R4,0,0,E,stochastic,unknown,E,,741,592,592,1.2421085834503174,0.0,0,0.8789609628624934,0.1281999184102387,84.25075902159473,0.17060810810810811,0.0,0.8158783783783784,0.6773648648648649,2.010518034496987,0.9233320866649234,0.05067567567567568,2.5823669412087034,0.7601007832898159,0.10443864229765012
R4_aA_m0,R4,0,1,E,stochastic,unknown,E,,741,592,592,1.198882818222046,0.0,0,0.8383775326897165,0.12461225233183995,75.12046824174551,0.21621621621621623,0.0,0.7516891891891891,0.6959459459459459,2.0286296138995827,0.914267397415552,0.052364864864864864,2.6077335457922244,0.7576221939981694,0.10471204188481675
R4_aA_m0,R4,0,2,E,stochastic,unknown,E,,741,592,592,1.2073087692260742,0.0,0,0.8675264230227203,0.12851908263186657,81.48898101533055,0.18412162162162163,0.0,0.7567567567567568,0.6418918918918919,2.025414498196618,0.9182059281257298,0.052364864864864864,2.5779219645498834,0.7618370786506373,0.10526315789473684
R4_aA_m0,R4,0,3,E,stochastic,unknown,E,,741,592,592,1.2195408344268799,0.0,0,0.904274605142908,0.11727007766644204,87.55737151392535,0.23817567567567569,0.0,0.75,0.6841216216216216,1.9692701043558023,0.872498828286577,0.052364864864864864,2.5593029788925694,0.7534038482992111,0.10263157894736842
R4_aA_m0,R4,0,4,E,stochastic,unknown,E,,741,592,592,1.2415821552276611,0.0,0,1.0640487583117462,0.10878851927936513,103.57127624309271,0.23141891891891891,0.0,0.7567567567567568,0.6334459459459459,1.9407911479670252,0.9264953761837327,0.04222972972972973,2.6689607905654134,0.7811604262504721,0.104
R4_aA_m0,R4,0,5,E,stochastic,unknown,E,,741,592,592,1.2867600917816162,0.0,0,0.8800754235029954,0.13573150113168786,65.38098739060305,0.20608108108108109,0.0,0.7567567567567568,0.6114864864864865,2.0945180610589027,0.979859088128468,0.05067567567567568,2.5642774144670533,0.7372953371667695,0.10677083333333333
R4_aA_m0,R4,0,6,E,stochastic,unknown,E,,741,592,592,1.8220312595367432,0.0,0,0.835918972231898,0.11908373331603196,72.06581137216651,0.22297297297297297,0.0,0.7466216216216216,0.6807432432432432,2.0341394507283264,0.9162690029536844,0.052364864864864864,2.6094620747796835,0.7763980214679226,0.10236220472440945
R4_aA_m0,R4,0,7,E,stochastic,unknown,E,,741,592,592,1.8217391967773438,0.0,0,0.8507797105532827,0.14337796368926028,73.75949131270478,0.17229729729729729,0.0,0.8057432432432432,0.660472972972973,2.06589570375195,0.9419083601236423,0.05405405405405406,2.5874660455536316,0.7494740557946522,0.10498687664041995
R4_aA_m0,R4,0,8,E,stochastic,unknown,E,,741,592,592,1.816633939743042,0.0,0,0.8598138508159121,0.11811215783328778,78.21800501244644,0.2516891891891892,0.0,0.7364864864864865,0.6722972972972973,2.029630662284184,0.9310454976557347,0.05067567567567568,2.567108522652765,0.7699912633815837,0.10236220472440945
R4_aA_m0,R4,0,9,E,stochastic,unknown,E,,741,592,592,1.6874275207519531,0.0,0,0.8498114138718063,0.11836977857433162,73.88732116330112,0.1891891891891892,0.0,0.785472972972973,0.6706081081081081,2.057797003265055,0.9424924309416379,0.052364864864864864,2.6283774319727713,0.7969941919303739,0.1015625
R4_aA_m0,R4,0,10,E,stochastic,unknown,E,,741,592,592,1.4380052089691162,0.0,0,0.8806839747079359,0.12610459875495664,98.47130963152911,0.19763513513513514,0.0,0.7567567567567568,0.7347972972972973,1.9565972983854856,0.9336387451584078,0.04222972972972973,2.6593577005906073,0.7660762827847021,0.10554089709762533
R4_aA_m0,R4,0,11,E,stochastic,unknown,E,,741,592,592,1.689417839050293,0.0,0,0.898271084318176,0.12414291121091875,100.00387217638232,0.17398648648648649,0.0,0.8057432432432432,0.7010135135135135,1.9840091232369608,0.9525609058972883,0.04391891891891892,2.6224633273247795,0.7556014814043185,0.10582010582010581
R4_aA_m0,R4,0,12,E,stochastic,unknown,E,,741,592,592,1.7021689414978027,0.0,0,0.9291302041123553,0.1070062258364156,80.65693263099779,0.23310810810810811,0.0,0.7567567567567568,0.722972972972973,1.9935045597334855,0.9038579167740904,0.05067567567567568,2.629149966694413,0.7798705612988379,0.10052910052910052
R4_aA_m0,R4,0,13,E,stochastic,unknown,E,,741,592,592,1.6993663311004639,0.0,0,0.850209809413994,0.13123952043428033,78.48032889500905,0.19763513513513514,0.0,0.7601351351351351,0.6706081081081081,2.024591768755932,0.9146208756886043,0.052364864864864864,2.6068796444218933,0.7581698021124097,0.10526315789473684
R4_aA_m0,R4,0,14,E,stochastic,unknown,E,,741,592,592,1.6613554954528809,0.0,0,0.8504979843659932,0.12228281360798175,74.91472477632306,0.19594594594594594,0.0,0.785472972972973,0.6739864864864865,2.053680639403646,0.9443742101694869,0.052364864864864864,2.605636461455405,0.7648381520440914,0.10471204188481675
R4_aA_m0,R4,0,15,E,stochastic,unknown,E,,741,592,592,1.1887693405151367,0.0,0,0.8950816957711224,0.1259078092478511,74.68464696726846,0.1875,0.0,0.7820945945945946,0.6385135135135135,2.0577697785886166,0.9420302673590745,0.052364864864864864,2.543670891355161,0.750299944651797,0.10471204188481675
R4_aA_m0,R4,0,16,E,stochastic,unknown,E,,741,592,592,1.7142970561981201,0.0,0,0.8642653512837907,0.11373781230655675,70.35183476564315,0.23986486486486486,0.0,0.7364864864864865,0.6993243243243243,2.0638451991539215,0.97289059343034,0.048986486486486486,2.632675069071384,0.7763071884323697,0.10416666666666667
R4_aA_m0,R4,0,17,E,stochastic,unknown,E,,741,592,592,1.237928867340088,0.0,0,0.8833789423706283,0.10542018243475829,79.88799768250078,0.2483108108108108,0.0,0.7483108108108109,0.7043918918918919,2.0039996561376303,0.9117941967132881,0.05067567567567568,2.609899226058188,0.7677095380335514,0.10290237467018469
R4_aA_m0,R4,0,18,E,stochastic,unknown,E,,741,592,592,1.7046759128570557,0.0,0,0.8511654293164971,0.13444866596715155,85.00298570870696,0.16722972972972974,0.0,0.8091216216216216,0.6756756756756757,1.9815346621470311,0.8895619556402198,0.05067567567567568,2.611692568315327,0.7727635717093444,0.10263157894736842
R4_aA_m0,R4,0,19,E,stochastic,unknown,E,,741,592,592,1.752293586730957,0.0,0,0.9697032600547415,0.10965987049633096,96.84562436559035,0.2483108108108108,0.0,0.7483108108108109,0.6655405405405406,1.962790552434246,0.9245070853432014,0.04391891891891892,2.6033454544074797,0.7717886175115204,0.10236220472440945
R4_aA_m0,R4,0,20,E,stochastic,unknown,E,,741,592,592,1.70172119140625,0.0,0,0.8838450456678536,0.11399823150442077,79.32434981267353,0.18243243243243243,0.0,0.7837837837837838,0.7162162162162162,1.9974753480031902,0.9080407030178688,0.05067567567567568,2.665824621810321,0.7813208875816778,0.10498687664041995
R4_aA_m0,R4,0,21,E,stochastic,unknown,E,,741,592,592,1.2135064601898193,0.0,0,0.951635333473309,0.1124444771622086,100.02161012822997,0.1891891891891892,0.0,0.7922297297297297,0.6891891891891891,1.9572357053027203,0.9441896056864879,0.04054054054054054,2.6491402940931965,0.7792753178459749,0.10263157894736842
R4_aA_m0,R4,0,22,E,stochastic,unknown,E,,741,592,592,1.2084636688232422,0.0,0,0.9023684156784717,0.13315086240734575,73.40965662589798,0.1570945945945946,0.0,0.831081081081081,0.660472972972973,2.062632267640784,0.9539615534314899,0.05067567567567568,2.6192859521732554,0.7665765869026367,0.10443864229765012
R4_aA_m0,R4,0,23,E,stochastic,unknown,E,,741,592,592,1.7068543434143066,0.0,0,0.8833397206537648,0.1130695159590988,87.3246994169871,0.24155405405405406,0.0,0.75,0.7263513513513513,1.9749200676556693,0.8908582706406909,0.05067567567567568,2.651889608833736,0.7643345243082585,0.10526315789473684
R4_aA_m0,R4,0,24,E,stochastic,unknown,E,,741,592,592,1.662254810333252,0.0,0,0.9320629358149455,0.10984958155167533,90.71278517978128,0.2483108108108108,0.0,0.7483108108108109,0.7128378378378378,1.9594692495972423,0.8888290774545577,0.048986486486486486,2.633492527316777,0.7871740921759282,0.10026385224274406
R4_aA_m0,R4,0,25,E,stochastic,unknown,E,,741,592,592,1.2398734092712402,0.0,0,0.8203361068046557,0.12683175101775537,94.04232008995803,0.24493243243243243,0.0,0.7466216216216216,0.6891891891891891,1.9647369088521305,0.9236844864397562,0.04391891891891892,2.585514041522505,0.7733296384176782,0.1015625
R4_aA_m0,R4,0,26,E,stochastic,unknown,E,,741,592,592,1.2722387313842773,0.0,0,0.8304065764699133,0.14257614443424846,70.4703311064552,0.16385135135135134,0.0,0.8108108108108109,0.668918918918919,2.0645369286772817,0.9454892532813303,0.052364864864864864,2.6039038760431388,0.7608269880147648,0.10471204188481675
R4_aA_m0,R4,0,27,E,stochastic,unknown,E,,741,592,592,1.2441751956939697,0.0,0,0.8988454432286591,0.10327667434882848,72.08032900880754,0.22972972972972974,0.0,0.7466216216216216,0.706081081081081,2.0548929869449237,0.9497896256163854,0.05067567567567568,2.665693779896931,0.7844311537802203,0.10372340425531915
R4_aA_m0,R4,0,28,E,stochastic,unknown,E,,741,592,592,1.2151341438293457,0.0,0,0.8856492877572119,0.11759657332555823,93.19017254931185,0.24324324324324326,0.0,0.7533783783783784,0.706081081081081,1.9648461212542931,0.9237958999825596,0.04391891891891892,2.6370187229807307,0.7561380906994626,0.10554089709762533
R4_aA_m0,R4,0,29,E,stochastic,unknown,E,,741,592,592,1.2060728073120117,0.0,0,1.0195336019015984,0.11438661712837483,116.49367604372526,0.24493243243243243,0.0,0.7533783783783784,0.6047297297297297,1.9124055408320406,0.8972861738961609,0.04391891891891892,2.5925340666009973,0.754275604785415,0.104
R4_aA_m0,R4,0,30,E,stochastic,unknown,E,,741,592,592,1.2127454280853271,0.0,0,0.8414757715669884,0.10894415890224558,71.27468618556945,0.17736486486486486,0.0,0.8108108108108109,0.6993243243243243,2.0790906562101514,0.9690559691518907,0.05067567567567568,2.6689582105537015,0.7906775323539862,0.10471204188481675
R4_aA_m0,R4,0,31,E,stochastic,unknown,E,,741,592,592,1.6646015644073486,0.0,0,0.8385322558220192,0.13661229676044517,92.24658069881147,0.17567567567567569,0.0,0.7989864864864865,0.6655405405405406,2.015059274219636,0.9699809197881023,0.04391891891891892,2.5796698972414207,0.7493014560376059,0.10443864229765012
R4_aA_m0,R4,0,32,E,stochastic,unknown,E,,741,592,592,1.6600391864776611,0.0,0,0.8655144826134858,0.12378220080137209,77.72748825141639,0.18243243243243243,0.0,0.7533783783783784,0.7331081081081081,2.0298256960588317,0.919657998285122,0.052364864864864864,2.6655215488409216,0.7717158368376128,0.10526315789473684
R4_aA_m0,R4,0,33,E,stochastic,unknown,E,,741,592,592,1.6590754985809326,0.0,0,0.8343917989069441,0.11008253832267405,75.46541284505616,0.24662162162162163,0.0,0.7466216216216216,0.706081081081081,2.040398861041511,0.9384199870189983,0.05067567567567568,2.6220862954202593,0.7839901093649736,0.10182767624020887
R4_aA_m0,R4,0,34,E,stochastic,unknown,E,,741,592,592,1.6874494552612305,0.0,0,0.8886218202809743,0.13222134857644172,102.96755278357142,0.16891891891891891,0.0,0.8243243243243243,0.6841216216216216,1.950849772069566,0.9414687067425278,0.04054054054054054,2.572460715845078,0.7516008312751987,0.10372340425531915
R4_aA_m0,R4,0,35,E,stochastic,unknown,E,,741,592,592,1.688002586364746,0.0,0,0.8541494046622293,0.11265896990001123,85.88402630055339,0.2483108108108108,0.0,0.7466216216216216,0.7027027027027027,1.9852291347962336,0.9171437384951683,0.0472972972972973,2.617488727566455,0.7832458659857585,0.10263157894736842
R4_aA_m0,R4,0,36,E,stochastic,unknown,E,,741,592,592,1.6612293720245361,0.0,0,0.9747076820450076,0.11004246505604129,104.37435916232704,0.17567567567567569,0.0,0.7702702702702703,0.6655405405405406,1.9626183243212005,0.9395178794026942,0.04222972972972973,2.6266999888164406,0.7706578089428812,0.10372340425531915
R4_aA_m0,R4,0,37,E,stochastic,unknown,E,,741,592,592,1.71311354637146,0.0,0,0.8588983140648627,0.13157595407974906,85.81873848131337,0.17905405405405406,0.0,0.7618243243243243,0.6503378378378378,1.9834578890413568,0.9021376063987252,0.05067567567567568,2.5444484618254553,0.7612522575887227,0.10209424083769633
R4_aA_m0,R4,0,38,E,stochastic,unknown,E,,741,592,592,1.6930339336395264,0.0,0,0.8548991321780762,0.1192090410087552,89.2430535605279,0.17060810810810811,0.0,0.8158783783783784,0.7077702702702703,2.0419522571837807,0.9961040064936312,0.04391891891891892,2.6469511793731177,0.7709280810492694,0.10554089709762533
R4_aA_m0,R4,0,39,E,stochastic,unknown,E,,741,592,592,1.2136142253875732,0.0,0,0.9325433737521038,0.10619829805522771,78.14913351165833,0.25,0.0,0.7466216216216216,0.731418918918919,2.0295061378840566,0.9315969906658237,0.05067567567567568,2.66598359034625,0.7690045066251422,0.10526315789473684
R4_aA_m0,R4,0,40,E,stochastic,unknown,E,,741,592,592,1.2526381015777588,0.0,0,0.8586979030370997,0.12072415818600675,83.48243810861644,0.24493243243243243,0.0,0.7516891891891891,0.7094594594594594,1.9937833317632,0.9074992340162789,0.05067567567567568,2.6177885363789786,0.7497814393409934,0.10498687664041995
R4_aA_m0,R4,0,41,E,stochastic,unknown,E,,741,592,592,1.226747989654541,0.0,0,0.8962603839173983,0.10792080428499176,83.3932168371661,0.25,0.0,0.7466216216216216,0.6908783783783784,1.9983014446855483,0.9146447738644297,0.05067567567567568,2.587550902016017,0.7623865537155233,0.10182767624020887
R4_aA_m0,R4,0,42,E,stochastic,unknown,E,,741,592,592,1.2241401672363281,0.0,0,0.8714419058651146,0.13094750762567203,88.67812197698763,0.17567567567567569,0.0,0.8074324324324325,0.6554054054054054,1.9987374228361074,0.9190677520380411,0.05067567567567568,2.5764879498621696,0.770410042697303,0.10209424083769633
R4_aA_m0,R4,0,43,E,stochastic,unknown,E,,741,592,592,1.2266409397125244,0.0,0,0.8432239338625932,0.11237472593935836,77.11256331482143,0.22804054054054054,0.0,0.7466216216216216,0.706081081081081,2.029937374655668,0.9309227392431837,0.05067567567567568,2.6529766506631374,0.7934284987458934,0.10209424083769633
R4_aA_m0,R4,0,44,E,stochastic,unknown,E,,741,592,592,1.816544532775879,0.0,0,0.8379341095927523,0.1168297556861937,96.65614557044529,0.16891891891891891,0.0,0.8243243243243243,0.6908783783783784,1.9848469638645265,0.9469824745931443,0.04391891891891892,2.587641283377108,0.7571658455951226,0.10263157894736842
R4_aA_m0,R4,0,45,E,stochastic,unknown,E,,741,592,592,1.225231647491455,0.0,0,0.8570170177340074,0.13055001379089798,70.71172732763993,0.1875,0.0,0.7753378378378378,0.6300675675675675,2.0762920903097433,0.9545204309566913,0.052364864864864864,2.5586013105363414,0.7534875062040526,0.10471204188481675
R4_aA_m0,R4,0,46,E,stochastic,unknown,E,,741,592,592,1.8141446113586426,0.0,0,0.9014802050144515,0.11652564433661183,93.0158922932599,0.1875,0.0,0.7820945945945946,0.714527027027027,1.9610716616652324,0.9016343487090659,0.048986486486486486,2.6179756799037035,0.7720675919641778,0.10236220472440945
R4_aA_m0,R4,0,47,E,stochastic,unknown,E,,741,592,592,1.2222142219543457,0.0,0,0.8570700835656037,0.11424089882805227,81.39778093234092,0.17567567567567569,0.0,0.8057432432432432,0.7179054054054054,2.0281934751821726,0.9378195012126468,0.05067567567567568,2.5813757561957202,0.7733517631560941,0.10026385224274406
R4_aA_m0,R4,0,48,E,stochastic,unknown,E,,741,592,592,1.2417504787445068,0.0,0,1.0349454034805698,0.11017235629493502,107.96618474907461,0.23141891891891891,0.0,0.7550675675675675,0.6621621621621622,1.9385074117498602,0.925623572781692,0.04222972972972973,2.7188761700240844,0.7954722171304915,0.10483870967741936
R4_aA_m0,R4,0,49,E,stochastic,unknown,E,,741,592,592,1.2223944664001465,0.0,0,0.8654743701850506,0.12316999850957826,64.85003854951502,0.16891891891891891,0.0,0.8209459459459459,0.7128378378378378,2.1071917258956274,0.9724766075617969,0.052364864864864864,2.650668882739505,0.7706564714426445,0.10554089709762533
R4_aA_m0,R4,1,0,E,stochastic,unknown,E,,741,592,592,1.2210769653320312,0.0,0,0.8753223738597696,0.13163380691284018,81.8912685016845,0.16891891891891891,0.0,0.8260135135135135,0.6706081081081081,2.0234621910182957,0.932194547633505,0.05067567567567568,2.5817080158276497,0.7628020318984657,0.10416666666666667
R4_aA_m0,R4,1,1,E,stochastic,unknown,E,,741,592,592,1.2181129455566406,0.0,0,0.8565661870478182,0.13129677745624896,73.0317979189952,0.19932432432432431,0.0,0.7533783783783784,0.6706081081081081,2.043803303521088,0.9244894629936512,0.052364864864864864,2.5899462861088653,0.7508261304277524,0.10498687664041995
R4_aA_m0,R4,1,2,E,stochastic,unknown,E,,741,592,592,1.6861038208007812,0.0,0,0.8772693786408433,0.13015140154441865,78.33676038251386,0.20270270270270271,0.0,0.7652027027027027,0.6266891891891891,2.0447066221747883,0.9316524589017193,0.052364864864864864,2.577462382727517,0.7646757174916142,0.10498687664041995
R4_aA_m0,R4,1,3,E,stochastic,unknown,E,,741,592,592,1.6974058151245117,0.0,0,0.9473391203649751,0.11539978359978749,92.81831021814595,0.24662162162162163,0.0,0.7516891891891891,0.6655405405405406,1.9527212122765243,0.8820985299725427,0.048986486486486486,2.5407926509875742,0.7433740777019133,0.10317460317460317
R4_aA_m0,R4,1,4,E,stochastic,unknown,E,,741,592,592,1.695704698562622,0.0,0,1.1177297709635674,0.10931582939855691,110.69685336976114,0.23479729729729729,0.0,0.7584459459459459,0.6216216216216216,1.92449617665715,0.9253943835957072,0.04054054054054054,2.6574219213102834,0.7950286349856449,0.10187667560321716
R4_aA_m0,R4,1,5,E,stochastic,unknown,E,,741,592,592,1.673330307006836,0.0,0,0.8571627389936514,0.14223310430763075,57.547759574834394,0.19087837837837837,0.0,0.7736486486486487,0.6655405405405406,2.138667845582226,1.0961246191634162,0.033783783783783786,2.5812086393702436,0.7434767943646453,0.10621761658031088
R4_aA_m0,R4,1,6,E,stochastic,unknown,E,,741,592,592,1.6970174312591553,0.0,0,0.8310649945062762,0.12224753481858673,69.76447836135773,0.20439189189189189,0.0,0.7516891891891891,0.6841216216216216,2.04784846103727,0.9258544180975307,0.052364864864864864,2.6092246815917064,0.7791670199416838,0.10236220472440945
R4_aA_m0,R4,1,7,E,stochastic,unknown,E,,741,592,592,1.705918312072754,0.0,0,0.8681070803889558,0.1495835622524826,71.24397048565032,0.19256756756756757,0.0,0.7820945945945946,0.625,2.0892834875371893,0.9587259339238849,0.05405405405405406,2.5761612088511945,0.7327976799415818,0.10732984293193717
R4_aA_m0,R4,1,8,E,stochastic,unknown,E,,741,592,592,1.6915781497955322,0.0,0,0.8509442174461261,0.11970148911386674,75.34469912379281,0.25506756756756754,0.0,0.7195945945945946,0.668918918918919,2.0436318652018017,0.9305745924821069,0.052364864864864864,2.5602949385213387,0.7716135385765965,0.1015625
R4_aA_m0,R4,1,9,E,stochastic,unknown,E,,741,592,592,1.696030855178833,0.0,0,0.8299529988233321,0.12083288744638084,70.91302217354868,0.20270270270270271,0.0,0.7804054054054054,0.668918918918919,2.0780905038991047,0.9579222246034935,0.052364864864864864,2.660312847943153,0.793984777407455,0.1038961038961039
R4_aA_m0,R4,1,10,E,stochastic,unknown,E,,741,592,592,1.678311824798584,0.0,0,0.8591607202759215,0.13080816448944185,89.43837795442089,0.18074324324324326,0.0,0.7972972972972973,0.7246621621621622,1.974975929580885,0.8947006145014618,0.05067567567567568,2.668619745513536,0.7769404849473793,0.10526315789473684
R4_aA_m0,R4,1,11,E,stochastic,unknown,E,,741,592,592,1.6800274848937988,0.0,0,0.9212936464042539,0.12169570759920569,104.81494358236775,0.17398648648648649,0.0,0.8074324324324325,0.6976351351351351,1.9688999617127396,0.940973048665213,0.04391891891891892,2.6382210876238283,0.758084642689063,0.10638297872340426
R4_aA_m0,R4,1,12,E,stochastic,unknown,E,,741,592,592,1.7156422138214111,0.0,0,0.9744475071778731,0.10542242661312083,84.31261751027915,0.23817567567567569,0.0,0.7516891891891891,0.6908783783783784,1.9764234652771369,0.8921339173330272,0.05067567567567568,2.643338511857818,0.7836766338042791,0.10133333333333333
R4_aA_m0,R4,1,13,E,stochastic,unknown,E,,741,592,592,1.6669926643371582,0.0,0,0.8551011738858393,0.13462788394215308,76.33823263288754,0.17060810810810811,0.0,0.7601351351351351,0.652027027027027,2.0383868475919775,0.9242498473381184,0.052364864864864864,2.598124009043283,0.7562479983326139,0.10498687664041995
R4_aA_m0,R4,1,14,E,stochastic,unknown,E,,741,592,592,1.6693618297576904,0.0,0,0.8561598910610256,0.12461963752589074,72.77457736080406,0.20608108108108109,0.0,0.7837837837837838,0.6587837837837838,2.068723867277969,0.9550854076406698,0.052364864864864864,2.593930894406755,0.7641378297150694,0.10443864229765012
R4_aA_m0,R4,1,15,E,stochastic,unknown,E,,741,592,592,1.6727409362792969,0.0,0,0.8887579581149316,0.1283230531243286,72.38539822083283,0.19256756756756757,0.0,0.7635135135135135,0.6199324324324325,2.071812595874373,0.9519932956335276,0.052364864864864864,2.54430767049336,0.754319043793773,0.10443864229765012
R4_aA_m0,R4,1,16,E,stochastic,unknown,E,,741,592,592,1.6810264587402344,0.0,0,0.8569563240556318,0.11611517190047203,68.17545108443205,0.20608108108108109,0.0,0.7128378378378378,0.6959459459459459,2.0788964964339205,0.98378512685423,0.048986486486486486,2.631849716734788,0.7788442227625793,0.10362694300518134
R4_aA_m0,R4,1,17,E,stochastic,unknown,E,,741,592,592,1.6777188777923584,0.0,0,0.9266653986491075,0.10362341215188249,83.4575519103392,0.24662162162162163,0.0,0.75,0.6993243243243243,1.9888343797054882,0.90142959177043,0.05067567567567568,2.618838455269707,0.769918537533171,0.10317460317460317
R4_aA_m0,R4,1,18,E,stochastic,unknown,E,,741,592,592,1.2022790908813477,0.0,0,0.845596135964088,0.1407370953112467,81.57405385279884,0.16385135135135134,0.0,0.8243243243243243,0.6621621621621622,1.9986841765630854,0.9004744497753455,0.05067567567567568,2.628423582378308,0.7481774597729555,0.10732984293193717
R4_aA_m0,R4,1,19,E,stochastic,unknown,E,,741,592,592,1.6345586776733398,0.0,0,1.0087378555805158,0.11002798639065929,103.07578496068285,0.2483108108108108,0.0033783783783783786,0.7483108108108109,0.643581081081081,1.946051230536551,0.9331747046135522,0.04054054054054054,2.5949305613180913,0.767748922680602,0.10263157894736842
R4_aA_m0,R4,1,20,E,stochastic,unknown,E,,741,592,592,1.228400707244873,0.0,0,0.9086729767221172,0.10827799789929435,82.82216578243838,0.20439189189189189,0.0,0.7550675675675675,0.7347972972972973,1.9789190280065534,0.8958066208917159,0.05067567567567568,2.689821417651079,0.7924626834449202,0.10290237467018469
R4_aA_m0,R4,1,21,E,stochastic,unknown,E,,741,592,592,1.220672607421875,0.0,0,0.9712429245614276,0.1125781812820587,102.96272346835735,0.19087837837837837,0.0,0.7736486486486487,0.6486486486486487,1.9484616972935036,0.938024634973014,0.04054054054054054,2.6581955042263457,0.7807642867614033,0.10290237467018469
R4_aA_m0,R4,1,22,E,stochastic,unknown,E,,741,592,592,1.2440578937530518,0.0,0,0.900756337019587,0.13744119775700472,71.19219976673938,0.1554054054054054,0.0,0.8327702702702703,0.6216216216216216,2.078107801891041,0.9645443189102559,0.05067567567567568,2.6259938548909436,0.7553111699711131,0.10677083333333333
R4_aA_m0,R4,1,23,E,stochastic,unknown,E,,741,592,592,1.209529161453247,0.0,0,0.919311454779531,0.11130316051575295,91.18891492481802,0.24662162162162163,0.0,0.7516891891891891,0.6925675675675675,1.961655421608132,0.8822789566404508,0.05067567567567568,2.6296773318979154,0.7741226087232989,0.10290237467018469
R4_aA_m0,R4,1,24,E,stochastic,unknown,E,,741,592,592,1.2225596904754639,0.0,0,0.9654420569172698,0.10834603044219594,93.6600518039751,0.2483108108108108,0.0,0.75,0.7094594594594594,1.950365380462596,0.8836610912732664,0.048986486486486486,2.646904165763068,0.790919002659434,0.10052910052910052
R4_aA_m0,R4,1,25,E,stochastic,unknown,E,,741,592,592,1.7193822860717773,0.0,0,0.8206622705838753,0.13172129176880404,87.08207196689678,0.24324324324324326,0.0,0.7466216216216216,0.6790540540540541,1.9780954620478963,0.8914684415354868,0.05067567567567568,2.5786855217139237,0.7656084181780709,0.10182767624020887
R4_aA_m0,R4,1,26,E,stochastic,unknown,E,,741,592,592,1.2117316722869873,0.0,0,0.8484433229319729,0.1489497824503085,68.63254793785879,0.16722972972972974,0.0,0.7989864864864865,0.6368243243243243,2.082261075314885,0.9580008136941547,0.052364864864864864,2.6060819582675134,0.7477330069213851,0.10732984293193717
R4_aA_m0,R4,1,27,E,stochastic,unknown,E,,741,592,592,1.2247190475463867,0.0,0,0.9147529247537807,0.10212749714228017,74.63760863220851,0.24155405405405406,0.0,0.7483108108108109,0.7111486486486487,2.04026698718918,0.9398224764325778,0.05067567567567568,2.6631852875683464,0.7991128094159576,0.10106382978723404
R4_aA_m0,R4,1,28,E,stochastic,unknown,E,,741,592,592,1.2031090259552002,0.0,0,0.9127835343060327,0.11630535682643076,97.15912511244068,0.24155405405405406,0.0,0.7533783783783784,0.6756756756756757,1.9533652639806987,0.925619421440565,0.04222972972972973,2.614682238458646,0.7658389520948439,0.10317460317460317
R4_aA_m0,R4,1,29,E,stochastic,unknown,E,,741,592,592,1.2828333377838135,0.0,0,1.0246412136516847,0.11297376772969336,118.40550353072845,0.24324324324324326,0.0,0.7533783783783784,0.6148648648648649,1.9072740621237119,0.895200674837591,0.04391891891891892,2.6214645174860567,0.7812560421871497,0.10106382978723404
R4_aA_m0,R4,1,30,E,stochastic,unknown,E,,741,592,592,1.2606372833251953,0.0,0,0.8390807012728762,0.11124529930442324,68.43144899582653,0.18074324324324326,0.0,0.7905405405405406,0.6706081081081081,2.101840265271723,0.9854691091156077,0.05067567567567568,2.648934254806445,0.7737266595278769,0.10594315245478036
R4_aA_m0,R4,1,31,E,stochastic,unknown,E,,741,592,592,1.6953661441802979,0.0,0,0.814460564682372,0.1367354303606734,84.96500275536351,0.18412162162162163,0.0,0.7888513513513513,0.6739864864864865,2.0286090214147694,0.939178795556762,0.05067567567567568,2.5937996173336773,0.7560478772184427,0.1038961038961039
R4_aA_m0,R4,1,32,E,stochastic,unknown,E,,741,592,592,1.827803373336792,0.0,0,0.8526165214355497,0.12768412591371425,74.64470304331583,0.17567567567567569,0.0,0.7466216216216216,0.7381756756756757,2.0469299655517323,0.9216708925400324,0.05405405405405406,2.6738260562487066,0.7758798220613196,0.10498687664041995
R4_aA_m0,R4,1,33,E,stochastic,unknown,E,,741,592,592,1.683713436126709,0.0,0,0.8208853318044755,0.11340986980375616,72.94150019220197,0.24324324324324326,0.0,0.7449324324324325,0.706081081081081,2.0535412404011897,0.9473670739365284,0.05067567567567568,2.631951415659964,0.7743116915122142,0.1038961038961039
R4_aA_m0,R4,1,34,E,stochastic,unknown,E,,741,592,592,1.8251781463623047,0.0,0,0.9039447163080958,0.13001216430382415,106.12360048919487,0.17229729729729729,0.0,0.8141891891891891,0.6993243243243243,1.9411252750942667,0.9352100135404087,0.04054054054054054,2.566461618617507,0.7660867520376816,0.10106382978723404
R4_aA_m0,R4,1,35,E,stochastic,unknown,E,,741,592,592,1.6863994598388672,0.0,0,0.882319341599618,0.10991354576181454,91.878010092999,0.2483108108108108,0.0,0.7483108108108109,0.6824324324324325,1.9689794780703975,0.9253037726217772,0.04391891891891892,2.626925988788045,0.7760448731783465,0.10372340425531915
R4_aA_m0,R4,1,36,E,stochastic,unknown,E,,741,592,592,1.6951756477355957,0.0,0,1.0166340272144545,0.10986606465005223,108.70497075123004,0.21114864864864866,0.0,0.7533783783783784,0.6317567567567568,1.950777779433309,0.9311740911167614,0.04222972972972973,2.611379130154507,0.76066083709667,0.10427807486631016
R4_aA_m0,R4,1,37,E,stochastic,unknown,E,,741,592,592,1.6746861934661865,0.0,0,0.872278111025463,0.13653647734109417,83.42397273372538,0.17567567567567569,0.0,0.7567567567567568,0.6385135135135135,1.9965856165840041,0.910430698257465,0.05067567567567568,2.5421318525242174,0.746338900545048,0.10498687664041995
R4_aA_m0,R4,1,38,E,stochastic,unknown,E,,741,592,592,1.6911571025848389,0.0,0,0.8469338246280564,0.1217303360767779,80.33796907787351,0.16891891891891891,0.0,0.8023648648648649,0.7027027027027027,2.06442767187681,0.9721477696447869,0.05067567567567568,2.6301060994980165,0.7689351063554758,0.10471204188481675
R4_aA_m0,R4,1,39,E,stochastic,unknown,E,,741,592,592,1.7004311084747314,0.0,0,0.8982977781823219,0.10789626224556689,73.62843603950225,0.25,0.0,0.7331081081081081,0.7212837837837838,2.0571137436197757,0.9313795367272758,0.05405405405405406,2.660167562695947,0.766797034673473,0.10554089709762533
R4_aA_m0,R4,1,40,E,stochastic,unknown,E,,741,592,592,1.6941421031951904,0.0,0,0.8934290790194781,0.11648450059002556,87.07189494245073,0.24493243243243243,0.0,0.7533783783783784,0.7128378378378378,1.9770140676870132,0.8966789629940477,0.05067567567567568,2.636551074116774,0.7695200304536067,0.10290237467018469
R4_aA_m0,R4,1,41,E,stochastic,unknown,E,,741,592,592,1.6959362030029297,0.0,0,0.9450215691432813,0.10797255799880376,91.91737240640487,0.25,0.0,0.7483108108108109,0.6739864864864865,1.9813163381683871,0.9439974430988385,0.04391891891891892,2.579216902412542,0.7595931965071411,0.10182767624020887
R4_aA_m0,R4,1,42,E,stochastic,unknown,E,,741,592,592,1.6869068145751953,0.0,0,0.870667710857238,0.13214623618950888,85.42538639490849,0.17567567567567569,0.0,0.7956081081081081,0.6351351351351351,2.016693940853452,0.9315757050393388,0.05067567567567568,2.578935952150153,0.7747408960256459,0.10209424083769633
R4_aA_m0,R4,1,43,E,stochastic,unknown,E,,741,592,592,1.6896860599517822,0.0,0,0.8369676531169837,0.11562000364297456,74.45564521959167,0.19425675675675674,0.0,0.7550675675675675,0.6908783783783784,2.049810800293866,0.9454025201244534,0.05067567567567568,2.6500648401451463,0.7929908818398802,0.10236220472440945
R4_aA_m0,R4,1,44,E,stochastic,unknown,E,,741,592,592,1.7047398090362549,0.0,0,0.8499663050980076,0.11460607865591813,99.30366621245368,0.17060810810810811,0.0,0.8226351351351351,0.7128378378378378,1.9746616553824186,0.9404053999761515,0.04391891891891892,2.591159614782865,0.7719756966560261,0.10026385224274406
R4_aA_m0,R4,1,45,E,stochastic,unknown,E,,741,592,592,1.206099510192871,0.0,0,0.8814950335711558,0.13624265133523622,66.65237668499101,0.19932432432432431,0.0,0.7567567567567568,0.5996621621621622,2.1094426777413156,0.9795390679178613,0.052364864864864864,2.5438191951457543,0.7513416001528607,0.1038961038961039
R4_aA_m0,R4,1,46,E,stochastic,unknown,E,,741,592,592,1.6740748882293701,0.0,0,0.9467493381893236,0.11388591983434952,102.51201377769804,0.21114864864864866,0.0,0.7601351351351351,0.6773648648648649,1.9451339290400866,0.9413133620613874,0.04054054054054054,2.6162321257610204,0.7714539592736129,0.10236220472440945
R4_aA_m0,R4,1,47,E,stochastic,unknown,E,,741,592,592,1.6707432270050049,0.0,0,0.882209204561573,0.11275303364250298,89.33764323779164,0.17905405405405406,0.0,0.8108108108108109,0.7043918918918919,2.0129645391963535,0.9781317219507656,0.04222972972972973,2.586429472994298,0.7748590439365709,0.10052910052910052
R4_aA_m0,R4,1,48,E,stochastic,unknown,E,,741,592,592,1.2202935218811035,0.0,0,1.0878706022449622,0.10943963243609421,113.43870672479588,0.23986486486486486,0.0,0.7516891891891891,0.6402027027027027,1.9266520302631258,0.92727708972684,0.04054054054054054,2.7013820839354348,0.8080621713603828,0.10215053763440861
R4_aA_m0,R4,1,49,E,stochastic,unknown,E,,741,592,592,1.2313759326934814,0.0,0,0.8621413968516527,0.12594764322654567,60.917527977281445,0.16722972972972974,0.0,0.8091216216216216,0.6942567567567568,2.1405217085297443,1.007472383538662,0.05067567567567568,2.6466851323620015,0.7728104659891731,0.10554089709762533
R4_aA_m0,R4,2,0,E,stochastic,unknown,E,,741,592,592,1.2631824016571045,0.0,0,0.8961022877503872,0.1369390878649492,79.77136135097977,0.16891891891891891,0.0,0.8243243243243243,0.6300675675675675,2.03807715825299,0.941910771676233,0.05067567567567568,2.5618944733531097,0.7400611216989066,0.10621761658031088
R4_aA_m0,R4,2,1,E,stochastic,unknown,E,,741,592,592,1.2193434238433838,0.0,0,0.8522500372265498,0.13500760503718043,70.08546160818268,0.18243243243243243,0.0,0.777027027027027,0.6655405405405406,2.062086193289319,0.9274115668956459,0.05405405405405406,2.594891117961046,0.753121355745658,0.10498687664041995
R4_aA_m0,R4,2,2,E,stochastic,unknown,E,,741,592,592,1.6762871742248535,0.0,0,0.9072394763355559,0.13114911514283026,74.36156525706377,0.21452702702702703,0.0,0.7533783783783784,0.5793918918918919,2.0711530700728455,0.9604709921294178,0.05067567567567568,2.560866118894591,0.7689823765088349,0.1038961038961039
R4_aA_m0,R4,2,3,E,stochastic,unknown,E,,741,592,592,1.2455933094024658,0.0,0,0.981331577912549,0.11110241086662057,101.364748589663,0.24662162162162163,0.0,0.7516891891891891,0.6486486486486487,1.9377950937575577,0.9131911476382454,0.04222972972972973,2.5339471851542177,0.7443760262800445,0.10317460317460317
R4_aA_m0,R4,2,4,E,stochastic,unknown,E,,741,592,592,1.693687915802002,0.0,0,1.1903989223509532,0.10955642538406726,115.56730741186998,0.23479729729729729,0.0,0.7618243243243243,0.6182432432432432,1.9134182689904586,0.9181477608741356,0.04054054054054054,2.722155822403888,0.8116960577814377,0.1046831955922865
R4_aA_m0,R4,2,5,E,stochastic,unknown,E,,741,592,592,1.230290412902832,0.0,0,0.8993965576646046,0.150702207419754,55.47515474189898,0.18412162162162163,0.0,0.793918918918919,0.6418918918918919,2.170023436746818,1.1074586096022716,0.03547297297297297,2.5657144083031707,0.7611510440161074,0.10256410256410256
R4_aA_m0,R4,2,6,E,stochastic,unknown,E,,741,592,592,1.2228925228118896,0.0,0,0.8547270191143329,0.12773566960508131,67.7694617456316,0.1858108108108108,0.0,0.7635135135135135,0.652027027027027,2.063841432639748,0.9368055975308229,0.052364864864864864,2.6018345882632783,0.7634891055568798,0.10526315789473684
R4_aA_m0,R4,2,7,E,stochastic,unknown,E,,741,592,592,1.2291927337646484,0.0,0,0.8547098006559366,0.15100552111749127,62.46362351774971,0.19594594594594594,0.0,0.7516891891891891,0.6739864864864865,2.1417429848414598,1.0673971796644663,0.04054054054054054,2.5910090635103913,0.7418529344358852,0.10704960835509138
R4_aA_m0,R4,2,8,E,stochastic,unknown,E,,741,592,592,1.2431952953338623,0.0,0,0.8355150305934104,0.1210908529940667,72.93152806282164,0.2702702702702703,0.0,0.6891891891891891,0.668918918918919,2.057041214095628,0.9402158084881712,0.052364864864864864,2.5629841973905148,0.7786092980672465,0.10077519379844961
R4_aA_m0,R4,2,9,E,stochastic,unknown,E,,741,592,592,1.2796146869659424,0.0,0,0.8543330603429402,0.12385056007112956,67.2041610770661,0.1858108108108108,0.0,0.7719594594594594,0.6537162162162162,2.109968379163315,0.9911305123650908,0.05067567567567568,2.6396425537666377,0.7765386422059617,0.10539845758354756
R4_aA_m0,R4,2,10,E,stochastic,unknown,E,,741,592,592,1.684079885482788,0.0,0,0.8640113331765319,0.13299340282278158,86.20063174097038,0.17229729729729729,0.0,0.8209459459459459,0.7179054054054054,1.9921694963908898,0.9065569525241273,0.05067567567567568,2.6896756390081062,0.7865887510671695,0.10526315789473684
R4_aA_m0,R4,2,11,E,stochastic,unknown,E,,741,592,592,1.6510682106018066,0.0,0,0.9351192561289587,0.11886061680841097,107.4084684257821,0.17567567567567569,0.0,0.7989864864864865,0.6824324324324325,1.9597435720207403,0.9346333768502769,0.04391891891891892,2.6319066478219133,0.7737892923503369,0.10290237467018469
R4_aA_m0,R4,2,12,E,stochastic,unknown,E,,741,592,592,1.7072949409484863,0.0,0,1.019513156495735,0.10230957118546664,89.07720793982453,0.24324324324324326,0.0,0.75,0.652027027027027,1.9570726609569022,0.8891747845370561,0.048986486486486486,2.640169181354438,0.799143098460118,0.09866666666666667
R4_aA_m0,R4,2,13,E,stochastic,unknown,E,,741,592,592,1.6792516708374023,0.0,0,0.8596808381540746,0.13849875784957116,74.01387385824664,0.17398648648648649,0.0,0.7364864864864865,0.6300675675675675,2.0534258726492016,0.9346394623754257,0.052364864864864864,2.5962487107196717,0.7515842444956635,0.10649350649350649
R4_aA_m0,R4,2,14,E,stochastic,unknown,E,,741,592,592,1.2068593502044678,0.0,0,0.88005057797313,0.1313678659540933,71.16119839885373,0.20270270270270271,0.0,0.7804054054054054,0.6199324324324325,2.0836359801254285,0.9659723947921981,0.052364864864864864,2.5890213628721885,0.7599996914900995,0.10526315789473684
R4_aA_m0,R4,2,15,E,stochastic,unknown,E,,741,592,592,1.695202112197876,0.0,0,0.8977950852862874,0.12730367639099072,69.01400841786018,0.20945945945945946,0.0,0.7415540540540541,0.6097972972972973,2.0941986340559984,0.9778472615344015,0.05067567567567568,2.5364801386363713,0.7565189321042023,0.10416666666666667
R4_aA_m0,R4,2,16,E,stochastic,unknown,E,,741,592,592,1.2285821437835693,0.0,0,0.8400973924625081,0.1165530824214542,65.61200407482643,0.22128378378378377,0.0,0.6858108108108109,0.6807432432432432,2.0948585878181403,0.9852115985636322,0.05067567567567568,2.638172017415194,0.7856930665107739,0.10309278350515463
R4_aA_m0,R4,2,17,E,stochastic,unknown,E,,741,592,592,1.696812629699707,0.0,0,0.9755773514520573,0.10264946936853808,87.214666629066,0.24493243243243243,0.0,0.7533783783783784,0.7094594594594594,1.9734761040000741,0.8920795278401887,0.05067567567567568,2.6295474806348245,0.788950321579948,0.10052910052910052
R4_aA_m0,R4,2,18,E,stochastic,unknown,E,,741,592,592,1.2298998832702637,0.0,0,0.8357723033269933,0.14161015723737486,77.43446696253137,0.1554054054054054,0.0,0.8361486486486487,0.6756756756756757,2.019750501897144,0.905694078319356,0.052364864864864864,2.657517742889504,0.7628277399793753,0.10677083333333333
R4_aA_m0,R4,2,19,E,stochastic,unknown,E,,741,592,592,1.2177109718322754,0.0,0,1.0256729930967876,0.11084359085242104,108.43612176884776,0.2483108108108108,0.015202702702702704,0.7483108108108109,0.6300675675675675,1.931547871291632,0.9133253595295334,0.04222972972972973,2.5785706374886934,0.7603566458625692,0.10263157894736842
R4_aA_m0,R4,2,20,E,stochastic,unknown,E,,741,592,592,1.812366008758545,0.0,0,0.9342718938328722,0.10720578038777712,86.14349016334808,0.24155405405405406,0.0,0.7533783783783784,0.7077702702702703,1.9640758369332552,0.8860099680252482,0.05067567567567568,2.6745596935337264,0.7866609899505711,0.10209424083769633
R4_aA_m0,R4,2,21,E,stochastic,unknown,E,,741,592,592,1.6611003875732422,0.0,0,0.9799032021886791,0.11248207486036718,105.80644681898747,0.20270270270270271,0.0,0.7516891891891891,0.625,1.9403626806328278,0.9323939721189858,0.04054054054054054,2.6604184462361524,0.78021852429409,0.10290237467018469
R4_aA_m0,R4,2,22,E,stochastic,unknown,E,,741,592,592,1.2425110340118408,0.0,0,0.8967945693737822,0.14002170760120408,69.1230205692472,0.1570945945945946,0.0,0.8293918918918919,0.625,2.09254026313951,0.9749426948550065,0.05067567567567568,2.648447233007126,0.7738793829703301,0.10649350649350649
R4_aA_m0,R4,2,23,E,stochastic,unknown,E,,741,592,592,1.7008471488952637,0.0,0,0.9586105423854729,0.11110576975176391,101.70259079525508,0.24662162162162163,0.0,0.7516891891891891,0.6706081081081081,1.9436784013408401,0.910193929501156,0.04391891891891892,2.6112025116603954,0.7698223588108234,0.10317460317460317
R4_aA_m0,R4,2,24,E,stochastic,unknown,E,,741,592,592,1.810863971710205,0.0,0,1.0185821143655602,0.10812706438403663,96.66906947305094,0.24662162162162163,0.0,0.7516891891891891,0.6385135135135135,1.9418451493404534,0.8791015409450506,0.048986486486486486,2.682868754314653,0.8005798547146771,0.10160427807486631
R4_aA_m0,R4,2,25,E,stochastic,unknown,E,,741,592,592,1.7032132148742676,0.0,0,0.7959095019400602,0.13190707354159328,84.37815771706559,0.22972972972972974,0.0,0.7466216216216216,0.6942567567567568,1.9884744805126628,0.8984292660815377,0.05067567567567568,2.5950707465079326,0.776632504837913,0.1012987012987013
R4_aA_m0,R4,2,26,E,stochastic,unknown,E,,741,592,592,1.2219791412353516,0.0,0,0.8075469117517361,0.15099758680973113,59.56113410408265,0.18412162162162163,0.0,0.7905405405405406,0.6773648648648649,2.129719127805875,1.0768167362919607,0.03547297297297297,2.6302657086370576,0.7743857838714443,0.10362694300518134
R4_aA_m0,R4,2,27,E,stochastic,unknown,E,,741,592,592,1.2025368213653564,0.0,0,0.947871424710524,0.10165900549126418,77.43236432253887,0.23986486486486486,0.0,0.75,0.7111486486486487,2.027319410200248,0.9308803280481899,0.05067567567567568,2.66119421320565,0.7895717947163974,0.10187667560321716
R4_aA_m0,R4,2,28,E,stochastic,unknown,E,,741,592,592,1.2091124057769775,0.0,0,0.9456443447787058,0.1158880521001618,100.96574030366506,0.23817567567567569,0.0,0.7533783783783784,0.6824324324324325,1.943333290325338,0.9295138701544292,0.04054054054054054,2.6267963889435255,0.7660052959749252,0.10427807486631016
R4_aA_m0,R4,2,29,E,stochastic,unknown,E,,741,592,592,1.2299129962921143,0.0,0,1.0780455725150548,0.11261719834742988,122.00553873706299,0.23479729729729729,0.0,0.7550675675675675,0.6233108108108109,1.9010931611552286,0.8919782278118564,0.04391891891891892,2.6570387316442474,0.7909291971896518,0.10187667560321716
R4_aA_m0,R4,2,30,E,stochastic,unknown,E,,741,592,592,1.7237987518310547,0.0,0,0.843118963990993,0.11398385273828054,65.13613318221279,0.20101351351351351,0.0,0.768581081081081,0.6486486486486487,2.1290506859515475,0.9956798739595005,0.052364864864864864,2.6482839572885344,0.7787663655106192,0.10512820512820513
R4_aA_m0,R4,2,31,E,stochastic,unknown,E,,741,592,592,1.7134439945220947,0.0,0,0.8267196331370034,0.1415209082626326,82.47590866314755,0.19932432432432431,0.0,0.7804054054054054,0.6452702702702703,2.0443350175352277,0.9498816206896659,0.05067567567567568,2.5911695075271064,0.7423948308998574,0.10594315245478036
R4_aA_m0,R4,2,32,E,stochastic,unknown,E,,741,592,592,1.713759183883667,0.0,0,0.8170632526654868,0.12605218511126648,71.99572175868167,0.1891891891891892,0.0,0.7212837837837838,0.7449324324324325,2.0607134147186055,0.9314283059790687,0.05405405405405406,2.689236721564127,0.7969852111971089,0.10362694300518134
R4_aA_m0,R4,2,33,E,stochastic,unknown,E,,741,592,592,1.677354097366333,0.0,0,0.8133718446563544,0.11681729044980595,69.81348017700368,0.24493243243243243,0.0,0.7297297297297297,0.7010135135135135,2.072692111131747,0.9505338181446991,0.052364864864864864,2.6389260191763606,0.7790587778909992,0.10362694300518134
R4_aA_m0,R4,2,34,E,stochastic,unknown,E,,741,592,592,1.6855158805847168,0.0,0,0.9284351961314025,0.12665514253362303,108.94259506609883,0.17398648648648649,0.0,0.7871621621621622,0.6891891891891891,1.9328181005069276,0.9291896368965438,0.04054054054054054,2.567736340994625,0.7667967223273022,0.10160427807486631
R4_aA_m0,R4,2,35,E,stochastic,unknown,E,,741,592,592,1.2435877323150635,0.0,0,0.9151318525504807,0.10877685446294202,95.74400118912904,0.2483108108108108,0.0,0.7483108108108109,0.6773648648648649,1.9560564253453678,0.9156993761025928,0.04391891891891892,2.6169386522555795,0.7717105699501388,0.104
R4_aA_m0,R4,2,36,E,stochastic,unknown,E,,741,592,592,1.7088565826416016,0.0,0,1.0641851741960717,0.11037712244536858,114.33060032046615,0.23648648648648649,0.0,0.7466216216216216,0.606418918918919,1.935545823631795,0.9105636973214749,0.04391891891891892,2.636659649713702,0.781386244849645,0.10270270270270271
R4_aA_m0,R4,2,37,E,stochastic,unknown,E,,741,592,592,1.2971816062927246,0.0,0,0.8858805391749964,0.1413245450029097,81.2708393529022,0.18412162162162163,0.0,0.7398648648648649,0.5996621621621622,2.009076856387199,0.9186744223160311,0.05067567567567568,2.524859596902539,0.7459832930493674,0.10443864229765012
R4_aA_m0,R4,2,38,E,stochastic,unknown,E,,741,592,592,1.6778273582458496,0.0,0,0.8299636205287367,0.1222011715450038,77.27978996650886,0.20270270270270271,0.0,0.7533783783783784,0.6959459459459459,2.0850325601445503,0.9772115089315345,0.052364864864864864,2.632072288828872,0.7741050840771424,0.1038961038961039
R4_aA_m0,R4,2,39,E,stochastic,unknown,E,,741,592,592,1.6664376258850098,0.0,0,0.8765452864564629,0.11240020674445343,68.5737669226876,0.2533783783783784,0.0,0.6959459459459459,0.6942567567567568,2.09153943311773,0.955859158721907,0.05405405405405406,2.6397331160763255,0.7601367668158711,0.10582010582010581
R4_aA_m0,R4,2,40,E,stochastic,unknown,E,,741,592,592,1.6665730476379395,0.0,0,0.9589586813565489,0.11440807102167866,90.82893852696712,0.23986486486486486,0.0,0.7533783783783784,0.706081081081081,1.9624131821665525,0.8872763314210963,0.05067567567567568,2.6467237735679245,0.772084639087295,0.10317460317460317
R4_aA_m0,R4,2,41,E,stochastic,unknown,E,,741,592,592,1.6980092525482178,0.0,0,1.003074563818944,0.10816797154959555,96.56113830022282,0.24662162162162163,0.0,0.75,0.6587837837837838,1.9650179221245394,0.9430984081619199,0.04222972972972973,2.5976648093733963,0.7634100947083698,0.10236220472440945
R4_aA_m0,R4,2,42,E,stochastic,unknown,E,,741,592,592,1.7034199237823486,0.0,0,0.8990792106500138,0.13700385230361006,82.50309379295567,0.1875,0.0,0.7787162162162162,0.6182432432432432,2.0365881021474266,0.945144316056418,0.05067567567567568,2.5658537875445315,0.75906136407,0.10443864229765012
R4_aA_m0,R4,2,43,E,stochastic,unknown,E,,741,592,592,1.6671504974365234,0.0,0,0.8532211683821812,0.12175786394535361,71.43818831413729,0.18412162162162163,0.0,0.7736486486486487,0.6537162162162162,2.0723971719087704,0.9518769346866565,0.052364864864864864,2.62913761780411,0.7858170416389239,0.10236220472440945
R4_aA_m0,R4,2,44,E,stochastic,unknown,E,,741,592,592,1.2141876220703125,0.0,0,0.8663297768656112,0.11217215458091101,102.83102852609792,0.16891891891891891,0.0,0.8226351351351351,0.7179054054054054,1.9627194788735016,0.9434407244505751,0.04222972972972973,2.615827772966807,0.7752990077510628,0.10133333333333333
R4_aA_m0,R4,2,45,E,stochastic,unknown,E,,741,592,592,1.7237460613250732,0.0,0,0.8309668968500027,0.13986659360563583,57.39483512051564,0.16385135135135134,0.0,0.7162162162162162,0.6824324324324325,2.166120380383039,1.0848971569081325,0.03885135135135135,2.583425446155107,0.7466473532415612,0.10594315245478036
R4_aA_m0,R4,2,46,E,stochastic,unknown,E,,741,592,592,1.7024476528167725,0.0,0,0.9816956922299824,0.1127259748099766,106.66083348321222,0.23310810810810811,0.0,0.7584459459459459,0.6570945945945946,1.9336918140331054,0.9330850828309557,0.04054054054054054,2.6039368562160616,0.7842199814725898,0.09973753280839895
R4_aA_m0,R4,2,47,E,stochastic,unknown,E,,741,592,592,1.2219302654266357,0.0,0,0.9013689403227796,0.10930266834548492,91.90001173028284,0.1858108108108108,0.0,0.7702702702702703,0.7027027027027027,2.001492022322713,0.9693542477542536,0.04222972972972973,2.5972965617093187,0.7783867852025604,0.10052910052910052
R4_aA_m0,R4,2,48,E,stochastic,unknown,E,,741,592,592,1.224970817565918,0.0,0,1.1225702040012269,0.10982284402762521,118.99489001324996,0.24493243243243243,0.0,0.7516891891891891,0.6300675675675675,1.9145699767124043,0.9097113402363592,0.04222972972972973,2.707961682904424,0.8088564432540231,0.10215053763440861
R4_aA_m0,R4,2,49,E,stochastic,unknown,E,,741,592,592,1.2247645854949951,0.0,0,0.8381496040232482,0.13117785268409266,51.13200407982751,0.19087837837837837,0.0,0.7516891891891891,0.6638513513513513,2.2110906151221554,1.1017996745872567,0.04054054054054054,2.6493706203596115,0.7746346945308502,0.10526315789473684
R4_aB_m0,R4,0,0,E,stochastic,unknown,E,,741,592,592,1.2736098766326904,0.0,0,1.4290642099823243,0.1267584670333126,50.01750877825833,0.04222972972972973,0.0,0.9408783783783784,0.543918918918919,0.9650528419730614,0.9062578010869508,0.006756756756756757,0.719732616991125,0.38500664443523736,0.02564102564102564
R4_aB_m0,R4,0,1,E,stochastic,unknown,E,,741,592,592,1.2321417331695557,0.0,0,1.4137552015167694,0.12364755126839756,41.41198575911804,0.0472972972972973,0.0,0.9341216216216216,0.5456081081081081,0.9657371299249577,0.9187589334480015,0.005067567567567568,0.7291324284804738,0.3738318119216949,0.027559055118110236
R4_aB_m0,R4,0,2,E,stochastic,unknown,E,,741,592,592,1.233377456665039,0.0,0,1.2657337244691629,0.12493128108839756,46.25836957634692,0.04222972972972973,0.0,0.8969594594594594,0.6368243243243243,0.9749660896863125,0.9167510548172618,0.006756756756756757,0.6973123255970306,0.3673740927511294,0.025390625
R4_aB_m0,R4,0,3,E,stochastic,unknown,E,,741,592,592,1.2371768951416016,0.0,0,1.4281457186774635,0.12334377049960026,44.25112747253881,0.1875,0.0,0.7787162162162162,0.543918918918919,0.9373275711917305,0.8907084321552632,0.005067567567567568,0.7159626828537925,0.36118862407197094,0.027777777777777776
R4_aB_m0,R4,0,4,E,stochastic,unknown,E,,741,592,592,1.243910551071167,0.0,0,1.749715398261975,0.14060575007801526,54.43134514774407,0.04222972972972973,0.0,0.8766891891891891,0.3969594594594595,0.9223286132978824,0.8392692403369911,0.010135135135135136,0.7287191112624306,0.3699075158434865,0.027833001988071572
R4_aB_m0,R4,0,5,E,stochastic,unknown,E,,741,592,592,1.2662665843963623,0.0,0,1.3399891877911927,0.11557854902257293,41.612817582662515,0.13513513513513514,0.0,0.8209459459459459,0.6418918918918919,1.021108911394936,0.9714345945211259,0.005067567567567568,0.7120459747831357,0.3839800925194756,0.025540275049115914
R4_aB_m0,R4,0,6,E,stochastic,unknown,E,,741,592,592,1.2273685932159424,0.0,0,1.444769509974461,0.13918776914734574,42.11666123067995,0.057432432432432436,0.0,0.9003378378378378,0.48817567567567566,0.9892320342103627,0.9406373398135368,0.005067567567567568,0.7086585814381271,0.3536402507031495,0.027613412228796843
R4_aB_m0,R4,0,7,E,stochastic,unknown,E,,741,592,592,1.698941707611084,0.0,0,1.4118044664324403,0.12322896389479521,48.63391813193395,0.08614864864864864,0.0,0.902027027027027,0.5152027027027027,1.0262745396824502,0.9760280923805194,0.005067567567567568,0.7261738026792461,0.3708503830513338,0.027613412228796843
R4_aB_m0,R4,0,8,E,stochastic,unknown,E,,741,592,592,1.707960844039917,0.0,0,1.5017707373069922,0.12914395209737997,46.14429453179018,0.0472972972972973,0.0,0.8986486486486487,0.518581081081081,0.9642440169674124,0.8939014276269831,0.008445945945945946,0.7192123563744707,0.3650195726383343,0.02766798418972332
R4_aB_m0,R4,0,9,E,stochastic,unknown,E,,741,592,592,1.6875090599060059,0.0,0,1.6277948624839007,0.15360357065877772,54.13478350896773,0.0,0.0,0.9712837837837838,0.42905405405405406,1.0418294771904892,0.9691634412744059,0.008445945945945946,0.7427934768538258,0.3644438476704527,0.029469548133595286
R4_aB_m0,R4,0,10,E,stochastic,unknown,E,,741,592,592,1.7069077491760254,0.0,0,1.4251850126773533,0.12093702465823082,47.03426900208932,0.12162162162162163,0.0,0.7550675675675675,0.518581081081081,0.9331026891553355,0.8514493780144792,0.010135135135135136,0.7233850577873243,0.3643502149680973,0.02766798418972332
R4_aB_m0,R4,0,11,E,stochastic,unknown,E,,741,592,592,1.7080681324005127,0.0,0,1.5795891833591165,0.13404076823929842,57.00242714433615,0.02702702702702703,0.0,0.9628378378378378,0.4864864864864865,0.9555749235346216,0.8844183023387266,0.008445945945945946,0.7212079217409351,0.36649109978291516,0.027722772277227723
R4_aB_m0,R4,0,12,E,stochastic,unknown,E,,741,592,592,1.8339924812316895,0.0,0,1.7090729557953215,0.13624387942970248,48.15341028222383,0.04222972972972973,0.0,0.8682432432432432,0.46621621621621623,0.9489982640053087,0.8793536600720688,0.008445945945945946,0.7244550986420811,0.366566928908151,0.027777777777777776
R4_aB_m0,R4,0,13,E,stochastic,unknown,E,,741,592,592,1.6893460750579834,0.0,0,1.5479630939280213,0.12798497183382262,45.64442244960199,0.04222972972972973,0.0,0.9459459459459459,0.5709459459459459,0.9751419056309184,0.9172369701330854,0.006756756756756757,0.7307943025242711,0.3817246099532744,0.0273972602739726
R4_aB_m0,R4,0,14,E,stochastic,unknown,E,,741,592,592,1.833336591720581,0.0,0,0.9973259584593605,0.13745683727661626,51.14520094270913,0.0,0.0,0.9611486486486487,0.6959459459459459,1.0311262831228405,0.9711266876429022,0.006756756756756757,0.6763413363791949,0.3501237774771652,0.025341130604288498
R4_aB_m0,R4,0,15,E,stochastic,unknown,E,,741,592,592,1.7152037620544434,0.0,0,1.3927079298032612,0.12892750142506512,45.812057882351176,0.015202702702702704,0.0,0.964527027027027,0.6013513513513513,0.9981662012555071,0.9489218508861041,0.005067567567567568,0.7247626283368078,0.37079404727035414,0.027613412228796843
R4_aB_m0,R4,0,16,E,stochastic,unknown,E,,741,592,592,1.7175180912017822,0.0,0,1.6509261887326012,0.1588925890254245,53.312986294275035,0.0,0.0,1.0,0.4222972972972973,1.0458508682240453,0.974270314749543,0.008445945945945946,0.7419682721649341,0.35845299651193485,0.02952755905511811
R4_aB_m0,R4,0,17,E,stochastic,unknown,E,,741,592,592,1.6957824230194092,0.0,0,1.506299471116927,0.1311056259500555,44.82796031944223,0.048986486486486486,0.0,0.8834459459459459,0.5202702702702703,0.949070953213585,0.8918686643734874,0.006756756756756757,0.7101205801406429,0.36115076823061293,0.027613412228796843
R4_aB_m0,R4,0,18,E,stochastic,unknown,E,,741,592,592,1.7151761054992676,0.0,0,1.5317624004912878,0.11587586333485589,40.80161397067301,0.23817567567567569,0.0,0.7449324324324325,0.6199324324324325,0.9533418415355928,0.8971994112473652,0.006756756756756757,0.7261241010753413,0.3755241703461155,0.0275049115913556
R4_aB_m0,R4,0,19,E,stochastic,unknown,E,,741,592,592,1.7223529815673828,0.0,0,1.5822790718724347,0.14443218107491237,49.717893910089636,0.04054054054054054,0.0,0.8344594594594594,0.4847972972972973,0.926239138312388,0.8464482997079271,0.010135135135135136,0.7149960359435158,0.359978651922935,0.02766798418972332
R4_aB_m0,R4,0,20,E,stochastic,unknown,E,,741,592,592,1.6718482971191406,0.0,0,1.7162579210728923,0.13135082753828217,44.6148353582061,0.04054054054054054,0.0,0.8445945945945946,0.4543918918918919,0.9527539331901703,0.8957704660108484,0.006756756756756757,0.7360139732697718,0.3791759257398566,0.027559055118110236
R4_aB_m0,R4,0,21,E,stochastic,unknown,E,,741,592,592,1.6735589504241943,0.0,0,1.6416935289047998,0.17006302847107688,56.419980324523365,0.011824324324324325,0.0,0.9780405405405406,0.4189189189189189,0.9628277224541729,0.8707321864417691,0.011824324324324325,0.7332610751173365,0.3506927825345634,0.029644268774703556
R4_aB_m0,R4,0,22,E,stochastic,unknown,E,,741,592,592,1.6745684146881104,0.0,0,1.6492708370031461,0.13046425754782753,47.14997816557954,0.02702702702702703,0.0,0.9256756756756757,0.5304054054054054,0.9900902775681133,0.9309809014573351,0.006756756756756757,0.7436805027837955,0.3912444251893498,0.027450980392156862
R4_aB_m0,R4,0,23,E,stochastic,unknown,E,,741,592,592,1.6962435245513916,0.0,0,1.4242278115053457,0.13170063482822156,44.86033186198556,0.11486486486486487,0.0,0.7804054054054054,0.5016891891891891,0.9422245656045837,0.8742187801613944,0.008445945945945946,0.7189609213510699,0.36153831234847766,0.02766798418972332
R4_aB_m0,R4,0,24,E,stochastic,unknown,E,,741,592,592,1.2093169689178467,0.0,0,1.5110024689985642,0.1306801115956909,44.81397637774692,0.13851351351351351,0.0,0.8023648648648649,0.5084459459459459,0.9256776760412896,0.8589847676624401,0.008445945945945946,0.729200989180597,0.36565414878155117,0.027888446215139442
R4_aB_m0,R4,0,25,E,stochastic,unknown,E,,741,592,592,1.6856720447540283,0.0,0,1.534845984598012,0.11764474531374569,45.51131472445129,0.20439189189189189,0.0,0.7550675675675675,0.5168918918918919,0.9320609944226761,0.8625828103583317,0.008445945945945946,0.7239413509605213,0.3699598403891773,0.0275049115913556
R4_aB_m0,R4,0,26,E,stochastic,unknown,E,,741,592,592,1.240812063217163,0.0,0,1.5939357800451714,0.12265450513970373,44.063598328023154,0.08445945945945946,0.0,0.893581081081081,0.5101351351351351,1.0156388134630676,0.9559325241815371,0.006756756756756757,0.7371965013114828,0.387075766403611,0.027450980392156862
R4_aB_m0,R4,0,27,E,stochastic,unknown,E,,741,592,592,1.2262146472930908,0.0,0,1.5893511819740611,0.16286916137216903,49.56706644550736,0.0,0.0,0.9628378378378378,0.4206081081081081,1.0014049178276312,0.9413452852591174,0.006756756756756757,0.7378859907964193,0.35156153071714874,0.0297029702970297
R4_aB_m0,R4,0,28,E,stochastic,unknown,E,,741,592,592,1.2739980220794678,0.0,0,1.5062533553679225,0.1257036291746884,45.37321055371647,0.24662162162162163,0.0,0.6858108108108109,0.5,0.9321007284916378,0.8511316616993451,0.010135135135135136,0.700633483476592,0.37039098396949577,0.025590551181102362
R4_aB_m0,R4,0,29,E,stochastic,unknown,E,,741,592,592,1.6524856090545654,0.0,0,1.5000197908831847,0.13552168992732547,54.23823586385877,0.07432432432432433,0.0,0.8277027027027027,0.5118243243243243,0.9062611315253972,0.8157173992696238,0.011824324324324325,0.7202079963770953,0.3664551013715866,0.02766798418972332
R4_aB_m0,R4,0,30,E,stochastic,unknown,E,,741,592,592,1.2606463432312012,0.0,0,1.4826995746358669,0.16609746544511927,52.62798150608192,0.0,0.0,0.981418918918919,0.44256756756756754,1.0280090561046162,0.9467178551247438,0.010135135135135136,0.7369837219953878,0.35411379789150416,0.029585798816568046
R4_aB_m0,R4,0,31,E,stochastic,unknown,E,,741,592,592,1.2634053230285645,0.0,0,1.514971076464654,0.12562585439551896,55.18354585642661,0.048986486486486486,0.0,0.910472972972973,0.5168918918918919,0.9856029608619494,0.9038232361249886,0.010135135135135136,0.7319590492510496,0.3767396203126796,0.0275049115913556
R4_aB_m0,R4,0,32,E,stochastic,unknown,E,,741,592,592,1.221827507019043,0.0,0,1.8133254865353923,0.14055934121533364,50.178843259093576,0.033783783783783786,0.0,0.9408783783783784,0.41216216216216217,1.0019988236423352,0.9416744457913105,0.006756756756756757,0.7389309125219674,0.38620632763897583,0.027450980392156862
R4_aB_m0,R4,0,33,E,stochastic,unknown,E,,741,592,592,1.233452320098877,0.0,0,1.420785444544396,0.13408839034256773,45.55435159358857,0.04560810810810811,0.0,0.9172297297297297,0.49155405405405406,0.9745648595393627,0.905400845622839,0.008445945945945946,0.7333120331833873,0.36883716710309755,0.027613412228796843
R4_aB_m0,R4,0,34,E,stochastic,unknown,E,,741,592,592,1.2557094097137451,0.0,0,1.5790132333280946,0.12886286400402142,51.75614189756047,0.19594594594594594,0.0,0.777027027027027,0.5253378378378378,0.9284583793681457,0.8580604756667947,0.008445945945945946,0.7239599708276978,0.36913245459095095,0.027777777777777776
R4_aB_m0,R4,0,35,E,stochastic,unknown,E,,741,592,592,1.2587776184082031,0.0,0,1.4375535225180742,0.12769994752560798,44.50393763946158,0.04222972972972973,0.0,0.9459459459459459,0.5,0.9430934005762047,0.8740468540065506,0.008445945945945946,0.7245903411765015,0.3599434373539455,0.027722772277227723
R4_aB_m0,R4,0,36,E,stochastic,unknown,E,,741,592,592,1.3023595809936523,0.0,0,1.542327260498271,0.14524409008253797,58.37602818431912,0.016891891891891893,0.0,0.972972972972973,0.46959459459459457,0.946282356637011,0.8538266648214649,0.011824324324324325,0.7148514599201544,0.357167483375965,0.027777777777777776
R4_aB_m0,R4,0,37,E,stochastic,unknown,E,,741,592,592,1.7276155948638916,0.0,0,1.487260439064083,0.11832224938103153,47.125003356638885,0.06418918918918919,0.0,0.847972972972973,0.5253378378378378,0.9533425860580954,0.8938071333902059,0.006756756756756757,0.7117966611762527,0.3768098020777582,0.025590551181102362
R4_aB_m0,R4,0,38,E,stochastic,unknown,E,,741,592,592,1.708045482635498,0.0,0,1.7152288589727052,0.16071872961345404,63.43764334590491,0.0,0.0,1.0,0.40033783783783783,1.0179643241072254,0.9228118277737002,0.011824324324324325,0.7471001432732897,0.3636500208981537,0.02952755905511811
R4_aB_m0,R4,0,39,E,stochastic,unknown,E,,741,592,592,1.7019877433776855,0.0,0,1.6315240699173588,0.1487805630223614,51.3354432600561,0.030405405405405407,0.0,0.9442567567567568,0.4189189189189189,0.9880161717490387,0.9284595822131466,0.006756756756756757,0.7213370121663251,0.36553136169069955,0.02766798418972332
R4_aB_m0,R4,0,40,E,stochastic,unknown,E,,741,592,592,1.6958229541778564,0.0,0,1.6742716171895433,0.12570411069505508,46.96534313493203,0.057432432432432436,0.0,0.8277027027027027,0.47635135135135137,0.9545609979133529,0.8962981049824564,0.006756756756756757,0.7356707938958673,0.38114028286030055,0.02766798418972332
R4_aB_m0,R4,0,41,E,stochastic,unknown,E,,741,592,592,1.702688455581665,0.0,0,1.4835784063926711,0.14580620809549866,50.11098885259746,0.018581081081081082,0.0,0.9662162162162162,0.4847972972972973,0.9642470236419548,0.8822399158400392,0.010135135135135136,0.7254656723458437,0.36208763850467535,0.02766798418972332
R4_aB_m0,R4,0,42,E,stochastic,unknown,E,,741,592,592,1.711745262145996,0.0,0,1.3593264528721454,0.12419936093411846,51.65095246903757,0.0472972972972973,0.0,0.918918918918919,0.5625,0.9632056104085347,0.8827068048101443,0.010135135135135136,0.7041213667082642,0.37203358543068293,0.025490196078431372
R4_aB_m0,R4,0,43,E,stochastic,unknown,E,,741,592,592,1.225642442703247,0.0,0,1.4343682891980853,0.1483449105224189,46.733333769113166,0.04054054054054054,0.0,0.9256756756756757,0.48986486486486486,0.9865971530820653,0.9377139645155783,0.005067567567567568,0.7285169131744423,0.3621165913010615,0.027613412228796843
R4_aB_m0,R4,0,44,E,stochastic,unknown,E,,741,592,592,1.7090113162994385,0.0,0,1.4729233112648368,0.13272345322184162,53.22177744899791,0.057432432432432436,0.0,0.8631756756756757,0.5050675675675675,0.9447706697924732,0.8652791627263695,0.010135135135135136,0.720528177330173,0.3643703891100224,0.027722772277227723
R4_aB_m0,R4,0,45,E,stochastic,unknown,E,,741,592,592,1.693910837173462,0.0,0,1.4041923186187968,0.12734582361821953,47.4049069841608,0.03209459459459459,0.0,0.956081081081081,0.589527027027027,1.0206597307845304,0.9627706968668427,0.006756756756756757,0.7054532238322235,0.3797037056215202,0.025390625
R4_aB_m0,R4,0,46,E,stochastic,unknown,E,,741,592,592,1.6982548236846924,0.0,0,1.5744989989451221,0.129481348284298,51.626110866299044,0.11824324324324324,0.0,0.8108108108108109,0.5050675675675675,0.934209551465774,0.8531685900059673,0.010135135135135136,0.7155060938190727,0.38094039165608823,0.02564102564102564
R4_aB_m0,R4,0,47,E,stochastic,unknown,E,,741,592,592,1.717804193496704,0.0,0,1.5373333787250625,0.1391726013670647,53.69024932885496,0.02702702702702703,0.0,0.9594594594594594,0.5168918918918919,0.9724199877616339,0.9012116087809428,0.008445945945945946,0.7103669440041833,0.3778190272906492,0.025793650793650792
R4_aB_m0,R4,0,48,E,stochastic,unknown,E,,741,592,592,1.7200794219970703,0.0,0,1.824119543175031,0.1517736816369314,60.18244267297502,0.028716216216216218,0.0,0.9222972972972973,0.3733108108108108,0.9495905146198546,0.8540146540098321,0.011824324324324325,0.7192309282229309,0.3646783526987722,0.027722772277227723
R4_aB_m0,R4,0,49,E,stochastic,unknown,E,,741,592,592,1.717252254486084,0.0,0,1.5381973861637344,0.1387101034556497,46.75708037421962,0.07432432432432433,0.0,0.9155405405405406,0.4780405405405405,1.0488348324356729,0.9780882788674838,0.008445945945945946,0.7211254176175985,0.36862905971319326,0.027559055118110236
R4_aB_m0,R4,1,0,E,stochastic,unknown,E,,741,592,592,1.821979284286499,0.0,0,1.4124221899696947,0.12531266338061198,49.44417478620783,0.0472972972972973,0.0,0.9408783783783784,0.5422297297297297,0.9751354310818694,0.9164143414956282,0.006756756756756757,0.7226883251332119,0.3873342014317496,0.02564102564102564
R4_aB_m0,R4,1,1,E,stochastic,unknown,E,,741,592,592,1.6821517944335938,0.0,0,1.4040061182504016,0.12204249091585434,40.79053492873244,0.05067567567567568,0.0,0.9239864864864865,0.5506756756756757,0.9767591230728558,0.9296328082808484,0.005067567567567568,0.7288715615225982,0.37469451081592786,0.0275049115913556
R4_aB_m0,R4,1,2,E,stochastic,unknown,E,,741,592,592,1.6807012557983398,0.0,0,1.2212398944485947,0.12402474854083242,45.82333003931208,0.04054054054054054,0.0,0.9256756756756757,0.6875,0.9919977137476516,0.9434347774378739,0.005067567567567568,0.6989409784994911,0.36905886814236716,0.025390625
R4_aB_m0,R4,1,3,E,stochastic,unknown,E,,741,592,592,1.2362706661224365,0.0,0,1.428127283917146,0.12376020399083977,45.4235329780511,0.18074324324324326,0.0,0.7837837837837838,0.5422297297297297,0.9248903248893567,0.8687517755998697,0.006756756756756757,0.7064486480135294,0.3700147424555159,0.02574257425742574
R4_aB_m0,R4,1,4,E,stochastic,unknown,E,,741,592,592,1.2409307956695557,0.0,0,1.7894813045399764,0.14208879759677953,55.962108470801766,0.04054054054054054,0.0,0.8547297297297297,0.40371621621621623,0.9142478482999845,0.8306983551666512,0.010135135135135136,0.7271396600604947,0.3704065758499472,0.027833001988071572
R4_aB_m0,R4,1,5,E,stochastic,unknown,E,,741,592,592,1.7221088409423828,0.0,0,1.4195823726626557,0.11897170596064482,44.38561580662628,0.11993243243243243,0.0,0.8243243243243243,0.6621621621621622,1.0513825149790583,1.0006148380475175,0.005067567567567568,0.718143490779529,0.38955277935264865,0.025490196078431372
R4_aB_m0,R4,1,6,E,stochastic,unknown,E,,741,592,592,1.8212826251983643,0.0,0,1.43919463478775,0.1379668664166507,41.618206933432816,0.07601351351351351,0.0,0.9087837837837838,0.5067567567567568,0.9999754637293828,0.9415058176497766,0.006756756756756757,0.7097594120678495,0.35504677354611847,0.027613412228796843
R4_aB_m0,R4,1,7,E,stochastic,unknown,E,,741,592,592,1.2666759490966797,0.0,0,1.3632055267839351,0.1219971818671336,48.901553355804836,0.08445945945945946,0.0,0.8969594594594594,0.5371621621621622,1.046011596062795,0.985730797311329,0.006756756756756757,0.7265455399877764,0.3716409191719647,0.027613412228796843
R4_aB_m0,R4,1,8,E,stochastic,unknown,E,,741,592,592,1.2278738021850586,0.0,0,1.5068396225640954,0.12819564738814715,45.821939663553536,0.04560810810810811,0.0,0.9037162162162162,0.535472972972973,0.9756570546735188,0.905574612724646,0.008445945945945946,0.7226871354720936,0.36944344506791676,0.027559055118110236
R4_aB_m0,R4,1,9,E,stochastic,unknown,E,,741,592,592,1.6811695098876953,0.0,0,1.554574478578501,0.15071761322820199,54.08286740902549,0.0,0.0,0.9662162162162162,0.4358108108108108,1.0618464273302668,0.9885867816093739,0.008445945945945946,0.7462621459194969,0.3669241217315648,0.029469548133595286
R4_aB_m0,R4,1,10,E,stochastic,unknown,E,,741,592,592,1.2285454273223877,0.0,0,1.5366076936008408,0.13104071353702446,50.03202085959962,0.05067567567567568,0.0,0.9037162162162162,0.5,0.9629032785813247,0.8707618058325423,0.011824324324324325,0.7201352414547738,0.364466266109435,0.027450980392156862
R4_aB_m0,R4,1,11,E,stochastic,unknown,E,,741,592,592,1.2337162494659424,0.0,0,1.5935565074803693,0.135431645304234,57.90099768673141,0.02364864864864865,0.0,0.9662162162162162,0.49324324324324326,0.9480586737323702,0.8766083620804547,0.008445945945945946,0.7240217436206524,0.3671672261595142,0.027833001988071572
R4_aB_m0,R4,1,12,E,stochastic,unknown,E,,741,592,592,1.2610211372375488,0.0,0,1.7100987332811333,0.13690846295670497,48.80947584904935,0.06925675675675676,0.0,0.856418918918919,0.4510135135135135,0.9363023381426683,0.8664509356547857,0.008445945945945946,0.72209874941735,0.3648161662102744,0.027777777777777776
R4_aB_m0,R4,1,13,E,stochastic,unknown,E,,741,592,592,1.2352533340454102,0.0,0,1.5365911728696797,0.1270590460686318,45.29144115228175,0.04222972972972973,0.0,0.9256756756756757,0.5793918918918919,0.9858822044108961,0.9277050956618731,0.006756756756756757,0.7332151012660661,0.38392711116091893,0.02734375
R4_aB_m0,R4,1,14,E,stochastic,unknown,E,,741,592,592,1.7080106735229492,0.0,0,0.9967787426238808,0.13698269413271372,51.025643558069284,0.0,0.0,0.9864864864864865,0.7128378378378378,1.042908051990368,0.9826871576668877,0.006756756756756757,0.6776232209257907,0.3515927440239305,0.025341130604288498
R4_aB_m0,R4,1,15,E,stochastic,unknown,E,,741,592,592,1.261049747467041,0.0,0,1.3481971972750963,0.12797613219270343,45.39331228643821,0.010135135135135136,0.0,0.9695945945945946,0.6317567567567568,1.0102972944547568,0.9513166729238498,0.006756756756756757,0.7204059724115482,0.3688956258419563,0.027450980392156862
R4_aB_m0,R4,1,16,E,stochastic,unknown,E,,741,592,592,1.299311876296997,0.0,0,1.588493738346855,0.15880242826379704,52.695472196341605,0.0,0.0,1.0,0.41047297297297297,1.0605393364216504,0.9985896858868174,0.006756756756756757,0.7456890987522898,0.3593655039235118,0.02952755905511811
R4_aB_m0,R4,1,17,E,stochastic,unknown,E,,741,592,592,1.6954700946807861,0.0,0,1.5672569231818874,0.13325927180880298,46.269769725418655,0.048986486486486486,0.0,0.8445945945945946,0.5168918918918919,0.9366605104646463,0.8690943037005341,0.008445945945945946,0.7143121086300452,0.3631705867025273,0.027722772277227723
R4_aB_m0,R4,1,18,E,stochastic,unknown,E,,741,592,592,1.669947624206543,0.0,0,1.5884985687336888,0.11725164511921858,41.989135586467086,0.22466216216216217,0.0,0.7550675675675675,0.6486486486486487,0.9746804868113073,0.9173346664156204,0.006756756756756757,0.7300344259483464,0.37839098038895086,0.0275049115913556
R4_aB_m0,R4,1,19,E,stochastic,unknown,E,,741,592,592,1.715794563293457,0.0,0,1.5803718046766844,0.14494269560542125,50.48143902354369,0.05912162162162162,0.0,0.8243243243243243,0.46621621621621623,0.9159735210467906,0.8357445491797861,0.010135135135135136,0.7150904467414272,0.35838143358406627,0.027777777777777776
R4_aB_m0,R4,1,20,E,stochastic,unknown,E,,741,592,592,1.7028963565826416,0.0,0,1.721812092869839,0.13213955092853236,45.09954395633344,0.06418918918918919,0.0,0.8277027027027027,0.4391891891891892,0.9402010525932682,0.8832522664973941,0.006756756756756757,0.7356954363229583,0.3782156481049159,0.027559055118110236
R4_aB_m0,R4,1,21,E,stochastic,unknown,E,,741,592,592,1.2107064723968506,0.0,0,1.6498078418053506,0.17122522414570537,57.40646313033196,0.010135135135135136,0.0,0.9797297297297297,0.4189189189189189,0.9566071032467484,0.8641547079346464,0.011824324324324325,0.7331817035721545,0.35001144057290623,0.029644268774703556
R4_aB_m0,R4,1,22,E,stochastic,unknown,E,,741,592,592,1.2342336177825928,0.0,0,1.6378059255127666,0.1294025964727848,46.88808045108858,0.02702702702702703,0.0,0.9239864864864865,0.5168918918918919,1.0011774350023332,0.9421276977465419,0.006756756756756757,0.745081470924755,0.3934279885350105,0.02734375
R4_aB_m0,R4,1,23,E,stochastic,unknown,E,,741,592,592,1.2164428234100342,0.0,0,1.4231115764523272,0.13213910271764298,45.954703822969265,0.14189189189189189,0.0,0.8006756756756757,0.5084459459459459,0.9307350497435196,0.8519842128748298,0.010135135135135136,0.7176646150310897,0.3598558086635535,0.02766798418972332
R4_aB_m0,R4,1,24,E,stochastic,unknown,E,,741,592,592,1.241856575012207,0.0,0,1.561509415120135,0.13284114404725933,46.70435734472134,0.13006756756756757,0.0,0.8243243243243243,0.4966216216216216,0.9201134495711414,0.8425277589502521,0.010135135135135136,0.7271658619038843,0.36563625455671483,0.027888446215139442
R4_aB_m0,R4,1,25,E,stochastic,unknown,E,,741,592,592,1.2142045497894287,0.0,0,1.5160229438461257,0.11635442363891646,44.60280059245541,0.16891891891891891,0.0,0.7364864864864865,0.5320945945945946,0.9399475992102866,0.8707754501812347,0.008445945945945946,0.7262670944943974,0.371583469159852,0.027559055118110236
R4_aB_m0,R4,1,26,E,stochastic,unknown,E,,741,592,592,1.713479995727539,0.0,0,1.5702948581835952,0.12068248603139112,44.4441641727227,0.09628378378378379,0.0,0.8851351351351351,0.5236486486486487,1.0329225013007601,0.9727670846851462,0.006756756756756757,0.7370197100114774,0.38949221125266636,0.02729044834307992
R4_aB_m0,R4,1,27,E,stochastic,unknown,E,,741,592,592,1.2224352359771729,0.0,0,1.5969649081195227,0.16128936659425544,49.646410086269654,0.010135135135135136,0.0,0.9594594594594594,0.43243243243243246,0.9834083389906066,0.9233821917559368,0.006756756756756757,0.7367124146799884,0.3502523939053165,0.02976190476190476
R4_aB_m0,R4,1,28,E,stochastic,unknown,E,,741,592,592,1.2588131427764893,0.0,0,1.5269092064835903,0.12726687877928491,46.5069238591585,0.22297297297297297,0.0,0.7111486486486487,0.49493243243243246,0.9255713907379733,0.8441382873528531,0.010135135135135136,0.6992377176341185,0.3691054140913727,0.02564102564102564
R4_aB_m0,R4,1,29,E,stochastic,unknown,E,,741,592,592,1.6821255683898926,0.0,0,1.589156681355332,0.13639814074905549,56.398627984239894,0.05912162162162162,0.0,0.8293918918918919,0.48817567567567566,0.9033549573111351,0.8120220542243844,0.011824324324324325,0.7162250906890333,0.37937461417903884,0.02574257425742574
R4_aB_m0,R4,1,30,E,stochastic,unknown,E,,741,592,592,1.2565813064575195,0.0,0,1.46455869266308,0.1652141888331076,52.672454252432814,0.0,0.0,0.9797297297297297,0.3902027027027027,1.0477297771728395,0.9755092622080636,0.008445945945945946,0.7421764243054348,0.35953388018664645,0.029469548133595286
R4_aB_m0,R4,1,31,E,stochastic,unknown,E,,741,592,592,1.7183353900909424,0.0,0,1.436132285901729,0.12443382621366417,54.29768506068152,0.08108108108108109,0.0,0.9087837837837838,0.5202702702702703,0.9987227566729849,0.9271947086426894,0.008445945945945946,0.734218896069229,0.37715133937796874,0.0275049115913556
R4_aB_m0,R4,1,32,E,stochastic,unknown,E,,741,592,592,1.2369959354400635,0.0,0,1.7974409488413234,0.13959780588392004,49.87882952223087,0.030405405405405407,0.0,0.9256756756756757,0.41385135135135137,1.013197236825569,0.9429097704563346,0.008445945945945946,0.7401712188736033,0.3883412305542447,0.02734375
R4_aB_m0,R4,1,33,E,stochastic,unknown,E,,741,592,592,1.7208211421966553,0.0,0,1.4073416932330143,0.13364954410615443,44.72066424880096,0.05912162162162162,0.0,0.918918918918919,0.48817567567567566,0.985967084467319,0.9173715932963898,0.008445945945945946,0.7358515504784222,0.37220586427551006,0.027450980392156862
R4_aB_m0,R4,1,34,E,stochastic,unknown,E,,741,592,592,1.719860553741455,0.0,0,1.5526340440533306,0.12966393612450702,52.749471455780736,0.19256756756756757,0.0,0.7753378378378378,0.5371621621621622,0.9219996764691095,0.8414940088132368,0.010135135135135136,0.715088767669377,0.3773187405068639,0.02584493041749503
R4_aB_m0,R4,1,35,E,stochastic,unknown,E,,741,592,592,1.264439344406128,0.0,0,1.4335492812002142,0.12795050301554542,44.828441817840464,0.033783783783783786,0.0,0.9290540540540541,0.5101351351351351,0.9299182676003549,0.8607044854198599,0.008445945945945946,0.7207184583385688,0.3575488131180193,0.02766798418972332
R4_aB_m0,R4,1,36,E,stochastic,unknown,E,,741,592,592,1.70247220993042,0.0,0,1.5651945690301883,0.14482805603493878,58.822618861506,0.015202702702702704,0.0,0.9527027027027027,0.44594594594594594,0.9312910676644856,0.8482692412206256,0.010135135135135136,0.7126452165825261,0.35581358177158917,0.027777777777777776
R4_aB_m0,R4,1,37,E,stochastic,unknown,E,,741,592,592,1.7068495750427246,0.0,0,1.4414409359612883,0.11725191345327574,46.13052267657106,0.05574324324324324,0.0,0.893581081081081,0.5591216216216216,0.9617924786959012,0.9023824748470181,0.006756756756756757,0.7170412462381879,0.36560475786692403,0.027559055118110236
R4_aB_m0,R4,1,38,E,stochastic,unknown,E,,741,592,592,1.737703800201416,0.0,0,1.6501030629653295,0.1597587508076454,62.82782622550699,0.0,0.0,1.0,0.38682432432432434,1.029813526193108,0.9351765068586086,0.011824324324324325,0.7484917654030729,0.364816864679649,0.029469548133595286
R4_aB_m0,R4,1,39,E,stochastic,unknown,E,,741,592,592,1.7356157302856445,0.0,0,1.5826821850534283,0.14859657898700135,51.28100276666823,0.028716216216216218,0.0,0.9341216216216216,0.41385135135135137,1.0106491357445,0.9509137877755531,0.006756756756756757,0.7192514005641983,0.3651024487536699,0.027559055118110236
R4_aB_m0,R4,1,40,E,stochastic,unknown,E,,741,592,592,1.7350008487701416,0.0,0,1.7368268808332408,0.12730822136119263,48.36059117875654,0.125,0.0,0.8074324324324325,0.47635135135135137,0.9422506747388505,0.8734807008507753,0.008445945945945946,0.7364904043703383,0.3822932060798319,0.02766798418972332
R4_aB_m0,R4,1,41,E,stochastic,unknown,E,,741,592,592,1.676438331604004,0.0,0,1.542742244174664,0.14725819092122752,50.9796055515066,0.018581081081081082,0.0,0.9459459459459459,0.48817567567567566,0.9526782930988081,0.870153274545706,0.010135135135135136,0.7244705355825118,0.3614155867661093,0.027613412228796843
R4_aB_m0,R4,1,42,E,stochastic,unknown,E,,741,592,592,1.6908516883850098,0.0,0,1.3142371964045396,0.1231513496662783,51.3114163082317,0.048986486486486486,0.0,0.9070945945945946,0.5878378378378378,0.9770836361655195,0.8971451762387475,0.010135135135135136,0.7067791444614958,0.37389741447555735,0.025540275049115914
R4_aB_m0,R4,1,43,E,stochastic,unknown,E,,741,592,592,1.295783281326294,0.0,0,1.4388843877355308,0.15009892423631735,48.18827297780411,0.04222972972972973,0.0,0.9239864864864865,0.47297297297297297,1.011507486188865,0.942622441704774,0.008445945945945946,0.732922507378886,0.3655502044256239,0.02766798418972332
R4_aB_m0,R4,1,44,E,stochastic,unknown,E,,741,592,592,1.723768711090088,0.0,0,1.4941753103095492,0.13413302974121458,54.15948245418074,0.06587837837837837,0.0,0.8293918918918919,0.5050675675675675,0.937809936770578,0.85786329671692,0.010135135135135136,0.7220628770569089,0.36343121196279704,0.027888446215139442
R4_aB_m0,R4,1,45,E,stochastic,unknown,E,,741,592,592,1.8512885570526123,0.0,0,1.3358153731965081,0.12562651347936502,47.46461609089022,0.03209459459459459,0.0,0.9256756756756757,0.6182432432432432,1.0420740563445572,0.9836845935045959,0.006756756756756757,0.7084142808762735,0.3811619999628753,0.025390625
R4_aB_m0,R4,1,46,E,stochastic,unknown,E,,741,592,592,1.683215618133545,0.0,0,1.600343039774428,0.13111800218102784,52.63256685353552,0.13851351351351351,0.0,0.8226351351351351,0.5101351351351351,0.9238348049211125,0.8423082761409081,0.010135135135135136,0.7157993756354822,0.38116581798812155,0.02564102564102564
R4_aB_m0,R4,1,47,E,stochastic,unknown,E,,741,592,592,1.8477272987365723,0.0,0,1.5479952442155231,0.14034359230794335,54.43775307808291,0.02027027027027027,0.0,0.9628378378378378,0.5152027027027027,0.9630065352779837,0.8815662245822368,0.010135135135135136,0.7105087424798068,0.3775173573985469,0.025793650793650792
R4_aB_m0,R4,1,48,E,stochastic,unknown,E,,741,592,592,1.730710506439209,0.0,0,1.8350435552689441,0.15085889001652253,60.89053913164765,0.030405405405405407,0.0,0.910472972972973,0.36824324324324326,0.9379883115359883,0.8422416042147446,0.011824324324324325,0.7201243203799619,0.36339689402056513,0.027777777777777776
R4_aB_m0,R4,1,49,E,stochastic,unknown,E,,741,592,592,1.6759824752807617,0.0,0,1.484226987140676,0.13807581372286717,47.12699475001971,0.06925675675675676,0.0,0.9172297297297297,0.5033783783783784,1.0693900188614338,0.9981728780306772,0.008445945945945946,0.7262373317436249,0.3717259736529538,0.027613412228796843
R4_aB_m0,R4,2,0,E,stochastic,unknown,E,,741,592,592,1.700495958328247,0.0,0,1.357402698970428,0.12426394462666472,48.82009705624794,0.048986486486486486,0.0,0.9273648648648649,0.5608108108108109,0.9856350407919792,0.9270698430996474,0.006756756756756757,0.721277599020221,0.3873613067692798,0.025490196078431372
R4_aB_m0,R4,2,1,E,stochastic,unknown,E,,741,592,592,1.2161335945129395,0.0,0,1.5238074166871396,0.12255974893935416,41.26466341632115,0.0472972972972973,0.0,0.9239864864864865,0.5591216216216216,0.9870174276504129,0.9396541003106557,0.005067567567567568,0.7314393636138055,0.38072753696363165,0.0275049115913556
R4_aB_m0,R4,2,2,E,stochastic,unknown,E,,741,592,592,1.2336516380310059,0.0,0,0.867936347321172,0.12771534335278523,47.01980302714859,0.08277027027027027,0.0,0.910472972972973,0.7618243243243243,1.0273701213528217,0.8904814439005009,0.02027027027027027,0.7203213568518999,0.38794990838602017,0.025540275049115914
R4_aB_m0,R4,2,3,E,stochastic,unknown,E,,741,592,592,1.2298293113708496,0.0,0,1.375556224207302,0.1248701573120052,46.45271243210763,0.17736486486486486,0.0,0.7787162162162162,0.5422297297297297,0.914138746062555,0.8479383496535978,0.008445945945945946,0.701605954943823,0.3663739384917625,0.025691699604743084
R4_aB_m0,R4,2,4,E,stochastic,unknown,E,,741,592,592,1.2250664234161377,0.0,0,1.8744911291469732,0.1440959613285365,58.09746466150402,0.0472972972972973,0.0,0.8513513513513513,0.38682432432432434,0.9088358938016181,0.8246607577620246,0.010135135135135136,0.7261552351565106,0.3712297563504844,0.027833001988071572
R4_aB_m0,R4,2,5,E,stochastic,unknown,E,,741,592,592,1.250256061553955,0.0,0,1.6590537147152542,0.12086971545711117,46.639816563906585,0.0945945945945946,0.0,0.8327702702702703,0.5371621621621622,1.0675447617773677,1.0068872398728141,0.006756756756756757,0.737603843411283,0.40840993783656016,0.025490196078431372
R4_aB_m0,R4,2,6,E,stochastic,unknown,E,,741,592,592,1.728222131729126,0.0,0,1.5085371978035924,0.1422284804510097,42.72545369932968,0.07939189189189189,0.0,0.9121621621621622,0.4966216216216216,1.0191657355367947,0.9506007790949935,0.008445945945945946,0.7144809321777142,0.36042331316786325,0.027613412228796843
R4_aB_m0,R4,2,7,E,stochastic,unknown,E,,741,592,592,1.227776050567627,0.0,0,1.0187437516160796,0.1319475354131099,54.870678103248956,0.15371621621621623,0.0,0.8327702702702703,0.5793918918918919,1.1065257146271803,0.9596732422949591,0.02027027027027027,0.7419072604320232,0.38560076035289514,0.027559055118110236
R4_aB_m0,R4,2,8,E,stochastic,unknown,E,,741,592,592,1.715341329574585,0.0,0,1.3586376885625793,0.12608809408820373,44.041575189427896,0.08108108108108109,0.0,0.9037162162162162,0.5692567567567568,0.9877354430761539,0.9280714303834441,0.006756756756756757,0.7197126025178436,0.366181311793997,0.027450980392156862
R4_aB_m0,R4,2,9,E,stochastic,unknown,E,,741,592,592,1.2561638355255127,0.0,0,1.489180444915824,0.14949290298912907,55.240680974542784,0.0,0.0,0.9594594594594594,0.44932432432432434,1.0855993909964377,1.0118268208998884,0.008445945945945946,0.748731504994077,0.36945562057356335,0.029296875
R4_aB_m0,R4,2,10,E,stochastic,unknown,E,,741,592,592,1.2478907108306885,0.0,0,1.6085852333793378,0.13178553803163265,50.354205426497245,0.05067567567567568,0.0,0.9070945945945946,0.49155405405405406,0.9772439593744414,0.8949905789384063,0.010135135135135136,0.7292421881789994,0.3717256746102741,0.027559055118110236
R4_aB_m0,R4,2,11,E,stochastic,unknown,E,,741,592,592,1.2285821437835693,0.0,0,1.5106603551498272,0.13559090972154678,57.98620166377071,0.02195945945945946,0.0,0.956081081081081,0.5084459459459459,0.9418822039657495,0.8603282538451197,0.010135135135135136,0.7228194013990525,0.36493821755742656,0.027777777777777776
R4_aB_m0,R4,2,12,E,stochastic,unknown,E,,741,592,592,1.259925365447998,0.0,0,1.6076559755506312,0.13762757341580148,48.82927909003797,0.08108108108108109,0.0,0.8361486486486487,0.47297297297297297,0.92479788749663,0.8448840941717387,0.010135135135135136,0.7179765498372115,0.35843171306964783,0.027833001988071572
R4_aB_m0,R4,2,13,E,stochastic,unknown,E,,741,592,592,1.2471637725830078,0.0,0,1.4581760546221716,0.12481715745588792,44.736700981633845,0.06925675675675676,0.0,0.9138513513513513,0.5912162162162162,0.9992906619290839,0.9408520008431912,0.006756756756756757,0.7371922137880865,0.38637891258984736,0.02729044834307992
R4_aB_m0,R4,2,14,E,stochastic,unknown,E,,741,592,592,1.697798728942871,0.0,0,1.0461793055482722,0.14050914240188753,52.90831697547601,0.0,0.0,1.0,0.7111486486486487,1.0625234989742445,1.0012587203551322,0.006756756756756757,0.6768957307604294,0.3516518826928895,0.025390625
R4_aB_m0,R4,2,15,E,stochastic,unknown,E,,741,592,592,1.6876881122589111,0.0,0,1.232125065159993,0.12636686306655803,44.371255093510605,0.008445945945945946,0.0,0.9594594594594594,0.6976351351351351,1.0214409062064942,0.9624761420419815,0.006756756756756757,0.7201027016576967,0.3688696172192803,0.0273972602739726
R4_aB_m0,R4,2,16,E,stochastic,unknown,E,,741,592,592,1.6999144554138184,0.0,0,1.517793948661663,0.15644227385354206,52.09842415532303,0.0,0.0,1.0,0.42567567567567566,1.072173811718513,1.0101897539092328,0.006756756756756757,0.7498364051601466,0.3627807313741292,0.029469548133595286
R4_aB_m0,R4,2,17,E,stochastic,unknown,E,,741,592,592,1.7046160697937012,0.0,0,1.7015193113453637,0.1358764841861997,48.3738446507976,0.052364864864864864,0.0,0.8327702702702703,0.47297297297297297,0.927733718432355,0.849823921655399,0.010135135135135136,0.7122343414485939,0.3784526826473091,0.025793650793650792
R4_aB_m0,R4,2,18,E,stochastic,unknown,E,,741,592,592,1.699608564376831,0.0,0,1.6823237745002892,0.11746266027305051,42.82098856260907,0.14189189189189189,0.0,0.7702702702702703,0.6503378378378378,0.9932795856261489,0.9255204285859108,0.008445945945945946,0.7387484443861684,0.3889425185886834,0.02734375
R4_aB_m0,R4,2,19,E,stochastic,unknown,E,,741,592,592,1.6758193969726562,0.0,0,1.4724092565697873,0.1433909171804517,50.70554152240183,0.07601351351351351,0.0,0.7922297297297297,0.5084459459459459,0.9086842682628431,0.8282075642118488,0.010135135135135136,0.7069720193491393,0.3528606178443898,0.02766798418972332
R4_aB_m0,R4,2,20,E,stochastic,unknown,E,,741,592,592,1.6916050910949707,0.0,0,1.6743802479060652,0.13204839434219717,45.35965614265749,0.0945945945945946,0.0,0.8344594594594594,0.4391891891891892,0.9287529923671203,0.8719226959873398,0.006756756756756757,0.7326542458856152,0.37326996334933676,0.02766798418972332
R4_aB_m0,R4,2,21,E,stochastic,unknown,E,,741,592,592,1.6806693077087402,0.0,0,1.5751110700592652,0.15862619582261828,54.94529244455887,0.016891891891891893,0.0,0.9510135135135135,0.4527027027027027,0.9319228782362228,0.8502328258521727,0.010135135135135136,0.734650850938838,0.35114342237629276,0.029644268774703556
R4_aB_m0,R4,2,22,E,stochastic,unknown,E,,741,592,592,1.683605432510376,0.0,0,1.584954337348171,0.12783352541632498,46.14973921725302,0.030405405405405407,0.0,0.9256756756756757,0.5422297297297297,1.0159350242198566,0.9568382597627946,0.006756756756756757,0.7454628560938829,0.3949438787246644,0.027237354085603113
R4_aB_m0,R4,2,23,E,stochastic,unknown,E,,741,592,592,1.7187244892120361,0.0,0,1.2924343812065224,0.13075952211669492,45.670402263811745,0.14864864864864866,0.0,0.7905405405405406,0.527027027027027,0.9200694599759122,0.841180766755825,0.010135135135135136,0.7143319273912627,0.35596220207038703,0.027722772277227723
R4_aB_m0,R4,2,24,E,stochastic,unknown,E,,741,592,592,1.7189819812774658,0.0,0,1.7095485461914637,0.13675224112948672,49.170256233578186,0.11148648648648649,0.0,0.847972972972973,0.40878378378378377,0.9169870687405446,0.8387387912221643,0.010135135135135136,0.7288061155370185,0.36797553752123197,0.027833001988071572
R4_aB_m0,R4,2,25,E,stochastic,unknown,E,,741,592,592,1.7086875438690186,0.0,0,1.3956777875095738,0.11522235227649279,42.73180211216394,0.125,0.0,0.7466216216216216,0.5540540540540541,0.9501504759696273,0.8915229652995569,0.006756756756756757,0.7291315902367098,0.3716490668780369,0.0275049115913556
R4_aB_m0,R4,2,26,E,stochastic,unknown,E,,741,592,592,1.217355489730835,0.0,0,1.5185283087551429,0.11953803903012156,44.248890616611284,0.08783783783783784,0.0,0.8733108108108109,0.543918918918919,1.0455336800655828,0.9851948228494225,0.006756756756756757,0.7386586004514395,0.39128000043957095,0.02729044834307992
R4_aB_m0,R4,2,27,E,stochastic,unknown,E,,741,592,592,1.7233121395111084,0.0,0,1.7043798856389136,0.1750149978313137,54.12732559237232,0.0,0.0,0.9864864864864865,0.39864864864864863,0.9948595238004656,0.9233796554127955,0.008445945945945946,0.733774324862894,0.3471593391124016,0.02976190476190476
R4_aB_m0,R4,2,28,E,stochastic,unknown,E,,741,592,592,1.68464994430542,0.0,0,1.6149155072879096,0.12835657015566276,47.9325141830466,0.21114864864864866,0.0,0.7195945945945946,0.4864864864864865,0.9202681698294536,0.8383268364966697,0.010135135135135136,0.6996102024013635,0.36924500604972105,0.02574257425742574
R4_aB_m0,R4,2,29,E,stochastic,unknown,E,,741,592,592,1.8250679969787598,0.0,0,1.734093928316851,0.1409957147424044,59.19844110689879,0.033783783783783786,0.0,0.8733108108108109,0.42736486486486486,0.9018884116791602,0.8097043774309635,0.011824324324324325,0.7259401967476514,0.37229372501608643,0.027777777777777776
R4_aB_m0,R4,2,30,E,stochastic,unknown,E,,741,592,592,1.2279589176177979,0.0,0,1.3952956849231675,0.16223636576394446,52.822951647870624,0.0,0.0,0.9746621621621622,0.3952702702702703,1.0660902480836114,0.9935462583695318,0.008445945945945946,0.7478011739736868,0.36288386015903534,0.029411764705882353
R4_aB_m0,R4,2,31,E,stochastic,unknown,E,,741,592,592,1.8282198905944824,0.0,0,1.385113643995394,0.12395862530755057,53.84416747276502,0.08445945945945946,0.0,0.910472972972973,0.5253378378378378,1.0103752701034292,0.9392642452727447,0.008445945945945946,0.7363351947585869,0.37881196580177295,0.02734375
R4_aB_m0,R4,2,32,E,stochastic,unknown,E,,741,592,592,1.242173671722412,0.0,0,1.6614610066349131,0.12852415437258674,46.05425874790626,0.07601351351351351,0.0,0.9155405405405406,0.46790540540540543,1.0090145590154982,0.9492041551172811,0.006756756756756757,0.7395505441807426,0.38758984390041423,0.02734375
R4_aB_m0,R4,2,33,E,stochastic,unknown,E,,741,592,592,1.6897332668304443,0.0,0,1.3530910006149102,0.13497956276456013,44.43279776988998,0.07432432432432433,0.0,0.918918918918919,0.5118243243243243,1.001057235204578,0.9417874191988705,0.006756756756756757,0.7445366433693614,0.3628901545678789,0.029354207436399216
R4_aB_m0,R4,2,34,E,stochastic,unknown,E,,741,592,592,1.653740644454956,0.0,0,1.2216317076511043,0.14647167935453095,56.30039588609236,0.17905405405405406,0.0,0.7871621621621622,0.5641891891891891,0.9375715685837891,0.7746976167213336,0.02364864864864865,0.7129318189348078,0.3745597950467353,0.02584493041749503
R4_aB_m0,R4,2,35,E,stochastic,unknown,E,,741,592,592,1.2211122512817383,0.0,0,1.3562060644052454,0.1281321378058173,44.741769198433914,0.05405405405405406,0.0,0.8530405405405406,0.527027027027027,0.915149971531845,0.8456055734867419,0.008445945945945946,0.7139342584464458,0.35299225416971014,0.027722772277227723
R4_aB_m0,R4,2,36,E,stochastic,unknown,E,,741,592,592,1.2469542026519775,0.0,0,1.6484673337758244,0.14667904045751232,60.02524573948651,0.02027027027027027,0.0,0.9391891891891891,0.4239864864864865,0.920981711861556,0.8374127304692036,0.010135135135135136,0.7123211055814632,0.3564149774619799,0.027833001988071572
R4_aB_m0,R4,2,37,E,stochastic,unknown,E,,741,592,592,1.227750301361084,0.0,0,1.2773060605452984,0.11533598927612608,44.53481758173633,0.06925675675675676,0.0,0.8902027027027027,0.6097972972972973,0.9713356530289727,0.9122323456563641,0.006756756756756757,0.7075243214650224,0.3596044605014365,0.02734375
R4_aB_m0,R4,2,38,E,stochastic,unknown,E,,741,592,592,1.6991312503814697,0.0,0,1.5601728876939085,0.1492191034043074,59.41526246054139,0.0,0.0,0.9459459459459459,0.36655405405405406,1.027500957586588,0.9349944485604802,0.011824324324324325,0.7549774140714682,0.3708243469814761,0.029411764705882353
R4_aB_m0,R4,2,39,E,stochastic,unknown,E,,741,592,592,1.2412004470825195,0.0,0,1.4482436384327617,0.14701727983955648,50.50101215760108,0.04054054054054054,0.0,0.9273648648648649,0.4527027027027027,1.027754382474435,0.9680523289372602,0.006756756756756757,0.7210276740057237,0.366972615933733,0.027450980392156862
R4_aB_m0,R4,2,40,E,stochastic,unknown,E,,741,592,592,1.2318980693817139,0.0,0,1.844623670686663,0.12997034129634835,50.01207433212048,0.13513513513513514,0.0,0.8125,0.46790540540540543,0.9327795894259491,0.8536489071603642,0.010135135135135136,0.7380417809457005,0.38513170656078005,0.02766798418972332
R4_aB_m0,R4,2,41,E,stochastic,unknown,E,,741,592,592,1.264258861541748,0.0,0,1.7640303173225595,0.16245545970288705,56.0908015655016,0.011824324324324325,0.0,0.972972972972973,0.41216216216216217,0.9622510476040871,0.8682471089679029,0.011824324324324325,0.7209116533303512,0.3601530637358898,0.02766798418972332
R4_aB_m0,R4,2,42,E,stochastic,unknown,E,,741,592,592,1.2595775127410889,0.0,0,1.2136564981495206,0.12016201507835118,49.722565616356476,0.08445945945945946,0.0,0.9070945945945946,0.6165540540540541,0.9894190680324787,0.9299363900297645,0.006756756756756757,0.7111700783455863,0.37732659853607875,0.025540275049115914
R4_aB_m0,R4,2,43,E,stochastic,unknown,E,,741,592,592,1.2361271381378174,0.0,0,1.458262421293922,0.1512000491646888,49.46921366362419,0.048986486486486486,0.0,0.9239864864864865,0.46114864864864863,1.0348973791287328,0.9649570300248829,0.008445945945945946,0.7352053939735778,0.36791241649086426,0.027777777777777776
R4_aB_m0,R4,2,44,E,stochastic,unknown,E,,741,592,592,1.715414047241211,0.0,0,1.6740767602097426,0.1408622326493155,58.58818848637004,0.0472972972972973,0.0,0.8834459459459459,0.4814189189189189,0.9470681345217571,0.8558293497052964,0.011824324324324325,0.7127088985686745,0.37502680997214405,0.02584493041749503
R4_aB_m0,R4,2,45,E,stochastic,unknown,E,,741,592,592,1.704796552658081,0.0,0,1.2577056751566549,0.1255247881906688,48.164324709005605,0.04054054054054054,0.0,0.9273648648648649,0.6959459459459459,1.0643958439667627,1.0056476336212739,0.006756756756756757,0.7100838468949394,0.38245087406928097,0.02529182879377432
R4_aB_m0,R4,2,46,E,stochastic,unknown,E,,741,592,592,1.2202253341674805,0.0,0,1.5859531784161287,0.1325890130698615,53.610474834553905,0.14020270270270271,0.0,0.8209459459459459,0.5168918918918919,0.9144854089131103,0.8325263378144434,0.010135135135135136,0.7145460984840016,0.3798406991396559,0.025590551181102362
R4_aB_m0,R4,2,47,E,stochastic,unknown,E,,741,592,592,1.699681043624878,0.0,0,1.511053142396827,0.14099232970229716,54.751672758429926,0.02195945945945946,0.0,0.9662162162162162,0.5337837837837838,0.9537547183407759,0.8719414777784019,0.010135135135135136,0.7101964790459021,0.37621382857504626,0.025793650793650792
R4_aB_m0,R4,2,48,E,stochastic,unknown,E,,741,592,592,1.689361810684204,0.0,0,1.7918720487140047,0.1436126343997758,59.97352509779454,0.04222972972972973,0.0,0.8800675675675675,0.40540540540540543,0.9154277534616115,0.8299026399159616,0.010135135135135136,0.7238861591147401,0.3668090274244796,0.027722772277227723
R4_aB_m0,R4,2,49,E,stochastic,unknown,E,,741,592,592,1.6992018222808838,0.0,0,1.0655632983919348,0.1272094737607086,48.11613141422294,0.15878378378378377,0.0,0.831081081081081,0.5641891891891891,1.1090048610360166,0.9664746672319741,0.02027027027027027,0.7344940810513473,0.38036055263193236,0.027613412228796843
R5_aA_m0,R5,0,0,E,stochastic,unknown,E,,1414,1265,1265,3.1659960746765137,0.0,0,9.486654198423524,1.2553039771027363,415.39989290110816,0.10434782608695652,0.0047430830039525695,0.8948616600790514,0.39446640316205533,3.457541345947095,0.8019159731357424,0.06324110671936758,0.3647340716121754,0.1664659536114877,0.013671875
R5_aA_m0,R5,0,1,E,stochastic,unknown,E,,1414,1265,1265,2.2635061740875244,0.0,0,10.082758782982976,1.2507131010651669,417.15855880393,0.1715415019762846,0.0,0.7802371541501977,0.4142292490118577,3.3594474524351443,0.8061688424231385,0.06719367588932806,0.4145719702021876,0.16537087552738403,0.017241379310344827
R5_aA_m0,R5,0,2,E,stochastic,unknown,E,,1414,1265,1265,2.2652792930603027,0.0,0,9.9504429828655,1.2745380288261172,447.0186250553486,0.10355731225296443,0.0015810276679841897,0.8964426877470356,0.33280632411067196,3.3921267594217426,0.8129514608724883,0.06403162055335969,0.4310094007527609,0.19439511613205324,0.015779092702169626
R5_aA_m0,R5,0,3,E,stochastic,unknown,E,,1414,1265,1265,3.1505229473114014,0.0,0,10.027737577601652,1.1244358699105568,338.0065454649919,0.2940711462450593,0.0,0.6901185770750988,0.5517786561264822,3.3826801361267687,0.8263290800775978,0.06877470355731226,0.34630286534623805,0.09305021351724403,0.016853932584269662
R5_aA_m0,R5,0,4,E,stochastic,unknown,E,,1414,1265,1265,3.117373466491699,0.0,0,11.685785554579244,1.469661441686375,672.3394977329875,0.22924901185770752,0.0,0.7612648221343874,0.3375494071146245,3.367218421634503,0.8231546276721545,0.07114624505928854,0.5435616508895975,0.2061173326362019,0.023166023166023165
R5_aA_m0,R5,0,5,E,stochastic,unknown,E,,1414,1265,1265,2.2546567916870117,0.0,0,8.257701025207636,1.1498137935798818,370.86165843575117,0.1225296442687747,0.06086956521739131,0.8292490118577075,0.48616600790513836,3.3810811790658146,0.796142149708429,0.06719367588932806,0.36001156637704074,0.16620621124690713,0.013861386138613862
R5_aA_m0,R5,0,6,E,stochastic,unknown,E,,1414,1265,1265,3.1369454860687256,0.0,0,8.412692584658254,1.172393863559875,388.384443407912,0.2648221343873518,0.0,0.7146245059288537,0.4774703557312253,3.358603582973202,0.8009638717437476,0.06403162055335969,0.3817679239091645,0.18981389059201928,0.01383399209486166
R5_aA_m0,R5,0,7,E,stochastic,unknown,E,,1414,1265,1265,3.0986623764038086,0.0,0,11.037368178199468,1.4638346077517614,665.0899644987383,0.10434782608695652,0.0,0.8956521739130435,0.3241106719367589,3.445907808327795,0.7997418360109483,0.06640316205533597,0.5260581073873852,0.2715057912183563,0.02
R5_aA_m0,R5,0,8,E,stochastic,unknown,E,,1414,1265,1265,2.2582056522369385,0.0,0,9.738620110408657,1.1213076547987784,326.2834426757624,0.08932806324110672,0.0,0.908300395256917,0.3256916996047431,3.3672062568422785,0.7985678811117298,0.07035573122529644,0.4067289903124263,0.1590375802335442,0.015503875968992248
R5_aA_m0,R5,0,9,E,stochastic,unknown,E,,1414,1265,1265,3.1026434898376465,0.0,0,11.006287893755854,1.4458547220717377,656.6827073364383,0.10276679841897234,0.0,0.8964426877470356,0.3683794466403162,3.4245151119578927,0.8255166928879936,0.06719367588932806,0.5072561035283838,0.2462509743434175,0.0199203187250996
R5_aA_m0,R5,0,10,E,stochastic,unknown,E,,1414,1265,1265,2.337768793106079,0.0,0,9.718870556042999,1.330006869175612,515.750749032344,0.10197628458498023,0.0,0.8972332015810277,0.38102766798418974,3.395531835652694,0.8169554346102904,0.06324110671936758,0.4306326547359356,0.2268717469384245,0.014227642276422764
R5_aA_m0,R5,0,11,E,stochastic,unknown,E,,1414,1265,1265,3.1728267669677734,0.0,0,11.207020670035702,1.4429448195917667,616.8146268787458,0.2308300395256917,0.0,0.7517786561264822,0.35889328063241105,3.516874747084776,0.7946137555805666,0.06482213438735178,0.4360519856797095,0.17340979957532648,0.01949317738791423
R5_aA_m0,R5,0,12,E,stochastic,unknown,E,,1414,1265,1265,3.1601197719573975,0.0,0,10.342853500302589,1.3011631358276436,493.6343837169717,0.17707509881422925,0.0,0.7652173913043478,0.45691699604743086,3.4414594867969317,0.8490037340595256,0.06719367588932806,0.3923269642355406,0.1619463924339797,0.015296367112810707
R5_aA_m0,R5,0,13,E,stochastic,unknown,E,,1414,1265,1265,3.1904685497283936,0.0,0,7.93221951216298,1.04594216943659,279.6340092244606,0.29960474308300394,0.0,0.6711462450592885,0.48695652173913045,3.388514703407044,0.8307058722937606,0.062450592885375494,0.34549750763966997,0.13635414550355887,0.015180265654648957
R5_aA_m0,R5,0,14,E,stochastic,unknown,E,,1414,1265,1265,2.3185298442840576,0.0,0,6.806396545977143,1.6850607777630742,1231.8191367382556,0.025296442687747035,0.0,0.9462450592885375,0.16047430830039525,3.5985790114444156,0.8537763654955628,0.06561264822134387,0.36945289228479844,0.22761310402636759,0.00946372239747634
R5_aA_m0,R5,0,15,E,stochastic,unknown,E,,1414,1265,1265,2.3230597972869873,0.0,0,11.066511515617792,1.2745243082125466,450.41993363666523,0.10434782608695652,0.0,0.8434782608695652,0.3794466403162055,3.4277256621785415,0.8175499959503763,0.07193675889328063,0.44043144871052087,0.15707675492437417,0.01782178217821782
R5_aA_m0,R5,0,16,E,stochastic,unknown,E,,1414,1265,1265,2.2996973991394043,0.0,0,11.016117855953532,1.497052595784789,724.7034799635065,0.10434782608695652,0.0,0.8956521739130435,0.34782608695652173,3.4431217470162894,0.7967676545952316,0.06561264822134387,0.5407864098480333,0.2818023777699464,0.01996007984031936
R5_aA_m0,R5,0,17,E,stochastic,unknown,E,,1414,1265,1265,3.1281111240386963,0.0,0,10.081559111264928,1.2233896720672812,404.7534644392897,0.24980237154150198,0.0,0.7304347826086957,0.41739130434782606,3.4427323447653855,0.7994491181622179,0.06719367588932806,0.3265395963718606,0.11972339370874344,0.013257575757575758
R5_aA_m0,R5,0,18,E,stochastic,unknown,E,,1414,1265,1265,3.1847939491271973,0.0,0,6.279024484182658,0.8306265574942652,179.46190601867772,0.10592885375494071,0.011067193675889328,0.8237154150197629,0.4624505928853755,3.3266969137634876,0.8060699172581858,0.062450592885375494,0.2861968705891762,0.11090513160141505,0.013307984790874524
R5_aA_m0,R5,0,19,E,stochastic,unknown,E,,1414,1265,1265,2.3281304836273193,0.0,0,10.606113405343606,1.360395859163542,545.2629674145987,0.26877470355731226,0.0,0.7162055335968379,0.40948616600790516,3.408606806963894,0.8073911224957897,0.06956521739130435,0.40102999667195094,0.1562821969271703,0.017110266159695818
R5_aA_m0,R5,0,20,E,stochastic,unknown,E,,1414,1265,1265,3.1599769592285156,0.0,0,10.002754231315528,1.2678794898725483,437.75820227013844,0.25533596837944667,0.0007905138339920949,0.7256916996047431,0.45296442687747035,3.4100273237568293,0.8175833027883669,0.06640316205533597,0.3909160620748809,0.1567516447413274,0.015267175572519083
R5_aA_m0,R5,0,21,E,stochastic,unknown,E,,1414,1265,1265,3.1064085960388184,0.0,0,5.137011890166925,0.4319777014078767,102.12409083108854,0.41027667984189725,0.04031620553359684,0.5786561264822134,0.7446640316205534,3.3901453842803675,0.8112261745042928,0.06324110671936758,0.21563987702195245,0.07184588600454807,0.010416666666666666
R5_aA_m0,R5,0,22,E,stochastic,unknown,E,,1414,1265,1265,3.358307361602783,0.0,0,7.7316231442996495,1.0578098591928622,285.76170115234726,0.266403162055336,0.010276679841897233,0.6861660079051384,0.43399209486166007,3.4230936690760996,0.7906411377693566,0.06324110671936758,0.3330181760806702,0.15000171316526692,0.01338432122370937
R5_aA_m0,R5,0,23,E,stochastic,unknown,E,,1414,1265,1265,2.2939505577087402,0.0,0,12.196150570117236,1.5314350766820815,724.3917760660264,0.2339920948616601,0.0,0.7549407114624506,0.33438735177865614,3.3701209899244513,0.8036805380217699,0.07035573122529644,0.5892426008393395,0.17685613576549677,0.02880658436213992
R5_aA_m0,R5,0,24,E,stochastic,unknown,E,,1414,1265,1265,3.3561065196990967,0.0,0,9.464952395250265,1.2904279663237188,454.1226002931951,0.2545454545454545,0.0,0.7383399209486166,0.2924901185770751,3.395361937558357,0.8035884823612174,0.06324110671936758,0.35245522770766485,0.14479589522596803,0.01348747591522158
R5_aA_m0,R5,0,25,E,stochastic,unknown,E,,1414,1265,1265,3.1495158672332764,0.0,0,9.02146654715624,1.142373281714659,338.5111934007599,0.12015810276679842,0.0,0.8387351778656127,0.41185770750988143,3.3671164387666,0.8220059495574474,0.06482213438735178,0.38293474588442983,0.156266005315553,0.015444015444015444
R5_aA_m0,R5,0,26,E,stochastic,unknown,E,,1414,1265,1265,2.237901210784912,0.0,0,8.828128312854437,1.2306068490128088,408.7912568874431,0.10513833992094862,0.05612648221343874,0.8940711462450592,0.3660079051383399,3.4335054781182315,0.8011130288683436,0.06324110671936758,0.43391301909009133,0.21767900551050967,0.016260162601626018
R5_aA_m0,R5,0,27,E,stochastic,unknown,E,,1414,1265,1265,3.1757349967956543,0.0,0,10.586000755908508,1.4264302615054019,572.958565193391,0.24347826086956523,0.0,0.7454545454545455,0.2592885375494071,3.4354019746734847,0.8030864133353869,0.06561264822134387,0.4238356122056874,0.16117429891653087,0.019083969465648856
R5_aA_m0,R5,0,28,E,stochastic,unknown,E,,1414,1265,1265,3.126286029815674,0.0,0,7.254579505094405,1.0411582851821093,281.9272629461715,0.2316205533596838,0.019762845849802372,0.7494071146245059,0.49486166007905136,3.3579101382245913,0.8039213609132172,0.062450592885375494,0.32809266289232136,0.13851574376646095,0.013565891472868217
R5_aA_m0,R5,0,29,E,stochastic,unknown,E,,1414,1265,1265,3.126373767852783,0.0,0,9.665931080391767,1.3163243599845906,454.71023784909056,0.10355731225296443,0.0,0.8956521739130435,0.3612648221343874,3.432172274634993,0.7988813248041035,0.06086956521739131,0.39706978991794684,0.19178155720238163,0.014056224899598393
R5_aA_m0,R5,0,30,E,stochastic,unknown,E,,1414,1265,1265,3.116710662841797,0.0,0,10.413814269142872,1.4288288001790488,596.439118542011,0.09960474308300395,0.0,0.8616600790513834,0.3557312252964427,3.4515459680563763,0.8150935202904761,0.06324110671936758,0.45660187654753115,0.2498453872077553,0.013861386138613862
R5_aA_m0,R5,0,31,E,stochastic,unknown,E,,1414,1265,1265,3.1312711238861084,0.0,0,10.11176415063724,1.2960041043394204,463.22036727580775,0.10434782608695652,0.0,0.8940711462450592,0.37628458498023715,3.4496216175403123,0.7876399960103565,0.06482213438735178,0.3825511277944113,0.17300504075035744,0.013725490196078431
R5_aA_m0,R5,0,32,E,stochastic,unknown,E,,1414,1265,1265,2.2647204399108887,0.0,0,10.569334388920158,1.394244258433167,568.8235130561644,0.10197628458498023,0.018972332015810278,0.8964426877470356,0.3256916996047431,3.410922290499893,0.7999488640575744,0.06561264822134387,0.48718209169559473,0.2374313534761799,0.018255578093306288
R5_aA_m0,R5,0,33,E,stochastic,unknown,E,,1414,1265,1265,2.2581605911254883,0.0,0,9.43899764958171,1.2870381677140958,438.14271020367244,0.18972332015810275,0.013438735177865613,0.7683794466403162,0.3541501976284585,3.4364612550422033,0.7968381819737389,0.062450592885375494,0.418446999778233,0.21536331172221995,0.01383399209486166
R5_aA_m0,R5,0,34,E,stochastic,unknown,E,,1414,1265,1265,2.268296241760254,0.0,0,11.020788162552241,1.3136888220736143,485.58893040749484,0.14624505928853754,0.0,0.7936758893280632,0.3786561264822134,3.425018334390604,0.8201167319832205,0.07114624505928854,0.45060854567200104,0.1826449085189449,0.01744186046511628
R5_aA_m0,R5,0,35,E,stochastic,unknown,E,,1414,1265,1265,2.28197979927063,0.0,0,10.219812565462341,1.2374747073900734,412.5303929600393,0.2545454545454545,0.0,0.733596837944664,0.43636363636363634,3.387940569207249,0.7994605369590735,0.06956521739130435,0.39769892849299693,0.1278662608099516,0.018867924528301886
R5_aA_m0,R5,0,36,E,stochastic,unknown,E,,1414,1265,1265,2.3411808013916016,0.0,0,11.085220201284532,1.4568963363969165,658.0580297922814,0.23478260869565218,0.0,0.7549407114624506,0.2790513833992095,3.4607794157954435,0.8058100367751568,0.06640316205533597,0.43986767256361564,0.18213070062450137,0.01937984496124031
R5_aA_m0,R5,0,37,E,stochastic,unknown,E,,1414,1265,1265,2.274646759033203,0.0,0,10.646420363306643,1.4001106503410778,580.2543601860446,0.10276679841897234,0.0,0.8964426877470356,0.33280632411067196,3.4007858367689807,0.7980985868400873,0.06482213438735178,0.45604109125670356,0.24092588060095746,0.014141414141414142
R5_aA_m0,R5,0,38,E,stochastic,unknown,E,,1414,1265,1265,2.2770657539367676,0.0,0,10.854254344145009,1.4736398783159013,649.944184239915,0.09960474308300395,0.0,0.8980237154150198,0.3652173913043478,3.4339396468196206,0.7850533623121004,0.06482213438735178,0.5000961004779452,0.246382066563222,0.019417475728155338
R5_aA_m0,R5,0,39,E,stochastic,unknown,E,,1414,1265,1265,2.271904230117798,0.0,0,11.812531225203877,1.546579383075095,738.4349387277019,0.20790513833992094,0.0,0.7612648221343874,0.40632411067193674,3.4837509849835855,0.8100784942998945,0.06403162055335969,0.5981478865874792,0.28612051422546,0.023109243697478993
R5_aA_m0,R5,0,40,E,stochastic,unknown,E,,1414,1265,1265,2.3378584384918213,0.0,0,8.64778854963586,1.12759662287677,320.7809462433425,0.2909090909090909,0.006324110671936759,0.7035573122529645,0.44031620553359685,3.4365217021732066,0.7928726272093705,0.06324110671936758,0.3385815290657814,0.1293051020321449,0.013257575757575758
R5_aA_m0,R5,0,41,E,stochastic,unknown,E,,1414,1265,1265,2.3154497146606445,0.0,0,9.895430173114992,1.2852928914255601,450.22159399085075,0.21027667984189724,0.011067193675889328,0.7628458498023716,0.4023715415019763,3.4195876786105748,0.7869013824386941,0.06561264822134387,0.37822958566063414,0.15126380291211297,0.015180265654648957
R5_aA_m0,R5,0,42,E,stochastic,unknown,E,,1414,1265,1265,3.1307637691497803,0.0,0,10.897780011578172,1.3990283934571504,569.1942242928216,0.10197628458498023,0.0,0.8972332015810277,0.3652173913043478,3.419323816552006,0.7928727902826315,0.06482213438735178,0.43770496448459456,0.19366559990351923,0.017716535433070866
R5_aA_m0,R5,0,43,E,stochastic,unknown,E,,1414,1265,1265,3.153002977371216,0.0,0,12.546706748861588,1.6393965099845957,865.4148191201639,0.258498023715415,0.0,0.7280632411067194,0.35177865612648224,3.4249428586113613,0.7940166812879957,0.06798418972332015,0.7254133655061212,0.3348087756778366,0.028747433264887063
R5_aA_m0,R5,0,44,E,stochastic,unknown,E,,1414,1265,1265,3.1479337215423584,0.0,0,10.47027241830701,1.3564829335221904,505.2281654399873,0.24743083003952568,0.0,0.7328063241106719,0.34545454545454546,3.447311416311335,0.8007692395948101,0.062450592885375494,0.3885668460936402,0.14542703343606844,0.017374517374517374
R5_aA_m0,R5,0,45,E,stochastic,unknown,E,,1414,1265,1265,3.1157405376434326,0.0,0,10.570350071691546,1.3208071193860715,493.39363545165986,0.10355731225296443,0.0,0.8964426877470356,0.366798418972332,3.4419455259819363,0.8182124902029286,0.06640316205533597,0.413387205264476,0.17932533311134713,0.015810276679841896
R5_aA_m0,R5,0,46,E,stochastic,unknown,E,,1414,1265,1265,3.156830072402954,0.0,0,9.031498307849857,1.090161547145563,285.8887365797273,0.2932806324110672,0.012648221343873518,0.7011857707509881,0.4324110671936759,3.395209904906256,0.7940315592754378,0.06798418972332015,0.3404047906829733,0.10089170974967283,0.015122873345935728
R5_aA_m0,R5,0,47,E,stochastic,unknown,E,,1414,1265,1265,2.26042103767395,0.0,0,10.471257166267845,1.3057623979367912,481.96645682601206,0.2150197628458498,0.0,0.7549407114624506,0.4150197628458498,3.4576729936602977,0.8158476133213889,0.06719367588932806,0.39421945787957746,0.15068656808042444,0.01694915254237288
R5_aA_m0,R5,0,48,E,stochastic,unknown,E,,1414,1265,1265,3.124096155166626,0.0,0,10.522065647784077,1.432297067833073,627.8936979935937,0.24347826086956523,0.0,0.7462450592885376,0.3525691699604743,3.44078683509028,0.8160289868250373,0.06640316205533597,0.4057081828901997,0.18462076358634136,0.015296367112810707
R5_aA_m0,R5,0,49,E,stochastic,unknown,E,,1414,1265,1265,3.169268846511841,0.0,0,12.061661477572924,1.5945104020721128,803.371163727669,0.09723320158102766,0.0,0.899604743083004,0.24189723320158102,3.4508169314869805,0.826861013764601,0.06482213438735178,0.7225326096040816,0.3788164912544364,0.0262582056892779
R5_aA_m0,R5,1,0,E,stochastic,unknown,E,,1414,1265,1265,3.17989444732666,0.0,0,9.591589005670945,1.284107653806301,451.5747207187004,0.10355731225296443,0.0,0.8956521739130435,0.35731225296442687,3.4567560693756696,0.8042448818247815,0.06324110671936758,0.4011917561823643,0.19876857571835144,0.014
R5_aA_m0,R5,1,1,E,stochastic,unknown,E,,1414,1265,1265,3.2001421451568604,0.0,0,9.864446579413277,1.2332668165672616,405.92569322259624,0.12490118577075099,0.0,0.8268774703557312,0.4079051383399209,3.3595273673512165,0.8055544811002062,0.06719367588932806,0.41390983631360606,0.17460392369523198,0.015473887814313346
R5_aA_m0,R5,1,2,E,stochastic,unknown,E,,1414,1265,1265,3.0921549797058105,0.0,0,11.081758697505194,1.3981669169948885,580.509569621796,0.09881422924901186,0.0,0.8980237154150198,0.28774703557312253,3.3757628749651616,0.810609824953071,0.06798418972332015,0.51029058810848,0.23415215187661084,0.02032520325203252
R5_aA_m0,R5,1,3,E,stochastic,unknown,E,,1414,1265,1265,3.1809263229370117,0.0,0,11.750860889161158,1.2772365635604608,466.56043023674255,0.28221343873517785,0.0,0.700395256916996,0.3897233201581028,3.3568995319238506,0.8292929555607726,0.0766798418972332,0.4224082829740798,0.11441190548447498,0.019417475728155338
R5_aA_m0,R5,1,4,E,stochastic,unknown,E,,1414,1265,1265,3.074220895767212,0.0,0,11.509251619014577,1.4350015079644012,620.837533727557,0.24031620553359684,0.0,0.750197628458498,0.2972332015810277,3.366865899087875,0.8208301500464799,0.07193675889328063,0.5170741961416495,0.18256769763084518,0.022944550669216062
R5_aA_m0,R5,1,5,E,stochastic,unknown,E,,1414,1265,1265,3.1567270755767822,0.0,0,7.182362118091751,1.025488812804387,275.2304317529229,0.12648221343873517,0.03399209486166008,0.7968379446640316,0.4782608695652174,3.3835088191709937,0.7878187296640704,0.06719367588932806,0.30258250398199504,0.1344589817252548,0.013539651837524178
R5_aA_m0,R5,1,6,E,stochastic,unknown,E,,1414,1265,1265,3.1421618461608887,0.0,0,8.383492631293192,1.1745870673653591,390.7404403582155,0.23794466403162054,0.0,0.7217391304347827,0.4276679841897233,3.365794333229607,0.8047950950253131,0.062450592885375494,0.38880999409136524,0.1982162321737413,0.013972055888223553
R5_aA_m0,R5,1,7,E,stochastic,unknown,E,,1414,1265,1265,3.3457260131835938,0.0,0,12.104605781306635,1.570186383303192,801.5707066936882,0.10355731225296443,0.0,0.8956521739130435,0.2774703557312253,3.4512222697049904,0.8036647360073276,0.06719367588932806,0.6627779740571093,0.3562621937701734,0.023060796645702306
R5_aA_m0,R5,1,8,E,stochastic,unknown,E,,1414,1265,1265,3.3403563499450684,0.0,0,9.882650582954586,1.1537740809531711,350.19364488971337,0.091699604743083,0.0,0.9075098814229249,0.2600790513833992,3.363410934223885,0.8004589957759456,0.07035573122529644,0.42598949887054566,0.17530132344912244,0.015810276679841896
R5_aA_m0,R5,1,9,E,stochastic,unknown,E,,1414,1265,1265,3.1449878215789795,0.0,0,11.105007747315984,1.4695545413891549,699.6073226472575,0.10276679841897234,0.0,0.8964426877470356,0.33043478260869563,3.4243968277694234,0.8297955326933715,0.06640316205533597,0.5589096345628103,0.3010474340736861,0.020161290322580645
R5_aA_m0,R5,1,10,E,stochastic,unknown,E,,1414,1265,1265,3.187143087387085,0.0,0,8.170870725414204,1.1619301803071362,374.26249963254753,0.10355731225296443,0.0,0.8964426877470356,0.3826086956521739,3.3897591285644615,0.8109055880894034,0.062450592885375494,0.39015779189830946,0.19852348250766796,0.014256619144602852
R5_aA_m0,R5,1,11,E,stochastic,unknown,E,,1414,1265,1265,2.273104429244995,0.0,0,11.696266656218379,1.4568105698843181,613.934497282591,0.25375494071146243,0.0,0.71699604743083,0.3209486166007905,3.5196066633645042,0.7987770404183826,0.06403162055335969,0.4981715056909805,0.1875880515316632,0.022587268993839837
R5_aA_m0,R5,1,12,E,stochastic,unknown,E,,1414,1265,1265,2.2832720279693604,0.0,0,11.554396031778916,1.4093295327047695,615.427125494477,0.12885375494071147,0.0,0.8110671936758893,0.3715415019762846,3.43606832891248,0.8583801404859075,0.07114624505928854,0.47677636352930197,0.19422712269394096,0.019083969465648856
R5_aA_m0,R5,1,13,E,stochastic,unknown,E,,1414,1265,1265,2.263793706893921,0.0,0,7.957641032384811,1.0451085533407731,279.72979223281493,0.2482213438735178,0.0,0.7114624505928854,0.45138339920948617,3.3867867154098437,0.8320060667697945,0.062450592885375494,0.35581158080428454,0.14289532472289498,0.01532567049808429
R5_aA_m0,R5,1,14,E,stochastic,unknown,E,,1414,1265,1265,3.1496760845184326,0.0,0,6.7010665127230125,1.633522466436155,1142.1865650975194,0.02292490118577075,0.0,0.941501976284585,0.12094861660079051,3.5796404811169578,0.8449566492948292,0.06561264822134387,0.34850152654549155,0.216884563159335,0.009508716323296355
R5_aA_m0,R5,1,15,E,stochastic,unknown,E,,1414,1265,1265,2.2629239559173584,0.0,0,12.546252333230882,1.428505513774868,615.2647983514161,0.09565217391304348,0.0,0.9011857707509882,0.3375494071146245,3.413735176253845,0.8250524209096839,0.07430830039525692,0.5961138814968278,0.17497817808082022,0.029227557411273485
R5_aA_m0,R5,1,16,E,stochastic,unknown,E,,1414,1265,1265,3.137641429901123,0.0,0,11.183052328095085,1.5222447383312896,763.1079703987825,0.10355731225296443,0.0,0.8956521739130435,0.3209486166007905,3.4464395517823734,0.7986647800670453,0.06561264822134387,0.561865542384845,0.30180369013103997,0.020202020202020204
R5_aA_m0,R5,1,17,E,stochastic,unknown,E,,1414,1265,1265,3.148402690887451,0.0,0,9.202016403958384,1.1069553802231282,305.20313562923144,0.26877470355731226,0.0023715415019762848,0.7138339920948616,0.40632411067193674,3.4455520922766167,0.7996358289880134,0.06482213438735178,0.3260962398304321,0.09772206585923023,0.015122873345935728
R5_aA_m0,R5,1,18,E,stochastic,unknown,E,,1414,1265,1265,2.283336877822876,0.0,0,4.9843979853037705,0.6811112895185433,126.01257445958888,0.1565217391304348,0.0031620553359683794,0.7446640316205534,0.46403162055335967,3.338424556498758,0.8060563230131951,0.06086956521739131,0.23615942330779166,0.09625969575082088,0.0111731843575419
R5_aA_m0,R5,1,19,E,stochastic,unknown,E,,1414,1265,1265,2.290803909301758,0.0,0,11.878897110861088,1.4785345392505904,682.1797457030833,0.22529644268774704,0.0,0.7241106719367589,0.34782608695652173,3.4107773613159518,0.8152834817304127,0.07272727272727272,0.5164206959883291,0.18384516044231086,0.023032629558541268
R5_aA_m0,R5,1,20,E,stochastic,unknown,E,,1414,1265,1265,2.2736153602600098,0.0,0,10.347442569669912,1.2854809361399586,443.64822694864955,0.2592885375494071,0.0,0.7201581027667984,0.3857707509881423,3.4046100858268806,0.8155745860749963,0.06798418972332015,0.4068223019097965,0.13775918326673192,0.01893939393939394
R5_aA_m0,R5,1,21,E,stochastic,unknown,E,,1414,1265,1265,2.2962653636932373,0.0,0,11.863083513810741,1.4523693408209182,649.8780603365119,0.11936758893280633,0.0,0.8513833992094861,0.40474308300395256,3.3934654194150333,0.8189723101542156,0.06877470355731226,0.5181984231179307,0.20525941334369702,0.022222222222222223
R5_aA_m0,R5,1,22,E,stochastic,unknown,E,,1414,1265,1265,2.3278615474700928,0.0,0,7.884892173894294,1.0782996886412322,300.0140176330532,0.1857707509881423,0.011067193675889328,0.7786561264822134,0.41106719367588934,3.423812213490268,0.7918286560257787,0.06324110671936758,0.349598389123721,0.16263901857558288,0.013618677042801557
R5_aA_m0,R5,1,23,E,stochastic,unknown,E,,1414,1265,1265,2.2556302547454834,0.0,0,12.836458174348808,1.5520715615024265,760.2673277413417,0.23952569169960475,0.0,0.7509881422924901,0.3138339920948617,3.3616324145848555,0.8129786343835249,0.07272727272727272,0.5953821816641259,0.15809939528837,0.028513238289205704
R5_aA_m0,R5,1,24,E,stochastic,unknown,E,,1414,1265,1265,2.2382194995880127,0.0,0,7.764658281870489,1.1222251001373893,335.48633569749853,0.26877470355731226,0.013438735177865613,0.7233201581027668,0.31225296442687744,3.390372663045778,0.8006810660416183,0.062450592885375494,0.32025519169782357,0.12743245164576233,0.01348747591522158
R5_aA_m0,R5,1,25,E,stochastic,unknown,E,,1414,1265,1265,3.1080684661865234,0.0,0,9.175854272221894,1.1654796009505426,356.7989870696422,0.09960474308300395,0.0,0.8972332015810277,0.3715415019762846,3.366554252286196,0.8232685399311261,0.06482213438735178,0.4036237458734707,0.17116176814279468,0.015717092337917484
R5_aA_m0,R5,1,26,E,stochastic,unknown,E,,1414,1265,1265,3.07680082321167,0.0,0,8.692359642643549,1.2121740996563422,419.12279675608386,0.10513833992094862,0.0616600790513834,0.8814229249011858,0.31225296442687744,3.430036276039547,0.8025482154244783,0.06403162055335969,0.4608497075099245,0.26098798281286595,0.014492753623188406
R5_aA_m0,R5,1,27,E,stochastic,unknown,E,,1414,1265,1265,3.1589572429656982,0.0,0,10.516029792548624,1.4146673045390472,553.2107368520653,0.24347826086956523,0.0,0.7430830039525692,0.2450592885375494,3.435217962028733,0.8015583488692708,0.06561264822134387,0.4195727574594839,0.15505428492547177,0.019157088122605363
R5_aA_m0,R5,1,28,E,stochastic,unknown,E,,1414,1265,1265,3.1566264629364014,0.0,0,7.184187356853602,1.0302183235186946,271.81227291009446,0.24031620553359684,0.022134387351778657,0.7438735177865613,0.4616600790513834,3.366057696190289,0.8044305623734737,0.0616600790513834,0.30399861545287565,0.12276824605743716,0.013307984790874524
R5_aA_m0,R5,1,29,E,stochastic,unknown,E,,1414,1265,1265,3.1032984256744385,0.0,0,7.954417637989908,1.1408846068759444,324.07664470036633,0.10909090909090909,0.0,0.8743083003952569,0.45770750988142295,3.424681842215565,0.7937613211366207,0.06007905138339921,0.3290102051279911,0.14414102992540123,0.013513513513513514
R5_aA_m0,R5,1,30,E,stochastic,unknown,E,,1414,1265,1265,3.1187686920166016,0.0,0,10.537463093353256,1.452336902795796,624.5122052587279,0.09960474308300395,0.0,0.8980237154150198,0.3217391304347826,3.459908760821654,0.8202246619020205,0.062450592885375494,0.482550681363893,0.2737725396372072,0.014198782961460446
R5_aA_m0,R5,1,31,E,stochastic,unknown,E,,1414,1265,1265,3.0912606716156006,0.0,0,10.200669545352177,1.311568972582082,481.0435723579265,0.10434782608695652,0.0,0.8940711462450592,0.36205533596837947,3.450240096664988,0.7894010985482504,0.06482213438735178,0.35273515760295204,0.18800887079972703,0.012072434607645875
R5_aA_m0,R5,1,32,E,stochastic,unknown,E,,1414,1265,1265,3.1489360332489014,0.0,0,10.710654174475229,1.4128690067346825,592.326105704838,0.10197628458498023,0.012648221343873518,0.8964426877470356,0.31225296442687744,3.4110943311121753,0.8015798368092437,0.06561264822134387,0.5028148108002071,0.25341653600398184,0.018329938900203666
R5_aA_m0,R5,1,33,E,stochastic,unknown,E,,1414,1265,1265,3.163831949234009,0.0,0,9.561423627013811,1.3037598826002532,452.8346272037108,0.17707509881422925,0.0047430830039525695,0.8031620553359684,0.3652173913043478,3.423722314759098,0.7931880124089642,0.06324110671936758,0.4372162289595699,0.23116413741470504,0.013861386138613862
R5_aA_m0,R5,1,34,E,stochastic,unknown,E,,1414,1265,1265,3.1888298988342285,0.0,0,12.627017636608642,1.4447634916192902,618.2212209363554,0.233201581027668,0.0,0.7549407114624506,0.4134387351778656,3.404188272187266,0.8244317156972595,0.07509881422924901,0.5751030193589133,0.15453374966522124,0.028747433264887063
R5_aA_m0,R5,1,35,E,stochastic,unknown,E,,1414,1265,1265,3.176379442214966,0.0,0,11.999745742441645,1.3642577287992577,517.7779965098828,0.2624505928853755,0.0007905138339920949,0.7193675889328063,0.3098814229249012,3.3794372166433373,0.8050268093712034,0.07351778656126483,0.5453292262673853,0.12760619498662948,0.028397565922920892
R5_aA_m0,R5,1,36,E,stochastic,unknown,E,,1414,1265,1265,3.0710010528564453,0.0,0,10.973813521666091,1.4402736893324513,632.8156376842594,0.23557312252964427,0.0,0.7565217391304347,0.24347826086956523,3.457762111389978,0.8043419516627476,0.06719367588932806,0.4182888555946958,0.16187229298118258,0.019193857965451054
R5_aA_m0,R5,1,37,E,stochastic,unknown,E,,1414,1265,1265,3.1379470825195312,0.0,0,12.129804694054572,1.5446488363307203,767.9347997083711,0.09644268774703557,0.0,0.9003952569169961,0.3067193675889328,3.397875364614564,0.8059085388831079,0.06640316205533597,0.6401143021054665,0.3199677464026011,0.023305084745762712
R5_aA_m0,R5,1,38,E,stochastic,unknown,E,,1414,1265,1265,2.257204055786133,0.0,0,10.965699627623053,1.4925508562478549,678.0296794135156,0.09960474308300395,0.0,0.8988142292490119,0.33280632411067196,3.434517310163739,0.7868428519732978,0.06482213438735178,0.5209784091562357,0.2654027088098688,0.01968503937007874
R5_aA_m0,R5,1,39,E,stochastic,unknown,E,,1414,1265,1265,2.2723772525787354,0.0,0,12.980347843740383,1.6544804868590823,879.3245977128078,0.23636363636363636,0.0,0.7351778656126482,0.3675889328063241,3.4901808455605257,0.8025020109448882,0.06561264822134387,0.7084409836680912,0.3120513100703132,0.029045643153526972
R5_aA_m0,R5,1,40,E,stochastic,unknown,E,,1414,1265,1265,2.2583470344543457,0.0,0,7.301953664983621,0.9876670797865447,242.7190436207139,0.3011857707509881,0.008695652173913044,0.6901185770750988,0.425296442687747,3.4181222069892203,0.7920191494711672,0.062450592885375494,0.27678059786321885,0.0953187654017022,0.01303538175046555
R5_aA_m0,R5,1,41,E,stochastic,unknown,E,,1414,1265,1265,3.1297171115875244,0.0,0,9.135247392578075,1.2017545949949406,370.5137253780662,0.24031620553359684,0.04426877470355731,0.7446640316205534,0.3525691699604743,3.415556434796217,0.7936830659331647,0.06324110671936758,0.35346733815257186,0.12679947433505181,0.015151515151515152
R5_aA_m0,R5,1,42,E,stochastic,unknown,E,,1414,1265,1265,2.24886417388916,0.0,0,12.839954056226741,1.5370950273906487,717.5663746327393,0.20948616600790515,0.0,0.766798418972332,0.324901185770751,3.410865246094912,0.7840037321767681,0.06719367588932806,0.675170612527641,0.2581728087445209,0.030303030303030304
R5_aA_m0,R5,1,43,E,stochastic,unknown,E,,1414,1265,1265,2.272402763366699,0.0,0,11.94957711250599,1.6084043215843813,848.0209418637347,0.09644268774703557,0.0,0.9019762845849802,0.32964426877470354,3.4316653642727326,0.8113965589412472,0.06640316205533597,0.6783834192501385,0.3502306390190696,0.024539877300613498
R5_aA_m0,R5,1,44,E,stochastic,unknown,E,,1414,1265,1265,2.271918535232544,0.0,0,10.493142694430077,1.3607171181770097,506.9573133215638,0.25059288537549407,0.0,0.7375494071146245,0.324901185770751,3.4469327921669097,0.8005940811746209,0.062450592885375494,0.3864843250316648,0.14101595411182757,0.017374517374517374
R5_aA_m0,R5,1,45,E,stochastic,unknown,E,,1414,1265,1265,2.283689260482788,0.0,0,10.721912481585749,1.345533432071945,517.4574328524393,0.10276679841897234,0.0,0.8964426877470356,0.31146245059288535,3.440191215198812,0.816587174226517,0.06640316205533597,0.4513112716114262,0.21105028815238713,0.01616161616161616
R5_aA_m0,R5,1,46,E,stochastic,unknown,E,,1414,1265,1265,2.2894251346588135,0.0,0,9.300630088169742,1.1174129257659609,306.13809709085433,0.2845849802371542,0.02292490118577075,0.7043478260869566,0.42134387351778657,3.3872819546233646,0.796312104782981,0.06877470355731226,0.3418195547516739,0.09818149689317145,0.015122873345935728
R5_aA_m0,R5,1,47,E,stochastic,unknown,E,,1414,1265,1265,3.3556418418884277,0.0,0,10.672664588546771,1.3203506524459592,495.1810090705964,0.21739130434782608,0.0,0.7517786561264822,0.4015810276679842,3.4591819865634794,0.8138389607043461,0.06877470355731226,0.39244920123488186,0.14544370625949918,0.017013232514177693
R5_aA_m0,R5,1,48,E,stochastic,unknown,E,,1414,1265,1265,3.358004331588745,0.0,0,10.723613567919875,1.442174957848867,635.8042078290974,0.2458498023715415,0.0,0.7446640316205534,0.31462450592885377,3.442056241156676,0.8136491960729997,0.06798418972332015,0.4360472175403717,0.16819458390092462,0.020833333333333332
R5_aA_m0,R5,1,49,E,stochastic,unknown,E,,1414,1265,1265,3.1420702934265137,0.0,0,13.07316617674626,1.6825831238555704,923.6687048356415,0.09565217391304348,0.0,0.9019762845849802,0.19446640316205532,3.446895152607269,0.8201025807294684,0.06561264822134387,0.8193094334041282,0.42066157774010005,0.029473684210526315
R5_aA_m0,R5,2,0,E,stochastic,unknown,E,,1414,1265,1265,2.2928242683410645,0.0,0,11.125756605923897,1.45883368945605,650.9341105979116,0.10276679841897234,0.0,0.8964426877470356,0.27509881422924903,3.4549781702862674,0.8129540895535441,0.06482213438735178,0.5260158221902272,0.26337924965409104,0.020491803278688523
R5_aA_m0,R5,2,1,E,stochastic,unknown,E,,1414,1265,1265,2.2741658687591553,0.0,0,7.304999528621361,0.9591756070731744,238.71574401454527,0.26324110671936757,0.0,0.6624505928853754,0.4561264822134387,3.3676145837559264,0.8057727253051801,0.06482213438735178,0.32159982568191364,0.13531421307013958,0.013282732447817837
R5_aA_m0,R5,2,2,E,stochastic,unknown,E,,1414,1265,1265,3.1470746994018555,0.0,0,13.993300721178318,1.5817646721382355,825.228287487436,0.0774703557312253,0.0,0.9138339920948617,0.2150197628458498,3.3019571539345347,0.834091715815142,0.07193675889328063,0.8002939976684348,0.31511256980527075,0.031042128603104215
R5_aA_m0,R5,2,3,E,stochastic,unknown,E,,1414,1265,1265,2.3096723556518555,0.0,0,3.620366508109843,0.3032169136893917,57.60052932518077,0.14782608695652175,0.0,0.8,0.19130434782608696,3.289713979112162,0.8088653019807245,0.06324110671936758,0.20298486198769505,0.13611262560146517,0.005319148936170213
R5_aA_m0,R5,2,4,E,stochastic,unknown,E,,1414,1265,1265,3.1344127655029297,0.0,0,10.212860694128235,1.3212638341852578,480.4087405910293,0.24980237154150198,0.0,0.7422924901185771,0.2648221343873518,3.37083475949335,0.8127476526634374,0.06877470355731226,0.4046562123192207,0.13455390524524227,0.018867924528301886
R5_aA_m0,R5,2,5,E,stochastic,unknown,E,,1414,1265,1265,3.125774383544922,0.0,0,4.733731969252052,0.7419824450462518,139.5154851880563,0.26403162055335966,0.0,0.7114624505928854,0.5525691699604743,3.3945297038388422,0.7992813646778163,0.0616600790513834,0.20196316364208194,0.09831345187510906,0.0076045627376425855
R5_aA_m0,R5,2,6,E,stochastic,unknown,E,,1414,1265,1265,3.117621660232544,0.0,0,6.74550978091647,0.985234179989672,264.0382666904567,0.28616600790513835,0.0,0.7019762845849803,0.449802371541502,3.369629799397014,0.7968283920636943,0.062450592885375494,0.31656698167258807,0.15926400873054158,0.011904761904761904
R5_aA_m0,R5,2,7,E,stochastic,unknown,E,,1414,1265,1265,2.25944185256958,0.0,0,16.131341643299137,1.8497952648813099,1289.854164908513,0.09407114624505929,0.0,0.9035573122529644,0.08774703557312254,3.4164689138507462,0.8424167815795675,0.07430830039525692,1.2049165085238651,0.48421611793604796,0.04395604395604396
R5_aA_m0,R5,2,8,E,stochastic,unknown,E,,1414,1265,1265,2.2710118293762207,0.0,0,9.091627815244273,1.0623738412968147,271.96322138093115,0.09011857707509881,0.0,0.9075098814229249,0.25533596837944667,3.3321404654325923,0.7939508086781432,0.07035573122529644,0.39907991184997743,0.15936863612062585,0.015414258188824663
R5_aA_m0,R5,2,9,E,stochastic,unknown,E,,1414,1265,1265,2.25930118560791,0.0,0,13.130282918506444,1.6572610458390937,941.9699539394611,0.0932806324110672,0.0,0.9027667984189723,0.3067193675889328,3.4279832121327987,0.8197655962339355,0.06956521739130435,0.787214516087499,0.36832491364450654,0.029787234042553193
R5_aA_m0,R5,2,10,E,stochastic,unknown,E,,1414,1265,1265,2.27305006980896,0.0,0,5.287710464822579,0.8147415542770966,172.60207049955545,0.2719367588932806,0.0,0.6996047430830039,0.383399209486166,3.39158134861887,0.8013757356429266,0.0616600790513834,0.2432408597852128,0.13275174874127485,0.007889546351084813
R5_aA_m0,R5,2,11,E,stochastic,unknown,E,,1414,1265,1265,2.2702932357788086,0.0,0,13.344980146520701,1.5676045238185325,744.417052848844,0.28616600790513835,0.0,0.708300395256917,0.2782608695652174,3.508494097655537,0.7910525928305296,0.06956521739130435,0.5821627138357752,0.14863445498971375,0.029850746268656716
R5_aA_m0,R5,2,12,E,stochastic,unknown,E,,1414,1265,1265,2.3304529190063477,0.0,0,21.388136545242286,2.5338308632438182,1694.3386668351557,0.09090909090909091,0.0,0.9059288537549407,0.08695652173913043,76.2044739515088,1.0065432625782982,0.7241106719367589,4.830078059064839,0.9951272145478764,0.2431561996779388
R5_aA_m0,R5,2,13,E,stochastic,unknown,E,,1414,1265,1265,2.2910335063934326,0.0,0,10.354030034671354,1.3148330513355977,503.3801676059089,0.0932806324110672,0.0,0.9027667984189723,0.3359683794466403,3.3771922131804675,0.8416643292148883,0.06482213438735178,0.48016394293754194,0.23292919188098207,0.01616161616161616
R5_aA_m0,R5,2,14,E,stochastic,unknown,E,,1414,1265,1265,3.124608278274536,0.0,0,7.1028100142032855,1.7285983566383414,1334.9163219667769,0.010276679841897233,0.0,0.9430830039525692,0.08774703557312254,3.604302877825319,0.8519437466663423,0.06561264822134387,0.4000491848294394,0.22101282745858003,0.012519561815336464
R5_aA_m0,R5,2,15,E,stochastic,unknown,E,,1414,1265,1265,3.1294338703155518,0.0,0,2.990778939663065,0.24400184197608116,49.86373233445958,0.4031620553359684,0.0,0.5628458498023715,0.7509881422924901,3.3371136682387545,0.8042849412008239,0.06403162055335969,0.1601266767197098,0.11331887580053704,0.0035149384885764497
R5_aA_m0,R5,2,16,E,stochastic,unknown,E,,1414,1265,1265,2.264984369277954,0.0,0,13.063120127729203,1.6955979491998765,999.866818582037,0.10118577075098814,0.0,0.8964426877470356,0.30355731225296445,3.450681551304655,0.7982911664184209,0.06798418972332015,0.7672065160664149,0.34371045838206027,0.029978586723768737
R5_aA_m0,R5,2,17,E,stochastic,unknown,E,,1414,1265,1265,3.119107484817505,0.0,0,6.148797133647954,0.7350329589203253,128.93296368570165,0.28537549407114626,0.0,0.6885375494071146,0.4324110671936759,3.4227004533949144,0.7927641681564139,0.062450592885375494,0.23071727289202418,0.06299566539485982,0.012612612612612612
R5_aA_m0,R5,2,18,E,stochastic,unknown,E,,1414,1265,1265,3.176112651824951,0.0,0,3.2720178331170664,0.45799780828521736,72.78262054891275,0.183399209486166,0.0,0.71699604743083,0.5533596837944664,3.3514075907064527,0.7939200733162823,0.06086956521739131,0.16708324952697398,0.07658834553206599,0.007194244604316547
R5_aA_m0,R5,2,19,E,stochastic,unknown,E,,1414,1265,1265,3.109243869781494,0.0,0,22.49223031698977,2.6589974649617476,1952.5575574388397,0.08853754940711463,0.0,0.9098814229249012,0.0,92.94059465568867,1.018672468474636,0.724901185770751,6.9652666936120795,1.1032822766501986,0.29984301412872844
R5_aA_m0,R5,2,20,E,stochastic,unknown,E,,1414,1265,1265,3.1608383655548096,0.0,0,12.372885458564083,1.4527220118609914,613.2654066481588,0.2592885375494071,0.0,0.7225296442687748,0.3375494071146245,3.3854171731339604,0.8258254878065436,0.07193675889328063,0.5639806275879607,0.14084648900014043,0.02857142857142857
R5_aA_m0,R5,2,21,E,stochastic,unknown,E,,1414,1265,1265,3.1284728050231934,0.0,0,6.095558361796508,1.3283771150293462,470.5257742259263,0.0,0.0,0.9794466403162055,0.416600790513834,3.44796949318784,0.8207006938209999,0.06007905138339921,0.5369361812483591,0.23428294026768534,0.016420361247947456
R5_aA_m0,R5,2,22,E,stochastic,unknown,E,,1414,1265,1265,3.1678671836853027,0.0,0,10.15844823464586,1.331660048204113,491.41307244962917,0.10039525691699605,0.0,0.8980237154150198,0.31146245059288535,3.4277964167747976,0.8008236740894301,0.06403162055335969,0.3981129626286907,0.2350101398494656,0.012170385395537525
R5_aA_m0,R5,2,23,E,stochastic,unknown,E,,1414,1265,1265,3.1527345180511475,0.0,0,21.04893798952665,2.549853068069837,1673.4613510716927,0.05533596837944664,0.0,0.9304347826086956,0.0,82.70035716352642,1.1396647716673265,0.7225296442687748,4.780456247091611,1.060941406074244,0.23909531502423265
R5_aA_m0,R5,2,24,E,stochastic,unknown,E,,1414,1265,1265,2.3422458171844482,0.0,0,5.261121565631169,0.8255219771827117,153.5463466572411,0.2735177865612648,0.0,0.7162055335968379,0.3549407114624506,3.3986737436160515,0.7935860303866442,0.06086956521739131,0.21294809616777416,0.07244721936920516,0.011214953271028037
R5_aA_m0,R5,2,25,E,stochastic,unknown,E,,1414,1265,1265,2.2823948860168457,0.0,0,11.199270303158174,1.37049802153021,546.9218808754634,0.09565217391304348,0.0,0.9027667984189723,0.26956521739130435,3.3315680932437477,0.8339700186936838,0.06877470355731226,0.5179954564600209,0.23843378273835575,0.018218623481781375
R5_aA_m0,R5,2,26,E,stochastic,unknown,E,,1414,1265,1265,3.1743619441986084,0.0,0,10.903657726764406,1.4613963568623982,640.1088211242713,0.10434782608695652,0.0,0.8948616600790514,0.18181818181818182,3.427915793493815,0.8096158492441282,0.06482213438735178,0.5931891636805898,0.33715955689177174,0.01882845188284519
R5_aA_m0,R5,2,27,E,stochastic,unknown,E,,1414,1265,1265,3.081648349761963,0.0,0,9.56852300953367,1.3168960995946124,431.1639186502657,0.2450592885375494,0.0,0.7438735177865613,0.2158102766798419,3.432821112948213,0.7963244356630913,0.06403162055335969,0.36775118634365084,0.13784598345944454,0.015355086372360844
R5_aA_m0,R5,2,28,E,stochastic,unknown,E,,1414,1265,1265,3.1724870204925537,0.0,0,5.5672344146564186,0.8327665267350733,169.988755769809,0.2624505928853755,0.007905138339920948,0.7122529644268775,0.4679841897233202,3.3665085744215224,0.7963157844936073,0.0616600790513834,0.23961653742273392,0.09257190218428492,0.011342155009451797
R5_aA_m0,R5,2,29,E,stochastic,unknown,E,,1414,1265,1265,3.1503682136535645,0.0,0,5.428831521532824,0.8351093659143045,153.74271966166214,0.28300395256916994,0.0,0.6972332015810276,0.5359683794466403,3.4332453700023717,0.7910735640207532,0.05849802371541502,0.2301736540727594,0.09135882693666812,0.01125703564727955
R5_aA_m0,R5,2,30,E,stochastic,unknown,E,,1414,1265,1265,3.1373820304870605,0.0,0,12.059926767067905,1.5763959675028558,787.7146875219021,0.09565217391304348,0.0,0.9011857707509882,0.2774703557312253,3.444779554657864,0.821714808153018,0.06482213438735178,0.6551445530344588,0.3900800025762449,0.02100840336134454
R5_aA_m0,R5,2,31,E,stochastic,unknown,E,,1414,1265,1265,2.258920431137085,0.0,0,11.58723769233893,1.4885461987491573,710.7548992009953,0.10355731225296443,0.0,0.8964426877470356,0.30039525691699603,3.457204209936467,0.8025301083390296,0.06640316205533597,0.5196661514400991,0.24923931229898244,0.02053388090349076
R5_aA_m0,R5,2,32,E,stochastic,unknown,E,,1414,1265,1265,3.123309373855591,0.0,0,12.790437488439915,1.5865374369334906,799.6419625601283,0.09644268774703557,0.0,0.8988142292490119,0.2758893280632411,3.404069344993774,0.8050900077739356,0.06877470355731226,0.7286105851525608,0.29799188565378143,0.03070175438596491
R5_aA_m0,R5,2,33,E,stochastic,unknown,E,,1414,1265,1265,3.34757661819458,0.0,0,10.960821396876895,1.439888037138939,614.7246967944467,0.0932806324110672,0.0,0.8656126482213439,0.3256916996047431,3.4025767741958526,0.8009151487690555,0.06482213438735178,0.5695026202510252,0.3014958518221418,0.02032520325203252
R5_aA_m0,R5,2,34,E,stochastic,unknown,E,,1414,1265,1265,3.1796815395355225,0.0,0,3.243669227903804,0.23296322087012455,48.101530544528536,0.41185770750988143,0.0,0.5486166007905139,0.6640316205533597,3.3215164720454657,0.8053146511257916,0.062450592885375494,0.18652808486771602,0.09823274243790801,0.007067137809187279
R5_aA_m0,R5,2,35,E,stochastic,unknown,E,,1414,1265,1265,3.3544015884399414,0.0,0,3.6477873458218846,0.4313844907937224,64.66364153488517,0.14861660079051384,0.0,0.825296442687747,0.20632411067193676,3.3345908379784333,0.7746135324375285,0.0616600790513834,0.23626087906647805,0.1586049659679424,0.008695652173913044
R5_aA_m0,R5,2,36,E,stochastic,unknown,E,,1414,1265,1265,3.121735095977783,0.0,0,9.956078981596175,1.3383719990966776,503.52120055694945,0.23636363636363636,0.0,0.7573122529644268,0.25375494071146243,3.4491812352151805,0.8040510534635512,0.06482213438735178,0.3443334416311899,0.1408485561987903,0.013435700575815739
R5_aA_m0,R5,2,37,E,stochastic,unknown,E,,1414,1265,1265,3.161114454269409,0.0,0,3.077553338167764,0.27922612119621937,47.722945577117414,0.4964426877470356,0.0,0.4806324110671937,0.7525691699604743,3.314508104859755,0.785789309579823,0.06007905138339921,0.1777712010681139,0.11589196580909727,0.0070052539404553416
R5_aA_m0,R5,2,38,E,stochastic,unknown,E,,1414,1265,1265,3.1258437633514404,0.0,0,13.374360377773387,1.6724246693440212,915.2323575508691,0.0932806324110672,0.0,0.9043478260869565,0.31541501976284586,3.4305135612213,0.78810663743538,0.06719367588932806,0.740376517629005,0.307153439177733,0.029787234042553193
R5_aA_m0,R5,2,39,E,stochastic,unknown,E,,1414,1265,1265,2.268279552459717,0.0,0,16.15412782578146,1.8380604997422219,1254.8960519640812,0.09249011857707509,0.0,0.9059288537549407,0.1826086956521739,3.4405907776410083,0.8538807572667315,0.07351778656126483,1.0322748914566637,0.4269967165650524,0.03505154639175258
R5_aA_m0,R5,2,40,E,stochastic,unknown,E,,1414,1265,1265,2.288106679916382,0.0,0,4.954782344846615,0.7006416371244064,112.94283277296452,0.31067193675889326,0.0,0.6719367588932806,0.42371541501976284,3.4248780930905967,0.7889363439873364,0.06007905138339921,0.20250572614745802,0.06535982511885213,0.011029411764705883
R5_aA_m0,R5,2,41,E,stochastic,unknown,E,,1414,1265,1265,2.267679214477539,0.0,0,5.377375961955989,0.7510342001226527,133.71187756672344,0.2893280632411067,0.0,0.6901185770750988,0.4300395256916996,3.4070614755176405,0.7795110635983107,0.062450592885375494,0.225234410213572,0.07432183620501005,0.011152416356877323
R5_aA_m0,R5,2,42,E,stochastic,unknown,E,,1414,1265,1265,2.2858378887176514,0.0,0,3.016299954327577,0.2697924769964638,45.83492524018545,0.46561264822134385,0.0,0.5051383399209486,0.7494071146245059,3.3117660051676663,0.7748582249679516,0.06007905138339921,0.16633478140763902,0.09854692791222229,0.008787346221441126
R5_aA_m0,R5,2,43,E,stochastic,unknown,E,,1414,1265,1265,2.268470287322998,0.0,0,10.43070793755095,1.4786103254442535,664.4700982281677,0.09881422924901186,0.0,0.899604743083004,0.32885375494071145,3.4334903253117575,0.8071891894212576,0.06403162055335969,0.5150144410506037,0.29167294537164856,0.016260162601626018
R5_aA_m0,R5,2,44,E,stochastic,unknown,E,,1414,1265,1265,2.2884552478790283,0.0,0,9.441432500101213,1.2330812653196854,372.6924723718414,0.25533596837944667,0.0031620553359683794,0.7280632411067194,0.26324110671936757,3.4355666945598813,0.8009722352650953,0.06086956521739131,0.3341019393120651,0.12152015552396098,0.013513513513513514
R5_aA_m0,R5,2,45,E,stochastic,unknown,E,,1414,1265,1265,2.2816545963287354,0.0,0,13.089759062291831,1.5631835389397521,768.248999122398,0.09644268774703557,0.0,0.8988142292490119,0.24031620553359684,3.4148884002648106,0.8241996845573051,0.06956521739130435,0.7180210124064846,0.26693537205437684,0.03090507726269316
R5_aA_m0,R5,2,46,E,stochastic,unknown,E,,1414,1265,1265,2.3307204246520996,0.0,0,11.287721836691556,1.302204309315595,463.03138339631846,0.2766798418972332,0.015810276679841896,0.7185770750988142,0.2964426877470356,3.3745698583042008,0.8128185546911232,0.07272727272727272,0.4284061203513767,0.12350009589580803,0.019267822736030827
R5_aA_m0,R5,2,47,E,stochastic,unknown,E,,1414,1265,1265,2.2860729694366455,0.0,0,13.219252122962464,1.5405089872316098,753.1545212978335,0.23794466403162054,0.0,0.7494071146245059,0.3375494071146245,3.452666378760494,0.8199984333776132,0.07351778656126483,0.5997067158873343,0.16032763615914017,0.02880658436213992
R5_aA_m0,R5,2,48,E,stochastic,unknown,E,,1414,1265,1265,2.3317511081695557,0.0,0,12.386138402024024,1.5554011595694373,760.3746582811732,0.2458498023715415,0.0,0.7478260869565218,0.2490118577075099,3.4570162570141427,0.8258695634102399,0.07114624505928854,0.544200374510172,0.1515973083538887,0.027722772277227723
R5_aA_m0,R5,2,49,E,stochastic,unknown,E,,1414,1265,1265,2.246826410293579,0.0,0,15.630096354605874,1.7816419620463386,1100.7858704885182,0.08537549407114625,0.0,0.9106719367588932,0.015019762845849802,3.363755569383318,0.8535718222074541,0.07272727272727272,1.125811608223369,0.526158052778765,0.03556485355648536
R5_aB_m0,R5,0,0,E,stochastic,unknown,E,,1414,1265,1265,3.1509594917297363,0.0,0,1.960033991712427,0.16908081230213726,15.641837030085778,0.43636363636363634,0.0,0.4727272727272727,0.6735177865612648,2.198043443192555,0.6498889904037263,0.042687747035573126,0.2350755908149816,0.08881507983270064,0.0023612750885478157
R5_aB_m0,R5,0,1,E,stochastic,unknown,E,,1414,1265,1265,3.181033134460449,0.0,0,1.698908185723647,0.11271631728364875,14.610724119133938,0.5193675889328063,0.0,0.4474308300395257,0.7494071146245059,2.2196066756601556,0.6697523228441452,0.04189723320158103,0.2254279401639691,0.08328600395519899,0.0023501762632197414
R5_aB_m0,R5,0,2,E,stochastic,unknown,E,,1414,1265,1265,3.162740468978882,0.0,0,1.650369842374029,0.13388085625378404,14.153826234261123,0.4458498023715415,0.005533596837944664,0.48142292490118577,0.7098814229249012,2.183907827726898,0.6578707283324635,0.04110671936758893,0.2259652644505635,0.08407253808216944,0.002355712603062426
R5_aB_m0,R5,0,3,E,stochastic,unknown,E,,1414,1265,1265,3.177988052368164,0.0,0,2.2761799939616543,0.13355605534843695,18.199006783918474,0.45454545454545453,0.0,0.4505928853754941,0.525691699604743,2.184839732784061,0.6660819781232548,0.042687747035573126,0.2363073976870451,0.08734015938177106,0.002380952380952381
R5_aB_m0,R5,0,4,E,stochastic,unknown,E,,1414,1265,1265,3.202136278152466,0.0,0,2.444420403549771,0.14626057487148983,17.781133804638436,0.41106719367588934,0.0,0.5486166007905139,0.516205533596838,2.187772052968439,0.6703881364071775,0.04189723320158103,0.24778708982044664,0.07665643244714403,0.0035714285714285713
R5_aB_m0,R5,0,5,E,stochastic,unknown,E,,1414,1265,1265,3.1955175399780273,0.0,0,1.946433008374818,0.13007437933856064,13.534504873399772,0.5636363636363636,0.0,0.35731225296442687,0.6608695652173913,2.2258120767173253,0.6642703632645435,0.042687747035573126,0.2318532762614149,0.08650172879031305,0.002364066193853428
R5_aB_m0,R5,0,6,E,stochastic,unknown,E,,1414,1265,1265,3.1690633296966553,0.0,0,1.6778569425338492,0.13102796162582317,19.890138439155706,0.40632411067193674,0.003952569169960474,0.5739130434782609,0.6782608695652174,2.176209010242149,0.6919926894912867,0.03557312252964427,0.22335673998944122,0.08329672319766282,0.00234192037470726
R5_aB_m0,R5,0,7,E,stochastic,unknown,E,,1414,1265,1265,3.2138688564300537,0.0,0,2.0113992578054574,0.15746544968577406,15.484737605900893,0.43557312252964425,0.0,0.42450592885375493,0.7154150197628458,2.2070430310895786,0.6622099203956824,0.04110671936758893,0.23990405087095004,0.09350781061754866,0.002347417840375587
R5_aB_m0,R5,0,8,E,stochastic,unknown,E,,1414,1265,1265,3.2355377674102783,0.0,0,1.5316114417266091,0.12734997122173783,14.797922093390895,0.4426877470355731,0.0,0.45770750988142295,0.8679841897233201,2.2080701187395877,0.6495515336973102,0.04110671936758893,0.22297746395495785,0.08398350759271658,0.002336448598130841
R5_aB_m0,R5,0,9,E,stochastic,unknown,E,,1414,1265,1265,3.11700439453125,0.0,0,2.203850726986228,0.20382125503610612,19.377245652606604,0.2624505928853755,0.0,0.6980237154150197,0.5557312252964427,2.211212535545758,0.6661497462779379,0.042687747035573126,0.23015683609033427,0.08466228622009785,0.002352941176470588
R5_aB_m0,R5,0,10,E,stochastic,unknown,E,,1414,1265,1265,3.247997522354126,0.0,0,1.6556858600871136,0.15595542380900457,18.46466353554934,0.33992094861660077,0.0,0.6086956521739131,0.7343873517786561,2.180148095562349,0.6508216870963013,0.042687747035573126,0.22830335123835038,0.08544214842933372,0.002347417840375587
R5_aB_m0,R5,0,11,E,stochastic,unknown,E,,1414,1265,1265,3.226330041885376,0.0,0,2.8407237963059875,0.17167976210037753,37.34735396954147,0.25138339920948616,0.0,0.7312252964426877,0.591304347826087,2.263058011612003,0.7232375785688955,0.037944664031620556,0.2663211916165022,0.08799671118186639,0.0036363636363636364
R5_aB_m0,R5,0,12,E,stochastic,unknown,E,,1414,1265,1265,3.1849265098571777,0.0,0,2.567968628937089,0.16649975086643176,16.12407286924507,0.40632411067193674,0.0,0.5035573122529644,0.4553359683794466,2.243996571427481,0.6882058217879113,0.043478260869565216,0.2505640821103545,0.07828069277781198,0.003601440576230492
R5_aB_m0,R5,0,13,E,stochastic,unknown,E,,1414,1265,1265,3.1778812408447266,0.0,0,1.8037516454766218,0.13203482460736043,14.283332993136645,0.5035573122529644,0.0,0.4600790513833992,0.6948616600790514,2.222298062147272,0.6810099451719871,0.043478260869565216,0.22912764072455993,0.08610827031006847,0.0023501762632197414
R5_aB_m0,R5,0,14,E,stochastic,unknown,E,,1414,1265,1265,2.2969088554382324,0.0,0,2.1635445420471746,0.1880084697442341,17.10098579840953,0.26877470355731226,0.0,0.6758893280632411,0.5818181818181818,2.227953433080624,0.6627662219474741,0.042687747035573126,0.23155827215309271,0.08621282107511768,0.00234192037470726
R5_aB_m0,R5,0,15,E,stochastic,unknown,E,,1414,1265,1265,2.2915444374084473,0.0,0,1.8728948749770469,0.10562700201831708,16.925090201298175,0.4766798418972332,0.0,0.5051383399209486,0.7288537549407115,2.200932023995109,0.6659976866016608,0.042687747035573126,0.23222731638473296,0.08544216820135084,0.002355712603062426
R5_aB_m0,R5,0,16,E,stochastic,unknown,E,,1414,1265,1265,2.3132426738739014,0.0,0,2.3536648920834056,0.2067549865576841,18.76696976462607,0.21818181818181817,0.0,0.6616600790513834,0.541501976284585,2.2201137303218275,0.6601835844708512,0.04110671936758893,0.24796707598973947,0.08088379608172692,0.0035545023696682463
R5_aB_m0,R5,0,17,E,stochastic,unknown,E,,1414,1265,1265,3.2047085762023926,0.0,0,2.5512797395740128,0.1535521091770953,18.128342278906874,0.35810276679841896,0.0,0.4671936758893281,0.45375494071146244,2.207145620372819,0.6989292375851938,0.03636363636363636,0.24242956575191532,0.087579524732674,0.0024009603841536613
R5_aB_m0,R5,0,18,E,stochastic,unknown,E,,1414,1265,1265,2.298684597015381,0.0,0,1.3869417951821037,0.10174446197928352,14.466579430518653,0.5588932806324111,0.0,0.36363636363636365,0.8750988142292491,2.140078973980567,0.6490955254459755,0.04189723320158103,0.2258778058149424,0.08555632566905363,0.002333722287047841
R5_aB_m0,R5,0,19,E,stochastic,unknown,E,,1414,1265,1265,3.2392852306365967,0.0,0,2.456196537223335,0.16050333584764373,21.22195524488787,0.3438735177865613,0.0071146245059288534,0.5976284584980237,0.5193675889328063,2.182885127823156,0.7027073521952087,0.03636363636363636,0.24788471813322985,0.07371273825463294,0.003592814371257485
R5_aB_m0,R5,0,20,E,stochastic,unknown,E,,1414,1265,1265,2.3101139068603516,0.0,0,2.270941209383422,0.14031508449269828,15.562747234003796,0.5019762845849802,0.0,0.4324110671936759,0.5478260869565217,2.195431918690005,0.6603923297045075,0.042687747035573126,0.24486060349406089,0.07655494725804461,0.003579952267303103
R5_aB_m0,R5,0,21,E,stochastic,unknown,E,,1414,1265,1265,3.437872886657715,0.0,0,2.102805921822072,0.17497061774549577,17.227743624466513,0.31462450592885377,0.012648221343873518,0.6284584980237155,0.5454545454545454,2.2199735199749164,0.663888223002889,0.043478260869565216,0.2256302389940337,0.08218422950361214,0.002331002331002331
R5_aB_m0,R5,0,22,E,stochastic,unknown,E,,1414,1265,1265,2.3265206813812256,0.0,0,1.6543819519877994,0.10014959078634743,15.854932716405864,0.4474308300395257,0.0,0.49407114624505927,0.8355731225296442,2.1849756816744916,0.6494885262663195,0.04189723320158103,0.23387765939553035,0.09065565794835695,0.002325581395348837
R5_aB_m0,R5,0,23,E,stochastic,unknown,E,,1414,1265,1265,2.310548782348633,0.0,0,2.3900649423234204,0.13297120350533553,18.974366690213603,0.3731225296442688,0.017391304347826087,0.5565217391304348,0.6632411067193675,2.1869716618307873,0.6754729781965236,0.04189723320158103,0.24478114219283706,0.07602366192809727,0.003537735849056604
R5_aB_m0,R5,0,24,E,stochastic,unknown,E,,1414,1265,1265,3.4302446842193604,0.0,0,2.3473214093693096,0.14357363117623603,18.91870943905167,0.5296442687747036,0.0,0.416600790513834,0.675098814229249,2.2027129677914847,0.7111924921024482,0.03636363636363636,0.23816581075607104,0.08714760853764589,0.002372479240806643
R5_aB_m0,R5,0,25,E,stochastic,unknown,E,,1414,1265,1265,2.29842209815979,0.0,0,1.4540528580668577,0.09214952423626867,14.928446170322811,0.5470355731225296,0.015019762845849802,0.40711462450592883,0.824505928853755,2.179129048055199,0.6613487208132156,0.042687747035573126,0.22543139253041924,0.08342126180294017,0.002336448598130841
R5_aB_m0,R5,0,26,E,stochastic,unknown,E,,1414,1265,1265,3.166520118713379,0.0,0,1.696341017665971,0.10267443986148724,18.34925832419884,0.4743083003952569,0.0,0.47193675889328063,0.841106719367589,2.2256144860007403,0.670683400672774,0.04189723320158103,0.23392055014230898,0.09182074227507976,0.002306805074971165
R5_aB_m0,R5,0,27,E,stochastic,unknown,E,,1414,1265,1265,3.2002875804901123,0.0,0,2.775447352002782,0.16234620286878193,54.77728072774692,0.3241106719367589,0.0,0.6102766798418973,0.6102766798418973,2.264646585994105,0.7288957653207718,0.037944664031620556,0.2576064331579037,0.07840571912158346,0.003575685339690107
R5_aB_m0,R5,0,28,E,stochastic,unknown,E,,1414,1265,1265,3.214956283569336,0.0,0,1.819285650649711,0.1352700906809516,15.328004910824582,0.5351778656126482,0.010276679841897233,0.4134387351778656,0.6213438735177865,2.1790008806552006,0.6561040717765083,0.042687747035573126,0.22606635231999048,0.08334082311097982,0.00234192037470726
R5_aB_m0,R5,0,29,E,stochastic,unknown,E,,1414,1265,1265,2.330913543701172,0.0,0,1.8598996847427225,0.11676646006570564,14.842603410573165,0.47193675889328063,0.0,0.48221343873517786,0.7802371541501977,2.2100034693862196,0.6464467335162877,0.042687747035573126,0.23923294141549337,0.09027578764740235,0.0023501762632197414
R5_aB_m0,R5,0,30,E,stochastic,unknown,E,,1414,1265,1265,2.380580425262451,0.0,0,1.8241839192306624,0.18729652710656358,19.370148465178378,0.31462450592885377,0.0,0.6371541501976284,0.6798418972332015,2.2242209859743984,0.6594433321617852,0.04189723320158103,0.22898565520282818,0.08465143119844178,0.002336448598130841
R5_aB_m0,R5,0,31,E,stochastic,unknown,E,,1414,1265,1265,2.2777063846588135,0.0,0,2.114366954692254,0.14751556571730776,13.39146927671385,0.4474308300395257,0.0,0.45454545454545453,0.7241106719367589,2.227174547526932,0.6598971421660672,0.042687747035573126,0.24092019505357293,0.09056181884475428,0.002366863905325444
R5_aB_m0,R5,0,32,E,stochastic,unknown,E,,1414,1265,1265,3.1202619075775146,0.0,0,1.8579549680787137,0.14666702917286215,15.390481228213611,0.5185770750988142,0.0,0.4300395256916996,0.7747035573122529,2.196263961192421,0.6563143638328433,0.04110671936758893,0.2357154865085955,0.08743062006006522,0.002352941176470588
R5_aB_m0,R5,0,33,E,stochastic,unknown,E,,1414,1265,1265,3.151587963104248,0.0,0,1.7460163992013358,0.16208641667273607,16.90826439170742,0.4300395256916996,0.0,0.5343873517786562,0.7154150197628458,2.2230241525403347,0.6602289404998024,0.04189723320158103,0.230633244429028,0.08574588283322901,0.0023446658851113715
R5_aB_m0,R5,0,34,E,stochastic,unknown,E,,1414,1265,1265,3.142014265060425,0.0,0,2.19931065407372,0.13070505840064928,15.748729684940026,0.5312252964426878,0.0,0.39209486166007906,0.6845849802371542,2.1904555135867256,0.6583116097151714,0.042687747035573126,0.24611935189321987,0.0788360748606164,0.0035842293906810036
R5_aB_m0,R5,0,35,E,stochastic,unknown,E,,1414,1265,1265,3.168524742126465,0.0,0,2.409222327086017,0.13422423652456136,19.813598287889292,0.5264822134387351,0.0,0.3968379446640316,0.5486166007905139,2.174121501178967,0.6896882813809889,0.03557312252964427,0.2491006575994326,0.07671348246038166,0.0035842293906810036
R5_aB_m0,R5,0,36,E,stochastic,unknown,E,,1414,1265,1265,3.190690279006958,0.0,0,2.616305197408908,0.18107264642661408,19.61664129380311,0.3486166007905138,0.0,0.6126482213438735,0.46403162055335967,2.228939105750674,0.6836894738015599,0.04189723320158103,0.23618044331377444,0.08574414347703933,0.002386634844868735
R5_aB_m0,R5,0,37,E,stochastic,unknown,E,,1414,1265,1265,3.211240530014038,0.0,0,1.8305939154230828,0.16010836606729043,17.409485991096314,0.4007905138339921,0.0,0.5264822134387351,0.7114624505928854,2.199764178431334,0.6537693216157398,0.04110671936758893,0.232661743142848,0.09012668117450666,0.002347417840375587
R5_aB_m0,R5,0,38,E,stochastic,unknown,E,,1414,1265,1265,3.15179443359375,0.0,0,2.2562503372099356,0.1586072420803375,15.498184571741763,0.4853754940711462,0.0,0.4434782608695652,0.7106719367588933,2.2207659139905935,0.6497696619325998,0.04189723320158103,0.25067999955576514,0.08274833311880792,0.0035629453681710215
R5_aB_m0,R5,0,39,E,stochastic,unknown,E,,1414,1265,1265,2.2955117225646973,0.0,0,2.35150876879304,0.19094618391876494,16.82705958471059,0.40948616600790516,0.0015810276679841897,0.5462450592885375,0.5873517786561265,2.229664771798941,0.6675470561418829,0.042687747035573126,0.24149490130818524,0.09302386013929881,0.002347417840375587
R5_aB_m0,R5,0,40,E,stochastic,unknown,E,,1414,1265,1265,2.303879976272583,0.0,0,2.216801951095385,0.13645723789931033,17.988521555590474,0.49407114624505927,0.0,0.46877470355731227,0.583399209486166,2.2039182261022447,0.7000567655884101,0.03636363636363636,0.23582779398978654,0.08655546361566022,0.0023894862604540022
R5_aB_m0,R5,0,41,E,stochastic,unknown,E,,1414,1265,1265,3.1071383953094482,0.0,0,2.2506308778946202,0.1577952357039972,15.91057838879779,0.3849802371541502,0.011857707509881422,0.4956521739130435,0.4893280632411067,2.2186480340329653,0.6623091554029077,0.04189723320158103,0.23631830414338292,0.0840231440645203,0.002366863905325444
R5_aB_m0,R5,0,42,E,stochastic,unknown,E,,1414,1265,1265,2.322533130645752,0.0,0,1.82288254825034,0.12170695979366412,30.861763015715923,0.3841897233201581,0.0,0.5675889328063242,0.808695652173913,2.2191451878500708,0.6945912219122594,0.03636363636363636,0.2324230555584755,0.08801827728956481,0.002331002331002331
R5_aB_m0,R5,0,43,E,stochastic,unknown,E,,1414,1265,1265,3.215280294418335,0.0,0,2.3214949645783856,0.2171177961078994,25.212640682810367,0.2656126482213439,0.0,0.6988142292490118,0.5794466403162055,2.196490266628971,0.700544254798036,0.03636363636363636,0.23547000577280222,0.08690357269601584,0.002347417840375587
R5_aB_m0,R5,0,44,E,stochastic,unknown,E,,1414,1265,1265,2.3029696941375732,0.0,0,2.462850345506936,0.14312432637345512,17.584726939871,0.4972332015810277,0.0,0.4474308300395257,0.6181818181818182,2.200113903002449,0.6567985048918947,0.04189723320158103,0.25267775082202343,0.07970562476943586,0.003605769230769231
R5_aB_m0,R5,0,45,E,stochastic,unknown,E,,1414,1265,1265,3.2262284755706787,0.0,0,2.0673089652555854,0.14430747571148955,14.20982715174563,0.5296442687747036,0.0023715415019762848,0.38102766798418974,0.6268774703557313,2.226919670857858,0.66432797243455,0.042687747035573126,0.23484523976797136,0.08742844483929138,0.002372479240806643
R5_aB_m0,R5,0,46,E,stochastic,unknown,E,,1414,1265,1265,3.2354280948638916,0.0,0,2.466161868531534,0.13071016849103803,20.05766958053028,0.5272727272727272,0.0007905138339920949,0.43478260869565216,0.6434782608695652,2.1612107586027482,0.6959699399009954,0.03557312252964427,0.24955847893620875,0.07531499558446617,0.0036188178528347406
R5_aB_m0,R5,0,47,E,stochastic,unknown,E,,1414,1265,1265,2.3085665702819824,0.0,0,2.6891133381859182,0.15028125741175144,18.466768309844003,0.51699604743083,0.0,0.3865612648221344,0.43636363636363634,2.199808928865903,0.694234807991934,0.03636363636363636,0.257088698388031,0.08409447395699557,0.0036188178528347406
R5_aB_m0,R5,0,48,E,stochastic,unknown,E,,1414,1265,1265,3.237778425216675,0.0,0,2.6310773911825014,0.1707745448127239,20.773106393051414,0.37628458498023715,0.0,0.558102766798419,0.49486166007905136,2.176881444883096,0.6983192106824774,0.03636363636363636,0.2517224715359824,0.07906977977279629,0.003605769230769231
R5_aB_m0,R5,0,49,E,stochastic,unknown,E,,1414,1265,1265,2.3159759044647217,0.0,0,1.984035112441714,0.20912896592170568,18.814040850010233,0.20553359683794467,0.0,0.7233201581027668,0.7075098814229249,2.246203209817545,0.6796163828641403,0.04110671936758893,0.2386853488106716,0.09243312226826612,0.002347417840375587
R5_aB_m0,R5,1,0,E,stochastic,unknown,E,,1414,1265,1265,3.1805102825164795,0.0,0,1.8576122701068818,0.1643328822961545,15.432500754417347,0.45454545454545453,0.0,0.4616600790513834,0.7272727272727273,2.1988595841013607,0.6498163573380668,0.042687747035573126,0.23579120587135907,0.08916288224325333,0.002355712603062426
R5_aB_m0,R5,1,1,E,stochastic,unknown,E,,1414,1265,1265,2.3335185050964355,0.0,0,1.63980169271484,0.12225120100013996,14.571481318531003,0.51699604743083,0.0,0.4592885375494071,0.7217391304347827,2.219558193533792,0.6677404023303735,0.04189723320158103,0.22525496322160027,0.08398991455072545,0.00234192037470726
R5_aB_m0,R5,1,2,E,stochastic,unknown,E,,1414,1265,1265,2.362173080444336,0.0,0,1.6403103066417752,0.15467407485922724,15.353357815368135,0.4015810276679842,0.0,0.542292490118577,0.7454545454545455,2.185710684069364,0.6572076211763723,0.04110671936758893,0.22659776644880314,0.08669821707748546,0.0023446658851113715
R5_aB_m0,R5,1,3,E,stochastic,unknown,E,,1414,1265,1265,3.1785197257995605,0.0,0,2.5192974834871618,0.13962445228316464,21.815868390363697,0.3383399209486166,0.0,0.5391304347826087,0.6284584980237155,2.1849392810251325,0.7098669119535705,0.03715415019762846,0.23732011440710019,0.08738710176015826,0.002380952380952381
R5_aB_m0,R5,1,4,E,stochastic,unknown,E,,1414,1265,1265,2.2971718311309814,0.0,0,2.595837166877391,0.14769059359446451,18.51666874951632,0.40711462450592883,0.0,0.5217391304347826,0.48142292490118577,2.1875224630103896,0.6736058967436215,0.04189723320158103,0.24985210043533362,0.07652106915189354,0.0035842293906810036
R5_aB_m0,R5,1,5,E,stochastic,unknown,E,,1414,1265,1265,2.372116804122925,0.0,0,1.9289088571268047,0.14157576855589585,14.385788764966927,0.45770750988142295,0.0015810276679841897,0.44110671936758894,0.6387351778656126,2.2235732893450564,0.665791275866064,0.04189723320158103,0.23033948840220578,0.08713388152884427,0.0023446658851113715
R5_aB_m0,R5,1,6,E,stochastic,unknown,E,,1414,1265,1265,2.293755531311035,0.0,0,1.5935123347000721,0.13138845817419065,19.17112537422802,0.40632411067193674,0.003952569169960474,0.5359683794466403,0.6980237154150197,2.1763049386138507,0.6861395934891086,0.03636363636363636,0.22321053591524811,0.08364729263299363,0.002336448598130841
R5_aB_m0,R5,1,7,E,stochastic,unknown,E,,1414,1265,1265,3.195385694503784,0.0,0,2.096721657769332,0.19287478352481943,19.12115333749346,0.2276679841897233,0.0,0.6505928853754941,0.6229249011857707,2.206119746055177,0.6583961784118803,0.04110671936758893,0.24045675012999065,0.09558862606247903,0.00234192037470726
R5_aB_m0,R5,1,8,E,stochastic,unknown,E,,1414,1265,1265,3.2317397594451904,0.0,0,1.4697243674446179,0.13255403344620936,15.101082826061829,0.44189723320158103,0.0,0.5011857707509881,0.8877470355731225,2.2087157250535197,0.6489010910803434,0.04110671936758893,0.2232864638630424,0.08460655441477732,0.0023391812865497076
R5_aB_m0,R5,1,9,E,stochastic,unknown,E,,1414,1265,1265,3.169954776763916,0.0,0,1.9250930011737442,0.17828523846700356,21.29049091894112,0.20316205533596837,0.0,0.7422924901185771,0.649802371541502,2.216080396042425,0.6696558668316059,0.042687747035573126,0.2299040589245688,0.08631961715829811,0.002333722287047841
R5_aB_m0,R5,1,10,E,stochastic,unknown,E,,1414,1265,1265,3.1827707290649414,0.0,0,1.5685871417120185,0.16668902068140498,19.49027522046426,0.3383399209486166,0.006324110671936759,0.6284584980237155,0.7660079051383399,2.182475115889493,0.6511270203672678,0.042687747035573126,0.22740575970019858,0.0857218677004062,0.002336448598130841
R5_aB_m0,R5,1,11,E,stochastic,unknown,E,,1414,1265,1265,3.204554319381714,0.0,0,2.913688639114908,0.17596801211702787,69.86775472719484,0.13754940711462452,0.0,0.850592885375494,0.5810276679841897,2.2701815578635705,0.725726601228962,0.03873517786561265,0.2662294105706202,0.08844590309312807,0.0036231884057971015
R5_aB_m0,R5,1,12,E,stochastic,unknown,E,,1414,1265,1265,3.429973840713501,0.0,0,2.7063950071804768,0.16616959035692774,16.780887246051563,0.37470355731225297,0.0,0.5154150197628459,0.43715415019762843,2.2428302881061315,0.6915668397540309,0.043478260869565216,0.24594709896073685,0.07826362177771254,0.003575685339690107
R5_aB_m0,R5,1,13,E,stochastic,unknown,E,,1414,1265,1265,3.425440788269043,0.0,0,1.7386897451975578,0.135808908083563,14.283049581681391,0.5011857707509881,0.0015810276679841897,0.4608695652173913,0.708300395256917,2.2224238655087944,0.6798320872750866,0.043478260869565216,0.22900035382478626,0.08665270289056554,0.0023501762632197414
R5_aB_m0,R5,1,14,E,stochastic,unknown,E,,1414,1265,1265,2.3037221431732178,0.0,0,2.0824780514930126,0.18822349406169,17.18228823469935,0.2608695652173913,0.0,0.6687747035573123,0.6221343873517786,2.2287882581282266,0.6625202083011331,0.042687747035573126,0.23130710795741855,0.08654049995881248,0.002336448598130841
R5_aB_m0,R5,1,15,E,stochastic,unknown,E,,1414,1265,1265,2.2931807041168213,0.0,0,1.9934651891515052,0.1208363283723606,14.889362763642612,0.5889328063241107,0.0023715415019762848,0.36363636363636365,0.7636363636363637,2.1970976686495445,0.6619779936866496,0.042687747035573126,0.23388815177686922,0.0861260528530975,0.002352941176470588
R5_aB_m0,R5,1,16,E,stochastic,unknown,E,,1414,1265,1265,2.333404302597046,0.0,0,2.2688837043625636,0.20909857717143648,19.08895334687282,0.20790513833992094,0.0,0.7027667984189724,0.5897233201581028,2.221971138144765,0.6600238199020244,0.04110671936758893,0.24690812841836543,0.0818636763034044,0.0035335689045936395
R5_aB_m0,R5,1,17,E,stochastic,unknown,E,,1414,1265,1265,2.3072338104248047,0.0,0,2.703710476727718,0.1392417494179766,20.2163381178813,0.4901185770750988,0.0,0.4205533596837945,0.6260869565217392,2.21327659945243,0.7107646215995288,0.03636363636363636,0.25240975585640923,0.0782732236589063,0.0036231884057971015
R5_aB_m0,R5,1,18,E,stochastic,unknown,E,,1414,1265,1265,2.314084529876709,0.0,0,1.5122107695477172,0.12453413912901835,15.066715215468749,0.48853754940711464,0.0,0.45296442687747035,0.8885375494071146,2.142381877677486,0.6525709949550426,0.04110671936758893,0.22289066468716529,0.08947438521092195,0.0023148148148148147
R5_aB_m0,R5,1,19,E,stochastic,unknown,E,,1414,1265,1265,2.34635329246521,0.0,0,2.5195470228360666,0.14265897932450028,22.47824933721661,0.36284584980237156,0.0007905138339920949,0.6039525691699604,0.6513833992094862,2.190257303689786,0.713609672763131,0.03636363636363636,0.24843877989701746,0.07452360155897714,0.0035671819262782403
R5_aB_m0,R5,1,20,E,stochastic,unknown,E,,1414,1265,1265,2.3275134563446045,0.0,0,2.316637815486514,0.13085721243301723,15.526746825177051,0.5438735177865612,0.0,0.38814229249011856,0.6268774703557313,2.195688445076864,0.6632385349522509,0.042687747035573126,0.2442789872395197,0.07639637764462927,0.0035971223021582736
R5_aB_m0,R5,1,21,E,stochastic,unknown,E,,1414,1265,1265,2.3677761554718018,0.0,0,2.1733117949894165,0.17208552972117055,17.27681134764289,0.3090909090909091,0.014229249011857707,0.6363636363636364,0.509090909090909,2.220045503365284,0.6650713331946984,0.043478260869565216,0.22694874174055946,0.082546973729865,0.00234192037470726
R5_aB_m0,R5,1,22,E,stochastic,unknown,E,,1414,1265,1265,3.140099048614502,0.0,0,1.5976150139740029,0.1022099972418859,15.927004718578287,0.4450592885375494,0.0,0.5114624505928854,0.8893280632411067,2.1853984972359792,0.6487940168023341,0.04189723320158103,0.23494675772878237,0.09214221726341972,0.002328288707799767
R5_aB_m0,R5,1,23,E,stochastic,unknown,E,,1414,1265,1265,3.172281265258789,0.0,0,2.7109661725753575,0.1487188634937981,18.41087046382308,0.416600790513834,0.0,0.5146245059288538,0.4671936758893281,2.1783686197194037,0.6695776914784635,0.04189723320158103,0.2513692022947103,0.07840615077825779,0.0035971223021582736
R5_aB_m0,R5,1,24,E,stochastic,unknown,E,,1414,1265,1265,3.182457208633423,0.0,0,9.588129854973195,1.201076670878549,915.0371228162851,0.02450592885375494,0.0,0.9699604743083003,0.015810276679841896,2.2218950786619933,0.7881310546125181,0.03715415019762846,0.5748140033877702,0.31354224209659176,0.01843817787418655
R5_aB_m0,R5,1,25,E,stochastic,unknown,E,,1414,1265,1265,2.348256826400757,0.0,0,1.3896218066506159,0.09464353303337705,15.131035692128595,0.4679841897233202,0.011067193675889328,0.4442687747035573,0.850592885375494,2.179127133332033,0.660398404106824,0.042687747035573126,0.22502122858313145,0.08392394241175558,0.002331002331002331
R5_aB_m0,R5,1,26,E,stochastic,unknown,E,,1414,1265,1265,3.1976492404937744,0.0,0,1.6191958625560856,0.10447745450327585,15.219087462399742,0.4924901185770751,0.0,0.4671936758893281,0.9106719367588932,2.226020098030172,0.6697266291792353,0.04189723320158103,0.2332711731391027,0.09279925293727453,0.002290950744558992
R5_aB_m0,R5,1,27,E,stochastic,unknown,E,,1414,1265,1265,3.180004835128784,0.0,0,2.884130681726229,0.16526597037948002,23.296048514126063,0.39446640316205533,0.0,0.5296442687747036,0.5968379446640316,2.2640061009857413,0.7296393060840066,0.037944664031620556,0.26121155865084944,0.07936963411532909,0.0036101083032490976
R5_aB_m0,R5,1,28,E,stochastic,unknown,E,,1414,1265,1265,3.1998605728149414,0.0,0,1.8988627885098257,0.13605586704827682,15.50227574408427,0.5320158102766799,0.011857707509881422,0.4150197628458498,0.5897233201581028,2.178682703098658,0.6568666510511271,0.042687747035573126,0.2263898199669583,0.08347428238889552,0.00234192037470726
R5_aB_m0,R5,1,29,E,stochastic,unknown,E,,1414,1265,1265,3.1960697174072266,0.0,0,2.0252436578635855,0.14138393754774078,12.97163685910515,0.525691699604743,0.0,0.4126482213438735,0.6482213438735178,2.2088017255426466,0.6444178214476433,0.042687747035573126,0.23789302896586406,0.08921840062906036,0.002366863905325444
R5_aB_m0,R5,1,30,E,stochastic,unknown,E,,1414,1265,1265,3.136417865753174,0.0,0,1.8442452463507293,0.20443171971838972,20.705787327345963,0.2964426877470356,0.0,0.6529644268774704,0.6877470355731226,2.2250689215522788,0.6588001357924536,0.04189723320158103,0.23152276895623444,0.08567433641167475,0.002347417840375587
R5_aB_m0,R5,1,31,E,stochastic,unknown,E,,1414,1265,1265,2.292266607284546,0.0,0,2.2021245087972403,0.1852820751312536,15.87580366845094,0.3367588932806324,0.0,0.5557312252964427,0.558102766798419,2.225768749685311,0.6599981151130369,0.04189723320158103,0.24176603563870272,0.09070653444634903,0.0023894862604540022
R5_aB_m0,R5,1,32,E,stochastic,unknown,E,,1414,1265,1265,2.3804399967193604,0.0,0,1.8301224490680255,0.1621387479844526,16.5320193872842,0.4632411067193676,0.0,0.46561264822134385,0.7652173913043478,2.197287843368958,0.6550957783513741,0.04110671936758893,0.2356969690610048,0.08772634096720079,0.0023584905660377358
R5_aB_m0,R5,1,33,E,stochastic,unknown,E,,1414,1265,1265,3.205713987350464,0.0,0,1.7293818507760903,0.17348257518958501,17.969567220355124,0.4260869565217391,0.0,0.558102766798419,0.7304347826086957,2.223893635830612,0.6597928453447606,0.04189723320158103,0.23033842167420396,0.08618529119214928,0.0023446658851113715
R5_aB_m0,R5,1,34,E,stochastic,unknown,E,,1414,1265,1265,3.200347661972046,0.0,0,2.3026078647793997,0.1314237478935256,16.149059640569952,0.5383399209486166,0.0,0.40711462450592883,0.6711462450592885,2.1884752081415044,0.6596919220980836,0.042687747035573126,0.24798273165073295,0.08023266860154087,0.003575685339690107
R5_aB_m0,R5,1,35,E,stochastic,unknown,E,,1414,1265,1265,3.219256639480591,0.0,0,2.5577408705931624,0.13595570086231143,20.845328054430304,0.5470355731225296,0.0,0.4079051383399209,0.6039525691699604,2.176081460425192,0.6943029188827012,0.03557312252964427,0.24628171068139482,0.07681309516527675,0.003601440576230492
R5_aB_m0,R5,1,36,E,stochastic,unknown,E,,1414,1265,1265,3.1945977210998535,0.0,0,2.683524309332189,0.17005364141613988,29.229451487862264,0.26798418972332017,0.0,0.7043478260869566,0.6118577075098814,2.2555150270248996,0.7268487853284752,0.04031620553359684,0.23745258541429154,0.08708245076389243,0.002364066193853428
R5_aB_m0,R5,1,37,E,stochastic,unknown,E,,1414,1265,1265,3.2239389419555664,0.0,0,1.7953500033587293,0.15501096973482684,17.251282990909438,0.40632411067193674,0.0,0.5320158102766799,0.7683794466403162,2.199718946580403,0.6538723956289724,0.04110671936758893,0.23360117715485867,0.09185261657512353,0.0023501762632197414
R5_aB_m0,R5,1,38,E,stochastic,unknown,E,,1414,1265,1265,3.176563262939453,0.0,0,2.070633522982769,0.1707327726254605,16.18504876371119,0.4134387351778656,0.0,0.5272727272727272,0.6869565217391305,2.2224099342229455,0.6471716628827693,0.04189723320158103,0.24089616455486973,0.08978680766046124,0.002369668246445498
R5_aB_m0,R5,1,39,E,stochastic,unknown,E,,1414,1265,1265,3.192445755004883,0.0,0,2.309409678404476,0.19411183105762175,17.143655382151277,0.38181818181818183,0.0,0.574703557312253,0.5762845849802372,2.2331495988356056,0.6664465645211849,0.042687747035573126,0.24198408675868668,0.09630101084738767,0.002333722287047841
R5_aB_m0,R5,1,40,E,stochastic,unknown,E,,1414,1265,1265,3.225900411605835,0.0,0,2.316732093200148,0.12206498957306414,18.338323701781377,0.5177865612648221,0.0,0.4482213438735178,0.6679841897233202,2.2074078329120157,0.7047756765746891,0.03636363636363636,0.2368556464815795,0.08634368534509335,0.002380952380952381
R5_aB_m0,R5,1,41,E,stochastic,unknown,E,,1414,1265,1265,3.159555435180664,0.0,0,2.129717613391306,0.1256652636346268,16.65943065600611,0.4901185770750988,0.026877470355731226,0.425296442687747,0.6790513833992095,2.2259818331712498,0.6739713493399146,0.04189723320158103,0.23464910225908012,0.08289390534461993,0.0023612750885478157
R5_aB_m0,R5,1,42,E,stochastic,unknown,E,,1414,1265,1265,2.3066604137420654,0.0,0,1.815648914607235,0.13427942685414668,18.408518308105975,0.43873517786561267,0.0,0.4679841897233202,0.8237154150197629,2.217562902462937,0.6912699912769961,0.03636363636363636,0.2341800746410872,0.0904424310564301,0.0023446658851113715
R5_aB_m0,R5,1,43,E,stochastic,unknown,E,,1414,1265,1265,3.1945810317993164,0.0,0,2.1931260972824,0.2217912846791958,23.337453894806522,0.2608695652173913,0.0,0.7106719367588933,0.6118577075098814,2.1970290641148784,0.6613052251303458,0.04189723320158103,0.23482749238460693,0.08705208422565996,0.002352941176470588
R5_aB_m0,R5,1,44,E,stochastic,unknown,E,,1414,1265,1265,2.2934422492980957,0.0,0,2.5331782459008036,0.1424318293343271,17.9121193519378,0.5027667984189723,0.0,0.4450592885375494,0.6126482213438735,2.200871060212454,0.6589136724518924,0.04189723320158103,0.2532625459333319,0.07952535426652152,0.003605769230769231
R5_aB_m0,R5,1,45,E,stochastic,unknown,E,,1414,1265,1265,3.1850240230560303,0.0,0,1.8780410972030879,0.12282815477837479,12.694212545575947,0.6569169960474308,0.0,0.29960474308300394,0.799209486166008,2.2301738375640183,0.665917839034558,0.042687747035573126,0.23676501768728647,0.08981437909048641,0.002355712603062426
R5_aB_m0,R5,1,46,E,stochastic,unknown,E,,1414,1265,1265,2.329373598098755,0.0,0,2.5928684326531877,0.13148340282944748,21.216555178159414,0.5312252964426878,0.0007905138339920949,0.43399209486166007,0.6387351778656126,2.165273307706743,0.6977119160788978,0.03636363636363636,0.25157950963672115,0.07618342754753085,0.0036101083032490976
R5_aB_m0,R5,1,47,E,stochastic,unknown,E,,1414,1265,1265,2.2956724166870117,0.0,0,2.7552154332594547,0.15041044900261993,18.792882871721208,0.5359683794466403,0.0,0.391304347826087,0.4260869565217391,2.2012009348861734,0.6963726753365196,0.03636363636363636,0.2584192268854752,0.08368038182440223,0.0036407766990291263
R5_aB_m0,R5,1,48,E,stochastic,unknown,E,,1414,1265,1265,3.4523556232452393,0.0,0,2.6703191241457045,0.15801556355558316,44.02109594687573,0.3185770750988142,0.0,0.6411067193675889,0.6071146245059289,2.1899109313333733,0.7098458578898271,0.03715415019762846,0.2524108010088046,0.07944365557337194,0.0035714285714285713
R5_aB_m0,R5,1,49,E,stochastic,unknown,E,,1414,1265,1265,2.3559632301330566,0.0,0,1.9243463634511297,0.20183421952170263,19.376099642934097,0.14071146245059288,0.0,0.766798418972332,0.7407114624505929,2.2508916585397825,0.6823696245410178,0.04110671936758893,0.24209905530164144,0.09699512550927487,0.002352941176470588
R5_aB_m0,R5,2,0,E,stochastic,unknown,E,,1414,1265,1265,3.4578030109405518,0.0,0,1.875491081922662,0.17827539967746714,16.542709232143142,0.38814229249011856,0.0,0.51699604743083,0.7422924901185771,2.2002328259489636,0.649913813654789,0.042687747035573126,0.23521779103036244,0.09070258816875157,0.002355712603062426
R5_aB_m0,R5,2,1,E,stochastic,unknown,E,,1414,1265,1265,2.3116345405578613,0.0,0,1.5902000625598058,0.11514021657826887,13.92870895801729,0.5272727272727272,0.0,0.44031620553359685,0.7897233201581028,2.2206047998975214,0.6680931412230925,0.04189723320158103,0.2264651534549978,0.08484377603648029,0.00234192037470726
R5_aB_m0,R5,2,2,E,stochastic,unknown,E,,1414,1265,1265,2.3293066024780273,0.0,0,1.9786965722538572,0.16663962590058554,16.844343748326963,0.3422924901185771,0.0,0.5810276679841897,0.8395256916996048,2.183008198183558,0.6623112452878609,0.04031620553359684,0.23227747546531677,0.09206013748795211,0.0023228803716608595
R5_aB_m0,R5,2,3,E,stochastic,unknown,E,,1414,1265,1265,2.366034746170044,0.0,0,3.0403564120729896,0.14795643506892506,61.95298285334798,0.15573122529644268,0.0,0.7106719367588933,0.5707509881422925,2.1905287425993314,0.7255356681065208,0.037944664031620556,0.2503277056266394,0.08194711665507189,0.0035587188612099642
R5_aB_m0,R5,2,4,E,stochastic,unknown,E,,1414,1265,1265,2.3739516735076904,0.0,0,2.714494619754437,0.14451395476781712,19.078813699205796,0.4474308300395257,0.0,0.4743083003952569,0.45691699604743086,2.188141227977436,0.6781685199698836,0.04189723320158103,0.25158742123833416,0.07609837464021506,0.0036231884057971015
R5_aB_m0,R5,2,5,E,stochastic,unknown,E,,1414,1265,1265,2.2906932830810547,0.0,0,2.288975774784962,0.14021893175077588,14.392568026094514,0.449802371541502,0.0,0.4482213438735178,0.6387351778656126,2.2242396787220415,0.6643539992997953,0.042687747035573126,0.22482482112920757,0.08868547129148754,0.002325581395348837
R5_aB_m0,R5,2,6,E,stochastic,unknown,E,,1414,1265,1265,2.379173755645752,0.0,0,1.5735020886035145,0.1411770432810695,18.27495008229303,0.4023715415019763,0.018972332015810278,0.5731225296442688,0.6901185770750988,2.1754703695811095,0.6525721631292604,0.04110671936758893,0.22527482595433698,0.08294091001287696,0.002325581395348837
R5_aB_m0,R5,2,7,E,stochastic,unknown,E,,1414,1265,1265,3.1584343910217285,0.0,0,2.2137254207924144,0.17369245870554395,19.180848527905084,0.17628458498023716,0.0,0.7462450592885376,0.724901185770751,2.2056590580691937,0.6592080218927544,0.04110671936758893,0.24450935477967994,0.10350150791329712,0.00228310502283105
R5_aB_m0,R5,2,8,E,stochastic,unknown,E,,1414,1265,1265,3.171826124191284,0.0,0,1.4767166183509879,0.1312693012539112,14.989216047961722,0.4316205533596838,0.0,0.46877470355731227,0.9407114624505929,2.209055970789089,0.6489094247403034,0.04110671936758893,0.2213882040314982,0.08512714165963985,0.0023228803716608595
R5_aB_m0,R5,2,9,E,stochastic,unknown,E,,1414,1265,1265,3.160421133041382,0.0,0,2.1695223791061613,0.2198277154063259,21.053901959928652,0.22134387351778656,0.0,0.750197628458498,0.5992094861660079,2.2146835879776887,0.6654399433018748,0.042687747035573126,0.2307458300269163,0.08828860235335358,0.002336448598130841
R5_aB_m0,R5,2,10,E,stochastic,unknown,E,,1414,1265,1265,3.1861462593078613,0.0,0,1.8059968527702799,0.1633007142186955,19.69562098470882,0.3391304347826087,0.0,0.6252964426877471,0.7786561264822134,2.183071898520884,0.6544340145947057,0.042687747035573126,0.22524344961895337,0.09056194354603908,0.002333722287047841
R5_aB_m0,R5,2,11,E,stochastic,unknown,E,,1414,1265,1265,3.1389262676239014,0.0,0,3.031718588623797,0.19596827417585064,20.55590288426537,0.3359683794466403,0.0,0.6094861660079052,0.4031620553359684,2.246212378482469,0.6828063826260202,0.04110671936758893,0.2635029299161862,0.08460999264347213,0.0036452004860267314
R5_aB_m0,R5,2,12,E,stochastic,unknown,E,,1414,1265,1265,3.1272079944610596,0.0,0,2.927889221927515,0.15164560212191225,18.656277307711,0.33043478260869563,0.0,0.5620553359683794,0.5146245059288538,2.2419577513803914,0.7026465906576781,0.043478260869565216,0.24942842408330398,0.08027910562893256,0.0035545023696682463
R5_aB_m0,R5,2,13,E,stochastic,unknown,E,,1414,1265,1265,3.210472583770752,0.0,0,1.6670809113412273,0.1421187749194631,14.596655621428978,0.491699604743083,0.011067193675889328,0.4671936758893281,0.7470355731225297,2.221422145276235,0.6786891617319968,0.043478260869565216,0.2286412811137479,0.0878737639932008,0.00234192037470726
R5_aB_m0,R5,2,14,E,stochastic,unknown,E,,1414,1265,1265,3.220059871673584,0.0,0,1.9187424825524189,0.18588494804582434,16.919943526275222,0.30434782608695654,0.0,0.5984189723320158,0.6355731225296443,2.2288953547503825,0.6657412550621098,0.04189723320158103,0.23274930995240947,0.08609870627897451,0.00234192037470726
R5_aB_m0,R5,2,15,E,stochastic,unknown,E,,1414,1265,1265,3.227854013442993,0.0,0,2.27207049965055,0.1336075965919284,15.954666097255808,0.5130434782608696,0.012648221343873518,0.4276679841897233,0.7383399209486166,2.188922752026129,0.6600678317923561,0.042687747035573126,0.23802010431299417,0.09096942509955885,0.002331002331002331
R5_aB_m0,R5,2,16,E,stochastic,unknown,E,,1414,1265,1265,3.2304396629333496,0.0,0,2.1341889378314782,0.20137590467799782,18.64419967361012,0.22134387351778656,0.0,0.7090909090909091,0.6395256916996047,2.226043775063701,0.6609156740761359,0.04110671936758893,0.236188090306939,0.08880249427613279,0.002347417840375587
R5_aB_m0,R5,2,17,E,stochastic,unknown,E,,1414,1265,1265,3.2409656047821045,0.0,0,2.9848723716447343,0.1480342384673951,20.172636156291606,0.39920948616600793,0.014229249011857707,0.4909090909090909,0.425296442687747,2.2095606874977656,0.7062564450338714,0.03636363636363636,0.2452682399791872,0.09129746520683892,0.0023923444976076554
R5_aB_m0,R5,2,18,E,stochastic,unknown,E,,1414,1265,1265,3.197115898132324,0.0,0,2.5906840467407837,0.19735149563833235,21.252172408084007,0.3217391304347826,0.011857707509881422,0.6142292490118577,0.6426877470355731,2.139466381157524,0.6572264923725424,0.04110671936758893,0.22851493408280538,0.10111544277983875,0.0023014959723820483
R5_aB_m0,R5,2,19,E,stochastic,unknown,E,,1414,1265,1265,3.2180941104888916,0.0,0,2.9758634242200643,0.1612182908694341,39.97111184031329,0.2798418972332016,0.0,0.7067193675889328,0.532806324110672,2.187670833013524,0.7158845206238168,0.03715415019762846,0.2540125281181611,0.08001010902884143,0.0035460992907801418
R5_aB_m0,R5,2,20,E,stochastic,unknown,E,,1414,1265,1265,3.1755337715148926,0.0,0,2.532426011486776,0.13897875329130494,17.166769449921336,0.5225296442687747,0.0,0.41106719367588934,0.5928853754940712,2.195128700751878,0.667280976579685,0.042687747035573126,0.24454219399002836,0.07526143288754301,0.0036101083032490976
R5_aB_m0,R5,2,21,E,stochastic,unknown,E,,1414,1265,1265,2.3046939373016357,0.0,0,2.262567010654033,0.16631061321503157,16.96189476674995,0.350197628458498,0.009486166007905139,0.5810276679841897,0.549407114624506,2.219803345522805,0.6670177741251859,0.043478260869565216,0.22994372342433328,0.08415723254289226,0.0023612750885478157
R5_aB_m0,R5,2,22,E,stochastic,unknown,E,,1414,1265,1265,2.30806040763855,0.0,0,1.6101217976386393,0.11163335733973034,15.92110580790561,0.4324110671936759,0.0,0.532806324110672,0.9011857707509882,2.184918343194508,0.6484175809960941,0.04189723320158103,0.23692826938638148,0.09360863111474974,0.002331002331002331
R5_aB_m0,R5,2,23,E,stochastic,unknown,E,,1414,1265,1265,2.323676824569702,0.0,0,3.154245568547868,0.16615743545644568,20.59275697803485,0.34466403162055337,0.0,0.5699604743083004,0.3019762845849802,2.171992437352515,0.6726232502252858,0.04189723320158103,0.25484917555817654,0.08299148013159564,0.0035545023696682463
R5_aB_m0,R5,2,24,E,stochastic,unknown,E,,1414,1265,1265,2.3317830562591553,0.0,0,10.576790514830963,1.2623708718959397,1113.6367302955375,0.016600790513833993,0.0,0.9802371541501976,0.0,2.2286078123864046,0.7940333745190555,0.037944664031620556,0.6601181870491747,0.3703515741122718,0.018558951965065504
R5_aB_m0,R5,2,25,E,stochastic,unknown,E,,1414,1265,1265,2.355886936187744,0.0,0,1.4187695587306717,0.10076110211152674,15.37829010334172,0.48221343873517786,0.003952569169960474,0.4426877470355731,0.8766798418972332,2.1765383437122443,0.6596536564320225,0.042687747035573126,0.2266104955277166,0.08595723590951258,0.002333722287047841
R5_aB_m0,R5,2,26,E,stochastic,unknown,E,,1414,1265,1265,2.3125855922698975,0.0,0,1.4811431923556688,0.11258222602853449,14.359856734965597,0.5312252964426878,0.0,0.3897233201581028,0.9185770750988143,2.2269060207508904,0.6683391883705928,0.04189723320158103,0.23683152375706312,0.09394641772571685,0.002285714285714286
R5_aB_m0,R5,2,27,E,stochastic,unknown,E,,1414,1265,1265,3.1568167209625244,0.0,0,2.942057702788806,0.16299327180857007,24.322534505390006,0.42450592885375493,0.0,0.509090909090909,0.616600790513834,2.268246179011827,0.7278346149951357,0.039525691699604744,0.26334808142385824,0.0790945042810935,0.0036188178528347406
R5_aB_m0,R5,2,28,E,stochastic,unknown,E,,1414,1265,1265,2.3395493030548096,0.0,0,1.9325159471099482,0.10928293292972344,14.963703154786991,0.5778656126482213,0.023715415019762844,0.3691699604743083,0.7217391304347827,2.1811412204229996,0.6627304353328796,0.042687747035573126,0.22662086489524846,0.08275943519916365,0.002347417840375587
R5_aB_m0,R5,2,29,E,stochastic,unknown,E,,1414,1265,1265,2.372579336166382,0.0,0,2.555007188894682,0.14064135685121093,13.155414335685569,0.5122529644268775,0.0,0.42213438735177866,0.5359683794466403,2.204829153183677,0.6490348324694403,0.042687747035573126,0.23127119769995783,0.08744330742124404,0.002328288707799767
R5_aB_m0,R5,2,30,E,stochastic,unknown,E,,1414,1265,1265,2.955873966217041,0.0,0,1.8427199926367164,0.20632695757101116,21.580087606020935,0.2719367588932806,0.0,0.6869565217391305,0.7581027667984189,2.229185555093861,0.6602505260186896,0.04189723320158103,0.23263460280379358,0.08880269740246208,0.00234192037470726
R5_aB_m0,R5,2,31,E,stochastic,unknown,E,,1414,1265,1265,3.143317699432373,0.0,0,2.140370957744839,0.18243932979768057,15.502225976961572,0.3256916996047431,0.0,0.5786561264822134,0.6387351778656126,2.224135673052792,0.6601807624723273,0.04189723320158103,0.23845099133849018,0.09190681935860573,0.0023752969121140144
R5_aB_m0,R5,2,32,E,stochastic,unknown,E,,1414,1265,1265,2.4274003505706787,0.0,0,1.801052121412769,0.16062644038310084,16.616802040678618,0.4735177865612648,0.0,0.4608695652173913,0.8047430830039526,2.2002192453697593,0.6555440169914684,0.04110671936758893,0.23535174941829073,0.08929255594621278,0.002347417840375587
R5_aB_m0,R5,2,33,E,stochastic,unknown,E,,1414,1265,1265,2.821545362472534,0.0,0,1.7265772497457792,0.17006242921786385,17.861586214024975,0.40869565217391307,0.0,0.5652173913043478,0.7470355731225297,2.2252575562309294,0.6600773330788813,0.04189723320158103,0.23141508412558523,0.08711147635045302,0.002333722287047841
R5_aB_m0,R5,2,34,E,stochastic,unknown,E,,1414,1265,1265,2.2947537899017334,0.0,0,2.658255759125141,0.13950564916841196,17.403412105187737,0.48853754940711464,0.0,0.4490118577075099,0.5565217391304348,2.180405284531192,0.6617886830560736,0.042687747035573126,0.25358462533481435,0.0836299954633922,0.0035629453681710215
R5_aB_m0,R5,2,35,E,stochastic,unknown,E,,1414,1265,1265,3.0087730884552,0.0,0,2.923379967597725,0.14786706636845393,22.98989815797167,0.46956521739130436,0.0,0.48379446640316204,0.5446640316205533,2.171268061184187,0.6972159353517872,0.03557312252964427,0.2508180170423887,0.08054247959198176,0.003579952267303103
R5_aB_m0,R5,2,36,E,stochastic,unknown,E,,1414,1265,1265,2.341332197189331,0.0,0,3.109171979545134,0.18187274997639566,24.460873643514834,0.31146245059288535,0.0,0.6268774703557313,0.4023715415019763,2.244666622136712,0.7193168952417428,0.04031620553359684,0.25431153226213143,0.08074412537329459,0.003663003663003663
R5_aB_m0,R5,2,37,E,stochastic,unknown,E,,1414,1265,1265,3.1395843029022217,0.0,0,2.1534614034575577,0.17137640565526333,19.05698901192232,0.3525691699604743,0.0,0.6118577075098814,0.7272727272727273,2.193628802242242,0.6531659792730439,0.04110671936758893,0.23917307164634644,0.09752643420329954,0.00234192037470726
R5_aB_m0,R5,2,38,E,stochastic,unknown,E,,1414,1265,1265,2.8899307250976562,0.0,0,2.0837160136230497,0.1758145426037955,16.62129029580582,0.39209486166007906,0.0,0.549407114624506,0.7596837944664032,2.2216616808667315,0.6465321641544642,0.04189723320158103,0.24197011168914395,0.09178965903494582,0.0023752969121140144
R5_aB_m0,R5,2,39,E,stochastic,unknown,E,,1414,1265,1265,2.636286497116089,0.0,0,2.638173318243953,0.22900335133041544,21.94518134618207,0.052964426877470355,0.0,0.9011857707509882,0.36047430830039523,2.2281463160402613,0.6587282556594992,0.042687747035573126,0.24285642878309846,0.09920316358882027,0.0023121387283236996
R5_aB_m0,R5,2,40,E,stochastic,unknown,E,,1414,1265,1265,2.306347131729126,0.0,0,2.8024540184916487,0.13015831095562552,19.530355680315452,0.48695652173913045,0.0,0.46403162055335967,0.49486166007905136,2.204946555679161,0.706342612937342,0.03636363636363636,0.23863274249548647,0.08762794346647271,0.002366863905325444
R5_aB_m0,R5,2,41,E,stochastic,unknown,E,,1414,1265,1265,2.2364816665649414,0.0,0,2.3971912182005317,0.11509381388810369,25.488022449120056,0.49960474308300395,0.021343873517786563,0.4727272727272727,0.658498023715415,2.2266808647546017,0.6800615945338995,0.04189723320158103,0.23625078354825538,0.08199779140252811,0.002366863905325444
R5_aB_m0,R5,2,42,E,stochastic,unknown,E,,1414,1265,1265,2.8031067848205566,0.0,0,2.1609730522086408,0.14517720093051514,17.313110540424898,0.34782608695652173,0.0,0.5588932806324111,0.7264822134387352,2.208657113268289,0.650315431730825,0.04189723320158103,0.23832785264342932,0.09725414981463956,0.002306805074971165
R5_aB_m0,R5,2,43,E,stochastic,unknown,E,,1414,1265,1265,2.8450465202331543,0.0,0,2.0080487400919225,0.22313425495671735,24.48889919939689,0.25059288537549407,0.0,0.6529644268774704,0.6276679841897234,2.198590028717938,0.665959598653485,0.04110671936758893,0.23426401063997043,0.08688544291506232,0.0023584905660377358
R5_aB_m0,R5,2,44,E,stochastic,unknown,E,,1414,1265,1265,2.2403721809387207,0.0,0,2.692901429019852,0.13850208919877063,20.370094381537182,0.5146245059288538,0.0,0.43399209486166007,0.6094861660079052,2.2064575522851655,0.6983687209697419,0.03715415019762846,0.2541026098835861,0.07934493063944047,0.0036101083032490976
R5_aB_m0,R5,2,45,E,stochastic,unknown,E,,1414,1265,1265,2.539036750793457,0.0,0,1.7623781097754128,0.1154742894533404,14.094657610691087,0.558102766798419,0.0,0.391304347826087,0.7968379446640316,2.2321828411343043,0.6656307537867423,0.042687747035573126,0.23550105680856576,0.09350869884104554,0.002331002331002331
R5_aB_m0,R5,2,46,E,stochastic,unknown,E,,1414,1265,1265,2.8522331714630127,0.0,0,2.7408075676171486,0.14068204351958044,23.138000049638983,0.47193675889328063,0.0,0.47035573122529645,0.6308300395256917,2.1652421600335745,0.7021076390838298,0.03636363636363636,0.25472709416434347,0.07793093082667862,0.0036231884057971015
R5_aB_m0,R5,2,47,E,stochastic,unknown,E,,1414,1265,1265,2.3592028617858887,0.0,0,2.7972741230750717,0.15220313703350713,19.33284581896248,0.5201581027667984,0.0,0.4197628458498024,0.4205533596837945,2.2001219577014988,0.6973407405874874,0.03636363636363636,0.2547814303252443,0.0835479985452173,0.0036319612590799033
R5_aB_m0,R5,2,48,E,stochastic,unknown,E,,1414,1265,1265,2.974935531616211,0.0,0,2.9029073154618197,0.1681492926828296,26.370940006783027,0.3612648221343874,0.0,0.6142292490118577,0.5715415019762846,2.19137973843104,0.7107425534831454,0.037944664031620556,0.2562611753421853,0.08200202207031734,0.003575685339690107
R5_aB_m0,R5,2,49,E,stochastic,unknown,E,,1414,1265,1265,2.695033311843872,0.0,0,2.2668391655481743,0.2218343254672008,22.47770907639868,0.07905138339920949,0.0,0.8956521739130435,0.6173913043478261,2.253382015922141,0.68555662995816,0.04110671936758893,0.24797478502190223,0.10611987671804991,0.002325581395348837
